t,node,tel,ack_flag,policy,block,sent_gws,reject_reason,b1,b2,b3,score1,score2,score3,used_gw1,used_gw2,used_gw3,interferer
1790597561.85706,8,315,1,state-aware,11,2,,0.9915,0.9939,,0.9915,0.9939,,0,1,,OFF
1790597562.597152,2,250,1,state-aware,11,2,,0.9925,0.9942,,0.9925,0.9942,,0,2,,OFF
1790597562.8397052,7,323,1,state-aware,11,2,,0.9938,0.9941,,0.9938,0.9941,,0,3,,OFF
1790597564.4192283,1,317,1,state-aware,11,1,,0.9938,0.9899,,0.9938,0.9899,,1,3,,OFF
1790597571.6788995,6,322,1,state-aware,11,1,,0.2296,0.0302,,0.2296,0.0302,,2,3,,OFF
1790597572.257952,3,318,1,state-aware,11,2,,0.0,0.9,,0.0,0.9,,2,4,,OFF
1790597573.0942297,9,326,1,state-aware,11,1,,0.9915,0.9882,,0.9915,0.9882,,3,4,,OFF
1790597574.8364062,4,325,1,state-aware,11,1,,0.9932,0.9898,,0.9932,0.9898,,4,4,,OFF
1790597575.8528862,8,316,1,state-aware,11,2,,0.8689,0.9916,,0.8689,0.9263,,4,5,,OFF
1790597577.2258573,7,324,1,state-aware,11,2,,0.0029,0.0,,0.0029,0.1,,4,6,,OFF
1790597578.18544,5,320,0,state-aware,11,2,,0.9878,0.9931,,0.9878,0.9931,,4,7,,OFF
1790597581.1876104,2,251,0,state-aware,11,1,,0.9925,0.9926,,0.9925,0.9272,,5,7,,OFF
1790597583.1978724,10,316,0,state-aware,11,1,,0.0,0.0,,0.0,0.0,,6,7,,OFF
1790597586.51013,9,327,1,state-aware,11,2,,0.988,0.9925,,0.9233,0.9925,,6,8,,ON
1790597587.1210506,5,321,1,state-aware,11,1,,0.9703,0.9703,,0.9703,0.8752,,7,8,,ON
1790597587.6327329,4,326,1,state-aware,11,1,,0.9439,0.0,,0.8866,0.0,,8,8,,ON
1790597588.7517414,3,319,1,state-aware,11,2,,0.4675,0.9,,0.4675,0.8167,,8,9,,ON
1790597590.7436454,2,252,1,state-aware,11,2,,0.9925,0.9925,,0.8938,0.9271,,8,10,,ON
1790597591.2438662,7,325,1,state-aware,11,1,,0.9906,0.0,,0.9906,0.1943,,9,10,,ON
1790597592.7698474,1,319,1,state-aware,11,2,,0.9858,0.9931,,0.9858,0.9931,,9,11,,ON
1790597598.1977108,10,317,0,state-aware,11,1,,0.0,0.0,,0.0667,0.0,,10,11,,OFF
1790597600.9610949,4,327,1,state-aware,11,2,,0.9944,0.9914,,0.9045,0.9914,,10,12,,OFF
1790597602.9095762,5,322,1,state-aware,11,2,,0.0,0.0008,,0.0667,0.0673,,10,13,,OFF
1790597603.404786,6,324,1,state-aware,11,2,,0.9912,0.992,,0.9912,0.992,,10,14,,OFF
1790597603.705729,3,320,1,state-aware,11,1,,0.9937,0.0,,0.9937,0.0914,,11,14,,OFF
1790597604.5312822,7,326,1,state-aware,11,1,,0.9933,0.9915,,0.9278,0.9025,,12,14,,OFF
1790597605.1853187,8,318,1,state-aware,11,1,,0.9915,0.9925,,0.9915,0.9271,,13,14,,OFF
1790597606.6050735,2,253,1,state-aware,11,1,,0.9937,0.9914,,0.8948,0.8453,,14,14,,OFF
1790597607.203671,9,328,0,state-aware,11,1,,0.9925,0.9915,,0.9271,0.8929,,15,14,,OFF
1790597608.1537666,10,318,1,state-aware,11,2,,0.9941,0.9942,,0.8015,0.9942,,15,15,,OFF
1790597609.3495498,1,320,1,state-aware,11,1,,0.9931,0.9925,,0.9931,0.8937,,16,15,,OFF
1790597615.695747,5,323,1,state-aware,11,1,,0.9942,0.9925,,0.8951,0.8575,,17,15,,OFF
1790597617.7587905,9,329,1,state-aware,11,2,,0.9603,0.9792,,0.823,0.8826,,17,16,,OFF
1790597618.0544143,8,319,1,state-aware,11,2,,0.9925,0.9938,,0.9271,0.9282,,17,17,,OFF
1790597618.5532908,6,325,1,state-aware,11,1,,0.9901,0.9915,,0.9901,0.8929,,18,17,,OFF
1790597620.9442198,2,254,1,state-aware,11,1,,0.9942,0.9915,,0.8587,0.8454,,19,17,,OFF
1790597624.2154403,7,327,0,state-aware,11,2,,0.9835,0.9893,,0.8968,0.9009,,19,15,,OFF
1790597624.4307113,10,319,1,state-aware,11,2,,0.8804,0.8804,,0.7203,0.8004,,18,16,,OFF
1790597628.3262403,5,324,1,state-aware,11,1,,0.9915,0.9901,,0.8568,0.8558,,19,16,,OFF
1790597629.2200217,1,321,0,state-aware,11,2,,0.9933,0.9938,,0.8944,0.8948,,19,17,,OFF
1790597631.7118948,4,329,1,state-aware,11,2,,0.9932,0.9933,,0.9037,0.9933,,18,18,,OFF
1790597632.189715,8,320,1,state-aware,11,1,,0.9933,0.9933,,0.9277,0.9038,,19,18,,OFF
1790597632.82125,6,326,1,state-aware,11,2,,0.2867,0.9912,,0.3389,0.8927,,19,18,,OFF
1790597634.750988,7,328,1,state-aware,11,1,,0.9933,0.9901,,0.9038,0.8228,,19,18,,OFF
1790597636.594169,2,255,1,state-aware,11,2,,0.9925,0.9944,,0.7763,0.8474,,18,18,,OFF
1790597637.2066972,10,320,1,state-aware,11,2,,0.9933,0.9925,,0.8009,0.8575,,18,19,,OFF
1790597637.2228785,9,330,0,state-aware,11,2,,0.9932,0.9923,,0.8466,0.8573,,18,20,,OFF
1790597638.22492,3,322,0,state-aware,11,1,,0.9933,0.8535,,0.9933,0.7011,,19,18,,OFF
1790597641.0218081,1,322,1,state-aware,11,1,,0.9942,0.9942,,0.8951,0.8015,,20,18,,OFF
1790597642.9221923,5,325,1,state-aware,11,2,,0.9931,0.9937,,0.7767,0.8583,,19,19,,OFF
1790597645.1760561,4,330,1,state-aware,11,2,,0.9933,0.9719,,0.9038,0.9099,,18,20,,OFF
1790597645.656966,6,327,1,state-aware,11,1,,0.9912,0.9937,,0.926,0.8584,,19,20,,OFF
1790597648.0530114,7,329,1,state-aware,11,1,,0.8804,0.8804,,0.8293,0.7543,,18,19,,ON
1790597649.3870258,3,323,1,state-aware,11,2,,0.0,0.9743,,0.0667,0.7874,,18,19,,ON
1790597649.6890447,2,256,1,state-aware,11,2,,0.9925,0.9938,,0.7763,0.8401,,18,20,,ON
1790597650.2297945,8,321,0,state-aware,11,1,,0.9933,0.9925,,0.9038,0.9032,,19,20,,ON
1790597650.75253,10,321,1,state-aware,11,2,,0.9875,0.9925,,0.7968,0.8513,,19,20,,ON
1790597653.232314,9,331,0,state-aware,11,1,,0.9925,0.9925,,0.8461,0.7763,,19,19,,ON
1790597654.396142,1,323,1,state-aware,11,1,,0.9785,0.9942,,0.8475,0.8015,,20,19,,ON
1790597658.62735,4,331,1,state-aware,11,1,,0.7679,0.0,,0.7428,0.1943,,20,19,,ON
1790597659.7728322,6,328,1,state-aware,11,1,,0.0528,0.0,,0.232,0.1486,,21,19,,ON
1790597662.082736,7,330,1,state-aware,11,1,,0.0069,0.0,,0.3573,0.204,,22,18,,ON
1790597662.235959,5,326,0,state-aware,11,2,,0.0001,0.0,,0.1561,0.231,,22,19,,ON
1790597663.3166354,9,332,1,state-aware,11,1,,0.9651,0.0,,0.7472,0.156,,23,18,,OFF
1790597666.239542,8,322,0,state-aware,11,1,,0.0,0.0,,0.204,0.1943,,21,17,,OFF
1790597666.9326348,10,322,1,state-aware,11,1,,0.9933,0.9942,,0.8009,0.7713,,21,17,,OFF
1790597670.2417657,3,324,0,state-aware,11,2,,0.0008,0.9743,,0.0674,0.7049,,19,17,,OFF
1790597670.8927228,1,324,1,state-aware,11,2,,0.2527,0.9901,,0.3139,0.7987,,19,18,,OFF
1790597671.2014136,5,327,1,state-aware,11,1,,0.9914,0.9931,,0.7756,0.7708,,20,18,,OFF
1790597671.2429373,2,257,0,state-aware,11,1,,0.7935,0.6077,,0.652,0.5452,,21,18,,OFF
1790597671.9559693,4,332,1,state-aware,11,2,,0.9933,0.9924,,0.8998,0.9032,,21,19,,OFF
1790597672.6489453,6,329,1,state-aware,11,1,,0.9901,0.9925,,0.8978,0.8575,,22,19,,OFF
1790597675.7471738,7,331,1,state-aware,11,1,,0.9938,0.9942,,0.915,0.8254,,22,19,,OFF
1790597676.5180998,8,323,1,state-aware,11,2,,0.9933,0.9933,,0.7452,0.9038,,22,20,,OFF
1790597677.2604313,9,333,1,state-aware,11,2,,0.9925,0.9938,,0.7768,0.7771,,22,21,,OFF
1790597680.1349316,3,325,1,state-aware,11,1,,0.8804,0.9233,,0.8004,0.604,,22,19,,OFF
1790597680.63065,2,258,1,state-aware,11,2,,0.9925,0.9915,,0.6993,0.7585,,22,20,,OFF
1790597684.0305717,1,325,1,state-aware,11,2,,0.9942,0.9924,,0.7774,0.7912,,21,21,,UNKNOWN
1790597684.499818,5,328,1,state-aware,11,1,,0.9925,0.9925,,0.7882,0.7704,,22,19,,UNKNOWN
1790597685.2647848,10,323,0,state-aware,11,1,,0.9933,0.9926,,0.7918,0.7704,,23,19,,OFF
1790597686.443241,6,330,1,state-aware,11,2,,0.0,0.9925,,0.3534,0.8575,,23,20,,OFF
1790597687.1036115,4,333,1,state-aware,11,1,,0.9938,0.9924,,0.9001,0.8243,,24,20,,OFF
1790597689.4442847,7,332,1,state-aware,11,1,,0.9943,0.9942,,0.9259,0.8254,,24,19,,OFF
1790597692.4173615,8,324,1,state-aware,11,1,,0.9753,0.0097,,0.7353,0.2101,,24,18,,OFF
1790597693.5453115,2,259,1,state-aware,11,2,,0.9915,0.9933,,0.6988,0.7835,,24,18,,OFF
1790597694.337934,3,326,1,state-aware,11,1,,0.0,0.0,,0.1486,0.091,,25,18,,OFF
1790597694.9437544,10,324,1,state-aware,11,2,,0.9933,0.9925,,0.714,0.7704,,24,19,,OFF
1790597697.2921095,5,329,1,state-aware,11,1,,0.9932,0.9942,,0.8097,0.7713,,25,16,,OFF
1790597698.2700791,9,334,0,state-aware,11,1,,0.9915,0.9926,,0.7762,0.6993,,25,16,,OFF
1790597700.28673,1,326,1,state-aware,11,1,,0.9942,0.8822,,0.7774,0.6523,,26,16,,OFF
1790597701.0906403,4,334,1,state-aware,11,1,,0.9876,0.9883,,0.9021,0.8217,,26,16,,OFF
1790597702.4147813,6,331,1,state-aware,11,1,,0.9924,0.9943,,0.9047,0.7775,,27,16,,OFF
1790597703.2478514,7,333,1,state-aware,11,1,,0.9938,0.9937,,0.9363,0.8251,,28,15,,OFF
1790597705.992293,8,325,1,state-aware,11,2,,0.9933,0.9926,,0.7707,0.8244,,27,15,,OFF
1790597709.1279073,2,260,1,state-aware,11,2,,0.9938,0.9933,,0.7,0.811,,26,16,,OFF
1790597709.1694276,9,335,1,state-aware,11,2,,0.9925,0.9925,,0.6992,0.6993,,26,17,,OFF
1790597709.2102432,3,327,1,state-aware,11,1,,0.9933,0.7325,,0.8518,0.498,,27,17,,OFF
1790597709.6932185,10,325,1,state-aware,11,1,,0.9938,0.9924,,0.7142,0.6933,,28,15,,OFF
1790597711.6783218,5,330,1,state-aware,11,1,,0.9925,0.9944,,0.8335,0.7714,,28,14,,OFF
1790597714.0257514,1,327,1,state-aware,11,1,,0.9926,0.9926,,0.7882,0.7136,,28,14,,OFF
1790597716.138042,4,335,1,state-aware,11,1,,0.9867,0.9872,,0.9114,0.821,,28,14,,OFF
1790597717.305977,7,334,1,state-aware,11,1,,0.9933,0.9901,,0.9458,0.8228,,29,14,,OFF
1790597721.2791839,6,332,0,state-aware,11,1,,0.9938,0.9916,,0.915,0.7757,,28,14,,OFF
1790597722.033593,8,326,1,state-aware,11,1,,0.9938,0.9942,,0.771,0.7458,,29,14,,OFF
1790597722.9506834,9,336,1,state-aware,11,1,,0.9925,0.6198,,0.6991,0.543,,29,13,,OFF
1790597723.1044998,10,326,1,state-aware,11,1,,0.9942,0.9932,,0.743,0.6937,,30,13,,OFF
1790597723.6696684,3,328,1,state-aware,11,1,,0.9926,0.0002,,0.8593,0.0911,,30,13,,OFF
1790597724.6665633,5,331,1,state-aware,11,1,,0.9925,0.9926,,0.8573,0.7705,,31,13,,OFF
1790597728.2834525,2,261,0,state-aware,11,2,,0.9933,0.9942,,0.6998,0.8384,,29,14,,OFF
1790597728.9834602,4,336,1,state-aware,11,2,,0.0041,0.9931,,0.4758,0.8247,,29,15,,OFF
1790597729.5571957,1,328,1,state-aware,11,1,,0.9933,0.9938,,0.8098,0.7142,,30,15,,OFF
1790597730.7122173,7,335,1,state-aware,11,1,,0.9944,0.9933,,0.9548,0.8248,,31,14,,ON
1790597731.8233106,6,333,1,state-aware,11,1,,0.9925,0.9924,,0.816,0.7762,,30,13,,ON
1790597752.7336097,9,338,1,ewma,11,2,,0.9925,0.9,,0.5,0.5,,0,1,,OFF
1790597752.789019,3,330,1,ewma,11,2,,0.9853,0.5706,,0.5,0.5,,0,2,,OFF
1790597754.0415797,2,263,1,ewma,11,2,,0.9933,0.9944,,0.5,0.5,,0,3,,OFF
1790597757.8155234,4,338,1,ewma,11,1,,0.9933,0.9925,,0.5,0.5,,1,3,,OFF
1790597757.8595304,8,328,0,ewma,11,1,,0.9904,0.9862,,0.5,0.5,,2,3,,OFF
1790597757.8601906,5,333,0,ewma,11,2,,0.9,0.9896,,0.5,0.5,,2,4,,OFF
1790597759.2859113,7,337,1,ewma,11,1,,0.9942,0.9941,,0.5,0.5,,3,4,,OFF
1790597761.0033634,6,335,1,ewma,11,1,,0.002,0.9926,,0.5,0.5,,4,4,,OFF
1790597761.715965,1,330,1,ewma,11,2,,0.9924,0.9931,,0.5,0.5,,4,5,,OFF
1790597766.0196986,10,329,1,ewma,11,2,,0.9662,0.9929,,0.5,0.5,,4,6,,OFF
1790597766.6698396,3,331,1,ewma,11,2,,0.9926,0.98,,0.5,0.6,,4,7,,OFF
1790597767.1564605,2,264,1,ewma,11,2,,0.9933,0.9938,,0.5,0.6,,4,8,,OFF
1790597767.5883746,5,334,1,ewma,11,1,,0.9937,0.9925,,0.5,0.4,,5,8,,OFF
1790597768.2852714,8,329,1,ewma,11,2,,0.9914,0.9925,,0.4,0.5,,5,9,,OFF
1790597770.8640268,9,339,0,ewma,11,2,,0.9933,0.9862,,0.5,0.6,,5,10,,OFF
1790597773.9525428,6,336,1,ewma,11,1,,0.9925,0.9944,,0.6,0.5,,6,10,,OFF
1790597776.0669274,1,331,1,ewma,11,1,,0.9932,0.9925,,0.5,0.4,,7,10,,OFF
1790597780.2585113,2,265,1,ewma,11,2,,0.9933,0.9876,,0.5,0.68,,7,11,,OFF
1790597781.6749644,9,340,1,ewma,11,1,,0.9925,0.9933,,0.5,0.48,,8,11,,OFF
1790597782.1884787,8,330,1,ewma,11,2,,0.9915,0.9901,,0.4,0.6,,8,12,,OFF
1790597784.8680067,3,332,0,ewma,11,2,,0.0,0.9893,,0.5,0.68,,8,13,,ON
1790597788.6776347,6,337,1,ewma,11,1,,0.837,0.0,,0.68,0.5,,9,13,,ON
1790597788.712126,4,340,1,ewma,11,1,,0.0,0.0,,0.5,0.5,,10,13,,ON
1790597788.8688087,5,335,0,ewma,11,1,,0.9926,0.9925,,0.6,0.4,,11,13,,ON
1790597788.8692372,10,330,0,ewma,11,2,,0.0,0.9929,,0.5,0.6,,11,14,,ON
1790597791.1310208,1,332,1,ewma,11,2,,0.0,0.0,,0.4,0.4,,11,15,,ON
1790597793.8714654,7,339,0,ewma,11,1,,0.434,0.0,,0.5,0.5,,12,15,,ON
1790597796.3231936,10,331,1,ewma,11,1,,0.0,0.0,,0.5,0.48,,13,15,,ON
1790597796.3383534,9,341,1,ewma,11,1,,0.9933,0.9933,,0.6,0.48,,14,15,,ON
1790597801.8749437,2,266,0,ewma,11,2,,0.0,0.0,,0.5,0.744,,14,16,,ON
1790597801.8758976,5,336,0,ewma,11,1,,0.0,0.0,,0.48,0.4,,15,16,,ON
1790597801.8766108,3,333,0,ewma,11,2,,0.0,0.9893,,0.5,0.544,,15,17,,ON
1790597801.8776906,8,331,0,ewma,11,2,,0.0,0.0004,,0.4,0.48,,15,18,,ON
1790597802.1988592,4,341,1,ewma,11,1,,0.9809,0.6192,,0.6,0.5,,16,18,,ON
1790597802.6774125,6,338,1,ewma,11,1,,0.2474,0.0,,0.744,0.5,,17,18,,ON
1790597804.306862,7,340,1,ewma,11,2,,0.01,0.0,,0.4,0.5,,17,19,,ON
1790597806.3544402,1,333,1,ewma,11,1,,0.0304,0.3011,,0.4,0.32,,18,19,,OFF
1790597810.3482502,2,267,1,ewma,11,2,,0.9941,0.9925,,0.5,0.5952,,18,20,,OFF
1790597810.892709,9,342,1,ewma,11,1,,0.9925,0.9925,,0.68,0.48,,19,20,,OFF
1790597811.5838666,5,337,1,ewma,11,2,,0.0,0.8689,,0.384,0.4,,19,21,,OFF
1790597811.8265142,10,332,1,ewma,11,2,,0.0,0.0,,0.4,0.48,,19,22,,OFF
1790597812.0900142,3,334,1,ewma,11,1,,0.0,0.0,,0.5,0.4352,,20,22,,OFF
1790597817.0252335,4,342,1,ewma,11,1,,0.9933,0.9901,,0.68,0.5,,21,19,,OFF
1790597817.8855479,8,332,0,ewma,11,1,,0.9861,0.9896,,0.4,0.384,,20,18,,OFF
1790597818.4791694,6,339,1,ewma,11,1,,0.9931,0.9925,,0.5952,0.5,,21,18,,OFF
1790597819.1281152,7,341,1,ewma,11,2,,0.9931,0.9901,,0.4,0.4,,21,19,,OFF
1790597821.953395,1,334,1,ewma,11,1,,0.9925,0.9941,,0.52,0.32,,20,18,,OFF
1790597823.8324075,9,343,1,ewma,11,1,,0.9915,0.9933,,0.744,0.48,,21,18,,OFF
1790597823.966973,2,268,1,ewma,11,2,,0.9924,0.9925,,0.5,0.6762,,21,19,,OFF
1790597825.0799918,5,338,1,ewma,11,2,,0.994,0.9938,,0.384,0.52,,21,20,,OFF
1790597825.4124866,10,333,1,ewma,11,2,,0.9911,0.9895,,0.4,0.584,,21,21,,OFF
1790597826.82924,8,333,1,ewma,11,2,,0.9914,0.9933,,0.32,0.384,,21,20,,OFF
1790597827.5865443,3,335,1,ewma,11,1,,0.9915,0.7814,,0.6,0.4352,,22,19,,OFF
1790597831.693013,4,343,1,ewma,11,1,,0.9933,0.9901,,0.544,0.5,,22,17,,OFF
1790597832.7020543,6,340,1,ewma,11,1,,0.9915,0.9925,,0.6762,0.5,,23,17,,OFF
1790597834.5193024,7,342,1,ewma,11,1,,0.9942,0.9932,,0.4,0.32,,23,17,,OFF
1790597835.6555245,1,335,1,ewma,11,1,,0.9933,0.9938,,0.416,0.32,,24,17,,OFF
1790597837.4303284,9,344,1,ewma,11,1,,0.9899,0.8946,,0.7952,0.48,,24,17,,OFF
1790597837.6907537,2,269,1,ewma,11,2,,0.9925,0.9933,,0.5,0.7409,,24,18,,OFF
1790597839.524521,10,334,1,ewma,11,2,,0.9925,0.9925,,0.4,0.6672,,24,19,,ON
1790597840.4479384,3,336,1,ewma,11,1,,0.9926,0.1233,,0.68,0.4352,,25,18,,ON
1790597846.1070852,4,344,1,ewma,11,1,,0.7125,0.0,,0.6352,0.5,,25,16,,ON
1790597846.8936338,8,334,0,ewma,11,2,,0.9925,0.9938,,0.32,0.5072,,25,17,,ON
1790597847.1059704,6,341,1,ewma,11,1,,0.988,0.9925,,0.7409,0.5,,26,17,,ON
1790597847.889261,7,343,1,ewma,11,1,,0.9461,0.9932,,0.52,0.32,,27,17,,ON
1790597852.4269583,1,336,1,ewma,11,1,,0.0009,0.9458,,0.3328,0.32,,25,15,,ON
1790597853.9255872,9,345,1,ewma,11,1,,0.9829,0.8946,,0.8362,0.48,,25,15,,ON
1790597853.9668667,10,335,1,ewma,11,2,,0.0,0.385,,0.4,0.7338,,25,16,,ON
1790597860.4917424,6,342,1,ewma,11,1,,0.0415,0.0,,0.7927,0.5,,24,16,,ON
1790597861.0334911,4,345,1,ewma,11,1,,0.9702,0.0,,0.7082,0.5,,25,16,,ON
1790597861.9029925,3,337,0,ewma,11,1,,0.0,0.1233,,0.544,0.4352,,25,13,,ON
1790597862.3166895,7,344,1,ewma,11,1,,0.9656,0.9932,,0.616,0.32,,25,13,,ON
1790597865.4880958,1,337,1,ewma,11,1,,0.8887,0.8689,,0.4662,0.32,,25,12,,OFF
1790597867.2015157,2,271,1,ewma,11,2,,0.0,0.9874,,0.5,0.7409,,24,13,,OFF
1790597867.9982946,9,346,1,ewma,11,1,,0.9932,0.9934,,0.6689,0.48,,25,13,,OFF
1790597869.4349172,5,341,1,ewma,11,2,,0.9915,0.9901,,0.384,0.52,,25,14,,OFF
1790597870.9904892,8,336,1,ewma,11,2,,0.9915,0.9901,,0.32,0.5072,,24,14,,OFF
1790597872.4055214,3,338,1,ewma,11,1,,0.9925,0.9925,,0.4352,0.4352,,24,12,,OFF
1790597873.9991648,4,346,1,ewma,11,1,,0.9933,0.9914,,0.7665,0.5,,25,12,,OFF
1790597874.912299,10,336,0,ewma,11,2,,0.8804,0.9296,,0.4,0.787,,25,13,,OFF
1790597874.997468,6,343,1,ewma,11,1,,0.0,0.0,,0.8342,0.5,,26,13,,OFF
1790597880.91526,7,345,0,ewma,11,1,,0.9921,0.9933,,0.6928,0.32,,24,12,,OFF
1790597881.1151912,1,338,1,ewma,11,1,,0.9524,0.6548,,0.373,0.32,,25,12,,OFF
1790597881.6473842,2,272,1,ewma,11,2,,0.9942,0.9933,,0.5,0.7927,,25,13,,OFF
1790597882.339203,5,342,1,ewma,11,2,,0.9926,0.9915,,0.384,0.616,,24,14,,OFF
1790597883.8873162,9,347,1,ewma,11,1,,0.9799,0.0,,0.5351,0.48,,24,14,,OFF
1790597884.7208824,8,337,1,ewma,11,2,,0.9915,0.9915,,0.32,0.6058,,24,14,,OFF
1790597886.9808774,3,339,1,ewma,11,1,,0.9461,0.8447,,0.5482,0.4352,,25,11,,OFF
1790597887.5101726,4,347,1,ewma,11,1,,0.9933,0.9901,,0.8132,0.5,,26,11,,OFF
1790597888.2994156,6,344,1,ewma,11,1,,0.9924,0.9924,,0.8674,0.5,,26,11,,OFF
1790597889.920714,10,337,0,ewma,11,2,,0.9937,0.9899,,0.4,0.6296,,26,12,,OFF
1790597891.5099363,7,346,1,ewma,11,1,,0.9915,0.9933,,0.5542,0.32,,27,12,,OFF
1790597895.7166877,5,343,1,ewma,11,2,,0.9925,0.9925,,0.384,0.6928,,23,13,,OFF
1790597895.8668542,2,273,1,ewma,11,2,,0.9935,0.9942,,0.5,0.8342,,23,14,,OFF
1790597897.3698864,1,339,1,ewma,11,2,,0.9485,0.99,,0.2984,0.32,,23,15,,OFF
1790597899.6553633,10,338,1,ewma,11,2,,0.9938,0.9942,,0.4,0.5037,,22,14,,OFF
1790597901.068083,3,340,1,ewma,11,1,,0.9937,0.9876,,0.6385,0.4352,,22,14,,OFF
1790597902.0089586,4,348,1,ewma,11,1,,0.9938,0.9915,,0.8506,0.5,,23,14,,OFF
1790597902.5688243,6,345,1,ewma,11,1,,0.9914,0.9938,,0.8939,0.5,,24,14,,OFF
1790597902.9269798,8,338,0,ewma,11,2,,0.9914,0.99,,0.32,0.6846,,24,15,,OFF
1790597904.5925221,7,347,1,ewma,11,1,,0.9938,0.9901,,0.6434,0.32,,25,15,,OFF
1790597908.506224,5,344,1,ewma,11,2,,0.9942,0.9933,,0.384,0.7542,,22,15,,OFF
1790597909.0745149,2,274,1,ewma,11,2,,0.9941,0.9942,,0.5,0.8674,,22,16,,OFF
1790597911.3675063,1,340,1,ewma,11,2,,0.9915,0.9933,,0.2984,0.456,,22,17,,OFF
1790597912.7579074,9,349,1,ewma,11,1,,0.9915,0.9938,,0.5351,0.48,,22,17,,ON
1790597913.4930983,8,339,1,ewma,11,2,,0.9915,0.9925,,0.32,0.5477,,22,18,,ON
1790597914.2886975,10,339,1,ewma,11,2,,0.9944,0.9944,,0.4,0.6029,,21,18,,ON
1790597915.5571852,3,341,1,ewma,11,1,,0.8312,0.9876,,0.7108,0.4352,,22,18,,ON
1790597919.324947,7,348,1,ewma,11,1,,0.9936,0.9901,,0.7147,0.32,,23,18,,ON
1790597920.9349532,4,349,0,ewma,11,1,,0.9938,0.99,,0.8805,0.5,,23,18,,ON
1790597921.9370124,6,346,0,ewma,11,1,,0.0,0.0,,0.9151,0.5,,22,18,,ON
1790597924.4272428,1,341,1,ewma,11,2,,0.9911,0.9933,,0.2984,0.5648,,21,19,,ON
1790597943.5542638,10,341,1,belief-only,11,2,,0.993,0.9932,,0.993,0.9932,,0,1,,OFF
1790597943.9756143,8,341,1,belief-only,11,2,,0.9924,0.9924,,0.9924,0.9924,,0,2,,OFF
1790597948.5022914,7,350,1,belief-only,11,2,,0.9855,0.989,,0.9855,0.989,,0,3,,OFF
1790597952.5044448,4,351,0,belief-only,11,2,,0.9878,0.9942,,0.9878,0.9942,,0,4,,OFF
1790597952.7995546,2,277,1,belief-only,11,2,,0.9915,0.9933,,0.9915,0.9933,,0,5,,OFF
1790597953.507816,3,343,0,belief-only,11,1,,0.9931,0.993,,0.9931,0.993,,1,5,,OFF
1790597953.5088043,6,348,0,belief-only,11,1,,0.9878,0.9878,,0.9878,0.9878,,2,5,,OFF
1790597954.048337,5,347,1,belief-only,11,2,,0.9933,0.9938,,0.9933,0.9938,,2,6,,OFF
1790597955.4581804,1,343,1,belief-only,11,1,,0.9924,0.9899,,0.9924,0.9899,,3,6,,OFF
1790597957.8108535,9,352,1,belief-only,11,2,,0.9882,0.9916,,0.9882,0.9916,,3,7,,OFF
1790597959.6580057,8,342,1,belief-only,11,2,,0.0,0.0,,0.0,0.0,,3,8,,OFF
1790597960.2253125,10,342,1,belief-only,11,2,,0.9932,0.9942,,0.9932,0.9942,,3,9,,OFF
1790597962.2581449,4,352,1,belief-only,11,1,,0.9938,0.9938,,0.9938,0.9938,,4,9,,OFF
1790597962.767869,3,344,1,belief-only,11,1,,0.9925,0.988,,0.9925,0.988,,5,9,,OFF
1790597964.0982683,6,349,1,belief-only,11,2,,0.0,0.0511,,0.0,0.0511,,5,10,,OFF
1790597965.4827275,2,278,1,belief-only,11,1,,0.9944,0.9925,,0.9944,0.9925,,6,10,,OFF
1790597969.1738703,5,348,1,belief-only,11,1,,0.9925,0.9915,,0.9925,0.9915,,7,10,,OFF
1790597969.5574906,1,344,1,belief-only,11,1,,0.9944,0.9942,,0.9944,0.9942,,8,10,,OFF
1790597970.5182824,7,351,0,belief-only,11,1,,0.9933,0.9915,,0.9933,0.9915,,9,10,,OFF
1790597972.2515805,9,353,1,belief-only,11,2,,0.9901,0.9915,,0.9901,0.9915,,9,11,,OFF
1790597976.3523457,4,353,1,belief-only,11,2,,0.9801,0.9931,,0.9801,0.9931,,9,12,,OFF
1790597977.2717059,6,350,1,belief-only,11,2,,0.9925,0.9942,,0.9925,0.9942,,9,13,,OFF
1790597978.4991913,2,279,1,belief-only,11,2,,0.9915,0.9933,,0.9915,0.9933,,9,14,,OFF
1790597978.5206409,8,343,0,belief-only,11,2,,0.0055,0.0365,,0.0055,0.0365,,9,15,,OFF
1790597979.5229747,10,343,0,belief-only,11,2,,0.9915,0.9942,,0.9915,0.9942,,9,16,,OFF
1790597979.6342423,7,352,1,belief-only,11,2,,0.9926,0.9933,,0.9926,0.9933,,9,17,,OFF
1790597982.5252776,3,345,0,belief-only,11,1,,0.9941,0.9912,,0.9941,0.9912,,10,17,,OFF
1790597983.10274,5,349,1,belief-only,11,2,,0.9915,0.9932,,0.9915,0.9932,,10,18,,OFF
1790597983.8129606,1,345,1,belief-only,11,2,,0.9856,0.9938,,0.9856,0.9938,,10,19,,OFF
1790597985.1955054,9,354,1,belief-only,11,2,,0.9925,0.9925,,0.9925,0.9925,,10,20,,ON
1790597988.1552203,8,344,1,belief-only,11,2,,0.0,0.0029,,0.0,0.0029,,10,21,,ON
1790597989.895635,10,344,1,belief-only,11,2,,0.0,0.0,,0.0,0.0,,10,22,,ON
1790597990.9981735,6,351,1,belief-only,11,1,,0.0118,0.0,,0.0118,0.0,,11,22,,ON
1790597992.3044796,2,280,1,belief-only,11,2,,0.0,0.0029,,0.0,0.0029,,11,23,,ON
1790597993.8168275,4,354,1,belief-only,11,2,,0.9914,0.9931,,0.9914,0.9931,,11,24,,ON
1790597994.9928892,7,353,1,belief-only,11,1,,0.9942,0.9933,,0.9942,0.9933,,12,24,,ON
1790597998.7986372,1,346,1,belief-only,11,2,,0.0,0.001,,0.0,0.001,,12,25,,OFF
1790597999.529704,3,346,0,belief-only,11,1,,0.9916,0.9912,,0.9916,0.9912,,13,25,,OFF
1790598000.2620695,9,355,1,belief-only,11,1,,0.9941,0.9925,,0.9941,0.9925,,14,25,,OFF
1790598002.5317028,5,350,0,belief-only,11,2,,0.9914,0.9932,,0.9914,0.9932,,14,26,,OFF
1790598003.9213042,8,345,1,belief-only,11,2,,0.9932,0.9943,,0.9932,0.9943,,14,26,,OFF
1790598005.1414173,10,345,1,belief-only,11,2,,0.0,0.9938,,0.0,0.9938,,14,26,,OFF
1790598005.7217767,6,352,1,belief-only,11,2,,0.0118,0.9938,,0.0118,0.9938,,14,27,,OFF
1790598006.8459046,3,347,1,belief-only,11,1,,0.9916,0.0016,,0.9916,0.0016,,15,27,,OFF
1790598007.3054285,2,281,1,belief-only,11,2,,0.0,0.9911,,0.0,0.9911,,15,28,,OFF
1790598007.7144485,4,355,1,belief-only,11,2,,0.9932,0.9933,,0.9932,0.9933,,15,29,,OFF
1790598009.2123868,7,354,1,belief-only,11,1,,0.9915,0.9915,,0.9915,0.9915,,16,28,,OFF
1790598012.5750036,5,351,1,belief-only,11,1,,0.9933,0.9932,,0.9933,0.9932,,17,27,,OFF
1790598012.7279472,1,347,1,belief-only,11,2,,0.9915,0.9933,,0.9915,0.9933,,17,28,,OFF
1790598013.303641,9,356,1,belief-only,11,2,,0.9915,0.9941,,0.9915,0.9941,,17,28,,OFF
1790598019.3504283,8,346,1,belief-only,11,1,,0.9932,0.9916,,0.9932,0.9916,,15,26,,OFF
1790598019.5620584,10,346,1,belief-only,11,1,,0.9938,0.9912,,0.9938,0.9912,,16,26,,OFF
1790598021.123744,6,353,1,belief-only,11,2,,0.0858,0.9899,,0.0858,0.9899,,16,25,,OFF
1790598021.539555,2,282,1,belief-only,11,2,,0.9914,0.9916,,0.9914,0.9916,,16,26,,OFF
1790598023.7880683,4,356,1,belief-only,11,2,,0.9932,0.9938,,0.9932,0.9938,,14,27,,ON
1790598025.1033163,7,355,1,belief-only,11,2,,0.9925,0.9937,,0.9925,0.9937,,14,27,,ON
1790598028.0753605,9,357,1,belief-only,11,1,,0.9761,0.0,,0.9761,0.0,,14,27,,ON
1790598033.543881,1,348,0,belief-only,11,2,,0.714,0.9933,,0.714,0.9933,,11,27,,ON
1790598033.5445414,5,352,0,belief-only,11,2,,0.0,0.9932,,0.0,0.9932,,11,28,,ON
1790598034.7566025,10,347,1,belief-only,11,2,,0.9005,0.9912,,0.9005,0.9912,,11,29,,ON
1790598040.547815,2,283,0,belief-only,11,1,,0.9914,0.0002,,0.9914,0.0002,,12,23,,ON
1790598042.54924,6,354,0,belief-only,11,1,,0.0002,0.0,,0.0002,0.0,,12,23,,ON
1790598043.9108613,7,356,1,belief-only,11,2,,0.9654,0.9937,,0.9654,0.9937,,12,22,,ON
1790598043.9512517,4,357,1,belief-only,11,2,,0.1618,0.9938,,0.1618,0.9938,,12,23,,ON
1790598043.9703817,9,358,1,belief-only,11,1,,0.9466,0.0,,0.9466,0.0,,13,23,,ON
1790598043.9872522,1,349,1,belief-only,11,2,,0.0,0.9933,,0.0,0.9933,,13,24,,ON
1790598049.5521162,3,349,0,belief-only,11,2,,0.0,0.0016,,0.0,0.0016,,13,23,,OFF
1790598053.6021857,3,350,1,belief-only,11,1,,0.9915,0.9914,,0.9915,0.9914,,13,21,,OFF
1790598054.1002853,6,355,1,belief-only,11,1,,0.9914,0.9914,,0.9914,0.9914,,14,20,,OFF
1790598055.725683,7,357,1,belief-only,11,2,,0.9883,0.9902,,0.9883,0.9902,,13,21,,OFF
1790598056.2780287,4,358,1,belief-only,11,2,,0.9931,0.994,,0.9931,0.994,,13,22,,OFF
1790598057.5589936,2,284,0,belief-only,11,1,,0.9925,0.89,,0.9925,0.89,,14,22,,OFF
1790598057.5601707,10,348,0,belief-only,11,2,,0.0,0.0,,0.0,0.0,,14,23,,OFF
1790598058.5806754,9,359,1,belief-only,11,1,,0.1263,0.0,,0.1263,0.0,,15,23,,OFF
1790598060.0016289,1,350,1,belief-only,11,1,,0.0008,0.0,,0.0008,0.0,,15,22,,OFF
1790598060.0220644,5,354,1,belief-only,11,2,,0.9857,0.9875,,0.9857,0.9875,,15,23,,OFF
1790598064.008838,8,349,1,belief-only,11,2,,0.9932,0.9941,,0.9932,0.9941,,14,22,,OFF
1790598065.4809673,2,285,1,belief-only,11,1,,0.9941,0.9926,,0.9941,0.9926,,15,21,,OFF
1790598066.520923,10,349,1,belief-only,11,2,,0.9914,0.9931,,0.9914,0.9931,,15,21,,OFF
1790598066.9042099,3,351,1,belief-only,11,1,,0.9938,0.9925,,0.9938,0.9925,,15,21,,OFF
1790598068.7895963,6,356,1,belief-only,11,1,,0.9932,0.9925,,0.9932,0.9925,,16,19,,OFF
1790598071.2717023,7,358,1,belief-only,11,1,,0.9933,0.9877,,0.9933,0.9877,,16,19,,OFF
1790598071.6357126,4,359,1,belief-only,11,2,,0.9901,0.9925,,0.9901,0.9925,,16,20,,OFF
1790598072.5024002,9,360,1,belief-only,11,2,,0.9933,0.9933,,0.9933,0.9933,,16,21,,OFF
1790598074.2294772,1,351,1,belief-only,11,1,,0.0016,0.0,,0.0016,0.0,,16,19,,OFF
1790598074.2689323,5,355,1,belief-only,11,1,,0.9922,0.8887,,0.9922,0.8887,,17,19,,OFF
1790598078.4288175,2,286,1,belief-only,11,2,,0.9836,0.9938,,0.9836,0.9938,,17,20,,ON
1790598078.85987,8,350,1,belief-only,11,1,,0.9938,0.9933,,0.9938,0.9933,,18,20,,ON
1790598080.4182527,10,350,1,belief-only,11,2,,0.0,0.9931,,0.0,0.9931,,16,21,,ON
1790598080.578592,3,352,1,belief-only,11,2,,0.9264,0.9925,,0.9264,0.9925,,16,22,,ON
1790598082.5700495,6,357,1,belief-only,11,2,,0.9914,0.9925,,0.9914,0.9925,,16,21,,ON
1790598084.5739543,7,359,1,belief-only,11,2,,0.9694,0.9877,,0.9694,0.9877,,16,21,,ON
1790598086.4629316,4,360,1,belief-only,11,1,,0.8662,0.0,,0.8662,0.0,,17,20,,ON
1790598086.7178743,9,361,1,belief-only,11,1,,0.9856,0.2526,,0.9856,0.2526,,18,20,,ON
1790598088.0567627,5,356,1,belief-only,11,1,,0.9931,0.99,,0.9931,0.99,,19,20,,ON
1790598088.9761226,1,352,1,belief-only,11,1,,0.7327,0.0,,0.7327,0.0,,19,20,,ON
1790598093.4235222,2,287,1,belief-only,11,2,,0.0,0.0,,0.0,0.0,,19,21,,OFF
1790598095.3242116,10,351,1,belief-only,11,1,,0.9596,0.7942,,0.9596,0.7942,,20,18,,OFF
1790598098.2661455,6,358,1,belief-only,11,2,,0.9925,0.9932,,0.9925,0.9932,,20,19,,OFF
1790598099.945503,7,360,1,belief-only,11,1,,0.9925,0.9849,,0.9925,0.9849,,21,19,,OFF
1790598100.544279,4,361,1,belief-only,11,1,,0.9927,0.9919,,0.9927,0.9919,,22,19,,OFF
1790598100.5861554,3,353,0,belief-only,11,2,,0.0,0.0,,0.0,0.0,,21,20,,OFF
1790598102.6260357,5,357,1,belief-only,11,2,,0.9931,0.9941,,0.9931,0.9941,,20,21,,OFF
1790598104.8920155,1,353,1,belief-only,11,1,,0.9933,0.9915,,0.9933,0.9915,,20,18,,OFF
1790598106.5922434,9,362,0,belief-only,11,1,,0.9897,0.9388,,0.9897,0.9388,,21,18,,OFF
1790598107.8358953,2,288,1,belief-only,11,1,,0.9932,0.9924,,0.9932,0.9924,,22,18,,OFF
1790598109.5082982,8,352,1,belief-only,11,2,,0.9936,0.994,,0.9936,0.994,,22,19,,OFF
1790598111.7160666,3,354,1,belief-only,11,1,,0.9938,0.9924,,0.9938,0.9924,,23,18,,OFF
1790598113.921325,4,362,1,belief-only,11,2,,0.9933,0.9942,,0.9933,0.9942,,22,19,,OFF
1790598114.5968611,10,352,0,belief-only,11,1,,0.9923,0.9917,,0.9923,0.9917,,22,19,,OFF
1790598133.4232378,1,355,1,state-aware,12,1,,0.9941,0.9924,,0.9941,0.9924,,1,0,,OFF
1790598137.417724,2,290,1,state-aware,12,1,,0.9942,0.9925,,0.9942,0.9925,,2,0,,ON
1790598141.1208405,10,354,1,state-aware,12,1,,0.9804,0.8407,,0.9804,0.8407,,3,0,,ON
1790598141.709717,6,361,1,state-aware,12,2,,0.0,0.9,,0.0,0.9,,3,1,,ON
1790598145.1764605,8,354,0,state-aware,12,2,,0.9912,0.9937,,0.9912,0.9937,,3,2,,ON
1790598145.4459496,9,365,1,state-aware,12,1,,0.0004,0.0,,0.0004,0.0,,4,2,,ON
1790598146.1778967,3,356,0,state-aware,12,1,,0.9809,0.9,,0.9809,0.9,,5,2,,ON
1790598146.7687845,5,360,1,state-aware,12,1,,0.9882,0.0,,0.9882,0.0,,6,2,,ON
1790598146.977966,1,356,1,state-aware,12,2,,0.9899,0.9924,,0.9249,0.9924,,6,3,,ON
1790598151.1799018,7,363,0,state-aware,12,1,,0.993,0.9,,0.993,0.9,,7,3,,ON
1790598152.797066,2,291,1,state-aware,12,1,,0.4675,0.1612,,0.4563,0.1612,,8,3,,ON
1790598156.9459069,10,355,1,state-aware,12,1,,0.0,0.0,,0.0667,0.0,,9,3,,ON
1790598157.4911606,4,365,1,state-aware,12,2,,0.0,0.0004,,0.0,0.0004,,9,4,,ON
1790598158.875507,9,366,1,state-aware,12,1,,0.976,0.0,,0.9134,0.0,,10,4,,OFF
1790598160.6140928,7,364,1,state-aware,12,2,,0.0,0.9,,0.0667,0.9,,10,5,,OFF
1790598161.9315946,5,361,1,state-aware,12,2,,0.9938,0.9915,,0.8949,0.9915,,10,6,,OFF
1790598162.182232,3,357,0,state-aware,12,2,,0.9937,0.9,,0.8947,0.9,,10,7,,OFF
1790598163.1863008,6,362,0,state-aware,12,1,,0.7741,0.0,,0.7741,0.0667,,11,7,,OFF
1790598166.1879175,1,357,0,state-aware,12,2,,0.9875,0.9924,,0.9229,0.927,,11,8,,OFF
1790598167.928245,2,292,1,state-aware,12,2,,0.9939,0.9925,,0.8013,0.9925,,11,9,,OFF
1790598170.614733,10,356,1,state-aware,12,2,,0.9914,0.9914,,0.8567,0.9914,,11,10,,OFF
1790598171.3498917,8,356,1,state-aware,12,1,,0.9925,0.0,,0.9925,0.0,,12,10,,OFF
1790598171.849855,3,358,1,state-aware,12,1,,0.9933,0.9913,,0.8944,0.8928,,13,10,,OFF
1790598172.6879601,4,366,1,state-aware,12,1,,0.9913,0.9937,,0.9913,0.8947,,14,10,,OFF
1790598174.7393959,7,365,1,state-aware,12,2,,0.9925,0.9925,,0.8938,0.9271,,14,11,,OFF
1790598175.2477407,5,362,1,state-aware,12,2,,0.9944,0.9944,,0.8953,0.9286,,14,12,,OFF
1790598176.4843225,1,358,1,state-aware,12,1,,0.9914,0.9899,,0.9261,0.8442,,15,12,,OFF
1790598177.1910408,9,367,0,state-aware,12,1,,0.9933,0.0,,0.9038,0.0,,16,12,,OFF
1790598178.192878,6,363,0,state-aware,12,1,,0.991,0.9885,,0.8925,0.8904,,17,12,,OFF
1790598182.266978,2,293,1,state-aware,12,2,,0.9924,0.9931,,0.8003,0.9276,,17,13,,OFF
1790598183.494449,10,357,1,state-aware,12,2,,0.9925,0.9932,,0.8575,0.9277,,17,14,,OFF
1790598184.6273649,8,357,1,state-aware,12,2,,0.9926,0.9944,,0.9272,0.9944,,17,15,,OFF
1790598185.7479684,3,359,1,state-aware,12,2,,0.9933,0.9915,,0.8581,0.8929,,17,16,,OFF
1790598186.6251066,9,368,1,state-aware,12,2,,0.9937,0.9944,,0.8251,0.9944,,17,17,,OFF
1790598187.0707543,4,367,1,state-aware,12,1,,0.9914,0.9915,,0.9262,0.8929,,18,17,,OFF
1790598187.507087,7,366,1,state-aware,12,2,,0.0,0.9937,,0.0667,0.9041,,18,18,,OFF
1790598187.858211,6,364,1,state-aware,12,2,,0.9654,0.9898,,0.781,0.8915,,18,19,,OFF
1790598187.9917645,5,363,1,state-aware,12,1,,0.9916,0.8903,,0.893,0.8302,,19,19,,OFF
1790598189.7355487,1,359,1,state-aware,12,1,,0.9914,0.9925,,0.9025,0.846,,20,19,,OFF
1790598196.039202,2,294,1,state-aware,12,2,,0.9938,0.9938,,0.8013,0.9041,,19,20,,OFF
1790598200.4227548,9,369,1,state-aware,12,2,,0.9932,0.9932,,0.8248,0.9277,,18,21,,OFF
1790598201.1128454,4,368,1,state-aware,12,1,,0.9925,0.9913,,0.9032,0.8928,,19,21,,OFF
1790598202.8517396,7,367,1,state-aware,12,1,,0.9872,0.9833,,0.8894,0.8185,,19,20,,OFF
1790598204.2212121,5,364,1,state-aware,12,2,,0.9926,0.9933,,0.8004,0.9038,,19,21,,OFF
1790598205.0129704,1,360,1,state-aware,12,2,,0.9915,0.9925,,0.8237,0.8461,,19,22,,OFF
1790598205.21368,10,358,0,state-aware,12,2,,0.8783,0.9901,,0.7759,0.8444,,19,22,,OFF
1790598205.2143362,8,358,0,state-aware,12,2,,0.0,0.954,,0.1,0.8617,,19,23,,OFF
1790598207.2166517,3,360,0,state-aware,12,1,,0.9925,0.9899,,0.8575,0.8557,,17,22,,OFF
1790598208.2184832,6,365,0,state-aware,12,2,,0.9923,0.9941,,0.8002,0.8015,,17,23,,OFF
1790598211.764251,2,295,1,state-aware,12,2,,0.9915,0.9915,,0.7997,0.8237,,16,24,,ON
1790598213.1407554,9,370,1,state-aware,12,2,,0.9932,0.9942,,0.8248,0.9044,,15,25,,ON
1790598216.2039216,4,369,1,state-aware,12,1,,0.99,0.0,,0.8978,0.0667,,16,25,,ON
1790598216.2543104,3,361,1,state-aware,12,1,,0.0,0.0,,0.156,0.1486,,17,25,,ON
1790598216.2782874,10,359,1,state-aware,12,1,,0.0,0.0,,0.1486,0.144,,18,25,,ON
1790598217.2746491,7,368,1,state-aware,12,1,,0.9603,0.0,,0.8345,0.204,,18,25,,ON
1790598218.0426147,6,366,1,state-aware,12,1,,0.9921,0.9941,,0.8001,0.7173,,19,24,,ON
1790598218.9450028,1,361,1,state-aware,12,1,,0.1436,0.0,,0.2938,0.219,,19,24,,ON
1790598219.529525,5,365,1,state-aware,12,2,,0.0,0.6116,,0.0914,0.5863,,19,25,,ON
1790598224.8950381,2,296,1,state-aware,12,1,,0.4681,0.0,,0.4258,0.2823,,19,22,,ON
1790598229.2140145,4,370,1,state-aware,12,1,,0.9915,0.99,,0.9043,0.8917,,20,20,,OFF
1790598229.71601,9,371,1,state-aware,12,2,,0.9937,0.9938,,0.8251,0.8251,,20,21,,OFF
1790598230.2225347,7,369,1,state-aware,12,1,,0.9915,0.2353,,0.8507,0.3511,,21,21,,OFF
1790598230.605208,3,362,1,state-aware,12,2,,0.8965,0.99,,0.7348,0.8557,,21,22,,OFF
1790598231.0323503,8,360,1,state-aware,12,1,,0.9925,0.9926,,0.9271,0.8938,,22,21,,OFF
1790598232.3438287,10,360,1,state-aware,12,1,,0.9915,0.9925,,0.7757,0.7643,,21,21,,OFF
1790598234.1319153,1,362,1,state-aware,12,2,,0.9907,0.9911,,0.7438,0.8384,,20,22,,OFF
1790598235.92186,5,366,1,state-aware,12,1,,0.9936,0.9933,,0.8012,0.7452,,21,20,,OFF
1790598237.6663013,2,297,1,state-aware,12,2,,0.9915,0.9901,,0.7907,0.8324,,19,21,,OFF
1790598239.2362003,6,367,0,state-aware,12,2,,0.9915,0.9942,,0.7157,0.7174,,18,22,,OFF
1790598243.416328,4,371,1,state-aware,12,1,,0.9915,0.9925,,0.9138,0.8938,,19,21,,OFF
1790598244.0676284,8,361,1,state-aware,12,2,,0.0665,0.9925,,0.2418,0.8937,,19,21,,OFF
1790598245.55713,7,370,1,state-aware,12,1,,0.9295,0.8073,,0.7354,0.7085,,20,20,,OFF
1790598248.860345,10,361,1,state-aware,12,1,,0.0,0.0,,0.1479,0.144,,19,16,,OFF
1790598249.475015,1,363,1,state-aware,12,2,,0.9943,0.9924,,0.7458,0.759,,19,17,,OFF
1790598250.099118,5,367,1,state-aware,12,1,,0.9925,0.9915,,0.7913,0.7443,,19,17,,OFF
1790598250.2432053,9,372,0,state-aware,12,2,,0.9933,0.9942,,0.8248,0.8346,,19,18,,OFF
1790598250.2440841,3,363,0,state-aware,12,1,,0.9897,0.9931,,0.7866,0.7767,,20,18,,OFF
1790598252.350426,2,298,1,state-aware,12,1,,0.9933,0.9932,,0.7918,0.7507,,21,18,,ON
1790598255.2473896,6,368,0,state-aware,12,1,,0.9943,0.9942,,0.7174,0.6433,,22,18,,ON
1790598257.4575102,4,372,1,state-aware,12,1,,0.9765,0.0,,0.9178,0.0667,,23,17,,ON
1790598260.2414846,9,373,1,state-aware,12,1,,0.9889,0.0,,0.8221,0.2541,,24,17,,ON
1790598261.074432,3,364,1,state-aware,12,1,,0.0,0.0,,0.2131,0.156,,25,16,,ON
1790598261.9916427,7,371,1,state-aware,12,1,,0.8278,0.0,,0.611,0.204,,25,16,,ON
1790598262.2451596,1,364,1,state-aware,12,2,,0.9901,0.9924,,0.7435,0.7831,,25,17,,ON
1790598262.9030201,10,362,1,state-aware,12,1,,0.0,0.0061,,0.2331,0.1478,,25,17,,ON
1790598265.9774456,6,369,1,state-aware,12,1,,0.8176,0.0,,0.5452,0.091,,26,13,,ON
1790598267.0907063,2,299,1,state-aware,12,2,,0.0,0.0,,0.1621,0.2541,,26,14,,ON
1790598270.8929877,4,373,1,state-aware,12,1,,0.988,0.0,,0.9338,0.0667,,26,13,,ON
1790598271.2558732,5,368,0,state-aware,12,1,,0.9914,0.002,,0.7129,0.1945,,27,13,,ON
1790598275.0905824,9,374,1,state-aware,12,1,,0.968,0.0,,0.8201,0.2541,,28,11,,OFF
1790598275.570062,7,372,1,state-aware,12,1,,0.7742,0.0,,0.633,0.204,,29,11,,OFF
1790598277.2489028,10,363,1,state-aware,12,1,,0.6488,0.0061,,0.4983,0.1478,,27,11,,OFF
1790598277.83504,1,365,1,state-aware,12,1,,0.8974,0.8887,,0.692,0.6543,,27,11,,OFF
1790598279.2602978,8,363,0,state-aware,12,1,,0.7741,0.0004,,0.7472,0.067,,26,11,,OFF
1790598282.2368577,5,369,1,state-aware,12,1,,0.9942,0.0099,,0.643,0.1989,,27,10,,OFF
1790598282.9553561,2,300,1,state-aware,12,1,,0.9932,0.9942,,0.7139,0.6736,,28,10,,OFF
1790598283.9732757,4,374,1,state-aware,12,1,,0.9915,0.9926,,0.9451,0.8938,,29,10,,OFF
1790598288.2653723,6,370,0,state-aware,12,2,,0.9907,0.9284,,0.5773,0.6068,,28,11,,OFF
1790598288.5900674,7,373,1,state-aware,12,2,,0.9925,0.9901,,0.7707,0.8228,,28,12,,OFF
1790598289.3841612,9,375,1,state-aware,12,1,,0.9915,0.0,,0.8498,0.2541,,28,12,,OFF
1790598291.3811643,1,366,1,state-aware,12,1,,0.9933,0.9933,,0.7707,0.7019,,27,10,,OFF
1790598295.2697968,10,364,0,state-aware,12,2,,0.9915,0.989,,0.7039,0.7621,,26,10,,OFF
1790598295.9687963,5,370,1,state-aware,12,2,,0.9933,0.9933,,0.688,0.7453,,25,11,,OFF
1790598296.4495237,2,301,1,state-aware,12,1,,0.9936,0.9932,,0.7427,0.6732,,26,11,,OFF
1790598297.4984043,4,375,1,state-aware,12,1,,0.9915,0.9933,,0.9538,0.8944,,27,11,,OFF
1790598299.0092196,6,371,1,state-aware,12,2,,0.9914,0.9915,,0.5776,0.5777,,27,11,,OFF
1790598303.4358516,9,376,1,state-aware,12,1,,0.9937,0.9925,,0.8698,0.7503,,27,10,,OFF
1790598303.9216537,7,374,1,state-aware,12,1,,0.9915,0.9815,,0.7703,0.7387,,28,10,,OFF
1790598324.7994378,2,303,1,belief-only,12,1,,0.9942,0.9932,,0.9942,0.9932,,1,0,,OFF
1790598325.627559,5,372,1,belief-only,12,1,,0.9943,0.9941,,0.9943,0.9941,,2,0,,OFF
1790598327.2968135,4,377,1,belief-only,12,2,,0.99,0.9914,,0.99,0.9914,,2,1,,OFF
1790598332.2389607,6,373,1,belief-only,12,1,,0.9852,0.0,,0.9852,0.0,,3,1,,ON
1790598333.5567486,9,378,1,belief-only,12,1,,0.9899,0.0,,0.9899,0.0,,4,1,,ON
1790598335.0950089,7,376,1,belief-only,12,1,,0.9854,0.2255,,0.9854,0.2255,,5,1,,ON
1790598336.9087243,1,369,1,belief-only,12,2,,0.7742,0.9,,0.7742,0.9,,5,2,,ON
1790598337.3101122,3,369,1,belief-only,12,1,,0.986,0.9,,0.986,0.9,,6,2,,ON
1790598338.9758055,10,367,1,belief-only,12,2,,0.0,0.9,,0.0,0.9,,6,3,,ON
1790598339.160066,2,304,1,belief-only,12,2,,0.0,0.0,,0.0,0.0,,6,4,,ON
1790598341.9680462,4,378,1,belief-only,12,1,,0.9565,0.0,,0.9565,0.0,,7,4,,ON
1790598345.8419545,5,373,0,belief-only,12,1,,0.0082,0.0,,0.0082,0.0,,8,4,,ON
1790598347.2725601,9,379,1,belief-only,12,1,,0.9939,0.0,,0.9939,0.0,,9,4,,ON
1790598348.1681151,6,374,1,belief-only,12,1,,0.9819,0.3011,,0.9819,0.3011,,10,4,,ON
1790598350.7559345,7,377,1,belief-only,12,1,,0.9772,0.2255,,0.9772,0.2255,,11,4,,OFF
1790598351.379196,1,370,1,belief-only,12,2,,0.0008,0.9809,,0.0008,0.9809,,11,5,,OFF
1790598354.7173972,2,305,1,belief-only,12,2,,0.5818,0.9923,,0.5818,0.9923,,11,6,,OFF
1790598356.4097257,5,374,1,belief-only,12,2,,0.9933,0.9933,,0.9933,0.9933,,11,7,,OFF
1790598356.8454862,3,370,0,belief-only,12,1,,0.993,0.9862,,0.993,0.9862,,12,7,,OFF
1790598359.8478549,10,368,0,belief-only,12,2,,0.9881,0.9922,,0.9881,0.9922,,12,8,,OFF
1790598360.0618145,9,380,1,belief-only,12,2,,0.9933,0.994,,0.9933,0.994,,12,9,,OFF
1790598360.8493712,4,379,0,belief-only,12,1,,0.9924,0.9868,,0.9924,0.9868,,13,9,,OFF
1790598361.7181056,6,375,1,belief-only,12,2,,0.9931,0.9942,,0.9931,0.9942,,13,10,,OFF
1790598363.8304222,7,378,1,belief-only,12,1,,0.9926,0.9856,,0.9926,0.9856,,14,10,,OFF
1790598365.6911802,8,369,1,belief-only,12,2,,0.9901,0.9938,,0.9901,0.9938,,14,11,,OFF
1790598366.0868702,1,371,1,belief-only,12,2,,0.9932,0.9941,,0.9932,0.9941,,14,12,,OFF
1790598368.1329908,3,371,1,belief-only,12,2,,0.9938,0.9941,,0.9938,0.9941,,14,13,,OFF
1790598369.2659473,2,306,1,belief-only,12,2,,0.9856,0.9915,,0.9856,0.9915,,14,14,,OFF
1790598369.649244,10,369,1,belief-only,12,2,,0.9914,0.9932,,0.9914,0.9932,,14,15,,OFF
1790598370.995194,5,375,1,belief-only,12,2,,0.0,0.5331,,0.0,0.5331,,14,16,,OFF
1790598373.4499362,9,381,1,belief-only,12,2,,0.9932,0.9942,,0.9932,0.9942,,14,17,,OFF
1790598375.5003023,6,376,1,belief-only,12,1,,0.9901,0.9901,,0.9901,0.9901,,15,17,,OFF
1790598376.8547502,4,380,0,belief-only,12,1,,0.9932,0.9912,,0.9932,0.9912,,16,17,,OFF
1790598377.267145,7,379,1,belief-only,12,1,,0.9926,0.9896,,0.9926,0.9896,,17,17,,OFF
1790598381.580273,8,370,1,belief-only,12,2,,0.9915,0.9933,,0.9915,0.9933,,17,18,,OFF
1790598382.653579,3,372,1,belief-only,12,1,,0.9938,0.9915,,0.9938,0.9915,,18,18,,OFF
1790598383.3281898,1,372,1,belief-only,12,2,,0.0,0.0,,0.0,0.0,,18,19,,OFF
1790598383.4781654,10,370,1,belief-only,12,2,,0.9915,0.9915,,0.9915,0.9915,,18,20,,OFF
1790598383.9874334,5,376,1,belief-only,12,2,,0.9932,0.9942,,0.9932,0.9942,,18,21,,OFF
1790598386.1690843,4,381,1,belief-only,12,2,,0.9913,0.9925,,0.9913,0.9925,,16,22,,OFF
1790598387.2972765,9,382,1,belief-only,12,1,,0.9925,0.9915,,0.9925,0.9915,,17,21,,OFF
1790598388.417201,6,377,1,belief-only,12,2,,0.9924,0.9938,,0.9924,0.9938,,17,22,,OFF
1790598388.8605857,2,307,0,belief-only,12,2,,0.0,0.9932,,0.0,0.9932,,17,23,,OFF
1790598390.037403,7,380,1,belief-only,12,1,,0.9916,0.9915,,0.9916,0.9915,,18,23,,OFF
1790598395.8108907,8,371,1,belief-only,12,2,,0.99,0.9929,,0.99,0.9929,,15,24,,ON
1790598395.8738728,3,373,1,belief-only,12,2,,0.9518,0.9937,,0.9518,0.9937,,15,25,,ON
1790598397.2107008,2,308,1,belief-only,12,2,,0.9898,0.9915,,0.9898,0.9915,,15,25,,ON
1790598397.918421,10,371,1,belief-only,12,1,,0.0462,0.0033,,0.0462,0.0033,,15,25,,ON
1790598399.7620065,4,382,1,belief-only,12,1,,0.985,0.0,,0.985,0.0,,16,23,,ON
1790598400.5180063,5,377,1,belief-only,12,2,,0.0,0.0,,0.0,0.0,,16,24,,ON
1790598401.3116095,9,383,1,belief-only,12,2,,0.9911,0.9915,,0.9911,0.9915,,16,25,,ON
1790598401.9229403,6,378,1,belief-only,12,2,,0.9882,0.9938,,0.9882,0.9938,,16,26,,ON
1790598402.8771613,1,373,0,belief-only,12,2,,0.8689,0.8887,,0.8689,0.8887,,15,27,,ON
1790598403.2502906,7,381,1,belief-only,12,1,,0.8694,0.0,,0.8694,0.0,,16,27,,OFF
1790598408.7791483,8,372,1,belief-only,12,2,,0.9933,0.9943,,0.9933,0.9943,,13,28,,OFF
1790598410.0538962,2,309,1,belief-only,12,2,,0.0,0.9916,,0.0,0.9916,,13,29,,OFF
1790598411.6564455,10,372,1,belief-only,12,2,,0.9915,0.9925,,0.9915,0.9925,,12,29,,OFF
1790598414.410919,5,378,1,belief-only,12,1,,0.9925,0.9924,,0.9925,0.9924,,13,29,,OFF
1790598415.3419163,4,383,1,belief-only,12,2,,0.9924,0.9938,,0.9924,0.9938,,13,29,,OFF
1790598417.0105908,6,379,1,belief-only,12,1,,0.0307,0.0302,,0.0307,0.0302,,13,28,,OFF
1790598417.6051912,9,384,1,belief-only,12,2,,0.9915,0.9925,,0.9915,0.9925,,13,29,,OFF
1790598417.8902586,1,374,0,belief-only,12,1,,0.9891,0.9872,,0.9891,0.9872,,14,29,,OFF
1790598421.8929682,7,382,0,belief-only,12,1,,0.9931,0.9842,,0.9931,0.9842,,14,26,,OFF
1790598422.2167094,8,373,1,belief-only,12,2,,0.9914,0.9915,,0.9914,0.9915,,14,27,,OFF
1790598424.3754287,2,310,1,belief-only,12,1,,0.9943,0.9932,,0.9943,0.9932,,14,27,,OFF
1790598424.8773308,3,375,1,belief-only,12,1,,0.9926,0.9901,,0.9926,0.9901,,15,27,,OFF
1790598425.8816173,10,373,1,belief-only,12,2,,0.9915,0.9915,,0.9915,0.9915,,15,27,,OFF
1790598426.7090719,1,375,1,belief-only,12,1,,0.9931,0.9925,,0.9931,0.9925,,16,26,,OFF
1790598427.824754,5,379,1,belief-only,12,2,,0.9901,0.9933,,0.9901,0.9933,,16,27,,OFF
1790598429.6884785,4,384,1,belief-only,12,2,,0.9899,0.9933,,0.9899,0.9933,,16,25,,OFF
1790598431.61241,6,380,1,belief-only,12,2,,0.9915,0.9915,,0.9915,0.9915,,16,25,,ON
1790598433.4466689,7,383,1,belief-only,12,1,,0.9915,0.9842,,0.9915,0.9842,,17,25,,ON
1790598435.7310138,9,385,1,belief-only,12,1,,0.9812,0.0,,0.9812,0.0,,17,24,,ON
1790598437.6909823,2,311,1,belief-only,12,1,,0.863,0.822,,0.863,0.822,,16,24,,ON
1790598446.4690814,3,376,1,belief-only,12,2,,0.0,0.0,,0.0,0.0,,15,20,,ON
1790598446.518792,1,376,1,belief-only,12,1,,0.0016,0.0,,0.0016,0.0,,16,20,,ON
1790598446.5445497,4,385,1,belief-only,12,1,,0.8429,0.0,,0.8429,0.0,,17,20,,ON
1790598446.9576585,6,381,1,belief-only,12,1,,0.8912,0.0,,0.8912,0.0,,18,20,,ON
1790598447.8865974,7,384,1,belief-only,12,1,,0.0861,0.0,,0.0861,0.0,,18,20,,ON
1790598450.0301282,9,386,1,belief-only,12,1,,0.988,0.0,,0.988,0.0,,19,18,,ON
1790598454.6816895,1,377,1,belief-only,12,1,,0.7742,0.0,,0.7742,0.0,,19,18,,OFF
1790598454.9045715,10,374,0,belief-only,12,1,,0.985,0.3836,,0.985,0.3836,,20,18,,OFF
1790598458.9074237,3,377,0,belief-only,12,1,,0.8887,0.0,,0.8887,0.0,,20,15,,OFF
1790598458.9889944,5,381,1,belief-only,12,2,,0.9931,0.9942,,0.9931,0.9942,,20,16,,OFF
1790598459.9114897,10,375,0,belief-only,12,1,,0.985,0.3836,,0.985,0.3836,,20,16,,OFF
1790598460.296448,4,386,1,belief-only,12,2,,0.99,0.9914,,0.99,0.9914,,20,17,,OFF
1790598461.7272189,7,385,1,belief-only,12,1,,0.9938,0.9925,,0.9938,0.9925,,21,15,,OFF
1790598463.2884285,6,382,1,belief-only,12,2,,0.9932,0.9942,,0.9932,0.9942,,20,14,,OFF
1790598464.184807,9,387,1,belief-only,12,2,,0.9925,0.9942,,0.9925,0.9942,,20,15,,OFF
1790598467.9728253,1,378,1,belief-only,12,2,,0.0001,0.988,,0.0001,0.988,,20,16,,OFF
1790598468.5194135,2,313,1,belief-only,12,2,,0.2078,0.988,,0.2078,0.988,,20,17,,OFF
1790598471.1914966,10,376,1,belief-only,12,2,,0.99,0.9923,,0.99,0.9923,,20,16,,OFF
1790598472.6176326,5,382,1,belief-only,12,2,,0.9914,0.9938,,0.9914,0.9938,,20,16,,OFF
1790598473.91792,3,378,0,belief-only,12,1,,0.9894,0.8943,,0.9894,0.8943,,21,16,,OFF
1790598474.405431,4,387,1,belief-only,12,1,,0.9932,0.9924,,0.9932,0.9924,,22,16,,OFF
1790598475.9206653,8,376,0,belief-only,12,2,,0.9925,0.9933,,0.9925,0.9933,,21,16,,OFF
1790598476.3705926,7,386,1,belief-only,12,1,,0.9926,0.9881,,0.9926,0.9881,,22,16,,OFF
1790598477.8462985,9,388,1,belief-only,12,2,,0.9925,0.9933,,0.9925,0.9933,,21,16,,OFF
1790598482.317679,2,314,1,belief-only,12,1,,0.9944,0.9925,,0.9944,0.9925,,20,15,,OFF
1790598484.1684065,1,379,1,belief-only,12,2,,0.9914,0.9933,,0.9914,0.9933,,20,16,,OFF
1790598484.660367,3,379,1,belief-only,12,1,,0.9938,0.9914,,0.9938,0.9914,,20,16,,OFF
1790598484.9251869,6,383,0,belief-only,12,1,,0.9933,0.9926,,0.9933,0.9926,,20,16,,OFF
1790598485.2657282,8,377,1,belief-only,12,2,,0.9914,0.9938,,0.9914,0.9938,,20,17,,OFF
1790598485.9176633,5,383,1,belief-only,12,2,,0.9915,0.9938,,0.9915,0.9938,,20,17,,OFF
1790598486.9446867,10,377,1,belief-only,12,1,,0.9938,0.9924,,0.9938,0.9924,,20,17,,OFF
1790598490.804474,4,388,1,belief-only,12,2,,0.8333,0.9927,,0.8333,0.9927,,20,16,,OFF
1790598492.4629624,9,389,1,belief-only,12,2,,0.0,0.9925,,0.0,0.9925,,20,16,,OFF
1790598492.8500397,6,384,1,belief-only,12,2,,0.9913,0.9941,,0.9913,0.9941,,20,17,,OFF
1790598495.9498427,7,387,0,belief-only,12,1,,0.9933,0.9898,,0.9933,0.9898,,19,17,,OFF
1790598496.430762,2,315,1,belief-only,12,1,,0.9943,0.9933,,0.9943,0.9933,,20,17,,OFF
1790598516.8948936,10,379,1,ewma,12,2,,0.0,0.0,,0.5,0.5,,0,1,,ON
1790598520.1814103,4,390,1,ewma,12,2,,0.9143,0.9,,0.5,0.5,,0,2,,OFF
1790598521.4891474,5,385,0,ewma,12,2,,0.8841,0.9,,0.5,0.5,,0,3,,OFF
1790598522.154725,9,391,1,ewma,12,1,,0.0,0.9914,,0.5,0.5,,1,3,,OFF
1790598522.765618,7,389,1,ewma,12,2,,0.9896,0.9898,,0.5,0.5,,1,4,,OFF
1790598526.7867885,2,317,1,ewma,12,1,,0.9944,0.9937,,0.5,0.5,,2,4,,OFF
1790598528.4915476,6,386,0,ewma,12,2,,0.989,0.989,,0.5,0.5,,2,5,,OFF
1790598528.580846,3,382,1,ewma,12,2,,0.9942,0.9937,,0.5,0.5,,2,6,,OFF
1790598529.0164478,1,382,1,ewma,12,2,,0.9901,0.9925,,0.5,0.5,,2,7,,OFF
1790598531.3832638,5,386,1,ewma,12,1,,0.9925,0.9938,,0.5,0.4,,3,7,,OFF
1790598533.635691,4,391,1,ewma,12,2,,0.9901,0.9933,,0.5,0.6,,3,8,,OFF
1790598536.0718331,7,390,1,ewma,12,2,,0.9933,0.9883,,0.5,0.6,,3,9,,OFF
1790598536.5634053,9,392,1,ewma,12,1,,0.9915,0.9925,,0.6,0.5,,4,9,,OFF
1790598537.5014446,10,380,0,ewma,12,1,,0.9395,0.0053,,0.5,0.4,,5,9,,OFF
1790598538.2237952,6,387,1,ewma,12,1,,0.9924,0.9924,,0.5,0.4,,6,9,,OFF
1790598539.7564528,2,318,1,ewma,12,1,,0.9933,0.9915,,0.6,0.5,,7,9,,OFF
1790598544.4560194,3,383,1,ewma,12,1,,0.0038,0.9857,,0.5,0.4,,8,9,,OFF
1790598545.0022693,5,387,1,ewma,12,1,,0.9937,0.9931,,0.6,0.4,,9,9,,OFF
1790598545.5875263,1,383,1,ewma,12,1,,0.9926,0.9914,,0.5,0.4,,10,9,,OFF
1790598546.8520267,4,392,1,ewma,12,2,,0.9924,0.9931,,0.5,0.68,,10,10,,OFF
1790598547.4497244,8,381,1,ewma,12,1,,0.972,0.9891,,0.5,0.5,,11,10,,OFF
1790598549.3766415,7,391,1,ewma,12,2,,0.9933,0.9944,,0.5,0.68,,11,11,,OFF
1790598549.8850992,9,393,1,ewma,12,1,,0.9924,0.9937,,0.68,0.5,,12,11,,OFF
1790598553.5058265,10,381,0,ewma,12,1,,0.9921,0.8554,,0.4,0.4,,13,11,,UNKNOWN
1790598558.0498266,2,319,1,ewma,12,1,,0.9938,0.9933,,0.68,0.5,,14,11,,OFF
1790598558.2619863,3,384,1,ewma,12,1,,0.9933,0.9755,,0.6,0.4,,15,11,,OFF
1790598559.8560102,5,388,1,ewma,12,1,,0.0306,0.0159,,0.68,0.4,,16,11,,OFF
1790598560.6332352,1,384,1,ewma,12,1,,0.9938,0.9898,,0.4,0.4,,17,11,,ON
1790598562.3607798,8,382,1,ewma,12,1,,0.9925,0.9944,,0.6,0.5,,18,11,,ON
1790598563.0257058,4,393,1,ewma,12,2,,0.9592,0.8535,,0.5,0.544,,18,12,,ON
1790598564.5090756,6,388,0,ewma,12,1,,0.9925,0.9942,,0.6,0.4,,19,12,,ON
1790598564.688518,9,394,1,ewma,12,1,,0.9848,0.0009,,0.544,0.5,,20,12,,ON
1790598567.5113735,10,382,0,ewma,12,2,,0.9941,0.9854,,0.32,0.4,,20,13,,ON
1790598567.9351292,6,389,1,ewma,12,1,,0.994,0.9942,,0.48,0.4,,21,13,,ON
1790598568.5591493,2,320,1,ewma,12,1,,0.9606,0.9822,,0.544,0.5,,22,13,,ON
1790598569.5132713,7,392,0,ewma,12,2,,0.9938,0.0063,,0.5,0.544,,22,14,,ON
1790598577.4794643,9,395,1,ewma,12,1,,0.9942,0.0009,,0.6352,0.5,,23,13,,ON
1790598578.6799731,4,394,1,ewma,12,1,,0.99,0.8535,,0.5,0.4352,,24,13,,OFF
1790598579.8344498,7,393,1,ewma,12,1,,0.0,0.0,,0.5,0.4352,,25,13,,OFF
1790598581.5172396,5,389,0,ewma,12,1,,0.0,0.0,,0.544,0.4,,26,11,,OFF
1790598582.753098,6,390,1,ewma,12,2,,0.9901,0.9915,,0.384,0.4,,25,12,,OFF
1790598583.5187428,10,383,0,ewma,12,2,,0.9941,0.8443,,0.32,0.32,,25,12,,OFF
1790598584.3152337,2,321,1,ewma,12,2,,0.9916,0.9938,,0.4352,0.5,,25,13,,OFF
1790598584.520006,8,383,0,ewma,12,2,,0.9925,0.0002,,0.48,0.5,,25,14,,OFF
1790598587.5133924,3,386,1,ewma,12,1,,0.9915,0.9925,,0.6,0.4,,25,14,,OFF
1790598590.8958123,5,390,1,ewma,12,1,,0.0,0.0,,0.4352,0.4,,26,11,,OFF
1790598593.321169,4,395,1,ewma,12,1,,0.9933,0.9933,,0.6,0.4352,,26,11,,OFF
1790598593.649038,9,396,1,ewma,12,1,,0.8969,0.0,,0.5082,0.5,,27,10,,OFF
1790598594.1238942,10,384,1,ewma,12,1,,0.8689,0.8944,,0.32,0.256,,28,10,,OFF
1790598596.524676,1,386,0,ewma,12,2,,0.8333,0.8333,,0.4,0.4,,28,10,,OFF
1790598596.703292,6,391,1,ewma,12,2,,0.9881,0.9926,,0.384,0.52,,27,11,,OFF
1790598598.5587068,2,322,1,ewma,12,2,,0.9944,0.9938,,0.4352,0.6,,25,12,,OFF
1790598599.5267005,7,394,0,ewma,12,1,,0.0,0.0,,0.6,0.4352,,26,12,,OFF
1790598601.131599,3,387,1,ewma,12,1,,0.9926,0.9901,,0.68,0.4,,26,12,,OFF
1790598604.51263,5,391,1,ewma,12,1,,0.9925,0.9932,,0.5482,0.4,,26,12,,OFF
1790598606.6104486,9,397,1,ewma,12,1,,0.9926,0.9913,,0.6065,0.5,,25,12,,OFF
1790598606.9431005,1,387,1,ewma,12,1,,0.9916,0.9914,,0.4,0.32,,26,11,,OFF
1790598607.74313,10,385,1,ewma,12,1,,0.9916,0.9938,,0.456,0.256,,26,11,,OFF
1790598608.9626482,8,385,1,ewma,12,2,,0.9901,0.9915,,0.48,0.5,,26,12,,OFF
1790598609.374213,4,396,1,ewma,12,1,,0.9924,0.9938,,0.48,0.4352,,27,12,,OFF
1790598610.0156426,6,392,1,ewma,12,2,,0.99,0.9882,,0.384,0.616,,26,12,,OFF
1790598610.7053895,7,395,1,ewma,12,1,,0.9943,0.9943,,0.48,0.4352,,27,12,,OFF
1790598612.18756,2,323,1,ewma,12,2,,0.9932,0.9933,,0.4352,0.68,,27,13,,OFF
1790598613.9055734,3,388,1,ewma,12,1,,0.9938,0.9933,,0.744,0.4,,27,13,,OFF
1790598618.19485,5,392,1,ewma,12,1,,0.9938,0.9933,,0.6385,0.4,,27,13,,ON
1790598620.1035924,1,388,1,ewma,12,1,,0.0,0.0,,0.52,0.32,,26,13,,ON
1790598623.1060958,9,398,1,ewma,12,2,,0.0,0.0,,0.4852,0.5,,24,13,,ON
1790598624.3518252,6,393,1,ewma,12,2,,0.003,0.0,,0.384,0.6928,,24,14,,ON
1790598626.417057,7,396,1,ewma,12,1,,0.1367,0.0783,,0.584,0.4352,,23,14,,ON
1790598626.5341294,10,386,0,ewma,12,1,,0.9712,0.9938,,0.5648,0.256,,24,14,,ON
1790598628.3111145,2,324,1,ewma,12,2,,0.9925,0.9925,,0.4352,0.544,,23,14,,ON
1790598629.7984812,3,389,1,ewma,12,1,,0.9925,0.4875,,0.5952,0.4,,23,13,,ON
1790598630.8869085,5,393,1,ewma,12,1,,0.3011,0.926,,0.7108,0.4,,24,13,,ON
1790598638.3507385,4,398,1,ewma,12,1,,0.9933,0.9937,,0.48,0.4352,,24,13,,OFF
1790598638.6609821,9,399,1,ewma,12,1,,0.9922,0.9936,,0.4852,0.4,,25,13,,OFF
1790598639.3986123,6,394,1,ewma,12,2,,0.9913,0.9933,,0.384,0.5542,,24,14,,OFF
1790598640.1082423,7,397,1,ewma,12,1,,0.9933,0.9901,,0.6672,0.4352,,24,14,,OFF
1790598640.7388637,8,387,1,ewma,12,2,,0.9925,0.9925,,0.48,0.5,,24,15,,OFF
1790598641.5419753,10,387,0,ewma,12,1,,0.8535,0.8689,,0.4518,0.256,,24,15,,OFF
1790598644.1216853,2,325,1,ewma,12,2,,0.9933,0.9931,,0.4352,0.4352,,24,14,,OFF
1790598644.3220763,3,390,1,ewma,12,1,,0.9937,0.9931,,0.6762,0.4,,25,13,,OFF
1790598647.5680404,5,394,1,ewma,12,1,,0.9943,0.9933,,0.5687,0.4,,25,12,,OFF
1790598650.96589,10,388,1,ewma,12,1,,0.9942,0.9941,,0.3615,0.256,,25,12,,OFF
1790598651.6823263,9,400,1,ewma,12,1,,0.9262,0.9943,,0.5882,0.4,,26,12,,OFF
1790598652.1035178,1,390,1,ewma,12,1,,0.99,0.9933,,0.52,0.32,,27,12,,OFF
1790598652.5243595,4,399,1,ewma,12,1,,0.0,0.9933,,0.584,0.4352,,28,12,,OFF
1790598652.5838346,6,395,1,ewma,12,2,,0.9932,0.8887,,0.384,0.6434,,28,13,,OFF
1790598655.259186,7,398,1,ewma,12,1,,0.9923,0.9933,,0.7338,0.4352,,26,13,,OFF
1790598656.5860355,8,388,1,ewma,12,1,,0.9933,0.9944,,0.48,0.4,,27,12,,OFF
1790598657.3268497,2,326,1,ewma,12,2,,0.9933,0.9915,,0.4352,0.5482,,27,12,,OFF
1790598658.2344513,3,391,1,ewma,12,1,,0.9915,0.9914,,0.7409,0.4,,28,12,,OFF
1790598661.395709,5,395,1,ewma,12,1,,0.9933,0.9932,,0.6549,0.4,,27,11,,OFF
1790598664.3653035,10,389,1,ewma,12,1,,0.9901,0.9902,,0.4892,0.256,,28,11,,OFF
1790598665.5886438,4,400,1,ewma,12,1,,0.9916,0.9856,,0.6672,0.4352,,28,11,,ON
1790598666.518007,9,401,1,ewma,12,1,,0.9915,0.9939,,0.4705,0.4,,29,11,,ON
1790598667.2725525,1,391,1,ewma,12,1,,0.9925,0.9941,,0.416,0.32,,28,11,,ON
1790598668.922041,6,396,1,ewma,12,2,,0.0,0.0,,0.384,0.5147,,27,12,,ON
1790598672.0739179,3,392,1,ewma,12,1,,0.0,0.0,,0.7927,0.4,,26,10,,ON
1790598674.0118902,2,327,1,ewma,12,2,,0.9117,0.915,,0.4352,0.4385,,25,10,,ON
1790598674.5531588,7,399,0,ewma,12,1,,0.9941,0.9933,,0.787,0.4352,,26,10,,ON
1790598674.9026315,5,396,1,ewma,12,1,,0.0,0.0,,0.7239,0.4,,27,10,,ON
1790598675.5547988,8,389,0,ewma,12,1,,0.0001,0.0095,,0.584,0.4,,28,10,,ON
1790598678.4529321,10,390,1,ewma,12,1,,0.0,0.0001,,0.5913,0.256,,28,10,,ON
1790598681.2647214,1,392,1,ewma,12,1,,0.0,0.0,,0.5328,0.32,,28,10,,ON
1790598683.4204226,6,397,1,ewma,12,2,,0.9918,0.0,,0.384,0.4118,,28,10,,ON
1790598685.4982922,7,400,1,ewma,12,1,,0.5626,0.4875,,0.6296,0.4352,,29,9,,ON
1790598685.560209,4,401,0,ewma,12,1,,0.0,0.0,,0.7338,0.4352,,30,9,,ON
1790598686.561918,9,402,0,ewma,12,1,,0.9935,0.9939,,0.5764,0.4,,29,9,,ON
1790598707.189926,5,398,1,belief-only,13,2,,0.9933,0.9933,,0.9933,0.9933,,0,1,,OFF
1790598709.8226755,10,392,1,belief-only,13,1,,0.9938,0.9933,,0.9938,0.9933,,1,1,,OFF
1790598710.6792526,1,394,1,belief-only,13,2,,0.9924,0.9941,,0.9924,0.9941,,1,2,,OFF
1790598711.5845954,4,403,1,belief-only,13,2,,0.9077,0.9406,,0.9077,0.9406,,1,3,,OFF
1790598714.5586076,6,399,1,belief-only,13,2,,0.99,0.9915,,0.99,0.9915,,1,4,,OFF
1790598716.493379,3,395,1,belief-only,13,1,,0.9938,0.9925,,0.9938,0.9925,,2,4,,OFF
1790598717.1503744,9,404,0,belief-only,13,2,,0.9921,0.9923,,0.9921,0.9923,,2,5,,OFF
1790598717.5116901,7,402,1,belief-only,13,2,,0.9914,0.9925,,0.9914,0.9925,,2,6,,OFF
1790598718.6993906,8,392,1,belief-only,13,2,,0.9916,0.9933,,0.9916,0.9933,,2,7,,OFF
1790598720.6840832,2,330,1,belief-only,13,1,,0.9938,0.9925,,0.9938,0.9925,,3,7,,OFF
1790598722.3328736,5,399,1,belief-only,13,1,,0.9932,0.9925,,0.9932,0.9925,,4,7,,OFF
1790598724.297749,10,393,1,belief-only,13,2,,0.9899,0.9901,,0.9899,0.9901,,4,8,,OFF
1790598725.09093,4,404,1,belief-only,13,2,,0.0008,0.9925,,0.0008,0.9925,,4,9,,OFF
1790598725.5894501,1,395,1,belief-only,13,2,,0.99,0.9926,,0.99,0.9926,,4,10,,OFF
1790598727.8940861,9,405,1,belief-only,13,2,,0.017,0.029,,0.017,0.029,,4,11,,OFF
1790598729.7946055,3,396,1,belief-only,13,2,,0.9915,0.9938,,0.9915,0.9938,,4,12,,OFF
1790598732.9696715,7,403,1,belief-only,13,2,,0.9922,0.9938,,0.9922,0.9938,,4,13,,ON
1790598736.8925595,5,400,1,belief-only,13,2,,0.0054,0.0159,,0.0054,0.0159,,4,14,,ON
1790598738.1655235,8,393,0,belief-only,13,2,,0.9933,0.9938,,0.9933,0.9938,,4,15,,ON
1790598739.2510874,4,405,1,belief-only,13,2,,0.9862,0.9925,,0.9862,0.9925,,4,16,,ON
1790598739.7726254,1,396,1,belief-only,13,1,,0.0,0.0,,0.0,0.0,,5,16,,ON
1790598741.1665552,9,406,1,belief-only,13,1,,0.9942,0.029,,0.9942,0.029,,6,16,,OFF
1790598742.168975,2,331,0,belief-only,13,2,,0.0,0.7741,,0.0,0.7741,,6,17,,OFF
1790598742.7904825,6,401,1,belief-only,13,1,,0.9265,0.0081,,0.9265,0.0081,,7,17,,OFF
1790598745.170656,10,394,0,belief-only,13,2,,0.9875,0.9901,,0.9875,0.9901,,7,18,,OFF
1790598746.2927022,3,397,1,belief-only,13,1,,0.9931,0.9915,,0.9931,0.9915,,8,18,,OFF
1790598747.8377779,7,404,1,belief-only,13,2,,0.9846,0.99,,0.9846,0.99,,8,19,,OFF
1790598748.2345085,8,394,1,belief-only,13,2,,0.9926,0.9933,,0.9926,0.9933,,8,20,,OFF
1790598750.800238,5,401,1,belief-only,13,2,,0.9926,0.9938,,0.9926,0.9938,,8,21,,OFF
1790598751.9378421,2,332,1,belief-only,13,2,,0.9925,0.9933,,0.9925,0.9933,,8,22,,OFF
1790598752.9973576,1,397,1,belief-only,13,2,,0.9931,0.9938,,0.9931,0.9938,,8,23,,OFF
1790598754.3966875,4,406,1,belief-only,13,2,,0.9914,0.9933,,0.9914,0.9933,,8,24,,OFF
1790598755.8007126,6,402,1,belief-only,13,1,,0.6934,0.0081,,0.6934,0.0081,,9,24,,OFF
1790598757.0663943,9,407,1,belief-only,13,2,,0.9915,0.9933,,0.9915,0.9933,,9,25,,OFF
1790598758.870999,3,398,1,belief-only,13,2,,0.9933,0.9933,,0.9933,0.9933,,9,26,,OFF
1790598762.1837013,7,405,1,belief-only,13,2,,0.9914,0.9937,,0.9914,0.9937,,9,27,,OFF
1790598766.3447561,2,333,1,belief-only,13,1,,0.9925,0.9916,,0.9925,0.9916,,10,27,,OFF
1790598767.1907086,8,395,0,belief-only,13,2,,0.9925,0.9933,,0.9925,0.9933,,10,27,,OFF
1790598767.1910305,5,402,1,belief-only,13,2,,0.0,0.0,,0.0,0.0,,10,28,,OFF
1790598767.7784317,1,398,1,belief-only,13,2,,0.1119,0.7204,,0.1119,0.7204,,10,29,,OFF
1790598770.4383225,6,403,1,belief-only,13,2,,0.9898,0.9914,,0.9898,0.9914,,9,30,,OFF
1790598771.2873626,10,396,1,belief-only,13,2,,0.994,0.9943,,0.994,0.9943,,9,30,,OFF
1790598775.194465,4,407,0,belief-only,13,2,,0.9925,0.9933,,0.9925,0.9933,,9,29,,OFF
1790598777.3236878,8,396,1,belief-only,13,2,,0.9925,0.9925,,0.9925,0.9925,,8,29,,OFF
1790598778.842058,7,406,1,belief-only,13,1,,0.9925,0.9901,,0.9925,0.9901,,9,27,,OFF
1790598779.196345,9,408,0,belief-only,13,2,,0.9932,0.9942,,0.9932,0.9942,,9,28,,OFF
1790598779.1972277,3,399,0,belief-only,13,1,,0.8804,0.8689,,0.8804,0.8689,,10,28,,OFF
1790598779.2695043,2,334,1,belief-only,13,1,,0.9942,0.9925,,0.9942,0.9925,,11,28,,OFF
1790598783.3866632,4,408,1,belief-only,13,1,,0.3062,0.0097,,0.3062,0.0097,,10,28,,OFF
1790598784.169741,1,399,1,belief-only,13,2,,0.9899,0.9933,,0.9899,0.9933,,10,29,,OFF
1790598785.2092638,10,397,1,belief-only,13,2,,0.9926,0.9933,,0.9926,0.9933,,10,28,,ON
1790598785.6377687,6,404,1,belief-only,13,2,,0.9913,0.9933,,0.9913,0.9933,,10,28,,ON
1790598789.0754344,9,409,1,belief-only,13,2,,0.9852,0.9942,,0.9852,0.9942,,10,28,,ON
1790598789.2111778,5,403,0,belief-only,13,2,,0.9842,0.9881,,0.9842,0.9881,,10,29,,ON
1790598792.6067815,7,407,1,belief-only,13,1,,0.9466,0.0,,0.9466,0.0,,11,28,,ON
1790598793.5980535,2,335,1,belief-only,13,1,,0.0004,0.0,,0.0004,0.0,,12,27,,ON
1790598795.2139943,3,400,0,belief-only,13,1,,0.0,0.0,,0.0,0.0,,13,27,,ON
1790598798.08438,4,409,1,belief-only,13,1,,0.9802,0.0,,0.9802,0.0,,14,26,,ON
1790598798.9510205,5,404,1,belief-only,13,1,,0.9924,0.9881,,0.9924,0.9881,,15,25,,ON
1790598799.890296,1,400,1,belief-only,13,2,,0.9924,0.9933,,0.9924,0.9933,,14,25,,ON
1790598800.5059159,10,398,1,belief-only,13,2,,0.0009,0.8965,,0.0009,0.8965,,14,26,,ON
1790598801.7350228,6,405,1,belief-only,13,1,,0.8519,0.0,,0.8519,0.0,,14,26,,ON
1790598805.1027918,3,401,1,belief-only,13,2,,0.0001,0.1673,,0.0001,0.1673,,13,26,,ON
1790598805.502081,9,410,1,belief-only,13,1,,0.9935,0.0,,0.9935,0.0,,14,25,,ON
1790598807.0228524,7,408,1,belief-only,13,1,,0.8918,0.0,,0.8918,0.0,,14,25,,OFF
1790598808.6406715,2,336,1,belief-only,13,1,,0.3011,0.0,,0.3011,0.0,,15,23,,OFF
1790598812.2745657,4,410,1,belief-only,13,2,,0.9914,0.9931,,0.9914,0.9931,,15,22,,OFF
1790598814.0994759,5,405,1,belief-only,13,2,,0.9925,0.9933,,0.9925,0.9933,,15,22,,OFF
1790598814.5830252,1,401,1,belief-only,13,2,,0.9924,0.9938,,0.9924,0.9938,,15,22,,OFF
1790598815.097343,10,399,1,belief-only,13,2,,0.9941,0.9942,,0.9941,0.9942,,15,23,,OFF
1790598815.8850672,6,406,1,belief-only,13,2,,0.9886,0.9894,,0.9886,0.9894,,14,24,,OFF
1790598819.1268642,9,411,1,belief-only,13,2,,0.9925,0.9933,,0.9925,0.9933,,14,23,,OFF
1790598819.9569414,7,409,1,belief-only,13,2,,0.9925,0.9933,,0.9925,0.9933,,14,24,,OFF
1790598821.136852,3,402,1,belief-only,13,1,,0.9926,0.9882,,0.9926,0.9882,,15,24,,OFF
1790598821.743583,2,337,1,belief-only,13,1,,0.9938,0.9933,,0.9938,0.9933,,16,24,,OFF
1790598823.481303,8,399,1,belief-only,13,2,,0.9924,0.9943,,0.9924,0.9943,,16,24,,OFF
1790598827.2775586,1,402,1,belief-only,13,2,,0.9901,0.9932,,0.9901,0.9932,,15,23,,OFF
1790598828.2430096,5,406,1,belief-only,13,2,,0.9925,0.9925,,0.9925,0.9925,,15,23,,OFF
1790598828.965842,10,400,1,belief-only,13,1,,0.9942,0.9897,,0.9942,0.9897,,16,23,,OFF
1790598829.1615336,4,411,1,belief-only,13,2,,0.8759,0.9926,,0.8759,0.9926,,16,24,,OFF
1790598831.0033858,6,407,1,belief-only,13,2,,0.9916,0.9925,,0.9916,0.9925,,16,24,,OFF
1790598832.5732498,9,412,1,belief-only,13,2,,0.9925,0.9932,,0.9925,0.9932,,16,24,,OFF
1790598835.3099132,7,410,1,belief-only,13,1,,0.9925,0.9901,,0.9925,0.9901,,17,23,,OFF
1790598836.4373376,2,338,1,belief-only,13,2,,0.8943,0.9924,,0.8943,0.9924,,17,24,,OFF
1790598837.224567,8,400,1,belief-only,13,2,,0.9933,0.9942,,0.9933,0.9942,,17,25,,OFF
1790598840.711378,1,403,1,belief-only,13,1,,0.9901,0.9901,,0.9901,0.9901,,15,23,,OFF
1790598841.2337937,3,403,0,belief-only,13,2,,0.9938,0.994,,0.9938,0.994,,15,24,,OFF
1790598841.6567667,5,407,1,belief-only,13,2,,0.9923,0.9932,,0.9923,0.9932,,15,25,,OFF
1790598844.3854754,6,408,1,belief-only,13,2,,0.7935,0.9943,,0.7935,0.9943,,14,25,,ON
1790598844.4823155,4,412,1,belief-only,13,2,,0.8759,0.9936,,0.8759,0.9936,,14,26,,ON
1790598844.783448,10,401,1,belief-only,13,1,,0.9942,0.9941,,0.9942,0.9941,,15,26,,ON
1790598846.6155179,9,413,1,belief-only,13,1,,0.9898,0.0,,0.9898,0.0,,16,24,,ON
1790598850.020469,7,411,1,belief-only,13,1,,0.9313,0.0,,0.9313,0.0,,17,22,,ON
1790598851.6865625,2,339,1,belief-only,13,1,,0.0,0.0,,0.0,0.0,,18,22,,ON
1790598852.0922294,3,404,1,belief-only,13,1,,0.0,0.0,,0.0,0.0,,19,22,,ON
1790598856.8700368,1,404,1,belief-only,13,1,,0.0,0.0,,0.0,0.0,,17,22,,ON
1790598858.1987667,5,408,1,belief-only,13,1,,0.9938,0.9932,,0.9938,0.9932,,17,22,,ON
1790598860.4814694,4,413,1,belief-only,13,1,,0.9373,0.0,,0.9373,0.0,,17,21,,OFF
1790598860.5098114,6,409,1,belief-only,13,1,,0.3952,0.0,,0.3952,0.0,,18,20,,OFF
1790598860.5384533,9,414,1,belief-only,13,1,,0.9842,0.0,,0.9842,0.0,,19,20,,OFF
1790598863.7580605,7,412,1,belief-only,13,1,,0.9925,0.9901,,0.9925,0.9901,,19,20,,OFF
1790598865.9242535,3,405,1,belief-only,13,1,,0.9933,0.99,,0.9933,0.99,,19,19,,OFF
1790598866.5998993,2,340,1,belief-only,13,1,,0.9926,0.9925,,0.9926,0.9925,,20,19,,OFF
1790598867.321156,8,402,1,belief-only,13,1,,0.9933,0.9932,,0.9933,0.9932,,20,19,,OFF
1790598872.6373577,1,405,1,belief-only,13,2,,0.0,0.9899,,0.0,0.9899,,19,19,,OFF
1790598874.4013844,10,403,1,belief-only,13,1,,0.9938,0.9925,,0.9938,0.9925,,20,18,,OFF
1790598876.0344102,6,410,1,belief-only,13,2,,0.9924,0.9931,,0.9924,0.9931,,20,16,,OFF
1790598876.4303615,9,415,1,belief-only,13,2,,0.9925,0.9933,,0.9925,0.9933,,20,17,,OFF
1790598876.7211337,4,414,1,belief-only,13,1,,0.0174,0.0,,0.0174,0.0,,21,17,,OFF
1790598896.5831478,2,342,1,ewma,13,2,,0.9,0.9915,,nan,0.5,,0,1,,OFF
1790598903.597493,10,405,1,ewma,13,2,,0.9939,0.0009,,0.5,0.5,,0,2,,OFF
1790598903.6765,1,407,1,ewma,13,1,,0.9833,0.9894,,0.5,0.5,,1,2,,OFF
1790598904.1859486,5,411,1,ewma,13,1,,0.9925,0.9925,,0.5,0.5,,2,2,,OFF
1790598904.789729,6,412,1,ewma,13,1,,0.9925,0.9925,,0.5,0.5,,3,2,,OFF
1790598905.3389874,9,417,1,ewma,13,1,,0.0004,0.0062,,0.5,0.5,,4,2,,OFF
1790598905.7124915,4,416,1,ewma,13,1,,0.9924,0.9938,,0.5,0.5,,5,2,,OFF
1790598910.3698986,7,415,1,ewma,13,1,,0.823,0.0016,,0.5,0.5,,6,2,,OFF
1790598910.7556052,8,405,1,ewma,13,1,,0.9932,0.9943,,0.5,0.5,,7,2,,OFF
1790598911.5627763,2,343,1,ewma,13,1,,0.9932,0.9942,,0.5,0.4,,8,2,,OFF
1790598915.775343,3,408,0,ewma,13,2,,0.989,0.9878,,0.5,0.5,,8,3,,OFF
1790598918.2183897,10,406,1,ewma,13,2,,0.9933,0.0,,0.5,0.6,,8,4,,OFF
1790598924.6648784,7,416,1,ewma,13,1,,0.9901,0.9614,,0.6,0.5,,9,4,,ON
1790598924.7782443,6,413,0,ewma,13,1,,0.9875,0.9888,,0.6,0.5,,10,4,,ON
1790598925.4771922,3,409,1,ewma,13,1,,0.9925,0.9901,,0.5,0.4,,11,4,,ON
1790598926.5208302,2,344,1,ewma,13,1,,0.9926,0.9942,,0.6,0.4,,12,4,,ON
1790598930.7809114,8,406,0,ewma,13,1,,0.9926,0.9933,,0.6,0.5,,13,4,,ON
1790598932.0819626,10,407,1,ewma,13,2,,0.9795,0.0,,0.5,0.68,,13,5,,ON
1790598935.2354944,1,409,1,ewma,13,2,,0.9925,0.0,,0.5,0.5,,13,6,,ON
1790598935.826428,6,414,1,ewma,13,2,,0.99,0.9888,,0.48,0.5,,13,7,,ON
1790598938.402096,3,410,1,ewma,13,1,,0.9899,0.9901,,0.6,0.4,,14,7,,ON
1790598938.7835932,5,413,0,ewma,13,1,,0.0004,0.9925,,0.5,0.5,,15,7,,ON
1790598939.1090522,7,417,1,ewma,13,1,,0.923,0.0,,0.68,0.5,,16,7,,ON
1790598939.7850885,9,419,0,ewma,13,2,,0.7743,0.0062,,0.5,0.5,,16,8,,ON
1790598946.7881913,2,345,0,ewma,13,1,,0.0,0.0,,0.48,0.4,,17,8,,OFF
1790598947.5031307,10,408,1,ewma,13,2,,0.9005,0.0,,0.5,0.544,,17,9,,OFF
1790598948.968485,5,414,1,ewma,13,2,,0.9901,0.9915,,0.4,0.5,,17,10,,OFF
1790598949.8434138,9,420,1,ewma,13,1,,0.9901,0.9901,,0.5,0.4,,18,10,,OFF
1790598950.704283,4,419,1,ewma,13,2,,0.9915,0.9936,,0.5,0.5,,18,11,,OFF
1790598951.297165,6,415,1,ewma,13,1,,0.003,0.0,,0.48,0.4,,19,11,,OFF
1790598951.961602,1,410,1,ewma,13,1,,0.9925,0.9936,,0.5,0.4,,20,11,,OFF
1790598952.6714966,7,418,1,ewma,13,1,,0.9926,0.9939,,0.744,0.5,,21,11,,OFF
1790598956.4038372,8,408,1,ewma,13,1,,0.9925,0.9943,,0.6,0.5,,22,11,,OFF
1790598957.7966812,3,411,0,ewma,13,1,,0.9938,0.9938,,0.68,0.4,,23,10,,OFF
1790598957.7976944,2,346,1,ewma,13,2,,0.9925,0.9926,,0.384,0.4,,23,11,,OFF
1790598962.0781436,10,409,1,ewma,13,1,,0.9938,0.9941,,0.5,0.4352,,24,11,,OFF
1790598962.439106,9,421,1,ewma,13,1,,0.9915,0.9915,,0.6,0.4,,25,11,,OFF
1790598963.143375,5,415,1,ewma,13,2,,0.9901,0.9915,,0.4,0.6,,25,12,,OFF
1790598964.398763,4,420,1,ewma,13,2,,0.9915,0.9933,,0.5,0.6,,23,12,,OFF
1790598964.8315904,1,411,1,ewma,13,1,,0.9914,0.9938,,0.6,0.4,,23,12,,OFF
1790598966.1456454,6,416,1,ewma,13,1,,0.9913,0.9938,,0.584,0.4,,22,12,,OFF
1790598966.5864434,7,419,1,ewma,13,1,,0.9932,0.9942,,0.7952,0.5,,23,12,,OFF
1790598967.2065957,3,412,1,ewma,13,1,,0.9932,0.9933,,0.544,0.4,,24,12,,OFF
1790598970.4131124,8,409,1,ewma,13,1,,0.9924,0.9943,,0.68,0.5,,24,12,,OFF
1790598974.1296592,2,347,1,ewma,13,1,,0.9915,0.9938,,0.384,0.32,,23,12,,OFF
1790598975.357247,9,422,1,ewma,13,1,,0.9759,0.0,,0.68,0.4,,24,12,,OFF
1790598977.913023,5,416,1,ewma,13,2,,0.9915,0.9933,,0.4,0.48,,24,12,,OFF
1790598978.2493193,1,412,1,ewma,13,1,,0.9901,0.9915,,0.68,0.4,,25,11,,OFF
1790598979.660465,7,420,1,ewma,13,1,,0.9925,0.9942,,0.8362,0.5,,26,11,,OFF
1790598980.4025257,6,417,1,ewma,13,1,,0.002,0.0306,,0.6672,0.4,,27,11,,OFF
1790598983.2295747,8,410,1,ewma,13,1,,0.9901,0.9938,,0.744,0.5,,28,11,,OFF
1790598987.1657917,2,348,1,ewma,13,1,,0.9932,0.9933,,0.5072,0.32,,25,11,,OFF
1790598989.3082871,9,423,1,ewma,13,1,,0.9925,0.9916,,0.744,0.4,,26,11,,OFF
1790598990.510884,5,417,1,ewma,13,2,,0.9915,0.9938,,0.4,0.584,,26,12,,OFF
1790598991.2179008,10,411,1,ewma,13,1,,0.9938,0.9925,,0.5,0.4352,,26,12,,OFF
1790598992.4662943,1,413,1,ewma,13,1,,0.9915,0.9901,,0.744,0.4,,27,11,,ON
1790598993.8359594,7,421,1,ewma,13,1,,0.9902,0.988,,0.8689,0.5,,28,11,,ON
1790598995.9575038,8,411,1,ewma,13,1,,0.0,0.0,,0.7952,0.5,,29,9,,ON
1790598998.811268,6,418,0,ewma,13,1,,0.8695,0.9891,,0.7338,0.4,,28,9,,ON
1790599001.044157,2,349,1,ewma,13,1,,0.9598,0.9005,,0.6058,0.32,,28,8,,ON
1790599001.8140814,3,414,0,ewma,13,1,,0.0016,0.0,,0.544,0.4,,29,8,,ON
1790599002.8156843,4,422,0,ewma,13,2,,0.9914,0.9933,,0.5,0.6,,29,9,,ON
1790599004.3404596,9,424,1,ewma,13,1,,0.985,0.0,,0.5952,0.4,,30,9,,OFF
1790599006.0064635,5,418,1,ewma,13,2,,0.988,0.9938,,0.4,0.4672,,30,10,,OFF
1790599007.0881438,10,412,1,ewma,13,2,,0.9933,0.9928,,0.4,0.4352,,29,11,,OFF
1790599007.6160638,7,422,1,ewma,13,1,,0.9914,0.9933,,0.8951,0.5,,30,10,,OFF
1790599008.818553,1,414,1,ewma,13,1,,0.99,0.9933,,0.5952,0.4,,31,10,,OFF
1790599009.9516215,6,419,1,ewma,13,1,,0.9901,0.9938,,0.587,0.4,,31,9,,OFF
1790599011.4053912,3,415,1,ewma,13,1,,0.9915,0.9933,,0.4352,0.4,,31,8,,OFF
1790599012.549249,8,412,1,ewma,13,1,,0.9925,0.9938,,0.6362,0.5,,31,8,,OFF
1790599013.0599794,4,423,1,ewma,13,1,,0.9915,0.9925,,0.5,0.48,,31,8,,OFF
1790599014.3948417,2,350,1,ewma,13,1,,0.99,0.9925,,0.6846,0.32,,32,8,,OFF
1790599018.160844,9,425,1,ewma,13,1,,0.9925,0.9938,,0.6762,0.4,,31,7,,OFF
1790599020.0966127,10,413,1,ewma,13,2,,0.9933,0.9933,,0.4,0.5482,,31,8,,OFF
1790599021.578043,7,423,1,ewma,13,1,,0.9932,0.9933,,0.9161,0.5,,32,8,,OFF
1790599022.171152,5,419,1,ewma,13,1,,0.9923,0.0016,,0.4,0.3738,,32,8,,OFF
1790599022.6826954,6,420,1,ewma,13,1,,0.9924,0.9925,,0.6696,0.4,,32,8,,OFF
1790599022.8755918,1,415,1,ewma,13,1,,0.9882,0.9901,,0.6762,0.4,,33,8,,OFF
1790599025.066311,3,416,1,ewma,13,1,,0.9926,0.9933,,0.5482,0.4,,33,6,,OFF
1790599025.876805,8,413,1,ewma,13,1,,0.9925,0.0,,0.7089,0.5,,34,6,,OFF
1790599026.3881986,4,424,1,ewma,13,1,,0.9925,0.9938,,0.6,0.48,,34,6,,OFF
1790599028.6489532,2,351,1,ewma,13,1,,0.9914,0.9942,,0.7477,0.32,,33,6,,OFF
1790599033.5504384,9,426,1,ewma,13,1,,0.9821,0.0,,0.7409,0.4,,33,6,,OFF
1790599034.0123696,10,414,1,ewma,13,2,,0.9901,0.0555,,0.4,0.6385,,33,7,,OFF
1790599034.4471912,7,424,1,ewma,13,1,,0.9897,0.9937,,0.9329,0.5,,33,7,,OFF
1790599037.7016416,6,421,1,ewma,13,1,,0.9915,0.9926,,0.5357,0.4,,33,7,,OFF
1790599038.5919921,5,420,1,ewma,13,2,,0.9926,0.9933,,0.32,0.3738,,32,7,,OFF
1790599039.1359482,1,416,1,ewma,13,1,,0.9938,0.9925,,0.5409,0.4,,33,7,,ON
1790599039.9641304,3,417,1,ewma,13,1,,0.9933,0.9938,,0.6385,0.4,,33,7,,ON
1790599040.5789218,4,425,1,ewma,13,1,,0.9938,0.9899,,0.68,0.48,,33,7,,ON
1790599041.081032,8,414,1,ewma,13,1,,0.9901,0.9915,,0.7671,0.5,,34,7,,ON
1790599042.7237928,2,352,1,ewma,13,1,,0.9914,0.9895,,0.7981,0.32,,35,7,,ON
1790599051.2636862,7,425,1,ewma,13,1,,0.1372,0.0,,0.9463,0.5,,32,6,,ON
1790599051.3050933,10,415,1,ewma,13,2,,0.9669,0.0555,,0.4,0.5108,,32,7,,ON
1790599051.3514194,9,427,1,ewma,13,1,,0.9801,0.0,,0.5927,0.4,,33,7,,ON
1790599054.8261921,6,422,1,ewma,13,1,,0.8694,0.9926,,0.6285,0.4,,32,7,,ON
1790599054.8450603,3,418,1,ewma,13,1,,0.9523,0.9938,,0.7108,0.4,,33,7,,ON
1790599054.8600297,4,426,1,ewma,13,1,,0.9895,0.9899,,0.744,0.48,,34,7,,ON
1790599055.3070328,1,417,1,ewma,13,1,,0.6869,0.9925,,0.4327,0.4,,35,7,,ON
1790599059.8354392,5,421,0,ewma,13,2,,0.0,0.0,,0.32,0.499,,33,8,,ON
1790599062.8381886,2,353,0,ewma,13,1,,0.0,0.0,,0.6385,0.32,,32,7,,OFF
1790599064.6746993,7,426,1,ewma,13,1,,0.1456,0.0,,0.7571,0.5,,32,7,,OFF
1790599065.384918,9,428,1,ewma,13,1,,0.9915,0.9938,,0.4742,0.4,,33,7,,OFF
1790599067.7116952,6,423,1,ewma,13,1,,0.8535,0.9938,,0.5028,0.4,,33,5,,OFF
1790599067.9658675,3,419,1,ewma,13,1,,0.9915,0.9926,,0.7687,0.4,,34,5,,OFF
1790599093.1572235,7,428,1,state-aware,13,1,,0.9915,0.989,,0.9915,0.989,,1,0,,ON
1790599095.3977761,9,430,1,state-aware,13,1,,0.5988,0.0,,0.5988,0.0,,2,0,,ON
1790599097.4370973,6,425,1,state-aware,13,2,,0.5473,0.9,,0.5473,0.9,,2,1,,ON
1790599099.142763,4,429,1,state-aware,13,2,,0.8495,0.9,,0.8495,0.9,,2,2,,ON
1790599101.4395516,10,418,0,state-aware,13,2,,0.0,0.0,,0.0,0.0,,2,3,,ON
1790599104.9221542,2,356,1,state-aware,13,1,,0.0,0.0,,0.0,0.0,,3,3,,ON
1790599106.4414182,1,420,0,state-aware,13,2,,0.0,0.9,,0.0,0.9,,3,4,,ON
1790599106.9663148,7,429,1,state-aware,13,2,,0.9901,0.9899,,0.9251,0.9899,,3,5,,ON
1790599110.4436347,8,418,0,state-aware,13,1,,0.0,0.0,,0.0,0.0,,4,5,,OFF
1790599111.0602262,9,431,1,state-aware,13,2,,0.99,0.9915,,0.8917,0.9915,,4,6,,OFF
1790599111.7961464,10,419,1,state-aware,13,1,,0.9914,0.9915,,0.9914,0.8929,,5,6,,OFF
1790599112.2546964,6,426,1,state-aware,13,1,,0.9914,0.9915,,0.9914,0.8929,,6,6,,OFF
1790599113.5826,4,430,1,state-aware,13,1,,0.9914,0.9925,,0.9914,0.8937,,7,6,,OFF
1790599115.2341323,3,422,1,state-aware,13,1,,0.9933,0.9914,,0.9933,0.9914,,8,6,,OFF
1790599116.2877693,5,425,1,state-aware,13,1,,0.8975,0.8689,,0.8975,0.8689,,9,6,,OFF
1790599119.3562996,2,357,1,state-aware,13,2,,0.9901,0.9937,,0.8917,0.9937,,9,7,,OFF
1790599120.0726862,8,419,1,state-aware,13,2,,0.9943,0.9943,,0.8953,0.9943,,9,8,,OFF
1790599121.4469767,1,421,0,state-aware,13,2,,0.8804,0.9839,,0.8804,0.8866,,9,9,,OFF
1790599122.4339514,7,430,1,state-aware,13,1,,0.9914,0.9915,,0.9262,0.8929,,10,9,,OFF
1790599124.2716014,9,432,1,state-aware,13,2,,0.9915,0.9901,,0.8929,0.9251,,10,10,,OFF
1790599126.0413957,10,420,1,state-aware,13,1,,0.9924,0.9925,,0.927,0.8937,,11,10,,OFF
1790599126.8283331,4,431,1,state-aware,13,1,,0.9925,0.9899,,0.9271,0.8916,,12,10,,OFF
1790599128.596266,6,427,1,state-aware,13,2,,0.8768,0.99,,0.7974,0.8917,,12,11,,OFF
1790599129.1408432,5,426,1,state-aware,13,2,,0.985,0.9939,,0.9208,0.9939,,12,12,,OFF
1790599131.4301674,1,422,1,state-aware,13,1,,0.9925,0.9915,,0.9925,0.7996,,13,12,,OFF
1790599133.2746387,8,420,1,state-aware,13,2,,0.9938,0.9942,,0.8949,0.9285,,13,13,,OFF
1790599134.0043452,2,358,1,state-aware,13,2,,0.9932,0.9924,,0.8943,0.927,,13,14,,OFF
1790599136.9445117,7,431,1,state-aware,13,1,,0.9923,0.9931,,0.9031,0.8943,,14,14,,ON
1790599137.9991934,9,433,1,state-aware,13,2,,0.9925,0.9944,,0.8937,0.9046,,14,15,,ON
1790599139.8000457,4,432,1,state-aware,13,1,,0.6419,0.0002,,0.6528,0.0668,,15,15,,ON
1790599141.8641272,6,428,1,state-aware,13,1,,0.9902,0.99,,0.8918,0.8557,,16,15,,ON
1790599143.0447054,5,427,1,state-aware,13,2,,0.0,0.0,,0.1,0.1,,16,16,,ON
1790599144.7600331,1,423,1,state-aware,13,1,,0.9928,0.9915,,0.9274,0.7996,,17,16,,ON
1790599147.7773757,2,359,1,state-aware,13,2,,0.0,0.0,,0.0667,0.1943,,17,17,,ON
1790599150.0883026,7,432,1,state-aware,13,1,,0.0016,0.0,,0.28,0.0667,,18,17,,ON
1790599150.4569051,3,424,0,state-aware,13,2,,0.9911,0.9914,,0.9911,0.9914,,18,18,,ON
1790599153.8429685,9,434,1,state-aware,13,1,,0.861,0.0,,0.7842,0.204,,18,18,,OFF
1790599154.7602956,4,433,1,state-aware,13,1,,0.1132,0.0,,0.3498,0.0667,,19,18,,OFF
1790599155.9772835,10,422,1,state-aware,13,1,,0.9942,0.9902,,0.9285,0.8918,,19,18,,OFF
1790599157.3346145,6,429,1,state-aware,13,2,,0.9914,0.9901,,0.7996,0.8558,,19,19,,OFF
1790599158.3405607,5,428,1,state-aware,13,1,,0.9915,0.9925,,0.9262,0.8461,,20,18,,OFF
1790599159.823638,3,425,1,state-aware,13,1,,0.9925,0.9938,,0.9925,0.8948,,21,17,,OFF
1790599160.4490228,1,424,1,state-aware,13,1,,0.9938,0.9899,,0.847,0.7985,,22,17,,OFF
1790599162.6369505,7,433,1,state-aware,13,1,,0.9932,0.9931,,0.9052,0.8942,,23,16,,OFF
1790599163.273997,2,360,1,state-aware,13,1,,0.9933,0.9915,,0.8944,0.8237,,24,16,,OFF
1790599166.6762865,9,435,1,state-aware,13,1,,0.9932,0.9929,,0.858,0.8246,,24,15,,OFF
1790599168.0690598,4,434,1,state-aware,13,1,,0.9931,0.9931,,0.9051,0.8943,,25,14,,OFF
1790599169.4648666,8,422,0,state-aware,13,2,,0.9868,0.9825,,0.889,0.9188,,25,15,,OFF
1790599170.476705,6,430,1,state-aware,13,1,,0.9756,0.3261,,0.7883,0.4348,,25,15,,OFF
1790599170.7379484,10,423,1,state-aware,13,1,,0.9933,0.9901,,0.9038,0.8917,,26,15,,OFF
1790599172.0584147,5,429,1,state-aware,13,1,,0.9916,0.9916,,0.9025,0.8454,,26,14,,OFF
1790599173.4241433,3,426,1,state-aware,13,1,,0.9926,0.9933,,0.9271,0.8944,,26,14,,OFF
1790599174.0353184,1,425,1,state-aware,13,1,,0.9933,0.9882,,0.8398,0.7973,,26,14,,OFF
1790599175.9692924,2,361,1,state-aware,13,1,,0.9925,0.9942,,0.8575,0.8254,,26,14,,OFF
1790599179.376833,8,423,1,state-aware,13,1,,0.9933,0.9938,,0.8944,0.847,,26,13,,OFF
1790599181.4819767,9,436,1,state-aware,13,2,,0.9932,0.9924,,0.7768,0.8242,,26,12,,OFF
1790599181.482516,7,434,0,state-aware,13,1,,0.9914,0.9933,,0.9138,0.8944,,27,12,,OFF
1790599181.9871988,4,435,1,state-aware,13,1,,0.9933,0.9933,,0.9147,0.8944,,28,12,,OFF
1790599184.4438014,6,431,1,state-aware,13,2,,0.1511,0.9885,,0.2654,0.8488,,27,12,,OFF
1790599185.2760417,5,430,1,state-aware,13,1,,0.9901,0.9933,,0.8978,0.8466,,28,12,,OFF
1790599186.3853416,3,427,1,state-aware,13,1,,0.9932,0.9941,,0.9037,0.8951,,28,12,,ON
1790599187.5457776,1,426,1,state-aware,13,1,,0.9915,0.9899,,0.8474,0.7985,,28,12,,ON
1790599190.4871075,10,424,0,state-aware,13,1,,0.9915,0.0,,0.8987,0.0667,,29,10,,ON
1790599191.4616067,7,435,1,state-aware,13,2,,0.791,0.9933,,0.7244,0.8944,,28,11,,ON
1790599191.6396394,2,362,1,state-aware,13,2,,0.0,0.0,,0.156,0.204,,28,12,,ON
1790599195.5322254,4,436,1,state-aware,13,1,,0.99,0.9933,,0.924,0.8944,,29,10,,ON
1790599196.2756193,9,437,1,state-aware,13,1,,0.9738,0.0,,0.7647,0.1934,,30,10,,ON
1790599198.9161336,5,431,1,state-aware,13,1,,0.0,0.0,,0.3534,0.1371,,30,9,,OFF
1790599199.6297946,6,432,1,state-aware,13,2,,0.0008,0.0,,0.1715,0.219,,30,10,,OFF
1790599200.1209574,10,425,1,state-aware,13,1,,0.0,0.0,,0.2645,0.0667,,30,10,,OFF
1790599201.712094,1,427,1,state-aware,13,1,,0.0,0.0,,0.3669,0.0914,,31,10,,OFF
1790599206.6731544,2,363,1,state-aware,13,1,,0.9915,0.9933,,0.7757,0.7453,,30,9,,OFF
1790599207.7039092,7,436,1,state-aware,13,1,,0.9931,0.9931,,0.8163,0.8008,,31,9,,OFF
1790599209.221511,8,425,1,state-aware,13,1,,0.9943,0.9942,,0.8953,0.8473,,32,8,,OFF
1790599210.2544734,4,437,1,state-aware,13,1,,0.9915,0.9915,,0.9353,0.8929,,32,8,,OFF
1790599211.6850836,5,432,1,state-aware,13,1,,0.9924,0.9933,,0.9143,0.8466,,33,7,,OFF
1790599212.5283258,9,438,1,state-aware,13,2,,0.9915,0.9915,,0.6987,0.7443,,33,8,,OFF
1790599213.9621851,10,426,1,state-aware,13,2,,0.0,0.9883,,0.3381,0.8903,,32,9,,OFF
1790599214.4834356,3,429,1,state-aware,13,1,,0.9933,0.9901,,0.9038,0.8917,,33,9,,OFF
1790599216.0226102,6,433,1,state-aware,13,1,,0.9924,0.9926,,0.7913,0.6934,,32,9,,OFF
1790599216.7051246,1,428,1,state-aware,13,2,,0.9933,0.99,,0.7717,0.7986,,32,10,,OFF
1790599221.0294468,2,364,1,state-aware,13,1,,0.9915,0.9915,,0.7876,0.7443,,30,9,,OFF
1790599221.821515,7,437,1,state-aware,13,1,,0.9901,0.9933,,0.8414,0.8009,,31,9,,OFF
1790599222.8651655,4,438,1,state-aware,13,1,,0.9915,0.9881,,0.9451,0.8901,,31,9,,OFF
1790599223.5947783,8,426,1,state-aware,13,1,,0.9901,0.9915,,0.8558,0.8454,,31,9,,OFF
1790599225.867863,5,433,1,state-aware,13,1,,0.9925,0.9944,,0.9251,0.8474,,32,9,,OFF
1790599227.3564742,9,439,1,state-aware,13,1,,0.9802,0.9924,,0.6925,0.6703,,32,9,,OFF
1790599228.6222594,10,427,1,state-aware,13,2,,0.9943,0.9932,,0.8352,0.858,,31,10,,OFF
1790599230.9699256,1,429,1,state-aware,13,1,,0.9887,0.8951,,0.7696,0.7304,,30,9,,OFF
1790599233.8512814,2,365,1,state-aware,13,1,,0.9944,0.9931,,0.8103,0.7452,,29,9,,OFF
1790599235.081329,7,438,1,state-aware,13,1,,0.9924,0.9932,,0.8667,0.8009,,29,9,,OFF
1790599236.1879954,4,439,1,state-aware,13,1,,0.9925,0.9925,,0.9542,0.8937,,29,9,,OFF
1790599236.5033174,6,434,0,state-aware,13,1,,0.9915,0.9933,,0.8019,0.6937,,30,9,,OFF
1790599237.4992712,8,427,1,state-aware,13,1,,0.9933,0.9925,,0.8518,0.8461,,31,9,,OFF
1790599240.0544178,5,434,1,state-aware,13,1,,0.9925,0.9926,,0.9357,0.8461,,31,9,,OFF
1790599240.4626417,9,440,1,state-aware,13,1,,0.9915,0.9915,,0.7289,0.6698,,32,9,,OFF
1790599242.1026454,10,428,1,state-aware,13,2,,0.9925,0.9926,,0.8344,0.8514,,30,9,,OFF
1790599243.648417,1,430,1,state-aware,13,2,,0.0004,0.9854,,0.3908,0.7869,,30,10,,OFF
1790599244.159532,3,431,1,state-aware,13,1,,0.9915,0.9914,,0.9025,0.8928,,31,10,,OFF
1790599247.1612313,6,435,1,state-aware,13,1,,0.9914,0.99,,0.7216,0.6921,,30,9,,OFF
1790599248.4454052,2,366,1,state-aware,13,1,,0.9942,0.9932,,0.8343,0.7452,,30,9,,OFF
1790599248.9600306,4,440,1,state-aware,13,1,,0.0304,0.3646,,0.641,0.3705,,31,9,,OFF
1790599249.4723337,7,439,1,state-aware,13,1,,0.9915,0.9915,,0.888,0.7997,,32,9,,OFF
1790599250.8306832,8,428,1,state-aware,13,1,,0.9926,0.9938,,0.8593,0.847,,32,9,,OFF
1790599253.1938586,9,441,1,state-aware,13,1,,0.9915,0.9911,,0.7632,0.6696,,33,7,,OFF
1790599254.800203,10,429,1,state-aware,13,2,,0.9931,0.9932,,0.8347,0.8597,,33,8,,OFF
1790599256.7541246,3,432,1,state-aware,13,1,,0.9926,0.9915,,0.8994,0.8929,,32,8,,OFF
1790599257.0533504,1,431,1,state-aware,13,1,,0.9939,0.9931,,0.8047,0.8028,,33,8,,OFF
1790599258.5123992,5,435,0,state-aware,13,1,,0.9925,0.9926,,0.9455,0.8461,,34,8,,ON
1790599279.2864442,7,441,1,ewma,14,1,,0.9784,0.9,,0.5,0.5,,1,0,,ON
1790599282.6811736,9,443,1,ewma,14,1,,0.3843,0.0,,0.5,0.5,,2,0,,OFF
1790599284.010096,5,437,1,ewma,14,2,,0.7143,0.6027,,0.5,0.5,,2,1,,OFF
1790599286.5577338,1,433,1,ewma,14,2,,0.9925,0.9914,,0.5,0.5,,2,2,,OFF
1790599290.0913608,10,431,0,ewma,14,2,,0.0,0.0,,0.5,0.5,,2,3,,OFF
1790599291.8939645,4,443,1,ewma,14,1,,0.9914,0.9914,,0.5,0.5,,3,3,,OFF
1790599292.596799,2,369,1,ewma,14,2,,0.9916,0.9916,,0.5,0.5,,3,4,,OFF
1790599293.0926325,6,438,1,ewma,14,2,,0.9914,0.9925,,0.5,0.5,,3,5,,OFF
1790599295.445585,7,442,1,ewma,14,2,,0.9795,0.0,,0.4,0.5,,3,6,,OFF
1790599296.060725,9,444,1,ewma,14,1,,0.9925,0.9925,,0.6,0.5,,4,6,,OFF
1790599297.4980175,5,438,1,ewma,14,2,,0.9933,0.9926,,0.5,0.6,,4,7,,OFF
1790599299.8729107,1,434,1,ewma,14,2,,0.0,0.0,,0.5,0.6,,4,8,,OFF
1790599301.0957797,8,431,0,ewma,14,2,,0.8804,0.989,,0.5,0.5,,4,9,,OFF
1790599301.3942804,3,435,1,ewma,14,1,,0.9925,0.9901,,0.5,0.5,,5,9,,OFF
1790599304.5878332,4,444,1,ewma,14,1,,0.9915,0.9901,,0.6,0.5,,6,9,,OFF
1790599305.887749,2,370,1,ewma,14,2,,0.994,0.9937,,0.5,0.6,,6,10,,OFF
1790599306.0980303,10,432,0,ewma,14,1,,0.8887,0.8592,,0.5,0.4,,7,10,,OFF
1790599307.0663543,6,439,1,ewma,14,2,,0.9901,0.9925,,0.5,0.6,,7,11,,OFF
1790599310.722759,8,432,1,ewma,14,1,,0.9925,0.9942,,0.5,0.4,,8,11,,OFF
1790599311.0324311,5,439,1,ewma,14,2,,0.9941,0.9931,,0.5,0.68,,8,12,,OFF
1790599313.2928493,1,435,1,ewma,14,2,,0.9916,0.9901,,0.5,0.68,,8,13,,OFF
1790599314.1025245,9,445,0,ewma,14,1,,0.9899,0.9925,,0.68,0.5,,9,13,,OFF
1790599315.1129467,7,443,0,ewma,14,2,,0.9888,0.7741,,0.4,0.6,,9,14,,OFF
1790599315.6537282,10,433,1,ewma,14,1,,0.9933,0.9925,,0.4,0.4,,10,14,,OFF
1790599316.861104,3,436,1,ewma,14,1,,0.9933,0.9808,,0.6,0.5,,11,14,,OFF
1790599318.6094112,4,445,1,ewma,14,1,,0.9881,0.9933,,0.68,0.5,,12,14,,OFF
1790599320.5470562,2,371,1,ewma,14,2,,0.9932,0.9932,,0.5,0.68,,12,15,,OFF
1790599321.2082102,6,440,1,ewma,14,2,,0.9912,0.9938,,0.5,0.68,,12,16,,OFF
1790599324.0177643,8,433,1,ewma,14,1,,0.0977,0.8526,,0.6,0.4,,13,16,,OFF
1790599324.8248315,9,446,1,ewma,14,1,,0.9932,0.9942,,0.544,0.5,,14,16,,OFF
1790599326.9142752,1,436,1,ewma,14,2,,0.0,0.0,,0.5,0.744,,14,17,,OFF
1790599327.4137177,5,440,1,ewma,14,2,,0.9932,0.9944,,0.5,0.544,,14,18,,OFF
1790599330.1168072,7,444,0,ewma,14,2,,0.9915,0.9824,,0.4,0.48,,14,19,,OFF
1790599330.362267,3,437,1,ewma,14,1,,0.0,0.9808,,0.68,0.5,,15,19,,OFF
1790599330.5035725,10,434,1,ewma,14,1,,0.9933,0.9938,,0.52,0.4,,16,19,,OFF
1790599332.7546477,4,446,1,ewma,14,1,,0.9925,0.9942,,0.744,0.5,,17,19,,OFF
1790599334.0934575,2,372,1,ewma,14,2,,0.9916,0.9933,,0.5,0.744,,17,20,,OFF
1790599336.911181,6,441,1,ewma,14,2,,0.9915,0.9933,,0.5,0.544,,17,21,,ON
1790599338.175248,8,434,1,ewma,14,1,,0.9933,0.9925,,0.68,0.4,,18,21,,ON
1790599339.6903048,7,445,1,ewma,14,1,,0.9898,0.0,,0.4,0.384,,18,21,,ON
1790599341.8791845,5,441,1,ewma,14,2,,0.0117,0.0,,0.5,0.6352,,18,22,,ON
1790599341.9664397,1,437,1,ewma,14,2,,0.9938,0.8535,,0.5,0.5952,,18,23,,ON
1790599344.0225585,3,438,1,ewma,14,1,,0.0,0.9808,,0.744,0.5,,18,22,,ON
1790599344.1200051,9,447,0,ewma,14,1,,0.9925,0.9938,,0.6352,0.5,,19,22,,ON
1790599345.4541693,10,435,1,ewma,14,1,,0.0,0.0,,0.616,0.4,,20,22,,ON
1790599347.012325,4,447,1,ewma,14,1,,0.9854,0.9942,,0.7952,0.5,,21,21,,ON
1790599348.4149532,2,373,1,ewma,14,2,,0.0,0.0,,0.5,0.7952,,21,22,,ON
1790599353.849633,6,442,1,ewma,14,1,,0.9381,0.0,,0.5,0.4352,,21,19,,ON
1790599353.8855054,9,448,1,ewma,14,1,,0.0897,0.9938,,0.5082,0.5,,22,19,,ON
1790599355.1364374,5,442,1,ewma,14,2,,0.2504,0.0041,,0.5,0.7082,,22,20,,OFF
1790599357.8378427,1,438,1,ewma,14,1,,0.9914,0.9924,,0.5,0.4762,,22,18,,OFF
1790599358.9807003,3,439,1,ewma,14,1,,0.9916,0.9914,,0.5952,0.5,,23,18,,OFF
1790599359.1239798,7,446,0,ewma,14,1,,0.7907,0.0,,0.52,0.384,,24,18,,OFF
1790599361.6952562,10,436,1,ewma,14,1,,0.9925,0.9943,,0.4928,0.4,,24,16,,OFF
1790599362.3347116,4,448,1,ewma,14,1,,0.9914,0.9925,,0.6362,0.5,,25,16,,OFF
1790599363.834253,2,374,1,ewma,14,2,,0.9925,0.9926,,0.5,0.6362,,25,17,,OFF
1790599367.7564018,9,449,1,ewma,14,1,,0.0897,0.9912,,0.6065,0.5,,24,15,,OFF
1790599368.2790763,5,443,1,ewma,14,2,,0.2504,0.9944,,0.5,0.7665,,24,16,,OFF
1790599370.5694602,8,436,1,ewma,14,1,,0.9605,0.9821,,0.68,0.4,,25,16,,OFF
1790599370.6104233,7,447,1,ewma,14,1,,0.9938,0.9924,,0.416,0.384,,26,16,,OFF
1790599372.6687481,3,440,1,ewma,14,1,,0.9915,0.9901,,0.6762,0.5,,26,15,,OFF
1790599374.3934748,1,439,1,ewma,14,2,,0.9901,0.9915,,0.4,0.4762,,25,15,,OFF
1790599375.9658759,4,449,1,ewma,14,1,,0.4224,0.9925,,0.7089,0.5,,25,14,,OFF
1790599377.6979377,2,375,1,ewma,14,2,,0.9925,0.9915,,0.5,0.7089,,24,15,,OFF
1790599378.1302698,6,443,0,ewma,14,1,,0.9923,0.979,,0.6,0.4352,,25,15,,OFF
1790599381.1328237,10,437,0,ewma,14,1,,0.9933,0.9942,,0.5942,0.4,,25,14,,OFF
1790599381.8998914,5,444,1,ewma,14,2,,0.9915,0.9939,,0.5,0.8132,,25,14,,OFF
1790599382.8107398,9,450,1,ewma,14,1,,0.9924,0.9925,,0.6852,0.5,,26,14,,OFF
1790599383.6044185,6,444,1,ewma,14,1,,0.9931,0.9943,,0.48,0.4352,,27,14,,OFF
1790599384.8822448,7,448,1,ewma,14,1,,0.9922,0.9925,,0.5328,0.384,,26,14,,OFF
1790599385.4850245,3,441,1,ewma,14,1,,0.9932,0.9938,,0.7409,0.5,,27,14,,OFF
1790599389.4606035,1,440,1,ewma,14,1,,0.99,0.99,,0.4,0.3809,,28,12,,OFF
1790599389.8497307,4,450,1,ewma,14,1,,0.9924,0.9924,,0.7671,0.5,,29,12,,OFF
1790599390.1357656,8,437,0,ewma,14,1,,0.9897,0.992,,0.544,0.4,,30,11,,OFF
1790599390.9210658,10,438,1,ewma,14,1,,0.9923,0.9923,,0.4754,0.4,,29,11,,OFF
1790599393.0355327,2,376,1,ewma,14,2,,0.9882,0.9926,,0.5,0.5671,,28,12,,OFF
1790599395.832054,5,445,1,ewma,14,2,,0.9915,0.9933,,0.5,0.8506,,28,12,,OFF
1790599397.0387442,9,451,1,ewma,14,1,,0.0029,0.0054,,0.7482,0.5,,29,11,,OFF
1790599399.4009216,7,449,1,ewma,14,1,,0.4891,0.0041,,0.6262,0.384,,29,11,,OFF
1790599399.8100297,8,438,1,ewma,14,1,,0.8689,0.9923,,0.4352,0.4,,29,11,,OFF
1790599403.1132958,4,451,1,ewma,14,1,,0.0016,0.0,,0.8137,0.5,,30,9,,OFF
1790599403.5855427,1,441,1,ewma,14,1,,0.9914,0.9915,,0.52,0.3809,,31,9,,OFF
1790599404.1203463,10,439,1,ewma,14,1,,0.9938,0.9944,,0.5803,0.4,,30,9,,OFF
1790599405.1424794,6,445,0,ewma,14,1,,0.9925,0.9942,,0.584,0.4352,,31,9,,ON
1790599407.403571,2,377,1,ewma,14,2,,0.9915,0.9938,,0.5,0.6537,,29,10,,ON
1790599412.7104685,7,450,1,ewma,14,1,,0.9929,0.0041,,0.701,0.384,,30,9,,ON
1790599415.7911477,6,446,1,ewma,14,1,,0.9734,0.0,,0.4672,0.4352,,29,8,,OFF
1790599415.8242583,3,443,1,ewma,14,1,,0.9652,0.9938,,0.7409,0.5,,30,8,,OFF
1790599416.1469598,9,452,0,ewma,14,1,,0.8086,0.0054,,0.7985,0.5,,31,8,,OFF
1790599417.148428,5,446,0,ewma,14,2,,0.9941,0.9933,,0.5,0.6805,,31,9,,OFF
1790599417.2364624,1,442,1,ewma,14,1,,0.991,0.9914,,0.616,0.3809,,32,9,,OFF
1790599418.6521385,10,440,1,ewma,14,1,,0.9914,0.9925,,0.4643,0.4,,32,9,,OFF
1790599419.2571747,4,452,1,ewma,14,1,,0.9901,0.9915,,0.651,0.5,,31,9,,OFF
1790599422.5316813,2,378,1,ewma,14,2,,0.9899,0.9914,,0.5,0.523,,29,10,,OFF
1790599426.2815683,9,453,1,ewma,14,1,,0.9924,0.9924,,0.6388,0.5,,30,9,,OFF
1790599427.3345182,7,451,1,ewma,14,1,,0.9925,0.9578,,0.7608,0.384,,31,9,,OFF
1790599429.0861292,8,440,1,ewma,14,1,,0.9925,0.9924,,0.4352,0.4,,31,8,,OFF
1790599430.6662233,6,447,1,ewma,14,2,,0.9898,0.9914,,0.3738,0.4352,,29,9,,OFF
1790599430.708375,3,444,1,ewma,14,1,,0.9901,0.9915,,0.5927,0.5,,30,9,,OFF
1790599431.8473694,1,443,1,ewma,14,1,,0.0,0.0,,0.6928,0.3809,,31,9,,OFF
1790599432.4886563,10,441,1,ewma,14,1,,0.9901,0.9925,,0.5714,0.4,,32,9,,OFF
1790599433.3727698,4,453,1,ewma,14,1,,0.9901,0.9925,,0.7208,0.5,,32,9,,OFF
1790599434.1552136,5,447,0,ewma,14,2,,0.9916,0.9933,,0.5,0.5444,,32,10,,OFF
1790599435.052386,2,379,1,ewma,14,2,,0.9924,0.9926,,0.5,0.6184,,32,10,,OFF
1790599441.7921808,9,454,1,ewma,14,1,,0.9852,0.99,,0.5111,0.5,,30,9,,OFF
1790599442.2445557,5,448,1,ewma,14,1,,0.9925,0.9933,,0.5,0.4355,,31,8,,OFF
1790599443.3237174,7,452,1,ewma,14,1,,0.9915,0.9881,,0.6086,0.384,,31,8,,OFF
1790599444.6366813,6,448,1,ewma,14,1,,0.99,0.9915,,0.3738,0.3482,,31,8,,OFF
1790599445.1938086,3,445,1,ewma,14,1,,0.9932,0.9901,,0.6742,0.5,,31,8,,OFF
1790599445.69793,8,441,1,ewma,14,2,,0.9932,0.9932,,0.3482,0.4,,30,9,,OFF
1790599446.5190384,1,444,1,ewma,14,1,,0.0,0.0,,0.7542,0.3809,,31,9,,OFF
1790599447.8194768,4,454,1,ewma,14,1,,0.9932,0.9924,,0.7766,0.5,,32,9,,OFF
1790599449.2412117,2,380,1,ewma,14,2,,0.9925,0.9942,,0.5,0.6947,,32,10,,OFF
1790599473.5173972,5,450,1,state-aware,14,1,,0.9925,0.9767,,0.9925,0.9767,,1,0,,ON
1790599474.389548,7,454,1,state-aware,14,1,,0.9271,0.0,,0.9271,0.0,,2,0,,OFF
1790599475.535329,3,447,1,state-aware,14,2,,0.0,0.0,,0.0,0.0,,2,1,,OFF
1790599476.9073067,6,450,1,state-aware,14,1,,0.9768,0.0,,0.9768,0.0,,3,1,,OFF
1790599477.6510649,2,382,1,state-aware,14,2,,0.0,0.9793,,0.0,0.9793,,3,2,,OFF
1790599477.7312174,9,456,0,state-aware,14,1,,0.9809,0.0,,0.9809,0.0,,4,2,,OFF
1790599478.3768237,4,456,1,state-aware,14,1,,0.9878,0.9839,,0.9878,0.9839,,5,2,,OFF
1790599479.2902687,10,444,1,state-aware,14,2,,0.9913,0.9942,,0.9913,0.9942,,5,3,,OFF
1790599483.7339208,1,446,0,state-aware,14,2,,0.9862,0.9862,,0.9862,0.9862,,5,4,,OFF
1790599486.3566635,9,457,1,state-aware,14,2,,0.9915,0.9915,,0.8929,0.9915,,5,5,,OFF
1790599488.513745,5,451,1,state-aware,14,2,,0.9925,0.9938,,0.9271,0.9938,,5,6,,OFF
1790599489.3186986,3,448,1,state-aware,14,1,,0.993,0.992,,0.993,0.9267,,6,6,,OFF
1790599490.562684,6,451,1,state-aware,14,2,,0.9914,0.9924,,0.9262,0.9924,,6,7,,OFF
1790599492.3201067,10,445,1,state-aware,14,1,,0.9925,0.0,,0.9925,0.1,,7,7,,OFF
1790599493.6296706,2,383,1,state-aware,14,1,,0.9915,0.9925,,0.9915,0.8938,,8,7,,OFF
1790599494.4064202,1,447,1,state-aware,14,1,,0.6847,0.0,,0.6847,0.0667,,9,7,,OFF
1790599495.7368252,7,455,0,state-aware,14,1,,0.1757,0.0029,,0.2465,0.0029,,10,7,,OFF
1790599498.7382045,8,444,0,state-aware,14,2,,0.0,0.0002,,0.0,0.0002,,10,8,,OFF
1790599499.7400694,4,457,0,state-aware,14,2,,0.9925,0.9938,,0.927,0.9938,,10,9,,OFF
1790599500.5014882,9,458,1,state-aware,14,2,,0.9925,0.9925,,0.8937,0.9271,,10,10,,OFF
1790599501.3752713,5,452,1,state-aware,14,2,,0.9938,0.9943,,0.9281,0.9286,,10,11,,OFF
1790599504.9919899,7,456,1,state-aware,14,1,,0.001,0.0,,0.1379,0.0,,11,11,,OFF
1790599505.7168329,10,446,1,state-aware,14,2,,0.9915,0.9943,,0.9262,0.9286,,11,12,,OFF
1790599506.069556,6,452,1,state-aware,14,1,,0.9924,0.9942,,0.927,0.8951,,12,12,,OFF
1790599508.3952181,4,458,1,state-aware,14,1,,0.0173,0.0201,,0.1145,0.0834,,13,12,,OFF
1790599509.2810535,2,384,1,state-aware,14,2,,0.9914,0.9925,,0.8929,0.8937,,13,13,,OFF
1790599513.7440364,8,445,0,state-aware,14,1,,0.9881,0.9867,,0.9881,0.8889,,14,13,,OFF
1790599514.517275,9,459,1,state-aware,14,2,,0.9932,0.9924,,0.8943,0.9031,,14,14,,OFF
1790599520.977535,10,447,1,state-aware,14,1,,0.986,0.9943,,0.9216,0.9045,,15,14,,ON
1790599521.0179064,7,457,1,state-aware,14,1,,0.9853,0.0,,0.8348,0.0,,16,14,,ON
1790599525.6698282,2,385,1,state-aware,14,2,,0.0,0.0,,0.0667,0.0914,,16,15,,ON
1790599526.7476578,6,453,0,state-aware,14,1,,0.9892,0.9926,,0.9008,0.8938,,17,15,,ON
1790599526.7602253,3,450,0,state-aware,14,2,,0.0,0.992,,0.0,0.9267,,17,16,,ON
1790599527.750173,8,446,0,state-aware,14,1,,0.9852,0.0534,,0.8877,0.1112,,18,16,,ON
1790599529.7660882,1,449,0,state-aware,14,2,,0.0008,0.0,,0.0008,0.0667,,18,17,,ON
1790599529.7670674,4,459,0,state-aware,14,1,,0.981,0.0201,,0.8379,0.0834,,19,17,,ON
1790599530.1866627,9,460,1,state-aware,14,2,,0.7967,0.9924,,0.7306,0.8242,,19,18,,ON
1790599534.3642416,10,448,1,state-aware,14,2,,0.9912,0.9943,,0.8452,0.9045,,18,19,,ON
1790599534.7694635,5,454,0,state-aware,14,1,,0.9938,0.0,,0.9281,0.1,,18,19,,ON
1790599538.3942575,7,458,1,state-aware,14,1,,0.8475,0.0,,0.6785,0.0,,16,17,,ON
1790599538.4401617,3,451,1,state-aware,14,2,,0.0,0.0,,0.0,0.1371,,16,18,,ON
1790599539.8103628,1,450,1,state-aware,14,2,,0.0742,0.3011,,0.0742,0.3065,,16,18,,OFF
1790599541.2971184,2,386,1,state-aware,14,1,,0.9923,0.8804,,0.8936,0.6463,,17,18,,OFF
1790599543.7725055,6,454,0,state-aware,14,2,,0.9924,0.9926,,0.8242,0.8938,,17,18,,OFF
1790599544.515716,5,455,1,state-aware,14,1,,0.9931,0.0552,,0.8465,0.146,,18,18,,OFF
1790599545.0413666,9,461,1,state-aware,14,1,,0.9932,0.9924,,0.8943,0.7448,,19,18,,OFF
1790599545.7742105,4,460,0,state-aware,14,1,,0.9563,0.0201,,0.7417,0.0834,,20,18,,OFF
1790599548.0653188,10,449,1,state-aware,14,2,,0.9924,0.9943,,0.846,0.9005,,20,18,,OFF
1790599551.581735,7,459,1,state-aware,14,2,,0.9912,0.9879,,0.6825,0.9879,,19,17,,OFF
1790599552.0144923,6,455,1,state-aware,14,1,,0.9914,0.9915,,0.8236,0.7996,,20,17,,OFF
1790599552.4896865,3,452,1,state-aware,14,2,,0.0,0.9912,,0.0,0.7635,,19,18,,OFF
1790599553.523611,8,448,1,state-aware,14,2,,0.9932,0.9932,,0.8943,0.8943,,19,19,,OFF
1790599554.2388515,1,451,1,state-aware,14,1,,0.9882,0.9881,,0.9882,0.7886,,19,19,,OFF
1790599554.717077,4,461,1,state-aware,14,2,,0.9925,0.9937,,0.6879,0.8948,,18,20,,OFF
1790599555.8557274,2,387,1,state-aware,14,1,,0.9915,0.9925,,0.8568,0.7163,,18,20,,OFF
1790599559.4768114,9,462,1,state-aware,14,1,,0.9914,0.9925,,0.8567,0.7448,,19,19,,OFF
1790599561.0881226,5,456,1,state-aware,14,2,,0.9937,0.9941,,0.7651,0.9285,,19,18,,OFF
1790599564.0446424,10,450,1,state-aware,14,1,,0.9899,0.9926,,0.8442,0.816,,20,17,,OFF
1790599565.5817854,6,456,1,state-aware,14,1,,0.9914,0.9938,,0.8331,0.8013,,20,17,,OFF
1790599566.4289315,8,449,1,state-aware,14,1,,0.9889,0.9926,,0.8908,0.8576,,20,16,,OFF
1790599567.461791,3,453,1,state-aware,14,1,,0.9937,0.9938,,0.9937,0.6887,,21,16,,OFF
1790599568.4911096,1,452,1,state-aware,14,1,,0.8453,0.9845,,0.8044,0.7863,,21,16,,OFF
1790599569.0726936,2,388,1,state-aware,14,1,,0.9931,0.9938,,0.8517,0.7171,,22,16,,OFF
1790599572.781389,7,460,0,state-aware,14,2,,0.9932,0.9936,,0.6835,0.8947,,22,16,,OFF
1790599574.7928336,5,457,1,state-aware,14,2,,0.9933,0.9925,,0.7648,0.9032,,21,16,,OFF
1790599575.4123206,9,463,1,state-aware,14,1,,0.9915,0.9914,,0.7757,0.7442,,22,16,,OFF
1790599575.7838995,4,462,0,state-aware,14,2,,0.9925,0.9938,,0.6879,0.8584,,22,17,,OFF
1790599578.0711477,10,451,1,state-aware,14,1,,0.99,0.8961,,0.8378,0.7623,,23,17,,OFF
1790599578.5993543,6,457,1,state-aware,14,1,,0.9901,0.9925,,0.8491,0.8004,,24,17,,OFF
1790599580.5371728,8,450,1,state-aware,14,1,,0.9931,0.9913,,0.8579,0.8567,,25,17,,ON
1790599580.671805,3,454,1,state-aware,14,1,,0.8893,0.9933,,0.8411,0.6884,,26,17,,ON
1790599582.2569785,2,389,1,state-aware,14,1,,0.9915,0.9925,,0.8587,0.7163,,25,17,,ON
1790599583.0493207,7,461,1,state-aware,14,2,,0.0,0.9902,,0.1869,0.7987,,25,18,,ON
1790599583.8039942,1,453,1,state-aware,14,1,,0.0931,0.0,,0.2036,0.171,,26,18,,ON
1790599585.2825787,4,463,1,state-aware,14,1,,0.9808,0.0,,0.6814,0.156,,27,18,,ON
1790599589.1546204,9,464,1,state-aware,14,1,,0.9926,0.1604,,0.7882,0.2825,,26,16,,ON
1790599590.2921562,5,458,1,state-aware,14,2,,0.9934,0.9925,,0.7649,0.8243,,25,15,,ON
1790599592.4042237,6,458,1,state-aware,14,2,,0.6821,0.9925,,0.7281,0.8004,,25,16,,ON
1790599599.5398865,7,462,1,state-aware,14,2,,0.9901,0.9914,,0.6819,0.7156,,23,15,,OFF
1790599601.8092542,8,451,0,state-aware,14,2,,0.9915,0.9855,,0.7757,0.8525,,22,15,,OFF
1790599603.8043392,1,454,0,state-aware,14,2,,0.0,0.0016,,0.144,0.172,,22,15,,OFF
1790599603.8050516,2,390,0,state-aware,14,1,,0.9855,0.9925,,0.7699,0.7163,,23,15,,OFF
1790599604.791113,5,459,1,state-aware,14,1,,0.9933,0.9937,,0.7648,0.7455,,23,15,,OFF
1790599607.8815203,6,459,1,state-aware,14,1,,0.9914,0.9914,,0.8687,0.7156,,22,15,,OFF
1790599609.813372,9,465,0,state-aware,14,1,,0.9941,0.1604,,0.7102,0.2825,,23,14,,OFF
1790599610.9351096,8,452,1,state-aware,14,2,,0.9915,0.9933,,0.7757,0.7768,,23,15,,OFF
1790599612.8159292,10,453,0,state-aware,14,1,,0.9932,0.9899,,0.8398,0.8145,,23,13,,OFF
1790599613.1359446,2,391,1,state-aware,14,2,,0.99,0.9916,,0.6919,0.7157,,23,14,,OFF
1790599613.726586,4,465,1,state-aware,14,2,,0.9901,0.9925,,0.6866,0.7763,,23,14,,OFF
1790599614.6289124,1,455,1,state-aware,14,1,,0.9901,0.9916,,0.7628,0.713,,23,14,,OFF
1790599615.8219116,3,456,0,state-aware,14,2,,0.0,0.9883,,0.1,0.6856,,23,14,,OFF
1790599616.1539514,7,463,1,state-aware,14,1,,0.9916,0.9915,,0.6827,0.6419,,23,14,,OFF
1790599619.7680738,5,460,1,state-aware,14,2,,0.9926,0.99,,0.688,0.7434,,22,15,,OFF
1790599620.269909,9,466,1,state-aware,14,2,,0.9925,0.9933,,0.6371,0.7453,,22,16,,OFF
1790599621.9953244,6,460,1,state-aware,14,1,,0.9924,0.9924,,0.8879,0.7162,,23,15,,OFF
1790599623.9424498,10,454,1,state-aware,14,2,,0.9944,0.9932,,0.7601,0.8163,,23,16,,OFF
1790599625.3812866,8,453,1,state-aware,14,2,,0.9925,0.9933,,0.7763,0.7886,,22,17,,OFF
1790599626.099105,3,457,1,state-aware,14,1,,0.9938,0.9904,,0.9282,0.6181,,22,17,,OFF
1790599627.0490057,2,392,1,state-aware,14,2,,0.9941,0.9932,,0.6937,0.7317,,21,18,,OFF
1790599628.0351822,4,466,1,state-aware,14,2,,0.9933,0.99,,0.6884,0.7868,,20,19,,OFF
1790599630.9040587,1,456,1,state-aware,14,2,,0.8535,0.8805,,0.6107,0.6513,,18,20,,OFF
1790599633.975729,5,461,1,state-aware,14,2,,0.9933,0.9932,,0.6883,0.7707,,18,20,,OFF
1790599635.9472516,9,467,1,state-aware,14,2,,0.9915,0.9925,,0.6367,0.6704,,17,19,,ON
1790599637.372055,10,455,1,state-aware,14,2,,0.9909,0.9902,,0.7581,0.8332,,17,20,,ON
1790599637.8309815,7,464,0,state-aware,14,1,,0.9925,0.9914,,0.7233,0.6418,,18,20,,ON
1790599662.0596797,1,458,1,belief-only,14,2,,0.9,0.0004,,nan,0.0004,,0,1,,OFF
1790599664.8016438,5,463,1,belief-only,14,2,,0.9862,0.9943,,0.9862,0.9943,,0,2,,OFF
1790599668.374162,7,466,0,belief-only,14,2,,0.9,0.9911,,0.9,0.9911,,0,3,,OFF
1790599668.5167615,10,457,1,belief-only,14,1,,0.9,0.0,,0.9,0.0,,1,3,,OFF
1790599670.833329,3,460,1,belief-only,14,1,,0.9937,0.9898,,0.9937,0.9898,,2,3,,OFF
1790599671.3381374,9,469,1,belief-only,14,1,,0.9903,0.989,,0.9903,0.989,,3,3,,OFF
1790599671.7613606,8,456,1,belief-only,14,1,,0.9933,0.9915,,0.9933,0.9915,,4,3,,OFF
1790599672.7223935,2,395,1,belief-only,14,1,,0.9942,0.9925,,0.9942,0.9925,,5,3,,OFF
1790599674.0057108,4,469,1,belief-only,14,2,,0.9914,0.9933,,0.9914,0.9933,,5,4,,OFF
1790599675.2501175,1,459,1,belief-only,14,2,,0.9914,0.9941,,0.9914,0.9941,,5,5,,OFF
1790599676.3759928,6,463,0,belief-only,14,2,,0.9912,0.9937,,0.9912,0.9937,,5,6,,OFF
1790599678.213971,7,467,1,belief-only,14,2,,0.9,0.9932,,0.9,0.9932,,5,7,,OFF
1790599680.786567,5,464,1,belief-only,14,1,,0.9942,0.9925,,0.9942,0.9925,,6,7,,OFF
1790599683.0416102,10,458,1,belief-only,14,1,,0.994,0.0,,0.994,0.0,,7,7,,OFF
1790599684.294775,9,470,1,belief-only,14,2,,0.9901,0.9915,,0.9901,0.9915,,7,8,,OFF
1790599686.5046048,3,461,1,belief-only,14,1,,0.9937,0.9899,,0.9937,0.9899,,8,8,,OFF
1790599687.956148,1,460,1,belief-only,14,2,,0.9914,0.9925,,0.9914,0.9925,,8,9,,OFF
1790599688.3807087,4,470,1,belief-only,14,2,,0.9914,0.9926,,0.9914,0.9926,,8,10,,OFF
1790599690.3825052,6,464,0,belief-only,14,1,,0.9925,0.9914,,0.9925,0.9914,,9,10,,OFF
1790599691.3264985,7,468,1,belief-only,14,2,,0.9915,0.9925,,0.9915,0.9925,,9,11,,OFF
1790599692.3043628,8,457,1,belief-only,14,2,,0.0,0.9932,,0.0,0.9932,,9,12,,OFF
1790599697.048809,5,465,1,belief-only,14,1,,0.9942,0.9914,,0.9942,0.9914,,10,12,,ON
1790599697.3849237,2,396,0,belief-only,14,1,,0.9916,0.9901,,0.9916,0.9901,,11,12,,ON
1790599698.004866,10,459,1,belief-only,14,2,,0.9938,0.9941,,0.9938,0.9941,,11,13,,ON
1790599698.7012827,6,465,1,belief-only,14,1,,0.9252,0.0029,,0.9252,0.0029,,12,13,,ON
1790599700.6399286,9,471,1,belief-only,14,1,,0.9931,0.9915,,0.9931,0.9915,,13,13,,ON
1790599708.3879333,2,397,0,belief-only,14,1,,0.9916,0.0,,0.9916,0.0,,14,13,,ON
1790599709.3893788,1,461,0,belief-only,14,1,,0.9914,0.0,,0.9914,0.0,,15,13,,ON
1790599718.3219604,7,469,1,belief-only,14,1,,0.9587,0.0,,0.9587,0.0,,16,13,,ON
1790599718.3689544,6,466,1,belief-only,14,1,,0.8312,0.0029,,0.8312,0.0029,,17,13,,ON
1790599723.3935373,10,460,0,belief-only,14,2,,0.0,0.0,,0.0,0.0,,17,13,,OFF
1790599723.3941755,3,462,0,belief-only,14,2,,0.9881,0.9899,,0.9881,0.9899,,17,14,,OFF
1790599723.3947322,4,471,0,belief-only,14,1,,0.6876,0.0,,0.6876,0.0,,18,14,,OFF
1790599723.3958237,8,459,0,belief-only,14,2,,0.0,0.0,,0.0,0.0,,18,15,,OFF
1790599723.3966472,9,472,0,belief-only,14,2,,0.0237,0.9915,,0.0237,0.9915,,18,16,,OFF
1790599724.3984988,4,472,0,belief-only,14,1,,0.6876,0.0,,0.6876,0.0,,19,16,,OFF
1790599728.6403403,5,467,1,belief-only,14,2,,0.0,0.9925,,0.0,0.9925,,18,15,,OFF
1790599730.6456807,10,461,1,belief-only,14,2,,0.0,0.9942,,0.0,0.9942,,18,16,,OFF
1790599731.3027184,6,467,1,belief-only,14,2,,0.8312,0.9938,,0.8312,0.9938,,17,17,,OFF
1790599731.6735814,9,473,1,belief-only,14,2,,0.0237,0.9942,,0.0237,0.9942,,16,18,,OFF
1790599732.6926582,3,464,1,belief-only,14,2,,0.9881,0.9923,,0.9881,0.9923,,15,19,,OFF
1790599735.3650465,1,463,1,belief-only,14,2,,0.0,0.9933,,0.0,0.9933,,14,18,,OFF
1790599736.0799434,7,471,1,belief-only,14,2,,0.9587,0.9931,,0.9587,0.9931,,14,19,,OFF
1790599740.4031138,2,399,0,belief-only,14,1,,0.9916,0.8689,,0.9916,0.8689,,15,17,,OFF
1790599740.4040437,4,473,0,belief-only,14,2,,0.6876,0.8804,,0.6876,0.8804,,15,18,,OFF
1790599741.7007024,5,468,1,belief-only,14,2,,0.0,0.9933,,0.0,0.9933,,14,19,,OFF
1790599743.9687996,10,462,1,belief-only,14,2,,0.0,0.9933,,0.0,0.9933,,13,20,,OFF
1790599746.4271872,6,468,1,belief-only,14,2,,0.8312,0.0,,nan,0.0,,13,20,,OFF
1790599748.6850355,1,464,1,belief-only,14,2,,0.0,0.9942,,nan,0.9942,,12,19,,OFF
1790599749.6196578,2,400,1,belief-only,14,2,,0.9916,0.9925,,nan,0.9925,,12,20,,OFF
1790599750.5402958,8,461,1,belief-only,14,2,,0.0,0.9942,,0.0,0.9942,,11,21,,OFF
1790599751.3610911,4,474,1,belief-only,14,2,,0.9746,0.9933,,0.9746,0.9933,,11,21,,OFF
1790599752.408229,9,474,0,belief-only,14,2,,0.0237,0.9938,,0.0237,0.9938,,11,21,,ON
1790599754.4099367,7,472,0,belief-only,14,2,,0.9587,0.9915,,0.9587,0.9915,,11,22,,ON
1790599757.753394,5,469,1,belief-only,14,2,,0.9925,0.9942,,0.9925,0.9942,,9,23,,ON
1790599760.7475157,6,469,1,belief-only,14,1,,0.0029,0.0,,0.0029,0.0,,8,22,,ON
1790599763.4132133,10,463,0,belief-only,14,2,,0.0,0.0,,0.0,0.0,,8,23,,ON
1790599764.8686283,9,475,1,belief-only,14,2,,0.9925,0.9938,,0.9925,0.9938,,8,24,,ON
1790599764.909763,1,465,1,belief-only,14,2,,0.9775,0.9942,,0.9775,0.9942,,8,25,,ON
1790599764.954242,4,475,1,belief-only,14,1,,0.1612,0.0038,,0.1612,0.0038,,9,25,,ON
1790599769.4152792,2,401,0,belief-only,14,1,,0.0,0.0,,0.0,0.0,,8,25,,OFF
1790599770.3003073,5,470,1,belief-only,14,2,,0.9944,0.9944,,0.9944,0.9944,,8,26,,OFF
1790599770.4165337,7,473,0,belief-only,14,2,,0.9897,0.9915,,0.9897,0.9915,,8,27,,OFF
1790599772.3347204,10,464,1,belief-only,14,1,,0.9942,0.9932,,0.9942,0.9932,,9,27,,OFF
1790599775.5270288,6,470,1,belief-only,14,2,,0.9931,0.9941,,0.9931,0.9941,,9,28,,OFF
1790599777.8858697,1,466,1,belief-only,14,2,,0.9775,0.9942,,0.9775,0.9942,,9,29,,OFF
1790599778.3689537,9,476,1,belief-only,14,1,,0.9925,0.99,,0.9925,0.99,,8,29,,OFF
1790599779.201135,2,402,1,belief-only,14,2,,0.0,0.9925,,0.0,0.9925,,8,30,,OFF
1790599779.8215811,8,463,1,belief-only,14,2,,0.0,0.9771,,0.0,0.9771,,8,31,,OFF
1790599780.4459429,4,476,1,belief-only,14,2,,0.0252,0.8809,,0.0252,0.8809,,8,32,,OFF
1790599785.4556599,7,474,0,belief-only,14,2,,0.9897,0.9914,,0.9897,0.9914,,6,29,,OFF
1790599785.4565752,5,471,1,belief-only,14,1,,0.9944,0.9933,,0.9944,0.9933,,7,29,,OFF
1790599785.749886,10,465,1,belief-only,14,1,,0.9942,0.9921,,0.9942,0.9921,,8,29,,OFF
1790599789.9734867,6,471,1,belief-only,14,2,,0.99,0.9932,,0.99,0.9932,,8,29,,OFF
1790599791.966238,2,403,1,belief-only,14,2,,0.3734,0.988,,0.3734,0.988,,8,27,,OFF
1790599793.4057834,8,464,1,belief-only,14,2,,0.3667,0.9925,,0.3667,0.9925,,8,27,,OFF
1790599793.9474328,9,477,1,belief-only,14,1,,0.9915,0.9857,,0.9915,0.9857,,9,27,,OFF
1790599795.6870532,7,475,1,belief-only,14,2,,0.0551,0.8871,,0.0551,0.8871,,9,27,,OFF
1790599800.7951462,10,466,1,belief-only,14,1,,0.9936,0.8689,,0.9936,0.8689,,9,25,,OFF
1790599803.4621608,4,477,0,belief-only,14,1,,0.9925,0.8333,,0.9925,0.8333,,10,24,,OFF
1790599803.462971,3,468,0,belief-only,14,1,,0.8887,0.8689,,0.8887,0.8689,,11,24,,OFF
1790599804.0707347,6,472,1,belief-only,14,2,,0.9925,0.9933,,0.9925,0.9933,,11,24,,OFF
1790599804.819255,5,472,1,belief-only,14,2,,0.0,0.9942,,0.0,0.9942,,11,25,,ON
1790599805.8274605,2,404,1,belief-only,14,2,,0.9932,0.9944,,0.9932,0.9944,,11,26,,ON
1790599806.3537035,8,465,1,belief-only,14,1,,0.9942,0.9942,,0.9942,0.9942,,12,26,,ON
1790599810.224828,1,468,1,belief-only,14,1,,0.9915,0.9607,,0.9915,0.9607,,13,23,,ON
1790599810.253789,9,478,1,belief-only,14,1,,0.9922,0.9857,,0.9922,0.9857,,14,23,,ON
1790599810.2778308,4,478,1,belief-only,14,1,,0.9773,0.2275,,0.9773,0.2275,,15,23,,ON
1790599811.024595,3,469,1,belief-only,14,1,,0.9914,0.8689,,0.9914,0.8689,,16,22,,ON
1790599811.8614562,7,476,1,belief-only,14,1,,0.9585,0.8871,,0.9585,0.8871,,17,21,,ON
1790599819.137046,5,473,1,belief-only,14,1,,0.0,0.0,,0.0,0.0,,18,18,,ON
1790599819.1633224,6,473,1,belief-only,14,1,,0.9883,0.0,,0.9883,0.0,,19,18,,ON
1790599823.0834332,1,469,1,belief-only,14,2,,0.0,0.0,,0.0,0.0,,18,19,,ON
1790599824.0552619,4,479,1,belief-only,14,1,,0.8556,0.2275,,0.8556,0.2275,,19,18,,ON
1790599825.4820776,7,477,1,belief-only,14,2,,0.7354,0.8871,,0.7354,0.8871,,18,17,,OFF
1790599828.4845555,8,466,0,belief-only,14,2,,0.0,0.9942,,0.0,0.9942,,18,18,,OFF
1790599829.4964764,3,470,0,belief-only,14,1,,0.0,0.0,,0.0,0.0,,18,18,,OFF
1790599830.4789603,5,474,1,belief-only,14,1,,0.9943,0.9943,,0.9943,0.9943,,19,16,,OFF
1790599830.487296,9,479,0,belief-only,14,1,,0.9914,0.9857,,0.9914,0.9857,,20,16,,OFF
