t_send,t_report,node,tel,gws,policy,block,b1,b2,b3,interferer_at_send,outcome
1790594054.7260616,1790594067.6417594,5,84,1,state-aware,3,0.0,0.0,,OFF,failed
1790594057.3289492,1790594069.4829535,1,81,2,state-aware,3,0.9923,0.9941,,OFF,success
1790594056.362526,1790594069.5176353,8,81,2,state-aware,3,0.9925,0.9937,,OFF,failed
1790594059.5080283,1790594070.3398778,6,86,2,state-aware,3,0.9882,0.9901,,OFF,success
1790594058.911951,1790594071.832976,9,87,2,state-aware,3,0.9915,0.9938,,OFF,failed
1790594062.510427,1790594073.178393,10,80,2,state-aware,3,0.0029,0.9915,,OFF,success
1790594069.9096553,1790594075.7592688,7,83,1,state-aware,3,0.9908,0.8841,,OFF,failed
1790594069.9120724,1790594075.9853594,3,82,1,state-aware,3,0.9742,0.9721,,OFF,failed
1790594069.9104643,1790594076.8483088,4,88,1,state-aware,3,0.9904,0.9878,,OFF,failed
1790594067.992288,1790594080.7561674,2,14,1,state-aware,3,0.9937,0.9933,,OFF,failed
1790594070.8058288,1790594082.2111938,5,85,2,state-aware,3,0.9943,0.9942,,OFF,success
1790594072.5437346,1790594083.1500258,8,82,1,state-aware,3,0.9933,0.9944,,OFF,success
1790594072.5112731,1790594083.4537382,1,82,1,state-aware,3,0.9932,0.9924,,OFF,success
1790594073.863542,1790594084.0527797,6,87,1,state-aware,3,0.9913,0.9925,,OFF,success
1790594074.8474736,1790594084.786203,9,88,1,state-aware,3,0.9931,0.9941,,OFF,success
1790594076.5869138,1790594087.802522,10,81,1,state-aware,3,0.9938,0.9938,,OFF,success
1790594079.2088485,1790594089.1510355,3,83,2,state-aware,3,0.9925,0.9896,,OFF,success
1790594078.7901447,1790594089.6469874,7,84,2,state-aware,3,0.9938,0.9846,,OFF,success
1790594080.0181472,1790594090.2646062,4,89,2,state-aware,3,0.9933,0.9914,,OFF,success
1790594083.9779735,1790594093.747413,2,15,2,state-aware,3,0.9924,0.9943,,OFF,success
1790594085.244327,1790594095.439512,5,86,2,state-aware,3,0.9931,0.9942,,OFF,success
1790594086.480599,1790594096.2157922,1,83,1,state-aware,3,0.8689,0.8073,,OFF,success
1790594091.9176254,1790594098.6842651,8,83,1,state-aware,3,0.9915,0.9942,,OFF,failed
1790594088.8084528,1790594099.3944504,9,89,1,state-aware,3,0.9915,0.9915,,OFF,failed
1790594087.3832633,1790594100.1951098,6,88,2,state-aware,3,0.9916,0.9926,,OFF,failed
1790594090.9522035,1790594100.9134028,10,82,2,state-aware,3,0.9933,0.9942,,OFF,success
1790594092.9744425,1790594102.6653695,7,85,2,state-aware,3,0.9941,0.9776,,OFF,success
1790594093.5151327,1790594103.104096,4,90,2,state-aware,3,0.9942,0.9914,,OFF,success
1790594092.3623812,1790594104.3978693,3,84,2,state-aware,3,0.9925,0.9854,,OFF,failed
1790594098.5145712,1790594109.9664474,5,87,2,state-aware,3,0.9932,0.9944,,OFF,failed
1790594101.99436,1790594111.3762946,8,84,2,state-aware,3,0.9944,0.9938,,OFF,success
1790594099.4215596,1790594111.9219015,1,84,2,state-aware,3,0.9938,0.9925,,OFF,failed
1790594103.3499124,1790594113.4202123,6,89,1,state-aware,3,0.9925,0.9932,,ON,success
1790594102.6995556,1790594114.244725,9,90,2,state-aware,3,0.9925,0.9938,,ON,failed
1790594106.0179613,1790594116.3791718,7,86,1,state-aware,3,0.9885,0.0,,ON,success
1790594104.0833182,1790594117.539655,10,83,1,state-aware,3,0.9942,0.9938,,ON,failed
1790594106.3187542,1790594117.9197843,4,91,2,state-aware,3,0.9942,0.9914,,ON,failed
1790594107.6863155,1790594120.4947524,3,85,2,state-aware,3,0.0,0.0,,ON,failed
1790594113.172494,1790594126.4422958,5,88,2,state-aware,3,0.0,0.0,,ON,failed
1790594116.6342952,1790594126.7559083,6,90,1,state-aware,3,0.9908,0.9932,,ON,success
1790594114.590685,1790594126.923778,8,85,2,state-aware,3,0.9824,0.9938,,ON,failed
1790594115.086672,1790594127.4873502,1,85,1,state-aware,3,0.9632,0.9925,,ON,failed
1790594117.4586973,1790594128.4798274,9,91,1,state-aware,3,0.9873,0.0,,ON,success
1790594119.4095974,1790594129.4921796,7,87,1,state-aware,3,0.9897,0.0,,ON,success
1790594121.1688287,1790594130.5299313,4,92,1,state-aware,3,0.9931,0.9914,,ON,success
1790594125.9274058,1790594133.0705566,10,84,2,state-aware,3,0.9305,0.9938,,OFF,failed
1790594123.7333136,1790594133.4800873,3,86,1,state-aware,3,0.9794,0.0,,OFF,success
1790594131.9309173,1790594139.3639722,2,18,2,state-aware,3,0.985,0.9861,,OFF,failed
1790594130.0816226,1790594139.971967,6,91,1,state-aware,3,0.9195,0.9925,,OFF,success
1790594129.6164649,1790594140.8693025,5,89,2,state-aware,3,0.0,0.011,,OFF,success
1790594131.706888,1790594141.612147,9,92,1,state-aware,3,0.9924,0.9933,,OFF,success
1790594135.9333925,1790594142.8344388,8,86,1,state-aware,3,0.9824,0.0004,,OFF,failed
1790594130.7119644,1790594143.9383037,1,86,2,state-aware,3,0.9938,0.9938,,OFF,failed
1790594133.7565286,1790594144.6864295,4,93,1,state-aware,3,0.9933,0.9937,,OFF,success
1790594132.7115598,1790594145.2611866,7,88,2,state-aware,3,0.9933,0.9855,,OFF,failed
1790594136.2909036,1790594146.9457626,10,85,1,state-aware,3,0.9942,0.9942,,OFF,success
1790594136.6949587,1790594147.6611378,3,87,1,state-aware,3,0.9914,0.9877,,OFF,success
1790594142.8008964,1790594152.9508567,2,19,2,state-aware,3,0.9248,0.9932,,OFF,success
1790594144.8029706,1790594154.1681805,9,93,1,state-aware,3,0.9933,0.9925,,OFF,success
1790594148.9493666,1790594154.366401,6,92,1,state-aware,3,0.9914,0.9915,,OFF,failed
1790594144.0988648,1790594155.0372992,5,90,1,state-aware,3,0.9925,0.9933,,OFF,success
1790594146.1339445,1790594156.5382175,8,87,2,state-aware,3,0.9937,0.9939,,OFF,success
1790594147.1537778,1790594157.5778363,1,87,1,state-aware,3,0.9933,0.9938,,OFF,success
1790594147.9158454,1790594158.6070917,4,94,1,state-aware,3,0.9933,0.9925,,OFF,success
1790594148.4783351,1790594159.7944872,7,89,1,state-aware,3,0.9942,0.9912,,OFF,success
1790594150.9374409,1790594160.6130123,3,88,1,state-aware,3,0.9932,0.9896,,OFF,success
1790594150.1554523,1790594161.652093,10,86,1,state-aware,3,0.9943,0.9942,,OFF,success
1790594156.1671393,1790594167.60556,2,20,1,state-aware,3,0.9932,0.9925,,OFF,failed
1790594158.064131,1790594168.0126855,5,91,1,state-aware,3,0.9901,0.9938,,OFF,success
1790594159.8429976,1790594169.8580153,8,88,2,state-aware,3,0.9925,0.9938,,OFF,success
1790594157.589996,1790594170.073362,6,93,2,state-aware,3,0.9899,0.9938,,OFF,failed
1790594162.96987,1790594170.079865,9,94,1,state-aware,3,0.9925,0.9942,,ON,failed
1790594160.7728062,1790594171.3848493,1,88,1,state-aware,3,0.9925,0.9931,,OFF,success
1790594162.9608912,1790594172.3863902,7,90,1,state-aware,3,0.9942,0.9899,,ON,success
1790594161.6643867,1790594173.2503726,4,95,1,state-aware,3,0.9933,0.9925,,OFF,success
1790594163.7744904,1790594174.981747,3,89,1,state-aware,3,0.9932,0.9911,,ON,success
1790594164.8871875,1790594177.8247814,10,87,1,state-aware,3,0.9901,0.9939,,ON,failed
1790594175.9811318,1790594182.3745737,2,21,2,state-aware,3,0.0,0.0,,OFF,failed
1790594171.3536568,1790594182.9412463,5,92,2,state-aware,3,0.0,0.0,,ON,failed
1790594173.2721672,1790594183.1427603,9,95,1,state-aware,3,0.7741,0.0,,OFF,success
1790594178.9852796,1790594185.4047596,6,94,2,state-aware,3,0.2486,0.9938,,OFF,failed
1790594175.7283168,1790594186.5567875,7,91,1,state-aware,3,0.9895,0.9899,,OFF,success
1790594178.9842517,1790594186.5910096,8,89,1,state-aware,3,0.9938,0.8545,,OFF,failed
1790594174.5974414,1790594186.5982883,1,89,1,state-aware,3,0.0,0.0,,OFF,success
1790594176.4711256,1790594187.46481,4,96,1,state-aware,3,0.9937,0.9932,,OFF,success
1790594178.3066401,1790594188.506774,3,90,1,state-aware,3,0.9933,0.9899,,OFF,success
1790594181.0767694,1790594190.7519512,10,88,2,state-aware,3,0.9943,0.9925,,OFF,success
1790594097.0055852,,2,16,2,state-aware,3,0.9944,0.9944,,OFF,unavailable
1790594185.7541857,1790594196.8874288,2,22,1,state-aware,3,0.9266,0.9133,,OFF,success
1790594191.990154,1790594197.7916307,5,93,2,state-aware,3,0.0,0.0,,OFF,failed
1790594189.5874226,1790594199.2191174,7,92,1,state-aware,3,0.0008,0.0,,OFF,success
1790594186.1669338,1790594199.5542533,9,96,1,state-aware,3,0.9932,0.993,,OFF,success
1790594189.6229036,1790594199.8807015,1,90,1,state-aware,3,0.9922,0.9873,,OFF,success
1790594194.9926229,1790594200.0359406,6,95,1,state-aware,3,0.9887,0.9932,,OFF,failed
1790594195.9944878,1790594201.3709106,8,90,2,state-aware,3,0.0,0.0,,OFF,failed
1790594191.8875232,1790594201.9254649,3,91,1,state-aware,3,0.9933,0.9914,,OFF,success
1790594190.478562,1790594203.0401056,4,97,1,state-aware,3,0.9942,0.9924,,OFF,success
1790594193.7664263,1790594206.1802216,10,89,2,state-aware,3,0.9942,0.9942,,OFF,failed
1790594200.304972,1790594210.7271142,2,23,1,state-aware,3,0.9915,0.9916,,OFF,success
1790594202.3841157,1790594212.015098,7,93,1,state-aware,3,0.9939,0.9915,,OFF,success
1790594208.0008852,1790594212.776209,5,94,1,state-aware,3,0.8943,0.8689,,OFF,failed
1790594203.3751044,1790594213.4579663,6,96,1,state-aware,3,0.9924,0.9931,,OFF,success
1790594209.003301,1790594215.122125,1,91,1,state-aware,3,0.9915,0.9913,,OFF,failed
1790594204.7402859,1790594215.7209153,8,91,2,state-aware,3,0.9916,0.9915,,OFF,success
1790594205.1577911,1790594216.4543302,3,92,1,state-aware,3,0.9925,0.9852,,OFF,success
1790594206.3764198,1790594216.944587,4,98,1,state-aware,3,0.9942,0.9913,,OFF,success
1790594209.3527567,1790594220.7215083,10,90,1,state-aware,3,0.9938,0.9915,,OFF,success
1790594215.241438,1790594224.836377,7,94,1,state-aware,3,0.9938,0.9938,,OFF,success
1790594214.0160966,1790594224.8579423,2,24,1,state-aware,3,0.9915,0.9933,,OFF,success
1790594215.9608846,1790594225.759584,5,95,1,state-aware,3,0.8943,0.1396,,OFF,success
1790594216.6796522,1790594225.9897869,6,97,1,state-aware,3,0.9925,0.9933,,OFF,success
1790594219.755279,1790594229.244078,3,93,1,state-aware,3,0.9925,0.9925,,OFF,success
1790594218.3642936,1790594229.6457334,1,92,1,state-aware,3,0.99,0.9881,,OFF,success
1790594220.1653397,1790594230.2575984,4,99,1,state-aware,3,0.9942,0.9914,,OFF,success
1790594218.9488947,1790594230.808776,8,92,2,state-aware,3,0.9944,0.9925,,OFF,failed
1790594223.8833416,1790594236.8466063,10,91,1,state-aware,3,0.9938,0.9925,,ON,failed
1790594234.0327585,1790594239.6700408,7,95,1,state-aware,3,0.9853,0.9938,,ON,failed
1790594230.6427004,1790594240.902281,9,99,1,state-aware,3,0.9854,0.0,,ON,success
1790594228.9675288,1790594242.4674892,5,96,1,state-aware,3,0.0,0.0,,ON,failed
1790594229.2023687,1790594242.5049136,6,98,1,state-aware,3,0.8358,0.0008,,ON,failed
1790594232.8649673,1790594244.424416,1,93,1,state-aware,3,0.9002,0.9881,,ON,failed
1790594233.4724977,1790594244.8307116,4,100,1,state-aware,3,0.2431,0.0,,ON,success
1790594238.0359108,1790594245.3012967,3,94,1,state-aware,3,0.9897,0.9925,,ON,failed
1790594234.0900533,1790594246.5747097,8,93,1,state-aware,3,0.9915,0.9925,,ON,failed
1790594246.039518,1790594251.785708,10,92,2,state-aware,3,0.8333,0.9925,,OFF,failed
1790594242.940962,1790594253.5023513,7,96,1,state-aware,3,0.1828,0.0,,ON,success
1790594245.49761,1790594255.2871494,5,97,1,state-aware,3,0.4675,0.0,,OFF,success
1790594244.1327705,1790594256.4712372,9,100,1,state-aware,3,0.9925,0.145,,ON,failed
1790594247.6305857,1790594257.0978608,1,94,2,state-aware,3,0.9895,0.99,,OFF,success
1790594248.034627,1790594257.9046175,4,101,1,state-aware,3,0.9941,0.9919,,OFF,success
1790594248.5091069,1790594259.8612704,3,95,1,state-aware,3,0.9937,0.9897,,OFF,success
1790594250.0821872,1790594262.8530314,8,94,2,state-aware,3,0.9942,0.9938,,OFF,failed
1790594256.7263243,1790594266.2263052,7,97,1,state-aware,3,0.9944,0.9925,,OFF,success
1790594255.0083103,1790594267.7777402,10,93,1,state-aware,3,0.9933,0.9926,,OFF,failed
1790594258.6640637,1790594268.1364868,5,98,1,state-aware,3,0.994,0.8943,,OFF,success
1790594258.3772826,1790594268.591316,2,27,1,state-aware,3,0.0,0.1734,,OFF,success
1790594261.1326773,1790594271.718071,4,102,1,state-aware,3,0.9938,0.99,,OFF,success
1790594265.0493724,1790594272.3809416,9,101,1,state-aware,3,0.9925,0.9071,,OFF,failed
1790594263.074933,1790594272.7776418,3,96,1,state-aware,3,0.9933,0.9899,,OFF,success
1790594266.0766504,1790594276.018723,8,95,1,state-aware,3,0.9915,0.9926,,OFF,success
1790594269.5555007,1790594280.4511333,7,98,1,state-aware,3,0.9941,0.9916,,OFF,success
1790594270.844227,1790594283.186285,10,94,2,state-aware,3,0.9938,0.9925,,OFF,failed
1790594271.803591,1790594283.5571818,2,28,1,state-aware,3,0.9924,0.9915,,OFF,failed
1790594273.1362383,1790594283.5729628,5,99,1,state-aware,3,0.985,0.152,,OFF,failed
1790594306.2001925,1790594316.282379,3,99,1,snr-greedy,3,0.7415,0.9,,ON,success
1790594311.6140647,1790594317.7472498,1,98,1,snr-greedy,3,0.9878,0.0001,,ON,failed
1790594306.5847929,1790594317.7547362,4,105,1,snr-greedy,3,0.9942,0.9,,ON,success
1790594307.2947712,1790594318.936901,9,104,2,snr-greedy,3,0.0,0.0,,ON,failed
1790594307.3344727,1790594319.3880587,8,98,1,snr-greedy,3,0.9905,0.9,,ON,failed
1790594312.6152394,1790594319.5870943,6,103,1,snr-greedy,3,0.9878,0.9,,ON,failed
1790594312.1510417,1790594321.6132395,7,101,1,snr-greedy,3,0.9701,0.0,,ON,success
1790594322.6221502,1790594329.4117749,2,31,1,snr-greedy,3,0.9839,0.9,,OFF,failed
1790594319.60303,1790594329.6785762,3,100,1,snr-greedy,3,0.0,0.0,,OFF,success
1790594323.6245484,1790594330.643644,10,97,2,snr-greedy,3,0.0,0.3011,,OFF,failed
1790594323.6256237,1790594331.2601576,5,102,1,snr-greedy,3,0.989,0.9,,OFF,failed
1790594320.7856746,1790594331.4203556,4,106,1,snr-greedy,3,0.8793,0.9,,OFF,success
1790594326.6277342,1790594332.6647284,1,99,1,snr-greedy,3,0.0,0.0,,OFF,failed
1790594322.6227884,1790594333.382418,8,99,1,snr-greedy,3,0.9938,0.9914,,OFF,success
1790594327.6324255,1790594334.1219463,6,104,2,snr-greedy,3,0.0056,0.047,,OFF,failed
1790594324.819008,1790594334.703829,7,102,1,snr-greedy,3,0.9938,0.9899,,OFF,success
1790594327.6309087,1790594334.9185765,9,105,1,snr-greedy,3,0.8804,0.8689,,OFF,failed
1790594332.621601,1790594343.414879,2,32,2,snr-greedy,3,0.9925,0.9941,,OFF,success
1790594332.9055824,1790594344.2180514,3,101,1,snr-greedy,3,0.9933,0.9897,,OFF,success
1790594334.4615989,1790594345.4779193,5,103,1,snr-greedy,3,0.9936,0.8005,,OFF,success
1790594334.635917,1790594345.7644925,4,107,1,snr-greedy,3,0.9026,0.9878,,OFF,success
1790594333.8692534,1790594346.9053335,10,98,1,snr-greedy,3,0.9933,0.9933,,OFF,failed
1790594336.0287244,1790594347.364671,1,100,1,snr-greedy,3,0.9924,0.9925,,OFF,success
1790594336.5901384,1790594347.71909,8,100,1,snr-greedy,3,0.9938,0.9931,,OFF,success
1790594337.3204026,1790594349.2650323,6,105,2,snr-greedy,3,0.9923,0.9931,,OFF,failed
1790594343.639457,1790594349.749812,7,103,1,snr-greedy,3,0.9942,0.9925,,OFF,failed
1790594338.124891,1790594350.688902,9,106,1,snr-greedy,3,0.9152,0.9923,,OFF,failed
1790594346.6400707,1790594358.9790235,2,33,2,snr-greedy,3,0.9926,0.9933,,OFF,failed
1790594348.5083175,1790594359.4239206,5,104,1,snr-greedy,3,0.9933,0.9933,,OFF,success
1790594348.4726195,1790594359.5134249,3,102,1,snr-greedy,3,0.9933,0.9876,,OFF,success
1790594350.923441,1790594360.4374137,8,101,1,snr-greedy,3,0.9942,0.9901,,OFF,success
1790594350.358307,1790594360.9542227,10,99,1,snr-greedy,3,0.9885,0.9914,,OFF,success
1790594348.9795325,1790594361.365625,4,108,1,snr-greedy,3,0.9938,0.9915,,OFF,failed
1790594350.4126244,1790594362.8124957,1,101,2,snr-greedy,3,0.0,0.0,,OFF,failed
1790594357.6439738,1790594364.3039336,6,106,2,snr-greedy,3,0.9925,0.9932,,OFF,failed
1790594354.0044866,1790594365.1158872,9,107,2,snr-greedy,3,0.9916,0.9932,,OFF,success
1790594358.6457474,1790594365.864916,7,104,1,snr-greedy,3,0.9938,0.9915,,OFF,failed
1790594364.6982253,1790594374.1398866,4,109,1,snr-greedy,3,0.9901,0.1612,,ON,success
1790594362.2381318,1790594374.7535706,2,34,2,snr-greedy,3,0.9932,0.9942,,ON,failed
1790594367.6486192,1790594375.3703117,3,103,2,snr-greedy,3,0.8386,0.9876,,ON,failed
1790594362.8453996,1790594375.8065507,5,105,2,snr-greedy,3,0.017,0.9925,,ON,failed
1790594364.1855183,1790594375.970389,10,100,2,snr-greedy,3,0.0,0.0,,ON,failed
1790594363.6168697,1790594376.7977726,8,102,1,snr-greedy,3,0.0,0.0,,ON,failed
1790594367.532068,1790594377.5185943,6,107,1,snr-greedy,3,0.921,0.0,,ON,success
1790594366.0120628,1790594378.268591,1,102,2,snr-greedy,3,0.0008,0.0208,,ON,failed
1790594368.3275332,1790594379.455348,9,108,1,snr-greedy,3,0.9812,0.0,,ON,success
1790594369.087058,1790594379.9744039,7,105,1,snr-greedy,3,0.9933,0.9915,,ON,success
1790594377.398523,1790594386.9645367,4,110,1,snr-greedy,3,0.9926,0.1612,,OFF,success
1790594378.8349347,1790594388.9866488,5,106,2,snr-greedy,3,0.0,0.0,,OFF,success
1790594383.6539788,1790594389.700636,2,35,2,snr-greedy,3,0.0,0.0,,OFF,failed
1790594379.1943104,1790594389.7084885,10,101,1,snr-greedy,3,0.991,0.0,,OFF,success
1790594383.6549501,1790594390.202403,3,104,2,snr-greedy,3,0.0,0.0,,OFF,failed
1790594380.8447018,1790594391.249939,6,108,2,snr-greedy,3,0.9916,0.9916,,OFF,success
1790594382.7885509,1790594392.398129,9,109,2,snr-greedy,3,0.0001,0.8542,,OFF,success
1790594381.4864805,1790594392.4530792,1,103,2,snr-greedy,3,0.9926,0.9926,,OFF,success
1790594380.05715,1790594393.2793748,8,103,1,snr-greedy,3,0.9933,0.0,,OFF,failed
1790594383.196404,1790594394.3345075,7,106,1,snr-greedy,3,0.9932,0.9925,,OFF,success
1790594390.1811755,1790594399.760787,4,111,1,snr-greedy,3,0.9942,0.9938,,OFF,success
1790594392.9456422,1790594403.51515,10,102,1,snr-greedy,3,0.0,0.0,,OFF,success
1790594392.9113975,1790594403.9443648,2,36,2,snr-greedy,3,0.0,0.9896,,OFF,success
1790594394.4915464,1790594404.1517801,6,109,1,snr-greedy,3,0.9914,0.9914,,OFF,success
1790594392.2116013,1790594404.678634,5,107,1,snr-greedy,3,0.9938,0.9915,,OFF,failed
1790594393.4298642,1790594405.187067,3,105,1,snr-greedy,3,0.9931,0.2172,,OFF,success
1790594396.7559547,1790594406.4853501,9,110,2,snr-greedy,3,0.9922,0.9919,,OFF,success
1790594395.672772,1790594407.3542466,1,104,2,snr-greedy,3,0.9915,0.9915,,OFF,success
1790594397.543433,1790594407.3626015,7,107,2,snr-greedy,3,0.99,0.9924,,OFF,success
1790594402.9127548,1790594414.800892,4,112,1,snr-greedy,3,0.9933,0.9901,,OFF,failed
1790594407.3631997,1790594418.585602,6,110,1,snr-greedy,3,0.052,0.0,,ON,success
1790594412.665258,1790594418.6743758,2,37,2,snr-greedy,3,0.0,0.9899,,OFF,failed
1790594411.66358,1790594419.1235726,10,103,1,snr-greedy,3,0.0723,0.0,,ON,failed
1790594407.8924217,1790594420.3233294,5,108,1,snr-greedy,3,0.9938,0.9915,,ON,failed
1790594408.5270135,1790594421.1394155,3,106,2,snr-greedy,3,0.0,0.2172,,ON,failed
1790594409.64933,1790594421.6459925,9,111,1,snr-greedy,3,0.9933,0.9919,,ON,failed
1790594410.3897183,1790594423.0789566,7,108,2,snr-greedy,3,0.0002,0.9924,,ON,failed
1790594415.6677704,1790594423.692523,1,105,2,snr-greedy,3,0.0004,0.055,,OFF,failed
1790594418.0170944,1790594428.2255075,4,113,1,snr-greedy,3,0.9943,0.9937,,OFF,success
1790594421.9243205,1790594432.1007009,2,38,1,snr-greedy,3,0.8887,0.9925,,OFF,success
1790594423.534741,1790594433.012828,5,109,1,snr-greedy,3,0.9938,0.9938,,OFF,success
1790594424.8689322,1790594434.280509,9,112,2,snr-greedy,3,0.9914,0.9938,,OFF,success
1790594426.672368,1790594434.5533886,6,111,2,snr-greedy,3,0.8845,0.8887,,OFF,failed
1790594424.3553095,1790594435.1143396,3,107,1,snr-greedy,3,0.0,0.0,,OFF,success
1790594422.4044075,1790594435.585995,10,104,2,snr-greedy,3,0.9933,0.9942,,OFF,failed
1790594426.3065867,1790594436.0727887,7,109,1,snr-greedy,3,0.9916,0.9914,,OFF,success
1790594425.5900955,1790594436.2808385,8,106,2,snr-greedy,3,0.9925,0.993,,OFF,success
1790594427.0120115,1790594436.8341215,1,106,2,snr-greedy,3,0.9915,0.9925,,OFF,success
1790594431.5172734,1790594443.7552507,4,114,1,snr-greedy,3,0.9938,0.9916,,OFF,failed
1790594436.2431328,1790594446.958431,5,110,1,snr-greedy,3,0.9942,0.9942,,OFF,success
1790594435.324702,1790594447.0462909,2,39,1,snr-greedy,3,0.9938,0.9933,,OFF,success
1790594437.7693624,1790594447.6008494,6,112,2,snr-greedy,3,0.9896,0.9939,,OFF,success
1790594437.4811466,1790594447.7569191,9,113,2,snr-greedy,3,0.9925,0.9942,,OFF,success
1790594439.4133742,1790594449.0855737,8,107,1,snr-greedy,3,0.0,0.0,,OFF,success
1790594438.9786174,1790594449.5983589,3,108,1,snr-greedy,3,0.0,0.0,,OFF,success
1790594444.6792886,1790594449.8294015,10,105,2,snr-greedy,3,0.9915,0.9916,,OFF,failed
1790594445.6810913,1790594451.1643386,7,110,1,snr-greedy,3,0.9932,0.9925,,OFF,failed
1790594440.1156566,1790594451.2734115,1,107,1,snr-greedy,3,0.9914,0.9914,,OFF,success
1790594447.0507305,1790594457.8893704,4,115,1,snr-greedy,3,0.9941,0.9924,,OFF,success
1790594450.357024,1790594459.8892157,2,40,2,snr-greedy,3,0.0,0.9528,,OFF,success
1790594456.697757,1790594462.238605,6,113,2,snr-greedy,3,0.9915,0.9938,,OFF,failed
1790594453.0634942,1790594462.8489974,10,106,2,snr-greedy,3,0.9938,0.9942,,OFF,success
1790594454.004108,1790594463.5252216,3,109,1,snr-greedy,3,0.9861,0.9842,,OFF,success
1790594455.6957562,1790594463.6236365,5,111,2,snr-greedy,3,0.9705,0.9926,,OFF,failed
1790594451.002211,1790594464.4505162,9,114,2,snr-greedy,3,0.9911,0.9937,,OFF,failed
1790594454.47601,1790594465.0596783,7,111,2,snr-greedy,3,0.011,0.9915,,OFF,success
1790594460.7023103,1790594466.3905494,1,108,2,snr-greedy,3,0.9914,0.9924,,OFF,failed
1790594461.0764718,1790594470.5264707,4,116,2,snr-greedy,3,0.9938,0.9942,,OFF,success
1790594463.1017268,1790594473.4057393,2,41,1,snr-greedy,3,0.994,0.9938,,OFF,success
1790594465.4412715,1790594474.8909645,6,114,2,snr-greedy,3,0.9882,0.9914,,OFF,success
1790594466.8845801,1790594476.9842846,5,112,2,snr-greedy,3,0.8943,0.9942,,OFF,success
1790594468.211388,1790594478.1071637,7,112,1,snr-greedy,3,0.98,0.3386,,ON,success
1790594471.7083242,1790594479.635202,3,110,1,snr-greedy,3,0.9922,0.9811,,ON,failed
1790594467.6730082,1790594480.3190575,9,115,2,snr-greedy,3,0.9915,0.9915,,OFF,failed
1790594469.613338,1790594481.2852373,1,109,2,snr-greedy,3,0.9931,0.9932,,ON,failed
1790594473.7440236,1790594486.5750523,4,117,2,snr-greedy,3,0.9556,0.9942,,ON,failed
1790594476.6222193,1790594488.0294306,2,42,2,snr-greedy,3,0.0,0.0,,ON,failed
1790594478.3517768,1790594489.7541153,6,115,1,snr-greedy,3,0.3949,0.0,,ON,success
1790594396.6346376,,8,104,2,snr-greedy,3,0.9915,0.9925,,OFF,unavailable
1790594480.21748,1790594491.8071232,5,113,1,snr-greedy,3,0.0,0.0,,ON,failed
1790594481.1379998,1790594492.213409,7,113,1,snr-greedy,3,0.7034,0.0016,,ON,success
1790594482.726335,1790594492.8269114,3,111,1,snr-greedy,3,0.243,0.0517,,ON,success
1790594484.6628807,1790594494.280368,1,110,1,snr-greedy,3,0.9929,0.0002,,OFF,success
1790594483.6404831,1790594494.8994823,9,116,1,snr-greedy,3,0.9768,0.0,,ON,success
1790594489.7979462,1790594501.875159,4,118,2,snr-greedy,3,0.9916,0.9926,,OFF,failed
1790594491.2534342,1790594502.0913007,2,43,1,snr-greedy,3,0.9942,0.9933,,OFF,success
1790594492.9774244,1790594506.0452368,6,116,2,snr-greedy,3,0.9924,0.9937,,OFF,failed
1790594495.4278882,1790594506.4460354,7,114,1,snr-greedy,3,0.9938,0.9925,,OFF,success
1790594496.0513482,1790594507.0430505,3,112,1,snr-greedy,3,0.9925,0.9872,,OFF,success
1790594495.0311725,1790594508.0761733,5,114,1,snr-greedy,3,0.9938,0.9914,,OFF,failed
1790594498.0919795,1790594508.4818895,9,117,2,snr-greedy,3,0.9925,0.9942,,OFF,success
1790594499.5410354,1790594508.9176333,10,109,2,snr-greedy,3,0.0,0.0,,OFF,success
1790594497.834286,1790594510.1229887,1,111,1,snr-greedy,3,0.9938,0.9914,,OFF,failed
1790594504.7412086,1790594511.1496024,8,111,2,snr-greedy,3,0.9912,0.994,,OFF,failed
1790594505.2818043,1790594516.0640445,2,44,2,snr-greedy,3,0.9888,0.9938,,OFF,success
1790594510.7460854,1790594518.0387127,4,119,1,snr-greedy,3,0.9942,0.9925,,OFF,failed
1790594509.250477,1790594519.2656665,6,117,2,snr-greedy,3,0.9925,0.9925,,OFF,success
1790594509.6470537,1790594519.2756019,7,115,2,snr-greedy,3,0.017,0.9913,,OFF,success
1790594512.1499972,1790594522.2293434,10,110,1,snr-greedy,3,0.9943,0.9932,,OFF,success
1790594516.750582,1790594522.7653468,3,113,1,snr-greedy,3,0.9901,0.9898,,OFF,failed
1790594511.4047956,1790594522.7755327,5,115,1,snr-greedy,3,0.9933,0.0,,OFF,success
1790594516.751536,1790594523.1626246,9,118,2,snr-greedy,3,0.9915,0.9926,,OFF,failed
1790594514.4033263,1790594524.0504277,8,112,2,snr-greedy,3,0.9916,0.9915,,OFF,success
1790594513.3022697,1790594525.490281,1,112,1,snr-greedy,3,0.9933,0.9913,,OFF,failed
1790594519.3007581,1790594529.0150838,2,45,2,snr-greedy,3,0.9925,0.9938,,OFF,success
1790594521.2900789,1790594530.923545,4,120,1,snr-greedy,3,0.9938,0.9924,,OFF,success
1790594522.5103734,1790594532.2679431,7,116,1,snr-greedy,3,0.9938,0.9933,,ON,success
1790594527.7628603,1790594534.6044514,6,118,2,snr-greedy,3,0.9915,0.9933,,ON,failed
1790594525.802604,1790594536.9607553,10,111,2,snr-greedy,3,0.0,0.9903,,ON,failed
1790594531.7659373,1790594537.1523728,3,114,2,snr-greedy,3,0.0,0.9898,,OFF,failed
1790594556.139944,1790594567.3789623,3,116,1,round-robin,3,0.8991,0.0002,,OFF,success
1790594558.9059324,1790594568.5339246,1,115,1,round-robin,3,0.9942,0.9899,,OFF,success
1790594561.2778342,1790594569.051761,9,121,1,round-robin,3,0.9904,0.9,,OFF,failed
1790594559.5226736,1790594569.6209369,8,115,1,round-robin,3,0.9931,0.9937,,OFF,success
1790594557.6894178,1790594570.8413894,5,118,1,round-robin,3,0.9915,0.9933,,OFF,failed
1790594566.2325325,1790594576.8346207,7,119,1,round-robin,3,0.8535,0.8535,,OFF,success
1790594571.2830102,1790594578.7490473,4,123,1,round-robin,3,0.9878,0.9809,,ON,failed
1790594568.8473911,1790594579.7914746,6,121,1,round-robin,3,0.9913,0.9938,,OFF,success
1790594570.4065025,1790594580.0967727,3,117,2,round-robin,3,0.9875,0.482,,OFF,success
1790594576.286943,1790594582.4179258,10,114,1,round-robin,3,0.9911,0.9923,,ON,failed
1790594571.6532545,1790594583.1830199,1,116,2,round-robin,3,0.9933,0.9937,,ON,failed
1790594572.481681,1790594584.1019597,9,122,2,round-robin,3,0.9932,0.9931,,ON,failed
1790594572.8402264,1790594587.337141,8,116,2,round-robin,3,0.9915,0.9916,,ON,failed
1790594574.1742773,1790594587.3487508,5,119,2,round-robin,3,0.0,0.9933,,ON,failed
1790594579.8985062,1790594592.674773,7,120,2,round-robin,3,0.9785,0.8535,,ON,failed
1790594582.8231757,1790594594.3927977,6,122,2,round-robin,3,0.0098,0.0,,ON,failed
1790594582.0938504,1790594594.6236143,4,124,2,round-robin,3,0.9915,0.9809,,ON,failed
1790594583.4228656,1790594595.2567346,3,118,1,round-robin,3,0.0,0.0,,ON,success
1790594587.1325903,1790594597.199023,9,123,1,round-robin,3,0.9929,0.9931,,ON,success
1790594591.290876,1790594598.4112742,10,115,2,round-robin,3,0.0004,0.9923,,OFF,failed
1790594586.7060435,1790594599.007825,1,117,1,round-robin,3,0.807,0.9937,,ON,failed
1790594596.2944586,1790594600.275428,8,117,1,round-robin,3,0.0,0.055,,OFF,failed
1790594596.2934473,1790594601.4865248,2,50,2,round-robin,3,0.0,0.0,,OFF,failed
1790594596.2951643,1790594602.0848207,5,120,1,round-robin,3,0.8535,0.9933,,OFF,failed
1790594595.893153,1790594605.4673462,7,121,1,round-robin,3,0.9924,0.9924,,OFF,success
1790594597.5645566,1790594607.7131288,6,123,1,round-robin,3,0.9896,0.9911,,OFF,success
1790594597.9754388,1790594609.283003,4,125,1,round-robin,3,0.9939,0.9909,,OFF,success
1790594603.2984517,1790594610.3991315,3,119,2,round-robin,3,0.8689,0.7324,,OFF,failed
1790594600.428577,1790594612.428044,9,124,2,round-robin,3,0.9938,0.9932,,OFF,failed
1790594601.6444569,1790594613.448652,10,116,1,round-robin,3,0.9941,0.9932,,OFF,failed
1790594603.4930604,1790594614.3040712,8,118,2,round-robin,3,0.9932,0.9932,,OFF,success
1790594607.303904,1790594614.9924169,1,118,2,round-robin,3,0.9825,0.9938,,OFF,failed
1790594604.694087,1790594615.8037674,2,51,1,round-robin,3,0.9932,0.9942,,OFF,success
1790594605.3250957,1790594617.0729322,5,121,2,round-robin,3,0.9943,0.9943,,OFF,failed
1790594608.7874088,1790594619.211097,7,122,2,round-robin,3,0.9915,0.9942,,OFF,success
1790594610.8671122,1790594620.835943,6,124,2,round-robin,3,0.9924,0.9933,,OFF,success
1790594613.6169567,1790594623.5899143,3,120,1,round-robin,3,0.9937,0.0,,OFF,success
1790594612.5153823,1790594624.344225,4,126,2,round-robin,3,0.9926,0.99,,OFF,failed
1790594615.6517124,1790594625.2706447,9,125,1,round-robin,3,0.9933,0.9933,,OFF,success
1790594616.778247,1790594627.695984,10,117,2,round-robin,3,0.9925,0.9915,,OFF,success
1790594617.5855346,1790594628.5021057,8,119,1,round-robin,3,0.9924,0.9933,,OFF,success
1790594619.1405084,1790594629.1227386,2,52,2,round-robin,3,0.9938,0.9925,,OFF,success
1790594618.4082658,1790594629.851207,1,119,1,round-robin,3,0.9924,0.9924,,OFF,failed
1790594620.2861085,1790594631.6895952,5,122,1,round-robin,3,0.9926,0.9942,,OFF,success
1790594622.348958,1790594632.947437,7,123,1,round-robin,3,0.9901,0.99,,OFF,success
1790594624.0406704,1790594635.1591651,6,125,1,round-robin,3,0.9914,0.9938,,OFF,success
1790594626.8118927,1790594638.5364797,3,121,2,round-robin,3,0.9932,0.1129,,OFF,success
1790594627.6557868,1790594638.5729702,4,127,1,round-robin,3,0.9933,0.9881,,OFF,success
1790594628.4904752,1790594640.4215543,9,126,2,round-robin,3,0.9925,0.9915,,OFF,failed
1790594631.0234854,1790594641.6569917,10,118,1,round-robin,3,0.9941,0.9943,,OFF,success
1790594631.8430521,1790594644.920556,8,120,2,round-robin,3,0.9933,0.9933,,ON,failed
1790594633.0730398,1790594645.309636,1,120,2,round-robin,3,0.9932,0.9913,,ON,failed
1790594634.9054828,1790594648.410744,5,123,2,round-robin,3,0.0016,0.1614,,ON,failed
1790594636.0202076,1790594648.8966718,7,124,2,round-robin,3,0.9822,0.99,,ON,failed
1790594638.5079951,1790594650.211489,6,126,2,round-robin,3,0.4014,0.0,,ON,failed
1790594641.5630891,1790594651.9941142,3,122,1,round-robin,3,0.6813,0.1129,,ON,failed
1790594561.2785485,,2,48,1,round-robin,3,0.9942,0.9925,,OFF,unavailable
1790594641.6902847,1790594654.7236989,4,128,2,round-robin,3,0.979,0.0,,ON,failed
1790594645.643592,1790594656.494246,10,119,2,round-robin,3,0.9694,0.9943,,ON,failed
1790594643.5320714,1790594657.0082238,9,127,1,round-robin,3,0.9926,0.9925,,ON,failed
1790594647.952293,1790594659.944603,8,121,1,round-robin,3,0.0,0.9933,,ON,failed
1790594648.5266345,1790594660.981627,1,121,1,round-robin,3,0.981,0.9913,,ON,failed
1790594652.099135,1790594661.7962291,7,125,1,round-robin,3,0.9772,0.9453,,OFF,success
1790594651.729824,1790594663.0414891,5,124,1,round-robin,3,0.9893,0.1614,,OFF,success
1790594653.4488018,1790594664.066045,6,127,1,round-robin,3,0.9924,0.9938,,OFF,success
1790594655.3104515,1790594665.058375,3,123,2,round-robin,3,0.9925,0.9804,,OFF,success
1790594657.9426434,1790594669.799277,4,129,1,round-robin,3,0.9942,0.9925,,OFF,success
1790594659.7032092,1790594671.9192622,10,120,1,round-robin,3,0.9928,0.0,,OFF,failed
1790594665.336367,1790594672.6607203,9,128,2,round-robin,3,0.9925,0.9938,,OFF,failed
1790594663.16606,1790594674.2185898,8,122,2,round-robin,3,0.9938,0.9938,,OFF,success
1790594665.5232859,1790594676.2582366,1,122,2,round-robin,3,0.8554,0.8887,,OFF,success
1790594666.250677,1790594676.5430574,5,125,2,round-robin,3,0.9938,0.9938,,OFF,success
1790594665.0170467,1790594677.1790526,7,126,2,round-robin,3,0.9914,0.9931,,OFF,failed
1790594669.3384979,1790594677.3778899,2,55,2,round-robin,3,0.9937,0.0,,OFF,failed
1790594667.2919106,1790594677.8667,6,128,2,round-robin,3,0.9933,0.9932,,OFF,success
1790594668.3898861,1790594679.5444162,3,124,1,round-robin,3,0.9933,0.9896,,OFF,success
1790594672.8135502,1790594683.3948438,4,130,2,round-robin,3,0.9933,0.9901,,OFF,failed
1790594675.1413004,1790594685.1583428,10,121,2,round-robin,3,0.9933,0.9916,,OFF,success
1790594675.888796,1790594685.4317772,9,129,1,round-robin,3,0.9933,0.9938,,OFF,success
1790594680.3561573,1790594690.5499318,7,127,1,round-robin,3,0.9932,0.9914,,OFF,success
1790594677.4382038,1790594690.5581162,8,123,1,round-robin,3,0.9901,0.9915,,OFF,failed
1790594679.7686439,1790594690.5615091,5,126,1,round-robin,3,0.0,0.9706,,OFF,success
1790594680.608536,1790594690.8625224,2,56,1,round-robin,3,0.9447,0.9925,,OFF,success
1790594685.3469446,1790594692.2081714,1,123,1,round-robin,3,0.9922,0.9924,,OFF,failed
1790594686.3476923,1790594693.2250335,6,129,1,round-robin,3,0.9926,0.9933,,OFF,failed
1790594682.7490754,1790594695.1861598,3,125,2,round-robin,3,0.9925,0.9873,,OFF,failed
1790594686.6048741,1790594696.615886,4,131,1,round-robin,3,0.9937,0.9925,,OFF,success
1790594688.2901123,1790594698.5380716,10,122,1,round-robin,3,0.9933,0.0252,,OFF,success
1790594688.8904939,1790594699.2622838,9,130,2,round-robin,3,0.9915,0.9915,,OFF,success
1790594695.2023246,1790594705.2022913,5,127,2,round-robin,3,0.0,0.0488,,ON,success
1790594695.1810465,1790594706.7515376,7,128,2,round-robin,3,0.0082,0.9942,,ON,failed
1790594700.3526025,1790594708.6110587,8,124,2,round-robin,3,0.9915,0.9932,,ON,failed
1790594696.4305863,1790594708.643959,6,130,2,round-robin,3,0.9914,0.9943,,ON,failed
1790594695.415055,1790594708.672775,1,124,2,round-robin,3,0.9926,0.9933,,ON,failed
1790594701.7560565,1790594712.2082675,10,123,2,round-robin,3,0.002,0.7381,,ON,success
1790594699.9500644,1790594712.9728699,4,132,2,round-robin,3,0.9924,0.9925,,ON,failed
1790594702.5232973,1790594715.8459477,9,131,1,round-robin,3,0.9944,0.9915,,ON,failed
1790594708.515192,1790594718.243034,5,128,1,round-robin,3,0.0,0.0,,ON,success
1790594710.0855217,1790594720.0940309,7,129,1,round-robin,3,0.8095,0.9942,,OFF,success
1790594711.638239,1790594722.6358733,8,125,1,round-robin,3,0.9312,0.9932,,OFF,success
1790594711.696102,1790594722.8214061,1,125,1,round-robin,3,0.0,0.0,,OFF,success
1790594711.6669633,1790594723.1670694,6,131,1,round-robin,3,0.0,0.9943,,OFF,success
1790594715.3140988,1790594726.2090518,10,124,1,round-robin,3,0.9938,0.9932,,OFF,success
1790594632.3765717,,2,53,1,round-robin,3,0.9915,0.9926,,ON,unavailable
1790594716.1270955,1790594727.3608596,4,133,1,round-robin,3,0.9938,0.9924,,OFF,success
1790594719.0746875,1790594729.8044002,9,132,2,round-robin,3,0.9915,0.9933,,OFF,success
1790594721.4717731,1790594732.1751437,5,129,2,round-robin,3,0.9942,0.9932,,OFF,success
1790594723.175268,1790594735.7231174,7,130,2,round-robin,3,0.9915,0.9926,,OFF,failed
1790594726.6916592,1790594736.5437074,3,128,2,round-robin,3,0.9933,0.9876,,OFF,success
1790594731.370017,1790594737.8071675,1,126,2,round-robin,3,0.0,0.0,,ON,failed
1790594731.3692389,1790594738.337125,8,126,2,round-robin,3,0.9914,0.9938,,ON,failed
1790594726.1990204,1790594738.8371413,6,132,2,round-robin,3,0.854,0.9939,,OFF,failed
1790594730.5371764,1790594740.973792,4,134,2,round-robin,3,0.9925,0.9915,,OFF,success
1790594733.1175077,1790594744.6393168,9,133,1,round-robin,3,0.9933,0.9933,,ON,success
1790594735.2422462,1790594748.0467293,5,130,1,round-robin,3,0.0,0.6601,,ON,failed
1790594738.9471214,1790594748.9350247,7,131,1,round-robin,3,0.3876,0.0,,ON,success
1790594740.0728786,1790594752.197276,3,129,1,round-robin,3,0.9743,0.9876,,ON,success
1790594746.378264,1790594753.4749901,8,127,1,round-robin,3,0.0,0.0,,ON,failed
1790594741.3256905,1790594753.4967027,1,127,1,round-robin,3,0.0,0.0,,ON,failed
1790594744.2199013,1790594753.7802742,4,135,1,round-robin,3,0.4877,0.0,,ON,success
1790594747.842793,1790594760.9067924,9,134,2,round-robin,3,0.9938,0.0,,ON,failed
1790594751.2722704,1790594762.5467463,5,131,2,round-robin,3,0.9922,0.9942,,OFF,success
1790594752.1677725,1790594763.49073,7,132,2,round-robin,3,0.9925,0.9932,,OFF,success
1790594754.9617112,1790594765.532781,2,61,2,round-robin,3,0.0002,0.9915,,OFF,success
1790594756.5887277,1790594766.8574636,1,128,2,round-robin,3,0.0,0.0,,OFF,success
1790594760.3857615,1790594767.3696518,3,130,2,round-robin,3,0.9925,0.9591,,OFF,failed
1790594762.38844,1790594768.3987675,8,128,2,round-robin,3,0.8535,0.8943,,OFF,failed
1790594757.0765495,1790594770.2730868,4,136,2,round-robin,3,0.9938,0.9928,,OFF,failed
1790594764.124839,1790594775.4472866,9,135,1,round-robin,3,0.9925,0.9925,,OFF,success
1790594765.8764217,1790594775.8972256,5,132,1,round-robin,3,0.9942,0.9915,,OFF,success
1790594766.7084239,1790594776.8143053,7,133,1,round-robin,3,0.9944,0.1661,,OFF,success
1790594768.758615,1790594780.668294,2,62,1,round-robin,3,0.9915,0.9933,,OFF,failed
1790594770.591719,1790594781.0918741,3,131,1,round-robin,3,0.9916,0.0,,ON,success
1790594770.1716747,1790594781.8154764,1,129,1,round-robin,3,0.0,0.9914,,ON,failed
1790594771.6026993,1790594783.1350284,8,129,1,round-robin,3,0.9925,0.9932,,ON,failed
1790594773.4449577,1790594783.845771,4,137,1,round-robin,3,0.9461,0.0,,ON,success
1790594772.4317214,1790594785.483764,6,135,2,round-robin,3,0.0954,0.0,,ON,failed
1790594694.0777905,,2,57,2,round-robin,3,0.9911,0.9908,,OFF,unavailable
1790594806.2203038,1790594817.3498635,10,130,2,snr-greedy,4,0.1935,0.9323,,OFF,success
1790594811.9436936,1790594818.5629256,9,138,1,snr-greedy,4,0.9908,0.9878,,OFF,failed
1790594808.8989904,1790594819.1025586,5,135,1,snr-greedy,4,0.9942,0.9938,,OFF,success
1790594811.1312525,1790594820.5218854,7,136,2,snr-greedy,4,0.9915,0.9933,,OFF,success
1790594813.836609,1790594823.7877147,3,134,1,snr-greedy,4,0.9925,0.9812,,OFF,success
1790594812.8095942,1790594824.0208843,2,65,2,snr-greedy,4,0.9938,0.9938,,OFF,success
1790594813.2174215,1790594826.556449,1,132,1,snr-greedy,4,0.9924,0.9924,,OFF,failed
1790594816.6698477,1790594827.6669905,4,140,1,snr-greedy,4,0.9938,0.9915,,OFF,success
1790594815.850927,1790594827.8190134,8,132,2,snr-greedy,4,0.9901,0.9925,,OFF,failed
1790594819.331387,1790594828.8414044,6,138,2,snr-greedy,4,0.9924,0.9938,,OFF,success
1790594821.7858953,1790594831.0621233,9,139,2,snr-greedy,4,0.9932,0.9938,,OFF,success
1790594822.426457,1790594833.9435132,5,136,1,snr-greedy,4,0.9938,0.9915,,OFF,success
1790594823.7433147,1790594835.4905603,7,137,2,snr-greedy,4,0.9925,0.9937,,OFF,failed
1790594827.0163145,1790594838.32076,3,135,1,snr-greedy,4,0.9926,0.9881,,OFF,success
1790594832.947912,1790594840.4828649,2,66,1,snr-greedy,4,0.9938,0.9916,,ON,failed
1790594829.784596,1790594841.7185905,1,133,1,snr-greedy,4,0.9938,0.9925,,ON,failed
1790594832.0652964,1790594842.729845,6,139,1,snr-greedy,4,0.0926,0.0,,ON,success
1790594830.8570826,1790594843.3402035,4,141,2,snr-greedy,4,0.8669,0.9922,,ON,failed
1790594831.0299726,1790594843.4365213,8,133,2,snr-greedy,4,0.9932,0.9867,,ON,failed
1790594834.5175772,1790594846.9221544,9,140,2,snr-greedy,4,0.9938,0.9938,,ON,failed
1790594837.2007895,1790594848.5704675,5,137,1,snr-greedy,4,0.0029,0.0,,ON,failed
1790594838.7037055,1790594849.59464,7,138,1,snr-greedy,4,0.6027,0.0761,,ON,success
1790594841.5363827,1790594852.458323,3,136,1,snr-greedy,4,0.9915,0.9881,,ON,success
1790594848.967318,1790594855.8523102,2,67,1,snr-greedy,4,0.0,0.0,,OFF,failed
1790594844.9247313,1790594858.29757,1,134,1,snr-greedy,4,0.9941,0.9914,,OFF,failed
1790594845.9648254,1790594858.8028681,6,140,2,snr-greedy,4,0.9924,0.9942,,OFF,failed
1790594846.5949583,1790594859.238625,4,142,2,snr-greedy,4,0.8793,0.9901,,OFF,failed
1790594850.2557893,1790594859.7280266,9,141,2,snr-greedy,4,0.9901,0.9938,,OFF,success
1790594846.6925678,1790594860.1372204,8,134,2,snr-greedy,4,0.9901,0.9911,,OFF,failed
1790594851.7946558,1790594861.4723933,5,138,1,snr-greedy,4,0.9938,0.9938,,OFF,success
1790594850.8045077,1790594862.2219143,10,133,2,snr-greedy,4,0.9933,0.9938,,OFF,success
1790594852.8169608,1790594864.5443063,7,139,1,snr-greedy,4,0.9943,0.0095,,OFF,success
1790594855.669053,1790594867.0342424,3,137,1,snr-greedy,4,0.9926,0.9274,,OFF,success
1790594859.1709301,1790594871.956226,2,68,1,snr-greedy,4,0.9938,0.9933,,OFF,failed
1790594861.5424733,1790594873.1531048,1,135,1,snr-greedy,4,0.9942,0.9924,,OFF,failed
1790594862.941047,1790594873.3524966,9,142,1,snr-greedy,4,0.9658,0.0029,,OFF,success
1790594862.4784546,1790594873.853176,4,143,2,snr-greedy,4,0.9933,0.9937,,OFF,success
1790594861.9683504,1790594874.6193924,6,141,2,snr-greedy,4,0.9924,0.9932,,OFF,failed
1790594870.9735537,1790594875.1914713,8,135,2,snr-greedy,4,0.9924,0.9924,,OFF,failed
1790594864.6900327,1790594875.7989683,5,139,1,snr-greedy,4,0.9941,0.9938,,OFF,success
1790594865.4543993,1790594876.8488617,10,134,1,snr-greedy,4,0.9933,0.9925,,OFF,success
1790594867.7604015,1790594878.8898795,7,140,2,snr-greedy,4,0.9937,0.9938,,OFF,success
1790594870.2177186,1790594881.1717193,3,138,1,snr-greedy,4,0.9916,0.9851,,OFF,success
1790594875.1713605,1790594884.722238,2,69,2,snr-greedy,4,0.9932,0.9937,,OFF,success
1790594878.520967,1790594888.103765,8,136,1,snr-greedy,4,0.9877,0.9438,,OFF,success
1790594881.9783306,1790594888.8456988,9,143,1,snr-greedy,4,0.8797,0.0,,ON,failed
1790594877.8378386,1790594889.4647381,6,142,2,snr-greedy,4,0.9925,0.9932,,OFF,success
1790594881.9776366,1790594889.5209131,1,136,2,snr-greedy,4,0.9933,0.9941,,ON,failed
1790594882.9810715,1790594889.7450504,4,144,1,snr-greedy,4,0.9885,0.977,,ON,failed
1790594879.0234528,1790594890.486912,5,140,1,snr-greedy,4,0.9938,0.9937,,OFF,success
1790594882.101435,1790594895.3070943,7,141,2,snr-greedy,4,0.9938,0.9942,,ON,failed
1790594884.2860355,1790594897.0343769,3,139,2,snr-greedy,4,0.0,0.9851,,ON,failed
1790594887.9306064,1790594901.2000203,2,70,2,snr-greedy,4,0.0,0.0,,ON,failed
1790594892.9629068,1790594904.3804514,4,145,1,snr-greedy,4,0.0104,0.0,,ON,success
1790594898.9899714,1790594905.65403,5,141,2,snr-greedy,4,0.9918,0.9937,,OFF,failed
1790594897.9881501,1790594905.8439152,1,137,2,snr-greedy,4,0.0723,0.9941,,ON,failed
1790594898.4842389,1790594908.8972204,7,142,2,snr-greedy,4,0.9933,0.9942,,OFF,success
1790594900.3515866,1790594911.3859901,3,140,1,snr-greedy,4,0.9741,0.9851,,OFF,success
1790594820.5611775,,10,131,1,snr-greedy,4,0.9938,0.9933,,OFF,unavailable
1790594904.4229527,1790594915.4680898,2,71,2,snr-greedy,4,0.9925,0.9942,,OFF,success
1790594909.0290794,1790594918.6101136,1,138,2,snr-greedy,4,0.8804,0.8888,,OFF,success
1790594908.1236002,1790594918.7175252,10,137,2,snr-greedy,4,0.9926,0.9933,,OFF,success
1790594913.0068805,1790594919.437707,4,146,1,snr-greedy,4,0.0,0.0,,OFF,failed
1790594914.008841,1790594921.1061134,5,142,1,snr-greedy,4,0.9925,0.9926,,OFF,failed
1790594912.113189,1790594923.3625786,7,143,2,snr-greedy,4,0.9925,0.9926,,OFF,success
1790594914.7073631,1790594924.95758,3,141,1,snr-greedy,4,0.9901,0.4134,,OFF,success
1790594918.6919734,1790594931.2162504,2,72,1,snr-greedy,4,0.9932,0.9933,,OFF,failed
1790594921.8639293,1790594931.8196046,1,139,2,snr-greedy,4,0.0,0.9872,,OFF,success
1790594922.2364416,1790594933.0815694,9,146,2,snr-greedy,4,0.9925,0.9891,,OFF,success
1790594927.0137088,1790594933.562289,10,138,1,snr-greedy,4,0.9926,0.0082,,OFF,failed
1790594922.744016,1790594934.0946267,8,139,2,snr-greedy,4,0.8964,0.9943,,OFF,success
1790594924.3309321,1790594934.627246,5,143,1,snr-greedy,4,0.9925,0.9915,,OFF,success
1790594928.015962,1790594935.4052212,4,147,1,snr-greedy,4,0.8804,0.8333,,OFF,failed
1790594923.4123607,1790594936.3185909,6,145,2,snr-greedy,4,0.9912,0.9932,,OFF,failed
1790594926.7883246,1790594937.2896094,7,144,2,snr-greedy,4,0.9902,0.9898,,OFF,success
1790594928.1743495,1790594938.067329,3,142,1,snr-greedy,4,0.9915,0.9851,,OFF,success
1790594934.4296358,1790594944.9276173,2,73,2,snr-greedy,4,0.9924,0.9942,,OFF,success
1790594935.0335689,1790594946.1506813,1,140,1,snr-greedy,4,0.9938,0.9915,,OFF,success
1790594936.7959135,1790594946.604495,10,139,2,snr-greedy,4,0.0,0.0,,OFF,success
1790594936.2990937,1790594947.8147871,9,147,2,snr-greedy,4,0.9913,0.9938,,OFF,failed
1790594937.334506,1790594948.5459423,8,140,2,snr-greedy,4,0.9932,0.9944,,OFF,success
1790594937.9307013,1790594948.6558793,5,144,2,snr-greedy,4,0.9933,0.9933,,OFF,success
1790594938.6240075,1790594949.5475838,4,148,1,snr-greedy,4,0.9926,0.9882,,OFF,success
1790594939.646588,1790594949.8744185,6,146,2,snr-greedy,4,0.9925,0.9937,,OFF,success
1790594940.5057466,1790594950.6924574,7,145,2,snr-greedy,4,0.9933,0.9938,,OFF,success
1790594941.3992107,1790594950.902045,3,143,1,snr-greedy,4,0.9925,0.9849,,OFF,success
1790594948.1404386,1790594959.920504,2,74,1,snr-greedy,4,0.0,0.0,,ON,failed
1790594951.113235,1790594960.9020917,9,148,1,snr-greedy,4,0.9755,0.0,,ON,success
1790594949.4174752,1790594961.443045,1,141,1,snr-greedy,4,0.9924,0.9915,,ON,failed
1790594955.0285368,1790594962.5400035,10,140,2,snr-greedy,4,0.0,0.0001,,ON,failed
1790594953.2643402,1790594963.6589935,6,147,1,snr-greedy,4,0.0316,0.0,,ON,success
1790594951.9642165,1790594963.8125348,5,145,1,snr-greedy,4,0.0,0.0,,ON,failed
1790594957.0303938,1790594964.6830103,8,141,2,snr-greedy,4,0.9938,0.9944,,OFF,failed
1790594958.0323675,1790594965.0962737,4,149,1,snr-greedy,4,0.9771,0.0,,OFF,failed
1790594954.0968442,1790594965.6113546,3,144,1,snr-greedy,4,0.9913,0.9849,,ON,success
1790594953.7232766,1790594966.741896,7,146,2,snr-greedy,4,0.9878,0.9938,,ON,failed
1790594880.086254,,10,135,2,snr-greedy,4,0.9942,0.9944,,ON,unavailable
1790594963.1344082,1790594974.1153216,2,75,2,snr-greedy,4,0.9925,0.9933,,OFF,success
1790594964.126348,1790594974.823694,9,149,1,snr-greedy,4,0.9142,0.0,,OFF,success
1790594965.7624116,1790594975.8852162,10,141,2,snr-greedy,4,0.9933,0.9938,,OFF,success
1790594967.9546053,1790594977.8184383,8,142,1,snr-greedy,4,0.9941,0.9925,,OFF,success
1790594967.03079,1790594978.442098,5,146,2,snr-greedy,4,0.9861,0.9938,,OFF,success
1790594966.831159,1790594978.8576052,6,148,2,snr-greedy,4,0.0174,0.9867,,OFF,failed
1790594969.9562268,1790594979.789588,7,147,1,snr-greedy,4,0.9925,0.9923,,OFF,success
1790594974.0582411,1790594980.5935123,3,145,1,snr-greedy,4,0.9825,0.0,,OFF,failed
1790594974.0568426,1790594981.0719745,4,150,2,snr-greedy,4,0.9932,0.9894,,OFF,failed
1790594891.551581,,8,137,1,snr-greedy,4,0.9862,0.9438,,ON,unavailable
1790594977.436865,1790594987.365781,2,76,1,snr-greedy,4,0.9925,0.9901,,OFF,success
1790594896.9861894,,9,144,1,snr-greedy,4,0.9867,0.0,,ON,unavailable
1790594979.011856,1790594988.6591856,10,142,2,snr-greedy,4,0.0,0.0,,OFF,success
1790594978.050981,1790594989.095343,9,150,2,snr-greedy,4,0.9915,0.9938,,OFF,success
1790594981.5799203,1790594992.126053,5,147,1,snr-greedy,4,0.9938,0.9937,,OFF,success
1790594982.082987,1790594992.7921915,6,149,2,snr-greedy,4,0.9924,0.9943,,OFF,success
1790594897.9875212,,6,143,2,snr-greedy,4,0.9603,0.9932,,ON,unavailable
1790594983.811751,1790594993.461649,3,146,1,snr-greedy,4,0.9925,0.9876,,ON,success
1790594982.8953576,1790594993.9713063,7,148,1,snr-greedy,4,0.9938,0.9925,,ON,success
1790594981.1223648,1790594994.1173382,8,143,2,snr-greedy,4,0.9924,0.9933,,OFF,failed
1790594984.2887735,1790594997.5701828,4,151,2,snr-greedy,4,0.9933,0.9937,,ON,failed
1790594996.0704112,1790595002.9259977,2,77,2,snr-greedy,4,0.0302,0.9901,,ON,failed
1790594997.072524,1790595003.4402454,10,143,2,snr-greedy,4,0.0,0.0,,ON,failed
1790594994.761762,1790595004.5490024,1,144,1,snr-greedy,4,0.0,0.0,,ON,success
1790594992.479537,1790595005.3427858,9,151,2,snr-greedy,4,0.9747,0.9938,,ON,failed
1790594995.860343,1790595005.959236,6,150,1,snr-greedy,4,0.6548,0.0,,ON,success
1790594995.256737,1790595006.7070942,5,148,1,snr-greedy,4,0.926,0.7438,,ON,failed
1790595002.076686,1790595008.871593,7,149,2,snr-greedy,4,0.9922,0.9925,,OFF,failed
1790594997.3420067,1790595009.4378452,8,144,2,snr-greedy,4,0.972,0.9933,,ON,failed
1790595002.0760612,1790595009.6575673,3,147,2,snr-greedy,4,0.0,0.9876,,OFF,failed
1790595000.8183494,1790595010.8041384,4,152,1,snr-greedy,4,0.9937,0.9916,,OFF,success
1790595006.18314,1790595015.608406,2,78,1,snr-greedy,4,0.9925,0.9882,,OFF,success
1790595006.6663835,1790595016.2004204,10,144,1,snr-greedy,4,0.9941,0.9938,,OFF,success
1790595007.7842777,1790595018.1764526,1,145,1,snr-greedy,4,0.9939,0.9915,,OFF,success
1790595009.1900039,1790595019.3760536,6,151,1,snr-greedy,4,0.9925,0.9901,,OFF,success
1790595010.0167944,1790595019.4888937,5,149,1,snr-greedy,4,0.9943,0.9925,,OFF,success
1790595008.7019296,1790595020.534231,9,152,2,snr-greedy,4,0.9901,0.9915,,OFF,failed
1790595012.192136,1790595021.853218,7,150,1,snr-greedy,4,0.9941,0.9924,,OFF,success
1790595012.7745628,1790595023.5735984,8,145,1,snr-greedy,4,0.9904,0.9911,,OFF,success
1790595012.9702363,1790595023.6641378,3,148,1,snr-greedy,4,0.993,0.99,,OFF,success
1790595014.0129826,1790595024.0991297,4,153,1,snr-greedy,4,0.9932,0.9915,,OFF,success
1790595018.820029,1790595029.5119765,2,79,2,snr-greedy,4,0.9925,0.9938,,OFF,success
1790595019.4991198,1790595030.3290908,10,145,1,snr-greedy,4,0.9916,0.9901,,OFF,success
1790595021.4000912,1790595032.9075472,1,146,2,snr-greedy,4,0.9914,0.9914,,OFF,failed
1790595022.6900337,1790595033.0965457,5,150,2,snr-greedy,4,0.8887,0.906,,OFF,success
1790595028.0955107,1790595034.735077,6,152,2,snr-greedy,4,0.9915,0.9924,,OFF,failed
1790595025.079419,1790595035.2693276,7,151,1,snr-greedy,4,0.9942,0.9925,,OFF,success
1790595023.760963,1790595035.9650054,9,153,2,snr-greedy,4,0.9915,0.9914,,OFF,failed
1790595026.9276383,1790595037.7490113,3,149,1,snr-greedy,4,0.9933,0.988,,OFF,success
1790595027.309036,1790595038.6201887,4,154,2,snr-greedy,4,0.9916,0.9925,,OFF,failed
1790595056.9117842,1790595068.527854,8,148,1,state-aware,4,0.0,0.0,,OFF,success
1790595062.5968254,1790595070.1649184,4,156,1,state-aware,4,0.9,0.0,,OFF,failed
1790595062.9358025,1790595073.1831143,10,148,1,state-aware,4,0.9938,0.9925,,OFF,success
1790595064.4043212,1790595073.878262,2,82,2,state-aware,4,0.9925,0.9931,,OFF,success
1790595065.5095446,1790595075.320008,1,149,1,state-aware,4,0.9941,0.9941,,OFF,success
1790595067.0295153,1790595080.019244,6,155,2,state-aware,4,0.99,0.9925,,OFF,failed
1790595068.617057,1790595080.620182,5,153,1,state-aware,4,0.9933,0.9924,,OFF,success
1790595070.5497117,1790595081.754964,9,156,2,state-aware,4,0.8888,0.9529,,OFF,success
1790595075.6071227,1790595082.655023,7,154,2,state-aware,4,0.9862,0.989,,OFF,failed
1790595072.2660851,1790595083.077252,3,152,1,state-aware,4,0.9923,0.9649,,OFF,success
1790595071.7432241,1790595083.1097035,8,149,2,state-aware,4,0.0029,0.9933,,OFF,success
1790595073.4916575,1790595083.7792826,4,157,2,state-aware,4,0.9938,0.9938,,OFF,success
1790595076.4000435,1790595086.2853334,10,149,2,state-aware,4,0.9942,0.9933,,OFF,success
1790595077.1173837,1790595087.9181318,2,83,1,state-aware,4,0.9933,0.9938,,OFF,success
1790595078.6097076,1790595088.2924194,1,150,2,state-aware,4,0.9938,0.9925,,OFF,success
1790595083.248271,1790595094.2590039,6,156,1,state-aware,4,0.9901,0.9914,,OFF,success
1790595084.960669,1790595094.7434273,9,157,1,state-aware,4,0.9915,0.9901,,OFF,success
1790595085.798211,1790595095.386215,7,155,1,state-aware,4,0.9925,0.9938,,OFF,success
1790595083.8334346,1790595095.9937067,5,154,2,state-aware,4,0.9933,0.9933,,OFF,failed
1790595087.2564585,1790595097.6448796,4,158,2,state-aware,4,0.9925,0.9881,,OFF,success
1790595091.6132274,1790595099.7876632,3,153,2,state-aware,4,0.9915,0.965,,OFF,failed
1790595086.305959,1790595099.791081,8,150,2,state-aware,4,0.8075,0.9925,,OFF,failed
1790595089.6099463,1790595100.271432,10,150,1,state-aware,4,0.9938,0.9925,,OFF,success
1790595091.5100136,1790595104.203124,1,151,1,state-aware,4,0.9938,0.9914,,OFF,failed
1790595091.1263943,1790595104.566402,2,84,2,state-aware,4,0.9925,0.9933,,OFF,failed
1790595097.4867797,1790595107.3594253,6,157,1,state-aware,4,0.9931,0.9938,,ON,success
1790595098.6030922,1790595109.4847918,7,156,1,state-aware,4,0.9915,0.9925,,ON,success
1790595097.9529572,1790595110.1045144,9,158,2,state-aware,4,0.9915,0.9939,,ON,failed
1790595100.7130365,1790595110.6107755,4,159,1,state-aware,4,0.9915,0.9447,,ON,success
1790595099.1870115,1790595111.761229,5,155,1,state-aware,4,0.9942,0.9942,,ON,failed
1790595108.6178203,1790595114.3009212,8,151,2,state-aware,4,0.0,0.0,,ON,failed
1790595108.61691,1790595115.0241103,3,154,2,state-aware,4,0.0,0.965,,ON,failed
1790595103.4814436,1790595116.0644443,10,151,2,state-aware,4,0.9665,0.9925,,ON,failed
1790595107.3207927,1790595119.662997,1,152,2,state-aware,4,0.9589,0.9914,,ON,failed
1790595107.833297,1790595120.361813,2,85,1,state-aware,4,0.9882,0.9821,,ON,failed
1790595110.653097,1790595122.0242584,6,158,1,state-aware,4,0.9127,0.0844,,ON,success
1790595112.646624,1790595123.0076325,7,157,1,state-aware,4,0.7398,0.0,,OFF,success
1790595118.6287344,1790595124.8574739,9,159,1,state-aware,4,0.9942,0.0,,OFF,failed
1790595114.9808445,1790595125.6687691,5,156,1,state-aware,4,0.2518,0.0516,,OFF,success
1790595119.630883,1790595126.9198434,4,160,1,state-aware,4,0.977,0.004,,OFF,failed
1790595118.3507566,1790595128.1618037,3,155,1,state-aware,4,0.9924,0.9896,,OFF,success
1790595117.533994,1790595128.328029,8,152,1,state-aware,4,0.9915,0.9916,,OFF,success
1790595119.2797542,1790595130.2682652,10,152,1,state-aware,4,0.9938,0.9925,,OFF,success
1790595122.9685159,1790595132.5299125,1,153,1,state-aware,4,0.9926,0.9901,,OFF,success
1790595123.594938,1790595134.0672905,2,86,2,state-aware,4,0.9932,0.9942,,OFF,success
1790595125.2957065,1790595136.1030698,6,159,1,state-aware,4,0.9932,0.9925,,OFF,success
1790595126.3381894,1790595137.547803,7,158,1,state-aware,4,0.9932,0.9937,,OFF,success
1790595128.0756733,1790595139.6986299,9,160,2,state-aware,4,0.9931,0.9942,,OFF,failed
1790595130.4655364,1790595140.2473557,4,161,2,state-aware,4,0.9925,0.9913,,OFF,success
1790595128.8954694,1790595140.3503795,5,157,2,state-aware,4,0.9938,0.9933,,OFF,success
1790595131.557511,1790595142.7709303,8,153,1,state-aware,4,0.9911,0.9913,,OFF,success
1790595136.642769,1790595143.6847022,3,156,1,state-aware,4,0.9932,0.9899,,OFF,failed
1790595133.445218,1790595144.1949859,10,153,1,state-aware,4,0.9924,0.9915,,OFF,success
1790595137.2789636,1790595147.7052047,2,87,1,state-aware,4,0.9938,0.9938,,OFF,success
1790595135.7490041,1790595148.2187672,1,154,2,state-aware,4,0.9942,0.9941,,OFF,failed
1790595139.3362288,1790595150.551967,6,160,1,state-aware,4,0.9901,0.9915,,OFF,success
1790595140.8749657,1790595151.6131115,7,159,1,state-aware,4,0.9915,0.9925,,OFF,success
1790595143.1218715,1790595152.9003975,9,161,2,state-aware,4,0.0008,0.0102,,OFF,success
1790595143.4581838,1790595153.256476,5,158,2,state-aware,4,0.9926,0.9939,,OFF,success
1790595148.6470513,1790595156.1824365,4,162,2,state-aware,4,0.609,0.9913,,OFF,failed
1790595147.013158,1790595156.6050503,3,157,1,state-aware,4,0.9937,0.9876,,OFF,success
1790595145.9890897,1790595157.0992095,8,154,1,state-aware,4,0.9932,0.9932,,OFF,success
1790595147.574414,1790595158.3398466,10,154,1,state-aware,4,0.9933,0.9926,,OFF,success
1790595151.029021,1790595161.708691,2,88,1,state-aware,4,0.9944,0.9933,,OFF,success
1790595151.4196846,1790595162.857607,1,155,1,state-aware,4,0.9938,0.9914,,OFF,success
1790595154.8309474,1790595165.1937175,7,160,1,state-aware,4,0.9924,0.9914,,OFF,success
1790595156.4764442,1790595165.8334084,5,159,2,state-aware,4,0.9942,0.9924,,OFF,success
1790595153.7682061,1790595166.1616995,6,161,1,state-aware,4,0.9924,0.9925,,OFF,success
1790595156.2533104,1790595167.4363418,9,162,1,state-aware,4,0.9921,0.9934,,OFF,failed
1790595159.3977606,1790595170.0144215,4,163,2,state-aware,4,0.9938,0.9924,,OFF,success
1790595160.032749,1790595170.7631407,3,158,1,state-aware,4,0.9933,0.9925,,OFF,success
1790595160.3178372,1790595171.1630635,8,155,1,state-aware,4,0.9898,0.0452,,OFF,success
1790595161.5639398,1790595172.9087849,10,155,1,state-aware,4,0.9937,0.9932,,OFF,success
1790595165.0281558,1790595175.224624,2,89,1,state-aware,4,0.9938,0.9925,,OFF,success
1790595166.0640168,1790595177.5898423,1,156,1,state-aware,4,0.9915,0.9937,,OFF,success
1790595168.3354983,1790595178.638904,7,161,1,state-aware,4,0.9944,0.9943,,OFF,success
1790595169.1897488,1790595179.3294559,6,162,1,state-aware,4,0.9853,0.9853,,OFF,success
1790595174.6640174,1790595181.3663304,5,160,2,state-aware,4,0.9938,0.9942,,ON,failed
1790595170.7777877,1790595182.1870873,9,163,2,state-aware,4,0.9937,0.9941,,ON,failed
1790595174.1959848,1790595184.897356,8,156,2,state-aware,4,0.0006,0.499,,ON,success
1790595179.6670566,1790595186.2092931,3,159,2,state-aware,4,0.0041,0.9925,,ON,failed
1790595173.2647557,1790595186.5395455,4,164,2,state-aware,4,0.9914,0.9924,,ON,failed
1790595175.98058,1790595187.2156408,10,156,2,state-aware,4,0.0009,0.9466,,ON,success
1790595179.7011604,1790595191.7164476,2,90,1,state-aware,4,0.0,0.0,,ON,failed
1790595180.9465177,1790595192.545467,1,157,1,state-aware,4,0.0,0.0,,ON,success
1790595187.6716993,1790595194.1799061,6,163,1,state-aware,4,0.8358,0.0,,ON,failed
1790595181.9345083,1790595194.8248148,7,162,1,state-aware,4,0.0,0.0,,ON,failed
1790595185.2175856,1790595195.7423754,9,164,1,state-aware,4,0.9901,0.9941,,ON,success
1790595184.6883776,1790595196.7573063,5,161,1,state-aware,4,0.9915,0.9942,,ON,failed
1790595189.7152166,1790595199.8183806,4,165,1,state-aware,4,0.9924,0.9924,,ON,success
1790595189.5364296,1790595200.3538888,3,160,1,state-aware,4,0.9875,0.9925,,ON,success
1790595190.5192034,1790595201.442098,10,157,1,state-aware,4,0.1102,0.0,,ON,success
1790595188.2047334,1790595201.7686324,8,157,1,state-aware,4,0.7935,0.499,,ON,failed
1790595200.6780374,1790595206.3564737,2,91,1,state-aware,4,0.8689,0.0,,OFF,failed
1790595197.5383477,1790595207.8175197,6,164,1,state-aware,4,0.9942,0.0,,OFF,success
1790595195.5765667,1790595208.0988736,1,158,1,state-aware,4,0.0016,0.1102,,OFF,failed
1790595199.1287825,1790595208.8472276,9,165,1,state-aware,4,0.9931,0.9941,,OFF,success
1790595198.0000165,1790595210.1861982,7,163,1,state-aware,4,0.9931,0.0,,OFF,success
1790595199.9844148,1790595212.6292992,5,162,2,state-aware,4,0.9932,0.9923,,OFF,failed
1790595203.0349011,1790595213.7510471,4,166,1,state-aware,4,0.9925,0.9915,,OFF,success
1790595204.620882,1790595214.2434788,10,158,1,state-aware,4,0.985,0.9932,,OFF,success
1790595203.979617,1790595214.8813362,3,161,1,state-aware,4,0.9937,0.9791,,OFF,success
1790595211.6824,1790595217.0116148,8,158,1,state-aware,4,0.9792,0.3019,,OFF,failed
1790595211.0071332,1790595220.8083868,6,165,1,state-aware,4,0.9916,0.9048,,OFF,success
1790595209.62716,1790595220.9077291,2,92,2,state-aware,4,0.9933,0.9938,,OFF,success
1790595211.3619184,1790595222.3480916,1,159,1,state-aware,4,0.982,0.9903,,OFF,success
1790595212.0727808,1790595222.9378164,9,166,1,state-aware,4,0.9925,0.9925,,OFF,success
1790595215.860182,1790595226.2560418,5,163,1,state-aware,4,0.9933,0.9933,,OFF,success
1790595216.9666219,1790595228.3134315,4,167,1,state-aware,4,0.9937,0.9913,,OFF,success
1790595217.4604185,1790595228.9343586,10,159,1,state-aware,4,0.9941,0.9932,,OFF,success
1790595220.2474349,1790595230.241503,8,159,2,state-aware,4,0.9915,0.9926,,OFF,success
1790595224.1161625,1790595236.5853984,2,93,2,state-aware,4,0.9933,0.9933,,OFF,success
1790595229.6916819,1790595237.28897,6,166,2,state-aware,4,0.9925,0.9906,,OFF,failed
1790595226.1087067,1790595238.0416028,9,167,1,state-aware,4,0.9867,0.99,,OFF,success
1790595229.4586267,1790595240.2982476,5,164,1,state-aware,4,0.9916,0.9933,,OFF,success
1790595232.1222043,1790595243.0625384,10,160,1,state-aware,4,0.9925,0.9926,,OFF,success
1790595236.6947868,1790595244.4497561,4,168,1,state-aware,4,0.9937,0.9914,,ON,failed
1790595233.5384154,1790595246.6077473,8,160,2,state-aware,4,0.9932,0.9925,,OFF,failed
1790595241.055942,1790595250.7134707,9,168,1,state-aware,4,0.9504,0.0731,,ON,success
1790595241.096884,1790595251.361425,7,166,1,state-aware,4,0.9634,0.0,,ON,success
1790595239.604606,1790595251.861473,2,94,2,state-aware,4,0.0029,0.0016,,ON,failed
1790595241.0783367,1790595253.316698,6,167,1,state-aware,4,0.8926,0.0,,ON,success
1790595243.600073,1790595255.4274983,5,165,1,state-aware,4,0.0,0.0,,ON,failed
1790595246.4364836,1790595256.7416797,10,161,1,state-aware,4,0.0,0.0,,ON,success
1790595247.6177604,1790595257.6554823,4,169,1,state-aware,4,0.4276,0.0,,OFF,success
1790595252.703596,1790595259.6537101,3,164,1,state-aware,4,0.0,0.2255,,OFF,failed
1790595249.9271684,1790595260.934866,8,161,1,state-aware,4,0.9915,0.9941,,OFF,success
1790595253.910747,1790595263.7042177,9,169,1,state-aware,4,0.9915,0.9938,,OFF,success
1790595254.4593768,1790595265.963177,7,167,2,state-aware,4,0.9883,0.9938,,OFF,failed
1790595256.3464894,1790595266.37092,6,168,1,state-aware,4,0.9592,0.0,,OFF,success
1790595254.8920858,1790595266.5298402,2,95,2,state-aware,4,0.9914,0.9933,,OFF,success
1790595255.7976317,1790595267.1904428,1,162,1,state-aware,4,0.9915,0.0,,OFF,success
1790595258.6727242,1790595269.4349232,5,166,1,state-aware,4,0.9932,0.9925,,OFF,success
1790595259.9511166,1790595270.8858087,10,162,1,state-aware,4,0.9925,0.9933,,OFF,success
1790595260.8660352,1790595272.7057161,4,170,1,state-aware,4,0.9933,0.9924,,OFF,success
1790595263.03048,1790595275.0659497,3,165,1,state-aware,4,0.9915,0.9807,,OFF,failed
1790595264.3025088,1790595275.277966,8,162,1,state-aware,4,0.9925,0.9942,,OFF,success
1790595266.9385095,1790595278.1646876,9,170,1,state-aware,4,0.9925,0.9932,,OFF,success
1790595270.2211454,1790595280.183108,1,163,1,state-aware,4,0.9938,0.9915,,OFF,success
1790595269.553625,1790595280.5187666,2,96,2,state-aware,4,0.8689,0.9922,,OFF,success
1790595274.7263596,1790595282.4401662,7,168,1,state-aware,4,0.9913,0.9933,,OFF,failed
1790595274.7272203,1790595284.3871148,6,169,1,state-aware,4,0.0,0.3836,,OFF,failed
1790595272.7239578,1790595284.7952976,5,167,1,state-aware,4,0.9932,0.9932,,OFF,success
1790595274.1298823,1790595285.8305461,10,163,1,state-aware,4,0.9925,0.9925,,OFF,success
1790595275.7573,1790595288.005846,4,171,1,state-aware,4,0.9933,0.9938,,OFF,success
1790595278.4097195,1790595289.3006282,8,163,1,state-aware,4,0.8983,0.9938,,OFF,success
1790595308.2903302,1790595318.4816353,8,165,1,round-robin,4,0.9,0.9933,,OFF,success
1790595309.5135636,1790595320.4333384,3,168,1,round-robin,4,0.9933,0.0,,OFF,success
1790595313.783853,1790595325.7608516,9,173,1,round-robin,4,0.989,0.9942,,OFF,success
1790595314.6778338,1790595326.3067815,1,166,1,round-robin,4,0.9,0.9915,,OFF,success
1790595315.6711597,1790595328.2306395,2,99,1,round-robin,4,0.9938,0.9933,,OFF,failed
1790595316.6985626,1790595328.6231825,7,171,1,round-robin,4,0.9925,0.9925,,OFF,success
1790595323.2576728,1790595329.7555602,6,172,1,round-robin,4,0.9923,0.993,,OFF,failed
1790595320.5949674,1790595331.2251751,4,174,1,round-robin,4,0.9901,0.9882,,OFF,success
1790595326.2629864,1790595331.6968164,5,170,1,round-robin,4,0.9939,0.989,,OFF,failed
1790595326.2619176,1790595332.2404923,10,166,1,round-robin,4,0.0,0.0,,OFF,failed
1790595321.7168317,1790595334.0638072,8,166,2,round-robin,4,0.9942,0.994,,OFF,failed
1790595323.6482427,1790595336.717248,3,169,2,round-robin,4,0.9943,0.882,,OFF,failed
1790595329.0297124,1790595338.7996602,9,174,2,round-robin,4,0.9821,0.0302,,OFF,success
1790595329.5164785,1790595341.6264489,1,167,2,round-robin,4,0.9902,0.9933,,OFF,failed
1790595331.2609448,1790595341.7778797,2,100,2,round-robin,4,0.9933,0.9933,,OFF,success
1790595332.021666,1790595343.7813542,7,172,2,round-robin,4,0.9938,0.9915,,OFF,failed
1790595333.3214502,1790595344.510067,6,173,2,round-robin,4,0.9923,0.9925,,OFF,success
1790595334.9194322,1790595344.5175786,5,171,2,round-robin,4,0.9938,0.9938,,OFF,success
1790595335.4315588,1790595345.96612,10,167,2,round-robin,4,0.9913,0.9931,,OFF,success
1790595336.4932487,1790595346.0784152,4,175,2,round-robin,4,0.7943,0.0,,OFF,failed
1790595337.265241,1790595347.6816132,8,167,1,round-robin,4,0.9925,0.9933,,OFF,success
1790595340.0380776,1790595350.4310482,3,170,1,round-robin,4,0.9925,0.9801,,OFF,success
1790595342.0735452,1790595352.3912656,9,175,1,round-robin,4,0.9901,0.9926,,OFF,success
1790595351.2797382,1790595356.389636,1,168,1,round-robin,4,0.9924,0.9925,,ON,failed
1790595347.0506957,1790595357.1138213,7,173,1,round-robin,4,0.9943,0.9923,,OFF,success
1790595353.281676,1790595359.1765218,6,174,1,round-robin,4,0.99,0.9925,,ON,failed
1790595349.2778332,1790595360.5838292,4,176,1,round-robin,4,0.9846,0.8073,,ON,success
1790595347.7425003,1790595362.238549,5,172,1,round-robin,4,0.9937,0.9915,,ON,failed
1790595354.283033,1790595362.325298,10,168,1,round-robin,4,0.9913,0.9925,,ON,failed
1790595350.8971803,1790595363.3637755,8,168,2,round-robin,4,0.9841,0.9933,,ON,failed
1790595353.5878596,1790595366.6357126,3,171,2,round-robin,4,0.881,0.9801,,ON,failed
1790595355.6342626,1790595367.2705162,9,176,2,round-robin,4,0.9915,0.0,,ON,failed
1790595359.6053333,1790595371.2282207,1,169,2,round-robin,4,0.0267,0.0,,ON,failed
1790595360.3250604,1790595372.7825367,7,174,2,round-robin,4,0.9815,0.0,,ON,failed
1790595370.2880054,1790595375.4256954,5,173,2,round-robin,4,0.1189,0.0,,OFF,failed
1790595365.6776989,1790595375.9757526,10,169,2,round-robin,4,0.3011,0.0,,OFF,success
1790595362.3584778,1790595375.9760497,6,175,2,round-robin,4,0.99,0.9925,,ON,failed
1790595365.2278285,1790595376.2646117,4,177,2,round-robin,4,0.923,0.8073,,OFF,failed
1790595366.6657908,1790595377.470999,8,169,1,round-robin,4,0.9931,0.9933,,OFF,success
1790595369.8648808,1790595379.9398367,3,172,1,round-robin,4,0.9925,0.9808,,OFF,success
1790595370.439876,1790595380.1778948,9,177,1,round-robin,4,0.9932,0.9943,,OFF,success
1790595374.570624,1790595385.3729079,2,103,2,round-robin,4,0.8887,0.9932,,OFF,success
1790595379.290973,1790595386.0992734,1,170,1,round-robin,4,0.8772,0.8333,,OFF,failed
1790595376.0243924,1790595388.870498,7,175,1,round-robin,4,0.9933,0.9914,,OFF,failed
1790595378.6684947,1790595389.6996157,5,174,1,round-robin,4,0.0,0.0,,OFF,success
1790595379.6024384,1790595389.8013604,4,178,1,round-robin,4,0.9933,0.9925,,OFF,success
1790595379.1909966,1790595390.675352,10,170,1,round-robin,4,0.9152,0.9634,,OFF,success
1790595384.2935836,1790595391.3380191,6,176,1,round-robin,4,0.2636,0.9925,,OFF,failed
1790595380.70793,1790595391.9155526,8,170,2,round-robin,4,0.9925,0.9941,,OFF,success
1790595383.5329444,1790595394.0071173,9,178,2,round-robin,4,0.9915,0.9901,,OFF,success
1790595388.2967167,1790595396.2481804,3,173,2,round-robin,4,0.9926,0.9656,,OFF,failed
1790595388.5702507,1790595399.2982173,2,104,1,round-robin,4,0.9933,0.9926,,OFF,success
1790595389.3107173,1790595401.8524094,1,171,2,round-robin,4,0.9937,0.9931,,OFF,failed
1790595392.1579683,1790595402.362442,7,176,2,round-robin,4,0.9938,0.9938,,OFF,success
1790595392.9091382,1790595402.680431,5,175,2,round-robin,4,0.0165,0.9924,,OFF,success
1790595393.3289237,1790595404.6111867,4,179,2,round-robin,4,0.4816,0.0,,OFF,success
1790595393.6991787,1790595404.9514372,10,171,2,round-robin,4,0.9914,0.9938,,OFF,failed
1790595395.1510286,1790595405.8303623,8,171,1,round-robin,4,0.9915,0.9926,,OFF,success
1790595394.5457525,1790595406.2764578,6,177,2,round-robin,4,0.2096,0.9914,,OFF,success
1790595397.0766773,1790595406.6794095,9,179,1,round-robin,4,0.9925,0.9942,,OFF,success
1790595399.774716,1790595411.2009373,3,174,1,round-robin,4,0.9932,0.9732,,ON,success
1790595402.5064082,1790595414.7352757,2,105,2,round-robin,4,0.681,0.7741,,ON,failed
1790595405.06306,1790595416.8084784,1,172,1,round-robin,4,0.0,0.0,,ON,failed
1790595408.575929,1790595418.361027,4,180,1,round-robin,4,0.9764,0.0,,ON,success
1790595411.3208888,1790595418.8471577,5,176,1,round-robin,4,0.0165,0.9938,,ON,failed
1790595405.600409,1790595418.867925,7,177,1,round-robin,4,0.8536,0.9938,,ON,failed
1790595408.6078517,1790595418.9541287,10,172,1,round-robin,4,0.0,0.0,,ON,success
1790595409.31617,1790595420.6059675,6,178,1,round-robin,4,0.6824,0.0,,ON,failed
1790595409.898405,1790595421.9192061,9,180,2,round-robin,4,0.9941,0.9942,,ON,failed
1790595414.3234386,1790595422.420822,8,172,2,round-robin,4,0.0,0.0,,ON,failed
1790595415.4599369,1790595426.5631726,3,175,2,round-robin,4,0.0,0.0,,ON,failed
1790595418.1429212,1790595430.951736,2,106,1,round-robin,4,0.1526,0.0977,,ON,failed
1790595420.255306,1790595432.385379,1,173,2,round-robin,4,0.0,0.0,,ON,failed
1790595423.7978926,1790595433.4790778,6,179,2,round-robin,4,0.9941,0.0002,,OFF,success
1790595427.328641,1790595433.747078,4,181,2,round-robin,4,0.97,0.0,,OFF,failed
1790595428.3326778,1790595434.3494725,10,173,2,round-robin,4,0.0,0.0004,,OFF,failed
1790595427.329596,1790595434.9167914,5,177,2,round-robin,4,0.0,0.0,,OFF,failed
1790595427.3303533,1790595435.2445753,7,178,2,round-robin,4,0.24,0.9938,,OFF,failed
1790595425.6443813,1790595435.2504551,8,173,1,round-robin,4,0.9927,0.8689,,OFF,success
1790595425.1344705,1790595435.332565,9,181,1,round-robin,4,0.9914,0.9942,,OFF,success
1790595344.9722354,,2,101,1,round-robin,4,0.9867,0.9915,,OFF,unavailable
1790595429.7822378,1790595439.5621967,3,176,1,round-robin,4,0.9933,0.9896,,OFF,success
1790595435.5882607,1790595445.2649524,1,174,1,round-robin,4,0.9915,0.9881,,OFF,success
1790595437.0184445,1790595447.4130905,4,182,1,round-robin,4,0.9922,0.9919,,OFF,success
1790595438.1442416,1790595447.9319372,5,178,1,round-robin,4,0.0,0.3652,,OFF,success
1790595437.7174652,1790595448.232022,10,174,1,round-robin,4,0.0,0.0,,OFF,success
1790595436.7373986,1790595448.3454921,6,180,1,round-robin,4,0.0,0.0,,OFF,success
1790595438.5849237,1790595449.3694015,7,179,1,round-robin,4,0.9936,0.9939,,OFF,success
1790595444.3432474,1790595451.0914283,9,182,2,round-robin,4,0.9941,0.8804,,OFF,failed
1790595443.0911143,1790595453.446626,3,177,2,round-robin,4,0.9933,0.9925,,OFF,success
1790595448.5191998,1790595458.9968033,1,175,2,round-robin,4,0.0,0.9881,,OFF,success
1790595451.6638124,1790595461.5463855,10,175,2,round-robin,4,0.9853,0.9877,,ON,success
1790595450.6287112,1790595462.573541,4,183,2,round-robin,4,0.9942,0.9931,,ON,failed
1790595457.3499372,1790595463.1740818,6,181,2,round-robin,4,0.989,0.9902,,ON,failed
1790595451.182203,1790595463.7353325,5,179,2,round-robin,4,0.0137,0.6076,,ON,failed
1790595452.5793607,1790595464.5189302,7,180,2,round-robin,4,0.9908,0.9939,,ON,failed
1790595454.45383,1790595465.1304123,9,183,1,round-robin,4,0.9909,0.8804,,ON,success
1790595456.6679711,1790595467.2077563,3,178,1,round-robin,4,0.9511,0.9925,,ON,success
1790595462.4045882,1790595472.6066463,1,176,1,round-robin,4,0.9925,0.0019,,OFF,success
1790595463.649206,1790595473.81955,2,109,1,round-robin,4,0.9937,0.9943,,OFF,success
1790595466.4000404,1790595476.085158,6,182,1,round-robin,4,0.0518,0.0,,OFF,success
1790595465.8923764,1790595476.9080324,4,184,1,round-robin,4,0.9937,0.9941,,OFF,success
1790595466.912009,1790595477.4251425,5,180,1,round-robin,4,0.994,0.9924,,OFF,success
1790595464.7775736,1790595477.964219,10,176,1,round-robin,4,0.9882,0.9901,,OFF,failed
1790595467.7460213,1790595478.4768581,7,181,1,round-robin,4,0.9941,0.9932,,OFF,success
1790595468.359853,1790595484.1832247,9,184,2,round-robin,4,0.9915,0.9938,,OFF,failed
1790595470.1065543,1790595484.2255278,8,176,1,round-robin,4,0.0,0.9938,,OFF,success
1790595475.3649936,1790595484.2640827,3,179,2,round-robin,4,0.9936,0.9899,,OFF,failed
1790595476.8481364,1790595486.8567634,2,110,2,round-robin,4,0.9932,0.9941,,OFF,success
1790595475.8208976,1790595488.0569935,1,177,2,round-robin,4,0.9942,0.9938,,OFF,failed
1790595479.4101949,1790595491.4582384,6,183,2,round-robin,4,0.9915,0.9926,,ON,failed
1790595480.2223873,1790595491.88841,4,185,2,round-robin,4,0.9883,0.988,,ON,success
1790595481.1841445,1790595492.146915,10,177,2,round-robin,4,0.9914,0.9739,,ON,success
1790595480.633726,1790595492.775378,5,181,2,round-robin,4,0.9944,0.9942,,ON,success
1790595481.5116181,1790595494.6518478,7,182,2,round-robin,4,0.9933,0.9915,,ON,failed
1790595487.2138278,1790595495.1389427,9,185,1,round-robin,4,0.9876,0.0,,ON,failed
1790595487.256011,1790595495.4318156,8,177,2,round-robin,4,0.0,0.0161,,ON,failed
1790595487.2884138,1790595497.7978044,3,180,1,round-robin,4,0.9802,0.9899,,ON,failed
1790595490.0494273,1790595502.2335074,2,111,1,round-robin,4,0.0,0.0,,ON,failed
1790595491.3245738,1790595504.241995,1,178,1,round-robin,4,0.0,0.0,,OFF,failed
1790595495.1435544,1790595504.5803509,4,186,1,round-robin,4,0.8814,0.9765,,OFF,success
1790595496.0088673,1790595505.9970329,5,182,1,round-robin,4,0.9938,0.9925,,OFF,success
1790595501.3808215,1790595507.2427604,10,178,1,round-robin,4,0.9933,0.9932,,OFF,failed
1790595500.3789668,1790595507.827226,6,184,1,round-robin,4,0.9902,0.9925,,OFF,failed
1790595497.871907,1790595508.5769866,7,183,1,round-robin,4,0.9858,0.7145,,OFF,success
1790595504.3938942,1790595510.8959365,9,186,2,round-robin,4,0.9938,0.9805,,OFF,failed
1790595504.3951695,1790595511.4048927,8,178,1,round-robin,4,0.0,0.0,,OFF,failed
1790595501.0120912,1790595512.5750291,3,181,2,round-robin,4,0.9932,0.9874,,OFF,failed
1790595505.5117366,1790595515.8495967,2,112,2,round-robin,4,0.9915,0.9926,,OFF,success
1790595509.34259,1790595519.3294668,5,183,2,round-robin,4,0.9925,0.9925,,OFF,success
1790595507.3960748,1790595520.8752677,1,179,2,round-robin,4,0.9933,0.9914,,OFF,failed
1790595510.467232,1790595521.2380972,10,179,2,round-robin,4,0.9901,0.9901,,OFF,success
1790595511.8122094,1790595522.383103,7,184,2,round-robin,4,0.9944,0.9932,,OFF,success
1790595507.8768542,1790595522.6777518,4,187,2,round-robin,4,0.9941,0.9924,,OFF,failed
1790595511.0785549,1790595523.1890593,6,185,2,round-robin,4,0.9941,0.9938,,OFF,failed
1790595434.1695724,,2,107,2,round-robin,4,0.9944,0.9933,,OFF,unavailable
1790595514.1244552,1790595524.318039,9,187,1,round-robin,4,0.9911,0.3651,,OFF,success
1790595520.4037867,1790595526.3820498,8,179,2,round-robin,4,0.9881,0.9875,,OFF,failed
1790595519.1712818,1790595530.0928507,2,113,1,round-robin,4,0.9925,0.9944,,OFF,success
1790595522.665539,1790595532.238388,5,184,1,round-robin,4,0.9901,0.9901,,OFF,success
1790595443.339442,,8,174,2,round-robin,4,0.9882,0.8689,,OFF,unavailable
1790595524.0820184,1790595535.0733612,1,180,1,round-robin,4,0.0,0.0,,OFF,success
1790595525.603869,1790595535.583383,7,185,1,round-robin,4,0.9938,0.99,,ON,success
1790595531.4308786,1790595537.0180316,4,188,1,round-robin,4,0.9578,0.9924,,ON,failed
1790595526.4260647,1790595537.5452986,6,186,1,round-robin,4,0.9925,0.9926,,ON,success
1790595527.6546445,1790595539.1746294,9,188,2,round-robin,4,0.9901,0.9914,,ON,failed
1790595793.4646351,1790595806.9517527,9,205,2,snr-greedy,5,0.9925,0.9942,,ON,failed
1790595794.9487686,1790595807.391127,8,197,1,snr-greedy,5,0.9555,0.9,,ON,failed
1790595798.6906376,1790595809.919656,3,200,1,snr-greedy,5,0.6981,0.9,,ON,success
1790595800.4886262,1790595810.0447404,7,203,1,snr-greedy,5,0.9897,0.0,,ON,success
1790595804.2149706,1790595811.4432502,2,131,2,snr-greedy,5,0.9,0.5473,,ON,failed
1790595799.2126606,1790595811.898853,1,198,1,snr-greedy,5,0.0001,0.0,,ON,failed
1790595801.586007,1790595812.5709977,5,202,1,snr-greedy,5,0.0,0.0,,ON,success
1790595805.1580954,1790595814.9378474,10,198,1,snr-greedy,5,0.9877,0.9,,ON,success
1790595806.9349642,1790595817.0100708,4,206,1,snr-greedy,5,0.9919,0.9,,ON,success
1790595804.5332427,1790595817.6014287,6,204,1,snr-greedy,5,0.8688,0.0,,ON,failed
1790595810.2691853,1790595820.3594577,9,206,2,snr-greedy,5,0.9874,0.9942,,OFF,success
1790595816.2179096,1790595822.2263622,8,198,2,snr-greedy,5,0.0,0.0,,OFF,failed
1790595813.2532644,1790595823.738799,7,204,1,snr-greedy,5,0.9941,0.9926,,OFF,success
1790595814.6726332,1790595824.7489176,2,132,1,snr-greedy,5,0.9941,0.9941,,OFF,success
1790595815.1804488,1790595825.1163404,1,199,1,snr-greedy,5,0.9909,0.9907,,OFF,success
1790595815.7201161,1790595826.1034381,5,203,1,snr-greedy,5,0.9942,0.9938,,OFF,success
1790595818.219639,1790595826.5392535,3,201,1,snr-greedy,5,0.9931,0.991,,OFF,failed
1790595818.2522194,1790595828.8550868,10,199,2,snr-greedy,5,0.9933,0.9933,,OFF,success
1790595820.3638942,1790595832.8580532,4,207,2,snr-greedy,5,0.0,0.0,,OFF,failed
1790595826.2224622,1790595833.591346,6,205,2,snr-greedy,5,0.9861,0.8804,,OFF,failed
1790595823.7048063,1790595835.6442933,9,207,2,snr-greedy,5,0.992,0.9938,,OFF,failed
1790595827.0603795,1790595837.6631625,7,205,1,snr-greedy,5,0.994,0.9933,,OFF,success
1790595825.4415731,1790595838.1715236,8,199,1,snr-greedy,5,0.9938,0.9883,,OFF,failed
1790595827.9802396,1790595840.1241832,2,133,2,snr-greedy,5,0.9943,0.9943,,OFF,failed
1790595828.3224154,1790595840.4208732,1,200,1,snr-greedy,5,0.9856,0.9856,,OFF,failed
1790595829.332996,1790595840.7538087,5,204,2,snr-greedy,5,0.0,0.9938,,OFF,success
1790595835.22548,1790595841.467212,3,202,1,snr-greedy,5,0.9925,0.99,,ON,failed
1790595832.1008759,1790595842.79212,10,200,2,snr-greedy,5,0.9942,0.9943,,OFF,success
1790595836.3869393,1790595847.3842776,4,208,1,snr-greedy,5,0.9942,0.9915,,ON,success
1790595836.8073142,1790595850.0882127,6,206,1,snr-greedy,5,0.8757,0.0,,ON,failed
1790595838.9605002,1790595851.2235208,9,208,2,snr-greedy,5,0.9813,0.9883,,ON,failed
1790595844.2871957,1790595854.1903,5,205,2,snr-greedy,5,0.0,0.0041,,ON,success
1790595841.4008374,1790595854.6998553,8,200,2,snr-greedy,5,0.0,0.0,,ON,failed
1790595843.3362901,1790595855.1787527,2,134,1,snr-greedy,5,0.9941,0.0,,ON,failed
1790595843.74855,1790595856.3346395,1,201,1,snr-greedy,5,0.9896,0.9586,,ON,failed
1790595844.6864128,1790595857.4449615,3,203,2,snr-greedy,5,0.3837,0.99,,ON,failed
1790595846.1175077,1790595858.1623514,10,201,1,snr-greedy,5,0.993,0.9774,,ON,failed
1790595850.658203,1790595860.403488,4,209,2,snr-greedy,5,0.9914,0.9915,,OFF,success
1790595853.407464,1790595864.7241905,6,207,2,snr-greedy,5,0.0,0.0,,OFF,success
1790595854.434795,1790595867.3596685,9,209,2,snr-greedy,5,0.9915,0.9938,,OFF,failed
1790595857.4560978,1790595868.4965081,5,206,1,snr-greedy,5,0.9938,0.9925,,OFF,success
1790595858.4444416,1790595869.0295098,2,135,1,snr-greedy,5,0.9933,0.9933,,OFF,success
1790595857.9123893,1790595869.7379637,8,201,1,snr-greedy,5,0.9943,0.9932,,OFF,failed
1790595860.638158,1790595871.258539,3,204,1,snr-greedy,5,0.9933,0.9898,,OFF,success
1790595861.4940405,1790595871.5724003,10,202,1,snr-greedy,5,0.9941,0.9942,,OFF,success
1790595859.5584497,1790595872.2824306,1,202,1,snr-greedy,5,0.9925,0.9925,,OFF,failed
1790595863.617102,1790595875.7668564,4,210,1,snr-greedy,5,0.9933,0.9882,,OFF,failed
1790595867.9523938,1790595879.033159,6,208,2,snr-greedy,5,0.0,0.0,,OFF,success
1790595870.5827558,1790595880.28521,9,210,2,snr-greedy,5,0.9933,0.9933,,OFF,success
1790595868.466308,1790595880.689449,7,208,2,snr-greedy,5,0.9939,0.9941,,OFF,failed
1790595872.1508582,1790595884.8725324,5,207,2,snr-greedy,5,0.0,0.9941,,OFF,failed
1790595877.237052,1790595884.8912106,2,136,1,snr-greedy,5,0.9944,0.9942,,ON,failed
1790595874.4699073,1790595885.6852028,3,205,1,snr-greedy,5,0.9933,0.9881,,ON,success
1790595872.9580615,1790595885.7937298,8,202,1,snr-greedy,5,0.9942,0.9937,,OFF,failed
1790595875.6185625,1790595887.2304232,1,203,2,snr-greedy,5,0.9899,0.9898,,ON,failed
1790595874.7766087,1790595887.5300357,10,203,2,snr-greedy,5,0.9931,0.9939,,ON,failed
1790595878.991989,1790595890.9151754,4,211,1,snr-greedy,5,0.815,0.0019,,ON,failed
1790595883.4801915,1790595893.4705958,9,211,1,snr-greedy,5,0.9735,0.0,,OFF,success
1790595884.2260332,1790595894.4239962,7,209,1,snr-greedy,5,0.0018,0.0,,OFF,success
1790595882.3615234,1790595895.2114813,6,209,1,snr-greedy,5,0.5948,0.0,,ON,failed
1790595888.1244628,1790595898.5211947,2,137,1,snr-greedy,5,0.9918,0.9914,,OFF,success
1790595893.241917,1790595900.1699605,5,208,2,snr-greedy,5,0.8804,0.9938,,OFF,failed
1790595889.0038657,1790595900.7501316,8,203,1,snr-greedy,5,0.8887,0.9925,,OFF,success
1790595896.2436538,1790595901.1429713,3,206,1,snr-greedy,5,0.9933,0.9852,,OFF,failed
1790595890.4561617,1790595902.4872165,1,204,2,snr-greedy,5,0.0,0.9901,,OFF,failed
1790595890.7542863,1790595903.1982222,10,204,1,snr-greedy,5,0.9932,0.9924,,OFF,failed
1790595894.220984,1790595905.2505453,4,212,1,snr-greedy,5,0.9938,0.9914,,OFF,success
1790595897.741714,1790595907.92552,7,210,2,snr-greedy,5,0.9933,0.9933,,OFF,success
1790595898.4416523,1790595908.0109193,6,210,2,snr-greedy,5,0.9899,0.9932,,OFF,success
1790595896.7989998,1790595909.8466673,9,212,2,snr-greedy,5,0.9915,0.9933,,OFF,failed
1790595901.8186471,1790595912.928032,2,138,2,snr-greedy,5,0.9933,0.9933,,OFF,success
1790595903.6455708,1790595913.3751256,5,209,2,snr-greedy,5,0.0,0.0,,OFF,success
1790595904.3014162,1790595914.7932043,3,207,1,snr-greedy,5,0.9915,0.9881,,OFF,success
1790595910.2490914,1790595915.3215795,8,204,1,snr-greedy,5,0.9885,0.9925,,OFF,failed
1790595905.7196205,1790595916.2321556,1,205,1,snr-greedy,5,0.9915,0.9915,,OFF,success
1790595906.4385657,1790595917.3233519,10,205,2,snr-greedy,5,0.9933,0.9938,,OFF,success
1790595908.4589372,1790595917.9845452,4,213,1,snr-greedy,5,0.9933,0.9915,,OFF,success
1790595911.257302,1790595922.181467,6,211,2,snr-greedy,5,0.8096,0.8983,,OFF,success
1790595916.2606294,1790595922.648596,7,211,1,snr-greedy,5,0.9938,0.9933,,OFF,failed
1790595913.1075552,1790595925.74714,9,213,2,snr-greedy,5,0.9925,0.9942,,OFF,failed
1790595916.1521342,1790595926.2337449,2,139,1,snr-greedy,5,0.9944,0.6461,,OFF,success
1790595917.894251,1790595927.5903044,3,208,1,snr-greedy,5,0.9932,0.9898,,OFF,success
1790595916.4440968,1790595927.675873,5,210,1,snr-greedy,5,0.9905,0.9875,,OFF,success
1790595918.5938103,1790595928.618374,8,205,1,snr-greedy,5,0.9938,0.9925,,OFF,success
1790595919.625432,1790595930.8779912,1,206,2,snr-greedy,5,0.99,0.9914,,OFF,success
1790595921.3706956,1790595931.2911024,4,214,1,snr-greedy,5,0.9942,0.9924,,OFF,success
1790595840.8872204,,7,206,1,snr-greedy,5,0.0319,0.0,,ON,unavailable
1790595925.4016407,1790595935.2539537,6,212,1,snr-greedy,5,0.9925,0.9925,,OFF,success
1790595925.8775504,1790595937.827716,7,212,2,snr-greedy,5,0.9942,0.9942,,OFF,failed
1790595928.9455585,1790595940.0787032,9,214,2,snr-greedy,5,0.9933,0.9942,,OFF,success
1790595929.4531035,1790595940.306902,2,140,2,snr-greedy,5,0.9926,0.9933,,OFF,success
1790595930.911371,1790595941.4221046,5,211,1,snr-greedy,5,0.8943,0.9937,,OFF,success
1790595931.8467834,1790595941.9968772,8,206,1,snr-greedy,5,0.9942,0.9901,,OFF,success
1790595936.2699933,1790595943.3746543,3,209,1,snr-greedy,5,0.9933,0.9899,,OFF,failed
1790595933.9552672,1790595945.6277242,1,207,1,snr-greedy,5,0.9931,0.9923,,OFF,failed
1790595934.3719246,1790595947.6837296,4,215,2,snr-greedy,5,0.9086,0.9924,,OFF,failed
1790595938.471822,1790595948.5971067,6,213,2,snr-greedy,5,0.9915,0.9916,,ON,success
1790595941.0278342,1790595951.1646981,7,213,1,snr-greedy,5,0.9427,0.0001,,ON,success
1790595943.522366,1790595955.6538174,2,141,1,snr-greedy,5,0.0,0.0,,ON,failed
1790595943.2816632,1790595956.4370534,9,215,2,snr-greedy,5,0.9937,0.9942,,ON,failed
1790595944.7076235,1790595956.485159,5,212,2,snr-greedy,5,0.0,0.0001,,ON,failed
1790595945.0275836,1790595956.7532206,8,207,1,snr-greedy,5,0.9892,0.9901,,ON,failed
1790595946.808688,1790595958.2246068,3,210,2,snr-greedy,5,0.0,0.7908,,ON,failed
1790595950.7105224,1790595960.3700318,4,216,1,snr-greedy,5,0.6534,0.0,,ON,success
1790595948.844609,1790595960.4053857,1,208,2,snr-greedy,5,0.0,0.0,,ON,failed
1790595956.287987,1790595962.1757436,10,208,2,snr-greedy,5,0.0,0.9938,,ON,failed
1790595952.1231267,1790595965.2832592,6,214,1,snr-greedy,5,0.6373,0.0,,ON,failed
1790595954.3670523,1790595966.7224433,7,214,1,snr-greedy,5,0.4781,0.0,,ON,success
1790595965.2934113,1790595971.2324047,2,142,1,snr-greedy,5,0.8943,0.8804,,OFF,failed
1790595959.4674993,1790595971.6975815,9,216,2,snr-greedy,5,0.9356,0.9942,,OFF,failed
1790595968.2951505,1790595971.8270764,8,208,2,snr-greedy,5,0.9896,0.9932,,OFF,failed
1790595961.5566573,1790595971.9382942,3,211,1,snr-greedy,5,0.9932,0.9879,,OFF,success
1790595963.4675262,1790595974.0908332,1,209,1,snr-greedy,5,0.9912,0.9899,,UNKNOWN,success
1790595969.2969956,1790595975.1011095,4,217,1,snr-greedy,5,0.9926,0.9853,,OFF,failed
1790595965.4366844,1790595975.7153754,10,209,2,snr-greedy,5,0.9938,0.9942,,OFF,success
1790595968.733991,1790595978.2603805,6,215,2,snr-greedy,5,0.6373,0.9915,,OFF,success
1790595969.7540224,1790595979.0866911,7,215,2,snr-greedy,5,0.4781,0.9942,,OFF,success
1790595974.8436198,1790595984.2347815,9,217,2,snr-greedy,5,0.9768,0.9942,,OFF,success
1790595980.3096237,1790595986.849849,2,143,1,snr-greedy,5,0.9888,0.9881,,OFF,failed
1790595980.3116286,1790595987.2945848,3,212,1,snr-greedy,5,0.9915,0.9852,,OFF,failed
1790595980.3106022,1790595987.8254323,8,209,2,snr-greedy,5,0.0,0.0,,OFF,failed
1790595977.1265016,1790595989.1469896,1,210,1,snr-greedy,5,0.9925,0.9914,,OFF,failed
1790595979.0177372,1790595989.741943,10,210,1,snr-greedy,5,0.9938,0.9938,,OFF,success
1790595978.4379778,1790595990.2765148,4,218,2,snr-greedy,5,0.9926,0.9937,,OFF,failed
1790595982.5753963,1790595992.7342706,7,216,1,snr-greedy,5,0.9938,0.9938,,OFF,success
1790595981.4811532,1790595993.2534492,6,216,1,snr-greedy,5,0.9925,0.9915,,OFF,success
1790595987.6369085,1790596000.5190933,9,218,2,snr-greedy,5,0.9932,0.9943,,OFF,failed
1790595990.6259105,1790596001.9181294,3,213,1,snr-greedy,5,0.9933,0.9924,,OFF,success
1790595989.3927226,1790596002.3660634,5,215,2,snr-greedy,5,0.0,0.994,,OFF,failed
1790595989.880665,1790596003.9863443,2,144,1,snr-greedy,5,0.9938,0.9938,,OFF,failed
1790595992.556156,1790596004.0241454,1,211,1,snr-greedy,5,0.9924,0.9914,,OFF,success
1790595992.093313,1790596004.2900608,8,210,1,snr-greedy,5,0.9943,0.9932,,OFF,failed
1790595994.8972874,1790596005.9249926,4,219,1,snr-greedy,5,0.9938,0.9881,,OFF,failed
1790596000.3216076,1790596005.942026,10,211,1,snr-greedy,5,0.9933,0.9926,,OFF,failed
1790595996.43815,1790596007.3688262,6,217,2,snr-greedy,5,0.9914,0.9924,,OFF,success
1790595996.252466,1790596009.157225,7,217,1,snr-greedy,5,0.9943,0.9942,,OFF,failed
1790595920.543029,,10,206,2,snr-greedy,5,0.9933,0.9938,,OFF,unavailable
1790596005.5576813,1790596016.3831613,5,216,2,snr-greedy,5,0.9938,0.9938,,OFF,success
1790596005.1518013,1790596016.6791396,3,214,1,snr-greedy,5,0.9925,0.9855,,OFF,success
1790596003.9113421,1790596017.1390674,9,219,2,snr-greedy,5,0.9925,0.9939,,OFF,failed
1790596007.0519137,1790596019.9523268,1,212,1,snr-greedy,5,0.9914,0.9914,,OFF,failed
1790596007.6115046,1790596019.9897726,8,211,1,snr-greedy,5,0.9943,0.9925,,OFF,failed
1790596007.0167956,1790596020.0081205,2,145,1,snr-greedy,5,0.9942,0.9938,,OFF,failed
1790596008.9555717,1790596020.5841932,10,212,1,snr-greedy,5,0.9933,0.9926,,OFF,failed
1790596008.9387853,1790596021.1952758,4,220,1,snr-greedy,5,0.9926,0.9901,,OFF,failed
1790596012.1457956,1790596024.8511364,6,218,2,snr-greedy,5,0.9925,0.9924,,OFF,failed
1790596059.4496107,1790596064.3657916,3,217,2,state-aware,5,0.9,0.9912,,OFF,failed
1790596057.9141698,1790596065.0832732,1,215,2,state-aware,5,0.9925,0.9932,,OFF,failed
1790596059.4981596,1790596066.8794234,8,214,1,state-aware,5,0.9943,0.9925,,OFF,failed
1790596059.5307474,1790596067.2713647,2,148,2,state-aware,5,0.0,0.8342,,OFF,failed
1790596059.8399334,1790596067.9661531,4,223,1,state-aware,5,0.9887,0.8631,,OFF,failed
1790596059.5560985,1790596071.8701508,6,221,2,state-aware,5,0.9923,0.9941,,OFF,failed
1790596059.5753205,1790596071.883558,7,221,2,state-aware,5,0.9923,0.9932,,OFF,failed
1790596065.0879076,1790596076.6718996,9,223,1,state-aware,5,0.966,0.9,,OFF,success
1790596065.0885353,1790596078.023121,5,220,1,state-aware,5,0.9,0.0008,,OFF,failed
1790596067.6601894,1790596078.93843,3,218,1,state-aware,5,0.9932,0.9925,,OFF,success
1790596068.368416,1790596081.3087435,1,216,1,state-aware,5,0.9915,0.99,,OFF,failed
1790596075.919717,1790596081.6950004,2,149,2,state-aware,5,0.0016,0.984,,ON,failed
1790596075.9188812,1790596083.4659567,8,215,2,state-aware,5,0.9942,0.9925,,ON,failed
1790596071.3599253,1790596083.4725053,4,224,2,state-aware,5,0.9932,0.9912,,OFF,success
1790596082.9235477,1790596086.3308449,7,222,1,state-aware,5,0.9898,0.9853,,ON,failed
1790596082.922049,1790596087.1338425,6,222,1,state-aware,5,0.9915,0.9914,,ON,failed
1790596079.8914087,1790596090.8069746,9,224,1,state-aware,5,0.9815,0.0,,ON,success
1790596083.300145,1790596094.3185883,3,219,1,state-aware,5,0.9931,0.9925,,ON,failed
1790596081.1059163,1790596095.0218453,5,221,1,state-aware,5,0.0009,0.0173,,ON,failed
1790596084.7177427,1790596096.3460286,1,217,2,state-aware,5,0.0,0.99,,ON,failed
1790596091.9273646,1790596096.353777,2,150,2,state-aware,5,0.0,0.0,,ON,failed
1790596091.9301858,1790596097.881612,8,216,1,state-aware,5,0.0053,0.0,,ON,failed
1790596089.3617902,1790596100.0187929,7,223,1,state-aware,5,0.9914,0.9853,,ON,success
1790596093.4496543,1790596103.1223583,6,223,1,state-aware,5,0.9703,0.0041,,ON,failed
1790596094.0222175,1790596105.6484318,9,225,1,state-aware,5,0.9858,0.2442,,ON,success
1790596097.5465415,1790596106.8831496,3,220,2,state-aware,5,0.9925,0.9915,,UNKNOWN,success
1790596098.0529277,1790596109.6490076,5,222,2,state-aware,5,0.9937,0.9925,,OFF,failed
1790596099.58202,1790596110.9863048,2,151,1,state-aware,5,0.8943,0.9939,,OFF,success
1790596101.2866638,1790596111.4084477,10,218,2,state-aware,5,0.3836,0.8887,,OFF,success
1790596104.9325616,1790596112.9390752,1,218,1,state-aware,5,0.8804,0.9924,,OFF,failed
1790596106.9345155,1790596112.9435017,8,217,2,state-aware,5,0.882,0.8887,,OFF,failed
1790596103.2464113,1790596114.4997084,7,224,2,state-aware,5,0.9933,0.9933,,OFF,success
1790596106.5474343,1790596115.9876547,6,224,2,state-aware,5,0.9703,0.9915,,OFF,success
1790596108.679697,1790596119.574766,9,226,2,state-aware,5,0.9901,0.9933,,OFF,success
1790596110.1050544,1790596123.0457325,3,221,2,state-aware,5,0.9925,0.9914,,OFF,failed
1790596114.0176864,1790596123.6117165,2,152,2,state-aware,5,0.0,0.8639,,OFF,success
1790596120.94698,1790596125.5144038,10,219,1,state-aware,5,0.951,0.9855,,OFF,failed
1790596112.8969302,1790596125.8522234,5,223,2,state-aware,5,0.9942,0.9925,,OFF,failed
1790596117.7012079,1790596127.0433307,7,225,1,state-aware,5,0.9938,0.9933,,OFF,success
1790596116.270384,1790596127.7613056,1,219,2,state-aware,5,0.0,0.9924,,OFF,failed
1790596116.27102,1790596128.4150598,8,218,1,state-aware,5,0.882,0.0,,OFF,failed
1790596122.9486308,1790596130.0610654,4,227,2,state-aware,5,0.9911,0.9912,,OFF,failed
1790596119.2174,1790596131.048948,6,225,2,state-aware,5,0.9925,0.9933,,OFF,failed
1790596122.8032403,1790596135.034001,9,227,2,state-aware,5,0.9901,0.9926,,OFF,failed
1790596126.9376342,1790596137.2892506,2,153,1,state-aware,5,0.9944,0.9944,,OFF,success
1790596129.063532,1790596138.8314018,5,224,1,state-aware,5,0.9937,0.9922,,OFF,success
1790596126.6083612,1790596139.5472574,3,222,1,state-aware,5,0.9925,0.9914,,OFF,failed
1790596128.7490606,1790596139.6649656,10,220,2,state-aware,5,0.9924,0.994,,OFF,success
1790596130.4777412,1790596140.0931277,7,226,2,state-aware,5,0.9915,0.9942,,OFF,success
1790596130.991231,1790596141.165755,1,220,1,state-aware,5,0.9901,0.9914,,OFF,success
1790596131.5219564,1790596142.9292688,8,219,2,state-aware,5,0.9942,0.9932,,OFF,success
1790596133.1689272,1790596142.982429,4,228,1,state-aware,5,0.9926,0.9881,,OFF,success
1790596134.3671129,1790596144.4758687,6,226,1,state-aware,5,0.9915,0.9925,,OFF,success
1790596138.5004506,1790596148.988845,9,228,1,state-aware,5,0.9925,0.9938,,OFF,success
1790596140.5030363,1790596152.0354111,2,154,1,state-aware,5,0.9944,0.9942,,ON,failed
1790596142.0486727,1790596154.4036887,5,225,2,state-aware,5,0.9944,0.9944,,ON,failed
1790596142.9006426,1790596155.2349582,10,221,2,state-aware,5,0.0,0.0,,ON,failed
1790596145.9709363,1790596156.0554762,1,221,1,state-aware,5,0.9705,0.2504,,ON,failed
1790596143.3155806,1790596156.466459,7,227,2,state-aware,5,0.9931,0.9942,,ON,failed
1790596146.004792,1790596157.3730373,4,229,2,state-aware,5,0.8732,0.9881,,ON,failed
1790596147.6902971,1790596159.7113385,6,227,1,state-aware,5,0.9772,0.0317,,ON,failed
1790596064.9165206,,5,219,1,state-aware,5,0.9,0.0008,,OFF,unavailable
1790596152.1737676,1790596161.7619634,9,229,1,state-aware,5,0.9942,0.9938,,ON,success
1790596070.4512036,,10,216,2,state-aware,5,0.9941,0.9942,,OFF,unavailable
1790596155.2565782,1790596168.7296078,2,155,1,state-aware,5,0.0,0.0,,ON,failed
1790596157.6015596,1790596169.957039,5,226,1,state-aware,5,0.0,0.0039,,ON,failed
1790596158.5811942,1790596171.5195029,10,222,2,state-aware,5,0.0,0.0,,ON,failed
1790596160.580205,1790596171.5286598,4,230,2,state-aware,5,0.7153,0.9881,,OFF,success
1790596164.9747105,1790596172.5581536,7,228,2,state-aware,5,0.0062,0.9942,,OFF,failed
1790596164.973005,1790596172.8246226,1,222,1,state-aware,5,0.9865,0.0004,,OFF,failed
1790596162.9428933,1790596173.6392486,6,228,2,state-aware,5,0.988,0.9901,,OFF,success
1790596164.9737957,1790596174.5880432,9,230,1,state-aware,5,0.9937,0.9944,,OFF,success
1790596086.499139,,4,225,2,state-aware,5,0.8301,0.9912,,ON,unavailable
1790596171.9371092,1790596182.5890152,2,156,1,state-aware,5,0.9942,0.9942,,OFF,success
1790596173.1855357,1790596183.093286,5,227,2,state-aware,5,0.9938,0.9938,,OFF,success
1790596174.837952,1790596185.1086822,4,231,1,state-aware,5,0.8902,0.9881,,OFF,success
1790596176.0444543,1790596185.7381015,1,223,2,state-aware,5,0.9912,0.8792,,OFF,success
1790596175.939525,1790596186.5412998,7,229,2,state-aware,5,0.0302,0.9942,,OFF,success
1790596175.7309432,1790596187.0609384,8,222,1,state-aware,5,0.9938,0.0,,OFF,success
1790596176.8648038,1790596187.3783271,6,229,2,state-aware,5,0.9901,0.9901,,OFF,success
1790596174.7391362,1790596187.9719923,10,223,2,state-aware,5,0.0,0.9843,,OFF,failed
1790596177.7961228,1790596188.886938,9,231,1,state-aware,5,0.9933,0.9942,,OFF,success
1790596186.2773328,1790596196.3960562,5,228,2,state-aware,5,0.9944,0.9943,,OFF,success
1790596185.6993673,1790596196.8273418,2,157,1,state-aware,5,0.0,0.007,,OFF,success
1790596188.3235395,1790596198.9516132,4,232,1,state-aware,5,0.9815,0.9877,,OFF,success
1790596189.8851473,1790596201.1917706,7,230,1,state-aware,5,0.6054,0.0,,OFF,success
1790596189.097772,1790596202.2070732,1,224,2,state-aware,5,0.9915,0.9913,,OFF,failed
1790596192.0560985,1790596202.520682,9,232,1,state-aware,5,0.9925,0.9938,,OFF,success
1790596191.199359,1790596203.5576196,10,224,1,state-aware,5,0.9925,0.9938,,OFF,failed
1790596190.610089,1790596204.0737326,6,230,2,state-aware,5,0.9913,0.9914,,OFF,failed
1790596199.5930967,1790596210.6311522,5,229,2,state-aware,5,0.0,0.0016,,OFF,success
1790596205.0067637,1790596212.9796848,2,158,1,state-aware,5,0.8887,0.8907,,OFF,failed
1790596202.1660953,1790596213.4138072,4,233,1,state-aware,5,0.9942,0.9914,,OFF,success
1790596204.7573924,1790596214.6946263,3,227,2,state-aware,5,0.9923,0.9892,,OFF,success
1790596204.4050741,1790596215.5261226,7,231,1,state-aware,5,0.9926,0.9897,,OFF,success
1790596205.757565,1790596216.0307765,9,233,1,state-aware,5,0.9915,0.9938,,OFF,success
1790596206.796222,1790596216.7613974,10,225,1,state-aware,5,0.9925,0.0556,,OFF,success
1790596207.3172734,1790596220.445549,6,231,2,state-aware,5,0.9901,0.99,,OFF,failed
1790596213.751592,1790596226.991898,5,230,2,state-aware,5,0.0159,0.4406,,ON,failed
1790596216.7345543,1790596227.9583237,4,234,1,state-aware,5,0.9866,0.9914,,ON,success
1790596216.199887,1790596228.9402447,2,159,2,state-aware,5,0.0,0.9924,,ON,failed
1790596219.2812896,1790596229.4513173,9,234,1,state-aware,5,0.985,0.0125,,ON,success
1790596218.7635536,1790596229.9873242,7,232,1,state-aware,5,0.9942,0.9897,,ON,success
1790596220.2164903,1790596232.625278,10,226,1,state-aware,5,0.9105,0.0556,,ON,failed
1790596221.7087328,1790596234.5022247,8,225,1,state-aware,5,0.0,0.0,,ON,failed
1790596223.8880203,1790596236.0088322,6,232,1,state-aware,5,0.5912,0.0,,ON,failed
1790596147.955637,,3,223,2,state-aware,5,0.9915,0.9914,,ON,unavailable
1790596230.2198987,1790596241.5309644,5,231,2,state-aware,5,0.0,0.0,,OFF,failed
1790596231.1232839,1790596241.949391,4,235,1,state-aware,5,0.9933,0.9898,,OFF,success
1790596232.1612523,1790596242.2459111,2,160,1,state-aware,5,0.9938,0.9926,,OFF,success
1790596232.6639178,1790596242.8657417,9,235,1,state-aware,5,0.0996,0.7371,,OFF,success
1790596233.7958453,1790596244.2993615,1,227,2,state-aware,5,0.8694,0.9923,,OFF,success
1790596150.957287,,8,220,1,state-aware,5,0.9942,0.089,,ON,unavailable
1790596239.025856,1790596245.359112,7,233,1,state-aware,5,0.9942,0.9937,,OFF,failed
1790596235.8496768,1790596246.7936797,10,227,1,state-aware,5,0.9932,0.9942,,OFF,success
1790596237.6768122,1790596247.0862718,8,226,2,state-aware,5,0.9939,0.9925,,OFF,success
1790596239.3214278,1790596250.5832589,6,233,2,state-aware,5,0.9925,0.9932,,OFF,failed
1790596245.4640043,1790596255.0834017,2,161,1,state-aware,5,0.9938,0.9938,,OFF,success
1790596244.7571828,1790596256.07314,5,232,1,state-aware,5,0.9931,0.9924,,OFF,success
1790596246.0858674,1790596256.5095434,9,236,1,state-aware,5,0.9925,0.9942,,OFF,success
1790596245.1662636,1790596257.0366533,4,236,1,state-aware,5,0.9919,0.9769,,OFF,success
1790596247.6766603,1790596257.2004032,1,228,2,state-aware,5,0.9915,0.9901,,OFF,success
1790596248.4339077,1790596259.5760946,7,234,1,state-aware,5,0.9943,0.9925,,OFF,success
1790596250.0115259,1790596261.3250704,10,228,1,state-aware,5,0.9925,0.0016,,OFF,success
1790596254.033693,1790596261.804843,3,230,2,state-aware,5,0.9922,0.988,,OFF,failed
1790596250.3740416,1790596261.8124316,8,227,2,state-aware,5,0.9898,0.9925,,OFF,failed
1790596174.0057042,,3,225,2,state-aware,5,0.9941,0.9925,,OFF,unavailable
1790596254.0226712,1790596266.450953,6,234,1,state-aware,5,0.9932,0.9924,,OFF,failed
1790596258.3054197,1790596268.9756985,2,162,1,state-aware,5,0.9939,0.9933,,OFF,success
1790596259.3685882,1790596271.5494485,5,233,1,state-aware,5,0.9942,0.4892,,OFF,failed
1790596259.7051911,1790596272.1389494,9,237,1,state-aware,5,0.0,0.1722,,ON,failed
1790596266.0416167,1790596272.5945694,4,237,1,state-aware,5,0.9941,0.9906,,ON,failed
1790596260.4170024,1790596273.0874279,1,229,2,state-aware,5,0.9901,0.9901,,ON,failed
1790596262.859446,1790596273.8170164,7,235,1,state-aware,5,0.9885,0.0,,ON,success
1790596295.322677,1790596305.883425,8,230,1,round-robin,5,0.9896,0.9915,,OFF,success
1790596295.8787498,1790596308.1184716,10,231,1,round-robin,5,0.9925,0.9925,,OFF,success
1790596300.5815723,1790596308.137511,3,233,1,round-robin,5,0.9936,0.9896,,OFF,failed
1790596302.1042612,1790596315.1758256,6,237,1,round-robin,5,0.9926,0.9938,,OFF,success
1790596304.5728045,1790596316.4123476,9,240,1,round-robin,5,0.9761,0.5654,,OFF,failed
1790596312.5984566,1790596316.717855,2,165,1,round-robin,5,0.9862,0.9,,OFF,failed
1790596305.0848405,1790596317.1963105,5,236,1,round-robin,5,0.9942,0.9942,,OFF,success
1790596307.5968025,1790596318.2333949,4,240,1,round-robin,5,0.9938,0.99,,OFF,success
1790596308.9222846,1790596319.3431525,1,232,1,round-robin,5,0.3766,0.0346,,OFF,success
1790596308.945258,1790596320.4883516,7,238,1,round-robin,5,0.9931,0.9,,OFF,success
1790596314.5998502,1790596321.0201075,8,231,2,round-robin,5,0.9931,0.9915,,OFF,failed
1790596311.1516824,1790596322.3551188,3,234,2,round-robin,5,0.9915,0.9914,,OFF,success
1790596311.1329486,1790596322.36261,10,232,2,round-robin,5,0.9933,0.9924,,OFF,success
1790596319.9276776,1790596329.9414427,2,166,2,round-robin,5,0.0,0.0146,,OFF,success
1790596319.6340268,1790596330.9650466,9,241,2,round-robin,5,0.9577,0.9935,,OFF,success
1790596318.4285965,1790596331.4845273,6,238,2,round-robin,5,0.9925,0.9925,,OFF,failed
1790596321.4644074,1790596332.0826228,4,241,2,round-robin,5,0.9942,0.9914,,OFF,success
1790596323.816947,1790596335.2590127,7,239,2,round-robin,5,0.9942,0.9925,,OFF,failed
1790596322.4970455,1790596335.6774266,1,233,2,round-robin,5,0.9932,0.9932,,OFF,failed
1790596324.3605769,1790596335.9449406,8,232,1,round-robin,5,0.9938,0.9932,,OFF,failed
1790596325.5680509,1790596336.5580778,10,233,1,round-robin,5,0.8689,0.9942,,OFF,success
1790596330.6086962,1790596337.8179543,3,235,1,round-robin,5,0.9914,0.9881,,OFF,failed
1790596333.020532,1790596345.3755178,2,167,1,round-robin,5,0.9942,0.9938,,ON,failed
1790596334.6842058,1790596347.3117023,6,239,1,round-robin,5,0.0174,0.0,,ON,failed
1790596334.1817677,1790596347.5382104,9,242,1,round-robin,5,0.9925,0.9942,,ON,failed
1790596340.6139045,1790596348.0233853,4,242,1,round-robin,5,0.9883,0.0004,,ON,failed
1790596338.752384,1790596350.628536,1,234,1,round-robin,5,0.0,0.0,,ON,failed
1790596343.6159563,1790596351.6138232,7,240,1,round-robin,5,0.9942,0.2173,,ON,failed
1790596339.5889826,1790596352.04891,10,234,2,round-robin,5,0.0,0.9926,,ON,failed
1790596339.1602786,1790596352.5333676,8,233,2,round-robin,5,0.9938,0.9932,,ON,failed
1790596341.0330696,1790596352.5703824,3,236,2,round-robin,5,0.9937,0.9881,,ON,failed
1790596348.584327,1790596359.7345142,2,168,2,round-robin,5,0.0,0.0,,OFF,success
1790596355.6203759,1790596362.2492495,5,239,1,round-robin,5,0.9933,0.9916,,OFF,failed
1790596356.623622,1790596362.6047003,4,243,2,round-robin,5,0.994,0.8536,,OFF,failed
1790596350.8778284,1790596363.6985612,9,243,2,round-robin,5,0.0,0.0096,,OFF,failed
1790596355.6213706,1790596364.249747,6,240,2,round-robin,5,0.9131,0.0,,OFF,failed
1790596353.8553257,1790596364.9385939,1,235,2,round-robin,5,0.9924,0.9941,,OFF,success
1790596354.8447063,1790596366.2952564,7,241,2,round-robin,5,0.9943,0.9937,,OFF,success
1790596360.6256456,1790596367.6151943,8,234,1,round-robin,5,0.9933,0.9932,,OFF,failed
1790596361.627777,1790596367.8972867,3,237,1,round-robin,5,0.2666,0.0337,,OFF,failed
1790596362.9634447,1790596374.1309588,2,169,1,round-robin,5,0.9925,0.9942,,OFF,success
1790596365.5100255,1790596375.2049346,5,240,2,round-robin,5,0.9943,0.9942,,OFF,success
1790596365.8221054,1790596377.6238427,4,244,1,round-robin,5,0.9941,0.9898,,OFF,failed
1790596368.1641448,1790596378.1401505,1,236,1,round-robin,5,0.0,0.0,,OFF,success
1790596366.909796,1790596378.479514,9,244,1,round-robin,5,0.0,0.0,,OFF,success
1790596372.6345096,1790596379.4736383,6,241,1,round-robin,5,0.987,0.8535,,OFF,failed
1790596369.6209397,1790596381.249102,7,242,1,round-robin,5,0.9942,0.9933,,OFF,success
1790596371.1145687,1790596381.256434,3,238,2,round-robin,5,0.9941,0.9923,,OFF,success
1790596370.648937,1790596382.87397,8,235,2,round-robin,5,0.9942,0.9933,,OFF,failed
1790596377.3586237,1790596387.2559028,2,170,2,round-robin,5,0.9933,0.9943,,OFF,success
1790596378.4184759,1790596389.4911842,5,241,1,round-robin,5,0.9942,0.9944,,OFF,success
1790596381.3645067,1790596391.036515,1,237,2,round-robin,5,0.0,0.0,,OFF,success
1790596380.8485348,1790596392.3961828,4,245,2,round-robin,5,0.9574,0.9234,,OFF,failed
1790596386.647254,1790596393.1131268,9,245,2,round-robin,5,0.9825,0.9817,,OFF,failed
1790596384.4394348,1790596394.1237462,3,239,1,round-robin,5,0.9906,0.9852,,OFF,success
1790596383.842897,1790596394.7126467,10,237,2,round-robin,5,0.0,0.9871,,OFF,success
1790596382.6879876,1790596395.4348416,6,242,2,round-robin,5,0.9925,0.9932,,OFF,failed
1790596389.649567,1790596396.3990061,7,243,2,round-robin,5,0.9942,0.9901,,ON,failed
1790596386.2000494,1790596396.966134,8,236,1,round-robin,5,0.9933,0.9926,,OFF,success
1790596390.477269,1790596403.8614933,2,171,1,round-robin,5,0.9933,0.9941,,ON,failed
1790596392.7135541,1790596405.1730332,5,242,2,round-robin,5,0.1041,0.0,,ON,failed
1790596396.3155859,1790596406.132855,9,246,1,round-robin,5,0.99,0.0,,ON,success
1790596394.261772,1790596407.635044,1,238,1,round-robin,5,0.7925,0.484,,ON,failed
1790596399.78849,1790596409.7809496,7,244,1,round-robin,5,0.7287,0.0,,ON,success
1790596397.8929322,1790596410.3023105,10,238,1,round-robin,5,0.0279,0.0,,ON,failed
1790596397.3403118,1790596410.4186103,3,240,2,round-robin,5,0.9908,0.9852,,ON,failed
1790596320.4266284,,5,237,2,round-robin,5,0.9943,0.9937,,OFF,unavailable
1790596398.7999644,1790596411.0977376,6,243,1,round-robin,5,0.9633,0.0,,ON,failed
1790596400.0957806,1790596412.2752304,8,237,2,round-robin,5,0.9932,0.9603,,ON,failed
1790596406.8890378,1790596417.8599677,2,172,2,round-robin,5,0.0723,0.0,,OFF,success
1790596408.39035,1790596419.5186586,5,243,1,round-robin,5,0.9943,0.9944,,OFF,success
1790596414.6603594,1790596421.2551882,9,247,2,round-robin,5,0.9899,0.8689,,OFF,failed
1790596410.9392638,1790596422.9142907,1,239,2,round-robin,5,0.99,0.99,,OFF,failed
1790596413.0013983,1790596424.0428703,7,245,2,round-robin,5,0.0023,0.8073,,OFF,success
1790596413.629996,1790596424.8405573,3,241,1,round-robin,5,0.9932,0.9931,,OFF,success
1790596418.6628625,1790596425.2770405,10,239,2,round-robin,5,0.0279,0.8974,,OFF,failed
1790596414.477095,1790596425.5445814,6,244,2,round-robin,5,0.9914,0.9932,,OFF,success
1790596415.4783463,1790596426.7931597,8,238,1,round-robin,5,0.9942,0.9938,,OFF,success
1790596421.0827887,1790596430.5855038,2,173,1,round-robin,5,0.9932,0.9944,,OFF,success
1790596422.7258863,1790596435.185771,5,244,2,round-robin,5,0.9944,0.9938,,OFF,failed
1790596426.119075,1790596436.1054986,1,240,1,round-robin,5,0.9916,0.9896,,OFF,success
1790596427.2684357,1790596436.598587,7,246,1,round-robin,5,0.9938,0.9925,,OFF,success
1790596424.5918539,1790596437.4459941,9,248,1,round-robin,5,0.9932,0.9931,,OFF,failed
1790596428.477167,1790596437.927115,10,240,1,round-robin,5,0.9936,0.9938,,OFF,success
1790596428.0461402,1790596438.4549227,3,242,2,round-robin,5,0.9933,0.9925,,OFF,success
1790596425.7065053,1790596438.661055,4,248,2,round-robin,5,0.8013,0.9912,,OFF,failed
1790596428.7747073,1790596439.0796034,6,245,1,round-robin,5,0.9912,0.9819,,OFF,success
1790596430.007323,1790596442.9579005,8,239,2,round-robin,5,0.9933,0.9915,,OFF,failed
1790596355.2731378,,10,235,1,round-robin,5,0.0,0.9801,,OFF,unavailable
1790596433.8036168,1790596446.629871,2,174,2,round-robin,5,0.9932,0.9943,,ON,failed
1790596438.4175446,1790596451.1701314,5,245,1,round-robin,5,0.7822,0.9938,,ON,failed
1790596439.8209214,1790596451.3618565,7,247,2,round-robin,5,0.9938,0.9925,,ON,failed
1790596440.6465175,1790596452.407023,9,249,2,round-robin,5,0.9894,0.0,,ON,failed
1790596439.3444748,1790596452.513791,1,241,2,round-robin,5,0.0,0.0,,ON,failed
1790596441.1799223,1790596453.7185519,10,241,2,round-robin,5,0.0,0.0,,ON,failed
1790596446.6736953,1790596454.3107,3,243,1,round-robin,5,0.0,0.9925,,ON,failed
1790596447.6755579,1790596455.3737478,4,249,1,round-robin,5,0.0,0.0,,ON,failed
1790596447.6762168,1790596455.7470522,6,246,2,round-robin,5,0.9914,0.9819,,ON,failed
1790596451.6790383,1790596458.1270168,8,240,1,round-robin,5,0.9793,0.9915,,ON,failed
1790596449.861111,1790596462.118875,2,175,1,round-robin,5,0.0,0.0,,ON,failed
1790596454.5752234,1790596465.0707092,7,248,1,round-robin,5,0.9814,0.9925,,ON,success
1790596457.0329902,1790596466.6275897,10,242,1,round-robin,5,0.0,0.0,,OFF,success
1790596459.6853015,1790596467.7326102,5,246,2,round-robin,5,0.0,0.9938,,OFF,failed
1790596461.688695,1790596468.2509522,1,242,1,round-robin,5,0.9689,0.0,,OFF,failed
1790596457.3411047,1790596468.2512097,3,244,2,round-robin,5,0.2255,0.9925,,OFF,success
1790596460.6871107,1790596468.4542522,9,250,1,round-robin,5,0.9937,0.0,,OFF,failed
1790596458.4043481,1790596468.701409,4,250,2,round-robin,5,0.0,0.0,,OFF,success
1790596464.692198,1790596471.9343007,6,247,1,round-robin,5,0.977,0.9819,,OFF,failed
1790596461.357916,1790596473.5745912,8,241,2,round-robin,5,0.9942,0.9933,,OFF,failed
1790596465.3277452,1790596475.3437726,2,176,2,round-robin,5,0.9932,0.9942,,OFF,success
1790596469.8582196,1790596484.8809154,10,243,2,round-robin,5,0.9942,0.9938,,OFF,success
1790596468.3950176,1790596484.9232788,7,249,2,round-robin,5,0.9933,0.9925,,OFF,failed
1790596471.7671123,1790596484.9655614,9,251,2,round-robin,5,0.9925,0.9916,,OFF,success
1790596470.9592957,1790596484.9937,5,247,1,round-robin,5,0.0,0.0,,OFF,success
1790596476.7018943,1790596484.9970968,1,243,2,round-robin,5,0.9689,0.7853,,OFF,failed
1790596476.7025383,1790596485.015865,3,245,1,round-robin,5,0.0,0.9925,,OFF,failed
1790596476.703118,1790596485.033417,4,251,1,round-robin,5,0.0,0.5473,,OFF,failed
1790596395.4267519,,4,246,1,round-robin,5,0.9929,0.9234,,ON,unavailable
1790596475.0800743,1790596486.1913335,6,248,2,round-robin,5,0.9915,0.9925,,OFF,success
1790596476.7954605,1790596490.0571303,8,242,1,round-robin,5,0.9942,0.9938,,OFF,failed
1790596478.5718899,1790596490.773949,2,177,1,round-robin,5,0.9933,0.9944,,OFF,failed
1790596487.9116902,1790596495.5943482,10,244,1,round-robin,5,0.9925,0.9933,,OFF,failed
1790596487.9537246,1790596496.703005,7,250,1,round-robin,5,0.9942,0.9597,,OFF,failed
1790596493.7107518,1790596497.5251524,5,248,2,round-robin,5,0.8974,0.8943,,OFF,failed
1790596487.9884956,1790596498.3430567,9,252,1,round-robin,5,0.99,0.1224,,OFF,failed
1790596488.0299146,1790596498.89426,3,246,2,round-robin,5,0.9941,0.994,,OFF,success
1790596488.0105464,1790596499.3748677,1,244,1,round-robin,5,0.9933,0.9902,,OFF,failed
1790596488.0471992,1790596500.0911884,4,252,2,round-robin,5,0.9938,0.9931,,OFF,success
1790596489.4785957,1790596500.4069982,6,249,1,round-robin,5,0.9915,0.99,,OFF,success
1790596493.1819367,1790596502.8781571,8,243,2,round-robin,5,0.9926,0.9925,,OFF,success
1790596494.4043581,1790596505.5082724,2,178,2,round-robin,5,0.9932,0.9932,,OFF,success
1790596498.7110007,1790596509.839237,10,245,2,round-robin,5,0.9913,0.9942,,OFF,success
1790596501.3731537,1790596511.0780551,9,253,2,round-robin,5,0.9924,0.9942,,OFF,success
1790596500.701383,1790596511.5487702,5,249,1,round-robin,5,0.9901,0.9932,,OFF,success
1790596499.9636261,1790596512.5207589,7,251,2,round-robin,5,0.9926,0.9942,,OFF,failed
1790596502.580979,1790596514.1532938,1,245,2,round-robin,5,0.0,0.0501,,OFF,failed
1790596503.6523156,1790596514.7249398,6,250,2,round-robin,5,0.9915,0.9901,,OFF,success
1790596506.5163665,1790596517.7986274,8,244,1,round-robin,5,0.9933,0.9915,,OFF,success
1790596508.8618462,1790596519.6571984,2,179,1,round-robin,5,0.9914,0.9925,,OFF,success
1790596512.910533,1790596523.3257203,10,246,1,round-robin,5,0.9924,0.9943,,OFF,success
1790596514.352237,1790596525.593708,9,254,1,round-robin,5,0.99,0.9925,,OFF,success
1790596544.721352,1790596554.0944004,9,256,2,state-aware,6,0.9925,0.9938,,OFF,success
1790596545.8358288,1790596555.9387996,7,254,2,state-aware,6,0.8945,0.9878,,OFF,success
1790596545.6354256,1790596557.6457553,5,252,2,state-aware,6,0.9899,0.9901,,OFF,failed
1790596546.9643767,1790596558.0543325,6,253,2,state-aware,6,0.9899,0.9914,,OFF,success
1790596548.5895643,1790596559.314378,3,250,1,state-aware,6,0.9914,0.9899,,OFF,success
1790596548.9112296,1790596559.9265144,1,248,1,state-aware,6,0.9938,0.9924,,OFF,success
1790596549.719959,1790596560.4158216,4,256,2,state-aware,6,0.9931,0.9938,,OFF,success
1790596551.5620363,1790596561.8775454,8,247,1,state-aware,6,0.9925,0.9915,,OFF,success
1790596554.1976087,1790596565.3139482,2,182,2,state-aware,6,0.99,0.9933,,OFF,success
1790596557.2703369,1790596567.3732228,9,257,1,state-aware,6,0.9912,0.9933,,OFF,success
1790596556.9623034,1790596567.9852588,10,249,1,state-aware,6,0.9938,0.966,,OFF,success
1790596559.2705197,1790596568.865903,7,255,1,state-aware,6,0.9926,0.9925,,OFF,success
1790596560.9703157,1790596570.891637,5,253,1,state-aware,6,0.9933,0.9901,,OFF,success
1790596562.6980276,1790596572.313254,3,251,2,state-aware,6,0.9926,0.9901,,OFF,success
1790596563.1510496,1790596572.389238,1,249,1,state-aware,6,0.9933,0.055,,OFF,success
1790596561.3834622,1790596572.8344746,6,254,1,state-aware,6,0.9925,0.9938,,OFF,success
1790596564.9719136,1790596575.0471618,8,248,2,state-aware,6,0.9937,0.9933,,OFF,success
1790596563.6244905,1790596575.4939969,4,257,1,state-aware,6,0.9933,0.9937,,OFF,success
1790596568.3806312,1790596578.539398,2,183,1,state-aware,6,0.9916,0.9902,,OFF,success
1790596571.3496656,1790596581.6313305,10,250,2,state-aware,6,0.9943,0.9942,,OFF,success
1790596570.404122,1790596581.9182193,9,258,1,state-aware,6,0.9925,0.9925,,OFF,success
1790596572.1197305,1790596583.5562284,7,256,2,state-aware,6,0.9938,0.9938,,OFF,failed
1790596573.9708993,1790596584.8079505,5,254,1,state-aware,6,0.9942,0.9942,,OFF,success
1790596575.6172493,1790596585.832623,1,250,1,state-aware,6,0.0111,0.0019,,OFF,success
1790596576.0697737,1790596586.411202,6,255,2,state-aware,6,0.9925,0.9939,,OFF,success
1790596581.2799304,1790596587.268601,3,252,1,state-aware,6,0.9925,0.9915,,ON,failed
1790596578.2074635,1790596588.8141115,8,249,1,state-aware,6,0.9925,0.9641,,OFF,success
1790596578.52467,1790596589.0161734,4,258,1,state-aware,6,0.9933,0.9915,,OFF,success
1790596581.958735,1790596595.0464935,2,184,1,state-aware,6,0.9915,0.9901,,ON,failed
1790596585.362563,1790596595.8792512,9,259,1,state-aware,6,0.9899,0.0,,ON,success
1790596584.9155169,1790596596.1478832,10,251,1,state-aware,6,0.0,0.0,,ON,failed
1790596586.7901754,1790596596.971127,7,257,1,state-aware,6,0.9933,0.0305,,ON,success
1790596588.238421,1790596600.5494037,5,255,1,state-aware,6,0.0457,0.0,,ON,failed
1790596588.9091902,1790596600.7918792,1,251,1,state-aware,6,0.9874,0.0,,ON,failed
1790596590.488633,1790596601.358107,3,253,2,state-aware,6,0.9927,0.9915,,ON,success
1790596589.4421794,1790596601.6069734,6,256,1,state-aware,6,0.9878,0.9939,,ON,failed
1790596592.3261285,1790596602.2907164,4,259,2,state-aware,6,0.9914,0.9932,,OFF,success
1790596592.0136287,1790596603.4186356,8,250,1,state-aware,6,0.9914,0.2951,,OFF,failed
1790596598.1685123,1790596608.1448996,2,185,2,state-aware,6,0.9932,0.9923,,OFF,success
1790596599.4896116,1790596609.7802286,10,252,2,state-aware,6,0.9942,0.9943,,OFF,success
1790596599.0612857,1790596610.4138055,9,260,2,state-aware,6,0.9924,0.9919,,OFF,success
1790596600.201234,1790596611.033457,7,258,1,state-aware,6,0.9925,0.9944,,OFF,success
1790596609.287219,1790596615.3016803,5,256,2,state-aware,6,0.9907,0.9853,,OFF,failed
1790596605.5069466,1790596615.8311949,4,260,1,state-aware,6,0.9926,0.9901,,OFF,success
1790596604.831518,1790596616.1533475,6,257,2,state-aware,6,0.9915,0.9942,,OFF,success
1790596605.43177,1790596616.559047,3,254,2,state-aware,6,0.9872,0.9805,,OFF,success
1790596606.6243477,1790596616.6237485,8,251,2,state-aware,6,0.9938,0.9937,,OFF,success
1790596611.2988923,1790596617.2465549,1,252,1,state-aware,6,0.0,0.0,,OFF,failed
1790596611.545643,1790596622.1718695,2,186,2,state-aware,6,0.9916,0.9915,,OFF,success
1790596614.3591871,1790596623.904361,7,259,1,state-aware,6,0.9933,0.9944,,OFF,success
1790596619.2925777,1790596625.1334784,9,261,2,state-aware,6,0.9924,0.9914,,ON,failed
1790596614.2127268,1790596626.2385333,10,253,2,state-aware,6,0.003,0.9557,,OFF,failed
1790596620.4575636,1790596629.973028,1,253,1,state-aware,6,0.3661,0.0,,ON,success
1790596619.1454234,1790596630.6764104,5,257,1,state-aware,6,0.9942,0.6785,,ON,failed
1790596619.8829663,1790596631.0653534,3,255,2,state-aware,6,0.0,0.9893,,ON,failed
1790596619.2746692,1790596631.6662984,6,258,2,state-aware,6,0.9926,0.9896,,ON,failed
1790596620.0832117,1790596631.8216848,8,252,2,state-aware,6,0.9841,0.9915,,ON,failed
1790596625.382247,1790596637.7122211,2,187,1,state-aware,6,0.2517,0.0,,ON,failed
1790596627.1161602,1790596638.441873,7,260,1,state-aware,6,0.9932,0.9944,,ON,success
1790596628.3847036,1790596640.7042859,9,262,1,state-aware,6,0.9931,0.0,,ON,failed
1790596629.400436,1790596641.6382039,10,254,1,state-aware,6,0.6192,0.0,,ON,failed
1790596633.1866488,1790596643.2589207,1,254,2,state-aware,6,0.9938,0.9853,,OFF,success
1790596633.9711347,1790596644.9893897,5,258,2,state-aware,6,0.9942,0.9943,,OFF,success
1790596635.1637533,1790596645.5175912,8,253,1,state-aware,6,0.9916,0.9915,,OFF,success
1790596640.3050516,1790596647.2751212,6,259,2,state-aware,6,0.0,0.0,,OFF,failed
1790596640.9337265,1790596651.2219176,2,188,2,state-aware,6,0.9916,0.9925,,OFF,success
1790596641.6812656,1790596652.8700974,7,261,1,state-aware,6,0.9932,0.9925,,OFF,success
1790596644.021861,1790596654.138033,9,263,2,state-aware,6,0.9901,0.9898,,OFF,success
1790596646.5695047,1790596657.0765953,1,255,2,state-aware,6,0.9938,0.9932,,OFF,success
1790596648.3130424,1790596658.6241877,5,259,1,state-aware,6,0.9942,0.0,,OFF,success
1790596648.8345642,1790596659.838311,8,254,1,state-aware,6,0.9932,0.9915,,OFF,success
1790596650.3857372,1790596660.14957,6,260,1,state-aware,6,0.9901,0.9901,,OFF,success
1790596657.3158174,1790596662.3149998,4,263,2,state-aware,6,0.8887,0.994,,OFF,failed
1790596654.2910693,1790596664.4408727,2,189,2,state-aware,6,0.9938,0.9925,,OFF,success
1790596656.028623,1790596666.7284749,7,262,1,state-aware,6,0.9925,0.9938,,OFF,success
1790596657.3469143,1790596668.7863398,9,264,2,state-aware,6,0.9933,0.9933,,OFF,success
1790596660.3082678,1790596669.9808862,1,256,1,state-aware,6,0.9812,0.5544,,OFF,success
1790596661.834784,1790596673.6772244,5,260,2,state-aware,6,0.9925,0.9941,,OFF,failed
1790596664.9550035,1790596674.9220934,3,258,1,state-aware,6,0.9933,0.9925,,OFF,success
1790596663.3561404,1790596675.2186792,6,261,1,state-aware,6,0.9915,0.9925,,OFF,success
1790596665.4135485,1790596675.8009114,4,264,1,state-aware,6,0.9938,0.9914,,OFF,success
1790596664.8059819,1790596675.843971,8,255,1,state-aware,6,0.9926,0.0,,OFF,success
1790596667.9000037,1790596679.0970695,2,190,2,state-aware,6,0.9942,0.9925,,OFF,success
1790596669.908006,1790596680.8399293,7,263,1,state-aware,6,0.9938,0.9933,,OFF,success
1790596671.9686596,1790596681.8552282,9,265,2,state-aware,6,0.9933,0.9932,,OFF,success
1790596673.3137672,1790596685.9383295,1,257,2,state-aware,6,0.9933,0.9882,,OFF,failed
1790596675.9702616,1790596688.441607,10,257,2,state-aware,6,0.9915,0.9915,,OFF,failed
1790596677.019646,1790596688.514332,5,261,1,state-aware,6,0.9931,0.9925,,OFF,success
1790596683.3433924,1790596691.4166193,3,259,1,state-aware,6,0.9942,0.9916,,ON,failed
1790596679.1774049,1790596691.478922,8,256,1,state-aware,6,0.9933,0.9932,,ON,failed
1790596678.3747277,1790596691.7902725,6,262,2,state-aware,6,0.533,0.9615,,ON,failed
1790596684.363658,1790596692.1332746,4,265,1,state-aware,6,0.9942,0.9925,,ON,failed
1790596682.3351886,1790596694.66351,2,191,2,state-aware,6,0.0,0.0,,ON,failed
1790596684.3647048,1790596695.6866481,7,264,1,state-aware,6,0.0733,0.0,,ON,success
1790596685.0603118,1790596696.5212915,9,266,2,state-aware,6,0.9932,0.9925,,ON,failed
1790596689.090854,1790596700.4889038,1,258,2,state-aware,6,0.7788,0.9882,,ON,failed
1790596697.3712528,1790596702.9753213,5,262,1,state-aware,6,0.9931,0.9856,,OFF,failed
1790596694.8372493,1790596704.5107708,6,263,1,state-aware,6,0.0,0.0,,OFF,success
1790596697.3704607,1790596704.9907703,10,258,2,state-aware,6,0.8535,0.9855,,OFF,failed
1790596695.3187585,1790596706.2503226,4,266,2,state-aware,6,0.9942,0.9913,,OFF,success
1790596700.374013,1790596706.769589,3,260,2,state-aware,6,0.0,0.0,,OFF,failed
1790596700.3748903,1790596707.5740232,8,257,2,state-aware,6,0.9942,0.9925,,OFF,failed
1790596697.890527,1790596708.8158507,2,192,2,state-aware,6,0.9942,0.9922,,OFF,success
1790596698.9463234,1790596710.1096568,7,265,1,state-aware,6,0.9933,0.9925,,OFF,success
1790596699.7604256,1790596710.6507776,9,267,1,state-aware,6,0.9925,0.9924,,OFF,success
1790596703.8160844,1790596714.2553241,1,259,1,state-aware,6,0.9933,0.99,,OFF,success
1790596624.2953396,,4,261,2,state-aware,6,0.0,0.9901,,ON,unavailable
1790596707.7421162,1790596717.6258736,6,264,2,state-aware,6,0.1579,0.8689,,OFF,success
1790596709.491533,1790596719.262607,4,267,2,state-aware,6,0.9942,0.9925,,OFF,success
1790596709.9608881,1790596720.4947233,3,261,1,state-aware,6,0.994,0.991,,OFF,success
1790596713.4010696,1790596721.6225708,10,259,1,state-aware,6,0.9927,0.9924,,OFF,failed
1790596712.0307388,1790596722.4980145,2,193,2,state-aware,6,0.9944,0.9925,,OFF,success
1790596714.270426,1790596724.5551243,9,268,1,state-aware,6,0.9925,0.9933,,ON,success
1790596713.4861374,1790596725.0937042,7,266,1,state-aware,6,0.4912,0.2505,,OFF,success
1790596717.3212376,1790596729.6734476,1,260,1,state-aware,6,0.9883,0.4851,,ON,failed
1790596640.3042283,,3,256,2,state-aware,6,0.0,0.0,,OFF,unavailable
1790596721.0543828,1790596732.8871868,6,265,1,state-aware,6,0.48,0.0,,ON,failed
1790596722.3427904,1790596735.0099564,4,268,2,state-aware,6,0.0808,0.1612,,ON,failed
1790596729.40931,1790596735.5283306,3,262,1,state-aware,6,0.992,0.991,,OFF,failed
1790596644.9844441,,10,255,2,state-aware,6,0.9925,0.9943,,OFF,unavailable
1790596730.411211,1790596737.3927963,10,260,1,state-aware,6,0.3651,0.002,,OFF,failed
1790596727.706135,1790596738.6873748,9,269,1,state-aware,6,0.9881,0.0556,,OFF,success
1790596728.5402849,1790596739.3266935,7,267,1,state-aware,6,0.5474,0.0,,OFF,success
1790596732.8336303,1790596745.0427823,1,261,2,state-aware,6,0.9938,0.9924,,OFF,failed
1790596736.2732177,1790596747.6931658,6,266,1,state-aware,6,0.9923,0.9942,,OFF,success
1790596737.7227614,1790596748.5588665,5,265,2,state-aware,6,0.0,0.9808,,OFF,success
1790596738.112388,1790596749.0672066,4,269,1,state-aware,6,0.9937,0.9898,,OFF,success
1790596745.4210246,1790596752.423612,10,261,2,state-aware,6,0.0,0.1102,,OFF,failed
1790596742.3551495,1790596753.0450084,7,268,1,state-aware,6,0.5474,0.0,,OFF,success
1790596745.419395,1790596753.3333378,8,260,1,state-aware,6,0.9944,0.9937,,OFF,failed
1790596747.4235923,1790596754.8633635,9,270,1,state-aware,6,0.9765,0.0556,,OFF,failed
1790596748.4120746,1790596759.1956732,1,262,1,state-aware,6,0.9938,0.9925,,OFF,success
1790596750.92516,1790596762.0446825,6,267,1,state-aware,6,0.9915,0.9933,,OFF,success
1790596752.098427,1790596764.0857062,4,270,1,state-aware,6,0.9938,0.9914,,OFF,failed
1790596751.7399561,1790596764.6361988,5,266,2,state-aware,6,0.9911,0.9819,,OFF,failed
1790596755.7003798,1790596765.9324567,10,262,1,state-aware,6,0.9909,0.9924,,OFF,success
1790596761.4342577,1790596767.3750317,2,196,2,state-aware,6,0.9932,0.9925,,OFF,failed
1790596761.4354818,1790596768.3889444,7,269,1,state-aware,6,0.9913,0.9817,,OFF,failed
1790596756.4310832,1790596768.3966436,8,261,2,state-aware,6,0.9925,0.9931,,OFF,failed
1790596758.1372864,1790596770.2151437,9,271,1,state-aware,6,0.9932,0.9931,,OFF,failed
1790596762.288257,1790596773.0211773,1,263,1,state-aware,6,0.9944,0.9924,,OFF,success
1790596765.2546644,1790596775.6471322,6,268,1,state-aware,6,0.9925,0.9925,,OFF,success
1790596804.884331,1790596810.9906502,2,199,2,snr-greedy,6,0.0,0.7811,,OFF,failed
1790596802.4147847,1790596813.4389918,3,267,1,snr-greedy,6,0.9933,0.9915,,OFF,success
1790596806.886139,1790596813.4464927,8,264,1,snr-greedy,6,0.9878,0.6027,,OFF,failed
1790596803.685443,1790596814.7970107,9,274,2,snr-greedy,6,0.9925,0.9923,,OFF,success
1790596808.888243,1790596815.392418,7,272,2,snr-greedy,6,0.9862,0.9878,,OFF,failed
1790596805.4452467,1790596816.4288876,1,266,1,snr-greedy,6,0.9942,0.9914,,OFF,success
1790596811.0607483,1790596823.6094956,6,271,2,snr-greedy,6,0.9925,0.9925,,OFF,failed
1790596814.1337516,1790596823.9758127,2,200,2,snr-greedy,6,0.8333,0.9853,,OFF,success
1790596819.891198,1790596825.5322754,10,266,2,snr-greedy,6,0.9,0.9503,,OFF,failed
1790596815.5328147,1790596825.8305182,5,270,2,snr-greedy,6,0.9915,0.9938,,OFF,success
1790596816.4936247,1790596826.8460124,8,265,2,snr-greedy,6,0.4206,0.9882,,OFF,success
1790596815.4483497,1790596826.8536148,4,274,2,snr-greedy,6,0.966,0.9897,,OFF,failed
1790596818.620362,1790596828.3193815,7,273,1,snr-greedy,6,0.9933,0.9901,,OFF,success
1790596821.89615,1790596829.0432272,3,268,2,snr-greedy,6,0.9925,0.9937,,OFF,failed
1790596818.0277684,1790596829.922188,9,275,2,snr-greedy,6,0.9925,0.9933,,OFF,success
1790596819.5681612,1790596831.3185065,1,267,1,snr-greedy,6,0.9933,0.9901,,OFF,failed
1790596828.7825346,1790596838.3221915,10,267,2,snr-greedy,6,0.9925,0.9931,,OFF,success
1790596827.1042924,1790596839.037719,2,201,1,snr-greedy,6,0.9937,0.9933,,OFF,failed
1790596826.9942026,1790596839.3180494,6,272,2,snr-greedy,6,0.9914,0.9924,,OFF,failed
1790596829.1609747,1790596841.0831974,5,271,2,snr-greedy,6,0.9921,0.9923,,OFF,failed
1790596835.9005318,1790596841.5371313,8,266,1,snr-greedy,6,0.9583,0.9936,,OFF,failed
1790596832.1495004,1790596842.121528,3,269,1,snr-greedy,6,0.9915,0.99,,OFF,success
1790596830.0632422,1790596842.4299889,4,275,1,snr-greedy,6,0.9941,0.9913,,OFF,success
1790596832.9518497,1790596844.306287,9,276,1,snr-greedy,6,0.9924,0.9914,,OFF,success
1790596834.6225882,1790596847.0609255,1,268,1,snr-greedy,6,0.9938,0.9916,,OFF,failed
1790596842.7947977,1790596853.0051932,6,273,2,snr-greedy,6,0.9924,0.9938,,OFF,success
1790596842.3153603,1790596853.7901008,2,202,2,snr-greedy,6,0.9937,0.9938,,OFF,success
1790596845.3425758,1790596854.903107,3,270,1,snr-greedy,6,0.9942,0.9924,,OFF,success
1790596844.9191637,1790596855.5562859,8,267,2,snr-greedy,6,0.0,0.418,,OFF,success
1790596845.6736805,1790596855.7615676,4,276,1,snr-greedy,6,0.9942,0.9936,,OFF,success
1790596847.533822,1790596860.850534,9,277,2,snr-greedy,6,0.9937,0.994,,ON,failed
1790596850.2698348,1790596863.7433004,1,269,1,snr-greedy,6,0.611,0.3629,,ON,failed
1790596858.9905999,1790596868.5636623,4,277,2,snr-greedy,6,0.6601,0.9936,,OFF,success
1790596856.3239143,1790596868.667527,6,274,2,snr-greedy,6,0.9101,0.9938,,ON,failed
1790596858.3637817,1790596869.7590551,3,271,2,snr-greedy,6,0.0,0.0,,ON,failed
1790596860.116746,1790596869.9669926,7,276,1,snr-greedy,6,0.9265,0.0,,OFF,success
1790596857.0068715,1790596870.6312385,2,203,2,snr-greedy,6,0.0,0.0082,,ON,failed
1790596863.9135172,1790596872.551283,8,268,2,snr-greedy,6,0.0,0.0,,OFF,failed
1790596863.9571016,1790596874.3689022,9,278,1,snr-greedy,6,0.9932,0.9924,,OFF,success
1790596866.7815518,1790596878.1872518,1,270,1,snr-greedy,6,0.9938,0.9915,,OFF,failed
1790596871.9990954,1790596883.3191736,6,275,2,snr-greedy,6,0.0016,0.7421,,OFF,success
1790596873.6237104,1790596885.4223354,10,270,1,snr-greedy,6,0.981,0.9923,,OFF,success
1790596873.690072,1790596887.172853,2,204,1,snr-greedy,6,0.9941,0.9932,,OFF,failed
1790596876.921885,1790596888.0815997,4,278,1,snr-greedy,6,0.9689,0.9883,,OFF,failed
1790596878.9234612,1790596888.5266395,7,277,1,snr-greedy,6,0.7271,0.0029,,OFF,failed
1790596877.6172051,1790596890.8692372,9,279,2,snr-greedy,6,0.9915,0.9925,,OFF,failed
1790596881.218431,1790596893.621175,1,271,1,snr-greedy,6,0.9942,0.9924,,ON,failed
1790596886.3501673,1790596898.0522509,6,276,1,snr-greedy,6,0.2571,0.0,,ON,failed
1790596891.1113825,1790596899.675723,4,279,1,snr-greedy,6,0.9898,0.9883,,OFF,failed
1790596896.9300046,1790596900.788404,10,271,2,snr-greedy,6,0.0082,0.926,,OFF,failed
1790596891.5572665,1790596901.2927413,7,278,2,snr-greedy,6,0.0002,0.0029,,OFF,success
1790596895.9288926,1790596902.0192187,2,205,1,snr-greedy,6,0.9941,0.854,,OFF,failed
1790596894.416532,1790596904.9369469,9,280,1,snr-greedy,6,0.9931,0.9825,,OFF,success
1790596896.8342106,1790596907.4378805,1,272,1,snr-greedy,6,0.9942,0.9924,,OFF,success
1790596901.2712283,1790596910.9224472,6,277,2,snr-greedy,6,0.9899,0.9897,,OFF,success
1790596901.7960117,1790596913.930076,3,274,1,snr-greedy,6,0.9923,0.99,,OFF,success
1790596903.0717163,1790596914.53777,4,280,1,snr-greedy,6,0.9933,0.9933,,OFF,success
1790596905.0642276,1790596916.0188892,2,206,1,snr-greedy,6,0.9932,0.9914,,OFF,success
1790596910.937566,1790596916.2554,10,272,2,snr-greedy,6,0.8365,0.99,,OFF,failed
1790596905.5925922,1790596917.1699805,8,271,1,snr-greedy,6,0.9938,0.9938,,OFF,failed
1790596905.6693673,1790596917.7900527,7,279,1,snr-greedy,6,0.9903,0.9878,,OFF,failed
1790596906.6547382,1790596919.837782,5,276,2,snr-greedy,6,0.9932,0.9944,,OFF,failed
1790596909.0561774,1790596919.9393106,9,281,2,snr-greedy,6,0.9925,0.9925,,OFF,success
1790596831.5467253,,7,274,1,snr-greedy,6,0.3658,0.0,,OFF,unavailable
1790596910.801887,1790596922.7243845,1,273,1,snr-greedy,6,0.9942,0.9914,,OFF,failed
1790596914.0318334,1790596927.4058173,6,278,2,snr-greedy,6,0.9922,0.9932,,OFF,failed
1790596917.1412797,1790596927.8547215,3,275,1,snr-greedy,6,0.9933,0.9933,,OFF,success
1790596919.0118172,1790596929.276389,4,281,2,snr-greedy,6,0.9933,0.9933,,OFF,success
1790596919.0494273,1790596929.8757653,2,207,2,snr-greedy,6,0.9932,0.9932,,OFF,success
1790596919.2815502,1790596931.021084,10,273,1,snr-greedy,6,0.9914,0.9901,,OFF,success
1790596841.4493427,,10,268,2,snr-greedy,6,0.9901,0.9925,,OFF,unavailable
1790596920.3061867,1790596931.938685,8,272,2,snr-greedy,6,0.0,0.0323,,OFF,success
1790596926.9460034,1790596932.7795918,7,280,1,snr-greedy,6,0.9924,0.9912,,ON,failed
1790596923.2710328,1790596933.958738,9,282,2,snr-greedy,6,0.9915,0.9939,,OFF,success
1790596922.8690832,1790596934.3092558,5,277,2,snr-greedy,6,0.9923,0.9941,,OFF,success
1790596844.4513917,,5,272,2,snr-greedy,6,0.9915,0.9938,,OFF,unavailable
1790596926.0626183,1790596938.2629144,1,274,1,snr-greedy,6,0.9938,0.9882,,ON,failed
1790596930.4367886,1790596943.3784306,6,279,1,snr-greedy,6,0.9907,0.9932,,ON,failed
1790596932.3621528,1790596944.8245533,4,282,1,snr-greedy,6,0.3797,0.0,,ON,failed
1790596933.079639,1790596945.9481564,2,208,1,snr-greedy,6,0.0,0.0,,ON,failed
1790596939.9622285,1790596947.3112185,10,274,2,snr-greedy,6,0.0,0.0,,ON,failed
1790596936.989821,1790596948.088495,9,283,2,snr-greedy,6,0.99,0.9939,,ON,success
1790596939.9634402,1790596948.4379966,8,273,1,snr-greedy,6,0.0,0.0,,ON,failed
1790596944.9759717,1790596950.0745263,5,278,2,snr-greedy,6,0.0,0.0,,ON,failed
1790596941.5916793,1790596954.0459652,1,275,1,snr-greedy,6,0.992,0.9882,,ON,failed
1790596946.4051101,1790596958.477035,6,280,1,snr-greedy,6,0.0053,0.0,,ON,failed
1790596949.310009,1790596958.7547488,2,209,1,snr-greedy,6,0.9005,0.0,,OFF,success
1790596951.2548823,1790596961.539608,9,284,1,snr-greedy,6,0.0,0.0,,OFF,success
1790596956.9836967,1790596963.0555563,8,274,1,snr-greedy,6,0.0,0.0,,OFF,failed
1790596955.9816785,1790596963.2496774,10,275,1,snr-greedy,6,0.8333,0.0,,OFF,failed
1790596953.3031714,1790596966.0070798,5,279,2,snr-greedy,6,0.9942,0.9942,,OFF,failed
1790596872.9204168,,3,272,1,snr-greedy,6,0.9924,0.9878,,OFF,unavailable
1790596875.5845373,,8,269,2,snr-greedy,6,0.9914,0.9924,,OFF,unavailable
1790596875.6198292,,5,274,2,snr-greedy,6,0.9916,0.9933,,OFF,unavailable
1790596957.2724946,1790596967.7884588,1,276,1,snr-greedy,6,0.9938,0.9925,,OFF,success
1790596961.1506495,1790596973.483129,3,278,2,snr-greedy,6,0.0,0.0,,OFF,failed
1790596961.687209,1790596973.8050404,6,281,2,snr-greedy,6,0.0,0.0,,OFF,failed
1790596964.861395,1790596975.165369,9,285,2,snr-greedy,6,0.9875,0.993,,OFF,success
1790596966.617974,1790596976.3963242,7,283,2,snr-greedy,6,0.9915,0.9919,,OFF,success
1790596971.9936156,1790596978.096589,8,275,1,snr-greedy,6,0.9894,0.9867,,OFF,failed
1790596969.2990093,1790596979.3501728,5,280,1,snr-greedy,6,0.9938,0.9901,,OFF,success
1790596971.9945412,1790596979.872615,10,276,1,snr-greedy,6,0.7457,0.0,,OFF,failed
1790596971.2187757,1790596982.7070267,1,277,2,snr-greedy,6,0.9938,0.9936,,OFF,failed
1790596977.0271547,1790596987.4109511,6,282,2,snr-greedy,6,0.9932,0.9942,,OFF,success
1790596977.7379103,1790596987.9715724,4,285,2,snr-greedy,6,0.9925,0.9932,,OFF,success
1790596982.0004156,1790596988.5775092,3,279,1,snr-greedy,6,0.8887,0.8689,,OFF,failed
1790596978.3546062,1790596988.5891974,9,286,2,snr-greedy,6,0.9925,0.9926,,OFF,success
1790596982.5764694,1790596992.2386231,5,281,1,snr-greedy,6,0.9938,0.9932,,OFF,success
1790596979.5031323,1790596992.8335118,7,284,2,snr-greedy,6,0.9925,0.9933,,OFF,failed
1790596983.0752857,1790596994.1847005,10,277,2,snr-greedy,6,0.9925,0.9924,,OFF,success
1790596986.038629,1790596997.1763093,1,278,1,snr-greedy,6,0.9938,0.9925,,OFF,success
1790596991.2496681,1790597000.8652115,4,286,1,snr-greedy,6,0.6025,0.0,,ON,success
1790596991.8859491,1790597001.9469275,9,287,1,snr-greedy,6,0.9803,0.0,,ON,success
1790596990.7712488,1790597002.2965465,6,283,2,snr-greedy,6,0.0008,0.0979,,ON,failed
1790596996.0071661,1790597002.773414,2,212,1,snr-greedy,6,0.955,0.9464,,ON,failed
1790596996.0016296,1790597005.579181,7,285,1,snr-greedy,6,0.2792,0.0,,ON,success
1790596995.468465,1790597007.8036125,5,282,2,snr-greedy,6,0.0,0.0,,ON,failed
1790596997.6978505,1790597010.066758,10,278,1,snr-greedy,6,0.0723,0.2516,,ON,failed
1790597000.510509,1790597012.1198606,1,279,1,snr-greedy,6,0.9937,0.9925,,ON,failed
1790597004.2847536,1790597014.36741,4,287,1,snr-greedy,6,0.2222,0.0,,ON,success
1790597010.0159876,1790597016.7437088,9,288,1,snr-greedy,6,0.9937,0.0,,OFF,failed
1790597011.0254056,1790597016.8336034,6,284,1,snr-greedy,6,0.4843,0.0077,,OFF,failed
1790597006.1100833,1790597017.2417784,2,213,1,snr-greedy,6,0.986,0.9464,,ON,failed
1790597008.9002533,1790597019.606032,7,286,1,snr-greedy,6,0.9936,0.0,,OFF,success
1790597011.0260649,1790597021.929024,5,283,2,snr-greedy,6,0.9933,0.9944,,OFF,success
1790597013.3898137,1790597022.977594,10,279,2,snr-greedy,6,0.9901,0.9925,,OFF,success
1790597015.3219292,1790597025.1064622,1,280,1,snr-greedy,6,0.9933,0.9926,,OFF,success
1790597017.6046963,1790597027.0864792,4,288,2,snr-greedy,6,0.9925,0.9932,,OFF,success
1790597051.1506214,1790597060.4431655,9,291,1,round-robin,6,0.9923,0.9,,ON,success
1790597049.7471797,1790597061.775536,2,216,1,round-robin,6,0.2255,0.0053,,ON,failed
1790597052.5194073,1790597062.5032568,7,289,1,round-robin,6,0.0966,0.0,,ON,success
1790597052.1710904,1790597063.8432217,3,284,1,round-robin,6,0.0,0.0002,,ON,success
1790597056.2747016,1790597067.7406125,10,282,1,round-robin,6,0.0041,0.9712,,ON,failed
1790597061.1364582,1790597071.2193196,4,291,1,round-robin,6,0.1102,0.9,,ON,success
1790597065.576416,1790597073.7734685,1,283,1,round-robin,6,0.9904,0.0,,ON,failed
1790597063.6477256,1790597076.0958176,9,292,2,round-robin,6,0.9916,0.9,,ON,failed
1790597065.0191321,1790597077.9710248,2,217,2,round-robin,6,0.9922,0.5511,,ON,failed
1790597072.5794904,1790597078.9620109,3,285,2,round-robin,6,0.0,0.0002,,OFF,failed
1790597065.698476,1790597079.1689806,7,290,2,round-robin,6,0.7324,0.0,,ON,failed
1790597075.5812905,1790597081.7719357,8,282,1,round-robin,6,0.0,0.0,,OFF,failed
1790597073.1049345,1790597082.7595704,5,287,1,round-robin,6,0.9933,0.9933,,OFF,success
1790597071.112972,1790597084.094063,10,283,2,round-robin,6,0.5494,0.9712,,OFF,failed
1790597074.5440876,1790597085.8325899,4,292,2,round-robin,6,0.9925,0.9938,,OFF,success
1790597076.982632,1790597087.2848227,1,284,2,round-robin,6,0.9938,0.9925,,OFF,success
1790597079.325787,1790597089.5435069,9,293,1,round-robin,6,0.9923,0.9941,,OFF,success
1790597081.3060536,1790597091.4909873,2,218,1,round-robin,6,0.9936,0.9932,,OFF,success
1790597087.5843043,1790597094.5682642,3,286,1,round-robin,6,0.0,0.0,,OFF,failed
1790597081.6082048,1790597094.775077,6,289,2,round-robin,6,0.0,0.1908,,OFF,failed
1790597085.0951488,1790597095.278116,8,283,2,round-robin,6,0.9915,0.9914,,OFF,success
1790597087.585189,1790597095.2859848,7,291,1,round-robin,6,0.9747,0.8535,,OFF,failed
1790597087.3094409,1790597096.9856744,10,284,1,round-robin,6,0.9932,0.9924,,OFF,success
1790597086.0006518,1790597097.5365632,5,288,2,round-robin,6,0.9926,0.9902,,OFF,failed
1790597089.0555298,1790597099.9949107,4,293,1,round-robin,6,0.9933,0.9933,,OFF,success
1790597090.4638097,1790597101.5845006,1,285,1,round-robin,6,0.9938,0.9938,,OFF,success
1790597092.6534364,1790597102.2150638,9,294,2,round-robin,6,0.9915,0.9926,,OFF,success
1790597094.7179143,1790597104.469015,2,219,2,round-robin,6,0.9933,0.9925,,OFF,success
1790597098.3551905,1790597108.7843661,8,284,1,round-robin,6,0.9925,0.988,,OFF,success
1790597098.0923853,1790597109.508306,6,290,1,round-robin,6,0.9876,0.9904,,OFF,success
1790597103.5902755,1790597110.3007815,3,287,2,round-robin,6,0.9881,0.9872,,OFF,failed
1790597098.4690773,1790597110.807407,7,292,2,round-robin,6,0.9923,0.9877,,OFF,failed
1790597100.752315,1790597111.2172835,5,289,1,round-robin,6,0.9938,0.9943,,OFF,success
1790597103.2049282,1790597112.4427578,4,294,2,round-robin,6,0.9914,0.9925,,OFF,success
1790597100.213679,1790597113.1874483,10,285,2,round-robin,6,0.99,0.9925,,OFF,failed
1790597105.4327846,1790597115.1091623,9,295,1,round-robin,6,0.9915,0.9925,,OFF,success
1790597104.8034112,1790597115.8316324,1,286,2,round-robin,6,0.9938,0.9901,,OFF,success
1790597107.7176547,1790597120.7392807,2,220,1,round-robin,6,0.9902,0.9915,,OFF,failed
1790597114.0249653,1790597123.7385385,7,293,1,round-robin,6,0.9882,0.9915,,OFF,success
1790597113.5256653,1790597124.0272634,3,288,1,round-robin,6,0.9932,0.0,,OFF,success
1790597118.5963862,1790597124.8822029,6,291,2,round-robin,6,0.9902,0.9938,,OFF,failed
1790597115.6838272,1790597126.9218287,4,295,1,round-robin,6,0.9925,0.9938,,OFF,success
1790597116.4175804,1790597127.95825,10,286,1,round-robin,6,0.9923,0.9914,,OFF,success
1790597118.3402658,1790597128.4670312,9,296,2,round-robin,6,0.9925,0.9915,,OFF,success
1790597119.1577451,1790597128.968221,1,287,1,round-robin,6,0.9942,0.9941,,OFF,success
1790597123.8785737,1790597137.3705266,2,221,2,round-robin,6,0.9938,0.9925,,ON,failed
1790597126.86062,1790597139.811613,7,294,2,round-robin,6,0.1244,0.9915,,ON,failed
1790597132.601299,1790597140.30234,3,289,2,round-robin,6,0.0,0.0,,ON,failed
1790597127.912738,1790597140.9224172,6,292,1,round-robin,6,0.9923,0.9938,,ON,failed
1790597131.8776107,1790597142.3870163,9,297,1,round-robin,6,0.9883,0.0029,,ON,success
1790597049.096773,,6,287,1,round-robin,6,0.9925,0.9899,,ON,unavailable
1790597131.1370573,1790597142.5784657,10,287,2,round-robin,6,0.9892,0.9914,,ON,failed
1790597130.2461278,1790597143.623103,4,296,2,round-robin,6,0.7619,0.9938,,ON,failed
1790597132.1934853,1790597145.2216847,1,288,2,round-robin,6,0.0,0.0,,ON,failed
1790597145.6057396,1790597152.621005,8,287,1,round-robin,6,0.0,0.7324,,ON,failed
1790597140.6838608,1790597152.9143043,2,222,1,round-robin,6,0.9294,0.9925,,ON,failed
1790597143.0110073,1790597154.9505336,7,295,1,round-robin,6,0.0729,0.9915,,ON,failed
1790597148.607581,1790597155.5889847,3,290,1,round-robin,6,0.0,0.0,,OFF,failed
1790597146.6512134,1790597156.0766363,4,297,1,round-robin,6,0.7948,0.4854,,OFF,success
1790597144.237152,1790597157.713805,6,293,2,round-robin,6,0.971,0.9938,,ON,failed
1790597145.6964319,1790597158.7318063,9,298,2,round-robin,6,0.9189,0.0029,,ON,failed
1790597151.6104727,1790597158.9542437,10,288,1,round-robin,6,0.0,0.0,,OFF,failed
1790597148.443253,1790597160.4740489,1,289,1,round-robin,6,0.0974,0.0008,,OFF,failed
1790597156.140655,1790597165.9024973,2,223,2,round-robin,6,0.9925,0.9938,,OFF,success
1790597155.8451881,1790597168.3991024,8,288,2,round-robin,6,0.9898,0.9925,,OFF,failed
1790597158.1712694,1790597168.7077034,7,296,2,round-robin,6,0.9925,0.9942,,OFF,success
1790597159.3841772,1790597171.0289266,4,298,2,round-robin,6,0.9932,0.9912,,OFF,failed
1790597161.1725864,1790597171.9914174,6,294,1,round-robin,6,0.9901,0.9915,,OFF,success
1790597158.6373677,1790597172.3415911,3,291,2,round-robin,6,0.9938,0.9932,,OFF,failed
1790597162.1728175,1790597173.112709,10,289,2,round-robin,6,0.9888,0.9901,,OFF,success
1790597167.6213312,1790597174.1408367,9,299,1,round-robin,6,0.9923,0.9862,,OFF,failed
1790597163.7027915,1790597175.150998,1,290,2,round-robin,6,0.9939,0.9933,,OFF,success
1790597167.6220345,1790597175.6399696,5,293,1,round-robin,6,0.8729,0.9938,,OFF,failed
1790597169.1204638,1790597180.1343875,2,224,1,round-robin,6,0.9933,0.9925,,OFF,success
1790597171.995849,1790597182.6329818,7,297,1,round-robin,6,0.9933,0.9942,,OFF,success
1790597174.2392447,1790597186.1710587,4,299,1,round-robin,6,0.9925,0.9901,,ON,success
1790597176.1443007,1790597187.0070705,10,290,1,round-robin,6,0.0,0.0167,,ON,failed
1790597181.629525,1790597187.3355434,3,292,1,round-robin,6,0.9933,0.9915,,ON,failed
1790597180.6275444,1790597187.6158962,6,295,2,round-robin,6,0.8515,0.9915,,ON,failed
1790597177.369256,1790597189.6899047,9,300,2,round-robin,6,0.9926,0.0,,ON,failed
1790597178.1815143,1790597191.2373643,1,291,1,round-robin,6,0.7749,0.9933,,ON,failed
1790597183.3581035,1790597195.216531,2,225,2,round-robin,6,0.004,0.0,,ON,failed
1790597185.9058833,1790597197.4630444,7,298,2,round-robin,6,0.8771,0.9942,,ON,failed
1790597189.4923031,1790597201.479126,4,300,2,round-robin,6,0.9766,0.9901,,ON,failed
1790597111.994906,,8,285,2,round-robin,6,0.0,0.0,,OFF,unavailable
1790597195.6427276,1790597202.595937,10,291,2,round-robin,6,0.0457,0.8987,,OFF,failed
1790597195.6433866,1790597203.1195114,3,293,2,round-robin,6,0.0,0.9915,,OFF,failed
1790597190.835078,1790597203.6916547,6,296,1,round-robin,6,0.048,0.0,,ON,failed
1790597193.0085564,1790597203.8846314,9,301,1,round-robin,6,0.9924,0.0,,ON,success
1790597194.5058424,1790597204.7094345,1,292,2,round-robin,6,0.0,0.0,,OFF,success
1790597114.4374309,,5,290,2,round-robin,6,0.9938,0.9938,,OFF,unavailable
1790597198.4004009,1790597208.0985017,2,226,1,round-robin,6,0.9941,0.9931,,OFF,success
1790597200.560227,1790597210.4867418,7,299,1,round-robin,6,0.9915,0.9933,,OFF,success
1790597201.4746888,1790597213.8516366,8,291,2,round-robin,6,0.9915,0.9916,,OFF,failed
1790597204.6462228,1790597213.9368262,4,301,1,round-robin,6,0.9938,0.9916,,OFF,success
1790597206.9110882,1790597216.6164052,6,297,2,round-robin,6,0.9835,0.0,,OFF,success
1790597207.1343005,1790597216.8154368,9,302,2,round-robin,6,0.9878,0.99,,OFF,success
1790597206.3406146,1790597217.2996316,3,294,1,round-robin,6,0.9915,0.9915,,OFF,success
1790597205.8270988,1790597217.412463,10,292,1,round-robin,6,0.9933,0.9901,,OFF,success
1790597208.04873,1790597218.2463238,1,293,1,round-robin,6,0.9882,0.9915,,OFF,success
1790597209.8000698,1790597220.789802,5,296,1,round-robin,6,0.9913,0.9937,,OFF,success
1790597211.4235427,1790597221.0216944,2,227,2,round-robin,6,0.9933,0.9925,,OFF,success
1790597213.60966,1790597225.9534712,7,300,2,round-robin,6,0.9942,0.9942,,OFF,failed
1790597219.6766953,1790597229.3152573,6,298,1,round-robin,6,0.9901,0.9915,,OFF,success
1790597222.6597283,1790597229.7239013,4,302,2,round-robin,6,0.9941,0.9942,,OFF,failed
1790597217.1427886,1790597230.011364,8,292,1,round-robin,6,0.9925,0.9915,,OFF,failed
1790597221.4503295,1790597231.566629,1,294,2,round-robin,6,0.9942,0.9925,,OFF,success
1790597220.1382775,1790597231.9525788,9,303,1,round-robin,6,0.9912,0.0,,OFF,failed
1790597220.6255186,1790597232.2757647,3,295,2,round-robin,6,0.9925,0.9925,,OFF,failed
1790597225.662113,1790597232.3596163,10,293,2,round-robin,6,0.9933,0.9245,,OFF,failed
1790597223.9431455,1790597234.2115204,5,297,2,round-robin,6,0.0874,0.3308,,OFF,success
1790597229.664605,1790597236.0502412,2,228,1,round-robin,6,0.9933,0.9915,,OFF,failed
1790597229.3304777,1790597242.496288,7,301,1,round-robin,6,0.9924,0.9932,,OFF,failed
1790597233.2201242,1790597244.693384,8,293,2,round-robin,6,0.9944,0.9925,,OFF,success
1790597232.4463289,1790597244.7358785,6,299,2,round-robin,6,0.9914,0.9942,,OFF,failed
1790597234.8003383,1790597245.0547605,1,295,1,round-robin,6,0.9941,0.9914,,OFF,success
1790597238.6700568,1790597245.6711068,4,303,1,round-robin,6,0.9938,0.9938,,OFF,failed
1790597237.455859,1790597246.9280436,5,298,1,round-robin,6,0.9938,0.9938,,OFF,success
1790597235.6111116,1790597247.7485108,10,294,1,round-robin,6,0.9933,0.9925,,OFF,failed
1790597240.6722124,1790597248.2622771,9,304,2,round-robin,6,0.8524,0.0,,OFF,failed
1790597240.6730444,1790597248.639661,3,296,1,round-robin,6,0.9925,0.9915,,OFF,failed
1790597239.2698433,1790597249.1514287,2,229,2,round-robin,6,0.9933,0.9915,,OFF,success
1790597245.741812,1790597257.3916829,7,302,2,round-robin,6,0.9923,0.9924,,OFF,failed
1790597247.7661304,1790597258.0734317,6,300,1,round-robin,6,0.9924,0.9925,,ON,success
1790597247.7237382,1790597259.4942405,8,294,1,round-robin,6,0.9925,0.9916,,ON,failed
1790597248.189191,1790597260.1504872,1,296,2,round-robin,6,0.9925,0.9914,,ON,failed
1790597251.4557064,1790597261.9461179,9,305,1,round-robin,6,0.9933,0.0008,,ON,success
1790597248.8884902,1790597262.394846,4,304,2,round-robin,6,0.9915,0.9937,,ON,failed
1790597171.4756832,,8,289,1,round-robin,6,0.9925,0.9925,,OFF,unavailable
1790597250.1237342,1790597263.4873946,5,299,2,round-robin,6,0.3011,0.0,,ON,failed
1790597251.9873092,1790597264.2500088,3,297,2,round-robin,6,0.0,0.0,,ON,failed
1790597252.3608885,1790597265.5600781,2,230,1,round-robin,6,0.0,0.0,,ON,failed
1790597260.422457,1790597270.378136,7,303,1,round-robin,6,0.9712,0.9924,,ON,success
1790597261.2285,1790597272.599635,6,301,2,round-robin,6,0.9925,0.9925,,ON,failed
1790597268.7039576,1790597274.4484797,8,295,2,round-robin,6,0.0,0.0095,,OFF,failed
1790597263.2250073,1790597276.0771737,1,297,1,round-robin,6,0.0,0.0,,ON,failed
1790597265.7759027,1790597276.5002446,4,305,1,round-robin,6,0.8334,0.0,,ON,success
1790597264.9786813,1790597277.2152438,9,306,2,round-robin,6,0.9699,0.0,,ON,failed
1790597184.6364503,,5,294,2,round-robin,6,0.9918,0.9926,,ON,unavailable
1790597267.628598,1790597277.7172818,3,298,1,round-robin,6,0.0,0.0,,ON,success
