t,node,tel,ack_flag,policy,block,sent_gws,reject_reason,b1,b2,b3,score1,score2,score3,used_gw1,used_gw2,used_gw3,interferer
1790637928.8218532,7,118,1,round-robin,1,1,,0.9926,0.99,,nan,nan,,1,0,,OFF
1790637931.0724168,1,119,1,round-robin,1,1,,0.9925,0.9942,,nan,nan,,2,0,,OFF
1790637933.3253899,9,96,1,round-robin,1,1,,0.99,0.9938,,nan,nan,,3,0,,OFF
1790637934.488882,5,120,1,round-robin,1,1,,0.9932,0.9937,,nan,nan,,4,0,,OFF
1790637936.9709704,8,96,1,round-robin,1,1,,0.9938,0.9925,,nan,nan,,5,0,,OFF
1790637937.6361682,3,122,1,round-robin,1,1,,0.0,0.9926,,nan,nan,,6,0,,OFF
1790637938.1458929,2,97,1,round-robin,1,1,,0.9937,0.9924,,nan,nan,,7,0,,OFF
1790637938.8888113,4,118,1,round-robin,1,1,,0.9914,0.9915,,nan,nan,,8,0,,OFF
1790637939.7752476,10,120,1,round-robin,1,1,,0.99,0.9925,,nan,nan,,9,0,,OFF
1790637940.5082464,6,121,1,round-robin,1,1,,0.9941,0.9932,,nan,nan,,10,0,,OFF
1790637943.375476,7,119,1,round-robin,1,2,,0.9931,0.9924,,nan,nan,,10,1,,OFF
1790637945.8511887,1,120,1,round-robin,1,2,,0.9914,0.9914,,nan,nan,,10,2,,OFF
1790637947.0531003,9,97,1,round-robin,1,2,,0.9137,0.9915,,nan,nan,,10,3,,OFF
1790637949.640464,8,97,1,round-robin,1,2,,0.9901,0.9925,,nan,nan,,10,4,,OFF
1790637950.8838358,5,121,1,round-robin,1,2,,0.9901,0.9938,,nan,nan,,10,5,,OFF
1790637951.7625377,2,98,1,round-robin,1,2,,0.0,0.9925,,nan,nan,,10,6,,OFF
1790637953.3029401,10,121,1,round-robin,1,2,,0.9881,0.9938,,nan,nan,,10,7,,OFF
1790637954.535612,6,122,1,round-robin,1,2,,0.9881,0.9925,,nan,nan,,10,8,,OFF
1790637956.5768363,3,123,0,round-robin,1,2,,0.9881,0.9914,,nan,nan,,10,9,,ON
1790637956.9577444,7,120,1,round-robin,1,1,,0.9915,0.9915,,nan,nan,,11,9,,ON
1790637957.5785913,4,119,0,round-robin,1,2,,0.9912,0.9915,,nan,nan,,11,10,,ON
1790637959.2597866,1,121,1,round-robin,1,1,,0.9914,0.9915,,nan,nan,,12,10,,ON
1790637960.3850675,9,98,1,round-robin,1,1,,0.0,0.1449,,nan,nan,,13,10,,ON
1790637962.922449,8,98,1,round-robin,1,1,,0.9924,0.9925,,nan,nan,,14,10,,ON
1790637963.8769226,5,122,1,round-robin,1,1,,0.0,0.0,,nan,nan,,15,10,,ON
1790637966.1169143,2,99,1,round-robin,1,1,,0.0,0.9932,,nan,nan,,16,10,,OFF
1790637967.6636233,6,123,1,round-robin,1,1,,0.9913,0.9915,,nan,nan,,17,10,,OFF
1790637968.1777575,4,120,1,round-robin,1,1,,0.9914,0.9938,,nan,nan,,18,10,,OFF
1790637971.584406,3,124,0,round-robin,1,1,,0.9881,0.9914,,nan,nan,,19,10,,OFF
1790637972.5854106,10,122,0,round-robin,1,1,,0.9881,0.9932,,nan,nan,,20,10,,OFF
1790637973.1642687,7,121,1,round-robin,1,2,,0.9925,0.9925,,nan,nan,,20,11,,OFF
1790637974.994597,1,122,1,round-robin,1,2,,0.9901,0.0008,,nan,nan,,20,12,,OFF
1790637978.3986433,8,99,1,round-robin,1,2,,0.9938,0.9941,,nan,nan,,20,13,,OFF
1790637979.5260649,2,100,1,round-robin,1,2,,0.9933,0.9933,,nan,nan,,20,14,,OFF
1790637980.588488,9,99,0,round-robin,1,2,,0.5473,0.9257,,nan,nan,,20,15,,OFF
1790637981.052114,4,121,1,round-robin,1,2,,0.9051,0.0009,,nan,nan,,20,16,,OFF
1790637981.3633482,3,125,1,round-robin,1,2,,0.9932,0.9925,,nan,nan,,20,17,,OFF
1790637982.1059804,10,123,1,round-robin,1,2,,0.9666,0.9924,,nan,nan,,20,18,,OFF
1790637982.5115175,6,124,1,round-robin,1,2,,0.9933,0.9925,,nan,nan,,20,19,,OFF
1790637985.591017,5,123,0,round-robin,1,2,,0.9875,0.9885,,nan,nan,,20,20,,OFF
1790637986.1903045,7,122,1,round-robin,1,1,,0.9938,0.9942,,nan,nan,,21,20,,OFF
1790637989.0661974,1,123,1,round-robin,1,1,,0.9925,0.9925,,nan,nan,,21,20,,OFF
1790637990.7704906,9,100,1,round-robin,1,1,,0.0,0.9932,,nan,nan,,22,20,,ON
1790637991.915073,8,100,1,round-robin,1,1,,0.9915,0.9932,,nan,nan,,22,20,,ON
1790637993.575195,2,101,1,round-robin,1,1,,0.9933,0.9933,,nan,nan,,22,20,,ON
1790637995.1994672,3,126,1,round-robin,1,1,,0.0,0.0,,nan,nan,,22,20,,ON
1790637996.0103354,6,125,1,round-robin,1,1,,0.0,0.9898,,nan,nan,,23,20,,ON
1790637996.9421122,5,124,1,round-robin,1,1,,0.9875,0.9931,,nan,nan,,24,20,,ON
1790638000.6052513,10,124,0,round-robin,1,1,,0.9666,0.0494,,nan,nan,,19,20,,ON
1790638003.0003502,1,124,1,round-robin,1,2,,0.0,0.0716,,nan,nan,,19,21,,ON
1790638005.6079044,7,123,0,round-robin,1,2,,0.9938,0.5473,,nan,nan,,19,21,,OFF
1790638006.3601701,9,101,1,round-robin,1,2,,0.0,0.9851,,nan,nan,,19,21,,OFF
1790638008.0931,8,101,1,round-robin,1,2,,0.9901,0.9915,,nan,nan,,19,21,,OFF
1790638009.7363253,2,102,1,round-robin,1,2,,0.9924,0.9941,,nan,nan,,19,21,,OFF
1790638010.028668,3,127,1,round-robin,1,2,,0.9933,0.99,,nan,nan,,19,22,,OFF
1790638011.0508878,4,123,1,round-robin,1,1,,0.0016,0.0,,nan,nan,,20,21,,OFF
1790638012.099566,6,126,1,round-robin,1,2,,0.9933,0.9915,,nan,nan,,20,21,,OFF
1790638013.5312989,5,125,1,round-robin,1,2,,0.9932,0.9938,,nan,nan,,20,21,,OFF
1790638015.4752765,7,124,1,round-robin,1,1,,0.9933,0.9938,,nan,nan,,21,20,,OFF
1790638016.6125097,10,125,0,round-robin,1,2,,0.9915,0.9875,,nan,nan,,21,20,,OFF
1790638018.9434998,1,125,1,round-robin,1,1,,0.9901,0.99,,nan,nan,,21,19,,OFF
1790638019.9774382,9,102,1,round-robin,1,1,,0.9879,0.9914,,nan,nan,,21,19,,OFF
1790638020.8177366,8,102,1,round-robin,1,1,,0.9933,0.9933,,nan,nan,,21,19,,OFF
1790638022.6463249,2,103,1,round-robin,1,1,,0.9925,0.9943,,nan,nan,,22,19,,OFF
1790638023.4477656,3,128,1,round-robin,1,1,,0.9942,0.9924,,nan,nan,,22,19,,OFF
1790638024.916537,4,124,1,round-robin,1,2,,0.0,0.0,,nan,nan,,21,20,,OFF
1790638025.3045728,6,127,1,round-robin,1,1,,0.9925,0.9938,,nan,nan,,22,20,,OFF
1790638026.9562683,5,126,1,round-robin,1,1,,0.9915,0.9933,,nan,nan,,22,20,,OFF
1790638031.4621646,7,125,1,round-robin,1,2,,0.9933,0.9933,,nan,nan,,20,21,,OFF
1790638032.6182926,10,126,0,round-robin,1,1,,0.9925,0.9875,,nan,nan,,19,21,,OFF
1790638032.7521482,1,126,1,round-robin,1,2,,0.9924,0.9938,,nan,nan,,19,22,,OFF
1790638033.3809557,9,103,1,round-robin,1,2,,0.9663,0.9933,,nan,nan,,19,22,,OFF
1790638035.1107187,8,103,1,round-robin,1,2,,0.9916,0.9915,,nan,nan,,19,22,,OFF
1790638036.5743806,2,104,1,round-robin,1,2,,0.9937,0.9943,,nan,nan,,19,23,,OFF
1790638038.6331878,3,129,1,round-robin,1,2,,0.2517,0.9925,,nan,nan,,19,23,,OFF
1790638038.9242287,6,128,1,round-robin,1,2,,0.9882,0.9933,,nan,nan,,19,24,,OFF
1790638040.069734,5,127,1,round-robin,1,2,,0.9941,0.9938,,nan,nan,,19,24,,OFF
1790638040.7838016,4,125,1,round-robin,1,1,,0.9938,0.9912,,nan,nan,,20,23,,OFF
1790638047.02569,10,127,1,round-robin,1,2,,0.9925,0.9937,,nan,nan,,19,19,,OFF
1790638047.0552874,7,126,1,round-robin,1,1,,0.9926,0.9933,,nan,nan,,20,19,,OFF
1790638047.0911112,1,127,1,round-robin,1,1,,0.9883,0.9938,,nan,nan,,21,19,,OFF
1790638047.6935232,9,104,1,round-robin,1,1,,0.99,0.9933,,nan,nan,,22,19,,ON
1790638049.561721,8,104,1,round-robin,1,1,,0.9941,0.9915,,nan,nan,,22,19,,ON
1790638052.750587,2,105,1,round-robin,1,1,,0.9901,0.9942,,nan,nan,,21,19,,ON
1790638053.0591745,3,130,1,round-robin,1,1,,0.2692,0.0008,,nan,nan,,22,19,,ON
1790638054.3678346,6,129,1,round-robin,1,1,,0.0,0.6836,,nan,nan,,22,19,,ON
1790638054.9031076,5,128,1,round-robin,1,1,,0.0053,0.008,,nan,nan,,23,19,,ON
1790638057.1232865,10,128,1,round-robin,1,1,,0.9925,0.0,,nan,nan,,21,19,,ON
1790638061.354878,1,128,1,round-robin,1,2,,0.9883,0.9264,,nan,nan,,20,20,,ON
1790638062.5682335,9,105,1,round-robin,1,2,,0.99,0.0501,,nan,nan,,20,21,,ON
1790638064.6456983,7,127,0,round-robin,1,2,,0.0,0.0,,nan,nan,,20,21,,ON
1790638065.3291972,8,105,1,round-robin,1,2,,0.0,0.0016,,nan,nan,,20,22,,ON
1790638065.6427698,2,106,1,round-robin,1,2,,0.9901,0.9938,,nan,nan,,20,22,,ON
1790638068.6910267,3,131,1,round-robin,1,2,,0.2692,0.0001,,nan,nan,,20,21,,ON
1790638069.8468778,5,129,1,round-robin,1,2,,0.4713,0.9881,,nan,nan,,20,21,,ON
1790638071.766437,10,129,1,round-robin,1,2,,0.0,0.0,,nan,nan,,19,21,,OFF
1790638072.2744787,4,127,1,round-robin,1,2,,0.0,0.0,,nan,nan,,19,21,,OFF
1790638074.652626,1,129,1,round-robin,1,1,,0.9933,0.9922,,nan,nan,,20,20,,OFF
1790638075.6532795,6,130,0,round-robin,1,2,,0.0,0.9768,,nan,nan,,19,21,,OFF
1790638076.3718772,9,106,1,round-robin,1,1,,0.9915,0.9925,,nan,nan,,20,21,,OFF
1790638078.3319519,8,106,1,round-robin,1,1,,0.9925,0.9925,,nan,nan,,21,20,,OFF
1790638079.9723487,2,107,1,round-robin,1,1,,0.9941,0.9926,,nan,nan,,21,20,,OFF
1790638082.037198,3,132,1,round-robin,1,1,,0.9925,0.9924,,nan,nan,,20,20,,OFF
1790638084.7041626,6,131,1,round-robin,1,1,,0.9925,0.9942,,nan,nan,,19,20,,OFF
1790638085.793065,5,130,1,round-robin,1,1,,0.9937,0.9938,,nan,nan,,19,19,,OFF
1790638086.014589,10,130,1,round-robin,1,1,,0.991,0.9936,,nan,nan,,20,19,,OFF
1790638086.5384662,4,128,1,round-robin,1,1,,0.9915,0.9901,,nan,nan,,21,19,,OFF
1790638087.7734952,1,130,1,round-robin,1,2,,0.9914,0.9916,,nan,nan,,20,20,,OFF
1790638090.114955,9,107,1,round-robin,1,2,,0.9814,0.9925,,nan,nan,,20,21,,OFF
1790638090.7602222,7,129,1,round-robin,1,1,,0.9941,0.9925,,nan,nan,,21,21,,OFF
1790638092.2771263,8,107,1,round-robin,1,2,,0.9925,0.9926,,nan,nan,,21,21,,OFF
1790638094.4114206,2,108,1,round-robin,1,2,,0.9914,0.9926,,nan,nan,,20,20,,OFF
1790638095.6747339,3,133,1,round-robin,1,2,,0.9933,0.9938,,nan,nan,,20,20,,OFF
1790638098.7992535,6,132,1,round-robin,1,2,,0.0054,0.9938,,nan,nan,,20,19,,OFF
1790638099.6615057,5,131,1,round-robin,1,2,,0.9925,0.9901,,nan,nan,,20,19,,OFF
1790638100.6956265,10,131,1,round-robin,1,2,,0.9855,0.9925,,nan,nan,,20,19,,OFF
1790638101.2878287,1,131,1,round-robin,1,1,,0.9932,0.9924,,nan,nan,,20,19,,OFF
1790638102.8154538,4,129,1,round-robin,1,2,,0.9881,0.9915,,nan,nan,,20,20,,OFF
1790638104.4328356,9,108,1,round-robin,1,1,,0.9672,0.9933,,nan,nan,,21,20,,OFF
1790638104.9591594,8,108,1,round-robin,1,1,,0.9938,0.9925,,nan,nan,,22,20,,OFF
1790638105.776957,7,130,1,round-robin,1,2,,0.9938,0.9932,,nan,nan,,22,21,,OFF
1790638107.6110537,2,109,1,round-robin,1,1,,0.9933,0.9926,,nan,nan,,21,20,,OFF
1790638109.3571482,3,134,1,round-robin,1,1,,0.9916,0.9933,,nan,nan,,21,20,,OFF
1790638112.9344177,6,133,1,round-robin,1,1,,0.9938,0.9925,,nan,nan,,20,20,,ON
1790638114.5047226,10,132,1,round-robin,1,1,,0.0,0.0054,,nan,nan,,19,20,,ON
1790638115.9134777,1,132,1,round-robin,1,2,,0.0,0.0,,nan,nan,,18,21,,ON
1790638116.743132,4,130,1,round-robin,1,1,,0.0,0.0,,nan,nan,,19,21,,ON
1790638118.7123978,9,109,1,round-robin,1,2,,0.0019,0.0008,,nan,nan,,18,22,,ON
1790638120.8376262,2,110,1,round-robin,1,2,,0.9915,0.9926,,nan,nan,,18,23,,ON
1790638121.7150455,5,132,0,round-robin,1,1,,0.9925,0.9932,,nan,nan,,19,22,,ON
1790638124.4144816,3,135,1,round-robin,1,2,,0.9916,0.6811,,nan,nan,,19,22,,ON
1790638124.7176952,8,109,0,round-robin,1,2,,0.0,0.0045,,nan,nan,,19,22,,ON
1790638124.7187335,7,131,0,round-robin,1,1,,0.0,0.7133,,nan,nan,,20,22,,ON
1790638129.3211207,4,131,1,round-robin,1,2,,0.0,0.6375,,nan,nan,,20,20,,ON
1790638130.2716157,1,133,1,round-robin,1,1,,0.0,0.0,,nan,nan,,21,19,,ON
1790638130.7570088,10,133,1,round-robin,1,2,,0.0,0.0,,nan,nan,,21,20,,ON
1790638131.0648263,5,133,1,round-robin,1,2,,0.0,0.0,,nan,nan,,21,21,,ON
1790638133.7275484,6,134,0,round-robin,1,2,,0.9938,0.0133,,nan,nan,,21,20,,ON
1790638134.1664364,2,111,1,round-robin,1,1,,0.0,0.9876,,nan,nan,,22,20,,ON
1790638136.7302496,9,110,0,round-robin,1,1,,0.0019,0.0,,nan,nan,,21,19,,OFF
1790638138.7323933,8,110,0,round-robin,1,1,,0.0,0.8704,,nan,nan,,21,19,,OFF
1790638138.872749,3,136,1,round-robin,1,1,,0.9933,0.9941,,nan,nan,,22,19,,OFF
1790638140.735038,7,132,0,round-robin,1,2,,0.0,0.0,,nan,nan,,21,20,,OFF
1790638143.5704286,6,135,1,round-robin,1,1,,0.9925,0.9925,,nan,nan,,21,20,,OFF
1790638144.3890057,4,132,1,round-robin,1,1,,0.9883,0.9901,,nan,nan,,22,20,,OFF
1790638145.341927,1,134,1,round-robin,1,2,,0.9925,0.9913,,nan,nan,,21,21,,OFF
1790638146.043283,9,111,1,round-robin,1,2,,0.9897,0.9844,,nan,nan,,19,22,,OFF
1790638147.287949,10,134,1,round-robin,1,1,,0.9916,0.9909,,nan,nan,,19,22,,OFF
1790638147.695505,2,112,1,round-robin,1,2,,0.9825,0.9938,,nan,nan,,19,23,,OFF
1790638149.8445408,8,111,1,round-robin,1,2,,0.9933,0.9933,,nan,nan,,19,23,,OFF
1790638151.5658336,7,133,1,round-robin,1,1,,0.9915,0.9925,,nan,nan,,19,22,,OFF
1790638151.7421536,5,134,0,round-robin,1,1,,0.9902,0.9867,,nan,nan,,20,22,,OFF
1790638153.3201454,3,137,1,round-robin,1,2,,0.9933,0.9933,,nan,nan,,20,22,,OFF
1790638157.7996647,6,136,1,round-robin,1,2,,0.9915,0.9938,,nan,nan,,20,21,,ON
1790638159.137325,9,112,1,round-robin,1,1,,0.0097,0.9933,,nan,nan,,21,20,,ON
1790638199.6001768,3,140,1,snr-greedy,1,1,,0.9941,0.9924,,13.25,12.5,,1,0,,OFF
1790638200.798733,6,139,1,snr-greedy,1,2,,0.9901,0.9938,,12.0,13.0,,1,1,,OFF
1790638203.692971,9,115,1,snr-greedy,1,2,,0.9933,0.9933,,12.75,12.75,,1,2,,ON
1790638207.141733,1,138,1,snr-greedy,1,2,,0.9,0.9933,,-999.0,12.75,,1,3,,ON
1790638207.551254,4,136,1,snr-greedy,1,1,,0.0,0.0,,1.5,0.25,,2,3,,ON
1790638208.2016969,5,138,1,snr-greedy,1,2,,0.9,0.8828,,-999.0,11.75,,2,4,,ON
1790638208.58424,2,116,1,snr-greedy,1,2,,0.9,0.9924,,-999.0,12.5,,2,5,,ON
1790638210.336657,8,115,1,snr-greedy,1,2,,0.9,0.8495,,-999.0,11.75,,2,6,,ON
1790638213.2781656,10,138,0,snr-greedy,1,2,,0.9,0.0,,-999.0,3.5,,2,7,,ON
1790638213.9242885,3,141,1,snr-greedy,1,1,,0.9941,0.0,,13.25,-1.25,,3,7,,ON
1790638214.8285291,6,140,1,snr-greedy,1,1,,0.0549,0.0305,,7.25,7.0,,4,7,,ON
1790638217.3918843,9,116,1,snr-greedy,1,1,,0.9933,0.0,,12.75,0.0,,5,7,,ON
1790638219.8731859,1,139,1,snr-greedy,1,2,,0.9,0.9924,,-999.0,12.75,,5,8,,ON
1790638222.011763,2,117,1,snr-greedy,1,2,,0.0,0.9926,,2.0,12.5,,5,9,,ON
1790638222.6136968,10,139,1,snr-greedy,1,2,,0.9,0.9915,,-999.0,12.25,,5,10,,ON
1790638223.2290306,5,139,1,snr-greedy,1,1,,0.0,0.0,,1.0,0.75,,6,10,,OFF
1790638223.6409686,8,116,1,snr-greedy,1,2,,0.9,0.9383,,-999.0,13.25,,6,11,,OFF
1790638228.7599978,6,141,1,snr-greedy,1,2,,0.9898,0.9914,,12.0,12.25,,6,12,,OFF
1790638229.3604558,3,142,1,snr-greedy,1,2,,0.9914,0.9926,,12.25,12.5,,6,13,,OFF
1790638231.281718,7,138,0,snr-greedy,1,1,,0.9904,0.9878,,13.25,12.5,,7,13,,OFF
1790638232.994858,1,140,1,snr-greedy,1,2,,0.9925,0.994,,12.5,13.25,,7,14,,OFF
1790638233.8828237,9,117,1,snr-greedy,1,2,,0.9922,0.9931,,12.5,12.75,,7,15,,OFF
1790638236.3457823,2,118,1,snr-greedy,1,2,,0.9937,0.9943,,13.0,13.5,,7,16,,OFF
1790638237.0573215,5,140,1,snr-greedy,1,2,,0.0009,0.9937,,5.75,13.0,,7,17,,OFF
1790638237.4816308,8,117,1,snr-greedy,1,1,,0.7741,0.0,,9.75,0.25,,8,17,,OFF
1790638237.9077506,10,140,1,snr-greedy,1,2,,0.9851,0.9923,,11.5,12.5,,8,18,,OFF
1790638239.550879,4,138,1,snr-greedy,1,2,,0.992,0.9941,,12.5,13.25,,8,19,,OFF
1790638241.7767906,7,139,1,snr-greedy,1,2,,0.9938,0.9943,,13.0,13.5,,8,20,,OFF
1790638242.2943254,3,143,1,snr-greedy,1,2,,0.9901,0.9933,,12.0,12.75,,8,21,,OFF
1790638242.8975933,6,142,1,snr-greedy,1,1,,0.9915,0.9914,,12.25,12.25,,9,21,,OFF
1790638247.2065988,9,118,1,snr-greedy,1,2,,0.9914,0.9944,,12.25,13.5,,9,22,,OFF
1790638249.3550618,1,141,1,snr-greedy,1,1,,0.9902,0.9899,,12.0,12.0,,10,22,,OFF
1790638249.7604856,2,119,1,snr-greedy,1,1,,0.9932,0.9933,,12.75,12.75,,11,22,,OFF
1790638250.6304266,8,118,1,snr-greedy,1,1,,0.9942,0.993,,13.25,12.75,,12,22,,OFF
1790638251.2120411,5,141,1,snr-greedy,1,1,,0.9944,0.9938,,13.5,13.0,,13,22,,OFF
1790638251.81391,10,141,1,snr-greedy,1,2,,0.9925,0.9938,,12.5,13.0,,13,23,,OFF
1790638252.9368048,4,139,1,snr-greedy,1,2,,0.9933,0.9938,,12.75,13.0,,13,24,,OFF
1790638254.7851336,3,144,1,snr-greedy,1,2,,0.9915,0.9926,,12.25,12.5,,13,25,,OFF
1790638256.026425,7,140,1,snr-greedy,1,2,,0.9915,0.9933,,12.25,12.75,,13,26,,OFF
1790638257.423629,6,143,1,snr-greedy,1,2,,0.9901,0.9926,,12.0,12.5,,13,27,,OFF
1790638259.8031044,9,119,1,snr-greedy,1,2,,0.9932,0.9941,,12.75,13.25,,12,28,,OFF
1790638262.0638835,1,142,1,snr-greedy,1,2,,0.9914,0.9924,,12.25,12.5,,12,28,,OFF
1790638262.8440802,2,120,1,snr-greedy,1,2,,0.9915,0.9938,,12.25,13.0,,12,29,,OFF
1790638264.2328634,8,119,1,snr-greedy,1,1,,0.9943,0.9933,,13.5,12.75,,13,28,,OFF
1790638264.8125103,5,142,1,snr-greedy,1,1,,0.0,0.0,,3.75,-0.75,,14,28,,OFF
1790638266.6520138,4,140,1,snr-greedy,1,2,,0.9901,0.9933,,12.0,12.75,,14,29,,OFF
1790638269.1339242,3,145,1,snr-greedy,1,2,,0.9938,0.9939,,13.0,13.0,,13,27,,ON
1790638270.470427,6,144,1,snr-greedy,1,2,,0.9898,0.9923,,12.0,12.5,,13,27,,ON
1790638274.2315261,9,120,1,snr-greedy,1,2,,0.0,0.7932,,-0.5,11.25,,12,27,,ON
1790638274.63588,1,143,1,snr-greedy,1,1,,0.9914,0.9561,,12.25,11.75,,13,27,,ON
1790638275.3131661,7,141,0,snr-greedy,1,2,,0.9933,0.9938,,12.75,13.0,,12,28,,ON
1790638275.7878516,2,121,1,snr-greedy,1,2,,0.0001,0.9915,,6.0,12.25,,12,29,,ON
1790638278.5653791,8,120,1,snr-greedy,1,1,,0.9943,0.8975,,13.5,13.5,,12,29,,ON
1790638279.5822935,10,143,1,snr-greedy,1,2,,0.9925,0.987,,12.5,12.5,,12,30,,ON
1790638280.6821947,4,141,1,snr-greedy,1,2,,0.9901,0.9936,,12.0,13.0,,12,30,,ON
1790638282.4158015,3,146,1,snr-greedy,1,1,,0.9938,0.0,,13.0,2.0,,13,29,,ON
1790638283.3102138,5,143,0,snr-greedy,1,1,,0.0,0.0,,3.75,-1.75,,13,28,,ON
1790638287.626038,9,121,1,snr-greedy,1,2,,0.0,0.9834,,-0.5,12.5,,13,28,,OFF
1790638290.0001318,2,122,1,snr-greedy,1,2,,0.0,0.9925,,0.5,12.5,,13,27,,OFF
1790638290.606554,1,144,1,snr-greedy,1,1,,0.994,0.9925,,13.25,12.5,,14,27,,OFF
1790638292.3124921,6,145,0,snr-greedy,1,1,,0.9898,0.003,,12.0,7.25,,14,27,,OFF
1790638292.3127925,7,142,0,snr-greedy,1,1,,0.3499,0.0,,8.25,2.75,,15,27,,OFF
1790638293.5657747,5,144,1,snr-greedy,1,1,,0.0,0.0,,4.5,3.5,,16,26,,OFF
1790638294.109405,8,121,1,snr-greedy,1,1,,0.9937,0.9931,,13.0,12.75,,17,25,,OFF
1790638294.4980726,10,144,1,snr-greedy,1,2,,0.9925,0.9938,,12.5,13.0,,17,26,,OFF
1790638296.3356924,4,142,1,snr-greedy,1,2,,0.988,0.9926,,11.75,12.5,,17,27,,OFF
1790638297.0730762,3,147,1,snr-greedy,1,2,,0.9881,0.9916,,11.75,12.25,,17,26,,OFF
1790638301.8062265,9,122,1,snr-greedy,1,2,,0.0,0.1296,,2.5,8.75,,16,24,,OFF
1790638302.39636,7,143,1,snr-greedy,1,1,,0.9912,0.9842,,12.25,12.25,,17,23,,OFF
1790638302.7024052,6,146,1,snr-greedy,1,2,,0.7705,0.9925,,9.5,12.5,,17,24,,OFF
1790638304.222312,2,123,1,snr-greedy,1,2,,0.9931,0.9937,,12.75,13.0,,16,25,,OFF
1790638305.150289,1,145,1,snr-greedy,1,2,,0.9901,0.99,,12.0,12.0,,16,26,,OFF
1790638307.6281004,5,145,1,snr-greedy,1,2,,0.0,0.7741,,0.5,11.5,,16,26,,OFF
1790638310.4022954,4,143,1,snr-greedy,1,2,,0.9914,0.9932,,12.25,12.75,,14,27,,OFF
1790638311.2160008,3,148,1,snr-greedy,1,2,,0.9938,0.9942,,13.0,13.25,,12,28,,OFF
1790638312.324327,10,145,0,snr-greedy,1,2,,0.9925,0.9933,,12.5,12.75,,12,28,,OFF
1790638313.3260977,8,122,0,snr-greedy,1,2,,0.9926,0.8689,,12.5,12.5,,12,28,,OFF
1790638314.3726103,9,123,1,snr-greedy,1,1,,0.9901,0.9901,,12.0,12.0,,13,28,,OFF
1790638316.0264797,6,147,1,snr-greedy,1,2,,0.954,0.9932,,10.75,12.75,,13,27,,OFF
1790638316.8169432,7,144,1,snr-greedy,1,2,,0.9925,0.9938,,12.5,13.0,,13,28,,OFF
1790638318.5642416,1,146,1,snr-greedy,1,1,,0.0,0.0,,4.25,3.75,,14,27,,OFF
1790638320.7393925,5,146,1,snr-greedy,1,1,,0.9933,0.9915,,12.75,12.25,,15,26,,OFF
1790638323.2877808,10,146,1,snr-greedy,1,2,,0.9932,0.9938,,12.75,13.0,,15,25,,OFF
1790638324.1985242,8,123,1,snr-greedy,1,2,,0.9925,0.9938,,12.5,13.0,,15,26,,OFF
1790638324.813479,3,149,1,snr-greedy,1,1,,0.9927,0.988,,12.75,12.5,,14,26,,OFF
1790638327.2840836,9,124,1,snr-greedy,1,1,,0.9933,0.9914,,12.75,12.25,,15,25,,ON
1790638329.5132358,6,148,1,snr-greedy,1,2,,0.9815,0.9915,,11.25,12.25,,15,25,,ON
1790638330.3324356,4,144,0,snr-greedy,1,2,,0.9914,0.9938,,12.25,13.0,,15,26,,ON
1790638330.5513036,7,145,1,snr-greedy,1,1,,0.0,0.0,,3.25,1.25,,16,25,,ON
1790638331.4894197,1,147,1,snr-greedy,1,2,,0.0,0.9913,,4.25,12.25,,16,26,,ON
1790638333.244998,2,125,1,snr-greedy,1,2,,0.9931,0.9942,,12.75,13.25,,16,27,,ON
1790638335.1478076,5,147,1,snr-greedy,1,2,,0.0,0.6813,,-0.25,11.0,,15,27,,ON
1790638336.3777332,10,147,1,snr-greedy,1,1,,0.9932,0.8687,,12.75,12.25,,16,25,,ON
1790638338.4584072,8,124,1,snr-greedy,1,1,,0.1683,0.0,,8.0,1.75,,17,25,,ON
1790638338.9356573,3,150,1,snr-greedy,1,1,,0.9927,0.943,,12.75,11.75,,17,25,,ON
1790638340.8885798,4,145,1,snr-greedy,1,1,,0.0,0.0,,4.0,1.0,,18,23,,ON
1790638342.5162067,6,149,1,snr-greedy,1,2,,0.0,0.9265,,4.0,10.0,,17,24,,ON
1790638344.2637808,1,148,1,snr-greedy,1,2,,0.0,0.8313,,4.25,11.25,,16,25,,OFF
1790638345.8145716,7,146,1,snr-greedy,1,2,,0.0,0.2419,,3.25,8.0,,16,26,,OFF
1790638346.2318468,2,126,1,snr-greedy,1,1,,0.9931,0.9933,,12.75,12.75,,17,26,,OFF
1790638348.340678,9,125,0,snr-greedy,1,1,,0.9933,0.9914,,12.75,12.25,,18,25,,OFF
1790638350.7324347,5,148,1,snr-greedy,1,2,,0.9915,0.9925,,12.25,12.5,,17,25,,OFF
1790638352.5850112,10,148,1,snr-greedy,1,2,,0.9925,0.9933,,12.5,12.75,,15,26,,OFF
1790638355.0173745,8,125,1,snr-greedy,1,1,,0.8815,0.687,,10.25,9.5,,14,25,,OFF
1790638356.9752007,4,146,1,snr-greedy,1,1,,0.0,0.0,,4.75,1.0,,15,24,,OFF
1790638357.0831223,1,149,1,snr-greedy,1,2,,0.0,0.0004,,4.25,6.5,,15,24,,OFF
1790638357.7862358,9,126,1,snr-greedy,1,2,,0.9925,0.9925,,12.5,12.5,,15,25,,OFF
1790638358.5090883,6,150,1,snr-greedy,1,2,,0.9901,0.9915,,12.0,12.25,,15,26,,OFF
1790638358.927008,2,127,1,snr-greedy,1,2,,0.9416,0.9943,,10.5,13.5,,15,27,,OFF
1790638360.3680723,3,151,0,snr-greedy,1,2,,0.9927,0.9922,,12.75,13.25,,15,28,,OFF
1790638360.3693485,7,147,1,snr-greedy,1,2,,0.9929,0.994,,12.75,13.25,,15,29,,OFF
1790638363.3460793,5,149,1,snr-greedy,1,2,,0.9924,0.9942,,12.5,13.25,,14,28,,OFF
1790638365.8668976,10,149,1,snr-greedy,1,1,,0.9938,0.9932,,13.0,12.75,,15,26,,OFF
1790638369.0416386,8,126,1,snr-greedy,1,2,,0.9933,0.9938,,12.75,13.0,,15,26,,OFF
1790638369.7788613,3,152,1,snr-greedy,1,1,,0.9938,0.9938,,13.0,13.0,,16,26,,OFF
1790638370.3095174,4,147,1,snr-greedy,1,1,,0.9925,0.9915,,12.5,12.25,,17,26,,OFF
1790638370.9917111,9,127,1,snr-greedy,1,2,,0.9932,0.9942,,12.75,13.25,,17,26,,OFF
1790638371.6026847,6,151,1,snr-greedy,1,1,,0.9933,0.9925,,12.75,12.5,,18,25,,OFF
1790638372.4395971,1,150,1,snr-greedy,1,1,,0.9915,0.9901,,12.25,12.0,,19,24,,OFF
1790638373.4686255,7,148,1,snr-greedy,1,2,,0.0,0.994,,2.25,13.25,,19,24,,OFF
1790638373.4690256,2,128,1,snr-greedy,1,2,,0.9416,0.9938,,10.5,13.0,,19,25,,OFF
1790638376.008896,5,150,1,snr-greedy,1,1,,0.9942,0.9932,,13.25,12.75,,19,25,,OFF
1790638381.1267114,10,150,1,snr-greedy,1,2,,0.9914,0.9933,,12.25,12.75,,17,24,,OFF
1790638382.0781686,8,127,1,snr-greedy,1,2,,0.9932,0.9942,,12.75,13.25,,17,25,,OFF
1790638383.688182,3,153,1,snr-greedy,1,2,,0.9925,0.9933,,12.5,12.75,,17,25,,OFF
1790638385.0374832,6,152,1,snr-greedy,1,1,,0.003,0.0008,,7.25,6.75,,17,24,,OFF
1790638386.3674524,4,148,1,snr-greedy,1,2,,0.9913,0.9924,,12.25,12.5,,17,25,,OFF
1790638388.1360168,2,129,1,snr-greedy,1,2,,0.9933,0.9938,,12.75,13.0,,16,26,,OFF
1790638389.743811,5,151,1,snr-greedy,1,2,,0.9943,0.9943,,13.5,13.5,,16,26,,OFF
1790638394.847179,10,151,1,snr-greedy,1,2,,0.9925,0.9944,,12.5,13.5,,15,24,,OFF
1790638395.3728683,8,128,1,snr-greedy,1,1,,0.9937,0.9937,,13.0,13.0,,16,23,,OFF
1790638398.350849,6,153,1,snr-greedy,1,2,,0.9925,0.9942,,12.5,13.25,,15,24,,OFF
1790638400.2777078,3,154,1,snr-greedy,1,1,,0.8703,0.0002,,9.75,6.25,,14,24,,OFF
1790638400.9069707,2,130,1,snr-greedy,1,2,,0.0,0.9883,,3.0,11.75,,13,25,,OFF
1790638401.4031134,9,129,1,snr-greedy,1,2,,0.9915,0.9933,,12.25,12.75,,13,26,,OFF
1790638402.8398626,7,150,1,snr-greedy,1,1,,0.9931,0.9915,,12.75,12.25,,14,25,,ON
1790638403.1570644,1,152,1,snr-greedy,1,1,,0.9924,0.9924,,12.5,12.5,,15,25,,ON
1790638403.8868935,5,152,1,snr-greedy,1,1,,0.9925,0.9915,,12.5,12.25,,16,25,,ON
1790638406.407327,4,149,0,snr-greedy,1,1,,0.9925,0.9915,,12.5,12.25,,16,23,,ON
1790638408.370127,8,129,1,snr-greedy,1,1,,0.9937,0.0,,13.0,0.25,,16,23,,ON
1790638411.2319453,6,154,1,snr-greedy,1,2,,0.9925,0.9938,,12.5,13.0,,16,23,,ON
1790638413.710177,2,131,1,snr-greedy,1,2,,0.0,0.9896,,3.0,12.0,,16,23,,ON
1790638414.4118154,10,152,0,snr-greedy,1,2,,0.9925,0.9933,,12.5,12.75,,16,24,,ON
1790638415.6615798,3,155,1,snr-greedy,1,1,,0.8703,0.0,,9.75,0.75,,16,24,,ON
1790638418.824919,1,153,1,snr-greedy,1,1,,0.9924,0.8086,,12.5,11.75,,16,21,,ON
1790638419.4143536,9,130,0,snr-greedy,1,2,,0.0,0.0,,1.5,4.25,,16,21,,ON
1790638420.0458422,5,153,1,snr-greedy,1,2,,0.0,0.0556,,4.25,7.25,,16,22,,ON
1790638421.4176948,4,150,0,snr-greedy,1,1,,0.9925,0.9909,,12.5,12.25,,17,20,,ON
1790638422.9997048,8,130,1,snr-greedy,1,2,,0.0053,0.2505,,7.5,8.0,,17,21,,ON
1790638423.4198518,7,151,0,snr-greedy,1,1,,0.9931,0.8527,,12.75,9.5,,18,20,,ON
1790638424.7530913,10,153,1,snr-greedy,1,2,,0.9915,0.9938,,12.25,13.0,,18,21,,ON
1790638425.4642398,6,155,1,snr-greedy,1,2,,0.0,0.2259,,3.0,9.5,,18,22,,ON
1790638427.440309,2,132,1,snr-greedy,1,2,,0.0,0.9914,,3.0,12.25,,17,23,,OFF
1790638429.6073318,9,131,1,snr-greedy,1,2,,0.9925,0.9941,,12.5,13.25,,17,23,,OFF
1790638469.7004657,8,133,1,state-aware,1,1,,0.9942,0.9932,,0.9942,0.9932,,1,0,,ON
1790638470.5487628,2,135,1,state-aware,1,1,,0.9933,0.9915,,0.9933,0.9915,,2,0,,ON
1790638470.8551912,6,158,1,state-aware,1,2,,0.9181,0.9933,,0.9181,0.9933,,2,1,,ON
1790638473.0141187,10,156,1,state-aware,1,1,,0.9,0.8526,,0.9,0.8526,,3,1,,ON
1790638476.048243,9,134,1,state-aware,1,2,,0.9,0.9943,,0.9,0.9943,,3,2,,ON
1790638476.8759608,3,159,1,state-aware,1,1,,0.9,0.3836,,0.9,0.3836,,4,2,,ON
1790638478.6504552,4,154,1,state-aware,1,2,,0.9,0.9936,,0.9,0.9936,,4,3,,ON
1790638480.7831523,1,157,1,state-aware,1,2,,0.0,0.0,,0.0,0.0,,4,4,,ON
1790638483.3376067,5,157,1,state-aware,1,1,,0.9,0.6192,,0.9,0.6192,,5,4,,ON
1790638486.0929782,2,136,1,state-aware,1,2,,0.9933,0.9938,,0.8944,0.9938,,5,5,,ON
1790638489.683378,10,157,1,state-aware,1,2,,0.9906,0.9937,,0.8922,0.9937,,5,6,,OFF
1790638489.9521224,6,159,0,state-aware,1,2,,0.9181,0.9937,,0.9181,0.9281,,5,7,,OFF
1790638490.4863696,9,135,1,state-aware,1,1,,0.9933,0.9925,,0.9933,0.9271,,6,7,,OFF
1790638490.953822,8,134,0,state-aware,1,2,,0.9942,0.9833,,0.8951,0.9833,,6,8,,OFF
1790638492.351224,3,160,1,state-aware,1,2,,0.9914,0.9941,,0.8929,0.9941,,6,9,,OFF
1790638493.4882777,4,155,1,state-aware,1,1,,0.9925,0.9925,,0.9925,0.8938,,7,9,,OFF
1790638494.5025303,1,158,1,state-aware,1,1,,0.9924,0.9914,,0.9924,0.9262,,8,9,,OFF
1790638495.1111393,7,156,1,state-aware,1,2,,0.9915,0.9925,,0.9915,0.9925,,8,10,,OFF
1790638499.7911444,5,158,1,state-aware,1,2,,0.9901,0.9938,,0.8917,0.9938,,8,11,,OFF
1790638500.2560167,2,137,1,state-aware,1,2,,0.9932,0.9925,,0.8943,0.9271,,8,12,,OFF
1790638501.0622065,6,160,1,state-aware,1,1,,0.9172,0.9933,,0.9172,0.8467,,9,12,,OFF
1790638501.5659564,8,135,1,state-aware,1,2,,0.9902,0.9933,,0.8918,0.8944,,9,13,,OFF
1790638503.8450353,10,158,1,state-aware,1,2,,0.9933,0.9933,,0.8944,0.9277,,9,14,,OFF
1790638504.7440114,9,136,1,state-aware,1,1,,0.9932,0.9915,,0.9277,0.9263,,10,14,,OFF
1790638506.1930263,3,161,1,state-aware,1,2,,0.9914,0.9938,,0.8928,0.9282,,10,15,,OFF
1790638506.9102712,4,156,1,state-aware,1,1,,0.9932,0.9924,,0.9277,0.8937,,11,15,,OFF
1790638509.0380783,1,159,1,state-aware,1,2,,0.0,0.0016,,0.1,0.1013,,11,16,,OFF
1790638512.6155262,5,159,1,state-aware,1,2,,0.9925,0.9915,,0.8938,0.9263,,11,17,,OFF
1790638513.743424,2,138,1,state-aware,1,2,,0.9924,0.9932,,0.8937,0.9037,,11,18,,OFF
1790638514.9994736,8,136,1,state-aware,1,1,,0.9925,0.9926,,0.8938,0.8576,,12,18,,OFF
1790638515.507737,6,161,1,state-aware,1,1,,0.9931,0.9944,,0.9276,0.8474,,13,18,,OFF
1790638516.5075126,10,159,1,state-aware,1,2,,0.9926,0.9933,,0.8938,0.9038,,13,19,,OFF
1790638518.0276747,9,137,1,state-aware,1,2,,0.9925,0.9942,,0.9032,0.9285,,13,20,,OFF
1790638520.1180437,3,162,1,state-aware,1,2,,0.9942,0.9943,,0.8951,0.9045,,13,21,,OFF
1790638520.715868,4,157,1,state-aware,1,1,,0.9914,0.9901,,0.9025,0.8918,,14,21,,OFF
1790638523.1605864,1,160,1,state-aware,1,1,,0.9899,0.9893,,0.9249,0.9009,,15,21,,OFF
1790638524.7052152,7,158,1,state-aware,1,1,,0.994,0.9937,,0.994,0.9937,,16,21,,ON
1790638525.3059275,5,160,1,state-aware,1,2,,0.9938,0.9916,,0.8948,0.9025,,16,22,,ON
1790638527.9760244,2,139,1,state-aware,1,2,,0.0,0.9883,,0.0667,0.8967,,16,23,,ON
1790638529.626462,6,162,1,state-aware,1,1,,0.9931,0.0,,0.9037,0.1372,,17,23,,ON
1790638530.857743,9,138,1,state-aware,1,1,,0.9925,0.0,,0.9032,0.1943,,16,22,,ON
1790638533.034293,10,160,1,state-aware,1,2,,0.0,0.0,,0.0667,0.204,,15,23,,ON
1790638534.3625107,4,158,1,state-aware,1,1,,0.0,0.0,,0.279,0.0667,,16,23,,ON
1790638535.9670944,8,137,0,state-aware,1,2,,0.0,0.0,,0.0914,0.1486,,16,24,,ON
1790638537.1096587,1,161,1,state-aware,1,1,,0.9899,0.9661,,0.9014,0.8844,,16,23,,ON
1790638537.968307,3,163,0,state-aware,1,1,,0.9942,0.0,,0.8951,0.279,,17,23,,ON
1790638540.8029208,5,161,1,state-aware,1,2,,0.0,0.0,,0.0667,0.204,,17,22,,ON
1790638541.3912287,2,140,1,state-aware,1,2,,0.0,0.9926,,0.0667,0.9049,,17,23,,ON
1790638544.280928,6,163,1,state-aware,1,1,,0.0053,0.052,,0.2073,0.1743,,17,23,,OFF
1790638545.8101578,8,138,1,state-aware,1,1,,0.9925,0.9933,,0.8004,0.7768,,18,23,,OFF
1790638546.6196802,10,161,1,state-aware,1,1,,0.9915,0.9939,,0.8929,0.8345,,19,22,,OFF
1790638548.972617,9,139,0,state-aware,1,2,,0.0,0.9671,,0.279,0.885,,19,23,,OFF
1790638549.4027383,3,164,1,state-aware,1,2,,0.9915,0.9938,,0.7997,0.9001,,19,24,,OFF
1790638550.2283237,4,159,1,state-aware,1,2,,0.9908,0.9929,,0.815,0.8941,,19,23,,OFF
1790638553.308658,1,162,1,state-aware,1,2,,0.9914,0.99,,0.8236,0.9014,,18,22,,OFF
1790638555.6357477,2,141,1,state-aware,1,2,,0.9728,0.9938,,0.8773,0.915,,16,22,,OFF
1790638556.3671033,5,162,1,state-aware,1,1,,0.9941,0.9941,,0.8951,0.7457,,17,22,,OFF
1790638556.8907871,7,160,1,state-aware,1,1,,0.9925,0.9925,,0.9925,0.9925,,18,22,,OFF
1790638557.581994,6,164,1,state-aware,1,2,,0.9925,0.9942,,0.8337,0.8473,,18,23,,OFF
1790638558.6378927,9,140,1,state-aware,1,1,,0.9932,0.9942,,0.8998,0.8253,,19,23,,OFF
1790638560.3362634,10,162,1,state-aware,1,1,,0.9938,0.9933,,0.8584,0.8341,,20,21,,OFF
1790638561.3004415,8,139,1,state-aware,1,2,,0.9915,0.9916,,0.7157,0.7757,,19,22,,OFF
1790638562.829309,3,165,1,state-aware,1,2,,0.9916,0.9938,,0.7997,0.9056,,19,22,,OFF
1790638564.8847494,4,160,1,state-aware,1,1,,0.99,0.99,,0.8146,0.7986,,19,21,,OFF
1790638568.5143757,2,142,1,state-aware,1,2,,0.9899,0.9925,,0.8916,0.9251,,18,21,,OFF
1790638569.9689653,5,163,1,state-aware,1,1,,0.9924,0.9923,,0.8574,0.7447,,19,20,,OFF
1790638571.2062812,6,165,1,state-aware,1,2,,0.9901,0.9926,,0.8324,0.8394,,19,21,,OFF
1790638572.4330618,9,141,1,state-aware,1,1,,0.9925,0.9944,,0.9048,0.8255,,20,21,,OFF
1790638574.381802,10,163,1,state-aware,1,1,,0.9933,0.9924,,0.8518,0.8336,,21,19,,OFF
1790638574.981617,1,163,0,state-aware,1,1,,0.9932,0.9899,,0.8248,0.8227,,22,19,,OFF
1790638576.304674,3,166,1,state-aware,1,2,,0.9933,0.9938,,0.8009,0.915,,20,20,,OFF
1790638578.079384,8,140,1,state-aware,1,1,,0.9915,0.9942,,0.7157,0.7002,,21,18,,OFF
1790638579.4031618,4,161,1,state-aware,1,1,,0.9915,0.9912,,0.8338,0.7995,,22,18,,OFF
1790638582.360289,2,143,1,state-aware,1,2,,0.9372,0.9915,,0.8476,0.9353,,21,18,,OFF
1790638583.5025852,5,164,1,state-aware,1,1,,0.9926,0.9933,,0.8514,0.7453,,21,18,,OFF
1790638584.5310545,1,164,1,state-aware,1,1,,0.9896,0.4874,,0.7432,0.5086,,22,18,,OFF
1790638585.0358534,7,162,1,state-aware,1,1,,0.9933,0.9899,,0.9933,0.9899,,22,18,,OFF
1790638586.0388901,6,166,1,state-aware,1,1,,0.9933,0.9942,,0.8341,0.76,,23,17,,OFF
1790638589.6162345,3,167,1,state-aware,1,2,,0.9933,0.9938,,0.8009,0.9257,,23,17,,OFF
1790638589.9870956,9,142,0,state-aware,1,1,,0.9925,0.9933,,0.9144,0.8248,,23,17,,OFF
1790638590.8967068,10,164,1,state-aware,1,2,,0.9932,0.9926,,0.7708,0.8337,,22,18,,OFF
1790638592.1849506,8,141,1,state-aware,1,1,,0.9915,0.0,,0.7307,0.1479,,23,18,,OFF
1790638595.6925418,2,144,1,state-aware,1,2,,0.9942,0.9932,,0.8951,0.9458,,22,18,,OFF
1790638596.9915745,4,162,0,state-aware,1,1,,0.99,0.9912,,0.8542,0.7995,,23,17,,OFF
1790638597.5535839,5,165,1,state-aware,1,1,,0.9915,0.9882,,0.8587,0.7424,,23,17,,OFF
1790638598.7382963,1,165,1,state-aware,1,2,,0.9925,0.9914,,0.7703,0.8236,,22,18,,OFF
1790638599.165551,7,163,1,state-aware,1,2,,0.9901,0.9901,,0.9251,0.9901,,22,19,,ON
1790638600.6824875,9,143,1,state-aware,1,2,,0.9925,0.9925,,0.816,0.8243,,22,20,,ON
1790638602.656748,6,167,1,state-aware,1,2,,0.9933,0.9931,,0.7507,0.7593,,22,19,,ON
1790638603.8397305,3,168,1,state-aware,1,1,,0.9933,0.0946,,0.8009,0.5616,,23,19,,ON
1790638604.1799848,10,165,1,state-aware,1,2,,0.9932,0.9933,,0.7708,0.8507,,23,20,,ON
1790638606.732632,8,142,1,state-aware,1,1,,0.9915,0.8811,,0.7577,0.6374,,21,20,,ON
1790638608.3977659,4,163,1,state-aware,1,2,,0.9942,0.9912,,0.76,0.7994,,21,21,,ON
1790638610.3399737,2,145,1,state-aware,1,2,,0.0,0.9914,,0.0667,0.9538,,21,19,,OFF
1790638610.6122067,5,166,1,state-aware,1,1,,0.0002,0.0009,,0.3772,0.1939,,22,19,,OFF
1790638611.8432987,1,166,1,state-aware,1,1,,0.9925,0.0008,,0.7703,0.2828,,23,19,,OFF
1790638614.1044707,9,144,1,state-aware,1,2,,0.9915,0.9916,,0.8156,0.8332,,23,19,,OFF
1790638617.1551545,6,168,1,state-aware,1,2,,0.7909,0.8954,,0.6495,0.7346,,21,19,,OFF
1790638619.0109825,10,166,1,state-aware,1,1,,0.9925,0.9915,,0.7704,0.7597,,21,18,,OFF
1790638621.2971137,8,143,1,state-aware,1,2,,0.9925,0.9925,,0.6797,0.6993,,20,19,,OFF
1790638623.013779,3,169,0,state-aware,1,2,,0.9925,0.9906,,0.7913,0.9349,,20,18,,OFF
1790638624.46769,4,164,1,state-aware,1,1,,0.0,0.0,,0.3458,0.096,,21,18,,OFF
1790638624.7602074,5,167,1,state-aware,1,1,,0.9931,0.9936,,0.8896,0.7454,,22,18,,OFF
1790638626.08479,1,167,1,state-aware,1,2,,0.9933,0.99,,0.7998,0.8323,,21,19,,OFF
1790638626.793593,2,146,1,state-aware,1,2,,0.0,0.9926,,0.0667,0.8284,,21,20,,OFF
1790638626.7971005,7,165,1,state-aware,1,2,,0.9895,0.9901,,0.9246,0.9901,,21,21,,OFF
1790638627.2285113,9,145,1,state-aware,1,2,,0.9927,0.9921,,0.8161,0.8501,,21,22,,OFF
1790638630.3932877,6,169,1,state-aware,1,2,,0.9924,0.9938,,0.7503,0.8112,,20,22,,OFF
1790638633.3577242,10,167,1,state-aware,1,1,,0.6116,0.0004,,0.6029,0.3092,,20,21,,OFF
1790638633.89354,3,170,1,state-aware,1,2,,0.9932,0.9943,,0.7917,0.8231,,20,22,,OFF
1790638635.1071332,8,144,1,state-aware,1,2,,0.9925,0.9938,,0.6797,0.73,,18,23,,OFF
1790638638.8785288,4,165,1,state-aware,1,1,,0.9915,0.9914,,0.7962,0.7156,,18,22,,ON
1790638639.9951055,9,146,1,state-aware,1,2,,0.9927,0.9933,,0.8161,0.8696,,17,23,,ON
1790638640.8419952,2,147,1,state-aware,1,2,,0.0,0.9933,,0.0667,0.8584,,17,24,,ON
1790638641.3183458,1,168,1,state-aware,1,1,,0.9933,0.9879,,0.7998,0.748,,18,24,,ON
1790638641.856075,7,166,1,state-aware,1,1,,0.0,0.0,,0.1,0.0667,,19,24,,ON
1790638644.8265562,6,170,1,state-aware,1,2,,0.0,0.0004,,0.2541,0.4244,,17,24,,ON
1790638645.023115,5,168,0,state-aware,1,1,,0.9925,0.9933,,0.9051,0.7453,,18,24,,ON
1790638646.8874803,10,168,1,state-aware,1,1,,0.0,0.0,,0.3684,0.309,,17,24,,ON
1790638648.513102,8,145,1,state-aware,1,2,,0.0,0.0,,0.2286,0.3125,,17,25,,ON
1790638649.249793,3,171,1,state-aware,1,1,,0.9932,0.9878,,0.7917,0.7211,,18,25,,ON
1790638654.9553623,2,148,1,state-aware,1,2,,0.8887,0.9938,,0.8073,0.8836,,16,24,,ON
1790638656.287112,1,169,1,state-aware,1,2,,0.0,0.2572,,0.298,0.3827,,16,24,,ON
1790638658.5689042,6,171,1,state-aware,1,2,,0.2114,0.7606,,0.3598,0.7736,,14,25,,ON
1790638659.030362,9,147,0,state-aware,1,2,,0.9927,0.9772,,0.8161,0.8816,,14,25,,ON
1790638660.0312982,4,166,0,state-aware,1,1,,0.9915,0.8333,,0.7008,0.6168,,15,24,,ON
1790638660.031917,5,169,0,state-aware,1,2,,0.0,0.9942,,0.4149,0.7457,,15,25,,ON
1790638662.034154,7,167,0,state-aware,1,1,,0.0,0.0,,0.1371,0.0667,,16,24,,OFF
1790638662.4217567,8,146,1,state-aware,1,2,,0.0,0.9819,,0.2286,0.7932,,16,25,,OFF
1790638663.1738076,10,169,1,state-aware,1,2,,0.0,0.0555,,0.3152,0.3342,,16,25,,OFF
1790638665.7657876,3,172,1,state-aware,1,2,,0.9938,0.9941,,0.7142,0.7233,,15,25,,OFF
1790638668.178876,2,149,1,state-aware,1,2,,0.9926,0.9939,,0.8938,0.9045,,14,26,,OFF
1790638668.6974413,9,148,1,state-aware,1,1,,0.9932,0.9944,,0.8163,0.7828,,15,25,,OFF
1790638669.3191102,1,170,1,state-aware,1,2,,0.9915,0.988,,0.7111,0.7799,,15,26,,OFF
1790638669.823696,4,167,1,state-aware,1,2,,0.9923,0.9924,,0.6184,0.7162,,15,27,,OFF
1790638670.539364,5,170,1,state-aware,1,1,,0.9937,0.9932,,0.7971,0.6707,,16,26,,OFF
1790638671.671965,6,172,1,state-aware,1,2,,0.9923,0.9915,,0.7502,0.8847,,15,27,,OFF
1790638675.8346338,8,147,1,state-aware,1,2,,0.0,0.0,,0.2286,0.4472,,14,27,,OFF
1790638676.3712916,10,170,1,state-aware,1,2,,0.99,0.9915,,0.7277,0.7942,,14,28,,OFF
1790638677.0435405,7,168,0,state-aware,1,2,,0.9841,0.9867,,0.7591,0.8889,,14,29,,OFF
1790638679.0307155,3,173,1,state-aware,1,2,,0.99,0.9938,,0.7121,0.7702,,13,29,,OFF
1790638680.7677562,2,150,1,state-aware,1,2,,0.9943,0.9944,,0.8953,0.922,,13,30,,OFF
1790638681.5923624,9,149,1,state-aware,1,1,,0.9925,0.9915,,0.8424,0.7817,,14,29,,OFF
1790638681.9010816,1,171,1,state-aware,1,2,,0.9898,0.9877,,0.7104,0.8113,,14,30,,OFF
1790638683.9687696,4,168,1,state-aware,1,2,,0.9902,0.9916,,0.6177,0.7308,,14,30,,OFF
1790638684.4649973,5,171,1,state-aware,1,1,,0.9942,0.9933,,0.8304,0.6707,,15,30,,OFF
1790638687.7217083,7,169,1,state-aware,1,2,,0.9853,0.9916,,0.7598,0.7997,,13,27,,OFF
1790638687.757585,6,173,1,state-aware,1,2,,0.99,0.9933,,0.7491,0.7713,,13,28,,OFF
1790638688.569784,8,148,1,state-aware,1,2,,0.9932,0.9933,,0.6801,0.857,,13,29,,OFF
1790638690.8217168,10,171,1,state-aware,1,2,,0.9937,0.9932,,0.7292,0.8266,,13,29,,OFF
1790638695.7988884,1,172,1,state-aware,1,2,,0.9924,0.988,,0.7115,0.8404,,12,28,,OFF
1790638697.743684,9,150,1,state-aware,1,2,,0.9943,0.9937,,0.7443,0.7826,,12,29,,OFF
1790638698.3952363,4,169,1,state-aware,1,2,,0.9913,0.9914,,0.6181,0.7576,,12,30,,OFF
1790638699.0658534,3,174,0,state-aware,1,2,,0.0,0.9938,,0.1621,0.8101,,11,31,,OFF
1790638699.0666573,2,151,0,state-aware,1,2,,0.9943,0.9916,,0.8953,0.9356,,11,32,,OFF
1790638699.3013613,5,172,1,state-aware,1,1,,0.9933,0.9915,,0.7254,0.6698,,12,32,,OFF
1790638739.3497276,1,175,1,ewma,1,1,,0.0,0.989,,0.5,0.5,,1,0,,OFF
1790638739.9435155,3,177,1,ewma,1,2,,0.9933,0.9914,,0.5,0.5,,1,1,,OFF
1790638741.4764154,4,172,1,ewma,1,2,,0.9913,0.9937,,0.5,0.5,,1,2,,OFF
1790638743.5278835,9,153,1,ewma,1,1,,0.9925,0.9943,,0.5,0.5,,2,2,,OFF
1790638744.4513779,5,175,1,ewma,1,2,,0.9938,0.9938,,0.5,0.5,,2,3,,OFF
1790638749.0762208,6,177,1,ewma,1,2,,0.9925,0.9925,,0.5,0.5,,2,4,,OFF
1790638749.914273,7,173,1,ewma,1,2,,0.8887,0.8804,,0.5,0.5,,2,5,,OFF
1790638750.7195072,8,152,1,ewma,1,1,,0.9915,0.9933,,0.5,0.5,,3,5,,OFF
1790638753.2862308,1,176,1,ewma,1,1,,0.9926,0.9901,,0.6,0.5,,4,5,,OFF
1790638754.1067953,2,155,1,ewma,1,1,,0.9922,0.9882,,0.5,0.5,,5,5,,OFF
1790638754.6887116,4,173,1,ewma,1,2,,0.99,0.9882,,0.5,0.6,,5,6,,OFF
1790638755.4361575,3,178,1,ewma,1,1,,0.9942,0.9944,,0.5,0.4,,6,6,,OFF
1790638755.6330516,10,175,0,ewma,1,1,,0.989,0.9904,,0.5,0.5,,7,6,,OFF
1790638759.2094796,5,176,1,ewma,1,1,,0.9933,0.9896,,0.5,0.4,,8,6,,OFF
1790638763.2995028,6,178,1,ewma,1,2,,0.9902,0.9901,,0.5,0.6,,8,7,,OFF
1790638764.6366177,9,154,0,ewma,1,2,,0.9933,0.9916,,0.4,0.5,,8,8,,OFF
1790638764.8634505,10,176,1,ewma,1,2,,0.9937,0.9931,,0.4,0.5,,8,9,,OFF
1790638765.3646934,7,174,1,ewma,1,1,,0.9915,0.9938,,0.5,0.4,,9,9,,OFF
1790638766.8907855,1,177,1,ewma,1,1,,0.9933,0.9924,,0.68,0.5,,10,9,,OFF
1790638768.2282937,4,174,1,ewma,1,2,,0.9914,0.9914,,0.5,0.68,,10,10,,ON
1790638768.7444377,2,156,1,ewma,1,1,,0.9933,0.9944,,0.6,0.5,,11,10,,ON
1790638771.114109,3,179,1,ewma,1,2,,0.0,0.0002,,0.4,0.4,,11,11,,ON
1790638772.641735,8,153,0,ewma,1,2,,0.9925,0.9926,,0.4,0.5,,11,12,,ON
1790638774.1320865,9,155,1,ewma,1,2,,0.0,0.0082,,0.4,0.4,,11,13,,ON
1790638775.4004025,5,177,1,ewma,1,1,,0.0,0.0,,0.4,0.4,,12,13,,ON
1790638776.0004258,6,179,1,ewma,1,2,,0.0,0.0224,,0.5,0.68,,12,14,,ON
1790638779.3628895,10,177,1,ewma,1,2,,0.0053,0.0,,0.4,0.6,,12,15,,ON
1790638779.885929,1,178,1,ewma,1,1,,0.0,0.0029,,0.744,0.5,,13,15,,ON
1790638783.0774264,8,154,1,ewma,1,2,,0.9925,0.0,,0.4,0.4,,13,16,,ON
1790638784.176321,2,157,1,ewma,1,2,,0.926,0.9938,,0.48,0.5,,13,17,,ON
1790638786.6456206,7,175,0,ewma,1,1,,0.0,0.0,,0.4,0.4,,14,17,,ON
1790638788.1966677,9,156,1,ewma,1,2,,0.0,0.0,,0.4,0.52,,14,18,,ON
1790638788.6477416,4,175,0,ewma,1,2,,0.0,0.0,,0.5,0.544,,14,19,,ON
1790638789.2984529,5,178,1,ewma,1,1,,0.0,0.993,,0.52,0.4,,15,19,,ON
1790638789.6488981,3,180,0,ewma,1,2,,0.0,0.8536,,0.4,0.52,,15,20,,ON
1790638790.6587162,6,180,1,ewma,1,2,,0.0,0.0041,,0.5,0.544,,15,21,,ON
1790638794.5688608,10,178,1,ewma,1,2,,0.9924,0.9913,,0.4,0.48,,15,22,,OFF
1790638796.1752677,1,179,1,ewma,1,1,,0.9932,0.9912,,0.5952,0.5,,16,22,,OFF
1790638797.0155869,7,176,1,ewma,1,2,,0.9776,0.9573,,0.32,0.4,,16,23,,OFF
1790638798.4122036,4,176,1,ewma,1,1,,0.9915,0.9915,,0.5,0.4352,,17,23,,OFF
1790638799.8463547,3,181,1,ewma,1,2,,0.9911,0.9938,,0.4,0.416,,16,24,,OFF
1790638800.1444323,2,158,1,ewma,1,1,,0.9913,0.9933,,0.48,0.4,,17,23,,OFF
1790638802.5073674,9,157,1,ewma,1,2,,0.9938,0.9933,,0.4,0.616,,17,23,,OFF
1790638802.6621022,8,155,0,ewma,1,2,,0.9915,0.9872,,0.4,0.52,,17,24,,OFF
1790638804.1663222,5,179,1,ewma,1,1,,0.9942,0.9943,,0.416,0.4,,17,24,,OFF
1790638805.1896083,6,181,1,ewma,1,2,,0.9915,0.9915,,0.5,0.6352,,17,24,,OFF
1790638807.8586743,10,179,1,ewma,1,2,,0.9901,0.9926,,0.4,0.584,,17,25,,OFF
1790638812.7558622,1,180,1,ewma,1,2,,0.0,0.0029,,0.4762,0.5,,16,24,,OFF
1790638813.0527575,4,177,1,ewma,1,1,,0.9921,0.9913,,0.6,0.4352,,17,24,,OFF
1790638814.5111527,2,159,1,ewma,1,1,,0.9932,0.9933,,0.584,0.4,,16,24,,OFF
1790638815.7576332,9,158,1,ewma,1,2,,0.9942,0.9942,,0.4,0.6928,,14,24,,OFF
1790638817.6761403,8,156,0,ewma,1,2,,0.0,0.0,,0.4,0.416,,14,25,,OFF
1790638817.9675574,5,180,1,ewma,1,1,,0.9944,0.9943,,0.5328,0.4,,15,25,,OFF
1790638818.2827506,6,182,1,ewma,1,2,,0.9925,0.9914,,0.5,0.7082,,15,26,,OFF
1790638821.868491,10,180,1,ewma,1,2,,0.9924,0.9938,,0.4,0.6672,,14,27,,OFF
1790638826.9182506,4,178,1,ewma,1,1,,0.0,0.0,,0.68,0.4352,,13,24,,OFF
1790638829.0675495,9,159,1,ewma,1,2,,0.9885,0.9895,,0.4,0.7542,,12,24,,OFF
1790638831.5041416,5,181,1,ewma,1,1,,0.9939,0.9938,,0.6262,0.4,,13,23,,OFF
1790638832.7007987,1,181,0,ewma,1,2,,0.8689,0.8699,,0.4762,0.6,,13,23,,OFF
1790638833.1219246,6,183,1,ewma,1,2,,0.99,0.9915,,0.5,0.5665,,13,24,,OFF
1790638833.6847239,2,160,0,ewma,1,1,,0.9925,0.9925,,0.6672,0.4,,14,24,,OFF
1790638833.685346,8,157,0,ewma,1,1,,0.0,0.8535,,0.4,0.3328,,15,24,,OFF
1790638834.6874297,3,183,0,ewma,1,2,,0.0,0.0,,0.4,0.416,,15,24,,OFF
1790638835.793573,10,181,1,ewma,1,2,,0.9941,0.9938,,0.4,0.7338,,14,25,,OFF
1790638840.3817792,4,179,1,ewma,1,1,,0.9857,0.9881,,0.744,0.4352,,14,23,,ON
1790638841.9371843,9,160,1,ewma,1,2,,0.8637,0.0096,,0.4,0.8034,,14,24,,ON
1790638845.1356544,8,158,1,ewma,1,2,,0.0,0.0,,0.32,0.3328,,14,23,,ON
1790638845.8573241,5,182,1,ewma,1,1,,0.0,0.6811,,0.701,0.4,,15,23,,ON
1790638846.3806882,6,184,1,ewma,1,2,,0.99,0.9901,,0.5,0.6532,,15,24,,ON
1790638847.6956651,1,182,0,ewma,1,2,,0.9842,0.9885,,0.4762,0.48,,14,25,,ON
1790638848.6973004,2,161,0,ewma,1,1,,0.0,0.9938,,0.5338,0.4,,15,23,,ON
1790638849.6990933,3,184,0,ewma,1,1,,0.8333,0.8535,,0.4,0.3328,,15,22,,ON
1790638849.8797295,10,182,1,ewma,1,2,,0.0723,0.0,,0.4,0.787,,15,23,,ON
1790638854.8767736,9,161,1,ewma,1,2,,0.8637,0.984,,0.4,0.8427,,15,22,,ON
1790638858.4347548,2,162,1,ewma,1,1,,0.0,0.9813,,0.427,0.4,,14,21,,OFF
1790638859.7535176,3,185,1,ewma,1,2,,0.0,0.0,,0.32,0.3328,,14,22,,OFF
1790638860.9787235,7,180,1,ewma,1,2,,0.9915,0.9901,,0.32,0.4,,13,22,,OFF
1790638861.7024436,1,183,0,ewma,1,1,,0.9842,0.0,,0.4762,0.384,,14,22,,OFF
1790638862.6326663,6,185,1,ewma,1,2,,0.9901,0.9914,,0.5,0.5226,,14,22,,OFF
1790638862.704059,4,180,0,ewma,1,1,,0.0,0.0,,0.5952,0.4352,,15,21,,OFF
1790638864.7063515,8,159,0,ewma,1,2,,0.0,0.96,,0.32,0.4662,,14,22,,OFF
1790638865.1037374,10,183,1,ewma,1,2,,0.9914,0.9931,,0.4,0.6296,,14,23,,OFF
1790638866.7085962,5,183,0,ewma,1,1,,0.0,0.9934,,0.5608,0.4,,15,22,,OFF
1790638867.7475896,9,162,1,ewma,1,2,,0.9925,0.9933,,0.4,0.8742,,15,23,,OFF
1790638871.5561254,1,184,1,ewma,1,2,,0.9929,0.0,,0.3809,0.384,,15,23,,OFF
1790638872.3647537,2,163,1,ewma,1,1,,0.9926,0.9939,,0.5416,0.4,,16,23,,OFF
1790638873.2034702,3,186,1,ewma,1,2,,0.9916,0.9933,,0.32,0.4662,,15,23,,OFF
1790638874.0042248,8,160,1,ewma,1,2,,0.9924,0.9933,,0.32,0.373,,15,24,,OFF
1790638874.5157633,7,181,1,ewma,1,2,,0.9933,0.9933,,0.32,0.52,,14,25,,OFF
1790638875.9370093,6,186,1,ewma,1,2,,0.9925,0.0,,0.5,0.6181,,14,25,,OFF
1790638877.7154431,4,181,0,ewma,1,1,,0.0,0.0,,0.4762,0.4352,,15,24,,OFF
1790638878.6913567,10,184,1,ewma,1,2,,0.9915,0.9915,,0.4,0.7037,,14,24,,OFF
1790638881.7172604,5,184,0,ewma,1,1,,0.985,0.9938,,0.4486,0.4,,15,24,,OFF
1790638882.2848144,9,163,1,ewma,1,2,,0.9942,0.9924,,0.4,0.6993,,15,24,,OFF
1790638884.8453948,1,185,1,ewma,1,2,,0.9914,0.9913,,0.3809,0.5072,,15,25,,OFF
1790638886.8067276,2,164,1,ewma,1,1,,0.9933,0.9932,,0.6333,0.4,,16,25,,OFF
1790638887.2039063,4,182,1,ewma,1,2,,0.9499,0.0,,0.3809,0.4352,,15,26,,OFF
1790638887.307585,3,187,1,ewma,1,2,,0.9932,0.8943,,0.32,0.573,,15,27,,OFF
1790638888.0256715,8,161,1,ewma,1,2,,0.9938,0.9943,,0.32,0.4984,,15,28,,OFF
1790638889.9838803,6,187,1,ewma,1,2,,0.9926,0.9929,,0.5,0.6944,,15,28,,OFF
1790638891.1960292,5,185,1,ewma,1,2,,0.9933,0.9938,,0.3589,0.4,,15,29,,OFF
1790638893.7233126,7,182,0,ewma,1,2,,0.9915,0.9915,,0.32,0.616,,12,28,,OFF
1790638894.9091215,10,185,1,ewma,1,2,,0.8689,0.8535,,0.4,0.5629,,12,28,,OFF
1790638900.1038184,1,186,1,ewma,1,2,,0.8008,0.0956,,0.3809,0.4058,,12,28,,OFF
1790638900.5073295,2,165,1,ewma,1,1,,0.0,0.9922,,0.7066,0.4,,12,28,,OFF
1790638900.7481616,4,183,1,ewma,1,2,,0.9914,0.9915,,0.3809,0.5482,,12,29,,OFF
1790638902.1423075,8,162,1,ewma,1,2,,0.9925,0.9933,,0.32,0.5987,,12,29,,ON
1790638903.0933008,6,188,1,ewma,1,2,,0.9938,0.9938,,0.5,0.7556,,12,30,,ON
1790638904.6041358,5,186,1,ewma,1,2,,0.9933,0.9895,,0.3589,0.52,,12,31,,ON
1790638908.2091596,10,186,1,ewma,1,2,,0.9875,0.9926,,0.4,0.6504,,11,29,,ON
1790638909.7299688,7,183,0,ewma,1,2,,0.9915,0.9938,,0.32,0.4928,,9,30,,ON
1790638910.4794078,9,165,1,ewma,1,2,,0.9942,0.8222,,0.4,0.6993,,9,30,,ON
1790638913.1576433,1,187,1,ewma,1,2,,0.0,0.0009,,0.3809,0.5246,,9,31,,ON
1790638913.9317179,4,184,1,ewma,1,2,,0.9458,0.0,,0.3809,0.6385,,9,32,,ON
1790638916.5012717,3,189,1,ewma,1,2,,0.0974,0.0,,0.32,0.573,,9,32,,OFF
1790638917.1019192,6,189,1,ewma,1,2,,0.0,0.4904,,0.5,0.8044,,9,33,,OFF
1790638920.0141814,5,187,1,ewma,1,2,,0.8689,0.8745,,0.3589,0.416,,8,33,,OFF
1790638920.73759,2,166,0,ewma,1,1,,0.0,0.99,,0.5653,0.4,,9,33,,OFF
1790638921.7396317,8,163,0,ewma,1,2,,0.9925,0.0,,0.32,0.679,,8,33,,OFF
1790638922.5421727,10,187,1,ewma,1,2,,0.9925,0.9937,,0.4,0.7203,,8,34,,OFF
1790638923.369608,9,166,1,ewma,1,2,,0.9925,0.9933,,0.4,0.7595,,7,34,,OFF
1790638924.74239,7,184,0,ewma,1,2,,0.9937,0.9938,,0.32,0.3942,,7,34,,OFF
1790638926.8446538,1,188,1,ewma,1,2,,0.9924,0.9914,,0.3809,0.6197,,6,34,,OFF
1790638929.3047035,4,185,1,ewma,1,2,,0.9914,0.9933,,0.3809,0.5108,,6,34,,OFF
1790638930.6232831,2,167,1,ewma,1,1,,0.0,0.9874,,0.4522,0.4,,7,34,,OFF
1790638933.7142181,5,188,1,ewma,1,2,,0.9925,0.9938,,0.3589,0.5328,,6,33,,OFF
1790638935.6728215,10,188,1,ewma,1,2,,0.9901,0.9486,,0.4,0.7762,,6,32,,OFF
1790638935.751752,6,190,0,ewma,1,2,,0.9868,0.9928,,0.5,0.8436,,6,33,,OFF
1790638935.7524414,3,190,0,ewma,1,2,,0.0,0.0,,0.32,0.6584,,6,34,,OFF
1790638935.8260815,7,185,1,ewma,1,1,,0.9915,0.9901,,0.32,0.3154,,7,34,,OFF
1790638937.2850518,9,167,1,ewma,1,2,,0.9937,0.9925,,0.4,0.8076,,7,34,,OFF
1790638940.039132,1,189,1,ewma,1,2,,0.9925,0.9924,,0.3809,0.6957,,6,34,,OFF
1790638942.5910137,4,186,1,ewma,1,2,,0.9914,0.9915,,0.3809,0.6087,,5,34,,OFF
1790638944.2497504,2,168,1,ewma,1,1,,0.9933,0.9933,,0.5618,0.4,,6,34,,OFF
1790638946.7361395,6,191,1,ewma,1,2,,0.0,0.0,,0.5,0.6748,,6,34,,OFF
1790638946.8370025,8,165,1,ewma,1,2,,0.8536,0.8689,,0.32,0.679,,5,35,,OFF
1790638947.826846,5,189,1,ewma,1,2,,0.9925,0.9933,,0.3589,0.6262,,5,34,,OFF
1790638948.4696467,10,189,1,ewma,1,2,,0.9842,0.9933,,0.4,0.821,,5,34,,OFF
1790638950.7286086,9,168,1,ewma,1,2,,0.9914,0.4872,,0.4,0.8461,,5,34,,OFF
1790638951.2501438,7,186,1,ewma,1,2,,0.9924,0.9925,,0.256,0.3154,,5,34,,OFF
1790638951.7609613,3,191,0,ewma,1,2,,0.9853,0.9868,,0.32,0.5267,,5,35,,OFF
1790638954.310969,1,190,1,ewma,1,2,,0.9938,0.9924,,0.3809,0.7566,,5,35,,OFF
1790638955.5081265,4,187,1,ewma,1,2,,0.9914,0.9901,,0.3809,0.6869,,5,35,,OFF
1790638959.9142294,6,192,1,ewma,1,2,,0.0016,0.0002,,0.5,0.7399,,5,36,,OFF
1790638960.6307147,2,169,1,ewma,1,1,,0.9914,0.9925,,0.4494,0.4,,5,35,,OFF
1790638961.4642577,10,190,1,ewma,1,2,,0.9898,0.9915,,0.4,0.8568,,5,35,,OFF
1790638962.0521958,5,190,1,ewma,1,2,,0.9938,0.9932,,0.3589,0.701,,5,36,,OFF
1790638962.768884,3,192,1,ewma,1,2,,0.9914,0.9941,,0.32,0.4214,,5,36,,OFF
1790638963.708922,9,169,1,ewma,1,2,,0.9938,0.9925,,0.4,0.8768,,5,36,,OFF
1790638965.7716606,8,166,0,ewma,1,2,,0.0,0.0,,0.32,0.7432,,5,36,,OFF
1790638965.8808353,7,187,1,ewma,1,1,,0.9914,0.9925,,0.256,0.2523,,6,36,,OFF
1790638968.2102559,1,191,1,ewma,1,2,,0.9933,0.9925,,0.3809,0.8053,,6,36,,ON
1790638969.954076,4,188,1,ewma,1,2,,0.99,0.0,,0.3809,0.7495,,6,36,,ON
1790639011.4079142,1,194,1,round-robin,2,1,,0.9,0.6198,,nan,nan,,1,0,,ON
1790639016.3135817,7,190,0,round-robin,2,1,,0.0,0.0,,nan,nan,,2,0,,ON
1790639017.383463,4,191,1,round-robin,2,1,,0.0,0.0,,nan,nan,,3,0,,ON
1790639020.116033,10,194,1,round-robin,2,1,,0.9207,0.0038,,nan,nan,,4,0,,OFF
1790639021.5799747,2,173,1,round-robin,2,1,,0.0,0.9899,,nan,nan,,5,0,,OFF
1790639022.1617532,6,196,1,round-robin,2,1,,0.0082,0.0977,,nan,nan,,6,0,,OFF
1790639022.7694974,8,170,1,round-robin,2,1,,0.9915,0.9901,,nan,nan,,7,0,,OFF
1790639023.5302591,5,194,1,round-robin,2,1,,0.9932,0.9925,,nan,nan,,8,0,,OFF
1790639023.8488643,3,196,1,round-robin,2,1,,0.9924,0.9925,,nan,nan,,9,0,,OFF
1790639025.1539745,9,173,1,round-robin,2,1,,0.9938,0.9926,,nan,nan,,10,0,,OFF
1790639025.7549515,7,191,1,round-robin,2,2,,0.9924,0.9925,,nan,nan,,10,1,,OFF
1790639026.493512,1,195,1,round-robin,2,2,,0.9942,0.9932,,nan,nan,,10,2,,OFF
1790639033.947003,4,192,1,round-robin,2,2,,0.9923,0.9923,,nan,nan,,10,3,,OFF
1790639034.3629563,2,174,1,round-robin,2,2,,0.9933,0.9901,,nan,nan,,10,4,,OFF
1790639035.484107,10,195,1,round-robin,2,2,,0.9932,0.9932,,nan,nan,,10,5,,OFF
1790639036.0277448,5,195,1,round-robin,2,2,,0.9915,0.9933,,nan,nan,,10,6,,OFF
1790639036.6249642,8,171,1,round-robin,2,2,,0.0002,0.0041,,nan,nan,,10,7,,OFF
1790639037.3287473,6,197,1,round-robin,2,2,,0.9936,0.9934,,nan,nan,,10,8,,OFF
1790639037.9490068,3,197,1,round-robin,2,2,,0.9942,0.9942,,nan,nan,,10,9,,OFF
1790639040.175815,1,196,1,round-robin,2,1,,0.9938,0.9901,,nan,nan,,11,9,,OFF
1790639041.5146806,7,192,1,round-robin,2,1,,0.8699,0.8974,,nan,nan,,12,9,,OFF
1790639046.3342102,9,174,0,round-robin,2,2,,0.9933,0.9925,,nan,nan,,12,10,,OFF
1790639046.648444,4,193,1,round-robin,2,1,,0.9925,0.9925,,nan,nan,,13,10,,OFF
1790639048.0858095,2,175,1,round-robin,2,1,,0.9942,0.9925,,nan,nan,,14,10,,OFF
1790639049.1301343,5,196,1,round-robin,2,1,,0.5959,0.0,,nan,nan,,15,10,,OFF
1790639050.4349542,8,172,1,round-robin,2,1,,0.9938,0.9933,,nan,nan,,16,10,,OFF
1790639052.6183548,3,198,1,round-robin,2,1,,0.9938,0.9942,,nan,nan,,17,10,,OFF
1790639053.5383143,1,197,1,round-robin,2,2,,0.9925,0.9924,,nan,nan,,17,11,,OFF
1790639054.343414,7,193,1,round-robin,2,2,,0.9916,0.9933,,nan,nan,,17,12,,OFF
1790639055.3453255,10,196,0,round-robin,2,1,,0.9925,0.9915,,nan,nan,,18,12,,OFF
1790639055.346151,6,198,0,round-robin,2,1,,0.9938,0.9926,,nan,nan,,19,12,,OFF
1790639056.1927042,9,175,1,round-robin,2,1,,0.9937,0.9925,,nan,nan,,20,12,,OFF
1790639059.8518634,4,194,1,round-robin,2,2,,0.9901,0.9901,,nan,nan,,20,13,,OFF
1790639061.6207175,2,176,1,round-robin,2,2,,0.9925,0.9925,,nan,nan,,20,14,,OFF
1790639064.9879837,8,173,1,round-robin,2,2,,0.9933,0.9942,,nan,nan,,20,15,,OFF
1790639065.2767422,6,199,1,round-robin,2,2,,0.9773,0.0,,nan,nan,,20,16,,OFF
1790639066.7165968,3,199,1,round-robin,2,2,,0.9925,0.9938,,nan,nan,,20,17,,OFF
1790639067.5580716,1,198,1,round-robin,2,1,,0.9938,0.9924,,nan,nan,,21,17,,OFF
1790639068.0447545,7,194,1,round-robin,2,1,,0.9915,0.9942,,nan,nan,,22,17,,OFF
1790639069.3947625,9,176,1,round-robin,2,2,,0.9942,0.9942,,nan,nan,,22,18,,OFF
1790639071.3514078,5,197,0,round-robin,2,2,,0.9914,0.8887,,nan,nan,,22,19,,OFF
1790639073.1738741,4,195,1,round-robin,2,1,,0.9899,0.9914,,nan,nan,,22,19,,OFF
1790639074.924892,2,177,1,round-robin,2,1,,0.9925,0.9925,,nan,nan,,23,19,,ON
1790639077.4868782,8,174,1,round-robin,2,1,,0.162,0.0016,,nan,nan,,22,19,,ON
1790639078.800081,6,200,1,round-robin,2,1,,0.0,0.99,,nan,nan,,23,19,,ON
1790639080.1327903,3,200,1,round-robin,2,1,,0.9925,0.0,,nan,nan,,23,19,,ON
1790639080.864569,5,198,1,round-robin,2,1,,0.9914,0.9941,,nan,nan,,24,19,,ON
1790639081.5857856,1,199,1,round-robin,2,2,,0.9938,0.0,,nan,nan,,23,20,,ON
1790639084.1258433,9,177,1,round-robin,2,1,,0.9942,0.991,,nan,nan,,20,20,,OFF
1790639087.3588548,10,198,0,round-robin,2,2,,0.0,0.0,,nan,nan,,19,19,,OFF
1790639087.7138534,4,196,1,round-robin,2,2,,0.9937,0.9899,,nan,nan,,19,20,,OFF
1790639090.1743343,2,178,1,round-robin,2,2,,0.9933,0.9925,,nan,nan,,19,21,,OFF
1790639093.6551607,8,175,1,round-robin,2,2,,0.9933,0.9925,,nan,nan,,19,22,,OFF
1790639094.0886226,6,201,1,round-robin,2,2,,0.9932,0.9914,,nan,nan,,19,22,,OFF
1790639094.795944,1,200,1,round-robin,2,1,,0.9915,0.9901,,nan,nan,,20,21,,OFF
1790639097.2237656,5,199,1,round-robin,2,2,,0.946,0.9941,,nan,nan,,20,19,,OFF
1790639102.0540216,4,197,1,round-robin,2,1,,0.9915,0.9901,,nan,nan,,19,17,,OFF
1790639102.362697,7,196,0,round-robin,2,2,,0.9915,0.9926,,nan,nan,,19,18,,OFF
1790639102.363547,3,201,0,round-robin,2,2,,0.0,0.0,,nan,nan,,19,19,,OFF
1790639106.283885,2,179,1,round-robin,2,1,,0.9933,0.9916,,nan,nan,,20,19,,OFF
1790639107.2650235,8,176,1,round-robin,2,1,,0.9902,0.9915,,nan,nan,,20,18,,OFF
1790639107.9936728,1,201,1,round-robin,2,2,,0.9912,0.9933,,nan,nan,,20,19,,OFF
1790639108.2969775,6,202,1,round-robin,2,1,,0.9815,0.9922,,nan,nan,,20,19,,UNKNOWN
1790639110.8508773,5,200,1,round-robin,2,1,,0.9915,0.9926,,nan,nan,,19,19,,OFF
1790639111.7869794,7,197,1,round-robin,2,1,,0.9915,0.9933,,nan,nan,,20,19,,OFF
1790639112.4983578,10,200,1,round-robin,2,1,,0.4582,0.631,,nan,nan,,21,19,,OFF
1790639113.1174302,3,202,1,round-robin,2,1,,0.9913,0.9933,,nan,nan,,21,19,,OFF
1790639115.9248745,4,198,1,round-robin,2,2,,0.9914,0.9925,,nan,nan,,19,18,,OFF
1790639118.3688557,9,179,0,round-robin,2,2,,0.9774,0.1102,,nan,nan,,18,19,,OFF
1790639119.8531446,2,180,1,round-robin,2,2,,0.9931,0.9942,,nan,nan,,18,19,,OFF
1790639122.5340612,8,177,1,round-robin,2,2,,0.9932,0.9937,,nan,nan,,18,19,,OFF
1790639123.2362845,6,203,1,round-robin,2,2,,0.9854,0.9933,,nan,nan,,18,20,,OFF
1790639123.9520676,1,202,1,round-robin,2,1,,0.9933,0.9915,,nan,nan,,19,20,,OFF
1790639124.5732272,5,201,1,round-robin,2,2,,0.9915,0.9925,,nan,nan,,19,21,,OFF
1790639125.9227045,7,198,1,round-robin,2,2,,0.9933,0.9914,,nan,nan,,19,20,,OFF
1790639126.4535408,3,203,1,round-robin,2,2,,0.9938,0.9938,,nan,nan,,19,21,,OFF
1790639127.5363092,9,180,1,round-robin,2,1,,0.9931,0.9937,,nan,nan,,20,20,,OFF
1790639128.2861521,10,201,1,round-robin,2,2,,0.9925,0.9943,,nan,nan,,18,21,,OFF
1790639128.9165366,4,199,1,round-robin,2,1,,0.9925,0.9938,,nan,nan,,19,21,,OFF
1790639132.9790003,2,181,1,round-robin,2,1,,0.9911,0.9915,,nan,nan,,20,19,,OFF
1790639135.1349947,8,178,1,round-robin,2,1,,0.9942,0.9938,,nan,nan,,19,19,,OFF
1790639136.4444032,6,204,1,round-robin,2,1,,0.9933,0.9931,,nan,nan,,20,19,,OFF
1790639137.8738675,1,203,1,round-robin,2,2,,0.9842,0.9825,,nan,nan,,19,20,,OFF
1790639140.5924966,3,204,1,round-robin,2,1,,0.9933,0.9933,,nan,nan,,18,20,,OFF
1790639140.8416178,9,181,1,round-robin,2,2,,0.9915,0.9925,,nan,nan,,18,21,,OFF
1790639141.7746394,7,199,1,round-robin,2,1,,0.9914,0.9915,,nan,nan,,18,20,,OFF
1790639143.3778157,5,202,0,round-robin,2,1,,0.9914,0.9915,,nan,nan,,19,20,,OFF
1790639143.9350717,10,202,1,round-robin,2,1,,0.9932,0.9943,,nan,nan,,20,20,,OFF
1790639144.6693506,4,200,1,round-robin,2,2,,0.9899,0.9925,,nan,nan,,19,21,,OFF
1790639147.030294,2,182,1,round-robin,2,2,,0.9915,0.9938,,nan,nan,,19,22,,OFF
1790639149.07276,8,179,1,round-robin,2,2,,0.9942,0.9915,,nan,nan,,19,21,,OFF
1790639150.6159894,1,204,1,round-robin,2,1,,0.9925,0.9933,,nan,nan,,20,20,,OFF
1790639152.434238,6,205,1,round-robin,2,2,,0.9915,0.9933,,nan,nan,,20,21,,OFF
1790639154.2664359,9,182,1,round-robin,2,1,,0.0,0.0,,nan,nan,,21,19,,OFF
1790639155.6312537,7,200,1,round-robin,2,2,,0.9938,0.9916,,nan,nan,,20,20,,OFF
1790639157.1689692,10,203,1,round-robin,2,2,,0.0,0.8954,,nan,nan,,20,21,,UNKNOWN
1790639159.119122,4,201,1,round-robin,2,1,,0.9926,0.9881,,nan,nan,,21,20,,OFF
1790639159.3875947,5,203,0,round-robin,2,2,,0.9914,0.0,,nan,nan,,21,21,,OFF
1790639160.3888054,3,205,0,round-robin,2,2,,0.9925,0.9896,,nan,nan,,21,22,,OFF
1790639161.1505554,2,183,1,round-robin,2,1,,0.9925,0.9926,,nan,nan,,22,22,,OFF
1790639162.161183,8,180,1,round-robin,2,1,,0.9933,0.9942,,nan,nan,,22,22,,OFF
1790639165.9485664,1,205,1,round-robin,2,2,,0.9925,0.9911,,nan,nan,,22,21,,OFF
1790639166.8577497,6,206,1,round-robin,2,1,,0.9915,0.9925,,nan,nan,,22,21,,OFF
1790639167.9047647,9,183,1,round-robin,2,2,,0.9937,0.9941,,nan,nan,,21,22,,OFF
1790639169.4370818,5,204,1,round-robin,2,1,,0.9915,0.9925,,nan,nan,,21,21,,OFF
1790639170.4612117,7,201,1,round-robin,2,1,,0.0002,0.9916,,nan,nan,,22,21,,OFF
1790639170.6544912,3,206,1,round-robin,2,1,,0.9915,0.0,,nan,nan,,23,21,,OFF
1790639171.3054767,10,204,1,round-robin,2,1,,0.9936,0.9933,,nan,nan,,23,21,,OFF
1790639172.6078038,4,202,1,round-robin,2,2,,0.9914,0.9924,,nan,nan,,21,22,,OFF
1790639174.3743765,2,184,1,round-robin,2,2,,0.9925,0.9933,,nan,nan,,20,23,,OFF
1790639176.3596256,8,181,1,round-robin,2,2,,0.9942,0.9925,,nan,nan,,20,23,,OFF
1790639179.6557763,1,206,1,round-robin,2,1,,0.9938,0.9925,,nan,nan,,21,22,,OFF
1790639181.3265817,6,207,1,round-robin,2,2,,0.0,0.0,,nan,nan,,21,22,,OFF
1790639183.870152,5,205,1,round-robin,2,2,,0.9924,0.9925,,nan,nan,,21,21,,OFF
1790639184.7934618,10,205,1,round-robin,2,2,,0.9925,0.9925,,nan,nan,,20,21,,OFF
1790639185.9213073,3,207,1,round-robin,2,2,,0.9914,0.9941,,nan,nan,,20,22,,OFF
1790639186.4333134,4,203,1,round-robin,2,1,,0.9914,0.9898,,nan,nan,,21,21,,OFF
1790639187.4006772,9,184,0,round-robin,2,1,,0.9942,0.9925,,nan,nan,,22,20,,OFF
1790639188.7870245,2,185,1,round-robin,2,1,,0.0,0.9852,,nan,nan,,22,19,,OFF
1790639189.4028652,7,202,0,round-robin,2,2,,0.8888,0.9914,,nan,nan,,21,20,,OFF
1790639193.9025342,1,207,1,round-robin,2,2,,0.9901,0.9881,,nan,nan,,20,21,,OFF
1790639194.4068604,8,182,0,round-robin,2,1,,0.8943,0.9933,,nan,nan,,21,21,,OFF
1790639196.1495774,9,185,1,round-robin,2,2,,0.9924,0.9942,,nan,nan,,20,22,,OFF
1790639196.9899998,5,206,1,round-robin,2,1,,0.9925,0.9942,,nan,nan,,20,22,,OFF
1790639197.797944,6,208,1,round-robin,2,1,,0.9915,0.9915,,nan,nan,,21,22,,OFF
1790639198.8173304,10,206,1,round-robin,2,1,,0.0,0.0,,nan,nan,,22,21,,OFF
1790639199.4565794,3,208,1,round-robin,2,1,,0.0,0.003,,nan,nan,,23,21,,OFF
1790639199.9798288,4,204,1,round-robin,2,2,,0.9914,0.9912,,nan,nan,,23,22,,OFF
1790639202.3295248,2,186,1,round-robin,2,2,,0.9924,0.9933,,nan,nan,,21,22,,OFF
1790639205.0664985,8,183,1,round-robin,2,2,,0.9939,0.9926,,nan,nan,,19,22,,ON
1790639206.597929,1,208,1,round-robin,2,1,,0.9943,0.9937,,nan,nan,,20,22,,ON
1790639209.5945747,9,186,1,round-robin,2,1,,0.9914,0.9925,,nan,nan,,21,20,,OFF
1790639210.9088967,5,207,1,round-robin,2,2,,0.9933,0.9938,,nan,nan,,20,21,,OFF
1790639211.9512286,6,209,1,round-robin,2,2,,0.0153,0.9933,,nan,nan,,20,22,,OFF
1790639212.345693,3,209,1,round-robin,2,2,,0.9943,0.9944,,nan,nan,,20,23,,OFF
1790639212.962026,10,207,1,round-robin,2,2,,0.9833,0.6388,,nan,nan,,20,23,,OFF
1790639213.1623256,4,205,1,round-robin,2,1,,0.9914,0.9938,,nan,nan,,21,23,,OFF
1790639213.9749966,7,204,1,round-robin,2,1,,0.9882,0.9938,,nan,nan,,22,23,,OFF
1790639215.9606173,2,187,1,round-robin,2,1,,0.9938,0.9939,,nan,nan,,22,22,,OFF
1790639218.5743082,8,184,1,round-robin,2,1,,0.9944,0.9938,,nan,nan,,23,21,,OFF
1790639219.396546,1,209,1,round-robin,2,2,,0.994,0.9932,,nan,nan,,22,21,,OFF
1790639225.1427636,5,208,1,round-robin,2,1,,0.9461,0.9933,,nan,nan,,21,20,,OFF
1790639225.331327,9,187,1,round-robin,2,2,,0.9915,0.9842,,nan,nan,,21,21,,OFF
1790639225.857017,6,210,1,round-robin,2,1,,0.0,0.0002,,nan,nan,,22,21,,OFF
1790639226.3616707,3,210,1,round-robin,2,1,,0.9938,0.9937,,nan,nan,,23,20,,OFF
1790639227.0093074,10,208,1,round-robin,2,1,,0.0061,0.9933,,nan,nan,,23,20,,OFF
1790639227.5932107,7,205,1,round-robin,2,2,,0.9925,0.9941,,nan,nan,,23,21,,OFF
1790639228.8584182,4,206,1,round-robin,2,2,,0.99,0.9933,,nan,nan,,23,21,,OFF
1790639231.2855098,2,188,1,round-robin,2,2,,0.9925,0.9943,,nan,nan,,20,22,,OFF
1790639231.6791866,8,185,1,round-robin,2,2,,0.9944,0.9925,,nan,nan,,19,23,,OFF
1790639232.7152781,1,210,1,round-robin,2,1,,0.9925,0.9923,,nan,nan,,20,22,,OFF
1790639238.4702752,5,209,1,round-robin,2,2,,0.9915,0.9938,,nan,nan,,20,21,,OFF
1790639239.263441,3,211,1,round-robin,2,2,,0.8887,0.9938,,nan,nan,,20,22,,OFF
1790639239.9715247,10,209,1,round-robin,2,2,,0.9901,0.9926,,nan,nan,,19,23,,OFF
1790639240.6898885,6,211,1,round-robin,2,2,,0.9933,0.9932,,nan,nan,,19,24,,OFF
1790639241.4061456,7,206,1,round-robin,2,1,,0.9933,0.9914,,nan,nan,,20,23,,OFF
1790639282.5706537,3,214,1,snr-greedy,2,1,,0.9924,0.9924,,12.5,12.5,,1,0,,OFF
1790639283.1861615,5,212,1,snr-greedy,2,1,,0.9933,0.9916,,12.75,12.25,,2,0,,OFF
1790639284.6595669,10,212,1,snr-greedy,2,1,,0.0001,0.9,,6.0,-999.0,,3,0,,OFF
1790639284.6603026,9,191,1,snr-greedy,2,2,,0.0,0.0,,-1.5,-0.25,,3,1,,OFF
1790639285.565001,6,214,1,snr-greedy,2,1,,0.9943,0.9913,,13.5,12.25,,4,1,,OFF
1790639286.5647237,7,209,1,snr-greedy,2,1,,0.9925,0.9926,,12.5,12.5,,5,1,,OFF
1790639289.4645872,4,210,1,snr-greedy,2,2,,0.9914,0.9938,,12.25,13.0,,5,2,,OFF
1790639290.9064577,8,189,1,snr-greedy,2,1,,0.9938,0.9915,,13.0,12.25,,6,2,,OFF
1790639291.9112747,1,214,1,snr-greedy,2,2,,0.0,0.9862,,-0.5,12.25,,6,3,,OFF
1790639295.8179975,5,213,1,snr-greedy,2,1,,0.9046,0.0,,10.25,5.0,,7,3,,OFF
1790639297.0181222,2,192,0,snr-greedy,2,2,,0.9878,0.989,,12.5,12.75,,7,4,,OFF
1790639299.4241676,10,213,1,snr-greedy,2,2,,0.9899,0.9937,,12.0,13.0,,7,5,,OFF
1790639299.9942722,6,215,1,snr-greedy,2,2,,0.8535,0.9916,,12.25,12.5,,7,6,,OFF
1790639301.1564894,9,192,1,snr-greedy,2,2,,0.9901,0.9915,,12.0,12.25,,7,7,,OFF
1790639302.022721,3,215,0,snr-greedy,2,2,,0.0,0.9932,,-1.75,12.75,,7,8,,OFF
1790639302.961,4,211,1,snr-greedy,2,2,,0.9925,0.9942,,12.5,13.25,,7,9,,OFF
1790639303.9896393,8,190,1,snr-greedy,2,2,,0.9933,0.9942,,12.75,13.25,,7,10,,OFF
1790639305.0246096,7,210,0,snr-greedy,2,2,,0.9925,0.9925,,12.5,12.5,,7,11,,OFF
1790639307.504266,1,215,1,snr-greedy,2,1,,0.9924,0.9914,,12.5,12.25,,8,11,,OFF
1790639307.9859092,2,193,1,snr-greedy,2,2,,0.9914,0.9933,,12.25,12.75,,8,12,,OFF
1790639310.9680617,5,214,1,snr-greedy,2,2,,0.9925,0.9926,,12.5,12.5,,8,13,,OFF
1790639311.7783754,3,216,1,snr-greedy,2,2,,0.988,0.9933,,11.75,12.75,,8,14,,OFF
1790639312.6956053,6,216,1,snr-greedy,2,2,,0.0,0.0,,1.75,2.25,,8,15,,OFF
1790639313.2290552,10,214,1,snr-greedy,2,2,,0.9901,0.9933,,12.0,12.75,,8,16,,OFF
1790639314.7676828,9,193,1,snr-greedy,2,2,,0.9925,0.9933,,12.5,12.75,,8,17,,UNKNOWN
1790639315.310692,7,211,1,snr-greedy,2,1,,0.9932,0.9925,,12.75,12.5,,9,17,,UNKNOWN
1790639316.2897456,4,212,1,snr-greedy,2,1,,0.9461,0.8965,,10.25,9.75,,10,17,,OFF
1790639316.946816,8,191,1,snr-greedy,2,1,,0.9925,0.9925,,12.5,12.5,,11,17,,OFF
1790639321.6885657,2,194,1,snr-greedy,2,1,,0.9941,0.9932,,13.25,12.75,,12,17,,OFF
1790639323.3155932,1,216,1,snr-greedy,2,1,,0.0956,0.008,,7.5,6.5,,13,17,,OFF
1790639323.8384235,5,215,1,snr-greedy,2,1,,0.9933,0.9901,,12.75,12.0,,14,17,,OFF
1790639325.392044,3,217,1,snr-greedy,2,2,,0.9769,0.9925,,11.0,12.5,,14,18,,OFF
1790639327.0211318,10,215,1,snr-greedy,2,2,,0.8333,0.8943,,12.0,13.25,,14,19,,OFF
1790639327.6407013,9,194,1,snr-greedy,2,2,,0.9913,0.9933,,12.25,12.75,,14,20,,OFF
1790639327.9437747,7,212,1,snr-greedy,2,1,,0.994,0.9931,,13.5,12.75,,15,20,,OFF
1790639330.6332843,4,213,1,snr-greedy,2,2,,0.9882,0.9933,,11.75,12.75,,15,21,,OFF
1790639331.1262908,8,192,1,snr-greedy,2,1,,0.9938,0.9926,,13.0,12.5,,16,21,,OFF
1790639332.0364485,6,217,0,snr-greedy,2,2,,0.681,0.8689,,11.0,12.5,,16,22,,OFF
1790639334.3065982,2,195,1,snr-greedy,2,1,,0.9941,0.9933,,13.25,12.75,,17,22,,OFF
1790639338.18218,5,216,1,snr-greedy,2,2,,0.9924,0.9943,,12.5,13.5,,17,23,,OFF
1790639339.0065362,3,218,1,snr-greedy,2,2,,0.9901,0.9938,,12.0,13.0,,17,24,,OFF
1790639339.6177986,1,217,1,snr-greedy,2,1,,0.9938,0.9913,,13.0,12.25,,18,24,,OFF
1790639340.145812,10,216,1,snr-greedy,2,1,,0.99,0.9902,,12.0,12.0,,19,24,,OFF
1790639341.0766943,7,213,1,snr-greedy,2,2,,0.9914,0.9938,,12.25,13.0,,19,25,,OFF
1790639341.7639737,9,195,1,snr-greedy,2,2,,0.9914,0.9915,,12.25,12.25,,19,26,,OFF
1790639343.0094159,6,218,1,snr-greedy,2,2,,0.9915,0.9925,,12.25,12.5,,18,27,,OFF
1790639345.3468177,4,214,1,snr-greedy,2,1,,0.9938,0.9925,,13.0,12.5,,17,26,,OFF
1790639347.0256908,2,196,1,snr-greedy,2,2,,0.0,0.9909,,1.25,12.25,,15,27,,OFF
1790639351.7099197,5,217,1,snr-greedy,2,2,,0.9915,0.9942,,12.25,13.25,,14,27,,OFF
1790639353.0251338,3,219,1,snr-greedy,2,2,,0.9899,0.9938,,12.0,13.0,,14,27,,OFF
1790639353.041724,8,193,0,snr-greedy,2,2,,0.9915,0.9926,,12.25,12.5,,14,28,,OFF
1790639353.555271,10,217,1,snr-greedy,2,2,,0.9925,0.9931,,12.5,12.75,,14,29,,OFF
1790639354.4648056,7,214,1,snr-greedy,2,2,,0.0,0.0283,,4.5,8.25,,14,30,,OFF
1790639357.1318033,6,219,1,snr-greedy,2,2,,0.9901,0.9933,,12.0,12.75,,13,30,,OFF
1790639358.3583813,4,215,1,snr-greedy,2,1,,0.9941,0.9925,,13.25,12.5,,14,30,,OFF
1790639360.0449078,1,218,0,snr-greedy,2,1,,0.7949,0.0,,9.25,2.0,,15,28,,OFF
1790639360.0457582,9,196,0,snr-greedy,2,2,,0.9932,0.9941,,12.75,13.25,,15,29,,OFF
1790639360.635001,2,197,1,snr-greedy,2,1,,0.9938,0.9916,,13.0,12.25,,16,29,,OFF
1790639363.5074313,8,194,1,snr-greedy,2,1,,0.9932,0.9932,,12.75,12.75,,17,26,,ON
1790639364.2896476,5,218,1,snr-greedy,2,1,,0.9914,0.9857,,12.25,11.5,,18,25,,ON
1790639366.1610153,3,220,1,snr-greedy,2,2,,0.9915,0.9942,,12.25,13.25,,18,25,,OFF
1790639367.775183,10,218,1,snr-greedy,2,1,,0.9925,0.9915,,12.5,12.25,,18,25,,OFF
1790639369.106844,7,215,1,snr-greedy,2,2,,0.9901,0.9938,,12.0,13.0,,18,25,,OFF
1790639370.3828757,9,197,1,snr-greedy,2,2,,0.9923,0.9932,,12.5,12.75,,18,26,,OFF
1790639371.169939,6,220,1,snr-greedy,2,1,,0.9914,0.0,,12.25,1.75,,19,25,,OFF
1790639371.2623315,1,219,1,snr-greedy,2,2,,0.9922,0.9841,,12.5,12.5,,19,26,,OFF
1790639372.716199,4,216,1,snr-greedy,2,1,,0.9938,0.9901,,13.0,12.0,,20,24,,OFF
1790639373.5149045,2,198,1,snr-greedy,2,2,,0.9914,0.9938,,12.25,13.0,,20,24,,OFF
1790639378.1229177,8,195,1,snr-greedy,2,2,,0.9915,0.9925,,12.25,12.5,,17,24,,OFF
1790639378.629291,3,221,1,snr-greedy,2,2,,0.9901,0.9926,,12.0,12.5,,17,25,,OFF
1790639379.4812665,5,219,1,snr-greedy,2,2,,0.9916,0.9938,,12.25,13.0,,17,26,,OFF
1790639381.7359767,7,216,1,snr-greedy,2,2,,0.9925,0.9937,,12.5,13.0,,16,27,,OFF
1790639382.3997386,10,219,1,snr-greedy,2,1,,0.9925,0.9925,,12.5,12.5,,17,27,,OFF
1790639382.934209,9,198,1,snr-greedy,2,1,,0.9938,0.9925,,13.0,12.5,,18,27,,OFF
1790639383.9487164,1,220,1,snr-greedy,2,2,,0.9901,0.99,,12.0,12.0,,16,28,,OFF
1790639386.134725,6,221,1,snr-greedy,2,2,,0.9915,0.9924,,12.25,12.5,,16,28,,OFF
1790639387.4470608,4,217,1,snr-greedy,2,2,,0.9915,0.9932,,12.25,12.75,,16,28,,OFF
1790639388.5907435,2,199,1,snr-greedy,2,2,,0.9923,0.9937,,12.5,13.0,,15,28,,OFF
1790639393.221594,8,196,1,snr-greedy,2,1,,0.0,0.0,,4.75,1.25,,15,26,,OFF
1790639393.2585466,3,222,1,snr-greedy,2,2,,0.9915,0.9944,,12.25,13.5,,15,27,,OFF
1790639393.2755,5,220,1,snr-greedy,2,2,,0.9938,0.9944,,13.0,13.5,,15,28,,OFF
1790639394.6375494,7,217,1,snr-greedy,2,2,,0.9932,0.9938,,12.75,13.0,,14,29,,OFF
1790639395.2118025,10,220,1,snr-greedy,2,2,,0.9914,0.9937,,12.25,13.0,,14,30,,OFF
1790639397.1526186,9,199,1,snr-greedy,2,2,,0.9901,0.9925,,12.0,12.5,,14,31,,OFF
1790639399.131562,1,221,1,snr-greedy,2,2,,0.9915,0.9925,,12.25,12.5,,14,30,,OFF
1790639400.0369756,6,222,1,snr-greedy,2,2,,0.9925,0.9941,,12.5,13.25,,13,31,,OFF
1790639400.6440883,4,218,1,snr-greedy,2,1,,0.9938,0.9938,,13.0,13.0,,13,31,,OFF
1790639401.7060852,2,200,1,snr-greedy,2,2,,0.9924,0.9943,,12.5,13.5,,13,31,,OFF
1790639407.4374561,8,197,1,snr-greedy,2,2,,0.9857,0.9939,,12.75,13.25,,12,29,,OFF
1790639407.9260702,5,221,1,snr-greedy,2,2,,0.9925,0.9943,,12.5,13.5,,12,30,,OFF
1790639408.3315425,7,218,1,snr-greedy,2,2,,0.9914,0.9942,,12.25,13.25,,12,31,,OFF
1790639409.3659222,10,221,1,snr-greedy,2,1,,0.9877,0.9841,,13.0,12.5,,13,31,,OFF
1790639410.8964376,9,200,1,snr-greedy,2,2,,0.9896,0.9925,,12.0,12.5,,13,32,,OFF
1790639412.242085,1,222,1,snr-greedy,2,1,,0.9925,0.9913,,12.5,12.25,,14,31,,ON
1790639413.4508312,4,219,1,snr-greedy,2,1,,0.9914,0.9899,,12.25,12.0,,15,29,,ON
1790639413.8876488,6,223,1,snr-greedy,2,2,,0.9932,0.9944,,12.75,13.75,,15,29,,ON
1790639414.5114746,2,201,1,snr-greedy,2,2,,0.9748,0.9933,,11.0,12.75,,15,29,,ON
1790639415.0717416,3,223,0,snr-greedy,2,2,,0.99,0.9938,,12.0,13.0,,15,30,,OFF
1790639423.189821,10,222,1,snr-greedy,2,2,,0.9898,0.9525,,12.0,12.25,,12,29,,OFF
1790639424.6094816,3,224,1,snr-greedy,2,2,,0.9916,0.9915,,12.25,12.25,,10,30,,OFF
1790639425.0181715,9,201,1,snr-greedy,2,2,,0.9915,0.9933,,12.25,12.75,,10,31,,OFF
1790639426.8585382,1,223,1,snr-greedy,2,2,,0.0,0.0,,-0.25,4.75,,10,31,,OFF
1790639427.5769506,2,202,1,snr-greedy,2,2,,0.9882,0.9938,,11.75,13.0,,10,32,,OFF
1790639428.0769203,5,222,0,snr-greedy,2,1,,0.9938,0.9926,,13.0,12.5,,10,32,,OFF
1790639428.0779035,8,198,0,snr-greedy,2,1,,0.0,0.0,,2.5,-1.0,,11,32,,OFF
1790639428.4956117,6,224,1,snr-greedy,2,2,,0.9925,0.9933,,12.5,12.75,,11,33,,OFF
1790639432.0807862,4,220,0,snr-greedy,2,2,,0.9855,0.9899,,11.5,12.0,,10,31,,OFF
1790639437.5090318,10,223,1,snr-greedy,2,1,,0.0,0.0,,2.75,1.25,,10,30,,OFF
1790639438.065797,8,199,1,snr-greedy,2,1,,0.0008,0.0,,6.75,1.5,,11,30,,OFF
1790639438.876595,7,220,1,snr-greedy,2,1,,0.99,0.99,,12.0,12.0,,12,28,,OFF
1790639439.158172,9,202,1,snr-greedy,2,2,,0.9883,0.9901,,11.75,12.0,,12,29,,OFF
1790639439.7981336,1,224,1,snr-greedy,2,1,,0.993,0.9922,,12.75,12.5,,13,28,,OFF
1790639441.1888123,6,225,1,snr-greedy,2,2,,0.9925,0.9933,,12.5,12.75,,13,29,,OFF
1790639442.0378308,2,203,1,snr-greedy,2,1,,0.9913,0.988,,12.25,11.75,,14,28,,OFF
1790639443.0849347,5,223,0,snr-greedy,2,1,,0.9926,0.9915,,12.5,12.25,,13,28,,OFF
1790639444.0867462,3,225,0,snr-greedy,2,1,,0.9925,0.9916,,12.5,12.25,,14,27,,OFF
1790639448.090368,4,221,0,snr-greedy,2,2,,0.9901,0.9924,,12.0,12.5,,14,26,,OFF
1790639451.941153,8,200,1,snr-greedy,2,1,,0.9778,0.5641,,11.25,9.5,,15,25,,OFF
1790639452.0553646,10,224,1,snr-greedy,2,1,,0.8804,0.8689,,12.75,12.5,,16,25,,OFF
1790639454.1044338,1,225,1,snr-greedy,2,1,,0.3829,0.0,,9.25,-3.0,,16,23,,OFF
1790639454.5212944,7,221,1,snr-greedy,2,2,,0.8538,0.8689,,12.25,12.5,,16,24,,OFF
1790639456.4688675,2,204,1,snr-greedy,2,2,,0.9877,0.9932,,11.75,12.75,,16,23,,OFF
1790639457.0957625,9,203,0,snr-greedy,2,2,,0.6958,0.8952,,9.25,10.0,,16,24,,OFF
1790639458.0806623,4,222,1,snr-greedy,2,1,,0.9925,0.9915,,12.5,12.25,,17,23,,OFF
1790639459.098055,5,224,0,snr-greedy,2,1,,0.9914,0.0,,12.25,-1.0,,18,23,,OFF
1790639459.098533,6,226,0,snr-greedy,2,1,,0.9925,0.9857,,12.5,11.5,,19,23,,OFF
1790639465.7773535,10,225,1,snr-greedy,2,2,,0.9914,0.9942,,12.25,13.25,,18,21,,OFF
1790639466.5010762,8,201,1,snr-greedy,2,2,,0.9924,0.9942,,12.5,13.25,,18,22,,OFF
1790639467.2439368,1,226,1,snr-greedy,2,1,,0.9916,0.99,,12.25,12.0,,19,22,,OFF
1790639468.166432,9,204,1,snr-greedy,2,2,,0.9915,0.9938,,12.25,13.0,,19,21,,OFF
1790639468.9601576,5,225,1,snr-greedy,2,2,,0.9914,0.9925,,12.25,12.5,,19,21,,OFF
1790639469.5000591,6,227,1,snr-greedy,2,2,,0.0,0.9697,,1.25,10.75,,18,22,,OFF
1790639470.0829408,7,222,1,snr-greedy,2,2,,0.9914,0.9925,,12.25,12.5,,18,23,,OFF
1790639470.7335727,3,227,1,snr-greedy,2,2,,0.9914,0.9933,,12.25,12.75,,18,24,,OFF
1790639471.0262809,2,205,1,snr-greedy,2,2,,0.9881,0.9925,,11.75,12.5,,18,24,,OFF
1790639471.729626,4,223,1,snr-greedy,2,1,,0.9924,0.9913,,12.5,12.25,,19,24,,OFF
1790639479.5162852,8,202,1,snr-greedy,2,2,,0.9943,0.9943,,13.5,13.5,,17,22,,OFF
1790639480.7545664,10,226,1,snr-greedy,2,2,,0.9899,0.9938,,12.0,13.0,,17,23,,OFF
1790639482.8894687,6,228,1,snr-greedy,2,2,,0.9842,0.9915,,11.5,12.25,,17,24,,OFF
1790639483.6904478,3,228,1,snr-greedy,2,2,,0.0,0.9938,,4.5,13.0,,17,24,,OFF
1790639485.4458218,4,224,1,snr-greedy,2,1,,0.9937,0.9937,,13.0,13.0,,18,22,,OFF
1790639487.1144161,1,227,0,snr-greedy,2,2,,0.9881,0.9899,,11.75,12.0,,18,22,,OFF
1790639488.1171913,9,205,0,snr-greedy,2,2,,0.5473,0.5473,,10.5,10.5,,16,22,,OFF
1790639489.1191766,7,223,0,snr-greedy,2,2,,0.9924,0.9925,,12.5,12.5,,16,22,,OFF
1790639489.1200845,2,206,0,snr-greedy,2,2,,0.9912,0.9942,,12.25,13.25,,16,23,,OFF
1790639555.1660564,8,207,1,state-aware,2,2,,0.99,0.9925,,0.99,0.9925,,0,1,,OFF
1790639558.5912654,10,231,1,state-aware,2,2,,0.9776,0.9925,,0.9776,0.9925,,0,2,,OFF
1790639559.281516,3,233,1,state-aware,2,2,,0.9882,0.9938,,0.9882,0.9938,,0,3,,OFF
1790639560.196932,7,228,1,state-aware,2,1,,0.9438,0.9313,,0.9438,0.9313,,1,3,,OFF
1790639561.0125022,5,231,1,state-aware,2,2,,0.0,0.9899,,0.0,0.9899,,1,4,,UNKNOWN
1790639561.240046,6,233,1,state-aware,2,1,,0.7811,0.0071,,0.7811,0.0071,,2,4,,UNKNOWN
1790639561.7388673,4,229,1,state-aware,2,2,,0.8369,0.8535,,0.8369,0.8535,,2,5,,UNKNOWN
1790639565.6392078,1,232,0,state-aware,2,1,,0.989,0.9878,,0.989,0.9878,,3,5,,OFF
1790639566.6410506,2,211,0,state-aware,2,1,,0.9839,0.9818,,0.9839,0.9818,,4,5,,OFF
1790639567.6424026,9,210,0,state-aware,2,2,,0.9,0.9862,,0.9,0.9862,,4,6,,OFF
1790639568.100523,8,208,1,state-aware,2,1,,0.9933,0.9933,,0.9933,0.9278,,5,6,,OFF
1790639572.3817563,10,232,1,state-aware,2,1,,0.9915,0.9926,,0.9915,0.9271,,6,6,,OFF
1790639572.9593265,3,234,1,state-aware,2,1,,0.9916,0.9933,,0.9916,0.9278,,7,6,,OFF
1790639573.92213,6,234,1,state-aware,2,2,,0.9855,0.9825,,0.9212,0.9825,,7,7,,OFF
1790639575.8642128,1,233,1,state-aware,2,2,,0.0,0.9898,,0.0667,0.9898,,7,8,,OFF
1790639575.9870586,2,212,1,state-aware,2,2,,0.9839,0.9744,,0.8866,0.9744,,7,9,,OFF
1790639576.5842614,9,211,1,state-aware,2,2,,0.2609,0.9926,,0.2609,0.8938,,7,10,,OFF
1790639578.6458464,5,232,0,state-aware,2,1,,0.9805,0.9933,,0.9805,0.9277,,8,10,,OFF
1790639579.6469119,4,230,0,state-aware,2,1,,0.9793,0.9769,,0.9793,0.9141,,9,10,,OFF
1790639579.6479475,7,229,0,state-aware,2,2,,0.8535,0.9905,,0.8112,0.9905,,9,11,,OFF
1790639580.6762452,8,209,1,state-aware,2,1,,0.9938,0.9926,,0.9282,0.9271,,10,11,,OFF
1790639586.9292295,3,235,1,state-aware,2,2,,0.9933,0.9939,,0.9278,0.9282,,10,12,,OFF
1790639587.7412574,6,235,1,state-aware,2,1,,0.9926,0.9901,,0.9271,0.9251,,11,12,,OFF
1790639588.7040913,10,233,1,state-aware,2,2,,0.9942,0.9933,,0.8951,0.9277,,11,13,,OFF
1790639589.2844038,2,213,1,state-aware,2,2,,0.9915,0.9915,,0.8929,0.9263,,11,14,,OFF
1790639590.091676,5,233,1,state-aware,2,2,,0.0001,0.3089,,0.0667,0.3574,,11,15,,OFF
1790639590.6949623,4,231,1,state-aware,2,2,,0.9925,0.9914,,0.8937,0.9262,,11,16,,OFF
1790639595.211334,8,210,1,state-aware,2,2,,0.9925,0.9942,,0.9032,0.9285,,11,17,,OFF
1790639595.6530225,7,230,0,state-aware,2,1,,0.9867,0.9932,,0.9223,0.8943,,12,17,,OFF
1790639600.2600386,3,236,1,state-aware,2,1,,0.9925,0.9942,,0.9271,0.9044,,13,17,,OFF
1790639602.1725378,6,236,1,state-aware,2,2,,0.9925,0.9902,,0.9032,0.9252,,13,18,,OFF
1790639602.886629,10,234,1,state-aware,2,2,,0.9901,0.9916,,0.8917,0.9025,,13,19,,OFF
1790639604.9339335,1,235,1,state-aware,2,2,,0.9933,0.9912,,0.8944,0.9912,,13,20,,OFF
1790639605.9729576,9,213,1,state-aware,2,1,,0.9925,0.9933,,0.9925,0.8944,,14,20,,OFF
1790639606.778001,7,231,1,state-aware,2,2,,0.9932,0.9942,,0.8466,0.8951,,14,21,,OFF
1790639607.6570392,2,214,0,state-aware,2,2,,0.3258,0.9932,,0.3382,0.9037,,14,22,,OFF
1790639608.6586883,4,232,0,state-aware,2,2,,0.9941,0.9914,,0.8951,0.9025,,14,23,,ON
1790639609.6606688,5,234,0,state-aware,2,2,,0.9458,0.9517,,0.8548,0.8741,,14,24,,ON
1790639611.8351383,8,211,1,state-aware,2,1,,0.99,0.9925,,0.9015,0.8461,,15,24,,UNKNOWN
1790639614.9899824,3,237,1,state-aware,2,2,,0.9914,0.9915,,0.8453,0.9025,,15,25,,OFF
1790639616.4148421,6,237,1,state-aware,2,1,,0.9808,0.0016,,0.8949,0.1954,,16,24,,OFF
1790639617.2650268,2,215,1,state-aware,2,1,,0.9915,0.9915,,0.8929,0.8237,,17,24,,OFF
1790639619.1803305,5,235,1,state-aware,2,2,,0.0,0.0,,0.0667,0.204,,17,24,,OFF
1790639619.9931355,9,214,1,state-aware,2,1,,0.9938,0.9916,,0.9282,0.893,,18,23,,OFF
1790639621.1601167,7,232,1,state-aware,2,2,,0.9924,0.9925,,0.846,0.8575,,17,23,,OFF
1790639622.6649978,10,235,0,state-aware,2,2,,0.9353,0.9933,,0.8461,0.8998,,16,23,,OFF
1790639624.6672006,1,236,0,state-aware,2,2,,0.8943,0.8887,,0.8119,0.8406,,16,24,,OFF
1790639624.668091,4,233,0,state-aware,2,1,,0.9925,0.9916,,0.8937,0.8237,,17,24,,OFF
1790639624.8156383,8,212,1,state-aware,2,1,,0.9932,0.9938,,0.8998,0.847,,18,24,,OFF
1790639628.4999719,3,238,1,state-aware,2,2,,0.9932,0.9942,,0.8466,0.9003,,15,24,,OFF
1790639630.8902025,6,238,1,state-aware,2,2,,0.99,0.9896,,0.8978,0.9012,,15,25,,OFF
1790639631.1559029,2,216,1,state-aware,2,1,,0.9896,0.9915,,0.8554,0.8237,,16,25,,OFF
1790639631.6815665,10,236,1,state-aware,2,1,,0.9654,0.9933,,0.8711,0.8164,,17,25,,OFF
1790639632.0890007,5,236,1,state-aware,2,1,,0.9925,0.9944,,0.8938,0.8347,,18,25,,OFF
1790639634.344497,9,215,1,state-aware,2,1,,0.9915,0.0,,0.9025,0.0667,,17,24,,OFF
1790639634.550399,1,237,1,state-aware,2,1,,0.9943,0.9913,,0.8953,0.8452,,18,24,,OFF
1790639635.1531024,7,233,1,state-aware,2,2,,0.9914,0.9941,,0.8453,0.8523,,18,25,,OFF
1790639635.6901238,4,234,1,state-aware,2,2,,0.9931,0.9913,,0.8008,0.8236,,18,26,,OFF
1790639640.7267287,8,213,1,state-aware,2,2,,0.9925,0.9942,,0.8159,0.8473,,15,23,,OFF
1790639641.6964908,3,239,1,state-aware,2,2,,0.9925,0.9933,,0.8461,0.9053,,15,24,,OFF
1790639644.9848926,6,239,1,state-aware,2,2,,0.9915,0.9932,,0.8987,0.8997,,15,25,,OFF
1790639645.0754335,10,237,1,state-aware,2,1,,0.9914,0.9937,,0.8567,0.8166,,16,25,,OFF
1790639646.5394306,2,217,1,state-aware,2,2,,0.9916,0.9942,,0.7757,0.8253,,16,26,,OFF
1790639648.6065557,5,237,1,state-aware,2,2,,0.9857,0.9904,,0.7955,0.8326,,15,26,,OFF
1790639650.2070246,4,235,1,state-aware,2,2,,0.9901,0.9882,,0.7986,0.8313,,15,24,,OFF
1790639652.7048016,1,238,0,state-aware,2,1,,0.9933,0.9925,,0.8581,0.846,,16,23,,OFF
1790639652.705895,9,216,0,state-aware,2,1,,0.9676,0.003,,0.8838,0.0692,,17,23,,OFF
1790639653.7081306,7,234,0,state-aware,2,2,,0.9932,0.9883,,0.8466,0.857,,17,24,,OFF
1790639654.397912,8,214,1,state-aware,2,2,,0.9925,0.9937,,0.8159,0.8401,,17,25,,OFF
1790639654.636382,3,240,1,state-aware,2,2,,0.9921,0.9939,,0.8458,0.915,,17,26,,OFF
1790639658.812972,6,240,1,state-aware,2,2,,0.9932,0.9942,,0.8998,0.9057,,16,26,,ON
1790639660.654581,2,218,1,state-aware,2,2,,0.3837,0.9925,,0.3958,0.8337,,15,27,,UNKNOWN
1790639661.175425,10,238,1,state-aware,2,2,,0.9914,0.9932,,0.7756,0.8163,,15,28,,UNKNOWN
1790639663.0192537,5,238,1,state-aware,2,2,,0.9926,0.9938,,0.8004,0.851,,15,27,,OFF
1790639663.613765,4,236,1,state-aware,2,1,,0.3945,0.0,,0.3732,0.3541,,16,27,,OFF
1790639664.1218915,1,239,1,state-aware,2,2,,0.9923,0.9806,,0.7762,0.8376,,16,28,,OFF
1790639664.768768,7,235,1,state-aware,2,1,,0.9915,0.9933,,0.8453,0.7738,,17,28,,OFF
1790639668.5407634,8,215,1,state-aware,2,2,,0.0,0.0,,0.2645,0.2965,,16,26,,OFF
1790639669.7163954,9,217,0,state-aware,2,1,,0.9913,0.8951,,0.8153,0.8126,,17,24,,OFF
1790639673.2808387,6,241,1,state-aware,2,2,,0.9938,0.9944,,0.9001,0.9153,,16,25,,OFF
1790639674.0740423,2,219,1,state-aware,2,2,,0.9941,0.9941,,0.7773,0.8511,,16,26,,OFF
1790639674.4065452,10,239,1,state-aware,2,2,,0.9925,0.9937,,0.7763,0.8349,,16,27,,OFF
1790639674.7189674,3,241,0,state-aware,2,2,,0.9925,0.9938,,0.8461,0.9257,,16,28,,OFF
1790639676.7604344,5,239,1,state-aware,2,2,,0.9925,0.9901,,0.8004,0.8681,,15,28,,OFF
1790639677.5806677,1,240,1,state-aware,2,2,,0.9916,0.9915,,0.7757,0.8387,,14,29,,OFF
1790639678.1720233,4,237,1,state-aware,2,2,,0.9925,0.9926,,0.7913,0.8504,,14,30,,OFF
1790639678.6648862,9,218,1,state-aware,2,2,,0.0,0.5474,,0.2381,0.5229,,14,31,,OFF
1790639681.6509151,8,216,1,state-aware,2,2,,0.9937,0.9943,,0.8166,0.8641,,13,30,,OFF
1790639684.723945,7,236,0,state-aware,2,1,,0.9925,0.9932,,0.8393,0.7737,,13,28,,OFF
1790639685.111483,3,242,1,state-aware,2,1,,0.9925,0.9938,,0.8461,0.8196,,13,28,,OFF
1790639687.0650256,2,220,1,state-aware,2,2,,0.9937,0.9938,,0.7771,0.8698,,13,29,,OFF
1790639687.872576,10,240,1,state-aware,2,2,,0.9944,0.9933,,0.7775,0.8556,,13,30,,OFF
1790639688.7195885,6,242,1,state-aware,2,1,,0.9936,0.9932,,0.9,0.8163,,14,29,,OFF
1790639689.7307024,5,240,1,state-aware,2,2,,0.9916,0.9926,,0.7997,0.888,,14,30,,OFF
1790639690.5905044,1,241,1,state-aware,2,2,,0.9938,0.9925,,0.7771,0.8479,,14,31,,OFF
1790639692.1024065,4,238,1,state-aware,2,2,,0.9925,0.9925,,0.7913,0.8692,,11,31,,OFF
1790639693.1182132,9,219,1,state-aware,2,2,,0.9932,0.9916,,0.7347,0.8568,,11,32,,OFF
1790639694.7851205,7,237,1,state-aware,2,2,,0.9925,0.9925,,0.759,0.7734,,9,33,,OFF
1790639695.4699826,8,217,1,state-aware,2,2,,0.9933,0.9938,,0.8164,0.881,,9,33,,OFF
1790639698.871143,3,243,1,state-aware,2,1,,0.9901,0.9938,,0.8378,0.8196,,10,32,,OFF
1790639700.5240176,10,241,1,state-aware,2,2,,0.9937,0.9943,,0.7771,0.8767,,10,33,,OFF
1790639701.1036575,2,221,1,state-aware,2,2,,0.9901,0.9916,,0.7748,0.8875,,10,33,,OFF
1790639702.729614,5,241,1,state-aware,2,2,,0.9915,0.9915,,0.7997,0.9048,,10,33,,OFF
1790639704.8013449,1,242,1,state-aware,2,2,,0.9326,0.9925,,0.7389,0.8631,,10,34,,OFF
1790639705.5028465,4,239,1,state-aware,2,2,,0.9913,0.9914,,0.7905,0.8875,,9,34,,OFF
1790639707.5334892,9,220,1,state-aware,2,1,,0.9925,0.4307,,0.7343,0.5002,,10,33,,ON
1790639708.5780478,8,218,1,state-aware,2,2,,0.9942,0.9925,,0.8169,0.8975,,10,34,,ON
1790639709.738592,6,243,0,state-aware,2,1,,0.9936,0.9821,,0.8165,0.8113,,11,33,,ON
1790639712.4661877,3,244,1,state-aware,2,2,,0.0,0.0174,,0.2965,0.4128,,11,33,,UNKNOWN
1790639713.7422264,7,238,0,state-aware,2,2,,0.9925,0.9932,,0.759,0.8024,,9,33,,OFF
1790639715.4486413,10,242,1,state-aware,2,2,,0.9915,0.9942,,0.7757,0.8957,,9,32,,OFF
1790639715.874163,2,222,1,state-aware,2,2,,0.9925,0.9942,,0.7763,0.9058,,9,33,,OFF
1790639717.184518,5,242,1,state-aware,2,2,,0.9925,0.9901,,0.8004,0.9196,,9,34,,OFF
1790639718.3154325,1,243,1,state-aware,2,2,,0.9939,0.9901,,0.7772,0.8793,,9,35,,OFF
1790639719.54423,4,240,1,state-aware,2,2,,0.9882,0.9901,,0.7886,0.9042,,9,35,,OFF
1790639720.6521769,6,244,1,state-aware,2,2,,0.9938,0.9933,,0.735,0.8164,,9,36,,OFF
1790639722.9034214,9,221,1,state-aware,2,2,,0.9925,0.9932,,0.6589,0.8518,,9,35,,OFF
1790639724.2404926,7,239,1,state-aware,2,1,,0.9942,0.994,,0.76,0.7144,,9,33,,OFF
1790639726.4200094,3,245,1,state-aware,2,1,,0.9915,0.9933,,0.8474,0.8474,,9,33,,OFF
1790639728.1449409,10,243,1,state-aware,2,2,,0.9914,0.9939,,0.7756,0.9125,,9,34,,OFF
1790639729.4866836,2,223,1,state-aware,2,2,,0.9925,0.9933,,0.7763,0.9207,,9,34,,OFF
1790639729.749553,8,219,0,state-aware,2,1,,0.9933,0.9941,,0.8164,0.7908,,9,34,,OFF
1790639731.1090453,1,244,1,state-aware,2,2,,0.9933,0.9901,,0.7768,0.8965,,9,35,,OFF
1790639732.9673998,4,241,1,state-aware,2,2,,0.899,0.9358,,0.7329,0.9002,,9,36,,OFF
1790639733.1464355,5,243,1,state-aware,2,1,,0.9932,0.9932,,0.8009,0.8006,,10,36,,OFF
1790639734.999209,6,245,1,state-aware,2,2,,0.9899,0.9942,,0.733,0.8431,,10,33,,OFF
1790639736.8663383,9,222,1,state-aware,2,2,,0.0,0.5035,,0.2078,0.5876,,10,33,,OFF
1790639740.513819,8,220,1,state-aware,2,2,,0.9938,0.9933,,0.735,0.7905,,10,31,,OFF
1790639741.4910119,10,244,1,state-aware,2,2,,0.99,0.9938,,0.7748,0.9272,,10,32,,OFF
1790639741.967434,3,246,1,state-aware,2,2,,0.9925,0.9938,,0.7631,0.8475,,10,32,,OFF
1790639742.4668758,2,224,1,state-aware,2,2,,0.9925,0.9916,,0.7763,0.9334,,10,33,,OFF
1790639742.7672966,7,240,0,state-aware,2,1,,0.9938,0.9915,,0.7838,0.7134,,11,33,,OFF
1790639745.5645032,1,245,1,state-aware,2,2,,0.9933,0.9915,,0.7768,0.9128,,9,34,,OFF
1790639748.1137218,6,246,1,state-aware,2,2,,0.9937,0.9942,,0.7349,0.8674,,9,33,,OFF
1790639748.4340153,4,242,1,state-aware,2,2,,0.9912,0.9913,,0.7905,0.8,,9,34,,OFF
1790639749.269639,5,244,1,state-aware,2,2,,0.9939,0.9925,,0.7172,0.8004,,8,35,,OFF
1790639750.2833657,9,223,1,state-aware,2,2,,0.9925,0.9932,,0.6589,0.8737,,8,35,,OFF
1790639753.0164607,8,221,1,state-aware,2,2,,0.0,0.2881,,0.2381,0.5728,,8,34,,OFF
1790639754.8758638,10,245,1,state-aware,2,2,,0.9912,0.9942,,0.7755,0.9398,,8,33,,OFF
1790639755.898199,3,247,1,state-aware,2,2,,0.9944,0.9944,,0.7641,0.8726,,8,33,,OFF
1790639756.5156755,2,225,1,state-aware,2,2,,0.9942,0.9933,,0.7774,0.9453,,8,34,,OFF
1790639758.3774211,1,246,1,state-aware,2,2,,0.9943,0.9913,,0.7775,0.9268,,8,35,,OFF
1790639758.788092,7,241,0,state-aware,2,2,,0.9901,0.9914,,0.7004,0.7133,,8,36,,OFF
1790639762.4432957,4,243,1,state-aware,2,2,,0.0,0.0,,0.171,0.5249,,7,35,,ON
1790639763.9674432,9,224,1,state-aware,2,2,,0.9925,0.9605,,0.6589,0.8748,,7,35,,UNKNOWN
1790639767.865502,8,222,1,state-aware,2,1,,0.9932,0.9932,,0.7347,0.7209,,7,33,,OFF
1790639768.8091445,5,245,0,state-aware,2,2,,0.0,0.8392,,0.096,0.7871,,7,33,,OFF
1790639768.9044878,10,246,1,state-aware,2,2,,0.9914,0.9926,,0.7756,0.9499,,7,34,,OFF
1790639769.502842,2,226,1,state-aware,2,2,,0.9932,0.9926,,0.7767,0.9546,,7,35,,OFF
1790639772.3834884,1,247,1,state-aware,2,2,,0.9944,0.9933,,0.7775,0.9396,,6,36,,OFF
1790639775.4549036,4,244,1,state-aware,2,2,,0.9922,0.9924,,0.7911,0.8642,,6,34,,OFF
1790639775.8144453,7,242,0,state-aware,2,2,,0.0032,0.0,,0.2518,0.2534,,6,35,,OFF
1790639775.815285,3,248,0,state-aware,2,2,,0.9942,0.9933,,0.764,0.8937,,6,36,,OFF
1790639777.7257895,9,225,1,state-aware,2,2,,0.9931,0.9931,,0.6592,0.9054,,6,35,,OFF
1790639778.9390016,5,246,1,state-aware,2,2,,0.9922,0.9924,,0.7161,0.723,,6,35,,OFF
1790639779.3753257,6,248,1,state-aware,2,2,,0.9915,0.9938,,0.7338,0.8672,,6,36,,OFF
1790639782.1006613,10,247,1,state-aware,2,1,,0.9914,0.0,,0.7756,0.683,,7,34,,OFF
1790639782.5248866,2,227,1,state-aware,2,2,,0.19,0.9938,,0.2747,0.9629,,7,35,,OFF
1790639821.517085,4,247,1,ewma,2,1,,0.9899,0.9933,,0.5,0.5,,1,0,,OFF
1790639822.7759235,9,228,1,ewma,2,1,,0.9933,0.9915,,0.5,0.5,,2,0,,OFF
1790639824.6969097,6,251,1,ewma,2,1,,0.9937,0.9944,,0.5,0.5,,3,0,,OFF
1790639825.5158513,2,230,1,ewma,2,1,,0.9914,0.9923,,0.5,0.5,,4,0,,OFF
1790639827.058342,5,249,1,ewma,2,2,,0.9933,0.9915,,0.5,0.5,,4,1,,OFF
1790639829.9285433,8,226,1,ewma,2,1,,0.9937,0.9937,,0.5,0.5,,5,1,,OFF
1790639830.8493843,3,252,1,ewma,2,2,,0.9938,0.9938,,0.5,0.5,,5,2,,OFF
1790639832.0687635,1,251,1,ewma,2,1,,0.9938,0.9923,,0.5,0.5,,6,2,,OFF
1790639833.2652974,10,250,0,ewma,2,1,,0.9899,0.9908,,0.5,0.5,,7,2,,OFF
1790639833.3383117,7,246,1,ewma,2,2,,0.99,0.9901,,0.5,0.5,,7,3,,OFF
1790639835.763824,4,248,1,ewma,2,1,,0.9916,0.9914,,0.6,0.5,,8,3,,OFF
1790639836.5924907,9,229,1,ewma,2,1,,0.9924,0.9925,,0.6,0.5,,9,3,,OFF
1790639838.6332104,6,252,1,ewma,2,1,,0.9931,0.9943,,0.6,0.5,,10,3,,OFF
1790639839.449287,2,231,1,ewma,2,1,,0.9915,0.9925,,0.6,0.5,,11,3,,OFF
1790639840.9869583,5,250,1,ewma,2,2,,0.9942,0.9942,,0.5,0.6,,11,4,,OFF
1790639842.4165761,8,227,1,ewma,2,1,,0.9884,0.9875,,0.6,0.5,,12,4,,OFF
1790639843.82583,3,253,1,ewma,2,2,,0.9933,0.9932,,0.5,0.6,,12,5,,OFF
1790639845.3758466,1,252,1,ewma,2,1,,0.9925,0.9899,,0.6,0.5,,13,5,,OFF
1790639847.268062,10,251,0,ewma,2,2,,0.9925,0.9914,,0.4,0.5,,13,6,,OFF
1790639847.8364098,7,247,1,ewma,2,1,,0.9943,0.9923,,0.5,0.4,,14,6,,OFF
1790639849.488179,9,230,1,ewma,2,1,,0.9932,0.0,,0.68,0.5,,15,6,,OFF
1790639849.99034,4,249,1,ewma,2,1,,0.9937,0.9924,,0.68,0.5,,16,6,,OFF
1790639851.335526,6,253,1,ewma,2,1,,0.9915,0.9926,,0.68,0.5,,17,6,,OFF
1790639853.0618844,2,232,1,ewma,2,1,,0.9925,0.9933,,0.68,0.5,,18,6,,OFF
1790639853.7887828,5,251,1,ewma,2,2,,0.9944,0.9933,,0.5,0.68,,18,7,,OFF
1790639854.913126,8,228,1,ewma,2,1,,0.9925,0.9933,,0.68,0.5,,19,7,,OFF
1790639857.1635342,10,252,1,ewma,2,1,,0.9932,0.9942,,0.4,0.4,,20,7,,OFF
1790639857.583006,3,254,1,ewma,2,2,,0.9933,0.9933,,0.5,0.68,,20,8,,OFF
1790639859.7301145,1,253,1,ewma,2,1,,0.9925,0.9914,,0.68,0.5,,21,8,,OFF
1790639860.724281,7,248,1,ewma,2,1,,0.9938,0.9915,,0.6,0.4,,22,8,,OFF
1790639862.0932043,9,231,1,ewma,2,1,,0.9916,0.9901,,0.744,0.5,,23,8,,ON
1790639864.3456154,4,250,1,ewma,2,1,,0.9923,0.9931,,0.744,0.5,,24,8,,ON
1790639865.658733,6,254,1,ewma,2,1,,0.9915,0.9915,,0.744,0.5,,25,8,,UNKNOWN
1790639867.1103437,2,233,1,ewma,2,1,,0.9925,0.9933,,0.744,0.5,,26,8,,OFF
1790639867.8055165,8,229,1,ewma,2,1,,0.9938,0.9925,,0.744,0.5,,27,8,,OFF
1790639869.6671524,5,252,1,ewma,2,2,,0.9942,0.9943,,0.5,0.544,,27,9,,OFF
1790639871.8079066,3,255,1,ewma,2,2,,0.9901,0.9901,,0.5,0.744,,27,10,,OFF
1790639872.4273014,10,253,1,ewma,2,2,,0.8535,0.8689,,0.32,0.4,,27,11,,OFF
1790639874.3615577,7,249,1,ewma,2,1,,0.9942,0.9931,,0.68,0.4,,28,11,,OFF
1790639876.0052967,9,232,1,ewma,2,1,,0.9936,0.9924,,0.7952,0.5,,29,11,,OFF
1790639877.281761,1,254,0,ewma,2,1,,0.9933,0.9881,,0.744,0.5,,30,11,,OFF
1790639877.5527415,4,251,1,ewma,2,1,,0.9914,0.9915,,0.7952,0.5,,31,11,,OFF
1790639879.798984,2,234,1,ewma,2,1,,0.9914,0.9914,,0.7952,0.5,,32,11,,OFF
1790639880.3076508,6,255,1,ewma,2,1,,0.9933,0.9915,,0.7952,0.5,,33,11,,OFF
1790639881.2508764,8,230,1,ewma,2,1,,0.9944,0.9944,,0.7952,0.5,,34,11,,OFF
1790639882.8992405,5,253,1,ewma,2,2,,0.9942,0.9939,,0.5,0.6352,,32,12,,OFF
1790639884.391458,3,256,1,ewma,2,2,,0.9932,0.9933,,0.5,0.7952,,32,13,,OFF
1790639886.6856368,10,254,1,ewma,2,2,,0.9925,0.9933,,0.32,0.52,,30,14,,OFF
1790639887.5508435,1,255,1,ewma,2,1,,0.9938,0.9925,,0.5952,0.5,,31,13,,OFF
1790639888.5985205,7,250,1,ewma,2,1,,0.9938,0.9925,,0.744,0.4,,32,13,,OFF
1790639890.0374274,9,233,1,ewma,2,1,,0.9925,0.9925,,0.8362,0.5,,32,13,,OFF
1790639893.7163193,6,256,1,ewma,2,1,,0.8792,0.9876,,0.8362,0.5,,31,11,,OFF
1790639893.842772,4,252,1,ewma,2,1,,0.3565,0.9915,,0.6362,0.5,,32,11,,OFF
1790639895.4621336,5,254,1,ewma,2,2,,0.9939,0.9933,,0.5,0.7082,,32,12,,OFF
1790639897.4179444,3,257,1,ewma,2,2,,0.9925,0.9924,,0.5,0.8362,,30,13,,OFF
1790639898.2908545,2,235,0,ewma,2,1,,0.9925,0.9881,,0.8362,0.5,,31,13,,OFF
1790639899.2932465,8,231,0,ewma,2,1,,0.9933,0.8943,,0.8362,0.5,,31,13,,OFF
1790639900.17409,10,255,1,ewma,2,2,,0.9881,0.9916,,0.32,0.616,,30,14,,OFF
1790639901.116708,1,256,1,ewma,2,1,,0.9933,0.9899,,0.6762,0.5,,31,13,,OFF
1790639901.8439527,7,251,1,ewma,2,1,,0.9938,0.9925,,0.7952,0.4,,32,13,,OFF
1790639905.3131814,9,234,1,ewma,2,1,,0.9933,0.9925,,0.6689,0.5,,32,12,,OFF
1790639907.3341606,6,257,1,ewma,2,1,,0.9925,0.9938,,0.8689,0.5,,32,11,,OFF
1790639909.3034053,2,236,1,ewma,2,1,,0.9933,0.9914,,0.6689,0.5,,32,11,,OFF
1790639910.1231937,4,253,1,ewma,2,1,,0.8689,0.8689,,0.5089,0.5,,31,11,,OFF
1790639911.2332783,3,258,1,ewma,2,2,,0.9942,0.9925,,0.5,0.8689,,31,12,,OFF
1790639913.693011,10,256,1,ewma,2,2,,0.9925,0.9925,,0.32,0.6928,,29,13,,ON
1790639913.9967494,1,257,1,ewma,2,1,,0.9937,0.991,,0.7409,0.5,,30,12,,ON
1790639914.3060353,5,255,0,ewma,2,2,,0.9926,0.9925,,0.5,0.7665,,30,13,,ON
1790639915.3078427,8,232,0,ewma,2,1,,0.9933,0.9896,,0.6689,0.5,,30,13,,OFF
1790639915.4306686,7,252,1,ewma,2,1,,0.9938,0.9901,,0.8362,0.4,,31,13,,OFF
1790639918.6969917,9,235,1,ewma,2,1,,0.9933,0.9933,,0.7351,0.5,,31,12,,OFF
1790639921.3571916,6,258,1,ewma,2,1,,0.988,0.9925,,0.8951,0.5,,30,12,,OFF
1790639922.388543,2,237,1,ewma,2,1,,0.9914,0.9901,,0.7351,0.5,,30,12,,OFF
1790639923.419629,4,254,1,ewma,2,1,,0.9881,0.9901,,0.6071,0.5,,31,12,,OFF
1790639924.2266643,3,259,1,ewma,2,2,,0.9915,0.9915,,0.5,0.8951,,31,13,,OFF
1790639924.9525075,5,256,1,ewma,2,2,,0.9921,0.8861,,0.5,0.6132,,30,14,,OFF
1790639927.1268606,10,257,1,ewma,2,2,,0.9931,0.9932,,0.32,0.7542,,28,15,,OFF
1790639928.0077074,1,258,1,ewma,2,1,,0.9938,0.9914,,0.7927,0.5,,28,15,,OFF
1790639930.3223815,8,233,0,ewma,2,1,,0.9938,0.9896,,0.5351,0.5,,29,14,,OFF
1790639931.20222,7,253,1,ewma,2,1,,0.9915,0.9915,,0.6689,0.4,,30,14,,OFF
1790639932.225847,9,236,1,ewma,2,1,,0.9942,0.9925,,0.7881,0.5,,31,13,,OFF
1790639935.8067033,2,238,1,ewma,2,1,,0.9915,0.9916,,0.7881,0.5,,31,12,,OFF
1790639936.6219883,4,255,1,ewma,2,1,,0.9925,0.9914,,0.6857,0.5,,31,12,,OFF
1790639937.0336335,6,259,1,ewma,2,1,,0.9925,0.9915,,0.7161,0.5,,32,12,,OFF
1790639937.6544423,5,257,1,ewma,2,2,,0.9924,0.9942,,0.5,0.6906,,30,13,,OFF
1790639938.093728,3,260,1,ewma,2,2,,0.9925,0.9925,,0.5,0.9161,,30,14,,OFF
1790639940.708451,10,258,1,ewma,2,2,,0.9913,0.9932,,0.32,0.8034,,28,15,,OFF
1790639941.2276762,8,234,1,ewma,2,2,,0.9914,0.9925,,0.4281,0.5,,28,16,,OFF
1790639942.7719812,1,259,1,ewma,2,1,,0.9931,0.9923,,0.6342,0.5,,28,16,,OFF
1790639944.9439552,7,254,1,ewma,2,1,,0.9915,0.9938,,0.7351,0.4,,29,14,,OFF
1790639945.878386,9,237,1,ewma,2,1,,0.9939,0.9915,,0.8305,0.5,,30,14,,OFF
1790639948.4978142,2,239,1,ewma,2,1,,0.9933,0.9937,,0.8305,0.5,,30,13,,OFF
1790639950.9976761,5,258,1,ewma,2,2,,0.0008,0.0,,0.5,0.7525,,28,14,,OFF
1790639951.478509,3,261,1,ewma,2,2,,0.9925,0.9937,,0.5,0.9329,,28,15,,OFF
1790639953.0563025,6,260,1,ewma,2,1,,0.9932,0.9932,,0.5729,0.5,,29,15,,OFF
1790639954.0447948,8,235,1,ewma,2,2,,0.9924,0.9943,,0.4281,0.6,,27,16,,OFF
1790639955.3644636,10,259,1,ewma,2,2,,0.0,0.0,,0.32,0.8427,,27,17,,OFF
1790639955.8716607,1,260,1,ewma,2,1,,0.9933,0.9914,,0.7074,0.5,,28,16,,OFF
1790639956.3330646,4,256,0,ewma,2,1,,0.9901,0.9925,,0.7486,0.5,,29,16,,OFF
1790639957.9471953,7,255,1,ewma,2,1,,0.9938,0.9937,,0.7881,0.4,,30,15,,OFF
1790639959.4968626,9,238,1,ewma,2,1,,0.9933,0.9901,,0.8644,0.5,,29,15,,OFF
1790639962.549983,2,240,1,ewma,2,1,,0.9933,0.9915,,0.8644,0.5,,28,14,,UNKNOWN
1790639964.4836342,5,259,1,ewma,2,2,,0.9925,0.9942,,0.5,0.802,,28,15,,OFF
1790639965.3069022,3,262,1,ewma,2,2,,0.99,0.9925,,0.5,0.9463,,28,16,,OFF
1790639965.9288697,6,261,1,ewma,2,1,,0.994,0.9924,,0.6583,0.5,,28,16,,OFF
1790639966.736909,4,257,1,ewma,2,1,,0.9932,0.9937,,0.5989,0.5,,29,16,,OFF
1790639967.9884098,8,236,1,ewma,2,2,,0.9932,0.9941,,0.4281,0.68,,28,17,,OFF
1790639969.6233845,1,261,1,ewma,2,1,,0.0,0.0,,0.7659,0.5,,28,17,,OFF
1790639970.7270608,7,256,1,ewma,2,1,,0.9914,0.9925,,0.8305,0.4,,28,17,,OFF
1790639974.7226808,9,239,1,ewma,2,1,,0.9924,0.9938,,0.6915,0.5,,28,14,,OFF
1790639975.3416338,10,260,0,ewma,2,2,,0.9891,0.989,,0.32,0.8742,,27,15,,OFF
1790639977.1725733,2,241,1,ewma,2,1,,0.9938,0.9901,,0.6915,0.5,,27,15,,OFF
1790639977.7068493,5,260,1,ewma,2,2,,0.9926,0.9939,,0.5,0.8416,,27,16,,OFF
1790639978.391758,3,263,1,ewma,2,2,,0.9925,0.9899,,0.5,0.9571,,27,17,,OFF
1790639980.3686357,6,262,1,ewma,2,1,,0.9933,0.9898,,0.7267,0.5,,27,17,,OFF
1790639981.8166938,8,237,1,ewma,2,2,,0.9933,0.9925,,0.4281,0.744,,26,18,,OFF
1790639983.0332353,1,262,1,ewma,2,1,,0.994,0.9906,,0.8127,0.5,,26,18,,OFF
1790639985.6958525,10,261,1,ewma,2,2,,0.9932,0.9926,,0.32,0.6993,,25,17,,OFF
1790639989.0685546,9,240,1,ewma,2,1,,0.9937,0.9924,,0.7532,0.5,,25,16,,OFF
1790639990.5878015,5,261,1,ewma,2,2,,0.9926,0.9937,,0.5,0.8733,,24,17,,OFF
1790639992.4402378,2,242,1,ewma,2,1,,0.0,0.9914,,0.5532,0.5,,23,17,,OFF
1790639992.8431575,3,264,1,ewma,2,2,,0.9926,0.9926,,0.5,0.9656,,23,18,,OFF
1790639995.2365057,8,238,1,ewma,2,2,,0.9914,0.9915,,0.4281,0.7952,,23,19,,OFF
1790639996.7644982,6,263,1,ewma,2,1,,0.0,0.0,,0.5813,0.5,,22,19,,OFF
1790639998.813967,4,259,1,ewma,2,1,,0.8689,0.0,,0.5989,0.5,,22,17,,OFF
1790639998.897454,10,262,1,ewma,2,2,,0.9915,0.9938,,0.32,0.7595,,22,18,,OFF
1790640001.880744,9,241,1,ewma,2,1,,0.9915,0.9933,,0.8026,0.5,,23,16,,OFF
1790640003.3552377,7,258,0,ewma,2,1,,0.8804,0.8689,,0.8305,0.4,,23,16,,OFF
1790640004.8087194,5,262,1,ewma,2,2,,0.9915,0.9933,,0.5,0.8986,,23,17,,OFF
1790640006.1777263,2,243,1,ewma,2,1,,0.0,0.99,,0.6426,0.5,,22,17,,OFF
1790640006.8710313,3,265,1,ewma,2,2,,0.9925,0.9941,,0.5,0.9725,,22,18,,OFF
1790640009.5652845,8,239,1,ewma,2,2,,0.0029,0.0,,0.4281,0.8362,,21,19,,ON
1790640011.5719588,4,260,1,ewma,2,1,,0.8953,0.0,,0.6791,0.5,,22,17,,ON
1790640012.2155957,10,263,1,ewma,2,2,,0.9913,0.0,,0.32,0.8076,,22,18,,ON
1790640012.497802,1,264,1,ewma,2,1,,0.9916,0.7011,,0.8127,0.5,,23,18,,OFF
1790640014.6534398,7,259,1,ewma,2,1,,0.9938,0.9932,,0.6644,0.4,,23,17,,OFF
1790640015.3607004,6,264,0,ewma,2,1,,0.8887,0.0,,0.6651,0.5,,24,17,,OFF
1790640016.2947638,9,242,1,ewma,2,1,,0.9915,0.9925,,0.8421,0.5,,24,16,,OFF
1790640017.5334623,5,263,1,ewma,2,2,,0.9915,0.9938,,0.5,0.9189,,23,17,,OFF
1790640020.113398,3,266,1,ewma,2,2,,0.9933,0.9942,,0.5,0.978,,21,18,,OFF
1790640022.4700494,2,244,1,ewma,2,1,,0.9815,0.9932,,0.5141,0.5,,22,18,,OFF
1790640023.1772447,8,240,1,ewma,2,2,,0.9938,0.9938,,0.4281,0.8689,,21,19,,OFF
1790640025.0739322,4,261,1,ewma,2,1,,0.5474,0.0,,0.7433,0.5,,22,18,,OFF
1790640026.2456267,1,265,1,ewma,2,1,,0.9933,0.9931,,0.8502,0.5,,22,17,,OFF
1790640027.4723098,7,260,1,ewma,2,1,,0.9938,0.9925,,0.7315,0.4,,22,17,,OFF
1790640030.3754616,6,265,0,ewma,2,1,,0.9872,0.8887,,0.532,0.5,,22,16,,OFF
1790640030.376277,10,264,0,ewma,2,2,,0.9914,0.8333,,0.32,0.8461,,22,17,,OFF
1790640030.9682524,5,264,1,ewma,2,2,,0.8974,0.8689,,0.5,0.9351,,21,18,,OFF
1790640034.0187385,3,267,1,ewma,2,2,,0.9943,0.9943,,0.5,0.9824,,21,19,,OFF
1790640035.9598732,2,245,1,ewma,2,1,,0.9933,0.9933,,0.6112,0.5,,21,18,,OFF
1790640036.3812404,9,243,0,ewma,2,1,,0.9925,0.9925,,0.8736,0.5,,22,18,,OFF
1790640036.7723238,8,241,1,ewma,2,2,,0.9944,0.9933,,0.4281,0.8951,,22,19,,OFF
1790640038.957428,1,266,1,ewma,2,1,,0.0,0.0,,0.8801,0.5,,22,17,,OFF
1790640040.159319,6,266,1,ewma,2,2,,0.9933,0.9942,,0.4256,0.5,,22,18,,OFF
1790640040.7737172,10,265,1,ewma,2,2,,0.9925,0.9942,,0.32,0.6768,,21,19,,OFF
1790640043.8479862,7,261,1,ewma,2,1,,0.9914,0.9915,,0.5852,0.4,,21,18,,OFF
1790640044.3866007,4,262,0,ewma,2,1,,0.9667,0.8333,,0.7946,0.5,,22,18,,OFF
1790640045.066513,5,265,1,ewma,2,2,,0.9938,0.9933,,0.5,0.9481,,22,19,,OFF
1790640046.799564,9,244,1,ewma,2,1,,0.9925,0.9914,,0.6989,0.5,,23,18,,OFF
1790640048.1554902,3,268,1,ewma,2,2,,0.9942,0.9941,,0.5,0.9859,,23,19,,OFF
1790640049.891826,2,246,1,ewma,2,1,,0.0001,0.9855,,0.689,0.5,,23,19,,OFF
1790640052.7611804,1,267,1,ewma,2,1,,0.9933,0.9901,,0.9041,0.5,,23,18,,OFF
1790640053.9074197,4,263,1,ewma,2,1,,0.9932,0.9925,,0.6357,0.5,,24,17,,OFF
1790640093.6922565,9,247,1,state-aware,3,1,,0.9938,0.9925,,0.9938,0.9925,,1,0,,OFF
1790640095.1576025,2,249,1,state-aware,3,2,,0.9932,0.9932,,0.9932,0.9932,,1,1,,OFF
1790640096.9880512,8,245,1,state-aware,3,2,,0.9925,0.9932,,0.9925,0.9932,,1,2,,OFF
1790640097.5019202,1,270,1,state-aware,3,2,,0.9902,0.9926,,0.9902,0.9926,,1,3,,OFF
1790640099.352204,4,266,1,state-aware,3,2,,0.9901,0.9915,,0.9901,0.9915,,1,4,,OFF
1790640100.0731719,10,269,1,state-aware,3,2,,0.9925,0.9925,,0.9925,0.9925,,1,5,,OFF
1790640103.037679,6,270,1,state-aware,3,2,,0.9899,0.9925,,0.9899,0.9925,,1,6,,OFF
1790640106.4221992,3,272,1,state-aware,3,2,,0.0058,0.9138,,0.0058,0.9138,,1,7,,OFF
1790640106.916648,5,269,1,state-aware,3,2,,0.9891,0.9901,,0.9891,0.9901,,1,8,,OFF
1790640108.655839,9,248,1,state-aware,3,2,,0.9933,0.9925,,0.8944,0.9925,,1,9,,OFF
1790640109.1696196,2,250,1,state-aware,3,1,,0.9938,0.9937,,0.9938,0.9281,,2,9,,OFF
1790640110.2261453,1,271,1,state-aware,3,1,,0.9933,0.9914,,0.9933,0.9261,,3,9,,OFF
1790640110.6103117,8,246,1,state-aware,3,1,,0.9915,0.9925,,0.9915,0.9271,,4,9,,OFF
1790640113.709549,4,267,1,state-aware,3,1,,0.99,0.99,,0.99,0.925,,5,9,,OFF
1790640114.187005,10,270,1,state-aware,3,1,,0.9915,0.9939,,0.9915,0.9282,,6,9,,OFF
1790640116.7541366,6,271,1,state-aware,3,1,,0.99,0.9881,,0.99,0.9234,,7,9,,OFF
1790640120.3540184,3,273,1,state-aware,3,1,,0.9926,0.9925,,0.9926,0.9271,,8,9,,ON
1790640120.8511024,5,270,1,state-aware,3,1,,0.9915,0.9914,,0.9915,0.9261,,9,9,,ON
1790640122.07908,2,251,1,state-aware,3,2,,0.9915,0.9933,,0.9262,0.9277,,9,10,,ON
1790640123.1964593,7,266,1,state-aware,3,2,,0.8887,0.9862,,0.8887,0.9862,,9,11,,UNKNOWN
1790640125.4462137,8,247,1,state-aware,3,2,,0.9901,0.9925,,0.8918,0.9271,,9,12,,OFF
1790640125.8846738,1,272,1,state-aware,3,2,,0.9937,0.9924,,0.8947,0.927,,9,13,,OFF
1790640128.2269614,4,268,1,state-aware,3,2,,0.0016,0.0,,0.068,0.1,,9,14,,OFF
1790640132.621903,6,272,1,state-aware,3,2,,0.9932,0.9915,,0.8943,0.9262,,9,15,,OFF
1790640133.048366,3,274,1,state-aware,3,2,,0.99,0.9938,,0.925,0.9282,,9,16,,OFF
1790640133.9819138,10,271,0,state-aware,3,1,,0.9916,0.9915,,0.9263,0.9263,,10,16,,OFF
1790640134.2694452,5,271,1,state-aware,3,1,,0.9941,0.9938,,0.9284,0.9282,,11,16,,OFF
1790640134.992973,2,252,1,state-aware,3,1,,0.9925,0.9933,,0.9271,0.9038,,12,16,,OFF
1790640137.768549,9,250,1,state-aware,3,2,,0.0,0.8733,,0.0667,0.8733,,12,17,,OFF
1790640138.0415993,8,248,1,state-aware,3,2,,0.9522,0.9875,,0.8602,0.8996,,12,18,,OFF
1790640138.8735027,1,273,1,state-aware,3,2,,0.9925,0.9925,,0.8937,0.9032,,12,19,,OFF
1790640141.8369946,4,269,1,state-aware,3,2,,0.9914,0.9914,,0.8929,0.9024,,12,20,,OFF
1790640144.3146312,10,272,1,state-aware,3,2,,0.9925,0.9937,,0.846,0.9281,,12,21,,OFF
1790640146.3502033,6,273,1,state-aware,3,2,,0.9926,0.9901,,0.8938,0.9015,,12,22,,OFF
1790640147.4607368,3,275,1,state-aware,3,1,,0.9925,0.9939,,0.9271,0.9042,,13,22,,OFF
1790640149.5100362,5,272,1,state-aware,3,2,,0.9938,0.9933,,0.847,0.9278,,13,23,,OFF
1790640151.1865423,2,253,1,state-aware,3,2,,0.9933,0.9926,,0.8467,0.9033,,13,24,,OFF
1790640151.6920362,9,251,1,state-aware,3,2,,0.9941,0.9925,,0.8951,0.9271,,13,25,,OFF
1790640152.3699622,1,274,1,state-aware,3,2,,0.037,0.9763,,0.0975,0.8892,,13,26,,OFF
1790640155.668303,4,270,1,state-aware,3,2,,0.9942,0.9914,,0.8951,0.8986,,12,26,,OFF
1790640155.9985454,8,249,0,state-aware,3,2,,0.0,0.7026,,0.0667,0.7181,,12,27,,OFF
1790640157.615457,10,273,1,state-aware,3,2,,0.9924,0.9925,,0.846,0.9032,,12,26,,OFF
1790640158.000658,7,268,0,state-aware,3,2,,0.9451,0.9911,,0.9451,0.9911,,12,27,,OFF
1790640161.704185,6,274,1,state-aware,3,1,,0.9925,0.9933,,0.8937,0.8248,,13,25,,OFF
1790640162.5254924,3,276,1,state-aware,3,2,,0.9914,0.9933,,0.8453,0.9038,,13,26,,OFF
1790640163.8454375,5,273,1,state-aware,3,2,,0.9942,0.9933,,0.8473,0.9038,,13,26,,OFF
1790640164.613039,9,252,1,state-aware,3,2,,0.9933,0.9925,,0.8944,0.9032,,13,27,,OFF
1790640165.410591,1,275,1,state-aware,3,2,,0.9933,0.9925,,0.8944,0.9048,,13,28,,OFF
1790640166.3193684,8,250,1,state-aware,3,1,,0.9914,0.9925,,0.8929,0.8159,,14,28,,OFF
1790640168.3609843,7,269,1,state-aware,3,1,,0.9932,0.9942,,0.9932,0.8951,,15,26,,OFF
1790640168.9665985,4,271,1,state-aware,3,2,,0.9938,0.9899,,0.8949,0.9034,,15,26,,OFF
1790640171.0536833,10,274,1,state-aware,3,2,,0.9915,0.9914,,0.8453,0.8986,,12,27,,ON
1790640175.1375618,6,275,1,state-aware,3,1,,0.9901,0.9902,,0.8558,0.8229,,11,27,,OFF
1790640178.0213304,5,274,1,state-aware,3,2,,0.9902,0.9925,,0.8444,0.8993,,10,28,,OFF
1790640178.601226,9,253,1,state-aware,3,2,,0.0,0.0,,0.0667,0.279,,10,29,,OFF
1790640179.1385713,8,251,1,state-aware,3,1,,0.9932,0.9944,,0.858,0.817,,11,29,,OFF
1790640181.1748972,7,270,1,state-aware,3,2,,0.0,0.9942,,0.1,0.8951,,9,30,,OFF
1790640182.2798808,4,272,1,state-aware,3,2,,0.9914,0.9914,,0.8929,0.9138,,9,30,,OFF
1790640184.0242143,3,277,0,state-aware,3,1,,0.9901,0.9937,,0.8444,0.8251,,10,29,,OFF
1790640185.026028,1,276,0,state-aware,3,2,,0.9926,0.9925,,0.8938,0.9143,,10,30,,OFF
1790640185.154999,10,275,1,state-aware,3,2,,0.9925,0.9941,,0.8461,0.9057,,10,31,,OFF
1790640188.8307343,6,276,1,state-aware,3,1,,0.9913,0.9925,,0.8506,0.8243,,11,28,,OFF
1790640191.8114417,5,275,1,state-aware,3,1,,0.9902,0.0,,0.8444,0.3534,,12,28,,OFF
1790640192.1371238,8,252,1,state-aware,3,1,,0.9937,0.9942,,0.8521,0.8168,,13,28,,OFF
1790640192.629853,3,278,1,state-aware,3,2,,0.9933,0.9942,,0.7648,0.8254,,13,28,,OFF
1790640194.7810624,1,277,1,state-aware,3,2,,0.0,0.1638,,0.0667,0.4393,,11,28,,OFF
1790640195.305304,4,273,1,state-aware,3,2,,0.9848,0.9802,,0.8873,0.9195,,10,29,,OFF
1790640196.344072,2,256,1,state-aware,3,2,,0.9933,0.9901,,0.8466,0.9015,,10,30,,OFF
1790640197.0310183,9,254,0,state-aware,3,2,,0.8535,0.8689,,0.7779,0.8361,,10,31,,OFF
1790640201.1456227,10,276,1,state-aware,3,1,,0.9925,0.9933,,0.846,0.8147,,11,28,,OFF
1790640203.8096738,6,277,1,state-aware,3,2,,0.9924,0.9932,,0.7704,0.8247,,11,28,,OFF
1790640205.8358917,3,279,1,state-aware,3,2,,0.9914,0.9938,,0.7636,0.8344,,11,28,,OFF
1790640207.4769244,8,253,1,state-aware,3,2,,0.9925,0.9938,,0.7704,0.8166,,10,28,,OFF
1790640207.7739973,1,278,1,state-aware,3,1,,0.9914,0.9925,,0.8928,0.8424,,11,28,,OFF
1790640208.4093645,9,255,1,state-aware,3,1,,0.9938,0.9934,,0.8948,0.8148,,12,28,,OFF
1790640209.3484592,4,274,1,state-aware,3,2,,0.9899,0.99,,0.8916,0.9347,,12,29,,OFF
1790640210.2224052,2,257,1,state-aware,3,2,,0.9941,0.9944,,0.8472,0.9005,,12,29,,OFF
1790640211.4115658,7,272,1,state-aware,3,1,,0.9932,0.9933,,0.9277,0.8944,,13,28,,OFF
1790640214.0532773,5,276,0,state-aware,3,2,,0.9932,0.8689,,0.7647,0.8361,,13,27,,OFF
1790640215.5749469,10,277,1,state-aware,3,1,,0.9933,0.9926,,0.8398,0.8144,,14,27,,OFF
1790640216.5911794,6,278,1,state-aware,3,2,,0.9924,0.9925,,0.7704,0.8337,,14,26,,OFF
1790640219.2574127,3,280,1,state-aware,3,2,,0.9925,0.9942,,0.7643,0.8512,,14,25,,OFF
1790640220.7948022,8,254,1,state-aware,3,2,,0.9925,0.9926,,0.7704,0.8344,,14,26,,ON
1790640222.0507119,1,279,1,state-aware,3,1,,0.8497,0.0,,0.7555,0.4288,,14,26,,ON
1790640223.2513125,2,258,1,state-aware,3,2,,0.9941,0.9919,,0.8472,0.9045,,14,26,,OFF
1790640223.664278,4,275,1,state-aware,3,2,,0.9899,0.99,,0.8916,0.9445,,14,27,,OFF
1790640224.4595194,7,273,1,state-aware,3,1,,0.9916,0.9943,,0.9026,0.8953,,15,26,,OFF
1790640228.0591214,9,256,0,state-aware,3,1,,0.9926,0.9902,,0.8576,0.8132,,15,24,,OFF
1790640228.059713,5,277,0,state-aware,3,1,,0.9932,0.1528,,0.7647,0.3945,,16,24,,OFF
1790640229.7420104,10,278,1,state-aware,3,1,,0.9933,0.9915,,0.8483,0.8138,,16,23,,OFF
1790640231.1342406,6,279,1,state-aware,3,2,,0.9899,0.99,,0.769,0.8491,,16,23,,OFF
1790640232.0537333,3,281,1,state-aware,3,2,,0.9925,0.9938,,0.7643,0.8699,,16,24,,OFF
1790640234.962216,1,280,1,state-aware,3,2,,0.8333,0.8333,,0.7518,0.776,,16,25,,OFF
1790640236.7727413,9,257,1,state-aware,3,2,,0.9925,0.9901,,0.7763,0.8131,,15,26,,OFF
1790640237.3926697,7,274,1,state-aware,3,1,,0.9933,0.9938,,0.8998,0.8949,,16,26,,OFF
1790640238.315699,4,276,1,state-aware,3,2,,0.992,0.9914,,0.8933,0.9538,,16,26,,OFF
1790640239.7265785,5,278,1,state-aware,3,2,,0.9915,0.9933,,0.6874,0.8147,,15,26,,OFF
1790640240.0653512,8,255,0,state-aware,3,2,,0.9925,0.9915,,0.7704,0.8548,,15,27,,OFF
1790640243.5580542,10,279,1,state-aware,3,1,,0.9926,0.9925,,0.8632,0.8144,,16,25,,OFF
1790640244.0681021,2,259,0,state-aware,3,1,,0.9883,0.9937,,0.8431,0.8149,,16,25,,OFF
1790640246.3959575,3,282,1,state-aware,3,2,,0.9914,0.9942,,0.7636,0.8886,,16,24,,OFF
1790640247.1054907,6,280,1,state-aware,3,1,,0.9915,0.9915,,0.7699,0.7597,,17,24,,OFF
1790640247.8187833,1,281,1,state-aware,3,2,,0.9931,0.9914,,0.8517,0.8663,,17,25,,OFF
1790640249.3879843,9,258,1,state-aware,3,2,,0.9933,0.9932,,0.7768,0.8381,,16,26,,OFF
1790640250.7121203,7,275,1,state-aware,3,1,,0.9944,0.9944,,0.9058,0.8953,,17,26,,OFF
1790640251.410306,4,277,1,state-aware,3,2,,0.0054,0.9914,,0.0711,0.9613,,17,27,,OFF
1790640251.4110935,8,256,1,state-aware,3,1,,0.9925,0.0,,0.7704,0.3458,,18,27,,OFF
1790640253.5604258,5,279,1,state-aware,3,2,,0.9261,0.9915,,0.651,0.8374,,16,27,,OFF
1790640253.6582181,2,260,1,state-aware,3,2,,0.9913,0.9914,,0.7635,0.8138,,16,28,,OFF
1790640258.4757211,10,280,1,state-aware,3,2,,0.9938,0.9925,,0.7719,0.8144,,16,25,,OFF
1790640260.0552065,3,283,1,state-aware,3,2,,0.9926,0.9938,,0.7644,0.9057,,16,26,,OFF
1790640260.637232,6,281,1,state-aware,3,1,,0.9925,0.9925,,0.7934,0.7602,,17,26,,OFF
1790640261.876198,1,282,1,state-aware,3,2,,0.9924,0.9879,,0.8513,0.8867,,16,27,,OFF
1790640263.8947291,7,276,1,state-aware,3,2,,0.098,0.9942,,0.4671,0.8952,,16,27,,OFF
1790640264.045586,9,259,1,state-aware,3,2,,0.9875,0.9855,,0.7732,0.8581,,16,28,,OFF
1790640265.9493365,4,278,1,state-aware,3,1,,0.9933,0.9881,,0.8944,0.8293,,17,27,,OFF
1790640266.745256,8,257,1,state-aware,3,2,,0.9925,0.9938,,0.6934,0.7598,,17,28,,OFF
1790640267.4764414,2,261,1,state-aware,3,2,,0.0,0.99,,0.144,0.8367,,17,29,,OFF
1790640267.5948265,5,280,1,state-aware,3,2,,0.9901,0.9925,,0.6866,0.861,,17,29,,OFF
1790640271.9923496,10,281,1,state-aware,3,2,,0.9915,0.9944,,0.7709,0.8387,,14,28,,ON
1790640273.2200007,3,284,1,state-aware,3,2,,0.0,0.0056,,0.144,0.568,,14,29,,ON
1790640273.7430866,6,282,1,state-aware,3,1,,0.9925,0.9635,,0.8195,0.747,,15,29,,ON
1790640276.4094915,1,283,1,state-aware,3,2,,0.6089,0.9901,,0.6116,0.9063,,14,29,,UNKNOWN
1790640277.7338283,9,260,1,state-aware,3,2,,0.9925,0.9925,,0.7763,0.8825,,14,29,,UNKNOWN
1790640278.7924623,7,277,1,state-aware,3,1,,0.9924,0.9925,,0.9143,0.8003,,15,29,,OFF
1790640279.7886548,4,279,1,state-aware,3,1,,0.9942,0.9914,,0.8587,0.8303,,16,28,,OFF
1790640281.206869,2,262,1,state-aware,3,2,,0.8689,0.9938,,0.6871,0.8616,,16,28,,OFF
1790640282.6633406,8,258,1,state-aware,3,1,,0.9925,0.9938,,0.6934,0.674,,16,28,,OFF
1790640286.085361,5,281,0,state-aware,3,2,,0.9932,0.9933,,0.6883,0.8828,,15,27,,OFF
1790640286.3088381,10,282,1,state-aware,3,2,,0.9938,0.9933,,0.7719,0.8614,,15,28,,OFF
1790640287.4508162,3,285,1,state-aware,3,2,,0.9916,0.9926,,0.7637,0.9338,,15,29,,OFF
1790640289.0165036,6,283,1,state-aware,3,2,,0.9882,0.9915,,0.7269,0.7597,,13,30,,OFF
1790640290.4173658,1,284,1,state-aware,3,2,,0.9925,0.9924,,0.8513,0.923,,12,31,,OFF
1790640291.7684488,9,261,1,state-aware,3,2,,0.9931,0.9924,,0.7767,0.9015,,12,31,,OFF
1790640293.3046782,4,280,1,state-aware,3,1,,0.9905,0.8333,,0.85,0.7809,,13,30,,OFF
1790640294.857926,2,263,1,state-aware,3,2,,0.9942,0.9933,,0.7653,0.8828,,13,31,,OFF
1790640296.17006,5,282,1,state-aware,3,2,,0.9915,0.9925,,0.6874,0.773,,13,31,,OFF
1790640298.1021826,7,278,0,state-aware,3,1,,0.9941,0.9943,,0.9258,0.8017,,13,30,,OFF
1790640300.6043146,3,286,1,state-aware,3,2,,0.9925,0.9902,,0.7643,0.9443,,13,28,,OFF
1790640301.7982533,6,284,1,state-aware,3,2,,0.9942,0.9925,,0.7294,0.7946,,13,29,,OFF
1790640304.0434291,1,285,1,state-aware,3,2,,0.9938,0.9914,,0.8522,0.9362,,12,30,,OFF
1790640304.1062331,10,283,0,state-aware,3,2,,0.0,0.0,,0.3202,0.5007,,11,31,,OFF
1790640304.7695494,9,262,1,state-aware,3,2,,0.9915,0.9915,,0.7757,0.9177,,11,32,,OFF
1790640305.1083462,8,259,0,state-aware,3,2,,0.9943,0.9942,,0.624,0.6742,,11,33,,OFF
1790640306.315256,4,281,1,state-aware,3,1,,0.9925,0.9913,,0.8593,0.8303,,12,33,,OFF
1790640309.7664058,5,283,1,state-aware,3,2,,0.9942,0.9938,,0.6888,0.8118,,11,31,,OFF
1790640313.1130955,2,264,0,state-aware,3,2,,0.9942,0.9926,,0.7653,0.9015,,9,31,,OFF
1790640313.1137707,7,279,0,state-aware,3,2,,0.0,0.9943,,0.4055,0.8017,,9,32,,OFF
1790640314.4882934,8,260,1,state-aware,3,2,,0.366,0.4917,,0.3384,0.4195,,9,31,,OFF
1790640314.5054214,3,287,1,state-aware,3,2,,0.8965,0.9933,,0.7043,0.9548,,9,32,,OFF
1790640314.7057312,6,285,1,state-aware,3,2,,0.9833,0.9861,,0.7249,0.8239,,9,33,,OFF
1790640315.6403623,10,284,1,state-aware,3,2,,0.9941,0.9925,,0.7721,0.773,,9,34,,OFF
1790640318.4720666,1,286,1,state-aware,3,1,,0.9636,0.055,,0.8333,0.6873,,10,34,,OFF
1790640320.9757063,4,282,1,state-aware,3,2,,0.9923,0.9931,,0.7733,0.8308,,9,33,,OFF
1790640322.5887327,2,265,1,state-aware,3,2,,0.9932,0.9924,,0.7648,0.7847,,9,33,,OFF
1790640324.015902,7,280,1,state-aware,3,1,,0.9938,0.9943,,0.8196,0.7175,,10,32,,OFF
1790640324.1206474,9,263,0,state-aware,3,1,,0.9915,0.0,,0.7757,0.6219,,11,31,,OFF
1790640363.6357908,1,289,1,snr-greedy,3,2,,0.9932,0.9942,,12.75,13.25,,0,1,,OFF
1790640365.0804636,9,266,1,snr-greedy,3,2,,0.9932,0.9933,,12.75,12.75,,0,2,,OFF
1790640368.0359304,2,268,1,snr-greedy,3,1,,0.9937,0.9924,,13.0,12.5,,1,2,,OFF
1790640368.3826768,4,285,1,snr-greedy,3,2,,0.9881,0.99,,11.75,12.0,,1,3,,OFF
1790640373.6025953,7,283,0,snr-greedy,3,2,,0.857,0.8538,,12.25,12.25,,1,4,,ON
1790640373.6857831,5,287,1,snr-greedy,3,2,,0.9925,0.9933,,12.5,12.75,,1,5,,ON
1790640375.3806434,8,264,1,snr-greedy,3,1,,0.9943,0.9941,,13.5,13.25,,2,5,,ON
1790640375.9545329,10,288,1,snr-greedy,3,2,,0.9912,0.9923,,12.25,12.5,,2,6,,ON
1790640376.9494789,6,289,1,snr-greedy,3,2,,0.9,0.0,,-999.0,2.0,,2,7,,OFF
1790640377.9479985,9,267,1,snr-greedy,3,1,,0.9938,0.9915,,13.0,12.25,,3,7,,OFF
1790640381.882845,2,269,1,snr-greedy,3,1,,0.9944,0.9941,,13.5,13.25,,4,7,,OFF
1790640383.3333163,7,284,1,snr-greedy,3,2,,0.99,0.9915,,12.0,12.25,,4,8,,OFF
1790640383.732205,4,286,1,snr-greedy,3,1,,0.9933,0.99,,12.75,12.0,,5,8,,OFF
1790640388.4512465,5,288,1,snr-greedy,3,1,,0.9925,0.9924,,12.5,12.5,,6,8,,OFF
1790640388.72493,8,265,1,snr-greedy,3,1,,0.9932,0.0,,12.75,12.75,,7,8,,OFF
1790640390.3773203,10,289,1,snr-greedy,3,1,,0.9915,0.9914,,12.25,12.25,,8,8,,OFF
1790640391.178877,6,290,1,snr-greedy,3,2,,0.99,0.9915,,12.0,12.25,,8,9,,OFF
1790640392.0410147,3,292,1,snr-greedy,3,1,,0.0,0.9,,2.0,-999.0,,9,9,,OFF
1790640392.0890229,9,268,1,snr-greedy,3,1,,0.9938,0.0055,,13.0,7.5,,10,9,,OFF
1790640393.550318,1,291,1,snr-greedy,3,2,,0.9899,0.9932,,12.0,12.75,,10,10,,OFF
1790640394.781605,2,270,1,snr-greedy,3,2,,0.9926,0.9933,,12.5,12.75,,10,11,,OFF
1790640396.5429235,4,287,1,snr-greedy,3,1,,0.9926,0.9901,,12.5,12.0,,11,11,,OFF
1790640399.928199,7,285,1,snr-greedy,3,2,,0.9916,0.9925,,12.25,12.5,,11,12,,OFF
1790640401.0547237,5,289,1,snr-greedy,3,2,,0.9926,0.9933,,12.5,12.75,,11,13,,OFF
1790640404.5169728,8,266,1,snr-greedy,3,1,,0.9942,0.9932,,13.25,12.75,,12,13,,OFF
1790640405.1219487,10,290,1,snr-greedy,3,1,,0.0,0.0,,4.75,2.0,,13,13,,OFF
1790640405.6327505,6,291,1,snr-greedy,3,2,,0.0,0.0,,0.75,2.5,,13,14,,OFF
1790640406.03487,9,269,1,snr-greedy,3,1,,0.9942,0.9922,,13.25,12.5,,14,14,,OFF
1790640407.887864,1,292,1,snr-greedy,3,1,,0.9842,0.9916,,12.25,12.25,,15,14,,OFF
1790640410.634996,3,293,0,snr-greedy,3,2,,0.0016,0.0537,,7.0,8.5,,15,15,,OFF
1790640412.10777,4,288,1,snr-greedy,3,2,,0.99,0.9924,,12.0,12.5,,15,16,,OFF
1790640412.5986955,7,286,1,snr-greedy,3,2,,0.9898,0.9913,,12.0,12.25,,15,17,,OFF
1790640412.6362488,2,271,0,snr-greedy,3,2,,0.9924,0.9932,,12.5,12.75,,15,18,,OFF
1790640414.5324218,5,290,1,snr-greedy,3,2,,0.9925,0.9938,,12.5,13.0,,15,19,,OFF
1790640418.6628928,10,291,1,snr-greedy,3,2,,0.9937,0.9938,,13.0,13.0,,15,20,,OFF
1790640419.157885,6,292,1,snr-greedy,3,2,,0.8689,0.8887,,12.5,13.0,,15,21,,OFF
1790640419.9730914,9,270,1,snr-greedy,3,1,,0.9925,0.9914,,12.5,12.25,,16,21,,OFF
1790640421.4205616,1,293,1,snr-greedy,3,2,,0.8722,0.8804,,12.5,12.75,,16,22,,OFF
1790640423.7864623,2,272,1,snr-greedy,3,1,,0.9942,0.9933,,13.25,12.75,,17,21,,ON
1790640424.640447,8,267,0,snr-greedy,3,1,,0.0,0.0,,1.0,1.0,,18,21,,ON
1790640425.0202663,4,289,1,snr-greedy,3,1,,0.9933,0.9899,,12.75,12.0,,19,21,,ON
1790640426.642428,3,294,0,snr-greedy,3,1,,0.8339,0.8294,,12.0,11.75,,20,20,,ON
1790640428.188875,5,291,1,snr-greedy,3,2,,0.0,0.3839,,1.75,10.0,,19,21,,ON
1790640431.6460614,7,287,0,snr-greedy,3,1,,0.9898,0.9855,,12.0,11.5,,20,20,,UNKNOWN
1790640432.2581294,10,292,1,snr-greedy,3,2,,0.9933,0.9931,,12.75,12.75,,20,21,,OFF
1790640433.614199,6,293,1,snr-greedy,3,1,,0.9916,0.9902,,12.25,12.0,,21,20,,OFF
1790640434.5073667,8,268,1,snr-greedy,3,2,,0.8743,0.8943,,12.5,13.25,,21,20,,OFF
1790640435.0441852,1,294,1,snr-greedy,3,1,,0.9928,0.9922,,12.75,12.5,,22,20,,OFF
1790640437.7064571,3,295,1,snr-greedy,3,2,,0.992,0.9938,,12.5,13.0,,21,19,,OFF
1790640437.8151476,4,290,1,snr-greedy,3,1,,0.9839,0.0,,11.5,0.0,,22,19,,OFF
1790640438.1129453,2,273,1,snr-greedy,3,2,,0.9932,0.9937,,12.75,13.0,,21,20,,OFF
1790640439.6502917,9,271,0,snr-greedy,3,1,,0.9942,0.9933,,13.25,12.75,,22,20,,OFF
1790640442.3994772,7,288,1,snr-greedy,3,2,,0.9924,0.9937,,12.5,13.0,,21,21,,OFF
1790640444.6548169,5,292,1,snr-greedy,3,2,,0.9925,0.9943,,12.5,13.5,,20,21,,OFF
1790640446.699642,10,293,1,snr-greedy,3,1,,0.9926,0.9926,,12.5,12.5,,21,21,,OFF
1790640448.2637982,6,294,1,snr-greedy,3,1,,0.9916,0.0016,,12.25,7.0,,22,21,,OFF
1790640448.2641127,1,295,1,snr-greedy,3,2,,0.0,0.9922,,4.0,12.5,,22,22,,OFF
1790640449.6378176,9,272,1,snr-greedy,3,1,,0.9925,0.9925,,12.5,12.5,,21,22,,OFF
1790640451.193332,2,274,1,snr-greedy,3,2,,0.177,0.9914,,9.25,12.25,,20,22,,OFF
1790640455.659494,3,296,0,snr-greedy,3,1,,0.0,0.0,,2.75,-0.75,,19,20,,OFF
1790640455.660349,8,269,0,snr-greedy,3,2,,0.9887,0.9902,,13.0,13.25,,19,21,,OFF
1790640455.91977,7,289,1,snr-greedy,3,1,,0.9943,0.9938,,13.5,13.0,,20,21,,OFF
1790640456.6625245,4,291,0,snr-greedy,3,1,,0.9896,0.8333,,12.0,12.0,,20,21,,OFF
1790640460.2303505,5,293,1,snr-greedy,3,2,,0.9915,0.9938,,12.25,13.0,,20,21,,OFF
1790640462.1659865,10,294,1,snr-greedy,3,2,,0.9915,0.9938,,12.25,13.0,,20,21,,OFF
1790640463.595253,1,296,1,snr-greedy,3,2,,0.0,0.988,,5.0,11.75,,20,22,,OFF
1790640463.988863,6,295,1,snr-greedy,3,2,,0.0,0.0016,,1.75,7.0,,20,23,,OFF
1790640465.838441,8,270,1,snr-greedy,3,2,,0.9855,0.9891,,12.5,13.25,,18,23,,OFF
1790640466.674974,4,292,1,snr-greedy,3,2,,0.9896,0.9919,,12.0,12.5,,17,24,,OFF
1790640466.9664278,3,297,1,snr-greedy,3,2,,0.9853,0.9881,,12.5,12.75,,17,25,,OFF
1790640468.9201672,7,290,1,snr-greedy,3,2,,0.9933,0.9933,,12.75,12.75,,16,26,,OFF
1790640469.6773765,2,275,0,snr-greedy,3,1,,0.9892,0.9933,,12.75,12.75,,17,26,,OFF
1790640470.679414,9,273,0,snr-greedy,3,1,,0.9925,0.9901,,12.5,12.0,,18,25,,OFF
1790640474.4592094,5,294,1,snr-greedy,3,2,,0.9915,0.9942,,12.25,13.25,,18,23,,OFF
1790640476.6071045,1,297,1,snr-greedy,3,1,,0.9915,0.9913,,12.25,12.25,,19,22,,OFF
1790640477.149455,10,295,1,snr-greedy,3,2,,0.9933,0.9942,,12.75,13.25,,19,23,,OFF
1790640477.919566,6,296,1,snr-greedy,3,1,,0.9925,0.9924,,12.5,12.5,,20,23,,ON
1790640479.3567204,2,276,1,snr-greedy,3,1,,0.9915,0.9916,,12.25,12.25,,21,21,,ON
1790640479.792658,8,271,1,snr-greedy,3,2,,0.9912,0.9938,,12.25,13.0,,21,22,,ON
1790640480.5913682,3,298,1,snr-greedy,3,1,,0.9925,0.9916,,12.5,12.25,,21,22,,ON
1790640481.2268128,4,293,1,snr-greedy,3,1,,0.943,0.9869,,12.5,12.25,,22,22,,OFF
1790640481.915106,9,274,1,snr-greedy,3,1,,0.9931,0.9931,,12.75,12.75,,23,21,,OFF
1790640483.3577929,7,291,1,snr-greedy,3,2,,0.9925,0.9933,,12.5,12.75,,23,22,,OFF
1790640489.4001276,5,295,1,snr-greedy,3,2,,0.9924,0.9942,,12.5,13.25,,19,22,,OFF
1790640491.538506,10,296,1,snr-greedy,3,2,,0.9925,0.9942,,12.5,13.25,,19,23,,OFF
1790640492.5698338,1,298,1,snr-greedy,3,2,,0.0,0.9914,,4.25,12.25,,18,23,,OFF
1790640493.0728788,2,277,1,snr-greedy,3,2,,0.9901,0.9902,,12.0,12.0,,18,24,,OFF
1790640493.7929306,6,297,1,snr-greedy,3,2,,0.9841,0.9857,,12.5,12.75,,17,25,,OFF
1790640494.6135044,8,272,1,snr-greedy,3,2,,0.9933,0.9942,,12.75,13.25,,17,25,,OFF
1790640495.4441123,4,294,1,snr-greedy,3,1,,0.9941,0.99,,13.25,12.0,,17,25,,OFF
1790640496.242358,9,275,1,snr-greedy,3,1,,0.9933,0.9915,,12.75,12.25,,18,25,,OFF
1790640497.7920887,7,292,1,snr-greedy,3,2,,0.9901,0.9933,,12.0,12.75,,18,25,,OFF
1790640498.6933692,3,299,0,snr-greedy,3,2,,0.9924,0.994,,12.5,13.25,,17,25,,OFF
1790640504.8247166,10,297,1,snr-greedy,3,2,,0.9901,0.9939,,12.0,13.0,,16,24,,OFF
1790640505.3049605,5,296,1,snr-greedy,3,2,,0.9901,0.9916,,12.0,12.25,,16,25,,OFF
1790640505.697044,2,278,1,snr-greedy,3,2,,0.9376,0.9882,,10.25,11.75,,16,26,,OFF
1790640506.5393517,6,298,1,snr-greedy,3,2,,0.9901,0.9915,,12.0,12.25,,16,27,,OFF
1790640508.1226883,4,295,1,snr-greedy,3,1,,0.9933,0.9914,,12.75,12.25,,16,27,,OFF
1790640509.040237,8,273,1,snr-greedy,3,2,,0.9915,0.9933,,12.25,12.75,,15,27,,OFF
1790640509.660442,3,300,1,snr-greedy,3,2,,0.9925,0.9938,,12.5,13.0,,14,28,,OFF
1790640510.6918874,9,276,1,snr-greedy,3,1,,0.9914,0.9914,,12.25,12.25,,15,28,,OFF
1790640510.9966187,7,293,1,snr-greedy,3,2,,0.9915,0.9933,,12.25,12.75,,15,29,,OFF
1790640517.3980696,10,298,1,snr-greedy,3,2,,0.9924,0.9938,,12.5,13.0,,12,28,,OFF
1790640518.478786,2,279,1,snr-greedy,3,1,,0.9925,0.9925,,12.5,12.5,,13,28,,OFF
1790640519.0919273,6,299,1,snr-greedy,3,1,,0.9899,0.0,,12.0,3.5,,14,28,,OFF
1790640521.5614176,1,300,1,snr-greedy,3,2,,0.99,0.9925,,12.0,12.5,,14,28,,OFF
1790640522.6822762,4,296,1,snr-greedy,3,2,,0.9924,0.9925,,12.5,12.5,,14,28,,OFF
1790640523.400969,8,274,1,snr-greedy,3,1,,0.0,0.0,,3.0,1.5,,15,28,,OFF
1790640523.8074133,7,294,1,snr-greedy,3,2,,0.9941,0.9941,,13.25,13.25,,15,28,,OFF
1790640524.7074952,5,297,0,snr-greedy,3,2,,0.9925,0.9933,,12.5,12.75,,15,28,,OFF
1790640525.2439406,9,277,1,snr-greedy,3,2,,0.9896,0.9932,,12.0,12.75,,15,29,,OFF
1790640535.0678148,5,298,1,snr-greedy,3,1,,0.9933,0.9915,,12.75,12.25,,14,24,,OFF
1790640536.2074718,8,275,1,snr-greedy,3,1,,0.9942,0.9926,,13.25,12.5,,15,24,,OFF
1790640536.7145188,2,280,0,snr-greedy,3,2,,0.2517,0.9932,,8.0,12.75,,14,25,,OFF
1790640537.202577,4,297,1,snr-greedy,3,1,,0.9933,0.9926,,12.75,12.5,,15,24,,OFF
1790640537.738818,6,300,0,snr-greedy,3,2,,0.8535,0.8804,,12.25,12.75,,15,25,,OFF
1790640537.8297682,7,295,1,snr-greedy,3,1,,0.9298,0.3863,,10.25,9.25,,16,25,,OFF
1790640539.8892965,9,278,1,snr-greedy,3,2,,0.9899,0.9926,,12.0,12.5,,14,25,,OFF
1790640540.7410443,1,301,0,snr-greedy,3,2,,0.99,0.9915,,12.0,12.25,,13,26,,OFF
1790640543.751975,3,302,0,snr-greedy,3,2,,0.9932,0.994,,12.75,13.25,,11,26,,OFF
1790640547.0545743,2,281,1,snr-greedy,3,2,,0.0,0.9771,,2.75,11.0,,11,27,,OFF
1790640547.3787277,6,301,1,snr-greedy,3,1,,0.8535,0.0,,12.25,1.5,,12,27,,OFF
1790640547.6072028,10,300,1,snr-greedy,3,1,,0.0,0.0,,1.75,0.5,,13,27,,OFF
1790640547.6074507,5,299,1,snr-greedy,3,1,,0.9925,0.9916,,12.75,12.25,,14,27,,OFF
1790640549.8011491,4,298,1,snr-greedy,3,1,,0.9942,0.9931,,13.25,12.75,,15,26,,OFF
1790640550.134953,1,302,1,snr-greedy,3,1,,0.9931,0.9896,,12.75,12.0,,16,26,,OFF
1790640551.3521175,7,296,1,snr-greedy,3,2,,0.8535,0.9549,,12.25,13.0,,16,27,,OFF
1790640553.5304804,9,279,1,snr-greedy,3,2,,0.9924,0.9933,,12.5,12.75,,16,25,,OFF
1790640554.4488719,3,303,1,snr-greedy,3,2,,0.9925,0.9938,,12.5,13.0,,16,25,,OFF
1790640556.756741,8,276,0,snr-greedy,3,1,,0.9942,0.9901,,13.25,12.0,,15,24,,OFF
1790640560.0661407,6,302,1,snr-greedy,3,1,,0.9938,0.9938,,13.0,13.0,,16,22,,OFF
1790640561.2137296,2,282,1,snr-greedy,3,2,,0.9925,0.9942,,12.5,13.5,,16,23,,OFF
1790640562.3031452,5,300,1,snr-greedy,3,1,,0.0,0.0,,2.5,2.25,,17,23,,OFF
1790640562.8197982,4,299,1,snr-greedy,3,1,,0.9925,0.9925,,12.5,12.5,,18,23,,OFF
1790640563.1041408,10,301,1,snr-greedy,3,2,,0.9911,0.9931,,12.25,12.75,,18,24,,OFF
1790640566.0163646,8,277,1,snr-greedy,3,1,,0.9942,0.9938,,13.25,13.0,,19,21,,OFF
1790640566.7224813,1,303,1,snr-greedy,3,1,,0.9942,0.9924,,13.25,12.5,,20,20,,OFF
1790640567.1053922,7,297,1,snr-greedy,3,2,,0.9914,0.9942,,12.25,13.25,,20,21,,OFF
1790640567.6405728,3,304,1,snr-greedy,3,2,,0.0,0.9941,,5.75,13.25,,20,22,,OFF
1790640573.7658827,9,280,0,snr-greedy,3,1,,0.9938,0.9925,,13.0,12.5,,19,19,,OFF
1790640575.125523,2,283,1,snr-greedy,3,2,,0.9901,0.9915,,12.0,12.25,,19,20,,OFF
1790640575.6421826,6,303,1,snr-greedy,3,1,,0.9942,0.9925,,13.25,12.5,,20,20,,OFF
1790640577.2728722,4,300,1,snr-greedy,3,2,,0.0016,0.9925,,7.0,12.5,,20,21,,OFF
1790640577.2735438,10,302,1,snr-greedy,3,1,,0.9911,0.0056,,12.25,7.5,,21,21,,OFF
1790640577.9407344,5,301,1,snr-greedy,3,1,,0.9943,0.9931,,13.5,12.75,,22,20,,OFF
1790640578.6135714,8,278,1,snr-greedy,3,2,,0.9938,0.9937,,13.0,13.0,,21,21,,OFF
1790640579.9269848,1,304,1,snr-greedy,3,2,,0.9923,0.9924,,12.5,12.5,,20,22,,OFF
1790640580.7470558,7,298,1,snr-greedy,3,1,,0.0029,0.0,,7.25,2.0,,21,22,,UNKNOWN
1790640583.5071397,9,281,1,snr-greedy,3,1,,0.9925,0.9915,,12.5,12.25,,21,20,,OFF
1790640586.7729788,3,305,0,snr-greedy,3,2,,0.8805,0.9942,,12.75,13.25,,21,18,,OFF
1790640587.6185064,2,284,1,snr-greedy,3,1,,0.9925,0.9915,,12.5,12.25,,22,18,,OFF
1790640589.5499713,6,304,1,snr-greedy,3,2,,0.9932,0.9932,,12.75,12.75,,22,19,,OFF
1790640591.69369,8,279,1,snr-greedy,3,1,,0.9933,0.9933,,12.75,12.75,,23,19,,OFF
1790640592.609605,5,302,1,snr-greedy,3,1,,0.1612,0.0,,9.25,-1.0,,24,19,,OFF
1790640593.0331604,10,303,1,snr-greedy,3,2,,0.9924,0.9928,,12.5,12.75,,24,20,,OFF
1790640593.53112,7,299,1,snr-greedy,3,2,,0.9877,0.9931,,11.75,12.75,,24,21,,OFF
1790640593.750101,1,305,1,snr-greedy,3,1,,0.9922,0.9913,,12.5,12.25,,25,21,,OFF
1790640635.4299242,6,307,1,round-robin,3,1,,0.0,0.9822,,nan,nan,,1,0,,UNKNOWN
1790640637.4936285,8,282,1,round-robin,3,1,,0.0,0.0,,nan,nan,,2,0,,OFF
1790640638.9960368,4,304,1,round-robin,3,1,,0.0,0.9,,nan,nan,,3,0,,OFF
1790640640.4690356,5,305,1,round-robin,3,1,,0.9883,0.9933,,nan,nan,,4,0,,OFF
1790640643.6082397,3,309,1,round-robin,3,1,,0.9938,0.9932,,nan,nan,,5,0,,OFF
1790640644.2633712,7,302,0,round-robin,3,1,,0.9767,0.9,,nan,nan,,6,0,,OFF
1790640645.9532807,9,285,1,round-robin,3,1,,0.9925,0.9925,,nan,nan,,7,0,,OFF
1790640646.4844656,2,288,1,round-robin,3,1,,0.9933,0.9937,,nan,nan,,8,0,,OFF
1790640649.9877415,6,308,1,round-robin,3,2,,0.9921,0.9944,,nan,nan,,8,1,,OFF
1790640650.2816374,8,283,1,round-robin,3,2,,0.993,0.993,,nan,nan,,8,2,,OFF
1790640653.5611165,4,305,1,round-robin,3,2,,0.0,0.0,,nan,nan,,8,3,,OFF
1790640653.8444693,7,303,1,round-robin,3,2,,0.0,0.9,,nan,nan,,8,4,,OFF
1790640654.8727453,5,306,1,round-robin,3,2,,0.9932,0.9932,,nan,nan,,8,5,,OFF
1790640657.2525394,3,310,1,round-robin,3,2,,0.9943,0.9944,,nan,nan,,8,6,,OFF
1790640659.271416,10,307,0,round-robin,3,1,,0.0,0.0,,nan,nan,,9,6,,OFF
1790640660.10625,2,289,1,round-robin,3,2,,0.9933,0.9938,,nan,nan,,9,7,,OFF
1790640661.563965,9,286,1,round-robin,3,2,,0.9925,0.9933,,nan,nan,,9,8,,OFF
1790640663.0022662,6,309,1,round-robin,3,1,,0.9933,0.9923,,nan,nan,,10,8,,OFF
1790640663.7052135,8,284,1,round-robin,3,1,,0.9938,0.9938,,nan,nan,,11,8,,OFF
1790640667.4004192,4,306,1,round-robin,3,1,,0.9901,0.9901,,nan,nan,,12,8,,OFF
1790640668.1110868,5,307,1,round-robin,3,1,,0.9915,0.9926,,nan,nan,,13,8,,OFF
1790640668.9133537,10,308,1,round-robin,3,2,,0.8706,0.9669,,nan,nan,,13,9,,OFF
1790640671.7885108,3,311,1,round-robin,3,1,,0.9943,0.9944,,nan,nan,,14,9,,OFF
1790640674.0293467,2,290,1,round-robin,3,1,,0.9933,0.9915,,nan,nan,,15,9,,OFF
1790640674.2749786,1,310,0,round-robin,3,1,,0.9862,0.8891,,nan,nan,,16,9,,OFF
1790640674.275733,7,304,0,round-robin,3,1,,0.0,0.9,,nan,nan,,17,9,,OFF
1790640675.1585312,9,287,1,round-robin,3,1,,0.9932,0.9925,,nan,nan,,18,9,,OFF
1790640676.724373,6,310,1,round-robin,3,2,,0.9915,0.9914,,nan,nan,,18,10,,OFF
1790640679.4293664,8,285,1,round-robin,3,2,,0.9942,0.9941,,nan,nan,,18,11,,OFF
1790640681.0115929,4,307,1,round-robin,3,2,,0.99,0.9901,,nan,nan,,18,12,,OFF
1790640682.3097808,10,309,1,round-robin,3,1,,0.9901,0.9915,,nan,nan,,19,12,,OFF
1790640682.5296006,5,308,1,round-robin,3,2,,0.9896,0.9867,,nan,nan,,19,13,,OFF
1790640683.9922974,7,305,1,round-robin,3,2,,0.9925,0.9933,,nan,nan,,19,14,,UNKNOWN
1790640684.463359,1,311,1,round-robin,3,2,,0.9914,0.9914,,nan,nan,,19,15,,OFF
1790640687.3514137,2,291,1,round-robin,3,2,,0.9901,0.9915,,nan,nan,,19,16,,OFF
1790640688.1850283,3,312,1,round-robin,3,2,,0.9933,0.9939,,nan,nan,,19,17,,OFF
1790640688.378347,9,288,1,round-robin,3,2,,0.9913,0.9921,,nan,nan,,19,18,,OFF
1790640690.405586,6,311,1,round-robin,3,1,,0.9914,0.9914,,nan,nan,,20,18,,OFF
1790640692.7802577,8,286,1,round-robin,3,1,,0.9926,0.9926,,nan,nan,,21,18,,OFF
1790640695.5575182,10,310,1,round-robin,3,2,,0.9925,0.9942,,nan,nan,,20,19,,OFF
1790640697.1744046,4,308,1,round-robin,3,1,,0.9901,0.99,,nan,nan,,21,19,,OFF
1790640697.7204907,1,312,1,round-robin,3,1,,0.9901,0.9901,,nan,nan,,21,19,,OFF
1790640699.2180362,5,309,1,round-robin,3,1,,0.9926,0.9925,,nan,nan,,21,19,,OFF
1790640699.8571124,7,306,1,round-robin,3,1,,0.9925,0.9933,,nan,nan,,22,19,,OFF
1790640700.664605,2,292,1,round-robin,3,1,,0.9933,0.9925,,nan,nan,,22,19,,OFF
1790640701.3856108,9,289,1,round-robin,3,1,,0.9901,0.9915,,nan,nan,,23,19,,OFF
1790640702.081187,3,313,1,round-robin,3,1,,0.9939,0.9939,,nan,nan,,24,19,,OFF
1790640704.2429311,6,312,1,round-robin,3,2,,0.9926,0.9925,,nan,nan,,23,20,,OFF
1790640705.578477,8,287,1,round-robin,3,2,,0.9925,0.9943,,nan,nan,,22,21,,OFF
1790640711.316619,10,311,1,round-robin,3,1,,0.9914,0.9933,,nan,nan,,21,19,,OFF
1790640712.5514586,1,313,1,round-robin,3,2,,0.9925,0.9914,,nan,nan,,21,20,,OFF
1790640713.3432052,5,310,1,round-robin,3,2,,0.9915,0.9883,,nan,nan,,21,21,,OFF
1790640714.0794961,7,307,1,round-robin,3,2,,0.9925,0.9944,,nan,nan,,21,20,,OFF
1790640715.1017828,2,293,1,round-robin,3,2,,0.0,0.9673,,nan,nan,,21,20,,OFF
1790640715.6107285,9,290,1,round-robin,3,2,,0.9901,0.9933,,nan,nan,,21,21,,OFF
1790640716.3299477,3,314,1,round-robin,3,2,,0.9942,0.9924,,nan,nan,,21,22,,OFF
1790640718.1574812,6,313,1,round-robin,3,1,,0.9925,0.9938,,nan,nan,,22,21,,OFF
1790640719.382212,8,288,1,round-robin,3,1,,0.9925,0.9932,,nan,nan,,22,21,,OFF
1790640725.4250433,10,312,1,round-robin,3,2,,0.9901,0.9938,,nan,nan,,20,20,,OFF
1790640726.1926298,1,314,1,round-robin,3,1,,0.9941,0.9912,,nan,nan,,21,20,,OFF
1790640727.083899,5,311,1,round-robin,3,1,,0.9915,0.9939,,nan,nan,,22,20,,OFF
1790640727.8174455,7,308,1,round-robin,3,1,,0.9915,0.9939,,nan,nan,,22,20,,OFF
1790640728.6096685,4,310,1,round-robin,3,2,,0.0,0.9914,,nan,nan,,21,21,,OFF
1790640728.906992,2,294,1,round-robin,3,1,,0.0,0.976,,nan,nan,,22,21,,OFF
1790640730.1411753,3,315,1,round-robin,3,1,,0.9938,0.9938,,nan,nan,,23,20,,ON
1790640734.3248801,9,291,0,round-robin,3,1,,0.9914,0.9925,,nan,nan,,20,20,,ON
1790640738.329288,8,289,0,round-robin,3,2,,0.0,0.9915,,nan,nan,,19,20,,OFF
1790640738.329911,6,314,0,round-robin,3,2,,0.9925,0.9704,,nan,nan,,19,21,,OFF
1790640739.446337,10,313,1,round-robin,3,1,,0.994,0.9932,,nan,nan,,20,20,,OFF
1790640740.2505019,5,312,1,round-robin,3,2,,0.9915,0.9933,,nan,nan,,20,21,,OFF
1790640740.781517,1,315,1,round-robin,3,2,,0.9915,0.9915,,nan,nan,,20,22,,OFF
1790640741.532443,7,309,1,round-robin,3,2,,0.9925,0.9938,,nan,nan,,20,22,,OFF
1790640742.941853,2,295,1,round-robin,3,2,,0.9926,0.9926,,nan,nan,,19,22,,OFF
1790640743.6973903,9,292,1,round-robin,3,2,,0.9932,0.9925,,nan,nan,,19,23,,OFF
1790640745.0964737,4,311,1,round-robin,3,1,,0.9931,0.9925,,nan,nan,,20,21,,OFF
1790640746.0219154,3,316,1,round-robin,3,2,,0.9926,0.9938,,nan,nan,,20,22,,OFF
1790640748.160612,8,290,1,round-robin,3,1,,0.9925,0.9926,,nan,nan,,21,21,,OFF
1790640748.4690201,6,315,1,round-robin,3,1,,0.9931,0.9936,,nan,nan,,22,19,,OFF
1790640752.975907,10,314,1,round-robin,3,2,,0.9942,0.9933,,nan,nan,,20,20,,OFF
1790640753.429174,5,313,1,round-robin,3,1,,0.9942,0.9932,,nan,nan,,21,20,,OFF
1790640754.5332181,1,316,1,round-robin,3,1,,0.9941,0.9931,,nan,nan,,22,20,,OFF
1790640756.0543578,2,296,1,round-robin,3,1,,0.9933,0.9933,,nan,nan,,23,19,,OFF
1790640756.4613256,7,310,1,round-robin,3,1,,0.988,0.9891,,nan,nan,,24,19,,OFF
1790640757.1850216,9,293,1,round-robin,3,1,,0.9901,0.9901,,nan,nan,,24,19,,OFF
1790640759.9453077,4,312,1,round-robin,3,2,,0.9938,0.9937,,nan,nan,,21,20,,OFF
1790640760.4778628,3,317,1,round-robin,3,1,,0.9925,0.9938,,nan,nan,,22,20,,OFF
1790640760.774935,8,291,1,round-robin,3,2,,0.9942,0.9942,,nan,nan,,21,21,,OFF
1790640761.3619905,6,316,1,round-robin,3,2,,0.9932,0.9937,,nan,nan,,21,22,,OFF
1790640767.400906,1,317,1,round-robin,3,2,,0.9915,0.9924,,nan,nan,,19,21,,OFF
1790640768.1396446,5,314,1,round-robin,3,2,,0.0304,0.9915,,nan,nan,,19,22,,OFF
1790640768.6496687,2,297,1,round-robin,3,2,,0.8689,0.9924,,nan,nan,,19,23,,OFF
1790640771.59691,7,311,1,round-robin,3,2,,0.9914,0.9932,,nan,nan,,18,24,,OFF
1790640773.3682318,10,315,0,round-robin,3,1,,0.9942,0.0,,nan,nan,,19,22,,OFF
1790640773.5496676,9,294,1,round-robin,3,2,,0.9915,0.9915,,nan,nan,,19,23,,OFF
1790640774.4832633,4,313,1,round-robin,3,1,,0.9885,0.99,,nan,nan,,20,22,,OFF
1790640779.3724163,3,318,0,round-robin,3,2,,0.9933,0.0,,nan,nan,,19,20,,OFF
1790640780.37446,6,317,0,round-robin,3,1,,0.0,0.0,,nan,nan,,19,20,,OFF
1790640780.5299532,1,318,1,round-robin,3,1,,0.99,0.99,,nan,nan,,20,20,,OFF
1790640780.8278365,5,315,1,round-robin,3,1,,0.9916,0.9922,,nan,nan,,21,20,,OFF
1790640781.339639,2,298,1,round-robin,3,1,,0.9933,0.9925,,nan,nan,,22,20,,OFF
1790640784.5498548,7,312,1,round-robin,3,1,,0.9925,0.9942,,nan,nan,,23,20,,ON
1790640784.9176745,10,316,1,round-robin,3,2,,0.9914,0.9933,,nan,nan,,23,21,,ON
1790640787.1804543,9,295,1,round-robin,3,1,,0.9915,0.9901,,nan,nan,,22,20,,UNKNOWN
1790640789.1481311,4,314,1,round-robin,3,2,,0.9933,0.9901,,nan,nan,,20,20,,UNKNOWN
1790640790.9039025,6,318,1,round-robin,3,2,,0.9825,0.9878,,nan,nan,,19,21,,UNKNOWN
1790640794.268691,2,299,1,round-robin,3,2,,0.9937,0.9933,,nan,nan,,19,22,,UNKNOWN
1790640795.3823414,3,319,0,round-robin,3,1,,0.0,0.0,,nan,nan,,19,22,,UNKNOWN
1790640795.5799706,5,316,1,round-robin,3,2,,0.9622,0.0,,nan,nan,,19,23,,UNKNOWN
1790640795.7854564,1,319,1,round-robin,3,2,,0.9924,0.8345,,nan,nan,,19,24,,UNKNOWN
1790640796.3838394,8,293,0,round-robin,3,1,,0.0,0.9942,,nan,nan,,20,24,,UNKNOWN
1790640797.9423196,10,317,1,round-robin,3,1,,0.9925,0.9942,,nan,nan,,21,24,,UNKNOWN
1790640799.2614927,7,313,1,round-robin,3,2,,0.9915,0.9926,,nan,nan,,21,23,,OFF
1790640802.0342615,9,296,1,round-robin,3,2,,0.9913,0.9924,,nan,nan,,20,21,,OFF
1790640803.4013798,4,315,1,round-robin,3,1,,0.9924,0.9924,,nan,nan,,21,20,,OFF
1790640804.4723186,6,319,1,round-robin,3,1,,0.9925,0.9915,,nan,nan,,22,19,,OFF
1790640805.5339663,8,294,1,round-robin,3,2,,0.9925,0.9915,,nan,nan,,21,20,,OFF
1790640808.5151756,2,300,1,round-robin,3,1,,0.9914,0.9925,,nan,nan,,20,19,,OFF
1790640808.7081368,5,317,1,round-robin,3,1,,0.9938,0.9916,,nan,nan,,21,19,,OFF
1790640811.4095237,3,320,0,round-robin,3,2,,0.8804,0.8974,,nan,nan,,21,20,,OFF
1790640811.448887,10,318,1,round-robin,3,2,,0.9937,0.9942,,nan,nan,,21,21,,OFF
1790640812.1770778,1,320,1,round-robin,3,1,,0.0,0.0175,,nan,nan,,22,21,,OFF
1790640817.4849656,9,297,1,round-robin,3,1,,0.9915,0.9925,,nan,nan,,18,20,,OFF
1790640818.4138105,7,314,0,round-robin,3,1,,0.9925,0.9943,,nan,nan,,19,20,,OFF
1790640819.665124,6,320,1,round-robin,3,2,,0.0,0.0,,nan,nan,,19,21,,OFF
1790640821.496497,3,321,1,round-robin,3,1,,0.9933,0.9942,,nan,nan,,19,18,,OFF
1790640822.0061316,2,301,1,round-robin,3,2,,0.9915,0.9915,,nan,nan,,19,19,,OFF
1790640825.1832943,1,321,1,round-robin,3,2,,0.9101,0.8689,,nan,nan,,19,20,,OFF
1790640825.4185472,8,295,0,round-robin,3,1,,0.9944,0.9942,,nan,nan,,20,20,,OFF
1790640825.7973878,10,319,1,round-robin,3,1,,0.9933,0.9938,,nan,nan,,21,20,,OFF
1790640828.3530133,7,315,1,round-robin,3,2,,0.9925,0.9916,,nan,nan,,21,19,,OFF
1790640830.4213436,5,318,0,round-robin,3,2,,0.9926,0.9941,,nan,nan,,21,19,,OFF
1790640831.3426821,9,298,1,round-robin,3,2,,0.9933,0.9925,,nan,nan,,21,20,,OFF
1790640833.2889218,6,321,1,round-robin,3,1,,0.9933,0.9925,,nan,nan,,22,19,,OFF
1790640834.9111853,2,302,1,round-robin,3,1,,0.0,0.9878,,nan,nan,,21,18,,OFF
1790640835.507912,4,317,1,round-robin,3,2,,0.9938,0.9924,,nan,nan,,21,19,,OFF
1790640836.764974,3,322,1,round-robin,3,2,,0.9925,0.9939,,nan,nan,,21,20,,OFF
1790640838.5924814,10,320,1,round-robin,3,2,,0.9933,0.9944,,nan,nan,,21,21,,OFF
1790640840.4270608,8,296,0,round-robin,3,2,,0.9916,0.9926,,nan,nan,,20,21,,OFF
1790640840.8740017,5,319,1,round-robin,3,1,,0.9932,0.9932,,nan,nan,,19,21,,OFF
1790640841.5767286,7,316,1,round-robin,3,1,,0.9901,0.9933,,nan,nan,,19,21,,OFF
1790640841.790132,1,322,1,round-robin,3,1,,0.9896,0.9894,,nan,nan,,20,21,,OFF
1790640845.6935964,9,299,1,round-robin,3,1,,0.9915,0.9901,,nan,nan,,20,20,,ON
1790640845.9856374,6,322,1,round-robin,3,2,,0.9935,0.9934,,nan,nan,,20,21,,ON
1790640848.3235683,2,303,1,round-robin,3,2,,0.9924,0.9924,,nan,nan,,19,22,,OFF
1790640850.763582,8,297,1,round-robin,3,1,,0.9925,0.0,,nan,nan,,20,21,,OFF
1790640851.3609107,3,323,1,round-robin,3,1,,0.9925,0.0,,nan,nan,,21,20,,OFF
1790640851.3611817,4,318,1,round-robin,3,1,,0.9595,0.9924,,nan,nan,,22,20,,OFF
1790640852.2887013,10,321,1,round-robin,3,1,,0.9925,0.9937,,nan,nan,,23,20,,OFF
1790640854.561493,5,320,1,round-robin,3,2,,0.9901,0.988,,nan,nan,,23,20,,OFF
1790640855.1583102,1,323,1,round-robin,3,2,,0.9933,0.9915,,nan,nan,,23,21,,OFF
1790640855.9235182,7,317,1,round-robin,3,2,,0.9941,0.9944,,nan,nan,,22,20,,OFF
1790640858.971067,9,300,1,round-robin,3,2,,0.9933,0.9933,,nan,nan,,20,21,,OFF
1790640859.4758973,6,323,1,round-robin,3,1,,0.9915,0.9938,,nan,nan,,21,20,,OFF
1790640862.6056037,2,304,1,round-robin,3,1,,0.9916,0.9915,,nan,nan,,22,19,,OFF
1790640864.5154216,3,324,1,round-robin,3,2,,0.9916,0.9902,,nan,nan,,20,20,,OFF
1790640865.7477453,4,319,1,round-robin,3,2,,0.8536,0.9925,,nan,nan,,20,20,,OFF
1790640905.173643,6,326,1,ewma,3,2,,0.9901,0.9925,,0.5,0.5,,0,1,,OFF
1790640907.59667,4,322,1,ewma,3,2,,0.9914,0.993,,0.5,0.5,,0,2,,OFF
1790640909.425049,2,307,1,ewma,3,1,,0.4352,0.9924,,0.5,0.5,,1,2,,OFF
1790640911.1922743,10,325,1,ewma,3,2,,0.9925,0.9941,,0.5,0.5,,1,3,,OFF
1790640912.8312302,5,324,1,ewma,3,2,,0.0002,0.9935,,0.5,0.5,,1,4,,OFF
1790640913.275754,8,301,1,ewma,3,2,,0.9925,0.9925,,0.5,0.5,,1,5,,OFF
1790640914.9619665,3,327,0,ewma,3,1,,0.9936,0.994,,0.5,0.5,,2,5,,OFF
1790640916.042833,1,327,1,ewma,3,1,,0.9901,0.9881,,0.5,0.5,,3,5,,OFF
1790640916.5616007,7,321,1,ewma,3,1,,0.9915,0.9933,,0.5,0.5,,4,5,,OFF
1790640917.7668357,6,327,1,ewma,3,2,,0.9925,0.9924,,0.5,0.6,,4,6,,OFF
1790640918.6493812,9,304,1,ewma,3,2,,0.9938,0.9931,,0.5,0.5,,4,7,,OFF
1790640922.2560103,4,323,1,ewma,3,2,,0.9938,0.9924,,0.5,0.6,,4,8,,OFF
1790640924.5338137,10,326,1,ewma,3,2,,0.872,0.9534,,0.5,0.6,,4,9,,OFF
1790640925.3587203,5,325,1,ewma,3,2,,0.9942,0.9926,,0.5,0.6,,4,10,,OFF
1790640926.1476283,3,328,1,ewma,3,2,,0.9932,0.9938,,0.4,0.5,,4,11,,OFF
1790640927.3929272,8,302,1,ewma,3,2,,0.9931,0.9944,,0.5,0.6,,4,12,,OFF
1790640929.7676215,1,328,1,ewma,3,1,,0.9931,0.9931,,0.6,0.5,,5,12,,OFF
1790640930.8785753,7,322,1,ewma,3,1,,0.9933,0.9925,,0.6,0.5,,6,12,,OFF
1790640933.12031,9,305,1,ewma,3,2,,0.7788,0.0018,,0.5,0.6,,6,13,,OFF
1790640933.6283872,6,328,1,ewma,3,1,,0.9915,0.9914,,0.5,0.48,,7,13,,OFF
1790640937.2179236,4,324,1,ewma,3,1,,0.0,0.0,,0.5,0.48,,8,13,,OFF
1790640938.8458345,5,326,1,ewma,3,2,,0.9942,0.9938,,0.5,0.68,,8,14,,OFF
1790640939.4460824,2,309,1,ewma,3,1,,0.9933,0.9938,,0.5,0.5,,9,14,,OFF
1790640940.9047246,8,303,1,ewma,3,2,,0.9916,0.9939,,0.5,0.68,,9,15,,OFF
1790640942.959093,10,327,0,ewma,3,2,,0.9819,0.9915,,0.5,0.68,,9,16,,OFF
1790640944.5798085,7,323,1,ewma,3,1,,0.9938,0.9915,,0.68,0.5,,10,16,,ON
1790640944.9608333,3,329,0,ewma,3,2,,0.9925,0.9933,,0.4,0.6,,10,17,,ON
1790640946.0452785,1,329,1,ewma,3,2,,0.9856,0.489,,0.48,0.5,,10,18,,ON
1790640946.6266491,6,329,1,ewma,3,1,,0.7453,0.7325,,0.6,0.48,,11,18,,UNKNOWN
1790640951.0228362,4,325,1,ewma,3,1,,0.9914,0.9913,,0.6,0.48,,12,18,,OFF
1790640951.8373315,5,327,1,ewma,3,2,,0.9926,0.9914,,0.5,0.744,,12,19,,OFF
1790640952.539723,10,328,1,ewma,3,2,,0.9924,0.9943,,0.5,0.544,,12,20,,OFF
1790640953.985637,2,310,1,ewma,3,1,,0.9925,0.9925,,0.6,0.5,,13,20,,OFF
1790640955.425728,3,330,1,ewma,3,2,,0.9932,0.9941,,0.4,0.48,,13,21,,OFF
1790640956.8585355,8,304,1,ewma,3,2,,0.9916,0.9901,,0.5,0.544,,13,22,,OFF
1790640959.0293396,7,324,1,ewma,3,1,,0.9924,0.9933,,0.744,0.5,,14,22,,OFF
1790640959.7333386,1,330,1,ewma,3,2,,0.9925,0.9931,,0.48,0.6,,14,23,,OFF
1790640960.5408916,6,330,1,ewma,3,1,,0.9942,0.9932,,0.68,0.48,,15,23,,OFF
1790640961.9777503,9,307,1,ewma,3,2,,0.9943,0.9932,,0.5,0.6,,15,24,,OFF
1790640963.9687414,4,326,1,ewma,3,1,,0.9932,0.9923,,0.68,0.48,,16,24,,OFF
1790640965.145991,5,328,1,ewma,3,2,,0.9941,0.9933,,0.5,0.7952,,16,25,,OFF
1790640965.4610183,10,329,1,ewma,3,2,,0.9916,0.9933,,0.5,0.6352,,16,25,,OFF
1790640967.1059318,2,311,1,ewma,3,1,,0.9941,0.9925,,0.68,0.5,,17,25,,OFF
1790640969.0508268,3,331,1,ewma,3,2,,0.9915,0.9933,,0.4,0.584,,17,25,,OFF
1790640969.881643,8,305,1,ewma,3,2,,0.9942,0.9938,,0.5,0.6352,,16,26,,OFF
1790640972.4521444,1,331,1,ewma,3,2,,0.9932,0.9924,,0.48,0.68,,16,26,,OFF
1790640973.2565782,7,325,1,ewma,3,1,,0.9925,0.9925,,0.7952,0.5,,17,25,,OFF
1790640974.365853,6,331,1,ewma,3,1,,0.9901,0.9925,,0.744,0.48,,18,24,,OFF
1790640976.1237662,9,308,1,ewma,3,2,,0.9925,0.9925,,0.5,0.68,,16,25,,OFF
1790640977.2453072,4,327,1,ewma,3,1,,0.9937,0.9923,,0.744,0.48,,16,25,,OFF
1790640977.9649742,5,329,1,ewma,3,2,,0.9933,0.9941,,0.5,0.8362,,16,25,,OFF
1790640979.1281152,10,330,1,ewma,3,2,,0.9925,0.9933,,0.5,0.7082,,16,25,,OFF
1790640980.8551,2,312,1,ewma,3,1,,0.9932,0.9933,,0.744,0.5,,17,25,,OFF
1790640982.085906,3,332,1,ewma,3,2,,0.9942,0.9933,,0.4,0.6672,,17,26,,OFF
1790640984.4369211,8,306,1,ewma,3,2,,0.9933,0.9944,,0.5,0.7082,,17,26,,OFF
1790640985.5674725,1,332,1,ewma,3,2,,0.9925,0.9901,,0.48,0.744,,17,25,,OFF
1790640986.5755298,7,326,1,ewma,3,1,,0.9924,0.9925,,0.8362,0.5,,18,24,,OFF
1790640987.913649,6,332,1,ewma,3,1,,0.9933,0.9944,,0.7952,0.48,,19,23,,OFF
1790640989.3485773,9,309,1,ewma,3,2,,0.9942,0.9924,,0.5,0.744,,19,24,,OFF
1790640991.362917,5,330,1,ewma,3,2,,0.9942,0.9938,,0.5,0.8689,,17,25,,OFF
1790640991.8724952,4,328,1,ewma,3,1,,0.9914,0.99,,0.5952,0.48,,18,25,,OFF
1790640992.909114,10,331,1,ewma,3,2,,0.9915,0.9942,,0.5,0.7665,,18,26,,ON
1790640994.129486,2,313,1,ewma,3,1,,0.9933,0.9938,,0.7952,0.5,,18,25,,ON
1790640995.6747353,3,333,1,ewma,3,2,,0.9933,0.9937,,0.4,0.7338,,18,26,,ON
1790640997.9573784,8,307,1,ewma,3,2,,0.0,0.0172,,0.5,0.7665,,17,27,,ON
1790640998.7697875,1,333,1,ewma,3,2,,0.9925,0.7921,,0.48,0.7952,,17,28,,ON
1790641000.8203557,7,327,1,ewma,3,1,,0.9924,0.9937,,0.8689,0.5,,17,27,,OFF
1790641003.2633162,9,310,1,ewma,3,2,,0.9938,0.9914,,0.5,0.7952,,17,26,,OFF
1790641003.7243862,6,333,1,ewma,3,1,,0.9933,0.9916,,0.6362,0.48,,18,26,,OFF
1790641003.9857595,5,331,1,ewma,3,2,,0.9941,0.9926,,0.5,0.8951,,18,27,,OFF
1790641005.71649,4,329,1,ewma,3,1,,0.9913,0.9913,,0.6762,0.48,,18,26,,OFF
1790641006.647409,10,332,1,ewma,3,2,,0.9916,0.9902,,0.5,0.8132,,17,26,,OFF
1790641011.727288,8,308,1,ewma,3,2,,0.0,0.0,,0.5,0.8132,,16,27,,OFF
1790641012.2559729,1,334,1,ewma,3,2,,0.9942,0.9914,,0.48,0.8362,,16,27,,OFF
1790641016.7685027,7,328,1,ewma,3,1,,0.99,0.9901,,0.6951,0.5,,16,25,,OFF
1790641017.2941313,5,332,1,ewma,3,2,,0.9094,0.0,,0.5,0.9161,,16,25,,OFF
1790641018.1155782,6,334,1,ewma,3,1,,0.9938,0.9941,,0.7089,0.48,,17,25,,OFF
1790641019.3425832,4,330,1,ewma,3,1,,0.9899,0.9912,,0.7409,0.48,,17,25,,OFF
1790641020.1783602,10,333,1,ewma,3,2,,0.9915,0.9925,,0.5,0.8506,,17,25,,OFF
1790641023.005784,9,311,0,ewma,3,2,,0.9933,0.9914,,0.5,0.8362,,16,25,,OFF
1790641024.8565512,2,315,1,ewma,3,1,,0.9943,0.9937,,0.7952,0.5,,16,25,,OFF
1790641026.0822496,8,309,1,ewma,3,2,,0.9106,0.0,,0.5,0.8506,,16,24,,OFF
1790641029.9956362,5,333,1,ewma,3,2,,0.9915,0.9926,,0.5,0.9329,,15,23,,OFF
1790641031.003944,6,335,1,ewma,3,1,,0.9915,0.9925,,0.7671,0.48,,16,23,,OFF
1790641031.0086696,1,335,0,ewma,3,2,,0.9925,0.9925,,0.48,0.8689,,16,24,,OFF
1790641032.0279322,3,335,0,ewma,3,2,,0.9883,0.9933,,0.4,0.7338,,16,25,,OFF
1790641032.4411762,4,331,1,ewma,3,1,,0.9888,0.9806,,0.7927,0.48,,17,25,,OFF
1790641033.3447723,9,312,1,ewma,3,2,,0.9933,0.9931,,0.5,0.6689,,16,25,,OFF
1790641036.3152547,10,334,1,ewma,3,2,,0.9937,0.9942,,0.5,0.6805,,15,25,,OFF
1790641038.0455265,7,329,0,ewma,3,1,,0.9933,0.9925,,0.5561,0.5,,15,24,,OFF
1790641038.3750558,2,316,1,ewma,3,1,,0.9924,0.9938,,0.8362,0.5,,16,24,,OFF
1790641041.1429935,3,336,1,ewma,3,2,,0.9915,0.9933,,0.4,0.587,,15,24,,OFF
1790641042.2735207,1,336,1,ewma,3,2,,0.0,0.0,,0.48,0.6951,,15,24,,OFF
1790641042.9956465,5,334,1,ewma,3,2,,0.9942,0.9938,,0.5,0.9463,,15,25,,OFF
1790641045.7645214,4,332,1,ewma,3,1,,0.8741,0.0,,0.8342,0.48,,16,23,,ON
1790641046.6837893,9,313,1,ewma,3,2,,0.9939,0.9915,,0.5,0.7351,,15,24,,ON
1790641048.0094035,7,330,1,ewma,3,2,,0.8946,0.0004,,0.4449,0.5,,14,25,,ON
1790641048.0489979,8,310,0,ewma,3,2,,0.9106,0.0,,0.5,0.6805,,14,26,,ON
1790641050.3732831,10,335,1,ewma,3,2,,0.002,0.926,,0.5,0.7444,,14,26,,ON
1790641052.052683,6,336,0,ewma,3,1,,0.9914,0.9938,,0.6137,0.48,,14,25,,ON
1790641053.0220816,2,317,1,ewma,3,1,,0.0,0.9938,,0.8689,0.5,,15,24,,ON
1790641054.4867268,3,337,1,ewma,3,2,,0.9915,0.9916,,0.4,0.6696,,14,25,,OFF
1790641055.920662,5,335,1,ewma,3,2,,0.9924,0.9925,,0.5,0.9571,,14,25,,OFF
1790641056.9048789,1,337,1,ewma,3,2,,0.0004,0.0,,0.48,0.5561,,14,26,,OFF
1790641057.4492064,8,311,1,ewma,3,2,,0.9932,0.9942,,0.5,0.5444,,14,27,,OFF
1790641060.1367989,9,314,1,ewma,3,2,,0.9924,0.9915,,0.5,0.7881,,14,26,,OFF
1790641060.8294134,6,337,1,ewma,3,1,,0.9914,0.0,,0.491,0.48,,14,26,,OFF
1790641060.8977807,4,333,1,ewma,3,1,,0.976,0.0,,0.6674,0.48,,15,26,,OFF
1790641061.538908,7,331,1,ewma,3,2,,0.994,0.9925,,0.4449,0.6,,15,27,,OFF
1790641063.8899863,10,336,1,ewma,3,2,,0.9933,0.99,,0.5,0.7955,,14,27,,OFF
1790641066.1303942,2,318,1,ewma,3,1,,0.9916,0.9925,,0.8951,0.5,,14,26,,OFF
1790641068.7098649,5,336,1,ewma,3,2,,0.7673,0.0,,0.5,0.9656,,14,26,,OFF
1790641070.3412743,8,312,1,ewma,3,2,,0.9933,0.9944,,0.5,0.6355,,14,27,,OFF
1790641070.728829,1,338,1,ewma,3,2,,0.9915,0.9882,,0.48,0.6449,,14,28,,OFF
1790641073.1880019,9,315,1,ewma,3,2,,0.9933,0.9932,,0.5,0.8305,,14,27,,OFF
1790641074.4107327,4,334,1,ewma,3,1,,0.0,0.0,,0.7339,0.48,,15,27,,OFF
1790641074.927488,7,332,1,ewma,3,2,,0.9925,0.9915,,0.4449,0.68,,15,28,,OFF
1790641075.063641,3,338,0,ewma,3,2,,0.9932,0.9926,,0.4,0.7357,,15,29,,OFF
1790641078.5297241,10,337,1,ewma,3,2,,0.9933,0.9901,,0.5,0.8364,,13,29,,OFF
1790641079.026571,2,319,1,ewma,3,1,,0.9901,0.9926,,0.9161,0.5,,14,29,,OFF
1790641083.0390618,5,337,1,ewma,3,2,,0.0001,0.0,,0.5,0.9725,,13,28,,OFF
1790641084.871957,1,339,1,ewma,3,2,,0.9931,0.9923,,0.48,0.7159,,12,29,,OFF
1790641085.3793597,3,339,1,ewma,3,2,,0.9925,0.9942,,0.4,0.5885,,12,30,,OFF
1790641087.2254856,9,316,1,ewma,3,2,,0.9931,0.9924,,0.5,0.8644,,12,30,,OFF
1790641089.062969,4,335,1,ewma,3,1,,0.9913,0.9929,,0.7871,0.48,,13,30,,OFF
1790641089.0703812,8,313,0,ewma,3,2,,0.9933,0.9944,,0.5,0.7084,,13,31,,OFF
1790641090.1926174,7,333,1,ewma,3,2,,0.0002,0.9933,,0.4449,0.544,,13,31,,OFF
1790641090.3917942,6,339,1,ewma,3,1,,0.9937,0.9863,,0.491,0.48,,14,31,,OFF
1790641092.1282997,10,338,1,ewma,3,2,,0.9925,0.9914,,0.5,0.8691,,13,30,,OFF
1790641093.0467525,2,320,1,ewma,3,1,,0.9938,0.9933,,0.9329,0.5,,13,30,,OFF
1790641096.2538311,5,338,1,ewma,3,2,,0.9933,0.9926,,0.5,0.978,,13,30,,OFF
1790641098.8037333,1,340,1,ewma,3,2,,0.8804,0.8689,,0.48,0.7727,,11,30,,OFF
1790641099.2215734,3,340,1,ewma,3,2,,0.9924,0.9938,,0.4,0.6708,,11,31,,OFF
1790641100.9537823,9,317,1,ewma,3,2,,0.9933,0.9938,,0.5,0.8915,,11,32,,ON
1790641103.396919,6,340,1,ewma,3,1,,0.8333,0.9916,,0.5928,0.48,,12,29,,OFF
1790641103.9171972,4,336,1,ewma,3,1,,0.99,0.9914,,0.6297,0.48,,13,29,,OFF
1790641104.089482,8,314,0,ewma,3,2,,0.9926,0.9937,,0.5,0.5667,,13,30,,OFF
1790641106.399145,10,339,1,ewma,3,2,,0.9915,0.9925,,0.5,0.8953,,12,31,,OFF
1790641108.7177606,5,339,1,ewma,3,2,,0.9933,0.9926,,0.5,0.9824,,12,29,,OFF
1790641110.0937297,7,334,0,ewma,3,2,,0.9807,0.9916,,0.4449,0.6352,,12,30,,OFF
1790641111.8025322,1,341,1,ewma,3,2,,0.9914,0.9914,,0.48,0.8182,,12,30,,OFF
1790641112.0949197,2,321,0,ewma,3,1,,0.9932,0.9938,,0.9463,0.5,,12,30,,OFF
1790641113.4093688,8,315,1,ewma,3,1,,0.9926,0.9925,,0.5,0.4534,,12,30,,OFF
1790641113.7648873,3,341,1,ewma,3,2,,0.9932,0.9942,,0.4,0.7367,,12,31,,OFF
1790641114.346998,9,318,1,ewma,3,2,,0.9915,0.9925,,0.5,0.9132,,12,32,,OFF
1790641119.4114237,7,335,1,ewma,3,2,,0.0,0.0,,0.4449,0.5082,,12,29,,OFF
1790641120.0326283,4,337,1,ewma,3,1,,0.9915,0.9914,,0.5037,0.48,,13,29,,OFF
1790641120.9397225,10,340,1,ewma,3,2,,0.9926,0.9938,,0.5,0.9162,,11,29,,OFF
1790641122.6836307,5,340,1,ewma,3,2,,0.976,0.9925,,0.5,0.9859,,11,29,,OFF
1790641125.1517348,1,342,1,ewma,3,2,,0.9942,0.9914,,0.48,0.8545,,11,29,,OFF
1790641126.1037204,6,341,0,ewma,3,2,,0.9819,0.9941,,0.4742,0.48,,11,30,,OFF
1790641126.953175,8,316,1,ewma,3,1,,0.9932,0.9933,,0.6,0.4534,,11,30,,OFF
1790641128.1062481,2,322,0,ewma,3,1,,0.9932,0.9933,,0.7571,0.5,,12,30,,OFF
1790641128.8856008,9,319,1,ewma,3,2,,0.9815,0.9915,,0.5,0.9306,,12,30,,OFF
1790641129.8601153,3,342,1,ewma,3,2,,0.9926,0.9933,,0.4,0.5893,,12,31,,OFF
1790641132.8824842,4,338,1,ewma,3,1,,0.9925,0.9942,,0.603,0.48,,13,29,,OFF
1790641133.4282265,10,341,1,ewma,3,2,,0.9925,0.9926,,0.5,0.933,,13,29,,OFF
1790641134.6069355,6,342,1,ewma,3,1,,0.9819,0.9626,,0.4742,0.384,,13,29,,OFF
1790641136.2812202,5,341,1,ewma,3,2,,0.9943,0.9933,,0.5,0.9887,,13,28,,OFF
1790641178.3434663,4,341,1,ewma,4,2,,0.9899,0.9933,,0.5,0.5,,0,1,,OFF
1790641179.207062,5,344,1,ewma,4,2,,0.9914,0.9925,,0.5,0.5,,0,2,,OFF
1790641179.5940552,10,344,1,ewma,4,1,,0.6085,0.9942,,0.5,0.5,,1,2,,OFF
1790641180.3954422,6,345,1,ewma,4,2,,0.9925,0.9938,,0.5,0.5,,1,3,,OFF
1790641180.796889,7,339,1,ewma,4,2,,0.9931,0.9933,,0.5,0.5,,1,4,,OFF
1790641185.4362447,2,326,1,ewma,4,2,,0.9938,0.9773,,0.5,0.5,,1,5,,OFF
1790641186.0252035,1,346,1,ewma,4,2,,0.9901,0.988,,0.5,0.5,,1,6,,OFF
1790641187.0962245,8,320,1,ewma,4,2,,0.9941,0.9942,,0.5,0.5,,1,7,,OFF
1790641188.842897,9,323,1,ewma,4,2,,0.9943,0.9923,,0.5,0.5,,1,8,,OFF
1790641189.6242454,3,346,1,ewma,4,2,,0.9924,0.9942,,0.5,0.5,,1,9,,OFF
1790641192.711022,5,345,1,ewma,4,2,,0.7935,0.0,,0.5,0.6,,1,10,,OFF
1790641192.7959032,4,342,1,ewma,4,2,,0.8535,0.9933,,0.5,0.6,,1,11,,OFF
1790641193.6271803,6,346,1,ewma,4,2,,0.9933,0.994,,0.5,0.6,,1,12,,OFF
1790641194.563445,7,340,1,ewma,4,2,,0.9925,0.9942,,0.5,0.6,,1,13,,OFF
1790641198.7164667,10,345,0,ewma,4,1,,0.0,0.0,,0.6,0.5,,2,13,,OFF
1790641199.8583531,1,347,1,ewma,4,2,,0.8536,0.8689,,0.5,0.6,,2,14,,OFF
1790641201.8104115,9,324,1,ewma,4,2,,0.9926,0.9898,,0.5,0.6,,2,15,,OFF
1790641202.5298324,3,347,1,ewma,4,2,,0.9925,0.9942,,0.5,0.6,,2,16,,OFF
1790641204.7073128,2,327,0,ewma,4,2,,0.9916,0.9926,,0.5,0.6,,2,17,,UNKNOWN
1790641205.6052191,4,343,1,ewma,4,2,,0.993,0.9926,,0.5,0.68,,2,18,,UNKNOWN
1790641206.8283021,5,346,1,ewma,4,2,,0.9944,0.9937,,0.5,0.68,,2,19,,UNKNOWN
1790641207.2389352,7,341,1,ewma,4,2,,0.9925,0.9944,,0.5,0.68,,2,20,,UNKNOWN
1790641207.8556857,6,347,1,ewma,4,2,,0.9914,0.9938,,0.5,0.68,,2,21,,OFF
1790641209.1873233,10,346,1,ewma,4,2,,0.9914,0.9941,,0.48,0.5,,2,22,,OFF
1790641214.1917706,1,348,1,ewma,4,2,,0.9925,0.9924,,0.5,0.68,,2,23,,OFF
1790641215.3166146,8,322,1,ewma,4,1,,0.9262,0.9822,,0.5,0.5,,3,23,,OFF
1790641215.7390544,9,325,1,ewma,4,2,,0.8513,0.8019,,0.5,0.68,,3,24,,OFF
1790641216.2343698,3,348,1,ewma,4,2,,0.9925,0.9926,,0.5,0.68,,3,25,,OFF
1790641219.6589632,4,344,1,ewma,4,2,,0.9941,0.9932,,0.5,0.744,,3,26,,OFF
1790641220.65804,5,347,1,ewma,4,2,,0.8689,0.8991,,0.5,0.744,,3,27,,OFF
1790641221.5778172,6,348,1,ewma,4,2,,0.9933,0.9925,,0.5,0.744,,3,28,,OFF
1790641223.3317213,10,347,1,ewma,4,2,,0.9933,0.9925,,0.48,0.6,,3,29,,OFF
1790641225.7132397,7,342,0,ewma,4,2,,0.9915,0.9933,,0.5,0.744,,3,30,,OFF
1790641227.9187298,1,349,1,ewma,4,2,,0.0556,0.0,,0.5,0.744,,3,31,,OFF
1790641228.4345884,9,326,1,ewma,4,2,,0.9914,0.9932,,0.5,0.744,,3,32,,OFF
1790641229.380072,8,323,1,ewma,4,1,,0.9942,0.9933,,0.6,0.5,,4,32,,OFF
1790641229.9874876,3,349,1,ewma,4,2,,0.9914,0.9938,,0.5,0.744,,4,33,,OFF
1790641230.7955978,2,329,1,ewma,4,2,,0.9881,0.9916,,0.5,0.6,,4,34,,OFF
1790641233.8654985,5,348,1,ewma,4,2,,0.9925,0.9933,,0.5,0.7952,,4,35,,OFF
1790641234.3793366,4,345,1,ewma,4,2,,0.9938,0.9924,,0.5,0.7952,,4,36,,OFF
1790641235.6930015,7,343,1,ewma,4,2,,0.8944,0.9926,,0.5,0.5952,,4,37,,OFF
1790641237.7576737,10,348,1,ewma,4,2,,0.9924,0.9932,,0.48,0.68,,4,38,,OFF
1790641240.7187705,6,349,0,ewma,4,2,,0.9883,0.9901,,0.5,0.7952,,3,36,,OFF
1790641241.249295,1,350,1,ewma,4,2,,0.9914,0.9923,,0.5,0.7952,,3,36,,OFF
1790641241.7508743,9,327,1,ewma,4,2,,0.9942,0.9933,,0.5,0.7952,,3,37,,OFF
1790641242.9092658,8,324,1,ewma,4,1,,0.9916,0.9916,,0.68,0.5,,4,37,,OFF
1790641244.3365064,2,330,1,ewma,4,2,,0.9925,0.9943,,0.5,0.68,,4,38,,OFF
1790641246.9758077,4,346,1,ewma,4,2,,0.9924,0.9939,,0.5,0.8362,,4,37,,OFF
1790641247.856931,5,349,1,ewma,4,2,,0.9933,0.9933,,0.5,0.8362,,4,37,,OFF
1790641249.7308233,3,350,0,ewma,4,2,,0.9932,0.9924,,0.5,0.7952,,4,36,,OFF
1790641249.9484992,7,344,1,ewma,4,2,,0.9915,0.9939,,0.5,0.6762,,4,37,,OFF
1790641250.8587444,6,350,1,ewma,4,2,,0.9923,0.9933,,0.5,0.6362,,4,38,,OFF
1790641251.2676115,10,349,1,ewma,4,2,,0.9883,0.9915,,0.48,0.744,,4,39,,OFF
1790641254.744179,9,328,1,ewma,4,2,,0.9901,0.9901,,0.5,0.8362,,4,36,,OFF
1790641255.7883174,8,325,1,ewma,4,1,,0.9914,0.9933,,0.744,0.5,,5,36,,OFF
1790641257.1984973,1,351,1,ewma,4,2,,0.9937,0.9931,,0.5,0.6362,,5,37,,OFF
1790641258.5470905,2,331,1,ewma,4,2,,0.9882,0.9915,,0.5,0.744,,5,38,,OFF
1790641259.2648885,3,351,1,ewma,4,2,,0.9915,0.9933,,0.5,0.6362,,4,39,,OFF
1790641260.1097133,4,347,1,ewma,4,2,,0.9914,0.9938,,0.5,0.8689,,4,39,,OFF
1790641263.5601108,5,350,1,ewma,4,2,,0.0,0.0523,,0.5,0.6689,,4,38,,OFF
1790641264.5662873,6,351,1,ewma,4,2,,0.9942,0.0008,,0.5,0.7089,,4,39,,OFF
1790641264.9829893,10,350,1,ewma,4,2,,0.9913,0.9925,,0.48,0.7952,,4,39,,OFF
1790641269.4225812,9,329,1,ewma,4,2,,0.9925,0.9925,,0.5,0.8689,,4,35,,OFF
1790641269.7368746,7,345,0,ewma,4,2,,0.9915,0.9939,,0.5,0.7409,,4,36,,OFF
1790641269.8051453,1,352,1,ewma,4,2,,0.9915,0.9901,,0.5,0.7089,,4,37,,OFF
1790641271.6527967,2,332,1,ewma,4,2,,0.0,0.9912,,0.5,0.7952,,4,38,,OFF
1790641276.3416283,4,348,1,ewma,4,2,,0.99,0.9915,,0.5,0.6951,,3,36,,OFF
1790641276.7508457,5,351,1,ewma,4,2,,0.9938,0.9942,,0.5,0.7351,,3,37,,OFF
1790641277.7405963,8,326,0,ewma,4,1,,0.9932,0.9943,,0.5952,0.5,,4,37,,OFF
1790641278.1286848,10,351,1,ewma,4,2,,0.0,0.9915,,0.48,0.8362,,4,38,,OFF
1790641278.7428803,3,352,0,ewma,4,2,,0.9914,0.9926,,0.5,0.7089,,4,39,,OFF
1790641280.151094,7,346,1,ewma,4,2,,0.9914,0.9943,,0.5,0.5927,,4,39,,OFF
1790641283.1293492,9,330,1,ewma,4,2,,0.99,0.9914,,0.5,0.8951,,4,38,,OFF
1790641283.5280752,1,353,1,ewma,4,2,,0.9888,0.9805,,0.5,0.7671,,4,38,,OFF
1790641283.7454896,6,352,0,ewma,4,2,,0.9925,0.9888,,0.5,0.7671,,4,39,,OFF
1790641285.8914099,2,333,1,ewma,4,2,,0.9915,0.9915,,0.5,0.8362,,4,39,,OFF
1790641287.6494353,8,327,1,ewma,4,2,,0.0,0.0,,0.4762,0.5,,4,40,,OFF
1790641290.2172995,4,349,1,ewma,4,2,,0.9925,0.9924,,0.5,0.7561,,3,38,,OFF
1790641291.2108724,5,352,1,ewma,4,2,,0.9933,0.9941,,0.5,0.7881,,3,38,,OFF
1790641293.654408,6,353,1,ewma,4,2,,0.1818,0.0016,,0.5,0.6137,,3,39,,OFF
1790641295.0806625,7,347,1,ewma,4,1,,0.9938,0.9938,,0.5,0.4742,,4,37,,OFF
1790641304.4509208,1,354,1,ewma,4,2,,0.9888,0.0,,0.5,0.8137,,3,32,,ON
1790641304.4914043,9,331,1,ewma,4,2,,0.99,0.9915,,0.5,0.9161,,3,33,,ON
1790641304.5087936,2,334,1,ewma,4,2,,0.9915,0.9925,,0.5,0.8689,,3,34,,ON
1790641304.5258145,8,328,1,ewma,4,2,,0.0,0.9933,,0.4762,0.6,,3,35,,ON
1790641304.5444746,3,354,1,ewma,4,2,,0.9914,0.9938,,0.5,0.7089,,3,36,,ON
1790641305.3244925,5,353,1,ewma,4,2,,0.9925,0.9915,,0.5,0.8305,,3,37,,ON
1790641306.2767456,4,350,1,ewma,4,2,,0.9925,0.9925,,0.5,0.6049,,3,38,,OFF
1790641309.3546846,10,353,1,ewma,4,2,,0.9913,0.9925,,0.48,0.8362,,3,37,,OFF
1790641310.2331948,6,354,1,ewma,4,1,,0.9933,0.9931,,0.5,0.491,,4,35,,OFF
1790641311.4845343,7,348,1,ewma,4,2,,0.9925,0.9937,,0.4,0.4742,,4,34,,OFF
1790641312.1151032,1,355,1,ewma,4,2,,0.9914,0.9914,,0.5,0.651,,4,35,,OFF
1790641312.7043266,9,332,1,ewma,4,2,,0.9942,0.994,,0.5,0.7329,,4,36,,OFF
1790641314.6681883,2,335,1,ewma,4,2,,0.9925,0.9937,,0.5,0.6951,,4,37,,OFF
1790641318.1615832,8,329,1,ewma,4,2,,0.9933,0.9933,,0.4762,0.48,,3,36,,OFF
1790641319.2784262,4,351,1,ewma,4,2,,0.9901,0.9899,,0.5,0.6839,,3,35,,OFF
1790641319.8636434,3,355,1,ewma,4,2,,0.9914,0.0,,0.5,0.7671,,3,36,,OFF
1790641320.3915374,5,354,1,ewma,4,2,,0.9925,0.9938,,0.5,0.6644,,3,36,,OFF
1790641323.7856421,10,354,1,ewma,4,2,,0.9925,0.9933,,0.48,0.8689,,3,36,,OFF
1790641324.8949711,6,355,1,ewma,4,1,,0.9925,0.9926,,0.6,0.491,,4,35,,OFF
1790641325.525427,1,356,1,ewma,4,2,,0.9942,0.9914,,0.5,0.7208,,4,35,,OFF
1790641326.5390947,9,333,1,ewma,4,2,,0.9938,0.9915,,0.5,0.7863,,4,36,,OFF
1790641327.3512292,2,336,1,ewma,4,2,,0.0,0.9914,,0.5,0.7561,,4,37,,OFF
1790641331.9843578,8,330,1,ewma,4,2,,0.9938,0.9933,,0.4762,0.584,,4,34,,OFF
1790641332.291591,4,352,1,ewma,4,2,,0.9913,0.9924,,0.5,0.7471,,4,35,,OFF
1790641332.7726588,7,349,0,ewma,4,1,,0.0,0.9937,,0.4,0.3794,,5,35,,OFF
1790641333.1851516,3,356,1,ewma,4,2,,0.9925,0.9926,,0.5,0.8137,,5,36,,OFF
1790641335.9748578,5,355,1,ewma,4,2,,0.9925,0.9933,,0.5,0.5315,,5,37,,OFF
1790641337.3743277,10,355,1,ewma,4,2,,0.9915,0.9938,,0.48,0.8951,,5,36,,OFF
1790641339.0117896,6,356,1,ewma,4,1,,0.0,0.0,,0.68,0.491,,5,34,,OFF
1790641339.7437203,9,334,1,ewma,4,2,,0.9915,0.9925,,0.5,0.8291,,5,35,,OFF
1790641340.295831,2,337,1,ewma,4,2,,0.9937,0.9933,,0.5,0.8049,,5,35,,OFF
1790641342.274664,7,350,1,ewma,4,2,,0.9933,0.9914,,0.32,0.3794,,5,36,,OFF
1790641344.7625701,8,331,1,ewma,4,2,,0.9913,0.9941,,0.4762,0.6672,,5,34,,OFF
1790641344.778206,1,357,0,ewma,4,2,,0.9925,0.9925,,0.5,0.7766,,5,35,,OFF
1790641346.5024052,3,357,1,ewma,4,2,,0.9933,0.9938,,0.5,0.851,,5,35,,OFF
1790641348.5493295,4,353,1,ewma,4,2,,0.9915,0.9942,,0.5,0.5977,,5,35,,OFF
1790641350.8127224,10,356,1,ewma,4,2,,0.9913,0.9942,,0.48,0.9161,,5,35,,OFF
1790641351.1141055,5,356,1,ewma,4,1,,0.9922,0.993,,0.5,0.4252,,6,35,,OFF
1790641352.6694274,6,357,1,ewma,4,1,,0.9902,0.9938,,0.744,0.491,,7,34,,OFF
1790641353.2637434,9,335,1,ewma,4,2,,0.9915,0.9925,,0.5,0.8632,,7,35,,OFF
1790641354.567314,2,338,1,ewma,4,2,,0.9938,0.9915,,0.5,0.8439,,7,35,,OFF
1790641355.4391344,1,358,1,ewma,4,2,,0.9899,0.9902,,0.5,0.6213,,6,36,,OFF
1790641356.2428784,7,351,1,ewma,4,2,,0.9938,0.9913,,0.32,0.5035,,6,37,,OFF
1790641358.1755257,8,332,1,ewma,4,2,,0.9914,0.9937,,0.4762,0.7338,,6,38,,OFF
1790641359.7790453,3,358,1,ewma,4,2,,0.9913,0.9933,,0.5,0.8808,,6,39,,OFF
1790641362.4755104,4,354,1,ewma,4,2,,0.9925,0.9902,,0.5,0.6782,,6,40,,OFF
1790641363.7963214,10,357,1,ewma,4,2,,0.9451,0.9926,,0.48,0.9329,,6,41,,OFF
1790641366.061931,5,357,1,ewma,4,2,,0.9932,0.9933,,0.4,0.4252,,6,36,,OFF
1790641366.5920775,9,336,1,ewma,4,2,,0.9933,0.9938,,0.5,0.8906,,6,36,,OFF
1790641367.700453,2,339,1,ewma,4,2,,0.9925,0.9933,,0.5,0.8751,,6,37,,OFF
1790641368.147058,6,358,1,ewma,4,1,,0.9925,0.9933,,0.5952,0.491,,7,37,,OFF
1790641368.63701,1,359,1,ewma,4,2,,0.99,0.9914,,0.5,0.697,,7,38,,OFF
1790641369.6442378,7,352,1,ewma,4,2,,0.9915,0.9915,,0.32,0.6028,,7,38,,OFF
1790641370.77902,8,333,1,ewma,4,2,,0.9914,0.9933,,0.4762,0.787,,6,39,,OFF
1790641373.8373084,3,359,1,ewma,4,2,,0.9914,0.9942,,0.5,0.9046,,6,37,,OFF
1790641375.4666774,4,355,1,ewma,4,2,,0.9933,0.99,,0.5,0.7425,,6,37,,OFF
1790641377.75248,10,358,1,ewma,4,2,,0.9924,0.9932,,0.48,0.9463,,6,38,,OFF
1790641378.868721,5,358,1,ewma,4,2,,0.9915,0.9933,,0.4,0.5402,,6,38,,OFF
1790641380.6289618,9,337,1,ewma,4,2,,0.9861,0.9842,,0.5,0.9125,,6,36,,OFF
1790641381.3064709,6,359,1,ewma,4,1,,0.9913,0.9942,,0.6762,0.491,,7,36,,OFF
1790641382.359298,1,360,1,ewma,4,2,,0.9899,0.988,,0.5,0.7576,,7,37,,OFF
1790641382.8780932,7,353,1,ewma,4,2,,0.9925,0.9933,,0.32,0.6822,,7,38,,OFF
1790641384.5241373,8,334,1,ewma,4,2,,0.9913,0.9933,,0.4762,0.8296,,7,38,,OFF
1790641385.8066523,2,340,0,ewma,4,2,,0.9938,0.9926,,0.5,0.9001,,6,38,,OFF
1790641388.0803626,3,360,1,ewma,4,2,,0.9938,0.9938,,0.5,0.9237,,6,37,,OFF
1790641391.7694535,4,356,1,ewma,4,2,,0.9936,0.9939,,0.5,0.594,,6,38,,OFF
1790641393.792259,9,338,1,ewma,4,2,,0.9925,0.9925,,0.5,0.93,,5,36,,OFF
1790641394.310262,6,360,1,ewma,4,1,,0.0,0.0,,0.7409,0.491,,6,36,,OFF
1790641394.6236553,10,359,1,ewma,4,2,,0.9914,0.9925,,0.48,0.7571,,6,37,,OFF
1790641396.1633434,2,341,1,ewma,4,2,,0.0,0.9815,,0.5,0.7201,,6,37,,OFF
1790641396.811431,5,359,0,ewma,4,2,,0.9938,0.9941,,0.4,0.6321,,6,38,,OFF
1790641396.8824456,7,354,1,ewma,4,2,,0.9925,0.9915,,0.32,0.7458,,6,39,,OFF
1790641397.6092782,8,335,1,ewma,4,2,,0.9915,0.9915,,0.4762,0.8637,,6,39,,OFF
1790641401.4000351,3,361,1,ewma,4,2,,0.9915,0.9942,,0.5,0.939,,5,38,,ON
1790641405.7873375,4,357,1,ewma,4,2,,0.9936,0.9898,,0.5,0.6752,,5,36,,ON
1790641406.8099024,9,339,1,ewma,4,2,,0.0,0.3538,,0.5,0.944,,5,36,,ON
1790641446.0112162,3,364,1,snr-greedy,4,2,,0.9913,0.9924,,12.25,12.5,,0,1,,OFF
1790641452.5075376,9,342,1,snr-greedy,4,1,,0.9901,0.0,,12.0,1.0,,1,1,,OFF
1790641453.0378501,5,363,1,snr-greedy,4,1,,0.9938,0.9931,,13.0,12.75,,2,1,,OFF
1790641454.4211795,4,360,1,snr-greedy,4,2,,0.9881,0.99,,11.75,12.0,,2,2,,OFF
1790641456.5006385,2,345,1,snr-greedy,4,1,,0.9932,0.9925,,12.75,12.5,,3,2,,OFF
1790641457.1894367,1,365,1,snr-greedy,4,1,,0.9938,0.9914,,13.0,12.25,,4,2,,OFF
1790641457.8210166,7,358,1,snr-greedy,4,2,,0.1016,0.9878,,8.75,12.5,,4,3,,UNKNOWN
1790641457.919849,8,339,1,snr-greedy,4,2,,0.9878,0.8858,,12.5,12.75,,4,4,,UNKNOWN
1790641461.3001308,3,365,1,snr-greedy,4,2,,0.9874,0.9942,,11.75,13.25,,4,5,,OFF
1790641461.3618968,10,363,0,snr-greedy,4,1,,0.0,0.0,,1.25,0.25,,5,5,,OFF
1790641461.3631155,6,364,0,snr-greedy,4,1,,0.9931,0.9878,,12.75,12.5,,6,5,,OFF
1790641467.2691054,9,343,1,snr-greedy,4,1,,0.9942,0.9933,,13.25,12.75,,7,5,,OFF
1790641468.554896,4,361,1,snr-greedy,4,2,,0.9901,0.9933,,12.0,12.75,,7,6,,OFF
1790641469.190381,5,364,1,snr-greedy,4,1,,0.9942,0.9933,,13.25,12.75,,8,6,,OFF
1790641470.407586,2,346,1,snr-greedy,4,2,,0.0,0.4687,,2.75,9.25,,8,7,,OFF
1790641471.1445558,7,359,1,snr-greedy,4,1,,0.9921,0.9913,,12.75,12.25,,9,7,,OFF
1790641472.453026,1,366,1,snr-greedy,4,1,,0.9933,0.9924,,12.75,12.5,,10,7,,OFF
1790641475.2243738,3,366,1,snr-greedy,4,2,,0.9898,0.9944,,12.0,13.5,,10,8,,OFF
1790641476.3865836,8,340,0,snr-greedy,4,2,,0.0,0.8858,,5.0,12.75,,10,9,,OFF
1790641481.3970375,4,362,1,snr-greedy,4,1,,0.9942,0.9931,,13.25,12.75,,11,9,,OFF
1790641482.4364626,5,365,1,snr-greedy,4,2,,0.9924,0.9938,,12.5,13.0,,11,10,,OFF
1790641482.6998417,9,344,1,snr-greedy,4,2,,0.9927,0.9933,,12.75,13.0,,11,11,,OFF
1790641484.4327507,7,360,1,snr-greedy,4,1,,0.9915,0.9914,,12.25,12.25,,12,11,,OFF
1790641484.8320608,2,347,1,snr-greedy,4,1,,0.9932,0.9932,,12.75,12.75,,13,11,,OFF
1790641486.3851686,6,366,1,snr-greedy,4,2,,0.0,0.0,,2.75,2.75,,13,12,,OFF
1790641486.8407302,8,341,1,snr-greedy,4,2,,0.0,0.0,,-0.75,0.75,,13,13,,OFF
1790641487.132616,10,365,1,snr-greedy,4,2,,0.9938,0.9942,,13.0,13.25,,13,14,,OFF
1790641487.9548752,3,367,1,snr-greedy,4,2,,0.9932,0.9941,,12.75,13.25,,13,15,,OFF
1790641491.4042883,1,367,0,snr-greedy,4,1,,0.9915,0.9881,,12.25,11.75,,14,15,,OFF
1790641496.0152051,4,363,1,snr-greedy,4,1,,0.9933,0.9915,,12.75,12.25,,15,15,,OFF
1790641496.939962,5,366,1,snr-greedy,4,2,,0.0,0.9933,,1.0,12.75,,15,16,,OFF
1790641497.3338854,9,345,1,snr-greedy,4,1,,0.9937,0.9931,,13.0,12.75,,16,16,,OFF
1790641497.6450458,2,348,1,snr-greedy,4,1,,0.9925,0.9901,,12.5,12.0,,17,16,,OFF
1790641500.5510879,8,342,1,snr-greedy,4,1,,0.9937,0.9924,,13.0,12.5,,18,16,,OFF
1790641500.9508142,7,361,1,snr-greedy,4,2,,0.9794,0.9914,,11.25,12.25,,18,17,,OFF
1790641501.2278702,10,366,1,snr-greedy,4,2,,0.9919,0.9941,,12.5,13.25,,18,18,,OFF
1790641502.4812016,1,368,1,snr-greedy,4,2,,0.9914,0.9912,,12.25,12.25,,18,19,,OFF
1790641505.4088879,6,367,0,snr-greedy,4,2,,0.9885,0.9898,,12.75,13.0,,18,20,,ON
1790641508.8263068,4,364,1,snr-greedy,4,2,,0.9703,0.9923,,10.75,12.5,,18,20,,ON
1790641512.2052906,9,346,1,snr-greedy,4,1,,0.9933,0.9924,,12.75,12.5,,19,20,,OFF
1790641512.9217427,5,367,1,snr-greedy,4,2,,0.9925,0.9942,,12.5,13.25,,18,21,,OFF
1790641513.6110802,2,349,1,snr-greedy,4,2,,0.9883,0.9915,,11.75,12.25,,17,22,,OFF
1790641514.2398686,8,343,1,snr-greedy,4,1,,0.9941,0.9933,,13.25,12.75,,18,22,,OFF
1790641515.5601513,10,367,1,snr-greedy,4,1,,0.0,0.0,,3.0,-1.25,,19,21,,OFF
1790641516.5041072,6,368,1,snr-greedy,4,2,,0.9902,0.9902,,12.0,12.0,,18,22,,OFF
1790641517.1953082,7,362,1,snr-greedy,4,2,,0.9915,0.9942,,12.25,13.25,,17,23,,OFF
1790641522.43075,3,369,0,snr-greedy,4,1,,0.8629,0.2444,,12.0,8.25,,16,20,,OFF
1790641522.5275042,4,365,1,snr-greedy,4,1,,0.9933,0.9925,,12.75,12.5,,17,20,,OFF
1790641526.2208905,9,347,1,snr-greedy,4,1,,0.9937,0.9932,,13.0,12.75,,18,20,,OFF
1790641526.5395825,2,350,1,snr-greedy,4,2,,0.0,0.9478,,0.5,10.5,,18,21,,OFF
1790641529.0887709,10,368,1,snr-greedy,4,1,,0.9932,0.9924,,12.75,12.5,,18,20,,OFF
1790641530.006263,7,363,1,snr-greedy,4,2,,0.0,0.9933,,3.75,12.75,,17,21,,OFF
1790641530.3307817,1,370,1,snr-greedy,4,2,,0.0,0.9912,,0.75,12.25,,17,22,,OFF
1790641530.4113843,6,369,1,snr-greedy,4,2,,0.9924,0.8692,,12.5,12.5,,17,22,,OFF
1790641532.4360812,8,344,0,snr-greedy,4,2,,0.9926,0.9939,,12.5,13.0,,16,23,,OFF
1790641533.0024893,3,370,1,snr-greedy,4,2,,0.9925,0.9939,,12.5,13.0,,15,24,,OFF
1790641535.8537774,4,366,1,snr-greedy,4,2,,0.9925,0.9941,,12.5,13.25,,15,24,,OFF
1790641540.5573542,2,351,1,snr-greedy,4,1,,0.9933,0.9901,,12.75,12.0,,16,23,,OFF
1790641541.6049619,9,348,1,snr-greedy,4,1,,0.9925,0.9925,,12.5,12.5,,16,23,,OFF
1790641542.3730597,8,345,1,snr-greedy,4,1,,0.9943,0.8943,,13.5,13.25,,17,23,,OFF
1790641543.016983,1,371,1,snr-greedy,4,2,,0.0,0.0,,0.0,2.75,,17,22,,OFF
1790641545.2781968,6,370,1,snr-greedy,4,2,,0.9942,0.9941,,13.25,13.25,,15,23,,OFF
1790641547.4579077,10,369,0,snr-greedy,4,2,,0.9821,0.9925,,11.25,12.5,,15,21,,OFF
1790641547.4583607,3,371,1,snr-greedy,4,2,,0.9925,0.9942,,12.5,13.25,,15,22,,OFF
1790641548.4605346,7,364,0,snr-greedy,4,2,,0.0,0.9933,,-2.25,12.75,,15,22,,OFF
1790641550.3195133,4,367,1,snr-greedy,4,2,,0.9882,0.988,,11.75,11.75,,15,23,,OFF
1790641554.575328,2,352,1,snr-greedy,4,2,,0.9915,0.9916,,12.25,12.25,,14,24,,OFF
1790641556.0122275,8,346,1,snr-greedy,4,2,,0.9939,0.9939,,13.0,13.0,,14,25,,ON
1790641557.0252595,1,372,1,snr-greedy,4,2,,0.2329,0.8535,,9.25,12.25,,13,25,,ON
1790641557.0595148,9,349,1,snr-greedy,4,1,,0.9933,0.8535,,12.75,12.25,,14,25,,ON
1790641558.1602006,10,370,1,snr-greedy,4,2,,0.9915,0.9933,,12.25,12.75,,12,26,,ON
1790641559.0033162,5,370,1,snr-greedy,4,2,,0.0,0.0735,,1.75,8.5,,12,27,,ON
1790641559.8912785,6,371,1,snr-greedy,4,2,,0.0,0.9756,,3.25,11.0,,12,28,,ON
1790641562.1606448,3,372,1,snr-greedy,4,1,,0.9925,0.0001,,12.5,6.0,,12,26,,OFF
1790641563.8068333,4,368,1,snr-greedy,4,2,,0.9925,0.9925,,12.5,12.5,,12,26,,OFF
1790641564.4704616,7,365,0,snr-greedy,4,1,,0.0,0.0,,3.5,1.5,,13,26,,OFF
1790641567.5139303,2,353,1,snr-greedy,4,2,,0.9924,0.9932,,12.5,12.75,,13,26,,OFF
1790641569.4331024,8,347,1,snr-greedy,4,2,,0.9925,0.9942,,12.5,13.25,,13,26,,OFF
1790641570.988736,1,373,1,snr-greedy,4,1,,0.9914,0.9882,,12.25,11.75,,14,26,,OFF
1790641572.6489325,10,371,1,snr-greedy,4,2,,0.0,0.9933,,0.5,12.75,,13,27,,OFF
1790641573.154746,9,350,1,snr-greedy,4,1,,0.9933,0.9915,,12.75,12.25,,14,26,,OFF
1790641573.469131,5,371,1,snr-greedy,4,2,,0.0,0.003,,2.0,7.25,,14,27,,OFF
1790641574.027393,7,366,1,snr-greedy,4,2,,0.991,0.992,,12.25,12.5,,14,27,,OFF
1790641574.5377004,6,372,1,snr-greedy,4,2,,0.9901,0.9938,,12.0,13.0,,13,28,,OFF
1790641575.053017,3,373,1,snr-greedy,4,2,,0.9933,0.9938,,12.75,13.0,,13,29,,OFF
1790641578.981105,4,369,1,snr-greedy,4,2,,0.9914,0.9925,,12.25,12.5,,12,28,,OFF
1790641580.4805076,2,354,1,snr-greedy,4,1,,0.9915,0.9901,,12.25,12.0,,13,28,,OFF
1790641582.3494787,8,348,1,snr-greedy,4,2,,0.9925,0.9933,,12.5,12.75,,13,29,,OFF
1790641583.8791218,1,374,1,snr-greedy,4,1,,0.9914,0.9901,,12.25,12.0,,12,29,,OFF
1790641585.919235,9,351,1,snr-greedy,4,2,,0.9932,0.9937,,12.75,13.0,,12,30,,OFF
1790641586.756255,5,372,1,snr-greedy,4,2,,0.9861,0.9875,,12.5,12.75,,11,30,,OFF
1790641587.35223,7,367,1,snr-greedy,4,2,,0.9914,0.9933,,12.25,12.75,,11,31,,OFF
1790641589.0165465,3,374,1,snr-greedy,4,2,,0.9914,0.9942,,12.25,13.25,,11,32,,OFF
1790641591.485275,10,372,0,snr-greedy,4,1,,0.99,0.9933,,13.25,12.75,,11,29,,OFF
1790641591.7959213,4,370,1,snr-greedy,4,2,,0.9924,0.9943,,12.5,13.5,,11,30,,OFF
1790641594.1256502,2,355,1,snr-greedy,4,1,,0.9916,0.9916,,12.25,12.25,,12,28,,OFF
1790641594.4867866,6,373,0,snr-greedy,4,2,,0.9937,0.9942,,13.0,13.25,,12,29,,OFF
1790641595.8401053,8,349,1,snr-greedy,4,2,,0.9916,0.9933,,12.25,12.75,,12,30,,OFF
1790641596.6880457,1,375,1,snr-greedy,4,1,,0.9938,0.99,,13.0,12.0,,13,29,,OFF
1790641600.3480334,5,373,1,snr-greedy,4,2,,0.9932,0.9941,,12.75,13.25,,13,30,,OFF
1790641601.7181687,3,375,1,snr-greedy,4,1,,0.9914,0.0054,,12.25,7.5,,12,30,,OFF
1790641602.3109417,9,352,1,snr-greedy,4,1,,0.0,0.0,,3.75,2.75,,13,30,,OFF
1790641602.7342503,10,373,1,snr-greedy,4,1,,0.9933,0.9915,,12.75,12.25,,13,30,,OFF
1790641605.3125894,6,374,1,snr-greedy,4,2,,0.9914,0.9925,,12.25,12.5,,13,29,,OFF
1790641606.1964967,4,371,1,snr-greedy,4,1,,0.9915,0.9914,,12.25,12.25,,14,29,,OFF
1790641608.4522777,2,356,1,snr-greedy,4,2,,0.9915,0.9925,,12.25,12.5,,14,28,,OFF
1790641609.5804617,1,376,1,snr-greedy,4,2,,0.9902,0.9932,,12.0,12.75,,14,28,,OFF
1790641610.4961016,8,350,1,snr-greedy,4,1,,0.9933,0.9933,,12.75,12.75,,15,27,,UNKNOWN
1790641614.0777702,5,374,1,snr-greedy,4,2,,0.9932,0.9943,,12.75,13.5,,15,28,,UNKNOWN
1790641615.438951,3,376,1,snr-greedy,4,1,,0.9915,0.9902,,12.25,12.0,,16,27,,UNKNOWN
1790641616.465722,9,353,1,snr-greedy,4,1,,0.991,0.9911,,12.25,12.25,,17,26,,UNKNOWN
1790641616.7351258,7,369,1,snr-greedy,4,1,,0.9942,0.9933,,13.25,12.75,,18,26,,UNKNOWN
1790641618.278433,10,374,1,snr-greedy,4,2,,0.9914,0.9933,,12.25,12.75,,17,25,,UNKNOWN
1790641618.4878845,6,375,1,snr-greedy,4,1,,0.9925,0.9915,,12.5,12.25,,18,25,,UNKNOWN
1790641620.9615517,2,357,1,snr-greedy,4,1,,0.9932,0.9925,,12.75,12.5,,19,23,,OFF
1790641621.9632692,4,372,1,snr-greedy,4,1,,0.9941,0.9923,,13.25,12.5,,20,23,,OFF
1790641622.78427,1,377,1,snr-greedy,4,1,,0.9925,0.9925,,12.5,12.5,,20,23,,OFF
1790641626.708274,8,351,1,snr-greedy,4,1,,0.7418,0.4613,,9.75,9.25,,20,22,,OFF
1790641629.33727,9,354,1,snr-greedy,4,1,,0.9943,0.9925,,13.5,12.5,,21,21,,OFF
1790641629.8559759,7,370,1,snr-greedy,4,1,,0.9933,0.99,,12.75,12.0,,22,20,,OFF
1790641630.2598562,3,377,1,snr-greedy,4,2,,0.9924,0.9939,,12.5,13.25,,22,21,,OFF
1790641631.1911626,10,375,1,snr-greedy,4,2,,0.9925,0.9925,,12.5,12.5,,21,22,,OFF
1790641632.105033,6,376,1,snr-greedy,4,1,,0.9933,0.9925,,12.75,12.5,,22,22,,OFF
1790641635.1803954,4,373,1,snr-greedy,4,1,,0.9899,0.5059,,12.0,9.0,,22,17,,OFF
1790641635.6710532,2,358,1,snr-greedy,4,1,,0.9916,0.9856,,12.25,11.5,,23,17,,OFF
1790641635.980054,1,378,1,snr-greedy,4,1,,0.9931,0.9923,,12.75,12.5,,24,17,,OFF
1790641641.3307483,8,352,1,snr-greedy,4,2,,0.9915,0.9938,,12.25,13.0,,23,17,,OFF
1790641641.9244757,5,376,1,snr-greedy,4,1,,0.9925,0.9925,,12.5,12.5,,24,17,,OFF
1790641642.1664524,9,355,1,snr-greedy,4,2,,0.9911,0.9937,,12.25,13.0,,24,18,,OFF
1790641644.3933449,7,371,1,snr-greedy,4,1,,0.9938,0.9925,,13.0,12.5,,24,17,,OFF
1790641644.8958077,3,378,1,snr-greedy,4,2,,0.9915,0.9933,,12.25,12.75,,24,18,,OFF
1790641645.551483,10,376,1,snr-greedy,4,1,,0.9937,0.9925,,13.0,12.5,,25,18,,OFF
1790641647.0643766,6,377,1,snr-greedy,4,2,,0.9925,0.9941,,12.5,13.25,,25,17,,OFF
1790641649.6559658,2,359,1,snr-greedy,4,2,,0.9901,0.9941,,12.0,13.25,,25,16,,OFF
1790641650.2155297,4,374,1,snr-greedy,4,2,,0.99,0.9925,,12.0,12.5,,25,17,,OFF
1790641650.7490344,1,379,1,snr-greedy,4,1,,0.9914,0.9898,,12.25,12.0,,26,17,,OFF
1790641655.7698312,8,353,1,snr-greedy,4,1,,0.9938,0.9926,,13.0,12.5,,25,15,,OFF
1790641656.255034,5,377,1,snr-greedy,4,1,,0.9915,0.9915,,12.25,12.25,,26,14,,OFF
1790641657.0019836,9,356,1,snr-greedy,4,2,,0.9925,0.9926,,12.5,12.5,,25,15,,OFF
1790641657.916265,7,372,1,snr-greedy,4,1,,0.9942,0.9916,,13.25,12.25,,26,15,,OFF
1790641659.3337252,3,379,1,snr-greedy,4,2,,0.9932,0.9943,,12.75,13.5,,26,16,,OFF
1790641660.48251,6,378,1,snr-greedy,4,1,,0.9942,0.9942,,13.25,13.25,,27,15,,OFF
1790641663.3327632,2,360,1,snr-greedy,4,1,,0.9938,0.9901,,13.0,12.0,,25,15,,OFF
1790641663.845256,4,375,1,snr-greedy,4,1,,0.9925,0.9914,,12.5,12.25,,26,15,,OFF
1790641664.5214844,10,377,0,snr-greedy,4,2,,0.9933,0.9941,,12.75,13.25,,26,16,,OFF
1790641664.8914273,1,380,1,snr-greedy,4,2,,0.9924,0.9924,,12.5,12.5,,26,17,,OFF
1790641670.005687,5,378,1,snr-greedy,4,1,,0.9909,0.9933,,13.25,12.75,,26,14,,UNKNOWN
1790641670.5399208,7,373,1,snr-greedy,4,2,,0.9933,0.9938,,12.75,13.0,,25,15,,UNKNOWN
1790641671.5491335,8,354,1,snr-greedy,4,1,,0.0,0.0,,4.25,3.75,,26,15,,OFF
1790641674.1881483,3,380,1,snr-greedy,4,2,,0.9925,0.9933,,12.5,12.75,,26,15,,OFF
1790641675.3039486,10,378,1,snr-greedy,4,2,,0.0,0.9932,,2.75,12.75,,26,16,,OFF
1790641676.1240222,2,361,1,snr-greedy,4,2,,0.9916,0.9915,,12.25,12.25,,25,17,,OFF
1790641676.553809,9,357,0,snr-greedy,4,1,,0.9933,0.9933,,12.75,12.75,,25,17,,OFF
1790641677.5608015,1,381,1,snr-greedy,4,1,,0.9941,0.9914,,13.25,12.25,,25,17,,OFF
1790641716.568811,8,357,1,round-robin,4,1,,0.9933,0.9938,,nan,nan,,1,0,,OFF
1790641717.4807477,3,383,1,round-robin,4,1,,0.9915,0.9915,,nan,nan,,2,0,,OFF
1790641718.7198126,9,360,1,round-robin,4,1,,0.0,0.0174,,nan,nan,,3,0,,OFF
1790641719.9545472,10,381,1,round-robin,4,1,,0.9937,0.9943,,nan,nan,,4,0,,OFF
1790641721.367811,2,364,1,round-robin,4,1,,0.9915,0.9901,,nan,nan,,5,0,,OFF
1790641723.4668763,6,382,1,round-robin,4,1,,0.9942,0.9927,,nan,nan,,6,0,,OFF
1790641725.1858273,4,379,1,round-robin,4,1,,0.9915,0.9915,,nan,nan,,7,0,,OFF
1790641729.048008,1,384,0,round-robin,4,1,,0.9839,0.9923,,nan,nan,,8,0,,OFF
1790641729.6024969,5,382,1,round-robin,4,1,,0.9931,0.9942,,nan,nan,,9,0,,OFF
1790641730.7451115,3,384,1,round-robin,4,2,,0.9932,0.9925,,nan,nan,,9,1,,OFF
1790641731.540536,8,358,1,round-robin,4,2,,0.9901,0.9915,,nan,nan,,9,2,,OFF
1790641732.6686852,9,361,1,round-robin,4,2,,0.9921,0.9935,,nan,nan,,9,3,,OFF
1790641733.0689325,10,382,1,round-robin,4,2,,0.9907,0.9922,,nan,nan,,9,4,,OFF
1790641734.2900057,2,365,1,round-robin,4,2,,0.9915,0.9941,,nan,nan,,9,5,,OFF
1790641736.4472544,6,383,1,round-robin,4,2,,0.9883,0.9933,,nan,nan,,9,6,,OFF
1790641738.382223,1,385,1,round-robin,4,2,,0.9902,0.9915,,nan,nan,,9,7,,OFF
1790641739.5284991,4,380,1,round-robin,4,2,,0.988,0.9933,,nan,nan,,9,8,,OFF
1790641740.0751257,7,377,0,round-robin,4,1,,0.9899,0.9878,,nan,nan,,10,8,,OFF
1790641744.2802188,3,385,1,round-robin,4,1,,0.9925,0.9938,,nan,nan,,11,8,,OFF
1790641744.6442115,5,383,1,round-robin,4,2,,0.9901,0.9915,,nan,nan,,11,9,,OFF
1790641745.2498686,8,359,1,round-robin,4,1,,0.9915,0.9933,,nan,nan,,12,9,,OFF
1790641746.1040857,9,362,1,round-robin,4,1,,0.9925,0.9933,,nan,nan,,13,9,,OFF
1790641748.8328679,2,366,1,round-robin,4,1,,0.0,0.9463,,nan,nan,,14,9,,OFF
1790641749.4637468,7,378,1,round-robin,4,2,,0.9877,0.9857,,nan,nan,,14,10,,OFF
1790641751.5060906,1,386,1,round-robin,4,1,,0.9916,0.9915,,nan,nan,,15,10,,OFF
1790641752.422505,4,381,1,round-robin,4,1,,0.9915,0.9915,,nan,nan,,16,10,,OFF
1790641754.0789063,10,383,0,round-robin,4,1,,0.9881,0.9932,,nan,nan,,17,10,,OFF
1790641754.0798578,6,384,0,round-robin,4,1,,0.9936,0.9933,,nan,nan,,18,10,,OFF
1790641757.852817,3,386,1,round-robin,4,2,,0.9944,0.9944,,nan,nan,,18,11,,OFF
1790641760.4294283,5,384,1,round-robin,4,1,,0.0,0.0,,nan,nan,,19,11,,OFF
1790641761.026764,8,360,1,round-robin,4,2,,0.99,0.9885,,nan,nan,,19,12,,OFF
1790641762.901211,7,379,1,round-robin,4,1,,0.9937,0.9941,,nan,nan,,20,12,,OFF
1790641763.586041,2,367,1,round-robin,4,2,,0.993,0.9933,,nan,nan,,20,13,,OFF
1790641764.1934745,6,385,1,round-robin,4,2,,0.9932,0.9925,,nan,nan,,20,14,,OFF
1790641764.410063,10,384,1,round-robin,4,2,,0.9926,0.9926,,nan,nan,,20,15,,OFF
1790641765.417171,1,387,1,round-robin,4,2,,0.9915,0.9899,,nan,nan,,20,16,,OFF
1790641766.0875635,9,363,0,round-robin,4,2,,0.9941,0.9942,,nan,nan,,20,17,,ON
1790641766.254959,4,382,1,round-robin,4,2,,0.9925,0.99,,nan,nan,,20,18,,ON
1790641771.2555165,3,387,1,round-robin,4,1,,0.9925,0.9942,,nan,nan,,21,18,,OFF
1790641774.1449192,5,385,1,round-robin,4,2,,0.9942,0.9915,,nan,nan,,21,19,,OFF
1790641775.5807252,7,380,1,round-robin,4,2,,0.9933,0.9938,,nan,nan,,21,20,,OFF
1790641776.0697925,9,364,1,round-robin,4,1,,0.9464,0.9575,,nan,nan,,22,20,,OFF
1790641776.3799417,2,368,1,round-robin,4,1,,0.9857,0.9924,,nan,nan,,23,20,,OFF
1790641777.7075677,10,385,1,round-robin,4,1,,0.9938,0.9933,,nan,nan,,22,20,,OFF
1790641778.2176814,6,386,1,round-robin,4,1,,0.9925,0.9925,,nan,nan,,23,20,,OFF
1790641778.62109,1,388,1,round-robin,4,1,,0.9929,0.991,,nan,nan,,24,20,,OFF
1790641779.781664,4,383,1,round-robin,4,1,,0.994,0.9925,,nan,nan,,24,20,,OFF
1790641781.0922801,8,361,0,round-robin,4,1,,0.0,0.0,,nan,nan,,24,20,,OFF
1790641784.3114438,3,388,1,round-robin,4,2,,0.9915,0.9938,,nan,nan,,22,21,,OFF
1790641788.0688431,5,386,1,round-robin,4,1,,0.9916,0.9933,,nan,nan,,22,21,,OFF
1790641788.6133926,7,381,1,round-robin,4,1,,0.9938,0.9932,,nan,nan,,23,21,,OFF
1790641789.0849595,9,365,1,round-robin,4,2,,0.9938,0.9915,,nan,nan,,22,22,,OFF
1790641790.1985698,10,386,1,round-robin,4,2,,0.9924,0.9926,,nan,nan,,21,23,,OFF
1790641790.8308127,8,362,1,round-robin,4,2,,0.9925,0.9938,,nan,nan,,21,23,,OFF
1790641792.6029334,2,369,1,round-robin,4,2,,0.0,0.9747,,nan,nan,,21,23,,OFF
1790641793.905046,4,384,1,round-robin,4,2,,0.0158,0.9933,,nan,nan,,21,22,,OFF
1790641794.3267047,6,387,1,round-robin,4,2,,0.9938,0.9936,,nan,nan,,21,22,,OFF
1790641798.102017,1,389,0,round-robin,4,2,,0.9938,0.9899,,nan,nan,,21,22,,OFF
1790641800.13443,3,389,1,round-robin,4,1,,0.9924,0.9941,,nan,nan,,21,20,,OFF
1790641800.8924687,5,387,1,round-robin,4,2,,0.9937,0.9944,,nan,nan,,21,21,,OFF
1790641802.0072079,7,382,1,round-robin,4,2,,0.99,0.9933,,nan,nan,,21,22,,OFF
1790641803.0141633,10,387,1,round-robin,4,1,,0.9113,0.0,,nan,nan,,22,22,,OFF
1790641804.2431598,9,366,1,round-robin,4,1,,0.9933,0.9925,,nan,nan,,23,22,,OFF
1790641805.971269,2,370,1,round-robin,4,1,,0.9932,0.9933,,nan,nan,,22,21,,OFF
1790641806.4991431,4,385,1,round-robin,4,1,,0.9932,0.9914,,nan,nan,,22,21,,OFF
1790641808.5407732,6,388,1,round-robin,4,1,,0.9936,0.0,,nan,nan,,23,21,,OFF
1790641808.9519286,1,390,1,round-robin,4,1,,0.9915,0.9923,,nan,nan,,23,21,,OFF
1790641809.1062815,8,363,0,round-robin,4,1,,0.9942,0.9933,,nan,nan,,24,21,,OFF
1790641815.307624,5,388,1,round-robin,4,1,,0.9933,0.9932,,nan,nan,,21,20,,ON
1790641816.1074355,10,388,1,round-robin,4,2,,0.9925,0.9911,,nan,nan,,21,21,,ON
1790641816.4205873,3,390,1,round-robin,4,2,,0.0553,0.0,,nan,nan,,21,22,,ON
1790641819.5093203,8,364,1,round-robin,4,2,,0.9915,0.9933,,nan,nan,,21,22,,OFF
1790641820.129086,4,386,1,round-robin,4,2,,0.9916,0.9901,,nan,nan,,21,23,,OFF
1790641820.4233785,2,371,1,round-robin,4,2,,0.9938,0.9933,,nan,nan,,21,24,,OFF
1790641822.1108096,7,383,0,round-robin,4,1,,0.0,0.9933,,nan,nan,,21,23,,OFF
1790641822.111489,9,367,0,round-robin,4,2,,0.9925,0.9939,,nan,nan,,21,24,,OFF
1790641822.1548467,1,391,1,round-robin,4,2,,0.9938,0.9924,,nan,nan,,21,25,,OFF
1790641823.9083254,6,389,1,round-robin,4,2,,0.9914,0.9942,,nan,nan,,20,25,,OFF
1790641829.5532808,10,389,1,round-robin,4,1,,0.9875,0.9858,,nan,nan,,21,20,,OFF
1790641830.338934,3,391,1,round-robin,4,1,,0.9926,0.9942,,nan,nan,,22,20,,OFF
1790641831.7913623,9,368,1,round-robin,4,1,,0.9915,0.9915,,nan,nan,,22,20,,OFF
1790641832.713489,7,384,1,round-robin,4,2,,0.9924,0.9915,,nan,nan,,22,21,,OFF
1790641833.221246,8,365,1,round-robin,4,1,,0.9932,0.9944,,nan,nan,,23,21,,OFF
1790641833.8390038,2,372,1,round-robin,4,1,,0.9932,0.9925,,nan,nan,,24,21,,OFF
1790641834.1404626,4,387,1,round-robin,4,1,,0.9902,0.9881,,nan,nan,,25,21,,OFF
1790641835.1426253,5,389,0,round-robin,4,2,,0.9932,0.9938,,nan,nan,,25,21,,OFF
1790641836.892135,6,390,1,round-robin,4,1,,0.9877,0.9841,,nan,nan,,24,20,,OFF
1790641842.1466665,1,392,0,round-robin,4,1,,0.9925,0.9914,,nan,nan,,20,20,,OFF
1790641843.2595577,10,390,1,round-robin,4,2,,0.9932,0.9938,,nan,nan,,20,21,,OFF
1790641843.983538,5,390,1,round-robin,4,1,,0.9812,0.0,,nan,nan,,21,21,,OFF
1790641845.6163366,9,369,1,round-robin,4,2,,0.9916,0.9933,,nan,nan,,21,21,,OFF
1790641848.6672468,4,388,1,round-robin,4,2,,0.0,0.0381,,nan,nan,,19,22,,OFF
1790641849.134101,8,366,1,round-robin,4,2,,0.9914,0.9933,,nan,nan,,19,22,,OFF
1790641850.1686294,3,392,0,round-robin,4,2,,0.9925,0.9942,,nan,nan,,19,23,,OFF
1790641850.3535414,2,373,1,round-robin,4,2,,0.9925,0.9925,,nan,nan,,19,23,,OFF
1790641850.6581223,6,391,1,round-robin,4,2,,0.9914,0.9938,,nan,nan,,19,24,,OFF
1790641851.2438025,1,393,1,round-robin,4,2,,0.9901,0.9881,,nan,nan,,19,24,,OFF
1790641854.1711104,7,385,0,round-robin,4,1,,0.9924,0.9914,,nan,nan,,20,22,,OFF
1790641856.4806302,10,391,1,round-robin,4,1,,0.0,0.0,,nan,nan,,21,21,,OFF
1790641858.226564,9,370,1,round-robin,4,1,,0.9916,0.9916,,nan,nan,,22,20,,OFF
1790641859.025096,3,393,1,round-robin,4,1,,0.9901,0.9938,,nan,nan,,23,20,,OFF
1790641861.817605,8,367,1,round-robin,4,1,,0.8689,0.8804,,nan,nan,,23,19,,OFF
1790641862.1739163,5,391,0,round-robin,4,2,,0.992,0.8804,,nan,nan,,23,19,,OFF
1790641863.8317418,6,392,1,round-robin,4,1,,0.988,0.9646,,nan,nan,,23,19,,ON
1790641865.168031,7,386,1,round-robin,4,2,,0.9925,0.9938,,nan,nan,,22,20,,ON
1790641865.8734312,1,394,1,round-robin,4,1,,0.9942,0.9924,,nan,nan,,23,20,,ON
1790641867.1760962,4,389,0,round-robin,4,1,,0.8689,0.904,,nan,nan,,22,20,,ON
1790641870.5872953,10,392,1,round-robin,4,2,,0.9933,0.9915,,nan,nan,,19,21,,OFF
1790641871.833105,5,392,1,round-robin,4,1,,0.9915,0.9925,,nan,nan,,20,21,,OFF
1790641873.3768783,3,394,1,round-robin,4,2,,0.9933,0.9938,,nan,nan,,20,22,,OFF
1790641874.6843007,9,371,1,round-robin,4,2,,0.9853,0.9819,,nan,nan,,20,23,,OFF
1790641876.5105047,4,390,1,round-robin,4,2,,0.9899,0.9933,,nan,nan,,19,22,,OFF
1790641878.8834796,1,395,1,round-robin,4,2,,0.9938,0.9915,,nan,nan,,19,23,,OFF
1790641879.634304,2,375,1,round-robin,4,1,,0.0,0.926,,nan,nan,,20,22,,OFF
1790641880.001971,6,393,1,round-robin,4,2,,0.9915,0.9933,,nan,nan,,20,23,,OFF
1790641880.1815126,8,368,0,round-robin,4,2,,0.9921,0.9936,,nan,nan,,20,23,,OFF
1790641881.45858,7,387,1,round-robin,4,1,,0.9925,0.9925,,nan,nan,,21,22,,OFF
1790641884.7364738,10,393,1,round-robin,4,1,,0.8689,0.8689,,nan,nan,,21,19,,OFF
1790641886.4715538,3,395,1,round-robin,4,1,,0.9925,0.9944,,nan,nan,,22,19,,OFF
1790641889.139315,9,372,1,round-robin,4,1,,0.0,0.0,,nan,nan,,23,19,,OFF
1790641890.1876638,5,393,0,round-robin,4,2,,0.9914,0.9925,,nan,nan,,22,20,,OFF
1790641891.7988713,4,391,1,round-robin,4,1,,0.9901,0.99,,nan,nan,,21,20,,OFF
1790641892.6191714,1,396,1,round-robin,4,1,,0.9548,0.0,,nan,nan,,22,20,,OFF
1790641893.1224446,2,376,1,round-robin,4,2,,0.9912,0.9942,,nan,nan,,22,20,,OFF
1790641893.5373263,6,394,1,round-robin,4,1,,0.9941,0.9942,,nan,nan,,22,20,,OFF
1790641897.430535,7,388,1,round-robin,4,2,,0.9901,0.9933,,nan,nan,,19,20,,OFF
1790641898.343053,10,394,1,round-robin,4,2,,0.99,0.9915,,nan,nan,,19,21,,OFF
1790641899.7521636,3,396,1,round-robin,4,2,,0.9916,0.9933,,nan,nan,,19,22,,OFF
1790641901.3401268,5,394,1,round-robin,4,1,,0.9901,0.9925,,nan,nan,,20,22,,OFF
1790641902.8936808,9,373,1,round-robin,4,2,,0.993,0.992,,nan,nan,,19,23,,OFF
1790641905.105203,4,392,1,round-robin,4,2,,0.0,0.99,,nan,nan,,18,23,,OFF
1790641905.204794,8,370,1,round-robin,4,1,,0.9925,0.9351,,nan,nan,,19,23,,OFF
1790641905.8293698,1,397,1,round-robin,4,2,,0.9938,0.99,,nan,nan,,19,23,,OFF
1790641908.6860313,6,395,1,round-robin,4,2,,0.9901,0.9938,,nan,nan,,19,23,,OFF
1790641908.9929776,2,377,1,round-robin,4,1,,0.5874,0.9915,,nan,nan,,20,23,,OFF
1790641911.4570484,7,389,1,round-robin,4,1,,0.9938,0.9939,,nan,nan,,21,18,,OFF
1790641912.4867418,10,395,1,round-robin,4,1,,0.9925,0.9926,,nan,nan,,22,18,,OFF
1790641914.1268244,3,397,1,round-robin,4,1,,0.9926,0.9939,,nan,nan,,23,18,,OFF
1790641915.2313385,5,395,1,round-robin,4,2,,0.9926,0.9942,,nan,nan,,22,19,,OFF
1790641917.3064857,9,374,1,round-robin,4,1,,0.9933,0.9916,,nan,nan,,22,19,,UNKNOWN
1790641919.9690115,4,393,1,round-robin,4,1,,0.9938,0.9922,,nan,nan,,21,19,,OFF
1790641921.5992484,8,371,1,round-robin,4,2,,0.9937,0.9943,,nan,nan,,21,20,,OFF
1790641922.3205833,1,398,1,round-robin,4,1,,0.0,0.9912,,nan,nan,,21,19,,OFF
1790641922.5152893,6,396,1,round-robin,4,1,,0.9901,0.9831,,nan,nan,,22,19,,OFF
1790641924.1421824,2,378,1,round-robin,4,2,,0.9914,0.9915,,nan,nan,,21,20,,OFF
1790641924.5501106,7,390,1,round-robin,4,2,,0.9901,0.9914,,nan,nan,,21,21,,OFF
1790641925.994663,10,396,1,round-robin,4,2,,0.9924,0.9933,,nan,nan,,20,21,,OFF
1790641928.3543546,5,396,1,round-robin,4,1,,0.9933,0.9925,,nan,nan,,20,21,,OFF
1790641928.9808772,3,398,1,round-robin,4,2,,0.9932,0.9925,,nan,nan,,20,22,,OFF
1790641931.5264559,9,375,1,round-robin,4,2,,0.9932,0.9932,,nan,nan,,20,22,,OFF
1790641933.5936666,4,394,1,round-robin,4,2,,0.9925,0.9938,,nan,nan,,19,22,,OFF
1790641934.6138337,8,372,1,round-robin,4,1,,0.9925,0.9942,,nan,nan,,20,22,,OFF
1790641936.7337596,2,379,1,round-robin,4,1,,0.9933,0.9925,,nan,nan,,21,20,,OFF
1790641937.287954,6,397,1,round-robin,4,2,,0.9914,0.9915,,nan,nan,,21,21,,OFF
1790641937.6776688,7,391,1,round-robin,4,1,,0.9899,0.9931,,nan,nan,,22,21,,OFF
1790641938.8221314,1,399,1,round-robin,4,2,,0.9914,0.9899,,nan,nan,,22,22,,OFF
1790641939.794012,10,397,1,round-robin,4,1,,0.9933,0.9938,,nan,nan,,22,21,,OFF
1790641941.5634086,3,399,1,round-robin,4,1,,0.9932,0.9933,,nan,nan,,22,19,,OFF
1790641944.326427,5,397,1,round-robin,4,2,,0.9933,0.9933,,nan,nan,,22,20,,OFF
1790641945.3785973,9,376,1,round-robin,4,1,,0.9915,0.9926,,nan,nan,,22,20,,OFF
1790641948.0154266,8,373,1,round-robin,4,2,,0.9915,0.9933,,nan,nan,,21,21,,OFF
1790641987.1217308,3,402,1,state-aware,4,1,,0.9932,0.9925,,0.9932,0.9925,,1,0,,OFF
1790641990.1234143,5,400,1,state-aware,4,2,,0.9933,0.9938,,0.9933,0.9938,,1,1,,OFF
1790641990.7234557,9,379,1,state-aware,4,2,,0.9901,0.9938,,0.9901,0.9938,,1,2,,OFF
1790641992.4476814,8,376,1,state-aware,4,2,,0.9882,0.9938,,0.9882,0.9938,,1,3,,OFF
1790641996.7304616,6,401,1,state-aware,4,2,,0.0,0.9933,,0.0,0.9933,,1,4,,OFF
1790641997.074559,2,383,1,state-aware,4,2,,0.9,0.9794,,0.9,0.9794,,1,5,,OFF
1790641997.385731,4,398,1,state-aware,4,2,,0.8535,0.989,,0.8535,0.989,,1,6,,OFF
1790641998.796263,7,395,1,state-aware,4,2,,0.9915,0.9916,,0.9915,0.9916,,1,7,,OFF
1790641999.5000384,10,401,1,state-aware,4,2,,0.9933,0.9943,,0.9933,0.9943,,1,8,,OFF
1790642003.9505205,5,401,1,state-aware,4,1,,0.9938,0.9877,,0.9938,0.9231,,2,8,,OFF
1790642006.9081602,8,377,1,state-aware,4,1,,0.9915,0.9933,,0.9915,0.9278,,3,8,,OFF
1790642009.684943,9,380,0,state-aware,4,1,,0.9137,0.0545,,0.9137,0.1455,,4,8,,OFF
1790642009.7623384,6,402,1,state-aware,4,1,,0.9882,0.9916,,0.9882,0.9263,,5,8,,OFF
1790642010.6887982,2,384,1,state-aware,4,1,,0.9461,0.9924,,0.9461,0.927,,6,8,,OFF
1790642011.2231004,4,399,1,state-aware,4,1,,0.9933,0.9925,,0.9933,0.9271,,7,8,,OFF
1790642012.119477,10,402,1,state-aware,4,1,,0.9932,0.9925,,0.9932,0.927,,8,8,,OFF
1790642013.435707,7,396,1,state-aware,4,2,,0.0,0.0,,0.0,0.1,,8,9,,ON
1790642018.2483776,5,402,1,state-aware,4,2,,0.0,0.0123,,0.1,0.1103,,8,10,,ON
1790642019.1794384,9,381,1,state-aware,4,2,,0.9915,0.991,,0.893,0.9258,,8,11,,UNKNOWN
1790642019.9142983,3,404,1,state-aware,4,2,,0.9925,0.9938,,0.9925,0.9938,,8,12,,UNKNOWN
1790642021.466008,8,378,1,state-aware,4,2,,0.9938,0.9938,,0.9282,0.9282,,8,13,,OFF
1790642024.304873,4,400,1,state-aware,4,2,,0.9882,0.9915,,0.9235,0.9262,,8,14,,OFF
1790642024.9531758,2,385,1,state-aware,4,2,,0.826,0.9877,,0.7884,0.9231,,8,15,,OFF
1790642025.7483246,6,403,1,state-aware,4,2,,0.9925,0.9925,,0.8938,0.927,,8,16,,OFF
1790642026.9879527,7,397,1,state-aware,4,1,,0.9924,0.9942,,0.9924,0.9044,,9,16,,OFF
1790642029.32609,1,405,1,state-aware,4,2,,0.9901,0.9933,,0.9901,0.9933,,9,17,,OFF
1790642032.4102066,5,403,1,state-aware,4,1,,0.9925,0.9937,,0.9271,0.9041,,10,17,,OFF
1790642032.8997798,9,382,1,state-aware,4,2,,0.9942,0.9925,,0.8951,0.9032,,10,18,,OFF
1790642033.4215157,3,405,1,state-aware,4,1,,0.9942,0.9938,,0.9942,0.9282,,11,18,,OFF
1790642034.7522888,8,379,1,state-aware,4,1,,0.9938,0.9939,,0.9282,0.9042,,12,18,,OFF
1790642038.2261488,2,386,1,state-aware,4,1,,0.9901,0.9915,,0.9251,0.9025,,13,18,,OFF
1790642041.3908823,7,398,1,state-aware,4,1,,0.9897,0.8804,,0.9248,0.8232,,14,18,,OFF
1790642042.5395226,1,406,1,state-aware,4,1,,0.9925,0.9924,,0.9925,0.927,,15,18,,OFF
1790642043.6994472,4,401,0,state-aware,4,1,,0.9923,0.9914,,0.9269,0.9025,,16,18,,OFF
1790642044.7011092,6,404,0,state-aware,4,2,,0.9915,0.9915,,0.8929,0.9025,,16,19,,OFF
1790642046.0099509,5,404,1,state-aware,4,2,,0.9925,0.9926,,0.9032,0.9033,,16,20,,OFF
1790642046.7031436,10,404,0,state-aware,4,1,,0.9925,0.9938,,0.9925,0.9282,,17,20,,OFF
1790642047.1565406,3,406,1,state-aware,4,1,,0.9938,0.9925,,0.9282,0.9271,,17,20,,OFF
1790642047.4501,8,380,1,state-aware,4,1,,0.9944,0.9933,,0.9045,0.9038,,18,20,,OFF
1790642048.6794007,9,383,1,state-aware,4,1,,0.9938,0.9925,,0.8949,0.8243,,19,20,,OFF
1790642053.9336498,4,402,1,state-aware,4,2,,0.9923,0.9924,,0.8459,0.9031,,19,18,,OFF
1790642054.7291338,7,399,1,state-aware,4,2,,0.0,0.7662,,0.1943,0.7416,,19,19,,OFF
1790642054.82674,2,387,1,state-aware,4,2,,0.8535,0.9906,,0.7468,0.9019,,19,20,,OFF
1790642056.0893734,10,405,1,state-aware,4,2,,0.9925,0.9915,,0.8937,0.9262,,19,21,,OFF
1790642058.3028395,1,407,1,state-aware,4,2,,0.9925,0.9915,,0.8938,0.9262,,19,19,,OFF
1790642059.1494117,5,405,1,state-aware,4,1,,0.9924,0.9942,,0.9031,0.9004,,20,18,,OFF
1790642060.8475718,3,407,1,state-aware,4,2,,0.9855,0.9888,,0.8982,0.924,,20,18,,OFF
1790642065.1569407,9,384,1,state-aware,4,2,,0.9943,0.9924,,0.8017,0.8242,,19,19,,OFF
1790642065.7158098,8,381,0,state-aware,4,2,,0.9932,0.9925,,0.8997,0.9032,,19,20,,OFF
1790642070.1828086,6,406,1,state-aware,4,1,,0.9914,0.0422,,0.8928,0.2244,,17,20,,OFF
1790642070.6968477,10,406,1,state-aware,4,2,,0.9932,0.9944,,0.8943,0.9045,,16,21,,OFF
1790642071.236611,7,400,1,state-aware,4,1,,0.9942,0.9943,,0.9044,0.8254,,16,21,,OFF
1790642072.9519558,1,408,1,state-aware,4,2,,0.0041,0.0,,0.07,0.1943,,15,22,,OFF
1790642073.720835,2,388,0,state-aware,4,2,,0.9922,0.9938,,0.8458,0.9001,,15,22,,OFF
1790642073.72178,4,403,0,state-aware,4,2,,0.8535,0.8333,,0.7468,0.7998,,15,23,,OFF
1790642077.4398217,8,382,1,state-aware,4,1,,0.9938,0.9932,,0.9001,0.8248,,16,23,,OFF
1790642078.7236903,5,406,0,state-aware,4,2,,0.9925,0.9942,,0.8993,0.9004,,16,23,,OFF
1790642078.7239869,3,408,0,state-aware,4,2,,0.9941,0.9942,,0.9044,0.9044,,16,24,,OFF
1790642079.1899023,9,385,1,state-aware,4,2,,0.9916,0.9925,,0.7997,0.8337,,16,24,,OFF
1790642083.0052927,2,389,1,state-aware,4,1,,0.9924,0.9938,,0.846,0.8166,,17,22,,OFF
1790642083.7096548,4,404,1,state-aware,4,1,,0.9915,0.9881,,0.8453,0.8135,,18,22,,OFF
1790642084.5211082,10,407,1,state-aware,4,2,,0.9901,0.9916,,0.8918,0.8987,,18,22,,OFF
1790642085.7382407,6,407,1,state-aware,4,2,,0.9833,0.9903,,0.7938,0.9016,,18,22,,OFF
1790642087.3958848,1,409,1,state-aware,4,2,,0.9923,0.9924,,0.8936,0.8992,,17,22,,OFF
1790642090.7419684,7,401,0,state-aware,4,1,,0.9914,0.9933,,0.8986,0.8248,,18,21,,OFF
1790642091.5846155,8,383,1,state-aware,4,1,,0.9933,0.9915,,0.9053,0.8237,,19,21,,OFF
1790642093.5290873,9,386,1,state-aware,4,2,,0.9933,0.9901,,0.8009,0.8491,,17,21,,OFF
1790642097.1146889,2,390,1,state-aware,4,1,,0.9901,0.9883,,0.8378,0.8136,,17,21,,OFF
1790642098.0061023,10,408,1,state-aware,4,1,,0.9901,0.0,,0.8918,0.3534,,18,21,,OFF
1790642099.0532708,6,408,1,state-aware,4,2,,0.9924,0.9925,,0.8003,0.8993,,17,22,,OFF
1790642101.6244116,7,402,1,state-aware,4,2,,0.9924,0.9942,,0.8159,0.8253,,16,23,,OFF
1790642102.0472608,1,410,1,state-aware,4,2,,0.9932,0.9914,,0.8943,0.9042,,16,24,,OFF
1790642103.4906757,3,410,1,state-aware,4,2,,0.9926,0.9933,,0.9033,0.9038,,15,25,,OFF
1790642104.7007577,8,384,1,state-aware,4,1,,0.9938,0.9915,,0.915,0.8237,,15,24,,OFF
1790642105.5096986,5,408,1,state-aware,4,2,,0.9915,0.9926,,0.8987,0.8994,,15,25,,OFF
1790642107.7908275,9,387,1,state-aware,4,2,,0.9938,0.9932,,0.8013,0.8695,,12,25,,OFF
1790642109.591943,2,391,1,state-aware,4,1,,0.9925,0.9938,,0.8479,0.8166,,12,25,,OFF
1790642112.3683465,6,409,1,state-aware,4,1,,0.9821,0.0,,0.7929,0.3534,,13,25,,OFF
1790642113.1235557,4,406,1,state-aware,4,1,,0.9914,0.9898,,0.8453,0.8144,,14,25,,OFF
1790642114.8526318,1,411,1,state-aware,4,1,,0.9899,0.1259,,0.8916,0.4811,,15,22,,ON
1790642115.3206348,7,403,1,state-aware,4,2,,0.9817,0.9933,,0.8099,0.8342,,15,23,,ON
1790642117.6772044,3,411,1,state-aware,4,1,,0.9938,0.9942,,0.9041,0.9004,,16,22,,OFF
1790642118.756731,10,409,0,state-aware,4,2,,0.0,0.0,,0.0914,0.3534,,16,22,,OFF
1790642119.6620924,5,409,1,state-aware,4,2,,0.9913,0.9933,,0.8986,0.9052,,15,23,,OFF
1790642119.7589934,8,385,1,state-aware,4,1,,0.9933,0.8689,,0.8164,0.7471,,16,23,,OFF
1790642121.2697587,9,388,1,state-aware,4,2,,0.9941,0.9915,,0.8015,0.8875,,16,23,,OFF
1790642125.5761526,2,392,1,state-aware,4,2,,0.9932,0.9932,,0.7635,0.8163,,16,23,,OFF
1790642126.4998252,6,410,1,state-aware,4,2,,0.9926,0.9915,,0.7914,0.9043,,16,23,,OFF
1790642127.7348905,10,410,1,state-aware,4,2,,0.9933,0.9936,,0.8009,0.8149,,16,24,,OFF
1790642128.0596418,1,412,1,state-aware,4,2,,0.9915,0.9896,,0.8568,0.9129,,16,25,,OFF
1790642130.4185057,3,412,1,state-aware,4,2,,0.9933,0.9938,,0.8998,0.9002,,15,26,,OFF
1790642133.0489407,5,410,1,state-aware,4,2,,0.9938,0.9942,,0.9001,0.9152,,14,25,,OFF
1790642133.7694151,7,404,0,state-aware,4,2,,0.9928,0.9938,,0.8161,0.851,,14,24,,OFF
1790642135.72166,9,389,1,state-aware,4,2,,0.9944,0.9925,,0.8017,0.9052,,14,25,,OFF
1790642136.2216883,8,386,1,state-aware,4,2,,0.9938,0.9926,,0.7263,0.8243,,14,26,,OFF
1790642139.6063945,2,393,1,state-aware,4,2,,0.9933,0.9925,,0.7635,0.8343,,13,24,,OFF
1790642140.4181275,6,411,1,state-aware,4,2,,0.9915,0.9901,,0.7907,0.9131,,13,25,,OFF
1790642141.4353602,10,411,1,state-aware,4,2,,0.9931,0.9938,,0.8008,0.8384,,13,26,,OFF
1790642141.973673,4,408,1,state-aware,4,1,,0.9914,0.99,,0.8453,0.8145,,14,26,,OFF
1790642144.138163,3,413,1,state-aware,4,2,,0.9925,0.9938,,0.8993,0.9056,,12,27,,OFF
1790642144.6207364,7,405,1,state-aware,4,1,,0.9901,0.9933,,0.8146,0.7605,,13,26,,OFF
1790642145.950851,5,411,1,state-aware,4,2,,0.9915,0.9933,,0.8987,0.9255,,13,26,,OFF
1790642147.777125,1,413,0,state-aware,4,2,,0.9925,0.9932,,0.8575,0.9254,,13,26,,OFF
1790642149.327958,9,390,1,state-aware,4,2,,0.9942,0.9938,,0.8016,0.9209,,13,27,,OFF
1790642151.5832896,8,387,1,state-aware,4,2,,0.9938,0.9933,,0.7262,0.7452,,12,28,,OFF
1790642153.1277802,2,394,1,state-aware,4,2,,0.9932,0.9316,,0.7635,0.8276,,11,29,,OFF
1790642155.2964451,10,412,1,state-aware,4,2,,0.9883,0.9926,,0.7973,0.8611,,11,29,,OFF
1790642156.613246,4,409,1,state-aware,4,1,,0.9925,0.99,,0.8393,0.8145,,12,29,,OFF
1790642157.5162933,3,414,1,state-aware,4,2,,0.9938,0.9938,,0.9001,0.915,,11,30,,OFF
1790642158.0334895,1,414,1,state-aware,4,1,,0.9924,0.9924,,0.8574,0.819,,11,30,,OFF
1790642158.7816598,6,412,0,state-aware,4,2,,0.9901,0.9941,,0.7898,0.9258,,11,31,,OFF
1790642159.1594427,7,406,1,state-aware,4,1,,0.9915,0.9938,,0.8338,0.7608,,12,30,,OFF
1790642160.07712,5,412,1,state-aware,4,2,,0.9925,0.9938,,0.8993,0.9363,,12,31,,OFF
1790642163.4917243,9,391,1,state-aware,4,2,,0.9932,0.9924,,0.8008,0.9337,,12,29,,ON
1790642165.5205004,8,388,1,state-aware,4,2,,0.9942,0.9942,,0.7264,0.7712,,11,29,,ON
1790642167.275094,2,395,1,state-aware,4,2,,0.9915,0.9926,,0.7626,0.876,,11,30,,OFF
1790642168.0935783,10,413,1,state-aware,4,2,,0.9933,0.9938,,0.8009,0.883,,11,30,,OFF
1790642169.4364605,6,413,1,state-aware,4,2,,0.9915,0.9937,,0.7907,0.8196,,11,31,,OFF
1790642170.3284173,3,415,1,state-aware,4,2,,0.0,0.0,,0.279,0.474,,10,32,,OFF
1790642170.833908,4,410,1,state-aware,4,1,,0.9914,0.9914,,0.8473,0.8153,,11,32,,OFF
1790642171.8858438,1,415,1,state-aware,4,1,,0.9915,0.9914,,0.8507,0.8186,,12,32,,OFF
1790642172.9914014,7,407,1,state-aware,4,1,,0.9901,0.9938,,0.8542,0.7608,,12,32,,OFF
1790642173.4061499,5,413,1,state-aware,4,2,,0.9916,0.9933,,0.8987,0.9458,,11,33,,OFF
1790642177.7874992,9,392,1,state-aware,4,2,,0.9938,0.9915,,0.8013,0.9447,,9,33,,OFF
1790642178.8409235,8,389,1,state-aware,4,2,,0.9926,0.9933,,0.7257,0.7998,,9,33,,OFF
1790642179.8449216,2,396,1,state-aware,4,2,,0.9915,0.9926,,0.7626,0.8951,,8,33,,OFF
1790642181.5819545,10,414,1,state-aware,4,2,,0.9937,0.9933,,0.8012,0.9018,,8,33,,OFF
1790642185.6917639,4,411,1,state-aware,4,1,,0.9914,0.9914,,0.8626,0.8153,,9,32,,OFF
1790642186.1472108,5,414,1,state-aware,4,2,,0.9842,0.9896,,0.8942,0.9532,,9,33,,OFF
1790642186.147919,1,416,1,state-aware,4,1,,0.8804,0.0075,,0.797,0.4086,,10,33,,OFF
1790642187.4289985,7,408,1,state-aware,4,1,,0.9915,0.9942,,0.8756,0.7609,,11,32,,OFF
1790642191.004918,9,393,1,state-aware,4,2,,0.9933,0.9925,,0.8009,0.9546,,11,30,,OFF
1790642192.369483,8,390,1,state-aware,4,2,,0.9933,0.9926,,0.726,0.8282,,11,31,,OFF
1790642193.7194157,2,397,1,state-aware,4,2,,0.9925,0.9925,,0.7631,0.9121,,11,31,,OFF
1790642194.8075173,10,415,1,state-aware,4,2,,0.9915,0.9938,,0.7996,0.9185,,11,31,,OFF
1790642199.3369625,3,417,1,state-aware,4,1,,0.8535,0.0,,0.8124,0.474,,12,29,,OFF
1790642199.405624,6,415,1,state-aware,4,2,,0.9901,0.9925,,0.7898,0.819,,12,30,,OFF
1790642200.2200115,7,409,1,state-aware,4,1,,0.9901,0.9933,,0.8942,0.7605,,13,29,,OFF
1790642202.1030564,5,415,1,state-aware,4,1,,0.8822,0.9931,,0.8304,0.8286,,13,27,,OFF
1790642202.103763,1,417,1,state-aware,4,1,,0.9825,0.0,,0.7684,0.4055,,14,27,,OFF
1790642203.8221104,9,394,1,state-aware,4,2,,0.9938,0.9937,,0.8013,0.9629,,14,28,,OFF
1790642204.8132684,4,412,0,state-aware,4,2,,0.0,0.99,,0.4293,0.8145,,13,28,,OFF
1790642207.296111,2,398,1,state-aware,4,2,,0.9932,0.9916,,0.7635,0.9265,,13,28,,OFF
1790642208.330186,10,416,1,state-aware,4,2,,0.9915,0.9939,,0.7997,0.9325,,13,28,,OFF
1790642211.8269377,8,391,0,state-aware,4,2,,0.0,0.0,,0.3122,0.473,,13,27,,OFF
1790642213.5612433,7,410,1,state-aware,4,1,,0.9901,0.9933,,0.9112,0.7605,,14,26,,ON
1790642213.8783529,6,416,1,state-aware,4,2,,0.9924,0.9925,,0.7913,0.847,,14,27,,ON
1790642214.7081077,3,418,1,state-aware,4,2,,0.9923,0.9942,,0.8158,0.9258,,14,28,,ON
1790642215.2774816,4,413,1,state-aware,4,1,,0.9913,0.9883,,0.8799,0.7322,,15,28,,ON
1790642215.9168012,1,418,1,state-aware,4,2,,0.9901,0.9901,,0.801,0.818,,15,28,,OFF
1790642216.4144297,9,395,1,state-aware,4,2,,0.9883,0.9901,,0.7973,0.9685,,15,29,,OFF
1790642258.2863069,3,421,1,snr-greedy,5,2,,0.9932,0.9932,,12.75,12.75,,0,1,,OFF
1790642258.8004577,1,421,1,snr-greedy,5,2,,0.9924,0.9925,,12.5,12.5,,0,2,,OFF
1790642259.4099243,6,419,1,snr-greedy,5,2,,0.9915,0.9933,,12.25,12.75,,0,3,,OFF
1790642260.0330222,7,413,1,snr-greedy,5,1,,0.8804,0.8535,,12.75,12.25,,1,3,,OFF
1790642261.6611497,5,419,1,snr-greedy,5,2,,0.9925,0.9938,,12.5,13.0,,1,4,,ON
1790642261.9921682,9,398,1,snr-greedy,5,1,,0.9925,0.9915,,12.5,12.25,,2,4,,ON
1790642265.4125671,4,416,0,snr-greedy,5,2,,0.9862,0.9878,,12.25,12.5,,2,5,,UNKNOWN
1790642267.7049406,2,402,1,snr-greedy,5,1,,0.9937,0.9924,,13.0,12.5,,3,5,,OFF
1790642269.2716935,10,420,1,snr-greedy,5,2,,0.9938,0.9942,,13.0,13.25,,3,6,,OFF
1790642270.4533153,8,395,1,snr-greedy,5,2,,0.9931,0.9943,,12.75,13.5,,3,7,,OFF
1790642272.1046605,1,422,1,snr-greedy,5,1,,0.0,0.0,,5.25,2.5,,4,7,,OFF
1790642274.5956898,7,414,1,snr-greedy,5,1,,0.9938,0.9938,,13.0,13.0,,5,7,,OFF
1790642274.8895535,4,417,1,snr-greedy,5,2,,0.993,0.9929,,12.75,12.75,,5,8,,OFF
1790642275.7288926,5,420,1,snr-greedy,5,1,,0.9943,0.9925,,13.5,12.5,,6,8,,OFF
1790642277.418567,6,420,0,snr-greedy,5,1,,0.9932,0.9932,,12.75,12.75,,7,8,,OFF
1790642277.419326,3,422,0,snr-greedy,5,2,,0.9933,0.9942,,12.75,13.25,,7,9,,OFF
1790642280.646118,2,403,1,snr-greedy,5,2,,0.9933,0.9933,,12.75,12.75,,7,10,,OFF
1790642281.420872,9,399,0,snr-greedy,5,2,,0.9938,0.9937,,13.0,13.0,,7,11,,OFF
1790642283.1789582,10,421,1,snr-greedy,5,2,,0.9925,0.9925,,12.5,12.5,,7,12,,OFF
1790642283.7857003,8,396,1,snr-greedy,5,2,,0.9938,0.9942,,13.0,13.25,,7,13,,OFF
1790642285.3356218,1,423,1,snr-greedy,5,1,,0.9925,0.9914,,12.5,12.25,,8,13,,OFF
1790642287.2715912,6,421,1,snr-greedy,5,2,,0.0,0.9264,,0.5,10.0,,8,14,,OFF
1790642287.7025914,7,415,1,snr-greedy,5,1,,0.1613,0.0,,7.75,3.0,,9,14,,OFF
1790642288.177907,3,423,1,snr-greedy,5,2,,0.9924,0.9938,,12.5,13.0,,9,15,,OFF
1790642289.426897,5,421,1,snr-greedy,5,1,,0.9942,0.9925,,13.25,12.5,,10,15,,OFF
1790642290.6401763,9,400,1,snr-greedy,5,1,,0.8887,0.8804,,13.0,12.75,,11,15,,OFF
1790642294.3565476,2,404,1,snr-greedy,5,2,,0.9916,0.9915,,12.25,12.25,,11,16,,OFF
1790642295.4309998,4,418,0,snr-greedy,5,2,,0.9915,0.9925,,12.25,12.5,,11,17,,OFF
1790642297.410823,10,422,1,snr-greedy,5,2,,0.9899,0.9938,,12.0,13.0,,11,18,,OFF
1790642297.9108677,8,397,1,snr-greedy,5,2,,0.9925,0.9939,,12.5,13.0,,11,19,,OFF
1790642298.9362097,1,424,1,snr-greedy,5,1,,0.9901,0.9901,,12.0,12.0,,12,19,,OFF
1790642301.602777,6,422,1,snr-greedy,5,1,,0.9931,0.9307,,12.75,10.25,,13,19,,OFF
1790642302.4358616,5,422,1,snr-greedy,5,1,,0.9865,0.9867,,12.75,12.75,,14,19,,OFF
1790642305.2046616,9,401,1,snr-greedy,5,1,,0.9944,0.9933,,13.5,12.75,,15,19,,OFF
1790642306.9684472,4,419,1,snr-greedy,5,1,,0.0001,0.0,,6.0,0.75,,16,19,,OFF
1790642307.437794,3,424,0,snr-greedy,5,1,,0.9924,0.007,,12.5,7.5,,17,19,,OFF
1790642307.4386466,7,416,0,snr-greedy,5,1,,0.003,0.0,,7.25,3.0,,18,19,,OFF
1790642311.3475237,8,398,1,snr-greedy,5,2,,0.9914,0.9925,,12.25,12.5,,18,20,,OFF
1790642311.7829068,10,423,1,snr-greedy,5,1,,0.9933,0.9915,,12.75,12.25,,19,20,,OFF
1790642312.294768,1,425,1,snr-greedy,5,1,,0.9915,0.9881,,12.25,11.75,,20,20,,OFF
1790642312.4407103,2,405,0,snr-greedy,5,2,,0.99,0.9932,,12.0,12.75,,20,21,,OFF
1790642316.686817,6,423,1,snr-greedy,5,1,,0.0545,0.0,,7.25,3.0,,21,21,,OFF
1790642317.075965,5,423,1,snr-greedy,5,2,,0.8971,0.8887,,13.0,13.0,,21,22,,OFF
1790642317.9309378,7,417,1,snr-greedy,5,1,,0.994,0.9924,,13.25,12.5,,22,22,,OFF
1790642319.1979034,9,402,1,snr-greedy,5,1,,0.9938,0.9925,,13.0,12.5,,23,20,,OFF
1790642322.6996043,4,420,1,snr-greedy,5,2,,0.9913,0.9914,,12.25,12.25,,21,19,,OFF
1790642323.342937,2,406,1,snr-greedy,5,1,,0.9915,0.9901,,12.25,12.0,,22,19,,OFF
1790642326.0825632,8,399,1,snr-greedy,5,2,,0.9936,0.989,,13.0,13.0,,22,19,,OFF
1790642330.2831576,6,424,1,snr-greedy,5,2,,0.9915,0.9938,,12.25,13.0,,21,19,,OFF
1790642331.2901976,7,418,1,snr-greedy,5,2,,0.9933,0.9933,,12.75,12.75,,21,19,,OFF
1790642331.4460022,1,426,0,snr-greedy,5,1,,0.9933,0.9933,,12.75,12.75,,22,19,,OFF
1790642331.4470425,10,424,0,snr-greedy,5,1,,0.0723,0.0,,8.75,-1.25,,23,19,,OFF
1790642332.0293741,9,403,1,snr-greedy,5,1,,0.8689,0.8535,,12.5,12.25,,24,19,,OFF
1790642333.0480125,5,424,1,snr-greedy,5,1,,0.9925,0.9914,,12.5,12.25,,24,19,,OFF
1790642337.036501,2,407,1,snr-greedy,5,2,,0.0029,0.9913,,7.25,12.25,,22,19,,OFF
1790642337.450377,3,426,0,snr-greedy,5,1,,0.9941,0.8559,,13.25,12.25,,22,18,,OFF
1790642339.8132143,8,400,1,snr-greedy,5,2,,0.9925,0.9942,,12.5,13.25,,22,19,,OFF
1790642341.1661525,10,425,1,snr-greedy,5,2,,0.991,0.9872,,12.25,12.5,,22,19,,OFF
1790642341.3524992,1,427,1,snr-greedy,5,1,,0.9898,0.9895,,12.0,12.0,,23,19,,OFF
1790642342.4532356,4,421,0,snr-greedy,5,1,,0.9925,0.99,,12.5,12.0,,24,18,,OFF
1790642342.8145325,6,425,1,snr-greedy,5,2,,0.9925,0.9938,,12.5,13.0,,24,19,,OFF
1790642345.1458116,7,419,1,snr-greedy,5,1,,0.9938,0.9925,,13.0,12.5,,25,17,,OFF
1790642346.4977682,3,427,1,snr-greedy,5,1,,0.9942,0.9933,,13.25,12.75,,25,17,,OFF
1790642347.0673997,5,425,1,snr-greedy,5,2,,0.9932,0.9937,,12.75,13.0,,25,18,,OFF
1790642351.0653863,2,408,1,snr-greedy,5,2,,0.9925,0.9933,,12.5,12.75,,22,17,,OFF
1790642353.0254176,8,401,1,snr-greedy,5,2,,0.9924,0.9943,,12.5,13.5,,22,18,,OFF
1790642354.5738084,1,428,1,snr-greedy,5,1,,0.9925,0.9915,,12.5,12.25,,23,17,,OFF
1790642355.1488638,10,426,1,snr-greedy,5,2,,0.9901,0.9933,,12.0,12.75,,23,18,,OFF
1790642355.4097729,6,426,1,snr-greedy,5,2,,0.9923,0.9931,,12.5,12.75,,23,19,,OFF
1790642358.4633784,4,422,0,snr-greedy,5,2,,0.9925,0.9931,,12.5,12.75,,23,17,,OFF
1790642358.5481076,7,420,1,snr-greedy,5,1,,0.9944,0.9933,,13.5,12.75,,24,17,,OFF
1790642359.9702055,5,426,1,snr-greedy,5,1,,0.9892,0.9875,,12.5,12.5,,24,17,,OFF
1790642362.559101,9,405,1,snr-greedy,5,1,,0.9925,0.9915,,12.5,12.25,,23,17,,OFF
1790642364.6670964,2,409,1,snr-greedy,5,2,,0.9914,0.9915,,12.25,12.25,,23,18,,OFF
1790642365.4741597,3,428,0,snr-greedy,5,2,,0.9933,0.9933,,12.75,12.75,,22,19,,OFF
1790642365.7338812,8,402,1,snr-greedy,5,1,,0.9926,0.9916,,12.5,12.25,,23,19,,OFF
1790642368.8253078,1,429,1,snr-greedy,5,1,,0.9915,0.9901,,12.25,12.0,,21,19,,OFF
1790642369.3064399,4,423,1,snr-greedy,5,1,,0.9925,0.9925,,12.5,12.5,,22,19,,OFF
1790642372.7780476,7,421,1,snr-greedy,5,2,,0.9923,0.9941,,12.5,13.25,,20,18,,OFF
1790642373.929865,5,427,1,snr-greedy,5,1,,0.9925,0.9925,,12.5,12.5,,21,18,,OFF
1790642374.477305,10,427,0,snr-greedy,5,1,,0.9901,0.0002,,12.0,5.25,,22,18,,OFF
1790642374.5050256,3,429,1,snr-greedy,5,2,,0.9915,0.9938,,12.25,13.0,,22,19,,OFF
1790642375.4824638,6,427,0,snr-greedy,5,2,,0.9901,0.9933,,12.0,12.75,,22,20,,OFF
1790642377.9130228,9,406,1,snr-greedy,5,2,,0.9914,0.9914,,12.25,12.25,,21,20,,OFF
1790642378.2402678,2,410,1,snr-greedy,5,2,,0.9915,0.9925,,12.25,12.5,,20,21,,OFF
1790642380.9800515,8,403,1,snr-greedy,5,2,,0.9933,0.9938,,12.75,13.0,,19,22,,OFF
1790642381.578784,1,430,1,snr-greedy,5,1,,0.9925,0.9915,,12.5,12.25,,20,22,,OFF
1790642384.3706436,4,424,1,snr-greedy,5,2,,0.9933,0.9941,,12.75,13.25,,19,22,,OFF
1790642386.6453102,7,422,1,snr-greedy,5,2,,0.9915,0.9925,,12.25,12.5,,19,22,,OFF
1790642387.1154423,5,428,1,snr-greedy,5,1,,0.9938,0.9916,,13.0,12.25,,20,22,,OFF
1790642389.4014726,3,430,1,snr-greedy,5,2,,0.9932,0.9942,,12.75,13.25,,20,23,,OFF
1790642390.5065677,6,428,0,snr-greedy,5,2,,0.9899,0.9938,,12.0,13.0,,20,23,,OFF
1790642390.507258,10,428,0,snr-greedy,5,2,,0.9914,0.8944,,12.25,13.25,,20,24,,OFF
1790642391.6170404,9,407,1,snr-greedy,5,1,,0.0029,0.0,,7.25,3.0,,19,23,,OFF
1790642393.5940719,8,404,1,snr-greedy,5,2,,0.9855,0.9939,,11.5,13.0,,17,24,,OFF
1790642395.0365167,1,431,1,snr-greedy,5,2,,0.9916,0.9925,,12.25,12.5,,17,25,,OFF
1790642397.4984689,2,411,0,snr-greedy,5,1,,0.9914,0.9915,,12.25,12.25,,17,24,,OFF
1790642397.6631827,4,425,1,snr-greedy,5,2,,0.9901,0.9938,,12.0,13.0,,17,25,,OFF
1790642399.7904458,10,429,1,snr-greedy,5,2,,0.0,0.0171,,2.5,8.0,,17,26,,OFF
1790642400.5097578,6,429,1,snr-greedy,5,2,,0.0,0.8944,,1.0,13.25,,17,26,,OFF
1790642403.921228,3,431,1,snr-greedy,5,1,,0.9924,0.9915,,12.5,12.25,,16,24,,OFF
1790642405.5025465,7,423,0,snr-greedy,5,2,,0.0,0.9925,,-0.25,12.5,,15,25,,OFF
1790642405.9812212,9,408,1,snr-greedy,5,2,,0.9933,0.9938,,12.75,13.0,,15,26,,OFF
1790642406.7777324,8,405,1,snr-greedy,5,2,,0.0,0.9939,,2.5,13.0,,14,27,,OFF
1790642407.7364492,2,412,1,snr-greedy,5,1,,0.9931,0.9925,,12.75,12.5,,15,26,,OFF
1790642409.431918,1,432,1,snr-greedy,5,2,,0.9914,0.9913,,12.25,12.25,,15,27,,OFF
1790642410.8780885,4,426,1,snr-greedy,5,2,,0.9914,0.9933,,12.25,12.75,,15,28,,ON
1790642414.7475603,7,424,1,snr-greedy,5,2,,0.0,0.0,,3.0,4.5,,14,27,,ON
1790642415.4702892,5,430,1,snr-greedy,5,2,,0.0,0.7537,,1.75,9.5,,14,26,,ON
1790642416.7040775,3,432,1,snr-greedy,5,2,,0.993,0.9938,,12.75,13.0,,14,27,,UNKNOWN
1790642419.4693296,9,409,1,snr-greedy,5,2,,0.9915,0.9925,,12.25,12.5,,13,27,,OFF
1790642420.520676,2,413,1,snr-greedy,5,2,,0.9916,0.9925,,12.25,12.5,,12,28,,OFF
1790642420.7896605,8,406,1,snr-greedy,5,2,,0.9922,0.9944,,12.5,13.5,,12,29,,OFF
1790642422.4523616,1,433,1,snr-greedy,5,1,,0.9925,0.9915,,12.5,12.25,,13,29,,OFF
1790642426.038674,4,427,1,snr-greedy,5,2,,0.99,0.9933,,12.0,12.75,,11,28,,OFF
1790642428.2083797,7,425,1,snr-greedy,5,1,,0.9932,0.9915,,12.75,12.25,,12,28,,OFF
1790642428.8070462,5,431,1,snr-greedy,5,2,,0.9933,0.9933,,12.75,12.75,,12,29,,OFF
1790642430.3342438,3,433,1,snr-greedy,5,2,,0.9932,0.9944,,12.75,13.5,,10,30,,OFF
1790642433.417188,9,410,1,snr-greedy,5,2,,0.9914,0.9933,,12.25,12.75,,10,30,,OFF
1790642434.220033,2,414,1,snr-greedy,5,2,,0.0,0.9858,,0.75,11.5,,9,31,,OFF
1790642434.539576,6,431,0,snr-greedy,5,2,,0.0,0.9762,,1.0,11.5,,8,31,,OFF
1790642434.7679589,8,407,1,snr-greedy,5,2,,0.9878,0.9933,,11.75,12.75,,8,32,,OFF
1790642435.8850355,1,434,1,snr-greedy,5,2,,0.99,0.9925,,12.0,12.5,,8,32,,OFF
1790642439.3264794,4,428,1,snr-greedy,5,2,,0.9925,0.9938,,12.5,13.0,,8,31,,OFF
1790642442.493515,7,426,1,snr-greedy,5,1,,0.0964,0.0004,,7.5,5.5,,8,30,,OFF
1790642443.023933,3,434,1,snr-greedy,5,1,,0.9942,0.9938,,13.25,13.0,,9,30,,OFF
1790642443.516183,5,432,1,snr-greedy,5,2,,0.9925,0.9933,,12.5,12.75,,9,31,,OFF
1790642444.2741163,6,432,1,snr-greedy,5,1,,0.8561,0.8146,,10.25,9.75,,10,31,,OFF
1790642446.846067,9,411,1,snr-greedy,5,2,,0.9933,0.9938,,12.75,13.0,,10,30,,OFF
1790642447.640841,2,415,1,snr-greedy,5,2,,0.9912,0.9926,,12.25,12.5,,9,31,,OFF
1790642448.343495,8,408,1,snr-greedy,5,2,,0.9924,0.9942,,12.5,13.25,,9,32,,OFF
1790642449.283477,1,435,1,snr-greedy,5,1,,0.9932,0.9914,,12.75,12.25,,10,32,,OFF
1790642450.547219,10,432,0,snr-greedy,5,2,,0.9833,0.9883,,12.25,12.75,,10,30,,OFF
1790642452.1427846,4,429,1,snr-greedy,5,2,,0.9915,0.9926,,12.25,12.5,,9,31,,OFF
1790642455.6264088,7,427,1,snr-greedy,5,2,,0.9932,0.9932,,12.75,12.75,,9,30,,OFF
1790642457.3644617,5,433,1,snr-greedy,5,2,,0.9817,0.9881,,12.0,12.75,,9,31,,OFF
1790642459.8286688,9,412,1,snr-greedy,5,2,,0.9941,0.9941,,13.25,13.25,,8,30,,OFF
1790642460.2429256,10,433,1,snr-greedy,5,2,,0.9915,0.9933,,12.25,12.75,,8,31,,OFF
1790642461.0220509,6,433,1,snr-greedy,5,2,,0.9925,0.9942,,12.5,13.25,,8,31,,OFF
1790642461.6827862,2,416,1,snr-greedy,5,2,,0.9925,0.9932,,12.5,12.75,,8,32,,OFF
1790642462.1822505,8,409,1,snr-greedy,5,2,,0.9662,0.9938,,11.0,13.0,,8,33,,OFF
1790642462.5570724,3,435,0,snr-greedy,5,2,,0.9925,0.9937,,12.5,13.0,,8,34,,OFF
1790642462.9843702,1,436,1,snr-greedy,5,1,,0.9933,0.9913,,12.75,12.25,,9,34,,OFF
1790642464.7532103,4,430,1,snr-greedy,5,2,,0.9914,0.9914,,12.25,12.25,,8,35,,UNKNOWN
1790642468.8376484,7,428,1,snr-greedy,5,1,,0.9938,0.9901,,13.0,12.0,,8,32,,OFF
1790642473.2347994,5,434,1,snr-greedy,5,2,,0.9932,0.9941,,12.75,13.25,,8,31,,OFF
1790642473.957084,9,413,1,snr-greedy,5,1,,0.9891,0.9877,,13.25,13.0,,9,31,,OFF
1790642475.099614,8,410,1,snr-greedy,5,2,,0.9884,0.8535,,12.0,12.25,,9,31,,OFF
1790642475.2822783,2,417,1,snr-greedy,5,2,,0.9877,0.9933,,11.75,12.75,,9,32,,OFF
1790642475.6207566,6,434,1,snr-greedy,5,2,,0.9933,0.9941,,12.75,13.25,,9,32,,OFF
1790642476.1061804,1,437,1,snr-greedy,5,1,,0.9925,0.9914,,12.5,12.25,,10,32,,OFF
1790642477.8481944,4,431,1,snr-greedy,5,2,,0.99,0.9933,,12.0,12.75,,10,32,,OFF
1790642479.5654762,3,436,0,snr-greedy,5,2,,0.9942,0.9942,,13.25,13.25,,10,32,,OFF
1790642480.570443,10,434,0,snr-greedy,5,1,,0.9915,0.0,,12.25,2.75,,11,31,,OFF
1790642484.7046492,7,429,1,snr-greedy,5,2,,0.9901,0.9914,,12.0,12.25,,10,31,,OFF
1790642486.2333376,5,435,1,snr-greedy,5,2,,0.9943,0.9943,,13.5,13.5,,10,31,,OFF
1790642487.9002423,9,414,1,snr-greedy,5,2,,0.985,0.9885,,12.5,13.0,,10,32,,OFF
1790642489.2358575,3,437,1,snr-greedy,5,2,,0.992,0.9727,,12.75,13.5,,9,32,,OFF
1790642490.0539765,1,438,1,snr-greedy,5,1,,0.0,0.0,,3.25,-1.5,,10,32,,OFF
1790642529.6525075,7,432,1,round-robin,5,1,,0.9914,0.9938,,nan,nan,,1,0,,OFF
1790642530.6803458,5,438,1,round-robin,5,1,,0.9932,0.9925,,nan,nan,,2,0,,OFF
1790642532.7078857,3,440,1,round-robin,5,1,,0.0,0.0,,nan,nan,,3,0,,OFF
1790642533.1281211,9,417,1,round-robin,5,1,,0.9932,0.9925,,nan,nan,,4,0,,OFF
1790642535.3006203,1,441,1,round-robin,5,1,,0.9933,0.0,,nan,nan,,5,0,,OFF
1790642537.84599,6,438,1,round-robin,5,1,,0.0,0.0054,,nan,nan,,6,0,,OFF
1790642538.3653154,10,438,1,round-robin,5,1,,0.9933,0.9933,,nan,nan,,7,0,,OFF
1790642541.0931845,8,414,0,round-robin,5,1,,0.9845,0.9904,,nan,nan,,8,0,,OFF
1790642541.0934572,2,421,0,round-robin,5,1,,0.0,0.9803,,nan,nan,,9,0,,OFF
1790642542.242214,7,433,1,round-robin,5,2,,0.9933,0.9914,,nan,nan,,9,1,,OFF
1790642543.9171212,5,439,1,round-robin,5,2,,0.9925,0.9916,,nan,nan,,9,2,,OFF
1790642545.20843,3,441,1,round-robin,5,2,,0.9925,0.9932,,nan,nan,,9,3,,OFF
1790642546.259572,9,418,1,round-robin,5,2,,0.9937,0.9941,,nan,nan,,9,4,,OFF
1790642550.6444764,1,442,1,round-robin,5,2,,0.9933,0.988,,nan,nan,,9,5,,OFF
1790642551.389484,10,439,1,round-robin,5,2,,0.9925,0.9933,,nan,nan,,9,6,,OFF
1790642552.6094418,8,415,1,round-robin,5,2,,0.9913,0.9943,,nan,nan,,9,7,,OFF
1790642553.855023,4,436,1,round-robin,5,1,,0.0,0.0001,,nan,nan,,10,7,,OFF
1790642555.2587123,7,434,1,round-robin,5,1,,0.9932,0.9938,,nan,nan,,11,7,,OFF
1790642557.099639,2,422,0,round-robin,5,2,,0.9653,0.9915,,nan,nan,,11,8,,OFF
1790642558.134348,5,440,1,round-robin,5,1,,0.9944,0.9932,,nan,nan,,12,8,,OFF
1790642559.491259,3,442,1,round-robin,5,1,,0.3658,0.7953,,nan,nan,,13,8,,OFF
1790642560.0869486,9,419,1,round-robin,5,1,,0.9933,0.9942,,nan,nan,,14,8,,OFF
1790642560.1006832,6,439,0,round-robin,5,2,,0.9875,0.9897,,nan,nan,,14,9,,OFF
1790642564.2403078,10,440,1,round-robin,5,1,,0.9925,0.9938,,nan,nan,,15,9,,OFF
1790642564.978503,1,443,1,round-robin,5,1,,0.9938,0.9925,,nan,nan,,16,9,,OFF
1790642566.4624417,8,416,1,round-robin,5,1,,0.9925,0.9938,,nan,nan,,17,9,,OFF
1790642567.8940825,2,423,1,round-robin,5,1,,0.9941,0.9925,,nan,nan,,18,9,,ON
1790642568.9924898,7,435,1,round-robin,5,2,,0.9916,0.9915,,nan,nan,,18,10,,ON
1790642570.0149453,6,440,1,round-robin,5,1,,0.9924,0.9901,,nan,nan,,19,10,,OFF
1790642571.540128,5,441,1,round-robin,5,2,,0.9925,0.9925,,nan,nan,,19,11,,OFF
1790642572.1694798,3,443,1,round-robin,5,2,,0.9925,0.9938,,nan,nan,,19,12,,OFF
1790642574.1057045,4,437,0,round-robin,5,2,,0.9853,0.9819,,nan,nan,,19,13,,OFF
1790642575.666736,9,420,1,round-robin,5,2,,0.9916,0.9942,,nan,nan,,19,14,,OFF
1790642578.5264084,1,444,1,round-robin,5,2,,0.9914,0.9924,,nan,nan,,19,15,,OFF
1790642579.5496464,10,441,1,round-robin,5,2,,0.9937,0.9941,,nan,nan,,19,16,,OFF
1790642580.6470044,2,424,1,round-robin,5,2,,0.9925,0.9932,,nan,nan,,19,17,,OFF
1790642581.6876028,8,417,1,round-robin,5,2,,0.9901,0.9915,,nan,nan,,19,18,,OFF
1790642583.0114386,4,438,1,round-robin,5,1,,0.0002,0.0002,,nan,nan,,20,18,,OFF
1790642583.8076954,6,441,1,round-robin,5,2,,0.9943,0.9943,,nan,nan,,20,19,,OFF
1790642585.6963325,3,444,1,round-robin,5,1,,0.9925,0.9925,,nan,nan,,21,19,,OFF
1790642586.9442227,5,442,1,round-robin,5,1,,0.9925,0.9941,,nan,nan,,22,19,,OFF
1790642588.3281996,9,421,1,round-robin,5,1,,0.9938,0.9933,,nan,nan,,23,19,,OFF
1790642589.111329,7,436,0,round-robin,5,1,,0.9932,0.9932,,nan,nan,,24,19,,OFF
1790642593.0479708,1,445,1,round-robin,5,1,,0.9914,0.9933,,nan,nan,,22,19,,OFF
1790642593.0485744,10,442,1,round-robin,5,1,,0.9915,0.9941,,nan,nan,,23,19,,OFF
1790642594.3755374,2,425,1,round-robin,5,1,,0.0005,0.9847,,nan,nan,,23,19,,OFF
1790642594.929487,8,418,1,round-robin,5,1,,0.9925,0.9942,,nan,nan,,24,19,,OFF
1790642596.2396066,4,439,1,round-robin,5,2,,0.9932,0.9923,,nan,nan,,23,20,,OFF
1790642599.1893167,7,437,1,round-robin,5,2,,0.0001,0.854,,nan,nan,,21,21,,OFF
1790642600.308453,5,443,1,round-robin,5,2,,0.9915,0.9933,,nan,nan,,21,22,,OFF
1790642603.3872757,9,422,1,round-robin,5,2,,0.9932,0.994,,nan,nan,,19,22,,OFF
1790642605.1294909,6,442,0,round-robin,5,1,,0.9916,0.9933,,nan,nan,,20,21,,OFF
1790642605.1303568,3,445,0,round-robin,5,2,,0.0671,0.0,,nan,nan,,20,22,,OFF
1790642607.3587797,10,443,1,round-robin,5,2,,0.0016,0.0,,nan,nan,,20,21,,OFF
1790642607.8876398,2,426,1,round-robin,5,2,,0.9922,0.9938,,nan,nan,,20,22,,OFF
1790642608.8132956,4,440,1,round-robin,5,1,,0.9933,0.8333,,nan,nan,,21,22,,OFF
1790642609.5333571,1,446,1,round-robin,5,2,,0.9925,0.9899,,nan,nan,,21,23,,OFF
1790642612.306333,7,438,1,round-robin,5,1,,0.9901,0.9926,,nan,nan,,22,21,,OFF
1790642613.821081,5,444,1,round-robin,5,1,,0.9942,0.9925,,nan,nan,,23,20,,OFF
1790642614.1344333,8,419,0,round-robin,5,2,,0.9915,0.9926,,nan,nan,,22,21,,OFF
1790642614.7589803,6,443,1,round-robin,5,2,,0.0,0.0001,,nan,nan,,22,22,,OFF
1790642617.5303726,9,423,1,round-robin,5,1,,0.9933,0.9939,,nan,nan,,22,21,,ON
1790642620.1372707,3,446,0,round-robin,5,1,,0.8752,0.8887,,nan,nan,,20,20,,ON
1790642621.6131399,10,444,1,round-robin,5,1,,0.0,0.9669,,nan,nan,,21,20,,ON
1790642621.9212155,2,427,1,round-robin,5,1,,0.9922,0.9795,,nan,nan,,22,20,,ON
1790642622.5204282,1,447,1,round-robin,5,1,,0.0,0.9679,,nan,nan,,23,20,,ON
1790642623.7517467,8,420,1,round-robin,5,1,,0.9915,0.0,,nan,nan,,24,20,,ON
1790642626.4473014,7,439,1,round-robin,5,2,,0.9914,0.9914,,nan,nan,,22,21,,OFF
1790642627.6573005,5,445,1,round-robin,5,2,,0.9926,0.9925,,nan,nan,,21,22,,OFF
1790642628.8835993,6,444,1,round-robin,5,1,,0.9933,0.9915,,nan,nan,,21,22,,OFF
1790642629.1415496,4,441,0,round-robin,5,2,,0.0,0.8912,,nan,nan,,21,22,,OFF
1790642631.5704591,3,447,1,round-robin,5,2,,0.9933,0.9938,,nan,nan,,20,22,,OFF
1790642632.6979241,9,424,1,round-robin,5,2,,0.9925,0.9933,,nan,nan,,20,22,,OFF
1790642634.6245656,10,445,1,round-robin,5,2,,0.9943,0.9932,,nan,nan,,20,22,,OFF
1790642635.2435641,2,428,1,round-robin,5,2,,0.9925,0.9925,,nan,nan,,20,23,,OFF
1790642635.854317,1,448,1,round-robin,5,2,,0.9925,0.9925,,nan,nan,,20,23,,OFF
1790642637.1845005,8,421,1,round-robin,5,2,,0.9932,0.9942,,nan,nan,,20,24,,OFF
1790642639.053849,4,442,1,round-robin,5,1,,0.9897,0.9901,,nan,nan,,21,23,,OFF
1790642639.9525332,7,440,1,round-robin,5,1,,0.9937,0.9943,,nan,nan,,22,22,,OFF
1790642640.7734442,5,446,1,round-robin,5,1,,0.9901,0.9933,,nan,nan,,23,21,,OFF
1790642642.624702,6,445,1,round-robin,5,2,,0.9932,0.9942,,nan,nan,,23,21,,OFF
1790642644.8608124,3,448,1,round-robin,5,1,,0.9915,0.9933,,nan,nan,,23,20,,OFF
1790642645.1590338,9,425,1,round-robin,5,1,,0.9912,0.9922,,nan,nan,,24,20,,OFF
1790642647.7293582,10,446,1,round-robin,5,1,,0.9933,0.9938,,nan,nan,,23,20,,OFF
1790642649.3065424,1,449,1,round-robin,5,1,,0.9541,0.5758,,nan,nan,,22,20,,OFF
1790642650.391836,8,422,1,round-robin,5,1,,0.9854,0.9938,,nan,nan,,23,20,,OFF
1790642652.030483,4,443,1,round-robin,5,2,,0.9914,0.9915,,nan,nan,,23,21,,OFF
1790642654.0758123,7,441,1,round-robin,5,2,,0.9931,0.9937,,nan,nan,,21,22,,OFF
1790642654.6886883,5,447,1,round-robin,5,2,,0.9925,0.9937,,nan,nan,,20,23,,OFF
1790642655.1506429,2,429,0,round-robin,5,1,,0.9933,0.9915,,nan,nan,,20,23,,OFF
1790642656.7725463,6,446,1,round-robin,5,1,,0.9933,0.9938,,nan,nan,,21,22,,OFF
1790642659.505367,9,426,1,round-robin,5,2,,0.0004,0.0004,,nan,nan,,21,22,,OFF
1790642661.0521839,10,447,1,round-robin,5,2,,0.9915,0.9933,,nan,nan,,21,22,,OFF
1790642663.192428,1,450,1,round-robin,5,2,,0.9925,0.9913,,nan,nan,,21,23,,OFF
1790642664.0088642,8,423,1,round-robin,5,2,,0.9435,0.0001,,nan,nan,,21,23,,OFF
1790642664.6015415,4,444,1,round-robin,5,1,,0.9901,0.9901,,nan,nan,,22,23,,OFF
1790642665.1543734,3,449,0,round-robin,5,2,,0.0,0.0,,nan,nan,,21,23,,OFF
1790642665.8900692,2,430,1,round-robin,5,2,,0.9929,0.9937,,nan,nan,,21,24,,OFF
1790642668.020412,5,448,1,round-robin,5,1,,0.0002,0.0008,,nan,nan,,22,22,,OFF
1790642670.7864268,6,447,1,round-robin,5,2,,0.9916,0.9938,,nan,nan,,21,22,,OFF
1790642673.9363794,10,448,1,round-robin,5,1,,0.0001,0.9933,,nan,nan,,20,22,,UNKNOWN
1790642674.1595628,7,442,0,round-robin,5,1,,0.9933,0.9926,,nan,nan,,21,21,,OFF
1790642674.3643286,3,450,1,round-robin,5,1,,0.9939,0.9924,,nan,nan,,22,21,,OFF
1790642678.350968,4,445,1,round-robin,5,2,,0.9914,0.9915,,nan,nan,,21,21,,OFF
1790642679.8897138,2,431,1,round-robin,5,1,,0.9938,0.9925,,nan,nan,,22,21,,OFF
1790642681.2067444,5,449,1,round-robin,5,2,,0.9925,0.9933,,nan,nan,,21,22,,OFF
1790642683.1633742,1,451,0,round-robin,5,1,,0.9925,0.9932,,nan,nan,,19,22,,OFF
1790642683.1641774,8,424,0,round-robin,5,1,,0.1846,0.0016,,nan,nan,,20,22,,OFF
1790642683.6798913,7,443,1,round-robin,5,2,,0.9915,0.9926,,nan,nan,,20,23,,OFF
1790642685.8563437,6,448,1,round-robin,5,1,,0.9932,0.9937,,nan,nan,,20,23,,OFF
1790642687.865778,10,449,1,round-robin,5,2,,0.9939,0.9938,,nan,nan,,20,22,,OFF
1790642689.4990563,9,428,1,round-robin,5,1,,0.9915,0.9933,,nan,nan,,20,21,,OFF
1790642690.7428045,3,451,1,round-robin,5,2,,0.9925,0.9942,,nan,nan,,20,22,,OFF
1790642692.4758825,4,446,1,round-robin,5,1,,0.9877,0.9915,,nan,nan,,21,21,,OFF
1790642692.605234,2,432,1,round-robin,5,2,,0.9938,0.9932,,nan,nan,,21,22,,OFF
1790642693.6085956,8,425,1,round-robin,5,2,,0.9921,0.9935,,nan,nan,,21,22,,OFF
1790642693.9158986,1,452,1,round-robin,5,2,,0.9913,0.979,,nan,nan,,21,23,,OFF
1790642695.3395808,5,450,1,round-robin,5,1,,0.9925,0.9933,,nan,nan,,22,21,,OFF
1790642696.9763587,7,444,1,round-robin,5,1,,0.9901,0.9933,,nan,nan,,23,20,,OFF
1790642699.668605,6,449,1,round-robin,5,2,,0.9926,0.9942,,nan,nan,,22,20,,OFF
1790642702.11158,10,450,1,round-robin,5,1,,0.9924,0.9938,,nan,nan,,21,20,,OFF
1790642705.8785918,2,433,1,round-robin,5,1,,0.9925,0.9937,,nan,nan,,20,19,,OFF
1790642706.6260064,1,453,1,round-robin,5,1,,0.9914,0.9925,,nan,nan,,21,19,,OFF
1790642707.6659033,8,426,1,round-robin,5,1,,0.9941,0.9944,,nan,nan,,22,19,,OFF
1790642708.7545657,4,447,1,round-robin,5,2,,0.9938,0.9913,,nan,nan,,21,20,,OFF
1790642709.174326,9,429,0,round-robin,5,2,,0.9914,0.9933,,nan,nan,,21,21,,OFF
1790642709.9813442,5,451,1,round-robin,5,2,,0.9926,0.9916,,nan,nan,,20,22,,OFF
1790642710.176606,3,452,0,round-robin,5,1,,0.8535,0.8887,,nan,nan,,21,22,,OFF
1790642710.3053641,7,445,1,round-robin,5,2,,0.9902,0.9901,,nan,nan,,21,23,,OFF
1790642714.0867317,6,450,1,round-robin,5,1,,0.9925,0.9933,,nan,nan,,21,21,,OFF
1790642715.662076,10,451,1,round-robin,5,2,,0.9942,0.9941,,nan,nan,,20,21,,OFF
1790642719.540031,9,430,1,round-robin,5,1,,0.8526,0.0,,nan,nan,,20,20,,OFF
1790642720.0173557,2,434,1,round-robin,5,2,,0.9942,0.9938,,nan,nan,,20,21,,ON
1790642721.2892807,8,427,1,round-robin,5,2,,0.5625,0.9938,,nan,nan,,20,21,,ON
1790642722.076398,4,448,1,round-robin,5,1,,0.9901,0.9883,,nan,nan,,21,21,,ON
1790642722.7155604,5,452,1,round-robin,5,1,,0.9932,0.9916,,nan,nan,,22,21,,ON
1790642723.8503437,7,446,1,round-robin,5,1,,0.9925,0.9931,,nan,nan,,23,20,,OFF
1790642724.1947267,3,453,0,round-robin,5,2,,0.9922,0.9928,,nan,nan,,23,20,,OFF
1790642725.1967535,1,454,0,round-robin,5,2,,0.9914,0.9856,,nan,nan,,22,20,,OFF
1790642727.6221988,6,451,1,round-robin,5,2,,0.9938,0.9926,,nan,nan,,22,20,,OFF
1790642729.7847638,10,452,1,round-robin,5,1,,0.9925,0.9944,,nan,nan,,22,20,,OFF
1790642732.7211232,2,435,1,round-robin,5,1,,0.9916,0.9926,,nan,nan,,23,19,,OFF
1790642734.363339,3,454,1,round-robin,5,1,,0.9933,0.9943,,nan,nan,,22,19,,OFF
1790642735.0985045,4,449,1,round-robin,5,2,,0.9913,0.955,,nan,nan,,21,20,,OFF
1790642735.7975428,5,453,1,round-robin,5,2,,0.9938,0.9925,,nan,nan,,21,21,,OFF
1790642737.7508476,7,447,1,round-robin,5,2,,0.9915,0.9925,,nan,nan,,21,22,,OFF
1790642740.2053616,8,428,0,round-robin,5,1,,0.9645,0.9938,,nan,nan,,21,21,,OFF
1790642741.2062864,1,455,0,round-robin,5,1,,0.9925,0.9856,,nan,nan,,22,21,,OFF
1790642741.2422373,6,452,1,round-robin,5,1,,0.9926,0.9933,,nan,nan,,23,20,,OFF
1790642742.440119,10,453,1,round-robin,5,2,,0.9932,0.9943,,nan,nan,,23,21,,OFF
1790642747.691469,2,436,1,round-robin,5,2,,0.9932,0.9933,,nan,nan,,20,21,,OFF
1790642748.6001415,4,450,1,round-robin,5,1,,0.9924,0.9942,,nan,nan,,21,20,,OFF
1790642749.0901349,5,454,1,round-robin,5,1,,0.9915,0.9925,,nan,nan,,22,20,,OFF
1790642749.6201544,3,455,1,round-robin,5,2,,0.9925,0.9938,,nan,nan,,21,21,,OFF
1790642750.6415553,8,429,1,round-robin,5,2,,0.3836,0.8535,,nan,nan,,21,22,,OFF
1790642751.1697056,7,448,1,round-robin,5,1,,0.99,0.9938,,nan,nan,,22,21,,OFF
1790642752.1784315,1,456,1,round-robin,5,2,,0.9915,0.9923,,nan,nan,,22,22,,OFF
1790642755.9884884,6,453,1,round-robin,5,2,,0.9924,0.9942,,nan,nan,,20,20,,OFF
1790642756.2145708,9,432,0,round-robin,5,2,,0.9867,0.8689,,nan,nan,,20,21,,OFF
1790642756.9147966,10,454,1,round-robin,5,1,,0.9883,0.9901,,nan,nan,,21,21,,OFF
1790642801.0041873,6,456,1,state-aware,5,2,,0.9924,0.9933,,0.9924,0.9933,,0,1,,OFF
1790642801.3418567,10,457,1,state-aware,5,2,,0.9848,0.9902,,0.9848,0.9902,,0,2,,OFF
1790642806.5761118,2,440,1,state-aware,5,2,,0.9914,0.9914,,0.9914,0.9914,,0,3,,OFF
1790642809.3115036,8,433,1,state-aware,5,2,,0.9841,0.989,,0.9841,0.989,,0,4,,OFF
1790642811.1984432,5,458,1,state-aware,5,2,,0.9937,0.9938,,0.9937,0.9938,,0,5,,OFF
1790642811.6803274,1,460,1,state-aware,5,1,,0.7226,0.0,,0.7226,0.0,,1,5,,OFF
1790642812.3074594,4,454,1,state-aware,5,2,,0.9899,0.9925,,0.9899,0.9925,,1,6,,OFF
1790642813.336948,7,452,1,state-aware,5,1,,0.0,0.0,,0.0,0.0,,2,6,,OFF
1790642813.9566486,6,457,1,state-aware,5,1,,0.9932,0.9933,,0.9932,0.9277,,3,6,,OFF
1790642814.7450042,3,459,0,state-aware,5,2,,0.9878,0.9899,,0.9878,0.9899,,3,7,,OFF
1790642815.793769,10,458,1,state-aware,5,1,,0.9932,0.9938,,0.9932,0.9282,,4,7,,OFF
1790642817.7469845,9,436,0,state-aware,5,2,,0.9899,0.9908,,0.9899,0.9908,,4,8,,OFF
1790642820.7285929,2,441,1,state-aware,5,1,,0.9925,0.99,,0.9925,0.925,,5,8,,ON
1790642822.9413886,8,434,1,state-aware,5,2,,0.8535,0.9178,,0.8535,0.8648,,5,9,,ON
1790642823.7744699,5,459,1,state-aware,5,2,,0.0,0.0,,0.0,0.1,,5,10,,ON
1790642824.9756806,1,461,1,state-aware,5,2,,0.0,0.9858,,0.1,0.9858,,5,11,,ON
1790642826.506205,9,437,1,state-aware,5,2,,0.0,0.134,,0.0,0.1784,,5,12,,UNKNOWN
1790642827.5470946,6,458,1,state-aware,5,2,,0.9925,0.9938,,0.9271,0.9282,,5,13,,OFF
1790642828.59193,10,459,1,state-aware,5,1,,0.9938,0.9925,,0.9281,0.9271,,6,13,,OFF
1790642829.7498047,3,460,0,state-aware,5,1,,0.9878,0.9933,,0.9878,0.8944,,7,13,,OFF
1790642831.7517846,4,455,0,state-aware,5,1,,0.9925,0.9914,,0.9925,0.9261,,8,13,,OFF
1790642832.753466,7,453,0,state-aware,5,2,,0.9853,0.9842,,0.921,0.9842,,8,14,,OFF
1790642836.1795065,8,435,1,state-aware,5,1,,0.9901,0.9933,,0.9901,0.9038,,9,14,,OFF
1790642836.454401,2,442,1,state-aware,5,2,,0.0,0.9912,,0.0667,0.926,,9,15,,OFF
1790642838.562092,1,462,1,state-aware,5,1,,0.9925,0.9924,,0.9271,0.927,,10,15,,OFF
1790642839.6370704,3,461,1,state-aware,5,1,,0.9926,0.9926,,0.8938,0.8938,,11,15,,OFF
1790642841.104847,6,459,1,state-aware,5,1,,0.6235,0.5473,,0.6196,0.5852,,12,15,,OFF
1790642841.563856,4,456,1,state-aware,5,2,,0.9898,0.9912,,0.8915,0.926,,12,16,,OFF
1790642841.7580774,5,460,0,state-aware,5,1,,0.8804,0.8689,,0.8804,0.8149,,13,16,,OFF
1790642842.1945248,7,454,1,state-aware,5,1,,0.9926,0.9913,,0.9271,0.8928,,14,16,,OFF
1790642842.7214797,10,460,1,state-aware,5,2,,0.9933,0.9944,,0.9038,0.9286,,14,17,,OFF
1790642850.9284825,2,443,1,state-aware,5,2,,0.9915,0.9915,,0.8929,0.9025,,14,18,,OFF
1790642851.4979649,8,436,1,state-aware,5,2,,0.9931,0.9942,,0.8943,0.9044,,14,19,,OFF
1790642852.1248631,3,462,1,state-aware,5,2,,0.9933,0.9916,,0.8581,0.893,,14,20,,OFF
1790642852.7335715,5,461,1,state-aware,5,2,,0.9932,0.9932,,0.8943,0.9037,,14,21,,OFF
1790642855.0851197,1,463,1,state-aware,5,1,,0.0,0.0,,0.1371,0.1,,15,21,,OFF
1790642855.808327,7,455,1,state-aware,5,2,,0.8008,0.9915,,0.7663,0.8929,,15,22,,OFF
1790642856.1101923,9,439,1,state-aware,5,1,,0.985,0.9886,,0.985,0.8905,,16,22,,OFF
1790642857.0432558,10,461,1,state-aware,5,2,,0.9925,0.9926,,0.9032,0.9033,,16,23,,OFF
1790642857.9936953,4,457,1,state-aware,5,1,,0.9914,0.9924,,0.8928,0.846,,17,23,,OFF
1790642860.7632048,6,460,0,state-aware,5,1,,0.9747,0.9693,,0.8905,0.8866,,18,23,,OFF
1790642863.4705384,2,444,1,state-aware,5,2,,0.9937,0.9941,,0.8947,0.9003,,18,22,,OFF
1790642864.7395706,8,437,1,state-aware,5,2,,0.9561,0.9939,,0.8634,0.9002,,18,23,,OFF
1790642865.6332247,3,463,1,state-aware,5,2,,0.9925,0.9942,,0.8575,0.8587,,18,24,,OFF
1790642866.3436904,5,462,1,state-aware,5,2,,0.9933,0.9902,,0.8944,0.8979,,18,25,,OFF
1790642868.3126042,1,464,1,state-aware,5,2,,0.9938,0.9938,,0.8402,0.9281,,18,25,,OFF
1790642869.1240385,9,440,1,state-aware,5,1,,0.9901,0.9916,,0.9251,0.893,,19,25,,OFF
1790642869.9845772,7,456,1,state-aware,5,2,,0.004,0.9938,,0.1971,0.8585,,19,25,,OFF
1790642871.0581641,4,458,1,state-aware,5,1,,0.9914,0.9915,,0.8567,0.8453,,20,25,,OFF
1790642875.7759018,10,462,0,state-aware,5,1,,0.9925,0.3649,,0.9032,0.507,,18,22,,OFF
1790642875.7768948,6,461,0,state-aware,5,2,,0.9905,0.9922,,0.8231,0.903,,18,23,,OFF
1790642877.8364453,2,445,1,state-aware,5,2,,0.9898,0.9925,,0.8915,0.9048,,17,23,,OFF
1790642878.5462818,8,438,1,state-aware,5,2,,0.9852,0.9944,,0.8876,0.9059,,17,24,,OFF
1790642879.3590927,5,463,1,state-aware,5,2,,0.9924,0.9829,,0.8937,0.8995,,17,25,,OFF
1790642881.9635172,9,441,1,state-aware,5,1,,0.9925,0.9926,,0.9032,0.8938,,17,25,,OFF
1790642882.8557138,1,465,1,state-aware,5,2,,0.9932,0.9937,,0.8398,0.9041,,17,26,,OFF
1790642884.1624992,7,457,1,state-aware,5,1,,0.9937,0.9925,,0.9041,0.8513,,18,24,,OFF
1790642884.7801735,3,464,0,state-aware,5,1,,0.9915,0.0,,0.8568,0.231,,19,24,,OFF
1790642885.0823743,10,463,1,state-aware,5,2,,0.9925,0.8804,,0.8243,0.8293,,19,24,,OFF
1790642885.6338975,6,462,1,state-aware,5,1,,0.9938,0.9938,,0.8252,0.8251,,20,24,,OFF
1790642890.782571,4,459,0,state-aware,5,1,,0.9855,0.9915,,0.8469,0.8453,,19,22,,OFF
1790642891.3459427,2,446,1,state-aware,5,2,,0.9925,0.9938,,0.8937,0.915,,19,23,,OFF
1790642892.7983043,8,439,1,state-aware,5,2,,0.9933,0.9933,,0.8944,0.9147,,18,23,,OFF
1790642893.2185595,5,464,1,state-aware,5,2,,0.9915,0.9939,,0.8929,0.915,,18,24,,OFF
1790642895.0267518,9,442,1,state-aware,5,1,,0.0,0.0,,0.279,0.0667,,19,24,,OFF
1790642895.8438292,3,465,1,state-aware,5,2,,0.9926,0.9915,,0.7764,0.8507,,19,25,,OFF
1790642898.0854053,7,458,1,state-aware,5,1,,0.9914,0.9925,,0.8986,0.8513,,19,24,,OFF
1790642900.8016868,1,466,0,state-aware,5,2,,0.9915,0.9925,,0.8387,0.8993,,17,25,,OFF
1790642900.8640218,10,464,1,state-aware,5,1,,0.9926,0.0,,0.8244,0.2645,,18,25,,OFF
1790642901.4860172,6,463,1,state-aware,5,2,,0.9914,0.9894,,0.7442,0.8224,,17,26,,OFF
1790642905.8787365,8,440,1,state-aware,5,2,,0.9925,0.9933,,0.8938,0.9255,,15,25,,OFF
1790642906.8041952,4,460,0,state-aware,5,2,,0.0,0.9915,,0.219,0.8453,,15,26,,OFF
1790642907.6307714,5,465,1,state-aware,5,2,,0.9937,0.9938,,0.8948,0.9257,,15,27,,OFF
1790642908.0634425,2,447,1,state-aware,5,1,,0.9882,0.9901,,0.8902,0.8149,,16,27,,OFF
1790642911.623817,1,467,1,state-aware,5,1,,0.9914,0.9899,,0.8386,0.8145,,17,25,,OFF
1790642912.272738,7,459,1,state-aware,5,1,,0.9901,0.9933,,0.9035,0.8518,,18,24,,OFF
1790642913.5003977,10,465,1,state-aware,5,1,,0.9916,0.9938,,0.8332,0.8167,,19,23,,OFF
1790642913.8074481,9,443,0,state-aware,5,1,,0.8535,0.8943,,0.8276,0.8119,,20,23,,OFF
1790642913.8088844,3,466,0,state-aware,5,2,,0.0,0.0,,0.156,0.3079,,20,24,,OFF
1790642914.7141893,6,464,1,state-aware,5,2,,0.9932,0.9943,,0.7452,0.8347,,20,25,,OFF
1790642916.0197706,4,461,1,state-aware,5,1,,0.9923,0.9912,,0.7703,0.7635,,20,24,,OFF
1790642920.2136405,8,441,1,state-aware,5,2,,0.9605,0.9883,,0.8671,0.934,,18,24,,OFF
1790642920.8221624,5,466,1,state-aware,5,2,,0.9901,0.9915,,0.8918,0.9353,,17,25,,OFF
1790642923.0776558,2,448,1,state-aware,5,2,,0.9916,0.9925,,0.7997,0.816,,17,26,,ON
1790642924.2436945,9,444,1,state-aware,5,2,,0.9931,0.9938,,0.8147,0.8948,,17,26,,ON
1790642924.7105439,3,467,1,state-aware,5,2,,0.0,0.0055,,0.156,0.2799,,17,27,,ON
1790642925.2389672,7,460,1,state-aware,5,1,,0.9901,0.0,,0.9131,0.231,,18,26,,ON
1790642925.6297154,1,468,1,state-aware,5,2,,0.0,0.7173,,0.2965,0.663,,18,27,,ON
1790642926.45028,10,466,1,state-aware,5,1,,0.0,0.0616,,0.3541,0.2988,,19,25,,ON
1790642927.8890414,6,465,1,state-aware,5,2,,0.0002,0.9565,,0.1935,0.8323,,19,26,,UNKNOWN
1790642929.9562883,4,462,1,state-aware,5,1,,0.99,0.9914,,0.7921,0.7636,,19,25,,OFF
1790642933.0490673,8,442,1,state-aware,5,2,,0.99,0.9944,,0.8917,0.9462,,18,25,,OFF
1790642934.8640797,5,467,1,state-aware,5,2,,0.9925,0.9938,,0.8938,0.946,,18,26,,OFF
1790642936.9332385,2,449,1,state-aware,5,2,,0.0,0.9879,,0.0914,0.8405,,17,26,,OFF
1790642937.3178923,9,445,1,state-aware,5,2,,0.99,0.9933,,0.8131,0.8581,,17,27,,OFF
1790642938.2774534,3,468,1,state-aware,5,2,,0.9932,0.9944,,0.7767,0.8029,,17,27,,OFF
1790642939.807584,7,461,1,state-aware,5,1,,0.9915,0.9915,,0.9247,0.8507,,18,25,,OFF
1790642940.4063694,10,467,1,state-aware,5,1,,0.9924,0.9932,,0.8692,0.8163,,19,25,,OFF
1790642942.2728267,6,466,1,state-aware,5,2,,0.9901,0.9915,,0.7435,0.8688,,18,26,,OFF
1790642943.8328755,1,469,0,state-aware,5,1,,0.985,0.9906,,0.8437,0.8334,,19,25,,OFF
1790642944.0963264,4,463,1,state-aware,5,1,,0.9932,0.9926,,0.8199,0.7644,,20,25,,OFF
1790642946.7541058,8,443,1,state-aware,5,2,,0.99,0.9939,,0.8917,0.9547,,17,25,,OFF
1790642947.8628943,5,468,1,state-aware,5,2,,0.9915,0.9933,,0.8929,0.9545,,17,26,,OFF
1790642951.0504293,9,446,1,state-aware,5,1,,0.0032,0.0,,0.3197,0.231,,17,26,,OFF
1790642951.4695287,2,450,1,state-aware,5,2,,0.9915,0.9933,,0.7996,0.867,,17,26,,OFF
1790642953.4238396,1,470,1,state-aware,5,2,,0.9925,0.9924,,0.7631,0.8343,,17,25,,OFF
1790642954.1337533,7,462,1,state-aware,5,1,,0.9933,0.99,,0.936,0.8498,,18,25,,OFF
1790642954.9329193,10,468,1,state-aware,5,1,,0.9933,0.9925,,0.8882,0.8159,,19,25,,OFF
1790642956.2703867,6,467,1,state-aware,5,2,,0.9925,0.9933,,0.7448,0.8883,,18,25,,OFF
1790642956.9848113,4,464,1,state-aware,5,1,,0.9914,0.9942,,0.8449,0.7654,,19,25,,OFF
1790642960.9758933,5,469,1,state-aware,5,2,,0.9933,0.9941,,0.8944,0.9623,,17,25,,OFF
1790642964.8389053,2,451,1,state-aware,5,2,,0.9915,0.9942,,0.7996,0.8889,,17,25,,OFF
1790642965.8461673,8,444,0,state-aware,5,2,,0.9914,0.9933,,0.8928,0.962,,17,26,,OFF
1790642966.0879445,3,470,1,state-aware,5,2,,0.0,0.0,,0.156,0.3509,,17,26,,OFF
1790642966.622826,1,471,1,state-aware,5,2,,0.9938,0.9914,,0.7638,0.8548,,17,27,,OFF
1790642967.633279,10,469,1,state-aware,5,1,,0.9901,0.9915,,0.9042,0.8154,,18,25,,OFF
1790642968.7534652,7,463,1,state-aware,5,1,,0.9925,0.9938,,0.9455,0.8521,,18,25,,OFF
1790642969.8493137,9,447,0,state-aware,5,2,,0.9843,0.9898,,0.8341,0.8496,,18,26,,OFF
1790642971.6626577,6,468,1,state-aware,5,2,,0.9942,0.9942,,0.7457,0.7827,,17,27,,OFF
1790642972.4322133,4,465,1,state-aware,5,2,,0.9924,0.9942,,0.7462,0.7654,,16,28,,OFF
1790642975.963847,8,445,1,state-aware,5,1,,0.9882,0.9942,,0.8902,0.8312,,15,26,,ON
1790642976.249723,5,470,1,state-aware,5,1,,0.9932,0.994,,0.8943,0.8311,,15,26,,ON
1790642977.4918973,2,452,1,state-aware,5,2,,0.0,0.9915,,0.0914,0.9068,,15,27,,ON
1790642979.404521,1,472,1,state-aware,5,2,,0.0,0.8542,,0.2669,0.8184,,15,28,,ON
1790642979.809512,9,448,1,state-aware,5,2,,0.0,0.9901,,0.3867,0.7691,,15,29,,ON
1790642980.5591698,10,470,1,state-aware,5,1,,0.9901,0.9925,,0.9196,0.8159,,16,28,,ON
1790642983.39128,7,464,1,state-aware,5,1,,0.9926,0.9915,,0.9542,0.8507,,17,26,,OFF
1790642984.8578398,3,471,0,state-aware,5,2,,0.0,0.9841,,0.156,0.827,,17,25,,OFF
1790642985.8457968,6,469,1,state-aware,5,2,,0.9915,0.9938,,0.7442,0.8181,,16,25,,OFF
1790642986.5661085,4,466,1,state-aware,5,2,,0.9879,0.9901,,0.7444,0.7755,,15,26,,OFF
1790642990.869445,8,446,1,state-aware,5,2,,0.9841,0.9925,,0.7944,0.8306,,14,26,,OFF
1790642991.287594,2,453,1,state-aware,5,2,,0.9906,0.9898,,0.799,0.9222,,14,27,,OFF
1790642991.8046813,5,471,1,state-aware,5,2,,0.9915,0.9933,,0.7997,0.8309,,14,28,,OFF
1790642993.1467357,9,449,1,state-aware,5,1,,0.0016,0.0,,0.3874,0.2971,,15,27,,OFF
1790642993.6417186,1,473,1,state-aware,5,2,,0.9942,0.9925,,0.764,0.8951,,15,28,,OFF
1790642994.2869766,3,472,1,state-aware,5,1,,0.9899,0.9925,,0.7747,0.7336,,16,28,,OFF
1790642997.3272347,7,465,1,state-aware,5,1,,0.9914,0.9933,,0.9614,0.8518,,17,25,,OFF
1790642998.6500688,6,470,1,state-aware,5,2,,0.9942,0.9942,,0.7457,0.849,,17,25,,OFF
1790643000.712127,4,467,1,state-aware,5,2,,0.9924,0.9924,,0.7462,0.7991,,15,26,,OFF
1790643004.382133,8,447,1,state-aware,5,2,,0.9924,0.9925,,0.8003,0.8606,,13,26,,OFF
1790643004.9068599,5,472,1,state-aware,5,2,,0.9916,0.9915,,0.7997,0.8603,,13,27,,OFF
1790643005.4235642,2,454,1,state-aware,5,2,,0.9941,0.9933,,0.8015,0.9368,,13,28,,OFF
1790643006.938524,9,450,1,state-aware,5,1,,0.9925,0.9942,,0.8611,0.7942,,14,27,,OFF
1790643008.5139582,1,474,1,state-aware,5,2,,0.9938,0.9915,,0.7638,0.7831,,14,27,,OFF
1790643008.9006157,3,473,1,state-aware,5,2,,0.9933,0.9914,,0.6997,0.7332,,14,28,,OFF
1790643009.627798,10,472,1,state-aware,5,2,,0.0375,0.9925,,0.5794,0.8159,,14,29,,OFF
1790643010.749433,7,466,1,state-aware,5,1,,0.9901,0.9915,,0.9674,0.8507,,15,29,,OFF
1790643013.2269402,6,471,1,state-aware,5,2,,0.9915,0.9939,,0.7443,0.8751,,14,29,,OFF
1790643014.2387106,4,468,1,state-aware,5,2,,0.9942,0.9925,,0.7468,0.8245,,13,29,,OFF
1790643017.4021027,8,448,1,state-aware,5,2,,0.0096,0.9925,,0.0983,0.8856,,11,29,,OFF
1790643017.9047978,5,473,1,state-aware,5,2,,0.0054,0.0,,0.0953,0.6099,,11,30,,OFF
1790643021.2847722,9,451,1,state-aware,5,1,,0.9942,0.9925,,0.8831,0.7934,,12,29,,OFF
1790643022.324212,1,475,1,state-aware,5,1,,0.6645,0.0,,0.5992,0.4893,,13,29,,OFF
1790643022.7222815,3,474,1,state-aware,5,2,,0.9926,0.9915,,0.6994,0.7767,,13,30,,OFF
1790643024.8007002,10,473,1,state-aware,5,1,,0.9939,0.9938,,0.921,0.735,,14,30,,OFF
1790643026.6067007,7,467,1,state-aware,5,2,,0.9924,0.9901,,0.8323,0.8498,,14,28,,OFF
1790643027.3452466,6,472,1,state-aware,5,2,,0.9932,0.9944,,0.7452,0.8973,,14,28,,ON
1790643028.3763707,4,469,1,state-aware,5,2,,0.9915,0.9914,,0.7458,0.8492,,13,29,,ON
1790643030.3340504,8,449,1,state-aware,5,2,,0.9861,0.9925,,0.7958,0.9064,,12,29,,OFF
1790643030.7172625,5,474,1,state-aware,5,2,,0.9937,0.9928,,0.8012,0.9064,,12,30,,OFF
1790643071.2926428,7,470,1,ewma,5,2,,0.9931,0.9924,,0.5,0.5,,0,1,,OFF
1790643072.2063794,10,476,1,ewma,5,2,,0.9851,0.9915,,0.5,0.5,,0,2,,OFF
1790643074.0153153,8,452,1,ewma,5,2,,0.9915,0.9933,,0.5,0.5,,0,3,,OFF
1790643075.0729504,4,472,1,ewma,5,2,,0.0,0.9924,,0.5,0.5,,0,4,,OFF
1790643075.7604203,5,477,1,ewma,5,1,,0.9932,0.9944,,0.5,0.5,,1,4,,OFF
1790643080.1678607,2,459,1,ewma,5,1,,0.9937,0.9932,,0.5,0.5,,2,4,,OFF
1790643080.351458,6,475,0,ewma,5,2,,0.9932,0.9913,,0.5,0.5,,2,5,,OFF
1790643082.417645,9,455,1,ewma,5,1,,0.9925,0.9933,,0.5,0.5,,3,5,,OFF
1790643082.7661562,1,479,1,ewma,5,1,,0.9915,0.9914,,0.5,0.5,,4,5,,OFF
1790643083.9476511,3,478,1,ewma,5,1,,0.9938,0.9925,,0.5,0.5,,5,5,,OFF
1790643086.4110677,7,471,1,ewma,5,1,,0.9937,0.9932,,0.5,0.4,,6,5,,OFF
1790643087.4619892,10,477,1,ewma,5,1,,0.9901,0.9901,,0.5,0.4,,7,5,,OFF
1790643088.7179866,8,453,1,ewma,5,2,,0.9901,0.0,,0.5,0.6,,7,6,,OFF
1790643089.164682,5,478,1,ewma,5,1,,0.9938,0.9876,,0.6,0.5,,8,6,,OFF
1790643090.3088758,6,476,1,ewma,5,1,,0.9916,0.9901,,0.5,0.4,,9,6,,OFF
1790643094.2381766,2,460,1,ewma,5,1,,0.9925,0.9925,,0.6,0.5,,10,6,,OFF
1790643094.3543894,4,473,0,ewma,5,2,,0.0,0.9924,,0.5,0.6,,10,7,,OFF
1790643095.8276927,1,480,1,ewma,5,1,,0.9914,0.9914,,0.6,0.5,,11,7,,OFF
1790643096.6902778,9,456,1,ewma,5,1,,0.9939,0.9938,,0.6,0.5,,12,7,,OFF
1790643099.6125176,7,472,1,ewma,5,1,,0.0,0.2532,,0.6,0.4,,13,7,,OFF
1790643100.199893,3,479,1,ewma,5,2,,0.9925,0.9901,,0.4,0.5,,13,8,,OFF
1790643102.062293,10,478,1,ewma,5,1,,0.9915,0.9942,,0.6,0.4,,14,8,,UNKNOWN
1790643112.433214,5,479,1,ewma,5,1,,0.0041,0.0,,0.68,0.5,,15,8,,OFF
1790643112.4763277,6,477,1,ewma,5,1,,0.9936,0.994,,0.6,0.4,,16,8,,OFF
1790643112.4952042,4,474,1,ewma,5,1,,0.9924,0.9938,,0.5,0.48,,17,8,,OFF
1790643112.5120468,2,461,1,ewma,5,1,,0.0,0.977,,0.68,0.5,,18,8,,OFF
1790643112.5310423,1,481,1,ewma,5,1,,0.9926,0.9925,,0.68,0.5,,19,8,,OFF
1790643112.5462654,9,457,1,ewma,5,2,,0.9879,0.9932,,0.48,0.5,,19,9,,OFF
1790643115.1023932,7,473,1,ewma,5,1,,0.9805,0.9858,,0.48,0.4,,20,9,,OFF
1790643117.226887,10,479,1,ewma,5,1,,0.9899,0.9926,,0.48,0.4,,21,9,,OFF
1790643117.671364,5,480,1,ewma,5,1,,0.9923,0.9931,,0.544,0.5,,22,9,,OFF
1790643118.3611956,8,454,0,ewma,5,2,,0.9926,0.9938,,0.5,0.68,,22,10,,OFF
1790643118.7954829,6,478,1,ewma,5,1,,0.9931,0.9938,,0.48,0.4,,23,10,,OFF
1790643119.6208844,8,455,1,ewma,5,2,,0.9926,0.9938,,0.5,0.68,,23,11,,OFF
1790643120.3676066,3,480,0,ewma,5,2,,0.9933,0.9941,,0.4,0.4,,23,12,,OFF
1790643120.9587889,4,475,1,ewma,5,2,,0.9938,0.9914,,0.4,0.48,,23,13,,OFF
1790643123.5723372,2,462,1,ewma,5,1,,0.9926,0.9925,,0.544,0.5,,24,13,,OFF
1790643124.8151712,1,482,1,ewma,5,1,,0.9913,0.9931,,0.544,0.5,,25,13,,OFF
1790643126.7403088,9,458,1,ewma,5,2,,0.994,0.9937,,0.48,0.6,,25,14,,ON
1790643129.0216906,7,474,1,ewma,5,1,,0.9925,0.9932,,0.584,0.4,,26,14,,OFF
1790643130.5831707,3,481,1,ewma,5,1,,0.9938,0.9933,,0.4,0.32,,27,14,,OFF
1790643132.7980688,6,479,1,ewma,5,1,,0.9902,0.9925,,0.584,0.4,,28,12,,OFF
1790643133.351372,8,456,1,ewma,5,2,,0.9932,0.9944,,0.5,0.744,,28,13,,OFF
1790643134.6437624,4,476,1,ewma,5,2,,0.9881,0.9901,,0.4,0.584,,28,13,,OFF
1790643136.8091898,2,463,1,ewma,5,1,,0.9924,0.9932,,0.6352,0.5,,28,12,,OFF
1790643139.5690565,1,483,1,ewma,5,1,,0.9925,0.9914,,0.6352,0.5,,29,12,,OFF
1790643140.6255617,9,459,1,ewma,5,2,,0.9933,0.9933,,0.48,0.68,,28,12,,OFF
1790643142.8531044,7,475,1,ewma,5,1,,0.9914,0.9933,,0.6672,0.4,,27,12,,OFF
1790643143.456269,3,482,1,ewma,5,1,,0.9944,0.9943,,0.52,0.32,,28,12,,OFF
1790643146.6436043,8,457,1,ewma,5,2,,0.9924,0.9941,,0.5,0.7952,,26,13,,OFF
1790643147.065187,6,480,1,ewma,5,1,,0.9878,0.0,,0.6672,0.4,,27,13,,OFF
1790643147.4680784,5,482,1,ewma,5,1,,0.9923,0.9924,,0.544,0.5,,27,13,,OFF
1790643148.1566718,4,477,1,ewma,5,2,,0.9925,0.9901,,0.4,0.6672,,27,14,,OFF
1790643151.1101804,2,464,1,ewma,5,1,,0.9933,0.9914,,0.7082,0.5,,26,13,,OFF
1790643154.2495425,1,484,1,ewma,5,1,,0.8746,0.8333,,0.7082,0.5,,26,13,,OFF
1790643156.936833,7,476,1,ewma,5,1,,0.9901,0.9915,,0.7338,0.4,,25,12,,OFF
1790643158.6815429,3,483,1,ewma,5,1,,0.9942,0.9942,,0.416,0.32,,26,12,,OFF
1790643159.378103,9,460,0,ewma,5,2,,0.9938,0.9933,,0.48,0.744,,26,13,,OFF
1790643159.957052,6,481,1,ewma,5,1,,0.9899,0.99,,0.7338,0.4,,26,13,,OFF
1790643160.685537,8,458,1,ewma,5,2,,0.9925,0.9926,,0.5,0.8362,,26,13,,OFF
1790643161.3682115,5,483,1,ewma,5,1,,0.9915,0.9938,,0.6352,0.5,,27,13,,OFF
1790643162.0971134,10,482,1,ewma,5,1,,0.9845,0.0,,0.48,0.4,,27,13,,OFF
1790643162.215098,4,478,1,ewma,5,2,,0.9899,0.9901,,0.4,0.7338,,27,14,,OFF
1790643164.367896,2,465,1,ewma,5,1,,0.9925,0.9933,,0.7665,0.5,,28,14,,OFF
1790643168.3691752,1,485,1,ewma,5,1,,0.9925,0.9915,,0.7665,0.5,,29,14,,OFF
1790643168.9885156,9,461,1,ewma,5,2,,0.9925,0.9924,,0.48,0.5952,,29,15,,OFF
1790643170.291451,7,477,1,ewma,5,1,,0.9925,0.9932,,0.787,0.4,,30,15,,OFF
1790643173.9713898,8,459,1,ewma,5,2,,0.0,0.0,,0.5,0.8689,,25,15,,OFF
1790643174.5156596,6,482,1,ewma,5,1,,0.9929,0.9937,,0.787,0.4,,26,15,,OFF
1790643175.7296162,5,484,1,ewma,5,1,,0.9932,0.9925,,0.7082,0.5,,26,15,,ON
1790643176.7719734,4,479,1,ewma,5,2,,0.9913,0.9924,,0.4,0.587,,26,16,,ON
1790643178.1684346,2,466,1,ewma,5,1,,0.0,0.9878,,0.8132,0.5,,25,16,,ON
1790643182.0668848,1,486,1,ewma,5,1,,0.9915,0.9915,,0.8132,0.5,,25,12,,OFF
1790643184.5074203,9,462,1,ewma,5,1,,0.9938,0.9925,,0.48,0.4762,,25,12,,OFF
1790643186.3519804,7,478,1,ewma,5,1,,0.9933,0.9924,,0.6296,0.4,,25,12,,OFF
1790643188.2444198,8,460,1,ewma,5,2,,0.9924,0.9938,,0.5,0.8951,,25,12,,OFF
1790643188.9110618,3,485,1,ewma,5,1,,0.9925,0.9942,,0.416,0.32,,26,12,,OFF
1790643190.901394,5,485,1,ewma,5,1,,0.0,0.9938,,0.5665,0.5,,25,12,,OFF
1790643192.4200208,2,467,1,ewma,5,1,,0.0001,0.9914,,0.8506,0.5,,26,12,,OFF
1790643192.8651228,4,480,1,ewma,5,2,,0.9923,0.9924,,0.4,0.4696,,25,13,,OFF
1790643193.6415555,10,484,1,ewma,5,1,,0.9901,0.9938,,0.48,0.4,,26,12,,OFF
1790643195.1832895,1,487,1,ewma,5,1,,0.9914,0.9924,,0.8506,0.5,,27,11,,OFF
1790643196.3951557,6,483,0,ewma,5,1,,0.9901,0.9916,,0.6296,0.4,,28,11,,OFF
1790643199.180615,7,479,1,ewma,5,1,,0.9937,0.9931,,0.7037,0.4,,28,11,,OFF
1790643200.4841857,9,463,1,ewma,5,2,,0.9941,0.9933,,0.384,0.4762,,27,12,,OFF
1790643202.1421115,8,461,1,ewma,5,2,,0.9925,0.9937,,0.5,0.9161,,27,12,,OFF
1790643202.7776635,3,486,1,ewma,5,1,,0.9915,0.9938,,0.5328,0.32,,28,12,,OFF
1790643204.4783132,5,486,1,ewma,5,1,,0.9915,0.9901,,0.6532,0.5,,27,12,,OFF
1790643205.707975,4,481,1,ewma,5,2,,0.9925,0.9925,,0.4,0.5757,,27,13,,OFF
1790643206.1404445,2,468,1,ewma,5,1,,0.9796,0.9913,,0.8805,0.5,,28,13,,OFF
1790643207.1624177,10,485,1,ewma,5,1,,0.9914,0.9925,,0.584,0.4,,28,12,,OFF
1790643208.35423,1,488,1,ewma,5,1,,0.9933,0.9913,,0.8805,0.5,,28,11,,OFF
1790643211.401445,6,484,0,ewma,5,1,,0.9924,0.9916,,0.5037,0.4,,28,11,,OFF
1790643213.4168265,9,464,1,ewma,5,2,,0.9933,0.9916,,0.384,0.5809,,28,12,,OFF
1790643214.2185311,7,480,1,ewma,5,1,,0.9924,0.9925,,0.5629,0.4,,29,12,,OFF
1790643216.2880354,8,462,1,ewma,5,2,,0.9915,0.9915,,0.5,0.9329,,28,13,,OFF
1790643217.3212955,5,487,1,ewma,5,1,,0.9916,0.9932,,0.7226,0.5,,28,13,,OFF
1790643218.5164747,3,487,1,ewma,5,1,,0.9915,0.9925,,0.4262,0.32,,29,13,,OFF
1790643219.1889236,4,482,1,ewma,5,2,,0.9914,0.9925,,0.4,0.6605,,28,14,,OFF
1790643219.8530326,2,469,1,ewma,5,1,,0.9915,0.9915,,0.9044,0.5,,29,13,,OFF
1790643220.282697,10,486,1,ewma,5,1,,0.9914,0.9938,,0.6672,0.4,,29,13,,OFF
1790643221.4926312,1,489,1,ewma,5,1,,0.9914,0.99,,0.9044,0.5,,29,12,,OFF
1790643222.70449,6,485,1,ewma,5,1,,0.9937,0.9944,,0.4029,0.4,,29,11,,OFF
1790643227.2285924,9,465,1,ewma,5,2,,0.9938,0.9925,,0.384,0.6647,,28,12,,ON
1790643228.557473,7,481,1,ewma,5,1,,0.9933,0.9925,,0.6504,0.4,,28,12,,ON
1790643230.614524,5,488,1,ewma,5,1,,0.0,0.9915,,0.7781,0.5,,28,11,,ON
1790643231.422098,8,463,1,ewma,5,2,,0.0,0.9925,,0.5,0.7463,,28,12,,ON
1790643232.4736304,4,483,1,ewma,5,2,,0.0,0.381,,0.4,0.7284,,28,13,,ON
1790643233.562814,10,487,1,ewma,5,1,,0.0,0.9915,,0.7338,0.4,,29,13,,ON
1790643233.8565755,2,470,1,ewma,5,1,,0.9915,0.9916,,0.9235,0.5,,30,13,,ON
1790643234.2960598,1,490,1,ewma,5,1,,0.9914,0.9932,,0.9235,0.5,,31,12,,ON
1790643236.351501,6,486,1,ewma,5,1,,0.9937,0.9915,,0.5224,0.4,,30,12,,UNKNOWN
1790643242.9267242,9,466,1,ewma,5,2,,0.9933,0.9925,,0.384,0.5318,,28,12,,OFF
1790643243.6611216,7,482,1,ewma,5,1,,0.9925,0.9931,,0.5203,0.4,,29,12,,OFF
1790643244.8309147,8,464,1,ewma,5,2,,0.9916,0.9926,,0.5,0.7971,,28,13,,OFF
1790643247.267585,5,489,1,ewma,5,1,,0.9939,0.9943,,0.6224,0.5,,28,13,,OFF
1790643247.9098809,2,471,1,ewma,5,1,,0.9925,0.9926,,0.9388,0.5,,29,13,,OFF
1790643248.2360902,1,491,1,ewma,5,1,,0.0,0.0,,0.9388,0.5,,30,13,,OFF
1790643249.7874067,10,488,1,ewma,5,1,,0.988,0.9938,,0.587,0.4,,30,12,,OFF
1790643251.8096557,6,487,1,ewma,5,1,,0.9925,0.9914,,0.4179,0.4,,30,12,,OFF
1790643254.4374905,4,484,0,ewma,5,2,,0.9841,0.9879,,0.4,0.5828,,28,12,,OFF
1790643256.536459,9,467,1,ewma,5,2,,0.9933,0.0325,,0.384,0.6254,,26,13,,OFF
1790643260.0509603,8,465,1,ewma,5,2,,0.9933,0.9942,,0.5,0.6376,,25,14,,OFF
1790643261.0430372,5,490,1,ewma,5,1,,0.9914,0.9925,,0.698,0.5,,26,13,,OFF
1790643261.8426676,2,472,1,ewma,5,1,,0.9938,0.9925,,0.951,0.5,,27,13,,OFF
1790643262.7479947,10,489,1,ewma,5,1,,0.9901,0.9916,,0.6696,0.4,,28,12,,OFF
1790643264.4178207,4,485,1,ewma,5,2,,0.9915,0.9925,,0.4,0.4662,,27,13,,OFF
1790643268.1795363,6,488,1,ewma,5,2,,0.9933,0.9933,,0.3343,0.4,,24,13,,OFF
1790643268.4451978,1,492,0,ewma,5,1,,0.8535,0.9833,,0.751,0.5,,24,13,,OFF
1790643269.4477062,3,490,0,ewma,5,1,,0.8804,0.8689,,0.4262,0.32,,25,13,,OFF
1790643271.0573094,9,468,1,ewma,5,2,,0.9941,0.9925,,0.384,0.7003,,25,14,,OFF
1790643271.8816984,7,484,1,ewma,5,1,,0.9933,0.9913,,0.5203,0.4,,25,14,,OFF
1790643272.9181147,8,466,1,ewma,5,2,,0.9926,0.9933,,0.5,0.7101,,25,15,,OFF
1790643277.6949432,5,491,1,ewma,5,1,,0.9925,0.9925,,0.5584,0.5,,24,13,,OFF
1790643279.0692346,1,493,1,ewma,5,1,,0.9914,0.99,,0.6008,0.5,,24,13,,OFF
1790643279.7956514,4,486,1,ewma,5,1,,0.9853,0.9802,,0.4,0.373,,25,12,,OFF
1790643280.45413,2,473,0,ewma,5,1,,0.9938,0.9901,,0.9608,0.5,,24,12,,OFF
1790643281.8190918,6,489,1,ewma,5,2,,0.9933,0.9925,,0.3343,0.52,,23,13,,OFF
1790643284.9167645,9,469,1,ewma,5,2,,0.9932,0.9932,,0.384,0.7603,,22,14,,ON
1790643285.45703,3,491,0,ewma,5,1,,0.9912,0.9911,,0.341,0.32,,23,14,,UNKNOWN
1790643286.836424,8,467,1,ewma,5,2,,0.9939,0.9942,,0.5,0.7681,,23,15,,UNKNOWN
1790643287.6355085,7,485,1,ewma,5,1,,0.9915,0.9901,,0.4162,0.4,,24,14,,UNKNOWN
1790643290.429839,10,491,1,ewma,5,1,,0.993,0.9941,,0.6696,0.4,,24,14,,UNKNOWN
1790643290.7230093,2,474,1,ewma,5,1,,0.9923,0.9932,,0.7687,0.5,,24,14,,UNKNOWN
1790643291.7399843,5,492,1,ewma,5,1,,0.9925,0.9925,,0.6467,0.5,,25,13,,UNKNOWN
1790643293.0734212,1,494,1,ewma,5,1,,0.9933,0.9925,,0.6807,0.5,,26,12,,UNKNOWN
1790643294.2907312,3,492,1,ewma,5,2,,0.0,0.0,,0.2728,0.32,,24,13,,OFF
1790643295.4190018,6,490,1,ewma,5,2,,0.9933,0.9882,,0.3343,0.616,,23,14,,OFF
1790643298.605841,9,470,1,ewma,5,2,,0.9938,0.9939,,0.384,0.8082,,22,15,,OFF
1790643299.54243,8,468,1,ewma,5,2,,0.9942,0.9933,,0.5,0.8145,,22,16,,OFF
1790643300.4656944,4,487,0,ewma,5,1,,0.9912,0.988,,0.52,0.373,,23,16,,OFF
1790643301.0533981,7,486,1,ewma,5,1,,0.9938,0.9931,,0.533,0.4,,24,16,,OFF
1790643340.3514063,4,490,1,ewma,6,2,,0.9925,0.9932,,0.5,0.5,,0,1,,ON
1790643341.001386,6,493,1,ewma,6,2,,0.9916,0.9926,,0.5,0.5,,0,2,,ON
1790643341.8230014,8,471,1,ewma,6,2,,0.9933,0.9925,,0.5,0.5,,0,3,,ON
1790643344.0709507,9,473,1,ewma,6,1,,0.0,0.9926,,0.5,0.5,,1,3,,ON
1790643347.9496555,7,489,1,ewma,6,1,,0.9,0.9912,,0.5,0.5,,2,3,,ON
1790643350.9424684,5,496,1,ewma,6,2,,0.9932,0.9932,,0.5,0.5,,2,4,,OFF
1790643351.5781372,10,495,1,ewma,6,2,,0.9923,0.9933,,0.5,0.5,,2,5,,OFF
1790643353.3723962,2,478,1,ewma,6,2,,0.9933,0.9924,,0.5,0.5,,2,6,,OFF
1790643354.0171247,1,498,1,ewma,6,2,,0.9933,0.9914,,0.5,0.5,,2,7,,OFF
1790643355.0241027,6,494,1,ewma,6,2,,0.9914,0.9938,,0.5,0.6,,2,8,,OFF
1790643355.5337791,3,496,1,ewma,6,1,,0.9925,0.9925,,0.5,0.5,,3,8,,OFF
1790643356.158692,8,472,1,ewma,6,2,,0.9942,0.9938,,0.5,0.6,,3,9,,OFF
1790643356.8705113,4,491,1,ewma,6,1,,0.9922,0.9932,,0.5,0.4,,4,9,,OFF
1790643359.011991,9,474,1,ewma,6,2,,0.9938,0.9942,,0.4,0.5,,4,10,,OFF
1790643361.782981,7,490,1,ewma,6,1,,0.9925,0.9925,,0.6,0.5,,5,10,,OFF
1790643363.8230283,5,497,1,ewma,6,2,,0.7935,0.0,,0.5,0.6,,5,11,,OFF
1790643364.3373334,10,496,1,ewma,6,2,,0.9926,0.9933,,0.5,0.6,,5,12,,OFF
1790643366.7133918,2,479,1,ewma,6,2,,0.0,0.9809,,0.5,0.6,,5,13,,OFF
1790643368.4349232,6,495,1,ewma,6,2,,0.9922,0.9932,,0.5,0.68,,5,14,,OFF
1790643370.1975493,3,497,1,ewma,6,2,,0.9933,0.9938,,0.4,0.5,,5,15,,OFF
1790643370.713473,8,473,1,ewma,6,2,,0.9942,0.9933,,0.5,0.68,,5,16,,OFF
1790643371.292839,4,492,1,ewma,6,1,,0.9924,0.9914,,0.6,0.4,,6,16,,OFF
1790643372.5648594,9,475,1,ewma,6,2,,0.9942,0.9942,,0.4,0.6,,6,17,,OFF
1790643373.0812979,1,499,0,ewma,6,2,,0.9931,0.9914,,0.5,0.6,,6,18,,OFF
1790643376.4382656,7,491,1,ewma,6,1,,0.9933,0.9932,,0.68,0.5,,7,18,,OFF
1790643378.1713235,5,498,1,ewma,6,2,,0.9938,0.9932,,0.5,0.68,,7,19,,OFF
1790643378.5753667,10,497,1,ewma,6,2,,0.9925,0.9938,,0.5,0.68,,7,20,,OFF
1790643380.3154185,2,480,1,ewma,6,2,,0.9915,0.9915,,0.5,0.68,,7,21,,OFF
1790643383.0097399,6,496,1,ewma,6,2,,0.0,0.0,,0.5,0.744,,7,22,,OFF
1790643384.213182,3,498,1,ewma,6,2,,0.9925,0.9925,,0.4,0.6,,7,23,,OFF
1790643384.7396996,4,493,1,ewma,6,1,,0.0,0.9915,,0.68,0.4,,8,23,,OFF
1790643384.9321396,8,474,1,ewma,6,2,,0.9933,0.987,,0.5,0.744,,8,24,,OFF
1790643386.7525213,9,476,1,ewma,6,2,,0.9933,0.9944,,0.4,0.68,,8,25,,OFF
1790643389.0958388,1,500,0,ewma,6,1,,0.9925,0.9914,,0.5,0.48,,9,25,,OFF
1790643389.6342483,7,492,1,ewma,6,1,,0.9933,0.9932,,0.744,0.5,,10,25,,OFF
1790643391.08507,5,499,1,ewma,6,2,,0.9924,0.9937,,0.5,0.744,,10,26,,OFF
1790643392.6015775,10,498,1,ewma,6,2,,0.99,0.9942,,0.5,0.744,,10,27,,OFF
1790643394.448274,2,481,1,ewma,6,2,,0.9915,0.9933,,0.5,0.744,,10,28,,OFF
1790643396.5889003,6,497,1,ewma,6,2,,0.9932,0.9942,,0.5,0.7952,,10,29,,ON
1790643397.2103243,3,499,1,ewma,6,2,,0.9915,0.9925,,0.4,0.68,,10,30,,ON
1790643398.0230687,4,494,1,ewma,6,1,,0.99,0.9925,,0.744,0.4,,11,30,,ON
1790643398.4344501,1,501,1,ewma,6,2,,0.0,0.0,,0.4,0.48,,11,31,,ON
1790643400.2987115,9,477,1,ewma,6,2,,0.9925,0.9938,,0.4,0.744,,11,32,,OFF
1790643403.0497596,7,493,1,ewma,6,1,,0.9925,0.9901,,0.7952,0.5,,12,29,,OFF
1790643404.108007,8,475,0,ewma,6,2,,0.9933,0.9936,,0.5,0.7952,,11,30,,OFF
1790643406.1227224,5,500,1,ewma,6,2,,0.3015,0.0,,0.5,0.5952,,11,31,,OFF
1790643408.591453,2,482,1,ewma,6,2,,0.9932,0.9933,,0.5,0.7952,,10,32,,OFF
1790643409.9189618,3,500,1,ewma,6,2,,0.9932,0.9932,,0.4,0.744,,10,33,,OFF
1790643410.8303003,4,495,1,ewma,6,1,,0.9913,0.9925,,0.7952,0.4,,11,33,,OFF
1790643412.1258028,10,499,0,ewma,6,2,,0.9899,0.9902,,0.5,0.7952,,11,32,,OFF
1790643412.1914594,1,502,1,ewma,6,2,,0.9933,0.9924,,0.4,0.584,,11,33,,OFF
1790643414.4248464,9,478,1,ewma,6,2,,0.9523,0.966,,0.4,0.7952,,11,32,,OFF
1790643414.8374913,8,476,1,ewma,6,2,,0.9914,0.9933,,0.5,0.6362,,11,33,,OFF
1790643416.1285832,6,498,0,ewma,6,2,,0.9933,0.9933,,0.5,0.8362,,10,33,,OFF
1790643419.7469559,5,501,1,ewma,6,2,,0.9915,0.9915,,0.5,0.6762,,9,32,,OFF
1790643421.1145535,2,483,1,ewma,6,2,,0.9925,0.9915,,0.5,0.8362,,9,33,,OFF
1790643422.183032,10,500,1,ewma,6,2,,0.9915,0.9938,,0.5,0.6362,,8,34,,OFF
1790643423.5263953,3,501,1,ewma,6,2,,0.9925,0.9925,,0.4,0.7952,,8,35,,OFF
1790643423.935409,4,496,1,ewma,6,1,,0.9925,0.9925,,0.8362,0.4,,9,34,,OFF
1790643425.1338172,7,494,0,ewma,6,1,,0.9915,0.99,,0.6362,0.5,,10,33,,OFF
1790643425.1736681,1,503,1,ewma,6,2,,0.9938,0.9915,,0.4,0.6672,,10,34,,OFF
1790643425.7633145,6,499,1,ewma,6,2,,0.9925,0.9943,,0.5,0.6689,,10,35,,OFF
1790643428.2312038,8,477,1,ewma,6,2,,0.9933,0.9916,,0.5,0.7089,,10,35,,OFF
1790643428.6400225,9,479,1,ewma,6,2,,0.9943,0.9942,,0.4,0.8362,,10,35,,OFF
1790643433.3674521,5,502,1,ewma,6,2,,0.9937,0.9933,,0.5,0.7409,,9,32,,OFF
1790643434.1821856,2,484,1,ewma,6,2,,0.9925,0.9925,,0.5,0.8689,,9,33,,OFF
1790643434.8039865,7,495,1,ewma,6,1,,0.9933,0.9915,,0.5089,0.5,,10,33,,OFF
1790643437.378182,10,501,1,ewma,6,2,,0.0,0.0,,0.5,0.5089,,9,34,,OFF
1790643437.8701696,4,497,1,ewma,6,1,,0.9915,0.9933,,0.8689,0.4,,10,34,,OFF
1790643439.0080118,6,500,1,ewma,6,2,,0.0,0.0,,0.5,0.7351,,10,33,,OFF
1790643439.596805,1,504,1,ewma,6,2,,0.9938,0.9925,,0.4,0.7338,,10,34,,OFF
1790643441.4514139,8,478,1,ewma,6,2,,0.9942,0.9942,,0.5,0.7671,,10,34,,OFF
1790643441.863564,9,480,1,ewma,6,2,,0.9933,0.9915,,0.4,0.8689,,10,35,,OFF
1790643443.1452637,3,502,0,ewma,6,2,,0.9925,0.9856,,0.4,0.8362,,10,35,,OFF
1790643447.3002462,2,485,1,ewma,6,2,,0.0,0.9854,,0.5,0.8951,,9,33,,ON
1790643447.8195038,5,503,1,ewma,6,2,,0.9915,0.9915,,0.5,0.7927,,9,34,,ON
1790643448.807506,7,496,1,ewma,6,1,,0.0,0.9547,,0.6071,0.5,,10,34,,ON
1790643450.7884579,10,502,1,ewma,6,2,,0.9915,0.9915,,0.5,0.6071,,8,35,,OFF
1790643452.2379794,6,501,1,ewma,6,2,,0.9933,0.9938,,0.5,0.7881,,8,35,,OFF
1790643452.4331472,1,505,1,ewma,6,2,,0.9915,0.9898,,0.4,0.787,,8,36,,OFF
1790643453.149271,4,498,1,ewma,6,1,,0.9933,0.9924,,0.6951,0.4,,9,35,,OFF
1790643453.943825,3,503,1,ewma,6,2,,0.9925,0.9925,,0.4,0.6689,,9,36,,OFF
1790643454.4624274,9,481,1,ewma,6,2,,0.9933,0.9915,,0.4,0.8951,,9,36,,OFF
1790643454.9932427,8,479,1,ewma,6,2,,0.9938,0.9938,,0.5,0.8137,,9,37,,OFF
1790643460.7030096,5,504,1,ewma,6,2,,0.9933,0.9915,,0.5,0.8342,,8,34,,OFF
1790643463.7971852,7,497,1,ewma,6,2,,0.9936,0.9925,,0.4857,0.5,,7,35,,OFF
1790643465.125685,1,506,1,ewma,6,2,,0.9933,0.9914,,0.4,0.8296,,7,35,,OFF
1790643465.9097512,6,502,1,ewma,6,2,,0.9915,0.9933,,0.5,0.8305,,7,36,,OFF
1790643466.8253665,4,499,1,ewma,6,1,,0.9925,0.9923,,0.7561,0.4,,8,35,,OFF
1790643467.5565755,3,504,1,ewma,6,2,,0.9925,0.9914,,0.4,0.7351,,8,36,,OFF
1790643468.1545193,2,486,0,ewma,6,2,,0.989,0.9924,,0.5,0.7161,,8,37,,OFF
1790643468.591272,9,482,1,ewma,6,2,,0.9914,0.9901,,0.4,0.9161,,8,37,,OFF
1790643469.1557975,10,503,0,ewma,6,2,,0.0009,0.2091,,0.5,0.6857,,8,38,,OFF
1790643474.1595206,8,480,0,ewma,6,2,,0.9942,0.9938,,0.5,0.851,,7,36,,OFF
1790643475.2491176,5,505,1,ewma,6,2,,0.9925,0.9931,,0.5,0.8674,,7,35,,OFF
1790643478.1247845,1,507,1,ewma,6,2,,0.9942,0.9899,,0.4,0.8637,,7,35,,OFF
1790643478.9360516,6,503,1,ewma,6,2,,0.969,0.8943,,0.5,0.8644,,7,36,,OFF
1790643479.9488127,4,500,1,ewma,6,1,,0.0,0.0016,,0.8049,0.4,,8,35,,OFF
1790643481.2917862,3,505,1,ewma,6,2,,0.9899,0.9914,,0.4,0.7881,,8,35,,OFF
1790643482.398829,9,483,1,ewma,6,2,,0.9925,0.9926,,0.4,0.9329,,8,35,,OFF
1790643484.170981,2,487,0,ewma,6,2,,0.9923,0.9925,,0.5,0.5729,,7,35,,OFF
1790643484.1718524,10,504,0,ewma,6,2,,0.8692,0.9197,,0.5,0.5486,,7,36,,OFF
1790643484.6927743,8,481,1,ewma,6,2,,0.9933,0.9926,,0.5,0.6808,,7,37,,OFF
1790643486.1738932,7,498,0,ewma,6,1,,0.9938,0.9914,,0.4857,0.4,,7,35,,OFF
1790643489.8005075,5,506,1,ewma,6,2,,0.9926,0.9925,,0.5,0.8939,,7,34,,OFF
1790643491.9343448,6,504,1,ewma,6,2,,0.9933,0.9942,,0.5,0.8915,,7,35,,OFF
1790643492.5544071,1,508,1,ewma,6,2,,0.9933,0.9914,,0.4,0.8909,,7,36,,OFF
1790643493.802443,10,505,1,ewma,6,1,,0.9915,0.9915,,0.5,0.4389,,8,35,,OFF
1790643494.6083643,3,506,1,ewma,6,2,,0.9899,0.0,,0.4,0.8305,,8,35,,OFF
1790643495.102652,2,488,1,ewma,6,1,,0.3011,0.9932,,0.5,0.4583,,8,35,,OFF
1790643498.6113505,8,482,1,ewma,6,2,,0.99,0.9938,,0.5,0.7446,,7,35,,UNKNOWN
1790643500.1806989,4,501,0,ewma,6,1,,0.8535,0.8947,,0.8439,0.4,,8,33,,UNKNOWN
1790643501.1827698,9,484,0,ewma,6,2,,0.9915,0.9915,,0.4,0.9463,,8,34,,UNKNOWN
1790643503.8124287,5,507,1,ewma,6,2,,0.9915,0.9925,,0.5,0.9151,,8,32,,UNKNOWN
1790643506.1703923,6,505,1,ewma,6,2,,0.9938,0.9933,,0.5,0.9132,,8,33,,UNKNOWN
1790643506.2128525,1,509,1,ewma,6,2,,0.9901,0.9915,,0.4,0.9128,,8,34,,UNKNOWN
1790643507.4050562,10,506,1,ewma,6,1,,0.9899,0.9924,,0.6,0.4389,,9,33,,UNKNOWN
1790643510.1855414,4,502,1,ewma,6,1,,0.0,0.0484,,0.6751,0.4,,9,32,,OFF
1790643510.8766086,3,507,1,ewma,6,2,,0.0,0.0,,0.4,0.6644,,9,32,,OFF
1790643511.6903543,2,489,1,ewma,6,2,,0.9914,0.9938,,0.4,0.4583,,9,33,,OFF
1790643513.7480702,8,483,1,ewma,6,2,,0.9915,0.9938,,0.5,0.5957,,8,32,,OFF
1790643516.1924057,7,500,0,ewma,6,1,,0.985,0.9868,,0.4857,0.4,,9,29,,OFF
1790643516.9086103,5,508,1,ewma,6,2,,0.9938,0.9933,,0.5,0.9321,,9,30,,OFF
1790643519.8911192,6,506,1,ewma,6,2,,0.9938,0.9932,,0.5,0.9306,,9,31,,OFF
1790643520.229759,1,510,1,ewma,6,2,,0.4355,0.0,,0.4,0.9302,,9,32,,OFF
1790643523.6800282,4,503,1,ewma,6,1,,0.9914,0.9925,,0.7401,0.4,,10,31,,OFF
1790643524.8043604,2,490,1,ewma,6,2,,0.9925,0.9925,,0.4,0.5667,,10,31,,OFF
1790643526.2220962,7,501,1,ewma,6,2,,0.0,0.9868,,0.3886,0.4,,10,30,,OFF
1790643526.323644,9,486,1,ewma,6,2,,0.9941,0.8598,,0.4,0.9463,,10,31,,OFF
1790643527.5843287,8,484,1,ewma,6,2,,0.9925,0.9944,,0.5,0.6766,,9,31,,OFF
1790643530.1985254,3,508,0,ewma,6,2,,0.8535,0.8535,,0.4,0.7315,,9,29,,OFF
1790643532.6875513,5,509,1,ewma,6,2,,0.9914,0.9925,,0.5,0.7457,,9,30,,OFF
1790643533.8323147,6,507,1,ewma,6,2,,0.9932,0.9942,,0.5,0.9445,,9,31,,OFF
1790643535.571127,10,508,1,ewma,6,1,,0.99,0.9914,,0.6,0.4389,,10,29,,OFF
1790643537.9312246,4,504,1,ewma,6,1,,0.9914,0.9915,,0.7921,0.4,,11,29,,OFF
1790643538.7355313,2,491,1,ewma,6,2,,0.9914,0.9925,,0.4,0.6533,,11,29,,OFF
1790643539.2046075,1,511,0,ewma,6,2,,0.9918,0.9769,,0.4,0.9442,,11,29,,OFF
1790643539.5777657,9,487,1,ewma,6,2,,0.0001,0.4704,,0.4,0.9571,,11,30,,OFF
1790643540.165287,7,502,1,ewma,6,2,,0.9922,0.9932,,0.3886,0.52,,10,31,,OFF
1790643540.56016,8,485,1,ewma,6,2,,0.9938,0.9915,,0.5,0.7412,,10,32,,OFF
1790643540.8742223,3,509,1,ewma,6,2,,0.9925,0.9933,,0.4,0.5852,,10,33,,OFF
1790643545.9014156,5,510,1,ewma,6,2,,0.9933,0.9933,,0.5,0.7965,,10,29,,OFF
1790643547.8297968,6,508,1,ewma,6,2,,0.9932,0.9933,,0.5,0.9556,,9,30,,OFF
1790643548.866422,1,512,1,ewma,6,2,,0.9914,0.9913,,0.4,0.7553,,9,31,,OFF
1790643550.696488,10,509,1,ewma,6,1,,0.9923,0.9933,,0.48,0.4389,,10,30,,OFF
1790643551.5293384,2,492,1,ewma,6,2,,0.0,0.9926,,0.4,0.7227,,10,31,,OFF
1790643551.9476483,4,505,1,ewma,6,1,,0.0,0.9916,,0.8337,0.4,,11,30,,OFF
1790643552.3728487,9,488,1,ewma,6,2,,0.9928,0.9941,,0.4,0.9656,,11,31,,OFF
1790643553.789756,8,486,1,ewma,6,2,,0.9933,0.854,,0.5,0.793,,11,31,,OFF
1790643554.2810972,3,510,1,ewma,6,2,,0.9925,0.9879,,0.4,0.6682,,10,32,,OFF
1790643558.951529,5,511,1,ewma,6,2,,0.9901,0.9901,,0.5,0.8372,,9,31,,OFF
1790643559.2149365,7,503,0,ewma,6,2,,0.0,0.9932,,0.3886,0.616,,9,32,,OFF
1790643561.8725877,1,513,1,ewma,6,2,,0.9925,0.9914,,0.4,0.8043,,8,32,,OFF
1790643562.3907034,6,509,1,ewma,6,2,,0.9915,0.9938,,0.5,0.9645,,8,33,,OFF
1790643563.6149106,10,510,1,ewma,6,1,,0.9937,0.9924,,0.584,0.4389,,9,33,,OFF
1790643565.252376,2,493,1,ewma,6,2,,0.9853,0.9943,,0.4,0.7781,,9,33,,OFF
1790643566.098689,9,489,1,ewma,6,2,,0.9926,0.9938,,0.4,0.9725,,9,34,,OFF
1790643568.1180325,8,487,1,ewma,6,2,,0.9933,0.9932,,0.5,0.8344,,8,33,,OFF
1790643568.4104798,3,511,1,ewma,6,2,,0.9819,0.9855,,0.4,0.7345,,8,34,,OFF
1790643569.7607305,7,504,1,ewma,6,2,,0.99,0.9915,,0.3886,0.4928,,8,35,,OFF
1790643570.2202883,4,506,0,ewma,6,1,,0.9802,0.9938,,0.8669,0.4,,8,35,,OFF
1790643611.2237322,4,509,1,snr-greedy,6,2,,0.9892,0.9899,,12.0,12.0,,0,1,,OFF
1790643613.573877,3,514,1,snr-greedy,6,2,,0.9932,0.9932,,12.75,12.75,,0,2,,OFF
1790643614.0862114,8,490,1,snr-greedy,6,1,,0.9941,0.9915,,13.25,12.25,,1,2,,OFF
1790643615.9341698,7,507,1,snr-greedy,6,1,,0.9933,0.9932,,12.75,12.75,,2,2,,OFF
1790643619.9773855,5,515,1,snr-greedy,6,2,,0.9924,0.9932,,12.5,12.75,,2,3,,OFF
1790643623.5212646,10,514,1,snr-greedy,6,2,,0.9931,0.9931,,12.75,12.75,,2,4,,OFF
1790643624.1481771,2,497,1,snr-greedy,6,1,,0.9926,0.9915,,12.5,12.25,,3,4,,OFF
1790643624.6349437,6,513,1,snr-greedy,6,2,,0.8943,0.8983,,13.25,13.75,,3,5,,OFF
1790643625.16527,9,493,1,snr-greedy,6,1,,0.99,0.0001,,12.0,5.0,,4,5,,OFF
1790643625.6978676,4,510,1,snr-greedy,6,2,,0.9881,0.99,,11.75,12.0,,4,6,,OFF
1790643626.9887936,8,491,1,snr-greedy,6,2,,0.9932,0.9944,,12.75,13.5,,4,7,,OFF
1790643627.5394723,3,515,1,snr-greedy,6,1,,0.9933,0.9925,,12.75,12.5,,5,7,,OFF
1790643628.7640257,7,508,1,snr-greedy,6,1,,0.9925,0.9914,,12.5,12.25,,6,7,,OFF
1790643634.6852238,5,516,1,snr-greedy,6,2,,0.9881,0.9915,,11.75,12.25,,6,8,,OFF
1790643636.6088707,10,515,1,snr-greedy,6,2,,0.99,0.9944,,12.0,13.5,,6,9,,OFF
1790643636.8457882,2,498,1,snr-greedy,6,1,,0.9925,0.9925,,12.5,12.5,,7,9,,OFF
1790643638.404952,6,514,1,snr-greedy,6,2,,0.9926,0.9933,,12.5,12.75,,7,10,,OFF
1790643639.220485,4,511,1,snr-greedy,6,1,,0.9925,0.9914,,12.5,12.25,,8,10,,OFF
1790643641.7848277,7,509,1,snr-greedy,6,1,,0.9914,0.9913,,12.25,12.25,,9,10,,OFF
1790643645.746413,8,492,0,snr-greedy,6,2,,0.0,0.9939,,3.25,13.0,,9,11,,OFF
1790643645.7476895,9,494,0,snr-greedy,6,1,,0.9931,0.8804,,12.75,12.75,,10,11,,OFF
1790643645.7492101,3,516,0,snr-greedy,6,1,,0.0,0.0,,3.25,2.0,,11,11,,OFF
1790643646.75049,1,518,0,snr-greedy,6,1,,0.9861,0.985,,12.5,11.5,,12,11,,OFF
1790643647.7642624,5,517,1,snr-greedy,6,1,,0.9915,0.9915,,12.25,12.25,,13,11,,OFF
1790643650.8360236,10,516,1,snr-greedy,6,2,,0.9914,0.9942,,12.25,13.25,,13,12,,OFF
1790643651.999621,4,512,1,snr-greedy,6,1,,0.9915,0.9901,,12.25,12.0,,14,12,,OFF
1790643652.6238775,6,515,1,snr-greedy,6,2,,0.0,0.9926,,0.0,12.5,,14,13,,OFF
1790643654.3339875,7,510,1,snr-greedy,6,2,,0.9924,0.9933,,12.5,12.75,,14,14,,OFF
1790643655.5608468,8,493,1,snr-greedy,6,1,,0.0081,0.0002,,7.5,5.25,,15,14,,OFF
1790643656.1917064,1,519,1,snr-greedy,6,1,,0.9925,0.9913,,12.5,12.25,,16,14,,OFF
1790643656.6940212,3,517,1,snr-greedy,6,1,,0.9932,0.9913,,12.75,12.25,,17,14,,OFF
1790643658.7547503,2,499,0,snr-greedy,6,1,,0.9933,0.9924,,12.75,12.5,,18,14,,ON
1790643661.5061374,5,518,1,snr-greedy,6,1,,0.9924,0.9925,,12.5,12.5,,19,14,,OFF
1790643661.7569854,9,495,0,snr-greedy,6,1,,0.9941,0.8689,,13.25,12.5,,20,14,,OFF
1790643664.4709918,10,517,1,snr-greedy,6,2,,0.9932,0.9944,,12.75,13.5,,20,15,,OFF
1790643665.388784,4,513,1,snr-greedy,6,1,,0.9914,0.9914,,12.25,12.25,,21,15,,OFF
1790643665.616962,6,516,1,snr-greedy,6,1,,0.9936,0.9912,,13.0,12.25,,22,15,,OFF
1790643667.9542034,7,511,1,snr-greedy,6,2,,0.9924,0.9942,,12.5,13.25,,22,16,,OFF
1790643668.4942846,8,494,1,snr-greedy,6,2,,0.9915,0.9933,,12.25,12.75,,22,17,,OFF
1790643669.28731,2,500,1,snr-greedy,6,1,,0.9937,0.9924,,13.0,12.5,,23,17,,OFF
1790643670.706107,1,520,1,snr-greedy,6,2,,0.8689,0.8689,,12.5,12.5,,23,18,,OFF
1790643671.4627469,9,496,1,snr-greedy,6,2,,0.9924,0.9924,,12.5,12.5,,23,18,,OFF
1790643675.0272486,5,519,1,snr-greedy,6,2,,0.9902,0.9915,,12.0,12.25,,22,18,,OFF
1790643675.7612321,3,518,0,snr-greedy,6,1,,0.9933,0.99,,12.75,12.0,,23,18,,OFF
1790643678.6057317,10,518,1,snr-greedy,6,2,,0.9912,0.9925,,12.25,12.5,,22,19,,OFF
1790643679.21216,6,517,1,snr-greedy,6,2,,0.9901,0.9926,,12.0,12.5,,22,20,,OFF
1790643682.1272213,8,495,1,snr-greedy,6,2,,0.9932,0.9942,,12.75,13.25,,22,20,,OFF
1790643683.6351852,7,512,1,snr-greedy,6,2,,0.0,0.0,,1.5,4.5,,22,20,,OFF
1790643684.3495567,9,497,1,snr-greedy,6,2,,0.9925,0.9933,,12.5,12.75,,21,21,,OFF
1790643684.7649722,4,514,0,snr-greedy,6,1,,0.9914,0.9902,,12.25,12.0,,22,20,,OFF
1790643685.8980372,3,519,1,snr-greedy,6,1,,0.9942,0.9941,,13.25,13.25,,22,19,,OFF
1790643686.6081626,1,521,1,snr-greedy,6,1,,0.9925,0.9915,,12.5,12.25,,23,19,,OFF
1790643689.7678728,2,501,0,snr-greedy,6,1,,0.9938,0.9933,,13.0,12.75,,22,18,,OFF
1790643690.1833684,5,520,1,snr-greedy,6,1,,0.9938,0.9932,,13.0,12.75,,23,18,,OFF
1790643691.6307807,10,519,1,snr-greedy,6,2,,0.8764,0.9846,,9.75,11.5,,23,19,,OFF
1790643692.2324073,6,518,1,snr-greedy,6,1,,0.9933,0.9933,,12.75,12.75,,24,19,,OFF
1790643695.4147575,4,515,1,snr-greedy,6,2,,0.0,0.9938,,2.75,13.0,,24,19,,OFF
1790643695.820255,8,496,1,snr-greedy,6,2,,0.9915,0.9915,,12.25,12.25,,24,20,,OFF
1790643697.2498121,9,498,1,snr-greedy,6,1,,0.9901,0.0016,,12.0,7.0,,24,19,,OFF
1790643697.3419023,7,513,1,snr-greedy,6,2,,0.8734,0.8804,,12.0,12.75,,24,20,,OFF
1790643699.6595178,2,502,1,snr-greedy,6,1,,0.8888,0.9925,,13.0,12.5,,24,19,,OFF
1790643702.3924508,1,522,1,snr-greedy,6,1,,0.9901,0.9901,,12.0,12.0,,24,19,,OFF
1790643703.7014487,5,521,1,snr-greedy,6,2,,0.9925,0.9925,,12.5,12.5,,24,20,,OFF
1790643704.772692,3,520,0,snr-greedy,6,1,,0.9933,0.9902,,12.75,12.0,,25,20,,OFF
1790643705.2242765,6,519,1,snr-greedy,6,2,,0.9933,0.9942,,12.75,13.25,,25,21,,OFF
1790643705.8687968,10,520,1,snr-greedy,6,1,,0.9923,0.9926,,12.5,12.5,,24,20,,OFF
1790643709.448198,4,516,1,snr-greedy,6,1,,0.0,0.0,,5.5,1.0,,23,20,,ON
1790643709.9232697,9,499,1,snr-greedy,6,2,,0.0,0.9819,,0.0,12.25,,23,21,,ON
1790643713.350102,2,503,1,snr-greedy,6,2,,0.0,0.9901,,0.75,12.0,,22,20,,ON
1790643714.325309,3,521,1,snr-greedy,6,2,,0.9924,0.9933,,12.5,12.75,,22,21,,UNKNOWN
1790643716.838205,5,522,1,snr-greedy,6,2,,0.9932,0.9932,,12.75,12.75,,19,21,,OFF
1790643717.4232278,1,523,1,snr-greedy,6,1,,0.9899,0.9877,,12.0,11.75,,20,21,,OFF
1790643718.9644446,6,520,1,snr-greedy,6,2,,0.9925,0.9942,,12.5,13.25,,19,22,,OFF
1790643720.2909613,10,521,1,snr-greedy,6,2,,0.988,0.9915,,11.75,12.25,,19,23,,OFF
1790643723.4671948,9,500,1,snr-greedy,6,1,,0.9925,0.9925,,12.5,12.5,,18,23,,OFF
1790643724.4122756,4,517,1,snr-greedy,6,2,,0.9923,0.9938,,12.5,13.0,,18,24,,OFF
1790643725.5234444,8,498,1,snr-greedy,6,2,,0.9925,0.9938,,12.5,13.0,,17,24,,OFF
1790643726.1282384,2,504,1,snr-greedy,6,2,,0.9925,0.9933,,12.5,12.75,,16,25,,OFF
1790643727.8924713,7,515,1,snr-greedy,6,2,,0.9923,0.9943,,12.5,13.5,,16,26,,OFF
1790643728.4843862,3,522,1,snr-greedy,6,1,,0.9933,0.9925,,12.75,12.5,,17,25,,OFF
1790643731.4529436,1,524,1,snr-greedy,6,2,,0.99,0.9932,,12.0,12.75,,16,24,,OFF
1790643731.8428595,6,521,1,snr-greedy,6,2,,0.9925,0.9937,,12.5,13.0,,16,24,,OFF
1790643732.9961417,5,523,1,snr-greedy,6,2,,0.9915,0.9925,,12.25,12.5,,16,25,,OFF
1790643733.6323833,10,522,1,snr-greedy,6,2,,0.9896,0.9933,,12.0,12.75,,16,26,,OFF
1790643737.3080225,4,518,1,snr-greedy,6,2,,0.0008,0.9942,,6.75,13.25,,15,26,,OFF
1790643739.2360387,2,505,1,snr-greedy,6,2,,0.0293,0.9932,,8.25,12.75,,15,25,,OFF
1790643742.7983968,9,501,0,snr-greedy,6,1,,0.9933,0.9925,,12.75,12.5,,16,24,,OFF
1790643743.145026,3,523,1,snr-greedy,6,1,,0.9942,0.9924,,13.25,12.5,,17,24,,OFF
1790643743.966878,7,516,1,snr-greedy,6,2,,0.9923,0.9943,,12.5,13.5,,17,24,,OFF
1790643744.7943997,8,499,0,snr-greedy,6,2,,0.9938,0.9942,,13.0,13.25,,16,24,,OFF
1790643744.9669259,1,525,1,snr-greedy,6,1,,0.9932,0.9924,,12.75,12.5,,17,24,,OFF
1790643745.8866909,6,522,1,snr-greedy,6,2,,0.9915,0.9938,,12.25,13.0,,17,25,,OFF
1790643746.7178333,5,524,1,snr-greedy,6,1,,0.9486,0.0,,10.5,2.0,,16,25,,OFF
1790643750.617241,4,519,1,snr-greedy,6,1,,0.99,0.9902,,12.0,12.0,,15,25,,OFF
1790643752.8019648,10,523,0,snr-greedy,6,2,,0.9925,0.9938,,12.5,13.0,,14,25,,OFF
1790643752.84955,9,502,1,snr-greedy,6,1,,0.9933,0.9901,,12.75,12.0,,15,25,,OFF
1790643753.263304,2,506,1,snr-greedy,6,1,,0.9942,0.9933,,13.25,12.75,,16,25,,OFF
1790643755.0148435,8,500,1,snr-greedy,6,2,,0.9925,0.9941,,12.5,13.25,,16,26,,OFF
1790643756.8728118,3,524,1,snr-greedy,6,1,,0.9933,0.9926,,12.75,12.5,,17,24,,OFF
1790643757.8695736,7,517,1,snr-greedy,6,2,,0.9912,0.9941,,12.25,13.25,,16,24,,OFF
1790643759.1152785,1,526,1,snr-greedy,6,2,,0.9914,0.9914,,12.25,12.25,,16,25,,OFF
1790643760.3356514,6,523,1,snr-greedy,6,2,,0.0,0.0,,1.75,2.75,,15,26,,OFF
1790643760.7382271,5,525,1,snr-greedy,6,1,,0.9932,0.9929,,12.75,12.75,,16,26,,ON
1790643762.7916012,10,524,1,snr-greedy,6,2,,0.99,0.9915,,12.0,12.25,,15,27,,ON
1790643764.834121,4,520,1,snr-greedy,6,2,,0.9933,0.9933,,12.75,12.75,,14,27,,OFF
1790643768.1963255,2,507,1,snr-greedy,6,2,,0.8965,0.9933,,9.75,12.75,,13,27,,OFF
1790643768.8523533,9,503,1,snr-greedy,6,2,,0.9925,0.9925,,12.5,12.5,,13,28,,OFF
1790643770.554861,3,525,1,snr-greedy,6,1,,0.9942,0.9937,,13.25,13.0,,13,27,,OFF
1790643771.586919,7,518,1,snr-greedy,6,2,,0.9931,0.9942,,12.75,13.25,,13,28,,OFF
1790643772.9311962,1,527,1,snr-greedy,6,1,,0.9932,0.9924,,12.75,12.5,,14,28,,OFF
1790643773.8196,8,501,0,snr-greedy,6,2,,0.9915,0.9926,,12.25,12.5,,14,28,,OFF
1790643774.0559576,6,524,1,snr-greedy,6,2,,0.9915,0.9926,,12.25,12.5,,14,29,,OFF
1790643775.1810672,5,526,1,snr-greedy,6,1,,0.9915,0.9915,,12.25,12.25,,15,28,,OFF
1790643776.7142725,10,525,1,snr-greedy,6,2,,0.9925,0.9925,,12.5,12.5,,15,29,,OFF
1790643778.7758117,4,521,1,snr-greedy,6,2,,0.9925,0.9925,,12.5,12.5,,14,29,,OFF
1790643781.1420214,2,508,1,snr-greedy,6,2,,0.9925,0.9925,,12.5,12.5,,14,28,,OFF
1790643781.7418783,9,504,1,snr-greedy,6,2,,0.9901,0.9925,,12.0,12.5,,14,29,,OFF
1790643783.37183,8,502,1,snr-greedy,6,2,,0.9914,0.9933,,12.25,12.75,,14,30,,OFF
1790643783.7837176,3,526,1,snr-greedy,6,1,,0.9941,0.9938,,13.25,13.0,,14,30,,OFF
1790643784.8328257,7,519,1,snr-greedy,6,2,,0.9932,0.9944,,12.75,13.5,,14,30,,OFF
1790643787.3507373,1,528,1,snr-greedy,6,2,,0.9901,0.9899,,12.0,12.0,,14,29,,OFF
1790643787.977456,6,525,1,snr-greedy,6,2,,0.9916,0.9926,,12.25,12.5,,14,29,,OFF
1790643789.730709,10,526,1,snr-greedy,6,2,,0.9914,0.9925,,12.25,12.5,,13,30,,OFF
1790643790.952551,5,527,1,snr-greedy,6,2,,0.9932,0.9932,,12.75,12.75,,13,31,,OFF
1790643792.2668793,4,522,1,snr-greedy,6,1,,0.9931,0.9925,,12.75,12.5,,14,29,,OFF
1790643794.84365,2,509,1,snr-greedy,6,2,,0.9915,0.9915,,12.25,12.25,,14,28,,OFF
1790643795.9756732,9,505,1,snr-greedy,6,2,,0.9914,0.9915,,12.25,12.25,,14,29,,OFF
1790643796.3886242,8,503,1,snr-greedy,6,2,,0.9937,0.9941,,13.0,13.25,,14,30,,OFF
1790643799.7606468,3,527,1,snr-greedy,6,1,,0.9942,0.9933,,13.5,12.75,,15,28,,OFF
1790643800.897824,6,526,1,snr-greedy,6,2,,0.9926,0.9938,,12.5,13.0,,15,29,,OFF
1790643801.4044445,7,520,1,snr-greedy,6,2,,0.9901,0.9933,,12.0,12.75,,15,30,,OFF
1790643802.5151868,1,529,1,snr-greedy,6,1,,0.9925,0.9914,,12.5,12.25,,16,30,,OFF
1790643803.5542235,10,527,1,snr-greedy,6,2,,0.9901,0.9933,,12.0,12.75,,14,31,,OFF
1790643805.1372564,5,528,1,snr-greedy,6,1,,0.993,0.9929,,12.75,12.75,,14,29,,OFF
1790643807.75145,2,510,1,snr-greedy,6,1,,0.9942,0.9925,,13.25,12.5,,14,28,,OFF
1790643810.850584,4,523,0,snr-greedy,6,1,,0.9941,0.9942,,13.25,13.25,,14,28,,ON
1790643810.9112222,8,504,1,snr-greedy,6,2,,0.9942,0.9944,,13.25,13.5,,14,29,,ON
1790643813.8188643,3,528,1,snr-greedy,6,1,,0.9897,0.9938,,13.0,13.0,,13,28,,UNKNOWN
1790643815.4169843,6,527,1,snr-greedy,6,1,,0.9933,0.9933,,12.75,12.75,,14,27,,OFF
1790643815.853148,9,506,0,snr-greedy,6,1,,0.0016,0.0,,7.0,5.75,,15,27,,OFF
1790643816.556303,1,530,1,snr-greedy,6,2,,0.9915,0.9915,,12.25,12.25,,15,28,,OFF
1790643817.5628633,7,521,1,snr-greedy,6,2,,0.9901,0.9938,,12.0,13.0,,14,29,,OFF
1790643819.4052007,5,529,1,snr-greedy,6,1,,0.9932,0.9933,,12.75,12.75,,15,27,,OFF
1790643821.856663,10,528,0,snr-greedy,6,2,,0.9901,0.9901,,12.0,12.0,,14,27,,OFF
1790643824.9595528,8,505,1,snr-greedy,6,1,,0.0001,0.0,,5.0,0.75,,15,25,,OFF
1790643825.4555554,9,507,1,snr-greedy,6,1,,0.991,0.991,,12.25,12.25,,16,25,,OFF
1790643825.8599415,2,511,0,snr-greedy,6,2,,0.9899,0.9915,,12.0,12.25,,16,26,,OFF
1790643825.8610048,4,524,0,snr-greedy,6,1,,0.9925,0.9914,,12.5,12.25,,17,26,,OFF
1790643827.5342014,3,529,1,snr-greedy,6,1,,0.9941,0.9938,,13.25,13.0,,18,26,,OFF
1790643828.5066302,6,528,1,snr-greedy,6,2,,0.9914,0.9938,,12.25,13.0,,18,26,,OFF
1790643829.3384018,1,531,1,snr-greedy,6,1,,0.9933,0.9915,,12.75,12.25,,19,25,,OFF
1790643831.0911682,7,522,1,snr-greedy,6,2,,0.9925,0.9933,,12.5,12.75,,18,26,,OFF
1790643832.2246523,5,530,1,snr-greedy,6,2,,0.9914,0.9915,,12.25,12.25,,18,26,,OFF
1790643833.160855,10,529,1,snr-greedy,6,2,,0.9846,0.9915,,11.5,12.25,,17,27,,OFF
1790643835.732069,2,512,1,snr-greedy,6,1,,0.9938,0.9915,,13.0,12.25,,17,25,,OFF
1790643836.2317827,4,525,1,snr-greedy,6,2,,0.9926,0.9933,,12.5,12.75,,17,26,,OFF
1790643837.9572368,8,506,1,snr-greedy,6,1,,0.9944,0.9942,,13.5,13.25,,18,25,,OFF
1790643839.6013396,9,508,1,snr-greedy,6,1,,0.9925,0.9925,,12.5,12.5,,19,24,,OFF
1790643841.5406635,3,530,1,snr-greedy,6,1,,0.9942,0.9932,,13.25,12.75,,20,23,,OFF
1790643882.3106835,2,515,1,state-aware,6,2,,0.0029,0.9848,,0.0029,0.9848,,0,1,,OFF
1790643884.2287612,3,533,1,state-aware,6,1,,0.9933,0.9925,,0.9933,0.9925,,1,1,,OFF
1790643887.1267805,9,511,1,state-aware,6,1,,0.9926,0.9925,,0.9926,0.9925,,2,1,,OFF
1790643887.432258,4,528,0,state-aware,6,2,,0.0302,0.6089,,0.0302,0.6089,,2,2,,OFF
1790643888.4332578,8,509,0,state-aware,6,2,,0.989,0.9904,,0.989,0.9904,,2,3,,OFF
1790643888.5592482,1,535,1,state-aware,6,1,,0.9938,0.9899,,0.9938,0.9899,,3,3,,OFF
1790643889.6553288,6,532,1,state-aware,6,1,,0.9926,0.9914,,0.9926,0.9914,,4,3,,OFF
1790643892.1281602,7,526,1,state-aware,6,2,,0.9925,0.9938,,0.9925,0.9938,,4,4,,OFF
1790643893.967382,10,533,1,state-aware,6,2,,0.9899,0.9942,,0.9899,0.9942,,4,5,,OFF
1790643895.6096735,5,534,1,state-aware,6,1,,0.9938,0.9925,,0.9938,0.9925,,5,5,,OFF
1790643896.748625,2,516,1,state-aware,6,1,,0.9834,0.9933,,0.9834,0.9277,,6,5,,OFF
1790643897.6940513,8,510,1,state-aware,6,1,,0.9932,0.9942,,0.9932,0.8951,,7,5,,OFF
1790643898.6025136,3,534,1,state-aware,6,2,,0.9933,0.9916,,0.9278,0.9916,,7,6,,OFF
1790643900.4039176,9,512,1,state-aware,6,2,,0.9938,0.9938,,0.9282,0.9938,,7,7,,OFF
1790643901.445677,4,529,0,state-aware,6,1,,0.9848,0.9905,,0.9848,0.892,,8,7,,OFF
1790643902.3629942,1,536,1,state-aware,6,2,,0.9925,0.9914,,0.9271,0.9914,,8,8,,OFF
1790643903.8908846,6,533,1,state-aware,6,2,,0.9916,0.9938,,0.9263,0.9938,,8,9,,OFF
1790643906.766569,10,534,1,state-aware,6,1,,0.9914,0.9915,,0.9914,0.9262,,9,9,,OFF
1790643907.5889487,7,527,1,state-aware,6,1,,0.9901,0.9926,,0.9901,0.8938,,10,9,,OFF
1790643908.3069804,5,535,1,state-aware,6,2,,0.9938,0.9901,,0.9282,0.9901,,10,10,,OFF
1790643910.7814255,8,511,1,state-aware,6,1,,0.9925,0.9942,,0.9271,0.8952,,11,10,,ON
1790643912.8963227,4,530,1,state-aware,6,2,,0.9923,0.9924,,0.8936,0.8937,,11,11,,ON
1790643914.6781473,9,513,1,state-aware,6,2,,0.9902,0.9916,,0.9251,0.9263,,11,12,,UNKNOWN
1790643917.4570715,3,535,0,state-aware,6,1,,0.9942,0.9925,,0.9285,0.9271,,12,12,,OFF
1790643917.782375,6,534,1,state-aware,6,2,,0.9933,0.9942,,0.9277,0.9285,,12,13,,OFF
1790643918.4588077,2,517,0,state-aware,6,2,,0.9921,0.9915,,0.8934,0.9263,,12,14,,OFF
1790643918.665838,1,537,1,state-aware,6,1,,0.9925,0.9881,,0.9271,0.8901,,13,14,,OFF
1790643920.7842655,10,535,1,state-aware,6,2,,0.9914,0.9938,,0.9261,0.9282,,13,15,,OFF
1790643921.6206625,7,528,1,state-aware,6,1,,0.9932,0.9944,,0.9276,0.8953,,14,15,,OFF
1790643922.6599448,5,536,1,state-aware,6,1,,0.9943,0.9914,,0.9286,0.9261,,15,15,,OFF
1790643924.4148166,8,512,1,state-aware,6,1,,0.9915,0.9916,,0.9025,0.893,,16,15,,OFF
1790643926.3253376,4,531,1,state-aware,6,1,,0.9932,0.99,,0.8944,0.8557,,17,15,,OFF
1790643927.7575607,2,518,1,state-aware,6,2,,0.112,0.9911,,0.16,0.8451,,17,16,,OFF
1790643928.27357,3,536,1,state-aware,6,2,,0.9943,0.9938,,0.8474,0.9282,,17,17,,OFF
1790643931.766408,6,535,1,state-aware,6,1,,0.9933,0.9942,,0.9277,0.9044,,18,17,,OFF
1790643932.6893282,1,538,1,state-aware,6,1,,0.9925,0.9914,,0.9032,0.8929,,19,17,,OFF
1790643933.465994,9,514,0,state-aware,6,1,,0.994,0.9937,,0.9284,0.9041,,20,17,,OFF
1790643934.7234032,10,536,1,state-aware,6,1,,0.9877,0.9899,,0.923,0.9014,,21,17,,OFF
1790643935.250338,5,537,1,state-aware,6,2,,0.9942,0.9938,,0.9044,0.9281,,21,18,,OFF
1790643937.204758,8,513,1,state-aware,6,1,,0.9925,0.9944,,0.8993,0.8953,,22,18,,OFF
1790643939.4687796,7,529,0,state-aware,6,1,,0.9914,0.9938,,0.9024,0.8949,,23,18,,OFF
1790643940.2064102,4,532,1,state-aware,6,2,,0.99,0.9914,,0.8557,0.8567,,23,19,,OFF
1790643941.5926936,3,537,1,state-aware,6,2,,0.9942,0.9942,,0.8473,0.9044,,23,20,,OFF
1790643942.919291,2,519,1,state-aware,6,2,,0.174,0.9898,,0.2116,0.7626,,23,20,,OFF
1790643945.162961,6,536,1,state-aware,6,2,,0.9933,0.9938,,0.9038,0.9042,,22,21,,OFF
1790643947.0360014,1,539,1,state-aware,6,1,,0.9926,0.9933,,0.8994,0.8944,,23,21,,OFF
1790643947.9362457,10,537,1,state-aware,6,2,,0.9901,0.9916,,0.9015,0.9025,,22,21,,OFF
1790643949.5879002,7,530,1,state-aware,6,2,,0.9915,0.9942,,0.8237,0.8952,,21,21,,OFF
1790643950.068681,5,538,1,state-aware,6,1,,0.9938,0.9925,,0.9041,0.846,,21,21,,OFF
1790643952.527967,8,514,1,state-aware,6,2,,0.9925,0.9942,,0.8159,0.8951,,21,21,,OFF
1790643953.1400886,4,533,1,state-aware,6,1,,0.99,0.9933,,0.8557,0.8518,,22,21,,OFF
1790643955.0246468,3,538,1,state-aware,6,2,,0.9942,0.9937,,0.8473,0.9001,,22,21,,OFF
1790643956.0560603,2,520,1,state-aware,6,1,,0.9943,0.9943,,0.8953,0.7778,,22,21,,OFF
1790643958.178144,9,516,1,state-aware,6,1,,0.9933,0.9915,,0.9278,0.9025,,21,21,,OFF
1790643959.587512,6,537,1,state-aware,6,2,,0.0,0.0,,0.1943,0.279,,21,21,,OFF
1790643960.0093732,1,540,1,state-aware,6,1,,0.9933,0.9925,,0.9052,0.8937,,22,21,,OFF
1790643961.2283785,10,538,1,state-aware,6,2,,0.9854,0.9938,,0.8981,0.9001,,22,21,,OFF
1790643963.636191,5,539,1,state-aware,6,1,,0.9926,0.9901,,0.8993,0.8444,,22,20,,OFF
1790643964.3187757,7,531,1,state-aware,6,1,,0.9881,0.9926,,0.8216,0.8004,,23,19,,UNKNOWN
1790643967.1935163,4,534,1,state-aware,6,1,,0.0,0.0,,0.231,0.231,,23,19,,OFF
1790643970.9799821,9,517,1,state-aware,6,2,,0.9932,0.9938,,0.9037,0.9041,,21,19,,OFF
1790643972.505672,8,515,0,state-aware,6,1,,0.9925,0.9944,,0.8159,0.8017,,22,19,,OFF
1790643974.4659882,10,539,1,state-aware,6,2,,0.9874,0.9893,,0.8996,0.903,,22,19,,OFF
1790643974.5120707,3,539,0,state-aware,6,2,,0.0,0.0,,0.1371,0.3534,,22,20,,OFF
1790643974.5136774,2,521,0,state-aware,6,1,,0.9938,0.9925,,0.8584,0.7768,,23,20,,OFF
1790643977.5148745,7,532,1,state-aware,6,1,,0.9924,0.9941,,0.8336,0.8015,,23,19,,OFF
1790643979.2587452,5,540,1,state-aware,6,2,,0.9931,0.9931,,0.8163,0.8465,,22,18,,OFF
1790643979.5173059,1,541,0,state-aware,6,1,,0.9915,0.9882,,0.9138,0.8902,,23,18,,OFF
1790643980.4234965,4,535,1,state-aware,6,1,,0.9913,0.9925,,0.8587,0.8513,,24,18,,OFF
1790643981.9781456,8,516,1,state-aware,6,2,,0.9933,0.9933,,0.7347,0.801,,23,18,,OFF
1790643983.996807,2,522,1,state-aware,6,2,,0.9914,0.9938,,0.7756,0.7776,,22,19,,OFF
1790643984.4099274,3,540,1,state-aware,6,1,,0.9888,0.9799,,0.8434,0.808,,23,19,,OFF
1790643988.524296,1,542,1,state-aware,6,2,,0.9933,0.9881,,0.8164,0.8901,,21,18,,OFF
1790643991.8456483,7,533,1,state-aware,6,1,,0.9914,0.9938,,0.8498,0.8013,,21,18,,OFF
1790643992.5894096,5,541,1,state-aware,6,2,,0.9938,0.9915,,0.8167,0.8387,,21,19,,OFF
1790643994.7165887,8,517,1,state-aware,6,2,,0.9938,0.9944,,0.735,0.7925,,19,20,,OFF
1790643995.5295608,10,540,0,state-aware,6,2,,0.0,0.0,,0.1943,0.3181,,18,20,,OFF
1790643995.5304208,6,539,0,state-aware,6,2,,0.9819,0.989,,0.8957,0.8971,,18,21,,OFF
1790643995.591251,4,536,1,state-aware,6,2,,0.9924,0.9914,,0.7733,0.8506,,18,22,,OFF
1790643996.6981113,2,523,1,state-aware,6,2,,0.9915,0.9933,,0.7757,0.7995,,18,23,,OFF
1790643997.9087381,3,541,1,state-aware,6,1,,0.9933,0.9933,,0.8398,0.8147,,18,23,,OFF
1790643999.8417318,9,519,1,state-aware,6,1,,0.9933,0.9914,,0.9038,0.9025,,18,23,,OFF
1790644004.583333,1,543,1,state-aware,6,1,,0.9882,0.9882,,0.8141,0.7973,,19,20,,OFF
1790644005.9904804,5,542,1,state-aware,6,2,,0.9938,0.9925,,0.8167,0.8479,,19,20,,OFF
1790644009.0676837,8,518,1,state-aware,6,2,,0.9925,0.9925,,0.7343,0.8024,,18,20,,OFF
1790644009.5823722,4,537,1,state-aware,6,2,,0.9914,0.9924,,0.7728,0.8592,,18,21,,OFF
1790644010.5644906,6,540,0,state-aware,6,1,,0.992,0.994,,0.9029,0.8168,,18,20,,OFF
1790644010.6775804,2,524,1,state-aware,6,2,,0.9932,0.9925,,0.7768,0.8245,,18,21,,OFF
1790644011.566257,10,541,0,state-aware,6,2,,0.0,0.0,,0.1943,0.2776,,18,22,,ON
1790644011.9340878,3,542,1,state-aware,6,1,,0.9942,0.9942,,0.8489,0.8152,,19,22,,ON
1790644015.3189268,9,520,1,state-aware,6,2,,0.9937,0.9925,,0.8251,0.9032,,18,21,,UNKNOWN
1790644018.917405,5,543,1,state-aware,6,2,,0.8804,0.8689,,0.7537,0.8013,,16,22,,OFF
1790644021.0337617,10,542,1,state-aware,6,1,,0.8333,0.0,,0.7895,0.2375,,16,21,,OFF
1790644022.5325322,8,519,1,state-aware,6,2,,0.0,0.0,,0.2381,0.3259,,16,21,,OFF
1790644026.47756,2,525,1,state-aware,6,1,,0.9915,0.9925,,0.7757,0.733,,15,21,,OFF
1790644026.572379,7,535,0,state-aware,6,1,,0.0,0.0,,0.3541,0.0914,,16,21,,OFF
1790644027.1804368,3,543,1,state-aware,6,2,,0.9942,0.9937,,0.764,0.8149,,16,22,,OFF
1790644027.5741258,6,541,0,state-aware,6,1,,0.9901,0.9933,,0.8228,0.8164,,16,22,,OFF
1790644028.5766423,4,538,0,state-aware,6,2,,0.9925,0.9915,,0.7734,0.8729,,16,23,,OFF
1790644030.542115,9,521,1,state-aware,6,1,,0.9933,0.9925,,0.8248,0.8243,,17,23,,OFF
1790644033.1375635,5,544,1,state-aware,6,2,,0.9942,0.9932,,0.8169,0.8807,,16,23,,OFF
1790644033.651275,10,543,1,state-aware,6,1,,0.9913,0.9912,,0.8986,0.6505,,17,23,,OFF
1790644034.1482186,1,545,1,state-aware,6,1,,0.9916,0.9899,,0.8156,0.7985,,18,23,,OFF
1790644035.7384996,7,536,1,state-aware,6,2,,0.9925,0.9944,,0.7601,0.8017,,17,22,,OFF
1790644036.6075778,6,542,1,state-aware,6,2,,0.9932,0.9942,,0.7452,0.8169,,17,23,,OFF
1790644037.521064,8,520,1,state-aware,6,2,,0.1453,0.7455,,0.3107,0.6233,,16,24,,OFF
1790644039.504683,2,526,1,state-aware,6,1,,0.9914,0.9926,,0.7876,0.7331,,17,23,,OFF
1790644040.290998,3,544,1,state-aware,6,2,,0.9938,0.9925,,0.7638,0.8378,,16,24,,OFF
1790644042.5830655,4,539,0,state-aware,6,2,,0.9938,0.9915,,0.774,0.7798,,15,24,,OFF
1790644044.6141117,9,522,1,state-aware,6,1,,0.9915,0.9883,,0.8332,0.8217,,15,23,,OFF
1790644048.3253982,10,544,1,state-aware,6,1,,0.9898,0.9933,,0.9033,0.6514,,16,23,,OFF
1790644050.3331425,6,543,1,state-aware,6,2,,0.9901,0.9933,,0.7435,0.8347,,16,23,,OFF
1790644051.1605663,8,521,1,state-aware,6,2,,0.9924,0.9938,,0.7343,0.7741,,16,24,,OFF
1790644051.9691954,7,537,1,state-aware,6,2,,0.0031,0.9743,,0.3104,0.7049,,15,25,,OFF
1790644052.4965205,2,527,1,state-aware,6,1,,0.9915,0.9915,,0.8089,0.7326,,16,25,,OFF
1790644054.2501538,4,540,1,state-aware,6,1,,0.99,0.9915,,0.7721,0.6947,,17,24,,OFF
1790644054.5887494,5,545,0,state-aware,6,2,,0.0,0.0,,0.2645,0.3673,,17,25,,OFF
1790644054.5896063,1,546,0,state-aware,6,2,,0.9937,0.9931,,0.7262,0.8008,,17,26,,OFF
1790644054.8352838,3,545,1,state-aware,6,1,,0.9926,0.9925,,0.7632,0.7444,,18,25,,OFF
1790644058.6464462,9,523,1,state-aware,6,1,,0.9933,0.9915,,0.8507,0.8237,,18,21,,OFF
1790644061.700381,10,545,1,state-aware,6,1,,0.9899,0.9938,,0.913,0.6516,,18,21,,OFF
1790644064.054371,1,547,1,state-aware,6,1,,0.8535,0.8535,,0.6678,0.6294,,19,21,,OFF
1790644064.9421961,6,544,1,state-aware,6,2,,0.8535,0.8535,,0.6676,0.7921,,18,22,,UNKNOWN
1790644066.0203977,2,528,1,state-aware,6,2,,0.0,0.9932,,0.3824,0.7333,,18,22,,UNKNOWN
1790644069.5995324,8,522,0,state-aware,6,2,,0.9924,0.9933,,0.7343,0.809,,18,21,,UNKNOWN
1790644069.601359,5,546,0,state-aware,6,1,,0.8887,0.8535,,0.7583,0.6382,,19,21,,UNKNOWN
1790644070.6198895,4,541,1,state-aware,6,2,,0.9914,0.9914,,0.6925,0.6947,,18,22,,UNKNOWN
1790644071.0309362,3,546,1,state-aware,6,2,,0.9938,0.9933,,0.6847,0.7447,,18,22,,UNKNOWN
1790644071.601888,7,538,0,state-aware,6,1,,0.9833,0.9925,,0.756,0.7313,,19,21,,UNKNOWN
1790644074.4375153,9,524,1,state-aware,6,2,,0.9938,0.9932,,0.7607,0.8248,,18,22,,UNKNOWN
1790644075.2022777,10,546,1,state-aware,6,1,,0.9881,0.9901,,0.9231,0.65,,19,22,,UNKNOWN
1790644078.0764241,1,548,1,state-aware,6,1,,0.9925,0.9915,,0.7683,0.7157,,20,21,,OFF
1790644079.8235664,5,547,1,state-aware,6,2,,0.0,0.0,,0.2381,0.31,,20,21,,OFF
1790644080.4715977,2,529,1,state-aware,6,1,,0.9902,0.9915,,0.8324,0.7741,,21,21,,OFF
1790644081.3873534,6,545,1,state-aware,6,2,,0.0,0.9739,,0.1934,0.7516,,20,22,,OFF
1790644084.6451252,4,542,1,state-aware,6,2,,0.0,0.9924,,0.2419,0.7424,,20,22,,OFF
1790644084.9622114,3,547,1,state-aware,6,2,,0.9933,0.9902,,0.6844,0.7831,,20,23,,OFF
1790644088.661703,10,547,1,state-aware,6,1,,0.8554,0.8805,,0.8786,0.6044,,18,21,,OFF
1790644092.8568642,1,549,1,state-aware,6,2,,0.9932,0.9881,,0.6777,0.7136,,17,22,,OFF
1790644093.4201813,5,548,1,state-aware,6,2,,0.9941,0.9937,,0.7352,0.7425,,17,22,,OFF
1790644093.6127374,9,525,0,state-aware,6,2,,0.9916,0.9933,,0.7597,0.8341,,17,23,,OFF
1790644094.7824063,2,530,1,state-aware,6,1,,0.9941,0.9925,,0.858,0.7744,,16,23,,OFF
1790644095.9164739,6,546,1,state-aware,6,2,,0.0522,0.0098,,0.2224,0.4187,,16,23,,OFF
1790644097.5744429,7,540,1,state-aware,6,1,,0.0,0.0,,0.309,0.1799,,17,21,,OFF
1790644098.8731856,4,543,1,state-aware,6,2,,0.9915,0.9915,,0.6925,0.7841,,17,22,,OFF
1790644103.6189246,3,548,0,state-aware,6,2,,0.9938,0.9914,,0.6846,0.8188,,16,21,,OFF
1790644103.702493,10,548,1,state-aware,6,1,,0.99,0.9925,,0.8215,0.6511,,17,21,,OFF
1790644105.1465738,9,526,1,state-aware,6,1,,0.9942,0.9931,,0.7609,0.7507,,17,21,,OFF
1790644106.3472369,5,549,1,state-aware,6,2,,0.9933,0.9914,,0.7347,0.7854,,17,22,,OFF
1790644107.163936,1,550,1,state-aware,6,2,,0.9938,0.9924,,0.678,0.7312,,17,23,,OFF
1790644108.512498,2,531,1,state-aware,6,1,,0.9933,0.9933,,0.8797,0.7747,,17,23,,OFF
1790644109.3319168,6,547,1,state-aware,6,2,,0.9925,0.9915,,0.7448,0.8294,,17,24,,OFF
1790644110.6317995,7,541,1,state-aware,6,1,,0.991,0.9942,,0.794,0.7322,,18,23,,OFF
1790644111.864497,8,525,1,state-aware,6,2,,0.9938,0.9933,,0.735,0.809,,18,23,,OFF
1790644113.5042353,3,549,1,state-aware,6,2,,0.9933,0.9925,,0.6844,0.7164,,17,23,,OFF
1790644153.7358212,1,553,1,round-robin,6,1,,0.9938,0.9915,,nan,nan,,1,0,,OFF
1790644154.26335,6,550,1,round-robin,6,1,,0.9926,0.9933,,nan,nan,,2,0,,OFF
1790644156.8107543,7,544,1,round-robin,6,1,,0.9924,0.9924,,nan,nan,,3,0,,OFF
1790644157.2140844,8,528,1,round-robin,6,1,,0.9941,0.9923,,nan,nan,,4,0,,OFF
1790644158.1705282,3,552,1,round-robin,6,1,,0.9914,0.9925,,nan,nan,,5,0,,OFF
1790644161.5338597,4,547,1,round-robin,6,1,,0.9914,0.9913,,nan,nan,,6,0,,OFF
1790644164.2078476,10,552,1,round-robin,6,1,,0.9914,0.9931,,nan,nan,,7,0,,OFF
1790644165.6480656,5,553,1,round-robin,6,1,,0.9932,0.9937,,nan,nan,,8,0,,OFF
1790644167.1083918,9,530,1,round-robin,6,1,,0.9924,0.9938,,nan,nan,,9,0,,OFF
1790644167.6758277,2,535,1,round-robin,6,1,,0.9933,0.9914,,nan,nan,,10,0,,OFF
1790644168.237593,6,551,1,round-robin,6,2,,0.9915,0.9939,,nan,nan,,10,1,,OFF
1790644169.3584967,1,554,1,round-robin,6,2,,0.9915,0.9902,,nan,nan,,10,2,,OFF
1790644169.8554196,7,545,1,round-robin,6,2,,0.9925,0.9915,,nan,nan,,10,3,,OFF
1790644171.257032,8,529,1,round-robin,6,2,,0.9942,0.9925,,nan,nan,,10,4,,ON
1790644173.7421432,3,553,1,round-robin,6,2,,0.9938,0.9933,,nan,nan,,10,5,,OFF
1790644174.63527,4,548,1,round-robin,6,2,,0.9902,0.9883,,nan,nan,,10,6,,OFF
1790644176.8177414,10,553,1,round-robin,6,2,,0.9882,0.9915,,nan,nan,,10,7,,OFF
1790644179.347389,5,554,1,round-robin,6,2,,0.9915,0.9915,,nan,nan,,10,8,,OFF
1790644180.3943336,2,536,1,round-robin,6,2,,0.9932,0.9916,,nan,nan,,10,9,,OFF
1790644182.0331252,6,552,1,round-robin,6,1,,0.9915,0.9942,,nan,nan,,11,9,,OFF
1790644183.1513739,7,546,1,round-robin,6,1,,0.9915,0.9915,,nan,nan,,12,9,,OFF
1790644183.9736688,1,555,1,round-robin,6,1,,0.9926,0.9914,,nan,nan,,13,9,,OFF
1790644184.584101,8,530,1,round-robin,6,1,,0.9942,0.9933,,nan,nan,,14,9,,OFF
1790644185.1161408,9,531,0,round-robin,6,2,,0.9915,0.9926,,nan,nan,,14,10,,OFF
1790644187.4604933,3,554,1,round-robin,6,1,,0.9937,0.9925,,nan,nan,,15,10,,OFF
1790644189.2858639,4,549,1,round-robin,6,1,,0.99,0.9914,,nan,nan,,16,10,,OFF
1790644190.015214,10,554,1,round-robin,6,1,,0.9901,0.9915,,nan,nan,,17,10,,OFF
1790644192.287206,5,555,1,round-robin,6,1,,0.9925,0.9925,,nan,nan,,18,10,,OFF
1790644193.997849,2,537,1,round-robin,6,1,,0.9915,0.9916,,nan,nan,,19,10,,OFF
1790644196.0552948,6,553,1,round-robin,6,2,,0.9901,0.99,,nan,nan,,19,11,,OFF
1790644196.5802336,9,532,1,round-robin,6,1,,0.9938,0.9925,,nan,nan,,20,11,,OFF
1790644197.1739717,7,547,1,round-robin,6,2,,0.9914,0.9924,,nan,nan,,20,12,,OFF
1790644198.351553,8,531,1,round-robin,6,2,,0.9944,0.9933,,nan,nan,,20,13,,OFF
1790644199.5315185,1,556,1,round-robin,6,2,,0.9915,0.9914,,nan,nan,,20,14,,OFF
1790644201.4067292,3,555,1,round-robin,6,2,,0.9925,0.9937,,nan,nan,,20,15,,OFF
1790644203.315632,10,555,1,round-robin,6,2,,0.9881,0.9916,,nan,nan,,20,16,,OFF
1790644204.242683,4,550,1,round-robin,6,2,,0.9923,0.9924,,nan,nan,,20,17,,OFF
1790644206.8420541,5,556,1,round-robin,6,2,,0.9915,0.9926,,nan,nan,,20,18,,OFF
1790644207.725903,2,538,1,round-robin,6,2,,0.9926,0.9933,,nan,nan,,20,19,,OFF
1790644209.3516533,6,554,1,round-robin,6,1,,0.9926,0.9933,,nan,nan,,21,19,,OFF
1790644210.4005642,9,533,1,round-robin,6,2,,0.9938,0.9916,,nan,nan,,21,20,,OFF
1790644211.424588,7,548,1,round-robin,6,1,,0.9925,0.9933,,nan,nan,,22,20,,OFF
1790644212.1245422,8,532,1,round-robin,6,1,,0.9942,0.9938,,nan,nan,,23,20,,OFF
1790644212.843514,1,557,1,round-robin,6,1,,0.9942,0.9942,,nan,nan,,24,20,,OFF
1790644214.5724967,3,556,1,round-robin,6,1,,0.9925,0.9933,,nan,nan,,23,20,,OFF
1790644219.396572,10,556,1,round-robin,6,1,,0.9852,0.0,,nan,nan,,21,20,,ON
1790644219.9177365,4,551,1,round-robin,6,1,,0.99,0.988,,nan,nan,,22,20,,ON
1790644220.346315,5,557,1,round-robin,6,1,,0.9932,0.9925,,nan,nan,,23,20,,ON
1790644220.7396276,2,539,1,round-robin,6,1,,0.9901,0.9901,,nan,nan,,24,20,,ON
1790644223.3876324,9,534,1,round-robin,6,1,,0.9932,0.9942,,nan,nan,,24,20,,OFF
1790644224.2002857,6,555,1,round-robin,6,2,,0.9924,0.9925,,nan,nan,,24,21,,OFF
1790644225.3424006,7,549,1,round-robin,6,2,,0.9925,0.9925,,nan,nan,,23,22,,OFF
1790644226.097465,8,533,1,round-robin,6,2,,0.9914,0.9925,,nan,nan,,22,23,,OFF
1790644226.4758334,1,558,1,round-robin,6,2,,0.993,0.992,,nan,nan,,22,24,,OFF
1790644229.0247257,3,557,1,round-robin,6,2,,0.9914,0.9901,,nan,nan,,20,24,,OFF
1790644234.149976,5,558,1,round-robin,6,2,,0.9932,0.9921,,nan,nan,,20,21,,OFF
1790644234.961217,2,540,1,round-robin,6,2,,0.9933,0.9933,,nan,nan,,20,21,,OFF
1790644235.812213,4,552,1,round-robin,6,2,,0.9924,0.9924,,nan,nan,,20,22,,OFF
1790644237.338542,6,556,1,round-robin,6,1,,0.9925,0.9941,,nan,nan,,21,21,,OFF
1790644239.1554613,10,557,0,round-robin,6,2,,0.9899,0.9867,,nan,nan,,21,22,,OFF
1790644239.3986673,8,534,1,round-robin,6,1,,0.7285,0.9938,,nan,nan,,22,21,,OFF
1790644239.5998027,9,535,1,round-robin,6,2,,0.896,0.004,,nan,nan,,22,22,,OFF
1790644240.1839154,1,559,1,round-robin,6,1,,0.9925,0.9924,,nan,nan,,23,22,,OFF
1790644240.9105701,7,550,1,round-robin,6,1,,0.9916,0.9915,,nan,nan,,24,21,,OFF
1790644247.7611673,2,541,1,round-robin,6,1,,0.9937,0.9925,,nan,nan,,20,20,,OFF
1790644248.1595495,3,558,0,round-robin,6,1,,0.9938,0.9915,,nan,nan,,21,20,,OFF
1790644248.9108565,5,559,1,round-robin,6,1,,0.9914,0.9901,,nan,nan,,22,20,,OFF
1790644249.743256,10,558,1,round-robin,6,1,,0.9923,0.9944,,nan,nan,,22,20,,OFF
1790644251.6837122,4,553,1,round-robin,6,1,,0.9923,0.9922,,nan,nan,,22,20,,OFF
1790644252.67071,9,536,1,round-robin,6,1,,0.9915,0.9932,,nan,nan,,22,20,,OFF
1790644253.4788778,6,557,1,round-robin,6,2,,0.0,0.9236,,nan,nan,,22,21,,OFF
1790644253.9972794,7,551,1,round-robin,6,2,,0.9924,0.9924,,nan,nan,,22,22,,OFF
1790644254.4084,1,560,1,round-robin,6,2,,0.8554,0.8333,,nan,nan,,21,23,,OFF
1790644257.9976115,3,559,1,round-robin,6,2,,0.9915,0.9901,,nan,nan,,20,22,,OFF
1790644260.1646223,8,535,0,round-robin,6,2,,0.9797,0.9942,,nan,nan,,20,21,,OFF
1790644261.8790317,5,560,1,round-robin,6,2,,0.9914,0.9901,,nan,nan,,20,21,,OFF
1790644262.1905909,2,542,1,round-robin,6,2,,0.9912,0.9916,,nan,nan,,20,22,,OFF
1790644263.6437168,10,559,1,round-robin,6,2,,0.9882,0.9902,,nan,nan,,20,22,,OFF
1790644265.3740811,4,554,1,round-robin,6,2,,0.9924,0.9932,,nan,nan,,20,22,,OFF
1790644265.915718,9,537,1,round-robin,6,2,,0.9938,0.9933,,nan,nan,,20,23,,OFF
1790644266.7302964,7,552,1,round-robin,6,1,,0.9902,0.9925,,nan,nan,,21,23,,OFF
1790644268.7769392,1,561,1,round-robin,6,1,,0.9915,0.9925,,nan,nan,,22,21,,OFF
1790644269.2721086,6,558,1,round-robin,6,1,,0.9913,0.9941,,nan,nan,,23,21,,OFF
1790644270.275774,8,536,1,round-robin,6,1,,0.9937,0.9941,,nan,nan,,23,21,,OFF
1790644271.4258993,3,560,1,round-robin,6,1,,0.9926,0.9925,,nan,nan,,23,20,,UNKNOWN
1790644274.9040384,2,543,1,round-robin,6,1,,0.9933,0.9925,,nan,nan,,21,20,,OFF
1790644276.1349297,5,561,1,round-robin,6,1,,0.9915,0.9925,,nan,nan,,22,20,,OFF
1790644277.6879148,10,560,1,round-robin,6,1,,0.9925,0.9938,,nan,nan,,23,20,,OFF
1790644279.6074862,9,538,1,round-robin,6,1,,0.9933,0.9926,,nan,nan,,23,20,,OFF
1790644280.7427883,7,553,1,round-robin,6,2,,0.9924,0.9924,,nan,nan,,20,21,,OFF
1790644281.7655096,6,559,1,round-robin,6,2,,0.9931,0.9933,,nan,nan,,20,22,,OFF
1790644283.7116177,8,537,1,round-robin,6,2,,0.9925,0.9933,,nan,nan,,19,23,,OFF
1790644285.5841906,3,561,1,round-robin,6,2,,0.9938,0.9933,,nan,nan,,19,22,,OFF
1790644287.1804633,1,562,0,round-robin,6,2,,0.9932,0.9937,,nan,nan,,19,21,,OFF
1790644287.628032,2,544,1,round-robin,6,2,,0.9901,0.9925,,nan,nan,,19,22,,OFF
1790644288.9621334,5,562,1,round-robin,6,2,,0.9926,0.9925,,nan,nan,,19,23,,OFF
1790644292.9290066,10,561,1,round-robin,6,2,,0.9933,0.9939,,nan,nan,,19,23,,OFF
1790644294.0699258,9,539,1,round-robin,6,2,,0.9901,0.022,,nan,nan,,19,24,,OFF
1790644294.2751,7,554,1,round-robin,6,1,,0.9865,0.9901,,nan,nan,,20,23,,OFF
1790644295.1894438,6,560,1,round-robin,6,1,,0.9925,0.9925,,nan,nan,,21,22,,OFF
1790644297.1189854,4,556,1,round-robin,6,1,,0.9899,0.9881,,nan,nan,,22,21,,OFF
1790644297.7168648,1,563,1,round-robin,6,1,,0.0001,0.0,,nan,nan,,22,21,,OFF
1790644300.1122563,3,562,1,round-robin,6,1,,0.9926,0.9916,,nan,nan,,22,19,,OFF
1790644301.5215042,2,545,1,round-robin,6,1,,0.9938,0.9925,,nan,nan,,21,19,,OFF
1790644301.865058,5,563,1,round-robin,6,1,,0.9932,0.9932,,nan,nan,,22,19,,OFF
1790644306.6369607,9,540,1,round-robin,6,1,,0.0,0.022,,nan,nan,,23,19,,OFF
1790644308.5943253,6,561,1,round-robin,6,2,,0.9901,0.9926,,nan,nan,,21,20,,OFF
1790644310.0488448,4,557,1,round-robin,6,2,,0.9914,0.9914,,nan,nan,,19,21,,OFF
1790644310.7496624,7,555,1,round-robin,6,2,,0.9914,0.9925,,nan,nan,,19,22,,OFF
1790644312.1971927,10,562,0,round-robin,6,1,,0.9933,0.0,,nan,nan,,19,22,,OFF
1790644312.2631755,1,564,1,round-robin,6,2,,0.9925,0.99,,nan,nan,,19,23,,OFF
1790644312.6249795,3,563,1,round-robin,6,2,,0.9925,0.9915,,nan,nan,,19,24,,OFF
1790644313.34852,8,539,1,round-robin,6,1,,0.9925,0.9933,,nan,nan,,19,24,,OFF
1790644315.0414243,2,546,1,round-robin,6,2,,0.9926,0.9938,,nan,nan,,19,22,,OFF
1790644315.6680617,5,564,1,round-robin,6,2,,0.9915,0.9915,,nan,nan,,19,23,,OFF
1790644321.6302803,6,562,1,round-robin,6,1,,0.9708,0.0001,,nan,nan,,20,21,,OFF
1790644323.2319312,9,541,1,round-robin,6,2,,0.7924,0.3632,,nan,nan,,20,20,,OFF
1790644323.7579794,4,558,1,round-robin,6,1,,0.9901,0.99,,nan,nan,,21,19,,OFF
1790644324.4097106,7,556,1,round-robin,6,1,,0.9902,0.9901,,nan,nan,,22,19,,OFF
1790644325.6946497,3,564,1,round-robin,6,1,,0.9933,0.9933,,nan,nan,,23,18,,OFF
1790644326.7593462,8,540,1,round-robin,6,2,,0.9942,0.9938,,nan,nan,,22,18,,OFF
1790644328.292171,2,547,1,round-robin,6,1,,0.0,0.9813,,nan,nan,,23,18,,OFF
1790644328.8696678,1,565,1,round-robin,6,1,,0.9901,0.9901,,nan,nan,,23,18,,OFF
1790644329.6824772,5,565,1,round-robin,6,1,,0.9915,0.9925,,nan,nan,,23,18,,OFF
1790644334.681565,6,563,1,round-robin,6,2,,0.9932,0.9932,,nan,nan,,21,19,,OFF
1790644336.6544075,4,559,1,round-robin,6,2,,0.9881,0.004,,nan,nan,,19,20,,OFF
1790644337.36556,9,542,1,round-robin,6,1,,0.0,0.0,,nan,nan,,20,20,,OFF
1790644339.8321638,3,565,1,round-robin,6,2,,0.9933,0.9925,,nan,nan,,18,21,,OFF
1790644340.3362765,8,541,1,round-robin,6,1,,0.9915,0.9926,,nan,nan,,19,21,,OFF
1790644342.2447114,7,557,0,round-robin,6,2,,0.9901,0.9901,,nan,nan,,19,20,,OFF
1790644342.5938027,2,548,1,round-robin,6,2,,0.9932,0.9938,,nan,nan,,19,21,,OFF
1790644343.037547,1,566,1,round-robin,6,2,,0.9942,0.9938,,nan,nan,,19,22,,OFF
1790644343.2463212,10,564,0,round-robin,6,2,,0.9915,0.9867,,nan,nan,,19,23,,OFF
1790644347.2979455,6,564,1,round-robin,6,1,,0.9915,0.9938,,nan,nan,,20,20,,OFF
1790644349.250497,5,566,0,round-robin,6,2,,0.9932,0.9944,,nan,nan,,20,19,,OFF
1790644350.8801188,4,560,1,round-robin,6,1,,0.0841,0.9909,,nan,nan,,21,19,,OFF
1790644351.175226,9,543,1,round-robin,6,2,,0.9936,0.9931,,nan,nan,,21,20,,OFF
1790644352.4102032,3,566,1,round-robin,6,1,,0.9932,0.9933,,nan,nan,,22,20,,OFF
1790644352.9242966,7,558,1,round-robin,6,1,,0.9924,0.9924,,nan,nan,,23,20,,OFF
1790644353.8629327,10,565,1,round-robin,6,1,,0.9925,0.9938,,nan,nan,,24,19,,OFF
1790644354.697294,8,542,1,round-robin,6,2,,0.9932,0.9941,,nan,nan,,23,19,,OFF
1790644356.1170928,2,549,1,round-robin,6,1,,0.9942,0.9925,,nan,nan,,23,19,,OFF
1790644356.9277492,1,567,1,round-robin,6,1,,0.9914,0.9924,,nan,nan,,24,19,,OFF
1790644358.4841814,5,567,1,round-robin,6,1,,0.9937,0.9932,,nan,nan,,23,19,,OFF
1790644362.3576288,6,565,1,round-robin,6,2,,0.99,0.9882,,nan,nan,,20,20,,OFF
1790644364.1263344,4,561,1,round-robin,6,2,,0.9925,0.9913,,nan,nan,,20,21,,OFF
1790644365.117173,9,544,1,round-robin,6,1,,0.9933,0.9938,,nan,nan,,21,21,,OFF
1790644365.8368495,3,567,1,round-robin,6,2,,0.9925,0.9915,,nan,nan,,21,22,,OFF
1790644366.5872781,10,566,1,round-robin,6,2,,0.9901,0.9938,,nan,nan,,21,23,,OFF
1790644367.8756163,8,543,1,round-robin,6,1,,0.9941,0.9942,,nan,nan,,21,23,,ON
1790644369.7174313,7,559,1,round-robin,6,2,,0.9936,0.9931,,nan,nan,,21,23,,ON
1790644370.3587928,1,568,1,round-robin,6,2,,0.9861,0.9913,,nan,nan,,21,23,,OFF
1790644370.6485035,2,550,1,round-robin,6,2,,0.992,0.9915,,nan,nan,,21,24,,OFF
1790644371.0643895,5,568,1,round-robin,6,2,,0.9931,0.99,,nan,nan,,21,24,,OFF
1790644376.4678483,6,566,1,round-robin,6,1,,0.9914,0.9942,,nan,nan,,20,20,,OFF
1790644376.995056,4,562,1,round-robin,6,1,,0.9915,0.9915,,nan,nan,,21,20,,OFF
1790644378.1227303,9,545,1,round-robin,6,2,,0.9883,0.9902,,nan,nan,,21,21,,OFF
1790644379.5840108,3,568,1,round-robin,6,1,,0.9914,0.9933,,nan,nan,,22,21,,OFF
1790644379.9969277,10,567,1,round-robin,6,1,,0.9925,0.9938,,nan,nan,,23,21,,OFF
1790644383.5836437,8,544,1,round-robin,6,2,,0.0,0.0,,nan,nan,,22,21,,OFF
1790644384.4878473,5,569,1,round-robin,6,1,,0.9932,0.9925,,nan,nan,,21,21,,OFF
1790644423.1747096,6,569,1,ewma,7,1,,0.9,0.9887,,0.5,0.5,,1,0,,UNKNOWN
1790644424.515646,3,571,1,ewma,7,1,,0.9932,0.9932,,0.5,0.5,,2,0,,UNKNOWN
1790644428.8223338,10,570,0,ewma,7,2,,0.9,0.9878,,0.5,0.5,,2,1,,OFF
1790644430.0741625,7,563,1,ewma,7,1,,0.8442,0.976,,0.5,0.5,,3,1,,OFF
1790644431.3954237,2,554,1,ewma,7,2,,0.0,0.9734,,0.5,0.5,,3,2,,OFF
1790644432.5117989,1,572,1,ewma,7,1,,0.9933,0.9924,,0.5,0.5,,4,2,,OFF
1790644435.8242507,8,547,0,ewma,7,1,,0.989,0.989,,0.5,0.5,,5,2,,OFF
1790644436.2159111,9,549,1,ewma,7,1,,0.9925,0.9915,,0.5,0.5,,6,2,,OFF
1790644436.5242293,4,566,1,ewma,7,1,,0.9913,0.9913,,0.5,0.5,,7,2,,OFF
1790644437.8172793,10,571,1,ewma,7,1,,0.9902,0.9933,,0.5,0.4,,8,2,,OFF
1790644438.63749,6,570,1,ewma,7,2,,0.0016,0.0,,0.4,0.5,,8,3,,OFF
1790644444.476832,7,564,1,ewma,7,1,,0.9923,0.9932,,0.6,0.5,,9,3,,OFF
1790644444.8270245,3,572,0,ewma,7,1,,0.9925,0.9925,,0.6,0.5,,10,3,,OFF
1790644446.2341654,8,548,1,ewma,7,2,,0.9938,0.9938,,0.4,0.5,,10,4,,OFF
1790644446.5308805,5,573,1,ewma,7,2,,0.9937,0.9915,,0.5,0.5,,10,5,,OFF
1790644447.7908633,1,573,1,ewma,7,2,,0.0,0.9901,,0.4,0.5,,10,6,,OFF
1790644450.1488984,9,550,1,ewma,7,1,,0.9901,0.9915,,0.6,0.5,,11,6,,OFF
1790644450.8217046,10,572,1,ewma,7,1,,0.9902,0.0,,0.6,0.4,,12,6,,OFF
1790644452.76961,6,571,1,ewma,7,2,,0.9937,0.9932,,0.4,0.6,,12,7,,OFF
1790644453.8289263,2,555,0,ewma,7,1,,0.9857,0.9925,,0.5,0.4,,13,7,,OFF
1790644454.5954955,3,573,1,ewma,7,2,,0.9902,0.9926,,0.48,0.5,,13,8,,OFF
1790644460.067418,5,574,1,ewma,7,2,,0.0,0.364,,0.5,0.6,,13,9,,OFF
1790644460.3568494,1,574,1,ewma,7,2,,0.9735,0.9597,,0.4,0.6,,13,10,,OFF
1790644463.7351043,9,551,1,ewma,7,1,,0.9915,0.9925,,0.68,0.5,,14,10,,OFF
1790644464.3421338,2,556,1,ewma,7,1,,0.7002,0.9924,,0.4,0.4,,15,10,,OFF
1790644466.4977412,4,568,1,ewma,7,2,,0.9912,0.9898,,0.5,0.5,,15,11,,OFF
1790644466.8323922,8,549,0,ewma,7,2,,0.9926,0.9926,,0.4,0.6,,15,12,,OFF
1790644467.2244356,6,572,1,ewma,7,2,,0.9925,0.9925,,0.4,0.68,,15,13,,OFF
1790644468.9588661,3,574,1,ewma,7,2,,0.9925,0.9926,,0.48,0.6,,15,14,,OFF
1790644473.362067,1,575,1,ewma,7,2,,0.9933,0.9881,,0.4,0.68,,15,15,,ON
1790644475.426261,5,575,1,ewma,7,1,,0.9937,0.9925,,0.5,0.48,,16,15,,OFF
1790644476.2084484,8,550,1,ewma,7,2,,0.9933,0.9705,,0.4,0.48,,16,16,,OFF
1790644476.415873,9,552,1,ewma,7,1,,0.0029,0.954,,0.744,0.5,,17,16,,OFF
1790644478.0936143,2,557,1,ewma,7,1,,0.9915,0.9916,,0.52,0.4,,18,16,,OFF
1790644479.1298544,4,569,1,ewma,7,2,,0.9914,0.9925,,0.5,0.6,,18,17,,OFF
1790644479.7021766,10,574,1,ewma,7,1,,0.9882,0.9937,,0.6,0.4,,19,17,,OFF
1790644480.418165,6,573,1,ewma,7,2,,0.9926,0.9914,,0.4,0.744,,19,18,,OFF
1790644481.8364146,7,566,0,ewma,7,1,,0.0,0.9932,,0.6,0.5,,20,18,,OFF
1790644482.3024752,3,575,1,ewma,7,2,,0.9933,0.9933,,0.48,0.68,,20,19,,OFF
1790644489.333982,5,576,1,ewma,7,1,,0.9901,0.9915,,0.6,0.48,,19,18,,OFF
1790644489.5754151,1,576,1,ewma,7,2,,0.9924,0.9923,,0.4,0.544,,19,19,,OFF
1790644490.6042435,8,551,1,ewma,7,2,,0.9939,0.9925,,0.4,0.584,,18,20,,OFF
1790644491.9677424,2,558,1,ewma,7,1,,0.9925,0.9925,,0.616,0.4,,19,19,,OFF
1790644493.0949497,9,553,1,ewma,7,1,,0.0029,0.0308,,0.5952,0.5,,19,19,,OFF
1790644493.6339645,4,570,1,ewma,7,2,,0.0008,0.9911,,0.5,0.68,,19,20,,OFF
1790644494.0208733,10,575,1,ewma,7,1,,0.9938,0.99,,0.68,0.4,,20,20,,OFF
1790644495.587339,6,574,1,ewma,7,2,,0.9931,0.9943,,0.4,0.5952,,20,21,,OFF
1790644497.5268812,3,576,1,ewma,7,2,,0.9915,0.9933,,0.48,0.544,,17,22,,OFF
1790644497.8406835,7,567,0,ewma,7,2,,0.6192,0.9932,,0.48,0.5,,16,23,,OFF
1790644503.9647946,1,577,1,ewma,7,2,,0.0,0.0,,0.4,0.6352,,16,23,,OFF
1790644504.503278,8,552,1,ewma,7,2,,0.9915,0.9942,,0.4,0.6672,,15,24,,OFF
1790644505.4016995,5,577,1,ewma,7,2,,0.0826,0.8684,,0.48,0.48,,14,25,,OFF
1790644506.5476856,4,571,1,ewma,7,2,,0.9782,0.985,,0.5,0.744,,14,24,,OFF
1790644508.7893424,10,576,1,ewma,7,1,,0.9899,0.99,,0.544,0.4,,15,23,,OFF
1790644509.1293225,6,575,1,ewma,7,2,,0.0008,0.9753,,0.4,0.6762,,15,24,,OFF
1790644510.872695,3,577,1,ewma,7,2,,0.9925,0.9932,,0.48,0.6352,,13,25,,OFF
1790644511.8459098,9,554,0,ewma,7,1,,0.9873,0.9837,,0.6762,0.5,,14,25,,OFF
1790644514.8476498,7,568,0,ewma,7,1,,0.99,0.9932,,0.48,0.4,,14,23,,OFF
1790644518.9337122,8,553,1,ewma,7,2,,0.99,0.9881,,0.4,0.7338,,14,24,,OFF
1790644520.264679,2,560,1,ewma,7,1,,0.9942,0.9925,,0.616,0.4,,15,23,,OFF
1790644520.9915414,4,572,1,ewma,7,2,,0.9881,0.9882,,0.5,0.7952,,15,23,,OFF
1790644521.4911814,5,578,1,ewma,7,1,,0.9931,0.9925,,0.48,0.384,,16,23,,ON
1790644522.1116765,9,555,1,ewma,7,1,,0.9938,0.9932,,0.5409,0.5,,17,23,,ON
1790644522.856095,10,577,1,ewma,7,1,,0.9925,0.9933,,0.6352,0.4,,18,23,,ON
1790644523.8485806,6,576,1,ewma,7,2,,0.9942,0.9933,,0.4,0.5409,,17,24,,ON
1790644523.8572478,1,578,0,ewma,7,2,,0.9867,0.9819,,0.4,0.7082,,17,25,,ON
1790644525.084367,3,578,1,ewma,7,2,,0.9925,0.0056,,0.48,0.7082,,16,26,,OFF
1790644530.8606455,7,569,0,ewma,7,2,,0.9931,0.9925,,0.384,0.4,,16,23,,OFF
1790644532.159418,8,554,1,ewma,7,2,,0.0,0.9939,,0.4,0.787,,16,24,,OFF
1790644533.4487529,2,561,1,ewma,7,1,,0.9915,0.9915,,0.6928,0.4,,17,23,,OFF
1790644533.8606205,1,579,1,ewma,7,2,,0.9931,0.9914,,0.4,0.5665,,17,24,,OFF
1790644535.6160762,4,573,1,ewma,7,2,,0.9914,0.9925,,0.5,0.8362,,16,25,,OFF
1790644537.2630026,5,579,1,ewma,7,2,,0.9899,0.9922,,0.384,0.384,,15,25,,OFF
1790644537.6951525,9,556,1,ewma,7,2,,0.9901,0.99,,0.4327,0.5,,15,26,,OFF
1790644538.5366933,6,577,1,ewma,7,2,,0.8896,0.8689,,0.4,0.4327,,14,27,,OFF
1790644539.9267604,7,570,1,ewma,7,1,,0.9925,0.9923,,0.384,0.32,,14,26,,OFF
1790644542.8652925,10,578,0,ewma,7,1,,0.9901,0.9933,,0.7082,0.4,,14,24,,OFF
1790644543.8674018,3,579,0,ewma,7,2,,0.9915,0.8903,,0.48,0.7665,,14,25,,OFF
1790644546.1811829,2,562,1,ewma,7,1,,0.9932,0.9925,,0.7542,0.4,,15,25,,OFF
1790644547.3944821,1,580,1,ewma,7,2,,0.9944,0.9923,,0.4,0.6532,,15,26,,OFF
1790644549.5497966,4,574,1,ewma,7,2,,0.9901,0.9882,,0.5,0.8689,,14,27,,OFF
1790644550.8727841,8,555,0,ewma,7,2,,0.9833,0.9942,,0.4,0.8296,,14,26,,OFF
1790644551.518954,6,578,1,ewma,7,2,,0.0001,0.0,,0.4,0.5462,,14,27,,OFF
1790644552.4105654,10,579,1,ewma,7,1,,0.9926,0.9938,,0.5665,0.4,,14,27,,OFF
1790644553.2438943,3,580,1,ewma,7,2,,0.9915,0.9915,,0.48,0.6132,,13,28,,OFF
1790644553.5280302,7,571,1,ewma,7,1,,0.9898,0.9925,,0.5072,0.32,,14,28,,OFF
1790644560.2213223,1,581,1,ewma,7,2,,0.0001,0.0,,0.4,0.7226,,13,25,,OFF
1790644560.8091166,8,556,1,ewma,7,2,,0.9915,0.9926,,0.4,0.6637,,13,26,,OFF
1790644562.647508,2,563,1,ewma,7,1,,0.9915,0.9925,,0.6034,0.4,,14,26,,OFF
1790644562.9831517,4,575,1,ewma,7,2,,0.9908,0.991,,0.5,0.8951,,14,27,,OFF
1790644564.2942564,6,579,1,ewma,7,2,,0.9915,0.9942,,0.4,0.637,,14,27,,OFF
1790644566.1256583,7,572,1,ewma,7,1,,0.9924,0.9932,,0.6058,0.32,,15,25,,OFF
1790644570.8857796,10,580,0,ewma,7,1,,0.99,0.9938,,0.6532,0.4,,15,22,,ON
1790644572.8872793,9,558,0,ewma,7,2,,0.326,0.003,,0.4327,0.5,,14,23,,ON
1790644572.887608,5,581,0,ewma,7,1,,0.994,0.9922,,0.384,0.384,,15,23,,ON
1790644573.8885705,3,581,0,ewma,7,2,,0.9842,0.9853,,0.48,0.6906,,15,24,,UNKNOWN
1790644576.094213,2,564,1,ewma,7,1,,0.9926,0.9925,,0.6827,0.4,,15,24,,UNKNOWN
1790644578.6508164,4,576,1,ewma,7,2,,0.9924,0.9912,,0.5,0.7161,,15,25,,UNKNOWN
1790644578.8917847,1,582,0,ewma,7,2,,0.9895,0.9825,,0.4,0.7781,,15,26,,UNKNOWN
1790644579.8942065,8,557,0,ewma,7,2,,0.8689,0.9875,,0.4,0.7309,,15,26,,UNKNOWN
1790644580.1866326,7,573,1,ewma,7,1,,0.9937,0.9925,,0.6846,0.32,,16,26,,UNKNOWN
1790644580.5758238,6,580,1,ewma,7,2,,0.9933,0.9933,,0.4,0.5096,,15,27,,UNKNOWN
1790644582.1045475,10,581,1,ewma,7,1,,0.9915,0.9933,,0.5226,0.4,,15,26,,UNKNOWN
1790644583.5314903,9,559,1,ewma,7,1,,0.8728,0.0002,,0.4327,0.4,,14,26,,UNKNOWN
1790644588.6870053,1,583,1,ewma,7,2,,0.9941,0.9914,,0.4,0.6224,,14,24,,OFF
1790644588.8990088,5,582,0,ewma,7,2,,0.1628,0.9932,,0.3072,0.384,,14,25,,OFF
1790644588.900065,3,582,0,ewma,7,2,,0.9853,0.9867,,0.48,0.5525,,14,26,,OFF
1790644589.4056923,2,565,1,ewma,7,1,,0.9932,0.9925,,0.7462,0.4,,15,26,,OFF
1790644590.0205476,8,558,1,ewma,7,2,,0.9924,0.9932,,0.4,0.5848,,15,27,,OFF
1790644593.3732538,6,581,1,ewma,7,2,,0.9937,0.9942,,0.4,0.6077,,15,26,,OFF
1790644594.7939315,7,574,1,ewma,7,1,,0.9924,0.9913,,0.5477,0.32,,15,25,,OFF
1790644596.4647856,10,582,1,ewma,7,1,,0.9933,0.9942,,0.6181,0.4,,16,24,,OFF
1790644597.9109669,4,577,0,ewma,7,2,,0.9915,0.9925,,0.5,0.7729,,16,23,,OFF
1790644599.0984313,9,560,1,ewma,7,2,,0.0,0.0,,0.3462,0.4,,16,23,,OFF
1790644603.0269666,1,584,1,ewma,7,2,,0.9933,0.9901,,0.4,0.698,,14,24,,OFF
1790644603.825318,2,566,1,ewma,7,1,,0.0,0.9897,,0.7969,0.4,,15,24,,OFF
1790644604.3300292,8,559,1,ewma,7,2,,0.9901,0.9939,,0.4,0.6678,,15,24,,OFF
1790644604.9250891,3,583,0,ewma,7,1,,0.9922,0.993,,0.48,0.442,,16,24,,OFF
1790644605.8676803,6,582,1,ewma,7,2,,0.9938,0.9925,,0.4,0.6861,,16,25,,OFF
1790644607.504404,4,578,1,ewma,7,2,,0.9914,0.9915,,0.5,0.6183,,15,25,,OFF
1790644608.6157873,7,575,1,ewma,7,1,,0.9916,0.9933,,0.6381,0.32,,16,25,,OFF
1790644610.2808845,10,583,1,ewma,7,1,,0.9932,0.9933,,0.6944,0.4,,17,24,,OFF
1790644613.1251705,9,561,1,ewma,7,2,,0.9942,0.9926,,0.3462,0.52,,16,23,,OFF
1790644614.1376774,5,584,1,ewma,7,2,,0.9914,0.9914,,0.3072,0.384,,15,23,,OFF
1790644614.6823854,3,584,1,ewma,7,2,,0.9915,0.9915,,0.384,0.442,,15,24,,OFF
1790644615.8889031,1,585,1,ewma,7,2,,0.9938,0.9915,,0.4,0.7584,,15,25,,OFF
1790644617.211039,8,560,1,ewma,7,2,,0.9926,0.9933,,0.4,0.7342,,15,26,,OFF
1790644618.2936294,2,567,1,ewma,7,1,,0.9916,0.9926,,0.8375,0.4,,16,26,,OFF
1790644620.5227208,6,583,1,ewma,7,2,,0.9933,0.9941,,0.4,0.7489,,16,26,,OFF
1790644622.0361328,7,576,1,ewma,7,1,,0.8535,0.9926,,0.7105,0.32,,17,25,,OFF
1790644623.3669162,10,584,1,ewma,7,1,,0.9914,0.9942,,0.7556,0.4,,17,24,,OFF
1790644626.6878674,9,562,1,ewma,7,2,,0.9938,0.9926,,0.3462,0.616,,16,24,,OFF
1790644628.727402,1,586,1,ewma,7,2,,0.99,0.99,,0.4,0.8067,,16,25,,OFF
1790644630.250873,8,561,1,ewma,7,2,,0.9932,0.9942,,0.4,0.7874,,16,26,,OFF
1790644632.9398317,3,585,0,ewma,7,2,,0.0168,0.0,,0.384,0.5536,,14,26,,OFF
1790644633.9417088,5,585,0,ewma,7,2,,0.9914,0.9914,,0.3072,0.5072,,14,26,,OFF
1790644634.649023,2,568,1,ewma,7,1,,0.9933,0.9943,,0.67,0.4,,15,26,,OFF
1790644635.282196,6,584,1,ewma,7,2,,0.9901,0.9902,,0.4,0.7991,,15,27,,OFF
1790644636.5856028,4,580,1,ewma,7,2,,0.9931,0.9924,,0.5,0.6183,,14,28,,OFF
1790644638.1283293,10,585,1,ewma,7,1,,0.9925,0.9933,,0.6044,0.4,,15,28,,OFF
1790644639.675905,9,563,1,ewma,7,2,,0.9933,0.9941,,0.3462,0.6928,,15,27,,OFF
1790644642.0087564,1,587,1,ewma,7,2,,0.9926,0.9914,,0.4,0.8454,,14,26,,OFF
1790644643.4628372,5,586,1,ewma,7,2,,0.0,0.0,,0.3072,0.4058,,13,27,,OFF
1790644648.2880945,2,569,1,ewma,7,1,,0.9915,0.9916,,0.736,0.4,,13,27,,OFF
1790644648.9503798,3,586,0,ewma,7,2,,0.8593,0.8535,,0.384,0.4429,,13,25,,OFF
1790644649.190278,6,585,1,ewma,7,2,,0.9938,0.9942,,0.4,0.8393,,13,26,,OFF
1790644649.9101384,4,581,1,ewma,7,2,,0.9913,0.9881,,0.5,0.6947,,12,27,,OFF
1790644650.7325654,10,586,1,ewma,7,1,,0.0,0.0177,,0.6836,0.4,,13,26,,OFF
1790644652.5810308,9,564,1,ewma,7,2,,0.9943,0.9933,,0.3462,0.7542,,13,27,,OFF
1790644693.9133608,6,588,1,snr-greedy,7,1,,0.9857,0.9931,,12.75,12.75,,1,0,,OFF
1790644695.964971,10,589,1,snr-greedy,7,1,,0.9925,0.9915,,12.5,12.25,,2,0,,OFF
1790644697.2945879,9,567,1,snr-greedy,7,2,,0.9914,0.9943,,12.25,13.5,,2,1,,OFF
1790644698.0137677,7,581,1,snr-greedy,7,1,,0.9915,0.9915,,12.25,12.25,,3,1,,OFF
1790644699.5354517,2,572,0,snr-greedy,7,2,,0.0,0.9149,,1.0,10.25,,3,2,,OFF
1790644703.1545217,5,590,1,snr-greedy,7,1,,0.9925,0.9925,,12.5,12.5,,4,2,,OFF
1790644703.5628123,1,591,1,snr-greedy,7,1,,0.9925,0.9925,,12.5,12.5,,5,2,,OFF
1790644705.3092594,3,590,1,snr-greedy,7,2,,0.9925,0.9932,,12.5,12.75,,5,3,,OFF
1790644707.0373547,8,566,1,snr-greedy,7,2,,0.9925,0.9938,,12.5,13.0,,5,4,,OFF
1790644707.558777,6,589,1,snr-greedy,7,2,,0.9931,0.9931,,12.75,12.75,,5,5,,OFF
1790644709.206257,4,585,1,snr-greedy,7,1,,0.0,0.0,,-0.75,-1.0,,6,5,,OFF
1790644709.6281068,10,590,1,snr-greedy,7,2,,0.9899,0.9915,,12.0,12.25,,6,6,,OFF
1790644711.7526991,7,582,1,snr-greedy,7,2,,0.9883,0.9933,,11.75,12.75,,6,7,,OFF
1790644713.1870282,9,568,1,snr-greedy,7,1,,0.9942,0.9933,,13.25,12.75,,7,7,,OFF
1790644715.938215,5,591,1,snr-greedy,7,2,,0.9932,0.9932,,12.75,12.75,,7,8,,OFF
1790644717.4740686,1,592,1,snr-greedy,7,1,,0.9926,0.9914,,12.5,12.25,,8,8,,OFF
1790644718.5130234,3,591,1,snr-greedy,7,2,,0.9915,0.9925,,12.25,12.5,,8,9,,OFF
1790644720.5525463,8,567,1,snr-greedy,7,2,,0.9914,0.9938,,12.25,13.0,,8,10,,OFF
1790644721.9846492,6,590,1,snr-greedy,7,1,,0.8689,0.8333,,12.5,12.0,,9,10,,OFF
1790644724.5511591,7,583,1,snr-greedy,7,2,,0.9925,0.9937,,12.5,13.0,,9,11,,OFF
1790644725.8711596,9,569,1,snr-greedy,7,1,,0.9938,0.9925,,13.0,12.5,,10,11,,OFF
1790644729.555803,2,574,0,snr-greedy,7,1,,0.8943,0.9886,,13.25,12.5,,11,11,,ON
1790644730.191598,1,593,1,snr-greedy,7,1,,0.9915,0.0,,12.25,1.25,,12,11,,ON
1790644730.2668898,5,592,1,snr-greedy,7,1,,0.869,0.9915,,12.5,12.25,,13,11,,ON
1790644733.4511216,3,592,1,snr-greedy,7,1,,0.9915,0.9817,,12.25,11.5,,14,11,,ON
1790644735.6290357,6,591,1,snr-greedy,7,1,,0.8689,0.0,,12.5,5.5,,15,11,,ON
1790644737.4759886,4,587,1,snr-greedy,7,2,,0.0,0.9896,,-0.75,12.25,,15,12,,UNKNOWN
1790644739.202292,2,575,1,snr-greedy,7,2,,0.0053,0.988,,7.5,11.75,,15,13,,OFF
1790644739.8110986,10,592,1,snr-greedy,7,2,,0.9805,0.9853,,12.0,12.5,,15,14,,OFF
1790644741.5590587,8,568,0,snr-greedy,7,1,,0.9914,0.9704,,12.25,10.75,,16,14,,OFF
1790644744.560989,7,584,0,snr-greedy,7,2,,0.9925,0.9937,,12.5,13.0,,16,15,,OFF
1790644744.5619845,9,570,0,snr-greedy,7,1,,0.9942,0.9925,,13.25,12.5,,17,15,,OFF
1790644745.655677,5,593,1,snr-greedy,7,2,,0.9925,0.9932,,12.5,12.75,,17,16,,OFF
1790644746.2594945,1,594,1,snr-greedy,7,1,,0.9932,0.9913,,12.75,12.25,,18,16,,OFF
1790644749.74465,3,593,1,snr-greedy,7,1,,0.9925,0.9925,,12.5,12.5,,19,16,,OFF
1790644750.0702841,4,588,1,snr-greedy,7,2,,0.9924,0.9925,,12.5,12.5,,19,17,,OFF
1790644750.5728703,6,592,1,snr-greedy,7,1,,0.9933,0.9914,,12.75,12.25,,20,17,,OFF
1790644751.8112926,2,576,1,snr-greedy,7,2,,0.993,0.9932,,12.75,12.75,,20,18,,OFF
1790644752.3088741,8,569,1,snr-greedy,7,2,,0.992,0.9941,,12.5,13.5,,20,19,,OFF
1790644753.5198555,10,593,1,snr-greedy,7,2,,0.9925,0.9944,,12.5,13.5,,20,20,,OFF
1790644754.484567,9,571,1,snr-greedy,7,2,,0.9933,0.9942,,12.75,13.25,,19,21,,OFF
1790644755.1859298,7,585,1,snr-greedy,7,2,,0.9914,0.9925,,12.25,12.5,,19,22,,OFF
1790644759.457059,5,594,1,snr-greedy,7,1,,0.9872,0.9853,,12.5,12.5,,18,21,,OFF
1790644762.7487974,3,594,1,snr-greedy,7,2,,0.9925,0.9937,,12.5,13.0,,18,21,,OFF
1790644763.9954453,6,593,1,snr-greedy,7,2,,0.0,0.0008,,4.0,6.75,,16,22,,OFF
1790644764.5133717,2,577,1,snr-greedy,7,1,,0.9925,0.9925,,12.5,12.5,,17,22,,OFF
1790644764.5773058,1,595,0,snr-greedy,7,1,,0.9932,0.9924,,12.75,12.5,,18,22,,OFF
1790644766.575581,8,570,1,snr-greedy,7,2,,0.9915,0.9933,,12.25,12.75,,18,22,,OFF
1790644767.4572608,10,594,1,snr-greedy,7,2,,0.9925,0.9944,,12.5,13.5,,18,22,,OFF
1790644767.880061,7,586,1,snr-greedy,7,1,,0.9932,0.9933,,12.75,12.75,,19,21,,OFF
1790644769.227887,9,572,1,snr-greedy,7,2,,0.9926,0.9939,,12.5,13.0,,18,22,,OFF
1790644774.0037508,5,595,1,snr-greedy,7,2,,0.8689,0.8689,,12.5,12.5,,17,21,,OFF
1790644775.8803003,3,595,1,snr-greedy,7,2,,0.9915,0.9925,,12.25,12.5,,17,22,,OFF
1790644777.4175568,6,594,1,snr-greedy,7,2,,0.9915,0.9938,,12.25,13.0,,17,22,,OFF
1790644779.5923913,1,596,0,snr-greedy,7,1,,0.9938,0.9901,,13.0,12.0,,17,21,,OFF
1790644779.8456237,4,590,1,snr-greedy,7,1,,0.0,0.0,,2.25,-2.0,,18,21,,OFF
1790644780.1777353,8,571,1,snr-greedy,7,1,,0.985,0.9397,,11.5,11.25,,19,21,,OFF
1790644781.4108715,10,595,1,snr-greedy,7,2,,0.9925,0.9941,,12.5,13.25,,19,21,,OFF
1790644782.1984212,9,573,1,snr-greedy,7,1,,0.9942,0.9942,,13.25,13.25,,19,21,,OFF
1790644783.7782445,7,587,1,snr-greedy,7,1,,0.9901,0.9901,,12.0,12.0,,20,21,,ON
1790644785.595603,2,578,0,snr-greedy,7,1,,0.9937,0.9901,,13.0,12.0,,21,20,,ON
1790644789.0750418,3,596,1,snr-greedy,7,1,,0.9915,0.9883,,12.25,11.75,,21,20,,OFF
1790644789.6040435,1,597,1,snr-greedy,7,1,,0.0029,0.0004,,7.25,6.5,,21,20,,OFF
1790644791.6210585,6,595,1,snr-greedy,7,2,,0.9915,0.9925,,12.25,12.5,,19,21,,OFF
1790644792.9516826,8,572,1,snr-greedy,7,2,,0.9938,0.9938,,13.0,13.0,,19,22,,OFF
1790644793.982474,4,591,1,snr-greedy,7,1,,0.9913,0.9899,,12.25,12.0,,19,22,,OFF
1790644795.1420143,10,596,1,snr-greedy,7,2,,0.9933,0.9938,,12.75,13.0,,19,23,,OFF
1790644795.62388,5,596,0,snr-greedy,7,1,,0.9933,0.9933,,13.0,13.0,,20,23,,OFF
1790644796.0344572,9,574,1,snr-greedy,7,1,,0.9943,0.9942,,13.5,13.25,,20,23,,OFF
1790644796.5398343,2,579,1,snr-greedy,7,2,,0.0004,0.9942,,6.5,13.25,,20,24,,OFF
1790644802.9147556,3,597,1,snr-greedy,7,1,,0.9925,0.9926,,12.5,12.5,,20,21,,OFF
1790644804.5536263,1,598,1,snr-greedy,7,1,,0.9942,0.9924,,13.25,12.5,,21,21,,OFF
1790644805.3485746,5,597,1,snr-greedy,7,1,,0.8638,0.0905,,10.0,8.75,,21,20,,OFF
1790644805.7607617,6,596,1,snr-greedy,7,1,,0.9925,0.9913,,12.5,12.25,,22,19,,OFF
1790644807.9088812,4,592,1,snr-greedy,7,1,,0.9937,0.9931,,13.0,12.75,,22,19,,OFF
1790644809.150742,10,597,1,snr-greedy,7,2,,0.9931,0.9938,,12.75,13.0,,22,20,,OFF
1790644809.8620906,9,575,1,snr-greedy,7,1,,0.9926,0.9925,,12.5,12.5,,22,20,,OFF
1790644811.5735846,7,589,1,snr-greedy,7,1,,0.9932,0.9931,,12.75,12.75,,22,19,,OFF
1790644812.0265677,2,580,1,snr-greedy,7,2,,0.9914,0.9915,,12.25,12.25,,22,19,,OFF
1790644816.8175097,3,598,1,snr-greedy,7,2,,0.9925,0.9925,,12.5,12.5,,22,16,,OFF
1790644819.8191864,5,598,1,snr-greedy,7,1,,0.0,0.0,,1.25,0.0,,22,16,,OFF
1790644820.3861573,1,599,1,snr-greedy,7,1,,0.9938,0.99,,13.0,12.0,,23,16,,OFF
1790644821.7578902,8,574,1,snr-greedy,7,2,,0.9938,0.9942,,13.0,13.25,,23,17,,OFF
1790644822.0745113,6,597,1,snr-greedy,7,2,,0.9915,0.9915,,12.25,12.25,,23,18,,OFF
1790644823.7773764,9,576,1,snr-greedy,7,1,,0.8943,0.8689,,13.25,12.5,,24,17,,OFF
1790644825.5370786,7,590,1,snr-greedy,7,2,,0.9901,0.9925,,12.0,12.5,,22,17,,OFF
1790644827.700467,2,581,1,snr-greedy,7,2,,0.9925,0.9932,,12.5,12.75,,22,16,,OFF
1790644828.6399412,10,598,0,snr-greedy,7,2,,0.0,0.0,,0.5,2.25,,21,17,,OFF
1790644829.536951,3,599,1,snr-greedy,7,2,,0.9933,0.9933,,12.75,12.75,,21,17,,OFF
1790644829.641157,4,593,0,snr-greedy,7,1,,0.9923,0.9901,,12.5,12.0,,22,17,,OFF
1790644833.5993855,5,599,1,snr-greedy,7,1,,0.9915,0.9899,,12.25,12.0,,23,17,,ON
1790644834.967336,6,598,1,snr-greedy,7,1,,0.016,0.0,,6.75,4.0,,24,16,,ON
1790644837.606864,9,577,1,snr-greedy,7,1,,0.9932,0.9925,,12.75,12.5,,25,14,,OFF
1790644838.546991,10,599,1,snr-greedy,7,2,,0.9901,0.9941,,12.0,13.25,,25,15,,OFF
1790644839.7560575,7,591,1,snr-greedy,7,1,,0.9925,0.9924,,12.5,12.5,,25,15,,OFF
1790644840.4711492,2,582,1,snr-greedy,7,1,,0.9932,0.9924,,12.75,12.5,,24,15,,OFF
1790644842.1069252,3,600,1,snr-greedy,7,1,,0.9932,0.9932,,12.75,12.75,,25,14,,OFF
1790644845.6498845,4,594,0,snr-greedy,7,1,,0.9923,0.9912,,12.5,12.25,,23,14,,OFF
1790644847.5488355,6,599,1,snr-greedy,7,1,,0.9939,0.9928,,13.25,12.75,,24,14,,OFF
1790644848.0535238,5,600,1,snr-greedy,7,1,,0.9925,0.9925,,12.5,12.5,,25,14,,OFF
1790644851.0315523,8,576,1,snr-greedy,7,1,,0.0029,0.0,,7.25,1.5,,24,14,,OFF
1790644851.4298317,9,578,1,snr-greedy,7,2,,0.9868,0.9929,,12.5,12.75,,24,15,,OFF
1790644852.1330125,1,601,1,snr-greedy,7,1,,0.9915,0.99,,12.25,12.0,,25,14,,OFF
1790644853.5082939,7,592,1,snr-greedy,7,2,,0.7847,0.9752,,9.5,11.0,,25,14,,OFF
1790644855.0037932,4,595,1,snr-greedy,7,1,,0.9924,0.9923,,12.5,12.5,,25,14,,OFF
1790644856.4333992,3,601,1,snr-greedy,7,1,,0.9932,0.9933,,12.75,12.75,,24,13,,OFF
1790644859.655892,2,583,0,snr-greedy,7,1,,0.9942,0.9938,,13.25,13.0,,25,12,,OFF
1790644863.3016505,6,600,1,snr-greedy,7,2,,0.0,0.0001,,4.0,5.0,,24,13,,OFF
1790644863.8502703,5,601,1,snr-greedy,7,2,,0.9932,0.9932,,12.75,12.75,,24,14,,OFF
1790644864.3312182,8,577,1,snr-greedy,7,1,,0.9915,0.9914,,12.25,12.25,,25,14,,OFF
1790644864.8688722,1,602,1,snr-greedy,7,1,,0.9933,0.9925,,12.75,12.5,,25,14,,OFF
1790644865.2861454,9,579,1,snr-greedy,7,2,,0.9914,0.9932,,12.25,12.75,,25,15,,OFF
1790644865.895183,10,601,1,snr-greedy,7,1,,0.9933,0.0302,,12.75,7.0,,24,15,,OFF
1790644866.9206657,7,593,1,snr-greedy,7,1,,0.9925,0.9924,,12.5,12.5,,25,15,,OFF
1790644868.749969,4,596,1,snr-greedy,7,2,,0.9901,0.9915,,12.0,12.25,,24,16,,OFF
1790644869.891619,2,584,1,snr-greedy,7,2,,0.9925,0.9932,,12.5,12.75,,23,16,,OFF
1790644870.9926026,3,602,1,snr-greedy,7,2,,0.9932,0.9933,,12.75,12.75,,23,17,,OFF
1790644876.936626,8,578,1,snr-greedy,7,2,,0.9933,0.9942,,12.75,13.25,,22,16,,OFF
1790644877.448581,6,601,1,snr-greedy,7,2,,0.9925,0.9925,,12.5,12.5,,22,17,,OFF
1790644878.4511995,1,603,1,snr-greedy,7,2,,0.9912,0.9925,,12.25,12.5,,22,18,,OFF
1790644878.7538388,9,580,1,snr-greedy,7,1,,0.9924,0.991,,12.5,12.25,,23,18,,OFF
1790644879.3968606,10,602,1,snr-greedy,7,2,,0.9933,0.9942,,12.75,13.25,,23,19,,OFF
1790644880.107788,7,594,1,snr-greedy,7,1,,0.9933,0.9915,,12.75,12.25,,23,19,,OFF
1790644883.0695019,2,585,1,snr-greedy,7,1,,0.8535,0.9915,,12.25,12.25,,23,17,,ON
1790644883.6776972,5,602,0,snr-greedy,7,2,,0.9899,0.9913,,12.0,12.25,,23,18,,ON
1790644884.619361,3,603,1,snr-greedy,7,2,,0.8535,0.9924,,12.25,12.5,,22,19,,UNKNOWN
1790644888.6811922,4,597,0,snr-greedy,7,2,,0.9899,0.9932,,12.0,12.75,,22,17,,OFF
1790644889.5447545,8,579,1,snr-greedy,7,2,,0.9942,0.9944,,13.25,13.5,,22,17,,OFF
1790644891.37443,6,602,1,snr-greedy,7,2,,0.9901,0.9915,,12.0,12.25,,21,18,,OFF
1790644892.1802049,1,604,1,snr-greedy,7,2,,0.9901,0.9916,,12.0,12.25,,21,19,,OFF
1790644892.5013127,10,603,1,snr-greedy,7,2,,0.9915,0.9938,,12.25,13.0,,21,20,,OFF
1790644894.0309,7,595,1,snr-greedy,7,2,,0.9925,0.9925,,12.5,12.5,,20,21,,OFF
1790644894.356117,5,603,1,snr-greedy,7,1,,0.9911,0.99,,12.25,12.0,,21,21,,OFF
1790644896.7018516,2,586,1,snr-greedy,7,1,,0.9925,0.9926,,12.5,12.5,,21,21,,OFF
1790644897.6853824,9,581,0,snr-greedy,7,2,,0.9925,0.9926,,12.5,12.5,,20,22,,OFF
1790644898.0191846,3,604,1,snr-greedy,7,2,,0.9915,0.9942,,12.25,13.25,,20,23,,OFF
1790644899.24186,4,598,1,snr-greedy,7,2,,0.9898,0.9912,,12.0,12.25,,20,23,,OFF
1790644903.2755635,8,580,1,snr-greedy,7,1,,0.9942,0.9933,,13.25,12.75,,18,23,,OFF
1790644905.7033474,10,604,1,snr-greedy,7,2,,0.9924,0.9943,,12.5,13.5,,17,24,,OFF
1790644906.091496,1,605,1,snr-greedy,7,2,,0.0095,0.0458,,7.75,8.5,,17,25,,OFF
1790644907.3429759,9,582,1,snr-greedy,7,1,,0.9915,0.9914,,12.25,12.25,,18,25,,OFF
1790644907.7494552,5,604,1,snr-greedy,7,2,,0.9932,0.9931,,12.75,12.75,,17,26,,OFF
1790644909.4023542,7,596,1,snr-greedy,7,2,,0.9901,0.9925,,12.0,12.5,,16,27,,OFF
1790644910.8236818,2,587,1,snr-greedy,7,2,,0.1644,0.9914,,8.75,12.25,,16,28,,OFF
1790644911.714553,6,603,0,snr-greedy,7,1,,0.9914,0.9914,,12.25,12.25,,16,27,,OFF
1790644912.457294,4,599,1,snr-greedy,7,1,,0.9925,0.9924,,12.5,12.5,,16,27,,OFF
1790644916.7184534,3,605,0,snr-greedy,7,1,,0.9925,0.9902,,12.5,12.0,,15,26,,OFF
1790644919.850284,8,581,1,snr-greedy,7,1,,0.8822,0.8961,,10.0,10.0,,15,26,,OFF
1790644920.1376016,1,606,1,snr-greedy,7,1,,0.1184,0.0,,9.0,3.0,,16,26,,OFF
1790644920.9929917,9,583,1,snr-greedy,7,2,,0.9915,0.9925,,12.25,12.5,,16,27,,OFF
1790644921.2891388,5,605,1,snr-greedy,7,2,,0.9933,0.9932,,12.75,12.75,,16,28,,OFF
1790644921.701993,6,604,1,snr-greedy,7,1,,0.9915,0.9901,,12.25,12.0,,17,28,,OFF
1790644924.1336858,7,597,1,snr-greedy,7,1,,0.9932,0.8638,,12.75,12.25,,18,26,,OFF
1790644924.723176,10,605,0,snr-greedy,7,1,,0.9924,0.0,,12.5,0.75,,18,26,,OFF
1790644926.0798173,3,606,1,snr-greedy,7,2,,0.9914,0.9925,,12.25,12.5,,16,26,,OFF
1790644966.135536,1,609,1,round-robin,7,1,,0.9926,0.9932,,nan,nan,,1,0,,OFF
1790644966.4350863,5,608,1,round-robin,7,1,,0.9933,0.9925,,nan,nan,,2,0,,OFF
1790644967.8425093,10,608,1,round-robin,7,1,,0.0956,0.6026,,nan,nan,,3,0,,OFF
1790644968.454796,6,607,1,round-robin,7,1,,0.9882,0.9938,,nan,nan,,4,0,,OFF
1790644968.8940325,9,586,1,round-robin,7,1,,0.9915,0.9938,,nan,nan,,5,0,,OFF
1790644970.1503248,2,591,1,round-robin,7,1,,0.9902,0.9901,,nan,nan,,6,0,,OFF
1790644970.9276285,3,609,1,round-robin,7,1,,0.9915,0.9925,,nan,nan,,7,0,,OFF
1790644973.2086596,7,600,0,round-robin,7,1,,0.9878,0.9899,,nan,nan,,8,0,,OFF
1790644973.920255,4,603,1,round-robin,7,1,,0.9901,0.9901,,nan,nan,,9,0,,OFF
1790644979.4238195,1,610,1,round-robin,7,2,,0.0016,0.9938,,nan,nan,,9,1,,OFF
1790644979.7240024,8,585,1,round-robin,7,1,,0.9942,0.9855,,nan,nan,,10,1,,OFF
1790644980.663413,5,609,1,round-robin,7,2,,0.9925,0.9925,,nan,nan,,10,2,,OFF
1790644982.3172994,9,587,1,round-robin,7,2,,0.9901,0.9933,,nan,nan,,10,3,,OFF
1790644982.9156659,2,592,1,round-robin,7,2,,0.9931,0.9923,,nan,nan,,10,4,,OFF
1790644983.8282156,7,601,1,round-robin,7,2,,0.0,0.9925,,nan,nan,,10,5,,OFF
1790644984.2399092,3,610,1,round-robin,7,2,,0.9925,0.9925,,nan,nan,,10,6,,OFF
1790644986.2158823,6,608,0,round-robin,7,2,,0.9915,0.9938,,nan,nan,,10,7,,OFF
1790644987.2177334,10,609,0,round-robin,7,2,,0.9833,0.9841,,nan,nan,,10,8,,UNKNOWN
1790644987.6467288,4,604,1,round-robin,7,2,,0.9914,0.9914,,nan,nan,,10,9,,UNKNOWN
1790644993.1422503,8,586,1,round-robin,7,2,,0.9938,0.9938,,nan,nan,,10,10,,OFF
1790644993.6710603,5,610,1,round-robin,7,1,,0.9937,0.9932,,nan,nan,,11,10,,OFF
1790644996.1253896,6,609,1,round-robin,7,1,,0.9929,0.992,,nan,nan,,12,10,,OFF
1790644997.5555403,10,610,1,round-robin,7,1,,0.0,0.0,,nan,nan,,13,10,,OFF
1790645000.037362,7,602,1,round-robin,7,1,,0.9933,0.9901,,nan,nan,,14,10,,OFF
1790645001.1423924,4,605,1,round-robin,7,1,,0.9914,0.9901,,nan,nan,,15,10,,OFF
1790645001.2271023,1,611,0,round-robin,7,1,,0.0,0.0,,nan,nan,,16,10,,OFF
1790645001.227868,9,588,0,round-robin,7,1,,0.9914,0.9901,,nan,nan,,17,10,,OFF
1790645003.2303793,3,611,0,round-robin,7,1,,0.9933,0.9933,,nan,nan,,18,10,,OFF
1790645007.9156523,5,611,1,round-robin,7,2,,0.9921,0.994,,nan,nan,,18,11,,OFF
1790645011.095732,2,594,1,round-robin,7,1,,0.9925,0.9925,,nan,nan,,19,11,,OFF
1790645011.6879404,1,612,1,round-robin,7,2,,0.9925,0.99,,nan,nan,,19,12,,OFF
1790645012.912186,3,612,1,round-robin,7,2,,0.9924,0.9932,,nan,nan,,19,13,,OFF
1790645013.233893,8,587,0,round-robin,7,1,,0.9926,0.9926,,nan,nan,,20,13,,OFF
1790645013.4436615,10,611,1,round-robin,7,2,,0.9925,0.9933,,nan,nan,,20,14,,OFF
1790645014.0441437,4,606,1,round-robin,7,2,,0.0004,0.5256,,nan,nan,,20,15,,OFF
1790645019.2369392,7,603,0,round-robin,7,2,,0.0,0.9901,,nan,nan,,20,16,,OFF
1790645023.876023,2,595,1,round-robin,7,2,,0.8943,0.9933,,nan,nan,,20,17,,OFF
1790645024.4903514,5,612,1,round-robin,7,1,,0.9924,0.9924,,nan,nan,,21,17,,OFF
1790645025.5087078,1,613,1,round-robin,7,1,,0.0,0.0,,nan,nan,,22,17,,OFF
1790645026.2152622,6,611,1,round-robin,7,2,,0.0001,0.0,,nan,nan,,21,18,,OFF
1790645026.730558,4,607,1,round-robin,7,1,,0.8707,0.8535,,nan,nan,,21,18,,OFF
1790645027.3765106,10,612,1,round-robin,7,1,,0.9914,0.9942,,nan,nan,,22,18,,OFF
1790645029.2407837,8,588,0,round-robin,7,2,,0.9938,0.9925,,nan,nan,,19,19,,OFF
1790645029.6992817,7,604,1,round-robin,7,1,,0.9925,0.9925,,nan,nan,,20,19,,OFF
1790645036.7642019,2,596,1,round-robin,7,1,,0.993,0.9901,,nan,nan,,17,19,,ON
1790645038.080578,1,614,1,round-robin,7,2,,0.0,0.9896,,nan,nan,,17,20,,ON
1790645038.5882876,5,613,1,round-robin,7,2,,0.9924,0.9933,,nan,nan,,17,21,,ON
1790645040.1346843,10,613,1,round-robin,7,2,,0.9879,0.989,,nan,nan,,16,21,,OFF
1790645040.6694822,3,614,1,round-robin,7,1,,0.9942,0.9942,,nan,nan,,17,20,,OFF
1790645042.2977078,9,591,1,round-robin,7,2,,0.8689,0.0526,,nan,nan,,17,21,,OFF
1790645045.2460637,4,608,0,round-robin,7,2,,0.0,0.0062,,nan,nan,,17,18,,OFF
1790645045.247148,6,612,0,round-robin,7,1,,0.0001,0.0008,,nan,nan,,18,18,,OFF
1790645048.249408,7,605,0,round-robin,7,2,,0.9925,0.9925,,nan,nan,,18,16,,OFF
1790645051.6467054,2,597,1,round-robin,7,2,,0.9915,0.9915,,nan,nan,,18,17,,OFF
1790645052.0548553,1,615,1,round-robin,7,1,,0.8887,0.8689,,nan,nan,,19,17,,OFF
1790645054.2860618,10,614,1,round-robin,7,1,,0.9933,0.9942,,nan,nan,,19,16,,OFF
1790645055.0302205,8,590,1,round-robin,7,1,,0.9888,0.9894,,nan,nan,,20,16,,OFF
1790645057.2521477,5,614,0,round-robin,7,1,,0.9925,0.9901,,nan,nan,,20,16,,OFF
1790645058.703817,7,606,1,round-robin,7,1,,0.9913,0.9932,,nan,nan,,20,16,,OFF
1790645060.2553952,3,615,0,round-robin,7,2,,0.9944,0.9933,,nan,nan,,19,17,,OFF
1790645061.2575634,4,609,0,round-robin,7,1,,0.0,0.0001,,nan,nan,,17,17,,OFF
1790645061.2581468,9,592,0,round-robin,7,1,,0.9885,0.0526,,nan,nan,,18,17,,OFF
1790645061.25931,6,613,0,round-robin,7,2,,0.989,0.9867,,nan,nan,,18,18,,OFF
1790645065.2423155,2,598,1,round-robin,7,1,,0.9931,0.9933,,nan,nan,,18,18,,OFF
1790645067.3993495,10,615,1,round-robin,7,2,,0.0,0.0,,nan,nan,,18,19,,OFF
1790645067.9050658,1,616,1,round-robin,7,2,,0.9481,0.8821,,nan,nan,,18,20,,OFF
1790645068.4161022,5,615,1,round-robin,7,2,,0.9925,0.9938,,nan,nan,,18,20,,OFF
1790645070.0613568,3,616,1,round-robin,7,1,,0.9938,0.9924,,nan,nan,,19,20,,OFF
1790645071.3957186,6,614,1,round-robin,7,1,,0.9898,0.9932,,nan,nan,,19,20,,OFF
1790645071.7867386,9,593,1,round-robin,7,2,,0.0,0.2255,,nan,nan,,19,20,,OFF
1790645072.099102,7,607,1,round-robin,7,2,,0.9875,0.9925,,nan,nan,,19,21,,OFF
1790645077.2644093,4,610,0,round-robin,7,2,,0.7741,0.0001,,nan,nan,,18,19,,OFF
1790645079.3610482,2,599,1,round-robin,7,2,,0.9915,0.9915,,nan,nan,,18,19,,OFF
1790645081.3515544,5,616,1,round-robin,7,1,,0.0328,0.0,,nan,nan,,19,19,,OFF
1790645081.9128623,1,617,1,round-robin,7,1,,0.9933,0.99,,nan,nan,,20,19,,OFF
1790645082.7542078,3,617,1,round-robin,7,2,,0.9933,0.9914,,nan,nan,,20,20,,OFF
1790645084.4159484,8,592,1,round-robin,7,2,,0.9925,0.9933,,nan,nan,,20,20,,OFF
1790645085.936098,6,615,1,round-robin,7,2,,0.0,0.9509,,nan,nan,,18,21,,ON
1790645086.2635942,9,594,1,round-robin,7,1,,0.8887,0.0,,nan,nan,,19,20,,ON
1790645086.6251612,4,611,1,round-robin,7,1,,0.9912,0.991,,nan,nan,,20,20,,ON
1790645087.269078,10,616,0,round-robin,7,1,,0.8535,0.8974,,nan,nan,,20,20,,ON
1790645092.0568297,2,600,1,round-robin,7,1,,0.0,0.9925,,nan,nan,,19,19,,ON
1790645094.124037,5,617,1,round-robin,7,2,,0.0,0.9878,,nan,nan,,19,20,,UNKNOWN
1790645094.9389763,1,618,1,round-robin,7,2,,0.9933,0.99,,nan,nan,,19,21,,OFF
1790645097.1830595,3,618,1,round-robin,7,1,,0.9938,0.9926,,nan,nan,,19,21,,OFF
1790645097.8110561,10,617,1,round-robin,7,2,,0.9925,0.9938,,nan,nan,,19,22,,OFF
1790645098.5368297,8,593,1,round-robin,7,1,,0.9925,0.9933,,nan,nan,,20,21,,OFF
1790645099.0573604,6,616,1,round-robin,7,1,,0.9929,0.9938,,nan,nan,,21,20,,OFF
1790645100.8125732,7,609,1,round-robin,7,1,,0.9924,0.9932,,nan,nan,,21,19,,OFF
1790645102.4318967,9,595,1,round-robin,7,2,,0.9923,0.0,,nan,nan,,21,19,,OFF
1790645102.7228596,4,612,1,round-robin,7,2,,0.9913,0.9912,,nan,nan,,21,20,,OFF
1790645106.3086298,2,601,1,round-robin,7,2,,0.9925,0.9926,,nan,nan,,20,20,,OFF
1790645108.0471835,5,618,1,round-robin,7,1,,0.0,0.0,,nan,nan,,21,20,,OFF
1790645108.562808,1,619,1,round-robin,7,1,,0.9925,0.99,,nan,nan,,22,19,,OFF
1790645109.9251432,3,619,1,round-robin,7,2,,0.9938,0.9915,,nan,nan,,22,20,,OFF
1790645111.2138402,8,594,1,round-robin,7,2,,0.9924,0.9916,,nan,nan,,22,21,,OFF
1790645112.1558576,6,617,1,round-robin,7,2,,0.0318,0.0,,nan,nan,,21,21,,OFF
1790645114.0892951,7,610,1,round-robin,7,2,,0.9925,0.9925,,nan,nan,,21,22,,OFF
1790645117.073211,4,613,1,round-robin,7,1,,0.9913,0.9899,,nan,nan,,20,22,,OFF
1790645117.6549823,9,596,1,round-robin,7,1,,0.9915,0.9938,,nan,nan,,20,22,,OFF
1790645120.7614956,2,602,1,round-robin,7,1,,0.9938,0.9932,,nan,nan,,20,21,,OFF
1790645122.0972676,5,619,1,round-robin,7,2,,0.9933,0.9925,,nan,nan,,18,21,,OFF
1790645123.2847958,3,620,1,round-robin,7,1,,0.9925,0.9916,,nan,nan,,19,21,,OFF
1790645124.2419753,1,620,1,round-robin,7,2,,0.9933,0.9914,,nan,nan,,19,22,,OFF
1790645125.4806519,8,595,1,round-robin,7,1,,0.9925,0.9933,,nan,nan,,19,22,,OFF
1790645125.8677158,6,618,1,round-robin,7,1,,0.9912,0.994,,nan,nan,,20,22,,OFF
1790645128.3533094,10,619,1,round-robin,7,1,,0.9931,0.9933,,nan,nan,,21,20,,OFF
1790645129.4431636,7,611,1,round-robin,7,1,,0.9901,0.9933,,nan,nan,,22,19,,OFF
1790645132.4293103,4,614,1,round-robin,7,2,,0.9923,0.9913,,nan,nan,,20,18,,OFF
1790645132.8264966,9,597,1,round-robin,7,2,,0.9943,0.9857,,nan,nan,,20,19,,OFF
1790645135.3896077,2,603,1,round-robin,7,2,,0.9942,0.9937,,nan,nan,,20,20,,OFF
1790645136.5143445,5,620,1,round-robin,7,1,,0.9932,0.9932,,nan,nan,,21,20,,OFF
1790645136.8446114,1,621,1,round-robin,7,1,,0.9874,0.9793,,nan,nan,,22,20,,OFF
1790645137.4220495,3,621,1,round-robin,7,2,,0.9942,0.9914,,nan,nan,,22,20,,OFF
1790645138.234373,8,596,1,round-robin,7,2,,0.9937,0.9942,,nan,nan,,22,21,,OFF
1790645141.5877168,6,619,1,round-robin,7,2,,0.4343,0.0,,nan,nan,,21,21,,OFF
1790645145.6294482,7,612,1,round-robin,7,2,,0.9914,0.9902,,nan,nan,,20,20,,OFF
1790645146.5725136,4,615,1,round-robin,7,1,,0.9914,0.99,,nan,nan,,20,19,,OFF
1790645146.850727,9,598,1,round-robin,7,1,,0.9936,0.9931,,nan,nan,,20,19,,OFF
1790645147.2950897,10,620,0,round-robin,7,2,,0.9926,0.9926,,nan,nan,,19,20,,OFF
1790645149.2124662,2,604,1,round-robin,7,1,,0.9933,0.9926,,nan,nan,,20,20,,OFF
1790645149.949277,5,621,1,round-robin,7,2,,0.0,0.9941,,nan,nan,,20,21,,OFF
1790645150.351268,1,622,1,round-robin,7,2,,0.9932,0.9912,,nan,nan,,20,22,,OFF
1790645151.982435,3,622,1,round-robin,7,1,,0.9937,0.9925,,nan,nan,,21,22,,OFF
1790645156.27073,6,620,1,round-robin,7,1,,0.9925,0.9933,,nan,nan,,21,20,,OFF
1790645157.1953113,10,621,1,round-robin,7,1,,0.9924,0.9937,,nan,nan,,21,20,,OFF
1790645158.3016858,8,597,0,round-robin,7,1,,0.9926,0.9933,,nan,nan,,22,19,,OFF
1790645159.857961,4,616,1,round-robin,7,2,,0.9916,0.99,,nan,nan,,20,20,,OFF
1790645161.0817027,7,613,1,round-robin,7,1,,0.9853,0.9853,,nan,nan,,20,20,,OFF
1790645163.451099,2,605,1,round-robin,7,2,,0.0,0.9822,,nan,nan,,20,19,,OFF
1790645163.9736357,5,622,1,round-robin,7,1,,0.0,0.0,,nan,nan,,21,19,,OFF
1790645165.904796,3,623,1,round-robin,7,2,,0.9915,0.9914,,nan,nan,,21,20,,OFF
1790645166.3063507,9,599,0,round-robin,7,2,,0.9942,0.9933,,nan,nan,,21,21,,OFF
1790645167.975577,8,598,1,round-robin,7,2,,0.9915,0.9933,,nan,nan,,21,21,,OFF
1790645169.3091533,1,623,0,round-robin,7,1,,0.9915,0.9914,,nan,nan,,20,21,,OFF
1790645171.1447058,6,621,1,round-robin,7,2,,0.9925,0.9915,,nan,nan,,20,21,,OFF
1790645171.7395072,10,622,1,round-robin,7,2,,0.9938,0.9938,,nan,nan,,20,21,,OFF
1790645172.766413,4,617,1,round-robin,7,1,,0.9856,0.9882,,nan,nan,,21,20,,OFF
1790645176.266904,9,600,1,round-robin,7,1,,0.9942,0.9943,,nan,nan,,22,19,,OFF
1790645177.0483074,2,606,1,round-robin,7,1,,0.9921,0.9938,,nan,nan,,23,19,,OFF
1790645178.0749593,5,623,1,round-robin,7,2,,0.9943,0.9932,,nan,nan,,21,20,,OFF
1790645178.5919373,3,624,1,round-robin,7,1,,0.9938,0.9925,,nan,nan,,22,20,,OFF
1790645179.2990508,1,624,1,round-robin,7,2,,0.9901,0.9881,,nan,nan,,22,21,,OFF
1790645181.5935583,8,599,1,round-robin,7,1,,0.9925,0.9933,,nan,nan,,22,21,,OFF
1790645182.3159022,7,614,0,round-robin,7,2,,0.9915,0.9933,,nan,nan,,22,21,,OFF
1790645185.2469964,6,622,1,round-robin,7,1,,0.9902,0.9933,,nan,nan,,22,20,,OFF
1790645185.45437,10,623,1,round-robin,7,1,,0.9925,0.9941,,nan,nan,,23,20,,OFF
1790645186.725563,4,618,1,round-robin,7,2,,0.9914,0.9914,,nan,nan,,21,21,,OFF
1790645190.789484,2,607,1,round-robin,7,2,,0.9933,0.9942,,nan,nan,,19,22,,ON
1790645191.2215858,9,601,1,round-robin,7,2,,0.9933,0.9933,,nan,nan,,19,23,,ON
1790645191.743299,7,615,1,round-robin,7,1,,0.0,0.9915,,nan,nan,,20,23,,ON
1790645192.3015914,3,625,1,round-robin,7,2,,0.0,0.9878,,nan,nan,,20,24,,ON
1790645192.5459769,5,624,1,round-robin,7,1,,0.0,0.9924,,nan,nan,,21,23,,ON
1790645193.573656,1,625,1,round-robin,7,1,,0.0,0.9878,,nan,nan,,22,22,,ON
1790645194.7660887,8,600,1,round-robin,7,2,,0.9925,0.9916,,nan,nan,,22,23,,ON
1790645235.5225396,2,610,1,state-aware,7,1,,0.9933,0.9924,,0.9933,0.9924,,1,0,,OFF
1790645236.5490086,9,604,1,state-aware,7,2,,0.9942,0.9944,,0.9942,0.9944,,1,1,,OFF
1790645237.077595,3,628,1,state-aware,7,2,,0.9914,0.9915,,0.9914,0.9915,,1,2,,OFF
1790645237.8821828,5,627,1,state-aware,7,1,,0.9915,0.9915,,0.9915,0.9915,,2,2,,OFF
1790645239.1137881,8,603,1,state-aware,7,2,,0.9933,0.9938,,0.9933,0.9938,,2,3,,OFF
1790645241.4771538,1,628,1,state-aware,7,1,,0.9938,0.9914,,0.9938,0.9914,,3,3,,OFF
1790645244.1622262,10,627,1,state-aware,7,2,,0.9915,0.9942,,0.9915,0.9942,,3,4,,ON
1790645244.809752,7,618,0,state-aware,7,1,,0.989,0.9878,,0.989,0.9878,,4,4,,ON
1790645246.2768154,6,626,1,state-aware,7,2,,0.9901,0.9923,,0.9901,0.9923,,4,5,,UNKNOWN
1790645247.727996,4,622,1,state-aware,7,1,,0.9901,0.9882,,0.9901,0.9882,,5,5,,UNKNOWN
1790645249.1445844,2,611,1,state-aware,7,2,,0.9943,0.9941,,0.9286,0.9941,,5,6,,OFF
1790645249.9828837,3,629,1,state-aware,7,2,,0.0,0.0,,0.0,0.1,,5,7,,OFF
1790645252.3126614,5,628,1,state-aware,7,2,,0.8805,0.8804,,0.8337,0.8804,,5,8,,OFF
1790645254.5902286,7,619,1,state-aware,7,2,,0.9915,0.9925,,0.8929,0.9925,,5,9,,OFF
1790645255.7097971,1,629,1,state-aware,7,2,,0.9925,0.9914,,0.9271,0.9914,,5,10,,OFF
1790645255.8122377,9,605,0,state-aware,7,1,,0.9938,0.9926,,0.9938,0.9272,,6,10,,OFF
1790645256.8233244,10,628,1,state-aware,7,1,,0.9925,0.9933,,0.9925,0.9277,,7,10,,OFF
1790645257.813888,8,604,0,state-aware,7,1,,0.9942,0.9883,,0.9942,0.9236,,8,10,,OFF
1790645260.7358038,6,627,1,state-aware,7,1,,0.9924,0.9924,,0.9924,0.927,,9,10,,OFF
1790645261.229117,4,623,1,state-aware,7,2,,0.9825,0.9895,,0.9188,0.9895,,9,11,,OFF
1790645261.749328,2,612,1,state-aware,7,2,,0.9932,0.9938,,0.9277,0.9282,,9,12,,OFF
1790645263.0201907,3,630,1,state-aware,7,1,,0.9916,0.9926,,0.9916,0.9033,,10,12,,OFF
1790645265.6448572,9,606,1,state-aware,7,2,,0.9942,0.9938,,0.8951,0.9282,,10,13,,OFF
1790645265.9348361,5,629,1,state-aware,7,2,,0.9912,0.9921,,0.926,0.9267,,10,14,,OFF
1790645267.0814402,8,605,1,state-aware,7,2,,0.9941,0.9938,,0.8951,0.9282,,10,15,,OFF
1790645268.7168946,7,620,1,state-aware,7,2,,0.9898,0.99,,0.8915,0.925,,10,16,,OFF
1790645269.136234,1,630,1,state-aware,7,1,,0.9933,0.9931,,0.9277,0.9276,,11,16,,OFF
1790645271.1771865,10,629,1,state-aware,7,1,,0.9915,0.9901,,0.9263,0.9251,,12,16,,OFF
1790645274.863507,2,613,1,state-aware,7,1,,0.9915,0.9915,,0.9262,0.9025,,13,16,,OFF
1790645276.7954679,4,624,1,state-aware,7,1,,0.9914,0.99,,0.9262,0.8917,,14,16,,OFF
1790645277.7144046,3,631,1,state-aware,7,1,,0.9944,0.9932,,0.9286,0.9037,,15,16,,OFF
1790645279.8187132,6,628,0,state-aware,7,2,,0.9938,0.9942,,0.9281,0.9285,,15,17,,OFF
1790645279.886889,9,607,1,state-aware,7,2,,0.9914,0.99,,0.8928,0.9015,,15,18,,OFF
1790645280.3979065,5,630,1,state-aware,7,1,,0.9901,0.9939,,0.9251,0.9042,,16,18,,OFF
1790645281.4162729,7,621,1,state-aware,7,2,,0.9914,0.9925,,0.8928,0.9032,,16,19,,OFF
1790645282.0234427,1,631,1,state-aware,7,2,,0.9915,0.9926,,0.9025,0.9271,,16,20,,OFF
1790645285.5068016,10,630,1,state-aware,7,2,,0.9925,0.9925,,0.9032,0.9271,,16,21,,OFF
1790645286.8216224,8,606,0,state-aware,7,2,,0.9914,0.9926,,0.8929,0.9033,,16,22,,OFF
1790645288.072408,2,614,1,state-aware,7,2,,0.9901,0.9915,,0.9015,0.9025,,16,23,,OFF
1790645289.4085891,6,629,1,state-aware,7,1,,0.9938,0.9941,,0.9282,0.8472,,17,23,,OFF
1790645291.163313,3,632,1,state-aware,7,1,,0.9938,0.9914,,0.9042,0.9025,,18,23,,OFF
1790645291.9541714,4,625,1,state-aware,7,2,,0.9914,0.9914,,0.8453,0.8929,,18,24,,OFF
1790645293.4987264,9,608,1,state-aware,7,2,,0.9925,0.9926,,0.8938,0.8994,,18,25,,OFF
1790645294.62526,5,631,1,state-aware,7,1,,0.9939,0.9915,,0.9042,0.9025,,19,25,,OFF
1790645295.037477,7,622,1,state-aware,7,2,,0.9914,0.99,,0.8928,0.8978,,19,26,,OFF
1790645296.0564249,1,632,1,state-aware,7,2,,0.9914,0.9924,,0.9025,0.9031,,18,27,,OFF
1790645296.2801461,8,607,1,state-aware,7,1,,0.9938,0.9942,,0.8949,0.8253,,19,27,,OFF
1790645298.4356863,10,631,1,state-aware,7,2,,0.9901,0.9916,,0.9015,0.9025,,18,26,,OFF
1790645302.1962154,2,615,1,state-aware,7,2,,0.0,0.9259,,0.1943,0.8577,,17,26,,OFF
1790645302.7034407,6,630,1,state-aware,7,1,,0.9938,0.9941,,0.9041,0.8472,,18,26,,OFF
1790645306.89835,9,609,1,state-aware,7,2,,0.0,0.0,,0.0667,0.3534,,17,25,,OFF
1790645307.320828,3,633,1,state-aware,7,2,,0.9938,0.9915,,0.8251,0.9025,,17,26,,OFF
1790645307.5628123,5,632,1,state-aware,7,1,,0.0,0.0,,0.279,0.1943,,18,26,,OFF
1790645308.7500217,1,633,1,state-aware,7,2,,0.0,0.2668,,0.1943,0.4457,,17,27,,OFF
1790645309.2914422,7,623,1,state-aware,7,2,,0.9901,0.9925,,0.8917,0.9048,,17,27,,OFF
1790645310.9945934,8,608,1,state-aware,7,1,,0.9938,0.9938,,0.8584,0.8251,,18,26,,OFF
1790645311.6194544,10,632,1,state-aware,7,1,,0.9936,0.9937,,0.904,0.9001,,19,26,,OFF
1790645313.830313,4,626,0,state-aware,7,1,,0.9925,0.9925,,0.846,0.8003,,20,25,,OFF
1790645315.8396473,2,616,1,state-aware,7,2,,0.9942,0.9933,,0.9044,0.9052,,19,24,,OFF
1790645316.6646712,6,631,1,state-aware,7,1,,0.9933,0.9925,,0.8998,0.8461,,20,24,,OFF
1790645320.0338333,9,610,1,state-aware,7,2,,0.9933,0.9933,,0.8944,0.9147,,18,25,,OFF
1790645320.9267216,3,634,1,state-aware,7,2,,0.9938,0.9925,,0.8251,0.8993,,17,26,,OFF
1790645321.6392527,1,634,1,state-aware,7,2,,0.9924,0.9932,,0.9031,0.9052,,17,26,,OFF
1790645322.8160074,5,633,1,state-aware,7,2,,0.9901,0.9933,,0.8146,0.9038,,17,26,,OFF
1790645323.6347663,4,627,1,state-aware,7,1,,0.0,0.0002,,0.144,0.0916,,17,26,,OFF
1790645324.4471593,8,609,1,state-aware,7,1,,0.9926,0.9925,,0.8514,0.8243,,18,26,,OFF
1790645325.985515,10,633,1,state-aware,7,2,,0.9899,0.9925,,0.8977,0.8993,,18,25,,OFF
1790645330.1510072,2,617,1,state-aware,7,2,,0.9941,0.9932,,0.9044,0.9147,,17,24,,OFF
1790645331.120384,6,632,1,state-aware,7,1,,0.9938,0.9941,,0.9055,0.8472,,18,24,,OFF
1790645334.6587055,3,635,1,state-aware,7,2,,0.9903,0.9884,,0.8229,0.9025,,17,25,,OFF
1790645335.5065172,1,635,1,state-aware,7,2,,0.99,0.9914,,0.9014,0.9138,,16,26,,OFF
1790645336.3194299,4,628,1,state-aware,7,2,,0.9924,0.9924,,0.7768,0.8003,,16,27,,OFF
1790645337.111705,5,634,1,state-aware,7,2,,0.9926,0.9926,,0.816,0.8994,,15,28,,OFF
1790645338.5371978,8,610,1,state-aware,7,1,,0.9933,0.9938,,0.8597,0.8251,,15,28,,OFF
1790645339.3580167,7,625,1,state-aware,7,2,,0.9925,0.9941,,0.8937,0.9057,,15,29,,OFF
1790645339.8615117,9,611,0,state-aware,7,2,,0.9933,0.9943,,0.8944,0.9259,,15,29,,OFF
1790645342.443667,10,634,1,state-aware,7,1,,0.9914,0.9933,,0.8986,0.8163,,15,26,,OFF
1790645342.9475236,2,618,1,state-aware,7,2,,0.9938,0.9925,,0.9042,0.9251,,15,27,,OFF
1790645344.0834737,6,633,1,state-aware,7,1,,0.9925,0.9942,,0.9144,0.8473,,16,27,,OFF
1790645348.1710706,3,636,1,state-aware,7,2,,0.9933,0.9915,,0.8248,0.9138,,16,25,,OFF
1790645349.6222377,1,636,1,state-aware,7,2,,0.9901,0.9914,,0.9015,0.9246,,15,26,,OFF
1790645349.8042526,9,612,1,state-aware,7,1,,0.9944,0.9925,,0.8953,0.819,,16,26,,OFF
1790645350.8325617,5,635,1,state-aware,7,2,,0.9933,0.9938,,0.8163,0.9055,,16,27,,OFF
1790645351.5703764,8,611,1,state-aware,7,1,,0.9938,0.9926,,0.874,0.8244,,16,27,,OFF
1790645352.4607527,4,629,1,state-aware,7,1,,0.99,0.9899,,0.7754,0.7147,,17,26,,OFF
1790645354.613862,7,626,1,state-aware,7,1,,0.9924,0.9932,,0.8937,0.8147,,18,25,,OFF
1790645356.0053225,10,635,1,state-aware,7,1,,0.9913,0.9938,,0.9041,0.8166,,18,24,,OFF
1790645357.6976082,2,619,1,state-aware,7,1,,0.9938,0.99,,0.9042,0.818,,18,23,,OFF
1790645358.818126,6,634,1,state-aware,7,2,,0.9933,0.9925,,0.8164,0.8461,,18,23,,OFF
1790645361.873995,3,637,1,state-aware,7,2,,0.9933,0.9933,,0.8248,0.9255,,18,24,,OFF
1790645362.4194238,9,613,1,state-aware,7,1,,0.9938,0.9938,,0.8585,0.8196,,19,23,,OFF
1790645363.139658,1,637,1,state-aware,7,2,,0.9925,0.9924,,0.9032,0.9357,,18,24,,OFF
1790645364.362726,5,636,1,state-aware,7,2,,0.9915,0.9915,,0.8154,0.9138,,18,25,,OFF
1790645366.329546,4,630,1,state-aware,7,1,,0.9925,0.9924,,0.7991,0.7162,,19,25,,OFF
1790645369.5983014,10,636,1,state-aware,7,1,,0.9925,0.9925,,0.9143,0.8159,,19,21,,OFF
1790645370.9979873,2,620,1,state-aware,7,1,,0.9932,0.9937,,0.8998,0.8196,,19,21,,OFF
1790645372.465643,6,635,1,state-aware,7,2,,0.9938,0.9925,,0.8166,0.8393,,18,22,,OFF
1790645374.8800745,7,627,0,state-aware,7,2,,0.9932,0.9925,,0.8009,0.8144,,17,23,,OFF
1790645376.3599913,9,614,1,state-aware,7,1,,0.9932,0.9933,,0.8518,0.8194,,18,22,,OFF
1790645377.1492195,1,638,1,state-aware,7,2,,0.9931,0.9924,,0.9037,0.9455,,17,23,,OFF
1790645379.7308054,8,613,1,state-aware,7,1,,0.9938,0.9942,,0.874,0.8253,,18,23,,OFF
1790645382.6910188,4,631,1,state-aware,7,1,,0.9914,0.99,,0.715,0.7148,,19,20,,OFF
1790645383.405276,10,637,1,state-aware,7,1,,0.99,0.9933,,0.924,0.8164,,20,19,,OFF
1790645383.8842812,3,638,0,state-aware,7,1,,0.9938,0.9938,,0.8251,0.8196,,20,19,,OFF
1790645383.8850276,5,637,0,state-aware,7,2,,0.9925,0.9937,,0.8159,0.9257,,20,20,,OFF
1790645385.1376908,2,621,1,state-aware,7,2,,0.0,0.9933,,0.3534,0.8194,,19,21,,OFF
1790645387.8954318,6,636,1,state-aware,7,1,,0.9933,0.9933,,0.8164,0.7595,,20,20,,OFF
1790645389.6537921,9,615,1,state-aware,7,1,,0.9915,0.9938,,0.8587,0.8196,,21,20,,OFF
1790645389.9564946,1,639,1,state-aware,7,2,,0.99,0.9901,,0.9014,0.9533,,21,21,,OFF
1790645390.8982387,7,628,0,state-aware,7,2,,0.8535,0.9915,,0.7011,0.7283,,21,21,,OFF
1790645393.3413334,8,614,1,state-aware,7,1,,0.9915,0.9933,,0.8889,0.8248,,21,21,,ON
1790645394.078811,5,638,1,state-aware,7,2,,0.0001,0.0,,0.2646,0.4055,,21,22,,ON
1790645395.9155505,4,632,1,state-aware,7,2,,0.0,0.9854,,0.3428,0.7119,,21,21,,ON
1790645397.758847,10,638,1,state-aware,7,1,,0.9914,0.9925,,0.9353,0.8159,,22,19,,OFF
1790645398.1533406,2,622,1,state-aware,7,1,,0.9941,0.9933,,0.9057,0.8473,,23,19,,OFF
1790645401.339064,6,637,1,state-aware,7,1,,0.8804,0.9911,,0.7957,0.7582,,23,17,,OFF
1790645403.085273,1,640,1,state-aware,7,2,,0.9925,0.9914,,0.9032,0.9614,,22,17,,OFF
1790645405.936021,9,616,1,state-aware,7,2,,0.9924,0.9932,,0.7733,0.8193,,21,18,,OFF
1790645408.3934329,5,639,1,state-aware,7,2,,0.9693,0.8944,,0.803,0.8093,,21,18,,OFF
1790645409.628086,4,633,1,state-aware,7,1,,0.9924,0.9924,,0.7563,0.7312,,22,17,,OFF
1790645410.4804397,3,640,1,state-aware,7,1,,0.9933,0.9925,,0.8248,0.819,,22,17,,OFF
1790645411.056046,2,623,1,state-aware,7,1,,0.9938,0.9938,,0.915,0.8475,,23,16,,OFF
1790645412.4248486,10,639,1,state-aware,7,1,,0.9856,0.9901,,0.8198,0.8146,,23,16,,OFF
1790645413.9103665,8,615,0,state-aware,7,2,,0.9941,0.9938,,0.7891,0.8251,,22,17,,OFF
1790645414.2290707,6,638,1,state-aware,7,1,,0.994,0.9914,,0.8673,0.7584,,23,17,,OFF
1790645415.9926136,1,641,1,state-aware,7,2,,0.9914,0.9923,,0.9025,0.9681,,22,18,,OFF
1790645417.6013563,7,630,1,state-aware,7,1,,0.9929,0.9944,,0.8007,0.7296,,22,18,,OFF
1790645419.8702023,9,617,1,state-aware,7,2,,0.9924,0.9938,,0.7733,0.8475,,21,18,,OFF
1790645422.5136535,5,640,1,state-aware,7,2,,0.9915,0.9925,,0.8154,0.8719,,20,18,,OFF
1790645423.664867,3,641,1,state-aware,7,1,,0.9938,0.8689,,0.8344,0.7675,,21,17,,OFF
1790645424.8640146,8,616,1,state-aware,7,1,,0.9933,0.9933,,0.7888,0.7453,,22,16,,OFF
1790645426.8207154,2,624,1,state-aware,7,2,,0.0,0.9589,,0.3649,0.8341,,21,17,,OFF
1790645428.7631936,10,640,1,state-aware,7,1,,0.0674,0.0,,0.3924,0.2645,,22,17,,OFF
1790645428.9172027,4,634,0,state-aware,7,2,,0.6091,0.9938,,0.6467,0.732,,22,18,,OFF
1790645429.3225312,1,642,1,state-aware,7,2,,0.9915,0.9913,,0.9025,0.9732,,22,19,,OFF
1790645431.328415,7,631,1,state-aware,7,1,,0.9923,0.9932,,0.7912,0.7291,,21,19,,OFF
1790645432.92074,6,639,0,state-aware,7,1,,0.9915,0.9932,,0.888,0.7594,,22,18,,OFF
1790645434.715167,9,618,1,state-aware,7,2,,0.9925,0.9925,,0.7734,0.8719,,22,19,,OFF
1790645435.9529262,5,641,1,state-aware,7,2,,0.9937,0.9933,,0.8166,0.8937,,22,19,,OFF
1790645438.628883,8,617,1,state-aware,7,1,,0.9933,0.9938,,0.8215,0.7456,,22,18,,OFF
1790645439.4278648,4,635,1,state-aware,7,1,,0.9914,0.9924,,0.7937,0.6581,,23,18,,OFF
1790645439.8500187,3,642,1,state-aware,7,2,,0.9942,0.9924,,0.7512,0.819,,22,19,,OFF
1790645440.6552606,2,625,1,state-aware,7,2,,0.9931,0.9932,,0.8163,0.8721,,22,20,,OFF
1790645442.5231013,6,640,1,state-aware,7,1,,0.9941,0.9931,,0.7743,0.7593,,23,20,,OFF
1790645443.1453867,1,643,1,state-aware,7,2,,0.9932,0.9925,,0.9037,0.9781,,22,21,,ON
1790645444.3378685,10,641,1,state-aware,7,2,,0.9937,0.9941,,0.6368,0.8168,,20,21,,ON
1790645445.4571233,7,632,1,state-aware,7,1,,0.9914,0.9925,,0.8018,0.7288,,21,20,,ON
1790645447.7284715,9,619,1,state-aware,7,2,,0.9933,0.9933,,0.7737,0.8937,,21,21,,OFF
1790645449.6659346,5,642,1,state-aware,7,2,,0.9944,0.9932,,0.817,0.912,,19,22,,OFF
1790645451.6117716,8,618,1,state-aware,7,1,,0.9944,0.9942,,0.851,0.7457,,20,20,,OFF
1790645453.7764761,3,643,1,state-aware,7,2,,0.9916,0.9925,,0.7499,0.847,,19,21,,OFF
1790645454.0680296,2,626,1,state-aware,7,2,,0.9944,0.9938,,0.8169,0.8939,,19,22,,OFF
1790645454.7870688,4,636,1,state-aware,7,1,,0.9912,0.9914,,0.6987,0.6576,,20,21,,OFF
1790645455.802671,1,644,1,state-aware,7,2,,0.9914,0.9914,,0.9024,0.9815,,20,22,,OFF
1790645456.826217,6,641,1,state-aware,7,1,,0.9926,0.9925,,0.8131,0.7591,,21,21,,OFF
1790645458.4705522,10,642,1,state-aware,7,2,,0.9916,0.8699,,0.6361,0.773,,19,22,,OFF
1790645461.5636523,9,620,1,state-aware,7,2,,0.9924,0.9941,,0.7733,0.9123,,18,23,,OFF
1790645463.936527,7,633,0,state-aware,7,1,,0.9925,0.9941,,0.8222,0.7295,,19,22,,OFF
1790645464.1138005,5,643,1,state-aware,7,2,,0.9938,0.9933,,0.8167,0.9275,,19,23,,OFF
1790645466.6616132,2,627,1,state-aware,7,2,,0.0,0.988,,0.3649,0.9104,,19,23,,OFF
1790645507.1923542,9,623,1,round-robin,8,1,,0.9915,0.9938,,nan,nan,,1,0,,OFF
1790645509.278856,5,646,1,round-robin,8,1,,0.9932,0.9925,,nan,nan,,2,0,,OFF
1790645511.722252,2,630,1,round-robin,8,1,,0.9916,0.9915,,nan,nan,,3,0,,OFF
1790645514.4991398,8,622,1,round-robin,8,1,,0.9931,0.9924,,nan,nan,,4,0,,OFF
1790645515.8214486,3,647,1,round-robin,8,1,,0.9942,0.9932,,nan,nan,,5,0,,OFF
1790645516.2219872,4,640,1,round-robin,8,1,,0.9914,0.9901,,nan,nan,,6,0,,OFF
1790645516.9345548,1,648,1,round-robin,8,1,,0.9914,0.9915,,nan,nan,,7,0,,OFF
1790645517.4745057,6,645,1,round-robin,8,1,,0.9925,0.9941,,nan,nan,,8,0,,OFF
1790645519.802875,10,646,1,round-robin,8,1,,0.9915,0.9925,,nan,nan,,9,0,,OFF
1790645521.1309762,9,624,1,round-robin,8,2,,0.99,0.9938,,nan,nan,,9,1,,OFF
1790645523.9334538,5,647,1,round-robin,8,2,,0.9925,0.9925,,nan,nan,,9,2,,OFF
1790645524.5051868,2,631,1,round-robin,8,2,,0.9915,0.9925,,nan,nan,,9,3,,OFF
1790645526.544886,7,637,0,round-robin,8,1,,0.9,0.9878,,nan,nan,,10,3,,OFF
1790645527.9937518,8,623,1,round-robin,8,2,,0.9914,0.9933,,nan,nan,,10,4,,OFF
1790645528.5110252,3,648,1,round-robin,8,2,,0.9916,0.9925,,nan,nan,,10,5,,OFF
1790645530.475632,4,641,1,round-robin,8,2,,0.9914,0.9914,,nan,nan,,10,6,,OFF
1790645531.6825116,1,649,1,round-robin,8,2,,0.9901,0.9914,,nan,nan,,10,7,,OFF
1790645533.8492959,6,646,1,round-robin,8,2,,0.9932,0.9943,,nan,nan,,10,8,,OFF
1790645534.2624345,9,625,1,round-robin,8,1,,0.0,0.0,,nan,nan,,11,8,,OFF
1790645534.786777,10,647,1,round-robin,8,2,,0.9937,0.9932,,nan,nan,,11,9,,OFF
1790645537.340952,7,638,1,round-robin,8,2,,0.9933,0.9938,,nan,nan,,11,10,,OFF
1790645538.4150856,2,632,1,round-robin,8,1,,0.0008,0.9879,,nan,nan,,12,10,,OFF
1790645541.2840111,8,624,1,round-robin,8,1,,0.9932,0.9938,,nan,nan,,13,10,,OFF
1790645542.8574493,3,649,1,round-robin,8,1,,0.9933,0.9915,,nan,nan,,14,10,,OFF
1790645543.5486307,5,648,0,round-robin,8,1,,0.9702,0.9925,,nan,nan,,15,10,,OFF
1790645544.4104855,4,642,1,round-robin,8,1,,0.9899,0.9914,,nan,nan,,16,10,,OFF
1790645546.262,1,650,1,round-robin,8,1,,0.9914,0.9914,,nan,nan,,17,10,,ON
1790645547.5482612,9,626,1,round-robin,8,2,,0.9914,0.9915,,nan,nan,,17,11,,ON
1790645548.2776098,6,647,1,round-robin,8,1,,0.9938,0.9925,,nan,nan,,18,11,,ON
1790645550.2588558,10,648,1,round-robin,8,1,,0.9915,0.9938,,nan,nan,,19,11,,OFF
1790645550.9337049,7,639,1,round-robin,8,1,,0.9915,0.9925,,nan,nan,,20,11,,OFF
1790645552.568507,2,633,1,round-robin,8,2,,0.9933,0.9933,,nan,nan,,20,12,,OFF
1790645554.5182996,5,649,1,round-robin,8,2,,0.9925,0.9925,,nan,nan,,20,13,,OFF
1790645556.7739167,8,625,1,round-robin,8,2,,0.9915,0.9933,,nan,nan,,20,14,,OFF
1790645557.7053082,4,643,1,round-robin,8,2,,0.9932,0.9925,,nan,nan,,20,15,,OFF
1790645558.4107735,3,650,1,round-robin,8,2,,0.9941,0.9933,,nan,nan,,20,16,,OFF
1790645559.0180364,1,651,1,round-robin,8,2,,0.9901,0.9882,,nan,nan,,20,17,,OFF
1790645561.4858587,9,627,1,round-robin,8,1,,0.9914,0.9938,,nan,nan,,21,17,,OFF
1790645562.427009,6,648,1,round-robin,8,2,,0.9933,0.9942,,nan,nan,,21,18,,OFF
1790645562.9025574,10,649,1,round-robin,8,2,,0.9914,0.9925,,nan,nan,,21,19,,OFF
1790645565.724394,2,634,1,round-robin,8,1,,0.9926,0.9938,,nan,nan,,22,19,,OFF
1790645566.4981754,7,640,1,round-robin,8,2,,0.9932,0.9925,,nan,nan,,22,20,,OFF
1790645568.650303,5,650,1,round-robin,8,1,,0.9901,0.9915,,nan,nan,,22,20,,OFF
1790645570.905006,8,626,1,round-robin,8,1,,0.0,0.0,,nan,nan,,22,20,,OFF
1790645574.4913285,9,628,1,round-robin,8,2,,0.9914,0.9924,,nan,nan,,21,21,,OFF
1790645575.5052667,6,649,1,round-robin,8,1,,0.9915,0.9901,,nan,nan,,21,21,,OFF
1790645576.5754104,3,651,0,round-robin,8,1,,0.9933,0.9901,,nan,nan,,20,21,,OFF
1790645576.7411592,10,650,1,round-robin,8,1,,0.9925,0.9942,,nan,nan,,21,21,,OFF
1790645577.5775585,4,644,0,round-robin,8,1,,0.0008,0.0008,,nan,nan,,20,21,,OFF
1790645577.5782113,1,652,0,round-robin,8,1,,0.9924,0.9882,,nan,nan,,21,21,,OFF
1790645579.1988387,2,635,1,round-robin,8,2,,0.9944,0.9933,,nan,nan,,21,22,,OFF
1790645580.4204268,7,641,1,round-robin,8,1,,0.9925,0.9932,,nan,nan,,21,22,,OFF
1790645583.5914698,5,651,1,round-robin,8,2,,0.9937,0.9924,,nan,nan,,21,22,,OFF
1790645584.4200542,8,627,1,round-robin,8,2,,0.9925,0.9938,,nan,nan,,21,22,,OFF
1790645586.3796508,3,652,1,round-robin,8,2,,0.9938,0.9933,,nan,nan,,21,22,,OFF
1790645587.09421,4,645,1,round-robin,8,2,,0.0,0.0,,nan,nan,,20,23,,OFF
1790645588.1173673,1,653,1,round-robin,8,2,,0.9913,0.9914,,nan,nan,,20,23,,OFF
1790645589.350229,6,650,1,round-robin,8,2,,0.9925,0.9932,,nan,nan,,20,23,,OFF
1790645590.7748606,10,651,1,round-robin,8,2,,0.9856,0.9915,,nan,nan,,20,23,,OFF
1790645592.3943949,2,636,1,round-robin,8,1,,0.9914,0.9925,,nan,nan,,21,22,,OFF
1790645592.5845973,9,629,0,round-robin,8,1,,0.9925,0.9933,,nan,nan,,22,22,,OFF
1790645595.2058392,7,642,1,round-robin,8,2,,0.9937,0.9932,,nan,nan,,21,21,,OFF
1790645597.4307187,5,652,1,round-robin,8,1,,0.9925,0.9938,,nan,nan,,22,20,,UNKNOWN
1790645598.988075,3,653,1,round-robin,8,1,,0.9926,0.9933,,nan,nan,,22,20,,OFF
1790645600.2781014,4,646,1,round-robin,8,1,,0.9913,0.99,,nan,nan,,23,20,,OFF
1790645601.533484,1,654,1,round-robin,8,1,,0.9913,0.9913,,nan,nan,,23,20,,OFF
1790645602.737792,9,630,1,round-robin,8,2,,0.9914,0.9925,,nan,nan,,23,21,,OFF
1790645603.588485,8,628,0,round-robin,8,1,,0.9925,0.9943,,nan,nan,,22,21,,OFF
1790645604.6736543,10,652,1,round-robin,8,1,,0.9925,0.9942,,nan,nan,,22,21,,OFF
1790645605.404361,6,651,1,round-robin,8,1,,0.991,0.9913,,nan,nan,,23,21,,OFF
1790645607.7670383,7,643,1,round-robin,8,1,,0.9925,0.9915,,nan,nan,,23,20,,OFF
1790645610.45342,5,653,1,round-robin,8,2,,0.9925,0.9932,,nan,nan,,21,21,,OFF
1790645610.5913348,2,637,0,round-robin,8,2,,0.9899,0.9925,,nan,nan,,21,22,,OFF
1790645615.8736567,9,631,1,round-robin,8,1,,0.9925,0.9925,,nan,nan,,21,20,,OFF
1790645618.3160646,6,652,1,round-robin,8,2,,0.9937,0.9932,,nan,nan,,21,19,,OFF
1790645618.5955665,3,654,0,round-robin,8,2,,0.0,0.0,,nan,nan,,21,19,,OFF
1790645619.751828,10,653,1,round-robin,8,2,,0.9914,0.9938,,nan,nan,,21,19,,OFF
1790645620.7715876,2,638,1,round-robin,8,1,,0.9941,0.9931,,nan,nan,,22,19,,OFF
1790645621.1694148,7,644,1,round-robin,8,2,,0.99,0.9915,,nan,nan,,22,20,,OFF
1790645623.4214218,5,654,1,round-robin,8,1,,0.9915,0.9915,,nan,nan,,22,18,,OFF
1790645628.4539373,3,655,1,round-robin,8,1,,0.9902,0.9894,,nan,nan,,22,17,,OFF
1790645629.2685738,1,656,1,round-robin,8,2,,0.0053,0.0,,nan,nan,,21,18,,OFF
1790645629.676728,9,632,1,round-robin,8,2,,0.9932,0.9922,,nan,nan,,21,19,,OFF
1790645632.892059,6,653,1,round-robin,8,1,,0.9915,0.9942,,nan,nan,,21,19,,OFF
1790645633.6017375,8,630,0,round-robin,8,2,,0.9933,0.9944,,nan,nan,,21,20,,OFF
1790645633.9000785,2,639,1,round-robin,8,2,,0.0095,0.9881,,nan,nan,,21,21,,OFF
1790645634.603607,4,648,0,round-robin,8,2,,0.8535,0.0,,nan,nan,,21,21,,OFF
1790645636.36272,5,655,1,round-robin,8,2,,0.9914,0.9925,,nan,nan,,20,22,,OFF
1790645639.6068,10,654,0,round-robin,8,1,,0.9914,0.9938,,nan,nan,,17,21,,OFF
1790645641.2735848,3,656,1,round-robin,8,2,,0.9942,0.9925,,nan,nan,,16,22,,OFF
1790645643.510537,8,631,1,round-robin,8,1,,0.0,0.0,,nan,nan,,17,22,,OFF
1790645644.0261438,9,633,1,round-robin,8,1,,0.9915,0.991,,nan,nan,,18,21,,ON
1790645644.4169912,4,649,1,round-robin,8,1,,0.9901,0.99,,nan,nan,,19,21,,ON
1790645645.381224,1,657,1,round-robin,8,1,,0.9925,0.9914,,nan,nan,,20,20,,ON
1790645646.8826468,2,640,1,round-robin,8,1,,0.9886,0.9925,,nan,nan,,21,19,,ON
1790645648.72958,10,655,1,round-robin,8,2,,0.9914,0.9942,,nan,nan,,21,18,,OFF
1790645649.6788673,5,656,1,round-robin,8,1,,0.993,0.994,,nan,nan,,22,17,,OFF
1790645654.616693,7,646,0,round-robin,8,1,,0.9914,0.99,,nan,nan,,21,16,,OFF
1790645654.6177466,6,654,0,round-robin,8,2,,0.0,0.9489,,nan,nan,,21,17,,OFF
1790645655.0999672,3,657,1,round-robin,8,1,,0.9933,0.9942,,nan,nan,,22,17,,OFF
1790645659.1841147,4,650,1,round-robin,8,2,,0.9925,0.9913,,nan,nan,,20,17,,OFF
1790645659.8141577,9,634,1,round-robin,8,2,,0.9913,0.0,,nan,nan,,20,18,,OFF
1790645660.3959715,1,658,1,round-robin,8,2,,0.9914,0.99,,nan,nan,,19,19,,OFF
1790645660.72951,2,641,1,round-robin,8,2,,0.9942,0.9933,,nan,nan,,19,20,,OFF
1790645662.223858,10,656,1,round-robin,8,1,,0.9915,0.9938,,nan,nan,,19,20,,OFF
1790645664.2901196,6,655,1,round-robin,8,1,,0.9925,0.9933,,nan,nan,,19,19,,OFF
1790645664.6279228,8,632,0,round-robin,8,2,,0.8333,0.8689,,nan,nan,,19,20,,OFF
1790645669.6317806,5,657,0,round-robin,8,2,,0.0,0.7143,,nan,nan,,16,21,,OFF
1790645670.9806676,3,658,1,round-robin,8,2,,0.9933,0.9915,,nan,nan,,16,20,,OFF
1790645673.0016754,4,651,1,round-robin,8,1,,0.9914,0.9899,,nan,nan,,17,20,,OFF
1790645674.4289584,8,633,1,round-robin,8,1,,0.9933,0.9925,,nan,nan,,18,20,,OFF
1790645675.7655854,1,659,1,round-robin,8,1,,0.9932,0.9924,,nan,nan,,19,20,,OFF
1790645676.6862886,10,657,1,round-robin,8,2,,0.9915,0.9916,,nan,nan,,18,21,,OFF
1790645679.1904275,6,656,1,round-robin,8,2,,0.0,0.0,,nan,nan,,18,20,,OFF
1790645679.540535,5,658,1,round-robin,8,1,,0.9911,0.9933,,nan,nan,,19,20,,OFF
1790645680.0531454,7,648,1,round-robin,8,2,,0.99,0.9915,,nan,nan,,19,20,,OFF
1790645685.2241583,3,659,1,round-robin,8,1,,0.9942,0.0,,nan,nan,,18,19,,OFF
1790645685.5872114,4,652,1,round-robin,8,2,,0.9908,0.992,,nan,nan,,18,20,,OFF
1790645688.0552516,8,634,1,round-robin,8,2,,0.9846,0.9928,,nan,nan,,18,21,,OFF
1790645688.581206,2,643,1,round-robin,8,1,,0.0,0.984,,nan,nan,,18,21,,OFF
1790645689.5182617,10,658,1,round-robin,8,1,,0.9937,0.9925,,nan,nan,,19,20,,OFF
1790645692.8581085,5,659,1,round-robin,8,2,,0.9902,0.9916,,nan,nan,,19,20,,OFF
1790645693.577932,6,657,1,round-robin,8,1,,0.9932,0.9941,,nan,nan,,19,20,,OFF
1790645693.6409776,1,660,0,round-robin,8,2,,0.9821,0.9924,,nan,nan,,19,20,,OFF
1790645694.0916858,7,649,1,round-robin,8,1,,0.9915,0.9902,,nan,nan,,20,19,,ON
1790645694.643009,9,636,0,round-robin,8,1,,0.0,0.0,,nan,nan,,21,18,,ON
1790645699.407281,4,653,1,round-robin,8,1,,0.9937,0.9923,,nan,nan,,22,17,,OFF
1790645700.6563835,3,660,1,round-robin,8,2,,0.9938,0.9931,,nan,nan,,21,18,,OFF
1790645701.7645574,8,635,1,round-robin,8,1,,0.9933,0.9942,,nan,nan,,22,17,,OFF
1790645702.9206965,1,661,1,round-robin,8,1,,0.9914,0.9898,,nan,nan,,23,17,,OFF
1790645703.5308394,9,637,1,round-robin,8,2,,0.99,0.9915,,nan,nan,,22,18,,OFF
1790645704.2198517,10,659,1,round-robin,8,2,,0.9923,0.9925,,nan,nan,,21,19,,OFF
1790645707.4082766,6,658,1,round-robin,8,2,,0.9161,0.9919,,nan,nan,,18,20,,OFF
1790645708.6528556,2,644,0,round-robin,8,2,,0.8974,0.9934,,nan,nan,,18,21,,OFF
1790645712.656373,5,660,0,round-robin,8,1,,0.9925,0.9933,,nan,nan,,18,20,,OFF
1790645714.985888,4,654,1,round-robin,8,2,,0.0,0.0,,nan,nan,,17,20,,OFF
1790645716.522451,9,638,1,round-robin,8,1,,0.9944,0.9932,,nan,nan,,17,20,,OFF
1790645717.1410155,1,662,1,round-robin,8,2,,0.9931,0.9924,,nan,nan,,17,21,,OFF
1790645718.392659,2,645,1,round-robin,8,1,,0.9926,0.9933,,nan,nan,,18,21,,OFF
1790645719.3348925,10,660,1,round-robin,8,1,,0.9879,0.9916,,nan,nan,,19,20,,OFF
1790645720.6601524,8,636,0,round-robin,8,2,,0.9938,0.9942,,nan,nan,,19,19,,OFF
1790645722.336442,7,651,1,round-robin,8,2,,0.9937,0.9925,,nan,nan,,18,19,,OFF
1790645723.0560153,6,659,1,round-robin,8,1,,0.9915,0.9938,,nan,nan,,19,19,,OFF
1790645723.696943,5,661,1,round-robin,8,2,,0.9932,0.9924,,nan,nan,,19,20,,OFF
1790645730.6552193,8,637,1,round-robin,8,1,,0.8689,0.8943,,nan,nan,,19,18,,OFF
1790645731.8810403,10,661,1,round-robin,8,2,,0.9915,0.9938,,nan,nan,,19,18,,OFF
1790645732.726314,2,646,1,round-robin,8,2,,0.9916,0.9925,,nan,nan,,19,19,,OFF
1790645735.671174,3,662,0,round-robin,8,1,,0.9902,0.99,,nan,nan,,18,19,,OFF
1790645735.6719728,9,639,0,round-robin,8,2,,0.0,0.0001,,nan,nan,,18,20,,OFF
1790645736.311827,7,652,1,round-robin,8,1,,0.9915,0.9943,,nan,nan,,18,20,,OFF
1790645736.6933308,6,660,1,round-robin,8,2,,0.9925,0.9942,,nan,nan,,18,20,,OFF
1790645737.2042532,5,662,1,round-robin,8,1,,0.9925,0.9932,,nan,nan,,19,20,,OFF
1790645777.010265,2,649,1,state-aware,8,2,,0.0,0.988,,0.0,0.988,,0,1,,OFF
1790645777.962462,9,642,1,state-aware,8,2,,0.9915,0.9933,,0.9915,0.9933,,0,2,,OFF
1790645779.4031243,10,664,1,state-aware,8,1,,0.9926,0.9901,,0.9926,0.9901,,1,2,,OFF
1790645780.9156272,7,655,1,state-aware,8,1,,0.9941,0.99,,0.9941,0.99,,2,2,,OFF
1790645782.1779966,1,666,0,state-aware,8,2,,0.9898,0.9923,,0.9898,0.9923,,2,3,,OFF
1790645782.1788454,4,658,0,state-aware,8,2,,0.0,0.9,,0.0,0.9,,2,4,,OFF
1790645782.5730588,5,665,1,state-aware,8,1,,0.9932,0.9914,,0.9932,0.9914,,3,4,,OFF
1790645783.0819297,6,663,1,state-aware,8,2,,0.9914,0.9924,,0.9914,0.9924,,3,5,,OFF
1790645790.0550046,8,641,1,state-aware,8,2,,0.9932,0.9932,,0.9932,0.9932,,3,6,,OFF
1790645791.675998,3,666,1,state-aware,8,1,,0.0,0.0,,0.0,0.0,,4,6,,OFF
1790645792.6201074,1,667,1,state-aware,8,1,,0.9915,0.9881,,0.9915,0.8901,,5,6,,OFF
1790645794.8974285,7,656,1,state-aware,8,2,,0.9933,0.9942,,0.9277,0.9942,,5,7,,OFF
1790645795.3967667,10,665,1,state-aware,8,2,,0.9932,0.9941,,0.8943,0.9941,,5,8,,OFF
1790645796.6435122,5,666,1,state-aware,8,2,,0.9932,0.9937,,0.9277,0.9937,,5,9,,OFF
1790645797.1380024,6,664,1,state-aware,8,1,,0.9932,0.9925,,0.9932,0.9271,,6,9,,OFF
1790645797.1871421,4,659,0,state-aware,8,2,,0.8535,0.9862,,0.8535,0.8885,,6,10,,OFF
1790645802.7383394,8,642,1,state-aware,8,1,,0.9915,0.9938,,0.9915,0.9282,,7,10,,OFF
1790645806.322963,1,668,1,state-aware,8,2,,0.0,0.8494,,0.1,0.7745,,7,11,,OFF
1790645807.252239,3,667,1,state-aware,8,2,,0.9933,0.9938,,0.8944,0.9938,,7,12,,OFF
1790645808.2006152,10,666,1,state-aware,8,2,,0.9942,0.9944,,0.8951,0.9286,,7,13,,OFF
1790645808.9922028,7,657,1,state-aware,8,2,,0.9882,0.9914,,0.9235,0.9262,,7,14,,OFF
1790645810.0123825,6,665,1,state-aware,8,2,,0.9932,0.9942,,0.9277,0.9285,,7,15,,OFF
1790645810.8290508,5,667,1,state-aware,8,1,,0.9925,0.9915,,0.9271,0.9262,,8,15,,OFF
1790645811.2028782,9,644,0,state-aware,8,2,,0.8333,0.8689,,0.8333,0.8689,,8,16,,OFF
1790645812.2046459,2,651,0,state-aware,8,2,,0.0,0.9898,,0.0,0.9898,,8,17,,OFF
1790645812.2056973,4,660,0,state-aware,8,1,,0.991,0.99,,0.991,0.7986,,9,17,,OFF
1790645818.8216386,8,643,1,state-aware,8,2,,0.0,0.0,,0.0667,0.1,,9,18,,OFF
1790645819.3737075,1,669,1,state-aware,8,1,,0.9897,0.9925,,0.9247,0.8575,,10,18,,OFF
1790645820.6759777,3,668,1,state-aware,8,2,,0.9933,0.9925,,0.8944,0.9271,,10,19,,OFF
1790645821.493979,9,645,1,state-aware,8,2,,0.0,0.0,,0.0,0.0667,,10,20,,OFF
1790645822.1763961,4,661,1,state-aware,8,1,,0.8888,0.8535,,0.8073,0.7011,,11,20,,OFF
1790645822.6903143,2,652,1,state-aware,8,1,,0.9925,0.9938,,0.9925,0.8948,,12,20,,OFF
1790645824.0705483,5,668,1,state-aware,8,2,,0.9453,0.9457,,0.8695,0.8881,,12,21,,OFF
1790645824.5352552,6,666,1,state-aware,8,1,,0.9901,0.9926,,0.9251,0.9033,,13,21,,OFF
1790645831.8450303,8,644,1,state-aware,8,2,,0.9941,0.9942,,0.8951,0.9044,,13,22,,OFF
1790645834.491712,3,669,1,state-aware,8,2,,0.9942,0.9942,,0.8951,0.9044,,13,23,,OFF
1790645835.00212,1,670,1,state-aware,8,2,,0.9901,0.9914,,0.8444,0.8567,,13,24,,OFF
1790645835.3299367,4,662,1,state-aware,8,1,,0.9882,0.9901,,0.8544,0.7987,,14,24,,OFF
1790645835.8180213,9,646,1,state-aware,8,1,,0.9901,0.9932,,0.9901,0.858,,15,24,,OFF
1790645836.219326,2,653,1,state-aware,8,1,,0.9942,0.9915,,0.9285,0.8929,,16,24,,OFF
1790645836.8442855,10,668,1,state-aware,8,2,,0.9924,0.9944,,0.8937,0.9286,,16,25,,OFF
1790645837.6617296,7,659,1,state-aware,8,1,,0.9915,0.9883,,0.9263,0.9235,,17,24,,OFF
1790645840.3084931,6,667,1,state-aware,8,2,,0.0,0.0,,0.1371,0.1943,,16,24,,OFF
1790645840.7229786,5,669,1,state-aware,8,1,,0.9925,0.9932,,0.9032,0.8465,,17,24,,OFF
1790645845.8829906,8,645,1,state-aware,8,2,,0.9938,0.9942,,0.8949,0.9003,,15,22,,ON
1790645848.1143754,3,670,1,state-aware,8,2,,0.9933,0.9924,,0.8944,0.8992,,15,23,,ON
1790645849.0393066,2,654,1,state-aware,8,1,,0.9942,0.9805,,0.9044,0.8837,,16,23,,ON
1790645850.2629242,9,647,1,state-aware,8,2,,0.0,0.9932,,0.1,0.858,,16,23,,ON
1790645850.8040605,7,660,1,state-aware,8,2,,0.0004,0.5686,,0.1946,0.5739,,16,24,,ON
1790645851.7855904,10,669,1,state-aware,8,1,,0.9924,0.9914,,0.8937,0.8453,,16,24,,ON
1790645854.1423864,5,670,1,state-aware,8,1,,0.0,0.0,,0.279,0.1371,,16,24,,OFF
1790645854.2238846,1,671,0,state-aware,8,2,,0.9901,0.99,,0.8444,0.8498,,16,25,,OFF
1790645855.2256732,4,663,0,state-aware,8,1,,0.9882,0.9942,,0.8486,0.8016,,17,24,,OFF
1790645860.228828,6,668,0,state-aware,8,2,,0.8535,0.99,,0.7468,0.8977,,16,22,,OFF
1790645860.7912986,8,646,1,state-aware,8,1,,0.9933,0.9938,,0.8944,0.8167,,17,22,,OFF
1790645862.2268019,3,671,1,state-aware,8,2,,0.9938,0.9933,,0.8949,0.9053,,17,23,,OFF
1790645863.9671566,9,648,1,state-aware,8,1,,0.9925,0.9933,,0.9271,0.8518,,17,23,,OFF
1790645864.4084334,2,655,1,state-aware,8,2,,0.9943,0.9932,,0.8254,0.8943,,17,24,,OFF
1790645865.1301935,4,664,1,state-aware,8,2,,0.2846,0.4591,,0.3771,0.4194,,17,25,,OFF
1790645867.0605643,7,661,1,state-aware,8,1,,0.9925,0.9915,,0.9032,0.8454,,18,24,,OFF
1790645868.1741853,5,671,1,state-aware,8,1,,0.9915,0.9915,,0.9043,0.8453,,19,23,,OFF
1790645869.0998669,6,669,1,state-aware,8,1,,0.9901,0.9933,,0.8443,0.8163,,20,21,,OFF
1790645870.2325985,1,672,0,state-aware,8,1,,0.9901,0.0,,0.8444,0.219,,21,20,,OFF
1790645871.234507,10,670,0,state-aware,8,1,,0.9932,0.9937,,0.858,0.847,,21,19,,OFF
1790645875.745437,3,672,1,state-aware,8,2,,0.9925,0.9938,,0.8938,0.915,,20,19,,OFF
1790645877.310644,8,647,1,state-aware,8,2,,0.9943,0.9937,,0.8017,0.8166,,20,20,,OFF
1790645877.8040328,9,649,1,state-aware,8,2,,0.0,0.162,,0.1943,0.3322,,20,21,,OFF
1790645878.3446474,2,656,1,state-aware,8,2,,0.0,0.9898,,0.204,0.8556,,20,22,,OFF
1790645880.2634528,10,671,1,state-aware,8,2,,0.9936,0.9942,,0.777,0.8473,,19,22,,OFF
1790645880.977818,1,673,1,state-aware,8,2,,0.0,0.0,,0.144,0.219,,19,22,,OFF
1790645881.3930507,7,662,1,state-aware,8,1,,0.988,0.9925,,0.8965,0.846,,20,22,,OFF
1790645883.1173267,6,670,1,state-aware,8,1,,0.9901,0.9933,,0.8378,0.8164,,19,21,,OFF
1790645884.2654748,4,665,0,state-aware,8,2,,0.9876,0.9886,,0.7677,0.7889,,19,21,,OFF
1790645886.2675655,5,672,0,state-aware,8,1,,0.9819,0.9881,,0.9091,0.8429,,19,21,,OFF
1790645889.826162,3,673,1,state-aware,8,2,,0.9944,0.9938,,0.8953,0.9257,,19,22,,OFF
1790645891.4279366,8,648,1,state-aware,8,2,,0.9933,0.9942,,0.8009,0.8352,,19,23,,OFF
1790645891.927587,9,650,1,state-aware,8,1,,0.9912,0.9914,,0.9023,0.8587,,20,22,,OFF
1790645892.260559,2,657,1,state-aware,8,2,,0.9937,0.9925,,0.825,0.8513,,20,23,,OFF
1790645892.9716358,10,672,1,state-aware,8,2,,0.9938,0.9925,,0.7771,0.8393,,20,24,,OFF
1790645894.0809286,1,674,1,state-aware,8,2,,0.0,0.2452,,0.144,0.4197,,20,25,,OFF
1790645894.8042552,4,666,1,state-aware,8,1,,0.9906,0.992,,0.7694,0.7133,,21,24,,OFF
1790645896.8521745,5,673,1,state-aware,8,2,,0.9925,0.9924,,0.816,0.846,,18,23,,OFF
1790645899.4389858,6,671,1,state-aware,8,2,,0.9915,0.9902,,0.7585,0.8146,,17,24,,ON
1790645900.2767363,7,663,0,state-aware,8,1,,0.9898,0.9915,,0.9033,0.8453,,18,24,,ON
1790645903.40567,3,674,1,state-aware,8,2,,0.9938,0.9925,,0.8948,0.9357,,17,24,,OFF
1790645904.1995263,8,649,1,state-aware,8,2,,0.9933,0.9942,,0.8009,0.856,,17,25,,OFF
1790645904.731701,9,651,1,state-aware,8,1,,0.9901,0.9915,,0.8978,0.8588,,18,25,,OFF
1790645905.451833,2,658,1,state-aware,8,2,,0.9938,0.9925,,0.8251,0.8593,,18,26,,OFF
1790645905.974,10,673,1,state-aware,8,2,,0.9926,0.9933,,0.7764,0.8484,,18,26,,OFF
1790645907.7259858,4,667,1,state-aware,8,1,,0.9915,0.9902,,0.7929,0.7122,,19,26,,OFF
1790645909.471377,5,674,1,state-aware,8,2,,0.9867,0.991,,0.8134,0.8384,,18,26,,OFF
1790645913.2853663,1,675,0,state-aware,8,2,,0.985,0.9872,,0.7596,0.8171,,17,25,,OFF
1790645913.6429446,6,672,1,state-aware,8,2,,0.9914,0.9933,,0.7584,0.8347,,17,26,,OFF
1790645914.2873366,7,664,0,state-aware,8,2,,0.9924,0.9941,,0.8143,0.8472,,16,26,,OFF
1790645921.752634,4,668,1,state-aware,8,1,,0.9938,0.9914,,0.8201,0.7129,,15,25,,OFF
1790645922.2905905,8,650,0,state-aware,8,2,,0.9915,0.9916,,0.7997,0.8756,,15,25,,OFF
1790645922.2910666,3,675,0,state-aware,8,2,,0.0,0.0,,0.0667,0.5638,,15,26,,OFF
1790645923.3898542,1,676,1,state-aware,8,1,,0.9933,0.9914,,0.7648,0.7282,,16,26,,OFF
1790645924.2932346,9,652,0,state-aware,8,1,,0.0,0.0,,0.3534,0.3079,,16,26,,OFF
1790645925.036008,5,675,1,state-aware,8,1,,0.9867,0.9918,,0.8134,0.7586,,17,25,,OFF
1790645925.293963,2,659,0,state-aware,8,2,,0.0002,0.988,,0.2041,0.8711,,17,25,,OFF
1790645925.2950492,10,674,0,state-aware,8,2,,0.9915,0.9942,,0.7757,0.864,,17,26,,OFF
1790645926.2383003,6,673,1,state-aware,8,2,,0.9914,0.9938,,0.7584,0.8559,,17,27,,OFF
1790645930.298124,7,665,0,state-aware,8,1,,0.9914,0.9882,,0.8138,0.7616,,14,27,,OFF
1790645932.394555,3,676,1,state-aware,8,1,,0.99,0.9914,,0.8917,0.8252,,14,27,,OFF
1790645932.7882774,8,651,1,state-aware,8,1,,0.9915,0.9933,,0.7996,0.7723,,15,27,,OFF
1790645935.2517889,9,653,1,state-aware,8,2,,0.8535,0.8689,,0.7448,0.7906,,15,28,,OFF
1790645935.7571478,2,660,1,state-aware,8,1,,0.9919,0.9932,,0.8239,0.7806,,16,27,,OFF
1790645937.4028893,1,677,1,state-aware,8,1,,0.9925,0.9914,,0.7768,0.7282,,17,26,,OFF
1790645937.7432988,5,676,1,state-aware,8,1,,0.0,0.0,,0.4288,0.2076,,18,26,,OFF
1790645940.1886137,6,674,1,state-aware,8,2,,0.9933,0.9938,,0.7595,0.8765,,18,25,,OFF
1790645940.3067605,10,675,0,state-aware,8,1,,0.9925,0.9914,,0.7763,0.7708,,19,24,,OFF
1790645941.3049428,7,666,1,state-aware,8,2,,0.9925,0.9943,,0.7287,0.7654,,19,24,,OFF
1790645943.3340333,4,669,0,state-aware,8,1,,0.9926,0.9925,,0.7288,0.7135,,18,24,,OFF
1790645946.3361046,8,652,1,state-aware,8,1,,0.9925,0.9926,,0.7913,0.772,,18,23,,OFF
1790645946.6114478,3,677,1,state-aware,8,1,,0.9914,0.9898,,0.8567,0.8247,,19,23,,OFF
1790645948.0874348,9,654,1,state-aware,8,2,,0.9901,0.9938,,0.8132,0.874,,19,24,,OFF
1790645949.3155754,2,661,1,state-aware,8,1,,0.99,0.99,,0.8323,0.7791,,20,24,,ON
1790645950.7141833,10,676,1,state-aware,8,2,,0.9924,0.9943,,0.6992,0.7721,,20,24,,ON
1790645951.753842,1,678,1,state-aware,8,2,,0.0,0.0,,0.3029,0.3152,,20,24,,ON
1790645953.7159467,6,675,1,state-aware,8,2,,0.0,0.9926,,0.2076,0.8951,,19,23,,ON
1790645954.4980674,4,670,1,state-aware,8,1,,0.0,0.0002,,0.266,0.1622,,20,22,,ON
1790645957.3217797,5,677,0,state-aware,8,2,,0.0,0.9867,,0.485,0.7558,,19,22,,UNKNOWN
1790645960.0605345,3,678,1,state-aware,8,1,,0.9925,0.9938,,0.8513,0.8261,,20,21,,OFF
1790645960.3242772,7,667,0,state-aware,8,1,,0.9925,0.0409,,0.7287,0.2481,,20,21,,OFF
1790645961.1811583,8,653,1,state-aware,8,2,,0.9867,0.9841,,0.7103,0.7688,,20,22,,OFF
1790645964.778171,1,679,1,state-aware,8,1,,0.9915,0.9914,,0.7986,0.7704,,20,20,,OFF
1790645965.8755796,2,662,1,state-aware,8,2,,0.9914,0.9933,,0.7498,0.7806,,20,20,,OFF
1790645966.33435,9,655,0,state-aware,8,2,,0.9914,0.9933,,0.8138,0.8897,,20,20,,OFF
1790645966.4829187,6,676,1,state-aware,8,1,,0.7042,0.0,,0.5989,0.5576,,21,20,,OFF
1790645968.2212884,5,678,1,state-aware,8,1,,0.9931,0.9932,,0.8669,0.6835,,21,20,,OFF
1790645968.7712831,4,671,1,state-aware,8,2,,0.99,0.9901,,0.7045,0.7122,,21,21,,OFF
1790645969.354204,7,668,1,state-aware,8,2,,0.9925,0.9925,,0.651,0.7768,,21,22,,OFF
1790645972.3342507,10,677,0,state-aware,8,1,,0.9901,0.9933,,0.698,0.6878,,22,21,,OFF
1790645973.6533508,3,679,1,state-aware,8,1,,0.9932,0.9925,,0.8597,0.8256,,23,19,,OFF
1790645974.372728,8,654,1,state-aware,8,2,,0.9937,0.9942,,0.7142,0.8098,,23,19,,OFF
1790645977.27303,9,656,1,state-aware,8,1,,0.9915,0.9915,,0.8138,0.788,,24,19,,OFF
1790645978.293253,1,680,1,state-aware,8,1,,0.9915,0.9901,,0.8241,0.7699,,25,19,,OFF
1790645980.0012455,6,677,1,state-aware,8,2,,0.9925,0.9926,,0.7831,0.9121,,25,20,,OFF
1790645980.826867,5,679,1,state-aware,8,2,,0.0,0.9915,,0.5339,0.6826,,25,21,,OFF
1790645981.3189306,2,663,1,state-aware,8,1,,0.948,0.9899,,0.7281,0.6941,,26,21,,OFF
1790645981.8454072,4,672,1,state-aware,8,2,,0.9901,0.9914,,0.7045,0.7416,,25,22,,OFF
1790645982.4778512,7,669,1,state-aware,8,2,,0.9901,0.9915,,0.65,0.7986,,25,21,,OFF
1790645987.1106772,8,655,1,state-aware,8,2,,0.9925,0.9942,,0.7135,0.842,,22,19,,OFF
1790645987.3415763,10,678,0,state-aware,8,2,,0.9932,0.9942,,0.6297,0.6882,,22,20,,OFF
1790645987.593322,3,680,1,state-aware,8,1,,0.9922,0.9929,,0.8732,0.8258,,23,20,,OFF
1790645991.7754347,9,657,1,state-aware,8,1,,0.9925,0.9926,,0.8378,0.7885,,23,20,,OFF
1790645992.491726,1,681,1,state-aware,8,2,,0.0,0.9913,,0.4362,0.7703,,22,21,,OFF
1790645992.9083092,6,678,1,state-aware,8,2,,0.9932,0.9944,,0.7835,0.9274,,21,22,,OFF
1790645994.137685,5,680,1,state-aware,8,1,,0.9938,0.9938,,0.8888,0.7239,,22,22,,OFF
1790645995.3623784,7,670,1,state-aware,8,2,,0.9925,0.9925,,0.651,0.8245,,22,22,,OFF
1790645998.0240297,10,679,1,state-aware,8,1,,0.9923,0.9941,,0.6293,0.6135,,20,22,,OFF
1790646000.1796606,8,656,1,state-aware,8,2,,0.9932,0.9938,,0.7139,0.8693,,20,23,,OFF
1790646000.370832,4,673,0,state-aware,8,2,,0.0,0.7419,,0.3509,0.6609,,19,23,,OFF
1790646000.3765068,2,664,0,state-aware,8,1,,0.9925,0.9933,,0.782,0.6955,,20,23,,OFF
1790646000.7042892,3,681,1,state-aware,8,1,,0.9938,0.9932,,0.8899,0.8259,,21,23,,OFF
1790646005.7148125,6,679,1,state-aware,8,2,,0.9933,0.9916,,0.7835,0.939,,20,23,,OFF
1790646006.3601224,1,682,1,state-aware,8,1,,0.99,0.99,,0.8487,0.8073,,20,23,,UNKNOWN
1790646008.0935645,5,681,1,state-aware,8,1,,0.9929,0.9935,,0.9072,0.7238,,20,22,,OFF
1790646050.7670622,6,682,1,snr-greedy,8,2,,0.9933,0.9933,,12.75,12.75,,0,1,,OFF
1790646051.260766,1,685,1,snr-greedy,8,2,,0.9931,0.9938,,12.75,13.0,,0,2,,OFF
1790646055.7046306,4,677,1,snr-greedy,8,1,,0.9926,0.9881,,12.5,11.75,,1,2,,UNKNOWN
1790646057.217017,7,674,1,snr-greedy,8,2,,0.9924,0.9924,,12.5,12.5,,1,3,,OFF
1790646059.300655,10,683,1,snr-greedy,8,2,,0.9914,0.9938,,12.25,13.0,,1,4,,OFF
1790646059.7865534,9,661,0,snr-greedy,8,1,,0.9899,0.0,,12.0,-1.5,,2,4,,OFF
1790646059.7877388,5,684,0,snr-greedy,8,2,,0.9912,0.9913,,12.25,12.25,,2,5,,OFF
1790646060.3181515,2,668,1,snr-greedy,8,2,,0.0,0.9825,,4.25,11.5,,2,6,,OFF
1790646062.316902,8,660,1,snr-greedy,8,2,,0.9915,0.9926,,12.25,12.5,,2,7,,OFF
1790646064.0644693,1,686,1,snr-greedy,8,1,,0.9925,0.9925,,12.5,12.5,,3,7,,OFF
1790646064.6053717,6,683,1,snr-greedy,8,2,,0.9942,0.9943,,13.25,13.5,,3,8,,OFF
1790646065.7896485,3,685,0,snr-greedy,8,1,,0.9904,0.9862,,13.25,12.25,,4,8,,OFF
1790646069.1388016,9,662,1,snr-greedy,8,1,,0.9933,0.9912,,12.75,12.25,,5,8,,OFF
1790646069.411958,4,678,1,snr-greedy,8,1,,0.9925,0.9881,,12.5,11.75,,6,8,,OFF
1790646070.5363026,5,685,1,snr-greedy,8,2,,0.0,0.1075,,2.5,8.5,,6,9,,OFF
1790646071.0403323,7,675,1,snr-greedy,8,2,,0.9925,0.9925,,12.5,12.5,,6,10,,OFF
1790646072.876941,10,684,1,snr-greedy,8,2,,0.9925,0.9926,,12.5,12.5,,6,11,,OFF
1790646073.906743,2,669,1,snr-greedy,8,2,,0.993,0.9932,,12.75,12.75,,6,12,,OFF
1790646075.2629952,8,661,1,snr-greedy,8,2,,0.9916,0.9933,,12.25,12.75,,6,13,,OFF
1790646076.5639558,3,686,1,snr-greedy,8,1,,0.9942,0.9925,,13.25,12.5,,7,13,,OFF
1790646077.9245043,1,687,1,snr-greedy,8,1,,0.9942,0.9924,,13.25,12.5,,8,13,,OFF
1790646080.6658356,6,684,1,snr-greedy,8,2,,0.9938,0.9938,,13.0,13.0,,8,14,,OFF
1790646083.619362,4,679,1,snr-greedy,8,1,,0.99,0.99,,12.0,12.0,,9,14,,OFF
1790646084.8652802,9,663,1,snr-greedy,8,1,,0.9942,0.9925,,13.25,12.5,,10,14,,OFF
1790646085.1499372,7,676,1,snr-greedy,8,1,,0.9929,0.9929,,12.75,12.75,,11,14,,OFF
1790646086.0758061,5,686,1,snr-greedy,8,1,,0.9925,0.9914,,12.5,12.25,,12,14,,OFF
1790646086.5820577,2,670,1,snr-greedy,8,1,,0.9938,0.9915,,13.0,12.25,,13,14,,OFF
1790646087.2119935,10,685,1,snr-greedy,8,1,,0.9925,0.9916,,12.5,12.25,,14,14,,OFF
1790646087.952368,8,662,1,snr-greedy,8,1,,0.9938,0.9938,,13.0,13.0,,15,14,,OFF
1790646090.820274,3,687,1,snr-greedy,8,2,,0.9938,0.9942,,13.0,13.25,,15,15,,OFF
1790646091.4285889,1,688,1,snr-greedy,8,1,,0.9916,0.9915,,12.25,12.25,,16,15,,OFF
1790646094.1767066,6,685,1,snr-greedy,8,2,,0.9933,0.9942,,12.75,13.25,,16,16,,OFF
1790646096.8767407,4,680,1,snr-greedy,8,2,,0.99,0.99,,12.0,12.0,,16,17,,OFF
1790646097.7614486,7,677,1,snr-greedy,8,2,,0.0,0.9926,,5.5,12.5,,16,18,,OFF
1790646098.0483181,9,664,1,snr-greedy,8,1,,0.9942,0.989,,13.25,12.75,,17,18,,OFF
1790646100.725555,5,687,1,snr-greedy,8,2,,0.0,0.5783,,5.0,9.0,,17,19,,OFF
1790646101.3491845,8,663,1,snr-greedy,8,1,,0.9899,0.9877,,12.0,11.75,,18,19,,OFF
1790646104.2128282,1,689,1,snr-greedy,8,2,,0.9933,0.9931,,12.75,12.75,,18,20,,ON
1790646105.9418635,3,688,1,snr-greedy,8,2,,0.9924,0.9925,,12.5,12.5,,18,21,,ON
1790646106.8037593,2,671,0,snr-greedy,8,1,,0.9944,0.9937,,13.5,13.0,,19,21,,ON
1790646106.8046026,10,686,0,snr-greedy,8,1,,0.9933,0.9925,,12.75,12.5,,20,21,,ON
1790646107.5709956,6,686,1,snr-greedy,8,1,,0.9933,0.9925,,12.75,12.5,,21,21,,ON
1790646110.3405716,4,681,1,snr-greedy,8,2,,0.99,0.9937,,12.0,13.0,,21,22,,ON
1790646114.380923,9,665,1,snr-greedy,8,2,,0.9938,0.9941,,13.0,13.25,,21,21,,OFF
1790646114.4594245,5,688,1,snr-greedy,8,2,,0.9858,0.9913,,12.25,12.25,,21,22,,OFF
1790646115.2818334,8,664,1,snr-greedy,8,2,,0.9933,0.9944,,12.75,13.5,,21,23,,OFF
1790646118.3773491,1,690,1,snr-greedy,8,1,,0.9924,0.9914,,12.5,12.25,,21,22,,OFF
1790646119.7023368,3,689,1,snr-greedy,8,1,,0.9943,0.9925,,13.5,12.5,,22,21,,OFF
1790646121.8115647,2,672,0,snr-greedy,8,2,,0.9939,0.9942,,13.0,13.25,,21,20,,OFF
1790646122.114497,6,687,1,snr-greedy,8,2,,0.9915,0.9914,,12.25,12.25,,21,21,,OFF
1790646122.8123388,10,687,0,snr-greedy,8,2,,0.9914,0.9942,,12.25,13.25,,21,21,,OFF
1790646124.3049178,4,682,1,snr-greedy,8,2,,0.9923,0.9923,,12.5,12.5,,20,22,,OFF
1790646127.2682068,5,689,1,snr-greedy,8,2,,0.9901,0.9914,,12.0,12.25,,19,22,,OFF
1790646128.3097723,7,679,1,snr-greedy,8,2,,0.9924,0.9924,,12.5,12.5,,19,23,,OFF
1790646128.6890647,9,666,1,snr-greedy,8,1,,0.9933,0.9915,,12.75,12.25,,20,23,,OFF
1790646129.339634,8,665,1,snr-greedy,8,2,,0.9925,0.9942,,12.5,13.25,,19,24,,OFF
1790646131.3776314,2,673,1,snr-greedy,8,2,,0.9933,0.9933,,12.75,12.75,,18,23,,OFF
1790646132.406726,1,691,1,snr-greedy,8,1,,0.0096,0.0,,7.75,3.25,,19,23,,OFF
1790646134.1190598,3,690,1,snr-greedy,8,1,,0.9944,0.9932,,13.75,12.75,,20,21,,OFF
1790646136.680232,6,688,1,snr-greedy,8,2,,0.9901,0.9925,,12.0,12.5,,19,21,,OFF
1790646137.8182762,10,688,0,snr-greedy,8,1,,0.9941,0.9938,,13.25,13.0,,20,21,,OFF
1790646138.211715,4,683,1,snr-greedy,8,1,,0.9926,0.9914,,12.5,12.25,,20,21,,OFF
1790646141.804686,5,690,1,snr-greedy,8,2,,0.9915,0.9915,,12.25,12.25,,20,21,,OFF
1790646143.8370361,8,666,1,snr-greedy,8,2,,0.0,0.1756,,1.0,9.0,,19,22,,OFF
1790646144.849536,9,667,1,snr-greedy,8,1,,0.9926,0.9901,,12.5,12.0,,20,22,,OFF
1790646145.8006036,2,674,1,snr-greedy,8,1,,0.9938,0.9933,,13.0,12.75,,19,22,,OFF
1790646147.3569062,10,689,1,snr-greedy,8,1,,0.9926,0.9925,,12.5,12.5,,17,22,,OFF
1790646150.9288387,6,689,1,snr-greedy,8,1,,0.9914,0.9915,,12.25,12.25,,17,21,,OFF
1790646151.4080257,4,684,1,snr-greedy,8,1,,0.9915,0.9899,,12.25,12.0,,18,21,,OFF
1790646151.8257387,1,692,0,snr-greedy,8,1,,0.9852,0.9805,,12.25,12.0,,18,21,,OFF
1790646152.827933,3,691,0,snr-greedy,8,1,,0.9926,0.9915,,12.5,12.25,,19,21,,OFF
1790646156.6455324,8,667,1,snr-greedy,8,2,,0.991,0.9931,,12.25,12.75,,19,21,,OFF
1790646156.9492736,5,691,1,snr-greedy,8,2,,0.9937,0.9942,,13.0,13.25,,19,21,,OFF
1790646159.0176482,9,668,1,snr-greedy,8,2,,0.0,0.0,,0.0,2.0,,18,21,,ON
1790646159.5305524,2,675,1,snr-greedy,8,1,,0.9932,0.9925,,12.75,12.5,,19,21,,ON
1790646160.4250093,7,681,1,snr-greedy,8,2,,0.9925,0.9938,,12.5,13.0,,19,22,,ON
1790646161.1715975,10,690,1,snr-greedy,8,1,,0.9926,0.9915,,12.5,12.25,,20,21,,ON
1790646162.21001,1,693,1,snr-greedy,8,2,,0.0,0.0,,1.0,3.75,,19,22,,ON
1790646164.4255898,4,685,1,snr-greedy,8,2,,0.0,0.9694,,3.5,10.75,,19,22,,ON
1790646166.36067,6,690,1,snr-greedy,8,2,,0.0,0.9932,,3.75,12.75,,19,22,,ON
1790646169.9696827,8,668,1,snr-greedy,8,2,,0.9932,0.9938,,12.75,13.0,,16,23,,OFF
1790646170.7840314,5,692,1,snr-greedy,8,1,,0.9944,0.9932,,13.5,12.75,,17,22,,OFF
1790646173.4947002,9,669,1,snr-greedy,8,1,,0.9932,0.9933,,12.75,12.75,,18,22,,OFF
1790646175.280542,2,676,1,snr-greedy,8,2,,0.9932,0.9931,,12.75,12.75,,18,21,,OFF
1790646175.88768,10,691,1,snr-greedy,8,2,,0.9914,0.9938,,12.25,13.0,,18,21,,OFF
1790646176.7483325,3,693,1,snr-greedy,8,2,,0.0,0.01,,-0.5,7.75,,18,22,,OFF
1790646179.9241433,6,691,1,snr-greedy,8,1,,0.9937,0.9933,,13.0,12.75,,17,22,,OFF
1790646180.4037511,4,686,1,snr-greedy,8,1,,0.9914,0.9882,,12.25,11.75,,18,22,,OFF
1790646182.8375697,7,682,0,snr-greedy,8,1,,0.9932,0.9926,,12.75,12.5,,19,19,,OFF
1790646189.8416307,8,669,0,snr-greedy,8,1,,0.0,0.0,,2.75,1.25,,19,15,,OFF
1790646189.8426938,5,693,0,snr-greedy,8,2,,0.9915,0.9916,,12.25,12.25,,19,16,,OFF
1790646190.142738,10,692,1,snr-greedy,8,2,,0.9924,0.9943,,12.5,13.5,,19,17,,OFF
1790646190.6420937,3,694,1,snr-greedy,8,2,,0.9938,0.9944,,13.0,13.5,,19,18,,OFF
1790646192.4884763,1,695,1,snr-greedy,8,2,,0.9912,0.9925,,12.25,12.5,,18,18,,OFF
1790646192.894954,7,683,1,snr-greedy,8,2,,0.991,0.9914,,12.25,12.25,,18,19,,OFF
1790646193.845887,9,670,0,snr-greedy,8,2,,0.0,0.9933,,-2.0,12.75,,18,20,,OFF
1790646193.846849,2,677,0,snr-greedy,8,2,,0.9914,0.9914,,12.25,12.25,,18,21,,OFF
1790646194.9493575,4,687,1,snr-greedy,8,1,,0.9914,0.9914,,12.25,12.25,,18,21,,OFF
1790646196.4860497,6,692,1,snr-greedy,8,2,,0.9925,0.9938,,12.5,13.0,,18,22,,OFF
1790646200.1715941,5,694,1,snr-greedy,8,1,,0.9867,0.9853,,12.75,12.5,,17,21,,OFF
1790646203.3217323,2,678,1,snr-greedy,8,2,,0.0,0.9768,,-0.5,11.0,,17,21,,OFF
1790646203.8347192,3,695,1,snr-greedy,8,1,,0.9937,0.9923,,13.0,12.5,,18,21,,OFF
1790646204.7678485,9,671,1,snr-greedy,8,2,,0.9916,0.9924,,12.25,12.5,,18,21,,OFF
1790646204.8696692,8,670,0,snr-greedy,8,1,,0.9885,0.9881,,13.0,12.75,,18,21,,OFF
1790646205.1760907,1,696,1,snr-greedy,8,1,,0.9925,0.99,,12.5,12.0,,19,21,,OFF
1790646207.9446952,4,688,1,snr-greedy,8,2,,0.9914,0.9925,,12.25,12.5,,17,22,,OFF
1790646209.1789029,7,684,1,snr-greedy,8,2,,0.9925,0.9932,,12.5,12.75,,17,23,,OFF
1790646209.902832,6,693,1,snr-greedy,8,1,,0.9933,0.9915,,12.75,12.25,,18,23,,OFF
1790646215.9391682,5,695,1,snr-greedy,8,1,,0.9914,0.9901,,12.25,12.0,,15,23,,ON
1790646216.3344746,8,671,1,snr-greedy,8,2,,0.0,0.0,,-0.5,4.25,,15,24,,ON
1790646216.858027,2,679,1,snr-greedy,8,1,,0.994,0.9915,,13.25,12.25,,16,23,,ON
1790646217.8918757,9,672,1,snr-greedy,8,1,,0.9942,0.9938,,13.25,13.0,,17,22,,OFF
1790646218.3254702,3,696,1,snr-greedy,8,1,,0.9938,0.9914,,13.0,12.25,,18,22,,OFF
1790646221.380675,4,689,1,snr-greedy,8,2,,0.9881,0.9901,,11.75,12.0,,16,21,,OFF
1790646221.7978024,7,685,1,snr-greedy,8,2,,0.9924,0.9933,,12.5,12.75,,16,22,,OFF
1790646223.6096053,6,694,1,snr-greedy,8,2,,0.9901,0.9915,,12.0,12.25,,16,22,,OFF
1790646224.8954368,1,697,0,snr-greedy,8,1,,0.9915,0.9899,,12.25,12.0,,17,21,,OFF
1790646229.9975052,8,672,1,snr-greedy,8,1,,0.9915,0.9902,,12.25,12.0,,18,19,,OFF
1790646230.3892865,2,680,1,snr-greedy,8,2,,0.9924,0.9933,,12.5,12.75,,18,20,,OFF
1790646233.74363,9,673,1,snr-greedy,8,1,,0.9942,0.9933,,13.25,12.75,,17,20,,OFF
1790646234.1782968,1,698,1,snr-greedy,8,2,,0.99,0.9898,,12.0,12.0,,17,21,,OFF
1790646234.7970097,7,686,1,snr-greedy,8,2,,0.9817,0.9875,,12.0,12.5,,17,22,,OFF
1790646236.033611,10,695,1,snr-greedy,8,2,,0.9931,0.9942,,12.75,13.25,,17,21,,OFF
1790646236.8197672,6,695,1,snr-greedy,8,2,,0.9925,0.9925,,12.5,12.5,,17,21,,OFF
1790646237.9012516,5,696,0,snr-greedy,8,2,,0.9925,0.9932,,12.5,12.75,,17,22,,OFF
1790646239.903081,4,690,0,snr-greedy,8,1,,0.9879,0.988,,11.75,11.75,,18,22,,OFF
1790646243.0754275,2,681,1,snr-greedy,8,2,,0.0016,0.9933,,7.0,12.75,,15,23,,OFF
1790646246.6690748,5,697,1,snr-greedy,8,2,,0.9925,0.9932,,12.5,12.75,,15,24,,OFF
1790646247.7623456,7,687,1,snr-greedy,8,2,,0.985,0.9842,,12.25,12.25,,15,25,,OFF
1790646249.4367106,10,696,1,snr-greedy,8,2,,0.9931,0.9937,,12.75,13.0,,15,26,,OFF
1790646249.7148917,4,691,1,snr-greedy,8,2,,0.979,0.9802,,12.0,12.25,,15,27,,OFF
1790646250.5749235,6,696,1,snr-greedy,8,1,,0.9943,0.9942,,13.5,13.25,,15,25,,OFF
1790646252.911367,1,699,0,snr-greedy,8,1,,0.9938,0.9913,,13.0,12.25,,16,22,,OFF
1790646252.9120662,9,674,0,snr-greedy,8,2,,0.9916,0.9933,,12.25,12.75,,16,23,,OFF
1790646253.9147353,3,698,0,snr-greedy,8,1,,0.8689,0.8535,,12.5,12.25,,17,21,,OFF
1790646257.8218312,8,674,1,snr-greedy,8,1,,0.9943,0.9942,,13.5,13.25,,17,20,,OFF
1790646259.493768,2,682,1,snr-greedy,8,2,,0.9924,0.9937,,12.5,13.0,,17,21,,OFF
1790646260.480623,5,698,1,snr-greedy,8,2,,0.8535,0.8835,,12.25,12.25,,16,22,,OFF
1790646262.9332693,10,697,1,snr-greedy,8,2,,0.0,0.9941,,-1.5,13.25,,16,23,,OFF
1790646262.946319,1,700,1,snr-greedy,8,2,,0.9881,0.9933,,11.75,12.75,,16,24,,OFF
1790646263.9451575,9,675,1,snr-greedy,8,1,,0.8887,0.8535,,13.0,12.25,,16,23,,ON
1790646265.936846,7,688,0,snr-greedy,8,2,,0.9929,0.9934,,12.75,13.0,,14,23,,ON
1790646267.9382234,3,699,0,snr-greedy,8,1,,0.0478,0.0016,,8.5,7.0,,15,23,,OFF
1790646269.9406397,6,697,0,snr-greedy,8,2,,0.9852,0.9938,,11.5,13.0,,14,22,,OFF
1790646271.7800856,8,675,1,snr-greedy,8,2,,0.9933,0.9938,,12.75,13.0,,14,23,,OFF
1790646272.9785607,2,683,1,snr-greedy,8,1,,0.9938,0.9933,,13.0,12.75,,15,23,,OFF
1790646275.758005,1,701,1,snr-greedy,8,1,,0.9942,0.9924,,13.25,12.5,,16,23,,OFF
1790646276.9032147,5,699,1,snr-greedy,8,2,,0.0,0.5671,,5.0,9.25,,14,23,,OFF
1790646277.176514,10,698,1,snr-greedy,8,2,,0.9913,0.9933,,12.25,12.75,,14,24,,OFF
1790646277.5969694,9,676,1,snr-greedy,8,1,,0.9938,0.9926,,13.0,12.5,,15,24,,OFF
1790646278.4209986,4,693,1,snr-greedy,8,2,,0.0,0.681,,2.25,11.0,,13,25,,OFF
1790646320.2710366,2,686,1,ewma,8,2,,0.0,0.9877,,0.5,0.5,,0,1,,OFF
1790646321.1026812,1,704,1,ewma,8,1,,0.9931,0.0,,0.5,0.5,,1,1,,OFF
1790646321.2917602,5,702,1,ewma,8,2,,0.9853,0.9885,,0.5,0.5,,1,2,,OFF
1790646321.9405549,7,692,1,ewma,8,2,,0.9925,0.9925,,0.5,0.5,,1,3,,OFF
1790646322.844952,9,679,1,ewma,8,2,,0.9938,0.9938,,0.5,0.5,,1,4,,OFF
1790646323.5047374,8,678,0,ewma,8,1,,0.9924,0.9924,,0.5,0.5,,2,4,,OFF
1790646324.9945467,6,701,1,ewma,8,2,,0.9924,0.9924,,0.5,0.5,,2,5,,OFF
1790646325.7447398,4,696,1,ewma,8,1,,0.9901,0.9932,,0.5,0.5,,3,5,,OFF
1790646325.8127027,3,703,1,ewma,8,1,,0.9882,0.9882,,0.5,0.5,,4,5,,OFF
1790646333.4144053,8,679,1,ewma,8,2,,0.9926,0.9915,,0.4,0.5,,4,6,,OFF
1790646334.6555135,2,687,1,ewma,8,2,,0.9861,0.9923,,0.5,0.6,,4,7,,OFF
1790646334.6558242,1,705,1,ewma,8,1,,0.0,0.0,,0.6,0.5,,5,7,,OFF
1790646336.2760186,10,702,1,ewma,8,2,,0.9938,0.9942,,0.5,0.5,,5,8,,OFF
1790646336.308925,9,680,1,ewma,8,2,,0.9925,0.9926,,0.5,0.6,,5,9,,OFF
1790646337.6706333,6,702,1,ewma,8,2,,0.9882,0.9914,,0.5,0.6,,5,10,,OFF
1790646338.188761,7,693,1,ewma,8,1,,0.9899,0.9942,,0.5,0.4,,6,10,,OFF
1790646339.5206323,5,703,0,ewma,8,2,,0.99,0.9932,,0.5,0.6,,6,11,,OFF
1790646339.916171,4,697,1,ewma,8,1,,0.9898,0.9898,,0.6,0.5,,7,11,,OFF
1790646340.7727404,3,704,1,ewma,8,1,,0.9944,0.9932,,0.6,0.5,,8,11,,OFF
1790646346.5236104,8,680,1,ewma,8,2,,0.9944,0.9943,,0.4,0.6,,8,12,,OFF
1790646349.1761618,5,704,1,ewma,8,1,,0.9925,0.9938,,0.5,0.48,,9,12,,OFF
1790646350.8456597,6,703,1,ewma,8,2,,0.9899,0.9861,,0.5,0.68,,9,13,,OFF
1790646351.843425,7,694,1,ewma,8,1,,0.9915,0.9915,,0.6,0.4,,10,13,,OFF
1790646352.9819486,4,698,1,ewma,8,1,,0.9914,0.9901,,0.68,0.5,,11,13,,OFF
1790646354.5142274,3,705,1,ewma,8,1,,0.9933,0.9925,,0.68,0.5,,12,13,,OFF
1790646354.5281248,9,681,0,ewma,8,2,,0.0,0.0,,0.5,0.68,,12,14,,OFF
1790646355.5301325,2,688,0,ewma,8,1,,0.9696,0.9881,,0.5,0.48,,13,14,,OFF
1790646355.5310519,1,706,0,ewma,8,2,,0.9881,0.9824,,0.48,0.5,,13,15,,OFF
1790646356.532757,10,703,0,ewma,8,2,,0.9938,0.0,,0.5,0.6,,13,16,,OFF
1790646359.2161129,8,681,1,ewma,8,2,,0.9926,0.9939,,0.4,0.68,,13,17,,OFF
1790646362.8957055,5,705,1,ewma,8,1,,0.9901,0.9915,,0.6,0.48,,14,17,,ON
1790646364.0187147,6,704,1,ewma,8,2,,0.9926,0.9933,,0.5,0.744,,14,18,,ON
1790646366.2757237,2,689,1,ewma,8,2,,0.0,0.99,,0.4,0.48,,14,19,,UNKNOWN
1790646366.5633175,1,707,1,ewma,8,1,,0.9867,0.9871,,0.48,0.4,,15,19,,UNKNOWN
1790646369.7554514,3,706,1,ewma,8,1,,0.9938,0.9901,,0.544,0.5,,16,19,,OFF
1790646371.5397885,9,682,0,ewma,8,2,,0.0,0.9587,,0.5,0.544,,16,20,,OFF
1790646371.5407257,10,704,0,ewma,8,1,,0.0,0.0,,0.5,0.48,,17,20,,OFF
1790646372.3076468,8,682,1,ewma,8,2,,0.9933,0.9933,,0.4,0.744,,17,21,,OFF
1790646376.6058984,6,705,1,ewma,8,2,,0.9916,0.9926,,0.5,0.7952,,17,22,,OFF
1790646377.6286135,5,706,1,ewma,8,2,,0.9925,0.9925,,0.48,0.48,,17,23,,OFF
1790646381.2212443,4,700,1,ewma,8,1,,0.9908,0.9908,,0.68,0.5,,17,22,,OFF
1790646381.618332,2,690,1,ewma,8,1,,0.0,0.99,,0.4,0.384,,18,21,,OFF
1790646382.1272168,7,696,1,ewma,8,1,,0.8333,0.9932,,0.6,0.4,,19,20,,OFF
1790646382.735844,3,707,1,ewma,8,1,,0.9942,0.9915,,0.6352,0.5,,20,20,,OFF
1790646386.5453951,1,708,0,ewma,8,2,,0.9941,0.9915,,0.384,0.4,,17,19,,OFF
1790646386.6260169,8,683,1,ewma,8,2,,0.9938,0.9942,,0.4,0.7952,,17,20,,OFF
1790646390.1237833,6,706,1,ewma,8,2,,0.9915,0.9938,,0.5,0.8362,,17,21,,OFF
1790646391.783433,5,707,1,ewma,8,2,,0.9926,0.9901,,0.48,0.584,,17,22,,OFF
1790646394.7545035,4,701,1,ewma,8,1,,0.99,0.9915,,0.744,0.5,,17,20,,OFF
1790646396.0634947,2,691,1,ewma,8,1,,0.0,0.9932,,0.52,0.384,,18,20,,OFF
1790646397.181962,9,684,1,ewma,8,2,,0.9938,0.9915,,0.5,0.544,,18,19,,OFF
1790646397.528008,1,709,1,ewma,8,1,,0.99,0.9921,,0.384,0.32,,19,19,,OFF
1790646399.5750003,8,684,1,ewma,8,2,,0.9939,0.9933,,0.4,0.8362,,18,18,,OFF
1790646400.5497937,3,708,0,ewma,8,1,,0.9942,0.9925,,0.7082,0.5,,18,18,,OFF
1790646401.5510714,7,697,0,ewma,8,1,,0.9852,0.9932,,0.68,0.4,,18,18,,OFF
1790646403.4332464,6,707,1,ewma,8,2,,0.9938,0.9944,,0.5,0.8689,,18,19,,OFF
1790646403.5524275,10,706,0,ewma,8,1,,0.8535,0.8887,,0.5,0.48,,19,19,,OFF
1790646405.2648518,5,708,1,ewma,8,2,,0.9937,0.9938,,0.48,0.6672,,19,20,,OFF
1790646407.9293208,4,702,1,ewma,8,1,,0.9912,0.9924,,0.7952,0.5,,20,19,,OFF
1790646408.8969767,2,692,1,ewma,8,1,,0.9944,0.9933,,0.616,0.384,,21,19,,OFF
1790646410.3956478,9,685,1,ewma,8,2,,0.9915,0.9926,,0.5,0.6352,,20,20,,OFF
1790646411.3104258,1,710,1,ewma,8,1,,0.9246,0.9458,,0.5072,0.32,,21,19,,OFF
1790646411.5284176,3,709,1,ewma,8,1,,0.8903,0.9889,,0.5665,0.5,,22,19,,OFF
1790646412.960963,10,707,1,ewma,8,2,,0.9882,0.9933,,0.4,0.48,,21,20,,OFF
1790646413.468444,8,685,1,ewma,8,2,,0.9938,0.9941,,0.4,0.8689,,20,21,,OFF
1790646416.1241636,6,708,1,ewma,8,2,,0.0,0.9943,,0.5,0.8951,,18,20,,UNKNOWN
1790646420.5627966,5,709,1,ewma,8,2,,0.9914,0.9915,,0.48,0.5338,,18,19,,OFF
1790646422.7228684,4,703,1,ewma,8,1,,0.0,0.0097,,0.6362,0.5,,19,19,,OFF
1790646424.196975,1,711,1,ewma,8,1,,0.9925,0.9882,,0.6058,0.32,,19,18,,OFF
1790646424.7088916,9,686,1,ewma,8,2,,0.9933,0.9938,,0.5,0.7082,,19,19,,OFF
1790646425.7783113,3,710,1,ewma,8,1,,0.9938,0.9925,,0.6532,0.5,,20,19,,OFF
1790646426.3882005,8,686,1,ewma,8,2,,0.9914,0.3648,,0.4,0.8951,,20,19,,OFF
1790646426.8788884,7,699,1,ewma,8,1,,0.9901,0.9915,,0.68,0.4,,20,19,,OFF
1790646428.307736,10,708,1,ewma,8,1,,0.9899,0.9938,,0.4,0.384,,21,19,,OFF
1790646428.56482,2,693,0,ewma,8,1,,0.9925,0.9925,,0.6928,0.384,,22,19,,OFF
1790646429.262978,6,709,1,ewma,8,2,,0.9915,0.9933,,0.5,0.9161,,22,20,,OFF
1790646433.4373024,5,710,1,ewma,8,2,,0.9915,0.9925,,0.48,0.627,,20,19,,OFF
1790646435.1607456,4,704,1,ewma,8,1,,0.9924,0.9924,,0.7089,0.5,,21,19,,OFF
1790646437.9271865,1,712,1,ewma,8,1,,0.0,0.0,,0.6846,0.32,,22,17,,OFF
1790646438.6550047,2,694,1,ewma,8,1,,0.9924,0.9925,,0.5542,0.384,,23,17,,OFF
1790646439.3898165,8,687,1,ewma,8,2,,0.9915,0.298,,0.4,0.9161,,23,18,,OFF
1790646439.703902,7,700,1,ewma,8,1,,0.9911,0.9915,,0.744,0.4,,24,18,,OFF
1790646442.5521557,6,710,1,ewma,8,2,,0.7966,0.01,,0.5,0.9329,,21,19,,OFF
1790646443.5719943,9,687,0,ewma,8,2,,0.9933,0.9938,,0.5,0.7665,,20,20,,OFF
1790646443.5728204,3,711,0,ewma,8,1,,0.9944,0.9933,,0.7226,0.5,,21,20,,OFF
1790646447.5447164,5,711,1,ewma,8,2,,0.9933,0.9932,,0.48,0.7016,,21,19,,OFF
1790646450.8537736,1,713,1,ewma,8,1,,0.9938,0.9912,,0.7477,0.32,,22,18,,OFF
1790646451.768939,4,705,1,ewma,8,1,,0.9925,0.9925,,0.5671,0.5,,23,18,,OFF
1790646452.4830294,2,695,1,ewma,8,1,,0.9944,0.9932,,0.6434,0.384,,24,17,,OFF
1790646452.9958534,3,712,1,ewma,8,1,,0.9933,0.9915,,0.5781,0.5,,25,17,,OFF
1790646453.948245,7,701,1,ewma,8,1,,0.0,0.0467,,0.7952,0.4,,26,17,,OFF
1790646455.4548662,6,711,1,ewma,8,2,,0.9942,0.9925,,0.5,0.9463,,25,18,,OFF
1790646458.579239,8,688,0,ewma,8,2,,0.9933,0.9921,,0.4,0.9329,,23,18,,OFF
1790646459.2373066,10,710,1,ewma,8,1,,0.9938,0.9941,,0.4,0.384,,24,18,,OFF
1790646460.5818179,9,688,0,ewma,8,2,,0.9933,0.9902,,0.5,0.6132,,23,18,,OFF
1790646461.4800844,5,712,1,ewma,8,2,,0.9924,0.9933,,0.48,0.7613,,23,19,,OFF
1790646465.0762544,2,696,1,ewma,8,1,,0.8689,0.9925,,0.7147,0.384,,22,18,,UNKNOWN
1790646466.8238008,3,713,1,ewma,8,1,,0.0002,0.4569,,0.6624,0.5,,23,17,,OFF
1790646467.8338323,4,706,1,ewma,8,2,,0.9914,0.9882,,0.4537,0.5,,23,18,,OFF
1790646468.1601715,6,712,1,ewma,8,2,,0.9935,0.9929,,0.5,0.9571,,22,19,,OFF
1790646469.1804671,9,689,1,ewma,8,1,,0.9924,0.9925,,0.5,0.4906,,22,19,,OFF
1790646470.5858808,1,714,0,ewma,8,1,,0.9914,0.9914,,0.7981,0.32,,23,18,,OFF
1790646473.067972,10,711,1,ewma,8,1,,0.9901,0.9916,,0.52,0.384,,22,17,,OFF
1790646474.1960485,5,713,1,ewma,8,2,,0.9915,0.9925,,0.48,0.809,,22,17,,OFF
1790646474.5887938,8,689,0,ewma,8,2,,0.9925,0.9938,,0.4,0.7463,,22,18,,OFF
1790646478.2238803,2,697,1,ewma,8,1,,0.9938,0.9915,,0.7718,0.384,,23,17,,OFF
1790646480.765483,1,715,1,ewma,8,1,,0.0,0.0054,,0.6385,0.32,,24,16,,OFF
1790646481.1563745,6,713,1,ewma,8,2,,0.9933,0.9933,,0.5,0.9656,,24,17,,OFF
1790646482.1857386,7,703,1,ewma,8,1,,0.0,0.0,,0.7952,0.4,,25,17,,OFF
1790646483.8916876,9,690,1,ewma,8,1,,0.9925,0.9925,,0.6,0.4906,,25,17,,OFF
1790646484.9244826,8,690,1,ewma,8,2,,0.9937,0.9944,,0.4,0.5971,,24,17,,OFF
1790646486.6047828,10,712,1,ewma,8,1,,0.9942,0.9942,,0.616,0.384,,24,16,,OFF
1790646487.5945702,4,707,0,ewma,8,2,,0.9901,0.9882,,0.4537,0.6,,23,17,,OFF
1790646489.6558616,5,714,1,ewma,8,2,,0.9882,0.9899,,0.48,0.6472,,21,17,,OFF
1790646491.6426523,2,698,1,ewma,8,1,,0.9902,0.9916,,0.8174,0.384,,22,17,,OFF
1790646494.565579,1,716,1,ewma,8,1,,0.9925,0.9925,,0.7108,0.32,,23,16,,OFF
1790646495.2937698,7,704,1,ewma,8,1,,0.9942,0.9915,,0.8362,0.4,,23,16,,OFF
1790646495.701979,6,714,1,ewma,8,2,,0.9915,0.9937,,0.5,0.9725,,23,17,,OFF
1790646496.9300385,3,715,1,ewma,8,1,,0.9941,0.9925,,0.6624,0.5,,24,17,,OFF
1790646498.1601007,9,691,1,ewma,8,1,,0.3265,0.1913,,0.68,0.4906,,24,17,,OFF
1790646499.089316,8,691,1,ewma,8,2,,0.9941,0.9943,,0.4,0.6776,,23,18,,OFF
1790646501.5257535,10,713,1,ewma,8,1,,0.9924,0.9942,,0.4928,0.384,,23,17,,OFF
1790646502.4844322,5,715,1,ewma,8,2,,0.9933,0.9933,,0.48,0.7178,,23,18,,OFF
1790646504.6010115,4,708,0,ewma,8,2,,0.99,0.9882,,0.4537,0.48,,22,17,,OFF
1790646505.4120882,2,699,1,ewma,8,1,,0.9915,0.9915,,0.8539,0.384,,23,17,,OFF
1790646507.1740832,1,717,1,ewma,8,1,,0.9883,0.9915,,0.7687,0.32,,24,17,,OFF
1790646508.2036998,6,715,1,ewma,8,2,,0.9916,0.9915,,0.5,0.978,,24,17,,OFF
1790646509.96495,3,716,1,ewma,8,1,,0.9943,0.9925,,0.73,0.5,,25,17,,OFF
1790646511.2837598,7,705,1,ewma,8,1,,0.9925,0.9915,,0.6689,0.4,,25,17,,ON
1790646511.9791586,9,692,1,ewma,8,1,,0.9925,0.9933,,0.744,0.4906,,25,17,,ON
1790646512.390693,8,692,1,ewma,8,2,,0.9926,0.9933,,0.4,0.7421,,25,18,,ON
1790646513.9193416,4,709,1,ewma,8,1,,0.9901,0.9881,,0.4537,0.384,,24,18,,ON
1790646515.1582754,5,716,1,ewma,8,2,,0.9933,0.0,,0.48,0.7742,,23,19,,ON
1790646518.823866,2,700,1,ewma,8,1,,0.0,0.9916,,0.8831,0.384,,24,17,,UNKNOWN
1790646520.6093302,10,714,0,ewma,8,1,,0.0016,0.9925,,0.5942,0.384,,24,16,,UNKNOWN
1790646521.5139468,6,716,1,ewma,8,2,,0.9877,0.9885,,0.5,0.9824,,24,16,,OFF
1790646523.4511554,3,717,1,ewma,8,1,,0.9915,0.9926,,0.784,0.5,,25,16,,OFF
1790646524.9949152,8,693,1,ewma,8,2,,0.9933,0.9933,,0.4,0.7937,,25,17,,OFF
1790646526.6126628,1,718,0,ewma,8,1,,0.9938,0.9914,,0.8149,0.32,,25,17,,OFF
1790646526.9385712,9,693,1,ewma,8,1,,0.9942,0.9933,,0.5952,0.4906,,25,17,,OFF
1790646527.4323792,7,706,1,ewma,8,1,,0.9938,0.9914,,0.5351,0.4,,26,17,,OFF
1790646530.1328883,4,710,1,ewma,8,2,,0.9925,0.9925,,0.363,0.384,,25,16,,OFF
1790646531.019244,10,715,1,ewma,8,1,,0.9921,0.9943,,0.4754,0.384,,25,16,,OFF
1790646531.7395463,5,717,1,ewma,8,2,,0.9931,0.9931,,0.48,0.6194,,25,17,,OFF
1790646533.0720284,2,701,1,ewma,8,1,,0.9933,0.9915,,0.9065,0.384,,25,17,,OFF
1790646535.4455318,6,717,1,ewma,8,2,,0.9901,0.9926,,0.5,0.9859,,25,16,,OFF
1790646537.1791573,1,719,1,ewma,8,1,,0.9924,0.9925,,0.6519,0.32,,26,16,,OFF
1790646538.5389032,8,694,1,ewma,8,2,,0.9938,0.9942,,0.4,0.835,,25,17,,OFF
1790646539.1231356,3,718,1,ewma,8,1,,0.9938,0.99,,0.6272,0.5,,26,17,,OFF
1790646540.1425772,7,707,1,ewma,8,1,,0.99,0.9915,,0.6281,0.4,,27,17,,OFF
1790646540.88227,9,694,1,ewma,8,1,,0.9925,0.9926,,0.6762,0.4906,,27,17,,OFF
1790646543.3193557,4,711,1,ewma,8,2,,0.9923,0.9925,,0.363,0.5072,,26,17,,OFF
1790646545.467987,10,716,1,ewma,8,1,,0.9933,0.9944,,0.5803,0.384,,26,16,,OFF
1790646546.2743027,5,718,1,ewma,8,2,,0.9913,0.9933,,0.48,0.4955,,26,17,,OFF
1790646547.3852828,2,702,1,ewma,8,1,,0.9923,0.9937,,0.9252,0.384,,26,17,,OFF
1790646548.5179374,6,718,1,ewma,8,2,,0.9933,0.9933,,0.5,0.9887,,26,17,,OFF
1790646549.9940803,1,720,1,ewma,8,1,,0.9925,0.9924,,0.7216,0.32,,27,16,,OFF
1790646592.2407658,5,721,1,state-aware,9,2,,0.9933,0.9933,,0.9933,0.9933,,0,1,,OFF
1790646592.568522,6,721,1,state-aware,9,2,,0.9913,0.9941,,0.9913,0.9941,,0,2,,OFF
1790646593.209261,10,719,1,state-aware,9,2,,0.9914,0.9925,,0.9914,0.9925,,0,3,,OFF
1790646594.039424,2,705,1,state-aware,9,1,,0.9938,0.9925,,0.9938,0.9925,,1,3,,OFF
1790646594.2437503,7,710,0,state-aware,9,1,,0.9908,0.9,,0.9908,0.9,,2,3,,OFF
1790646596.2450402,4,714,0,state-aware,9,2,,0.9,0.9862,,0.9,0.9862,,2,4,,OFF
1790646596.4960358,1,723,1,state-aware,9,1,,0.9933,0.9882,,0.9933,0.9882,,3,4,,OFF
1790646598.696904,3,722,1,state-aware,9,1,,0.9938,0.9932,,0.9938,0.9932,,4,4,,OFF
1790646600.5681918,8,698,1,state-aware,9,1,,0.9047,0.9001,,0.9047,0.9001,,5,4,,OFF
1790646601.4863741,7,711,1,state-aware,9,2,,0.9901,0.9925,,0.8917,0.9925,,5,5,,OFF
1790646604.4674423,4,715,1,state-aware,9,1,,0.9915,0.9914,,0.9915,0.8929,,6,5,,OFF
1790646605.551341,5,722,1,state-aware,9,1,,0.9932,0.9925,,0.9932,0.9271,,7,5,,OFF
1790646606.1681783,6,722,1,state-aware,9,1,,0.9925,0.9925,,0.9925,0.927,,8,5,,OFF
1790646606.2498236,9,698,0,state-aware,9,1,,0.9,0.0,,0.9,0.0,,9,5,,OFF
1790646608.570434,2,706,1,state-aware,9,2,,0.9925,0.9925,,0.9271,0.9925,,9,6,,OFF
1790646611.9689653,3,723,1,state-aware,9,2,,0.9933,0.9916,,0.9278,0.9916,,9,7,,OFF
1790646612.2525625,10,720,0,state-aware,9,1,,0.9932,0.9941,,0.9932,0.9284,,10,7,,OFF
1790646612.6767423,1,724,1,state-aware,9,2,,0.9926,0.9914,,0.8938,0.9914,,10,8,,OFF
1790646614.208784,8,699,1,state-aware,9,2,,0.9933,0.9942,,0.9277,0.9942,,10,9,,OFF
1790646615.008272,7,712,1,state-aware,9,2,,0.9914,0.9932,,0.8929,0.9277,,10,10,,OFF
1790646616.7559817,9,699,1,state-aware,9,2,,0.9915,0.9925,,0.8929,0.9925,,10,11,,OFF
1790646618.5734956,4,716,1,state-aware,9,1,,0.9901,0.9901,,0.9251,0.8917,,11,11,,OFF
1790646619.4229443,5,723,1,state-aware,9,2,,0.9932,0.9932,,0.9277,0.9277,,11,12,,OFF
1790646624.2562878,6,723,0,state-aware,9,1,,0.9939,0.9925,,0.9282,0.9271,,12,12,,OFF
1790646625.5781128,3,724,1,state-aware,9,1,,0.9925,0.9915,,0.9271,0.9263,,13,12,,OFF
1790646626.3543973,1,725,1,state-aware,9,2,,0.9933,0.9901,,0.8944,0.9251,,13,13,,OFF
1790646627.166169,8,700,1,state-aware,9,2,,0.9915,0.9925,,0.9263,0.9271,,13,14,,OFF
1790646627.2576952,10,721,0,state-aware,9,2,,0.0,0.0,,0.0667,0.1,,13,15,,OFF
1790646628.2589154,2,707,0,state-aware,9,2,,0.9925,0.9933,,0.9271,0.9277,,13,16,,OFF
1790646628.3999286,7,713,1,state-aware,9,2,,0.9925,0.9932,,0.8937,0.9037,,13,17,,OFF
1790646629.4206512,9,700,1,state-aware,9,2,,0.9944,0.9932,,0.8953,0.9277,,13,18,,OFF
1790646631.693546,4,717,1,state-aware,9,1,,0.9914,0.9914,,0.9025,0.8929,,14,18,,OFF
1790646632.9137974,5,724,1,state-aware,9,1,,0.9915,0.9915,,0.9263,0.9025,,15,18,,ON
1790646634.785642,6,724,1,state-aware,9,2,,0.9914,0.9931,,0.8453,0.9276,,15,19,,ON
1790646637.9227476,2,708,1,state-aware,9,1,,0.9925,0.9772,,0.9271,0.8351,,16,19,,ON
1790646638.5415616,3,725,1,state-aware,9,1,,0.9925,0.8073,,0.9032,0.7727,,17,19,,ON
1790646639.3613834,1,726,1,state-aware,9,2,,0.0,0.9812,,0.0667,0.8951,,17,20,,ON
1790646640.8191557,8,701,1,state-aware,9,1,,0.9938,0.9942,,0.9282,0.9044,,18,20,,UNKNOWN
1790646643.91121,7,714,1,state-aware,9,1,,0.9942,0.9937,,0.8952,0.8251,,19,20,,OFF
1790646644.9267454,9,701,1,state-aware,9,1,,0.9938,0.9924,,0.8948,0.846,,20,20,,OFF
1790646645.6121502,4,718,1,state-aware,9,1,,0.9901,0.9915,,0.8978,0.8929,,21,20,,OFF
1790646648.5062795,5,725,1,state-aware,9,2,,0.9925,0.9932,,0.846,0.9037,,21,21,,OFF
1790646648.9842982,6,725,1,state-aware,9,2,,0.9931,0.9912,,0.8465,0.9023,,21,22,,OFF
1790646651.9851656,2,709,1,state-aware,9,1,,0.9915,0.9933,,0.9025,0.8466,,22,22,,OFF
1790646653.0975263,3,726,1,state-aware,9,2,,0.9938,0.9915,,0.9002,0.9263,,22,21,,OFF
1790646654.9157283,10,723,1,state-aware,9,2,,0.9942,0.9932,,0.8951,0.9276,,20,21,,OFF
1790646655.7817087,1,727,1,state-aware,9,1,,0.9923,0.9923,,0.8936,0.8242,,21,21,,OFF
1790646656.6819892,7,715,1,state-aware,9,1,,0.9868,0.9925,,0.8534,0.8243,,21,20,,OFF
1790646660.1758554,4,719,1,state-aware,9,1,,0.99,0.9901,,0.9034,0.8917,,21,20,,OFF
1790646661.413409,9,702,1,state-aware,9,2,,0.9924,0.9931,,0.8003,0.8465,,20,21,,OFF
1790646662.2677374,8,702,0,state-aware,9,2,,0.9916,0.9933,,0.8454,0.9038,,20,21,,OFF
1790646662.739715,6,726,1,state-aware,9,2,,0.9938,0.9924,,0.847,0.8992,,20,22,,OFF
1790646664.9636807,5,726,1,state-aware,9,1,,0.9901,0.9925,,0.8444,0.8243,,20,22,,OFF
1790646665.6687694,2,710,1,state-aware,9,1,,0.9926,0.9916,,0.8994,0.8454,,20,22,,OFF
1790646667.6463263,10,724,1,state-aware,9,2,,0.9926,0.9938,,0.8938,0.9042,,18,23,,OFF
1790646667.963455,3,727,1,state-aware,9,1,,0.9938,0.99,,0.9001,0.8443,,19,23,,OFF
1790646668.4336576,1,728,1,state-aware,9,1,,0.9932,0.9924,,0.858,0.8242,,20,23,,OFF
1790646672.430099,8,703,1,state-aware,9,1,,0.9924,0.9942,,0.846,0.8253,,20,21,,OFF
1790646672.9422286,7,716,1,state-aware,9,2,,0.9915,0.99,,0.7757,0.8228,,20,21,,OFF
1790646674.3939354,4,720,1,state-aware,9,1,,0.99,0.9914,,0.9131,0.8929,,21,20,,OFF
1790646675.8646343,6,727,1,state-aware,9,2,,0.9938,0.9933,,0.847,0.9052,,21,20,,OFF
1790646677.480932,9,703,1,state-aware,9,1,,0.9938,0.9925,,0.8013,0.7643,,22,19,,OFF
1790646678.6960752,5,727,1,state-aware,9,1,,0.9915,0.9925,,0.8387,0.8243,,22,19,,OFF
1790646679.2995195,2,711,1,state-aware,9,1,,0.9933,0.9932,,0.9052,0.8466,,23,19,,OFF
1790646680.8417993,3,728,1,state-aware,9,1,,0.9925,0.9924,,0.9048,0.846,,24,18,,OFF
1790646681.280525,1,729,1,state-aware,9,1,,0.9938,0.9911,,0.8521,0.8234,,25,18,,OFF
1790646681.8681455,10,725,1,state-aware,9,2,,0.9915,0.9939,,0.8929,0.9002,,25,19,,OFF
1790646685.7595983,8,704,1,state-aware,9,1,,0.9942,0.9944,,0.8404,0.8255,,24,19,,OFF
1790646686.2600532,7,717,1,state-aware,9,2,,0.9932,0.9925,,0.7768,0.8337,,24,20,,OFF
1790646690.4860718,4,721,1,state-aware,9,2,,0.0,0.9932,,0.3649,0.8943,,24,15,,UNKNOWN
1790646692.5467088,9,704,1,state-aware,9,1,,0.9933,0.9933,,0.7918,0.7648,,24,15,,OFF
1790646692.580878,5,728,1,state-aware,9,1,,0.9932,0.9913,,0.8483,0.8236,,25,15,,OFF
1790646692.6034443,6,728,1,state-aware,9,1,,0.9939,0.9908,,0.8471,0.8135,,26,15,,OFF
1790646693.4140007,2,712,1,state-aware,9,1,,0.9933,0.9901,,0.9147,0.8444,,26,15,,OFF
1790646694.54082,10,726,1,state-aware,9,2,,0.9901,0.9933,,0.8917,0.9053,,26,16,,OFF
1790646695.0687356,3,729,1,state-aware,9,1,,0.9933,0.9915,,0.9147,0.8454,,27,15,,OFF
1790646695.3754473,1,730,1,state-aware,9,1,,0.9899,0.99,,0.8579,0.8228,,28,15,,OFF
1790646699.0608828,8,705,1,state-aware,9,1,,0.9938,0.9942,,0.8486,0.8254,,27,15,,OFF
1790646702.2521918,7,718,1,state-aware,9,1,,0.9941,0.9937,,0.7773,0.7509,,27,14,,OFF
1790646703.5016775,4,722,1,state-aware,9,2,,0.9925,0.9924,,0.816,0.8574,,27,15,,OFF
1790646707.3708024,6,729,1,state-aware,9,1,,0.9914,0.9926,,0.8386,0.8144,,25,15,,OFF
1790646707.9913278,3,730,1,state-aware,9,1,,0.9942,0.9933,,0.9259,0.8466,,26,15,,OFF
1790646708.80086,10,727,1,state-aware,9,2,,0.9925,0.9932,,0.8937,0.9147,,26,15,,UNKNOWN
1790646712.309365,5,729,0,state-aware,9,1,,0.9933,0.9943,,0.8635,0.8254,,26,14,,UNKNOWN
1790646712.310896,9,705,0,state-aware,9,1,,0.0339,0.1102,,0.2698,0.2129,,27,14,,UNKNOWN
1790646712.3119895,2,713,0,state-aware,9,1,,0.9926,0.9931,,0.9251,0.8465,,28,14,,UNKNOWN
1790646762.2541556,7,722,1,state-aware,9,1,,0.9943,0.9932,,0.7775,0.7507,,6,2,,OFF
1790646764.3289988,8,709,0,state-aware,9,1,,0.9938,0.0,,0.8486,0.204,,7,1,,OFF
1790646764.693821,4,726,1,state-aware,9,2,,0.9925,0.994,,0.816,0.8585,,7,2,,OFF
1790646765.3305967,1,734,0,state-aware,9,1,,0.9931,0.9924,,0.8597,0.8242,,8,2,,OFF
1790646769.0276291,5,733,1,state-aware,9,1,,0.9842,0.9841,,0.859,0.8191,,7,1,,OFF
1790646771.0470707,6,733,1,state-aware,9,1,,0.9942,0.9938,,0.8404,0.815,,8,1,,OFF
1790646774.3353946,3,734,0,state-aware,9,1,,0.9933,0.9924,,0.9255,0.846,,6,1,,OFF
1790646775.2542794,7,723,1,state-aware,9,1,,0.9938,0.9925,,0.7889,0.7504,,7,1,,OFF
1790646776.0904388,1,735,1,state-aware,9,2,,0.9938,0.9898,,0.774,0.8226,,7,2,,OFF
1790646776.3415782,2,717,0,state-aware,9,2,,0.0,0.9931,,0.474,0.8465,,7,3,,OFF
1790646781.0188768,4,727,1,state-aware,9,1,,0.9924,0.9925,,0.816,0.7763,,8,3,,OFF
1790646781.5956717,5,734,1,state-aware,9,1,,0.9915,0.9882,,0.88,0.8216,,9,3,,OFF
1790646785.4227226,2,718,1,state-aware,9,2,,0.0,0.9808,,0.474,0.757,,9,4,,OFF
1790646786.230579,9,710,1,state-aware,9,1,,0.99,0.9924,,0.801,0.7643,,10,4,,ON
1790646787.057636,6,734,1,state-aware,9,2,,0.9925,0.9925,,0.7591,0.8143,,10,5,,ON
1790646788.9016204,1,736,1,state-aware,9,2,,0.0,0.9881,,0.2771,0.8313,,10,6,,ON
1790646789.6933184,7,724,1,state-aware,9,1,,0.0,0.0144,,0.3131,0.2613,,11,6,,ON
1790646790.3481095,10,732,0,state-aware,9,2,,0.9901,0.9932,,0.8917,0.9147,,11,7,,ON
1790646791.3501043,3,735,0,state-aware,9,2,,0.9925,0.9938,,0.819,0.847,,11,8,,ON
1790646791.8758147,8,711,1,state-aware,9,1,,0.9938,0.9924,,0.8486,0.8243,,12,8,,ON
1790646794.929017,4,728,1,state-aware,9,2,,0.0026,0.9077,,0.4299,0.7233,,12,9,,UNKNOWN
1790646797.8975604,5,735,1,state-aware,9,2,,0.9938,0.9925,,0.7814,0.8243,,12,10,,OFF
1790646798.9174967,2,719,1,state-aware,9,1,,0.9943,0.9937,,0.9259,0.7775,,13,10,,OFF
1790646800.3528655,10,733,1,state-aware,9,1,,0.9936,0.9932,,0.8947,0.8163,,14,10,,OFF
1790646801.4678478,9,711,1,state-aware,9,2,,0.9924,0.9926,,0.7221,0.7644,,14,11,,OFF
1790646801.9191267,3,736,1,state-aware,9,1,,0.9932,0.9931,,0.8193,0.7647,,15,11,,OFF
1790646804.4252372,7,725,1,state-aware,9,2,,0.99,0.9937,,0.7233,0.7509,,15,12,,OFF
1790646804.962881,1,737,1,state-aware,9,1,,0.9937,0.994,,0.774,0.7511,,16,12,,OFF
1790646807.358912,6,735,0,state-aware,9,1,,0.9925,0.0002,,0.759,0.3868,,17,12,,OFF
1790646807.9212337,4,729,1,state-aware,9,2,,0.0,0.9882,,0.4288,0.7858,,17,13,,OFF
1790646808.0231986,8,712,1,state-aware,9,1,,0.9902,0.8689,,0.762,0.7471,,18,13,,OFF
1790646812.0056038,5,736,1,state-aware,9,2,,0.0323,0.8101,,0.3807,0.7324,,18,14,,OFF
1790646814.081669,9,712,1,state-aware,9,2,,0.0,0.9925,,0.2259,0.7768,,18,15,,OFF
1790646814.3014004,10,734,1,state-aware,9,1,,0.9915,0.8887,,0.8568,0.7688,,19,15,,OFF
1790646814.676614,3,737,1,state-aware,9,1,,0.9931,0.9932,,0.8473,0.7648,,20,15,,OFF
1790646817.156321,6,736,1,state-aware,9,2,,0.99,0.9914,,0.6819,0.8373,,20,16,,OFF
1790646818.3672822,2,720,0,state-aware,9,1,,0.9938,0.9925,,0.9363,0.7768,,21,16,,OFF
1790646819.2135315,1,738,1,state-aware,9,1,,0.9933,0.9923,,0.8024,0.7502,,22,16,,OFF
1790646819.9036536,7,726,1,state-aware,9,1,,0.9924,0.9941,,0.7244,0.6736,,23,16,,OFF
1790646863.6510797,1,741,1,ewma,9,1,,0.9881,0.9926,,0.5,0.5,,1,0,,OFF
1790646864.7817698,7,729,1,ewma,9,2,,0.9931,0.9932,,0.5,0.5,,1,1,,OFF
1790646864.9416177,2,723,0,ewma,9,1,,0.9935,0.9929,,0.5,0.5,,2,1,,OFF
1790646865.9440045,10,737,0,ewma,9,1,,0.636,0.0237,,0.5,0.5,,3,1,,OFF
1790646869.6745944,4,733,1,ewma,9,1,,0.99,0.99,,0.5,0.5,,4,1,,OFF
1790646870.6966126,8,716,1,ewma,9,2,,0.9915,0.9914,,0.5,0.5,,4,2,,OFF
1790646873.689572,3,741,1,ewma,9,1,,0.9933,0.9942,,0.5,0.5,,5,2,,OFF
1790646874.280386,2,724,1,ewma,9,2,,0.8689,0.9923,,0.4,0.5,,5,3,,OFF
1790646875.4413507,6,740,1,ewma,9,2,,0.9932,0.9891,,0.5,0.5,,5,4,,OFF
1790646875.6962047,10,738,1,ewma,9,2,,0.9912,0.9932,,0.4,0.5,,5,5,,OFF
1790646876.2053206,1,742,1,ewma,9,1,,0.9938,0.99,,0.6,0.5,,6,5,,OFF
1790646879.5899937,7,730,1,ewma,9,1,,0.9925,0.9916,,0.5,0.4,,7,5,,OFF
1790646879.946658,9,716,0,ewma,9,2,,0.9929,0.9922,,0.5,0.5,,7,6,,OFF
1790646883.503096,8,717,1,ewma,9,2,,0.9925,0.9944,,0.5,0.6,,7,7,,OFF
1790646885.2357903,4,734,1,ewma,9,2,,0.9924,0.9913,,0.4,0.5,,7,8,,OFF
1790646886.5964468,3,742,1,ewma,9,1,,0.9943,0.9942,,0.6,0.5,,8,8,,OFF
1790646888.400787,2,725,1,ewma,9,2,,0.9925,0.9925,,0.4,0.6,,8,9,,OFF
1790646889.0144002,6,741,1,ewma,9,2,,0.9925,0.9943,,0.5,0.6,,8,10,,OFF
1790646889.743994,10,739,1,ewma,9,2,,0.0,0.0,,0.4,0.6,,8,11,,OFF
1790646890.7958007,9,717,1,ewma,9,1,,0.9938,0.9925,,0.5,0.4,,9,11,,OFF
1790646892.5036023,1,743,1,ewma,9,2,,0.9942,0.9924,,0.48,0.5,,9,12,,OFF
1790646895.6135025,7,731,1,ewma,9,2,,0.9932,0.9923,,0.4,0.4,,9,13,,ON
1790646895.956861,5,741,0,ewma,9,1,,0.9922,0.9912,,0.5,0.5,,10,13,,ON
1790646898.0279481,8,718,1,ewma,9,2,,0.9925,0.9938,,0.5,0.68,,10,14,,UNKNOWN
1790646899.671971,4,735,1,ewma,9,2,,0.9915,0.9915,,0.4,0.6,,10,15,,OFF
1790646901.1362882,2,726,1,ewma,9,2,,0.9933,0.9937,,0.4,0.68,,10,16,,OFF
1790646902.0715048,3,743,1,ewma,9,2,,0.9925,0.9915,,0.48,0.5,,10,17,,OFF
1790646902.7360137,6,742,1,ewma,9,2,,0.9925,0.9943,,0.5,0.68,,10,18,,OFF
1790646903.662705,10,740,1,ewma,9,2,,0.003,0.0001,,0.4,0.68,,10,19,,OFF
1790646905.531547,5,742,1,ewma,9,2,,0.9915,0.9914,,0.4,0.5,,10,20,,OFF
1790646907.251145,1,744,1,ewma,9,1,,0.9933,0.9899,,0.48,0.4,,11,20,,OFF
1790646908.9642935,9,718,0,ewma,9,1,,0.9938,0.9933,,0.6,0.4,,12,20,,OFF
1790646909.303455,7,732,1,ewma,9,2,,0.9882,0.9915,,0.4,0.52,,12,21,,OFF
1790646913.2915034,8,719,1,ewma,9,2,,0.9932,0.9943,,0.5,0.544,,12,22,,OFF
1790646913.9090765,4,736,1,ewma,9,2,,0.9915,0.9914,,0.4,0.68,,12,23,,OFF
1790646914.9456007,3,744,1,ewma,9,2,,0.9938,0.9933,,0.48,0.6,,12,24,,OFF
1790646915.7792296,6,743,1,ewma,9,2,,0.9925,0.9925,,0.5,0.744,,12,25,,OFF
1790646916.9749584,2,727,1,ewma,9,2,,0.9933,0.9901,,0.4,0.544,,12,26,,OFF
1790646917.903386,10,741,1,ewma,9,2,,0.9924,0.9915,,0.4,0.744,,12,27,,OFF
1790646918.4483821,5,743,1,ewma,9,2,,0.5332,0.0,,0.4,0.6,,12,28,,OFF
1790646921.0760355,1,745,1,ewma,9,1,,0.9938,0.9913,,0.584,0.4,,13,28,,OFF
1790646923.1417303,7,733,1,ewma,9,2,,0.9915,0.9901,,0.4,0.616,,13,29,,OFF
1790646923.9775004,9,719,0,ewma,9,1,,0.9938,0.9943,,0.48,0.4,,13,29,,OFF
1790646927.621516,8,720,1,ewma,9,2,,0.9942,0.9944,,0.5,0.6352,,11,29,,OFF
1790646928.9485295,3,745,1,ewma,9,2,,0.9933,0.9942,,0.48,0.68,,11,30,,OFF
1790646929.3573902,4,737,1,ewma,9,2,,0.9938,0.9924,,0.4,0.544,,11,31,,OFF
1790646930.0985649,6,744,1,ewma,9,2,,0.9933,0.9943,,0.5,0.7952,,10,32,,OFF
1790646930.6059828,2,728,1,ewma,9,2,,0.9938,0.9925,,0.4,0.6352,,10,33,,OFF
1790646932.8864226,5,744,1,ewma,9,2,,0.9938,0.9924,,0.4,0.68,,10,33,,OFF
1790646933.5743995,9,720,1,ewma,9,2,,0.9924,0.9925,,0.384,0.4,,10,34,,OFF
1790646934.8064704,1,746,1,ewma,9,1,,0.9941,0.9923,,0.6672,0.4,,10,33,,OFF
1790646936.9858918,10,742,0,ewma,9,2,,0.9933,0.9914,,0.4,0.7952,,9,32,,OFF
1790646938.0056026,7,734,1,ewma,9,2,,0.9915,0.9933,,0.4,0.4928,,9,33,,OFF
1790646940.7557375,8,721,1,ewma,9,2,,0.9901,0.9933,,0.5,0.7082,,8,33,,OFF
1790646943.3260014,4,738,1,ewma,9,2,,0.0,0.9941,,0.4,0.6352,,8,34,,OFF
1790646943.6293516,3,746,1,ewma,9,2,,0.9925,0.8689,,0.48,0.744,,8,34,,OFF
1790646944.340111,2,729,1,ewma,9,2,,0.9939,0.9926,,0.4,0.7082,,8,35,,OFF
1790646945.3479807,5,745,1,ewma,9,2,,0.9925,0.9915,,0.4,0.744,,8,35,,ON
1790646945.8895698,6,745,1,ewma,9,2,,0.9925,0.9942,,0.5,0.6362,,8,36,,ON
1790646947.073419,10,743,1,ewma,9,2,,0.0,0.0,,0.4,0.6362,,7,37,,ON
1790646947.7919254,1,747,1,ewma,9,1,,0.9933,0.9914,,0.7338,0.4,,8,37,,OFF
1790646952.010386,9,721,0,ewma,9,2,,0.9915,0.9901,,0.384,0.52,,7,35,,OFF
1790646952.2249238,7,735,1,ewma,9,2,,0.9924,0.9925,,0.4,0.5942,,7,36,,OFF
1790646960.1194117,6,746,1,ewma,9,2,,0.9915,0.9938,,0.5,0.7089,,6,33,,OFF
1790646961.4410028,1,748,1,ewma,9,1,,0.9933,0.9915,,0.787,0.4,,7,32,,OFF
1790646962.014562,3,747,0,ewma,9,2,,0.9915,0.9861,,0.48,0.7952,,7,33,,OFF
1790646962.0152671,8,722,0,ewma,9,2,,0.0,0.9933,,0.5,0.5665,,7,34,,OFF
1790646962.890151,9,722,1,ewma,9,2,,0.9914,0.9933,,0.384,0.416,,7,33,,OFF
1790646963.0165107,2,730,0,ewma,9,2,,0.9938,0.9916,,0.4,0.7665,,7,34,,OFF
1790646964.0189362,4,739,0,ewma,9,2,,0.9817,0.9915,,0.4,0.5082,,7,34,,OFF
1790646965.020039,5,746,0,ewma,9,2,,0.9925,0.9925,,0.4,0.7952,,7,35,,OFF
1790646965.8103123,7,736,1,ewma,9,2,,0.9915,0.9915,,0.4,0.6754,,7,35,,OFF
1790646971.6516526,3,748,1,ewma,9,2,,0.9937,0.9938,,0.48,0.6362,,5,35,,OFF
1790646972.4112637,8,723,1,ewma,9,1,,0.9938,0.9926,,0.5,0.4532,,6,35,,OFF
1790646973.1121757,2,731,1,ewma,9,2,,0.9943,0.9932,,0.4,0.6132,,6,36,,OFF
1790646973.753079,5,747,1,ewma,9,2,,0.9932,0.9937,,0.4,0.6362,,6,36,,OFF
1790646974.554086,4,740,1,ewma,9,2,,0.9915,0.9914,,0.4,0.4065,,6,36,,OFF
1790646974.8438473,1,749,1,ewma,9,1,,0.9941,0.993,,0.8296,0.4,,7,36,,OFF
1790646975.9723315,6,747,1,ewma,9,2,,0.9925,0.9938,,0.5,0.5671,,7,35,,OFF
1790646976.794932,9,723,1,ewma,9,2,,0.99,0.9925,,0.384,0.5328,,7,36,,OFF
1790646978.0250616,10,745,1,ewma,9,2,,0.9908,0.9919,,0.4,0.6362,,7,35,,OFF
1790646978.8594944,7,737,1,ewma,9,2,,0.9916,0.9915,,0.4,0.7403,,7,35,,OFF
1790646985.695574,8,724,1,ewma,9,1,,0.0,0.0,,0.6,0.4532,,6,34,,OFF
1790646986.208129,3,749,1,ewma,9,2,,0.9925,0.9902,,0.48,0.7089,,6,35,,OFF
1790646988.0514443,5,748,1,ewma,9,2,,0.0,0.0,,0.4,0.7089,,6,35,,OFF
1790646989.2038102,6,748,1,ewma,9,2,,0.9915,0.9901,,0.5,0.6537,,6,35,,OFF
1790646990.91829,9,724,1,ewma,9,2,,0.9882,0.9901,,0.384,0.6262,,6,33,,OFF
1790646991.9173214,10,746,1,ewma,9,2,,0.9915,0.9915,,0.4,0.7089,,6,34,,OFF
1790646992.656293,7,738,1,ewma,9,2,,0.9915,0.9933,,0.4,0.7923,,6,35,,OFF
1790646993.0342925,2,732,0,ewma,9,2,,0.9933,0.9901,,0.4,0.6906,,6,35,,OFF
1790646999.1072989,3,750,1,ewma,9,2,,0.9914,0.9925,,0.48,0.7671,,5,33,,UNKNOWN
1790647000.9791145,8,725,1,ewma,9,1,,0.9925,0.9925,,0.48,0.4532,,6,32,,UNKNOWN
1790647001.6675246,5,749,1,ewma,9,2,,0.9925,0.9932,,0.4,0.7671,,6,33,,UNKNOWN
1790647003.1180346,2,733,1,ewma,9,2,,0.0,0.6515,,0.4,0.5525,,6,34,,UNKNOWN
1790647003.3126469,6,749,1,ewma,9,2,,0.776,0.9547,,0.5,0.723,,6,35,,UNKNOWN
1790647004.6219654,9,725,1,ewma,9,2,,0.9941,0.994,,0.384,0.701,,6,33,,UNKNOWN
1790647005.3533797,7,739,1,ewma,9,2,,0.0146,0.9925,,0.4,0.8338,,6,33,,UNKNOWN
1790647005.8693178,10,747,1,ewma,9,2,,0.9937,0.9933,,0.4,0.7671,,6,34,,UNKNOWN
1790647008.0400717,1,751,0,ewma,9,1,,0.9938,0.9899,,0.8296,0.4,,6,32,,OFF
1790647012.5312815,3,751,1,ewma,9,2,,0.9937,0.9938,,0.48,0.8137,,6,31,,OFF
1790647014.0976925,8,726,1,ewma,9,1,,0.9938,0.9938,,0.584,0.4532,,7,31,,OFF
1790647014.789549,5,750,1,ewma,9,2,,0.9915,0.9916,,0.4,0.8137,,7,32,,OFF
1790647016.2271705,6,750,1,ewma,9,2,,0.9925,0.9942,,0.5,0.7784,,7,33,,OFF
1790647016.6287127,2,734,1,ewma,9,2,,0.9942,0.9938,,0.4,0.642,,7,34,,OFF
1790647018.993478,7,740,1,ewma,9,2,,0.9911,0.9924,,0.4,0.867,,7,35,,OFF
1790647020.1266563,10,748,1,ewma,9,2,,0.9901,0.9901,,0.4,0.8137,,7,35,,OFF
1790647023.046502,9,726,0,ewma,9,2,,0.9916,0.9944,,0.384,0.7608,,6,32,,OFF
1790647023.0472825,1,752,0,ewma,9,1,,0.9933,0.9913,,0.6637,0.4,,7,32,,OFF
1790647024.049546,4,743,0,ewma,9,2,,0.9901,0.9933,,0.4,0.4065,,7,32,,OFF
1790647026.4525435,3,752,1,ewma,9,2,,0.9932,0.9915,,0.48,0.851,,7,31,,OFF
1790647027.8859751,8,727,1,ewma,9,1,,0.9932,0.9942,,0.6672,0.4532,,8,31,,OFF
1790647028.5090032,5,751,1,ewma,9,2,,0.9925,0.9881,,0.4,0.851,,8,32,,OFF
1790647030.5387046,6,751,1,ewma,9,2,,0.0,0.9938,,0.5,0.8227,,8,33,,OFF
1790647031.0466838,2,735,1,ewma,9,2,,0.9941,0.9942,,0.4,0.7136,,8,34,,OFF
1790647032.8234522,1,753,1,ewma,9,1,,0.8887,0.8847,,0.5309,0.4,,8,33,,OFF
1790647033.8046196,4,744,1,ewma,9,1,,0.9915,0.9899,,0.4,0.3252,,9,31,,OFF
1790647034.5627975,10,749,1,ewma,9,2,,0.9932,0.9925,,0.4,0.851,,9,31,,OFF
1790647038.0553658,7,741,0,ewma,9,2,,0.9456,0.9924,,0.4,0.8936,,8,29,,OFF
1790647038.0559998,9,727,0,ewma,9,2,,0.9916,0.098,,0.384,0.6086,,8,30,,OFF
1790647040.7228427,3,753,1,ewma,9,2,,0.9933,0.9938,,0.48,0.8808,,8,30,,OFF
1790647041.8082156,5,752,1,ewma,9,2,,0.9925,0.9883,,0.4,0.8808,,8,31,,OFF
1790647042.2411685,8,728,1,ewma,9,1,,0.9901,0.9883,,0.7338,0.4532,,9,31,,OFF
1790647044.4965725,6,752,1,ewma,9,2,,0.9925,0.9942,,0.5,0.8582,,9,32,,OFF
1790647045.7011976,2,736,1,ewma,9,2,,0.9942,0.9943,,0.4,0.7709,,8,33,,OFF
1790647047.0330317,4,745,1,ewma,9,1,,0.0001,0.0,,0.52,0.3252,,9,32,,OFF
1790647047.5429509,10,750,1,ewma,9,2,,0.9924,0.9932,,0.4,0.8808,,9,33,,OFF
1790647048.1482286,9,728,1,ewma,9,2,,0.9924,0.9941,,0.384,0.4869,,9,33,,OFF
1790647049.1674316,7,742,1,ewma,9,2,,0.9925,0.9933,,0.4,0.7149,,9,34,,OFF
1790647052.0662966,1,754,0,ewma,9,1,,0.9936,0.9911,,0.6248,0.4,,10,31,,OFF
1790647053.5879567,3,754,1,ewma,9,2,,0.9933,0.9916,,0.48,0.9046,,10,30,,OFF
1790647055.5322764,5,753,1,ewma,9,2,,0.0,0.0,,0.4,0.9046,,10,31,,UNKNOWN
1790647055.9568336,8,729,1,ewma,9,1,,0.9925,0.9942,,0.787,0.4532,,11,31,,UNKNOWN
1790647058.5956979,6,753,1,ewma,9,2,,0.9914,0.9933,,0.5,0.8865,,11,32,,OFF
1790647059.873135,2,737,1,ewma,9,2,,0.9938,0.9942,,0.4,0.8167,,11,32,,OFF
1790647062.381986,1,755,1,ewma,9,1,,0.3629,0.0,,0.4998,0.4,,11,31,,OFF
1790647062.9132469,10,751,1,ewma,9,2,,0.9913,0.9925,,0.4,0.7046,,11,32,,OFF
1790647063.7054498,7,743,1,ewma,9,2,,0.9901,0.9902,,0.4,0.7719,,11,31,,OFF
1790647066.0738206,4,746,0,ewma,9,1,,0.9853,0.9867,,0.616,0.3252,,12,28,,OFF
1790647067.0759773,9,729,0,ewma,9,2,,0.9925,0.9926,,0.384,0.5895,,12,29,,OFF
1790647067.8484612,3,755,1,ewma,9,2,,0.9902,0.9883,,0.48,0.9237,,12,30,,OFF
1790647069.07054,8,730,1,ewma,9,1,,0.9933,0.9933,,0.8296,0.4532,,12,30,,OFF
1790647071.6008973,5,754,1,ewma,9,2,,0.9925,0.9915,,0.4,0.7237,,12,31,,OFF
1790647072.0414438,6,754,1,ewma,9,2,,0.9932,0.9942,,0.5,0.9092,,12,32,,OFF
1790647073.4837186,2,738,1,ewma,9,2,,0.9915,0.9915,,0.4,0.8534,,12,32,,OFF
1790647076.1289291,4,747,1,ewma,9,1,,0.9914,0.9938,,0.4928,0.3252,,12,31,,OFF
1790647077.2333972,1,756,1,ewma,9,1,,0.9933,0.991,,0.5998,0.4,,13,29,,OFF
1790647077.5722234,9,730,1,ewma,9,2,,0.9915,0.9915,,0.384,0.4716,,13,30,,OFF
1790647078.257961,7,744,1,ewma,9,2,,0.9924,0.9938,,0.4,0.8175,,13,31,,OFF
1790647079.277652,10,752,1,ewma,9,2,,0.9924,0.9932,,0.4,0.5637,,13,31,,OFF
1790647081.6399853,3,756,1,ewma,9,2,,0.9933,0.9938,,0.48,0.939,,13,31,,OFF
1790647084.8207338,5,755,1,ewma,9,2,,0.0002,0.0,,0.4,0.779,,12,30,,OFF
1790647085.3275878,6,755,1,ewma,9,2,,0.8692,0.8943,,0.5,0.9274,,12,31,,OFF
1790647086.5742612,2,739,1,ewma,9,2,,0.9938,0.9933,,0.4,0.8827,,12,31,,OFF
1790647089.729155,4,748,1,ewma,9,1,,0.9925,0.9938,,0.5942,0.3252,,12,30,,OFF
1790647091.093275,1,757,1,ewma,9,1,,0.9926,0.9937,,0.6799,0.4,,13,28,,OFF
1790647091.4835265,9,731,1,ewma,9,2,,0.0,0.0,,0.384,0.5773,,13,29,,OFF
1790647130.6075513,2,742,1,round-robin,9,1,,0.0,0.9806,,nan,nan,,1,0,,OFF
1790647136.3579462,9,734,1,round-robin,9,1,,0.9915,0.9938,,nan,nan,,2,0,,OFF
1790647136.6159573,8,734,0,round-robin,9,1,,0.9878,0.989,,nan,nan,,3,0,,OFF
1790647138.981982,10,756,1,round-robin,9,1,,0.9925,0.9938,,nan,nan,,4,0,,OFF
1790647140.4558983,7,748,1,round-robin,9,1,,0.9933,0.9932,,nan,nan,,5,0,,OFF
1790647140.6190467,4,751,0,round-robin,9,1,,0.0,0.0,,nan,nan,,6,0,,OFF
1790647141.482968,3,760,1,round-robin,9,1,,0.9925,0.9924,,nan,nan,,7,0,,OFF
1790647141.6221066,1,760,0,round-robin,9,1,,0.9936,0.9911,,nan,nan,,8,0,,OFF
1790647143.8029828,6,759,1,round-robin,9,1,,0.0,0.0,,nan,nan,,9,0,,OFF
1790647144.4553065,2,743,1,round-robin,9,2,,0.9938,0.9933,,nan,nan,,9,1,,OFF
1790647147.109166,8,735,1,round-robin,9,2,,0.9942,0.9938,,nan,nan,,9,2,,OFF
1790647150.5695791,9,735,1,round-robin,9,2,,0.9915,0.9861,,nan,nan,,9,3,,OFF
1790647151.1879847,1,761,1,round-robin,9,2,,0.9926,0.9902,,nan,nan,,9,4,,OFF
1790647152.905186,7,749,1,round-robin,9,2,,0.9924,0.9932,,nan,nan,,9,5,,OFF
1790647155.0590363,3,761,1,round-robin,9,2,,0.9932,0.9925,,nan,nan,,9,6,,OFF
1790647155.6264338,4,752,0,round-robin,9,2,,0.9841,0.9853,,nan,nan,,9,7,,OFF
1790647157.258919,2,744,1,round-robin,9,1,,0.9931,0.9937,,nan,nan,,10,7,,OFF
1790647157.6286073,10,757,0,round-robin,9,2,,0.9924,0.9924,,nan,nan,,10,8,,OFF
1790647157.934677,6,760,1,round-robin,9,2,,0.9932,0.9941,,nan,nan,,10,9,,UNKNOWN
1790647158.5491164,5,760,1,round-robin,9,1,,0.9933,0.9914,,nan,nan,,11,9,,UNKNOWN
1790647160.0711415,8,736,1,round-robin,9,1,,0.9938,0.9942,,nan,nan,,12,9,,UNKNOWN
1790647163.679726,9,736,1,round-robin,9,1,,0.9924,0.9914,,nan,nan,,13,9,,UNKNOWN
1790647164.0859523,1,762,1,round-robin,9,1,,0.9941,0.9924,,nan,nan,,14,9,,UNKNOWN
1790647165.347076,4,753,1,round-robin,9,1,,0.9916,0.9901,,nan,nan,,15,9,,UNKNOWN
1790647165.9447157,7,750,1,round-robin,9,1,,0.9925,0.9933,,nan,nan,,16,9,,UNKNOWN
1790647167.7827914,3,762,1,round-robin,9,1,,0.9932,0.9942,,nan,nan,,17,9,,UNKNOWN
1790647168.5059826,10,758,1,round-robin,9,1,,0.9923,0.9943,,nan,nan,,18,9,,UNKNOWN
1790647169.8065135,2,745,1,round-robin,9,2,,0.9933,0.9925,,nan,nan,,18,10,,OFF
1790647171.0604632,6,761,1,round-robin,9,1,,0.9901,0.9916,,nan,nan,,19,10,,OFF
1790647172.386101,5,761,1,round-robin,9,2,,0.9933,0.9938,,nan,nan,,19,11,,OFF
1790647173.813272,8,737,1,round-robin,9,2,,0.9932,0.9938,,nan,nan,,19,12,,OFF
1790647177.0178783,1,763,1,round-robin,9,2,,0.9942,0.9924,,nan,nan,,19,13,,OFF
1790647178.1083333,9,737,1,round-robin,9,2,,0.9938,0.9925,,nan,nan,,19,14,,OFF
1790647179.7482932,4,754,1,round-robin,9,2,,0.9942,0.9899,,nan,nan,,19,15,,OFF
1790647180.5671852,7,751,1,round-robin,9,2,,0.9914,0.9938,,nan,nan,,19,16,,OFF
1790647181.0752962,3,763,1,round-robin,9,2,,0.1379,0.0029,,nan,nan,,19,17,,OFF
1790647184.1573048,2,746,1,round-robin,9,1,,0.9933,0.9933,,nan,nan,,20,17,,OFF
1790647184.3850307,6,762,1,round-robin,9,2,,0.9925,0.9932,,nan,nan,,20,18,,OFF
1790647187.0199354,5,762,1,round-robin,9,1,,0.9897,0.9842,,nan,nan,,21,18,,OFF
1790647192.4488194,1,764,1,round-robin,9,1,,0.0002,0.0,,nan,nan,,21,18,,OFF
1790647192.6414783,8,738,0,round-robin,9,1,,0.9915,0.9933,,nan,nan,,22,18,,OFF
1790647194.1994083,4,755,1,round-robin,9,1,,0.9933,0.99,,nan,nan,,23,18,,OFF
1790647195.5186825,3,764,1,round-robin,9,1,,0.9915,0.9938,,nan,nan,,24,18,,OFF
1790647196.131804,10,760,1,round-robin,9,2,,0.9915,0.9942,,nan,nan,,24,19,,OFF
1790647196.8474267,7,752,1,round-robin,9,1,,0.9915,0.9914,,nan,nan,,23,19,,OFF
1790647197.5774608,6,763,1,round-robin,9,1,,0.9901,0.9901,,nan,nan,,24,19,,OFF
1790647198.057308,2,747,1,round-robin,9,2,,0.9925,0.9925,,nan,nan,,24,20,,OFF
1790647200.4794364,5,763,1,round-robin,9,2,,0.9938,0.9924,,nan,nan,,22,21,,OFF
1790647202.5032778,8,739,1,round-robin,9,2,,0.9931,0.9944,,nan,nan,,19,22,,OFF
1790647207.2966082,9,739,1,round-robin,9,1,,0.9933,0.9933,,nan,nan,,19,20,,OFF
1790647209.066742,1,765,1,round-robin,9,2,,0.8535,0.8073,,nan,nan,,19,21,,OFF
1790647209.6618717,10,761,1,round-robin,9,1,,0.9832,0.9923,,nan,nan,,20,21,,OFF
1790647209.9790967,4,756,1,round-robin,9,2,,0.9912,0.9895,,nan,nan,,20,22,,OFF
1790647210.778773,6,764,1,round-robin,9,2,,0.9915,0.9915,,nan,nan,,20,22,,OFF
1790647212.3096611,2,748,1,round-robin,9,1,,0.9938,0.9933,,nan,nan,,21,21,,OFF
1790647214.1928575,5,764,1,round-robin,9,1,,0.9933,0.9933,,nan,nan,,22,20,,OFF
1790647214.6671581,3,765,0,round-robin,9,2,,0.9925,0.9902,,nan,nan,,22,21,,OFF
1790647214.668065,7,753,0,round-robin,9,2,,0.99,0.9914,,nan,nan,,22,22,,OFF
1790647216.9172184,8,740,1,round-robin,9,1,,0.9932,0.9944,,nan,nan,,23,20,,UNKNOWN
1790647220.3869824,9,740,1,round-robin,9,2,,0.9925,0.9933,,nan,nan,,20,19,,OFF
1790647222.2781782,1,766,1,round-robin,9,1,,0.9914,0.9914,,nan,nan,,21,19,,OFF
1790647223.0648203,4,757,1,round-robin,9,1,,0.0029,0.0,,nan,nan,,22,19,,OFF
1790647224.7962153,7,754,1,round-robin,9,1,,0.0,0.0,,nan,nan,,21,19,,OFF
1790647226.066575,2,749,1,round-robin,9,2,,0.9925,0.9925,,nan,nan,,19,20,,OFF
1790647227.1601472,6,765,1,round-robin,9,1,,0.9925,0.9915,,nan,nan,,20,20,,OFF
1790647228.2999985,5,765,1,round-robin,9,2,,0.9933,0.9915,,nan,nan,,19,21,,OFF
1790647230.672958,3,766,0,round-robin,9,1,,0.9925,0.9924,,nan,nan,,19,20,,OFF
1790647232.7776167,8,741,1,round-robin,9,2,,0.9925,0.9942,,nan,nan,,18,20,,OFF
1790647234.5326269,9,741,1,round-robin,9,1,,0.9925,0.9933,,nan,nan,,19,19,,OFF
1790647235.5428874,1,767,1,round-robin,9,2,,0.99,0.99,,nan,nan,,19,20,,OFF
1790647237.5026948,4,758,1,round-robin,9,2,,0.9924,0.9925,,nan,nan,,19,20,,OFF
1790647238.529365,7,755,1,round-robin,9,2,,0.0055,0.1759,,nan,nan,,19,20,,OFF
1790647239.4714491,2,750,1,round-robin,9,1,,0.0041,0.99,,nan,nan,,20,20,,OFF
1790647239.9659503,3,767,1,round-robin,9,2,,0.9925,0.9915,,nan,nan,,20,20,,OFF
1790647241.2803388,6,766,1,round-robin,9,2,,0.9936,0.994,,nan,nan,,20,19,,OFF
1790647244.684328,10,763,0,round-robin,9,2,,0.991,0.9925,,nan,nan,,19,19,,OFF
1790647246.6864724,5,766,0,round-robin,9,1,,0.9933,0.9915,,nan,nan,,20,19,,OFF
1790647247.2098212,8,742,1,round-robin,9,1,,0.0,0.0,,nan,nan,,20,19,,OFF
1790647249.783131,1,768,1,round-robin,9,1,,0.9916,0.9913,,nan,nan,,21,19,,OFF
1790647251.3252258,7,756,1,round-robin,9,1,,0.9926,0.9942,,nan,nan,,22,19,,OFF
1790647251.9289472,4,759,1,round-robin,9,1,,0.9916,0.99,,nan,nan,,23,19,,OFF
1790647252.4715285,2,751,1,round-robin,9,2,,0.9915,0.9915,,nan,nan,,22,20,,OFF
1790647252.6890213,9,742,0,round-robin,9,2,,0.9915,0.9925,,nan,nan,,21,21,,OFF
1790647253.7745674,10,764,1,round-robin,9,1,,0.9925,0.0,,nan,nan,,22,21,,OFF
1790647254.302464,3,768,1,round-robin,9,1,,0.9932,0.9944,,nan,nan,,22,21,,OFF
1790647255.4437828,6,767,1,round-robin,9,1,,0.9914,0.9925,,nan,nan,,23,21,,OFF
1790647256.1797574,5,767,1,round-robin,9,2,,0.9899,0.9913,,nan,nan,,22,21,,OFF
1790647261.6725483,8,743,1,round-robin,9,2,,0.9915,0.9933,,nan,nan,,20,20,,OFF
1790647262.3920505,1,769,1,round-robin,9,2,,0.9933,0.9914,,nan,nan,,20,21,,OFF
1790647263.2403986,9,743,1,round-robin,9,1,,0.9938,0.9925,,nan,nan,,21,20,,OFF
1790647265.6847332,4,760,1,round-robin,9,2,,0.9943,0.9942,,nan,nan,,21,21,,OFF
1790647265.8676894,7,757,1,round-robin,9,2,,0.9914,0.9938,,nan,nan,,21,22,,OFF
1790647267.6093416,3,769,1,round-robin,9,2,,0.9925,0.9932,,nan,nan,,20,23,,UNKNOWN
1790647267.905406,10,765,1,round-robin,9,2,,0.9842,0.9921,,nan,nan,,20,24,,UNKNOWN
1790647270.086936,6,768,1,round-robin,9,2,,0.9925,0.9942,,nan,nan,,19,23,,OFF
1790647271.7048473,2,752,0,round-robin,9,1,,0.9925,0.9933,,nan,nan,,20,22,,OFF
1790647271.9195092,5,768,1,round-robin,9,1,,0.9924,0.9924,,nan,nan,,21,22,,OFF
1790647275.7036886,8,744,1,round-robin,9,1,,0.9926,0.9933,,nan,nan,,20,20,,OFF
1790647277.2579997,9,744,1,round-robin,9,2,,0.9916,0.9901,,nan,nan,,19,21,,OFF
1790647277.768575,1,770,1,round-robin,9,1,,0.9914,0.9912,,nan,nan,,20,21,,OFF
1790647278.2613285,4,761,1,round-robin,9,1,,0.9932,0.99,,nan,nan,,21,21,,OFF
1790647279.1193745,7,758,1,round-robin,9,1,,0.9915,0.9938,,nan,nan,,22,21,,OFF
1790647280.9367857,3,770,1,round-robin,9,1,,0.9925,0.0,,nan,nan,,23,20,,OFF
1790647281.355979,10,766,1,round-robin,9,1,,0.9915,0.9925,,nan,nan,,24,20,,OFF
1790647281.6291194,2,753,1,round-robin,9,2,,0.9915,0.9915,,nan,nan,,24,21,,OFF
1790647283.0681481,6,769,1,round-robin,9,1,,0.9925,0.9938,,nan,nan,,23,21,,OFF
1790647284.808295,5,769,1,round-robin,9,2,,0.9942,0.9942,,nan,nan,,22,22,,OFF
1790647290.0085473,8,745,1,round-robin,9,2,,0.9933,0.9938,,nan,nan,,21,21,,OFF
1790647290.4670458,9,745,1,round-robin,9,1,,0.9924,0.9925,,nan,nan,,22,21,,OFF
1790647291.9836974,1,771,1,round-robin,9,2,,0.9924,0.9914,,nan,nan,,21,22,,OFF
1790647293.6069276,7,759,1,round-robin,9,2,,0.9915,0.9939,,nan,nan,,21,22,,OFF
1790647294.0075424,4,762,1,round-robin,9,2,,0.9914,0.9938,,nan,nan,,21,23,,OFF
1790647294.9851477,2,754,1,round-robin,9,1,,0.9937,0.9925,,nan,nan,,21,23,,OFF
1790647296.1063876,3,771,1,round-robin,9,2,,0.9943,0.9925,,nan,nan,,21,23,,OFF
1790647296.6997423,6,770,1,round-robin,9,2,,0.9901,0.9925,,nan,nan,,21,24,,OFF
1790647297.615274,10,767,1,round-robin,9,2,,0.9925,0.9933,,nan,nan,,21,24,,OFF
1790647299.8928678,5,770,1,round-robin,9,1,,0.9915,0.9914,,nan,nan,,21,23,,OFF
1790647302.7343302,8,746,1,round-robin,9,1,,0.9933,0.9942,,nan,nan,,22,21,,OFF
1790647305.300823,1,772,1,round-robin,9,1,,0.9942,0.99,,nan,nan,,23,20,,OFF
1790647306.2177832,9,746,1,round-robin,9,2,,0.9925,0.9915,,nan,nan,,23,21,,OFF
1790647307.0347612,7,760,1,round-robin,9,1,,0.9915,0.9925,,nan,nan,,23,21,,OFF
1790647308.461093,4,763,1,round-robin,9,1,,0.9899,0.99,,nan,nan,,23,21,,OFF
1790647308.9828806,2,755,1,round-robin,9,2,,0.0097,0.9879,,nan,nan,,23,22,,OFF
1790647311.5588362,6,771,1,round-robin,9,1,,0.9916,0.9901,,nan,nan,,22,22,,OFF
1790647312.050953,10,768,1,round-robin,9,1,,0.9924,0.9923,,nan,nan,,22,22,,OFF
1790647313.6109822,5,771,1,round-robin,9,2,,0.9901,0.9915,,nan,nan,,22,21,,OFF
1790647314.7401288,3,772,0,round-robin,9,1,,0.9926,0.9915,,nan,nan,,21,21,,ON
1790647316.6651275,8,747,1,round-robin,9,2,,0.9925,0.9938,,nan,nan,,20,21,,ON
1790647318.4273741,1,773,1,round-robin,9,2,,0.0,0.9914,,nan,nan,,20,22,,ON
1790647319.1036017,9,747,1,round-robin,9,1,,0.0,0.9915,,nan,nan,,21,22,,ON
1790647321.0865102,7,761,1,round-robin,9,2,,0.0,0.9811,,nan,nan,,21,23,,ON
1790647323.2030954,2,756,1,round-robin,9,1,,0.9323,0.9925,,nan,nan,,22,21,,UNKNOWN
1790647324.7783222,4,764,1,round-robin,9,2,,0.9914,0.9938,,nan,nan,,21,22,,OFF
1790647325.396244,10,769,1,round-robin,9,2,,0.9938,0.8804,,nan,nan,,21,23,,OFF
1790647326.0667794,6,772,1,round-robin,9,2,,0.0,0.0054,,nan,nan,,21,22,,OFF
1790647329.2617838,8,748,1,round-robin,9,1,,0.9914,0.9933,,nan,nan,,22,20,,OFF
1790647331.7028384,1,774,1,round-robin,9,1,,0.9915,0.9915,,nan,nan,,23,19,,OFF
1790647331.7491133,5,772,0,round-robin,9,1,,0.9924,0.9941,,nan,nan,,23,19,,OFF
1790647332.644134,9,748,1,round-robin,9,2,,0.9915,0.9925,,nan,nan,,22,20,,OFF
1790647335.6304493,7,762,1,round-robin,9,1,,0.9943,0.9925,,nan,nan,,23,20,,OFF
1790647336.8314805,2,757,1,round-robin,9,2,,0.9901,0.9933,,nan,nan,,22,21,,OFF
1790647341.334598,5,773,1,round-robin,9,2,,0.8821,0.8535,,nan,nan,,18,21,,OFF
1790647342.5697343,8,749,1,round-robin,9,2,,0.9938,0.9938,,nan,nan,,17,21,,OFF
1790647343.756045,4,765,0,round-robin,9,1,,0.9914,0.9916,,nan,nan,,17,21,,OFF
1790647344.7575164,6,773,0,round-robin,9,1,,0.0,0.0054,,nan,nan,,18,21,,OFF
1790647345.652716,1,775,1,round-robin,9,2,,0.9932,0.9933,,nan,nan,,18,21,,OFF
1790647346.2573845,9,749,1,round-robin,9,1,,0.9925,0.9933,,nan,nan,,19,21,,OFF
1790647346.7594085,3,774,0,round-robin,9,2,,0.9938,0.9932,,nan,nan,,19,22,,OFF
1790647351.0450823,2,758,1,round-robin,9,1,,0.9938,0.9933,,nan,nan,,19,21,,OFF
1790647351.692507,7,763,1,round-robin,9,2,,0.9915,0.9938,,nan,nan,,19,22,,OFF
1790647353.7044106,6,774,1,round-robin,9,2,,0.9924,0.9899,,nan,nan,,19,21,,OFF
1790647354.2246988,4,766,1,round-robin,9,2,,0.9914,0.9932,,nan,nan,,19,21,,OFF
1790647355.7079945,5,774,1,round-robin,9,1,,0.9924,0.9914,,nan,nan,,19,21,,OFF
1790647356.0936031,3,775,1,round-robin,9,1,,0.9925,0.9924,,nan,nan,,20,21,,OFF
1790647360.7672007,10,771,0,round-robin,9,1,,0.0,0.0,,nan,nan,,20,18,,OFF
1790647360.9303467,9,750,1,round-robin,9,2,,0.9925,0.9925,,nan,nan,,20,19,,OFF
1790647361.2192621,1,776,1,round-robin,9,1,,0.9929,0.987,,nan,nan,,21,19,,OFF
1790647400.617823,8,753,1,snr-greedy,9,1,,0.9461,0.0009,,10.25,5.75,,1,0,,OFF
1790647401.2391996,10,774,1,snr-greedy,9,1,,0.9809,0.0,,11.75,0.25,,2,0,,OFF
1790647405.725257,9,753,1,snr-greedy,9,1,,0.9938,0.9925,,13.0,12.5,,3,0,,OFF
1790647406.6738112,1,779,1,snr-greedy,9,1,,0.9915,0.9916,,12.25,12.25,,4,0,,OFF
1790647407.2775402,3,778,0,snr-greedy,9,1,,0.9929,0.9929,,12.75,12.75,,5,0,,OFF
1790647410.2417977,7,767,1,snr-greedy,9,1,,0.9941,0.9924,,13.25,12.5,,6,0,,OFF
1790647413.861344,8,754,1,snr-greedy,9,2,,0.9942,0.9944,,13.25,13.5,,6,1,,OFF
1790647414.2547755,6,778,1,snr-greedy,9,1,,0.9942,0.9941,,13.25,13.25,,7,1,,OFF
1790647414.750347,4,770,1,snr-greedy,9,2,,0.9919,0.9929,,12.5,12.75,,7,2,,OFF
1790647415.5769305,2,762,1,snr-greedy,9,1,,0.9924,0.9926,,12.5,12.5,,8,2,,OFF
1790647416.099981,3,779,1,snr-greedy,9,2,,0.9925,0.9925,,12.5,12.5,,8,3,,OFF
1790647416.4025242,5,778,1,snr-greedy,9,2,,0.9927,0.9942,,12.75,13.5,,8,4,,OFF
1790647419.3045444,1,780,1,snr-greedy,9,2,,0.9925,0.9924,,12.5,12.5,,8,5,,ON
1790647420.3067455,10,775,0,snr-greedy,9,1,,0.9924,0.985,,12.5,12.25,,9,5,,ON
1790647422.2701497,9,754,1,snr-greedy,9,2,,0.9926,0.9933,,12.5,12.75,,9,6,,UNKNOWN
1790647423.8615005,7,768,1,snr-greedy,9,2,,0.9923,0.9943,,12.5,13.5,,9,7,,OFF
1790647429.0018184,3,780,1,snr-greedy,9,2,,0.9902,0.9916,,12.0,12.25,,9,8,,OFF
1790647430.0304418,2,763,1,snr-greedy,9,2,,0.9925,0.9926,,12.5,12.5,,9,9,,OFF
1790647430.333915,5,779,1,snr-greedy,9,1,,0.993,0.9925,,12.75,12.5,,10,9,,OFF
1790647431.641307,10,776,1,snr-greedy,9,1,,0.9932,0.9915,,12.75,12.25,,11,9,,OFF
1790647433.1819823,1,781,1,snr-greedy,9,1,,0.9942,0.9932,,13.25,12.75,,12,9,,OFF
1790647433.309514,8,755,0,snr-greedy,9,1,,0.0,0.0,,1.75,1.0,,13,9,,OFF
1790647433.3102064,6,779,0,snr-greedy,9,2,,0.9902,0.9926,,12.0,12.5,,13,10,,OFF
1790647436.6872025,9,755,1,snr-greedy,9,2,,0.9901,0.9915,,12.0,12.25,,13,11,,OFF
1790647437.7245193,7,769,1,snr-greedy,9,2,,0.9915,0.9938,,12.25,13.0,,13,12,,OFF
1790647442.1012948,3,781,1,snr-greedy,9,1,,0.9901,0.9901,,12.0,12.0,,14,12,,OFF
1790647443.054933,2,764,1,snr-greedy,9,2,,0.9855,0.9922,,12.25,12.5,,14,13,,OFF
1790647444.4535282,8,756,1,snr-greedy,9,1,,0.0,0.0,,2.25,0.0,,15,13,,OFF
1790647444.967298,10,777,1,snr-greedy,9,2,,0.9924,0.9932,,12.5,12.75,,15,14,,OFF
1790647448.3150315,6,780,0,snr-greedy,9,2,,0.9926,0.9926,,12.5,12.5,,15,15,,OFF
1790647449.3167734,5,780,0,snr-greedy,9,2,,0.9915,0.9925,,12.25,12.5,,15,16,,OFF
1790647449.7048113,1,782,1,snr-greedy,9,1,,0.9938,0.9914,,13.0,12.25,,16,16,,OFF
1790647450.7061484,9,756,1,snr-greedy,9,2,,0.0,0.0029,,0.0,7.25,,16,17,,OFF
1790647455.6367004,3,782,1,snr-greedy,9,2,,0.9915,0.9925,,12.25,12.5,,16,18,,OFF
1790647456.1439168,2,765,1,snr-greedy,9,2,,0.9901,0.9933,,12.0,12.75,,16,19,,OFF
1790647456.3194494,7,770,0,snr-greedy,9,2,,0.9914,0.9938,,12.25,13.0,,16,20,,OFF
1790647457.9548094,6,781,1,snr-greedy,9,2,,0.9925,0.9938,,12.5,13.0,,16,21,,OFF
1790647458.414031,8,757,1,snr-greedy,9,2,,0.9933,0.9937,,12.75,13.0,,16,22,,OFF
1790647459.6030297,4,773,1,snr-greedy,9,2,,0.9875,0.9875,,12.75,12.75,,16,23,,OFF
1790647460.0091922,10,778,1,snr-greedy,9,1,,0.9938,0.9929,,13.0,12.75,,17,23,,OFF
1790647463.2260604,1,783,1,snr-greedy,9,1,,0.9933,0.9925,,12.75,12.5,,16,23,,OFF
1790647464.3158824,9,757,1,snr-greedy,9,2,,0.9915,0.9926,,12.25,12.5,,16,24,,OFF
1790647465.3229673,5,781,0,snr-greedy,9,1,,0.9915,0.0,,12.25,1.75,,17,24,,OFF
1790647467.3173275,7,771,1,snr-greedy,9,2,,0.99,0.9938,,12.0,13.0,,14,25,,OFF
1790647469.2708416,3,783,1,snr-greedy,9,2,,0.9901,0.9915,,12.0,12.25,,14,26,,ON
1790647471.0048947,2,766,1,snr-greedy,9,2,,0.0556,0.9925,,7.25,12.5,,13,27,,ON
1790647471.8214014,8,758,1,snr-greedy,9,2,,0.9915,0.9942,,12.25,13.25,,13,28,,OFF
1790647472.4456723,6,782,1,snr-greedy,9,1,,0.0674,0.0,,8.25,4.75,,14,28,,OFF
1790647473.8644288,4,774,1,snr-greedy,9,2,,0.0,0.0,,0.5,1.25,,14,28,,OFF
1790647474.456641,5,782,1,snr-greedy,9,1,,0.9932,0.992,,12.75,12.5,,14,28,,OFF
1790647476.8261938,1,784,1,snr-greedy,9,1,,0.9938,0.9913,,13.0,12.25,,14,25,,OFF
1790647478.0330396,9,758,1,snr-greedy,9,1,,0.9915,0.9901,,12.25,12.0,,15,25,,OFF
1790647480.3274915,10,779,0,snr-greedy,9,1,,0.9938,0.9933,,13.0,12.75,,15,24,,OFF
1790647481.5902364,7,772,1,snr-greedy,9,2,,0.9915,0.9925,,12.25,12.5,,15,25,,OFF
1790647482.3521626,3,784,1,snr-greedy,9,2,,0.9915,0.9938,,12.25,13.0,,15,25,,OFF
1790647484.6311016,2,767,1,snr-greedy,9,2,,0.9931,0.9933,,12.75,12.75,,15,25,,OFF
1790647486.0316727,6,783,1,snr-greedy,9,2,,0.9921,0.9939,,12.5,13.5,,15,26,,OFF
1790647488.1629863,5,783,1,snr-greedy,9,2,,0.0,0.0,,3.75,4.0,,15,27,,OFF
1790647490.3336506,1,785,1,snr-greedy,9,1,,0.9916,0.9901,,12.25,12.0,,15,25,,OFF
1790647491.3346803,8,759,0,snr-greedy,9,2,,0.9925,0.9933,,12.5,12.75,,15,26,,OFF
1790647493.2878704,9,759,1,snr-greedy,9,2,,0.9914,0.9925,,12.25,12.5,,13,27,,OFF
1790647493.3356028,4,775,0,snr-greedy,9,2,,0.8804,0.8943,,12.75,13.25,,12,27,,OFF
1790647494.337153,10,780,0,snr-greedy,9,2,,0.9833,0.9877,,12.25,13.0,,12,28,,OFF
1790647494.9668605,3,785,1,snr-greedy,9,1,,0.9915,0.9901,,12.25,12.0,,13,28,,OFF
1790647497.8128777,2,768,1,snr-greedy,9,2,,0.9901,0.9916,,12.0,12.25,,13,27,,OFF
1790647499.4365993,6,784,1,snr-greedy,9,2,,0.9932,0.9938,,12.75,13.0,,13,28,,OFF
1790647500.6129053,8,760,1,snr-greedy,9,2,,0.9933,0.9933,,12.75,12.75,,13,29,,OFF
1790647501.2128816,5,784,1,snr-greedy,9,1,,0.9932,0.9924,,12.75,12.5,,14,29,,OFF
1790647502.9598777,1,786,1,snr-greedy,9,1,,0.9925,0.9925,,12.5,12.5,,14,29,,OFF
1790647503.341302,7,773,0,snr-greedy,9,2,,0.9914,0.9938,,12.25,13.0,,14,29,,OFF
1790647503.9848037,4,776,1,snr-greedy,9,2,,0.9925,0.9932,,12.5,12.75,,14,30,,OFF
1790647505.1031399,10,781,1,snr-greedy,9,2,,0.9925,0.9932,,12.5,12.75,,13,30,,OFF
1790647506.9570472,9,760,1,snr-greedy,9,2,,0.9925,0.9933,,12.5,12.75,,13,31,,OFF
1790647509.071965,3,786,1,snr-greedy,9,1,,0.9925,0.9925,,12.5,12.5,,14,30,,OFF
1790647510.7909572,2,769,1,snr-greedy,9,1,,0.9925,0.9916,,12.5,12.25,,14,28,,OFF
1790647512.579747,7,774,1,snr-greedy,9,2,,0.9925,0.9942,,12.5,13.25,,14,29,,OFF
1790647512.9602814,6,785,1,snr-greedy,9,2,,0.9925,0.9942,,12.5,13.5,,14,30,,OFF
1790647513.6982877,8,761,1,snr-greedy,9,2,,0.9933,0.9933,,12.75,12.75,,14,31,,OFF
1790647515.0999033,5,785,1,snr-greedy,9,1,,0.9925,0.9914,,12.5,12.25,,15,31,,OFF
1790647516.0444326,1,787,1,snr-greedy,9,2,,0.9901,0.99,,12.0,12.0,,15,31,,OFF
1790647517.356161,4,777,1,snr-greedy,9,1,,0.9521,0.8822,,10.5,10.0,,16,29,,ON
1790647517.8785098,10,782,1,snr-greedy,9,2,,0.9925,0.9933,,12.5,12.75,,16,30,,ON
1790647521.367705,9,761,1,snr-greedy,9,1,,0.9944,0.9933,,13.5,12.75,,16,27,,OFF
1790647523.1999743,3,787,1,snr-greedy,9,1,,0.9942,0.9925,,13.25,12.5,,17,27,,OFF
1790647524.3695173,2,770,1,snr-greedy,9,1,,0.9925,0.9925,,12.5,12.5,,17,26,,OFF
1790647526.9897811,6,786,1,snr-greedy,9,1,,0.8935,0.8813,,13.0,12.75,,17,26,,OFF
1790647530.7888958,1,788,1,snr-greedy,9,1,,0.9915,0.99,,12.25,12.0,,18,24,,OFF
1790647531.8174777,10,783,1,snr-greedy,9,2,,0.9924,0.9944,,12.5,13.5,,18,24,,OFF
1790647533.3750033,7,775,0,snr-greedy,9,2,,0.0004,0.0627,,6.5,8.5,,17,24,,OFF
1790647535.628139,9,762,1,snr-greedy,9,1,,0.9938,0.9925,,13.0,12.5,,17,23,,OFF
1790647536.3766851,5,786,0,snr-greedy,9,1,,0.9925,0.9925,,12.5,12.5,,18,23,,OFF
1790647536.3779655,4,778,0,snr-greedy,9,2,,0.0,0.0,,2.0,2.75,,18,24,,OFF
1790647537.8548605,3,788,1,snr-greedy,9,2,,0.0,0.0,,3.0,4.0,,17,25,,OFF
1790647538.357946,2,771,1,snr-greedy,9,1,,0.9943,0.9938,,13.5,13.0,,17,25,,OFF
1790647541.859748,6,787,1,snr-greedy,9,1,,0.0,0.0,,3.75,3.5,,17,24,,OFF
1790647542.2778308,8,763,1,snr-greedy,9,1,,0.9942,0.9933,,13.25,12.75,,18,24,,OFF
1790647543.8233964,5,787,1,snr-greedy,9,1,,0.0,0.0,,0.0,-0.5,,19,23,,OFF
1790647544.9007552,4,779,1,snr-greedy,9,2,,0.9901,0.9855,,12.0,12.25,,19,23,,OFF
1790647549.3840177,1,789,0,snr-greedy,9,1,,0.9915,0.9901,,12.25,12.0,,20,21,,OFF
1790647550.1330416,9,763,1,snr-greedy,9,1,,0.9938,0.9933,,13.0,12.75,,21,21,,OFF
1790647550.385517,7,776,0,snr-greedy,9,2,,0.0004,0.0627,,6.5,8.5,,20,22,,OFF
1790647550.3860273,10,784,0,snr-greedy,9,1,,0.9924,0.0161,,12.5,6.75,,21,22,,OFF
1790647551.4529517,2,772,1,snr-greedy,9,2,,0.9925,0.9924,,12.5,12.5,,21,22,,OFF
1790647551.9650493,3,789,1,snr-greedy,9,2,,0.9895,0.9912,,12.0,12.25,,21,23,,OFF
1790647554.424775,6,788,1,snr-greedy,9,2,,0.9933,0.9938,,12.75,13.0,,21,21,,OFF
1790647556.7006617,5,788,1,snr-greedy,9,1,,0.9209,0.8744,,13.0,12.5,,21,21,,OFF
1790647559.2333183,4,780,1,snr-greedy,9,2,,0.9901,0.9933,,12.0,12.75,,21,21,,OFF
1790647560.3116498,1,790,1,snr-greedy,9,1,,0.9348,0.8689,,12.75,12.5,,22,20,,OFF
1790647561.4028234,8,764,0,snr-greedy,9,1,,0.9938,0.9938,,13.0,13.0,,22,19,,OFF
1790647565.3983448,7,777,0,snr-greedy,9,2,,0.9853,0.9899,,12.5,13.25,,21,17,,OFF
1790647566.4460702,3,790,1,snr-greedy,9,2,,0.9915,0.9925,,12.25,12.5,,21,18,,OFF
1790647567.4491932,6,789,1,snr-greedy,9,1,,0.9942,0.9915,,13.25,12.25,,22,17,,OFF
1790647569.401809,9,764,0,snr-greedy,9,2,,0.0,0.0,,3.25,3.5,,21,18,,OFF
1790647569.4042065,2,773,0,snr-greedy,9,1,,0.9933,0.9901,,12.75,12.0,,22,18,,OFF
1790647571.2066762,5,789,1,snr-greedy,9,2,,0.9916,0.9915,,12.25,12.25,,21,19,,OFF
1790647571.954895,8,765,1,snr-greedy,9,2,,0.9916,0.9933,,12.25,12.75,,21,20,,OFF
1790647573.2645607,4,781,1,snr-greedy,9,2,,0.9925,0.9933,,12.5,12.75,,21,19,,OFF
1790647575.008209,10,786,1,snr-greedy,9,2,,0.9897,0.9912,,12.0,12.25,,21,19,,OFF
1790647575.7186913,7,778,1,snr-greedy,9,2,,0.9915,0.9933,,12.25,12.75,,20,20,,OFF
1790647579.770393,9,765,1,snr-greedy,9,1,,0.9937,0.9912,,13.0,12.25,,20,18,,OFF
1790647580.1488316,2,774,1,snr-greedy,9,2,,0.9909,0.9932,,12.25,12.75,,20,19,,OFF
1790647580.408377,1,791,0,snr-greedy,9,1,,0.988,0.9877,,11.75,11.75,,21,19,,OFF
1790647581.77909,6,790,1,snr-greedy,9,2,,0.9915,0.9925,,12.25,12.5,,20,20,,OFF
1790647584.2403266,5,790,1,snr-greedy,9,1,,0.9933,0.9925,,12.75,12.5,,20,20,,OFF
1790647584.7280502,8,766,1,snr-greedy,9,2,,0.9932,0.9944,,12.75,13.5,,19,21,,OFF
1790647585.412326,3,791,0,snr-greedy,9,2,,0.9933,0.9933,,12.75,12.75,,19,22,,OFF
1790647586.5935137,4,782,1,snr-greedy,9,1,,0.9933,0.9924,,12.75,12.5,,20,22,,OFF
1790647587.961952,10,787,1,snr-greedy,9,2,,0.9915,0.9925,,12.25,12.5,,19,23,,OFF
1790647589.3644602,7,779,1,snr-greedy,9,2,,0.0,0.9938,,-1.75,13.0,,19,24,,OFF
1790647594.1647482,9,766,1,snr-greedy,9,2,,0.9925,0.9938,,12.5,13.0,,18,23,,OFF
1790647595.2056296,6,791,1,snr-greedy,9,2,,0.9932,0.9944,,12.75,13.5,,18,24,,OFF
1790647595.416417,1,792,0,snr-greedy,9,2,,0.9912,0.9936,,12.25,13.0,,18,25,,OFF
1790647595.6032412,2,775,1,snr-greedy,9,1,,0.9938,0.9924,,13.0,12.5,,19,25,,OFF
1790647596.1297915,3,792,1,snr-greedy,9,2,,0.9924,0.9924,,12.5,12.5,,18,26,,OFF
1790647597.1663797,5,791,1,snr-greedy,9,1,,0.9932,0.9933,,12.75,12.75,,18,25,,OFF
1790647600.2014582,4,783,1,snr-greedy,9,2,,0.99,0.9933,,12.0,12.75,,17,25,,OFF
1790647600.7224817,10,788,1,snr-greedy,9,1,,0.9915,0.9901,,12.25,12.0,,18,25,,OFF
1790647603.5957482,7,780,1,snr-greedy,9,2,,0.9931,0.9938,,12.75,13.0,,16,26,,OFF
1790647604.4222453,8,767,0,snr-greedy,9,2,,0.9924,0.9938,,12.5,13.0,,15,27,,OFF
1790647604.6184971,1,793,1,snr-greedy,9,1,,0.9924,0.9899,,12.5,12.0,,16,27,,OFF
1790647607.1771986,9,767,1,snr-greedy,9,2,,0.9925,0.9944,,12.5,13.5,,16,27,,OFF
1790647608.7280405,6,792,1,snr-greedy,9,1,,0.0174,0.0008,,8.0,6.75,,17,27,,OFF
1790647609.3205478,2,776,1,snr-greedy,9,2,,0.9916,0.9926,,12.25,12.5,,17,28,,OFF
1790647611.4754453,5,792,1,snr-greedy,9,1,,0.9933,0.9925,,12.75,12.5,,15,26,,OFF
1790647614.2263083,4,784,1,snr-greedy,9,1,,0.0001,0.0,,6.0,-1.0,,16,25,,OFF
1790647615.0430603,8,768,1,snr-greedy,9,2,,0.9925,0.9933,,12.5,12.75,,16,25,,OFF
1790647618.0349345,7,781,1,snr-greedy,9,1,,0.9915,0.9774,,12.25,11.0,,16,25,,ON
1790647618.5904553,1,794,1,snr-greedy,9,2,,0.0,0.9898,,0.5,12.0,,16,26,,ON
1790647620.4304135,10,789,0,snr-greedy,9,2,,0.9925,0.9931,,12.5,12.75,,15,26,,ON
1790647620.4757385,9,768,1,snr-greedy,9,1,,0.9925,0.9915,,12.5,12.25,,16,26,,ON
1790647622.2167857,2,777,1,snr-greedy,9,2,,0.9916,0.9925,,12.25,12.5,,15,27,,ON
1790647626.2326462,3,794,1,snr-greedy,9,1,,0.994,0.9923,,13.25,12.5,,16,26,,OFF
1790647626.2760856,5,793,1,snr-greedy,9,1,,0.9937,0.9924,,13.0,12.5,,17,26,,OFF
1790647627.434053,6,793,0,snr-greedy,9,2,,0.0,0.9888,,3.5,12.75,,17,26,,OFF
1790647628.3627665,4,785,1,snr-greedy,9,1,,0.9924,0.9924,,12.5,12.5,,17,26,,OFF
1790647629.1715174,8,769,1,snr-greedy,9,2,,0.9883,0.9915,,11.75,12.25,,17,27,,OFF
1790647629.5981503,10,790,1,snr-greedy,9,2,,0.979,0.9853,,12.0,12.5,,16,27,,OFF
1790647631.8495495,1,795,1,snr-greedy,9,1,,0.9924,0.9923,,12.5,12.5,,17,26,,OFF
1790647671.5538845,3,797,1,ewma,10,2,,0.9925,0.9932,,0.5,0.5,,0,1,,UNKNOWN
1790647672.493211,5,796,1,ewma,10,1,,0.9936,0.9944,,0.5,0.5,,1,1,,OFF
1790647673.7225547,4,788,1,ewma,10,2,,0.9924,0.9923,,0.5,0.5,,1,2,,OFF
1790647674.238049,10,793,1,ewma,10,2,,0.9914,0.9943,,0.5,0.5,,1,3,,OFF
1790647674.5382347,8,772,1,ewma,10,1,,0.9881,0.9877,,0.5,0.5,,2,3,,OFF
1790647677.3374681,1,798,1,ewma,10,2,,0.9915,0.9915,,0.5,0.5,,2,4,,OFF
1790647679.5700827,9,772,1,ewma,10,1,,0.9924,0.9932,,0.5,0.5,,3,4,,OFF
1790647681.1079547,7,785,1,ewma,10,2,,0.9931,0.9942,,0.5,0.5,,3,5,,OFF
1790647682.441191,2,781,1,ewma,10,1,,0.9938,0.9932,,0.5,0.5,,4,5,,OFF
1790647684.6171162,3,798,1,ewma,10,2,,0.9941,0.9925,,0.5,0.6,,4,6,,OFF
1790647685.1140454,6,797,1,ewma,10,1,,0.9914,0.9942,,0.5,0.5,,5,6,,OFF
1790647686.0519855,5,797,1,ewma,10,1,,0.9933,0.9925,,0.6,0.5,,6,6,,OFF
1790647687.977606,4,789,1,ewma,10,2,,0.0,0.9881,,0.5,0.6,,6,7,,OFF
1790647688.7015686,10,794,1,ewma,10,2,,0.9938,0.9941,,0.5,0.6,,6,8,,OFF
1790647691.2600899,1,799,1,ewma,10,2,,0.9932,0.9932,,0.5,0.6,,6,9,,OFF
1790647692.5598574,9,773,1,ewma,10,1,,0.9925,0.9942,,0.6,0.5,,7,9,,OFF
1790647693.9793952,8,773,0,ewma,10,1,,0.9932,0.9943,,0.6,0.5,,8,9,,OFF
1790647695.7879107,7,786,1,ewma,10,1,,0.9915,0.9943,,0.5,0.4,,9,9,,OFF
1790647698.4200313,2,782,1,ewma,10,2,,0.9938,0.9914,,0.4,0.5,,9,10,,OFF
1790647699.031732,3,799,1,ewma,10,2,,0.9924,0.9933,,0.5,0.68,,9,11,,OFF
1790647699.2181778,6,798,1,ewma,10,1,,0.9925,0.9925,,0.6,0.5,,10,11,,OFF
1790647700.373729,5,798,1,ewma,10,1,,0.9916,0.9915,,0.68,0.5,,11,11,,OFF
1790647703.0285442,10,795,1,ewma,10,2,,0.9914,0.0,,0.5,0.68,,11,12,,OFF
1790647703.4218745,8,774,1,ewma,10,2,,0.9933,0.0,,0.48,0.5,,11,13,,OFF
1790647703.824576,4,790,1,ewma,10,1,,0.9911,0.9916,,0.5,0.48,,12,13,,OFF
1790647704.584526,1,800,1,ewma,10,2,,0.9915,0.9901,,0.5,0.68,,12,14,,OFF
1790647705.9172833,9,774,1,ewma,10,1,,0.9932,0.9937,,0.68,0.5,,13,14,,OFF
1790647712.3528178,3,800,1,ewma,10,2,,0.0,0.0,,0.5,0.744,,13,15,,OFF
1790647712.965574,6,799,1,ewma,10,1,,0.9925,0.9925,,0.68,0.5,,14,15,,OFF
1790647713.1846454,5,799,1,ewma,10,1,,0.9925,0.9925,,0.744,0.5,,15,15,,OFF
1790647716.8726,8,775,1,ewma,10,2,,0.0,0.0,,0.48,0.6,,15,16,,OFF
1790647716.983701,2,783,0,ewma,10,2,,0.9944,0.9932,,0.4,0.6,,15,17,,OFF
1790647717.4110672,10,796,1,ewma,10,2,,0.9926,0.9912,,0.5,0.744,,15,18,,OFF
1790647717.99367,7,787,0,ewma,10,1,,0.9854,0.9941,,0.4,0.4,,16,18,,OFF
1790647717.9944696,4,791,1,ewma,10,1,,0.9933,0.9882,,0.6,0.48,,17,18,,OFF
1790647724.9978921,9,775,0,ewma,10,1,,0.9925,0.8689,,0.744,0.5,,18,18,,UNKNOWN
1790647726.188373,6,800,1,ewma,10,1,,0.9924,0.0,,0.744,0.5,,19,18,,OFF
1790647726.573402,5,800,1,ewma,10,1,,0.9938,0.9925,,0.7952,0.5,,20,18,,OFF
1790647728.3156652,2,784,1,ewma,10,2,,0.9933,0.99,,0.4,0.48,,20,19,,OFF
1790647730.2884185,10,797,1,ewma,10,2,,0.9881,0.9933,,0.5,0.7952,,20,20,,OFF
1790647730.8757586,8,776,1,ewma,10,2,,0.9915,0.9926,,0.48,0.68,,20,21,,OFF
1790647731.9998412,3,801,0,ewma,10,2,,0.0,0.017,,0.5,0.7952,,20,21,,OFF
1790647733.0008879,7,788,0,ewma,10,2,,0.8804,0.9916,,0.32,0.4,,19,22,,OFF
1790647733.4112077,4,792,1,ewma,10,1,,0.9899,0.9925,,0.48,0.48,,20,22,,OFF
1790647734.957143,1,802,1,ewma,10,2,,0.0029,0.0,,0.5,0.68,,19,21,,OFF
1790647741.0041113,9,776,0,ewma,10,1,,0.9941,0.9875,,0.5952,0.5,,19,20,,OFF
1790647741.0514028,6,801,1,ewma,10,1,,0.9914,0.9942,,0.7952,0.5,,20,20,,OFF
1790647741.089083,5,801,1,ewma,10,1,,0.0,0.9932,,0.8362,0.5,,21,20,,OFF
1790647741.5988376,2,785,1,ewma,10,2,,0.9933,0.9924,,0.4,0.584,,21,20,,OFF
1790647741.9286354,7,789,1,ewma,10,2,,0.9914,0.9942,,0.32,0.32,,21,21,,OFF
1790647742.9588547,3,802,1,ewma,10,2,,0.8535,0.8804,,0.5,0.6362,,20,22,,OFF
1790647745.3917675,8,777,1,ewma,10,2,,0.9915,0.9925,,0.48,0.744,,19,22,,OFF
1790647747.0587974,4,793,1,ewma,10,1,,0.9916,0.9933,,0.584,0.48,,19,22,,OFF
1790647748.0068607,10,798,0,ewma,10,2,,0.9913,0.9933,,0.5,0.8362,,19,22,,OFF
1790647749.1096706,1,803,1,ewma,10,2,,0.9924,0.9924,,0.5,0.744,,19,22,,OFF
1790647750.7526343,9,777,1,ewma,10,2,,0.9932,0.9914,,0.4762,0.5,,19,23,,OFF
1790647755.0280497,2,786,1,ewma,10,2,,0.0,0.7948,,0.4,0.6672,,17,23,,OFF
1790647755.4373243,5,802,1,ewma,10,1,,0.0493,0.9619,,0.8689,0.5,,18,23,,OFF
1790647757.2763345,3,803,1,ewma,10,2,,0.994,0.9943,,0.5,0.7089,,17,24,,OFF
1790647759.3775904,8,778,1,ewma,10,2,,0.9877,0.9755,,0.48,0.7952,,16,23,,OFF
1790647760.7731154,4,794,1,ewma,10,1,,0.9925,0.9942,,0.6672,0.48,,16,23,,OFF
1790647761.8981295,1,804,1,ewma,10,2,,0.9915,0.9915,,0.5,0.7952,,16,24,,OFF
1790647764.1695335,9,778,1,ewma,10,2,,0.9926,0.9933,,0.4762,0.6,,15,23,,OFF
1790647765.012068,10,799,0,ewma,10,2,,0.9931,0.9925,,0.5,0.6689,,15,23,,OFF
1790647767.6350985,2,787,1,ewma,10,2,,0.9913,0.9931,,0.4,0.7338,,14,24,,OFF
1790647768.357995,5,803,1,ewma,10,1,,0.9932,0.9925,,0.8951,0.5,,15,24,,OFF
1790647770.1858056,6,803,1,ewma,10,1,,0.99,0.9938,,0.7952,0.5,,16,24,,OFF
1790647770.8276162,3,804,1,ewma,10,2,,0.9942,0.9925,,0.5,0.7671,,16,25,,OFF
1790647771.3199117,7,791,1,ewma,10,2,,0.9914,0.9933,,0.32,0.32,,16,26,,OFF
1790647772.4345396,8,779,1,ewma,10,2,,0.9944,0.9943,,0.48,0.8362,,16,26,,ON
1790647774.3183627,10,800,1,ewma,10,2,,0.8535,0.8804,,0.5,0.5351,,14,27,,ON
1790647775.818398,1,805,1,ewma,10,2,,0.9925,0.99,,0.5,0.8362,,14,28,,UNKNOWN
1790647777.0825818,9,779,1,ewma,10,2,,0.9933,0.9925,,0.4762,0.68,,14,27,,OFF
1790647780.0184748,4,795,0,ewma,10,1,,0.9915,0.9941,,0.7338,0.48,,13,26,,OFF
1790647782.1852734,2,788,1,ewma,10,2,,0.9925,0.9915,,0.4,0.787,,13,27,,OFF
1790647782.7027037,5,804,1,ewma,10,1,,0.9925,0.9925,,0.9161,0.5,,14,27,,OFF
1790647784.2254148,6,804,1,ewma,10,1,,0.9932,0.994,,0.8362,0.5,,15,27,,OFF
1790647785.55359,8,780,1,ewma,10,2,,0.0,0.2649,,0.48,0.8689,,14,28,,OFF
1790647785.8903584,7,792,1,ewma,10,2,,0.9933,0.9942,,0.32,0.456,,14,29,,OFF
1790647788.5359285,10,801,1,ewma,10,2,,0.9915,0.9933,,0.5,0.6281,,12,29,,OFF
1790647789.0225646,3,805,0,ewma,10,2,,0.9933,0.9915,,0.5,0.8137,,12,30,,OFF
1790647789.653972,4,796,1,ewma,10,1,,0.9914,0.9938,,0.587,0.48,,13,30,,OFF
1790647790.3730018,1,806,1,ewma,10,2,,0.9931,0.9931,,0.5,0.8689,,13,30,,OFF
1790647791.5336967,9,780,1,ewma,10,2,,0.9938,0.9938,,0.4762,0.744,,13,30,,OFF
1790647795.682542,2,789,1,ewma,10,2,,0.9915,0.9915,,0.4,0.8296,,12,28,,OFF
1790647796.54229,5,805,1,ewma,10,1,,0.9925,0.9925,,0.9329,0.5,,13,28,,OFF
1790647798.8800962,3,806,1,ewma,10,2,,0.9925,0.99,,0.5,0.651,,13,29,,OFF
1790647799.3028102,6,805,1,ewma,10,1,,0.0,0.0,,0.6689,0.5,,14,29,,OFF
1790647800.0979784,7,793,1,ewma,10,2,,0.9931,0.9944,,0.32,0.5648,,14,30,,OFF
1790647802.0508177,10,802,1,ewma,10,2,,0.9938,0.9925,,0.5,0.7025,,11,29,,OFF
1790647804.9212842,9,781,1,ewma,10,2,,0.9938,0.9901,,0.4762,0.7952,,11,29,,OFF
1790647805.0330799,8,781,0,ewma,10,2,,0.9831,0.9912,,0.48,0.8951,,11,30,,OFF
1790647809.0153847,2,790,1,ewma,10,2,,0.9925,0.9933,,0.4,0.8637,,10,29,,OFF
1790647809.0353231,1,807,0,ewma,10,2,,0.9901,0.9901,,0.5,0.8951,,10,30,,OFF
1790647809.0364635,4,797,0,ewma,10,1,,0.9805,0.9888,,0.6696,0.48,,11,30,,OFF
1790647811.772906,3,807,1,ewma,10,2,,0.9583,0.9802,,0.5,0.7208,,11,29,,OFF
1790647814.85134,8,782,1,ewma,10,2,,0.9938,0.9938,,0.48,0.7161,,11,30,,OFF
1790647815.8473487,10,803,1,ewma,10,2,,0.9926,0.9925,,0.5,0.762,,10,30,,OFF
1790647817.6382873,9,782,1,ewma,10,2,,0.9942,0.9933,,0.4762,0.8362,,10,30,,OFF
1790647818.0405614,5,806,0,ewma,10,1,,0.9925,0.9916,,0.7463,0.5,,11,30,,OFF
1790647818.6361327,4,798,1,ewma,10,1,,0.9924,0.9938,,0.5357,0.48,,12,30,,OFF
1790647819.7869997,1,808,1,ewma,10,2,,0.99,0.9901,,0.5,0.7161,,12,30,,OFF
1790647823.5447426,2,791,1,ewma,10,2,,0.9933,0.9914,,0.4,0.6909,,11,30,,ON
1790647825.6967344,3,808,1,ewma,10,2,,0.9931,0.9932,,0.5,0.7766,,11,29,,OFF
1790647826.639187,5,807,1,ewma,10,1,,0.9944,0.9925,,0.5971,0.5,,12,29,,OFF
1790647828.2775264,6,807,1,ewma,10,1,,0.9915,0.9933,,0.6689,0.5,,13,28,,OFF
1790647828.7995453,7,795,1,ewma,10,2,,0.0,0.0,,0.32,0.5648,,12,29,,OFF
1790647828.8881984,8,783,1,ewma,10,2,,0.9938,0.9533,,0.48,0.7729,,12,30,,OFF
1790647829.9321508,10,804,1,ewma,10,2,,0.9913,0.9914,,0.5,0.8096,,12,31,,OFF
1790647831.3450558,9,783,1,ewma,10,2,,0.9942,0.8535,,0.4762,0.8689,,11,30,,OFF
1790647834.2075133,1,809,1,ewma,10,2,,0.9915,0.9933,,0.5,0.5729,,11,30,,OFF
1790647836.0627193,4,799,0,ewma,10,1,,0.9914,0.9926,,0.6285,0.48,,12,28,,OFF
1790647836.9921825,2,792,1,ewma,10,2,,0.9925,0.9915,,0.4,0.7528,,12,29,,OFF
1790647839.0419402,3,809,1,ewma,10,2,,0.9933,0.9925,,0.5,0.8213,,12,29,,OFF
1790647840.9603326,6,808,1,ewma,10,1,,0.9925,0.9943,,0.7351,0.5,,12,29,,OFF
1790647841.8752782,7,796,1,ewma,10,2,,0.9857,0.9723,,0.32,0.6518,,12,30,,OFF
1790647842.5534325,5,808,1,ewma,10,2,,0.3641,0.0,,0.4776,0.5,,12,30,,OFF
1790647843.1045704,10,805,1,ewma,10,2,,0.9914,0.9914,,0.5,0.8477,,11,31,,OFF
1790647845.3610551,9,784,1,ewma,10,2,,0.9938,0.9925,,0.4762,0.8951,,10,32,,OFF
1790647846.6948943,4,800,1,ewma,10,1,,0.99,0.9883,,0.5028,0.48,,11,30,,OFF
1790647848.0679326,8,784,0,ewma,10,2,,0.9932,0.9938,,0.48,0.8183,,11,31,,OFF
1790647848.335955,1,810,1,ewma,10,2,,0.9924,0.9924,,0.5,0.6583,,11,32,,OFF
1790647850.9982114,2,793,1,ewma,10,2,,0.9932,0.9932,,0.4,0.8022,,10,30,,OFF
1790647852.4163222,3,810,1,ewma,10,2,,0.9914,0.9937,,0.5,0.857,,10,30,,OFF
1790647854.5914168,6,809,1,ewma,10,1,,0.9938,0.9938,,0.7881,0.5,,11,30,,OFF
1790647855.9098155,10,806,1,ewma,10,2,,0.9925,0.9938,,0.5,0.8781,,11,30,,OFF
1790647856.7553008,5,809,1,ewma,10,2,,0.7567,0.0287,,0.4776,0.6,,10,31,,OFF
1790647858.195986,7,797,1,ewma,10,2,,0.99,0.9926,,0.32,0.5215,,10,32,,OFF
1790647859.3869956,9,785,1,ewma,10,2,,0.9938,0.9942,,0.4762,0.9161,,9,32,,OFF
1790647861.1296792,4,801,1,ewma,10,1,,0.9914,0.9933,,0.6023,0.48,,10,31,,OFF
1790647861.363707,1,811,1,ewma,10,2,,0.9853,0.9842,,0.5,0.7267,,10,32,,OFF
1790647863.0750124,8,785,0,ewma,10,2,,0.9938,0.9942,,0.48,0.6547,,10,32,,OFF
1790647864.1166077,2,794,1,ewma,10,2,,0.9937,0.9933,,0.4,0.8418,,10,33,,OFF
1790647865.963385,3,811,1,ewma,10,2,,0.9925,0.9915,,0.5,0.8856,,10,32,,OFF
1790647868.5124545,10,807,1,ewma,10,2,,0.9901,0.9915,,0.5,0.9025,,10,33,,OFF
1790647870.7885594,6,810,1,ewma,10,1,,0.9901,0.9938,,0.6305,0.5,,10,31,,ON
1790647871.270347,5,810,1,ewma,10,2,,0.9925,0.9932,,0.4776,0.68,,10,32,,ON
1790647872.211598,8,786,1,ewma,10,2,,0.9925,0.9944,,0.48,0.5237,,10,32,,ON
1790647873.3087504,9,786,1,ewma,10,2,,0.9933,0.9925,,0.4762,0.9329,,10,33,,ON
1790647873.8354595,7,798,1,ewma,10,2,,0.0,0.9694,,0.32,0.4172,,10,34,,ON
1790647874.9446409,1,812,1,ewma,10,2,,0.9929,0.9879,,0.5,0.7813,,10,34,,ON
1790647875.444141,4,802,1,ewma,10,1,,0.4911,0.9897,,0.6818,0.48,,11,34,,ON
1790647877.2959423,2,795,1,ewma,10,2,,0.0,0.9902,,0.4,0.8734,,11,34,,ON
1790647878.6291468,3,812,1,ewma,10,2,,0.9887,0.9925,,0.5,0.9085,,10,34,,OFF
1790647882.7298017,10,808,1,ewma,10,2,,0.9925,0.9924,,0.5,0.922,,9,34,,OFF
1790647886.1153808,8,787,1,ewma,10,2,,0.9861,0.8887,,0.48,0.619,,9,33,,OFF
1790647886.7650843,6,811,1,ewma,10,1,,0.0192,0.0,,0.5044,0.5,,9,33,,OFF
1790647888.6833541,1,813,1,ewma,10,2,,0.9925,0.9925,,0.5,0.8251,,8,34,,OFF
1790647889.2811325,7,799,1,ewma,10,2,,0.9931,0.9942,,0.32,0.3337,,8,33,,OFF
1790647890.1179404,2,796,1,ewma,10,2,,0.9935,0.9938,,0.4,0.8987,,8,33,,OFF
1790647891.0894604,5,811,0,ewma,10,2,,0.9933,0.9915,,0.4776,0.544,,8,34,,OFF
1790647893.0910585,9,787,0,ewma,10,2,,0.9933,0.9901,,0.4762,0.9463,,8,34,,OFF
1790647893.1518307,3,813,1,ewma,10,2,,0.9925,0.9901,,0.5,0.9268,,8,35,,OFF
1790647895.0932698,4,803,0,ewma,10,1,,0.9921,0.9942,,0.7455,0.48,,9,34,,OFF
1790647895.46174,10,809,1,ewma,10,2,,0.9883,0.9902,,0.5,0.9376,,9,35,,OFF
1790647898.974505,8,788,1,ewma,10,2,,0.9933,0.9942,,0.48,0.6952,,8,35,,OFF
1790647901.4869306,5,812,1,ewma,10,1,,0.9925,0.9926,,0.4776,0.4352,,8,34,,OFF
1790647902.1338058,6,812,1,ewma,10,2,,0.0,0.681,,0.4035,0.5,,8,34,,OFF
1790647903.0218394,2,797,1,ewma,10,2,,0.9925,0.9926,,0.4,0.919,,8,34,,OFF
1790647945.293622,8,791,1,snr-greedy,10,2,,0.9925,0.9944,,12.5,13.5,,0,1,,OFF
1790647947.5649674,5,815,1,snr-greedy,10,2,,0.0,0.989,,-0.25,12.75,,0,2,,OFF
1790647947.971229,2,800,1,snr-greedy,10,1,,0.9933,0.9925,,12.75,12.5,,1,2,,OFF
1790647948.8907485,1,817,1,snr-greedy,10,1,,0.9875,0.9805,,12.5,12.0,,2,2,,OFF
1790647950.3608782,7,803,1,snr-greedy,10,2,,0.9933,0.994,,12.75,13.25,,2,3,,OFF
1790647952.4742894,4,807,1,snr-greedy,10,1,,0.9933,0.9926,,12.75,12.5,,3,3,,OFF
1790647953.664953,6,815,0,snr-greedy,10,2,,0.9862,0.989,,12.25,12.75,,3,4,,OFF
1790647953.6652462,9,791,0,snr-greedy,10,2,,0.9922,0.9939,,12.5,13.25,,3,5,,OFF
1790647953.6977339,3,817,1,snr-greedy,10,1,,0.9931,0.9932,,12.75,12.75,,4,5,,OFF
1790647956.1699393,10,813,1,snr-greedy,10,2,,0.9933,0.9942,,12.75,13.25,,4,6,,OFF
1790647958.4464333,8,792,1,snr-greedy,10,2,,0.9914,0.9925,,12.25,12.5,,4,7,,OFF
1790647960.7558918,5,816,1,snr-greedy,10,1,,0.9915,0.9882,,12.25,11.75,,5,7,,OFF
1790647962.2873144,2,801,1,snr-greedy,10,2,,0.0,0.7706,,-1.75,9.5,,5,8,,OFF
1790647962.8525007,1,818,1,snr-greedy,10,1,,0.9938,0.9901,,13.0,12.0,,6,8,,OFF
1790647965.174556,4,808,1,snr-greedy,10,1,,0.8692,0.8336,,12.25,12.0,,7,8,,OFF
1790647965.8283646,7,804,1,snr-greedy,10,2,,0.9937,0.9943,,13.0,13.5,,7,9,,OFF
1790647967.6699173,6,816,0,snr-greedy,10,2,,0.9897,0.9923,,12.0,12.5,,7,10,,OFF
1790647968.5554986,3,818,1,snr-greedy,10,1,,0.9915,0.9915,,12.25,12.25,,8,10,,OFF
1790647969.2771769,10,814,1,snr-greedy,10,2,,0.9924,0.9937,,12.5,13.0,,8,11,,OFF
1790647970.671765,9,792,0,snr-greedy,10,2,,0.9932,0.9942,,12.75,13.25,,8,12,,OFF
1790647971.6575265,8,793,1,snr-greedy,10,2,,0.9938,0.9942,,13.0,13.25,,8,13,,OFF
1790647975.0920177,5,817,1,snr-greedy,10,1,,0.9942,0.9925,,13.25,12.5,,9,13,,ON
1790647975.8270705,1,819,1,snr-greedy,10,1,,0.9938,0.9931,,13.0,12.75,,10,13,,ON
1790647976.467601,2,802,1,snr-greedy,10,1,,0.9915,0.9915,,12.25,12.25,,11,13,,ON
1790647977.2621849,6,817,1,snr-greedy,10,2,,0.0,0.9925,,1.0,12.5,,11,14,,ON
1790647977.7500947,4,809,1,snr-greedy,10,2,,0.0,0.9899,,2.75,12.0,,11,15,,ON
1790647978.6921625,7,805,1,snr-greedy,10,2,,0.0,0.5164,,1.5,9.5,,11,16,,ON
1790647981.4721932,9,793,1,snr-greedy,10,2,,0.0002,0.9813,,6.25,11.25,,11,17,,ON
1790647982.37094,3,819,1,snr-greedy,10,1,,0.9915,0.989,,12.25,12.0,,12,17,,ON
1790647983.0965803,10,815,1,snr-greedy,10,2,,0.0,0.9812,,3.25,11.25,,12,18,,ON
1790647986.0253644,8,794,1,snr-greedy,10,1,,0.9933,0.9925,,12.75,12.5,,13,18,,OFF
1790647990.6720865,5,818,1,snr-greedy,10,1,,0.9937,0.9932,,13.0,12.75,,14,18,,OFF
1790647991.480358,6,818,1,snr-greedy,10,1,,0.993,0.9924,,12.75,12.5,,15,18,,OFF
1790647991.81495,1,820,1,snr-greedy,10,2,,0.9913,0.9924,,12.25,12.5,,15,19,,OFF
1790647992.8393884,7,806,1,snr-greedy,10,2,,0.985,0.9641,,12.25,12.75,,15,20,,OFF
1790647994.6548352,9,794,1,snr-greedy,10,2,,0.9925,0.9941,,12.5,13.25,,15,21,,OFF
1790647996.1245103,10,816,1,snr-greedy,10,1,,0.9861,0.9902,,12.5,12.0,,16,21,,OFF
1790647996.2033393,3,820,1,snr-greedy,10,1,,0.9855,0.9831,,12.25,12.0,,17,21,,OFF
1790647997.6787162,4,810,0,snr-greedy,10,2,,0.0,0.0,,0.75,2.75,,17,22,,OFF
1790647998.6807632,2,803,0,snr-greedy,10,1,,0.9937,0.9916,,13.0,12.25,,18,22,,OFF
1790648000.394094,8,795,1,snr-greedy,10,1,,0.9938,0.9933,,13.0,12.75,,19,22,,OFF
1790648003.4682152,5,819,1,snr-greedy,10,2,,0.9914,0.9914,,12.25,12.25,,19,23,,OFF
1790648004.5166733,6,819,1,snr-greedy,10,2,,0.9925,0.9933,,12.5,12.75,,19,24,,OFF
1790648005.951034,1,821,1,snr-greedy,10,1,,0.9933,0.9914,,12.75,12.25,,20,23,,OFF
1790648007.8870904,4,811,1,snr-greedy,10,2,,0.9913,0.9933,,12.25,12.75,,20,23,,OFF
1790648008.8023138,2,804,1,snr-greedy,10,2,,0.0,0.9877,,1.0,11.75,,19,24,,OFF
1790648009.5563378,7,807,1,snr-greedy,10,2,,0.0,0.9937,,3.75,13.0,,18,25,,OFF
1790648009.8613827,10,817,1,snr-greedy,10,1,,0.9924,0.9833,,12.5,12.25,,19,25,,OFF
1790648013.5027714,8,796,1,snr-greedy,10,2,,0.9933,0.9942,,12.75,13.25,,18,25,,OFF
1790648014.6977794,3,821,0,snr-greedy,10,2,,0.993,0.9928,,12.75,12.75,,17,24,,OFF
1790648017.1062512,5,820,1,snr-greedy,10,1,,0.9925,0.9915,,12.5,12.25,,18,23,,OFF
1790648018.3121912,6,820,1,snr-greedy,10,1,,0.9925,0.9916,,12.5,12.25,,19,23,,OFF
1790648019.5784426,1,822,1,snr-greedy,10,1,,0.9915,0.99,,12.25,12.0,,20,22,,OFF
1790648022.1081805,2,805,1,snr-greedy,10,1,,0.9924,0.9915,,12.5,12.25,,20,22,,OFF
1790648022.942138,7,808,1,snr-greedy,10,1,,0.9867,0.9747,,11.75,11.25,,20,21,,OFF
1790648024.574636,9,796,1,snr-greedy,10,1,,0.9938,0.9932,,13.0,12.75,,21,21,,OFF
1790648026.1062267,3,822,1,snr-greedy,10,2,,0.9901,0.9926,,12.0,12.5,,20,21,,OFF
1790648027.42491,8,797,1,snr-greedy,10,1,,0.9924,0.9925,,12.5,12.5,,21,21,,OFF
1790648027.702231,4,812,0,snr-greedy,10,1,,0.9925,0.9925,,12.5,12.5,,22,20,,OFF
1790648028.703851,10,818,0,snr-greedy,10,1,,0.9925,0.9833,,12.5,12.25,,22,20,,OFF
1790648029.7932143,5,821,1,snr-greedy,10,1,,0.9925,0.9925,,12.5,12.5,,23,19,,OFF
1790648031.8485627,6,821,1,snr-greedy,10,1,,0.9916,0.9915,,12.25,12.25,,24,17,,ON
1790648034.2821317,1,823,1,snr-greedy,10,1,,0.9926,0.99,,12.5,12.0,,25,17,,UNKNOWN
1790648034.5893607,2,806,1,snr-greedy,10,1,,0.9942,0.9933,,13.5,12.75,,26,17,,UNKNOWN
1790648035.7242708,7,809,1,snr-greedy,10,2,,0.9932,0.9932,,12.75,12.75,,25,18,,OFF
1790648038.155424,10,819,1,snr-greedy,10,2,,0.9923,0.9938,,12.5,13.0,,23,17,,OFF
1790648039.7366154,3,823,1,snr-greedy,10,1,,0.9915,0.99,,12.25,12.0,,24,16,,OFF
1790648040.8475497,8,798,1,snr-greedy,10,1,,0.9926,0.9926,,12.5,12.5,,25,16,,OFF
1790648043.7095928,4,813,0,snr-greedy,10,2,,0.0004,0.9925,,5.5,12.5,,24,15,,OFF
1790648044.2495363,5,822,1,snr-greedy,10,2,,0.9916,0.9914,,12.25,12.25,,24,16,,OFF
1790648045.9543796,6,822,1,snr-greedy,10,1,,0.9938,0.9915,,13.0,12.25,,25,16,,OFF
1790648049.8603928,7,810,1,snr-greedy,10,2,,0.9925,0.9942,,12.5,13.25,,24,17,,OFF
1790648050.7721226,2,807,1,snr-greedy,10,2,,0.9853,0.9925,,12.5,12.5,,23,18,,OFF
1790648052.316531,10,820,1,snr-greedy,10,2,,0.9925,0.9933,,12.5,12.75,,22,18,,OFF
1790648052.8496962,9,798,1,snr-greedy,10,2,,0.9914,0.9924,,12.25,12.5,,22,18,,OFF
1790648054.253421,3,824,1,snr-greedy,10,1,,0.9915,0.0,,12.25,1.0,,23,18,,OFF
1790648055.7135193,1,824,0,snr-greedy,10,1,,0.9938,0.9914,,13.0,12.25,,24,17,,OFF
1790648056.5014381,8,799,1,snr-greedy,10,2,,0.9881,0.9926,,11.75,12.5,,22,18,,OFF
1790648058.7474089,5,823,1,snr-greedy,10,2,,0.8535,0.8804,,12.25,12.75,,21,18,,OFF
1790648059.7164466,4,814,0,snr-greedy,10,2,,0.8335,0.9933,,12.0,12.75,,21,19,,OFF
1790648063.1782377,7,811,1,snr-greedy,10,2,,0.9924,0.9942,,12.5,13.25,,20,20,,OFF
1790648063.7188659,6,823,0,snr-greedy,10,2,,0.9938,0.9941,,13.0,13.25,,20,20,,OFF
1790648063.899235,2,808,1,snr-greedy,10,1,,0.9933,0.9925,,12.75,12.5,,21,20,,OFF
1790648066.333799,10,821,1,snr-greedy,10,1,,0.9926,0.9901,,12.5,12.0,,21,19,,OFF
1790648067.2750232,1,825,1,snr-greedy,10,1,,0.0,0.0,,5.25,1.75,,22,19,,OFF
1790648069.731135,8,800,1,snr-greedy,10,2,,0.9932,0.9937,,12.75,13.0,,22,17,,OFF
1790648070.480928,4,815,1,snr-greedy,10,2,,0.9898,0.9933,,12.0,12.75,,21,18,,OFF
1790648071.4690747,5,824,1,snr-greedy,10,2,,0.9915,0.9925,,12.25,12.5,,21,19,,OFF
1790648071.7333174,9,799,0,snr-greedy,10,2,,0.9933,0.9942,,12.75,13.25,,21,20,,OFF
1790648072.735025,3,825,0,snr-greedy,10,1,,0.9942,0.9875,,13.25,12.75,,22,20,,OFF
1790648074.4389079,6,824,1,snr-greedy,10,2,,0.9933,0.9938,,12.75,13.0,,22,20,,OFF
1790648075.6598186,7,812,1,snr-greedy,10,2,,0.9914,0.9942,,12.25,13.25,,22,20,,OFF
1790648079.9955935,2,809,1,snr-greedy,10,1,,0.9933,0.9901,,12.75,12.0,,20,20,,ON
1790648081.8436599,1,826,1,snr-greedy,10,1,,0.0029,0.0,,7.25,2.25,,21,20,,ON
1790648082.4467363,3,826,1,snr-greedy,10,1,,0.9896,0.985,,13.0,12.25,,21,20,,ON
1790648084.2699394,4,816,1,snr-greedy,10,2,,0.9914,0.9932,,12.25,12.75,,20,21,,OFF
1790648086.7536952,10,822,0,snr-greedy,10,2,,0.99,0.9915,,12.0,12.25,,19,21,,OFF
1790648087.7568505,8,801,0,snr-greedy,10,2,,0.0252,0.9937,,8.0,13.0,,17,22,,OFF
1790648087.7576559,9,800,0,snr-greedy,10,1,,0.9933,0.0,,12.75,0.0,,18,22,,OFF
1790648088.7711751,6,825,1,snr-greedy,10,1,,0.9926,0.9915,,12.5,12.25,,18,22,,OFF
1790648089.773059,5,825,0,snr-greedy,10,1,,0.9941,0.9941,,13.25,13.25,,19,22,,OFF
1790648090.2189283,7,813,1,snr-greedy,10,2,,0.9925,0.9938,,12.5,13.0,,18,23,,OFF
1790648093.727312,2,810,1,snr-greedy,10,1,,0.9933,0.9902,,12.75,12.0,,18,23,,OFF
1790648096.1302867,1,827,1,snr-greedy,10,1,,0.9933,0.9881,,12.75,11.75,,17,22,,OFF
1790648096.654509,9,801,1,snr-greedy,10,2,,0.9925,0.9936,,12.5,13.0,,17,23,,OFF
1790648096.9484262,3,827,1,snr-greedy,10,1,,0.9896,0.9927,,13.25,12.75,,18,23,,OFF
1790648097.5616338,10,823,1,snr-greedy,10,2,,0.9925,0.9938,,12.5,13.0,,18,24,,OFF
1790648098.2993205,8,802,1,snr-greedy,10,2,,0.9932,0.9937,,12.75,13.0,,18,24,,OFF
1790648100.4417648,5,826,1,snr-greedy,10,1,,0.9932,0.9933,,12.75,12.75,,18,24,,OFF
1790648104.2338,7,814,1,snr-greedy,10,2,,0.9911,0.9936,,12.25,13.0,,17,24,,OFF
1790648105.7806964,4,817,0,snr-greedy,10,2,,0.0,0.0,,0.5,1.0,,17,24,,OFF
1790648108.7835853,6,826,0,snr-greedy,10,2,,0.9937,0.9937,,13.0,13.0,,16,25,,OFF
1790648109.353809,1,828,1,snr-greedy,10,1,,0.9902,0.9901,,12.0,12.0,,17,25,,OFF
1790648110.2762792,9,802,1,snr-greedy,10,2,,0.0,0.0,,2.75,3.0,,17,25,,OFF
1790648111.4322803,8,803,1,snr-greedy,10,2,,0.9939,0.9938,,13.0,13.0,,17,25,,OFF
1790648112.836473,3,828,1,snr-greedy,10,1,,0.9938,0.9916,,13.0,12.25,,18,24,,OFF
1790648113.7558012,5,827,1,snr-greedy,10,1,,0.9915,0.9915,,12.25,12.25,,19,23,,OFF
1790648115.3690941,4,818,1,snr-greedy,10,2,,0.9913,0.9933,,12.25,12.75,,18,24,,OFF
1790648118.3510907,7,815,1,snr-greedy,10,2,,0.9901,0.9916,,12.0,12.25,,17,24,,OFF
1790648119.0988817,6,827,1,snr-greedy,10,2,,0.9932,0.9944,,12.75,13.5,,17,24,,OFF
1790648126.1373277,3,829,1,snr-greedy,10,1,,0.9932,0.9925,,12.75,12.5,,17,21,,OFF
1790648127.9086678,5,828,1,snr-greedy,10,1,,0.9926,0.9901,,12.5,12.0,,16,21,,OFF
1790648129.8037057,1,829,0,snr-greedy,10,1,,0.9932,0.9899,,12.75,12.0,,17,20,,ON
1790648130.8060164,8,804,0,snr-greedy,10,1,,0.9933,0.8535,,12.75,12.25,,18,19,,ON
1790648130.8069608,10,825,0,snr-greedy,10,1,,0.9926,0.9915,,12.5,12.25,,19,19,,ON
1790648130.8082142,2,812,0,snr-greedy,10,2,,0.1823,0.988,,8.5,11.75,,19,20,,ON
1790648131.8100371,9,803,0,snr-greedy,10,2,,0.9833,0.989,,12.25,13.0,,19,19,,ON
1790648131.876472,4,819,1,snr-greedy,10,1,,0.9911,0.9899,,12.25,12.0,,20,19,,ON
1790648132.7975202,7,816,1,snr-greedy,10,2,,0.0,0.991,,0.75,12.5,,19,20,,UNKNOWN
1790648133.6120434,6,828,1,snr-greedy,10,1,,0.9926,0.9915,,12.5,12.25,,20,20,,OFF
1790648138.733258,3,830,1,snr-greedy,10,1,,0.9915,0.9902,,12.25,12.0,,21,18,,OFF
1790648140.3063118,2,813,1,snr-greedy,10,2,,0.9932,0.9937,,12.75,13.0,,20,19,,OFF
1790648140.8850675,1,830,1,snr-greedy,10,1,,0.0,0.0,,-1.5,-2.25,,21,19,,OFF
1790648141.4298773,10,826,1,snr-greedy,10,1,,0.9937,0.9924,,13.0,12.5,,22,19,,OFF
1790648142.3110456,9,804,1,snr-greedy,10,1,,0.9925,0.9915,,12.5,12.25,,22,19,,OFF
1790648146.5695703,7,817,1,snr-greedy,10,2,,0.9925,0.9944,,12.5,13.5,,21,19,,OFF
1790648147.7612808,4,820,1,snr-greedy,10,2,,0.0002,0.0119,,6.25,7.75,,20,18,,OFF
1790648152.1450732,3,831,1,snr-greedy,10,1,,0.9926,0.9925,,12.5,12.5,,19,17,,OFF
1790648153.5883403,1,831,1,snr-greedy,10,1,,0.9925,0.99,,12.5,12.0,,20,17,,OFF
1790648153.8206398,6,829,0,snr-greedy,10,1,,0.9933,0.9926,,12.75,12.5,,20,17,,OFF
1790648154.1956968,10,827,1,snr-greedy,10,2,,0.0,0.9941,,3.0,13.25,,20,18,,OFF
1790648154.3242536,2,814,1,snr-greedy,10,1,,0.8804,0.9906,,12.75,12.25,,21,18,,OFF
1790648156.2401228,5,830,1,snr-greedy,10,1,,0.9858,0.9867,,12.75,12.75,,21,18,,OFF
1790648157.378156,8,806,1,snr-greedy,10,2,,0.9925,0.9925,,12.5,12.5,,20,18,,OFF
1790648160.8804483,7,818,1,snr-greedy,10,2,,0.9925,0.9941,,12.5,13.25,,19,17,,OFF
1790648161.8280418,9,805,0,snr-greedy,10,1,,0.9933,0.9926,,12.75,12.5,,20,17,,OFF
1790648161.8754063,4,821,1,snr-greedy,10,1,,0.9942,0.9931,,13.25,12.75,,21,17,,OFF
1790648163.2167263,6,830,1,snr-greedy,10,1,,0.9938,0.9938,,13.0,13.0,,22,17,,OFF
1790648166.3560295,3,832,1,snr-greedy,10,1,,0.9942,0.9925,,13.25,12.5,,23,15,,OFF
1790648166.7262685,1,832,1,snr-greedy,10,1,,0.9932,0.9925,,12.75,12.5,,24,15,,OFF
1790648167.7224805,10,828,1,snr-greedy,10,2,,0.9882,0.9901,,11.75,12.0,,24,16,,OFF
1790648169.760876,2,815,1,snr-greedy,10,2,,0.9925,0.9925,,12.5,12.5,,23,16,,OFF
1790648172.661627,9,806,1,snr-greedy,10,2,,0.9901,0.9925,,12.0,12.5,,23,15,,OFF
1790648213.9963915,10,831,1,round-robin,10,1,,0.9937,0.9925,,nan,nan,,1,0,,OFF
1790648214.8399942,2,818,1,round-robin,10,1,,0.9925,0.9925,,nan,nan,,2,0,,OFF
1790648215.7549775,5,834,1,round-robin,10,1,,0.9937,0.9942,,nan,nan,,3,0,,OFF
1790648219.1383142,8,810,1,round-robin,10,1,,0.9933,0.9932,,nan,nan,,4,0,,OFF
1790648219.5754817,9,809,1,round-robin,10,1,,0.9932,0.993,,nan,nan,,5,0,,OFF
1790648221.5736182,7,822,1,round-robin,10,1,,0.9943,0.9937,,nan,nan,,6,0,,OFF
1790648223.2189636,4,825,1,round-robin,10,1,,0.9882,0.9915,,nan,nan,,7,0,,OFF
1790648226.7174408,1,836,1,round-robin,10,1,,0.99,0.9914,,nan,nan,,8,0,,OFF
1790648227.4282217,6,834,1,round-robin,10,1,,0.9885,0.9833,,nan,nan,,9,0,,OFF
1790648228.4485753,2,819,1,round-robin,10,2,,0.9941,0.9925,,nan,nan,,9,1,,ON
1790648231.8640559,5,835,1,round-robin,10,2,,0.9915,0.9933,,nan,nan,,9,2,,OFF
1790648232.181589,8,811,1,round-robin,10,2,,0.9915,0.9938,,nan,nan,,9,3,,OFF
1790648232.3118637,10,832,0,round-robin,10,2,,0.9944,0.9925,,nan,nan,,9,4,,OFF
1790648232.3128684,3,836,0,round-robin,10,1,,0.0,0.0,,nan,nan,,10,4,,OFF
1790648232.7806146,9,810,1,round-robin,10,2,,0.9915,0.9939,,nan,nan,,10,5,,OFF
1790648234.7940657,7,823,1,round-robin,10,2,,0.9914,0.9925,,nan,nan,,10,6,,OFF
1790648239.4327033,4,826,1,round-robin,10,2,,0.9938,0.9924,,nan,nan,,10,7,,OFF
1790648240.0204554,1,837,1,round-robin,10,2,,0.9915,0.9925,,nan,nan,,10,8,,OFF
1790648240.834114,6,835,1,round-robin,10,2,,0.9925,0.9939,,nan,nan,,10,9,,OFF
1790648245.5728807,5,836,1,round-robin,10,1,,0.9915,0.9925,,nan,nan,,11,9,,OFF
1790648246.3653457,8,812,1,round-robin,10,1,,0.9886,0.9941,,nan,nan,,12,9,,OFF
1790648246.9956918,9,811,1,round-robin,10,1,,0.9933,0.9933,,nan,nan,,13,9,,OFF
1790648247.3176057,3,837,0,round-robin,10,2,,0.0,0.0,,nan,nan,,13,10,,OFF
1790648248.000371,7,824,1,round-robin,10,1,,0.9933,0.9915,,nan,nan,,14,10,,OFF
1790648248.319496,10,833,0,round-robin,10,1,,0.9924,0.9932,,nan,nan,,15,10,,OFF
1790648252.4419823,4,827,1,round-robin,10,1,,0.9901,0.9926,,nan,nan,,16,10,,OFF
1790648253.9422839,6,836,1,round-robin,10,1,,0.9933,0.0,,nan,nan,,17,10,,OFF
1790648257.3128004,2,821,1,round-robin,10,1,,0.9933,0.9926,,nan,nan,,18,10,,OFF
1790648257.8358896,3,838,1,round-robin,10,1,,0.991,0.0,,nan,nan,,19,10,,OFF
1790648258.3381014,5,837,1,round-robin,10,2,,0.9925,0.9925,,nan,nan,,19,11,,OFF
1790648258.9697447,10,834,1,round-robin,10,2,,0.99,0.9925,,nan,nan,,19,12,,OFF
1790648259.3392568,1,838,0,round-robin,10,1,,0.9914,0.9901,,nan,nan,,20,12,,OFF
1790648260.5190325,8,813,1,round-robin,10,2,,0.0,0.0,,nan,nan,,20,13,,OFF
1790648261.5244195,7,825,1,round-robin,10,2,,0.9914,0.9914,,nan,nan,,20,14,,OFF
1790648266.3435678,9,812,0,round-robin,10,2,,0.9933,0.9942,,nan,nan,,20,15,,OFF
1790648266.6349587,4,828,1,round-robin,10,2,,0.9933,0.9915,,nan,nan,,20,16,,OFF
1790648268.2781355,6,837,1,round-robin,10,2,,0.7949,0.3672,,nan,nan,,20,17,,OFF
1790648268.832912,1,839,1,round-robin,10,2,,0.9914,0.9925,,nan,nan,,20,18,,OFF
1790648272.910364,5,838,1,round-robin,10,1,,0.9932,0.9923,,nan,nan,,21,18,,OFF
1790648275.6353185,7,826,1,round-robin,10,1,,0.9914,0.9914,,nan,nan,,20,18,,OFF
1790648276.4715366,9,813,1,round-robin,10,1,,0.9932,0.9943,,nan,nan,,20,18,,OFF
1790648277.3466737,3,839,0,round-robin,10,2,,0.8804,0.8804,,nan,nan,,20,19,,ON
1790648277.3472762,2,822,0,round-robin,10,2,,0.9933,0.9915,,nan,nan,,20,20,,ON
1790648279.3487399,8,814,0,round-robin,10,1,,0.0,0.0,,nan,nan,,20,20,,ON
1790648281.027012,4,829,1,round-robin,10,1,,0.9933,0.9902,,nan,nan,,20,20,,OFF
1790648282.8180888,1,840,1,round-robin,10,1,,0.9924,0.9924,,nan,nan,,20,20,,OFF
1790648283.546959,6,838,1,round-robin,10,1,,0.9938,0.9926,,nan,nan,,20,20,,OFF
1790648286.7013326,3,840,1,round-robin,10,1,,0.9916,0.9915,,nan,nan,,21,20,,OFF
1790648287.4511178,2,823,1,round-robin,10,1,,0.9933,0.9925,,nan,nan,,20,20,,OFF
1790648287.954647,5,839,1,round-robin,10,2,,0.9156,0.0,,nan,nan,,20,21,,OFF
1790648288.54615,8,815,1,round-robin,10,2,,0.9911,0.9911,,nan,nan,,20,21,,OFF
1790648289.5104485,7,827,1,round-robin,10,2,,0.9897,0.9901,,nan,nan,,20,22,,OFF
1790648290.4305727,9,814,1,round-robin,10,2,,0.9925,0.9939,,nan,nan,,20,23,,OFF
1790648294.1159604,4,830,1,round-robin,10,2,,0.9942,0.9926,,nan,nan,,19,20,,OFF
1790648294.3531158,10,836,0,round-robin,10,1,,0.9902,0.9915,,nan,nan,,20,20,,OFF
1790648296.5246234,1,841,1,round-robin,10,2,,0.9915,0.99,,nan,nan,,20,20,,OFF
1790648298.0610464,6,839,1,round-robin,10,2,,0.9925,0.9938,,nan,nan,,20,21,,OFF
1790648300.8610563,2,824,1,round-robin,10,2,,0.9931,0.9938,,nan,nan,,20,19,,OFF
1790648301.8020673,5,840,1,round-robin,10,1,,0.9259,0.9703,,nan,nan,,21,19,,OFF
1790648302.299822,7,828,1,round-robin,10,1,,0.436,0.9924,,nan,nan,,22,19,,OFF
1790648302.3931644,8,816,1,round-robin,10,1,,0.99,0.9923,,nan,nan,,23,19,,OFF
1790648303.9115689,9,815,1,round-robin,10,1,,0.9925,0.9938,,nan,nan,,24,19,,OFF
1790648305.2691107,10,837,1,round-robin,10,2,,0.9916,0.9914,,nan,nan,,24,20,,OFF
1790648306.368813,3,841,0,round-robin,10,2,,0.9915,0.9926,,nan,nan,,22,21,,OFF
1790648307.4046175,4,831,1,round-robin,10,1,,0.9942,0.9924,,nan,nan,,22,20,,OFF
1790648309.5881972,1,842,1,round-robin,10,1,,0.9942,0.9925,,nan,nan,,21,20,,OFF
1790648312.4202366,6,840,1,round-robin,10,1,,0.9925,0.9941,,nan,nan,,22,20,,OFF
1790648314.259678,2,825,1,round-robin,10,1,,0.9915,0.9915,,nan,nan,,21,20,,OFF
1790648315.2069857,8,817,1,round-robin,10,2,,0.99,0.0496,,nan,nan,,21,21,,OFF
1790648316.3970516,3,842,1,round-robin,10,1,,0.9938,0.9933,,nan,nan,,22,21,,OFF
1790648317.0124605,9,816,1,round-robin,10,2,,0.9925,0.9942,,nan,nan,,22,22,,OFF
1790648318.3396468,5,841,1,round-robin,10,2,,0.9914,0.99,,nan,nan,,20,22,,OFF
1790648318.7786813,10,838,1,round-robin,10,1,,0.9924,0.9942,,nan,nan,,21,22,,OFF
1790648321.8663096,4,832,1,round-robin,10,2,,0.9941,0.9938,,nan,nan,,20,20,,OFF
1790648322.2576122,1,843,1,round-robin,10,2,,0.9933,0.9915,,nan,nan,,20,21,,OFF
1790648325.259337,6,841,1,round-robin,10,2,,0.8805,0.9939,,nan,nan,,20,22,,OFF
1790648328.015131,2,826,1,round-robin,10,2,,0.9942,0.9925,,nan,nan,,20,21,,ON
1790648329.3509376,3,843,1,round-robin,10,2,,0.0,0.0,,nan,nan,,20,20,,UNKNOWN
1790648330.952876,5,842,1,round-robin,10,1,,0.0,0.0583,,nan,nan,,21,20,,UNKNOWN
1790648332.0824206,9,817,1,round-robin,10,1,,0.0,0.9915,,nan,nan,,22,20,,UNKNOWN
1790648334.1295466,10,839,1,round-robin,10,2,,0.9882,0.9915,,nan,nan,,21,21,,UNKNOWN
1790648334.8415053,1,844,1,round-robin,10,1,,0.0,0.0,,nan,nan,,22,21,,UNKNOWN
1790648335.370548,8,818,0,round-robin,10,1,,0.9931,0.9017,,nan,nan,,23,21,,UNKNOWN
1790648338.309014,6,842,1,round-robin,10,1,,0.9925,0.9942,,nan,nan,,22,19,,UNKNOWN
1790648342.3139439,2,827,1,round-robin,10,1,,0.9925,0.9925,,nan,nan,,21,19,,OFF
1790648343.0639832,3,844,1,round-robin,10,1,,0.9933,0.9925,,nan,nan,,21,19,,OFF
1790648344.8053625,9,818,1,round-robin,10,2,,0.9933,0.9944,,nan,nan,,20,20,,OFF
1790648345.7154167,8,819,1,round-robin,10,2,,0.9915,0.9938,,nan,nan,,20,21,,OFF
1790648346.5451224,5,843,1,round-robin,10,2,,0.9933,0.9925,,nan,nan,,20,22,,OFF
1790648347.3588638,1,845,1,round-robin,10,2,,0.9914,0.9914,,nan,nan,,19,23,,OFF
1790648348.4936612,10,840,1,round-robin,10,1,,0.9925,0.9926,,nan,nan,,19,22,,OFF
1790648350.0938864,4,834,1,round-robin,10,1,,0.9914,0.9925,,nan,nan,,20,20,,OFF
1790648352.3794181,7,831,0,round-robin,10,2,,0.9565,0.9932,,nan,nan,,20,20,,OFF
1790648353.7834182,6,843,1,round-robin,10,2,,0.9938,0.9938,,nan,nan,,20,21,,OFF
1790648355.9367387,2,828,1,round-robin,10,2,,0.9925,0.9926,,nan,nan,,19,21,,OFF
1790648357.4774232,9,819,1,round-robin,10,1,,0.9915,0.9916,,nan,nan,,20,20,,OFF
1790648358.9019773,3,845,1,round-robin,10,2,,0.9933,0.9882,,nan,nan,,20,20,,OFF
1790648361.7099307,10,841,1,round-robin,10,2,,0.9899,0.9925,,nan,nan,,20,20,,OFF
1790648362.8324518,7,832,1,round-robin,10,1,,0.9932,0.9932,,nan,nan,,18,20,,OFF
1790648365.3862603,8,820,0,round-robin,10,1,,0.9938,0.9933,,nan,nan,,18,19,,OFF
1790648365.387607,5,844,0,round-robin,10,1,,0.0,0.0,,nan,nan,,19,19,,OFF
1790648365.3887634,1,846,0,round-robin,10,1,,0.9924,0.9916,,nan,nan,,20,19,,OFF
1790648366.3831692,4,835,1,round-robin,10,2,,0.9914,0.9925,,nan,nan,,20,19,,OFF
1790648366.6723075,6,844,1,round-robin,10,1,,0.994,0.9942,,nan,nan,,21,19,,OFF
1790648370.0040803,2,829,1,round-robin,10,1,,0.9933,0.9925,,nan,nan,,20,19,,OFF
1790648371.1959682,9,820,1,round-robin,10,2,,0.9915,0.9938,,nan,nan,,20,20,,OFF
1790648373.5522256,3,846,1,round-robin,10,1,,0.9925,0.9932,,nan,nan,,20,20,,OFF
1790648374.1940906,10,842,1,round-robin,10,1,,0.9882,0.9916,,nan,nan,,21,20,,OFF
1790648374.9129426,5,845,1,round-robin,10,2,,0.9912,0.9914,,nan,nan,,20,21,,OFF
1790648375.2108786,1,847,1,round-robin,10,2,,0.9938,0.9932,,nan,nan,,20,21,,OFF
1790648377.0336685,7,833,1,round-robin,10,2,,0.9942,0.9938,,nan,nan,,19,21,,OFF
1790648381.3323846,6,845,1,round-robin,10,2,,0.9938,0.9942,,nan,nan,,18,21,,OFF
1790648382.089691,4,836,1,round-robin,10,1,,0.9932,0.9942,,nan,nan,,19,20,,OFF
1790648387.8923786,1,848,1,round-robin,10,1,,0.0,0.9881,,nan,nan,,20,18,,UNKNOWN
1790648388.5167086,10,843,1,round-robin,10,2,,0.9933,0.9933,,nan,nan,,20,18,,UNKNOWN
1790648389.3241038,5,846,1,round-robin,10,1,,0.0,0.0,,nan,nan,,21,18,,UNKNOWN
1790648389.852198,7,834,1,round-robin,10,1,,0.0,0.9938,,nan,nan,,22,17,,OFF
1790648389.8528225,3,847,1,round-robin,10,2,,0.9925,0.973,,nan,nan,,22,18,,OFF
1790648390.6577585,8,822,1,round-robin,10,2,,0.9937,0.9944,,nan,nan,,22,19,,OFF
1790648391.4098887,2,830,0,round-robin,10,2,,0.9915,0.9925,,nan,nan,,21,20,,OFF
1790648394.556576,6,846,1,round-robin,10,1,,0.9926,0.0004,,nan,nan,,21,19,,OFF
1790648400.4136884,4,837,0,round-robin,10,2,,0.9925,0.9938,,nan,nan,,18,20,,OFF
1790648401.0132854,1,849,1,round-robin,10,2,,0.9914,0.99,,nan,nan,,18,21,,OFF
1790648401.8382835,10,844,1,round-robin,10,1,,0.9933,0.0,,nan,nan,,19,21,,OFF
1790648402.25774,2,831,1,round-robin,10,1,,0.0,0.9855,,nan,nan,,20,21,,OFF
1790648402.734896,5,847,1,round-robin,10,2,,0.9925,0.9925,,nan,nan,,19,22,,OFF
1790648403.0714023,7,835,1,round-robin,10,2,,0.9925,0.9937,,nan,nan,,18,23,,OFF
1790648404.170313,8,823,1,round-robin,10,1,,0.9933,0.9915,,nan,nan,,19,23,,OFF
1790648405.7919216,3,848,1,round-robin,10,1,,0.9933,0.9915,,nan,nan,,20,21,,OFF
1790648407.4355652,9,822,0,round-robin,10,1,,0.9896,0.8689,,nan,nan,,21,19,,OFF
1790648410.4380658,6,847,1,round-robin,10,2,,0.9914,0.9938,,nan,nan,,19,20,,OFF
1790648411.034513,4,838,1,round-robin,10,1,,0.9926,0.9901,,nan,nan,,20,20,,OFF
1790648414.4110122,1,850,1,round-robin,10,1,,0.0288,0.0,,nan,nan,,21,18,,OFF
1790648415.5298393,5,848,1,round-robin,10,1,,0.9925,0.9938,,nan,nan,,22,18,,OFF
1790648415.7467782,2,832,1,round-robin,10,2,,0.0,0.9938,,nan,nan,,22,19,,OFF
1790648417.893031,9,823,1,round-robin,10,2,,0.9943,0.9941,,nan,nan,,21,19,,OFF
1790648418.4993634,8,824,1,round-robin,10,2,,0.9925,0.9944,,nan,nan,,21,20,,OFF
1790648419.4176507,3,849,1,round-robin,10,2,,0.9933,0.9933,,nan,nan,,21,20,,OFF
1790648420.4442852,10,845,0,round-robin,10,2,,0.9915,0.8535,,nan,nan,,21,21,,OFF
1790648422.4467587,7,836,0,round-robin,10,1,,0.9925,0.9941,,nan,nan,,22,20,,OFF
1790648423.833428,6,848,1,round-robin,10,1,,0.9932,0.9942,,nan,nan,,22,20,,OFF
1790648426.3765101,4,839,1,round-robin,10,2,,0.9914,0.9915,,nan,nan,,19,21,,OFF
1790648426.9042845,1,851,1,round-robin,10,2,,0.9933,0.9881,,nan,nan,,18,21,,OFF
1790648428.8808694,5,849,1,round-robin,10,2,,0.9925,0.9916,,nan,nan,,18,22,,OFF
1790648429.5593667,10,846,1,round-robin,10,1,,0.9899,0.9943,,nan,nan,,19,22,,OFF
1790648431.3354957,9,824,1,round-robin,10,1,,0.9933,0.9942,,nan,nan,,19,21,,OFF
1790648432.528072,7,837,1,round-robin,10,2,,0.9941,0.9932,,nan,nan,,19,22,,OFF
1790648433.0750651,3,850,1,round-robin,10,1,,0.0,0.0,,nan,nan,,20,22,,OFF
1790648434.4569585,2,833,0,round-robin,10,1,,0.9867,0.9933,,nan,nan,,19,22,,OFF
1790648438.1598773,6,849,1,round-robin,10,2,,0.8689,0.9942,,nan,nan,,19,20,,UNKNOWN
1790648440.4350998,1,852,1,round-robin,10,1,,0.9939,0.9915,,nan,nan,,20,20,,UNKNOWN
1790648441.9969401,4,840,1,round-robin,10,1,,0.9924,0.9924,,nan,nan,,21,19,,UNKNOWN
1790648443.4205463,10,847,1,round-robin,10,2,,0.9891,0.9891,,nan,nan,,20,20,,UNKNOWN
1790648484.4366436,1,855,1,state-aware,10,1,,0.9924,0.9899,,0.9924,0.9899,,1,0,,OFF
1790648487.4294355,4,843,1,state-aware,10,1,,0.9931,0.9925,,0.9931,0.9925,,2,0,,OFF
1790648489.576907,10,850,1,state-aware,10,2,,0.9902,0.9938,,0.9902,0.9938,,2,1,,UNKNOWN
1790648489.885599,5,853,1,state-aware,10,2,,0.9931,0.9938,,0.9931,0.9938,,2,2,,UNKNOWN
1790648491.7231915,9,828,1,state-aware,10,1,,0.9944,0.9932,,0.9944,0.9932,,3,2,,UNKNOWN
1790648493.77287,2,837,1,state-aware,10,2,,0.9914,0.9943,,0.9914,0.9943,,3,3,,UNKNOWN
1790648494.72409,7,841,1,state-aware,10,2,,0.9899,0.9915,,0.9899,0.9915,,3,4,,UNKNOWN
1790648495.9598641,8,829,1,state-aware,10,1,,0.9941,0.0,,0.9941,0.0,,4,4,,UNKNOWN
1790648498.09223,3,854,1,state-aware,10,2,,0.9924,0.9925,,0.9924,0.9925,,4,5,,UNKNOWN
1790648498.1081846,6,853,1,state-aware,10,2,,0.9914,0.9941,,0.9914,0.9941,,4,6,,UNKNOWN
1790648500.136243,1,856,1,state-aware,10,2,,0.9901,0.9901,,0.8917,0.9901,,4,7,,UNKNOWN
1790648501.041673,4,844,1,state-aware,10,2,,0.9914,0.9925,,0.9262,0.9925,,4,8,,UNKNOWN
1790648502.2701602,10,851,1,state-aware,10,1,,0.9933,0.9938,,0.9933,0.9282,,5,8,,UNKNOWN
1790648503.6123874,5,854,1,state-aware,10,1,,0.9925,0.9925,,0.9925,0.9271,,6,8,,UNKNOWN
1790648506.489652,2,838,1,state-aware,10,2,,0.0,0.9855,,0.0,0.9212,,6,9,,UNKNOWN
1790648508.1999526,7,842,1,state-aware,10,1,,0.9942,0.9914,,0.9942,0.9262,,7,9,,UNKNOWN
1790648509.886416,8,830,1,state-aware,10,2,,0.9942,0.9943,,0.9285,0.9943,,7,10,,UNKNOWN
1790648511.0003538,3,855,1,state-aware,10,1,,0.9942,0.9932,,0.9942,0.9276,,8,10,,UNKNOWN
1790648511.5920124,6,854,1,state-aware,10,1,,0.9942,0.9942,,0.9942,0.9285,,9,10,,OFF
1790648511.9135716,9,829,0,state-aware,10,2,,0.9933,0.9933,,0.8944,0.9933,,9,11,,OFF
1790648513.8270178,1,857,1,state-aware,10,2,,0.9938,0.9926,,0.8949,0.9272,,9,12,,OFF
1790648514.5570507,4,845,1,state-aware,10,2,,0.99,0.9915,,0.925,0.9262,,9,13,,OFF
1790648520.4862301,2,839,1,state-aware,10,1,,0.9915,0.9915,,0.9915,0.9025,,10,13,,OFF
1790648521.841965,7,843,1,state-aware,10,2,,0.9901,0.9915,,0.9251,0.9262,,10,14,,OFF
1790648521.919156,10,852,0,state-aware,10,1,,0.0,0.0,,0.1,0.1,,11,14,,OFF
1790648521.920004,5,855,0,state-aware,10,1,,0.9933,0.9933,,0.9277,0.9277,,12,14,,OFF
1790648522.4567962,9,830,1,state-aware,10,2,,0.107,0.9926,,0.1558,0.8938,,12,15,,OFF
1790648522.9635298,8,831,1,state-aware,10,2,,0.9915,0.9933,,0.9262,0.9277,,12,16,,OFF
1790648524.3766496,6,855,1,state-aware,10,2,,0.9901,0.9933,,0.9251,0.9278,,12,17,,OFF
1790648525.210759,3,856,1,state-aware,10,1,,0.9942,0.9933,,0.9285,0.9278,,13,17,,OFF
1790648527.5574057,1,858,1,state-aware,10,2,,0.0,0.0,,0.0667,0.1943,,13,18,,OFF
1790648528.0793648,4,846,1,state-aware,10,1,,0.9931,0.9944,,0.9276,0.9045,,14,18,,OFF
1790648531.0815086,10,853,1,state-aware,10,2,,0.993,0.9941,,0.8464,0.9285,,14,19,,OFF
1790648532.7785578,5,856,1,state-aware,10,2,,0.9933,0.9925,,0.8466,0.927,,14,20,,OFF
1790648534.93655,2,840,1,state-aware,10,1,,0.9926,0.9916,,0.9272,0.9025,,15,20,,OFF
1790648536.5778759,7,844,1,state-aware,10,2,,0.0,0.99,,0.1,0.8443,,15,21,,OFF
1790648537.1738017,8,832,1,state-aware,10,1,,0.9915,0.9868,,0.9263,0.8991,,16,21,,OFF
1790648538.5099292,6,856,1,state-aware,10,1,,0.9901,0.9933,,0.9251,0.9038,,17,21,,OFF
1790648539.7310917,3,857,1,state-aware,10,2,,0.9933,0.9926,,0.9038,0.9272,,17,22,,OFF
1790648540.9971056,4,847,1,state-aware,10,2,,0.9902,0.9915,,0.9016,0.9025,,17,23,,OFF
1790648541.9397416,9,831,0,state-aware,10,2,,0.9188,0.976,,0.8323,0.8457,,17,24,,OFF
1790648544.4692423,10,854,1,state-aware,10,2,,0.9938,0.9938,,0.847,0.9042,,16,25,,OFF
1790648546.0232701,5,857,1,state-aware,10,2,,0.9925,0.9915,,0.8461,0.9025,,16,26,,OFF
1790648546.9425232,1,859,0,state-aware,10,2,,0.8887,0.8535,,0.8073,0.8124,,16,27,,OFF
1790648548.894822,2,841,1,state-aware,10,1,,0.9915,0.9915,,0.9025,0.9025,,16,27,,OFF
1790648550.84455,8,833,1,state-aware,10,2,,0.9932,0.9942,,0.9037,0.9044,,16,26,,OFF
1790648551.830518,9,832,1,state-aware,10,1,,0.9938,0.9933,,0.8949,0.7768,,16,26,,OFF
1790648552.4910986,7,845,1,state-aware,10,1,,0.9925,0.9942,,0.9271,0.7653,,17,26,,OFF
1790648553.084816,3,858,1,state-aware,10,1,,0.9944,0.9915,,0.9046,0.9025,,18,26,,OFF
1790648555.0367239,4,848,1,state-aware,10,1,,0.9925,0.9914,,0.9032,0.8986,,19,24,,OFF
1790648557.559064,10,855,1,state-aware,10,2,,0.0,0.0,,0.1371,0.279,,18,25,,ON
1790648560.646303,5,858,1,state-aware,10,2,,0.0,0.9912,,0.1371,0.8985,,18,23,,ON
1790648562.2676766,2,842,1,state-aware,10,2,,0.9915,0.9914,,0.8987,0.9025,,18,23,,ON
1790648562.9660785,1,860,0,state-aware,10,1,,0.9928,0.9918,,0.894,0.8155,,18,23,,ON
1790648565.1442258,9,833,1,state-aware,10,1,,0.9932,0.9944,,0.858,0.7775,,18,23,,UNKNOWN
1790648565.967932,3,859,1,state-aware,10,2,,0.9942,0.9933,,0.9004,0.9038,,18,24,,UNKNOWN
1790648566.4018998,8,834,1,state-aware,10,2,,0.3279,0.9614,,0.4285,0.8049,,18,25,,UNKNOWN
1790648566.8979754,7,846,1,state-aware,10,1,,0.9924,0.9942,,0.9031,0.7654,,19,24,,UNKNOWN
1790648569.4821458,6,858,1,state-aware,10,2,,0.8335,0.9306,,0.7946,0.859,,18,25,,OFF
1790648571.720052,10,856,1,state-aware,10,2,,0.9882,0.9926,,0.843,0.9049,,16,25,,OFF
1790648572.5200226,1,861,1,state-aware,10,2,,0.9941,0.9914,,0.8015,0.8153,,16,25,,OFF
1790648574.669915,5,859,1,state-aware,10,2,,0.9925,0.9915,,0.8461,0.9042,,16,24,,OFF
1790648574.9714441,4,849,0,state-aware,10,2,,0.9933,0.9937,,0.8998,0.9001,,16,25,,OFF
1790648577.033866,2,843,1,state-aware,10,1,,0.9925,0.9914,,0.8993,0.8236,,17,25,,OFF
1790648579.094853,8,835,1,state-aware,10,1,,0.8804,0.8887,,0.8232,0.7761,,18,25,,OFF
1790648581.020337,7,847,1,state-aware,10,1,,0.9925,0.9938,,0.8993,0.7651,,18,25,,OFF
1790648583.8846936,6,859,1,state-aware,10,1,,0.9942,0.9942,,0.9285,0.9003,,17,22,,OFF
1790648583.9748902,9,834,0,state-aware,10,1,,0.9901,0.9902,,0.8498,0.7749,,18,22,,OFF
1790648584.4349754,4,850,1,state-aware,10,1,,0.9924,0.9941,,0.8992,0.8168,,19,21,,OFF
1790648585.4451978,1,862,1,state-aware,10,2,,0.0168,0.0,,0.1034,0.3381,,18,22,,OFF
1790648588.7987118,5,860,1,state-aware,10,2,,0.9938,0.9938,,0.847,0.915,,17,22,,OFF
1790648591.4658978,2,844,1,state-aware,10,1,,0.9938,0.9925,,0.9055,0.8243,,18,21,,OFF
1790648593.50353,8,836,1,state-aware,10,1,,0.8526,0.3632,,0.8119,0.4841,,19,20,,OFF
1790648594.022917,9,835,1,state-aware,10,2,,0.9932,0.9925,,0.7708,0.7763,,19,21,,OFF
1790648594.952052,7,848,1,state-aware,10,1,,0.9932,0.9932,,0.9052,0.7648,,19,21,,OFF
1790648595.4495106,3,861,1,state-aware,10,2,,0.99,0.9915,,0.8978,0.9025,,19,22,,OFF
1790648597.2019289,6,860,1,state-aware,10,2,,0.8689,0.8944,,0.8149,0.838,,18,22,,OFF
1790648599.663342,1,863,1,state-aware,10,2,,0.99,0.9925,,0.7986,0.8553,,17,23,,OFF
1790648600.3749409,10,858,1,state-aware,10,2,,0.9933,0.9944,,0.8466,0.9059,,17,23,,OFF
1790648601.9837234,4,851,0,state-aware,10,1,,0.9915,0.9938,,0.9042,0.8167,,18,21,,OFF
1790648603.143151,5,861,1,state-aware,10,2,,0.9944,0.9925,,0.8474,0.9251,,18,22,,OFF
1790648607.7680342,2,845,1,state-aware,10,2,,0.0,0.9813,,0.3181,0.8173,,18,20,,OFF
1790648607.8463151,9,836,1,state-aware,10,2,,0.9939,0.9925,,0.7712,0.7882,,18,21,,OFF
1790648608.3748367,7,849,1,state-aware,10,1,,0.9932,0.9933,,0.9147,0.7648,,19,21,,OFF
1790648610.331621,3,862,1,state-aware,10,1,,0.9933,0.9925,,0.8998,0.8243,,19,21,,OFF
1790648611.4556804,6,861,1,state-aware,10,2,,0.9901,0.9941,,0.9015,0.9057,,19,21,,OFF
1790648612.0726857,4,852,1,state-aware,10,1,,0.9933,0.9901,,0.8147,0.8146,,19,21,,OFF
1790648612.5752463,1,864,1,state-aware,10,2,,0.9933,0.9938,,0.8009,0.8765,,18,22,,OFF
1790648615.0280793,10,859,1,state-aware,10,2,,0.9925,0.9942,,0.846,0.9152,,17,23,,ON
1790648617.7969015,5,862,1,state-aware,10,1,,0.9924,0.9925,,0.846,0.819,,17,22,,UNKNOWN
1790648621.3689682,2,846,1,state-aware,10,2,,0.985,0.9901,,0.8106,0.8324,,17,22,,OFF
1790648622.294586,8,838,1,state-aware,10,1,,0.9865,0.9931,,0.8955,0.834,,18,21,,OFF
1790648623.2981975,3,863,1,state-aware,10,1,,0.9933,0.9901,,0.9053,0.8228,,18,21,,OFF
1790648624.9682398,4,853,1,state-aware,10,1,,0.9914,0.9933,,0.8373,0.8163,,19,21,,OFF
1790648625.3677928,1,865,1,state-aware,10,2,,0.9932,0.9923,,0.8009,0.895,,18,22,,OFF
1790648625.995087,7,850,0,state-aware,10,1,,0.9915,0.9915,,0.9247,0.7637,,19,21,,OFF
1790648626.082058,6,862,1,state-aware,10,1,,0.9925,0.9933,,0.9032,0.8147,,20,21,,OFF
1790648627.9375618,10,860,1,state-aware,10,2,,0.9941,0.9925,,0.8472,0.9251,,19,21,,OFF
1790648628.0181594,9,837,0,state-aware,10,2,,0.9942,0.9937,,0.7713,0.81,,19,22,,OFF
1790648631.0207787,5,863,1,state-aware,10,1,,0.9938,0.9925,,0.8402,0.819,,20,21,,OFF
1790648635.2909768,2,847,1,state-aware,10,2,,0.9937,0.9943,,0.8149,0.8512,,20,18,,OFF
1790648635.8167517,7,851,1,state-aware,10,1,,0.0004,0.0,,0.4057,0.144,,21,18,,OFF
1790648637.1566277,9,838,1,state-aware,10,1,,0.994,0.9943,,0.7713,0.7252,,21,18,,OFF
1790648637.7403095,3,864,1,state-aware,10,1,,0.9915,0.9925,,0.9138,0.8243,,22,18,,OFF
1790648638.8764443,6,863,1,state-aware,10,1,,0.9925,0.8888,,0.8993,0.7625,,23,18,,OFF
1790648639.8157735,1,866,1,state-aware,10,2,,0.9938,0.9914,,0.8013,0.9117,,22,19,,OFF
1790648642.0039537,8,839,0,state-aware,10,1,,0.9939,0.9933,,0.9056,0.8341,,22,19,,OFF
1790648643.4930809,10,861,1,state-aware,10,1,,0.9942,0.9938,,0.8473,0.8196,,23,19,,OFF
1790648644.0059304,4,854,0,state-aware,10,1,,0.9881,0.9925,,0.8592,0.8159,,22,19,,OFF
1790648645.0328243,5,864,1,state-aware,10,1,,0.9901,0.9915,,0.8466,0.8186,,22,19,,OFF
1790648648.5290825,2,848,1,state-aware,10,2,,0.9925,0.9932,,0.8143,0.8696,,22,19,,OFF
1790648650.7857053,9,839,1,state-aware,10,1,,0.9915,0.9939,,0.7929,0.725,,23,18,,OFF
1790648651.1895864,3,865,1,state-aware,10,1,,0.0,0.0,,0.474,0.204,,24,18,,OFF
1790648651.8918166,8,840,1,state-aware,10,2,,0.9933,0.9925,,0.8147,0.8337,,23,19,,OFF
1790648652.377216,7,852,1,state-aware,10,2,,0.9914,0.9915,,0.7235,0.7637,,23,20,,OFF
1790648653.5406444,6,864,1,state-aware,10,1,,0.9925,0.0,,0.8159,0.3181,,23,20,,OFF
1790648653.9241228,1,867,1,state-aware,10,2,,0.9923,0.9915,,0.8002,0.9264,,23,21,,OFF
1790648655.976322,10,862,1,state-aware,10,1,,0.9938,0.9938,,0.8401,0.8196,,23,19,,OFF
1790648658.4566267,5,865,1,state-aware,10,1,,0.9932,0.9931,,0.8635,0.8193,,24,18,,OFF
1790648662.4384968,2,849,1,state-aware,10,2,,0.9916,0.9925,,0.8139,0.8879,,23,17,,OFF
1790648664.9829257,8,841,1,state-aware,10,2,,0.9881,0.9932,,0.8121,0.8507,,23,17,,ON
1790648666.258759,6,865,1,state-aware,10,1,,0.0,0.0004,,0.3381,0.3183,,24,17,,OFF
1790648666.8315578,9,840,1,state-aware,10,2,,0.9933,0.9933,,0.7108,0.7248,,24,18,,OFF
1790648668.1607814,1,868,1,state-aware,10,2,,0.9925,0.9925,,0.8004,0.9393,,24,17,,OFF
1790648669.8277617,10,863,1,state-aware,10,1,,0.856,0.7563,,0.7721,0.7206,,24,17,,OFF
1790648670.0202694,3,866,0,state-aware,10,1,,0.985,0.9825,,0.9326,0.8181,,25,17,,OFF
1790648671.0222497,7,853,0,state-aware,10,2,,0.9932,0.9914,,0.7242,0.7762,,24,18,,OFF
1790648671.5638628,5,866,1,state-aware,10,1,,0.9941,0.9925,,0.8811,0.8191,,25,17,,OFF
1790648675.1258264,2,850,1,state-aware,10,2,,0.9915,0.9933,,0.8138,0.9055,,24,16,,OFF
1790648676.0284367,4,856,0,state-aware,10,1,,0.994,0.9941,,0.8616,0.8168,,25,16,,OFF
1790648678.6992147,8,842,1,state-aware,10,2,,0.9924,0.9943,,0.8143,0.8701,,24,17,,OFF
1790648679.1976392,3,867,1,state-aware,10,2,,0.9941,0.9925,,0.823,0.8243,,24,18,,OFF
1790648680.0533402,9,841,1,state-aware,10,2,,0.9943,0.9942,,0.7113,0.7647,,24,19,,OFF
1790648681.0899544,7,854,1,state-aware,10,1,,0.9933,0.9882,,0.7243,0.697,,25,19,,OFF
1790648681.874349,6,866,1,state-aware,10,2,,0.9938,0.9925,,0.7468,0.8144,,25,19,,OFF
1790648682.5856268,1,869,1,state-aware,10,2,,0.9901,0.9926,,0.7986,0.9499,,24,20,,OFF
1790648683.651594,10,864,1,state-aware,10,1,,0.9925,0.9944,,0.8631,0.8198,,24,20,,OFF
1790648684.6617618,5,867,1,state-aware,10,1,,0.9942,0.9933,,0.8982,0.8194,,25,20,,OFF
1790648686.1835673,4,857,1,state-aware,10,2,,0.9913,0.9915,,0.7589,0.8154,,22,20,,OFF
1790648687.6634467,2,851,1,state-aware,10,2,,0.9933,0.9932,,0.8147,0.9207,,22,21,,OFF
1790648692.0286112,3,868,1,state-aware,10,2,,0.994,0.9941,,0.823,0.8346,,21,20,,OFF
1790648692.4379797,8,843,1,state-aware,10,2,,0.9925,0.9933,,0.8143,0.8883,,21,21,,OFF
1790648693.9019186,7,855,1,state-aware,10,1,,0.9925,0.9933,,0.769,0.6995,,22,21,,OFF
1790648696.0235722,6,867,1,state-aware,10,2,,0.9913,0.9941,,0.7456,0.8386,,21,21,,OFF
1790648696.2540169,9,842,1,state-aware,10,1,,0.9932,0.9937,,0.7107,0.678,,22,21,,OFF
1790648697.0443127,1,870,1,state-aware,10,2,,0.9938,0.9938,,0.8013,0.959,,22,22,,OFF
1790648697.4538915,10,865,1,state-aware,10,1,,0.9914,0.9939,,0.8799,0.8196,,22,22,,OFF
1790648699.1111248,4,858,1,state-aware,10,2,,0.9933,0.9933,,0.7597,0.8347,,20,23,,OFF
1790648700.2006624,2,852,1,state-aware,10,2,,0.0056,0.982,,0.3209,0.9303,,20,23,,OFF
1790648705.3614974,3,869,1,state-aware,10,2,,0.9924,0.9925,,0.8224,0.8503,,16,24,,OFF
1790648706.050348,5,868,0,state-aware,10,2,,0.9938,0.9915,,0.7906,0.8186,,16,25,,OFF
1790648706.3631494,8,844,1,state-aware,10,2,,0.9925,0.9933,,0.8144,0.9055,,16,26,,OFF
1790648708.0992339,7,856,1,state-aware,10,1,,0.9914,0.9933,,0.8078,0.6995,,17,26,,OFF
1790648709.050871,6,868,1,state-aware,10,2,,0.0,0.9938,,0.2951,0.8616,,17,26,,OFF
1790648710.28455,1,871,1,state-aware,10,2,,0.0029,0.0299,,0.0935,0.7127,,17,27,,OFF
1790648711.9012325,10,866,1,state-aware,10,1,,0.9914,0.9933,,0.897,0.8194,,16,26,,OFF
1790648712.4267538,4,859,1,state-aware,10,2,,0.9914,0.9915,,0.759,0.8548,,16,26,,ON
1790648713.353096,2,853,1,state-aware,10,2,,0.9932,0.9933,,0.8147,0.9453,,16,27,,ON
1790648753.8655553,6,871,1,state-aware,11,1,,0.9883,0.9857,,0.9883,0.9857,,1,0,,OFF
1790648755.9224458,1,874,1,state-aware,11,1,,0.9925,0.9901,,0.9925,0.9901,,2,0,,OFF
1790648757.8551443,9,846,1,state-aware,11,1,,0.9933,0.9925,,0.9933,0.9925,,3,0,,OFF
1790648760.1412551,4,862,1,state-aware,11,2,,0.99,0.9914,,0.99,0.9914,,3,1,,OFF
1790648762.6321347,10,869,0,state-aware,11,2,,0.0,0.0,,0.0,0.0,,3,2,,ON
1790648762.633308,2,856,0,state-aware,11,2,,0.992,0.993,,0.992,0.993,,3,3,,ON
1790648763.7201083,5,872,1,state-aware,11,1,,0.9938,0.9915,,0.9938,0.9915,,4,3,,ON
1790648765.0344465,3,873,1,state-aware,11,1,,0.9933,0.9924,,0.9933,0.9924,,5,3,,OFF
1790648766.6130962,8,848,1,state-aware,11,1,,0.9925,0.9925,,0.9925,0.9925,,6,3,,OFF
1790648767.0750968,7,860,1,state-aware,11,1,,0.9915,0.9914,,0.9915,0.9914,,7,3,,OFF
1790648768.720812,6,872,1,state-aware,11,2,,0.9914,0.9938,,0.8929,0.9938,,7,4,,OFF
1790648770.5728295,1,875,1,state-aware,11,2,,0.9926,0.9901,,0.9272,0.9901,,7,5,,OFF
1790648771.0752687,9,847,1,state-aware,11,2,,0.9932,0.9933,,0.9277,0.9933,,7,6,,OFF
1790648772.2021568,10,870,1,state-aware,11,2,,0.3805,0.9766,,0.3805,0.8805,,7,7,,OFF
1790648772.743374,2,857,1,state-aware,11,1,,0.9938,0.9926,,0.9938,0.8938,,8,7,,OFF
1790648776.606126,4,863,1,state-aware,11,1,,0.9924,0.9941,,0.9924,0.8951,,9,7,,OFF
1790648778.8861148,3,874,1,state-aware,11,2,,0.9937,0.994,,0.9281,0.994,,9,8,,OFF
1790648780.383242,5,873,1,state-aware,11,2,,0.9932,0.9943,,0.8943,0.9943,,9,9,,OFF
1790648781.120752,8,849,1,state-aware,11,2,,0.9925,0.9938,,0.9271,0.9938,,9,10,,OFF
1790648782.866981,6,873,1,state-aware,11,2,,0.9915,0.9899,,0.8929,0.925,,9,11,,OFF
1790648783.1637237,7,861,1,state-aware,11,2,,0.9868,0.9915,,0.889,0.9915,,9,12,,OFF
1790648783.9684715,9,848,1,state-aware,11,2,,0.9901,0.9933,,0.9251,0.9277,,9,13,,OFF
1790648784.7142227,1,876,1,state-aware,11,1,,0.9938,0.9937,,0.9281,0.9281,,10,13,,OFF
1790648785.1029541,10,871,1,state-aware,11,1,,0.9933,0.9942,,0.9933,0.8587,,11,13,,OFF
1790648785.9490616,2,858,1,state-aware,11,1,,0.9926,0.9926,,0.9272,0.8938,,12,13,,OFF
1790648789.9130719,4,864,1,state-aware,11,1,,0.99,0.9933,,0.925,0.8944,,13,13,,OFF
1790648791.6682258,3,875,1,state-aware,11,1,,0.9937,0.9937,,0.9281,0.9281,,14,13,,OFF
1790648793.4257576,5,874,1,state-aware,11,2,,0.9933,0.9925,,0.8944,0.9271,,14,14,,OFF
1790648795.1363208,8,850,1,state-aware,11,2,,0.9925,0.9926,,0.9271,0.9271,,14,15,,OFF
1790648795.9621952,7,862,1,state-aware,11,2,,0.9933,0.9932,,0.8944,0.9277,,14,16,,OFF
1790648796.7984438,6,874,1,state-aware,11,2,,0.9942,0.9942,,0.8951,0.9044,,14,17,,OFF
1790648797.7066622,9,849,1,state-aware,11,1,,0.9932,0.9938,,0.9277,0.9041,,15,17,,OFF
1790648798.0048609,1,877,1,state-aware,11,2,,0.9916,0.9933,,0.9025,0.9278,,15,18,,OFF
1790648798.8153033,10,872,1,state-aware,11,1,,0.9932,0.9942,,0.9277,0.8587,,16,18,,OFF
1790648800.173278,2,859,1,state-aware,11,1,,0.9899,0.9926,,0.9014,0.8938,,17,18,,OFF
1790648806.0990686,4,865,1,state-aware,11,2,,0.9914,0.9915,,0.8453,0.8929,,17,19,,OFF
1790648806.9591048,3,876,1,state-aware,11,2,,0.9933,0.9901,,0.8467,0.9251,,17,20,,OFF
1790648809.9968832,7,863,1,state-aware,11,2,,0.9925,0.9932,,0.8938,0.9037,,17,21,,OFF
1790648811.0081522,9,850,1,state-aware,11,2,,0.0,0.9915,,0.1943,0.9025,,17,22,,ON
1790648811.7327564,10,873,1,state-aware,11,1,,0.9913,0.9944,,0.9024,0.8588,,18,22,,ON
1790648812.6439965,8,851,0,state-aware,11,2,,0.0,0.0,,0.1,0.1943,,18,23,,ON
1790648813.645804,5,875,0,state-aware,11,1,,0.9933,0.9925,,0.8944,0.8461,,19,23,,OFF
1790648813.9878283,2,860,1,state-aware,11,1,,0.9915,0.9933,,0.8987,0.8944,,19,23,,OFF
1790648814.3885877,1,878,1,state-aware,11,1,,0.9915,0.9931,,0.9025,0.8465,,20,23,,OFF
1790648816.6479423,6,875,0,state-aware,11,2,,0.9925,0.9938,,0.8938,0.9001,,19,24,,OFF
1790648820.157299,4,866,1,state-aware,11,2,,0.9938,0.9932,,0.847,0.858,,18,24,,OFF
1790648820.8321178,3,877,1,state-aware,11,2,,0.9925,0.9933,,0.846,0.9038,,18,25,,OFF
1790648822.6019223,5,876,1,state-aware,11,2,,0.9932,0.9925,,0.8009,0.8461,,18,26,,OFF
1790648823.5065126,7,864,1,state-aware,11,2,,0.0,0.9932,,0.0667,0.8998,,18,25,,OFF
1790648824.4368086,10,874,1,state-aware,11,1,,0.9933,0.9942,,0.8998,0.8587,,18,25,,OFF
1790648826.5092957,2,861,1,state-aware,11,2,,0.0,0.8639,,0.3534,0.7866,,17,26,,OFF
1790648827.1928868,1,879,1,state-aware,11,1,,0.9942,0.9925,,0.9004,0.846,,16,26,,OFF
1790648828.6524649,8,852,0,state-aware,11,1,,0.985,0.986,,0.9208,0.8203,,17,26,,OFF
1790648832.6554189,6,876,0,state-aware,11,1,,0.9925,0.9942,,0.8938,0.8169,,18,22,,OFF
1790648834.8951802,3,878,1,state-aware,11,2,,0.9916,0.9926,,0.8454,0.8994,,17,23,,OFF
1790648836.0078664,4,867,1,state-aware,11,1,,0.9924,0.994,,0.846,0.7773,,18,23,,OFF
1790648838.0489988,8,853,1,state-aware,11,1,,0.9914,0.9925,,0.8453,0.8243,,18,23,,OFF
1790648838.6514397,9,852,1,state-aware,11,2,,0.9924,0.9931,,0.9032,0.9037,,18,24,,OFF
1790648838.9607635,2,862,1,state-aware,11,1,,0.9932,0.9933,,0.9052,0.858,,19,23,,OFF
1790648839.6679828,7,865,1,state-aware,11,1,,0.9915,0.9914,,0.8929,0.8153,,20,23,,OFF
1790648840.3930585,1,880,1,state-aware,11,1,,0.9925,0.9925,,0.9048,0.846,,21,22,,OFF
1790648842.6581643,5,877,0,state-aware,11,2,,0.9914,0.9925,,0.7996,0.8393,,21,22,,OFF
1790648842.6591873,10,875,0,state-aware,11,1,,0.9901,0.9898,,0.9035,0.8555,,22,22,,OFF
1790648843.2585754,6,877,1,state-aware,11,2,,0.9933,0.9942,,0.8009,0.8169,,22,21,,OFF
1790648847.5734944,3,879,1,state-aware,11,2,,0.99,0.9938,,0.8443,0.9056,,19,21,,OFF
1790648850.2370641,4,868,1,state-aware,11,1,,0.9901,0.9926,,0.8378,0.7764,,19,21,,OFF
1790648852.1848686,8,854,1,state-aware,11,1,,0.9915,0.9901,,0.8387,0.8228,,19,21,,OFF
1790648852.78205,2,863,1,state-aware,11,2,,0.668,0.988,,0.7521,0.8543,,19,22,,OFF
1790648853.752818,7,866,1,state-aware,11,1,,0.991,0.9911,,0.8565,0.8151,,20,21,,OFF
1790648854.14522,9,853,1,state-aware,11,1,,0.9933,0.9915,,0.9038,0.8237,,21,21,,OFF
1790648854.9421072,1,881,1,state-aware,11,1,,0.9914,0.9925,,0.9138,0.846,,22,21,,OFF
1790648856.4730356,6,878,1,state-aware,11,2,,0.9924,0.9942,,0.8003,0.8352,,22,20,,OFF
1790648858.6656241,5,878,0,state-aware,11,1,,0.99,0.9925,,0.7986,0.759,,22,18,,OFF
1790648858.6667202,10,876,0,state-aware,11,2,,0.9831,0.9885,,0.8096,0.8546,,22,19,,OFF
1790648862.2372398,3,880,1,state-aware,11,2,,0.9899,0.9938,,0.8442,0.915,,20,20,,UNKNOWN
1790648865.1729662,4,869,1,state-aware,11,2,,0.9842,0.9782,,0.7544,0.7674,,20,21,,OFF
1790648866.8367436,7,867,1,state-aware,11,2,,0.036,0.9911,,0.2535,0.8151,,20,21,,OFF
1790648866.9294295,2,864,1,state-aware,11,1,,0.9696,0.9933,,0.9029,0.8518,,21,21,,OFF
1790648867.9503794,9,854,1,state-aware,11,1,,0.9932,0.9933,,0.8998,0.8248,,22,20,,OFF
1790648869.079836,1,882,1,state-aware,11,1,,0.0,0.0,,0.474,0.1371,,23,20,,OFF
1790648869.501567,5,879,1,state-aware,11,2,,0.9916,0.9914,,0.7157,0.7584,,23,21,,OFF
1790648869.8866806,6,879,1,state-aware,11,2,,0.99,0.9935,,0.7986,0.8557,,23,22,,OFF
1790648870.6743538,8,855,0,state-aware,11,1,,0.9933,0.9933,,0.8484,0.8248,,24,21,,OFF
1790648874.677654,10,877,0,state-aware,11,1,,0.9831,0.9898,,0.8096,0.7747,,21,19,,OFF
1790648875.4605353,3,881,1,state-aware,11,2,,0.9933,0.9938,,0.8466,0.9257,,21,20,,OFF
1790648879.6125488,4,870,1,state-aware,11,2,,0.9915,0.9901,,0.7585,0.7869,,21,20,,OFF
1790648880.6387265,9,855,1,state-aware,11,1,,0.9925,0.9914,,0.9048,0.8236,,22,19,,OFF
1790648881.2582839,8,856,1,state-aware,11,2,,0.9943,0.9937,,0.764,0.8251,,22,19,,OFF
1790648883.1827793,2,865,1,state-aware,11,2,,0.016,0.926,,0.3721,0.8097,,22,19,,OFF
1790648883.719627,1,883,1,state-aware,11,1,,0.0,0.0,,0.5222,0.1372,,23,18,,OFF
1790648885.3790305,5,880,1,state-aware,11,1,,0.9925,0.9924,,0.7163,0.6831,,23,18,,OFF
1790648888.0187142,3,882,1,state-aware,11,2,,0.9938,0.9943,,0.847,0.9365,,22,18,,OFF
1790648888.6825774,7,868,0,state-aware,11,2,,0.0,0.9911,,0.231,0.7336,,21,19,,OFF
1790648888.6833043,6,880,0,state-aware,11,2,,0.9931,0.9902,,0.8008,0.875,,21,20,,OFF
1790648889.6861758,10,878,0,state-aware,11,2,,0.9924,0.9941,,0.7287,0.7773,,21,21,,OFF
1790648893.3769126,4,871,1,state-aware,11,2,,0.9924,0.9915,,0.759,0.8089,,20,22,,OFF
1790648894.601329,8,857,1,state-aware,11,2,,0.9915,0.9933,,0.7626,0.8341,,20,23,,OFF
1790648896.3067305,2,866,1,state-aware,11,2,,0.9939,0.9938,,0.8166,0.86,,19,23,,OFF
1790648897.1363845,9,856,1,state-aware,11,2,,0.9915,0.9925,,0.8138,0.8243,,19,24,,OFF
1790648897.47869,1,884,1,state-aware,11,1,,0.9926,0.9901,,0.9455,0.8444,,20,24,,OFF
1790648898.1555254,6,881,1,state-aware,11,2,,0.0,0.976,,0.0914,0.7656,,19,25,,OFF
1790648899.0032017,10,879,1,state-aware,11,1,,0.9925,0.9944,,0.7287,0.7003,,19,24,,OFF
1790648899.9233484,5,881,1,state-aware,11,1,,0.9932,0.9932,,0.7317,0.6835,,19,24,,OFF
1790648902.1685686,3,883,1,state-aware,11,2,,0.9933,0.9916,,0.8466,0.9451,,18,25,,OFF
1790648903.694065,7,869,0,state-aware,11,1,,0.8943,0.9914,,0.7899,0.6584,,18,23,,OFF
1790648907.8032875,8,858,1,state-aware,11,2,,0.9843,0.9861,,0.759,0.8471,,18,23,,OFF
1790648909.8460035,2,867,1,state-aware,11,2,,0.9938,0.9924,,0.8166,0.8733,,18,24,,ON
1790648910.3461242,1,885,1,state-aware,11,1,,0.9924,0.9924,,0.9541,0.846,,18,24,,ON
1790648911.4828362,6,882,1,state-aware,11,2,,0.0,0.0,,0.0914,0.4547,,18,25,,ON
1790648912.70118,4,872,0,state-aware,11,2,,0.9915,0.9941,,0.7585,0.8342,,17,26,,OFF
1790648912.914338,7,870,1,state-aware,11,1,,0.0,0.0,,0.219,0.2078,,18,25,,OFF
1790648913.740722,5,882,1,state-aware,11,1,,0.9926,0.9915,,0.7582,0.6826,,19,25,,OFF
1790648915.0538716,3,884,1,state-aware,11,2,,0.9915,0.9933,,0.8454,0.9545,,16,26,,OFF
1790648916.7057438,9,857,0,state-aware,11,2,,0.9925,0.9925,,0.8143,0.8337,,16,26,,OFF
1790648917.7077153,10,880,0,state-aware,11,1,,0.9933,0.9933,,0.768,0.6998,,17,26,,OFF
1790648921.6292555,8,859,1,state-aware,11,2,,0.9924,0.9931,,0.7631,0.8695,,16,26,,OFF
1790648922.440762,4,873,1,state-aware,11,1,,0.9925,0.9938,,0.759,0.7412,,17,25,,OFF
1790648923.3363967,2,868,1,state-aware,11,2,,0.0305,0.9703,,0.3788,0.8793,,17,26,,OFF
1790648923.884656,1,886,1,state-aware,11,1,,0.9924,0.9915,,0.9617,0.8454,,18,26,,OFF
1790648924.5762324,6,883,1,state-aware,11,2,,0.9924,0.9941,,0.8003,0.842,,18,27,,OFF
1790648927.0549662,9,858,1,state-aware,11,1,,0.9924,0.9925,,0.8143,0.7503,,18,25,,OFF
1790648927.461827,7,871,1,state-aware,11,1,,0.9925,0.9925,,0.7934,0.6589,,19,25,,OFF
1790648928.1632612,5,883,1,state-aware,11,1,,0.9901,0.9902,,0.7877,0.682,,19,25,,OFF
1790648929.1886315,10,881,1,state-aware,11,2,,0.9914,0.9916,,0.6802,0.6988,,18,26,,OFF
1790648931.2540116,3,885,1,state-aware,11,1,,0.9899,0.9933,,0.8442,0.8286,,18,24,,OFF
1790648935.7445767,8,860,1,state-aware,11,2,,0.9938,0.9926,,0.7638,0.888,,17,24,,OFF
1790648937.074252,4,874,1,state-aware,11,1,,0.9915,0.9933,,0.7826,0.741,,18,24,,OFF
1790648937.562778,1,887,1,state-aware,11,2,,0.0,0.9915,,0.658,0.8454,,18,25,,OFF
1790648940.3709314,7,872,1,state-aware,11,2,,0.0422,0.9915,,0.3876,0.6585,,18,25,,OFF
1790648940.5748777,6,884,1,state-aware,11,1,,0.9926,0.9938,,0.8004,0.7318,,19,25,,OFF
1790648941.1677222,9,859,1,state-aware,11,1,,0.9915,0.9902,,0.8374,0.7492,,19,25,,OFF
1790648941.6921098,5,884,1,state-aware,11,1,,0.9925,0.9941,,0.8191,0.6839,,20,24,,OFF
1790648943.928254,10,882,1,state-aware,11,2,,0.9901,0.9932,,0.6797,0.7297,,19,24,,OFF
1790648945.0653203,3,886,1,state-aware,11,1,,0.99,0.9915,,0.8378,0.8281,,20,24,,OFF
1790648949.3596532,8,861,1,state-aware,11,2,,0.9914,0.9925,,0.7626,0.9051,,19,22,,OFF
1790648951.6035364,1,888,1,state-aware,11,1,,0.0,0.0,,0.658,0.219,,20,21,,OFF
1790648952.9850624,2,870,1,state-aware,11,2,,0.9913,0.9937,,0.8155,0.8899,,20,22,,OFF
1790648954.6881075,9,860,1,state-aware,11,1,,0.99,0.9915,,0.86,0.7498,,21,20,,OFF
1790648955.5098739,5,885,1,state-aware,11,1,,0.9915,0.9915,,0.8467,0.6826,,22,20,,OFF
1790648956.4144495,6,885,1,state-aware,11,2,,0.9941,0.9931,,0.7173,0.7316,,22,20,,OFF
1790648956.8392148,10,883,1,state-aware,11,2,,0.9915,0.9933,,0.6803,0.7641,,22,21,,OFF
1790648957.7355967,4,875,0,state-aware,11,2,,0.99,0.9915,,0.7004,0.7403,,21,21,,OFF
1790648959.0858588,3,887,1,state-aware,11,1,,0.9938,0.9933,,0.8487,0.8286,,21,20,,ON
1790648961.7382867,7,873,0,state-aware,11,1,,0.8818,0.9925,,0.7692,0.5913,,21,20,,ON
1790648962.0347953,8,862,1,state-aware,11,2,,0.0,0.9925,,0.2669,0.9205,,21,21,,ON
1790648964.2944307,1,889,1,state-aware,11,2,,0.0,0.9932,,0.6816,0.8398,,20,21,,ON
1790648967.0602825,2,871,1,state-aware,11,2,,0.9901,0.9916,,0.8149,0.9047,,20,22,,OFF
1790648967.712297,4,876,1,state-aware,11,1,,0.9938,0.9942,,0.7021,0.6584,,21,22,,OFF
1790648968.4151857,9,861,1,state-aware,11,1,,0.9941,0.9941,,0.8831,0.7511,,22,21,,OFF
1790648969.221183,5,886,1,state-aware,11,1,,0.9901,0.9915,,0.8711,0.6826,,23,21,,OFF
1790648970.2494934,6,886,1,state-aware,11,2,,0.0,0.0,,0.096,0.4872,,23,21,,OFF
1790648972.9342263,7,874,1,state-aware,11,1,,0.9932,0.9931,,0.729,0.5916,,22,19,,OFF
1790648974.1324549,3,888,1,state-aware,11,2,,0.9924,0.9931,,0.7631,0.8286,,21,20,,OFF
1790648975.377232,8,863,1,state-aware,11,2,,0.9925,0.9933,,0.7631,0.934,,21,20,,OFF
1790648975.745949,10,884,0,state-aware,11,2,,0.9914,0.9937,,0.6802,0.7981,,21,21,,OFF
1790648978.5564578,1,890,1,state-aware,11,1,,0.9933,0.9937,,0.9738,0.8486,,21,20,,OFF
1790648980.6842315,2,872,1,state-aware,11,2,,0.9938,0.9933,,0.8166,0.92,,21,21,,OFF
1790648981.200463,9,862,1,state-aware,11,1,,0.9931,0.9914,,0.9017,0.7498,,22,21,,OFF
1790648982.0104527,4,877,1,state-aware,11,1,,0.9924,0.9942,,0.7444,0.6585,,23,20,,OFF
1790648984.1637952,6,887,1,state-aware,11,2,,0.9924,0.994,,0.7163,0.8193,,21,20,,OFF
1790648985.800379,5,887,1,state-aware,11,2,,0.0,0.7107,,0.4293,0.5422,,21,20,,OFF
1790649026.7880535,4,880,1,round-robin,11,1,,0.9923,0.9941,,nan,nan,,1,0,,OFF
1790649029.1234858,6,890,1,round-robin,11,1,,0.9941,0.9944,,nan,nan,,2,0,,OFF
1790649030.2986386,1,893,0,round-robin,11,1,,0.9904,0.9862,,nan,nan,,3,0,,OFF
1790649032.1248028,10,888,1,round-robin,11,1,,0.9605,0.96,,nan,nan,,4,0,,OFF
1790649032.7151968,5,890,1,round-robin,11,1,,0.0004,0.896,,nan,nan,,5,0,,OFF
1790649033.1262164,7,878,1,round-robin,11,1,,0.9901,0.9915,,nan,nan,,6,0,,OFF
1790649034.7688458,8,867,1,round-robin,11,1,,0.9915,0.9939,,nan,nan,,7,0,,OFF
1790649037.4218154,3,892,1,round-robin,11,1,,0.9942,0.9944,,nan,nan,,8,0,,OFF
1790649038.762268,2,876,1,round-robin,11,1,,0.9932,0.9925,,nan,nan,,9,0,,OFF
1790649039.2685895,9,866,1,round-robin,11,1,,0.9941,0.9938,,nan,nan,,10,0,,OFF
1790649039.5589287,1,894,1,round-robin,11,2,,0.9895,0.9908,,nan,nan,,10,1,,OFF
1790649040.5982084,4,881,1,round-robin,11,2,,0.9938,0.9923,,nan,nan,,10,2,,OFF
1790649044.0708525,6,891,1,round-robin,11,2,,0.9932,0.9942,,nan,nan,,10,3,,OFF
1790649045.3080997,10,889,1,round-robin,11,2,,0.9925,0.9938,,nan,nan,,10,4,,OFF
1790649046.1333911,5,891,1,round-robin,11,2,,0.9933,0.9932,,nan,nan,,10,5,,OFF
1790649047.483003,7,879,1,round-robin,11,2,,0.9914,0.99,,nan,nan,,10,6,,OFF
1790649048.485388,8,868,1,round-robin,11,2,,0.9933,0.9925,,nan,nan,,10,7,,OFF
1790649050.877057,3,893,1,round-robin,11,2,,0.9925,0.9924,,nan,nan,,10,8,,OFF
1790649052.5793164,2,877,1,round-robin,11,2,,0.9881,0.9901,,nan,nan,,10,9,,OFF
1790649053.0888476,9,867,1,round-robin,11,2,,0.9925,0.9902,,nan,nan,,10,10,,OFF
1790649053.7439938,1,895,1,round-robin,11,1,,0.9941,0.9914,,nan,nan,,11,10,,OFF
1790649054.668723,4,882,1,round-robin,11,1,,0.9915,0.9915,,nan,nan,,12,10,,OFF
1790649057.2860334,6,892,1,round-robin,11,1,,0.9925,0.9938,,nan,nan,,13,10,,OFF
1790649058.6132092,10,890,1,round-robin,11,1,,0.9933,0.9901,,nan,nan,,14,10,,OFF
1790649059.6704683,5,892,1,round-robin,11,1,,0.9937,0.9933,,nan,nan,,15,10,,OFF
1790649062.4935803,7,880,1,round-robin,11,1,,0.99,0.9914,,nan,nan,,16,10,,ON
1790649062.8941865,8,869,1,round-robin,11,1,,0.993,0.9932,,nan,nan,,17,10,,ON
1790649064.7487354,3,894,1,round-robin,11,1,,0.9925,0.9738,,nan,nan,,18,10,,ON
1790649065.8849452,2,878,1,round-robin,11,1,,0.0,0.9852,,nan,nan,,19,10,,ON
1790649067.938947,4,883,1,round-robin,11,2,,0.9914,0.9899,,nan,nan,,19,11,,OFF
1790649069.9933844,1,896,1,round-robin,11,2,,0.9925,0.99,,nan,nan,,19,12,,OFF
1790649071.0047216,6,893,1,round-robin,11,2,,0.9932,0.9932,,nan,nan,,19,13,,OFF
1790649071.3204997,9,868,0,round-robin,11,1,,0.9925,0.9933,,nan,nan,,20,13,,OFF
1790649072.3705127,5,893,1,round-robin,11,2,,0.0008,0.0103,,nan,nan,,20,14,,OFF
1790649077.678456,7,881,1,round-robin,11,2,,0.9938,0.9914,,nan,nan,,20,15,,OFF
1790649079.1105475,8,870,1,round-robin,11,2,,0.0,0.0,,nan,nan,,20,16,,OFF
1790649079.6173625,2,879,1,round-robin,11,2,,0.9923,0.9942,,nan,nan,,20,17,,OFF
1790649080.150412,3,895,1,round-robin,11,2,,0.9922,0.9925,,nan,nan,,20,18,,OFF
1790649081.0326028,4,884,1,round-robin,11,1,,0.9915,0.9938,,nan,nan,,21,18,,OFF
1790649082.2806232,9,869,1,round-robin,11,2,,0.9924,0.9925,,nan,nan,,21,19,,OFF
1790649083.6981237,1,897,1,round-robin,11,1,,0.9916,0.9901,,nan,nan,,22,19,,OFF
1790649084.629232,6,894,1,round-robin,11,1,,0.9926,0.9942,,nan,nan,,23,19,,OFF
1790649086.5756054,5,894,1,round-robin,11,1,,0.9915,0.9925,,nan,nan,,24,19,,OFF
1790649088.1144822,10,892,1,round-robin,11,2,,0.9943,0.9931,,nan,nan,,23,20,,OFF
1790649093.1691382,3,896,1,round-robin,11,1,,0.99,0.9933,,nan,nan,,19,20,,OFF
1790649094.4651568,7,882,1,round-robin,11,1,,0.9932,0.9924,,nan,nan,,20,20,,OFF
1790649095.7954404,9,870,1,round-robin,11,1,,0.9931,0.9938,,nan,nan,,20,20,,OFF
1790649096.6202857,1,898,1,round-robin,11,2,,0.9938,0.9938,,nan,nan,,20,21,,OFF
1790649096.9581318,4,885,1,round-robin,11,2,,0.9913,0.9913,,nan,nan,,20,22,,OFF
1790649097.327355,2,880,0,round-robin,11,1,,0.9901,0.9926,,nan,nan,,21,22,,OFF
1790649098.331263,8,871,0,round-robin,11,1,,0.8333,0.9049,,nan,nan,,21,22,,OFF
1790649099.379162,5,895,1,round-robin,11,2,,0.9925,0.9926,,nan,nan,,19,23,,OFF
1790649100.8366113,6,895,1,round-robin,11,2,,0.9925,0.9938,,nan,nan,,19,22,,OFF
1790649102.3439171,10,893,1,round-robin,11,1,,0.9915,0.9916,,nan,nan,,20,22,,OFF
1790649105.774509,3,897,1,round-robin,11,2,,0.9925,0.9933,,nan,nan,,20,21,,OFF
1790649107.2684686,2,881,1,round-robin,11,2,,0.9913,0.9925,,nan,nan,,20,21,,OFF
1790649107.8735392,8,872,1,round-robin,11,2,,0.9933,0.9932,,nan,nan,,20,21,,OFF
1790649108.7257378,7,883,1,round-robin,11,2,,0.9932,0.9932,,nan,nan,,20,21,,OFF
1790649110.7602801,1,899,1,round-robin,11,1,,0.9942,0.9916,,nan,nan,,21,21,,OFF
1790649112.0060606,9,871,1,round-robin,11,2,,0.9925,0.9916,,nan,nan,,21,21,,OFF
1790649112.9140053,5,896,1,round-robin,11,1,,0.9931,0.9932,,nan,nan,,22,20,,OFF
1790649115.4538884,6,896,1,round-robin,11,1,,0.9901,0.9926,,nan,nan,,21,19,,ON
1790649116.3417242,4,886,0,round-robin,11,1,,0.9915,0.9933,,nan,nan,,22,19,,ON
1790649116.6890256,10,894,1,round-robin,11,2,,0.0,0.9682,,nan,nan,,22,20,,ON
1790649118.4408941,3,898,1,round-robin,11,1,,0.0,0.918,,nan,nan,,22,20,,ON
1790649120.5577278,2,882,1,round-robin,11,1,,0.0,0.9941,,nan,nan,,21,20,,ON
1790649121.528832,8,873,1,round-robin,11,1,,0.9915,0.9901,,nan,nan,,22,20,,OFF
1790649124.3599386,1,900,1,round-robin,11,2,,0.9933,0.9925,,nan,nan,,20,21,,OFF
1790649125.19771,7,884,1,round-robin,11,1,,0.9925,0.9933,,nan,nan,,20,21,,OFF
1790649125.7279928,4,887,1,round-robin,11,2,,0.9841,0.9819,,nan,nan,,20,22,,OFF
1790649126.3259327,5,897,1,round-robin,11,2,,0.9933,0.9933,,nan,nan,,19,23,,OFF
1790649128.385028,6,897,1,round-robin,11,2,,0.9925,0.9938,,nan,nan,,19,23,,OFF
1790649129.4965591,10,895,1,round-robin,11,1,,0.99,0.9899,,nan,nan,,20,23,,OFF
1790649131.368195,9,872,0,round-robin,11,1,,0.9901,0.9925,,nan,nan,,20,21,,OFF
1790649133.8084443,2,883,1,round-robin,11,2,,0.9876,0.9915,,nan,nan,,20,21,,OFF
1790649136.887135,8,874,1,round-robin,11,2,,0.9915,0.9924,,nan,nan,,20,22,,OFF
1790649137.874944,1,901,1,round-robin,11,1,,0.9926,0.0,,nan,nan,,21,21,,OFF
1790649138.2922025,4,888,1,round-robin,11,1,,0.9926,0.9933,,nan,nan,,22,21,,OFF
1790649139.0078442,5,898,1,round-robin,11,1,,0.9924,0.9931,,nan,nan,,23,21,,OFF
1790649139.3747132,3,899,0,round-robin,11,2,,0.8689,0.9925,,nan,nan,,23,21,,OFF
1790649140.8280299,7,885,1,round-robin,11,2,,0.003,0.7229,,nan,nan,,23,20,,OFF
1790649141.9883456,6,898,1,round-robin,11,1,,0.9925,0.9932,,nan,nan,,23,20,,OFF
1790649143.1076884,10,896,1,round-robin,11,2,,0.9925,0.9933,,nan,nan,,23,20,,OFF
1790649146.3799918,9,873,0,round-robin,11,2,,0.9942,0.9933,,nan,nan,,21,21,,OFF
1790649147.8217323,2,884,1,round-robin,11,1,,0.9938,0.9926,,nan,nan,,21,21,,OFF
1790649148.76332,3,900,1,round-robin,11,1,,0.9902,0.9915,,nan,nan,,22,20,,OFF
1790649149.7582445,8,875,1,round-robin,11,1,,0.9941,0.9943,,nan,nan,,23,20,,OFF
1790649151.1921103,4,889,1,round-robin,11,2,,0.9938,0.9937,,nan,nan,,23,21,,OFF
1790649152.2321687,1,902,1,round-robin,11,2,,0.9938,0.9914,,nan,nan,,23,22,,OFF
1790649153.453714,5,899,1,round-robin,11,2,,0.9933,0.9925,,nan,nan,,22,23,,OFF
1790649154.710059,7,886,1,round-robin,11,1,,0.9933,0.9932,,nan,nan,,22,23,,OFF
1790649155.1803107,6,899,1,round-robin,11,2,,0.9925,0.9933,,nan,nan,,22,24,,OFF
1790649156.8655682,9,874,1,round-robin,11,1,,0.9933,0.9926,,nan,nan,,22,23,,OFF
1790649158.581187,10,897,1,round-robin,11,1,,0.9932,0.9925,,nan,nan,,21,22,,OFF
1790649161.9737535,3,901,1,round-robin,11,2,,0.9925,0.9932,,nan,nan,,21,21,,OFF
1790649162.4675033,2,885,1,round-robin,11,2,,0.986,0.9914,,nan,nan,,20,22,,OFF
1790649165.6185462,1,903,1,round-robin,11,1,,0.9941,0.9925,,nan,nan,,21,22,,OFF
1790649166.0736263,4,890,1,round-robin,11,1,,0.99,0.9933,,nan,nan,,22,21,,OFF
1790649167.692491,5,900,1,round-robin,11,1,,0.8887,0.984,,nan,nan,,23,20,,ON
1790649168.2047691,6,900,1,round-robin,11,1,,0.9915,0.9938,,nan,nan,,24,19,,ON
1790649168.3979647,8,876,0,round-robin,11,2,,0.9926,0.9933,,nan,nan,,24,20,,ON
1790649169.6267993,9,875,1,round-robin,11,2,,0.9915,0.9925,,nan,nan,,24,20,,ON
1790649172.0171869,10,898,1,round-robin,11,2,,0.0,0.9914,,nan,nan,,23,20,,ON
1790649172.4006407,7,887,0,round-robin,11,2,,0.9933,0.9932,,nan,nan,,23,21,,ON
1790649176.1695454,2,886,1,round-robin,11,1,,0.0,0.9941,,nan,nan,,22,21,,UNKNOWN
1790649177.9247947,8,877,1,round-robin,11,1,,0.9942,0.9925,,nan,nan,,22,20,,OFF
1790649179.8574579,1,904,1,round-robin,11,2,,0.9926,0.979,,nan,nan,,21,21,,OFF
1790649181.4046495,3,902,0,round-robin,11,1,,0.8534,0.99,,nan,nan,,21,21,,OFF
1790649182.5236773,5,901,1,round-robin,11,2,,0.9915,0.9901,,nan,nan,,20,22,,OFF
1790649182.8184652,7,888,1,round-robin,11,1,,0.9932,0.9914,,nan,nan,,21,22,,OFF
1790649185.4068537,4,891,0,round-robin,11,2,,0.9913,0.9938,,nan,nan,,20,22,,OFF
1790649185.6270075,10,899,1,round-robin,11,1,,0.9939,0.9941,,nan,nan,,21,22,,OFF
1790649188.4094565,6,901,0,round-robin,11,2,,0.0,0.9773,,nan,nan,,21,20,,OFF
1790649189.0246878,2,887,1,round-robin,11,2,,0.9905,0.9914,,nan,nan,,21,21,,OFF
1790649189.411717,9,876,0,round-robin,11,1,,0.8333,0.8689,,nan,nan,,22,21,,OFF
1790649191.0403461,8,878,1,round-robin,11,2,,0.9942,0.9933,,nan,nan,,21,22,,OFF
1790649191.9512236,3,903,1,round-robin,11,2,,0.988,0.9915,,nan,nan,,20,23,,OFF
1790649192.5707433,1,905,1,round-robin,11,1,,0.9933,0.9937,,nan,nan,,21,23,,OFF
1790649198.6111345,6,902,1,round-robin,11,1,,0.0,0.0,,nan,nan,,20,21,,OFF
1790649201.417135,4,892,0,round-robin,11,1,,0.9932,0.9942,,nan,nan,,20,19,,OFF
1790649201.417415,5,902,0,round-robin,11,1,,0.8689,0.0004,,nan,nan,,21,19,,OFF
1790649201.4178517,7,889,0,round-robin,11,2,,0.9938,0.9941,,nan,nan,,21,20,,OFF
1790649201.4712036,10,900,1,round-robin,11,2,,0.9923,0.9943,,nan,nan,,21,21,,OFF
1790649202.7982082,2,888,1,round-robin,11,1,,0.9937,0.9931,,nan,nan,,21,21,,OFF
1790649204.1159582,8,879,1,round-robin,11,1,,0.9924,0.9933,,nan,nan,,22,20,,OFF
1790649205.2502215,3,904,1,round-robin,11,1,,0.9841,0.9938,,nan,nan,,23,20,,OFF
1790649208.8592205,1,906,1,round-robin,11,2,,0.9914,0.9914,,nan,nan,,21,20,,OFF
1790649210.5982845,5,903,1,round-robin,11,2,,0.9915,0.9911,,nan,nan,,20,21,,OFF
1790649210.9275281,7,890,1,round-robin,11,1,,0.9901,0.9901,,nan,nan,,21,21,,OFF
1790649211.6175454,6,903,1,round-robin,11,2,,0.9912,0.0,,nan,nan,,21,21,,OFF
1790649214.4851196,9,878,1,round-robin,11,2,,0.9933,0.9915,,nan,nan,,21,20,,OFF
1790649216.7566452,2,889,1,round-robin,11,2,,0.9925,0.9915,,nan,nan,,20,20,,OFF
1790649217.4265888,4,893,0,round-robin,11,2,,0.9933,0.9938,,nan,nan,,19,21,,OFF
1790649217.7200086,10,901,1,round-robin,11,1,,0.9703,0.0,,nan,nan,,20,21,,OFF
1790649218.0673404,3,905,1,round-robin,11,2,,0.9808,0.9944,,nan,nan,,20,22,,OFF
1790649218.7128026,8,880,1,round-robin,11,2,,0.9942,0.9933,,nan,nan,,19,23,,OFF
1790649223.2079313,1,907,1,round-robin,11,1,,0.9925,0.9925,,nan,nan,,20,21,,ON
1790649224.7158163,5,904,1,round-robin,11,1,,0.9925,0.9924,,nan,nan,,21,21,,ON
1790649225.0175452,6,904,1,round-robin,11,1,,0.9481,0.9938,,nan,nan,,22,21,,ON
1790649226.767933,4,894,1,round-robin,11,1,,0.9914,0.9938,,nan,nan,,21,21,,UNKNOWN
1790649228.7554996,9,879,1,round-robin,11,1,,0.9925,0.9942,,nan,nan,,20,20,,OFF
1790649230.3667681,2,890,1,round-robin,11,1,,0.9932,0.9932,,nan,nan,,21,19,,OFF
1790649231.0984519,3,906,1,round-robin,11,1,,0.9915,0.9915,,nan,nan,,22,19,,OFF
1790649231.4333596,7,891,0,round-robin,11,2,,0.9938,0.9925,,nan,nan,,22,20,,OFF
1790649231.8162742,10,902,1,round-robin,11,2,,0.9902,0.9902,,nan,nan,,22,21,,OFF
1790649232.5063238,8,881,1,round-robin,11,1,,0.9932,0.9933,,nan,nan,,23,19,,OFF
1790649237.4256678,1,908,1,round-robin,11,2,,0.9912,0.9924,,nan,nan,,22,20,,OFF
1790649237.9332094,5,905,1,round-robin,11,2,,0.9883,0.9915,,nan,nan,,21,21,,OFF
1790649238.6499312,6,905,1,round-robin,11,2,,0.9924,0.9942,,nan,nan,,21,22,,OFF
1790649239.8765109,4,895,1,round-robin,11,2,,0.6076,0.0558,,nan,nan,,21,22,,OFF
1790649240.294937,7,892,1,round-robin,11,1,,0.9914,0.9915,,nan,nan,,22,22,,OFF
1790649243.0428,9,880,1,round-robin,11,2,,0.9938,0.99,,nan,nan,,20,22,,OFF
1790649246.5576892,8,882,1,round-robin,11,2,,0.9933,0.9933,,nan,nan,,19,22,,OFF
1790649249.4575431,10,903,0,round-robin,11,1,,0.0,0.0,,nan,nan,,19,20,,OFF
1790649250.3016963,1,909,1,round-robin,11,1,,0.9912,0.99,,nan,nan,,20,20,,OFF
1790649250.4598856,3,907,0,round-robin,11,2,,0.9048,0.9002,,nan,nan,,20,21,,OFF
1790649251.7478902,5,906,1,round-robin,11,1,,0.0542,0.9925,,nan,nan,,21,20,,OFF
1790649252.0560548,6,906,1,round-robin,11,1,,0.9932,0.9942,,nan,nan,,22,19,,OFF
1790649254.018833,4,896,1,round-robin,11,1,,0.9901,0.9916,,nan,nan,,22,19,,OFF
1790649254.438754,7,893,1,round-robin,11,2,,0.9933,0.9901,,nan,nan,,22,20,,OFF
1790649296.6974604,6,909,1,ewma,11,1,,0.9932,0.9924,,0.5,0.5,,1,0,,OFF
1790649297.7194111,5,909,1,ewma,11,1,,0.9924,0.9943,,0.5,0.5,,2,0,,OFF
1790649299.2498116,7,896,1,ewma,11,1,,0.9882,0.9926,,0.5,0.5,,3,0,,OFF
1790649299.9065871,4,899,1,ewma,11,1,,0.99,0.9898,,0.5,0.5,,4,0,,OFF
1790649304.268163,9,884,1,ewma,11,2,,0.9938,0.9944,,0.5,0.5,,4,1,,OFF
1790649304.908617,2,895,1,ewma,11,1,,0.9941,0.9923,,0.5,0.5,,5,1,,OFF
1790649306.7464285,10,907,1,ewma,11,1,,0.9901,0.9925,,0.5,0.5,,6,1,,OFF
1790649307.254203,3,911,1,ewma,11,1,,0.9933,0.9942,,0.5,0.5,,7,1,,OFF
1790649307.6740541,8,886,1,ewma,11,1,,0.9855,0.9885,,0.5,0.5,,8,1,,OFF
1790649309.827875,1,913,1,ewma,11,2,,0.9881,0.988,,0.5,0.5,,8,2,,OFF
1790649311.1460688,6,910,1,ewma,11,1,,0.99,0.9915,,0.6,0.5,,9,2,,OFF
1790649311.7623222,5,910,1,ewma,11,1,,0.9901,0.9901,,0.6,0.5,,10,2,,OFF
1790649317.5994115,9,885,1,ewma,11,2,,0.9924,0.9933,,0.5,0.6,,10,3,,OFF
1790649318.7207816,2,896,1,ewma,11,1,,0.9915,0.9915,,0.6,0.5,,11,3,,OFF
1790649319.0292857,4,900,0,ewma,11,1,,0.9931,0.9901,,0.6,0.5,,12,3,,OFF
1790649319.0306683,7,897,0,ewma,11,1,,0.9833,0.9902,,0.6,0.5,,13,3,,OFF
1790649320.7722716,3,912,1,ewma,11,1,,0.9915,0.9915,,0.6,0.5,,14,3,,OFF
1790649322.1087558,10,908,1,ewma,11,2,,0.9937,0.9932,,0.4,0.5,,14,4,,OFF
1790649323.264745,1,914,1,ewma,11,2,,0.9915,0.9914,,0.5,0.6,,14,5,,ON
1790649323.863456,8,887,1,ewma,11,2,,0.9925,0.9925,,0.4,0.5,,14,6,,ON
1790649325.599632,6,911,1,ewma,11,1,,0.9915,0.9915,,0.68,0.5,,15,6,,ON
1790649328.3726928,7,898,1,ewma,11,2,,0.0,0.0,,0.48,0.5,,15,7,,UNKNOWN
1790649331.421987,9,886,1,ewma,11,2,,0.0,0.0,,0.5,0.68,,15,8,,OFF
1790649331.8492131,2,897,1,ewma,11,1,,0.9933,0.9933,,0.68,0.5,,16,8,,OFF
1790649332.034366,5,911,0,ewma,11,1,,0.9901,0.9933,,0.68,0.5,,17,8,,OFF
1790649334.0367007,4,901,0,ewma,11,2,,0.9899,0.99,,0.48,0.5,,17,9,,OFF
1790649334.933936,3,913,1,ewma,11,1,,0.9937,0.9932,,0.68,0.5,,18,9,,OFF
1790649335.7201107,10,909,1,ewma,11,2,,0.9925,0.9914,,0.4,0.6,,18,10,,OFF
1790649336.366959,1,915,1,ewma,11,2,,0.9924,0.9924,,0.5,0.68,,18,11,,OFF
1790649338.3952763,8,888,1,ewma,11,2,,0.9925,0.9938,,0.4,0.6,,18,12,,OFF
1790649341.5825658,6,912,1,ewma,11,1,,0.9923,0.9933,,0.544,0.5,,19,12,,OFF
1790649342.367795,5,912,1,ewma,11,1,,0.994,0.9923,,0.544,0.5,,20,12,,OFF
1790649345.446505,2,898,1,ewma,11,1,,0.9925,0.9926,,0.744,0.5,,21,12,,OFF
1790649348.5258818,10,910,1,ewma,11,2,,0.9938,0.9938,,0.4,0.68,,21,13,,OFF
1790649349.3796697,1,916,1,ewma,11,2,,0.99,0.9881,,0.5,0.744,,21,14,,OFF
1790649350.0426753,7,899,0,ewma,11,1,,0.9842,0.9861,,0.48,0.4,,22,14,,OFF
1790649350.0437062,4,902,0,ewma,11,1,,0.0157,0.0,,0.48,0.4,,23,14,,OFF
1790649350.044925,9,887,0,ewma,11,2,,0.9891,0.9868,,0.5,0.744,,23,15,,OFF
1790649351.2861905,3,914,1,ewma,11,1,,0.9915,0.9925,,0.544,0.5,,24,15,,OFF
1790649352.9352689,8,889,1,ewma,11,2,,0.9925,0.9942,,0.4,0.68,,24,16,,OFF
1790649355.5872097,5,913,1,ewma,11,1,,0.9933,0.9915,,0.6352,0.5,,25,16,,OFF
1790649356.9329944,6,913,1,ewma,11,2,,0.9941,0.9933,,0.4352,0.5,,24,17,,OFF
1790649360.0139048,2,899,1,ewma,11,1,,0.0,0.9931,,0.5952,0.5,,22,17,,OFF
1790649360.498717,7,900,1,ewma,11,2,,0.9933,0.9942,,0.384,0.4,,22,18,,OFF
1790649361.1314936,4,903,1,ewma,11,2,,0.0,0.0,,0.384,0.4,,22,19,,OFF
1790649361.5642428,10,911,1,ewma,11,2,,0.9914,0.9932,,0.4,0.744,,22,20,,OFF
1790649362.028139,1,917,1,ewma,11,2,,0.9924,0.9925,,0.5,0.7952,,22,21,,OFF
1790649363.8956113,3,915,1,ewma,11,1,,0.9925,0.9942,,0.6352,0.5,,23,21,,OFF
1790649365.606261,8,890,1,ewma,11,2,,0.9915,0.9916,,0.4,0.744,,22,21,,OFF
1790649369.2145433,5,914,1,ewma,11,1,,0.9942,0.9915,,0.7082,0.5,,20,21,,OFF
1790649373.0215993,6,914,1,ewma,11,1,,0.9926,0.9916,,0.4352,0.4,,19,20,,OFF
1790649374.3350384,2,900,1,ewma,11,1,,0.9942,0.9932,,0.6762,0.5,,20,20,,OFF
1790649375.1716876,7,901,1,ewma,11,1,,0.9941,0.9933,,0.384,0.32,,21,20,,OFF
1790649375.6502833,4,904,1,ewma,11,2,,0.9921,0.9927,,0.384,0.52,,21,21,,OFF
1790649376.594325,1,918,1,ewma,11,2,,0.8525,0.9914,,0.5,0.8362,,21,22,,UNKNOWN
1790649378.217546,3,916,1,ewma,11,1,,0.9936,0.9942,,0.7082,0.5,,22,21,,OFF
1790649381.065262,10,912,0,ewma,11,2,,0.0,0.0,,0.4,0.7952,,18,22,,OFF
1790649381.802574,8,891,1,ewma,11,2,,0.9925,0.9933,,0.4,0.5952,,18,23,,OFF
1790649383.0664606,9,889,0,ewma,11,2,,0.9932,0.9941,,0.5,0.744,,18,23,,OFF
1790649385.4801307,5,915,1,ewma,11,1,,0.9913,0.9914,,0.5665,0.5,,19,21,,OFF
1790649385.693082,6,915,1,ewma,11,1,,0.9942,0.9942,,0.5482,0.4,,19,21,,OFF
1790649387.5439267,2,901,1,ewma,11,1,,0.9933,0.9915,,0.7409,0.5,,20,21,,OFF
1790649388.6500514,4,905,1,ewma,11,2,,0.9933,0.9932,,0.384,0.616,,20,21,,OFF
1790649390.408115,7,902,1,ewma,11,2,,0.9942,0.9914,,0.3072,0.32,,20,22,,OFF
1790649390.712078,1,919,1,ewma,11,2,,0.0,0.0,,0.5,0.8689,,20,23,,OFF
1790649391.1421144,10,913,1,ewma,11,2,,0.9931,0.985,,0.4,0.6362,,20,24,,OFF
1790649391.4517853,3,917,1,ewma,11,1,,0.9938,0.9925,,0.7665,0.5,,21,23,,OFF
1790649392.7984695,9,890,1,ewma,11,2,,0.9926,0.9915,,0.5,0.5952,,19,24,,OFF
1790649396.2509005,8,892,1,ewma,11,2,,0.9941,0.9944,,0.4,0.6762,,18,23,,OFF
1790649398.5313168,5,916,1,ewma,11,1,,0.9938,0.9932,,0.6532,0.5,,19,21,,OFF
1790649399.200443,6,916,1,ewma,11,1,,0.9914,0.9925,,0.6385,0.4,,20,21,,OFF
1790649401.2698925,4,906,1,ewma,11,2,,0.9883,0.9901,,0.384,0.6928,,20,22,,OFF
1790649405.4609046,10,914,1,ewma,11,2,,0.0,0.0,,0.4,0.7089,,17,23,,OFF
1790649406.5742369,9,891,1,ewma,11,2,,0.9924,0.9943,,0.5,0.6762,,17,24,,OFF
1790649409.1091301,1,920,0,ewma,11,2,,0.9782,0.9842,,0.5,0.8951,,17,24,,OFF
1790649409.109897,8,893,1,ewma,11,2,,0.9933,0.9933,,0.4,0.7409,,17,25,,OFF
1790649409.1106837,2,902,0,ewma,11,1,,0.0,0.9855,,0.5927,0.5,,18,25,,OFF
1790649411.0915687,3,918,0,ewma,11,1,,0.9933,0.9925,,0.8132,0.5,,17,23,,OFF
1790649412.4519975,5,917,1,ewma,11,1,,0.9926,0.9915,,0.7226,0.5,,17,23,,OFF
1790649413.2557297,6,917,1,ewma,11,1,,0.9932,0.9938,,0.7108,0.4,,18,22,,OFF
1790649414.9844754,4,907,1,ewma,11,2,,0.9925,0.9938,,0.384,0.7542,,18,23,,OFF
1790649418.677462,7,904,1,ewma,11,2,,0.9924,0.9931,,0.3072,0.32,,17,23,,OFF
1790649419.3895197,2,903,1,ewma,11,2,,0.9842,0.9915,,0.4742,0.5,,17,24,,OFF
1790649420.208389,1,921,1,ewma,11,2,,0.9937,0.9924,,0.5,0.7161,,16,25,,OFF
1790649420.6096916,9,892,1,ewma,11,2,,0.9938,0.9941,,0.5,0.7409,,16,25,,OFF
1790649421.6791558,3,919,1,ewma,11,1,,0.9944,0.9937,,0.6506,0.5,,17,23,,OFF
1790649423.2844434,8,894,1,ewma,11,2,,0.9933,0.9944,,0.4,0.7927,,17,23,,ON
1790649424.1175947,10,915,0,ewma,11,2,,0.979,0.9833,,0.4,0.7671,,16,24,,ON
1790649426.6849556,5,918,1,ewma,11,1,,0.9915,0.9914,,0.7781,0.5,,17,23,,OFF
1790649428.3074958,6,918,1,ewma,11,1,,0.9932,0.9944,,0.7687,0.4,,18,23,,OFF
1790649430.7908287,4,908,1,ewma,11,2,,0.9901,0.9914,,0.384,0.6034,,17,24,,OFF
1790649433.104995,2,904,1,ewma,11,2,,0.0,0.9746,,0.4742,0.6,,16,25,,OFF
1790649434.2689495,7,905,1,ewma,11,1,,0.0,0.0,,0.3072,0.256,,17,25,,OFF
1790649434.8630211,10,916,1,ewma,11,2,,0.9925,0.0,,0.4,0.6137,,16,26,,OFF
1790649435.0580144,3,920,1,ewma,11,1,,0.9915,0.9901,,0.7205,0.5,,17,26,,OFF
1790649436.8369253,8,895,1,ewma,11,2,,0.9925,0.9933,,0.4,0.8342,,16,25,,OFF
1790649439.124994,9,893,0,ewma,11,2,,0.9926,0.9938,,0.5,0.7927,,15,26,,OFF
1790649440.382175,5,919,1,ewma,11,1,,0.9915,0.9925,,0.8224,0.5,,16,26,,OFF
1790649442.6197476,6,919,1,ewma,11,1,,0.9915,0.9939,,0.8149,0.4,,17,24,,OFF
1790649444.4946964,4,909,1,ewma,11,2,,0.9925,0.9916,,0.384,0.6827,,17,24,,OFF
1790649445.7842526,2,905,1,ewma,11,2,,0.9914,0.988,,0.4742,0.68,,15,25,,OFF
1790649447.241458,7,906,1,ewma,11,1,,0.9915,0.9925,,0.4458,0.256,,16,25,,OFF
1790649448.5655007,1,923,1,ewma,11,2,,0.9868,0.9842,,0.5,0.7161,,15,26,,OFF
1790649449.2864292,3,921,1,ewma,11,1,,0.9925,0.9925,,0.7764,0.5,,16,25,,OFF
1790649449.7043889,9,894,1,ewma,11,2,,0.0,0.9933,,0.5,0.6342,,16,26,,OFF
1790649450.2432609,8,896,1,ewma,11,2,,0.9925,0.9942,,0.4,0.8674,,16,27,,OFF
1790649454.131643,5,920,1,ewma,11,1,,0.9932,0.9924,,0.858,0.5,,16,23,,OFF
1790649454.139526,10,917,0,ewma,11,2,,0.99,0.9888,,0.4,0.691,,16,24,,OFF
1790649457.5928516,6,920,1,ewma,11,1,,0.9937,0.9932,,0.6519,0.4,,17,23,,OFF
1790649458.5050628,4,910,1,ewma,11,2,,0.9914,0.9899,,0.384,0.7462,,17,24,,OFF
1790649459.6373572,2,906,1,ewma,11,2,,0.9933,0.9938,,0.4742,0.744,,15,25,,OFF
1790649460.4714265,7,907,1,ewma,11,1,,0.9944,0.9925,,0.5566,0.256,,16,25,,OFF
1790649462.995942,1,924,1,ewma,11,2,,0.003,0.0,,0.5,0.7729,,16,25,,OFF
1790649464.0247283,3,922,1,ewma,11,1,,0.0,0.0,,0.8211,0.5,,17,25,,OFF
1790649464.3511114,8,897,1,ewma,11,2,,0.0,0.0,,0.4,0.8939,,17,26,,OFF
1790649470.0949228,5,921,1,ewma,11,1,,0.9926,0.9941,,0.6864,0.5,,17,22,,OFF
1790649470.1471148,10,918,0,ewma,11,2,,0.9914,0.8535,,0.4,0.5528,,17,23,,OFF
1790649471.4419885,6,921,1,ewma,11,1,,0.9933,0.9932,,0.7216,0.4,,17,23,,OFF
1790649471.9883413,4,911,1,ewma,11,2,,0.9923,0.9941,,0.384,0.7969,,17,24,,ON
1790649472.556871,2,907,1,ewma,11,2,,0.9931,0.9937,,0.4742,0.7952,,16,25,,ON
1790649476.3235426,1,925,1,ewma,11,2,,0.0,0.9692,,0.5,0.8183,,15,25,,ON
1790649476.8212292,3,923,1,ewma,11,1,,0.0,0.6493,,0.8569,0.5,,16,25,,ON
1790649477.8577137,8,898,1,ewma,11,2,,0.0,0.7626,,0.4,0.9151,,16,26,,ON
1790649479.285172,9,896,1,ewma,11,2,,0.0,0.0,,0.5,0.6342,,16,26,,UNKNOWN
1790649479.8054955,10,919,1,ewma,11,2,,0.0,0.0098,,0.4,0.4422,,16,26,,UNKNOWN
1790649481.1530595,7,908,0,ewma,11,1,,0.9944,0.0,,0.4453,0.256,,17,24,,OFF
1790649483.789025,5,922,1,ewma,11,1,,0.9915,0.9915,,0.7491,0.5,,17,23,,OFF
1790649484.8401206,6,922,1,ewma,11,1,,0.9915,0.9926,,0.7772,0.4,,18,22,,OFF
1790649486.5511954,2,908,1,ewma,11,2,,0.9915,0.9936,,0.4742,0.8362,,18,23,,OFF
1790649486.7859564,4,912,1,ewma,11,2,,0.9914,0.9882,,0.384,0.6375,,17,24,,OFF
1790649488.9275236,1,926,1,ewma,11,2,,0.9925,0.9914,,0.5,0.8547,,16,25,,OFF
1790649490.3052206,3,924,1,ewma,11,1,,0.9915,0.9933,,0.8855,0.5,,17,25,,OFF
1790649490.966349,7,909,1,ewma,11,1,,0.9914,0.9914,,0.3562,0.256,,18,24,,OFF
1790649492.293168,8,899,1,ewma,11,2,,0.9851,0.9938,,0.4,0.9321,,18,25,,OFF
1790649493.2183354,9,897,1,ewma,11,2,,0.9915,0.9915,,0.5,0.7074,,18,25,,OFF
1790649493.9590752,10,920,1,ewma,11,2,,0.9944,0.9942,,0.4,0.5538,,18,26,,OFF
1790649497.7233565,5,923,1,ewma,11,1,,0.9925,0.9915,,0.7993,0.5,,17,24,,OFF
1790649498.4822564,6,923,1,ewma,11,1,,0.9938,0.9942,,0.8218,0.4,,18,24,,OFF
1790649499.981891,2,909,1,ewma,11,2,,0.9925,0.9926,,0.4742,0.8689,,18,24,,OFF
1790649501.246915,4,913,1,ewma,11,2,,0.9924,0.9936,,0.384,0.71,,17,25,,OFF
1790649502.6427658,1,927,1,ewma,11,2,,0.9913,0.9901,,0.5,0.8837,,16,26,,OFF
1790649503.9588108,3,925,1,ewma,11,1,,0.9933,0.9938,,0.9084,0.5,,17,26,,OFF
1790649505.1269898,7,910,1,ewma,11,1,,0.9901,0.9901,,0.485,0.256,,18,25,,OFF
1790649505.7085118,9,898,1,ewma,11,2,,0.9933,0.9943,,0.5,0.7659,,18,26,,OFF
1790649506.719118,8,900,1,ewma,11,2,,0.9938,0.9942,,0.4,0.9457,,18,26,,OFF
1790649507.1344492,10,921,1,ewma,11,2,,0.9931,0.9926,,0.4,0.643,,18,27,,OFF
1790649511.7452953,5,924,1,ewma,11,1,,0.9933,0.9925,,0.8394,0.5,,17,24,,OFF
1790649512.1687038,6,924,1,ewma,11,1,,0.9932,0.9941,,0.8574,0.4,,18,24,,OFF
1790649514.0416706,2,910,1,ewma,11,2,,0.9925,0.9925,,0.4742,0.8951,,18,25,,OFF
1790649514.4266806,4,914,1,ewma,11,2,,0.9912,0.9939,,0.384,0.768,,17,25,,OFF
1790649516.8575835,1,928,1,ewma,11,2,,0.9925,0.9932,,0.5,0.907,,17,26,,OFF
1790649517.7825596,3,926,1,ewma,11,1,,0.9915,0.9937,,0.9267,0.5,,17,26,,OFF
1790649518.1043878,7,911,1,ewma,11,1,,0.9915,0.99,,0.588,0.256,,18,26,,OFF
1790649520.6632676,9,899,1,ewma,11,2,,0.9943,0.9932,,0.5,0.6127,,17,25,,OFF
1790649521.7759268,8,901,1,ewma,11,2,,0.9938,0.0,,0.4,0.9565,,17,26,,OFF
1790649525.687081,5,925,1,ewma,11,1,,0.9941,0.9915,,0.8715,0.5,,17,24,,OFF
1790649526.0882223,6,925,1,ewma,11,1,,0.9901,0.9932,,0.8859,0.4,,18,24,,ON
1790649527.1797574,10,922,0,ewma,11,2,,0.9914,0.9926,,0.4,0.7144,,18,25,,ON
1790649527.5173442,4,915,1,ewma,11,2,,0.9901,0.9939,,0.384,0.8144,,18,26,,ON
1790649566.7290294,8,904,1,snr-greedy,11,1,,0.0106,0.0008,,7.75,6.75,,1,0,,OFF
1790649569.728513,6,928,1,snr-greedy,11,2,,0.0,0.0,,1.75,5.75,,1,1,,OFF
1790649570.2195086,10,925,1,snr-greedy,11,2,,0.9924,0.9941,,12.5,13.25,,1,2,,OFF
1790649571.645267,9,902,0,snr-greedy,11,1,,0.9935,0.9921,,13.0,12.5,,2,2,,OFF
1790649571.8737214,4,918,1,snr-greedy,11,1,,0.9923,0.9914,,12.5,12.25,,3,2,,OFF
1790649572.269124,5,928,1,snr-greedy,11,2,,0.9925,0.9933,,12.5,12.75,,3,3,,OFF
1790649575.3418486,1,932,1,snr-greedy,11,1,,0.99,0.9902,,12.0,12.0,,4,3,,OFF
1790649575.9635427,2,914,1,snr-greedy,11,1,,0.9916,0.9915,,12.25,12.25,,5,3,,ON
1790649576.5724878,3,930,1,snr-greedy,11,2,,0.9924,0.9932,,12.5,12.75,,5,4,,ON
1790649581.6135354,7,915,1,snr-greedy,11,2,,0.9914,0.9933,,12.25,12.75,,5,5,,OFF
1790649582.122491,8,905,1,snr-greedy,11,2,,0.9924,0.9942,,12.5,13.25,,5,6,,OFF
1790649586.7028294,4,919,1,snr-greedy,11,2,,0.9924,0.9933,,12.5,12.75,,5,7,,OFF
1790649587.8339887,5,929,1,snr-greedy,11,1,,0.9925,0.9925,,12.5,12.5,,6,7,,OFF
1790649588.6488547,9,903,0,snr-greedy,11,1,,0.9937,0.9914,,13.0,12.25,,7,7,,OFF
1790649588.6496744,10,926,0,snr-greedy,11,1,,0.9932,0.9926,,12.75,12.5,,8,7,,OFF
1790649589.063578,1,933,1,snr-greedy,11,1,,0.9925,0.9881,,12.5,11.75,,9,7,,OFF
1790649589.619703,2,915,1,snr-greedy,11,2,,0.0,0.9816,,3.25,11.25,,9,8,,OFF
1790649595.6579518,3,931,0,snr-greedy,11,2,,0.9915,0.9933,,12.25,12.75,,9,9,,OFF
1790649595.7255335,7,916,1,snr-greedy,11,2,,0.9925,0.9925,,12.5,12.5,,9,10,,OFF
1790649596.2450714,8,906,1,snr-greedy,11,2,,0.9916,0.9933,,12.25,12.75,,9,11,,OFF
1790649598.0176716,10,927,1,snr-greedy,11,2,,0.9938,0.9938,,13.0,13.0,,9,12,,OFF
1790649598.7807178,6,930,1,snr-greedy,11,1,,0.9908,0.991,,12.25,12.25,,10,12,,OFF
1790649599.2010322,9,904,1,snr-greedy,11,1,,0.9931,0.9933,,12.75,12.75,,11,12,,OFF
1790649600.9379723,4,920,1,snr-greedy,11,2,,0.9925,0.9931,,12.5,12.75,,11,13,,OFF
1790649602.28828,1,934,1,snr-greedy,11,1,,0.9885,0.9877,,13.25,12.5,,12,13,,OFF
1790649603.314572,2,916,1,snr-greedy,11,2,,0.9915,0.9938,,12.25,13.0,,12,14,,OFF
1790649605.0265589,3,932,1,snr-greedy,11,1,,0.9925,0.9915,,12.5,12.25,,13,14,,OFF
1790649607.6604722,5,930,0,snr-greedy,11,1,,0.9932,0.9925,,12.75,12.5,,14,14,,OFF
1790649609.5811703,8,907,1,snr-greedy,11,2,,0.9925,0.9938,,12.5,13.0,,14,15,,OFF
1790649611.228112,10,928,1,snr-greedy,11,1,,0.9933,0.9916,,12.75,12.25,,15,15,,OFF
1790649612.0023563,7,917,1,snr-greedy,11,2,,0.9924,0.9937,,12.5,13.0,,15,16,,OFF
1790649614.259425,6,931,1,snr-greedy,11,2,,0.9938,0.9941,,13.0,13.25,,15,17,,OFF
1790649615.1781743,4,921,1,snr-greedy,11,1,,0.9931,0.9192,,13.0,12.0,,16,17,,OFF
1790649618.455014,3,933,1,snr-greedy,11,1,,0.9925,0.9915,,12.5,12.25,,17,17,,OFF
1790649620.6700008,9,905,0,snr-greedy,11,2,,0.9901,0.9916,,12.0,12.25,,17,18,,OFF
1790649621.6811435,2,917,0,snr-greedy,11,2,,0.9925,0.9926,,12.5,12.5,,17,19,,OFF
1790649622.6849165,8,908,1,snr-greedy,11,2,,0.9933,0.9938,,12.75,13.0,,17,20,,OFF
1790649623.6857314,5,931,0,snr-greedy,11,1,,0.9943,0.9925,,13.5,12.5,,18,20,,OFF
1790649625.0009441,10,929,1,snr-greedy,11,2,,0.9925,0.9933,,12.5,12.75,,18,21,,ON
1790649628.0870743,6,932,1,snr-greedy,11,2,,0.9925,0.9933,,12.5,12.75,,17,22,,UNKNOWN
1790649630.634518,9,906,1,snr-greedy,11,1,,0.9924,0.9914,,12.5,12.25,,18,20,,UNKNOWN
1790649631.7006197,4,922,1,snr-greedy,11,2,,0.018,0.0287,,8.0,8.25,,17,21,,UNKNOWN
1790649632.57469,2,918,1,snr-greedy,11,1,,0.9925,0.9925,,12.5,12.5,,17,20,,UNKNOWN
1790649635.5566874,8,909,1,snr-greedy,11,2,,0.0609,0.9942,,7.75,13.25,,16,21,,UNKNOWN
1790649637.7055967,1,936,0,snr-greedy,11,2,,0.8536,0.9565,,12.25,12.5,,15,21,,UNKNOWN
1790649638.7077131,3,934,0,snr-greedy,11,1,,0.0568,0.0004,,8.5,6.5,,16,21,,UNKNOWN
1790649639.7109902,5,932,0,snr-greedy,11,1,,0.9938,0.9916,,13.0,12.25,,17,21,,OFF
1790649639.7794638,10,930,1,snr-greedy,11,2,,0.99,0.9942,,12.0,13.25,,17,22,,OFF
1790649642.541924,6,933,1,snr-greedy,11,2,,0.9914,0.9925,,12.25,12.5,,17,21,,OFF
1790649643.2193348,7,919,1,snr-greedy,11,2,,0.9924,0.9942,,12.5,13.25,,17,22,,OFF
1790649644.575848,9,907,1,snr-greedy,11,1,,0.9915,0.9901,,12.25,12.0,,18,22,,OFF
1790649645.3812492,2,919,1,snr-greedy,11,1,,0.9926,0.9915,,12.5,12.25,,19,22,,OFF
1790649645.9203742,4,923,1,snr-greedy,11,1,,0.9932,0.9915,,12.75,12.25,,20,22,,OFF
1790649646.7150013,1,937,1,snr-greedy,11,2,,0.9899,0.9899,,12.0,12.0,,20,22,,OFF
1790649648.240873,8,910,1,snr-greedy,11,2,,0.9882,0.9939,,11.75,13.0,,19,23,,OFF
1790649649.393936,5,933,1,snr-greedy,11,1,,0.0556,0.0,,7.25,2.0,,17,23,,OFF
1790649649.8336399,3,935,1,snr-greedy,11,1,,0.9911,0.9896,,12.25,12.0,,18,22,,OFF
1790649656.1446533,10,931,1,snr-greedy,11,2,,0.994,0.9944,,13.25,13.5,,18,21,,OFF
1790649656.8940053,6,934,1,snr-greedy,11,1,,0.9916,0.9901,,12.25,12.0,,19,20,,OFF
1790649657.670539,9,908,1,snr-greedy,11,2,,0.9915,0.9916,,12.25,12.25,,19,21,,OFF
1790649659.7229638,2,920,1,snr-greedy,11,2,,0.9932,0.9933,,12.75,12.75,,17,21,,OFF
1790649660.4757526,4,924,1,snr-greedy,11,1,,0.9914,0.9915,,12.25,12.25,,18,21,,OFF
1790649664.1585107,3,936,1,snr-greedy,11,1,,0.9932,0.9925,,12.75,12.5,,18,19,,OFF
1790649664.7243097,7,920,0,snr-greedy,11,2,,0.9925,0.9942,,12.5,13.25,,18,20,,OFF
1790649664.7246025,1,938,0,snr-greedy,11,2,,0.0,0.003,,4.0,7.25,,18,21,,OFF
1790649667.7264624,8,911,0,snr-greedy,11,1,,0.9938,0.0,,13.0,-0.25,,17,21,,OFF
1790649667.7275121,5,934,0,snr-greedy,11,2,,0.988,0.9861,,12.5,12.5,,17,22,,OFF
1790649670.3700244,10,932,1,snr-greedy,11,2,,0.9938,0.9942,,13.0,13.25,,17,22,,OFF
1790649671.1314535,9,909,1,snr-greedy,11,2,,0.9914,0.9925,,12.25,12.5,,17,23,,OFF
1790649671.4842439,6,935,1,snr-greedy,11,1,,0.9926,0.9915,,12.5,12.25,,17,23,,OFF
1790649674.0746589,2,921,1,snr-greedy,11,1,,0.9938,0.9933,,13.0,12.75,,18,22,,OFF
1790649674.9818847,7,921,1,snr-greedy,11,1,,0.9915,0.9901,,12.25,12.0,,19,21,,OFF
1790649675.7216387,1,939,1,snr-greedy,11,1,,0.9933,0.9901,,12.75,12.0,,19,21,,OFF
1790649676.7516587,8,912,1,snr-greedy,11,2,,0.9925,0.9941,,12.5,13.25,,19,22,,OFF
1790649677.448026,5,935,1,snr-greedy,11,2,,0.9933,0.9933,,12.75,12.75,,19,23,,OFF
1790649679.4230325,3,937,1,snr-greedy,11,2,,0.9915,0.9914,,12.25,12.25,,18,24,,OFF
1790649679.7345252,4,925,0,snr-greedy,11,2,,0.9783,0.9908,,11.75,12.25,,18,25,,OFF
1790649683.1606443,10,933,1,snr-greedy,11,2,,0.9914,0.9915,,12.25,12.25,,18,23,,OFF
1790649684.4914675,6,936,1,snr-greedy,11,2,,0.9914,0.9926,,12.25,12.5,,17,24,,OFF
1790649685.4531705,9,910,1,snr-greedy,11,1,,0.9933,0.9915,,12.75,12.25,,18,23,,OFF
1790649686.7541158,2,922,1,snr-greedy,11,1,,0.9933,0.9901,,12.75,12.0,,19,23,,UNKNOWN
1790649688.5103858,1,940,1,snr-greedy,11,1,,0.889,0.919,,13.0,12.25,,20,22,,OFF
1790649690.43512,4,926,1,snr-greedy,11,1,,0.8339,0.99,,12.0,12.0,,21,22,,OFF
1790649691.085394,8,913,1,snr-greedy,11,2,,0.9914,0.9937,,12.25,13.0,,20,23,,OFF
1790649692.709806,3,938,1,snr-greedy,11,2,,0.9915,0.9915,,12.25,12.25,,19,23,,OFF
1790649693.7400546,7,922,0,snr-greedy,11,2,,0.9914,0.9924,,12.25,12.5,,19,24,,OFF
1790649695.742398,5,936,0,snr-greedy,11,2,,0.9925,0.9933,,12.5,12.75,,19,24,,OFF
1790649697.4110339,6,937,1,snr-greedy,11,1,,0.9933,0.9926,,12.75,12.5,,20,24,,OFF
1790649699.765359,9,911,1,snr-greedy,11,1,,0.9933,0.9933,,12.75,12.75,,19,23,,OFF
1790649701.7069023,2,923,1,snr-greedy,11,1,,0.9938,0.9925,,13.0,12.5,,20,22,,OFF
1790649702.2543123,1,941,1,snr-greedy,11,1,,0.9915,0.9901,,12.25,12.0,,21,22,,OFF
1790649702.7461727,10,934,0,snr-greedy,11,2,,0.9932,0.9938,,12.75,13.0,,21,22,,OFF
1790649703.658499,7,923,1,snr-greedy,11,1,,0.9915,0.9915,,12.25,12.25,,22,21,,OFF
1790649704.7968943,4,927,1,snr-greedy,11,1,,0.9914,0.99,,12.25,12.0,,22,21,,OFF
1790649705.8062642,5,937,1,snr-greedy,11,1,,0.9915,0.99,,12.25,12.0,,22,21,,OFF
1790649706.5153959,8,914,1,snr-greedy,11,1,,0.2947,0.0,,9.0,2.25,,22,21,,OFF
1790649707.1550372,3,939,1,snr-greedy,11,2,,0.9879,0.9925,,11.75,12.5,,22,21,,OFF
1790649710.545969,6,938,1,snr-greedy,11,2,,0.9901,0.9933,,12.0,12.75,,20,21,,OFF
1790649713.487138,10,935,1,snr-greedy,11,1,,0.022,0.0,,8.0,1.25,,21,21,,OFF
1790649715.4440758,2,924,1,snr-greedy,11,2,,0.9925,0.9941,,12.5,13.25,,21,22,,OFF
1790649716.2857764,1,942,1,snr-greedy,11,2,,0.0001,0.8953,,5.0,9.75,,21,22,,OFF
1790649716.904576,7,924,1,snr-greedy,11,1,,0.9942,0.9925,,13.25,12.5,,21,22,,OFF
1790649718.8444655,4,928,1,snr-greedy,11,1,,0.9915,0.9901,,12.25,12.0,,22,21,,OFF
1790649719.634583,5,938,1,snr-greedy,11,1,,0.9937,0.9925,,13.0,12.5,,23,21,,OFF
1790649719.7529218,9,912,0,snr-greedy,11,2,,0.9916,0.9933,,12.25,12.75,,23,21,,OFF
1790649720.8617487,8,915,1,snr-greedy,11,2,,0.0,0.0,,-1.75,-0.25,,22,22,,OFF
1790649721.3698564,3,940,1,snr-greedy,11,2,,0.9933,0.9938,,12.75,13.0,,22,23,,OFF
1790649724.1629283,6,939,1,snr-greedy,11,2,,0.9933,0.9941,,12.75,13.25,,21,24,,OFF
1790649727.5982828,10,936,1,snr-greedy,11,1,,0.9915,0.9915,,12.25,12.25,,22,22,,OFF
1790649728.929327,2,925,1,snr-greedy,11,1,,0.9925,0.9733,,12.5,11.0,,22,21,,OFF
1790649731.1237106,7,925,1,snr-greedy,11,2,,0.9901,0.9915,,12.0,12.25,,22,21,,OFF
1790649732.8416488,4,929,1,snr-greedy,11,2,,0.9925,0.9933,,12.5,12.75,,21,21,,OFF
1790649734.5860581,3,941,1,snr-greedy,11,2,,0.988,0.9925,,11.75,12.5,,20,22,,OFF
1790649735.2007997,5,939,1,snr-greedy,11,1,,0.1763,0.0,,8.75,1.0,,20,22,,OFF
1790649738.5721383,6,940,1,snr-greedy,11,1,,0.9933,0.9933,,12.75,12.75,,20,20,,OFF
1790649741.4417343,10,937,1,snr-greedy,11,1,,0.9915,0.9916,,12.25,12.25,,21,18,,OFF
1790649742.361974,2,926,1,snr-greedy,11,2,,0.9925,0.9933,,12.5,12.75,,21,19,,OFF
1790649745.138344,1,944,1,snr-greedy,11,1,,0.8943,0.8689,,13.25,12.5,,22,17,,OFF
1790649745.4128814,4,930,1,snr-greedy,11,2,,0.9858,0.9868,,12.25,12.5,,22,18,,OFF
1790649748.910992,5,940,1,snr-greedy,11,1,,0.9848,0.0,,11.5,5.25,,20,18,,OFF
1790649749.765661,7,926,0,snr-greedy,11,1,,0.9932,0.9932,,12.75,12.75,,21,18,,OFF
1790649750.1519294,8,917,1,snr-greedy,11,2,,0.9925,0.9942,,12.5,13.25,,21,19,,OFF
1790649750.7675762,9,914,0,snr-greedy,11,2,,0.0,0.0034,,0.0,7.25,,20,20,,OFF
1790649752.0128088,6,941,1,snr-greedy,11,2,,0.9932,0.9943,,12.75,13.5,,20,20,,OFF
1790649754.7710495,3,942,0,snr-greedy,11,2,,0.9932,0.9937,,12.75,13.0,,20,19,,OFF
1790649755.7151935,2,927,1,snr-greedy,11,2,,0.9932,0.9937,,12.75,13.0,,20,20,,OFF
1790649757.5511756,10,938,1,snr-greedy,11,1,,0.9942,0.9937,,13.25,13.0,,20,19,,OFF
1790649758.340065,1,945,1,snr-greedy,11,1,,0.9902,0.9833,,13.25,12.25,,21,19,,OFF
1790649759.4516377,7,927,1,snr-greedy,11,2,,0.9915,0.9933,,12.25,12.75,,21,20,,OFF
1790649760.0828826,9,915,1,snr-greedy,11,2,,0.9914,0.9914,,12.25,12.25,,20,21,,OFF
1790649761.7283194,5,941,1,snr-greedy,11,1,,0.9941,0.9925,,13.25,12.5,,20,21,,OFF
1790649763.7760787,4,931,0,snr-greedy,11,2,,0.9935,0.9936,,13.0,13.0,,18,21,,OFF
1790649766.315486,8,918,1,snr-greedy,11,2,,0.9933,0.9939,,12.75,13.0,,16,22,,OFF
1790649769.9057386,2,928,1,snr-greedy,11,1,,0.9944,0.9932,,13.5,12.75,,16,21,,OFF
1790649770.7510848,10,939,1,snr-greedy,11,2,,0.9883,0.9916,,11.75,12.25,,16,21,,OFF
1790649771.4629896,1,946,1,snr-greedy,11,1,,0.9901,0.9901,,12.0,12.0,,17,21,,OFF
1790649772.884862,9,916,1,snr-greedy,11,1,,0.9881,0.0016,,11.75,7.0,,18,21,,OFF
1790649774.260631,4,932,1,snr-greedy,11,1,,0.9942,0.9925,,13.25,12.5,,18,21,,OFF
1790649774.8356981,5,942,1,snr-greedy,11,1,,0.9938,0.9926,,13.0,12.5,,19,21,,OFF
1790649778.7842102,7,928,0,snr-greedy,11,2,,0.8535,0.9938,,12.25,13.0,,18,20,,OFF
1790649779.9394963,3,944,1,snr-greedy,11,1,,0.0,0.0,,5.25,2.0,,17,19,,OFF
1790649781.4792042,6,943,1,snr-greedy,11,1,,0.9925,0.9924,,12.5,12.5,,18,17,,OFF
1790649782.8221838,2,929,1,snr-greedy,11,2,,0.9915,0.9925,,12.25,12.5,,18,18,,ON
1790649784.1344717,10,940,1,snr-greedy,11,1,,0.9938,0.9939,,13.0,13.0,,19,18,,ON
1790649785.7888994,8,919,0,snr-greedy,11,2,,0.9932,0.9933,,12.75,12.75,,19,18,,ON
1790649785.8895316,9,917,1,snr-greedy,11,2,,0.9913,0.9925,,12.25,12.75,,19,19,,ON
1790649787.099233,1,947,1,snr-greedy,11,1,,0.9819,0.9914,,12.25,12.25,,20,19,,UNKNOWN
1790649788.1623576,7,929,1,snr-greedy,11,2,,0.0,0.0,,-1.0,1.25,,19,20,,UNKNOWN
1790649788.644619,5,943,1,snr-greedy,11,1,,0.9932,0.9932,,12.75,12.75,,20,20,,UNKNOWN
1790649788.9528675,4,933,1,snr-greedy,11,1,,0.9938,0.9931,,13.0,12.75,,20,20,,UNKNOWN
1790649793.8598535,3,945,1,snr-greedy,11,2,,0.9925,0.9933,,12.5,12.75,,20,19,,UNKNOWN
1790649794.831048,6,944,1,snr-greedy,11,2,,0.9913,0.9925,,12.25,12.5,,20,19,,UNKNOWN
1790649795.7117913,8,920,1,snr-greedy,11,2,,0.9925,0.9944,,12.5,13.5,,19,20,,UNKNOWN
1790649796.6693351,2,930,1,snr-greedy,11,1,,0.9938,0.9901,,13.0,12.0,,20,20,,UNKNOWN
1790649839.0142336,6,947,1,state-aware,12,1,,0.9942,0.9933,,0.9942,0.9933,,1,0,,OFF
1790649844.7832685,9,921,1,state-aware,12,1,,0.9938,0.9915,,0.9938,0.9915,,2,0,,OFF
1790649845.372606,3,948,0,state-aware,12,1,,0.0,0.0,,0.0,0.0,,3,0,,OFF
1790649845.3730114,8,923,0,state-aware,12,2,,0.9862,0.989,,0.9862,0.989,,3,1,,OFF
1790649845.68708,2,933,1,state-aware,12,2,,0.8333,0.9725,,0.8333,0.9725,,3,2,,OFF
1790649847.7476823,5,947,1,state-aware,12,2,,0.9931,0.9943,,0.9931,0.9943,,3,3,,OFF
1790649848.6560955,4,937,1,state-aware,12,2,,0.9703,0.9922,,0.9703,0.9922,,3,4,,OFF
1790649851.3758476,10,944,0,state-aware,12,1,,0.9899,0.9809,,0.9899,0.9809,,4,4,,OFF
1790649851.3769977,1,951,0,state-aware,12,2,,0.9879,0.9911,,0.9879,0.9911,,4,5,,OFF
1790649853.874893,6,948,1,state-aware,12,1,,0.9938,0.0,,0.8949,0.0,,5,5,,OFF
1790649854.3793445,7,933,0,state-aware,12,2,,0.9809,0.989,,0.9809,0.989,,5,6,,OFF
1790649855.9311783,3,949,1,state-aware,12,1,,0.0,0.0,,0.0667,0.0,,6,6,,OFF
1790649857.5520132,9,922,1,state-aware,12,2,,0.9916,0.9938,,0.9263,0.9938,,6,7,,UNKNOWN
1790649858.3882418,2,934,1,state-aware,12,2,,0.0305,0.9915,,0.0305,0.9262,,6,8,,OFF
1790649861.3642347,4,938,1,state-aware,12,1,,0.9938,0.9924,,0.9938,0.927,,7,8,,OFF
1790649861.3901732,8,924,0,state-aware,12,1,,0.9931,0.9943,,0.9931,0.8953,,8,8,,OFF
1790649862.3657494,10,945,1,state-aware,12,2,,0.9933,0.9941,,0.8944,0.9941,,8,9,,OFF
1790649865.2372513,7,934,1,state-aware,12,1,,0.9819,0.9933,,0.9819,0.8944,,9,9,,OFF
1790649866.4692986,6,949,1,state-aware,12,2,,0.9882,0.9933,,0.8544,0.9933,,9,10,,OFF
1790649867.3922298,5,948,0,state-aware,12,1,,0.9926,0.0,,0.9926,0.1,,10,10,,OFF
1790649867.3929749,1,952,0,state-aware,12,2,,0.0,0.0,,0.0,0.0667,,10,11,,OFF
1790649868.8432052,3,950,1,state-aware,12,2,,0.9925,0.9925,,0.8575,0.9925,,10,12,,OFF
1790649872.3192031,9,923,1,state-aware,12,2,,0.3216,0.9926,,0.368,0.8938,,10,13,,OFF
1790649872.6222348,8,925,1,state-aware,12,1,,0.9941,0.9884,,0.8951,0.8904,,11,13,,OFF
1790649873.3423312,2,935,1,state-aware,12,1,,0.9931,0.9937,,0.9931,0.847,,12,13,,OFF
1790649875.260334,4,939,1,state-aware,12,2,,0.9911,0.9937,,0.9259,0.9281,,12,14,,OFF
1790649876.8180752,10,946,1,state-aware,12,2,,0.9925,0.9944,,0.8938,0.9286,,12,15,,OFF
1790649877.5496373,5,949,1,state-aware,12,1,,0.0722,0.0,,0.1268,0.1,,13,15,,OFF
1790649878.0796053,1,953,1,state-aware,12,1,,0.9935,0.9935,,0.9935,0.8011,,14,15,,OFF
1790649879.1700592,6,950,1,state-aware,12,2,,0.8717,0.9724,,0.7712,0.9104,,14,16,,OFF
1790649882.894222,3,951,1,state-aware,12,2,,0.9941,0.9938,,0.8586,0.9281,,14,17,,OFF
1790649884.3987112,7,935,0,state-aware,12,1,,0.9894,0.9915,,0.9245,0.8929,,15,17,,OFF
1790649886.442494,9,924,1,state-aware,12,1,,0.3202,0.0,,0.3669,0.1486,,16,17,,OFF
1790649886.7584074,8,926,1,state-aware,12,2,,0.9937,0.9938,,0.8584,0.8948,,16,18,,OFF
1790649888.2038057,4,940,1,state-aware,12,1,,0.9915,0.9915,,0.9262,0.9025,,17,18,,OFF
1790649889.543282,2,936,1,state-aware,12,1,,0.9943,0.9938,,0.8953,0.847,,18,18,,OFF
1790649890.35007,10,947,1,state-aware,12,2,,0.9915,0.9926,,0.8929,0.9033,,18,19,,OFF
1790649891.0742157,1,954,1,state-aware,12,1,,0.99,0.9914,,0.925,0.7995,,19,19,,OFF
1790649891.8079207,5,950,1,state-aware,12,2,,0.9915,0.9915,,0.8568,0.9262,,19,20,,OFF
1790649894.6676295,7,936,1,state-aware,12,2,,0.9924,0.9925,,0.846,0.8937,,19,21,,OFF
1790649895.4720402,6,951,1,state-aware,12,1,,0.9925,0.9942,,0.8575,0.8473,,20,21,,OFF
1790649896.079182,3,952,1,state-aware,12,2,,0.9938,0.9933,,0.8585,0.9038,,20,22,,OFF
1790649900.7019567,8,927,1,state-aware,12,2,,0.5673,0.9933,,0.5538,0.858,,19,23,,OFF
1790649900.9795415,9,925,1,state-aware,12,1,,0.9915,0.9926,,0.9025,0.8576,,20,23,,OFF
1790649902.3243349,4,941,1,state-aware,12,2,,0.9913,0.9933,,0.9024,0.9038,,20,24,,OFF
1790649903.123805,2,937,1,state-aware,12,1,,0.9931,0.9924,,0.8579,0.846,,21,24,,OFF
1790649905.2705154,5,951,1,state-aware,12,2,,0.9915,0.9926,,0.8568,0.9033,,20,25,,ON
1790649905.7956257,10,948,1,state-aware,12,1,,0.9925,0.9915,,0.8938,0.8237,,20,23,,ON
1790649906.7366695,1,955,1,state-aware,12,1,,0.9941,0.9925,,0.8472,0.8003,,21,23,,ON
1790649908.867359,7,937,1,state-aware,12,2,,0.9916,0.9915,,0.8454,0.8568,,21,22,,OFF
1790649909.5736635,6,952,1,state-aware,12,1,,0.9885,0.9126,,0.8488,0.789,,22,22,,OFF
1790649914.0853684,8,928,1,state-aware,12,1,,0.9941,0.9943,,0.8586,0.8525,,21,21,,OFF
1790649914.4061844,3,953,0,state-aware,12,2,,0.9938,0.9933,,0.8585,0.8998,,21,21,,OFF
1790649915.015252,4,942,1,state-aware,12,2,,0.0002,0.0004,,0.1944,0.2793,,21,22,,OFF
1790649915.5506957,9,926,1,state-aware,12,1,,0.9925,0.9933,,0.8993,0.8581,,22,22,,OFF
1790649917.051087,2,938,1,state-aware,12,1,,0.9933,0.9901,,0.8518,0.8444,,22,22,,OFF
1790649918.6242566,5,952,1,state-aware,12,2,,0.9933,0.9925,,0.858,0.8993,,22,21,,OFF
1790649919.6358216,10,949,1,state-aware,12,1,,0.9937,0.9932,,0.8584,0.8248,,23,21,,OFF
1790649920.755497,1,956,1,state-aware,12,1,,0.9938,0.9938,,0.8402,0.8013,,24,21,,OFF
1790649922.2789445,6,953,1,state-aware,12,1,,0.9938,0.9944,,0.86,0.8474,,23,21,,OFF
1790649923.441188,7,938,1,state-aware,12,2,,0.9937,0.9914,,0.8469,0.8506,,23,21,,OFF
1790649924.744598,3,954,1,state-aware,12,1,,0.9942,0.9932,,0.8587,0.8163,,24,21,,OFF
1790649928.1122594,4,943,1,state-aware,12,2,,0.9912,0.9892,,0.9023,0.903,,22,20,,OFF
1790649928.4202566,8,929,1,state-aware,12,2,,0.9925,0.9938,,0.8513,0.8522,,22,21,,OFF
1790649931.0937386,2,939,1,state-aware,12,2,,0.8333,0.9922,,0.7709,0.8458,,22,21,,OFF
1790649932.255087,10,950,1,state-aware,12,1,,0.9926,0.9926,,0.8514,0.8244,,23,21,,OFF
1790649933.5534954,5,953,1,state-aware,12,1,,0.9925,0.9915,,0.8575,0.8154,,22,20,,OFF
1790649935.3147511,1,957,1,state-aware,12,1,,0.9924,0.9924,,0.8479,0.8003,,23,19,,OFF
1790649936.4252162,9,927,0,state-aware,12,2,,0.9925,0.9915,,0.8159,0.8568,,23,20,,OFF
1790649937.1433475,7,939,1,state-aware,12,2,,0.9925,0.9915,,0.8461,0.8587,,23,20,,OFF
1790649939.517059,3,955,1,state-aware,12,2,,0.9914,0.9925,,0.7756,0.8159,,21,20,,OFF
1790649941.0265217,4,944,1,state-aware,12,2,,0.9938,0.99,,0.9042,0.9131,,21,21,,OFF
1790649942.428376,6,954,0,state-aware,12,1,,0.9901,0.9938,,0.8722,0.847,,22,21,,OFF
1790649942.519125,8,930,1,state-aware,12,2,,0.9915,0.9926,,0.8507,0.8593,,22,22,,OFF
1790649944.5061631,2,940,1,state-aware,12,1,,0.994,0.9933,,0.8602,0.8398,,22,21,,OFF
1790649946.4696677,9,928,1,state-aware,12,1,,0.9938,0.0,,0.8166,0.156,,22,21,,OFF
1790649947.0540805,5,954,1,state-aware,12,1,,0.9925,0.9925,,0.8513,0.8159,,23,20,,OFF
1790649949.5109353,1,958,1,state-aware,12,1,,0.9915,0.9901,,0.8626,0.7986,,23,20,,OFF
1790649950.4397864,7,940,1,state-aware,12,2,,0.9925,0.9925,,0.8461,0.8734,,22,20,,OFF
1790649952.442098,10,951,0,state-aware,12,1,,0.9257,0.016,,0.8222,0.214,,22,19,,OFF
1790649957.134885,4,945,1,state-aware,12,1,,0.9938,0.9932,,0.9042,0.8163,,22,17,,ON
1790649957.4448717,6,955,0,state-aware,12,2,,0.9901,0.9901,,0.7792,0.8444,,22,18,,ON
1790649958.4477427,3,956,0,state-aware,12,2,,0.9888,0.9872,,0.774,0.8317,,22,19,,ON
1790649958.8319595,2,941,1,state-aware,12,1,,0.994,0.9938,,0.8741,0.8401,,23,19,,ON
1790649960.8013248,9,929,1,state-aware,12,1,,0.99,0.9882,,0.8331,0.7736,,24,18,,UNKNOWN
1790649962.5366123,1,959,1,state-aware,12,1,,0.0,0.0,,0.4293,0.0914,,24,17,,OFF
1790649963.1477423,5,955,1,state-aware,12,2,,0.9933,0.9925,,0.7708,0.8159,,23,18,,OFF
1790649963.451808,8,931,0,state-aware,12,1,,0.9915,0.9882,,0.8507,0.7712,,24,18,,OFF
1790649964.6007645,7,941,1,state-aware,12,2,,0.9933,0.9938,,0.8466,0.8899,,24,19,,OFF
1790649967.6492496,6,956,1,state-aware,12,1,,0.9938,0.9932,,0.7809,0.7648,,23,18,,OFF
1790649968.6639204,3,957,1,state-aware,12,1,,0.9933,0.9925,,0.7768,0.7462,,24,18,,OFF
1790649972.1821125,4,946,1,state-aware,12,1,,0.9899,0.994,,0.8227,0.8167,,24,17,,OFF
1790649974.3114185,9,930,1,state-aware,12,1,,0.9942,0.9944,,0.856,0.7775,,24,17,,OFF
1790649975.847165,1,960,1,state-aware,12,1,,0.9914,0.9916,,0.897,0.7997,,24,15,,OFF
1790649977.921931,10,953,1,state-aware,12,1,,0.9925,0.9941,,0.8593,0.8253,,24,15,,OFF
1790649978.7131426,5,956,1,state-aware,12,1,,0.9937,0.9937,,0.7711,0.7349,,25,14,,OFF
1790649980.3425915,7,942,1,state-aware,12,1,,0.9916,0.9915,,0.8454,0.788,,25,14,,OFF
1790649980.4691107,2,942,0,state-aware,12,2,,0.99,0.9925,,0.7791,0.8393,,25,15,,OFF
1790649980.4701517,8,932,0,state-aware,12,2,,0.9932,0.9932,,0.7708,0.7737,,25,16,,OFF
1790649983.7795098,6,957,1,state-aware,12,2,,0.9914,0.9933,,0.6946,0.7648,,23,16,,OFF
1790649984.7808697,3,958,1,state-aware,12,2,,0.9942,0.9933,,0.7002,0.7465,,22,17,,OFF
1790649986.480989,4,947,1,state-aware,12,1,,0.9926,0.9901,,0.8337,0.8149,,23,17,,OFF
1790649987.612399,9,931,1,state-aware,12,1,,0.9933,0.9933,,0.8763,0.7768,,24,17,,OFF
1790649989.4449964,1,961,1,state-aware,12,1,,0.9915,0.9915,,0.9128,0.7996,,25,15,,OFF
1790649989.7470953,8,933,1,state-aware,12,1,,0.9914,0.9942,,0.7698,0.6938,,26,15,,OFF
1790649990.270026,2,943,1,state-aware,12,1,,0.9915,0.9933,,0.7798,0.7595,,27,15,,OFF
1790649990.7742968,10,954,1,state-aware,12,1,,0.9914,0.9914,,0.8728,0.8236,,28,15,,OFF
1790649992.234059,5,957,1,state-aware,12,1,,0.9942,0.9925,,0.7942,0.7343,,29,14,,OFF
1790649995.3202302,7,943,1,state-aware,12,2,,0.9942,0.9933,,0.7654,0.7888,,26,15,,OFF
1790649997.5591009,6,958,1,state-aware,12,2,,0.99,0.9915,,0.6941,0.7762,,26,14,,OFF
1790649998.3610582,3,959,1,state-aware,12,2,,0.9925,0.9925,,0.6993,0.7827,,26,15,,OFF
1790650000.9523444,9,932,1,state-aware,12,1,,0.9938,0.9926,,0.8956,0.7764,,27,14,,OFF
1790650001.8565264,4,948,1,state-aware,12,2,,0.9942,0.9924,,0.7512,0.816,,27,14,,OFF
1790650003.2818563,1,962,1,state-aware,12,1,,0.9914,0.9915,,0.9268,0.7997,,27,13,,OFF
1790650004.1948605,8,934,1,state-aware,12,1,,0.9915,0.9938,,0.7929,0.6936,,28,13,,OFF
1790650004.9476414,10,955,1,state-aware,12,1,,0.8689,0.8333,,0.8332,0.7248,,28,13,,OFF
1790650006.0577695,5,958,1,state-aware,12,1,,0.9925,0.9932,,0.8195,0.7347,,29,13,,OFF
1790650010.4905455,2,944,0,state-aware,12,1,,0.9942,0.9933,,0.8125,0.7595,,27,12,,OFF
1790650010.973079,7,944,1,state-aware,12,1,,0.9938,0.9933,,0.7651,0.6984,,28,12,,OFF
1790650012.1324205,3,960,1,state-aware,12,2,,0.9921,0.9929,,0.6991,0.8165,,28,13,,OFF
1790650014.4375713,9,933,1,state-aware,12,1,,0.0302,0.0002,,0.5684,0.1561,,28,13,,OFF
1790650014.960347,4,949,1,state-aware,12,2,,0.994,0.9941,,0.7511,0.8431,,28,14,,OFF
1790650016.402095,1,963,1,state-aware,12,1,,0.9938,0.9932,,0.9398,0.8009,,29,14,,OFF
1790650017.6436682,8,935,1,state-aware,12,1,,0.9933,0.0,,0.8199,0.2419,,29,13,,OFF
1790650018.168673,10,956,1,state-aware,12,1,,0.9923,0.994,,0.905,0.8252,,30,13,,OFF
1790650018.4956815,6,959,0,state-aware,12,2,,0.9924,0.9932,,0.6951,0.7995,,30,13,,OFF
1790650020.2914803,5,959,1,state-aware,12,1,,0.0,0.0,,0.4319,0.2381,,30,13,,OFF
1790650025.4997578,2,945,0,state-aware,12,2,,0.9942,0.9915,,0.7185,0.7585,,27,12,,OFF
1790650025.9450362,6,960,1,state-aware,12,1,,0.0054,0.0,,0.2838,0.2643,,28,12,,OFF
1790650026.4494371,7,945,1,state-aware,12,2,,0.9933,0.9933,,0.6884,0.6985,,28,13,,OFF
1790650028.1817927,4,950,1,state-aware,12,2,,0.9932,0.9924,,0.7507,0.8667,,27,14,,OFF
1790650031.0272806,10,957,1,state-aware,12,1,,0.0001,0.0,,0.538,0.204,,27,14,,OFF
1790650031.0440726,9,934,1,state-aware,12,2,,0.8638,0.9869,,0.7505,0.7728,,27,15,,OFF
1790650032.9979866,5,960,1,state-aware,12,1,,0.9915,0.9915,,0.8689,0.7338,,27,15,,OFF
1790650035.7757013,2,946,1,state-aware,12,1,,0.9933,0.9925,,0.7182,0.6832,,27,15,,OFF
1790650036.505772,8,936,0,state-aware,12,1,,0.9943,0.8974,,0.8462,0.6498,,27,15,,OFF
1790650040.8683572,4,951,1,state-aware,12,2,,0.9933,0.9915,,0.7507,0.888,,24,14,,OFF
1790650042.1959245,3,962,1,state-aware,12,2,,0.9938,0.9938,,0.7,0.8168,,24,15,,OFF
1790650044.511268,7,946,0,state-aware,12,2,,0.5681,0.9416,,0.4521,0.7293,,24,15,,OFF
1790650044.5122778,6,961,0,state-aware,12,1,,0.9818,0.8689,,0.7383,0.6593,,25,15,,OFF
1790650046.8962255,1,965,1,state-aware,12,1,,0.9927,0.9926,,0.9394,0.8004,,25,14,,OFF
1790650047.547543,9,935,1,state-aware,12,1,,0.9901,0.9926,,0.7926,0.6993,,26,14,,OFF
1790650050.6977348,2,947,1,state-aware,12,2,,0.99,0.9916,,0.6345,0.6827,,22,15,,OFF
1790650051.516732,5,961,0,state-aware,12,1,,0.0,0.0,,0.536,0.2381,,22,15,,OFF
1790650053.769047,7,947,1,state-aware,12,1,,0.9925,0.9914,,0.6879,0.6565,,22,15,,OFF
1790650055.122933,6,962,1,state-aware,12,1,,0.0,0.0,,0.3015,0.2643,,23,15,,OFF
1790650055.7401514,3,963,1,state-aware,12,2,,0.9901,0.9897,,0.698,0.8452,,23,15,,OFF
1790650060.2485104,1,966,1,state-aware,12,1,,0.9926,0.9901,,0.9497,0.7986,,24,13,,OFF
1790650061.2834532,5,962,1,state-aware,12,1,,0.0,0.0,,0.4447,0.2381,,24,13,,OFF
1790650061.8657823,10,959,1,state-aware,12,1,,0.9941,0.9937,,0.9203,0.825,,25,12,,OFF
1790650062.2709186,8,938,1,state-aware,12,1,,0.9926,0.9938,,0.8454,0.6936,,26,12,,OFF
1790650064.7243073,2,948,1,state-aware,12,2,,0.9925,0.99,,0.6354,0.7222,,24,13,,OFF
1790650066.8628662,7,948,1,state-aware,12,1,,0.9942,0.9933,,0.72,0.6571,,23,13,,OFF
1790650110.3077745,2,951,1,snr-greedy,12,2,,0.9915,0.9915,,12.25,12.25,,0,1,,UNKNOWN
1790650112.0330038,7,951,1,snr-greedy,12,1,,0.9933,0.9915,,12.75,12.25,,1,1,,OFF
1790650116.2404873,3,967,1,snr-greedy,12,2,,0.9902,0.9933,,12.0,12.75,,1,2,,OFF
1790650117.469328,6,966,1,snr-greedy,12,2,,0.9924,0.9937,,12.5,13.0,,1,3,,OFF
1790650119.4122078,4,956,1,snr-greedy,12,1,,0.9924,0.9925,,12.5,12.5,,2,3,,OFF
1790650121.1831822,1,970,1,snr-greedy,12,1,,0.0016,0.0,,7.0,5.5,,3,3,,OFF
1790650122.190209,5,966,1,snr-greedy,12,1,,0.9876,0.0,,11.75,3.75,,4,3,,OFF
1790650122.9849348,2,952,1,snr-greedy,12,1,,0.9938,0.9925,,13.0,12.5,,5,3,,OFF
1790650125.3474503,7,952,1,snr-greedy,12,2,,0.9925,0.9925,,12.5,12.5,,5,4,,OFF
1790650126.084182,9,940,0,snr-greedy,12,2,,0.9,0.9839,,-999.0,12.0,,5,5,,OFF
1790650127.0850885,10,963,0,snr-greedy,12,2,,0.9912,0.9924,,12.25,12.5,,5,6,,OFF
1790650128.0859883,8,942,0,snr-greedy,12,2,,0.9852,0.988,,11.5,11.75,,5,7,,OFF
1790650129.8806357,3,968,1,snr-greedy,12,1,,0.9944,0.9933,,13.5,12.75,,6,7,,OFF
1790650131.277719,6,967,1,snr-greedy,12,2,,0.9925,0.9938,,12.5,13.0,,6,8,,OFF
1790650134.0516381,4,957,1,snr-greedy,12,2,,0.9941,0.994,,13.25,13.25,,6,9,,OFF
1790650135.0820854,1,971,1,snr-greedy,12,1,,0.994,0.9899,,13.25,12.0,,7,9,,OFF
1790650137.4157,9,941,1,snr-greedy,12,1,,0.0029,0.0016,,7.25,7.0,,8,9,,OFF
1790650137.6276429,5,967,1,snr-greedy,12,1,,0.9932,0.2931,,12.75,9.0,,9,9,,OFF
1790650137.9731915,8,943,1,snr-greedy,12,2,,0.9915,0.9933,,12.25,12.75,,9,10,,OFF
1790650141.6366842,7,953,1,snr-greedy,12,2,,0.9931,0.9941,,12.75,13.25,,9,11,,OFF
1790650142.0894136,10,964,0,snr-greedy,12,2,,0.0,0.9924,,4.75,12.5,,9,12,,OFF
1790650142.0902154,2,953,0,snr-greedy,12,1,,0.9938,0.9882,,13.0,11.75,,10,12,,OFF
1790650144.2820363,3,969,1,snr-greedy,12,2,,0.9915,0.9932,,12.25,12.75,,10,13,,OFF
1790650144.7978027,6,968,1,snr-greedy,12,2,,0.9926,0.9941,,12.5,13.25,,10,14,,OFF
1790650147.8653097,1,972,1,snr-greedy,12,1,,0.9932,0.9924,,12.75,12.5,,11,14,,OFF
1790650150.0121982,4,958,1,snr-greedy,12,1,,0.9925,0.9901,,12.5,12.0,,12,14,,OFF
1790650151.7729595,8,944,1,snr-greedy,12,2,,0.9915,0.9938,,12.25,13.0,,12,15,,OFF
1790650152.0659354,5,968,1,snr-greedy,12,1,,0.9943,0.9941,,13.5,13.5,,13,15,,OFF
1790650153.2996762,10,965,1,snr-greedy,12,1,,0.0145,0.0002,,7.75,5.25,,14,15,,OFF
1790650157.1356385,7,954,1,snr-greedy,12,2,,0.9925,0.9938,,12.5,13.0,,14,16,,OFF
1790650158.240771,6,969,1,snr-greedy,12,1,,0.9246,0.3648,,10.0,8.25,,15,16,,ON
1790650158.8382945,3,970,1,snr-greedy,12,1,,0.9944,0.9933,,13.75,12.75,,16,16,,ON
1790650159.0956383,2,954,0,snr-greedy,12,1,,0.8689,0.9852,,12.5,11.5,,17,16,,ON
1790650162.0331929,1,973,1,snr-greedy,12,1,,0.9932,0.9894,,12.75,12.0,,18,16,,ON
1790650165.1708019,5,969,1,snr-greedy,12,2,,0.9926,0.8689,,12.5,12.5,,18,17,,OFF
1790650165.7210512,8,945,1,snr-greedy,12,2,,0.9925,0.9942,,12.5,13.25,,18,18,,OFF
1790650167.6774657,10,966,1,snr-greedy,12,1,,0.9926,0.9925,,12.5,12.5,,19,18,,OFF
1790650168.6525369,2,955,1,snr-greedy,12,1,,0.9933,0.9915,,12.75,12.25,,20,18,,OFF
1790650169.3623722,9,943,1,snr-greedy,12,2,,0.9915,0.9933,,12.25,12.75,,20,19,,OFF
1790650170.0978675,4,959,0,snr-greedy,12,2,,0.0,0.9901,,3.25,12.0,,20,20,,OFF
1790650170.5360646,7,955,1,snr-greedy,12,2,,0.9901,0.9915,,12.0,12.25,,20,20,,OFF
1790650173.8947763,6,970,1,snr-greedy,12,2,,0.9933,0.9943,,12.75,13.5,,19,21,,OFF
1790650174.3059435,3,971,1,snr-greedy,12,2,,0.9915,0.9933,,12.25,12.75,,19,22,,OFF
1790650176.881027,1,974,1,snr-greedy,12,1,,0.9938,0.9912,,13.0,12.25,,20,21,,OFF
1790650179.120975,8,946,1,snr-greedy,12,2,,0.9882,0.9933,,11.75,12.75,,20,21,,OFF
1790650179.429622,5,970,1,snr-greedy,12,1,,0.9938,0.9912,,13.0,12.25,,20,21,,OFF
1790650180.3403869,4,960,1,snr-greedy,12,1,,0.9923,0.0,,12.5,-1.5,,21,21,,OFF
1790650180.7385652,10,967,1,snr-greedy,12,2,,0.9901,0.9939,,12.0,13.0,,21,22,,OFF
1790650182.4986978,2,956,1,snr-greedy,12,1,,0.9938,0.9938,,13.0,13.0,,20,22,,OFF
1790650185.0437667,9,944,1,snr-greedy,12,1,,0.9942,0.9938,,13.25,13.0,,20,22,,OFF
1790650185.3687952,7,956,1,snr-greedy,12,2,,0.9921,0.9942,,12.5,13.5,,20,22,,OFF
1790650186.9849973,6,971,1,snr-greedy,12,2,,0.9926,0.9938,,12.5,13.0,,20,22,,OFF
1790650187.8321524,3,972,1,snr-greedy,12,1,,0.9925,0.9914,,12.5,12.25,,21,21,,OFF
1790650190.7911124,1,975,1,snr-greedy,12,2,,0.9899,0.9924,,12.0,12.5,,20,21,,OFF
1790650192.5633307,5,971,1,snr-greedy,12,1,,0.9926,0.9915,,12.5,12.25,,21,20,,OFF
1790650193.5793161,8,947,1,snr-greedy,12,2,,0.9925,0.9938,,12.5,13.0,,21,21,,OFF
1790650193.8635418,4,961,1,snr-greedy,12,2,,0.9911,0.993,,12.25,12.75,,21,22,,OFF
1790650195.607464,2,957,1,snr-greedy,12,2,,0.9926,0.9933,,12.5,12.75,,20,22,,OFF
1790650197.271045,10,968,1,snr-greedy,12,1,,0.9933,0.9915,,12.75,12.25,,21,22,,OFF
1790650198.3702338,7,957,1,snr-greedy,12,1,,0.9943,0.9941,,13.5,13.25,,20,21,,OFF
1790650199.1146514,9,945,1,snr-greedy,12,1,,0.9942,0.9942,,13.25,13.25,,21,21,,OFF
1790650200.3352883,3,973,1,snr-greedy,12,1,,0.9924,0.9925,,12.5,12.5,,22,21,,OFF
1790650201.74292,6,972,1,snr-greedy,12,2,,0.9942,0.9943,,13.25,13.5,,22,21,,OFF
1790650204.028282,1,976,1,snr-greedy,12,1,,0.9943,0.9931,,13.5,12.75,,22,20,,OFF
1790650206.689325,5,972,1,snr-greedy,12,2,,0.9925,0.9925,,12.5,12.5,,22,19,,OFF
1790650207.0714974,4,962,1,snr-greedy,12,1,,0.9929,0.9921,,12.75,12.5,,23,19,,OFF
1790650207.5611868,8,948,1,snr-greedy,12,2,,0.9925,0.9938,,12.5,13.0,,23,20,,OFF
1790650209.7347887,2,958,1,snr-greedy,12,1,,0.9944,0.9932,,13.5,12.75,,23,20,,OFF
1790650210.2375941,10,969,1,snr-greedy,12,1,,0.9938,0.9938,,13.0,13.0,,23,20,,ON
1790650212.736899,9,946,1,snr-greedy,12,1,,0.0,0.0,,5.5,-1.0,,23,19,,ON
1790650214.15029,7,958,1,snr-greedy,12,1,,0.9914,0.9915,,12.25,12.25,,23,19,,OFF
1790650215.8714468,6,973,1,snr-greedy,12,2,,0.9933,0.9933,,12.75,12.75,,23,20,,OFF
1790650219.136106,3,974,0,snr-greedy,12,1,,0.9924,0.8167,,12.5,9.5,,21,19,,OFF
1790650219.5451539,1,977,1,snr-greedy,12,1,,0.9942,0.9914,,13.25,12.25,,22,19,,OFF
1790650220.2829373,4,963,1,snr-greedy,12,1,,0.9926,0.9899,,12.5,12.0,,23,19,,OFF
1790650221.715474,8,949,1,snr-greedy,12,1,,0.0,0.0,,2.0,-1.75,,24,19,,OFF
1790650223.4717278,10,970,1,snr-greedy,12,1,,0.9926,0.9914,,12.5,12.25,,24,19,,OFF
1790650226.0250008,2,959,1,snr-greedy,12,2,,0.9641,0.9937,,10.75,13.0,,24,18,,OFF
1790650226.8414123,9,947,1,snr-greedy,12,2,,0.9936,0.9937,,13.0,13.0,,24,19,,OFF
1790650227.0651855,7,959,1,snr-greedy,12,1,,0.9926,0.9913,,12.5,12.25,,25,19,,OFF
1790650227.139798,5,973,0,snr-greedy,12,1,,0.9938,0.9915,,13.0,12.25,,26,19,,OFF
1790650227.8607402,3,975,1,snr-greedy,12,2,,0.9931,0.9938,,12.75,13.0,,25,20,,OFF
1790650231.985076,6,974,1,snr-greedy,12,1,,0.4903,0.0,,8.5,3.25,,25,17,,OFF
1790650232.4853764,1,978,1,snr-greedy,12,1,,0.9926,0.9901,,12.5,12.0,,26,17,,OFF
1790650232.899083,4,964,1,snr-greedy,12,1,,0.9925,0.9926,,12.5,12.5,,27,17,,OFF
1790650235.4629095,8,950,1,snr-greedy,12,2,,0.9935,0.9939,,13.0,13.25,,27,16,,OFF
1790650237.6736772,10,971,1,snr-greedy,12,1,,0.0009,0.0,,6.75,0.75,,27,16,,OFF
1790650238.2249255,5,974,1,snr-greedy,12,1,,0.9916,0.9899,,12.25,12.0,,28,16,,OFF
1790650239.2381685,2,960,1,snr-greedy,12,1,,0.9938,0.9926,,13.0,12.5,,29,15,,OFF
1790650239.8388162,7,960,1,snr-greedy,12,1,,0.9875,0.9853,,12.75,12.5,,29,15,,OFF
1790650241.9790666,3,976,1,snr-greedy,12,2,,0.9925,0.9925,,12.5,12.5,,28,15,,OFF
1790650244.5662434,6,975,1,snr-greedy,12,1,,0.9933,0.9925,,12.75,12.5,,28,15,,OFF
1790650245.148222,9,948,0,snr-greedy,12,1,,0.8689,0.8073,,12.5,11.75,,28,15,,OFF
1790650246.5881476,4,965,1,snr-greedy,12,1,,0.9925,0.9915,,12.5,12.25,,29,14,,OFF
1790650246.8998423,1,979,1,snr-greedy,12,1,,0.9932,0.9913,,12.75,12.25,,30,14,,OFF
1790650248.9562342,8,951,1,snr-greedy,12,2,,0.9902,0.9933,,12.0,12.75,,29,14,,OFF
1790650251.5180442,10,972,1,snr-greedy,12,2,,0.9901,0.9926,,12.0,12.5,,29,14,,OFF
1790650252.5608528,2,961,1,snr-greedy,12,1,,0.9926,0.9915,,12.5,12.25,,30,14,,OFF
1790650253.0720782,7,961,1,snr-greedy,12,1,,0.9942,0.9932,,13.25,12.75,,30,14,,OFF
1790650254.894645,9,949,1,snr-greedy,12,1,,0.9938,0.9925,,13.0,12.5,,31,12,,OFF
1790650255.5895247,3,977,1,snr-greedy,12,2,,0.9899,0.9933,,12.0,12.75,,31,13,,OFF
1790650257.7623744,6,976,1,snr-greedy,12,2,,0.9925,0.9942,,12.5,13.25,,30,13,,OFF
1790650258.1547055,5,975,0,snr-greedy,12,2,,0.9901,0.9901,,12.0,12.0,,30,14,,OFF
1790650259.8990476,1,980,1,snr-greedy,12,1,,0.9938,0.9914,,13.0,12.25,,29,14,,ON
1790650260.86055,4,966,1,snr-greedy,12,2,,0.9914,0.9932,,12.25,12.75,,28,15,,ON
1790650263.0828614,8,952,1,snr-greedy,12,2,,0.9902,0.9942,,12.0,13.25,,28,15,,ON
1790650264.3894348,10,973,1,snr-greedy,12,2,,0.0,0.9852,,3.5,11.5,,27,16,,ON
1790650265.2264006,2,962,1,snr-greedy,12,2,,0.0,0.9915,,0.0,12.25,,27,17,,ON
1790650266.2500186,7,962,1,snr-greedy,12,1,,0.8548,0.3648,,9.5,8.25,,28,17,,ON
1790650267.054878,5,976,1,snr-greedy,12,2,,0.0,0.9925,,-1.25,12.5,,28,17,,UNKNOWN
1790650268.6991549,3,978,1,snr-greedy,12,2,,0.9924,0.9938,,12.5,13.0,,27,17,,OFF
1790650269.1373878,9,950,1,snr-greedy,12,2,,0.9925,0.9933,,12.5,12.75,,27,18,,OFF
1790650270.7576542,6,977,1,snr-greedy,12,2,,0.9942,0.9944,,13.25,13.5,,25,19,,OFF
1790650275.1647916,1,981,1,snr-greedy,12,1,,0.9938,0.9899,,13.0,12.0,,24,19,,OFF
1790650275.911161,4,967,1,snr-greedy,12,1,,0.9938,0.9925,,13.0,12.5,,25,18,,OFF
1790650277.2133234,8,953,1,snr-greedy,12,2,,0.9937,0.9944,,13.0,13.75,,25,19,,OFF
1790650277.8326647,10,974,1,snr-greedy,12,1,,0.9923,0.9925,,12.5,12.5,,26,19,,OFF
1790650278.1327431,2,963,1,snr-greedy,12,1,,0.9922,0.9901,,12.5,12.0,,27,19,,OFF
1790650279.5598137,7,963,1,snr-greedy,12,1,,0.9933,0.9914,,12.75,12.25,,26,19,,OFF
1790650280.8349025,5,977,1,snr-greedy,12,2,,0.9925,0.9933,,12.5,12.75,,25,20,,OFF
1790650281.5223956,3,979,1,snr-greedy,12,2,,0.9914,0.9925,,12.25,12.5,,25,21,,OFF
1790650283.2427356,9,951,1,snr-greedy,12,2,,0.9901,0.9914,,12.0,12.25,,24,22,,OFF
1790650285.0226853,6,978,1,snr-greedy,12,2,,0.9933,0.9938,,12.75,13.0,,23,23,,OFF
1790650288.4668462,1,982,1,snr-greedy,12,1,,0.9932,0.9931,,12.75,12.75,,22,20,,OFF
1790650288.919501,4,968,1,snr-greedy,12,1,,0.9933,0.9915,,12.75,12.25,,23,20,,OFF
1790650290.110353,8,954,1,snr-greedy,12,2,,0.9915,0.9933,,12.25,12.75,,23,21,,OFF
1790650291.2441857,2,964,1,snr-greedy,12,1,,0.9942,0.9924,,13.25,12.5,,24,21,,OFF
1790650292.577253,7,964,1,snr-greedy,12,1,,0.9932,0.9933,,12.75,12.75,,23,21,,OFF
1790650293.915125,5,978,1,snr-greedy,12,1,,0.9925,0.0,,12.5,1.5,,23,21,,OFF
1790650295.3301601,3,980,1,snr-greedy,12,1,,0.9925,0.9925,,12.5,12.5,,24,21,,OFF
1790650296.252583,9,952,1,snr-greedy,12,1,,0.9915,0.9916,,12.25,12.25,,25,20,,OFF
1790650298.9195998,6,979,1,snr-greedy,12,2,,0.9939,0.9938,,13.0,13.0,,23,21,,OFF
1790650300.1767163,10,975,0,snr-greedy,12,2,,0.9915,0.9925,,12.25,12.5,,21,22,,OFF
1790650301.3813195,1,983,1,snr-greedy,12,1,,0.9938,0.0,,13.0,2.5,,22,22,,OFF
1790650301.9099047,4,969,1,snr-greedy,12,2,,0.9922,0.9931,,12.5,12.75,,22,23,,OFF
1790650303.0122569,8,955,1,snr-greedy,12,2,,0.9925,0.9942,,12.5,13.25,,22,23,,OFF
1790650304.862344,2,965,1,snr-greedy,12,1,,0.9932,0.9932,,12.75,12.75,,22,23,,OFF
1790650310.0033464,9,953,1,snr-greedy,12,1,,0.9942,0.9938,,13.5,13.0,,20,22,,OFF
1790650310.5910268,10,976,1,snr-greedy,12,2,,0.9925,0.9926,,12.5,12.5,,20,23,,OFF
1790650311.1949127,3,981,1,snr-greedy,12,1,,0.9938,0.9915,,13.0,12.25,,21,23,,OFF
1790650312.0237787,6,980,1,snr-greedy,12,1,,0.9941,0.9933,,13.25,12.75,,22,22,,OFF
1790650312.185174,7,965,0,snr-greedy,12,2,,0.0,0.0,,3.25,4.5,,22,23,,OFF
1790650312.1858525,5,979,0,snr-greedy,12,1,,0.9941,0.9857,,13.25,12.75,,23,23,,OFF
1790650314.9986975,1,984,1,snr-greedy,12,2,,0.9913,0.9913,,12.25,12.25,,20,24,,OFF
1790650337.6507497,4,970,1,snr-greedy,12,1,,0.9922,0.9915,,12.5,12.25,,17,12,,OFF
1790650337.6903079,8,956,1,snr-greedy,12,2,,0.9925,0.9938,,12.5,13.0,,17,13,,OFF
1790650337.7158566,2,966,1,snr-greedy,12,1,,0.9932,0.9914,,12.75,12.25,,18,13,,OFF
1790650337.732835,5,980,1,snr-greedy,12,1,,0.9941,0.9812,,13.25,11.25,,19,13,,OFF
1790650337.7515235,7,966,1,snr-greedy,12,2,,0.0,0.9925,,3.25,12.5,,19,14,,OFF
1790650337.7683876,9,954,1,snr-greedy,12,2,,0.9942,0.9943,,13.5,13.5,,19,15,,OFF
1790650337.7872195,3,982,1,snr-greedy,12,2,,0.9938,0.9942,,13.0,13.25,,19,16,,OFF
1790650337.8060782,10,977,1,snr-greedy,12,2,,0.9925,0.9932,,12.5,12.75,,19,17,,OFF
1790650337.8249404,6,981,1,snr-greedy,12,1,,0.9941,0.9932,,13.25,12.75,,19,17,,OFF
1790650337.8437207,1,985,1,snr-greedy,12,2,,0.9913,0.9925,,12.25,12.5,,19,18,,OFF
1790650337.8623369,4,971,1,snr-greedy,12,1,,0.9922,0.9915,,12.5,12.25,,20,18,,OFF
1790650337.8811,8,957,1,snr-greedy,12,2,,0.9925,0.9938,,12.5,13.0,,20,19,,OFF
1790650337.8978655,2,967,1,snr-greedy,12,1,,0.9932,0.9914,,12.75,12.25,,21,19,,OFF
1790650337.9149816,5,981,1,snr-greedy,12,1,,0.9941,0.9812,,13.25,11.25,,22,19,,OFF
1790650379.3920836,4,974,1,ewma,12,2,,0.8579,0.8535,,0.5,0.5,,0,1,,OFF
1790650380.4399128,2,970,1,ewma,12,2,,0.9933,0.9932,,0.5,0.5,,0,2,,OFF
1790650384.761398,8,960,0,ewma,12,1,,0.9904,0.9862,,0.5,0.5,,1,2,,OFF
1790650385.153213,5,984,1,ewma,12,1,,0.9925,0.9926,,0.5,0.5,,2,2,,OFF
1790650385.5611815,7,970,1,ewma,12,1,,0.9926,0.9939,,0.5,0.5,,3,2,,OFF
1790650387.8340652,10,981,1,ewma,12,2,,0.8535,0.8943,,0.5,0.5,,3,3,,OFF
1790650389.1383276,3,986,1,ewma,12,1,,0.9925,0.9915,,0.5,0.5,,4,3,,OFF
1790650390.7555673,6,985,1,ewma,12,2,,0.9925,0.9925,,0.5,0.5,,4,4,,OFF
1790650392.7633352,9,958,0,ewma,12,2,,0.9935,0.9912,,0.5,0.5,,4,5,,OFF
1790650392.9293995,1,989,1,ewma,12,1,,0.9,0.0,,0.5,0.5,,5,5,,OFF
1790650394.271034,2,971,1,ewma,12,2,,0.8357,0.9901,,0.5,0.6,,5,6,,OFF
1790650394.7114832,8,961,1,ewma,12,2,,0.9933,0.9926,,0.4,0.5,,5,7,,OFF
1790650398.486583,7,971,1,ewma,12,1,,0.9915,0.9915,,0.6,0.5,,6,7,,OFF
1790650399.279768,5,985,1,ewma,12,1,,0.9932,0.9932,,0.6,0.5,,7,7,,OFF
1790650401.9538832,10,982,1,ewma,12,2,,0.9914,0.9932,,0.5,0.6,,7,8,,OFF
1790650407.3859737,1,990,1,ewma,12,1,,0.9913,0.9891,,0.6,0.5,,8,8,,OFF
1790650407.6786287,2,972,1,ewma,12,2,,0.9932,0.9915,,0.5,0.68,,8,9,,OFF
1790650408.7658992,3,987,0,ewma,12,1,,0.9941,0.9925,,0.6,0.5,,9,9,,OFF
1790650408.7662024,6,986,0,ewma,12,2,,0.9856,0.0,,0.5,0.6,,9,10,,OFF
1790650409.0993514,8,962,1,ewma,12,2,,0.9915,0.0,,0.4,0.6,,9,11,,OFF
1790650409.767252,9,959,0,ewma,12,1,,0.9938,0.9937,,0.5,0.4,,10,11,,OFF
1790650411.34478,7,972,1,ewma,12,1,,0.9937,0.9931,,0.68,0.5,,11,11,,OFF
1790650413.412808,5,986,1,ewma,12,1,,0.9916,0.9926,,0.68,0.5,,12,11,,OFF
1790650414.7699776,4,976,0,ewma,12,1,,0.9875,0.9923,,0.5,0.5,,13,11,,OFF
1790650416.1121275,10,983,1,ewma,12,2,,0.9925,0.9925,,0.5,0.68,,13,12,,OFF
1790650418.2257361,6,987,1,ewma,12,1,,0.9933,0.9925,,0.5,0.48,,14,12,,OFF
1790650419.5724416,3,988,1,ewma,12,2,,0.9933,0.9932,,0.48,0.5,,14,13,,OFF
1790650420.2669098,1,991,1,ewma,12,1,,0.9913,0.0,,0.68,0.5,,15,13,,OFF
1790650422.1139207,8,963,1,ewma,12,2,,0.9932,0.9942,,0.4,0.68,,15,14,,OFF
1790650423.1560936,2,973,1,ewma,12,2,,0.9916,0.9938,,0.5,0.544,,15,15,,UNKNOWN
1790650423.9890163,4,977,1,ewma,12,2,,0.9932,0.9901,,0.4,0.5,,15,16,,OFF
1790650424.7926962,7,973,1,ewma,12,1,,0.9914,0.9915,,0.744,0.5,,16,16,,OFF
1790650425.7732887,9,960,0,ewma,12,1,,0.9938,0.9926,,0.4,0.4,,17,16,,OFF
1790650426.7212205,5,987,1,ewma,12,1,,0.9938,0.9933,,0.744,0.5,,18,16,,OFF
1790650429.203808,10,984,1,ewma,12,2,,0.9942,0.9925,,0.5,0.744,,18,17,,OFF
1790650430.8373156,6,988,1,ewma,12,1,,0.9932,0.9938,,0.6,0.48,,19,17,,OFF
1790650434.8437958,1,992,1,ewma,12,1,,0.0,0.0,,0.544,0.5,,20,17,,OFF
1790650435.4308796,9,961,1,ewma,12,2,,0.0009,0.0,,0.32,0.4,,20,18,,OFF
1790650435.7231517,3,989,1,ewma,12,1,,0.9824,0.9391,,0.48,0.4,,21,18,,OFF
1790650437.7021148,2,974,1,ewma,12,2,,0.9942,0.977,,0.5,0.6352,,21,19,,OFF
1790650437.8959787,4,978,1,ewma,12,2,,0.8746,0.9932,,0.4,0.6,,21,20,,OFF
1790650438.6181953,7,974,1,ewma,12,1,,0.9933,0.9915,,0.7952,0.5,,22,20,,OFF
1790650440.4671915,5,988,1,ewma,12,1,,0.9925,0.9925,,0.7952,0.5,,23,18,,OFF
1790650442.925674,10,985,1,ewma,12,2,,0.9942,0.9925,,0.5,0.7952,,23,19,,OFF
1790650443.7552702,6,989,1,ewma,12,1,,0.9933,0.9942,,0.68,0.48,,24,19,,OFF
1790650449.3505592,3,990,1,ewma,12,1,,0.9853,0.9868,,0.584,0.4,,21,18,,OFF
1790650451.6298542,4,979,1,ewma,12,2,,0.993,0.9831,,0.4,0.68,,21,18,,OFF
1790650454.7827253,9,962,0,ewma,12,2,,0.8946,0.8804,,0.32,0.52,,20,16,,OFF
1790650455.7850866,1,993,0,ewma,12,2,,0.0,0.0,,0.4352,0.5,,20,17,,OFF
1790650455.7857146,2,975,0,ewma,12,2,,0.9942,0.9926,,0.5,0.7082,,20,18,,OFF
1790650456.623478,5,989,1,ewma,12,1,,0.9915,0.9914,,0.6362,0.5,,21,18,,OFF
1790650456.787358,7,975,0,ewma,12,1,,0.9937,0.9932,,0.8362,0.5,,22,18,,OFF
1790650456.7881536,8,965,0,ewma,12,2,,0.0,0.0979,,0.4,0.68,,22,19,,OFF
1790650457.132136,10,986,1,ewma,12,2,,0.9925,0.9938,,0.5,0.8362,,22,20,,OFF
1790650457.9445758,6,990,1,ewma,12,1,,0.9925,0.9926,,0.744,0.48,,23,20,,OFF
1790650462.2576458,3,991,1,ewma,12,1,,0.9925,0.9925,,0.6672,0.4,,22,19,,OFF
1790650464.2259507,9,963,1,ewma,12,2,,0.9938,0.9938,,0.32,0.416,,22,20,,OFF
1790650465.0162542,1,994,1,ewma,12,1,,0.9882,0.9901,,0.4352,0.4,,23,20,,OFF
1790650466.069785,2,976,1,ewma,12,2,,0.9925,0.9938,,0.5,0.5665,,23,21,,OFF
1790650466.6577427,7,976,1,ewma,12,1,,0.9914,0.9932,,0.6689,0.5,,24,21,,OFF
1790650467.5092626,8,966,1,ewma,12,2,,0.9915,0.9925,,0.4,0.544,,23,22,,OFF
1790650467.9044964,4,980,1,ewma,12,2,,0.9926,0.9901,,0.4,0.544,,23,22,,OFF
1790650469.2340426,5,990,1,ewma,12,1,,0.9915,0.9901,,0.7089,0.5,,23,20,,OFF
1790650470.1391997,10,987,1,ewma,12,2,,0.9914,0.9933,,0.5,0.8689,,22,21,,ON
1790650472.084768,6,991,1,ewma,12,1,,0.9926,0.9939,,0.7952,0.48,,22,21,,ON
1790650476.7989895,9,964,1,ewma,12,2,,0.9896,0.9888,,0.32,0.5328,,20,21,,OFF
1790650478.6400425,2,977,1,ewma,12,2,,0.9825,0.9925,,0.5,0.6532,,19,22,,OFF
1790650480.7279253,4,981,1,ewma,12,2,,0.9923,0.9931,,0.4,0.6352,,18,22,,OFF
1790650481.609191,8,967,1,ewma,12,2,,0.9926,0.9939,,0.4,0.6352,,18,23,,OFF
1790650481.809296,3,992,0,ewma,12,1,,0.9925,0.9925,,0.7338,0.4,,19,23,,OFF
1790650482.2330809,5,991,1,ewma,12,1,,0.9937,0.9932,,0.7671,0.5,,20,22,,OFF
1790650483.8119702,1,995,0,ewma,12,1,,0.9944,0.9938,,0.5482,0.4,,21,21,,OFF
1790650487.8137481,7,977,0,ewma,12,1,,0.9932,0.9925,,0.5351,0.5,,19,20,,OFF
1790650487.9708376,6,992,1,ewma,12,1,,0.9925,0.9933,,0.6362,0.48,,20,20,,OFF
1790650488.8149588,10,988,0,ewma,12,2,,0.9914,0.9933,,0.5,0.8951,,20,21,,OFF
1790650490.8142529,9,965,1,ewma,12,2,,0.9938,0.9938,,0.32,0.6262,,20,21,,OFF
1790650491.9269562,3,993,1,ewma,12,1,,0.9914,0.9915,,0.587,0.4,,20,21,,OFF
1790650492.3709717,2,978,1,ewma,12,2,,0.9932,0.9925,,0.5,0.7226,,20,22,,OFF
1790650494.315622,1,996,1,ewma,12,1,,0.9916,0.9914,,0.4385,0.4,,21,22,,OFF
1790650495.017231,4,982,1,ewma,12,2,,0.9881,0.9856,,0.4,0.7082,,20,23,,OFF
1790650495.7463353,8,968,1,ewma,12,2,,0.9938,0.9938,,0.4,0.7082,,19,23,,OFF
1790650496.472526,5,992,1,ewma,12,1,,0.9926,0.9915,,0.8137,0.5,,20,23,,OFF
1790650497.890893,10,989,1,ewma,12,2,,0.0,0.0004,,0.5,0.7161,,20,23,,OFF
1790650500.8504164,6,993,1,ewma,12,1,,0.9925,0.9942,,0.7089,0.48,,19,22,,OFF
1790650503.8215215,7,978,0,ewma,12,2,,0.9916,0.9938,,0.4281,0.5,,18,22,,OFF
1790650504.8488133,9,966,1,ewma,12,2,,0.0002,0.0,,0.32,0.701,,18,23,,OFF
1790650505.7823868,2,979,1,ewma,12,2,,0.9915,0.9915,,0.5,0.7781,,18,24,,OFF
1790650507.7169182,4,983,1,ewma,12,2,,0.9882,0.9901,,0.4,0.7665,,18,25,,OFF
1790650510.050526,8,969,1,ewma,12,2,,0.3836,0.681,,0.4,0.7665,,17,26,,OFF
1790650510.823933,3,994,0,ewma,12,1,,0.9925,0.9933,,0.6696,0.4,,18,26,,OFF
1790650511.8211918,10,990,1,ewma,12,2,,0.9925,0.9942,,0.5,0.7729,,18,26,,OFF
1790650513.1611946,7,979,1,ewma,12,1,,0.9926,0.9942,,0.4281,0.4,,19,26,,OFF
1790650513.645874,6,994,1,ewma,12,1,,0.9938,0.9939,,0.7671,0.48,,20,26,,OFF
1790650514.8261056,1,997,0,ewma,12,2,,0.9937,0.9914,,0.3508,0.4,,20,26,,OFF
1790650515.829259,5,993,0,ewma,12,1,,0.9941,0.9932,,0.851,0.5,,21,24,,OFF
1790650517.647948,9,967,1,ewma,12,2,,0.9925,0.9941,,0.32,0.7608,,19,23,,OFF
1790650518.8048794,2,980,1,ewma,12,2,,0.9925,0.9925,,0.5,0.8224,,18,24,,OFF
1790650520.8234763,3,995,1,ewma,12,1,,0.99,0.9932,,0.5357,0.4,,19,24,,OFF
1790650521.8404095,4,984,1,ewma,12,2,,0.9914,0.9924,,0.4,0.8132,,19,25,,OFF
1790650523.084582,8,970,1,ewma,12,2,,0.9925,0.9939,,0.4,0.8132,,18,26,,ON
1790650525.1481967,1,998,1,ewma,12,1,,0.9901,0.9899,,0.3508,0.32,,18,25,,UNKNOWN
1790650526.1548104,10,991,1,ewma,12,2,,0.8535,0.8887,,0.5,0.8183,,18,25,,OFF
1790650530.6734545,9,968,1,ewma,12,2,,0.9943,0.9944,,0.32,0.8086,,16,23,,OFF
1790650531.8439116,5,994,0,ewma,12,1,,0.9942,0.9925,,0.6808,0.5,,17,23,,OFF
1790650531.8445458,6,995,0,ewma,12,1,,0.9916,0.9938,,0.8137,0.48,,18,23,,OFF
1790650532.8455188,7,980,0,ewma,12,1,,0.9925,0.9942,,0.5425,0.4,,18,23,,OFF
1790650533.5077147,2,981,1,ewma,12,2,,0.9938,0.9925,,0.5,0.858,,18,24,,OFF
1790650534.048341,3,996,1,ewma,12,1,,0.9916,0.9938,,0.6285,0.4,,19,24,,OFF
1790650535.7778974,8,971,1,ewma,12,2,,0.9925,0.9942,,0.4,0.8506,,19,25,,OFF
1790650537.5608032,4,985,1,ewma,12,2,,0.99,0.9901,,0.4,0.6506,,19,25,,OFF
1790650539.3949292,1,999,1,ewma,12,1,,0.9938,0.9925,,0.4807,0.32,,20,24,,OFF
1790650541.3181815,10,992,1,ewma,12,2,,0.9924,0.9942,,0.5,0.6547,,20,24,,OFF
1790650542.059079,6,996,1,ewma,12,1,,0.9875,0.99,,0.651,0.48,,20,23,,OFF
1790650543.375274,9,969,1,ewma,12,2,,0.9943,0.0098,,0.32,0.8469,,19,24,,OFF
1790650543.375923,7,981,1,ewma,12,1,,0.0,0.9942,,0.434,0.4,,20,24,,OFF
1790650546.8532374,5,995,0,ewma,12,1,,0.9942,0.9932,,0.5446,0.5,,20,24,,OFF
1790650547.5609198,2,982,1,ewma,12,2,,0.9899,0.9915,,0.5,0.8864,,20,25,,OFF
1790650548.9943874,8,972,1,ewma,12,2,,0.9925,0.9943,,0.4,0.8805,,18,25,,OFF
1790650549.7979195,3,997,1,ewma,12,1,,0.9932,0.9932,,0.5028,0.4,,19,25,,OFF
1790650551.012843,4,986,1,ewma,12,2,,0.9925,0.9913,,0.4,0.7205,,19,25,,OFF
1790650553.206285,1,1000,1,ewma,12,1,,0.9915,0.9915,,0.5845,0.32,,19,24,,OFF
1790650554.526685,10,993,1,ewma,12,2,,0.9925,0.9944,,0.5,0.7237,,18,25,,OFF
1790650554.7493775,6,997,1,ewma,12,1,,0.9925,0.9938,,0.7208,0.48,,19,25,,OFF
1790650556.6726162,5,996,1,ewma,12,2,,0.9901,0.9915,,0.4357,0.5,,18,24,,OFF
1790650557.6121974,9,970,1,ewma,12,2,,0.9944,0.9926,,0.32,0.8775,,18,25,,OFF
1790650558.8558457,7,982,1,ewma,12,2,,0.9938,0.9943,,0.3472,0.4,,18,25,,OFF
1790650561.70034,2,983,1,ewma,12,2,,0.9925,0.9933,,0.5,0.9091,,17,26,,OFF
1790650563.7346892,8,973,1,ewma,12,2,,0.9932,0.9938,,0.4,0.9044,,17,27,,OFF
1790650565.3741624,3,998,1,ewma,12,1,,0.9937,0.9938,,0.4023,0.4,,18,25,,OFF
1790650566.5175989,4,987,1,ewma,12,2,,0.9914,0.9913,,0.4,0.5764,,18,25,,OFF
1790650567.3145676,1,1001,1,ewma,12,1,,0.9938,0.9924,,0.6676,0.32,,19,25,,OFF
1790650567.9543786,10,994,1,ewma,12,2,,0.9872,0.9903,,0.5,0.779,,19,25,,OFF
1790650570.494521,5,997,1,ewma,12,2,,0.9938,0.9932,,0.4357,0.6,,19,25,,OFF
1790650572.2239366,9,971,1,ewma,12,2,,0.9925,0.9938,,0.32,0.902,,18,25,,ON
1790650572.8634017,6,998,0,ewma,12,1,,0.9933,0.9942,,0.7766,0.48,,19,25,,ON
1790650573.353714,7,983,1,ewma,12,2,,0.9926,0.9938,,0.3472,0.52,,18,26,,ON
1790650575.727711,2,984,1,ewma,12,2,,0.0,0.9914,,0.5,0.9273,,17,26,,ON
1790650577.545861,8,974,1,ewma,12,2,,0.9932,0.9629,,0.4,0.9235,,16,27,,ON
1790650578.2709467,3,999,1,ewma,12,1,,0.9937,0.9927,,0.5218,0.4,,17,26,,ON
1790650579.3991416,4,988,1,ewma,12,2,,0.0,0.9371,,0.4,0.6611,,17,26,,ON
1790650581.2628503,10,995,1,ewma,12,2,,0.99,0.9914,,0.5,0.8232,,16,27,,OFF
1790650582.5737927,6,999,1,ewma,12,1,,0.0,0.0,,0.6213,0.48,,17,26,,OFF
1790650584.2102022,5,998,1,ewma,12,2,,0.9938,0.9932,,0.4357,0.68,,17,26,,OFF
1790650585.8749235,9,972,1,ewma,12,2,,0.0209,0.0054,,0.32,0.9216,,16,27,,OFF
1790650588.8773115,1,1002,0,ewma,12,1,,0.9942,0.9925,,0.5341,0.32,,17,26,,OFF
1790650589.6474066,2,985,1,ewma,12,2,,0.9932,0.9932,,0.5,0.9418,,17,27,,OFF
1790650591.18599,8,975,1,ewma,12,2,,0.9932,0.9942,,0.4,0.9388,,17,27,,OFF
1790650591.8795822,7,984,0,ewma,12,2,,0.9915,0.9916,,0.3472,0.616,,15,28,,OFF
1790650592.285559,3,1000,1,ewma,12,1,,0.0008,0.0,,0.6175,0.4,,16,28,,OFF
1790650593.7548177,10,996,1,ewma,12,2,,0.9932,0.9932,,0.5,0.8585,,15,28,,OFF
1790650597.730253,1,1003,1,ewma,12,1,,0.9902,0.0,,0.4273,0.32,,15,26,,OFF
1790650597.8823862,4,989,0,ewma,12,2,,0.8804,0.9371,,0.4,0.7289,,15,27,,OFF
1790650598.2713032,6,1000,1,ewma,12,1,,0.9924,0.9942,,0.497,0.48,,16,27,,OFF
1790650599.595284,9,973,1,ewma,12,2,,0.9916,0.9916,,0.32,0.9373,,15,28,,OFF
1790650601.7214007,7,985,1,ewma,12,2,,0.9925,0.9933,,0.3472,0.4928,,15,28,,OFF
1790650603.359717,2,986,1,ewma,12,2,,0.9925,0.9925,,0.5,0.9535,,14,29,,OFF
1790650603.8870637,5,999,0,ewma,12,2,,0.9933,0.9915,,0.4357,0.744,,13,29,,OFF
1790650605.0972948,8,976,1,ewma,12,2,,0.0,0.0,,0.4,0.951,,13,30,,OFF
1790650606.8478193,10,997,1,ewma,12,2,,0.9925,0.9933,,0.5,0.8868,,13,31,,OFF
1790650607.461114,4,990,1,ewma,12,2,,0.9924,0.9914,,0.4,0.5831,,12,32,,OFF
1790650649.8487446,7,988,1,round-robin,12,1,,0.9932,0.9923,,nan,nan,,1,0,,OFF
1790650650.3568857,8,979,1,round-robin,12,1,,0.9933,0.9925,,nan,nan,,2,0,,OFF
1790650651.581001,10,1000,1,round-robin,12,1,,0.9901,0.9925,,nan,nan,,3,0,,OFF
1790650656.292017,4,993,1,round-robin,12,1,,0.99,0.9882,,nan,nan,,4,0,,OFF
1790650656.3765469,3,1004,0,round-robin,12,1,,0.0,0.0,,nan,nan,,5,0,,OFF
1790650656.5947564,1,1007,1,round-robin,12,1,,0.9924,0.9925,,nan,nan,,6,0,,OFF
1790650658.5499191,6,1004,1,round-robin,12,1,,0.99,0.9942,,nan,nan,,7,0,,OFF
1790650659.9885025,5,1003,1,round-robin,12,1,,0.9933,0.9925,,nan,nan,,8,0,,OFF
1790650661.3209293,9,977,1,round-robin,12,1,,0.9932,0.9933,,nan,nan,,9,0,,OFF
1790650661.747208,2,990,1,round-robin,12,1,,0.9933,0.9926,,nan,nan,,10,0,,OFF
1790650663.900773,7,989,1,round-robin,12,2,,0.9924,0.9932,,nan,nan,,10,1,,OFF
1790650664.1013455,10,1001,1,round-robin,12,2,,0.9767,0.0,,nan,nan,,10,2,,OFF
1790650664.7388725,8,980,1,round-robin,12,2,,0.9925,0.9915,,nan,nan,,10,3,,OFF
1790650665.8405302,3,1005,1,round-robin,12,2,,0.99,0.9933,,nan,nan,,10,4,,OFF
1790650670.6399121,4,994,1,round-robin,12,2,,0.9901,0.9933,,nan,nan,,10,5,,OFF
1790650671.2571123,1,1008,1,round-robin,12,2,,0.9916,0.99,,nan,nan,,10,6,,OFF
1790650673.0892847,5,1004,1,round-robin,12,2,,0.9924,0.9925,,nan,nan,,10,7,,OFF
1790650674.039924,6,1005,1,round-robin,12,2,,0.2647,0.6453,,nan,nan,,10,8,,OFF
1790650674.4463437,9,978,1,round-robin,12,2,,0.9915,0.9902,,nan,nan,,10,9,,OFF
1790650675.5655792,2,991,1,round-robin,12,2,,0.9933,0.9925,,nan,nan,,10,10,,ON
1790650678.4381146,8,981,1,round-robin,12,1,,0.9933,0.9931,,nan,nan,,11,10,,ON
1790650680.2997897,3,1006,1,round-robin,12,1,,0.9915,0.9916,,nan,nan,,12,10,,OFF
1790650682.3831038,10,1002,0,round-robin,12,1,,0.9924,0.9877,,nan,nan,,13,10,,OFF
1790650683.3848546,7,990,0,round-robin,12,1,,0.979,0.985,,nan,nan,,14,10,,OFF
1790650683.424293,4,995,1,round-robin,12,1,,0.9933,0.9926,,nan,nan,,15,10,,OFF
1790650684.2963626,1,1009,1,round-robin,12,1,,0.0002,0.9915,,nan,nan,,16,10,,OFF
1790650687.1590846,5,1005,1,round-robin,12,1,,0.9932,0.9925,,nan,nan,,17,10,,OFF
1790650689.914169,2,992,1,round-robin,12,1,,0.9933,0.9938,,nan,nan,,18,10,,OFF
1790650692.896946,10,1003,1,round-robin,12,2,,0.0,0.0,,nan,nan,,18,11,,OFF
1790650693.3697693,7,991,1,round-robin,12,2,,0.99,0.9915,,nan,nan,,18,12,,OFF
1790650693.386683,6,1006,0,round-robin,12,1,,0.9894,0.9714,,nan,nan,,19,12,,OFF
1790650693.387241,9,979,0,round-robin,12,1,,0.8887,0.8974,,nan,nan,,20,12,,OFF
1790650695.4532404,3,1007,1,round-robin,12,2,,0.9915,0.9933,,nan,nan,,20,13,,OFF
1790650697.5745318,4,996,1,round-robin,12,2,,0.9914,0.9933,,nan,nan,,20,14,,OFF
1790650698.3901942,8,982,0,round-robin,12,2,,0.9933,0.9933,,nan,nan,,20,15,,OFF
1790650700.3689814,5,1006,1,round-robin,12,2,,0.9913,0.9295,,nan,nan,,20,16,,OFF
1790650702.3038628,9,980,1,round-robin,12,2,,0.9943,0.9932,,nan,nan,,20,17,,OFF
1790650702.9287207,6,1007,1,round-robin,12,2,,0.9942,0.9941,,nan,nan,,20,18,,OFF
1790650703.9749262,2,993,1,round-robin,12,2,,0.9943,0.9931,,nan,nan,,20,19,,OFF
1790650705.7092469,10,1004,1,round-robin,12,1,,0.9943,0.9943,,nan,nan,,21,19,,OFF
1790650706.3934371,1,1010,0,round-robin,12,2,,0.8334,0.9937,,nan,nan,,21,20,,OFF
1790650707.2980783,7,992,1,round-robin,12,1,,0.9933,0.9938,,nan,nan,,22,20,,OFF
1790650708.838374,8,983,1,round-robin,12,1,,0.9938,0.9925,,nan,nan,,23,20,,OFF
1790650709.2695243,3,1008,1,round-robin,12,1,,0.9936,0.9932,,nan,nan,,24,20,,OFF
1790650710.6824658,4,997,1,round-robin,12,1,,0.9937,0.9938,,nan,nan,,23,20,,OFF
1790650714.6735458,5,1007,1,round-robin,12,1,,0.9932,0.9925,,nan,nan,,23,20,,OFF
1790650715.2904985,9,981,1,round-robin,12,1,,0.2536,0.9926,,nan,nan,,24,20,,OFF
1790650715.6990101,1,1011,1,round-robin,12,1,,0.9931,0.9937,,nan,nan,,25,20,,OFF
1790650717.3630772,6,1008,1,round-robin,12,1,,0.0,0.0,,nan,nan,,23,20,,OFF
1790650717.8375516,2,994,1,round-robin,12,1,,0.9901,0.9925,,nan,nan,,24,20,,OFF
1790650719.38995,10,1005,1,round-robin,12,2,,0.9901,0.9926,,nan,nan,,23,21,,OFF
1790650721.706373,8,984,1,round-robin,12,2,,0.9915,0.9925,,nan,nan,,21,22,,OFF
1790650727.0978174,4,998,1,round-robin,12,2,,0.9915,0.9938,,nan,nan,,20,19,,OFF
1790650727.5812154,5,1008,1,round-robin,12,2,,0.9926,0.9915,,nan,nan,,20,20,,OFF
1790650728.4097033,3,1009,0,round-robin,12,2,,0.6097,0.0,,nan,nan,,20,21,,UNKNOWN
1790650728.4107244,7,993,0,round-robin,12,2,,0.9943,0.993,,nan,nan,,20,22,,UNKNOWN
1790650728.5969532,9,982,1,round-robin,12,2,,0.9942,0.9915,,nan,nan,,20,23,,OFF
1790650729.2076914,1,1012,1,round-robin,12,2,,0.9915,0.9915,,nan,nan,,20,24,,OFF
1790650731.1646676,6,1009,1,round-robin,12,2,,0.9915,0.9941,,nan,nan,,20,24,,OFF
1790650732.3055015,10,1006,1,round-robin,12,1,,0.0,0.9915,,nan,nan,,21,23,,OFF
1790650735.9289358,8,985,1,round-robin,12,1,,0.9926,0.9938,,nan,nan,,22,19,,OFF
1790650737.9202032,3,1010,1,round-robin,12,1,,0.9937,0.9925,,nan,nan,,23,19,,OFF
1790650739.3616176,7,994,1,round-robin,12,1,,0.9914,0.9915,,nan,nan,,23,19,,OFF
1790650741.4224794,4,999,1,round-robin,12,1,,0.9914,0.9932,,nan,nan,,23,19,,OFF
1790650741.933421,5,1009,1,round-robin,12,1,,0.8804,0.8689,,nan,nan,,24,19,,OFF
1790650743.1545014,1,1013,1,round-robin,12,1,,0.9925,0.9926,,nan,nan,,24,19,,OFF
1790650744.7970092,6,1010,1,round-robin,12,1,,0.9939,0.9915,,nan,nan,,22,19,,OFF
1790650747.37962,10,1007,1,round-robin,12,2,,0.9925,0.9924,,nan,nan,,21,20,,OFF
1790650747.4247413,9,983,0,round-robin,12,1,,0.0965,0.99,,nan,nan,,22,20,,OFF
1790650748.917444,2,996,1,round-robin,12,2,,0.9915,0.9915,,nan,nan,,22,21,,OFF
1790650750.6428437,8,986,1,round-robin,12,2,,0.9925,0.9925,,nan,nan,,21,22,,OFF
1790650752.880092,3,1011,1,round-robin,12,2,,0.9925,0.9938,,nan,nan,,21,23,,OFF
1790650753.5785606,7,995,1,round-robin,12,2,,0.9933,0.9916,,nan,nan,,19,22,,OFF
1790650755.1374936,5,1010,1,round-robin,12,2,,0.9868,0.0,,nan,nan,,19,23,,OFF
1790650755.2431428,4,1000,1,round-robin,12,2,,0.9665,0.9933,,nan,nan,,19,24,,OFF
1790650756.473314,1,1014,1,round-robin,12,2,,0.9925,0.9915,,nan,nan,,19,24,,OFF
1790650758.8432417,6,1011,1,round-robin,12,2,,0.9923,0.9926,,nan,nan,,19,23,,OFF
1790650759.988955,10,1008,1,round-robin,12,1,,0.99,0.9915,,nan,nan,,20,23,,OFF
1790650761.7220674,2,997,1,round-robin,12,1,,0.9925,0.9925,,nan,nan,,21,22,,OFF
1790650762.4306812,9,984,0,round-robin,12,2,,0.9848,0.9933,,nan,nan,,21,22,,OFF
1790650764.651953,8,987,1,round-robin,12,1,,0.9942,0.9939,,nan,nan,,22,20,,OFF
1790650765.5913286,3,1012,1,round-robin,12,1,,0.9932,0.994,,nan,nan,,23,20,,OFF
1790650767.712518,7,996,1,round-robin,12,1,,0.9938,0.9915,,nan,nan,,22,19,,OFF
1790650769.7999325,4,1001,1,round-robin,12,1,,0.9942,0.9915,,nan,nan,,21,19,,OFF
1790650769.9962485,5,1011,1,round-robin,12,1,,0.9915,0.9911,,nan,nan,,22,19,,OFF
1790650771.3284242,1,1015,1,round-robin,12,1,,0.0041,0.0,,nan,nan,,22,19,,OFF
1790650771.6331623,6,1012,1,round-robin,12,1,,0.9901,0.9915,,nan,nan,,23,19,,OFF
1790650772.0291336,9,985,1,round-robin,12,1,,0.9942,0.9939,,nan,nan,,24,19,,OFF
1790650773.4452293,10,1009,1,round-robin,12,2,,0.9926,0.9937,,nan,nan,,24,20,,OFF
1790650775.7082963,2,998,1,round-robin,12,2,,0.9915,0.9914,,nan,nan,,21,21,,ON
1790650777.3414776,8,988,1,round-robin,12,2,,0.0,0.9822,,nan,nan,,21,22,,ON
1790650779.6116824,3,1013,1,round-robin,12,2,,0.9933,0.9942,,nan,nan,,19,22,,OFF
1790650781.4689124,7,997,1,round-robin,12,2,,0.9925,0.9932,,nan,nan,,19,23,,OFF
1790650783.3116255,4,1002,1,round-robin,12,2,,0.9925,0.9938,,nan,nan,,19,23,,OFF
1790650784.0383325,5,1012,1,round-robin,12,2,,0.0,0.9925,,nan,nan,,19,24,,OFF
1790650784.9180305,6,1013,1,round-robin,12,2,,0.9901,0.9938,,nan,nan,,19,25,,OFF
1790650785.4642627,9,986,1,round-robin,12,2,,0.9925,0.9925,,nan,nan,,19,26,,OFF
1790650788.2947593,10,1010,1,round-robin,12,1,,0.9901,0.9933,,nan,nan,,20,24,,OFF
1790650789.13261,2,999,1,round-robin,12,1,,0.9915,0.9915,,nan,nan,,21,21,,OFF
1790650790.1680222,8,989,1,round-robin,12,1,,0.9942,0.9933,,nan,nan,,22,20,,OFF
1790650790.440695,1,1016,0,round-robin,12,2,,0.0001,0.0,,nan,nan,,22,21,,OFF
1790650792.4971912,3,1014,1,round-robin,12,1,,0.9932,0.9933,,nan,nan,,22,20,,OFF
1790650796.2003725,4,1003,1,round-robin,12,1,,0.9925,0.9938,,nan,nan,,22,20,,OFF
1790650797.6516998,7,998,1,round-robin,12,1,,0.9941,0.9933,,nan,nan,,23,20,,OFF
1790650798.2561762,5,1013,1,round-robin,12,1,,0.9925,0.9915,,nan,nan,,23,20,,OFF
1790650798.9527164,9,987,1,round-robin,12,1,,0.9943,0.9941,,nan,nan,,24,20,,OFF
1790650799.4681835,6,1014,1,round-robin,12,1,,0.9914,0.9925,,nan,nan,,24,20,,OFF
1790650800.6243715,1,1017,1,round-robin,12,1,,0.9931,0.9925,,nan,nan,,25,20,,OFF
1790650802.351394,10,1011,1,round-robin,12,2,,0.9915,0.9944,,nan,nan,,23,21,,OFF
1790650803.4463923,8,990,1,round-robin,12,2,,0.9937,0.9931,,nan,nan,,22,22,,OFF
1790650806.0280135,3,1015,1,round-robin,12,2,,0.9925,0.9938,,nan,nan,,21,23,,OFF
1790650808.4498246,2,1000,0,round-robin,12,2,,0.9901,0.9916,,nan,nan,,20,23,,OFF
1790650809.6933854,4,1004,1,round-robin,12,2,,0.9915,0.9933,,nan,nan,,20,23,,OFF
1790650810.7300496,5,1014,1,round-robin,12,2,,0.9931,0.9914,,nan,nan,,20,23,,OFF
1790650812.0716298,7,999,1,round-robin,12,2,,0.9938,0.9942,,nan,nan,,20,24,,OFF
1790650812.6625404,9,988,1,round-robin,12,2,,0.9925,0.9915,,nan,nan,,20,25,,OFF
1790650813.3635893,1,1018,1,round-robin,12,2,,0.9931,0.9912,,nan,nan,,20,25,,OFF
1790650815.636086,10,1012,1,round-robin,12,1,,0.8267,0.6237,,nan,nan,,21,22,,OFF
1790650817.7257812,8,991,1,round-robin,12,1,,0.9933,0.9938,,nan,nan,,22,21,,OFF
1790650818.5410047,2,1001,1,round-robin,12,1,,0.9942,0.9932,,nan,nan,,23,21,,OFF
1790650819.8749812,3,1016,1,round-robin,12,1,,0.9932,0.9937,,nan,nan,,24,20,,OFF
1790650821.4561138,6,1015,0,round-robin,12,2,,0.9941,0.9941,,nan,nan,,23,21,,OFF
1790650823.6911194,4,1005,1,round-robin,12,1,,0.0096,0.0,,nan,nan,,23,20,,OFF
1790650826.3086305,9,989,1,round-robin,12,1,,0.9932,0.9925,,nan,nan,,22,20,,ON
1790650827.9665022,7,1000,1,round-robin,12,1,,0.0,0.9911,,nan,nan,,22,20,,ON
1790650828.8605773,10,1013,1,round-robin,12,2,,0.8267,0.9913,,nan,nan,,22,21,,ON
1790650829.46049,5,1015,0,round-robin,12,1,,0.9925,0.9932,,nan,nan,,23,21,,ON
1790650830.995774,6,1016,1,round-robin,12,1,,0.9941,0.0,,nan,nan,,22,21,,ON
1790650831.5949988,8,992,1,round-robin,12,2,,0.9933,0.9533,,nan,nan,,21,22,,ON
1790650831.83604,2,1002,1,round-robin,12,2,,0.9942,0.9932,,nan,nan,,20,23,,ON
1790650832.4620788,1,1019,0,round-robin,12,1,,0.9914,0.9924,,nan,nan,,20,23,,ON
1790650832.5466468,3,1017,1,round-robin,12,2,,0.0053,0.9883,,nan,nan,,20,24,,ON
1790650838.6015437,4,1006,1,round-robin,12,2,,0.0069,0.9936,,nan,nan,,20,22,,OFF
1790650838.8919694,5,1016,1,round-robin,12,2,,0.9924,0.9919,,nan,nan,,20,23,,OFF
1790650840.8347604,9,990,1,round-robin,12,2,,0.9942,0.9925,,nan,nan,,20,23,,OFF
1790650841.9929173,1,1020,1,round-robin,12,2,,0.9924,0.9914,,nan,nan,,20,23,,OFF
1790650842.4946916,10,1014,1,round-robin,12,1,,0.9882,0.9901,,nan,nan,,21,23,,OFF
1790650844.2522905,7,1001,1,round-robin,12,2,,0.9944,0.994,,nan,nan,,21,22,,OFF
1790650844.7618217,2,1003,1,round-robin,12,1,,0.9933,0.9915,,nan,nan,,22,22,,OFF
1790650846.289995,6,1017,1,round-robin,12,2,,0.0008,0.0,,nan,nan,,22,21,,OFF
1790650851.4727285,3,1018,0,round-robin,12,1,,0.8554,0.994,,nan,nan,,20,20,,OFF
1790650852.4738035,8,993,0,round-robin,12,1,,0.9933,0.9929,,nan,nan,,21,20,,OFF
1790650852.6964707,5,1017,1,round-robin,12,1,,0.9942,0.9914,,nan,nan,,21,20,,OFF
1790650853.3342214,4,1007,1,round-robin,12,1,,0.9936,0.9938,,nan,nan,,22,20,,OFF
1790650854.3724468,9,991,1,round-robin,12,1,,0.9932,0.9933,,nan,nan,,23,20,,OFF
1790650856.4231875,1,1021,1,round-robin,12,1,,0.9914,0.9901,,nan,nan,,23,20,,OFF
1790650856.9388592,10,1015,1,round-robin,12,2,,0.9914,0.9938,,nan,nan,,23,21,,OFF
1790650857.7336032,7,1002,1,round-robin,12,1,,0.9938,0.9933,,nan,nan,,23,21,,OFF
1790650858.9634295,2,1004,1,round-robin,12,2,,0.9925,0.9925,,nan,nan,,21,22,,OFF
1790650860.628871,3,1019,1,round-robin,12,2,,0.9933,0.9944,,nan,nan,,19,23,,OFF
1790650861.4160795,8,994,1,round-robin,12,2,,0.9941,0.9941,,nan,nan,,19,24,,OFF
1790650864.4825532,6,1018,0,round-robin,12,1,,0.8977,0.8689,,nan,nan,,20,22,,OFF
1790650866.555657,4,1008,1,round-robin,12,2,,0.9901,0.9925,,nan,nan,,20,22,,OFF
1790650867.0436547,5,1018,1,round-robin,12,2,,0.9912,0.9914,,nan,nan,,20,23,,OFF
1790650867.9015846,9,992,1,round-robin,12,2,,0.9915,0.9915,,nan,nan,,20,24,,OFF
1790650869.8345249,1,1022,1,round-robin,12,2,,0.9925,0.9915,,nan,nan,,20,23,,OFF
1790650870.123594,10,1016,1,round-robin,12,1,,0.9925,0.9941,,nan,nan,,21,23,,OFF
1790650870.9595826,7,1003,1,round-robin,12,2,,0.9915,0.9938,,nan,nan,,21,23,,OFF
1790650871.968329,2,1005,1,round-robin,12,1,,0.9915,0.9925,,nan,nan,,22,23,,OFF
1790650875.0736787,8,995,1,round-robin,12,1,,0.9825,0.9885,,nan,nan,,23,20,,OFF
1790650875.0905282,6,1019,1,round-robin,12,2,,0.9942,0.9942,,nan,nan,,23,21,,OFF
1790650880.4915738,3,1020,0,round-robin,12,1,,0.9942,0.9933,,nan,nan,,20,21,,OFF
