t_pi,seq,state,dev_millis,transition
1790637923.99844,1471,OFF,1437547,1
1790637924.9957924,1472,OFF,1438547,0
1790637925.998769,1473,OFF,1439547,0
1790637927.0375793,1474,OFF,1440547,0
1790637928.03877,1475,OFF,1441547,0
1790637928.996673,1476,OFF,1442547,0
1790637929.9974217,1477,OFF,1443547,0
1790637931.0149422,1478,OFF,1444547,0
1790637932.046283,1479,OFF,1445547,0
1790637933.0006108,1480,OFF,1446547,0
1790637933.9972057,1481,OFF,1447547,0
1790637935.0165818,1482,OFF,1448547,0
1790637936.0348344,1483,OFF,1449547,0
1790637936.9968963,1484,OFF,1450547,0
1790637937.9969149,1485,OFF,1451547,0
1790637938.9998271,1486,OFF,1452547,0
1790637940.0448701,1487,OFF,1453547,0
1790637941.0014346,1488,OFF,1454547,0
1790637941.9986978,1489,OFF,1455547,0
1790637942.9969683,1490,OFF,1456547,0
1790637944.044194,1491,OFF,1457547,0
1790637945.0429463,1492,OFF,1458547,0
1790637946.006115,1493,OFF,1459547,0
1790637946.9989412,1494,OFF,1460547,0
1790637948.013029,1495,OFF,1461547,0
1790637949.037816,1496,OFF,1462548,0
1790637950.0582907,1497,OFF,1463548,0
1790637951.000626,1498,OFF,1464548,0
1790637952.01089,1499,OFF,1465548,0
1790637953.0349565,1500,OFF,1466548,0
1790637953.9989343,1501,OFF,1467548,0
1790637955.0019143,1502,OFF,1468548,0
1790637955.0988104,1503,ON,1468648,1
1790637956.0445588,1504,ON,1469588,0
1790637957.0749204,1505,ON,1470622,0
1790637958.184854,1506,ON,1471656,0
1790637959.1708858,1507,ON,1472690,0
1790637960.2080708,1508,ON,1473724,0
1790637961.2207031,1509,ON,1474758,0
1790637962.2589166,1510,ON,1475792,0
1790637963.2816966,1511,ON,1476826,0
1790637964.326492,1512,ON,1477860,0
1790637964.5134482,1513,OFF,1478048,1
1790637965.3504295,1514,OFF,1478898,0
1790637966.350878,1515,OFF,1479898,0
1790637967.3748975,1516,OFF,1480898,0
1790637968.3948805,1517,OFF,1481899,0
1790637969.346824,1518,OFF,1482899,0
1790637970.3456066,1519,OFF,1483899,0
1790637971.3775864,1520,OFF,1484899,0
1790637972.4142556,1521,OFF,1485899,0
1790637973.3543627,1522,OFF,1486899,0
1790637974.350778,1523,OFF,1487899,0
1790637975.3547406,1524,OFF,1488899,0
1790637976.3829737,1525,OFF,1489899,0
1790637977.3492858,1526,OFF,1490899,0
1790637978.3572137,1527,OFF,1491899,0
1790637979.3622851,1528,OFF,1492899,0
1790637980.3805735,1529,OFF,1493899,0
1790637981.394877,1530,OFF,1494899,0
1790637982.346929,1531,OFF,1495899,0
1790637983.349117,1532,OFF,1496899,0
1790637984.362337,1533,OFF,1497899,0
1790637985.388438,1534,OFF,1498899,0
1790637986.348887,1535,OFF,1499899,0
1790637987.3509138,1536,OFF,1500899,0
1790637988.3629148,1537,OFF,1501899,0
1790637989.3825085,1538,OFF,1502899,0
1790637990.0025535,1539,ON,1503549,1
1790637990.4068272,1540,ON,1503925,0
1790637991.4388754,1541,ON,1504959,0
1790637992.4508848,1542,ON,1505993,0
1790637993.4815416,1543,ON,1507027,0
1790637994.5203197,1544,ON,1508061,0
1790637995.5506792,1545,ON,1509095,0
1790637996.5941987,1546,ON,1510129,0
1790637997.6148713,1547,ON,1511163,0
1790637998.6494792,1548,ON,1512197,0
1790637999.7240784,1549,ON,1513231,0
1790638000.746021,1550,ON,1514265,0
1790638001.7834141,1551,ON,1515299,0
1790638002.7975712,1552,ON,1516333,0
1790638003.632969,1553,OFF,1517179,1
1790638003.8348258,1554,OFF,1517379,0
1790638004.862392,1555,OFF,1518379,0
1790638005.8682373,1556,OFF,1519379,0
1790638006.833205,1557,OFF,1520379,0
1790638007.8312755,1558,OFF,1521380,0
1790638008.8389022,1559,OFF,1522380,0
1790638009.8629055,1560,OFF,1523380,0
1790638010.8337615,1561,OFF,1524380,0
1790638011.8332527,1562,OFF,1525380,0
1790638012.8333623,1563,OFF,1526380,0
1790638013.866858,1564,OFF,1527380,0
1790638014.876566,1565,OFF,1528380,0
1790638015.8332386,1566,OFF,1529380,0
1790638016.8300276,1567,OFF,1530380,0
1790638017.8498728,1568,OFF,1531380,0
1790638018.8825107,1569,OFF,1532380,0
1790638019.832681,1570,OFF,1533380,0
1790638020.830138,1571,OFF,1534380,0
1790638021.8510842,1572,OFF,1535380,0
1790638022.8787367,1573,OFF,1536380,0
1790638023.8411915,1574,OFF,1537380,0
1790638024.833761,1575,OFF,1538380,0
1790638025.83792,1576,OFF,1539380,0
1790638026.8644745,1577,OFF,1540381,0
1790638027.8345268,1578,OFF,1541381,0
1790638028.8381195,1579,OFF,1542381,0
1790638029.8317604,1580,OFF,1543381,0
1790638030.860822,1581,OFF,1544381,0
1790638031.8785908,1582,OFF,1545381,0
1790638032.836498,1583,OFF,1546381,0
1790638033.8343885,1584,OFF,1547381,0
1790638034.8483906,1585,OFF,1548381,0
1790638035.8847184,1586,OFF,1549381,0
1790638036.8311963,1587,OFF,1550381,0
1790638037.8325825,1588,OFF,1551381,0
1790638038.8428571,1589,OFF,1552381,0
1790638045.336301,1595,OFF,1558381,0
1790638045.8347318,1596,OFF,1559381,0
1790638046.8340938,1597,OFF,1560381,0
1790638047.180132,1598,ON,1560731,1
1790638047.853183,1599,ON,1561389,0
1790638048.8755858,1600,ON,1562423,0
1790638049.9297597,1601,ON,1563457,0
1790638050.9485936,1602,ON,1564491,0
1790638051.9827895,1603,ON,1565525,0
1790638053.0139432,1604,ON,1566559,0
1790638054.046774,1605,ON,1567593,0
1790638055.1220124,1606,ON,1568627,0
1790638056.1469178,1607,ON,1569661,0
1790638057.1721382,1608,ON,1570695,0
1790638058.1987314,1609,ON,1571729,0
1790638059.2244034,1610,ON,1572763,0
1790638060.2543714,1611,ON,1573797,0
1790638061.2858467,1612,ON,1574831,0
1790638062.3167727,1613,ON,1575866,0
1790638063.3541517,1614,ON,1576900,0
1790638064.3866842,1615,ON,1577934,0
1790638065.4669251,1616,ON,1578968,0
1790638066.4930375,1617,ON,1580002,0
1790638067.5136373,1618,ON,1581036,0
1790638068.539513,1619,ON,1582070,0
1790638069.5614219,1620,ON,1583104,0
1790638070.5892417,1621,ON,1584138,0
1790638071.6281655,1622,ON,1585172,0
1790638071.7225761,1623,OFF,1585266,1
1790638072.6737406,1624,OFF,1586216,0
1790638073.6708336,1625,OFF,1587216,0
1790638074.6832979,1626,OFF,1588216,0
1790638075.7088478,1627,OFF,1589216,0
1790638076.6769702,1628,OFF,1590216,0
1790638077.6771548,1629,OFF,1591216,0
1790638078.6785324,1630,OFF,1592216,0
1790638079.7000923,1631,OFF,1593216,0
1790638080.6729343,1632,OFF,1594216,0
1790638081.6747742,1633,OFF,1595217,0
1790638082.6785033,1634,OFF,1596217,0
1790638083.6948278,1635,OFF,1597217,0
1790638084.669741,1636,OFF,1598217,0
1790638085.669929,1637,OFF,1599217,0
1790638086.6733773,1638,OFF,1600217,0
1790638087.68687,1639,OFF,1601217,0
1790638088.7180557,1640,OFF,1602217,0
1790638089.6727102,1641,OFF,1603217,0
1790638090.6759017,1642,OFF,1604217,0
1790638091.6867743,1643,OFF,1605217,0
1790638092.7149374,1644,OFF,1606217,0
1790638093.6740875,1645,OFF,1607217,0
1790638094.674998,1646,OFF,1608217,0
1790638095.6808548,1647,OFF,1609217,0
1790638096.70039,1648,OFF,1610217,0
1790638097.6701744,1649,OFF,1611217,0
1790638098.6739573,1650,OFF,1612217,0
1790638099.671837,1651,OFF,1613217,0
1790638100.6987002,1652,OFF,1614217,0
1790638101.6701393,1653,OFF,1615217,0
1790638102.6763155,1654,OFF,1616217,0
1790638103.6748831,1655,OFF,1617217,0
1790638104.6908355,1656,OFF,1618217,0
1790638105.7128325,1657,OFF,1619217,0
1790638106.6761227,1658,OFF,1620217,0
1790638107.6811898,1659,OFF,1621217,0
1790638108.6853986,1660,OFF,1622217,0
1790638109.708983,1661,OFF,1623217,0
1790638110.673884,1662,OFF,1624217,0
1790638110.7708178,1663,ON,1624317,1
1790638111.7585952,1664,ON,1625257,0
1790638112.7826905,1665,ON,1626291,0
1790638113.8108475,1666,ON,1627325,0
1790638114.8268514,1667,ON,1628359,0
1790638115.8468523,1668,ON,1629393,0
1790638116.8899913,1669,ON,1630428,0
1790638117.9186647,1670,ON,1631462,0
1790638118.953122,1671,ON,1632496,0
1790638119.9943926,1672,ON,1633530,0
1790638121.068776,1673,ON,1634564,0
1790638122.0971422,1674,ON,1635598,0
1790638123.136894,1675,ON,1636632,0
1790638124.1453214,1676,ON,1637666,0
1790638125.186244,1677,ON,1638700,0
1790638126.207762,1678,ON,1639734,0
1790638127.2245378,1679,ON,1640768,0
1790638128.2547643,1680,ON,1641802,0
1790638129.2984812,1681,ON,1642836,0
1790638130.3292794,1682,ON,1643870,0
1790638131.3582935,1683,ON,1644904,0
1790638132.4407024,1684,ON,1645938,0
1790638133.4616272,1685,ON,1646972,0
1790638134.4868877,1686,ON,1648007,0
1790638135.5148923,1687,ON,1649041,0
1790638135.5150828,1688,OFF,1649042,1
1790638136.5348866,1689,OFF,1650041,0
1790638137.4979336,1690,OFF,1651041,0
1790638138.4972892,1691,OFF,1652041,0
1790638139.504786,1692,OFF,1653041,0
1790638140.5378556,1693,OFF,1654041,0
1790638141.495174,1694,OFF,1655041,0
1790638142.4988308,1695,OFF,1656041,0
1790638143.4988992,1696,OFF,1657041,0
1790638144.5197842,1697,OFF,1658041,0
1790638145.5439436,1698,OFF,1659041,0
1790638146.5025015,1699,OFF,1660041,0
1790638147.4943047,1700,OFF,1661041,0
1790638148.5199575,1701,OFF,1662041,0
1790638149.542408,1702,OFF,1663041,0
1790638150.4979458,1703,OFF,1664041,0
1790638151.4988399,1704,OFF,1665041,0
1790638152.5104053,1705,OFF,1666041,0
1790638153.534061,1706,OFF,1667041,0
1790638154.4984655,1707,OFF,1668041,0
1790638155.5003173,1708,OFF,1669041,0
1790638156.504659,1709,OFF,1670041,0
1790638157.5333378,1710,OFF,1671041,0
1790638157.5435092,1711,ON,1671091,1
1790638158.5895407,1712,ON,1672125,0
1790638194.8485222,1749,OFF,1708390,1
1790638195.848604,1750,OFF,1709390,0
1790638196.8488233,1751,OFF,1710390,0
1790638197.8820395,1752,OFF,1711390,0
1790638198.846768,1753,OFF,1712390,0
1790638199.8464658,1754,OFF,1713390,0
1790638200.8549135,1755,OFF,1714390,0
1790638201.8662324,1756,OFF,1715390,0
1790638202.888225,1757,OFF,1716390,0
1790638203.0456705,1758,ON,1716590,1
1790638203.9123902,1759,ON,1717436,0
1790638204.9492264,1760,ON,1718470,0
1790638205.960812,1761,ON,1719504,0
1790638206.9964287,1762,ON,1720538,0
1790638208.0307512,1763,ON,1721572,0
1790638209.0707517,1764,ON,1722606,0
1790638210.0988798,1765,ON,1723640,0
1790638211.134688,1766,ON,1724674,0
1790638212.212672,1767,ON,1725708,0
1790638213.235914,1768,ON,1726742,0
1790638214.2737925,1769,ON,1727776,0
1790638215.2872837,1770,ON,1728810,0
1790638216.3057775,1771,ON,1729844,0
1790638217.3368943,1772,ON,1730878,0
1790638218.3686986,1773,ON,1731912,0
1790638219.4041314,1774,ON,1732946,0
1790638220.4352338,1775,ON,1733980,0
1790638221.4729753,1776,ON,1735014,0
1790638222.5482998,1777,ON,1736048,0
1790638222.7924798,1778,OFF,1736330,1
1790638223.57886,1779,OFF,1737080,0
1790638224.5388682,1780,OFF,1738080,0
1790638225.5386903,1781,OFF,1739080,0
1790638226.5430791,1782,OFF,1740080,0
1790638227.5699854,1783,OFF,1741080,0
1790638228.5397937,1784,OFF,1742080,0
1790638229.5402458,1785,OFF,1743080,0
1790638230.5416384,1786,OFF,1744080,0
1790638231.564155,1787,OFF,1745080,0
1790638232.5845633,1788,OFF,1746080,0
1790638233.5408826,1789,OFF,1747080,0
1790638234.5387692,1790,OFF,1748080,0
1790638235.5589201,1791,OFF,1749080,0
1790638236.5822427,1792,OFF,1750080,0
1790638237.5403554,1793,OFF,1751080,0
1790638238.53835,1794,OFF,1752080,0
1790638239.553518,1795,OFF,1753080,0
1790638240.5840535,1796,OFF,1754080,0
1790638241.538043,1797,OFF,1755080,0
1790638242.537553,1798,OFF,1756080,0
1790638243.5458183,1799,OFF,1757080,0
1790638244.572756,1800,OFF,1758080,0
1790638245.5412126,1801,OFF,1759080,0
1790638246.5414114,1802,OFF,1760080,0
1790638247.5420525,1803,OFF,1761080,0
1790638248.5628607,1804,OFF,1762080,0
1790638249.582856,1805,OFF,1763080,0
1790638250.5412962,1806,OFF,1764080,0
1790638251.5374486,1807,OFF,1765080,0
1790638252.5587327,1808,OFF,1766080,0
1790638253.5897846,1809,OFF,1767081,0
1790638254.5388849,1810,OFF,1768081,0
1790638255.5425396,1811,OFF,1769081,0
1790638256.549764,1812,OFF,1770081,0
1790638257.577006,1813,OFF,1771081,0
1790638258.5428913,1814,OFF,1772081,0
1790638259.5422142,1815,OFF,1773081,0
1790638260.5416794,1816,OFF,1774081,0
1790638261.574827,1817,OFF,1775081,0
1790638262.5868635,1818,OFF,1776081,0
1790638263.5404522,1819,OFF,1777081,0
1790638264.5458055,1820,OFF,1778081,0
1790638265.5620472,1821,OFF,1779081,0
1790638266.5864513,1822,OFF,1780081,0
1790638267.538815,1823,OFF,1781081,0
1790638267.9424863,1824,ON,1781481,1
1790638268.6366618,1825,ON,1782139,0
1790638269.6609085,1826,ON,1783173,0
1790638270.6828904,1827,ON,1784207,0
1790638271.704134,1828,ON,1785241,0
1790638272.7379165,1829,ON,1786275,0
1790638273.7701392,1830,ON,1787309,0
1790638274.8039324,1831,ON,1788343,0
1790638275.837871,1832,ON,1789377,0
1790638276.876692,1833,ON,1790411,0
1790638277.902896,1834,ON,1791445,0
1790638278.9780462,1835,ON,1792479,0
1790638279.9988945,1836,ON,1793513,0
1790638281.0375383,1837,ON,1794547,0
1790638282.0509079,1838,ON,1795581,0
1790638283.0761466,1839,ON,1796615,0
1790638284.1130028,1840,ON,1797649,0
1790638285.146824,1841,ON,1798683,0
1790638286.1728845,1842,ON,1799717,0
1790638287.2086928,1843,ON,1800751,0
1790638287.306721,1844,OFF,1800845,1
1790638288.2978873,1845,OFF,1801795,0
1790638289.260803,1846,OFF,1802795,0
1790638290.2534788,1847,OFF,1803795,0
1790638291.2628632,1848,OFF,1804795,0
1790638292.2942374,1849,OFF,1805795,0
1790638293.2555747,1850,OFF,1806795,0
1790638294.2561023,1851,OFF,1807795,0
1790638295.2586892,1852,OFF,1808795,0
1790638296.2839844,1853,OFF,1809795,0
1790638297.302185,1854,OFF,1810795,0
1790638298.2565947,1855,OFF,1811795,0
1790638299.2537062,1856,OFF,1812795,0
1790638300.2749126,1857,OFF,1813795,0
1790638301.308335,1858,OFF,1814795,0
1790638302.2546594,1859,OFF,1815795,0
1790638303.2622113,1860,OFF,1816795,0
1790638304.2834427,1861,OFF,1817795,0
1790638305.2949057,1862,OFF,1818795,0
1790638306.2567596,1863,OFF,1819795,0
1790638307.2573295,1864,OFF,1820795,0
1790638308.26267,1865,OFF,1821795,0
1790638309.2893438,1866,OFF,1822795,0
1790638310.2568471,1867,OFF,1823795,0
1790638311.255844,1868,OFF,1824795,0
1790638312.2565663,1869,OFF,1825795,0
1790638313.282774,1870,OFF,1826795,0
1790638314.2575762,1871,OFF,1827795,0
1790638315.2561355,1872,OFF,1828795,0
1790638316.2587748,1873,OFF,1829795,0
1790638317.2769694,1874,OFF,1830795,0
1790638318.2981486,1875,OFF,1831795,0
1790638319.2666605,1876,OFF,1832795,0
1790638320.2589357,1877,OFF,1833795,0
1790638321.2738457,1878,OFF,1834795,0
1790638322.2949324,1879,OFF,1835795,0
1790638323.2589295,1880,OFF,1836795,0
1790638324.2626724,1881,OFF,1837795,0
1790638325.268558,1882,OFF,1838795,0
1790638326.3018045,1883,OFF,1839795,0
1790638326.4292567,1884,ON,1839945,1
1790638327.3490062,1885,ON,1840885,0
1790638328.3815808,1886,ON,1841919,0
1790638329.4583917,1887,ON,1842953,0
1790638330.4884944,1888,ON,1843987,0
1790638331.5077543,1889,ON,1845021,0
1790638332.537156,1890,ON,1846055,0
1790638333.5646126,1891,ON,1847089,0
1790638334.589128,1892,ON,1848123,0
1790638335.6210446,1893,ON,1849157,0
1790638336.6542096,1894,ON,1850191,0
1790638337.6892517,1895,ON,1851225,0
1790638338.7228978,1896,ON,1852260,0
1790638339.8003242,1897,ON,1853294,0
1790638340.8349266,1898,ON,1854328,0
1790638341.8589034,1899,ON,1855362,0
1790638342.8774488,1900,ON,1856396,0
1790638343.7989173,1901,OFF,1857336,1
1790638343.9020278,1902,OFF,1857436,0
1790638344.9260244,1903,OFF,1858436,0
1790638345.9701314,1904,OFF,1859436,0
1790638346.898651,1905,OFF,1860436,0
1790638347.9061308,1906,OFF,1861436,0
1790638348.9258606,1907,OFF,1862436,0
1790638349.9499216,1908,OFF,1863436,0
1790638350.894977,1909,OFF,1864436,0
1790638351.9016187,1910,OFF,1865436,0
1790638352.9155369,1911,OFF,1866436,0
1790638353.9457774,1912,OFF,1867436,0
1790638354.9003959,1913,OFF,1868436,0
1790638355.9065552,1914,OFF,1869436,0
1790638356.9207757,1915,OFF,1870436,0
1790638357.9371972,1916,OFF,1871436,0
1790638358.9013138,1917,OFF,1872436,0
1790638359.9042573,1918,OFF,1873436,0
1790638360.8988843,1919,OFF,1874436,0
1790638361.9229212,1920,OFF,1875436,0
1790638362.9419549,1921,OFF,1876436,0
1790638363.9000099,1922,OFF,1877436,0
1790638364.9003098,1923,OFF,1878436,0
1790638365.9193742,1924,OFF,1879436,0
1790638366.9483092,1925,OFF,1880437,0
1790638367.9014363,1926,OFF,1881437,0
1790638368.9026668,1927,OFF,1882437,0
1790638369.9093554,1928,OFF,1883437,0
1790638370.9332232,1929,OFF,1884437,0
1790638371.8979015,1930,OFF,1885437,0
1790638372.90728,1931,OFF,1886437,0
1790638373.9044127,1932,OFF,1887437,0
1790638374.9281168,1933,OFF,1888437,0
1790638375.9012134,1934,OFF,1889437,0
1790638376.8988724,1935,OFF,1890437,0
1790638377.9144976,1936,OFF,1891437,0
1790638378.92908,1937,OFF,1892437,0
1790638379.9578843,1938,OFF,1893437,0
1790638380.8958814,1939,OFF,1894437,0
1790638381.9063911,1940,OFF,1895437,0
1790638382.9227512,1941,OFF,1896437,0
1790638383.950125,1942,OFF,1897437,0
1790638384.9017541,1943,OFF,1898437,0
1790638385.9027536,1944,OFF,1899437,0
1790638386.9082236,1945,OFF,1900437,0
1790638387.932956,1946,OFF,1901437,0
1790638388.898438,1947,OFF,1902437,0
1790638389.9022183,1948,OFF,1903437,0
1790638390.8984737,1949,OFF,1904437,0
1790638391.925815,1950,OFF,1905437,0
1790638392.9576433,1951,OFF,1906437,0
1790638393.9023159,1952,OFF,1907437,0
1790638394.902899,1953,OFF,1908437,0
1790638395.9338412,1954,OFF,1909437,0
1790638396.9459383,1955,OFF,1910437,0
1790638397.9019735,1956,OFF,1911437,0
1790638398.9042134,1957,OFF,1912438,0
1790638399.9110577,1958,OFF,1913438,0
1790638400.9352665,1959,OFF,1914438,0
1790638401.902858,1960,OFF,1915438,0
1790638402.3788805,1961,ON,1915888,1
1790638402.9177344,1962,ON,1916452,0
1790638403.9478524,1963,ON,1917486,0
1790638404.9826522,1964,ON,1918520,0
1790638406.0623293,1965,ON,1919554,0
1790638407.093215,1966,ON,1920588,0
1790638408.1178377,1967,ON,1921622,0
1790638409.1419938,1968,ON,1922656,0
1790638410.1549432,1969,ON,1923690,0
1790638411.190632,1970,ON,1924724,0
1790638412.2227886,1971,ON,1925758,0
1790638413.2586844,1972,ON,1926792,0
1790638414.2947636,1973,ON,1927826,0
1790638415.3213992,1974,ON,1928860,0
1790638416.40278,1975,ON,1929894,0
1790638417.425565,1976,ON,1930928,0
1790638418.4494877,1977,ON,1931962,0
1790638419.4748902,1978,ON,1932996,0
1790638420.4948974,1979,ON,1934030,0
1790638421.5330765,1980,ON,1935064,0
1790638422.5584784,1981,ON,1936098,0
1790638423.6028042,1982,ON,1937132,0
1790638424.6329339,1983,ON,1938166,0
1790638425.5327566,1984,OFF,1939012,1
1790638425.74214,1985,OFF,1939212,0
1790638426.6757538,1986,OFF,1940212,0
1790638427.6771188,1987,OFF,1941212,0
1790638428.6891668,1988,OFF,1942212,0
1790638429.7280505,1989,OFF,1943212,0
1790638465.6827912,2025,OFF,1979214,1
1790638466.6844873,2026,OFF,1980214,0
1790638467.7076964,2027,OFF,1981214,0
1790638468.0285704,2028,ON,1981564,1
1790638468.7267745,2029,ON,1982222,0
1790638469.7605555,2030,ON,1983256,0
1790638470.7769954,2031,ON,1984290,0
1790638471.7984164,2032,ON,1985324,0
1790638472.8270998,2033,ON,1986358,0
1790638473.8537323,2034,ON,1987392,0
1790638474.8931093,2035,ON,1988426,0
1790638475.9283757,2036,ON,1989460,0
1790638476.965773,2037,ON,1990494,0
1790638477.9932258,2038,ON,1991528,0
1790638479.0861032,2039,ON,1992562,0
1790638480.0936487,2040,ON,1993596,0
1790638481.1218266,2041,ON,1994630,0
1790638482.180994,2042,ON,1995664,0
1790638483.1653728,2043,ON,1996698,0
1790638484.2026458,2044,ON,1997732,0
1790638485.2348967,2045,ON,1998766,0
1790638486.2663467,2046,ON,1999800,0
1790638486.5470757,2047,OFF,2000082,1
1790638487.301133,2048,OFF,2000832,0
1790638488.302937,2049,OFF,2001832,0
1790638489.315873,2050,OFF,2002832,0
1790638490.3391085,2051,OFF,2003833,0
1790638491.300118,2052,OFF,2004833,0
1790638492.2962885,2053,OFF,2005833,0
1790638493.3120136,2054,OFF,2006833,0
1790638494.3318095,2055,OFF,2007833,0
1790638495.3003318,2056,OFF,2008833,0
1790638496.2998955,2057,OFF,2009833,0
1790638497.3018034,2058,OFF,2010833,0
1790638498.3249319,2059,OFF,2011833,0
1790638499.3485653,2060,OFF,2012833,0
1790638500.3027792,2061,OFF,2013833,0
1790638501.3083284,2062,OFF,2014833,0
1790638502.322916,2063,OFF,2015833,0
1790638503.3401513,2064,OFF,2016833,0
1790638504.3057237,2065,OFF,2017833,0
1790638505.3020554,2066,OFF,2018833,0
1790638506.3308885,2067,OFF,2019833,0
1790638507.3387172,2068,OFF,2020833,0
1790638508.3547804,2069,OFF,2021833,0
1790638509.297198,2070,OFF,2022834,0
1790638510.3109355,2071,OFF,2023834,0
1790638511.3429196,2072,OFF,2024834,0
1790638512.299623,2073,OFF,2025834,0
1790638513.2989883,2074,OFF,2026834,0
1790638514.304195,2075,OFF,2027834,0
1790638515.322295,2076,OFF,2028834,0
1790638516.3454545,2077,OFF,2029834,0
1790638517.3008583,2078,OFF,2030834,0
1790638518.390863,2079,OFF,2031834,0
1790638519.3166738,2080,OFF,2032834,0
1790638520.3578782,2081,OFF,2033834,0
1790638521.3023448,2082,OFF,2034834,0
1790638522.3036835,2083,OFF,2035834,0
1790638523.3485868,2084,OFF,2036834,0
1790638524.050837,2085,ON,2037584,1
1790638524.338665,2086,ON,2037866,0
1790638525.3718777,2087,ON,2038900,0
1790638526.4169126,2088,ON,2039934,0
1790638527.4379327,2089,ON,2040968,0
1790638528.4708836,2090,ON,2042002,0
1790638529.5509079,2091,ON,2043036,0
1790638530.5809777,2092,ON,2044070,0
1790638531.6061769,2093,ON,2045104,0
1790638532.6340578,2094,ON,2046138,0
1790638533.658746,2095,ON,2047172,0
1790638534.6787398,2096,ON,2048206,0
1790638535.7107775,2097,ON,2049241,0
1790638536.7427683,2098,ON,2050275,0
1790638537.7780046,2099,ON,2051309,0
1790638538.8108668,2100,ON,2052343,0
1790638539.8463507,2101,ON,2053377,0
1790638540.9271836,2102,ON,2054411,0
1790638541.6388884,2103,OFF,2055163,1
1790638541.8788366,2104,OFF,2055413,0
1790638542.8782277,2105,OFF,2056413,0
1790638543.901515,2106,OFF,2057413,0
1790638544.9306805,2107,OFF,2058413,0
1790638545.8788908,2108,OFF,2059413,0
1790638546.8830853,2109,OFF,2060413,0
1790638547.8908951,2110,OFF,2061413,0
1790638548.911916,2111,OFF,2062413,0
1790638549.928405,2112,OFF,2063413,0
1790638550.8827884,2113,OFF,2064413,0
1790638551.8824596,2114,OFF,2065413,0
1790638552.9097137,2115,OFF,2066413,0
1790638553.9308436,2116,OFF,2067413,0
1790638554.8841355,2117,OFF,2068413,0
1790638555.8943913,2118,OFF,2069413,0
1790638556.9099417,2119,OFF,2070413,0
1790638557.9362001,2120,OFF,2071414,0
1790638558.8802903,2121,OFF,2072414,0
1790638559.8828886,2122,OFF,2073414,0
1790638560.8931932,2123,OFF,2074414,0
1790638561.9244518,2124,OFF,2075414,0
1790638562.881901,2125,OFF,2076414,0
1790638563.8856604,2126,OFF,2077414,0
1790638564.8866684,2127,OFF,2078414,0
1790638565.9087453,2128,OFF,2079414,0
1790638566.9318948,2129,OFF,2080414,0
1790638567.888235,2130,OFF,2081414,0
1790638568.8862305,2131,OFF,2082414,0
1790638569.9028864,2132,OFF,2083414,0
1790638570.924504,2133,OFF,2084414,0
1790638571.8964078,2134,OFF,2085414,0
1790638572.8826895,2135,OFF,2086414,0
1790638573.8947594,2136,OFF,2087414,0
1790638574.9217324,2137,OFF,2088414,0
1790638575.8827455,2138,OFF,2089414,0
1790638576.8814392,2139,OFF,2090414,0
1790638577.8907695,2140,OFF,2091414,0
1790638578.9308846,2141,OFF,2092414,0
1790638579.8843107,2142,OFF,2093414,0
1790638580.8850524,2143,OFF,2094414,0
1790638581.8844347,2144,OFF,2095414,0
1790638582.9057384,2145,OFF,2096414,0
1790638583.8821802,2146,OFF,2097414,0
1790638584.8846638,2147,OFF,2098414,0
1790638585.88286,2148,OFF,2099414,0
1790638586.9028883,2149,OFF,2100414,0
1790638587.9228551,2150,OFF,2101414,0
1790638588.8809736,2151,OFF,2102414,0
1790638589.8851025,2152,OFF,2103415,0
1790638590.894665,2153,OFF,2104415,0
1790638591.9187584,2154,OFF,2105415,0
1790638592.938771,2155,OFF,2106415,0
1790638593.8891082,2156,OFF,2107415,0
1790638594.8897803,2157,OFF,2108415,0
1790638595.9120247,2158,OFF,2109415,0
1790638596.8865905,2159,OFF,2110415,0
1790638597.88406,2160,OFF,2111415,0
1790638598.8885164,2161,OFF,2112415,0
1790638599.088054,2162,ON,2112615,1
1790638599.930887,2163,ON,2113461,0
1790638600.966662,2164,ON,2114495,0
1790638602.0005238,2165,ON,2115529,0
1790638603.0308669,2166,ON,2116563,0
1790638604.1159499,2167,ON,2117597,0
1790638605.1293359,2168,ON,2118626,0
1790638606.15435,2169,ON,2119660,0
1790638607.184685,2170,ON,2120694,0
1790638608.2081995,2171,ON,2121728,0
1790638609.23235,2172,ON,2122762,0
1790638609.6348302,2173,OFF,2123138,1
1790638610.2600772,2174,OFF,2123788,0
1790638611.271273,2175,OFF,2124788,0
1790638612.3029063,2176,OFF,2125788,0
1790638613.2665482,2177,OFF,2126788,0
1790638614.261576,2178,OFF,2127788,0
1790638615.2694664,2179,OFF,2128788,0
1790638616.296626,2180,OFF,2129788,0
1790638617.2587566,2181,OFF,2130788,0
1790638618.2724493,2182,OFF,2131788,0
1790638619.2602522,2183,OFF,2132788,0
1790638620.293232,2184,OFF,2133788,0
1790638621.3208275,2185,OFF,2134788,0
1790638622.2612324,2186,OFF,2135788,0
1790638623.2602525,2187,OFF,2136788,0
1790638624.2801323,2188,OFF,2137788,0
1790638625.3023636,2189,OFF,2138788,0
1790638626.256158,2190,OFF,2139788,0
1790638627.255097,2191,OFF,2140788,0
1790638628.2722135,2192,OFF,2141788,0
1790638629.2962492,2193,OFF,2142788,0
1790638630.2654552,2194,OFF,2143788,0
1790638631.2624297,2195,OFF,2144788,0
1790638632.2786462,2196,OFF,2145788,0
1790638633.306782,2197,OFF,2146788,0
1790638634.2587702,2198,OFF,2147788,0
1790638635.2552264,2199,OFF,2148788,0
1790638636.2587733,2200,OFF,2149788,0
1790638636.7106004,2201,ON,2150238,1
1790638637.2837682,2202,ON,2150802,0
1790638638.3062837,2203,ON,2151836,0
1790638639.341704,2204,ON,2152870,0
1790638640.3748016,2205,ON,2153904,0
1790638641.4107554,2206,ON,2154938,0
1790638642.4445837,2207,ON,2155972,0
1790638643.4764326,2208,ON,2157006,0
1790638644.5679562,2209,ON,2158041,0
1790638645.5782146,2210,ON,2159075,0
1790638646.610896,2211,ON,2160109,0
1790638647.6242623,2212,ON,2161143,0
1790638648.6503894,2213,ON,2162177,0
1790638649.681273,2214,ON,2163211,0
1790638650.7134295,2215,ON,2164245,0
1790638651.7471077,2216,ON,2165279,0
1790638652.780402,2217,ON,2166313,0
1790638653.8198528,2218,ON,2167347,0
1790638654.8947687,2219,ON,2168381,0
1790638655.9204133,2220,ON,2169415,0
1790638656.9445262,2221,ON,2170449,0
1790638657.9854867,2222,ON,2171483,0
1790638658.9904542,2223,ON,2172517,0
1790638660.0228992,2224,ON,2173551,0
1790638660.537195,2225,OFF,2174021,1
1790638661.0508904,2226,OFF,2174571,0
1790638662.0705376,2227,OFF,2175571,0
1790638663.098868,2228,OFF,2176571,0
1790638664.0441563,2229,OFF,2177571,0
1790638665.0735645,2230,OFF,2178571,0
1790638666.0579696,2231,OFF,2179571,0
1790638667.081702,2232,OFF,2180571,0
1790638668.0508995,2233,OFF,2181571,0
1790638669.0422432,2234,OFF,2182571,0
1790638670.0733168,2235,OFF,2183571,0
1790638671.073375,2236,OFF,2184571,0
1790638672.0455825,2237,OFF,2185571,0
1790638673.141738,2238,OFF,2186571,0
1790638674.0439556,2239,OFF,2187571,0
1790638675.0700452,2240,OFF,2188571,0
1790638676.0406687,2241,OFF,2189571,0
1790638677.0421975,2242,OFF,2190571,0
1790638678.046554,2243,OFF,2191571,0
1790638679.061161,2244,OFF,2192571,0
1790638680.0948794,2245,OFF,2193571,0
1790638681.042449,2246,OFF,2194571,0
1790638682.04288,2247,OFF,2195572,0
1790638683.0547645,2248,OFF,2196572,0
1790638684.0818088,2249,OFF,2197572,0
1790638685.044349,2250,OFF,2198572,0
1790638686.0448496,2251,OFF,2199572,0
1790638687.0480158,2252,OFF,2200572,0
1790638688.0736423,2253,OFF,2201572,0
1790638689.043877,2254,OFF,2202572,0
1790638690.1484373,2255,OFF,2203572,0
1790638691.044187,2256,OFF,2204572,0
1790638692.0666437,2257,OFF,2205572,0
1790638693.042888,2258,OFF,2206572,0
1790638694.047897,2259,OFF,2207572,0
1790638695.0521684,2260,OFF,2208572,0
1790638696.0622094,2261,OFF,2209572,0
1790638697.0867634,2262,OFF,2210572,0
1790638698.0467215,2263,OFF,2211572,0
1790638699.0412068,2264,OFF,2212572,0
1790638700.0667748,2265,OFF,2213572,0
1790638735.9404082,2302,OFF,2249458,1
1790638736.927311,2303,OFF,2250458,0
1790638737.943888,2304,OFF,2251458,0
1790638738.9807174,2305,OFF,2252458,0
1790638739.933947,2306,OFF,2253458,0
1790638740.932647,2307,OFF,2254458,0
1790638741.9381268,2308,OFF,2255458,0
1790638742.984449,2309,OFF,2256458,0
1790638743.9283292,2310,OFF,2257458,0
1790638744.9322987,2311,OFF,2258458,0
1790638745.9331667,2312,OFF,2259458,0
1790638746.9574702,2313,OFF,2260458,0
1790638747.974891,2314,OFF,2261458,0
1790638748.9336221,2315,OFF,2262458,0
1790638749.929232,2316,OFF,2263458,0
1790638750.9508605,2317,OFF,2264458,0
1790638751.9788933,2318,OFF,2265458,0
1790638752.9336941,2319,OFF,2266458,0
1790638753.934294,2320,OFF,2267458,0
1790638754.9460096,2321,OFF,2268458,0
1790638755.9682121,2322,OFF,2269458,0
1790638756.9330711,2323,OFF,2270458,0
1790638757.9345887,2324,OFF,2271458,0
1790638758.9361675,2325,OFF,2272458,0
1790638759.9643238,2326,OFF,2273458,0
1790638760.9340234,2327,OFF,2274458,0
1790638761.9341414,2328,OFF,2275458,0
1790638762.948858,2329,OFF,2276458,0
1790638763.9567728,2330,OFF,2277458,0
1790638764.9735513,2331,OFF,2278458,0
1790638765.9368165,2332,OFF,2279458,0
1790638766.9344,2333,OFF,2280458,0
1790638767.3828695,2334,ON,2280908,1
1790638767.9462907,2335,ON,2281472,0
1790638768.9809434,2336,ON,2282506,0
1790638770.0180502,2337,ON,2283540,0
1790638771.050915,2338,ON,2284574,0
1790638772.0847826,2339,ON,2285608,0
1790638773.1652784,2340,ON,2286642,0
1790638774.2089853,2341,ON,2287676,0
1790638775.220181,2342,ON,2288711,0
1790638776.2449539,2343,ON,2289745,0
1790638777.2667732,2344,ON,2290773,0
1790638778.2867367,2345,ON,2291807,0
1790638779.3216157,2346,ON,2292841,0
1790638780.3502107,2347,ON,2293875,0
1790638781.384493,2348,ON,2294909,0
1790638782.4180195,2349,ON,2295943,0
1790638783.457621,2350,ON,2296977,0
1790638784.4868581,2351,ON,2298011,0
1790638785.5608816,2352,ON,2299045,0
1790638786.584852,2353,ON,2300079,0
1790638787.6178148,2354,ON,2301113,0
1790638788.6342597,2355,ON,2302147,0
1790638789.6553946,2356,ON,2303181,0
1790638790.6895657,2357,ON,2304215,0
1790638790.9905849,2358,OFF,2304497,1
1790638791.728134,2359,OFF,2305247,0
1790638792.7304063,2360,OFF,2306247,0
1790638793.7548616,2361,OFF,2307247,0
1790638794.7226374,2362,OFF,2308247,0
1790638795.724698,2363,OFF,2309247,0
1790638796.7331188,2364,OFF,2310247,0
1790638797.746762,2365,OFF,2311247,0
1790638798.7800608,2366,OFF,2312247,0
1790638799.7216022,2367,OFF,2313247,0
1790638800.7268648,2368,OFF,2314248,0
1790638801.752441,2369,OFF,2315248,0
1790638802.7708514,2370,OFF,2316248,0
1790638803.7288747,2371,OFF,2317248,0
1790638804.7221642,2372,OFF,2318248,0
1790638805.7346475,2373,OFF,2319248,0
1790638806.758562,2374,OFF,2320248,0
1790638807.7256866,2375,OFF,2321248,0
1790638808.726174,2376,OFF,2322248,0
1790638809.726864,2377,OFF,2323248,0
1790638810.7588897,2378,OFF,2324248,0
1790638811.7225888,2379,OFF,2325248,0
1790638812.7254586,2380,OFF,2326248,0
1790638813.7283041,2381,OFF,2327248,0
1790638814.7504387,2382,OFF,2328248,0
1790638815.7638583,2383,OFF,2329248,0
1790638816.7340522,2384,OFF,2330248,0
1790638817.7296464,2385,OFF,2331248,0
1790638818.7398562,2386,OFF,2332248,0
1790638819.7727687,2387,OFF,2333249,0
1790638820.726289,2388,OFF,2334249,0
1790638821.7268813,2389,OFF,2335249,0
1790638822.734869,2390,OFF,2336249,0
1790638823.7571428,2391,OFF,2337249,0
1790638824.7264483,2392,OFF,2338249,0
1790638825.7245061,2393,OFF,2339249,0
1790638826.7268903,2394,OFF,2340249,0
1790638827.7533824,2395,OFF,2341249,0
1790638828.7748835,2396,OFF,2342249,0
1790638829.7268908,2397,OFF,2343249,0
1790638830.726442,2398,OFF,2344249,0
1790638831.7438586,2399,OFF,2345249,0
1790638832.7885194,2400,OFF,2346249,0
1790638833.7307396,2401,OFF,2347249,0
1790638834.7267396,2402,OFF,2348249,0
1790638835.745578,2403,OFF,2349249,0
1790638836.776667,2404,OFF,2350249,0
1790638837.728096,2405,OFF,2351249,0
1790638838.72409,2406,OFF,2352249,0
1790638839.3255284,2407,ON,2352799,1
1790638839.7438571,2408,ON,2353269,0
1790638840.7788956,2409,ON,2354303,0
1790638841.8151057,2410,ON,2355337,0
1790638842.9129632,2411,ON,2356371,0
1790638843.8814745,2412,ON,2357405,0
1790638844.965055,2413,ON,2358439,0
1790638845.9845724,2414,ON,2359473,0
1790638847.0092828,2415,ON,2360507,0
1790638848.0280578,2416,ON,2361542,0
1790638849.0568464,2417,ON,2362576,0
1790638850.0869155,2418,ON,2363610,0
1790638851.1229327,2419,ON,2364644,0
1790638852.1561944,2420,ON,2365678,0
1790638853.1949327,2421,ON,2366712,0
1790638854.2245717,2422,ON,2367746,0
1790638855.3135674,2423,ON,2368780,0
1790638856.3207064,2424,ON,2369814,0
1790638857.0448935,2425,OFF,2370566,1
1790638857.3398614,2426,OFF,2370816,0
1790638858.2936864,2427,OFF,2371816,0
1790638859.2971184,2428,OFF,2372816,0
1790638860.3135116,2429,OFF,2373816,0
1790638861.3419008,2430,OFF,2374816,0
1790638862.296567,2431,OFF,2375816,0
1790638863.294501,2432,OFF,2376816,0
1790638864.3149123,2433,OFF,2377816,0
1790638865.3349023,2434,OFF,2378816,0
1790638866.2938964,2435,OFF,2379816,0
1790638867.2960317,2436,OFF,2380816,0
1790638868.3109064,2437,OFF,2381816,0
1790638869.3392987,2438,OFF,2382816,0
1790638870.289101,2439,OFF,2383816,0
1790638871.288647,2440,OFF,2384816,0
1790638872.2943397,2441,OFF,2385816,0
1790638873.3215015,2442,OFF,2386816,0
1790638874.3387764,2443,OFF,2387816,0
1790638875.2944052,2444,OFF,2388816,0
1790638876.2947583,2445,OFF,2389816,0
1790638877.314022,2446,OFF,2390816,0
1790638878.3387184,2447,OFF,2391816,0
1790638879.2912927,2448,OFF,2392816,0
1790638880.2975063,2449,OFF,2393817,0
1790638881.306943,2450,OFF,2394817,0
1790638882.3324356,2451,OFF,2395817,0
1790638883.2949364,2452,OFF,2396817,0
1790638884.2959197,2453,OFF,2397817,0
1790638885.3014998,2454,OFF,2398817,0
1790638886.3484764,2455,OFF,2399817,0
1790638887.294908,2456,OFF,2400817,0
1790638888.2931952,2457,OFF,2401817,0
1790638889.294933,2458,OFF,2402817,0
1790638890.316826,2459,OFF,2403817,0
1790638891.3377194,2460,OFF,2404817,0
1790638892.2989738,2461,OFF,2405817,0
1790638893.2971103,2462,OFF,2406817,0
1790638894.310934,2463,OFF,2407817,0
1790638895.3364625,2464,OFF,2408817,0
1790638896.2961674,2465,OFF,2409817,0
1790638897.2949114,2466,OFF,2410817,0
1790638898.3053315,2467,OFF,2411817,0
1790638899.3305814,2468,OFF,2412818,0
1790638900.2933755,2469,OFF,2413818,0
1790638900.9980578,2470,ON,2414518,1
1790638901.378859,2471,ON,2414894,0
1790638902.405098,2472,ON,2415928,0
1790638903.439757,2473,ON,2416962,0
1790638904.4803252,2474,ON,2417996,0
1790638905.5107687,2475,ON,2419030,0
1790638906.5428765,2476,ON,2420064,0
1790638907.6213126,2477,ON,2421098,0
1790638908.656773,2478,ON,2422132,0
1790638909.674894,2479,ON,2423166,0
1790638910.7040057,2480,ON,2424200,0
1790638911.7225347,2481,ON,2425234,0
1790638912.7528584,2482,ON,2426268,0
1790638913.7828918,2483,ON,2427302,0
1790638914.811515,2484,ON,2428336,0
1790638915.2022967,2485,OFF,2428712,1
1790638915.841892,2486,OFF,2429362,0
1790638916.8409073,2487,OFF,2430362,0
1790638917.8668942,2488,OFF,2431362,0
1790638918.8388927,2489,OFF,2432362,0
1790638919.8424988,2490,OFF,2433362,0
1790638920.8411205,2491,OFF,2434362,0
1790638921.8589087,2492,OFF,2435362,0
1790638922.8909166,2493,OFF,2436362,0
1790638923.842177,2494,OFF,2437362,0
1790638924.8425252,2495,OFF,2438362,0
1790638925.8526208,2496,OFF,2439362,0
1790638926.8730412,2497,OFF,2440362,0
1790638927.8470156,2498,OFF,2441362,0
1790638928.8469067,2499,OFF,2442362,0
1790638929.8455014,2500,OFF,2443362,0
1790638930.8788733,2501,OFF,2444362,0
1790638931.84218,2502,OFF,2445362,0
1790638932.837278,2503,OFF,2446362,0
1790638933.8529727,2504,OFF,2447362,0
1790638934.859924,2505,OFF,2448362,0
1790638935.8827503,2506,OFF,2449362,0
1790638936.84286,2507,OFF,2450362,0
1790638937.842748,2508,OFF,2451363,0
1790638938.8583872,2509,OFF,2452363,0
1790638939.8858976,2510,OFF,2453363,0
1790638940.842883,2511,OFF,2454363,0
1790638941.844835,2512,OFF,2455363,0
1790638942.85088,2513,OFF,2456363,0
1790638943.8748147,2514,OFF,2457363,0
1790638944.8441303,2515,OFF,2458363,0
1790638945.8458693,2516,OFF,2459363,0
1790638946.8441775,2517,OFF,2460363,0
1790638947.8771029,2518,OFF,2461363,0
1790638948.9000127,2519,OFF,2462363,0
1790638949.844627,2520,OFF,2463363,0
1790638950.8502076,2521,OFF,2464363,0
1790638951.8765812,2522,OFF,2465363,0
1790638952.8988936,2523,OFF,2466363,0
1790638953.8446238,2524,OFF,2467363,0
1790638954.841915,2525,OFF,2468363,0
1790638955.8580976,2526,OFF,2469363,0
1790638956.8867676,2527,OFF,2470364,0
1790638957.8449616,2528,OFF,2471364,0
1790638958.8423986,2529,OFF,2472364,0
1790638959.854939,2530,OFF,2473364,0
1790638960.8748484,2531,OFF,2474364,0
1790638961.8393831,2532,OFF,2475364,0
1790638962.8458204,2533,OFF,2476364,0
1790638963.8460288,2534,OFF,2477364,0
1790638964.8683918,2535,OFF,2478364,0
1790638965.8997533,2536,OFF,2479364,0
1790638966.8434844,2537,OFF,2480364,0
1790638966.9496698,2538,ON,2480464,1
1790638967.8861072,2539,ON,2481404,0
1790638968.9703999,2540,ON,2482438,0
1790638969.9908943,2541,ON,2483472,0
1790638971.0228865,2542,ON,2484506,0
1790639006.3467722,2579,ON,2519863,1
1790639007.3787549,2580,ON,2520897,0
1790639008.4210243,2581,ON,2521931,0
1790639009.4479077,2582,ON,2522965,0
1790639010.4811082,2583,ON,2523999,0
1790639011.5576754,2584,ON,2525033,0
1790639012.5932302,2585,ON,2526067,0
1790639013.613089,2586,ON,2527090,0
1790639014.646085,2587,ON,2528124,0
1790639015.672771,2588,ON,2529158,0
1790639016.6811416,2589,ON,2530192,0
1790639017.708785,2590,ON,2531226,0
1790639018.7448542,2591,ON,2532260,0
1790639018.8384392,2592,OFF,2532354,1
1790639019.7886398,2593,OFF,2533304,0
1790639020.7842448,2594,OFF,2534304,0
1790639021.8053546,2595,OFF,2535304,0
1790639022.8279052,2596,OFF,2536304,0
1790639023.7868528,2597,OFF,2537304,0
1790639024.7868876,2598,OFF,2538304,0
1790639025.796407,2599,OFF,2539304,0
1790639026.8268561,2600,OFF,2540304,0
1790639027.7885077,2601,OFF,2541304,0
1790639028.7868445,2602,OFF,2542304,0
1790639029.7884364,2603,OFF,2543304,0
1790639030.8189406,2604,OFF,2544304,0
1790639031.788681,2605,OFF,2545304,0
1790639032.7857413,2606,OFF,2546304,0
1790639033.7902892,2607,OFF,2547304,0
1790639034.8144033,2608,OFF,2548304,0
1790639035.8383644,2609,OFF,2549304,0
1790639036.7862935,2610,OFF,2550304,0
1790639037.7833936,2611,OFF,2551304,0
1790639038.8171782,2612,OFF,2552304,0
1790639039.824236,2613,OFF,2553305,0
1790639040.800764,2614,OFF,2554305,0
1790639041.7855182,2615,OFF,2555305,0
1790639042.7948768,2616,OFF,2556305,0
1790639043.8189805,2617,OFF,2557305,0
1790639044.7906804,2618,OFF,2558305,0
1790639045.7888272,2619,OFF,2559305,0
1790639046.789738,2620,OFF,2560305,0
1790639047.814892,2621,OFF,2561305,0
1790639048.8342676,2622,OFF,2562305,0
1790639049.7866697,2623,OFF,2563305,0
1790639050.7888741,2624,OFF,2564305,0
1790639051.811934,2625,OFF,2565305,0
1790639052.83228,2626,OFF,2566305,0
1790639053.794438,2627,OFF,2567305,0
1790639054.7893367,2628,OFF,2568305,0
1790639055.8021698,2629,OFF,2569305,0
1790639056.829877,2630,OFF,2570305,0
1790639057.7907636,2631,OFF,2571305,0
1790639058.7867572,2632,OFF,2572305,0
1790639059.7971172,2633,OFF,2573305,0
1790639060.8255184,2634,OFF,2574305,0
1790639061.784805,2635,OFF,2575305,0
1790639062.813722,2636,OFF,2576305,0
1790639063.789057,2637,OFF,2577305,0
1790639064.8109066,2638,OFF,2578305,0
1790639065.8478668,2639,OFF,2579305,0
1790639066.790876,2640,OFF,2580305,0
1790639067.7901065,2641,OFF,2581305,0
1790639068.8094773,2642,OFF,2582305,0
1790639069.8308492,2643,OFF,2583305,0
1790639070.786894,2644,OFF,2584305,0
1790639071.7896585,2645,OFF,2585306,0
1790639072.7983212,2646,OFF,2586306,0
1790639073.828054,2647,OFF,2587306,0
1790639074.2399495,2648,ON,2587756,1
1790639074.8521461,2649,ON,2588320,0
1790639075.8820195,2650,ON,2589354,0
1790639076.901207,2651,ON,2590388,0
1790639077.922731,2652,ON,2591422,0
1790639078.9392433,2653,ON,2592456,0
1790639079.977579,2654,ON,2593490,0
1790639081.0121808,2655,ON,2594524,0
1790639082.042855,2656,ON,2595558,0
1790639083.078794,2657,ON,2596592,0
1790639083.9690702,2658,OFF,2597438,1
1790639084.1724806,2659,OFF,2597638,0
1790639085.1269107,2660,OFF,2598638,0
1790639086.125045,2661,OFF,2599638,0
1790639087.1381814,2662,OFF,2600638,0
1790639088.165235,2663,OFF,2601638,0
1790639089.126915,2664,OFF,2602638,0
1790639090.1215315,2665,OFF,2603638,0
1790639091.137047,2666,OFF,2604638,0
1790639092.1562274,2667,OFF,2605638,0
1790639093.126709,2668,OFF,2606638,0
1790639094.1189103,2669,OFF,2607638,0
1790639095.1229017,2670,OFF,2608638,0
1790639096.1457298,2671,OFF,2609638,0
1790639097.1662822,2672,OFF,2610638,0
1790639098.130768,2673,OFF,2611638,0
1790639099.1192234,2674,OFF,2612638,0
1790639100.158778,2675,OFF,2613638,0
1790639101.1725335,2676,OFF,2614638,0
1790639102.122449,2677,OFF,2615638,0
1790639103.1208065,2678,OFF,2616638,0
1790639104.1396852,2679,OFF,2617638,0
1790639105.178025,2680,OFF,2618638,0
1790639108.539812,0,OFF,2680,0
1790639108.5490189,1,OFF,2681,0
1790639109.1909158,2,OFF,3681,0
1790639110.1903536,3,OFF,4681,0
1790639111.1984296,4,OFF,5681,0
1790639112.2308464,5,OFF,6681,0
1790639113.191989,6,OFF,7681,0
1790639114.193291,7,OFF,8681,0
1790639115.1909134,8,OFF,9681,0
1790639116.2181098,9,OFF,10681,0
1790639117.1926224,10,OFF,11681,0
1790639118.1881466,11,OFF,12681,0
1790639119.193891,12,OFF,13681,0
1790639120.2121804,13,OFF,14681,0
1790639121.2457478,14,OFF,15681,0
1790639122.1909227,15,OFF,16681,0
1790639123.1989188,16,OFF,17681,0
1790639124.2039344,17,OFF,18681,0
1790639125.2348785,18,OFF,19681,0
1790639126.1978638,19,OFF,20681,0
1790639127.192255,20,OFF,21681,0
1790639128.2065902,21,OFF,22681,0
1790639129.2227802,22,OFF,23681,0
1790639130.1869395,23,OFF,24681,0
1790639131.1909473,24,OFF,25681,0
1790639132.1998003,25,OFF,26681,0
1790639133.2508273,26,OFF,27681,0
1790639134.2539594,27,OFF,28681,0
1790639135.190888,28,OFF,29681,0
1790639136.1895406,29,OFF,30681,0
1790639137.220494,30,OFF,31681,0
1790639138.233853,31,OFF,32681,0
1790639139.1930063,32,OFF,33681,0
1790639140.1949055,33,OFF,34681,0
1790639141.2021568,34,OFF,35681,0
1790639142.22692,35,OFF,36681,0
1790639143.1972146,36,OFF,37681,0
1790639144.1920984,37,OFF,38681,0
1790639145.1988976,38,OFF,39681,0
1790639146.2249427,39,OFF,40681,0
1790639147.1933792,40,OFF,41681,0
1790639148.188004,41,OFF,42681,0
1790639149.19116,42,OFF,43681,0
1790639150.2167783,43,OFF,44681,0
1790639151.242904,44,OFF,45681,0
1790639152.1909144,45,OFF,46681,0
1790639153.1989474,46,OFF,47681,0
1790639157.6048021,0,OFF,3172,0
1790639157.6049314,1,OFF,3173,0
1790639158.6543446,2,OFF,4173,0
1790639159.5790992,3,OFF,5173,0
1790639160.5770452,4,OFF,6173,0
1790639161.580899,5,OFF,7173,0
1790639162.6128979,6,OFF,8173,0
1790639163.5752885,7,OFF,9173,0
1790639164.577352,8,OFF,10173,0
1790639165.580569,9,OFF,11173,0
1790639166.6106281,10,OFF,12173,0
1790639167.6203709,11,OFF,13173,0
1790639168.5788918,12,OFF,14173,0
1790639169.575621,13,OFF,15173,0
1790639170.5965548,14,OFF,16173,0
1790639171.6267545,15,OFF,17173,0
1790639172.5818112,16,OFF,18173,0
1790639173.5743284,17,OFF,19173,0
1790639174.5918815,18,OFF,20173,0
1790639175.613678,19,OFF,21173,0
1790639176.5827444,20,OFF,22173,0
1790639177.5804539,21,OFF,23173,0
1790639178.581736,22,OFF,24173,0
1790639179.6107721,23,OFF,25173,0
1790639180.6246164,24,OFF,26173,0
1790639181.5767033,25,OFF,27173,0
1790639182.5804853,26,OFF,28173,0
1790639183.6098032,27,OFF,29173,0
1790639184.62289,28,OFF,30173,0
1790639185.5753918,29,OFF,31173,0
1790639186.57888,30,OFF,32173,0
1790639187.5922244,31,OFF,33173,0
1790639188.6167948,32,OFF,34173,0
1790639189.5759494,33,OFF,35173,0
1790639190.5815053,34,OFF,36173,0
1790639191.594893,35,OFF,37173,0
1790639192.6098604,36,OFF,38173,0
1790639193.5788898,37,OFF,39173,0
1790639194.5847106,38,OFF,40174,0
1790639195.5837133,39,OFF,41174,0
1790639196.6021154,40,OFF,42174,0
1790639197.6228993,41,OFF,43174,0
1790639198.5829084,42,OFF,44174,0
1790639199.5828156,43,OFF,45174,0
1790639200.59762,44,OFF,46174,0
1790639201.6284804,45,OFF,47174,0
1790639202.5764751,46,OFF,48174,0
1790639203.4836833,47,ON,49074,1
1790639203.6700363,48,ON,49263,0
1790639204.7053776,49,ON,50297,0
1790639208.089,0,OFF,2671,1
1790639208.0926259,1,OFF,2672,0
1790639208.7305536,2,OFF,3672,0
1790639209.7269182,3,OFF,4672,0
1790639210.7387252,4,OFF,5672,0
1790639211.764931,5,OFF,6672,0
1790639212.7236133,6,OFF,7672,0
1790639213.7268672,7,OFF,8672,0
1790639214.7268643,8,OFF,9672,0
1790639215.7564464,9,OFF,10672,0
1790639216.7268581,10,OFF,11672,0
1790639217.7289143,11,OFF,12672,0
1790639218.72813,12,OFF,13672,0
1790639219.7540932,13,OFF,14672,0
1790639220.7760804,14,OFF,15672,0
1790639221.72501,15,OFF,16672,0
1790639222.7254283,16,OFF,17672,0
1790639223.7399862,17,OFF,18672,0
1790639224.7703767,18,OFF,19672,0
1790639225.7260923,19,OFF,20672,0
1790639226.7269967,20,OFF,21672,0
1790639227.7337627,21,OFF,22672,0
1790639228.769728,22,OFF,23672,0
1790639229.777579,23,OFF,24672,0
1790639230.7286382,24,OFF,25672,0
1790639231.726841,25,OFF,26672,0
1790639232.7559001,26,OFF,27672,0
1790639233.7707865,27,OFF,28672,0
1790639234.7388911,28,OFF,29672,0
1790639235.7293642,29,OFF,30673,0
1790639236.742417,30,OFF,31673,0
1790639237.7707944,31,OFF,32673,0
1790639238.7267041,32,OFF,33673,0
1790639239.7282057,33,OFF,34673,0
1790639240.7417405,34,OFF,35673,0
1790639241.762464,35,OFF,36673,0
1790639277.61479,12,OFF,23673,1
1790639278.6281211,13,OFF,24673,0
1790639279.6625645,14,OFF,25673,0
1790639280.6147728,15,OFF,26673,0
1790639281.6128657,16,OFF,27673,0
1790639282.6215084,17,OFF,28673,0
1790639283.6451733,18,OFF,29673,0
1790639284.614924,19,OFF,30673,0
1790639285.6188805,20,OFF,31673,0
1790639286.614411,21,OFF,32673,0
1790639287.651804,22,OFF,33673,0
1790639288.6129014,23,OFF,34673,0
1790639289.6100981,24,OFF,35673,0
1790639290.6229246,25,OFF,36673,0
1790639291.6400099,26,OFF,37673,0
1790639292.6627696,27,OFF,38673,0
1790639293.6109047,28,OFF,39673,0
1790639294.6133125,29,OFF,40673,0
1790639295.6254137,30,OFF,41673,0
1790639296.6503105,31,OFF,42673,0
1790639297.6145077,32,OFF,43673,0
1790639298.6132164,33,OFF,44673,0
1790639299.623323,34,OFF,45673,0
1790639300.6500235,35,OFF,46673,0
1790639301.6140163,36,OFF,47673,0
1790639302.6126206,37,OFF,48673,0
1790639303.6147494,38,OFF,49673,0
1790639304.6418679,39,OFF,50673,0
1790639305.6579387,40,OFF,51673,0
1790639306.6200924,41,OFF,52673,0
1790639307.6102855,42,OFF,53673,0
1790639308.6334686,43,OFF,54673,0
1790639309.6611493,44,OFF,55673,0
1790639310.6146612,45,OFF,56673,0
1790639311.6148977,46,OFF,57673,0
1790639315.5014486,0,OFF,2672,0
1790639316.0045338,1,OFF,2673,0
1790639316.5183465,2,OFF,3673,0
1790639317.5347376,3,OFF,4673,0
1790639318.492335,4,OFF,5673,0
1790639319.4929466,5,OFF,6673,0
1790639320.511934,6,OFF,7673,0
1790639321.5387838,7,OFF,8673,0
1790639322.4969265,8,OFF,9673,0
1790639323.4977884,9,OFF,10673,0
1790639324.502911,10,OFF,11673,0
1790639325.538554,11,OFF,12673,0
1790639326.4963162,12,OFF,13673,0
1790639327.4971464,13,OFF,14673,0
1790639328.4962673,14,OFF,15673,0
1790639329.521519,15,OFF,16673,0
1790639330.4967875,16,OFF,17673,0
1790639331.498827,17,OFF,18673,0
1790639332.4966006,18,OFF,19673,0
1790639333.5229003,19,OFF,20673,0
1790639334.5402257,20,OFF,21673,0
1790639335.4971147,21,OFF,22673,0
1790639336.4948623,22,OFF,23673,0
1790639337.5095003,23,OFF,24673,0
1790639338.5371828,24,OFF,25673,0
1790639339.4947348,25,OFF,26673,0
1790639340.4975545,26,OFF,27673,0
1790639341.502737,27,OFF,28673,0
1790639342.5351398,28,OFF,29673,0
1790639343.4972103,29,OFF,30673,0
1790639344.4944036,30,OFF,31673,0
1790639345.501106,31,OFF,32673,0
1790639346.525499,32,OFF,33673,0
1790639347.5428715,33,OFF,34673,0
1790639348.4963489,34,OFF,35673,0
1790639349.5045068,35,OFF,36673,0
1790639350.5209448,36,OFF,37673,0
1790639351.5436182,37,OFF,38673,0
1790639352.4969552,38,OFF,39673,0
1790639353.4962742,39,OFF,40673,0
1790639354.5129697,40,OFF,41673,0
1790639355.533606,41,OFF,42673,0
1790639356.4972496,42,OFF,43673,0
1790639357.49474,43,OFF,44673,0
1790639358.5067647,44,OFF,45673,0
1790639359.525237,45,OFF,46673,0
1790639360.496234,46,OFF,47673,0
1790639361.3933148,47,ON,48573,1
1790639361.5854769,48,ON,48762,0
1790639362.6199865,49,ON,49796,0
1790639365.6747165,0,OFF,2672,1
1790639366.1852221,1,OFF,2673,0
1790639366.645283,2,OFF,3673,0
1790639367.6486492,3,OFF,4673,0
1790639368.6468992,4,OFF,5673,0
1790639369.6748378,5,OFF,6673,0
1790639370.686835,6,OFF,7673,0
1790639371.642665,7,OFF,8673,0
1790639372.6454182,8,OFF,9673,0
1790639373.6617029,9,OFF,10673,0
1790639374.6816878,10,OFF,11673,0
1790639375.6445832,11,OFF,12673,0
1790639376.6446834,12,OFF,13673,0
1790639377.6510136,13,OFF,14673,0
1790639378.6816564,14,OFF,15673,0
1790639379.6423125,15,OFF,16673,0
1790639380.646134,16,OFF,17673,0
1790639381.6461656,17,OFF,18673,0
1790639382.6697276,18,OFF,19673,0
1790639383.686915,19,OFF,20673,0
1790639384.6466904,20,OFF,21673,0
1790639385.6464248,21,OFF,22673,0
1790639386.6788616,22,OFF,23673,0
1790639387.7006278,23,OFF,24673,0
1790639388.6495547,24,OFF,25673,0
1790639389.6467981,25,OFF,26673,0
1790639390.662759,26,OFF,27673,0
1790639391.6934354,27,OFF,28673,0
1790639392.6462336,28,OFF,29673,0
1790639393.6414213,29,OFF,30673,0
1790639394.6444771,30,OFF,31673,0
1790639395.6815999,31,OFF,32673,0
1790639396.6468885,32,OFF,33673,0
1790639397.6450176,33,OFF,34673,0
1790639398.649274,34,OFF,35673,0
1790639399.6664033,35,OFF,36673,0
1790639400.6861894,36,OFF,37673,0
1790639401.6467662,37,OFF,38673,0
1790639402.6507657,38,OFF,39674,0
1790639403.6589055,39,OFF,40674,0
1790639404.6921835,40,OFF,41674,0
1790639405.6481733,41,OFF,42674,0
1790639406.646892,42,OFF,43674,0
1790639407.6567724,43,OFF,44674,0
1790639408.692347,44,OFF,45674,0
1790639409.649035,45,OFF,46674,0
1790639410.647344,46,OFF,47674,0
1790639411.5485353,47,ON,48574,1
1790639414.7260444,0,OFF,2672,1
1790639414.7262018,1,OFF,2673,0
1790639415.7448812,2,OFF,3674,0
1790639416.7189264,3,OFF,4674,0
1790639417.7189152,4,OFF,5674,0
1790639418.71877,5,OFF,6674,0
1790639419.736791,6,OFF,7674,0
1790639420.7602391,7,OFF,8674,0
1790639421.7155745,8,OFF,9674,0
1790639422.7212737,9,OFF,10674,0
1790639423.7407162,10,OFF,11674,0
1790639424.7708018,11,OFF,12674,0
1790639425.7201798,12,OFF,13674,0
1790639426.7223482,13,OFF,14674,0
1790639427.7268622,14,OFF,15674,0
1790639428.7548437,15,OFF,16674,0
1790639429.7708764,16,OFF,17674,0
1790639430.7207854,17,OFF,18674,0
1790639431.7189062,18,OFF,19674,0
1790639432.7495015,19,OFF,20674,0
1790639433.773904,20,OFF,21674,0
1790639434.717153,21,OFF,22674,0
1790639435.7180243,22,OFF,23674,0
1790639436.7338605,23,OFF,24674,0
1790639437.7654774,24,OFF,25674,0
1790639438.7185822,25,OFF,26674,0
1790639439.7166655,26,OFF,27674,0
1790639440.7373698,27,OFF,28674,0
1790639441.7587342,28,OFF,29674,0
1790639442.7212248,29,OFF,30674,0
1790639443.7260008,30,OFF,31674,0
1790639444.7298512,31,OFF,32674,0
1790639445.7562163,32,OFF,33674,0
1790639446.7207437,33,OFF,34674,0
1790639447.721787,34,OFF,35675,0
1790639448.7240107,35,OFF,36675,0
1790639449.7469115,36,OFF,37675,0
1790639450.7616775,37,OFF,38675,0
1790639451.7172234,38,OFF,39675,0
1790639452.7205596,39,OFF,40675,0
1790639453.7364533,40,OFF,41675,0
1790639454.7588484,41,OFF,42675,0
1790639455.7204027,42,OFF,43675,0
1790639456.7210371,43,OFF,44675,0
1790639457.734654,44,OFF,45675,0
1790639458.766786,45,OFF,46675,0
1790639459.721846,46,OFF,47675,0
1790639460.6241932,47,ON,48575,1
1790639463.6757658,0,OFF,2672,1
1790639463.675953,1,OFF,2673,0
1790639464.7062933,2,OFF,3673,0
1790639465.6481547,3,OFF,4673,0
1790639466.642261,4,OFF,5673,0
1790639467.672506,5,OFF,6673,0
1790639468.6868832,6,OFF,7673,0
1790639469.6440277,7,OFF,8673,0
1790639470.6468782,8,OFF,9673,0
1790639471.6548877,9,OFF,10673,0
1790639472.6866436,10,OFF,11673,0
1790639473.6469486,11,OFF,12673,0
1790639474.6509018,12,OFF,13674,0
1790639475.649844,13,OFF,14674,0
1790639476.6737943,14,OFF,15674,0
1790639477.6456106,15,OFF,16674,0
1790639478.646774,16,OFF,17674,0
1790639479.644764,17,OFF,18674,0
1790639480.669027,18,OFF,19674,0
1790639481.6982212,19,OFF,20674,0
1790639482.654411,20,OFF,21674,0
1790639483.6508667,21,OFF,22674,0
1790639484.6613572,22,OFF,23674,0
1790639485.690675,23,OFF,24674,0
1790639486.6504955,24,OFF,25674,0
1790639503.7032099,41,OFF,42674,0
1790639504.648603,42,OFF,43674,0
1790639505.6528077,43,OFF,44674,0
1790639506.6828897,44,OFF,45675,0
1790639507.6509054,45,OFF,46675,0
1790639508.6542199,46,OFF,47675,0
1790639509.5508933,47,ON,48575,1
1790639512.7605083,0,OFF,2672,1
1790639547.7539637,36,OFF,37675,1
1790639548.770763,37,OFF,38675,0
1790639549.8147566,38,OFF,39675,0
1790639550.7547581,39,OFF,40675,0
1790639551.7532086,40,OFF,41675,0
1790639552.7587607,41,OFF,42675,0
1790639553.786895,42,OFF,43675,0
1790639554.7533925,43,OFF,44675,0
1790639555.7534761,44,OFF,45675,0
1790639556.7656572,45,OFF,46675,0
1790639557.7787192,46,OFF,47675,0
1790639563.0093036,0,OFF,3175,0
1790639563.0094593,1,OFF,3176,0
1790639563.146272,2,OFF,4176,0
1790639564.143988,3,OFF,5176,0
1790639565.14688,4,OFF,6176,0
1790639566.1812391,5,OFF,7177,0
1790639567.1481316,6,OFF,8177,0
1790639568.1488795,7,OFF,9177,0
1790639569.145588,8,OFF,10177,0
1790639570.1741776,9,OFF,11177,0
1790639571.192793,10,OFF,12177,0
1790639572.149061,11,OFF,13177,0
1790639573.1499624,12,OFF,14177,0
1790639574.1646953,13,OFF,15177,0
1790639575.189565,14,OFF,16177,0
1790639576.1420038,15,OFF,17177,0
1790639577.146951,16,OFF,18177,0
1790639578.1530092,17,OFF,19177,0
1790639579.1818027,18,OFF,20177,0
1790639580.1457663,19,OFF,21177,0
1790639581.144021,20,OFF,22177,0
1790639582.1467645,21,OFF,23177,0
1790639583.1731808,22,OFF,24177,0
1790639584.1456935,23,OFF,25177,0
1790639585.153825,24,OFF,26177,0
1790639586.1449926,25,OFF,27178,0
1790639587.1681995,26,OFF,28178,0
1790639588.1967213,27,OFF,29178,0
1790639589.146898,28,OFF,30178,0
1790639590.1500623,29,OFF,31178,0
1790639591.1689172,30,OFF,32178,0
1790639592.1965876,31,OFF,33178,0
1790639593.1469119,32,OFF,34178,0
1790639594.1508996,33,OFF,35178,0
1790639595.1507668,34,OFF,36178,0
1790639596.1761868,35,OFF,37178,0
1790639597.147394,36,OFF,38178,0
1790639598.146909,37,OFF,39178,0
1790639599.1508563,38,OFF,40178,0
1790639600.176349,39,OFF,41178,0
1790639601.192848,40,OFF,42178,0
1790639602.1506226,41,OFF,43178,0
1790639603.1443846,42,OFF,44178,0
1790639604.1629066,43,OFF,45178,0
1790639605.1908808,44,OFF,46178,0
1790639606.1509078,45,OFF,47178,0
1790639607.1484146,46,OFF,48178,0
1790639608.052756,47,ON,49078,1
1790639612.5806913,0,OFF,3173,1
1790639612.5808604,1,OFF,3174,0
1790639612.7655687,2,OFF,4174,0
1790639613.714012,3,OFF,5174,0
1790639614.7215757,4,OFF,6174,0
1790639615.7348526,5,OFF,7174,0
1790639616.7643418,6,OFF,8174,0
1790639617.7172022,7,OFF,9174,0
1790639618.7188816,8,OFF,10174,0
1790639619.7315629,9,OFF,11174,0
1790639620.7548842,10,OFF,12174,0
1790639621.717878,11,OFF,13174,0
1790639622.7228816,12,OFF,14174,0
1790639623.7243476,13,OFF,15174,0
1790639624.753842,14,OFF,16174,0
1790639625.716713,15,OFF,17174,0
1790639626.7188907,16,OFF,18174,0
1790639627.721604,17,OFF,19174,0
1790639628.750591,18,OFF,20174,0
1790639629.7614417,19,OFF,21174,0
1790639630.7187765,20,OFF,22174,0
1790639631.718872,21,OFF,23174,0
1790639632.7421222,22,OFF,24174,0
1790639633.7722654,23,OFF,25174,0
1790639634.7179506,24,OFF,26174,0
1790639635.7204425,25,OFF,27174,0
1790639636.7379842,26,OFF,28174,0
1790639637.7588563,27,OFF,29174,0
1790639638.7140765,28,OFF,30174,0
1790639639.7174635,29,OFF,31174,0
1790639640.7297277,30,OFF,32174,0
1790639641.7528021,31,OFF,33174,0
1790639642.718254,32,OFF,34174,0
1790639643.7180088,33,OFF,35174,0
1790639644.722839,34,OFF,36174,0
1790639645.7423346,35,OFF,37174,0
1790639646.7588623,36,OFF,38174,0
1790639647.7213166,37,OFF,39174,0
1790639648.7226655,38,OFF,40174,0
1790639649.741712,39,OFF,41174,0
1790639650.7628922,40,OFF,42174,0
1790639651.7217684,41,OFF,43174,0
1790639652.7170558,42,OFF,44174,0
1790639653.724105,43,OFF,45174,0
1790639654.7588544,44,OFF,46174,0
1790639655.7173824,45,OFF,47174,0
1790639656.7291088,46,OFF,48174,0
1790639657.6189966,47,ON,49074,1
1790639661.3180196,0,OFF,3174,1
1790639661.3180842,1,OFF,3175,0
1790639662.3299835,2,OFF,4175,0
1790639663.3552885,3,OFF,5175,0
1790639664.3083265,4,OFF,6175,0
1790639665.3131948,5,OFF,7175,0
1790639666.3257337,6,OFF,8175,0
1790639667.3549232,7,OFF,9175,0
1790639668.304538,8,OFF,10175,0
1790639669.3044398,9,OFF,11175,0
1790639670.315962,10,OFF,12175,0
1790639671.3468823,11,OFF,13175,0
1790639672.3052964,12,OFF,14175,0
1790639673.301218,13,OFF,15175,0
1790639674.3108313,14,OFF,16175,0
1790639675.3344796,15,OFF,17175,0
1790639676.306696,16,OFF,18175,0
1790639677.30497,17,OFF,19175,0
1790639678.302398,18,OFF,20175,0
1790639679.3327723,19,OFF,21175,0
1790639680.3467705,20,OFF,22175,0
1790639681.3055043,21,OFF,23175,0
1790639682.310278,22,OFF,24175,0
1790639683.3303065,23,OFF,25175,0
1790639684.3542008,24,OFF,26175,0
1790639685.304756,25,OFF,27175,0
1790639686.304826,26,OFF,28175,0
1790639687.3188193,27,OFF,29175,0
1790639688.3486116,28,OFF,30175,0
1790639689.3097167,29,OFF,31175,0
1790639690.306323,30,OFF,32175,0
1790639691.3105502,31,OFF,33175,0
1790639692.3388793,32,OFF,34175,0
1790639693.3005526,33,OFF,35175,0
1790639694.3048081,34,OFF,36175,0
1790639695.3069277,35,OFF,37175,0
1790639696.3330023,36,OFF,38175,0
1790639697.345762,37,OFF,39175,0
1790639698.3022108,38,OFF,40175,0
1790639699.3066862,39,OFF,41175,0
1790639700.3307886,40,OFF,42175,0
1790639701.350782,41,OFF,43175,0
1790639702.309393,42,OFF,44175,0
1790639703.3066816,43,OFF,45175,0
1790639704.3159184,44,OFF,46175,0
1790639705.3380313,45,OFF,47175,0
1790639706.3080902,46,OFF,48175,0
1790639707.209427,47,ON,49075,1
1790639707.394849,48,ON,49264,0
1790639708.430917,49,ON,50298,0
1790639712.946364,0,OFF,3172,1
1790639712.9464748,1,OFF,3173,0
1790639713.9490354,2,OFF,4173,0
1790639714.9734306,3,OFF,5173,0
1790639715.9862409,4,OFF,6173,0
1790639716.949819,5,OFF,7173,0
1790639717.95091,6,OFF,8173,0
1790639718.9703999,7,OFF,9173,0
1790639719.9880483,8,OFF,10173,0
1790639720.9449766,9,OFF,11173,0
1790639721.9451337,10,OFF,12173,0
1790639722.950763,11,OFF,13173,0
1790639723.9816022,12,OFF,14173,0
1790639724.9455323,13,OFF,15173,0
1790639725.946225,14,OFF,16173,0
1790639726.9602683,15,OFF,17173,0
1790639727.9681685,16,OFF,18173,0
1790639728.9442346,17,OFF,19173,0
1790639729.9431276,18,OFF,20173,0
1790639730.9468992,19,OFF,21173,0
1790639731.9649968,20,OFF,22173,0
1790639732.9886274,21,OFF,23173,0
1790639733.9460893,22,OFF,24173,0
1790639734.946754,23,OFF,25173,0
1790639735.9548929,24,OFF,26173,0
1790639736.994904,25,OFF,27173,0
1790639737.9500647,26,OFF,28173,0
1790639738.9455318,27,OFF,29173,0
1790639739.956757,28,OFF,30173,0
1790639740.9761596,29,OFF,31173,0
1790639741.9468958,30,OFF,32173,0
1790639742.9545805,31,OFF,33173,0
1790639743.9565187,32,OFF,34173,0
1790639744.9728706,33,OFF,35173,0
1790639745.9868276,34,OFF,36173,0
1790639746.946913,35,OFF,37173,0
1790639747.9469168,36,OFF,38173,0
1790639748.9667506,37,OFF,39173,0
1790639749.9878864,38,OFF,40173,0
1790639750.9504714,39,OFF,41173,0
1790639751.9495828,40,OFF,42173,0
1790639752.9565165,41,OFF,43173,0
1790639753.9789088,42,OFF,44173,0
1790639754.9468946,43,OFF,45173,0
1790639755.9468944,44,OFF,46173,0
1790639756.949541,45,OFF,47173,0
1790639757.976804,46,OFF,48173,0
1790639758.8930874,47,ON,49073,1
1790639759.0364192,48,ON,49262,0
1790639760.070141,49,ON,50296,0
1790639767.130913,0,OFF,5674,1
1790639767.1311102,1,OFF,5675,0
1790639768.1224642,2,OFF,6675,0
1790639769.1348898,3,OFF,7675,0
1790639770.1669211,4,OFF,8675,0
1790639771.1285577,5,OFF,9675,0
1790639772.1215305,6,OFF,10675,0
1790639773.1269505,7,OFF,11675,0
1790639774.1652923,8,OFF,12675,0
1790639775.122372,9,OFF,13675,0
1790639776.1200116,10,OFF,14675,0
1790639777.1269104,11,OFF,15675,0
1790639778.1520588,12,OFF,16675,0
1790639779.1178918,13,OFF,17675,0
1790639780.1182618,14,OFF,18675,0
1790639781.1201138,15,OFF,19675,0
1790639782.1466417,16,OFF,20675,0
1790639783.1658895,17,OFF,21675,0
1790639819.0176032,4,OFF,5672,1
1790639820.029071,5,OFF,6672,0
1790639821.0467808,6,OFF,7672,0
1790639822.012391,7,OFF,8672,0
1790639823.0103736,8,OFF,9672,0
1790639824.034891,9,OFF,10672,0
1790639825.0468817,10,OFF,11672,0
1790639826.008377,11,OFF,12672,0
1790639827.0062501,12,OFF,13672,0
1790639828.0148518,13,OFF,14672,0
1790639829.0445771,14,OFF,15672,0
1790639830.003186,15,OFF,16672,0
1790639831.0068626,16,OFF,17672,0
1790639832.0080712,17,OFF,18672,0
1790639833.0384932,18,OFF,19672,0
1790639834.0068834,19,OFF,20672,0
1790639835.0069315,20,OFF,21672,0
1790639836.012117,21,OFF,22672,0
1790639837.0403419,22,OFF,23672,0
1790639838.0718117,23,OFF,24672,0
1790639839.0038514,24,OFF,25672,0
1790639840.00619,25,OFF,26672,0
1790639841.0254061,26,OFF,27672,0
1790639842.0507414,27,OFF,28672,0
1790639843.006773,28,OFF,29672,0
1790639844.012031,29,OFF,30673,0
1790639845.0142884,30,OFF,31673,0
1790639846.0385692,31,OFF,32673,0
1790639847.0083215,32,OFF,33673,0
1790639848.0068665,33,OFF,34673,0
1790639849.0127652,34,OFF,35673,0
1790639850.03273,35,OFF,36673,0
1790639851.052997,36,OFF,37673,0
1790639852.007728,37,OFF,38673,0
1790639853.0091717,38,OFF,39673,0
1790639854.0306547,39,OFF,40673,0
1790639855.0542147,40,OFF,41673,0
1790639856.013736,41,OFF,42673,0
1790639857.0100586,42,OFF,43673,0
1790639858.030172,43,OFF,44673,0
1790639859.0602832,44,OFF,45673,0
1790639860.0096643,45,OFF,46673,0
1790639861.009688,46,OFF,47673,0
1790639861.9096792,47,ON,48573,1
1790639866.4365451,0,OFF,3172,1
1790639866.6186824,1,OFF,3173,0
1790639866.6228592,2,OFF,4173,0
1790639867.5826015,3,OFF,5173,0
1790639868.5806801,4,OFF,6173,0
1790639869.5948586,5,OFF,7173,0
1790639870.621496,6,OFF,8173,0
1790639871.5788817,7,OFF,9173,0
1790639872.5748262,8,OFF,10173,0
1790639873.5859103,9,OFF,11173,0
1790639874.6161973,10,OFF,12173,0
1790639875.5785975,11,OFF,13173,0
1790639876.5816846,12,OFF,14174,0
1790639877.5908835,13,OFF,15174,0
1790639878.601865,14,OFF,16174,0
1790639879.6218653,15,OFF,17174,0
1790639880.580936,16,OFF,18174,0
1790639881.57777,17,OFF,19174,0
1790639882.6025953,18,OFF,20174,0
1790639883.6187668,19,OFF,21174,0
1790639884.575798,20,OFF,22174,0
1790639885.5788255,21,OFF,23174,0
1790639886.590902,22,OFF,24174,0
1790639887.6148722,23,OFF,25174,0
1790639888.5788875,24,OFF,26174,0
1790639889.5804522,25,OFF,27174,0
1790639890.587031,26,OFF,28174,0
1790639891.6122882,27,OFF,29174,0
1790639892.5828247,28,OFF,30174,0
1790639893.5828848,29,OFF,31174,0
1790639894.5899177,30,OFF,32174,0
1790639895.6068735,31,OFF,33174,0
1790639896.6299686,32,OFF,34175,0
1790639897.5828817,33,OFF,35175,0
1790639898.5817196,34,OFF,36175,0
1790639899.5988195,35,OFF,37175,0
1790639900.6188557,36,OFF,38175,0
1790639901.5816336,37,OFF,39175,0
1790639902.5878308,38,OFF,40175,0
1790639903.5932631,39,OFF,41175,0
1790639904.6139922,40,OFF,42175,0
1790639905.5792868,41,OFF,43175,0
1790639906.5845397,42,OFF,44175,0
1790639907.5804327,43,OFF,45175,0
1790639908.6068888,44,OFF,46175,0
1790639909.5793264,45,OFF,47175,0
1790639910.5877995,46,OFF,48175,0
1790639911.4779227,47,ON,49075,1
1790639914.88358,0,OFF,2673,1
1790639915.3968637,1,OFF,2674,0
1790639915.5117695,2,OFF,3674,0
1790639916.5147884,3,OFF,4674,0
1790639917.5249183,4,OFF,5674,0
1790639918.5418527,5,OFF,6674,0
1790639919.5087612,6,OFF,7674,0
1790639920.5082066,7,OFF,8674,0
1790639921.5217905,8,OFF,9674,0
1790639922.5397847,9,OFF,10674,0
1790639923.5547495,10,OFF,11674,0
1790639924.5078492,11,OFF,12674,0
1790639925.533932,12,OFF,13674,0
1790639926.5348866,13,OFF,14674,0
1790639927.55488,14,OFF,15674,0
1790639928.509345,15,OFF,16674,0
1790639929.5068822,16,OFF,17674,0
1790639930.5250447,17,OFF,18674,0
1790639931.553518,18,OFF,19674,0
1790639932.5089293,19,OFF,20674,0
1790639933.5100133,20,OFF,21674,0
1790639934.5148962,21,OFF,22674,0
1790639935.53853,22,OFF,23674,0
1790639936.5108988,23,OFF,24674,0
1790639937.506119,24,OFF,25674,0
1790639938.5084012,25,OFF,26674,0
1790639939.5365274,26,OFF,27674,0
1790639940.5509036,27,OFF,28674,0
1790639941.5139704,28,OFF,29674,0
1790639942.5098462,29,OFF,30674,0
1790639943.526911,30,OFF,31674,0
1790639944.5574596,31,OFF,32674,0
1790639945.504711,32,OFF,33674,0
1790639946.5134897,33,OFF,34674,0
1790639947.5306597,34,OFF,35674,0
1790639948.5487373,35,OFF,36674,0
1790639949.5087862,36,OFF,37674,0
1790639950.5121222,37,OFF,38674,0
1790639951.5255382,38,OFF,39674,0
1790639952.538427,39,OFF,40674,0
1790639953.5562267,40,OFF,41674,0
1790639954.5108557,41,OFF,42675,0
1790639955.5123289,42,OFF,43675,0
1790639956.5361092,43,OFF,44675,0
1790639957.5612905,44,OFF,45675,0
1790639958.5109248,45,OFF,46675,0
1790639959.5225518,46,OFF,47675,0
1790639963.4097667,0,OFF,2675,0
1790639963.4118521,1,OFF,2676,0
1790639964.422765,2,OFF,3676,0
1790639965.4347548,3,OFF,4676,0
1790639966.3964462,4,OFF,5676,0
1790639967.3930688,5,OFF,6676,0
1790639968.410886,6,OFF,7676,0
1790639969.4383824,7,OFF,8676,0
1790639970.3929641,8,OFF,9676,0
1790639971.4064279,9,OFF,10676,0
1790639972.4068983,10,OFF,11676,0
1790639973.4323277,11,OFF,12676,0
1790639974.3921409,12,OFF,13676,0
1790639975.3941197,13,OFF,14676,0
1790639976.3966064,14,OFF,15676,0
1790639977.4258764,15,OFF,16676,0
1790639978.3935673,16,OFF,17676,0
1790639979.3909035,17,OFF,18676,0
1790639980.391083,18,OFF,19676,0
1790639981.4134784,19,OFF,20676,0
1790639982.437986,20,OFF,21677,0
1790639983.3935697,21,OFF,22677,0
1790639984.394021,22,OFF,23677,0
1790639985.4169056,23,OFF,24677,0
1790639986.4464686,24,OFF,25677,0
1790639987.3920476,25,OFF,26677,0
1790639988.3984568,26,OFF,27677,0
1790639989.4063866,27,OFF,28677,0
1790639990.4256513,28,OFF,29677,0
1790639991.3959465,29,OFF,30677,0
1790639992.3945704,30,OFF,31677,0
1790639993.3945715,31,OFF,32677,0
1790639994.4215236,32,OFF,33677,0
1790639995.397697,33,OFF,34677,0
1790639996.3987057,34,OFF,35677,0
1790639997.4148984,35,OFF,36677,0
1790639998.4132607,36,OFF,37677,0
1790639999.4376445,37,OFF,38677,0
1790640000.3984535,38,OFF,39677,0
1790640001.3915565,39,OFF,40677,0
1790640002.4127944,40,OFF,41677,0
1790640003.4347742,41,OFF,42677,0
1790640004.3947794,42,OFF,43677,0
1790640005.3927667,43,OFF,44677,0
1790640006.400601,44,OFF,45677,0
1790640007.4309125,45,OFF,46677,0
1790640008.394918,46,OFF,47677,0
1790640009.295321,47,ON,48577,1
1790640012.4818406,0,OFF,2672,1
1790640012.9898221,1,OFF,2673,0
1790640013.4719148,2,OFF,3673,0
1790640014.4937983,3,OFF,4673,0
1790640015.5336688,4,OFF,5673,0
1790640016.4745364,5,OFF,6673,0
1790640017.478215,6,OFF,7673,0
1790640018.4853456,7,OFF,8673,0
1790640019.5105271,8,OFF,9673,0
1790640020.4745438,9,OFF,10673,0
1790640021.474932,10,OFF,11673,0
1790640022.4809365,11,OFF,12673,0
1790640023.519805,12,OFF,13673,0
1790640024.4711993,13,OFF,14673,0
1790640025.4708917,14,OFF,15673,0
1790640026.476526,15,OFF,16673,0
1790640027.5428822,16,OFF,17673,0
1790640028.520066,17,OFF,18673,0
1790640029.4782805,18,OFF,19673,0
1790640030.4737759,19,OFF,20673,0
1790640031.4887872,20,OFF,21673,0
1790640032.522534,21,OFF,22673,0
1790640033.4747596,22,OFF,23673,0
1790640034.4730992,23,OFF,24673,0
1790640035.4823313,24,OFF,25673,0
1790640036.5201957,25,OFF,26673,0
1790640037.477878,26,OFF,27673,0
1790640038.4785392,27,OFF,28673,0
1790640039.476416,28,OFF,29673,0
1790640040.501746,29,OFF,30673,0
1790640041.4762237,30,OFF,31673,0
1790640042.474645,31,OFF,32673,0
1790640043.4743454,32,OFF,33673,0
1790640044.4983003,33,OFF,34673,0
1790640045.5227463,34,OFF,35673,0
1790640046.4772224,35,OFF,36673,0
1790640047.4749002,36,OFF,37673,0
1790640048.490666,37,OFF,38673,0
1790640049.5128016,38,OFF,39673,0
1790640050.480852,39,OFF,40673,0
1790640051.4799016,40,OFF,41673,0
1790640052.4840353,41,OFF,42673,0
1790640053.5146601,42,OFF,43674,0
1790640089.8626556,17,OFF,31172,1
1790640090.8907592,18,OFF,32172,0
1790640091.856019,19,OFF,33172,0
1790640092.8548868,20,OFF,34172,0
1790640093.8560772,21,OFF,35172,0
1790640094.8744857,22,OFF,36172,0
1790640095.9056163,23,OFF,37172,0
1790640096.864867,24,OFF,38172,0
1790640097.8580372,25,OFF,39172,0
1790640098.86967,26,OFF,40172,0
1790640099.898869,27,OFF,41172,0
1790640100.8581898,28,OFF,42172,0
1790640101.8575957,29,OFF,43173,0
1790640102.8689785,30,OFF,44173,0
1790640103.8937278,31,OFF,45173,0
1790640104.862766,32,OFF,46173,0
1790640105.8513303,33,OFF,47173,0
1790640106.856444,34,OFF,48173,0
1790640107.88865,35,OFF,49173,0
1790640108.8572803,36,OFF,50173,0
1790640109.8564146,37,OFF,51173,0
1790640110.8528197,38,OFF,52173,0
1790640111.8800411,39,OFF,53173,0
1790640112.9058845,40,OFF,54173,0
1790640113.8545403,41,OFF,55173,0
1790640114.8570957,42,OFF,56173,0
1790640115.8767073,43,OFF,57173,0
1790640116.897278,44,OFF,58173,0
1790640117.8552191,45,OFF,59173,0
1790640118.8611937,46,OFF,60173,0
1790640119.7602587,47,ON,61073,1
1790640123.7778432,0,OFF,3671,1
1790640123.7779248,1,OFF,3672,0
1790640124.7827897,2,OFF,4672,0
1790640125.8116283,3,OFF,5672,0
1790640126.7649646,4,OFF,6672,0
1790640127.7705095,5,OFF,7672,0
1790640128.7828841,6,OFF,8672,0
1790640129.7985828,7,OFF,9672,0
1790640130.7648697,8,OFF,10672,0
1790640131.7596176,9,OFF,11672,0
1790640132.7655473,10,OFF,12672,0
1790640133.7869027,11,OFF,13672,0
1790640134.7652168,12,OFF,14672,0
1790640135.7740998,13,OFF,15672,0
1790640136.7644563,14,OFF,16672,0
1790640137.7837381,15,OFF,17672,0
1790640138.809274,16,OFF,18672,0
1790640139.7662172,17,OFF,19672,0
1790640140.7709012,18,OFF,20672,0
1790640141.7759726,19,OFF,21672,0
1790640142.8167877,20,OFF,22672,0
1790640143.7653253,21,OFF,23672,0
1790640144.76395,22,OFF,24672,0
1790640145.7741537,23,OFF,25672,0
1790640146.8004267,24,OFF,26672,0
1790640147.854488,25,OFF,27672,0
1790640148.7619028,26,OFF,28672,0
1790640149.7674174,27,OFF,29672,0
1790640150.786465,28,OFF,30672,0
1790640151.8085034,29,OFF,31672,0
1790640152.7605045,30,OFF,32672,0
1790640153.7688835,31,OFF,33672,0
1790640154.7827928,32,OFF,34672,0
1790640155.8148885,33,OFF,35672,0
1790640156.7698243,34,OFF,36672,0
1790640157.7685547,35,OFF,37672,0
1790640158.7763402,36,OFF,38672,0
1790640159.806728,37,OFF,39672,0
1790640160.76648,38,OFF,40672,0
1790640161.7616081,39,OFF,41672,0
1790640162.7681913,40,OFF,42672,0
1790640163.7930515,41,OFF,43672,0
1790640164.7651126,42,OFF,44672,0
1790640165.7596,43,OFF,45672,0
1790640166.7667446,44,OFF,46672,0
1790640167.790934,45,OFF,47672,0
1790640168.805908,46,OFF,48672,0
1790640169.6705816,47,ON,49572,1
1790640169.855857,48,ON,49761,0
1790640170.888213,49,ON,50795,0
1790640173.9383528,0,OFF,2671,1
1790640174.4468238,1,OFF,2672,0
1790640174.9609861,2,OFF,3672,0
1790640175.913682,3,OFF,4672,0
1790640176.9147701,4,OFF,5672,0
1790640177.9327357,5,OFF,6672,0
1790640178.9541788,6,OFF,7672,0
1790640179.9125817,7,OFF,8672,0
1790640180.9181952,8,OFF,9672,0
1790640181.921797,9,OFF,10672,0
1790640182.949012,10,OFF,11672,0
1790640183.9127755,11,OFF,12672,0
1790640184.9171588,12,OFF,13672,0
1790640185.9225001,13,OFF,14672,0
1790640186.934775,14,OFF,15672,0
1790640187.9549043,15,OFF,16672,0
1790640188.9168487,16,OFF,17672,0
1790640189.9108589,17,OFF,18672,0
1790640190.934894,18,OFF,19672,0
1790640191.95779,19,OFF,20672,0
1790640192.9126992,20,OFF,21672,0
1790640193.9132092,21,OFF,22672,0
1790640194.926795,22,OFF,23672,0
1790640195.9520953,23,OFF,24672,0
1790640196.9136698,24,OFF,25672,0
1790640197.90984,25,OFF,26672,0
1790640198.9166648,26,OFF,27672,0
1790640199.9409297,27,OFF,28672,0
1790640200.91471,28,OFF,29672,0
1790640201.9148617,29,OFF,30672,0
1790640202.9143481,30,OFF,31672,0
1790640203.9383755,31,OFF,32672,0
1790640204.9547677,32,OFF,33672,0
1790640205.9118006,33,OFF,34672,0
1790640206.9163673,34,OFF,35673,0
1790640207.9325466,35,OFF,36673,0
1790640208.9588916,36,OFF,37673,0
1790640209.9163275,37,OFF,38673,0
1790640210.9129124,38,OFF,39673,0
1790640211.926553,39,OFF,40673,0
1790640212.9465785,40,OFF,41673,0
1790640213.914889,41,OFF,42673,0
1790640214.9181986,42,OFF,43673,0
1790640215.918883,43,OFF,44673,0
1790640216.9380608,44,OFF,45673,0
1790640217.9628146,45,OFF,46673,0
1790640218.9173577,46,OFF,47673,0
1790640219.8148725,47,ON,48573,1
1790640222.996588,0,OFF,2671,1
1790640222.9967942,1,OFF,2672,0
1790640224.00971,2,OFF,3672,0
1790640225.036473,3,OFF,4672,0
1790640225.9894278,4,OFF,5672,0
1790640226.9892483,5,OFF,6672,0
1790640228.002074,6,OFF,7672,0
1790640229.0280693,7,OFF,8672,0
1790640229.9887102,8,OFF,9672,0
1790640230.9880545,9,OFF,10672,0
1790640231.9908426,10,OFF,11672,0
1790640233.0228279,11,OFF,12672,0
1790640233.9846637,12,OFF,13672,0
1790640234.987718,13,OFF,14672,0
1790640235.9936376,14,OFF,15672,0
1790640237.0189092,15,OFF,16672,0
1790640238.0300677,16,OFF,17672,0
1790640238.9882412,17,OFF,18672,0
1790640239.985203,18,OFF,19672,0
1790640241.0108943,19,OFF,20672,0
1790640242.0365357,20,OFF,21672,0
1790640242.9867725,21,OFF,22672,0
1790640244.0018847,22,OFF,23672,0
1790640245.0014758,23,OFF,24672,0
1790640246.0226326,24,OFF,25672,0
1790640246.9906375,25,OFF,26672,0
1790640247.9858267,26,OFF,27672,0
1790640248.9949112,27,OFF,28672,0
1790640250.0140138,28,OFF,29672,0
1790640250.989126,29,OFF,30672,0
1790640251.9905217,30,OFF,31672,0
1790640252.9897864,31,OFF,32672,0
1790640254.0170138,32,OFF,33672,0
1790640255.029265,33,OFF,34672,0
1790640255.9900732,34,OFF,35672,0
1790640256.9984162,35,OFF,36673,0
1790640258.0029085,36,OFF,37673,0
1790640259.0268586,37,OFF,38673,0
1790640259.9896135,38,OFF,39673,0
1790640260.9895146,39,OFF,40673,0
1790640261.9994977,40,OFF,41673,0
1790640263.0218537,41,OFF,42673,0
1790640263.9859056,42,OFF,43673,0
1790640264.990443,43,OFF,44673,0
1790640265.9928648,44,OFF,45673,0
1790640267.0205262,45,OFF,46673,0
1790640268.034847,46,OFF,47673,0
1790640268.890367,47,ON,48573,1
1790640269.0781496,48,ON,48762,0
1790640270.112625,49,ON,49796,0
1790640271.1479821,50,ON,50830,0
1790640272.1818144,51,ON,51864,0
1790640273.2569542,52,ON,52898,0
1790640278.2823048,0,OFF,3671,1
1790640278.795078,1,OFF,3672,0
1790640279.2268167,2,OFF,4672,0
1790640280.2268806,3,OFF,5672,0
1790640281.2573388,4,OFF,6672,0
1790640282.2763922,5,OFF,7672,0
1790640283.221549,6,OFF,8672,0
1790640284.2236385,7,OFF,9672,0
1790640285.2478843,8,OFF,10672,0
1790640286.2721853,9,OFF,11672,0
1790640287.2263916,10,OFF,12672,0
1790640288.226393,11,OFF,13672,0
1790640289.2403214,12,OFF,14672,0
1790640290.265942,13,OFF,15672,0
1790640291.2269344,14,OFF,16672,0
1790640292.2244623,15,OFF,17672,0
1790640293.2302983,16,OFF,18672,0
1790640294.2589307,17,OFF,19672,0
1790640295.2728572,18,OFF,20672,0
1790640296.226669,19,OFF,21672,0
1790640297.2309303,20,OFF,22672,0
1790640298.2526562,21,OFF,23672,0
1790640299.277385,22,OFF,24672,0
1790640300.229513,23,OFF,25672,0
1790640301.2288325,24,OFF,26672,0
1790640302.250016,25,OFF,27672,0
1790640303.277957,26,OFF,28672,0
1790640304.2237017,27,OFF,29672,0
1790640305.226756,28,OFF,30672,0
1790640306.234468,29,OFF,31672,0
1790640307.2641342,30,OFF,32672,0
1790640308.2269042,31,OFF,33672,0
1790640309.2256892,32,OFF,34672,0
1790640310.232818,33,OFF,35672,0
1790640311.2588713,34,OFF,36672,0
1790640312.2709188,35,OFF,37672,0
1790640313.246552,36,OFF,38672,0
1790640314.2284665,37,OFF,39672,0
1790640315.248901,38,OFF,40672,0
1790640316.2807698,39,OFF,41672,0
1790640317.230046,40,OFF,42672,0
1790640318.2269032,41,OFF,43672,0
1790640319.2469263,42,OFF,44672,0
1790640320.2669208,43,OFF,45673,0
1790640321.2308896,44,OFF,46673,0
1790640322.2289672,45,OFF,47673,0
1790640323.2376993,46,OFF,48673,0
1790640360.1147978,34,OFF,35673,1
1790640361.1257436,35,OFF,36673,0
1790640362.147697,36,OFF,37673,0
1790640363.1208396,37,OFF,38673,0
1790640364.1129956,38,OFF,39673,0
1790640365.1182458,39,OFF,40673,0
1790640366.1451488,40,OFF,41673,0
1790640367.1122339,41,OFF,42673,0
1790640368.1135778,42,OFF,43673,0
1790640369.113221,43,OFF,44673,0
1790640370.137317,44,OFF,45673,0
1790640371.1529555,45,OFF,46673,0
1790640372.1109054,46,OFF,47673,0
1790640373.012639,47,ON,48573,1
1790640376.6988797,0,OFF,3174,1
1790640377.1963322,1,OFF,3175,0
1790640377.7108629,2,OFF,4175,0
1790640378.6789649,3,OFF,5175,0
1790640379.6805809,4,OFF,6175,0
1790640380.6868043,5,OFF,7175,0
1790640381.7189088,6,OFF,8175,0
1790640382.678884,7,OFF,9175,0
1790640383.6751757,8,OFF,10175,0
1790640384.680841,9,OFF,11175,0
1790640385.6984153,10,OFF,12175,0
1790640386.7207367,11,OFF,13175,0
1790640387.6810925,12,OFF,14175,0
1790640388.677112,13,OFF,15175,0
1790640389.6988988,14,OFF,16175,0
1790640390.7193134,15,OFF,17175,0
1790640391.6826546,16,OFF,18175,0
1790640392.679991,17,OFF,19175,0
1790640393.6868687,18,OFF,20175,0
1790640394.7136903,19,OFF,21175,0
1790640395.677853,20,OFF,22175,0
1790640396.682916,21,OFF,23175,0
1790640397.6828997,22,OFF,24175,0
1790640398.709125,23,OFF,25175,0
1790640399.725733,24,OFF,26175,0
1790640400.6856234,25,OFF,27175,0
1790640401.678826,26,OFF,28175,0
1790640402.7012339,27,OFF,29175,0
1790640403.736581,28,OFF,30175,0
1790640404.6826348,29,OFF,31175,0
1790640405.68654,30,OFF,32175,0
1790640406.7027514,31,OFF,33175,0
1790640407.7216375,32,OFF,34175,0
1790640408.6827722,33,OFF,35175,0
1790640409.6783047,34,OFF,36175,0
1790640410.6887333,35,OFF,37175,0
1790640411.7093337,36,OFF,38175,0
1790640412.7283092,37,OFF,39175,0
1790640413.681354,38,OFF,40175,0
1790640414.6909468,39,OFF,41175,0
1790640415.7140186,40,OFF,42175,0
1790640416.722124,41,OFF,43175,0
1790640417.680583,42,OFF,44175,0
1790640418.6836681,43,OFF,45175,0
1790640419.6988878,44,OFF,46175,0
1790640420.7253194,45,OFF,47175,0
1790640421.6774006,46,OFF,48175,0
1790640422.581966,47,ON,49075,1
1790640422.772031,48,ON,49264,0
1790640423.8019433,49,ON,50298,0
1790640424.8387558,50,ON,51332,0
1790640425.8722045,51,ON,52366,0
1790640426.906259,52,ON,53400,0
1790640427.986189,53,ON,54434,0
1790640431.9978225,0,OFF,2671,1
1790640431.9980059,1,OFF,2672,0
1790640433.0258577,2,OFF,3672,0
1790640433.9543073,3,OFF,4672,0
1790640434.9576643,4,OFF,5672,0
1790640435.9828806,5,OFF,6672,0
1790640436.9519932,6,OFF,7672,0
1790640437.9549692,7,OFF,8672,0
1790640438.9532297,8,OFF,9672,0
1790640439.978904,9,OFF,10672,0
1790640441.0024245,10,OFF,11672,0
1790640441.9542375,11,OFF,12672,0
1790640442.9572725,12,OFF,13672,0
1790640443.9667,13,OFF,14672,0
1790640444.9886458,14,OFF,15672,0
1790640445.954622,15,OFF,16672,0
1790640446.9773982,16,OFF,17672,0
1790640447.9719937,17,OFF,18672,0
1790640448.9892004,18,OFF,19672,0
1790640449.953669,19,OFF,20672,0
1790640450.9549112,20,OFF,21672,0
1790640451.9567065,21,OFF,22672,0
1790640452.980455,22,OFF,23672,0
1790640453.9989362,23,OFF,24672,0
1790640454.9538825,24,OFF,25672,0
1790640455.9647186,25,OFF,26672,0
1790640456.9733498,26,OFF,27672,0
1790640457.9986546,27,OFF,28672,0
1790640458.9613616,28,OFF,29672,0
1790640459.9537208,29,OFF,30672,0
1790640460.964371,30,OFF,31672,0
1790640461.988575,31,OFF,32672,0
1790640462.9548519,32,OFF,33672,0
1790640463.9531417,33,OFF,34672,0
1790640464.961431,34,OFF,35672,0
1790640465.9858181,35,OFF,36672,0
1790640466.954839,36,OFF,37672,0
1790640467.9549077,37,OFF,38673,0
1790640468.958232,38,OFF,39673,0
1790640469.9788775,39,OFF,40673,0
1790640471.0054212,40,OFF,41673,0
1790640471.9568498,41,OFF,42673,0
1790640472.956905,42,OFF,43673,0
1790640473.976775,43,OFF,44673,0
1790640475.001964,44,OFF,45673,0
1790640475.9604886,45,OFF,46673,0
1790640476.954846,46,OFF,47673,0
1790640477.8645022,47,ON,48573,1
1790640481.0372534,0,OFF,2676,1
1790640481.0379977,1,OFF,2677,0
1790640482.0660655,2,OFF,3677,0
1790640483.0786638,3,OFF,4677,0
1790640484.0340796,4,OFF,5677,0
1790640485.0326185,5,OFF,6677,0
1790640486.0582428,6,OFF,7677,0
1790640487.0721903,7,OFF,8677,0
1790640488.0328486,8,OFF,9677,0
1790640489.033827,9,OFF,10677,0
1790640490.050013,10,OFF,11677,0
1790640491.072096,11,OFF,12677,0
1790640492.0309453,12,OFF,13677,0
1790640493.0336971,13,OFF,14677,0
1790640494.0445445,14,OFF,15677,0
1790640495.0720596,15,OFF,16677,0
1790640496.0305142,16,OFF,17677,0
1790640497.0300822,17,OFF,18677,0
1790640498.0389102,18,OFF,19677,0
1790640499.0693712,19,OFF,20677,0
1790640500.0307438,20,OFF,21677,0
1790640501.029738,21,OFF,22677,0
1790640502.0342796,22,OFF,23677,0
1790640503.0549119,23,OFF,24677,0
1790640504.0730848,24,OFF,25677,0
1790640505.0305538,25,OFF,26677,0
1790640506.0383053,26,OFF,27677,0
1790640507.0485902,27,OFF,28677,0
1790640508.0727053,28,OFF,29677,0
1790640509.030765,29,OFF,30677,0
1790640510.0308158,30,OFF,31677,0
1790640511.0459406,31,OFF,32677,0
1790640512.0694628,32,OFF,33677,0
1790640513.0322967,33,OFF,34677,0
1790640514.0343947,34,OFF,35677,0
1790640515.0331085,35,OFF,36677,0
1790640516.0601087,36,OFF,37677,0
1790640517.077382,37,OFF,38677,0
1790640518.0296254,38,OFF,39677,0
1790640519.0339084,39,OFF,40677,0
1790640520.0622368,40,OFF,41677,0
1790640521.0827758,41,OFF,42677,0
1790640522.036103,42,OFF,43677,0
1790640523.0366838,43,OFF,44677,0
1790640524.0578454,44,OFF,45677,0
1790640525.069968,45,OFF,46677,0
1790640526.0307581,46,OFF,47677,0
1790640526.9427752,47,ON,48578,1
1790640527.126781,48,ON,48767,0
1790640528.1565087,49,ON,49801,0
1790640532.1853151,0,OFF,3672,1
1790640532.1855876,1,OFF,3673,0
1790640533.1817014,2,OFF,4673,0
1790640534.1821833,3,OFF,5673,0
1790640535.229636,4,OFF,6673,0
1790640536.2237647,5,OFF,7673,0
1790640537.1824474,6,OFF,8673,0
1790640538.1909137,7,OFF,9673,0
1790640539.2007577,8,OFF,10673,0
1790640540.2442057,9,OFF,11673,0
1790640541.1799407,10,OFF,12673,0
1790640542.1807148,11,OFF,13673,0
1790640543.1989162,12,OFF,14673,0
1790640544.2533092,13,OFF,15673,0
1790640545.1883821,14,OFF,16673,0
1790640546.1776512,15,OFF,17673,0
1790640547.1836035,16,OFF,18673,0
1790640548.2147465,17,OFF,19673,0
1790640549.184457,18,OFF,20673,0
1790640550.1844487,19,OFF,21673,0
1790640551.1844757,20,OFF,22673,0
1790640552.2123287,21,OFF,23673,0
1790640553.22429,22,OFF,24673,0
1790640554.1789095,23,OFF,25673,0
1790640555.1827028,24,OFF,26673,0
1790640556.2098308,25,OFF,27673,0
1790640557.2268522,26,OFF,28673,0
1790640558.1773617,27,OFF,29673,0
1790640559.1848538,28,OFF,30673,0
1790640560.1951087,29,OFF,31673,0
1790640561.2213578,30,OFF,32674,0
1790640562.1825948,31,OFF,33674,0
1790640563.1815157,32,OFF,34674,0
1790640564.1898525,33,OFF,35674,0
1790640565.209025,34,OFF,36674,0
1790640566.1785338,35,OFF,37674,0
1790640567.1816757,36,OFF,38674,0
1790640568.1827514,37,OFF,39674,0
1790640569.2103965,38,OFF,40674,0
1790640570.234907,39,OFF,41674,0
1790640571.1869154,40,OFF,42674,0
1790640572.1839292,41,OFF,43674,0
1790640573.2079747,42,OFF,44674,0
1790640574.2248576,43,OFF,45674,0
1790640575.1811976,44,OFF,46674,0
1790640576.178896,45,OFF,47674,0
1790640577.1948152,46,OFF,48674,0
1790640581.0856078,0,OFF,2672,0
1790640581.6092734,1,OFF,2673,0
1790640582.114124,2,OFF,3674,0
1790640583.14611,3,OFF,4674,0
1790640584.0806782,4,OFF,5674,0
1790640585.0787609,5,OFF,6674,0
1790640586.1131911,6,OFF,7674,0
1790640587.1198711,7,OFF,8674,0
1790640588.0787323,8,OFF,9674,0
1790640589.0806193,9,OFF,10674,0
1790640590.0967402,10,OFF,11674,0
1790640591.125723,11,OFF,12674,0
1790640592.0824232,12,OFF,13674,0
1790640593.0767996,13,OFF,14674,0
1790640594.0904534,14,OFF,15674,0
1790640595.122922,15,OFF,16674,0
1790640630.2775915,51,ON,51866,1
1790640631.3598716,52,ON,52900,0
1790640635.6807425,0,OFF,2672,1
1790640635.680824,1,OFF,2673,0
1790640636.3251736,2,OFF,3673,0
1790640637.3228037,3,OFF,4673,0
1790640638.3388915,4,OFF,5673,0
1790640639.352822,5,OFF,6673,0
1790640640.3202543,6,OFF,7673,0
1790640641.322151,7,OFF,8673,0
1790640642.3212118,8,OFF,9673,0
1790640643.3462965,9,OFF,10673,0
1790640644.3628957,10,OFF,11673,0
1790640645.3344512,11,OFF,12673,0
1790640646.318736,12,OFF,13673,0
1790640647.3418214,13,OFF,14673,0
1790640648.3667665,14,OFF,15673,0
1790640649.3200288,15,OFF,16673,0
1790640650.3223526,16,OFF,17673,0
1790640651.3332944,17,OFF,18673,0
1790640652.3759775,18,OFF,19673,0
1790640653.3188577,19,OFF,20673,0
1790640654.3217564,20,OFF,21673,0
1790640655.32689,21,OFF,22673,0
1790640656.3537765,22,OFF,23673,0
1790640657.324086,23,OFF,24673,0
1790640658.3242738,24,OFF,25674,0
1790640659.322891,25,OFF,26674,0
1790640660.3527524,26,OFF,27674,0
1790640661.3612137,27,OFF,28674,0
1790640662.3227122,28,OFF,29674,0
1790640663.3228903,29,OFF,30674,0
1790640664.338872,30,OFF,31674,0
1790640665.3669288,31,OFF,32674,0
1790640666.32276,32,OFF,33674,0
1790640667.3227541,33,OFF,34674,0
1790640668.3346376,34,OFF,35674,0
1790640669.3604743,35,OFF,36674,0
1790640670.3201826,36,OFF,37674,0
1790640671.321602,37,OFF,38674,0
1790640672.3308184,38,OFF,39674,0
1790640673.3520944,39,OFF,40674,0
1790640674.3865929,40,OFF,41674,0
1790640675.3225822,41,OFF,42674,0
1790640676.3268702,42,OFF,43674,0
1790640677.34013,43,OFF,44674,0
1790640678.368706,44,OFF,45675,0
1790640679.321441,45,OFF,46675,0
1790640680.3268974,46,OFF,47675,0
1790640684.2259521,0,OFF,2677,0
1790640684.7272012,1,OFF,2678,0
1790640685.232159,2,OFF,3678,0
1790640686.2706573,3,OFF,4678,0
1790640687.2136934,4,OFF,5678,0
1790640688.2109017,5,OFF,6678,0
1790640689.2227583,6,OFF,7678,0
1790640690.2467701,7,OFF,8678,0
1790640691.26252,8,OFF,9678,0
1790640692.2211242,9,OFF,10678,0
1790640693.2149034,10,OFF,11678,0
1790640694.2370114,11,OFF,12678,0
1790640695.257027,12,OFF,13678,0
1790640696.215765,13,OFF,14678,0
1790640697.2202613,14,OFF,15678,0
1790640698.2402534,15,OFF,16678,0
1790640699.2579489,16,OFF,17678,0
1790640700.218932,17,OFF,18678,0
1790640701.2154799,18,OFF,19679,0
1790640702.226941,19,OFF,20679,0
1790640703.253075,20,OFF,21679,0
1790640704.2189286,21,OFF,22679,0
1790640705.2161813,22,OFF,23679,0
1790640706.2207963,23,OFF,24679,0
1790640707.2707868,24,OFF,25679,0
1790640708.2610962,25,OFF,26679,0
1790640709.2160292,26,OFF,27679,0
1790640710.2229307,27,OFF,28679,0
1790640711.241776,28,OFF,29679,0
1790640712.2672153,29,OFF,30679,0
1790640713.2139726,30,OFF,31679,0
1790640714.2166846,31,OFF,32679,0
1790640715.230923,32,OFF,33679,0
1790640716.2572825,33,OFF,34679,0
1790640717.2189164,34,OFF,35679,0
1790640718.2188745,35,OFF,36679,0
1790640719.2292988,36,OFF,37679,0
1790640720.2543774,37,OFF,38680,0
1790640721.2664363,38,OFF,39680,0
1790640722.2181244,39,OFF,40680,0
1790640723.2348244,40,OFF,41680,0
1790640724.2403243,41,OFF,42680,0
1790640725.2644722,42,OFF,43680,0
1790640726.2156994,43,OFF,44680,0
1790640727.2166567,44,OFF,45680,0
1790640728.2334952,45,OFF,46680,0
1790640729.2707582,46,OFF,47680,0
1790640730.1137576,47,ON,48580,1
1790640730.3079116,48,ON,48769,0
1790640731.3497558,49,ON,49803,0
1790640732.3760567,50,ON,50837,0
1790640733.409049,51,ON,51871,0
1790640737.7832327,0,OFF,2672,1
1790640737.7851627,1,OFF,2673,0
1790640738.4257581,2,OFF,3673,0
1790640739.4260497,3,OFF,4673,0
1790640740.424849,4,OFF,5673,0
1790640741.4505854,5,OFF,6673,0
1790640742.463904,6,OFF,7673,0
1790640743.4268682,7,OFF,8673,0
1790640744.4252105,8,OFF,9673,0
1790640745.4381502,9,OFF,10673,0
1790640746.4668849,10,OFF,11673,0
1790640747.4282334,11,OFF,12673,0
1790640748.4265716,12,OFF,13673,0
1790640749.4389267,13,OFF,14673,0
1790640750.4625115,14,OFF,15673,0
1790640751.4223986,15,OFF,16673,0
1790640752.4229136,16,OFF,17673,0
1790640753.429955,17,OFF,18673,0
1790640754.454561,18,OFF,19673,0
1790640755.4220438,19,OFF,20673,0
1790640756.4228919,20,OFF,21673,0
1790640757.4224224,21,OFF,22673,0
1790640758.4613621,22,OFF,23673,0
1790640759.474341,23,OFF,24673,0
1790640760.4320176,24,OFF,25673,0
1790640761.422896,25,OFF,26673,0
1790640762.4469123,26,OFF,27673,0
1790640763.4709122,27,OFF,28673,0
1790640764.4228172,28,OFF,29673,0
1790640765.420842,29,OFF,30673,0
1790640766.4358432,30,OFF,31673,0
1790640767.4600055,31,OFF,32673,0
1790640768.419874,32,OFF,33673,0
1790640769.4297447,33,OFF,34673,0
1790640770.4267719,34,OFF,35673,0
1790640771.455011,35,OFF,36673,0
1790640772.4229193,36,OFF,37673,0
1790640773.4226592,37,OFF,38673,0
1790640774.4291124,38,OFF,39673,0
1790640775.4508896,39,OFF,40673,0
1790640776.4771109,40,OFF,41673,0
1790640777.430173,41,OFF,42673,0
1790640778.423367,42,OFF,43674,0
1790640779.4389007,43,OFF,44674,0
1790640780.4623337,44,OFF,45674,0
1790640781.428935,45,OFF,46674,0
1790640782.4258275,46,OFF,47674,0
1790640783.3249726,47,ON,48574,1
1790640798.5022898,0,OFF,14671,1
1790640798.5025172,1,OFF,14672,0
1790640799.5110435,2,OFF,15672,0
1790640800.534134,3,OFF,16672,0
1790640801.4988475,4,OFF,17672,0
1790640802.494328,5,OFF,18672,0
1790640803.5028858,6,OFF,19672,0
1790640804.5302157,7,OFF,20672,0
1790640805.4931479,8,OFF,21672,0
1790640806.4907742,9,OFF,22672,0
1790640807.496875,10,OFF,23672,0
1790640808.5205615,11,OFF,24672,0
1790640809.5387454,12,OFF,25672,0
1790640810.4981925,13,OFF,26672,0
1790640811.4944046,14,OFF,27673,0
1790640812.5359461,15,OFF,28673,0
1790640813.538889,16,OFF,29673,0
1790640814.494172,17,OFF,30673,0
1790640815.4937575,18,OFF,31673,0
1790640816.5164213,19,OFF,32673,0
1790640817.530882,20,OFF,33674,0
1790640818.4940317,21,OFF,34674,0
1790640819.5009933,22,OFF,35674,0
1790640820.5051825,23,OFF,36674,0
1790640821.5348916,24,OFF,37674,0
1790640822.4983068,25,OFF,38674,0
1790640823.5061154,26,OFF,39674,0
1790640824.4949133,27,OFF,40674,0
1790640825.526882,28,OFF,41674,0
1790640826.5347776,29,OFF,42674,0
1790640827.4947653,30,OFF,43674,0
1790640828.5048003,31,OFF,44674,0
1790640829.5133176,32,OFF,45674,0
1790640830.537814,33,OFF,46674,0
1790640831.494727,34,OFF,47674,0
1790640832.498683,35,OFF,48674,0
1790640833.5138237,36,OFF,49674,0
1790640834.5263155,37,OFF,50674,0
1790640835.4944496,38,OFF,51674,0
1790640836.4949133,39,OFF,52674,0
1790640837.5018187,40,OFF,53674,0
1790640838.5342448,41,OFF,54674,0
1790640839.496056,42,OFF,55674,0
1790640840.4968493,43,OFF,56674,0
1790640841.4983811,44,OFF,57674,0
1790640842.523541,45,OFF,58674,0
1790640843.5404513,46,OFF,59674,0
1790640844.3949022,47,ON,60574,1
1790640847.837951,0,OFF,2672,1
1790640848.3472416,1,OFF,2673,0
1790640848.4612248,2,OFF,3673,0
1790640849.4151905,3,OFF,4673,0
1790640850.4330668,4,OFF,5673,0
1790640851.426774,5,OFF,6673,0
1790640852.4589007,6,OFF,7673,0
1790640853.4229202,7,OFF,8673,0
1790640854.4938896,8,OFF,9673,0
1790640855.4223156,9,OFF,10673,0
1790640856.4463065,10,OFF,11673,0
1790640857.46876,11,OFF,12673,0
1790640858.4206686,12,OFF,13673,0
1790640859.4273179,13,OFF,14673,0
1790640860.438748,14,OFF,15673,0
1790640861.4734495,15,OFF,16673,0
1790640862.421672,16,OFF,17673,0
1790640863.4177055,17,OFF,18673,0
1790640864.4841027,18,OFF,19673,0
1790640865.462016,19,OFF,20673,0
1790640901.6002402,5,OFF,7675,1
1790640902.6286643,6,OFF,8675,0
1790640903.5907795,7,OFF,9675,0
1790640904.5922785,8,OFF,10675,0
1790640905.6085086,9,OFF,11675,0
1790640906.6233597,10,OFF,12675,0
1790640907.5891578,11,OFF,13675,0
1790640908.5931349,12,OFF,14676,0
1790640909.5910084,13,OFF,15676,0
1790640910.6228383,14,OFF,16676,0
1790640911.586818,15,OFF,17676,0
1790640912.5941787,16,OFF,18676,0
1790640913.588947,17,OFF,19676,0
1790640914.6174963,18,OFF,20676,0
1790640915.6372344,19,OFF,21676,0
1790640916.592782,20,OFF,22676,0
1790640917.5893927,21,OFF,23676,0
1790640918.6108987,22,OFF,24676,0
1790640919.6268814,23,OFF,25676,0
1790640920.5891252,24,OFF,26676,0
1790640921.58472,25,OFF,27676,0
1790640922.5993166,26,OFF,28676,0
1790640923.6255498,27,OFF,29676,0
1790640924.5838654,28,OFF,30676,0
1790640925.588036,29,OFF,31676,0
1790640926.5901394,30,OFF,32676,0
1790640927.6139357,31,OFF,33676,0
1790640928.6338696,32,OFF,34676,0
1790640929.5883548,33,OFF,35676,0
1790640930.586375,34,OFF,36676,0
1790640931.610082,35,OFF,37676,0
1790640932.6480663,36,OFF,38676,0
1790640933.6457822,37,OFF,39676,0
1790640934.5962982,38,OFF,40676,0
1790640935.6032598,39,OFF,41676,0
1790640936.6271026,40,OFF,42676,0
1790640937.5906634,41,OFF,43676,0
1790640938.5894408,42,OFF,44676,0
1790640939.5948741,43,OFF,45676,0
1790640940.6220555,44,OFF,46677,0
1790640941.6362183,45,OFF,47677,0
1790640942.606903,46,OFF,48677,0
1790640943.4979925,47,ON,49577,1
1790640946.6694276,0,OFF,2674,1
1790640946.6695828,1,OFF,2675,0
1790640947.6846368,2,OFF,3675,0
1790640948.7101705,3,OFF,4675,0
1790640949.662762,4,OFF,5675,0
1790640950.6641233,5,OFF,6675,0
1790640951.688365,6,OFF,7675,0
1790640952.7015917,7,OFF,8675,0
1790640953.6577294,8,OFF,9675,0
1790640954.6628683,9,OFF,10675,0
1790640955.6740103,10,OFF,11675,0
1790640956.696561,11,OFF,12676,0
1790640957.6660104,12,OFF,13676,0
1790640958.666895,13,OFF,14676,0
1790640959.6664379,14,OFF,15676,0
1790640960.6938307,15,OFF,16676,0
1790640961.7298899,16,OFF,17676,0
1790640962.6626663,17,OFF,18676,0
1790640963.6627643,18,OFF,19676,0
1790640964.6948876,19,OFF,20676,0
1790640965.7070181,20,OFF,21676,0
1790640966.6631384,21,OFF,22676,0
1790640967.67394,22,OFF,23676,0
1790640968.67832,23,OFF,24676,0
1790640969.7013228,24,OFF,25676,0
1790640970.6700065,25,OFF,26676,0
1790640971.662885,26,OFF,27676,0
1790640972.6788902,27,OFF,28676,0
1790640973.7015839,28,OFF,29676,0
1790640974.6627676,29,OFF,30676,0
1790640975.66485,30,OFF,31677,0
1790640976.6689537,31,OFF,32677,0
1790640977.6903505,32,OFF,33677,0
1790640978.7057636,33,OFF,34677,0
1790640979.662887,34,OFF,35677,0
1790640980.662893,35,OFF,36677,0
1790640981.6821764,36,OFF,37677,0
1790640982.7080529,37,OFF,38677,0
1790640983.6659052,38,OFF,39677,0
1790640984.6637228,39,OFF,40677,0
1790640985.6842716,40,OFF,41677,0
1790640986.7089427,41,OFF,42677,0
1790640987.6653092,42,OFF,43677,0
1790640988.6627023,43,OFF,44677,0
1790640989.6690452,44,OFF,45677,0
1790640990.6987643,45,OFF,46677,0
1790640991.7507424,46,OFF,47677,0
1790640992.5674884,47,ON,48577,1
1790640992.7574532,48,ON,48766,0
1790640993.7904725,49,ON,49800,0
1790640994.8209157,50,ON,50834,0
1790640995.8519943,51,ON,51868,0
1790640998.8948767,0,OFF,2671,1
1790640998.895001,1,OFF,2672,0
1790640999.910755,2,OFF,3672,0
1790641000.878981,3,OFF,4672,0
1790641001.881166,4,OFF,5672,0
1790641002.8806744,5,OFF,6672,0
1790641003.9028888,6,OFF,7672,0
1790641004.9301186,7,OFF,8672,0
1790641005.8784595,8,OFF,9672,0
1790641006.8781934,9,OFF,10672,0
1790641007.9009974,10,OFF,11672,0
1790641008.9227567,11,OFF,12672,0
1790641009.878761,12,OFF,13672,0
1790641010.882205,13,OFF,14672,0
1790641011.8935833,14,OFF,15672,0
1790641012.9292011,15,OFF,16672,0
1790641013.8824894,16,OFF,17672,0
1790641014.8751354,17,OFF,18672,0
1790641015.8849542,18,OFF,19672,0
1790641016.9106722,19,OFF,20672,0
1790641017.9268622,20,OFF,21672,0
1790641018.885462,21,OFF,22672,0
1790641019.8919985,22,OFF,23672,0
1790641020.9106736,23,OFF,24672,0
1790641021.9391007,24,OFF,25672,0
1790641022.879288,25,OFF,26672,0
1790641023.885371,26,OFF,27672,0
1790641024.9040577,27,OFF,28672,0
1790641025.9209235,28,OFF,29672,0
1790641026.8854697,29,OFF,30672,0
1790641027.8792171,30,OFF,31672,0
1790641028.8901873,31,OFF,32672,0
1790641029.9228952,32,OFF,33672,0
1790641030.8827608,33,OFF,34672,0
1790641031.8828657,34,OFF,35672,0
1790641032.8788528,35,OFF,36672,0
1790641033.910869,36,OFF,37672,0
1790641034.880484,37,OFF,38672,0
1790641035.8829074,38,OFF,39672,0
1790641036.8799796,39,OFF,40672,0
1790641037.905102,40,OFF,41672,0
1790641038.9297335,41,OFF,42672,0
1790641039.8796887,42,OFF,43672,0
1790641040.8812492,43,OFF,44672,0
1790641041.8977537,44,OFF,45672,0
1790641042.9283721,45,OFF,46672,0
1790641043.8745034,46,OFF,47672,0
1790641044.779112,47,ON,48572,1
1790641044.9699843,48,ON,48761,0
1790641046.001132,49,ON,49795,0
1790641047.0540679,50,ON,50829,0
1790641048.0735075,51,ON,51863,0
1790641049.1066568,52,ON,52897,0
1790641050.179605,53,ON,53931,0
1790641054.1971114,0,OFF,2673,1
1790641054.1972945,1,OFF,2674,0
1790641055.2106824,2,OFF,3674,0
1790641056.1674435,3,OFF,4674,0
1790641057.1697657,4,OFF,5674,0
1790641058.1785285,5,OFF,6674,0
1790641059.21096,6,OFF,7674,0
1790641060.1697953,7,OFF,8674,0
1790641061.1708848,8,OFF,9674,0
1790641062.1689796,9,OFF,10674,0
1790641063.1990817,10,OFF,11674,0
1790641064.1679647,11,OFF,12674,0
1790641065.166464,12,OFF,13674,0
1790641066.1724887,13,OFF,14674,0
1790641067.1930954,14,OFF,15674,0
1790641068.2147703,15,OFF,16674,0
1790641069.1718812,16,OFF,17674,0
1790641070.1664762,17,OFF,18674,0
1790641071.1839652,18,OFF,19674,0
1790641072.2095714,19,OFF,20674,0
1790641073.1682017,20,OFF,21674,0
1790641074.1761193,21,OFF,22674,0
1790641075.1751657,22,OFF,23674,0
1790641076.2070754,23,OFF,24674,0
1790641077.2168198,24,OFF,25674,0
1790641078.1704988,25,OFF,26674,0
1790641079.1691477,26,OFF,27674,0
1790641080.1999032,27,OFF,28674,0
1790641081.2105062,28,OFF,29674,0
1790641082.165944,29,OFF,30674,0
1790641083.187924,30,OFF,31674,0
1790641084.198883,31,OFF,32674,0
1790641085.2138283,32,OFF,33674,0
1790641086.1695771,33,OFF,34674,0
1790641087.1643624,34,OFF,35674,0
1790641088.1827729,35,OFF,36674,0
1790641089.2055635,36,OFF,37674,0
1790641090.1647336,37,OFF,38674,0
1790641091.1721168,38,OFF,39674,0
1790641092.1708915,39,OFF,40674,0
1790641093.1996582,40,OFF,41674,0
1790641094.166906,41,OFF,42674,0
1790641095.1687608,42,OFF,43674,0
1790641096.1668515,43,OFF,44674,0
1790641097.19288,44,OFF,45674,0
1790641098.2184386,45,OFF,46675,0
1790641099.1691573,46,OFF,47675,0
1790641100.0708942,47,ON,48575,1
1790641103.2416089,0,OFF,2671,1
1790641103.2418065,1,OFF,2672,0
1790641104.258325,2,OFF,3672,0
1790641105.2829285,3,OFF,4672,0
1790641106.2381825,4,OFF,5672,0
1790641107.2360458,5,OFF,6672,0
1790641108.2539663,6,OFF,7672,0
1790641109.2777336,7,OFF,8672,0
1790641110.2339745,8,OFF,9672,0
1790641111.2328675,9,OFF,10672,0
1790641112.2483506,10,OFF,11672,0
1790641113.2708926,11,OFF,12672,0
1790641114.237339,12,OFF,13672,0
1790641115.238919,13,OFF,14672,0
1790641116.2388673,14,OFF,15672,0
1790641117.2628937,15,OFF,16672,0
1790641118.2348957,16,OFF,17672,0
1790641119.234742,17,OFF,18672,0
1790641120.2337513,18,OFF,19672,0
1790641121.2599144,19,OFF,20672,0
1790641122.2909122,20,OFF,21672,0
1790641123.2364593,21,OFF,22672,0
1790641124.236113,22,OFF,23672,0
1790641125.2523425,23,OFF,24672,0
1790641126.2777772,24,OFF,25672,0
1790641127.2362947,25,OFF,26672,0
1790641128.2348013,26,OFF,27672,0
1790641129.245896,27,OFF,28672,0
1790641130.266751,28,OFF,29673,0
1790641131.2387638,29,OFF,30673,0
1790641132.238775,30,OFF,31673,0
1790641133.2385888,31,OFF,32673,0
1790641134.2640748,32,OFF,33673,0
1790641135.278879,33,OFF,34673,0
1790641136.2414896,34,OFF,35673,0
1790641172.456727,17,OFF,18675,1
1790641173.4852085,18,OFF,19675,0
1790641174.4467833,19,OFF,20675,0
1790641175.442304,20,OFF,21675,0
1790641176.4507778,21,OFF,22675,0
1790641177.4799461,22,OFF,23675,0
1790641178.446883,23,OFF,24675,0
1790641179.4450605,24,OFF,25675,0
1790641180.4465468,25,OFF,26675,0
1790641181.4699745,26,OFF,27675,0
1790641182.5019467,27,OFF,28675,0
1790641183.4497347,28,OFF,29675,0
1790641184.4490168,29,OFF,30675,0
1790641185.459789,30,OFF,31675,0
1790641186.4865456,31,OFF,32676,0
1790641187.448122,32,OFF,33676,0
1790641188.4444864,33,OFF,34676,0
1790641189.4570093,34,OFF,35676,0
1790641190.4836614,35,OFF,36676,0
1790641191.446861,36,OFF,37676,0
1790641192.4482455,37,OFF,38676,0
1790641193.450862,38,OFF,39676,0
1790641194.482095,39,OFF,40676,0
1790641195.4919224,40,OFF,41676,0
1790641196.4497674,41,OFF,42676,0
1790641197.4469051,42,OFF,43676,0
1790641198.4668956,43,OFF,44676,0
1790641199.4937959,44,OFF,45676,0
1790641200.4505837,45,OFF,46676,0
1790641201.4495802,46,OFF,47676,0
1790641207.8348675,0,OFF,5174,0
1790641207.835032,1,OFF,5175,0
1790641208.8265023,2,OFF,6175,0
1790641209.830743,3,OFF,7175,0
1790641210.8608215,4,OFF,8175,0
1790641211.8307614,5,OFF,9175,0
1790641212.8276074,6,OFF,10175,0
1790641213.8308835,7,OFF,11175,0
1790641214.8531675,8,OFF,12175,0
1790641215.8788571,9,OFF,13175,0
1790641216.832805,10,OFF,14175,0
1790641217.83642,11,OFF,15175,0
1790641218.846219,12,OFF,16175,0
1790641219.8722324,13,OFF,17175,0
1790641220.830198,14,OFF,18175,0
1790641221.8285017,15,OFF,19175,0
1790641222.8400078,16,OFF,20175,0
1790641223.872518,17,OFF,21175,0
1790641224.8276885,18,OFF,22175,0
1790641225.8308856,19,OFF,23175,0
1790641226.8330975,20,OFF,24175,0
1790641227.8631938,21,OFF,25175,0
1790641228.8268476,22,OFF,26175,0
1790641229.832454,23,OFF,27175,0
1790641230.8345973,24,OFF,28175,0
1790641231.8587139,25,OFF,29175,0
1790641232.8840864,26,OFF,30175,0
1790641233.829422,27,OFF,31175,0
1790641234.8260775,28,OFF,32175,0
1790641235.8439474,29,OFF,33175,0
1790641236.869811,30,OFF,34175,0
1790641237.8401535,31,OFF,35175,0
1790641238.8314607,32,OFF,36175,0
1790641239.8367178,33,OFF,37175,0
1790641240.870204,34,OFF,38175,0
1790641241.8801212,35,OFF,39175,0
1790641242.8389072,36,OFF,40175,0
1790641243.8365445,37,OFF,41175,0
1790641244.8625228,38,OFF,42175,0
1790641245.877773,39,OFF,43175,0
1790641246.8356616,40,OFF,44175,0
1790641247.8266337,41,OFF,45175,0
1790641248.8510652,42,OFF,46175,0
1790641249.8849754,43,OFF,47175,0
1790641250.834737,44,OFF,48175,0
1790641251.8320806,45,OFF,49175,0
1790641252.8485115,46,OFF,50175,0
1790641256.7423573,0,OFF,2673,0
1790641256.7452865,1,OFF,2674,0
1790641257.7629015,2,OFF,3674,0
1790641258.7199156,3,OFF,4674,0
1790641259.7201102,4,OFF,5674,0
1790641260.7280886,5,OFF,6674,0
1790641261.7570753,6,OFF,7674,0
1790641262.7207196,7,OFF,8674,0
1790641263.7222579,8,OFF,9674,0
1790641264.7255886,9,OFF,10674,0
1790641265.7444677,10,OFF,11674,0
1790641266.7653346,11,OFF,12674,0
1790641267.7187603,12,OFF,13674,0
1790641268.7165086,13,OFF,14674,0
1790641269.7388964,14,OFF,15674,0
1790641270.7703795,15,OFF,16674,0
1790641271.730773,16,OFF,17674,0
1790641272.722774,17,OFF,18674,0
1790641273.7309268,18,OFF,19674,0
1790641274.7620947,19,OFF,20674,0
1790641275.7183592,20,OFF,21674,0
1790641276.7143764,21,OFF,22674,0
1790641277.7268806,22,OFF,23674,0
1790641278.7508874,23,OFF,24674,0
1790641279.722521,24,OFF,25674,0
1790641280.7229128,25,OFF,26674,0
1790641281.720653,26,OFF,27674,0
1790641282.7428675,27,OFF,28674,0
1790641283.7177856,28,OFF,29674,0
1790641284.7144525,29,OFF,30674,0
1790641285.7179866,30,OFF,31674,0
1790641286.7447581,31,OFF,32674,0
1790641287.7645614,32,OFF,33674,0
1790641288.7188613,33,OFF,34674,0
1790641289.7206674,34,OFF,35674,0
1790641290.732943,35,OFF,36674,0
1790641291.7613776,36,OFF,37674,0
1790641292.718679,37,OFF,38674,0
1790641300.252428,44,OFF,45674,0
1790641300.7705176,45,OFF,46674,0
1790641301.7179718,46,OFF,47674,0
1790641302.6184947,47,ON,48574,1
1790641306.0032787,0,OFF,2671,1
1790641306.0033576,1,OFF,2672,0
1790641306.644408,2,OFF,3672,0
1790641307.6457267,3,OFF,4672,0
1790641308.6548831,4,OFF,5672,0
1790641309.6760676,5,OFF,6672,0
1790641310.6427398,6,OFF,7672,0
1790641311.656875,7,OFF,8672,0
1790641312.6457005,8,OFF,9672,0
1790641313.6725473,9,OFF,10672,0
1790641314.685812,10,OFF,11672,0
1790641315.6652956,11,OFF,12672,0
1790641316.6428974,12,OFF,13672,0
1790641317.6628304,13,OFF,14672,0
1790641318.6930463,14,OFF,15672,0
1790641319.6430945,15,OFF,16672,0
1790641320.6383133,16,OFF,17672,0
1790641321.657845,17,OFF,18672,0
1790641322.6795747,18,OFF,19672,0
1790641323.6442084,19,OFF,20672,0
1790641324.6428914,20,OFF,21672,0
1790641325.6559334,21,OFF,22672,0
1790641326.6759107,22,OFF,23672,0
1790641327.6462648,23,OFF,24672,0
1790641328.646261,24,OFF,25672,0
1790641329.645185,25,OFF,26672,0
1790641330.6779828,26,OFF,27672,0
1790641331.7013757,27,OFF,28672,0
1790641332.642143,28,OFF,29672,0
1790641333.646514,29,OFF,30672,0
1790641334.6646507,30,OFF,31672,0
1790641335.6909366,31,OFF,32672,0
1790641336.6432834,32,OFF,33672,0
1790641337.6428845,33,OFF,34672,0
1790641338.656149,34,OFF,35672,0
1790641339.6847985,35,OFF,36672,0
1790641340.6482882,36,OFF,37672,0
1790641341.6438086,37,OFF,38672,0
1790641342.6520715,38,OFF,39672,0
1790641343.6817527,39,OFF,40672,0
1790641344.644584,40,OFF,41672,0
1790641345.6454482,41,OFF,42673,0
1790641346.656252,42,OFF,43673,0
1790641347.6669414,43,OFF,44673,0
1790641348.6869066,44,OFF,45673,0
1790641349.6450994,45,OFF,46673,0
1790641350.6522632,46,OFF,47673,0
1790641354.550238,0,OFF,2673,0
1790641354.5504572,1,OFF,2674,0
1790641355.554216,2,OFF,3674,0
1790641356.5844297,3,OFF,4674,0
1790641357.5264916,4,OFF,5674,0
1790641358.526849,5,OFF,6674,0
1790641359.5463617,6,OFF,7674,0
1790641360.5782404,7,OFF,8674,0
1790641361.5269234,8,OFF,9674,0
1790641362.530679,9,OFF,10675,0
1790641363.5388987,10,OFF,11675,0
1790641364.575933,11,OFF,12675,0
1790641365.5264008,12,OFF,13675,0
1790641366.527856,13,OFF,14675,0
1790641367.5383172,14,OFF,15675,0
1790641368.561224,15,OFF,16676,0
1790641369.5290596,16,OFF,17676,0
1790641370.530786,17,OFF,18676,0
1790641371.526782,18,OFF,19676,0
1790641372.5513802,19,OFF,20676,0
1790641373.570776,20,OFF,21676,0
1790641374.5262494,21,OFF,22676,0
1790641375.5325732,22,OFF,23676,0
1790641376.552849,23,OFF,24676,0
1790641377.5806553,24,OFF,25676,0
1790641378.5309298,25,OFF,26676,0
1790641379.5309343,26,OFF,27676,0
1790641380.5403214,27,OFF,28676,0
1790641381.5733116,28,OFF,29676,0
1790641382.528949,29,OFF,30676,0
1790641383.5308895,30,OFF,31676,0
1790641384.5307367,31,OFF,32676,0
1790641385.5617905,32,OFF,33676,0
1790641386.529255,33,OFF,34676,0
1790641387.5284522,34,OFF,35676,0
1790641388.527083,35,OFF,36676,0
1790641389.550949,36,OFF,37676,0
1790641390.5919125,37,OFF,38676,0
1790641391.528926,38,OFF,39676,0
1790641392.5298018,39,OFF,40676,0
1790641393.5438898,40,OFF,41676,0
1790641394.5680823,41,OFF,42676,0
1790641395.5295706,42,OFF,43676,0
1790641396.5247495,43,OFF,44676,0
1790641397.5454893,44,OFF,45676,0
1790641398.5627809,45,OFF,46676,0
1790641399.5329022,46,OFF,47676,0
1790641400.437485,47,ON,48577,1
1790641400.62525,48,ON,48766,0
1790641401.6525939,49,ON,49800,0
1790641402.6831815,50,ON,50834,0
1790641403.71818,51,ON,51868,0
1790641404.7534592,52,ON,52899,0
1790641405.8268824,53,ON,53932,0
1790641442.8034577,34,OFF,35671,1
1790641443.8247519,35,OFF,36672,0
1790641444.788859,36,OFF,37672,0
1790641445.790757,37,OFF,38672,0
1790641446.7923522,38,OFF,39672,0
1790641447.818695,39,OFF,40672,0
1790641448.7902899,40,OFF,41672,0
1790641449.7888486,41,OFF,42672,0
1790641450.7892935,42,OFF,43672,0
1790641451.812672,43,OFF,44672,0
1790641452.8342686,44,OFF,45672,0
1790641453.7882054,45,OFF,46672,0
1790641454.7907472,46,OFF,47672,0
1790641458.6786323,0,OFF,2671,0
1790641458.6788054,1,OFF,2672,0
1790641459.7007158,2,OFF,3672,0
1790641460.7229161,3,OFF,4672,0
1790641461.6676407,4,OFF,5672,0
1790641462.6700814,5,OFF,6672,0
1790641463.6879513,6,OFF,7672,0
1790641464.7148542,7,OFF,8672,0
1790641465.6653028,8,OFF,9672,0
1790641466.6709063,9,OFF,10672,0
1790641467.6880746,10,OFF,11672,0
1790641468.7068825,11,OFF,12672,0
1790641469.6684635,12,OFF,13672,0
1790641470.6685956,13,OFF,14672,0
1790641471.6764019,14,OFF,15672,0
1790641472.7101932,15,OFF,16672,0
1790641473.6718974,16,OFF,17672,0
1790641474.67193,17,OFF,18673,0
1790641475.6719081,18,OFF,19673,0
1790641476.6907148,19,OFF,20673,0
1790641477.7668853,20,OFF,21673,0
1790641478.672733,21,OFF,22673,0
1790641479.6711638,22,OFF,23673,0
1790641480.6909227,23,OFF,24673,0
1790641481.7143242,24,OFF,25673,0
1790641482.6771986,25,OFF,26673,0
1790641483.6687088,26,OFF,27673,0
1790641484.6906686,27,OFF,28673,0
1790641485.713658,28,OFF,29673,0
1790641486.6745603,29,OFF,30673,0
1790641487.6725192,30,OFF,31673,0
1790641488.6744032,31,OFF,32673,0
1790641489.7055845,32,OFF,33673,0
1790641490.7172208,33,OFF,34673,0
1790641491.6707392,34,OFF,35673,0
1790641492.6724954,35,OFF,36673,0
1790641493.6949413,36,OFF,37673,0
1790641494.7187707,37,OFF,38673,0
1790641495.674917,38,OFF,39673,0
1790641496.6814637,39,OFF,40673,0
1790641497.6908298,40,OFF,41673,0
1790641498.7139502,41,OFF,42673,0
1790641499.6691794,42,OFF,43673,0
1790641500.6787486,43,OFF,44673,0
1790641501.6828423,44,OFF,45673,0
1790641502.7028923,45,OFF,46673,0
1790641503.674915,46,OFF,47673,0
1790641504.578889,47,ON,48573,1
1790641504.7658784,48,ON,48762,0
1790641505.7979677,49,ON,49796,0
1790641506.8308973,50,ON,50830,0
1790641509.8811038,0,OFF,2672,1
1790641509.8812666,1,OFF,2673,0
1790641510.9041002,2,OFF,3673,0
1790641511.8563673,3,OFF,4673,0
1790641512.854589,4,OFF,5674,0
1790641513.8667681,5,OFF,6674,0
1790641514.893255,6,OFF,7674,0
1790641515.8533986,7,OFF,8674,0
1790641516.856563,8,OFF,9674,0
1790641517.8588424,9,OFF,10674,0
1790641518.884786,10,OFF,11674,0
1790641519.8506532,11,OFF,12674,0
1790641520.8770268,12,OFF,13674,0
1790641521.8548477,13,OFF,14674,0
1790641522.8808827,14,OFF,15674,0
1790641523.9014711,15,OFF,16674,0
1790641524.8549068,16,OFF,17674,0
1790641525.8562436,17,OFF,18674,0
1790641526.8721023,18,OFF,19674,0
1790641527.8988876,19,OFF,20674,0
1790641528.940175,20,OFF,21674,0
1790641529.856488,21,OFF,22674,0
1790641530.865809,22,OFF,23674,0
1790641531.8897486,23,OFF,24674,0
1790641532.8564622,24,OFF,25674,0
1790641533.8541517,25,OFF,26674,0
1790641534.8581164,26,OFF,27674,0
1790641535.8820632,27,OFF,28674,0
1790641536.9132113,28,OFF,29674,0
1790641537.857489,29,OFF,30674,0
1790641538.8568594,30,OFF,31674,0
1790641539.8759873,31,OFF,32674,0
1790641540.901638,32,OFF,33674,0
1790641541.8577826,33,OFF,34674,0
1790641542.857533,34,OFF,35674,0
1790641543.8698735,35,OFF,36674,0
1790641544.9051423,36,OFF,37675,0
1790641545.926859,37,OFF,38675,0
1790641546.8602207,38,OFF,39675,0
1790641547.8628595,39,OFF,40675,0
1790641548.888325,40,OFF,41675,0
1790641549.8611653,41,OFF,42675,0
1790641550.8587646,42,OFF,43675,0
1790641551.857148,43,OFF,44675,0
1790641552.8848975,44,OFF,45675,0
1790641553.8987665,45,OFF,46675,0
1790641554.856136,46,OFF,47675,0
1790641555.753726,47,ON,48575,1
1790641555.9576614,48,ON,48764,0
1790641557.010905,49,ON,49798,0
1790641558.0176556,50,ON,50832,0
1790641559.0599396,51,ON,51866,0
1790641562.0923982,0,OFF,2671,1
1790641562.6094115,1,OFF,2672,0
1790641563.0340374,2,OFF,3672,0
1790641564.0462143,3,OFF,4672,0
1790641565.0698943,4,OFF,5672,0
1790641566.0343173,5,OFF,6672,0
1790641567.034888,6,OFF,7673,0
1790641568.0404613,7,OFF,8673,0
1790641569.0648863,8,OFF,9673,0
1790641570.0365865,9,OFF,10673,0
1790641571.0449796,10,OFF,11673,0
1790641572.0334148,11,OFF,12673,0
1790641573.0544038,12,OFF,13673,0
1790641574.080495,13,OFF,14673,0
1790641575.0334568,14,OFF,15673,0
1790641576.0367913,15,OFF,16673,0
1790641577.0493562,16,OFF,17673,0
1790641578.0736773,17,OFF,18673,0
1790641579.0401998,18,OFF,19673,0
1790641580.0347054,19,OFF,20673,0
1790641581.0418522,20,OFF,21673,0
1790641582.0669038,21,OFF,22673,0
1790641583.094184,22,OFF,23673,0
1790641584.0355523,23,OFF,24673,0
1790641585.036507,24,OFF,25673,0
1790641586.0598845,25,OFF,26673,0
1790641587.030273,26,OFF,27673,0
1790641588.042404,27,OFF,28673,0
1790641589.0303621,28,OFF,29673,0
1790641590.0542533,29,OFF,30673,0
1790641591.0780292,30,OFF,31673,0
1790641592.0343795,31,OFF,32673,0
1790641593.0303483,32,OFF,33673,0
1790641594.0467894,33,OFF,34673,0
1790641595.07343,34,OFF,35673,0
1790641596.03229,35,OFF,36673,0
1790641597.0348673,36,OFF,37673,0
1790641598.0429022,37,OFF,38673,0
1790641599.0724666,38,OFF,39673,0
1790641600.0348787,39,OFF,40673,0
1790641601.0349107,40,OFF,41673,0
1790641602.034888,41,OFF,42673,0
1790641603.084183,42,OFF,43673,0
1790641604.0767658,43,OFF,44673,0
1790641605.0349495,44,OFF,45673,0
1790641606.0389135,45,OFF,46673,0
1790641607.0614464,46,OFF,47673,0
1790641620.9267404,0,OFF,12670,0
1790641621.4373338,1,OFF,12671,0
1790641621.91726,2,OFF,13671,0
1790641622.931583,3,OFF,14671,0
1790641623.9493024,4,OFF,15671,0
1790641624.9125943,5,OFF,16671,0
1790641625.9133751,6,OFF,17671,0
1790641626.9177797,7,OFF,18671,0
1790641627.9470465,8,OFF,19671,0
1790641628.9105759,9,OFF,20671,0
1790641629.9136999,10,OFF,21672,0
1790641630.9145172,11,OFF,22672,0
1790641631.938757,12,OFF,23672,0
1790641632.960109,13,OFF,24672,0
1790641633.9133208,14,OFF,25672,0
1790641634.9171789,15,OFF,26672,0
1790641635.930751,16,OFF,27672,0
1790641636.9548948,17,OFF,28672,0
1790641637.9149177,18,OFF,29672,0
1790641638.916607,19,OFF,30672,0
1790641639.9229188,20,OFF,31672,0
1790641640.9469326,21,OFF,32672,0
1790641641.9138258,22,OFF,33672,0
1790641642.9134133,23,OFF,34672,0
1790641643.92693,24,OFF,35672,0
1790641644.9428725,25,OFF,36672,0
1790641645.9134755,26,OFF,37672,0
1790641646.9148717,27,OFF,38672,0
1790641647.9109433,28,OFF,39672,0
1790641648.9349322,29,OFF,40672,0
1790641649.9585307,30,OFF,41672,0
1790641650.913308,31,OFF,42672,0
1790641651.9147727,32,OFF,43672,0
1790641652.9307477,33,OFF,44672,0
1790641653.951782,34,OFF,45672,0
1790641654.9121742,35,OFF,46672,0
1790641655.9105015,36,OFF,47672,0
1790641656.92234,37,OFF,48672,0
1790641657.9434783,38,OFF,49672,0
1790641658.9180799,39,OFF,50672,0
1790641659.9137847,40,OFF,51672,0
1790641660.9148543,41,OFF,52672,0
1790641661.9411106,42,OFF,53672,0
1790641662.9604485,43,OFF,54672,0
1790641663.9134278,44,OFF,55672,0
1790641664.9145756,45,OFF,56672,0
1790641665.9360323,46,OFF,57672,0
1790641670.8440845,0,OFF,3670,0
1790641670.8442383,1,OFF,3671,0
1790641671.7911239,2,OFF,4672,0
1790641672.7947783,3,OFF,5672,0
1790641673.8260868,4,OFF,6672,0
1790641674.8367667,5,OFF,7672,0
1790641675.7935123,6,OFF,8672,0
1790641676.7948587,7,OFF,9672,0
1790641677.8122315,8,OFF,10672,0
1790641713.7922783,44,OFF,46673,1
1790641714.7987585,45,OFF,47673,0
1790641715.8054538,46,OFF,48673,0
1790641719.7008514,0,OFF,2671,0
1790641719.7010622,1,OFF,2672,0
1790641720.7214305,2,OFF,3672,0
1790641721.7388508,3,OFF,4672,0
1790641722.697214,4,OFF,5672,0
1790641723.6928616,5,OFF,6672,0
1790641724.7133107,6,OFF,7672,0
1790641725.7428575,7,OFF,8672,0
1790641726.6935732,8,OFF,9672,0
1790641727.6971078,9,OFF,10672,0
1790641728.7053285,10,OFF,11672,0
1790641729.7336242,11,OFF,12672,0
1790641730.698692,12,OFF,13672,0
1790641731.6979182,13,OFF,14672,0
1790641732.6942236,14,OFF,15672,0
1790641733.7280912,15,OFF,16672,0
1790641734.7418337,16,OFF,17672,0
1790641735.698095,17,OFF,18672,0
1790641736.697431,18,OFF,19672,0
1790641737.72055,19,OFF,20672,0
1790641738.7456856,20,OFF,21672,0
1790641739.6920197,21,OFF,22672,0
1790641740.6977594,22,OFF,23672,0
1790641741.7132695,23,OFF,24672,0
1790641742.7365594,24,OFF,25672,0
1790641743.6980476,25,OFF,26672,0
1790641744.6968694,26,OFF,27672,0
1790641745.7021234,27,OFF,28672,0
1790641746.7308915,28,OFF,29672,0
1790641747.6976185,29,OFF,30672,0
1790641748.6940444,30,OFF,31672,0
1790641749.6979175,31,OFF,32672,0
1790641750.7244263,32,OFF,33672,0
1790641751.7408075,33,OFF,34672,0
1790641752.6935787,34,OFF,35672,0
1790641753.6987715,35,OFF,36672,0
1790641754.715896,36,OFF,37672,0
1790641755.74049,37,OFF,38672,0
1790641756.699873,38,OFF,39672,0
1790641757.7047155,39,OFF,40672,0
1790641758.7093084,40,OFF,41672,0
1790641759.7359498,41,OFF,42672,0
1790641760.6938922,42,OFF,43672,0
1790641761.6975732,43,OFF,44672,0
1790641762.7029095,44,OFF,45672,0
1790641763.7287138,45,OFF,46673,0
1790641764.6973624,46,OFF,47673,0
1790641765.5970452,47,ON,48573,1
1790641768.9932213,0,OFF,2671,1
1790641768.9934037,1,OFF,2672,0
1790641769.6695113,2,OFF,3672,0
1790641770.6304786,3,OFF,4672,0
1790641771.6184778,4,OFF,5672,0
1790641772.6379116,5,OFF,6672,0
1790641773.6613734,6,OFF,7672,0
1790641774.6200542,7,OFF,8672,0
1790641775.6201487,8,OFF,9672,0
1790641776.6374667,9,OFF,10672,0
1790641777.654928,10,OFF,11672,0
1790641778.6229546,11,OFF,12672,0
1790641779.626295,12,OFF,13672,0
1790641780.6229103,13,OFF,14672,0
1790641781.6493473,14,OFF,15672,0
1790641782.6663406,15,OFF,16672,0
1790641783.6245432,16,OFF,17672,0
1790641784.6240773,17,OFF,18672,0
1790641785.6428564,18,OFF,19672,0
1790641786.6683083,19,OFF,20672,0
1790641787.621266,20,OFF,21672,0
1790641788.623005,21,OFF,22672,0
1790641789.63485,22,OFF,23672,0
1790641790.6595025,23,OFF,24672,0
1790641791.6241822,24,OFF,25672,0
1790641792.62417,25,OFF,26672,0
1790641793.6326873,26,OFF,27672,0
1790641794.652967,27,OFF,28672,0
1790641795.624892,28,OFF,29672,0
1790641796.6241124,29,OFF,30672,0
1790641797.6228964,30,OFF,31672,0
1790641798.6461477,31,OFF,32672,0
1790641799.6651552,32,OFF,33673,0
1790641800.6242063,33,OFF,34673,0
1790641801.622894,34,OFF,35673,0
1790641802.6526694,35,OFF,36673,0
1790641803.6647396,36,OFF,37673,0
1790641804.625872,37,OFF,38673,0
1790641805.622528,38,OFF,39673,0
1790641806.637561,39,OFF,40673,0
1790641807.6608093,40,OFF,41673,0
1790641808.6250029,41,OFF,42673,0
1790641809.6266634,42,OFF,43673,0
1790641810.629389,43,OFF,44673,0
1790641811.652799,44,OFF,45673,0
1790641812.625887,45,OFF,46673,0
1790641813.6226404,46,OFF,47673,0
1790641814.5267782,47,ON,48573,1
1790641817.7010403,0,OFF,2671,1
1790641817.7012198,1,OFF,2672,0
1790641818.7189307,2,OFF,3672,0
1790641819.7359545,3,OFF,4672,0
1790641820.696507,4,OFF,5672,0
1790641821.694799,5,OFF,6672,0
1790641822.7108762,6,OFF,7672,0
1790641823.736768,7,OFF,8672,0
1790641824.6988795,8,OFF,9672,0
1790641825.6942446,9,OFF,10672,0
1790641826.70386,10,OFF,11672,0
1790641827.729692,11,OFF,12672,0
1790641828.6942506,12,OFF,13672,0
1790641829.693213,13,OFF,14672,0
1790641830.6988866,14,OFF,15672,0
1790641831.7240114,15,OFF,16672,0
1790641832.6947734,16,OFF,17672,0
1790641833.692739,17,OFF,18672,0
1790641834.6974485,18,OFF,19672,0
1790641835.7213316,19,OFF,20672,0
1790641836.738784,20,OFF,21672,0
1790641837.696831,21,OFF,22672,0
1790641838.6984663,22,OFF,23672,0
1790641839.7094507,23,OFF,24672,0
1790641840.734061,24,OFF,25672,0
1790641841.6943762,25,OFF,26672,0
1790641842.6952455,26,OFF,27672,0
1790641843.704786,27,OFF,28672,0
1790641844.7288802,28,OFF,29673,0
1790641845.6914356,29,OFF,30673,0
1790641846.69652,30,OFF,31673,0
1790641847.6970062,31,OFF,32673,0
1790641848.7209334,32,OFF,33673,0
1790641849.7398994,33,OFF,34673,0
1790641850.6945932,34,OFF,35673,0
1790641851.7000554,35,OFF,36673,0
1790641852.7166598,36,OFF,37673,0
1790641853.7387698,37,OFF,38673,0
1790641854.6979513,38,OFF,39673,0
1790641855.6968405,39,OFF,40673,0
1790641856.7108502,40,OFF,41673,0
1790641857.7333279,41,OFF,42673,0
1790641858.6993196,42,OFF,43673,0
1790641859.6948278,43,OFF,44673,0
1790641860.7028613,44,OFF,45673,0
1790641861.7280254,45,OFF,46673,0
1790641862.6987748,46,OFF,47673,0
1790641863.597809,47,ON,48573,1
1790641863.7854424,48,ON,48762,0
1790641864.8199744,49,ON,49796,0
1790641869.2062278,0,OFF,3171,1
1790641869.2064133,1,OFF,3172,0
1790641869.3447065,2,OFF,4172,0
1790641870.341178,3,OFF,5172,0
1790641871.3588834,4,OFF,6172,0
1790641872.3748827,5,OFF,7172,0
1790641873.3401802,6,OFF,8172,0
1790641874.3481019,7,OFF,9172,0
1790641875.3450136,8,OFF,10172,0
1790641876.396112,9,OFF,11172,0
1790641877.34386,10,OFF,12172,0
1790641878.3455627,11,OFF,13172,0
1790641879.3468854,12,OFF,14172,0
1790641880.3628707,13,OFF,15172,0
1790641881.3897061,14,OFF,16172,0
1790641882.350903,15,OFF,17172,0
1790641883.3395233,16,OFF,18172,0
1790641884.3646667,17,OFF,19172,0
1790641885.3828962,18,OFF,20172,0
1790641886.3406987,19,OFF,21172,0
1790641887.3447587,20,OFF,22172,0
1790641888.3498123,21,OFF,23172,0
1790641889.3742306,22,OFF,24172,0
1790641890.3393805,23,OFF,25172,0
1790641891.3449283,24,OFF,26172,0
1790641892.3445468,25,OFF,27172,0
1790641893.3701549,26,OFF,28172,0
1790641894.3867714,27,OFF,29172,0
1790641895.3458474,28,OFF,30172,0
1790641896.3454945,29,OFF,31172,0
1790641897.3765106,30,OFF,32172,0
1790641898.388838,31,OFF,33172,0
1790641899.3423643,32,OFF,34172,0
1790641900.3453977,33,OFF,35172,0
1790641901.353781,34,OFF,36172,0
1790641902.384482,35,OFF,37172,0
1790641903.3451664,36,OFF,38172,0
1790641904.3480487,37,OFF,39172,0
1790641905.3492754,38,OFF,40172,0
1790641906.374703,39,OFF,41172,0
1790641907.3427606,40,OFF,42172,0
1790641908.3463686,41,OFF,43172,0
1790641909.3462644,42,OFF,44172,0
1790641910.3699837,43,OFF,45172,0
1790641911.3860564,44,OFF,46172,0
1790641912.3521369,45,OFF,47172,0
1790641913.3468575,46,OFF,48172,0
1790641917.7467415,0,OFF,3170,0
1790641917.7468283,1,OFF,3171,0
1790641918.7653039,2,OFF,4171,0
1790641919.7223616,3,OFF,5171,0
1790641920.7285228,4,OFF,6171,0
1790641921.733405,5,OFF,7171,0
1790641922.759937,6,OFF,8171,0
1790641923.7287219,7,OFF,9171,0
1790641924.7255735,8,OFF,10171,0
1790641925.7266834,9,OFF,11171,0
1790641926.758031,10,OFF,12171,0
1790641927.7703922,11,OFF,13171,0
1790641928.7317877,12,OFF,14171,0
1790641929.7287805,13,OFF,15171,0
1790641930.7460864,14,OFF,16171,0
1790641931.770984,15,OFF,17171,0
1790641932.7254024,16,OFF,18171,0
1790641933.7280223,17,OFF,19171,0
1790641934.7384458,18,OFF,20171,0
1790641935.7659004,19,OFF,21171,0
1790641936.7247386,20,OFF,22171,0
1790641937.7267506,21,OFF,23171,0
1790641938.7358546,22,OFF,24171,0
1790641939.7589145,23,OFF,25171,0
1790641940.7266893,24,OFF,26171,0
1790641941.7348547,25,OFF,27171,0
1790641942.726078,26,OFF,28171,0
1790641943.7509067,27,OFF,29171,0
1790641944.725467,28,OFF,30171,0
1790641945.7229722,29,OFF,31171,0
1790641946.726063,30,OFF,32171,0
1790641947.7444623,31,OFF,33171,0
1790641948.7694614,32,OFF,34171,0
1790641984.406779,18,OFF,20174,1
1790641985.4281976,19,OFF,21174,0
1790641986.3907743,20,OFF,22174,0
1790641987.3921616,21,OFF,23174,0
1790641988.3999624,22,OFF,24174,0
1790641989.4229276,23,OFF,25174,0
1790641990.3901076,24,OFF,26174,0
1790641991.3909087,25,OFF,27174,0
1790641992.3909104,26,OFF,28174,0
1790641993.41429,27,OFF,29174,0
1790641994.4345844,28,OFF,30174,0
1790641995.3929844,29,OFF,31174,0
1790641996.3948174,30,OFF,32174,0
1790641997.4108632,31,OFF,33174,0
1790641998.4347806,32,OFF,34174,0
1790641999.3948593,33,OFF,35174,0
1790642000.3945904,34,OFF,36174,0
1790642001.4041374,35,OFF,37174,0
1790642002.4292066,36,OFF,38174,0
1790642003.3924382,37,OFF,39174,0
1790642004.3923821,38,OFF,40174,0
1790642005.3981729,39,OFF,41174,0
1790642006.42113,40,OFF,42174,0
1790642007.3921156,41,OFF,43174,0
1790642008.3908622,42,OFF,44174,0
1790642009.3922122,43,OFF,45174,0
1790642010.4176378,44,OFF,46174,0
1790642011.433737,45,OFF,47174,0
1790642012.3889594,46,OFF,48174,0
1790642013.294912,47,ON,49074,1
1790642013.486865,48,ON,49263,0
1790642014.5178583,49,ON,50297,0
1790642015.5483377,50,ON,51331,0
1790642019.954183,0,OFF,3172,1
1790642020.0739613,1,OFF,3173,0
1790642020.0740578,2,OFF,4173,0
1790642021.0737617,3,OFF,5173,0
1790642022.087099,4,OFF,6173,0
1790642023.1128082,5,OFF,7173,0
1790642024.140322,6,OFF,8173,0
1790642025.0743828,7,OFF,9173,0
1790642026.0822265,8,OFF,10173,0
1790642027.106945,9,OFF,11173,0
1790642028.074832,10,OFF,12173,0
1790642029.0749085,11,OFF,13173,0
1790642030.0765057,12,OFF,14173,0
1790642031.1016989,13,OFF,15173,0
1790642032.0713882,14,OFF,16173,0
1790642033.0749016,15,OFF,17173,0
1790642034.076335,16,OFF,18173,0
1790642035.0944371,17,OFF,19173,0
1790642036.1165345,18,OFF,20173,0
1790642037.0762467,19,OFF,21173,0
1790642038.0747643,20,OFF,22173,0
1790642039.0880334,21,OFF,23173,0
1790642040.1102695,22,OFF,24173,0
1790642041.07637,23,OFF,25173,0
1790642042.0759768,24,OFF,26173,0
1790642043.0774243,25,OFF,27173,0
1790642044.1087081,26,OFF,28173,0
1790642045.074747,27,OFF,29173,0
1790642046.0854979,28,OFF,30173,0
1790642047.0765686,29,OFF,31173,0
1790642048.0988593,30,OFF,32173,0
1790642049.117087,31,OFF,33173,0
1790642050.0748694,32,OFF,34173,0
1790642051.0740428,33,OFF,35173,0
1790642052.0944104,34,OFF,36173,0
1790642053.1217527,35,OFF,37173,0
1790642054.0746906,36,OFF,38173,0
1790642055.0709324,37,OFF,39173,0
1790642056.0881612,38,OFF,40173,0
1790642057.1095564,39,OFF,41173,0
1790642058.0722857,40,OFF,42173,0
1790642059.0772746,41,OFF,43173,0
1790642060.0788574,42,OFF,44173,0
1790642061.1017385,43,OFF,45173,0
1790642062.0748608,44,OFF,46173,0
1790642063.074933,45,OFF,47173,0
1790642064.0749002,46,OFF,48173,0
1790642069.3171291,0,OFF,3170,0
1790642069.3173344,1,OFF,3171,0
1790642069.4948163,2,OFF,4171,0
1790642070.4522262,3,OFF,5171,0
1790642071.4544482,4,OFF,6171,0
1790642072.470703,5,OFF,7171,0
1790642073.4960058,6,OFF,8171,0
1790642074.458724,7,OFF,9171,0
1790642075.4559915,8,OFF,10171,0
1790642076.4707239,9,OFF,11171,0
1790642077.4947498,10,OFF,12171,0
1790642078.4547677,11,OFF,13171,0
1790642079.4510293,12,OFF,14171,0
1790642080.4566405,13,OFF,15171,0
1790642081.4842105,14,OFF,16171,0
1790642082.4530432,15,OFF,17171,0
1790642083.4540849,16,OFF,18171,0
1790642084.4539177,17,OFF,19171,0
1790642085.4749115,18,OFF,20171,0
1790642086.5102932,19,OFF,21171,0
1790642087.4548693,20,OFF,22171,0
1790642088.4587233,21,OFF,23171,0
1790642089.4709125,22,OFF,24171,0
1790642090.4943998,23,OFF,25171,0
1790642091.4567375,24,OFF,26171,0
1790642092.4548962,25,OFF,27171,0
1790642093.4646945,26,OFF,28171,0
1790642094.4867654,27,OFF,29172,0
1790642095.4560564,28,OFF,30172,0
1790642096.4587574,29,OFF,31172,0
1790642097.4547384,30,OFF,32172,0
1790642098.503919,31,OFF,33172,0
1790642099.454855,32,OFF,34172,0
1790642100.4548821,33,OFF,35172,0
1790642101.457065,34,OFF,36172,0
1790642102.4745398,35,OFF,37172,0
1790642103.4968286,36,OFF,38172,0
1790642104.4574099,37,OFF,39172,0
1790642105.458012,38,OFF,40172,0
1790642106.4701688,39,OFF,41172,0
1790642107.490916,40,OFF,42172,0
1790642108.4564533,41,OFF,43172,0
1790642109.4544873,42,OFF,44172,0
1790642110.4628859,43,OFF,45172,0
1790642111.4859724,44,OFF,46172,0
1790642112.5044994,45,OFF,47172,0
1790642113.4529111,46,OFF,48172,0
1790642114.356485,47,ON,49072,1
1790642117.5461566,0,OFF,2670,1
1790642117.546273,1,OFF,2671,0
1790642118.5521863,2,OFF,3671,0
1790642119.5789099,3,OFF,4671,0
1790642120.5346484,4,OFF,5671,0
1790642121.5367982,5,OFF,6671,0
1790642122.545742,6,OFF,7671,0
1790642123.5727813,7,OFF,8671,0
1790642124.536328,8,OFF,9671,0
1790642125.5364718,9,OFF,10671,0
1790642126.5388508,10,OFF,11671,0
1790642127.562889,11,OFF,12671,0
1790642128.5811872,12,OFF,13671,0
1790642129.5360656,13,OFF,14671,0
1790642130.5348873,14,OFF,15671,0
1790642131.5569432,15,OFF,16671,0
1790642132.5868149,16,OFF,17671,0
1790642133.537553,17,OFF,18671,0
1790642134.5384572,18,OFF,19671,0
1790642135.55387,19,OFF,20671,0
1790642136.5767348,20,OFF,21672,0
1790642137.5342898,21,OFF,22672,0
1790642138.530641,22,OFF,23672,0
1790642139.5442119,23,OFF,24672,0
1790642140.5746727,24,OFF,25672,0
1790642141.5367055,25,OFF,26672,0
1790642142.537802,26,OFF,27672,0
1790642143.53678,27,OFF,28672,0
1790642144.5619094,28,OFF,29672,0
1790642145.5812984,29,OFF,30672,0
1790642146.5348904,30,OFF,31672,0
1790642147.5380216,31,OFF,32672,0
1790642148.5542278,32,OFF,33672,0
1790642149.5859728,33,OFF,34672,0
1790642150.5370452,34,OFF,35672,0
1790642151.5371807,35,OFF,36672,0
1790642152.5501447,36,OFF,37672,0
1790642153.5790858,37,OFF,38672,0
1790642154.5335922,38,OFF,39672,0
1790642155.5338326,39,OFF,40673,0
1790642156.5437663,40,OFF,41673,0
1790642157.565108,41,OFF,42673,0
1790642158.5372603,42,OFF,43673,0
1790642159.5337214,43,OFF,44673,0
1790642160.5379272,44,OFF,45673,0
1790642161.562336,45,OFF,46673,0
1790642162.5786948,46,OFF,47673,0
1790642163.438824,47,ON,48573,1
1790642163.6268501,48,ON,48762,0
1790642166.6868849,0,OFF,2672,1
1790642166.6870263,1,OFF,2673,0
1790642167.6535983,2,OFF,3673,0
1790642168.650035,3,OFF,4673,0
1790642169.6525314,4,OFF,5673,0
1790642170.672757,5,OFF,6673,0
1790642171.7001445,6,OFF,7674,0
1790642172.6549273,7,OFF,8674,0
1790642173.6508026,8,OFF,9674,0
1790642174.6670334,9,OFF,10674,0
1790642175.7020433,10,OFF,11674,0
1790642176.654373,11,OFF,12674,0
1790642177.6524441,12,OFF,13674,0
1790642178.661294,13,OFF,14674,0
1790642179.6869261,14,OFF,15674,0
1790642180.6523418,15,OFF,16674,0
1790642181.6530366,16,OFF,17674,0
1790642182.6584435,17,OFF,18674,0
1790642183.6789045,18,OFF,19674,0
1790642184.6544147,19,OFF,20674,0
1790642185.6519523,20,OFF,21674,0
1790642186.6508548,21,OFF,22674,0
1790642187.6720881,22,OFF,23674,0
1790642188.696663,23,OFF,24674,0
1790642189.6538546,24,OFF,25674,0
1790642190.652548,25,OFF,26674,0
1790642191.665637,26,OFF,27674,0
1790642192.6948233,27,OFF,28674,0
1790642193.6535385,28,OFF,29674,0
1790642194.6534615,29,OFF,30674,0
1790642195.6605957,30,OFF,31674,0
1790642196.6947699,31,OFF,32674,0
1790642197.6536705,32,OFF,33674,0
1790642198.6587744,33,OFF,34674,0
1790642199.6537817,34,OFF,35674,0
1790642200.6853244,35,OFF,36674,0
1790642201.6531715,36,OFF,37674,0
1790642202.6496418,37,OFF,38674,0
1790642203.6519084,38,OFF,39675,0
1790642204.6709087,39,OFF,40675,0
1790642205.6984076,40,OFF,41675,0
1790642206.6563272,41,OFF,42675,0
1790642207.6495318,42,OFF,43675,0
1790642208.668085,43,OFF,44675,0
1790642209.6924222,44,OFF,45675,0
1790642210.6548553,45,OFF,46675,0
1790642211.676925,46,OFF,47675,0
1790642212.5603454,47,ON,48575,1
1790642215.6346502,0,OFF,2671,1
1790642215.63473,1,OFF,2672,0
1790642216.654512,2,OFF,3672,0
1790642217.6827965,3,OFF,4672,0
1790642218.6295586,4,OFF,5672,0
1790642254.6503558,40,OFF,41673,1
1790642255.665578,41,OFF,42673,0
1790642256.6279202,42,OFF,43673,0
1790642257.6347635,43,OFF,44673,0
1790642258.6385543,44,OFF,45673,0
1790642259.6613219,45,OFF,46673,0
1790642260.6333148,46,OFF,47673,0
1790642261.5300276,47,ON,48573,1
1790642266.057136,0,OFF,4171,1
1790642266.0603714,1,OFF,4172,0
1790642267.0519905,2,OFF,5172,0
1790642268.0569935,3,OFF,6172,0
1790642269.0867188,4,OFF,7172,0
1790642270.0537472,5,OFF,8172,0
1790642271.0532138,6,OFF,9172,0
1790642272.0539935,7,OFF,10172,0
1790642273.0782225,8,OFF,11172,0
1790642274.097637,9,OFF,12172,0
1790642275.053263,10,OFF,13172,0
1790642276.0532691,11,OFF,14172,0
1790642277.0700884,12,OFF,15172,0
1790642278.0940993,13,OFF,16172,0
1790642279.054274,14,OFF,17172,0
1790642280.050091,15,OFF,18172,0
1790642281.064149,16,OFF,19172,0
1790642282.090979,17,OFF,20172,0
1790642283.0529013,18,OFF,21172,0
1790642284.05207,19,OFF,22172,0
1790642285.0638442,20,OFF,23172,0
1790642286.0880127,21,OFF,24172,0
1790642287.0545738,22,OFF,25172,0
1790642288.052554,23,OFF,26172,0
1790642289.0549076,24,OFF,27172,0
1790642290.0744264,25,OFF,28172,0
1790642291.0999954,26,OFF,29172,0
1790642292.054886,27,OFF,30172,0
1790642293.0547352,28,OFF,31172,0
1790642294.0721502,29,OFF,32172,0
1790642295.0967002,30,OFF,33172,0
1790642296.054766,31,OFF,34172,0
1790642297.0559375,32,OFF,35172,0
1790642298.0627723,33,OFF,36172,0
1790642299.0855105,34,OFF,37172,0
1790642300.054775,35,OFF,38172,0
1790642301.057836,36,OFF,39172,0
1790642302.0562499,37,OFF,40172,0
1790642303.0828843,38,OFF,41172,0
1790642304.0550723,39,OFF,42172,0
1790642305.0549583,40,OFF,43172,0
1790642306.058135,41,OFF,44172,0
1790642307.0948987,42,OFF,45172,0
1790642308.1009226,43,OFF,46172,0
1790642309.0547662,44,OFF,47172,0
1790642310.0610552,45,OFF,48172,0
1790642311.078901,46,OFF,49172,0
1790642314.9645634,0,OFF,2671,0
1790642314.964665,1,OFF,2672,0
1790642315.9925241,2,OFF,3672,0
1790642316.9404335,3,OFF,4672,0
1790642317.9341314,4,OFF,5672,0
1790642318.950765,5,OFF,6672,0
1790642319.98587,6,OFF,7672,0
1790642320.9352958,7,OFF,8672,0
1790642321.9406238,8,OFF,9672,0
1790642322.9456651,9,OFF,10672,0
1790642323.9685116,10,OFF,11672,0
1790642324.9389064,11,OFF,12672,0
1790642325.940203,12,OFF,13672,0
1790642326.938862,13,OFF,14672,0
1790642327.972259,14,OFF,15672,0
1790642328.9388678,15,OFF,16672,0
1790642329.9418595,16,OFF,17672,0
1790642330.940054,17,OFF,18672,0
1790642331.9580736,18,OFF,19672,0
1790642332.98215,19,OFF,20672,0
1790642333.9388316,20,OFF,21672,0
1790642334.9389038,21,OFF,22672,0
1790642335.9508944,22,OFF,23672,0
1790642336.977234,23,OFF,24672,0
1790642337.9338143,24,OFF,25672,0
1790642338.9388943,25,OFF,26672,0
1790642339.9403698,26,OFF,27672,0
1790642340.9707124,27,OFF,28673,0
1790642341.9421268,28,OFF,29673,0
1790642342.9362364,29,OFF,30673,0
1790642343.9380648,30,OFF,31673,0
1790642344.965561,31,OFF,32673,0
1790642345.9812443,32,OFF,33673,0
1790642346.9404194,33,OFF,34673,0
1790642347.9409897,34,OFF,35673,0
1790642348.9565663,35,OFF,36673,0
1790642349.9809852,36,OFF,37673,0
1790642350.9481382,37,OFF,38673,0
1790642351.942742,38,OFF,39673,0
1790642352.9491372,39,OFF,40673,0
1790642353.9733393,40,OFF,41673,0
1790642354.9402854,41,OFF,42673,0
1790642355.9415908,42,OFF,43673,0
1790642356.942374,43,OFF,44673,0
1790642357.9735808,44,OFF,45673,0
1790642358.9371152,45,OFF,46673,0
1790642359.9439516,46,OFF,47673,0
1790642364.3444881,0,OFF,3172,0
1790642364.3446898,1,OFF,3173,0
1790642365.3388824,2,OFF,4173,0
1790642366.3683498,3,OFF,5173,0
1790642367.325558,4,OFF,6173,0
1790642368.3229012,5,OFF,7173,0
1790642369.3325481,6,OFF,8173,0
1790642370.3589382,7,OFF,9173,0
1790642371.3228457,8,OFF,10173,0
1790642372.3222716,9,OFF,11173,0
1790642373.328091,10,OFF,12173,0
1790642374.350905,11,OFF,13173,0
1790642375.3185484,12,OFF,14173,0
1790642376.324036,13,OFF,15174,0
1790642377.3243484,14,OFF,16174,0
1790642378.3460855,15,OFF,17174,0
1790642379.3702717,16,OFF,18174,0
1790642380.3246193,17,OFF,19174,0
1790642381.3231647,18,OFF,20174,0
1790642382.3384223,19,OFF,21174,0
1790642383.3644402,20,OFF,22174,0
1790642384.3361814,21,OFF,23174,0
1790642385.3269038,22,OFF,24174,0
1790642386.3348682,23,OFF,25174,0
1790642387.3573418,24,OFF,26174,0
1790642388.3250425,25,OFF,27174,0
1790642389.325485,26,OFF,28174,0
1790642390.3243241,27,OFF,29174,0
1790642391.3509064,28,OFF,30174,0
1790642392.325638,29,OFF,31174,0
1790642393.3262076,30,OFF,32174,0
1790642394.332054,31,OFF,33174,0
1790642395.3450341,32,OFF,34174,0
1790642396.3667753,33,OFF,35175,0
1790642397.323248,34,OFF,36175,0
1790642398.3252313,35,OFF,37175,0
1790642399.337903,36,OFF,38175,0
1790642400.3612192,37,OFF,39175,0
1790642401.3269017,38,OFF,40175,0
1790642402.326137,39,OFF,41175,0
1790642403.3319511,40,OFF,42175,0
1790642404.3548746,41,OFF,43175,0
1790642405.325711,42,OFF,44175,0
1790642406.3240838,43,OFF,45175,0
1790642407.3251398,44,OFF,46175,0
1790642408.3469443,45,OFF,47175,0
1790642409.368997,46,OFF,48175,0
1790642410.2327893,47,ON,49075,1
1790642410.4206488,48,ON,49264,0
1790642411.4505203,49,ON,50298,0
1790642412.4794028,50,ON,51332,0
1790642416.8602452,0,OFF,2673,1
1790642416.8624818,1,OFF,2674,0
1790642417.5021753,2,OFF,3674,0
1790642418.502782,3,OFF,4674,0
1790642419.5122619,4,OFF,5674,0
1790642420.5356789,5,OFF,6674,0
1790642421.5028846,6,OFF,7674,0
1790642422.5028846,7,OFF,8674,0
1790642423.5029106,8,OFF,9674,0
1790642424.532768,9,OFF,10674,0
1790642425.5029094,10,OFF,11674,0
1790642426.4988933,11,OFF,12674,0
1790642427.5052445,12,OFF,13674,0
1790642428.5238721,13,OFF,14674,0
1790642429.5462954,14,OFF,15674,0
1790642430.5018396,15,OFF,16674,0
1790642431.5024083,16,OFF,17674,0
1790642432.5189085,17,OFF,18674,0
1790642433.5406485,18,OFF,19674,0
1790642434.509723,19,OFF,20674,0
1790642435.502905,20,OFF,21674,0
1790642436.5098498,21,OFF,22674,0
1790642437.5347586,22,OFF,23674,0
1790642438.5045898,23,OFF,24674,0
1790642439.497793,24,OFF,25674,0
1790642440.5001433,25,OFF,26674,0
1790642441.528293,26,OFF,27674,0
1790642442.4997346,27,OFF,28674,0
1790642443.5002506,28,OFF,29674,0
1790642444.5028791,29,OFF,30674,0
1790642445.5229194,30,OFF,31674,0
1790642446.5480492,31,OFF,32674,0
1790642447.5069282,32,OFF,33674,0
1790642448.504904,33,OFF,34674,0
1790642449.514713,34,OFF,35674,0
1790642450.538922,35,OFF,36674,0
1790642451.5041044,36,OFF,37674,0
1790642452.5010676,37,OFF,38674,0
1790642453.5080774,38,OFF,39674,0
1790642454.5346918,39,OFF,40674,0
1790642455.5040889,40,OFF,41674,0
1790642456.5029984,41,OFF,42674,0
1790642457.5027273,42,OFF,43674,0
1790642458.5267763,43,OFF,44674,0
1790642459.5452313,44,OFF,45674,0
1790642460.499932,45,OFF,46674,0
1790642461.5028872,46,OFF,47674,0
1790642465.3973737,0,OFF,2671,0
1790642465.397578,1,OFF,2672,0
1790642466.4184687,2,OFF,3672,0
1790642467.3845606,3,OFF,4672,0
1790642468.3827972,4,OFF,5672,0
1790642469.381733,5,OFF,6672,0
1790642470.405143,6,OFF,7672,0
1790642471.4240627,7,OFF,8672,0
1790642472.3811958,8,OFF,9672,0
1790642473.382747,9,OFF,10672,0
1790642474.4006343,10,OFF,11672,0
1790642475.4308891,11,OFF,12672,0
1790642476.3793364,12,OFF,13672,0
1790642477.3848853,13,OFF,14672,0
1790642478.3922367,14,OFF,15672,0
1790642479.418779,15,OFF,16672,0
1790642480.3896391,16,OFF,17672,0
1790642481.386778,17,OFF,18672,0
1790642482.3889146,18,OFF,19672,0
1790642483.4143357,19,OFF,20672,0
1790642484.38291,20,OFF,21672,0
1790642485.3825467,21,OFF,22672,0
1790642486.3821774,22,OFF,23672,0
1790642487.4055858,23,OFF,24672,0
1790642488.4294617,24,OFF,25672,0
1790642489.385094,25,OFF,26672,0
1790642525.7055485,6,OFF,7671,1
1790642526.6632743,7,OFF,8671,0
1790642527.6607506,8,OFF,9671,0
1790642528.6722448,9,OFF,10671,0
1790642529.7044992,10,OFF,11671,0
1790642530.6627614,11,OFF,12671,0
1790642531.6569176,12,OFF,13671,0
1790642532.6682918,13,OFF,14671,0
1790642533.688949,14,OFF,15671,0
1790642534.6576173,15,OFF,16671,0
1790642535.6576447,16,OFF,17671,0
1790642536.6566236,17,OFF,18671,0
1790642537.6827703,18,OFF,19671,0
1790642538.6551843,19,OFF,20671,0
1790642539.6571057,20,OFF,21671,0
1790642540.660064,21,OFF,22671,0
1790642541.6775048,22,OFF,23671,0
1790642542.7028646,23,OFF,24671,0
1790642543.657643,24,OFF,25671,0
1790642544.6585526,25,OFF,26671,0
1790642545.670863,26,OFF,27671,0
1790642546.6960585,27,OFF,28671,0
1790642547.6628451,28,OFF,29671,0
1790642548.6575022,29,OFF,30671,0
1790642549.6653922,30,OFF,31671,0
1790642550.6988366,31,OFF,32671,0
1790642551.7068572,32,OFF,33671,0
1790642552.6588752,33,OFF,34671,0
1790642553.6588917,34,OFF,35671,0
1790642554.6829023,35,OFF,36671,0
1790642555.7010903,36,OFF,37671,0
1790642556.6581135,37,OFF,38671,0
1790642557.6599953,38,OFF,39671,0
1790642558.6811404,39,OFF,40671,0
1790642559.6992674,40,OFF,41671,0
1790642560.658514,41,OFF,42671,0
1790642561.6667628,42,OFF,43671,0
1790642562.6761205,43,OFF,44671,0
1790642563.6975038,44,OFF,45671,0
1790642564.660727,45,OFF,46671,0
1790642565.6589046,46,OFF,47671,0
1790642566.560064,47,ON,48571,1
1790642569.746896,0,OFF,2670,1
1790642570.253796,1,OFF,2671,0
1790642570.765686,2,OFF,3671,0
1790642571.725039,3,OFF,4671,0
1790642572.7259943,4,OFF,5671,0
1790642573.7265463,5,OFF,6671,0
1790642574.7542408,6,OFF,7671,0
1790642575.7230046,7,OFF,8671,0
1790642576.7246914,8,OFF,9671,0
1790642577.726108,9,OFF,10671,0
1790642578.7519922,10,OFF,11671,0
1790642579.7744663,11,OFF,12671,0
1790642580.723666,12,OFF,13671,0
1790642581.7263787,13,OFF,14671,0
1790642582.7458038,14,OFF,15671,0
1790642583.7671344,15,OFF,16671,0
1790642584.725968,16,OFF,17671,0
1790642585.7267766,17,OFF,18671,0
1790642586.734828,18,OFF,19671,0
1790642587.7575028,19,OFF,20671,0
1790642588.7285974,20,OFF,21671,0
1790642589.725865,21,OFF,22671,0
1790642590.7268841,22,OFF,23671,0
1790642591.7626705,23,OFF,24671,0
1790642592.7708983,24,OFF,25671,0
1790642593.7258105,25,OFF,26671,0
1790642594.7268493,26,OFF,27671,0
1790642595.7468638,27,OFF,28671,0
1790642596.770788,28,OFF,29671,0
1790642597.7267454,29,OFF,30671,0
1790642598.725678,30,OFF,31671,0
1790642599.7387407,31,OFF,32671,0
1790642600.761788,32,OFF,33672,0
1790642601.7323008,33,OFF,34672,0
1790642602.7278905,34,OFF,35672,0
1790642603.738855,35,OFF,36672,0
1790642604.7631173,36,OFF,37672,0
1790642605.7325857,37,OFF,38672,0
1790642606.734091,38,OFF,39672,0
1790642607.7254372,39,OFF,40672,0
1790642608.7508886,40,OFF,41672,0
1790642609.7694955,41,OFF,42672,0
1790642610.7269237,42,OFF,43672,0
1790642611.7254071,43,OFF,44672,0
1790642612.7456827,44,OFF,45672,0
1790642613.7687242,45,OFF,46672,0
1790642614.7264135,46,OFF,47672,0
1790642615.628853,47,ON,48572,1
1790642615.8172033,48,ON,48761,0
1790642616.8525667,49,ON,49795,0
1790642617.8844175,50,ON,50829,0
1790642618.926,51,ON,51863,0
1790642619.9539866,52,ON,52897,0
1790642621.0368555,53,ON,53931,0
1790642625.3648868,0,OFF,2670,1
1790642625.3650532,1,OFF,2671,0
1790642625.999364,2,OFF,3671,0
1790642627.0046265,3,OFF,4671,0
1790642628.002841,4,OFF,5671,0
1790642629.0285714,5,OFF,6671,0
1790642630.0523012,6,OFF,7671,0
1790642631.0026913,7,OFF,8671,0
1790642632.0000362,8,OFF,9671,0
1790642633.0201218,9,OFF,10671,0
1790642634.044104,10,OFF,11671,0
1790642635.0028543,11,OFF,12671,0
1790642635.9992237,12,OFF,13671,0
1790642637.016563,13,OFF,14671,0
1790642638.0387602,14,OFF,15671,0
1790642639.007858,15,OFF,16671,0
1790642640.0010252,16,OFF,17671,0
1790642641.00579,17,OFF,18671,0
1790642642.035435,18,OFF,19671,0
1790642643.002892,19,OFF,20671,0
1790642644.0108387,20,OFF,21671,0
1790642645.0022788,21,OFF,22671,0
1790642646.027936,22,OFF,23671,0
1790642647.0482752,23,OFF,24671,0
1790642648.00285,24,OFF,25671,0
1790642649.003671,25,OFF,26671,0
1790642650.0181746,26,OFF,27671,0
1790642651.0414464,27,OFF,28672,0
1790642652.0068953,28,OFF,29672,0
1790642653.0069282,29,OFF,30672,0
1790642654.0130134,30,OFF,31672,0
1790642655.0348637,31,OFF,32672,0
1790642656.005259,32,OFF,33672,0
1790642657.0040095,33,OFF,34672,0
1790642658.0089242,34,OFF,35672,0
1790642659.030765,35,OFF,36672,0
1790642660.052851,36,OFF,37672,0
1790642661.0072548,37,OFF,38672,0
1790642662.0057633,38,OFF,39672,0
1790642663.0307984,39,OFF,40672,0
1790642664.0484085,40,OFF,41672,0
1790642665.010023,41,OFF,42672,0
1790642666.0046756,42,OFF,43672,0
1790642667.0160651,43,OFF,44672,0
1790642668.038315,44,OFF,45672,0
1790642669.0061743,45,OFF,46672,0
1790642670.005129,46,OFF,47672,0
1790642670.9068866,47,ON,48572,1
1790642674.0901103,0,OFF,2671,1
1790642674.0902607,1,OFF,2672,0
1790642675.1095753,2,OFF,3672,0
1790642676.082515,3,OFF,4672,0
1790642677.0869348,4,OFF,5672,0
1790642678.0803156,5,OFF,6672,0
1790642679.1015735,6,OFF,7672,0
1790642680.1279764,7,OFF,8672,0
1790642681.0824006,8,OFF,9672,0
1790642682.0827534,9,OFF,10672,0
1790642683.102787,10,OFF,11672,0
1790642684.1189084,11,OFF,12672,0
1790642685.0826757,12,OFF,13672,0
1790642686.0824938,13,OFF,14672,0
1790642687.0892253,14,OFF,15672,0
1790642688.1124973,15,OFF,16672,0
1790642689.0814617,16,OFF,17672,0
1790642690.082872,17,OFF,18672,0
1790642691.080776,18,OFF,19672,0
1790642692.1071565,19,OFF,20672,0
1790642693.12507,20,OFF,21672,0
1790642694.0790613,21,OFF,22672,0
1790642695.0829122,22,OFF,23672,0
1790642696.1028712,23,OFF,24672,0
1790642697.1299596,24,OFF,25672,0
1790642698.0826914,25,OFF,26672,0
1790642699.081121,26,OFF,27672,0
1790642700.093022,27,OFF,28672,0
1790642701.1187737,28,OFF,29673,0
1790642702.085387,29,OFF,30673,0
1790642703.0802858,30,OFF,31673,0
1790642704.086905,31,OFF,32673,0
1790642705.1100976,32,OFF,33673,0
1790642706.1335208,33,OFF,34673,0
1790642707.0828555,34,OFF,35673,0
1790642708.0854347,35,OFF,36673,0
1790642709.1109118,36,OFF,37673,0
1790642710.130824,37,OFF,38673,0
1790642711.0842483,38,OFF,39673,0
1790642712.0839553,39,OFF,40673,0
1790642713.1005595,40,OFF,41673,0
1790642714.1180334,41,OFF,42673,0
1790642715.0840428,42,OFF,43673,0
1790642716.0966578,43,OFF,44673,0
1790642717.0954616,44,OFF,45673,0
1790642718.116376,45,OFF,46673,0
1790642719.084159,46,OFF,47673,0
1790642719.9841077,47,ON,48573,1
1790642723.0381935,0,OFF,2670,1
1790642723.5425203,1,OFF,2671,0
1790642724.0536363,2,OFF,3671,0
1790642725.0068924,3,OFF,4671,0
1790642726.0068948,4,OFF,5671,0
1790642727.0252476,5,OFF,6671,0
1790642728.0468535,6,OFF,7671,0
1790642729.014187,7,OFF,8671,0
1790642730.0087214,8,OFF,9671,0
1790642731.0169468,9,OFF,10671,0
1790642732.0428455,10,OFF,11671,0
1790642733.0031583,11,OFF,12671,0
1790642734.00941,12,OFF,13671,0
1790642735.0128706,13,OFF,14671,0
1790642736.0371077,14,OFF,15671,0
1790642737.008654,15,OFF,16671,0
1790642738.004268,16,OFF,17672,0
1790642739.0124805,17,OFF,18672,0
1790642740.0301087,18,OFF,19672,0
1790642741.049113,19,OFF,20672,0
1790642742.009601,20,OFF,21672,0
1790642743.0143473,21,OFF,22672,0
1790642744.0258696,22,OFF,23672,0
1790642745.0463827,23,OFF,24672,0
1790642746.0109727,24,OFF,25672,0
1790642747.0094252,25,OFF,26672,0
1790642748.0167668,26,OFF,27672,0
1790642749.044828,27,OFF,28672,0
1790642750.0107546,28,OFF,29672,0
1790642751.0119832,29,OFF,30672,0
1790642752.00956,30,OFF,31672,0
1790642753.0383315,31,OFF,32672,0
1790642754.0052948,32,OFF,33672,0
1790642755.0098507,33,OFF,34672,0
1790642756.0051563,34,OFF,35672,0
1790642757.0268931,35,OFF,36672,0
1790642758.0509048,36,OFF,37672,0
1790642759.0067837,37,OFF,38672,0
1790642760.0092287,38,OFF,39672,0
1790642796.5811887,25,OFF,27174,1
1790642797.5813894,26,OFF,28174,0
1790642798.6049206,27,OFF,29174,0
1790642799.6227653,28,OFF,30174,0
1790642800.5804067,29,OFF,31174,0
1790642801.576975,30,OFF,32174,0
1790642802.600834,31,OFF,33174,0
1790642803.6209671,32,OFF,34175,0
1790642804.584202,33,OFF,35175,0
1790642805.580701,34,OFF,36175,0
1790642806.5904756,35,OFF,37175,0
1790642807.616534,36,OFF,38175,0
1790642808.5833085,37,OFF,39175,0
1790642809.5783513,38,OFF,40175,0
1790642810.5868783,39,OFF,41175,0
1790642811.6090739,40,OFF,42175,0
1790642812.5838604,41,OFF,43175,0
1790642813.5817971,42,OFF,44175,0
1790642814.5852008,43,OFF,45175,0
1790642815.6011233,44,OFF,46175,0
1790642816.6291468,45,OFF,47175,0
1790642817.5826397,46,OFF,48175,0
1790642818.47904,47,ON,49075,1
1790642818.6747715,48,ON,49264,0
1790642819.707882,49,ON,50298,0
1790642820.7344043,50,ON,51332,0
1790642821.770052,51,ON,52366,0
1790642822.8065097,52,ON,53400,0
1790642827.1976912,0,OFF,3172,1
1790642827.19789,1,OFF,3173,0
1790642827.3743196,2,OFF,4173,0
1790642828.3327982,3,OFF,5173,0
1790642829.3308837,4,OFF,6173,0
1790642830.3484404,5,OFF,7173,0
1790642831.3738525,6,OFF,8173,0
1790642832.3327398,7,OFF,9173,0
1790642833.3367577,8,OFF,10174,0
1790642834.3452725,9,OFF,11174,0
1790642835.3691783,10,OFF,12174,0
1790642836.332994,11,OFF,13174,0
1790642837.3349054,12,OFF,14174,0
1790642838.3331149,13,OFF,15174,0
1790642839.3627627,14,OFF,16174,0
1790642840.333763,15,OFF,17174,0
1790642841.3359349,16,OFF,18174,0
1790642842.336487,17,OFF,19174,0
1790642843.3542783,18,OFF,20174,0
1790642844.3800015,19,OFF,21174,0
1790642845.3309028,20,OFF,22174,0
1790642846.3349032,21,OFF,23174,0
1790642847.3469162,22,OFF,24174,0
1790642848.3704863,23,OFF,25174,0
1790642849.3308206,24,OFF,26174,0
1790642850.3340828,25,OFF,27174,0
1790642851.3428817,26,OFF,28174,0
1790642852.3655086,27,OFF,29175,0
1790642853.3348875,28,OFF,30175,0
1790642854.3342507,29,OFF,31175,0
1790642855.3359785,30,OFF,32175,0
1790642856.3612797,31,OFF,33175,0
1790642857.3320236,32,OFF,34175,0
1790642858.3309886,33,OFF,35175,0
1790642859.340289,34,OFF,36175,0
1790642860.3534608,35,OFF,37175,0
1790642861.3747714,36,OFF,38175,0
1790642862.3362873,37,OFF,39175,0
1790642863.3395643,38,OFF,40175,0
1790642864.344662,39,OFF,41175,0
1790642865.3722477,40,OFF,42175,0
1790642866.3324685,41,OFF,43175,0
1790642867.335722,42,OFF,44175,0
1790642868.339125,43,OFF,45175,0
1790642869.3628588,44,OFF,46175,0
1790642870.3348734,45,OFF,47175,0
1790642871.3346922,46,OFF,48175,0
1790642872.237514,47,ON,49075,1
1790642875.428814,0,OFF,2671,1
1790642875.434157,1,OFF,2672,0
1790642876.4389977,2,OFF,3672,0
1790642877.4542613,3,OFF,4672,0
1790642878.4185095,4,OFF,5672,0
1790642879.4169264,5,OFF,6672,0
1790642880.4249582,6,OFF,7672,0
1790642881.4495616,7,OFF,8672,0
1790642882.4159937,8,OFF,9672,0
1790642883.415845,9,OFF,10672,0
1790642884.4230115,10,OFF,11672,0
1790642885.441004,11,OFF,12672,0
1790642886.4629092,12,OFF,13672,0
1790642887.418248,13,OFF,14672,0
1790642888.4158943,14,OFF,15672,0
1790642889.444798,15,OFF,16672,0
1790642890.4621701,16,OFF,17672,0
1790642891.4213355,17,OFF,18672,0
1790642892.4171948,18,OFF,19672,0
1790642893.4282055,19,OFF,20672,0
1790642894.454043,20,OFF,21672,0
1790642895.4178686,21,OFF,22672,0
1790642896.4206982,22,OFF,23672,0
1790642897.4203053,23,OFF,24672,0
1790642898.4481597,24,OFF,25672,0
1790642899.418762,25,OFF,26672,0
1790642900.42155,26,OFF,27672,0
1790642901.417398,27,OFF,28672,0
1790642902.438769,28,OFF,29672,0
1790642903.469918,29,OFF,30672,0
1790642904.415197,30,OFF,31672,0
1790642905.4178581,31,OFF,32672,0
1790642906.433387,32,OFF,33672,0
1790642907.4575174,33,OFF,34672,0
1790642908.418861,34,OFF,35672,0
1790642909.4162533,35,OFF,36672,0
1790642910.4267488,36,OFF,37672,0
1790642911.4541698,37,OFF,38672,0
1790642912.4150255,38,OFF,39672,0
1790642913.4220247,39,OFF,40672,0
1790642914.418901,40,OFF,41672,0
1790642915.4464967,41,OFF,42672,0
1790642916.4182584,42,OFF,43672,0
1790642917.4159055,43,OFF,44672,0
1790642918.418873,44,OFF,45673,0
1790642919.4423957,45,OFF,46673,0
1790642920.4617078,46,OFF,47673,0
1790642921.3207245,47,ON,48573,1
1790642921.5058973,48,ON,48762,0
1790642922.5387926,49,ON,49796,0
1790642923.573956,50,ON,50830,0
1790642924.6088698,51,ON,51864,0
1790642928.6625357,0,OFF,2671,1
1790642928.6627927,1,OFF,2672,0
1790642929.6787932,2,OFF,3672,0
1790642930.6416204,3,OFF,4672,0
1790642931.6502626,4,OFF,5672,0
1790642932.6509123,5,OFF,6672,0
1790642933.6708555,6,OFF,7673,0
1790642934.6426947,7,OFF,8673,0
1790642935.6529324,8,OFF,9673,0
1790642936.6409264,9,OFF,10673,0
1790642937.666859,10,OFF,11673,0
1790642938.6424232,11,OFF,12673,0
1790642939.6414814,12,OFF,13673,0
1790642940.6443942,13,OFF,14673,0
1790642941.6618629,14,OFF,15673,0
1790642942.6867425,15,OFF,16673,0
1790642943.6435819,16,OFF,17673,0
1790642944.6408348,17,OFF,18673,0
1790642945.6602976,18,OFF,19673,0
1790642946.6789048,19,OFF,20673,0
1790642947.6451595,20,OFF,21673,0
1790642948.6450186,21,OFF,22673,0
1790642949.6457388,22,OFF,23673,0
1790642950.674456,23,OFF,24673,0
1790642951.6399665,24,OFF,25673,0
1790642952.6449218,25,OFF,26673,0
1790642953.6418972,26,OFF,27673,0
1790642954.666862,27,OFF,28673,0
1790642955.6868792,28,OFF,29673,0
1790642956.6428533,29,OFF,30673,0
1790642957.642389,30,OFF,31673,0
1790642958.6589122,31,OFF,32673,0
1790642959.681648,32,OFF,33673,0
1790642960.646216,33,OFF,34673,0
1790642961.6397443,34,OFF,35673,0
1790642962.6507688,35,OFF,36673,0
1790642963.678468,36,OFF,37673,0
1790642964.6428268,37,OFF,38673,0
1790642965.641998,38,OFF,39674,0
1790642966.6510968,39,OFF,40674,0
1790642967.6653266,40,OFF,41674,0
1790642968.644369,41,OFF,42674,0
1790642969.639983,42,OFF,43674,0
1790642970.6428928,43,OFF,44674,0
1790642971.6629753,44,OFF,45674,0
1790642972.6872537,45,OFF,46674,0
1790642973.6454377,46,OFF,47674,0
1790642974.5450091,47,ON,48574,1
1790642974.7348616,48,ON,48763,0
1790642975.766901,49,ON,49797,0
1790642976.8039339,50,ON,50832,0
1790642977.8359108,51,ON,51866,0
1790642981.2224522,0,OFF,2671,1
1790642981.2225685,1,OFF,2672,0
1790642981.905643,2,OFF,3672,0
1790642982.854907,3,OFF,4672,0
1790642983.8615572,4,OFF,5672,0
1790642984.8711224,5,OFF,6672,0
1790642985.894866,6,OFF,7672,0
1790642986.8615987,7,OFF,8672,0
1790642987.8591104,8,OFF,9672,0
1790642988.8668509,9,OFF,10672,0
1790642989.8920314,10,OFF,11672,0
1790642990.857161,11,OFF,12672,0
1790642991.8621354,12,OFF,13672,0
1790642992.8606508,13,OFF,14672,0
1790642993.887891,14,OFF,15672,0
1790642994.8605309,15,OFF,16672,0
1790642995.8610718,16,OFF,17672,0
1790642996.8614168,17,OFF,18672,0
1790642997.8788939,18,OFF,19672,0
1790642998.901257,19,OFF,20672,0
1790642999.8613098,20,OFF,21672,0
1790643000.8604016,21,OFF,22672,0
1790643001.87851,22,OFF,23672,0
1790643002.8947554,23,OFF,24672,0
1790643003.8588185,24,OFF,25672,0
1790643004.8622403,25,OFF,26672,0
1790643005.866869,26,OFF,27672,0
1790643006.8923886,27,OFF,28673,0
1790643007.8628345,28,OFF,29673,0
1790643008.8587534,29,OFF,30673,0
1790643009.8594625,30,OFF,31673,0
1790643010.8830419,31,OFF,32673,0
1790643011.9040003,32,OFF,33673,0
1790643012.8625011,33,OFF,34673,0
1790643013.8626502,34,OFF,35673,0
1790643014.8786683,35,OFF,36673,0
1790643015.9009655,36,OFF,37673,0
1790643016.8719857,37,OFF,38673,0
1790643017.860839,38,OFF,39673,0
1790643018.8709104,39,OFF,40673,0
1790643019.8932233,40,OFF,41673,0
1790643020.869947,41,OFF,42673,0
1790643021.8600025,42,OFF,43673,0
1790643022.8667483,43,OFF,44673,0
1790643023.89238,44,OFF,45673,0
1790643024.862895,45,OFF,46673,0
1790643025.8603942,46,OFF,47673,0
1790643026.7628937,47,ON,48574,1
1790643030.1444614,0,OFF,2671,1
1790643030.1447408,1,OFF,2672,0
1790643030.8525715,2,OFF,3672,0
1790643066.8043075,38,OFF,39672,1
1790643067.8218186,39,OFF,40672,0
1790643068.79038,40,OFF,41672,0
1790643069.8013363,41,OFF,42672,0
1790643070.7887383,42,OFF,43672,0
1790643071.822864,43,OFF,44672,0
1790643072.7896466,44,OFF,45672,0
1790643073.7965622,45,OFF,46672,0
1790643074.7887385,46,OFF,47672,0
1790643080.0352404,0,OFF,3671,0
1790643080.564285,1,OFF,3672,0
1790643080.7197144,2,OFF,4672,0
1790643081.6738808,3,OFF,5672,0
1790643082.6742556,4,OFF,6672,0
1790643083.6974602,5,OFF,7672,0
1790643084.7164176,6,OFF,8672,0
1790643085.6797435,7,OFF,9672,0
1790643086.6853027,8,OFF,10672,0
1790643087.6908953,9,OFF,11672,0
1790643088.7095912,10,OFF,12672,0
1790643089.7308683,11,OFF,13672,0
1790643090.6766605,12,OFF,14672,0
1790643091.6850657,13,OFF,15672,0
1790643092.7028742,14,OFF,16673,0
1790643093.6737485,15,OFF,17673,0
1790643094.6907985,16,OFF,18673,0
1790643095.6739128,17,OFF,19673,0
1790643096.7160223,18,OFF,20673,0
1790643097.7187824,19,OFF,21673,0
1790643098.7429016,20,OFF,22673,0
1790643105.5949206,26,OFF,28673,0
1790643105.7495718,27,OFF,29673,0
1790643106.7309191,28,OFF,30673,0
1790643107.686903,29,OFF,31673,0
1790643108.6810873,30,OFF,32673,0
1790643109.7067707,31,OFF,33673,0
1790643110.7227695,32,OFF,34673,0
1790643111.677936,33,OFF,35673,0
1790643112.673382,34,OFF,36673,0
1790643113.694746,35,OFF,37673,0
1790643114.72149,36,OFF,38673,0
1790643115.6733277,37,OFF,39673,0
1790643116.7102873,38,OFF,40673,0
1790643117.7024524,39,OFF,41673,0
1790643118.7188785,40,OFF,42673,0
1790643119.734882,41,OFF,43673,0
1790643120.6683826,42,OFF,44673,0
1790643121.6828651,43,OFF,45673,0
1790643122.705175,44,OFF,46673,0
1790643123.68431,45,OFF,47673,0
1790643124.6747751,46,OFF,48674,0
1790643125.5851655,47,ON,49574,1
1790643128.7560694,0,OFF,2671,1
1790643128.7562308,1,OFF,2672,0
1790643129.7756398,2,OFF,3672,0
1790643130.7431302,3,OFF,4672,0
1790643131.743739,4,OFF,5672,0
1790643132.8428829,5,OFF,6672,0
1790643133.7776153,6,OFF,7672,0
1790643134.8266888,7,OFF,8672,0
1790643135.814485,8,OFF,9672,0
1790643136.7439623,9,OFF,10672,0
1790643137.758857,10,OFF,11672,0
1790643138.790898,11,OFF,12672,0
1790643139.8059835,12,OFF,13672,0
1790643140.7437763,13,OFF,14672,0
1790643141.7547672,14,OFF,15672,0
1790643142.7842007,15,OFF,16672,0
1790643143.742742,16,OFF,17672,0
1790643144.7654736,17,OFF,18672,0
1790643145.7541287,18,OFF,19672,0
1790643146.8228765,19,OFF,20672,0
1790643147.7922158,20,OFF,21672,0
1790643148.8254747,21,OFF,22672,0
1790643149.7708974,22,OFF,23672,0
1790643150.7661572,23,OFF,24672,0
1790643151.8022325,24,OFF,25672,0
1790643152.7456346,25,OFF,26672,0
1790643153.7413666,26,OFF,27672,0
1790643154.765771,27,OFF,28672,0
1790643155.7828465,28,OFF,29672,0
1790643156.7441204,29,OFF,30672,0
1790643157.7575502,30,OFF,31673,0
1790643158.755378,31,OFF,32673,0
1790643159.778877,32,OFF,33673,0
1790643160.7480893,33,OFF,34673,0
1790643161.7539408,34,OFF,35673,0
1790643162.752018,35,OFF,36673,0
1790643163.778162,36,OFF,37673,0
1790643164.791875,37,OFF,38673,0
1790643165.7470691,38,OFF,39673,0
1790643166.7487035,39,OFF,40673,0
1790643167.765032,40,OFF,41673,0
1790643168.7898805,41,OFF,42673,0
1790643169.810832,42,OFF,43673,0
1790643170.7501998,43,OFF,44673,0
1790643171.7586777,44,OFF,45673,0
1790643172.78286,45,OFF,46673,0
1790643173.7508655,46,OFF,47673,0
1790643174.6486728,47,ON,48573,1
1790643174.835269,48,ON,48762,0
1790643175.8701007,49,ON,49796,0
1790643176.9148772,50,ON,50830,0
1790643177.93886,51,ON,51864,0
1790643180.973074,0,OFF,2672,1
1790643181.4861007,1,OFF,2673,0
1790643181.997118,2,OFF,3673,0
1790643182.9684656,3,OFF,4673,0
1790643183.9690754,4,OFF,5674,0
1790643184.9680133,5,OFF,6674,0
1790643185.9921288,6,OFF,7674,0
1790643186.9651718,7,OFF,8674,0
1790643187.9668684,8,OFF,9674,0
1790643188.9772925,9,OFF,10674,0
1790643189.9935815,10,OFF,11674,0
1790643191.0149136,11,OFF,12674,0
1790643191.9673402,12,OFF,13674,0
1790643192.9651499,13,OFF,14674,0
1790643193.9858246,14,OFF,15674,0
1790643195.0021858,15,OFF,16674,0
1790643195.967169,16,OFF,17674,0
1790643196.966859,17,OFF,18674,0
1790643197.9908845,18,OFF,19674,0
1790643199.0091012,19,OFF,20674,0
1790643199.9668925,20,OFF,21674,0
1790643200.9618046,21,OFF,22674,0
1790643201.9648368,22,OFF,23674,0
1790643202.993452,23,OFF,24674,0
1790643203.9639454,24,OFF,25674,0
1790643204.962736,25,OFF,26674,0
1790643205.9657369,26,OFF,27674,0
1790643206.9901295,27,OFF,28674,0
1790643208.0138135,28,OFF,29674,0
1790643208.9647632,29,OFF,30674,0
1790643209.9646978,30,OFF,31674,0
1790643211.005506,31,OFF,32674,0
1790643212.0133476,32,OFF,33674,0
1790643212.9691179,33,OFF,34674,0
1790643213.9665303,34,OFF,35674,0
1790643214.9736137,35,OFF,36674,0
1790643216.0485332,36,OFF,37675,0
1790643216.9641361,37,OFF,38675,0
1790643217.9679222,38,OFF,39675,0
1790643218.9708226,39,OFF,40675,0
1790643219.9901783,40,OFF,41675,0
1790643221.012497,41,OFF,42675,0
1790643221.969987,42,OFF,43675,0
1790643222.9650722,43,OFF,44675,0
1790643223.9827895,44,OFF,45675,0
1790643225.0065846,45,OFF,46675,0
1790643225.9667366,46,OFF,47675,0
1790643226.868083,47,ON,48575,1
1790643227.0576239,48,ON,48764,0
1790643228.089357,49,ON,49798,0
1790643229.125542,50,ON,50832,0
1790643230.1589355,51,ON,51866,0
1790643231.195519,52,ON,52900,0
1790643232.225254,53,ON,53934,0
1790643236.5928817,0,OFF,2671,1
1790643236.593878,1,OFF,2672,0
1790643237.241079,2,OFF,3672,0
1790643238.3265646,3,OFF,4672,0
1790643239.2420022,4,OFF,5672,0
1790643240.2704637,5,OFF,6672,0
1790643241.237975,6,OFF,7672,0
1790643242.2427762,7,OFF,8672,0
1790643243.239947,8,OFF,9672,0
1790643244.2581835,9,OFF,10672,0
1790643245.2927425,10,OFF,11672,0
1790643246.2425013,11,OFF,12672,0
1790643247.241367,12,OFF,13672,0
1790643248.2575686,13,OFF,14672,0
1790643249.2826517,14,OFF,15672,0
1790643250.2464318,15,OFF,16672,0
1790643251.2403028,16,OFF,17672,0
1790643252.2467475,17,OFF,18672,0
1790643253.2708154,18,OFF,19672,0
1790643254.2418873,19,OFF,20672,0
1790643255.2423427,20,OFF,21672,0
1790643256.2409785,21,OFF,22672,0
1790643257.2693982,22,OFF,23672,0
1790643258.3015568,23,OFF,24672,0
1790643259.238954,24,OFF,25672,0
1790643260.2357898,25,OFF,26672,0
1790643261.2670476,26,OFF,27672,0
1790643262.2868679,27,OFF,28672,0
1790643263.2411427,28,OFF,29672,0
1790643264.2410922,29,OFF,30673,0
1790643265.2533867,30,OFF,31673,0
1790643266.2808514,31,OFF,32673,0
1790643267.2416322,32,OFF,33673,0
1790643268.2406812,33,OFF,34673,0
1790643269.2449882,34,OFF,35673,0
1790643270.2762828,35,OFF,36673,0
1790643271.2423277,36,OFF,37673,0
1790643272.2390292,37,OFF,38673,0
1790643273.240281,38,OFF,39673,0
1790643274.2685027,39,OFF,40673,0
1790643275.284019,40,OFF,41673,0
1790643276.240638,41,OFF,42673,0
1790643277.2413166,42,OFF,43673,0
1790643278.2581954,43,OFF,44673,0
1790643279.280861,44,OFF,45673,0
1790643280.241024,45,OFF,46673,0
1790643281.2401867,46,OFF,47673,0
1790643282.1467714,47,ON,48573,1
1790643293.8334918,0,OFF,11171,1
1790643294.3428872,1,OFF,11172,0
1790643294.8443363,2,OFF,12172,0
1790643295.8061728,3,OFF,13172,0
1790643296.8068964,4,OFF,14172,0
1790643297.8149009,5,OFF,15172,0
1790643298.8409607,6,OFF,16172,0
1790643299.808203,7,OFF,17172,0
1790643300.8078306,8,OFF,18172,0
1790643301.8149116,9,OFF,19172,0
1790643337.8538375,45,OFF,55173,1
1790643338.8083818,46,OFF,56173,0
1790643339.7074635,47,ON,57073,1
1790643339.901287,48,ON,57262,0
1790643340.9308574,49,ON,58296,0
1790643341.9684875,50,ON,59330,0
1790643343.0041535,51,ON,60364,0
1790643344.0364988,52,ON,61398,0
1790643345.071963,53,ON,62432,0
1790643346.0967224,54,ON,63461,0
1790643350.4703186,0,OFF,2672,1
1790643350.4704704,1,OFF,2673,0
1790643351.1120405,2,OFF,3673,0
1790643352.1111815,3,OFF,4673,0
1790643353.11895,4,OFF,5673,0
1790643354.1416833,5,OFF,6673,0
1790643355.161126,6,OFF,7674,0
1790643356.1139333,7,OFF,8674,0
1790643357.1184456,8,OFF,9674,0
1790643358.1293502,9,OFF,10674,0
1790643359.1644006,10,OFF,11674,0
1790643360.1169722,11,OFF,12674,0
1790643361.1135824,12,OFF,13674,0
1790643362.1220634,13,OFF,14674,0
1790643363.1527722,14,OFF,15674,0
1790643364.110535,15,OFF,16674,0
1790643365.1168294,16,OFF,17674,0
1790643366.1165516,17,OFF,18674,0
1790643367.1469033,18,OFF,19674,0
1790643368.1143196,19,OFF,20674,0
1790643369.118923,20,OFF,21674,0
1790643370.1189249,21,OFF,22674,0
1790643371.1342344,22,OFF,23674,0
1790643372.1589174,23,OFF,24674,0
1790643373.1138773,24,OFF,25674,0
1790643374.1168487,25,OFF,26674,0
1790643375.1339605,26,OFF,27674,0
1790643376.1509356,27,OFF,28674,0
1790643377.114163,28,OFF,29674,0
1790643378.117539,29,OFF,30674,0
1790643379.1229265,30,OFF,31674,0
1790643380.144549,31,OFF,32674,0
1790643381.116875,32,OFF,33674,0
1790643382.1170914,33,OFF,34674,0
1790643383.1175413,34,OFF,35674,0
1790643384.1415799,35,OFF,36674,0
1790643385.1611805,36,OFF,37674,0
1790643386.1172338,37,OFF,38674,0
1790643387.1142108,38,OFF,39675,0
1790643388.1340957,39,OFF,40675,0
1790643389.160206,40,OFF,41675,0
1790643390.1173325,41,OFF,42675,0
1790643391.114478,42,OFF,43675,0
1790643392.128676,43,OFF,44675,0
1790643393.1509101,44,OFF,45675,0
1790643394.1188836,45,OFF,46675,0
1790643395.115032,46,OFF,47675,0
1790643396.0165253,47,ON,48575,1
1790643399.1987047,0,OFF,2671,1
1790643400.214865,1,OFF,2672,0
1790643400.219607,2,OFF,3672,0
1790643401.238681,3,OFF,4672,0
1790643402.1951134,4,OFF,5672,0
1790643403.190068,5,OFF,6673,0
1790643404.210897,6,OFF,7673,0
1790643405.2334087,7,OFF,8673,0
1790643406.1944964,8,OFF,9673,0
1790643407.199233,9,OFF,10673,0
1790643408.2100067,10,OFF,11673,0
1790643409.2348459,11,OFF,12673,0
1790643410.1932783,12,OFF,13673,0
1790643411.1948953,13,OFF,14673,0
1790643412.198882,14,OFF,15673,0
1790643413.2229123,15,OFF,16673,0
1790643414.192978,16,OFF,17673,0
1790643415.1919248,17,OFF,18673,0
1790643416.1972423,18,OFF,19673,0
1790643417.214936,19,OFF,20673,0
1790643418.237281,20,OFF,21673,0
1790643419.1924815,21,OFF,22673,0
1790643420.1924582,22,OFF,23673,0
1790643421.210096,23,OFF,24673,0
1790643422.233093,24,OFF,25674,0
1790643423.2038121,25,OFF,26674,0
1790643424.1914341,26,OFF,27674,0
1790643425.2022853,27,OFF,28674,0
1790643426.2326899,28,OFF,29674,0
1790643427.1961758,29,OFF,30674,0
1790643428.198363,30,OFF,31674,0
1790643429.198502,31,OFF,32674,0
1790643430.2306492,32,OFF,33674,0
1790643431.2428715,33,OFF,34674,0
1790643432.1938987,34,OFF,35674,0
1790643433.1988928,35,OFF,36674,0
1790643434.2141016,36,OFF,37674,0
1790643435.244167,37,OFF,38674,0
1790643436.1965406,38,OFF,39674,0
1790643437.2062085,39,OFF,40674,0
1790643438.206748,40,OFF,41674,0
1790643439.2308958,41,OFF,42674,0
1790643440.196946,42,OFF,43674,0
1790643441.1988716,43,OFF,44675,0
1790643442.2108645,44,OFF,45675,0
1790643443.225145,45,OFF,46675,0
1790643444.1984255,46,OFF,47675,0
1790643445.101334,47,ON,48575,1
1790643445.2863495,48,ON,48764,0
1790643446.321142,49,ON,49798,0
1790643449.7059104,0,OFF,2673,1
1790643449.7060733,1,OFF,2674,0
1790643450.3462617,2,OFF,3674,0
1790643451.347175,3,OFF,4674,0
1790643452.3485835,4,OFF,5674,0
1790643453.3628707,5,OFF,6674,0
1790643454.3892186,6,OFF,7674,0
1790643455.3487911,7,OFF,8674,0
1790643456.3469322,8,OFF,9674,0
1790643457.3580415,9,OFF,10674,0
1790643458.3829176,10,OFF,11674,0
1790643459.349616,11,OFF,12674,0
1790643460.3481803,12,OFF,13674,0
1790643461.3509054,13,OFF,14674,0
1790643462.3809552,14,OFF,15674,0
1790643463.3484578,15,OFF,16674,0
1790643464.3468854,16,OFF,17674,0
1790643465.3467474,17,OFF,18674,0
1790643466.3705409,18,OFF,19674,0
1790643467.390174,19,OFF,20674,0
1790643468.3482275,20,OFF,21674,0
1790643469.348188,21,OFF,22674,0
1790643470.3629115,22,OFF,23674,0
1790643471.3901653,23,OFF,24674,0
1790643472.34411,24,OFF,25674,0
1790643473.3483067,25,OFF,26674,0
1790643474.356995,26,OFF,27674,0
1790643475.3883975,27,OFF,28674,0
1790643476.3482668,28,OFF,29674,0
1790643477.3508787,29,OFF,30674,0
1790643478.3507533,30,OFF,31674,0
1790643479.3882675,31,OFF,32675,0
1790643480.350646,32,OFF,33675,0
1790643481.3490398,33,OFF,34675,0
1790643482.3490453,34,OFF,35675,0
1790643483.3687997,35,OFF,36675,0
1790643484.3977885,36,OFF,37675,0
1790643485.3493292,37,OFF,38675,0
1790643486.3497584,38,OFF,39675,0
1790643487.368917,39,OFF,40675,0
1790643488.3850515,40,OFF,41675,0
1790643489.3510554,41,OFF,42675,0
1790643490.349816,42,OFF,43675,0
1790643491.3607564,43,OFF,44675,0
1790643492.3843544,44,OFF,45675,0
1790643493.3497536,45,OFF,46675,0
1790643494.3501427,46,OFF,47675,0
1790643495.2533076,47,ON,48575,1
1790643508.7792406,0,OFF,12671,1
1790643508.7793844,1,OFF,12672,0
1790643509.4182699,2,OFF,13672,0
1790643510.4188726,3,OFF,14672,0
1790643511.4268074,4,OFF,15672,0
1790643512.4509065,5,OFF,16672,0
1790643513.418906,6,OFF,17672,0
1790643514.4188962,7,OFF,18672,0
1790643515.4187107,8,OFF,19672,0
1790643516.5509024,9,OFF,20672,0
1790643517.418589,10,OFF,21672,0
1790643518.4221966,11,OFF,22672,0
1790643519.4189124,12,OFF,23672,0
1790643520.4428174,13,OFF,24672,0
1790643521.4589148,14,OFF,25672,0
1790643522.418914,15,OFF,26672,0
1790643523.4162958,16,OFF,27672,0
1790643524.432683,17,OFF,28672,0
1790643525.4564338,18,OFF,29672,0
1790643526.418737,19,OFF,30672,0
1790643527.4187813,20,OFF,31672,0
1790643528.4301631,21,OFF,32672,0
1790643529.4540403,22,OFF,33672,0
1790643530.4744742,23,OFF,34672,0
1790643531.4189124,24,OFF,35672,0
1790643532.4182396,25,OFF,36672,0
1790643533.442883,26,OFF,37672,0
1790643534.4640996,27,OFF,38672,0
1790643535.4189,28,OFF,39672,0
1790643536.421194,29,OFF,40672,0
1790643537.4346292,30,OFF,41672,0
1790643538.466882,31,OFF,42672,0
1790643539.4172504,32,OFF,43672,0
1790643540.415401,33,OFF,44672,0
1790643541.4291785,34,OFF,45672,0
1790643542.4541173,35,OFF,46672,0
1790643543.4198935,36,OFF,47672,0
1790643544.421813,37,OFF,48672,0
1790643545.4220455,38,OFF,49672,0
1790643546.4467754,39,OFF,50672,0
1790643547.4187756,40,OFF,51672,0
1790643548.4177992,41,OFF,52672,0
1790643549.4188683,42,OFF,53672,0
1790643550.4428408,43,OFF,54672,0
1790643551.466177,44,OFF,55672,0
1790643552.4171615,45,OFF,56672,0
1790643553.4189074,46,OFF,57672,0
1790643557.3205576,0,OFF,2673,0
1790643557.3207076,1,OFF,2674,0
1790643558.326913,2,OFF,3674,0
1790643559.3566768,3,OFF,4674,0
1790643560.3065267,4,OFF,5674,0
1790643561.3089063,5,OFF,6674,0
1790643562.3212457,6,OFF,7674,0
1790643563.3450768,7,OFF,8675,0
1790643564.3133397,8,OFF,9675,0
1790643565.310114,9,OFF,10675,0
1790643566.3125107,10,OFF,11675,0
1790643567.3367088,11,OFF,12675,0
1790643568.358885,12,OFF,13675,0
1790643569.316083,13,OFF,14675,0
1790643570.3130734,14,OFF,15675,0
1790643571.3373387,15,OFF,16675,0
1790643572.364363,16,OFF,17675,0
1790643611.173814,0,OFF,3172,1
1790643611.6772041,1,OFF,3173,0
1790643612.186367,2,OFF,4174,0
1790643613.14088,3,OFF,5174,0
1790643614.1509027,4,OFF,6174,0
1790643615.166917,5,OFF,7174,0
1790643616.1839418,6,OFF,8174,0
1790643617.150547,7,OFF,9174,0
1790643618.1468747,8,OFF,10174,0
1790643619.1585062,9,OFF,11174,0
1790643620.19104,10,OFF,12174,0
1790643621.148832,11,OFF,13174,0
1790643622.1547303,12,OFF,14174,0
1790643623.1481187,13,OFF,15174,0
1790643624.1693428,14,OFF,16174,0
1790643625.1885433,15,OFF,17174,0
1790643626.1459136,16,OFF,18174,0
1790643627.1460874,17,OFF,19174,0
1790643628.1650066,18,OFF,20174,0
1790643629.190666,19,OFF,21174,0
1790643630.1461108,20,OFF,22174,0
1790643631.146909,21,OFF,23174,0
1790643632.1760235,22,OFF,24174,0
1790643633.1869109,23,OFF,25174,0
1790643634.1480439,24,OFF,26174,0
1790643635.1492414,25,OFF,27174,0
1790643636.1594353,26,OFF,28174,0
1790643637.1829157,27,OFF,29174,0
1790643638.1508644,28,OFF,30174,0
1790643639.1481493,29,OFF,31174,0
1790643640.1467378,30,OFF,32174,0
1790643641.1759155,31,OFF,33174,0
1790643642.1452727,32,OFF,34174,0
1790643643.1479902,33,OFF,35174,0
1790643644.146771,34,OFF,36175,0
1790643645.1707745,35,OFF,37175,0
1790643646.1920962,36,OFF,38175,0
1790643647.1467705,37,OFF,39175,0
1790643648.1481626,38,OFF,40175,0
1790643649.156564,39,OFF,41175,0
1790643650.1859632,40,OFF,42175,0
1790643651.1486585,41,OFF,43175,0
1790643652.1444345,42,OFF,44175,0
1790643653.152668,43,OFF,45175,0
1790643654.1779802,44,OFF,46175,0
1790643655.1949046,45,OFF,47175,0
1790643656.1498733,46,OFF,48175,0
1790643657.0484407,47,ON,49075,1
1790643660.7388773,0,OFF,3173,1
1790643660.7390723,1,OFF,3174,0
1790643661.7618735,2,OFF,4174,0
1790643662.7140944,3,OFF,5174,0
1790643663.7168195,4,OFF,6174,0
1790643664.718877,5,OFF,7174,0
1790643665.7465577,6,OFF,8174,0
1790643666.7202365,7,OFF,9174,0
1790643667.7149124,8,OFF,10174,0
1790643668.715947,9,OFF,11174,0
1790643669.7491834,10,OFF,12174,0
1790643670.7589016,11,OFF,13174,0
1790643671.7186568,12,OFF,14174,0
1790643672.7185469,13,OFF,15174,0
1790643673.7388911,14,OFF,16174,0
1790643674.758922,15,OFF,17174,0
1790643675.7208352,16,OFF,18174,0
1790643676.7181463,17,OFF,19174,0
1790643677.7321036,18,OFF,20174,0
1790643678.762829,19,OFF,21175,0
1790643679.717897,20,OFF,22175,0
1790643680.7194107,21,OFF,23175,0
1790643681.720705,22,OFF,24175,0
1790643682.7503126,23,OFF,25175,0
1790643683.718833,24,OFF,26175,0
1790643684.7184558,25,OFF,27175,0
1790643685.724337,26,OFF,28175,0
1790643686.7428648,27,OFF,29175,0
1790643687.762816,28,OFF,30175,0
1790643688.7194042,29,OFF,31175,0
1790643689.721013,30,OFF,32175,0
1790643690.7340374,31,OFF,33175,0
1790643691.7618651,32,OFF,34175,0
1790643692.7162397,33,OFF,35175,0
1790643693.7201087,34,OFF,36175,0
1790643694.7279723,35,OFF,37175,0
1790643695.7573795,36,OFF,38175,0
1790643696.772074,37,OFF,39175,0
1790643697.7210493,38,OFF,40175,0
1790643698.7213345,39,OFF,41175,0
1790643699.749488,40,OFF,42175,0
1790643700.764876,41,OFF,43175,0
1790643701.7210183,42,OFF,44175,0
1790643702.7371697,43,OFF,45175,0
1790643703.7336464,44,OFF,46175,0
1790643704.7694933,45,OFF,47175,0
1790643705.720171,46,OFF,48175,0
1790643706.6206038,47,ON,49075,1
1790643706.8136797,48,ON,49264,0
1790643707.8427615,49,ON,50298,0
1790643708.8769517,50,ON,51332,0
1790643709.9108713,51,ON,52366,0
1790643710.9451644,52,ON,53400,0
1790643714.5148435,0,OFF,3171,1
1790643714.515022,1,OFF,3172,0
1790643715.5294657,2,OFF,4172,0
1790643716.4682133,3,OFF,5172,0
1790643717.4679925,4,OFF,6172,0
1790643718.4850395,5,OFF,7172,0
1790643719.5122614,6,OFF,8172,0
1790643720.4703453,7,OFF,9172,0
1790643721.6609147,8,OFF,10172,0
1790643722.4821053,9,OFF,11172,0
1790643723.5058718,10,OFF,12172,0
1790643724.4730082,11,OFF,13172,0
1790643725.4637005,12,OFF,14172,0
1790643726.4768033,13,OFF,15172,0
1790643727.4987676,14,OFF,16172,0
1790643728.512333,15,OFF,17172,0
1790643729.47253,16,OFF,18172,0
1790643730.471833,17,OFF,19173,0
1790643731.4932168,18,OFF,20173,0
1790643732.512416,19,OFF,21173,0
1790643733.4708774,20,OFF,22173,0
1790643734.466307,21,OFF,23173,0
1790643735.4869235,22,OFF,24173,0
1790643736.5085526,23,OFF,25173,0
1790643737.4707012,24,OFF,26173,0
1790643738.4708993,25,OFF,27173,0
1790643739.4807265,26,OFF,28173,0
1790643740.5006921,27,OFF,29173,0
1790643741.4696894,28,OFF,30173,0
1790643742.4708965,29,OFF,31173,0
1790643743.4706707,30,OFF,32173,0
1790643744.4982285,31,OFF,33173,0
1790643745.5147429,32,OFF,34173,0
1790643746.4704916,33,OFF,35173,0
1790643747.470758,34,OFF,36173,0
1790643748.4922163,35,OFF,37173,0
1790643749.5149138,36,OFF,38173,0
1790643750.474165,37,OFF,39173,0
1790643751.4732056,38,OFF,40173,0
1790643752.4869242,39,OFF,41173,0
1790643753.5185733,40,OFF,42173,0
1790643754.4749253,41,OFF,43173,0
1790643755.4708762,42,OFF,44173,0
1790643756.4735472,43,OFF,45173,0
1790643757.5011227,44,OFF,46173,0
1790643758.4723313,45,OFF,47173,0
1790643759.4707243,46,OFF,48173,0
1790643760.3728673,47,ON,49073,1
1790643763.5481734,0,OFF,2671,1
1790643764.061848,1,OFF,2672,0
1790643764.5667822,2,OFF,3672,0
1790643765.583954,3,OFF,4672,0
1790643766.540118,4,OFF,5672,0
1790643767.5358727,5,OFF,6672,0
1790643768.558747,6,OFF,7672,0
1790643769.582196,7,OFF,8672,0
1790643770.541014,8,OFF,9672,0
1790643771.5410626,9,OFF,10672,0
1790643772.550578,10,OFF,11672,0
1790643773.5806353,11,OFF,12672,0
1790643774.5459607,12,OFF,13672,0
1790643775.5435793,13,OFF,14672,0
1790643776.5509133,14,OFF,15672,0
1790643777.57028,15,OFF,16672,0
1790643778.5408947,16,OFF,17672,0
1790643779.5406506,17,OFF,18672,0
1790643780.542994,18,OFF,19672,0
1790643781.5627332,19,OFF,20672,0
1790643782.5909028,20,OFF,21672,0
1790643783.5442805,21,OFF,22672,0
1790643784.5430732,22,OFF,23672,0
1790643785.5613694,23,OFF,24672,0
1790643786.5857453,24,OFF,25672,0
1790643787.541247,25,OFF,26672,0
1790643788.5441504,26,OFF,27672,0
1790643789.549586,27,OFF,28672,0
1790643790.5789003,28,OFF,29672,0
1790643791.5948582,29,OFF,30672,0
1790643792.5357046,30,OFF,31672,0
1790643793.5458875,31,OFF,32672,0
1790643794.566896,32,OFF,33672,0
1790643795.5889118,33,OFF,34672,0
1790643796.53842,34,OFF,35672,0
1790643797.542934,35,OFF,36672,0
1790643798.5628705,36,OFF,37672,0
1790643799.5828443,37,OFF,38672,0
1790643800.5402293,38,OFF,39672,0
1790643801.5428684,39,OFF,40673,0
1790643802.5610452,40,OFF,41673,0
1790643803.5772161,41,OFF,42673,0
1790643804.5448246,42,OFF,43673,0
1790643805.5423086,43,OFF,44673,0
1790643806.5547733,44,OFF,45673,0
1790643807.5740478,45,OFF,46673,0
1790643808.541977,46,OFF,47673,0
1790643809.4427898,47,ON,48573,1
1790643809.6338277,48,ON,48762,0
1790643810.664298,49,ON,49796,0
1790643814.7387722,0,OFF,3671,1
1790643814.738854,1,OFF,3672,0
1790643815.6930249,2,OFF,4673,0
1790643816.6922,3,OFF,5673,0
1790643817.7109277,4,OFF,6673,0
1790643818.7309325,5,OFF,7673,0
1790643819.6849043,6,OFF,8673,0
1790643820.6900613,7,OFF,9673,0
1790643821.7097063,8,OFF,10673,0
1790643822.7334888,9,OFF,11673,0
1790643823.6904924,10,OFF,12673,0
1790643824.6948497,11,OFF,13673,0
1790643825.6963673,12,OFF,14673,0
1790643826.7239082,13,OFF,15673,0
1790643827.693178,14,OFF,16673,0
1790643828.6886563,15,OFF,17673,0
1790643829.690739,16,OFF,18673,0
1790643830.716849,17,OFF,19673,0
1790643831.7375364,18,OFF,20673,0
1790643832.6945438,19,OFF,21673,0
1790643833.6908822,20,OFF,22673,0
1790643834.7143493,21,OFF,23673,0
1790643835.7372363,22,OFF,24673,0
1790643836.6942098,23,OFF,25673,0
1790643837.6942036,24,OFF,26673,0
1790643838.7092636,25,OFF,27673,0
1790643839.7268934,26,OFF,28673,0
1790643840.6896002,27,OFF,29673,0
1790643841.6907527,28,OFF,30673,0
1790643842.7018406,29,OFF,31673,0
1790643878.586763,15,OFF,17683,1
1790643879.5867705,16,OFF,18683,0
1790643880.5907207,17,OFF,19683,0
1790643881.6147146,18,OFF,20683,0
1790643882.6384764,19,OFF,21683,0
1790643883.58676,20,OFF,22683,0
1790643884.5879357,21,OFF,23683,0
1790643885.6027594,22,OFF,24683,0
1790643886.6323621,23,OFF,25683,0
1790643887.5867364,24,OFF,26683,0
1790643888.584695,25,OFF,27683,0
1790643889.5978808,26,OFF,28683,0
1790643890.620505,27,OFF,29684,0
1790643891.5903962,28,OFF,30684,0
1790643892.607488,29,OFF,31684,0
1790643893.5940666,30,OFF,32684,0
1790643894.666248,31,OFF,33684,0
1790643895.5869396,32,OFF,34684,0
1790643896.5897324,33,OFF,35684,0
1790643897.5895486,34,OFF,36684,0
1790643898.6056871,35,OFF,37684,0
1790643899.6375067,36,OFF,38684,0
1790643900.589049,37,OFF,39684,0
1790643901.5920045,38,OFF,40684,0
1790643902.6041608,39,OFF,41684,0
1790643903.6341054,40,OFF,42684,0
1790643904.586891,41,OFF,43684,0
1790643905.586765,42,OFF,44684,0
1790643906.5977225,43,OFF,45684,0
1790643907.6232417,44,OFF,46684,0
1790643908.5905728,45,OFF,47684,0
1790643909.589216,46,OFF,48685,0
1790643910.4920309,47,ON,49585,1
1790643916.17093,0,OFF,5171,1
1790643916.171138,1,OFF,5172,0
1790643917.1608298,2,OFF,6172,0
1790643918.1666758,3,OFF,7172,0
1790643919.1909063,4,OFF,8172,0
1790643920.1613116,5,OFF,9172,0
1790643921.1628816,6,OFF,10172,0
1790643922.1611216,7,OFF,11172,0
1790643923.1887074,8,OFF,12172,0
1790643924.214905,9,OFF,13172,0
1790643925.1592734,10,OFF,14172,0
1790643926.1623316,11,OFF,15172,0
1790643927.181825,12,OFF,16172,0
1790643928.2081373,13,OFF,17172,0
1790643929.1654015,14,OFF,18172,0
1790643930.1612952,15,OFF,19172,0
1790643931.186914,16,OFF,20172,0
1790643932.2100372,17,OFF,21172,0
1790643933.1629202,18,OFF,22172,0
1790643934.158814,19,OFF,23172,0
1790643935.1709332,20,OFF,24172,0
1790643936.1935222,21,OFF,25173,0
1790643937.1643636,22,OFF,26173,0
1790643938.1629336,23,OFF,27173,0
1790643939.1639528,24,OFF,28173,0
1790643940.1849513,25,OFF,29173,0
1790643941.2040427,26,OFF,30173,0
1790643942.1631548,27,OFF,31173,0
1790643943.1603913,28,OFF,32173,0
1790643944.1761878,29,OFF,33173,0
1790643945.206869,30,OFF,34173,0
1790643946.1651528,31,OFF,35173,0
1790643947.1618133,32,OFF,36173,0
1790643948.1807008,33,OFF,37173,0
1790643949.2019372,34,OFF,38173,0
1790643950.16277,35,OFF,39173,0
1790643951.1687605,36,OFF,40173,0
1790643952.1651394,37,OFF,41173,0
1790643953.1938684,38,OFF,42173,0
1790643954.1653764,39,OFF,43173,0
1790643955.169801,40,OFF,44173,0
1790643956.1879923,41,OFF,45173,0
1790643957.1828887,42,OFF,46173,0
1790643958.2075236,43,OFF,47173,0
1790643959.1653645,44,OFF,48173,0
1790643960.1610112,45,OFF,49173,0
1790643961.1808364,46,OFF,50173,0
1790643965.4821637,0,OFF,2670,0
1790643965.9870567,1,OFF,2671,0
1790643966.0403485,2,OFF,3671,0
1790643967.0487,3,OFF,4671,0
1790643968.0388603,4,OFF,5671,0
1790643969.0660954,5,OFF,6671,0
1790643970.0901163,6,OFF,7671,0
1790643971.0380688,7,OFF,8671,0
1790643972.0419948,8,OFF,9671,0
1790643973.0599215,9,OFF,10671,0
1790643974.0788846,10,OFF,11671,0
1790643975.0414987,11,OFF,12671,0
1790643976.0405958,12,OFF,13671,0
1790643977.0534556,13,OFF,14671,0
1790643978.073996,14,OFF,15671,0
1790643979.042846,15,OFF,16671,0
1790643980.050214,16,OFF,17671,0
1790643981.0482504,17,OFF,18671,0
1790643982.070887,18,OFF,19671,0
1790643983.090909,19,OFF,20671,0
1790643984.0571842,20,OFF,21671,0
1790643985.0419014,21,OFF,22671,0
1790643986.0707777,22,OFF,23671,0
1790643987.086163,23,OFF,24671,0
1790643988.0412211,24,OFF,25671,0
1790643989.044419,25,OFF,26672,0
1790643990.0618844,26,OFF,27672,0
1790643991.0774615,27,OFF,28672,0
1790643992.04169,28,OFF,29672,0
1790643993.1228986,29,OFF,30672,0
1790643994.0467818,30,OFF,31672,0
1790643995.077115,31,OFF,32672,0
1790643996.0941415,32,OFF,33672,0
1790643997.0560296,33,OFF,34672,0
1790643998.057823,34,OFF,35672,0
1790643999.0691342,35,OFF,36672,0
1790644000.0859497,36,OFF,37672,0
1790644001.110432,37,OFF,38672,0
1790644002.0722616,38,OFF,39672,0
1790644003.0655262,39,OFF,40672,0
1790644004.0851305,40,OFF,41672,0
1790644005.0438848,41,OFF,42672,0
1790644006.0473654,42,OFF,43672,0
1790644007.0533655,43,OFF,44672,0
1790644008.081281,44,OFF,45672,0
1790644009.0458877,45,OFF,46672,0
1790644010.0663419,46,OFF,47672,0
1790644010.9428737,47,ON,48572,1
1790644016.618867,0,OFF,5172,1
1790644017.6121879,1,OFF,5173,0
1790644017.6123803,2,OFF,6173,0
1790644018.6246974,3,OFF,7173,0
1790644019.6526453,4,OFF,8173,0
1790644020.6124108,5,OFF,9173,0
1790644021.6293604,6,OFF,10173,0
1790644022.621336,7,OFF,11173,0
1790644023.6610096,8,OFF,12173,0
1790644024.6627495,9,OFF,13173,0
1790644025.6108866,10,OFF,14173,0
1790644026.6171901,11,OFF,15173,0
1790644027.6398625,12,OFF,16173,0
1790644028.6092532,13,OFF,17173,0
1790644029.6816328,14,OFF,18173,0
1790644030.6148095,15,OFF,19173,0
1790644031.62921,16,OFF,20173,0
1790644032.658462,17,OFF,21173,0
1790644033.609612,18,OFF,22173,0
1790644034.612046,19,OFF,23173,0
1790644035.63206,20,OFF,24173,0
1790644036.6463668,21,OFF,25173,0
1790644037.6697016,22,OFF,26173,0
1790644038.6135216,23,OFF,27173,0
1790644039.6174922,24,OFF,28173,0
1790644040.6421242,25,OFF,29173,0
1790644041.6116886,26,OFF,30173,0
1790644042.6111708,27,OFF,31173,0
1790644043.6128697,28,OFF,32173,0
1790644044.6326542,29,OFF,33173,0
1790644045.6548991,30,OFF,34173,0
1790644046.613075,31,OFF,35173,0
1790644047.6148825,32,OFF,36173,0
1790644048.6766424,33,OFF,37173,0
1790644049.6573663,34,OFF,38173,0
1790644050.6188667,35,OFF,39173,0
1790644051.640668,36,OFF,40173,0
1790644052.622072,37,OFF,41173,0
1790644053.6502044,38,OFF,42173,0
1790644054.6163392,39,OFF,43173,0
1790644055.6148474,40,OFF,44174,0
1790644056.6149,41,OFF,45174,0
1790644057.6388977,42,OFF,46174,0
1790644058.6148734,43,OFF,47174,0
1790644059.6846063,44,OFF,48174,0
1790644060.613778,45,OFF,49174,0
1790644061.637513,46,OFF,50174,0
1790644075.5055583,0,OFF,12673,0
1790644076.0189097,1,OFF,12674,0
1790644076.496896,2,OFF,13674,0
1790644077.5062108,3,OFF,14674,0
1790644078.534675,4,OFF,15674,0
1790644079.496878,5,OFF,16674,0
1790644080.4948502,6,OFF,17675,0
1790644081.502863,7,OFF,18675,0
1790644082.5228882,8,OFF,19675,0
1790644083.646411,9,OFF,20675,0
1790644084.5688748,10,OFF,21675,0
1790644085.4974546,11,OFF,22675,0
1790644086.6161637,12,OFF,23675,0
1790644087.5400555,13,OFF,24675,0
1790644088.4985082,14,OFF,25675,0
1790644089.497385,15,OFF,26675,0
1790644090.511671,16,OFF,27675,0
1790644091.545822,17,OFF,28675,0
1790644092.4964037,18,OFF,29675,0
1790644093.501939,19,OFF,30675,0
1790644094.506586,20,OFF,31675,0
1790644095.5343468,21,OFF,32675,0
1790644096.4988732,22,OFF,33675,0
1790644097.5020747,23,OFF,34675,0
1790644098.5022979,24,OFF,35675,0
1790644099.5263138,25,OFF,36675,0
1790644100.54272,26,OFF,37675,0
1790644101.5143716,27,OFF,38675,0
1790644102.4975307,28,OFF,39675,0
1790644103.5223458,29,OFF,40675,0
1790644104.546889,30,OFF,41675,0
1790644105.4994726,31,OFF,42675,0
1790644106.4979613,32,OFF,43675,0
1790644107.5148082,33,OFF,44675,0
1790644108.5292826,34,OFF,45675,0
1790644109.5003347,35,OFF,46675,0
1790644110.5021327,36,OFF,47675,0
1790644111.506196,37,OFF,48675,0
1790644112.5339785,38,OFF,49675,0
1790644113.498431,39,OFF,50675,0
1790644149.3979752,26,OFF,27675,1
1790644150.4205887,27,OFF,28675,0
1790644151.388239,28,OFF,29675,0
1790644152.389955,29,OFF,30675,0
1790644153.390467,30,OFF,31675,0
1790644154.413569,31,OFF,32675,0
1790644155.4308784,32,OFF,33675,0
1790644156.3926497,33,OFF,34675,0
1790644157.38872,34,OFF,35675,0
1790644158.4094152,35,OFF,36675,0
1790644159.4308987,36,OFF,37675,0
1790644160.3896847,37,OFF,38675,0
1790644161.3925807,38,OFF,39675,0
1790644162.4012039,39,OFF,40675,0
1790644163.4257374,40,OFF,41675,0
1790644164.3914242,41,OFF,42675,0
1790644165.3878772,42,OFF,43675,0
1790644166.389286,43,OFF,44675,0
1790644167.418738,44,OFF,45675,0
1790644168.4347575,45,OFF,46675,0
1790644169.3853064,46,OFF,47675,0
1790644170.2891982,47,ON,48575,1
1790644173.470907,0,OFF,2671,1
1790644173.4711018,1,OFF,2672,0
1790644174.485072,2,OFF,3672,0
1790644175.604728,3,OFF,4672,0
1790644176.4532206,4,OFF,5672,0
1790644177.4637187,5,OFF,6672,0
1790644178.473082,6,OFF,7672,0
1790644179.4975257,7,OFF,8672,0
1790644180.4588747,8,OFF,9672,0
1790644181.452089,9,OFF,10672,0
1790644182.4726138,10,OFF,11672,0
1790644183.4908514,11,OFF,12672,0
1790644184.458196,12,OFF,13672,0
1790644185.4560225,13,OFF,14672,0
1790644186.4701886,14,OFF,15672,0
1790644187.4821749,15,OFF,16672,0
1790644188.4560409,16,OFF,17672,0
1790644189.4523387,17,OFF,18672,0
1790644190.4616745,18,OFF,19672,0
1790644191.4787614,19,OFF,20672,0
1790644192.5001628,20,OFF,21672,0
1790644193.464657,21,OFF,22672,0
1790644194.4576414,22,OFF,23672,0
1790644195.4757783,23,OFF,24672,0
1790644196.5071688,24,OFF,25672,0
1790644197.4514165,25,OFF,26672,0
1790644198.452608,26,OFF,27672,0
1790644199.466841,27,OFF,28672,0
1790644200.4927716,28,OFF,29672,0
1790644201.4581854,29,OFF,30672,0
1790644202.4588938,30,OFF,31672,0
1790644203.4645355,31,OFF,32672,0
1790644204.4888647,32,OFF,33672,0
1790644205.4573436,33,OFF,34672,0
1790644206.4512892,34,OFF,35672,0
1790644207.4604182,35,OFF,36672,0
1790644208.4787784,36,OFF,37672,0
1790644209.4985998,37,OFF,38672,0
1790644210.4575524,38,OFF,39672,0
1790644211.4553328,39,OFF,40673,0
1790644212.4766645,40,OFF,41673,0
1790644213.4999926,41,OFF,42673,0
1790644214.460993,42,OFF,43673,0
1790644215.4584842,43,OFF,44673,0
1790644216.4650233,44,OFF,45673,0
1790644217.4980898,45,OFF,46673,0
1790644218.4589381,46,OFF,47673,0
1790644219.3622928,47,ON,48573,1
1790644222.3424573,0,OFF,2671,1
1790644222.3425772,1,OFF,2672,0
1790644223.338509,2,OFF,3672,0
1790644224.3548985,3,OFF,4672,0
1790644225.371051,4,OFF,5672,0
1790644226.3362076,5,OFF,6672,0
1790644227.3344624,6,OFF,7672,0
1790644228.3532417,7,OFF,8672,0
1790644229.3668742,8,OFF,9672,0
1790644230.3366368,9,OFF,10672,0
1790644231.332055,10,OFF,11672,0
1790644232.3377209,11,OFF,12672,0
1790644233.3659036,12,OFF,13672,0
1790644234.336362,13,OFF,14672,0
1790644235.333182,14,OFF,15672,0
1790644236.3412893,15,OFF,16672,0
1790644237.3572922,16,OFF,17672,0
1790644238.3807762,17,OFF,18672,0
1790644239.3428822,18,OFF,19672,0
1790644240.3371198,19,OFF,20672,0
1790644241.3577685,20,OFF,21672,0
1790644242.377423,21,OFF,22672,0
1790644243.3388863,22,OFF,23672,0
1790644244.3384225,23,OFF,24672,0
1790644245.3469024,24,OFF,25672,0
1790644246.3733733,25,OFF,26672,0
1790644247.388903,26,OFF,27672,0
1790644248.3351293,27,OFF,28672,0
1790644249.3406897,28,OFF,29672,0
1790644250.370734,29,OFF,30672,0
1790644251.3815289,30,OFF,31672,0
1790644252.3397944,31,OFF,32672,0
1790644253.338095,32,OFF,33672,0
1790644254.357986,33,OFF,34672,0
1790644255.3822863,34,OFF,35672,0
1790644256.338463,35,OFF,36672,0
1790644257.3418171,36,OFF,37672,0
1790644258.3540876,37,OFF,38672,0
1790644259.3761802,38,OFF,39672,0
1790644260.3397365,39,OFF,40672,0
1790644261.338905,40,OFF,41672,0
1790644262.341164,41,OFF,42672,0
1790644263.366304,42,OFF,43672,0
1790644264.3399284,43,OFF,44672,0
1790644265.3373086,44,OFF,45672,0
1790644266.3366215,45,OFF,46672,0
1790644267.3628547,46,OFF,47672,0
1790644271.58465,0,OFF,2676,0
1790644272.1033723,1,OFF,2677,0
1790644272.2252033,2,OFF,3677,0
1790644273.21974,3,OFF,4677,0
1790644274.226902,4,OFF,5677,0
1790644275.2492955,5,OFF,6677,0
1790644276.2660182,6,OFF,7677,0
1790644277.222667,7,OFF,8677,0
1790644278.2246559,8,OFF,9677,0
1790644279.2428172,9,OFF,10677,0
1790644280.2661228,10,OFF,11678,0
1790644281.2215462,11,OFF,12678,0
1790644282.2260787,12,OFF,13678,0
1790644283.23489,13,OFF,14678,0
1790644284.2589045,14,OFF,15678,0
1790644285.226148,15,OFF,16678,0
1790644286.2260952,16,OFF,17678,0
1790644287.2260048,17,OFF,18678,0
1790644288.2534142,18,OFF,19678,0
1790644289.2696586,19,OFF,20678,0
1790644290.22595,20,OFF,21678,0
1790644291.2248435,21,OFF,22678,0
1790644292.2468464,22,OFF,23678,0
1790644293.271023,23,OFF,24678,0
1790644294.221971,24,OFF,25678,0
1790644295.2217636,25,OFF,26678,0
1790644296.240933,26,OFF,27678,0
1790644297.2646823,27,OFF,28678,0
1790644298.2268555,28,OFF,29678,0
1790644299.2260191,29,OFF,30678,0
1790644300.234561,30,OFF,31678,0
1790644301.2690737,31,OFF,32678,0
1790644302.2208002,32,OFF,33678,0
1790644303.2300084,33,OFF,34678,0
1790644304.2281375,34,OFF,35678,0
1790644305.2521007,35,OFF,36678,0
1790644306.270901,36,OFF,37678,0
1790644307.233925,37,OFF,38678,0
1790644308.2268891,38,OFF,39678,0
1790644309.2409015,39,OFF,40678,0
1790644310.2703972,40,OFF,41678,0
1790644311.2261043,41,OFF,42678,0
1790644312.2255633,42,OFF,43679,0
1790644313.240844,43,OFF,44679,0
1790644314.262903,44,OFF,45679,0
1790644315.2259414,45,OFF,46679,0
1790644316.2269003,46,OFF,47679,0
1790644317.1308281,47,ON,48579,1
1790644320.8209877,0,OFF,3171,1
1790644320.8210912,1,OFF,3172,0
1790644321.8363476,2,OFF,4172,0
1790644322.7927434,3,OFF,5172,0
1790644323.796404,4,OFF,6172,0
1790644324.810892,5,OFF,7172,0
1790644325.8347764,6,OFF,8172,0
1790644326.7926695,7,OFF,9172,0
1790644327.7951622,8,OFF,10172,0
1790644328.8009853,9,OFF,11172,0
1790644329.8307388,10,OFF,12172,0
1790644330.7947598,11,OFF,13172,0
1790644331.7928307,12,OFF,14172,0
1790644332.7980268,13,OFF,15172,0
1790644333.8231885,14,OFF,16172,0
1790644334.8384647,15,OFF,17172,0
1790644335.7973936,16,OFF,18172,0
1790644336.7968104,17,OFF,19172,0
1790644337.816113,18,OFF,20172,0
1790644338.8368142,19,OFF,21172,0
1790644339.790516,20,OFF,22172,0
1790644340.7975612,21,OFF,23173,0
1790644341.810598,22,OFF,24173,0
1790644342.8348815,23,OFF,25173,0
1790644343.8017366,24,OFF,26173,0
1790644344.796915,25,OFF,27173,0
1790644345.8028886,26,OFF,28173,0
1790644346.8268912,27,OFF,29173,0
1790644347.7939167,28,OFF,30173,0
1790644348.7980478,29,OFF,31173,0
1790644349.7969499,30,OFF,32173,0
1790644350.8198245,31,OFF,33173,0
1790644351.8451087,32,OFF,34173,0
1790644352.7946396,33,OFF,35173,0
1790644353.7999945,34,OFF,36173,0
1790644354.8148818,35,OFF,37173,0
1790644355.841629,36,OFF,38173,0
1790644356.7982311,37,OFF,39173,0
1790644357.7985861,38,OFF,40173,0
1790644358.8085225,39,OFF,41173,0
1790644359.8334467,40,OFF,42173,0
1790644360.849243,41,OFF,43173,0
1790644361.7986474,42,OFF,44173,0
1790644362.800522,43,OFF,45173,0
1790644363.8260937,44,OFF,46173,0
1790644364.84285,45,OFF,47173,0
1790644365.8139222,46,OFF,48173,0
1790644366.738807,47,ON,49073,1
1790644369.9019175,0,OFF,2673,1
1790644369.9019797,1,OFF,2674,0
1790644370.9045646,2,OFF,3674,0
1790644371.9161537,3,OFF,4674,0
1790644372.8688772,4,OFF,5674,0
1790644373.8664672,5,OFF,6674,0
1790644374.9004974,6,OFF,7674,0
1790644375.9148989,7,OFF,8674,0
1790644376.8713276,8,OFF,9674,0
1790644377.8864076,9,OFF,10674,0
1790644378.8806012,10,OFF,11674,0
1790644379.9028995,11,OFF,12674,0
1790644380.8706796,12,OFF,13674,0
1790644381.8708806,13,OFF,14674,0
1790644382.8684843,14,OFF,15674,0
1790644383.8988583,15,OFF,16674,0
1790644420.092331,52,ON,52900,1
1790644426.122912,0,OFF,4671,1
1790644426.123132,1,OFF,4672,0
1790644427.112463,2,OFF,5672,0
1790644428.1347835,3,OFF,6672,0
1790644429.1605468,4,OFF,7672,0
1790644430.1827633,5,OFF,8672,0
1790644431.1101534,6,OFF,9672,0
1790644432.1282206,7,OFF,10672,0
1790644433.152136,8,OFF,11672,0
1790644434.112679,9,OFF,12672,0
1790644435.1424289,10,OFF,13673,0
1790644436.122005,11,OFF,14673,0
1790644437.1893322,12,OFF,15673,0
1790644438.174897,13,OFF,16673,0
1790644439.1138024,14,OFF,17673,0
1790644440.1615849,15,OFF,18673,0
1790644441.138902,16,OFF,19673,0
1790644442.1109014,17,OFF,20673,0
1790644443.128152,18,OFF,21673,0
1790644444.1127055,19,OFF,22673,0
1790644445.1333873,20,OFF,23673,0
1790644446.1581588,21,OFF,24673,0
1790644447.1090267,22,OFF,25673,0
1790644448.1149182,23,OFF,26673,0
1790644449.1298633,24,OFF,27673,0
1790644450.1507704,25,OFF,28673,0
1790644451.1187649,26,OFF,29673,0
1790644452.114776,27,OFF,30673,0
1790644453.1238263,28,OFF,31673,0
1790644454.1508968,29,OFF,32673,0
1790644455.1146863,30,OFF,33673,0
1790644456.1249373,31,OFF,34673,0
1790644457.1116388,32,OFF,35673,0
1790644458.2589064,33,OFF,36673,0
1790644459.154887,34,OFF,37673,0
1790644460.1131022,35,OFF,38673,0
1790644461.1097398,36,OFF,39673,0
1790644462.1349049,37,OFF,40673,0
1790644463.1562755,38,OFF,41673,0
1790644464.1147265,39,OFF,42673,0
1790644465.113743,40,OFF,43673,0
1790644466.128509,41,OFF,44673,0
1790644467.1509,42,OFF,45673,0
1790644468.114352,43,OFF,46673,0
1790644469.1147668,44,OFF,47673,0
1790644470.1246576,45,OFF,48673,0
1790644471.1505077,46,OFF,49673,0
1790644472.0118475,47,ON,50573,1
1790644472.2020519,48,ON,50762,0
1790644475.24684,0,OFF,2671,1
1790644475.7579458,1,OFF,2672,0
1790644476.2648761,2,OFF,3672,0
1790644477.2320294,3,OFF,4672,0
1790644478.2289689,4,OFF,5672,0
1790644479.2588966,5,OFF,6672,0
1790644480.2695265,6,OFF,7672,0
1790644481.2739916,7,OFF,8672,0
1790644482.2983844,8,OFF,9672,0
1790644483.2269306,9,OFF,10672,0
1790644484.2469285,10,OFF,11672,0
1790644485.2759562,11,OFF,12672,0
1790644486.2326992,12,OFF,13672,0
1790644487.2264261,13,OFF,14672,0
1790644488.256077,14,OFF,15672,0
1790644489.304184,15,OFF,16672,0
1790644490.237998,16,OFF,17672,0
1790644491.2267792,17,OFF,18672,0
1790644492.2387774,18,OFF,19672,0
1790644493.2667744,19,OFF,20672,0
1790644494.2241864,20,OFF,21672,0
1790644495.2280314,21,OFF,22672,0
1790644496.2289886,22,OFF,23672,0
1790644497.253045,23,OFF,24672,0
1790644498.2290037,24,OFF,25672,0
1790644499.228255,25,OFF,26672,0
1790644500.2349095,26,OFF,27673,0
1790644501.250296,27,OFF,28673,0
1790644502.2742798,28,OFF,29673,0
1790644503.231652,29,OFF,30673,0
1790644504.2259936,30,OFF,31673,0
1790644505.249301,31,OFF,32673,0
1790644506.2644162,32,OFF,33673,0
1790644507.2261424,33,OFF,34673,0
1790644508.2282813,34,OFF,35673,0
1790644509.236932,35,OFF,36673,0
1790644510.2613027,36,OFF,37673,0
1790644511.2848992,37,OFF,38673,0
1790644512.2290227,38,OFF,39673,0
1790644513.2361786,39,OFF,40673,0
1790644514.2547975,40,OFF,41673,0
1790644515.2722347,41,OFF,42673,0
1790644516.22976,42,OFF,43673,0
1790644517.2288444,43,OFF,44673,0
1790644518.248465,44,OFF,45673,0
1790644519.2971423,45,OFF,46673,0
1790644520.2303593,46,OFF,47673,0
1790644521.1292474,47,ON,48573,1
1790644524.5244362,0,OFF,2671,1
1790644524.5245802,1,OFF,2672,0
1790644525.1549745,2,OFF,3672,0
1790644526.1562924,3,OFF,4672,0
1790644527.152733,4,OFF,5672,0
1790644528.1789079,5,OFF,6672,0
1790644529.1501346,6,OFF,7672,0
1790644530.152857,7,OFF,8672,0
1790644531.1532733,8,OFF,9672,0
1790644532.1779585,9,OFF,10672,0
1790644533.201283,10,OFF,11672,0
1790644534.1483023,11,OFF,12672,0
1790644535.1507921,12,OFF,13672,0
1790644536.1725686,13,OFF,14672,0
1790644537.194416,14,OFF,15672,0
1790644538.1544118,15,OFF,16672,0
1790644539.154916,16,OFF,17672,0
1790644540.163985,17,OFF,18672,0
1790644541.189129,18,OFF,19672,0
1790644542.153811,19,OFF,20672,0
1790644543.1520154,20,OFF,21672,0
1790644544.1568327,21,OFF,22672,0
1790644545.1829305,22,OFF,23672,0
1790644546.1527698,23,OFF,24672,0
1790644547.153412,24,OFF,25672,0
1790644548.1623943,25,OFF,26672,0
1790644549.1753263,26,OFF,27672,0
1790644550.217354,27,OFF,28672,0
1790644551.1546886,28,OFF,29672,0
1790644552.1541102,29,OFF,30672,0
1790644553.1667764,30,OFF,31672,0
1790644554.1885056,31,OFF,32672,0
1790644555.1566055,32,OFF,33672,0
1790644556.1549258,33,OFF,34672,0
1790644557.1628847,34,OFF,35672,0
1790644558.1852856,35,OFF,36673,0
1790644559.1546419,36,OFF,37673,0
1790644560.1548557,37,OFF,38673,0
1790644561.1527414,38,OFF,39673,0
1790644562.1801386,39,OFF,40673,0
1790644563.195912,40,OFF,41673,0
1790644564.156699,41,OFF,42673,0
1790644565.1548781,42,OFF,43673,0
1790644566.1725023,43,OFF,44673,0
1790644567.1936343,44,OFF,45673,0
1790644568.1566186,45,OFF,46673,0
1790644569.1549022,46,OFF,47673,0
1790644570.0648975,47,ON,48573,1
1790644583.7305534,0,OFF,13171,1
1790644583.7307749,1,OFF,13172,0
1790644584.7268407,2,OFF,14172,0
1790644585.7308757,3,OFF,15172,0
1790644586.756909,4,OFF,16172,0
1790644587.7247324,5,OFF,17172,0
1790644588.7228782,6,OFF,18172,0
1790644589.7267454,7,OFF,19172,0
1790644590.7507737,8,OFF,20172,0
1790644591.7667668,9,OFF,21172,0
1790644592.7227845,10,OFF,22172,0
1790644593.7208383,11,OFF,23172,0
1790644594.7428932,12,OFF,24172,0
1790644595.762898,13,OFF,25172,0
1790644596.7253082,14,OFF,26172,0
1790644597.7246327,15,OFF,27172,0
1790644598.7365382,16,OFF,28172,0
1790644599.7604272,17,OFF,29172,0
1790644600.72812,18,OFF,30172,0
1790644601.7228866,19,OFF,31172,0
1790644602.7311647,20,OFF,32172,0
1790644603.753168,21,OFF,33172,0
1790644604.7228534,22,OFF,34172,0
1790644605.7213433,23,OFF,35172,0
1790644606.7297773,24,OFF,36172,0
1790644607.747017,25,OFF,37172,0
1790644608.7763138,26,OFF,38172,0
1790644609.7227633,27,OFF,39172,0
1790644610.7259305,28,OFF,40172,0
1790644611.7443027,29,OFF,41172,0
1790644612.7667198,30,OFF,42172,0
1790644613.726238,31,OFF,43172,0
1790644614.726056,32,OFF,44172,0
1790644615.7348888,33,OFF,45172,0
1790644616.7588682,34,OFF,46172,0
1790644617.7245476,35,OFF,47172,0
1790644618.7198224,36,OFF,48172,0
1790644619.725041,37,OFF,49172,0
1790644620.7528725,38,OFF,50173,0
1790644621.7248313,39,OFF,51173,0
1790644622.722867,40,OFF,52173,0
1790644623.722582,41,OFF,53173,0
1790644624.747946,42,OFF,54173,0
1790644625.7739787,43,OFF,55173,0
1790644626.7291226,44,OFF,56173,0
1790644627.7308862,45,OFF,57173,0
1790644628.7339494,46,OFF,58173,0
1790644632.6388843,0,OFF,2671,0
1790644633.1506577,1,OFF,2672,0
1790644633.6549838,2,OFF,3672,0
1790644634.6169696,3,OFF,4672,0
1790644635.6135147,4,OFF,5672,0
1790644636.625361,5,OFF,6672,0
1790644637.6456285,6,OFF,7672,0
1790644638.6201735,7,OFF,8672,0
1790644639.6183636,8,OFF,9672,0
1790644640.6251338,9,OFF,10672,0
1790644641.6429353,10,OFF,11672,0
1790644642.6141758,11,OFF,12672,0
1790644643.6203938,12,OFF,13672,0
1790644644.6189258,13,OFF,14672,0
1790644645.6410873,14,OFF,15672,0
1790644646.6616964,15,OFF,16672,0
1790644647.629272,16,OFF,17672,0
1790644648.6163824,17,OFF,18672,0
1790644649.6309056,18,OFF,19672,0
1790644650.6542199,19,OFF,20672,0
1790644651.6159158,20,OFF,21672,0
1790644652.6137087,21,OFF,22672,0
1790644653.6241894,22,OFF,23672,0
1790644654.6503315,23,OFF,24672,0
1790644655.616184,24,OFF,25672,0
1790644691.3079002,10,OFF,12173,1
1790644692.3244836,11,OFF,13173,0
1790644693.2825227,12,OFF,14173,0
1790644694.2803843,13,OFF,15173,0
1790644695.3022342,14,OFF,16173,0
1790644696.3262892,15,OFF,17173,0
1790644697.281264,16,OFF,18173,0
1790644698.2839692,17,OFF,19174,0
1790644699.2974513,18,OFF,20174,0
1790644700.3191965,19,OFF,21174,0
1790644701.2852745,20,OFF,22174,0
1790644702.281447,21,OFF,23174,0
1790644703.2853208,22,OFF,24174,0
1790644704.3145134,23,OFF,25174,0
1790644705.2840748,24,OFF,26174,0
1790644706.282278,25,OFF,27174,0
1790644707.2845333,26,OFF,28174,0
1790644708.306916,27,OFF,29174,0
1790644709.330778,28,OFF,30174,0
1790644710.2801442,29,OFF,31174,0
1790644711.2847292,30,OFF,32174,0
1790644712.3039002,31,OFF,33174,0
1790644713.3333433,32,OFF,34174,0
1790644714.283232,33,OFF,35174,0
1790644715.2815547,34,OFF,36174,0
1790644716.294284,35,OFF,37174,0
1790644717.3193078,36,OFF,38174,0
1790644718.2850676,37,OFF,39174,0
1790644719.2864947,38,OFF,40174,0
1790644720.2839603,39,OFF,41174,0
1790644721.3126163,40,OFF,42174,0
1790644722.3300622,41,OFF,43174,0
1790644723.284417,42,OFF,44174,0
1790644724.2949126,43,OFF,45174,0
1790644725.306465,44,OFF,46174,0
1790644726.3297992,45,OFF,47174,0
1790644727.281613,46,OFF,48174,0
1790644728.1822968,47,ON,49074,1
1790644728.3775978,48,ON,49263,0
1790644729.4098144,49,ON,50297,0
1790644730.4414387,50,ON,51331,0
1790644731.4765244,51,ON,52365,0
1790644732.5077662,52,ON,53399,0
1790644733.5452383,53,ON,54433,0
1790644737.9247456,0,OFF,2671,1
1790644738.441198,1,OFF,2672,0
1790644738.5652728,2,OFF,3672,0
1790644739.5587747,3,OFF,4672,0
1790644740.5669081,4,OFF,5672,0
1790644741.587168,5,OFF,6672,0
1790644742.6068678,6,OFF,7672,0
1790644743.562907,7,OFF,8672,0
1790644744.5633385,8,OFF,9672,0
1790644745.5819063,9,OFF,10672,0
1790644746.6052022,10,OFF,11673,0
1790644747.565756,11,OFF,12673,0
1790644748.566069,12,OFF,13673,0
1790644749.5908194,13,OFF,14673,0
1790644750.6000257,14,OFF,15673,0
1790644751.5585055,15,OFF,16673,0
1790644752.5661285,16,OFF,17673,0
1790644753.5708654,17,OFF,18673,0
1790644754.594866,18,OFF,19673,0
1790644755.5628471,19,OFF,20673,0
1790644756.5589795,20,OFF,21673,0
1790644757.5643568,21,OFF,22673,0
1790644758.5948966,22,OFF,23673,0
1790644759.6123374,23,OFF,24673,0
1790644760.564208,24,OFF,25673,0
1790644761.5643964,25,OFF,26673,0
1790644762.5869277,26,OFF,27673,0
1790644763.6097472,27,OFF,28673,0
1790644764.5598166,28,OFF,29673,0
1790644765.5653174,29,OFF,30673,0
1790644766.5786533,30,OFF,31673,0
1790644767.5985687,31,OFF,32673,0
1790644768.5629394,32,OFF,33673,0
1790644769.5648868,33,OFF,34673,0
1790644770.5652323,34,OFF,35673,0
1790644771.5948877,35,OFF,36673,0
1790644772.5643768,36,OFF,37673,0
1790644773.5660074,37,OFF,38673,0
1790644774.5668786,38,OFF,39673,0
1790644775.588049,39,OFF,40673,0
1790644776.6092136,40,OFF,41673,0
1790644777.5608332,41,OFF,42673,0
1790644778.5668523,42,OFF,43674,0
1790644779.5808935,43,OFF,44674,0
1790644780.602909,44,OFF,45674,0
1790644781.5661204,45,OFF,46674,0
1790644782.561,46,OFF,47674,0
1790644783.4657536,47,ON,48574,1
1790644786.6498253,0,OFF,2670,1
1790644786.6549077,1,OFF,2671,0
1790644787.6744835,2,OFF,3671,0
1790644788.6421268,3,OFF,4671,0
1790644789.6354713,4,OFF,5671,0
1790644790.641957,5,OFF,6671,0
1790644791.6647203,6,OFF,7671,0
1790644792.6789215,7,OFF,8671,0
1790644793.6383514,8,OFF,9671,0
1790644794.6412032,9,OFF,10671,0
1790644795.6525507,10,OFF,11671,0
1790644796.6821048,11,OFF,12671,0
1790644797.6389115,12,OFF,13671,0
1790644798.6389134,13,OFF,14671,0
1790644799.6499767,14,OFF,15671,0
1790644800.6819901,15,OFF,16671,0
1790644801.6390767,16,OFF,17671,0
1790644802.6338053,17,OFF,18671,0
1790644803.6388965,18,OFF,19671,0
1790644804.6685455,19,OFF,20671,0
1790644805.6387644,20,OFF,21671,0
1790644806.6374836,21,OFF,22671,0
1790644807.6412454,22,OFF,23671,0
1790644808.657602,23,OFF,24671,0
1790644809.6849794,24,OFF,25671,0
1790644810.6508963,25,OFF,26671,0
1790644811.6418529,26,OFF,27671,0
1790644812.6572275,27,OFF,28671,0
1790644813.6863186,28,OFF,29671,0
1790644814.6389139,29,OFF,30671,0
1790644815.6389117,30,OFF,31671,0
1790644816.6486585,31,OFF,32671,0
1790644817.6827111,32,OFF,33671,0
1790644818.6388905,33,OFF,34671,0
1790644819.644936,34,OFF,35672,0
1790644820.6427982,35,OFF,36672,0
1790644821.6761646,36,OFF,37672,0
1790644822.684428,37,OFF,38672,0
1790644823.6412206,38,OFF,39672,0
1790644824.6415315,39,OFF,40672,0
1790644825.6604426,40,OFF,41672,0
1790644826.685604,41,OFF,42672,0
1790644827.6491714,42,OFF,43672,0
1790644828.6429584,43,OFF,44672,0
1790644829.652947,44,OFF,45672,0
1790644830.6774127,45,OFF,46672,0
1790644831.6454158,46,OFF,47672,0
1790644832.5421193,47,ON,48572,1
1790644835.9259744,0,OFF,2670,1
1790644836.4367342,1,OFF,2671,0
1790644836.5651548,2,OFF,3671,0
1790644837.561763,3,OFF,4671,0
1790644838.5638387,4,OFF,5671,0
1790644839.5884907,5,OFF,6671,0
1790644840.610359,6,OFF,7671,0
1790644841.5648007,7,OFF,8671,0
1790644842.5652905,8,OFF,9671,0
1790644843.582927,9,OFF,10671,0
1790644844.6050408,10,OFF,11671,0
1790644845.5668998,11,OFF,12671,0
1790644846.570289,12,OFF,13672,0
1790644847.572206,13,OFF,14672,0
1790644848.6005397,14,OFF,15672,0
1790644849.5649796,15,OFF,16672,0
1790644850.5660906,16,OFF,17672,0
1790644851.5681221,17,OFF,18672,0
1790644852.5945332,18,OFF,19672,0
1790644853.6081104,19,OFF,20672,0
1790644854.5667846,20,OFF,21672,0
1790644855.5667546,21,OFF,22672,0
1790644856.5849133,22,OFF,23672,0
1790644857.6119401,23,OFF,24672,0
1790644858.5669246,24,OFF,25672,0
1790644859.5659413,25,OFF,26672,0
1790644860.5787964,26,OFF,27672,0
1790644861.605565,27,OFF,28672,0
1790644862.56535,28,OFF,29672,0
1790644863.5697434,29,OFF,30672,0
1790644864.5722156,30,OFF,31672,0
1790644865.5949917,31,OFF,32673,0
1790644866.566428,32,OFF,33673,0
1790644867.5787885,33,OFF,34673,0
1790644868.5668936,34,OFF,35673,0
1790644869.5967062,35,OFF,36673,0
1790644870.6068976,36,OFF,37673,0
1790644871.5667653,37,OFF,38673,0
1790644872.5667887,38,OFF,39673,0
1790644873.5827804,39,OFF,40673,0
1790644874.6082437,40,OFF,41673,0
1790644875.5661418,41,OFF,42673,0
1790644876.56795,42,OFF,43673,0
1790644877.5778315,43,OFF,44673,0
1790644878.601508,44,OFF,45673,0
1790644879.5682566,45,OFF,46673,0
1790644880.5669286,46,OFF,47673,0
1790644881.4689286,47,ON,48573,1
1790644884.6541595,0,OFF,2671,1
1790644884.654299,1,OFF,2672,0
1790644885.6669047,2,OFF,3673,0
1790644886.6364157,3,OFF,4673,0
1790644887.640123,4,OFF,5673,0
1790644888.646216,5,OFF,6673,0
1790644889.6606638,6,OFF,7673,0
1790644890.684802,7,OFF,8673,0
1790644891.6387627,8,OFF,9673,0
1790644892.638746,9,OFF,10673,0
1790644893.653519,10,OFF,11673,0
1790644894.6782095,11,OFF,12673,0
1790644895.6399343,12,OFF,13673,0
1790644896.6456456,13,OFF,14673,0
1790644897.6485536,14,OFF,15673,0
1790644898.668963,15,OFF,16673,0
1790644899.6908839,16,OFF,17673,0
1790644900.6411042,17,OFF,18673,0
1790644901.6421652,18,OFF,19673,0
1790644902.66687,19,OFF,20673,0
1790644903.6901472,20,OFF,21673,0
1790644904.6508183,21,OFF,22673,0
1790644906.3448305,22,OFF,23674,0
1790644906.6608567,23,OFF,24674,0
1790644907.6909318,24,OFF,25674,0
1790644908.6412,25,OFF,26674,0
1790644909.6404493,26,OFF,27674,0
1790644910.653663,27,OFF,28674,0
1790644911.678887,28,OFF,29674,0
1790644912.6445036,29,OFF,30674,0
1790644913.641828,30,OFF,31674,0
1790644914.6493397,31,OFF,32674,0
1790644915.669614,32,OFF,33674,0
1790644916.6868665,33,OFF,34674,0
1790644917.6419597,34,OFF,35674,0
1790644918.6441545,35,OFF,36674,0
1790644919.6618552,36,OFF,37674,0
1790644920.6884716,37,OFF,38674,0
1790644921.642892,38,OFF,39674,0
1790644922.6411972,39,OFF,40674,0
1790644923.6581936,40,OFF,41674,0
1790644924.6788702,41,OFF,42674,0
1790644925.6420991,42,OFF,43674,0
1790644961.885883,24,OFF,25673,1
1790644962.8867664,25,OFF,26673,0
1790644963.898739,26,OFF,27673,0
1790644964.9267566,27,OFF,28673,0
1790644965.8842835,28,OFF,29673,0
1790644966.8787022,29,OFF,30673,0
1790644967.8958652,30,OFF,31673,0
1790644968.919974,31,OFF,32673,0
1790644969.8812835,32,OFF,33673,0
1790644970.8841722,33,OFF,34673,0
1790644971.8868234,34,OFF,35673,0
1790644972.9144804,35,OFF,36673,0
1790644973.8818169,36,OFF,37673,0
1790644974.8787682,37,OFF,38673,0
1790644975.889297,38,OFF,39673,0
1790644976.912543,39,OFF,40673,0
1790644977.87623,40,OFF,41673,0
1790644978.8857374,41,OFF,42673,0
1790644979.8792202,42,OFF,43673,0
1790644980.9010935,43,OFF,44673,0
1790644981.925103,44,OFF,45673,0
1790644982.882336,45,OFF,46673,0
1790644983.8908615,46,OFF,47673,0
1790644987.7733424,0,OFF,2677,0
1790644988.78134,1,OFF,2678,0
1790644988.7815444,2,OFF,3678,0
1790644989.8100834,3,OFF,4678,0
1790644990.763853,4,OFF,5678,0
1790644991.7662652,5,OFF,6678,0
1790644992.7815835,6,OFF,7678,0
1790644993.8047166,7,OFF,8678,0
1790644994.7652073,8,OFF,9678,0
1790644995.7667725,9,OFF,10678,0
1790644996.7707376,10,OFF,11678,0
1790644997.7974641,11,OFF,12678,0
1790644998.7658453,12,OFF,13678,0
1790644999.7691698,13,OFF,14678,0
1790645000.7807336,14,OFF,15678,0
1790645001.7908483,15,OFF,16678,0
1790645002.8068752,16,OFF,17678,0
1790645003.768412,17,OFF,18678,0
1790645004.772864,18,OFF,19678,0
1790645005.7847402,19,OFF,20678,0
1790645006.8133621,20,OFF,21678,0
1790645007.7690861,21,OFF,22678,0
1790645008.7623506,22,OFF,23678,0
1790645009.778706,23,OFF,24678,0
1790645010.7993963,24,OFF,25678,0
1790645011.766867,25,OFF,26678,0
1790645012.76688,26,OFF,27678,0
1790645013.774851,27,OFF,28678,0
1790645014.8019447,28,OFF,29678,0
1790645015.8131578,29,OFF,30678,0
1790645016.7683477,30,OFF,31678,0
1790645017.766898,31,OFF,32678,0
1790645018.7898617,32,OFF,33678,0
1790645019.8101025,33,OFF,34678,0
1790645020.7658758,34,OFF,35678,0
1790645021.7687685,35,OFF,36678,0
1790645022.7828877,36,OFF,37678,0
1790645023.8053238,37,OFF,38678,0
1790645024.763668,38,OFF,39678,0
1790645025.7668529,39,OFF,40678,0
1790645026.7748475,40,OFF,41678,0
1790645027.806853,41,OFF,42678,0
1790645028.7696586,42,OFF,43678,0
1790645029.7668624,43,OFF,44678,0
1790645030.770882,44,OFF,45678,0
1790645031.7963789,45,OFF,46678,0
1790645032.8107612,46,OFF,47678,0
1790645033.6657338,47,ON,48578,1
1790645033.8605554,48,ON,48767,0
1790645034.8890386,49,ON,49801,0
1790645035.925057,50,ON,50835,0
1790645038.969897,0,OFF,2671,1
1790645039.4748862,1,OFF,2672,0
1790645039.9869292,2,OFF,3672,0
1790645040.9461446,3,OFF,4672,0
1790645041.948708,4,OFF,5672,0
1790645042.9628541,5,OFF,6672,0
1790645043.9828944,6,OFF,7672,0
1790645044.9496992,7,OFF,8672,0
1790645045.9499302,8,OFF,9672,0
1790645046.9503844,9,OFF,10672,0
1790645047.974901,10,OFF,11672,0
1790645048.9928942,11,OFF,12672,0
1790645049.9490943,12,OFF,13672,0
1790645050.9522007,13,OFF,14672,0
1790645051.9708395,14,OFF,15672,0
1790645052.9919925,15,OFF,16672,0
1790645053.9490101,16,OFF,17672,0
1790645054.9486184,17,OFF,18672,0
1790645055.9627573,18,OFF,19672,0
1790645056.9928963,19,OFF,20672,0
1790645057.9488869,20,OFF,21672,0
1790645058.9461098,21,OFF,22672,0
1790645059.9567873,22,OFF,23672,0
1790645060.9829144,23,OFF,24673,0
1790645061.949106,24,OFF,25673,0
1790645062.9523714,25,OFF,26673,0
1790645063.9503856,26,OFF,27673,0
1790645064.973537,27,OFF,28673,0
1790645065.997269,28,OFF,29673,0
1790645066.9495347,29,OFF,30673,0
1790645067.9508972,30,OFF,31673,0
1790645068.9668603,31,OFF,32673,0
1790645069.998914,32,OFF,33673,0
1790645070.9504027,33,OFF,34673,0
1790645072.0389004,34,OFF,35673,0
1790645072.9605849,35,OFF,36673,0
1790645073.9852839,36,OFF,37673,0
1790645074.9521089,37,OFF,38673,0
1790645075.9503295,38,OFF,39673,0
1790645076.9540844,39,OFF,40673,0
1790645077.9781268,40,OFF,41673,0
1790645078.9480035,41,OFF,42673,0
1790645079.948269,42,OFF,43673,0
1790645080.9509017,43,OFF,44674,0
1790645081.9736645,44,OFF,45674,0
1790645082.9929595,45,OFF,46674,0
1790645083.9508948,46,OFF,47674,0
1790645084.853485,47,ON,48574,1
1790645085.0439818,48,ON,48763,0
1790645086.0749142,49,ON,49797,0
1790645087.1149354,50,ON,50831,0
1790645088.1485722,51,ON,51865,0
1790645089.1737034,52,ON,52899,0
1790645090.2108989,53,ON,53933,0
1790645094.5843556,0,OFF,2671,1
1790645094.5844562,1,OFF,2672,0
1790645095.2226272,2,OFF,3672,0
1790645096.2237623,3,OFF,4672,0
1790645097.2302291,4,OFF,5672,0
1790645098.2548606,5,OFF,6672,0
1790645099.2282727,6,OFF,7672,0
1790645100.2240856,7,OFF,8672,0
1790645101.2255461,8,OFF,9672,0
1790645102.2469,9,OFF,10672,0
1790645103.266857,10,OFF,11672,0
1790645104.2261198,11,OFF,12672,0
1790645105.2184594,12,OFF,13672,0
1790645106.270886,13,OFF,14672,0
1790645107.2651904,14,OFF,15672,0
1790645108.223429,15,OFF,16672,0
1790645109.222032,16,OFF,17672,0
1790645110.2348766,17,OFF,18672,0
1790645111.2611203,18,OFF,19672,0
1790645112.2222784,19,OFF,20672,0
1790645113.2256641,20,OFF,21672,0
1790645114.2252803,21,OFF,22672,0
1790645115.2528682,22,OFF,23672,0
1790645116.2245977,23,OFF,24672,0
1790645117.222261,24,OFF,25672,0
1790645118.2241247,25,OFF,26672,0
1790645119.2476676,26,OFF,27672,0
1790645120.2762368,27,OFF,28672,0
1790645121.2257733,28,OFF,29672,0
1790645122.2253282,29,OFF,30672,0
1790645123.2399273,30,OFF,31672,0
1790645124.261954,31,OFF,32672,0
1790645125.2190561,32,OFF,33672,0
1790645126.222991,33,OFF,34673,0
1790645127.234484,34,OFF,35673,0
1790645128.2589133,35,OFF,36673,0
1790645129.228201,36,OFF,37673,0
1790645130.2290602,37,OFF,38673,0
1790645131.2269216,38,OFF,39673,0
1790645132.253909,39,OFF,40673,0
1790645133.2691758,40,OFF,41673,0
1790645134.2255595,41,OFF,42673,0
1790645135.2280266,42,OFF,43673,0
1790645136.246227,43,OFF,44673,0
1790645137.2690492,44,OFF,45673,0
1790645138.2249985,45,OFF,46673,0
1790645139.2265294,46,OFF,47673,0
1790645143.1285582,0,OFF,2671,0
1790645143.128796,1,OFF,2672,0
1790645144.1309226,2,OFF,3672,0
1790645145.146921,3,OFF,4672,0
1790645146.1038926,4,OFF,5672,0
1790645147.1028283,5,OFF,6672,0
1790645148.1297665,6,OFF,7672,0
1790645149.1501217,7,OFF,8673,0
1790645150.1069708,8,OFF,9673,0
1790645151.106966,9,OFF,10673,0
1790645152.1174252,10,OFF,11673,0
1790645153.1383214,11,OFF,12673,0
1790645154.1034005,12,OFF,13673,0
1790645155.1102734,13,OFF,14673,0
1790645156.1125271,14,OFF,15673,0
1790645157.1379325,15,OFF,16673,0
1790645158.1063156,16,OFF,17673,0
1790645159.1084044,17,OFF,18673,0
1790645160.106774,18,OFF,19673,0
1790645161.1320684,19,OFF,20673,0
1790645162.1527867,20,OFF,21673,0
1790645163.1059191,21,OFF,22673,0
1790645164.1070886,22,OFF,23673,0
1790645165.1217294,23,OFF,24673,0
1790645166.148418,24,OFF,25673,0
1790645167.1092055,25,OFF,26673,0
1790645168.1092994,26,OFF,27673,0
1790645169.1160657,27,OFF,28673,0
1790645170.1402452,28,OFF,29673,0
1790645171.1087391,29,OFF,30673,0
1790645172.10378,30,OFF,31673,0
1790645173.1042898,31,OFF,32673,0
1790645174.1342087,32,OFF,33673,0
1790645175.1065607,33,OFF,34673,0
1790645176.1049426,34,OFF,35673,0
1790645177.106352,35,OFF,36673,0
1790645178.1287997,36,OFF,37673,0
1790645179.1549113,37,OFF,38673,0
1790645180.1090798,38,OFF,39673,0
1790645181.109044,39,OFF,40674,0
1790645182.1218984,40,OFF,41674,0
1790645183.1454039,41,OFF,42674,0
1790645184.108852,42,OFF,43674,0
1790645185.109049,43,OFF,44674,0
1790645186.1149168,44,OFF,45674,0
1790645187.1388648,45,OFF,46674,0
1790645188.1123023,46,OFF,47674,0
1790645189.0093172,47,ON,48574,1
1790645189.1949043,48,ON,48763,0
1790645190.2326167,49,ON,49797,0
1790645191.2646585,50,ON,50831,0
1790645192.3003151,51,ON,51865,0
1790645193.3781765,52,ON,52899,0
1790645232.345227,36,OFF,37675,1
1790645233.3455317,37,OFF,38675,0
1790645234.3507664,38,OFF,39676,0
1790645235.3747795,39,OFF,40676,0
1790645236.3945208,40,OFF,41676,0
1790645237.351796,41,OFF,42676,0
1790645238.3491182,42,OFF,43676,0
1790645239.3628695,43,OFF,44676,0
1790645240.386918,44,OFF,45677,0
1790645241.3517346,45,OFF,46677,0
1790645242.3507924,46,OFF,47677,0
1790645243.2560942,47,ON,48577,1
1790645248.9268754,0,OFF,5170,1
1790645248.9271579,1,OFF,5171,0
1790645249.9198976,2,OFF,6171,0
1790645250.9384432,3,OFF,7171,0
1790645251.9576378,4,OFF,8171,0
1790645252.9220216,5,OFF,9171,0
1790645253.9155335,6,OFF,10171,0
1790645254.9252915,7,OFF,11171,0
1790645255.9537995,8,OFF,12171,0
1790645256.9187527,9,OFF,13171,0
1790645257.9137473,10,OFF,14171,0
1790645258.9230359,11,OFF,15171,0
1790645259.9505346,12,OFF,16171,0
1790645260.9188776,13,OFF,17171,0
1790645261.9186873,14,OFF,18171,0
1790645262.919192,15,OFF,19171,0
1790645263.944486,16,OFF,20171,0
1790645264.964489,17,OFF,21171,0
1790645265.9132338,18,OFF,22171,0
1790645266.9182768,19,OFF,23172,0
1790645267.9307618,20,OFF,24172,0
1790645268.9599168,21,OFF,25172,0
1790645269.9175444,22,OFF,26172,0
1790645270.9189138,23,OFF,27172,0
1790645271.9303522,24,OFF,28172,0
1790645272.9509065,25,OFF,29172,0
1790645273.9187567,26,OFF,30172,0
1790645274.918748,27,OFF,31172,0
1790645275.9213507,28,OFF,32172,0
1790645276.9422863,29,OFF,33172,0
1790645277.9187694,30,OFF,34172,0
1790645278.9224553,31,OFF,35172,0
1790645279.9217944,32,OFF,36172,0
1790645280.9388626,33,OFF,37172,0
1790645281.962909,34,OFF,38172,0
1790645282.9200919,35,OFF,39172,0
1790645283.9255784,36,OFF,40172,0
1790645284.9339647,37,OFF,41172,0
1790645285.9568012,38,OFF,42172,0
1790645286.9188828,39,OFF,43172,0
1790645287.9199035,40,OFF,44172,0
1790645288.9268727,41,OFF,45172,0
1790645289.950861,42,OFF,46172,0
1790645290.9228785,43,OFF,47172,0
1790645291.9167316,44,OFF,48172,0
1790645292.9205623,45,OFF,49172,0
1790645293.9408991,46,OFF,50172,0
1790645298.1612747,0,OFF,2670,0
1790645298.161742,1,OFF,2671,0
1790645298.7984138,2,OFF,3671,0
1790645299.7939618,3,OFF,4671,0
1790645300.8062232,4,OFF,5671,0
1790645301.8258438,5,OFF,6671,0
1790645302.7976882,6,OFF,7671,0
1790645303.8005989,7,OFF,8671,0
1790645304.8002396,8,OFF,9671,0
1790645305.8211346,9,OFF,10671,0
1790645306.8405848,10,OFF,11671,0
1790645307.7989044,11,OFF,12671,0
1790645308.8019636,12,OFF,13671,0
1790645309.8166757,13,OFF,14671,0
1790645310.841518,14,OFF,15671,0
1790645311.798151,15,OFF,16671,0
1790645312.7963893,16,OFF,17671,0
1790645313.8108313,17,OFF,18671,0
1790645314.8379095,18,OFF,19671,0
1790645315.8023772,19,OFF,20671,0
1790645316.7949853,20,OFF,21671,0
1790645317.8027732,21,OFF,22671,0
1790645318.8307574,22,OFF,23671,0
1790645319.8059223,23,OFF,24671,0
1790645320.7973788,24,OFF,25672,0
1790645321.7999961,25,OFF,26672,0
1790645322.8219945,26,OFF,27672,0
1790645323.8455536,27,OFF,28672,0
1790645324.7988713,28,OFF,29672,0
1790645325.801177,29,OFF,30672,0
1790645326.814919,30,OFF,31672,0
1790645327.8419712,31,OFF,32672,0
1790645328.8007696,32,OFF,33672,0
1790645329.7989361,33,OFF,34672,0
1790645330.8127265,34,OFF,35672,0
1790645331.8349264,35,OFF,36672,0
1790645332.7989132,36,OFF,37672,0
1790645333.804644,37,OFF,38672,0
1790645334.8027592,38,OFF,39672,0
1790645335.8265305,39,OFF,40672,0
1790645336.8437965,40,OFF,41672,0
1790645337.801329,41,OFF,42672,0
1790645338.797223,42,OFF,43672,0
1790645339.8205585,43,OFF,44672,0
1790645340.842372,44,OFF,45672,0
1790645341.7999773,45,OFF,46672,0
1790645342.800102,46,OFF,47672,0
1790645346.6851113,0,OFF,2672,0
1790645347.2040048,1,OFF,2673,0
1790645347.7058558,2,OFF,3673,0
1790645348.7257216,3,OFF,4673,0
1790645349.6861744,4,OFF,5673,0
1790645350.6823783,5,OFF,6673,0
1790645351.6988442,6,OFF,7673,0
1790645352.7288017,7,OFF,8674,0
1790645353.6824012,8,OFF,9674,0
1790645354.680347,9,OFF,10674,0
1790645355.6894863,10,OFF,11674,0
1790645356.716509,11,OFF,12674,0
1790645357.6821742,12,OFF,13674,0
1790645358.6827059,13,OFF,14674,0
1790645359.6869152,14,OFF,15674,0
1790645360.712094,15,OFF,16674,0
1790645361.68265,16,OFF,17674,0
1790645362.6827269,17,OFF,18674,0
1790645363.6825147,18,OFF,19674,0
1790645364.7044108,19,OFF,20674,0
1790645365.7282205,20,OFF,21674,0
1790645366.682415,21,OFF,22674,0
1790645367.6829207,22,OFF,23674,0
1790645368.6989012,23,OFF,24674,0
1790645369.7243536,24,OFF,25674,0
1790645370.6840928,25,OFF,26674,0
1790645371.6856048,26,OFF,27675,0
1790645372.6908832,27,OFF,28675,0
1790645373.7189014,28,OFF,29675,0
1790645374.6854618,29,OFF,30675,0
1790645375.6805003,30,OFF,31675,0
1790645376.684926,31,OFF,32675,0
1790645377.7096155,32,OFF,33675,0
1790645378.742771,33,OFF,34675,0
1790645379.6851213,34,OFF,35675,0
1790645380.6841524,35,OFF,36675,0
1790645381.704287,36,OFF,37675,0
1790645382.7268882,37,OFF,38675,0
1790645383.6842942,38,OFF,39675,0
1790645384.6821837,39,OFF,40675,0
1790645385.6977096,40,OFF,41675,0
1790645386.722202,41,OFF,42675,0
1790645387.6843193,42,OFF,43675,0
1790645388.6841435,43,OFF,44675,0
1790645389.6906672,44,OFF,45675,0
1790645390.7161129,45,OFF,46675,0
1790645391.6844113,46,OFF,47675,0
1790645392.5869281,47,ON,48575,1
1790645392.7768672,48,ON,48764,0
1790645393.8086927,49,ON,49798,0
1790645397.1942985,0,OFF,2672,1
1790645397.1945033,1,OFF,2673,0
1790645397.8775876,2,OFF,3673,0
1790645398.833015,3,OFF,4673,0
1790645399.8360512,4,OFF,5673,0
1790645400.854153,5,OFF,6673,0
1790645401.8778877,6,OFF,7673,0
1790645402.83411,7,OFF,8673,0
1790645403.8334475,8,OFF,9673,0
1790645404.8457036,9,OFF,10673,0
1790645405.870407,10,OFF,11673,0
1790645406.8285608,11,OFF,12673,0
1790645407.8291042,12,OFF,13673,0
1790645408.8388467,13,OFF,14673,0
1790645409.8603778,14,OFF,15673,0
1790645410.8339627,15,OFF,16673,0
1790645411.836982,16,OFF,17673,0
1790645412.8334792,17,OFF,18673,0
1790645413.8572836,18,OFF,19673,0
1790645414.8745534,19,OFF,20673,0
1790645415.8327467,20,OFF,21673,0
1790645416.8338423,21,OFF,22673,0
1790645417.8508391,22,OFF,23673,0
1790645418.874533,23,OFF,24674,0
1790645419.8344018,24,OFF,25674,0
1790645420.8359447,25,OFF,26674,0
1790645421.843994,26,OFF,27674,0
1790645422.8687036,27,OFF,28674,0
1790645423.834879,28,OFF,29674,0
1790645424.8345895,29,OFF,30674,0
1790645425.8402152,30,OFF,31674,0
1790645426.8621786,31,OFF,32674,0
1790645427.8864145,32,OFF,33674,0
1790645428.837231,33,OFF,34674,0
1790645429.8345287,34,OFF,35674,0
1790645430.857404,35,OFF,36674,0
1790645431.8819067,36,OFF,37674,0
1790645432.8417704,37,OFF,38674,0
1790645433.8346863,38,OFF,39674,0
1790645434.8514552,39,OFF,40674,0
1790645435.8814363,40,OFF,41674,0
1790645436.8394911,41,OFF,42674,0
1790645437.8348863,42,OFF,43675,0
1790645438.8444324,43,OFF,44675,0
1790645439.86601,44,OFF,45675,0
1790645440.834839,45,OFF,46675,0
1790645441.8374717,46,OFF,47675,0
1790645442.7424684,47,ON,48575,1
1790645445.8148606,0,OFF,2670,1
1790645445.815006,1,OFF,2671,0
1790645446.8317566,2,OFF,3671,0
1790645447.8503387,3,OFF,4671,0
1790645448.8066967,4,OFF,5671,0
1790645449.806882,5,OFF,6671,0
1790645450.8255048,6,OFF,7671,0
1790645451.848534,7,OFF,8671,0
1790645452.8045495,8,OFF,9671,0
1790645453.8064559,9,OFF,10671,0
1790645454.8190513,10,OFF,11671,0
1790645455.8416247,11,OFF,12671,0
1790645456.8048782,12,OFF,13671,0
1790645457.8067777,13,OFF,14671,0
1790645458.810758,14,OFF,15671,0
1790645459.83492,15,OFF,16671,0
1790645460.8533635,16,OFF,17671,0
1790645461.8068776,17,OFF,18671,0
1790645462.8087232,18,OFF,19671,0
1790645463.8295803,19,OFF,20671,0
1790645464.8496215,20,OFF,21671,0
1790645465.8109126,21,OFF,22671,0
1790645466.806896,22,OFF,23671,0
1790645503.0584667,4,OFF,5671,1
1790645504.0699594,5,OFF,6671,0
1790645505.09729,6,OFF,7671,0
1790645506.0598667,7,OFF,8671,0
1790645507.0601885,8,OFF,9671,0
1790645508.0694618,9,OFF,10671,0
1790645509.0921695,10,OFF,11671,0
1790645510.0612962,11,OFF,12671,0
1790645511.0607822,12,OFF,13671,0
1790645512.0609016,13,OFF,14671,0
1790645513.0848277,14,OFF,15671,0
1790645514.1028514,15,OFF,16671,0
1790645515.0589232,16,OFF,17671,0
1790645516.0601075,17,OFF,18671,0
1790645517.0817916,18,OFF,19671,0
1790645518.1046083,19,OFF,20671,0
1790645519.0654466,20,OFF,21671,0
1790645520.0598605,21,OFF,22671,0
1790645521.074837,22,OFF,23671,0
1790645522.0960376,23,OFF,24671,0
1790645523.061801,24,OFF,25671,0
1790645524.0612853,25,OFF,26671,0
1790645525.0656586,26,OFF,27671,0
1790645526.0960338,27,OFF,28671,0
1790645527.0627532,28,OFF,29671,0
1790645528.0601912,29,OFF,30671,0
1790645529.0601928,30,OFF,31671,0
1790645530.082887,31,OFF,32671,0
1790645531.1120107,32,OFF,33671,0
1790645532.0602245,33,OFF,34671,0
1790645533.0667734,34,OFF,35671,0
1790645534.077486,35,OFF,36671,0
1790645535.0983636,36,OFF,37671,0
1790645536.0587766,37,OFF,38671,0
1790645537.0605419,38,OFF,39671,0
1790645538.0707715,39,OFF,40671,0
1790645539.0969918,40,OFF,41672,0
1790645540.1124039,41,OFF,42672,0
1790645541.0629401,42,OFF,43672,0
1790645542.0644443,43,OFF,44672,0
1790645543.0883586,44,OFF,45672,0
1790645544.0621037,45,OFF,46672,0
1790645545.056721,46,OFF,47672,0
1790645545.9625926,47,ON,48572,1
1790645549.3492455,0,OFF,2671,1
1790645549.349544,1,OFF,2672,0
1790645549.985136,2,OFF,3672,0
1790645550.9864047,3,OFF,4672,0
1790645552.000656,4,OFF,5672,0
1790645553.022585,5,OFF,6672,0
1790645553.986871,6,OFF,7672,0
1790645554.98605,7,OFF,8672,0
1790645555.998879,8,OFF,9672,0
1790645557.0147462,9,OFF,10672,0
1790645557.9864087,10,OFF,11672,0
1790645558.9867601,11,OFF,12672,0
1790645559.9887743,12,OFF,13672,0
1790645561.008875,13,OFF,14672,0
1790645562.0268626,14,OFF,15672,0
1790645562.986238,15,OFF,16672,0
1790645563.9852767,16,OFF,17672,0
1790645565.0024939,17,OFF,18672,0
1790645566.0219684,18,OFF,19672,0
1790645566.9869006,19,OFF,20672,0
1790645567.9852824,20,OFF,21672,0
1790645568.9973378,21,OFF,22672,0
1790645570.0246863,22,OFF,23672,0
1790645570.9864285,23,OFF,24672,0
1790645571.9869237,24,OFF,25673,0
1790645572.9909055,25,OFF,26673,0
1790645574.013798,26,OFF,27673,0
1790645574.9862318,27,OFF,28673,0
1790645575.9827878,28,OFF,29673,0
1790645576.9878747,29,OFF,30673,0
1790645578.004434,30,OFF,31673,0
1790645579.0317867,31,OFF,32673,0
1790645579.9867337,32,OFF,33673,0
1790645580.9869196,33,OFF,34673,0
1790645582.001303,34,OFF,35673,0
1790645583.0252628,35,OFF,36673,0
1790645583.9861405,36,OFF,37673,0
1790645584.9890997,37,OFF,38673,0
1790645586.0029483,38,OFF,39673,0
1790645587.0189302,39,OFF,40673,0
1790645587.9894807,40,OFF,41673,0
1790645588.988935,41,OFF,42673,0
1790645589.9891298,42,OFF,43673,0
1790645591.0125678,43,OFF,44673,0
1790645592.0305462,44,OFF,45673,0
1790645592.9843438,45,OFF,46673,0
1790645593.9890614,46,OFF,47673,0
1790645597.8818395,0,OFF,2671,0
1790645597.881917,1,OFF,2672,0
1790645598.8975735,2,OFF,3672,0
1790645599.8720193,3,OFF,4672,0
1790645600.8699853,4,OFF,5672,0
1790645601.8704815,5,OFF,6672,0
1790645602.890882,6,OFF,7672,0
1790645603.9148517,7,OFF,8672,0
1790645604.867797,8,OFF,9672,0
1790645605.870859,9,OFF,10672,0
1790645606.8884594,10,OFF,11672,0
1790645607.910881,11,OFF,12672,0
1790645608.8774252,12,OFF,13672,0
1790645609.8699858,13,OFF,14672,0
1790645610.8806996,14,OFF,15672,0
1790645611.9125595,15,OFF,16672,0
1790645612.8714206,16,OFF,17672,0
1790645613.8701212,17,OFF,18672,0
1790645614.8748896,18,OFF,19672,0
1790645615.8993065,19,OFF,20672,0
1790645616.9211357,20,OFF,21672,0
1790645617.8688672,21,OFF,22672,0
1790645618.8663788,22,OFF,23672,0
1790645619.8906314,23,OFF,24672,0
1790645620.9143264,24,OFF,25673,0
1790645621.8727753,25,OFF,26673,0
1790645622.8708925,26,OFF,27673,0
1790645623.8843887,27,OFF,28673,0
1790645624.9068859,28,OFF,29673,0
1790645625.870909,29,OFF,30673,0
1790645626.870883,30,OFF,31673,0
1790645627.8775828,31,OFF,32673,0
1790645628.9026852,32,OFF,33673,0
1790645629.9388928,33,OFF,34673,0
1790645630.8709097,34,OFF,35673,0
1790645631.8767326,35,OFF,36673,0
1790645632.895091,36,OFF,37673,0
1790645633.9123824,37,OFF,38673,0
1790645634.8709414,38,OFF,39673,0
1790645635.8708951,39,OFF,40673,0
1790645636.9000564,40,OFF,41673,0
1790645637.9128776,41,OFF,42673,0
1790645638.8724463,42,OFF,43673,0
1790645639.8681545,43,OFF,44673,0
1790645640.884748,44,OFF,45673,0
1790645641.9064794,45,OFF,46673,0
1790645642.87241,46,OFF,47673,0
1790645643.77198,47,ON,48573,1
1790645643.9610877,48,ON,48762,0
1790645644.9949045,49,ON,49796,0
1790645648.3847165,0,OFF,2674,1
1790645648.9068305,1,OFF,2675,0
1790645649.0202096,2,OFF,3675,0
1790645650.0158255,3,OFF,4675,0
1790645651.0259802,4,OFF,5675,0
1790645652.0454402,5,OFF,6675,0
1790645653.0695014,6,OFF,7676,0
1790645654.0229404,7,OFF,8676,0
1790645655.022872,8,OFF,9676,0
1790645656.036114,9,OFF,10676,0
1790645657.0626225,10,OFF,11676,0
1790645658.0227783,11,OFF,12676,0
1790645659.0294728,12,OFF,13676,0
1790645660.0318077,13,OFF,14676,0
1790645661.0560837,14,OFF,15676,0
1790645662.02396,15,OFF,16676,0
1790645663.0228944,16,OFF,17676,0
1790645664.0255482,17,OFF,18676,0
1790645665.0499928,18,OFF,19676,0
1790645666.0739126,19,OFF,20676,0
1790645667.0249178,20,OFF,21676,0
1790645668.030836,21,OFF,22676,0
1790645669.0429194,22,OFF,23676,0
1790645670.0704415,23,OFF,24676,0
1790645671.0308795,24,OFF,25676,0
1790645672.0240445,25,OFF,26676,0
1790645673.033861,26,OFF,27676,0
1790645674.0642629,27,OFF,28676,0
1790645675.0240688,28,OFF,29676,0
1790645676.026426,29,OFF,30676,0
1790645677.032997,30,OFF,31676,0
1790645678.0603213,31,OFF,32676,0
1790645679.025488,32,OFF,33676,0
1790645680.0267344,33,OFF,34676,0
1790645681.0239086,34,OFF,35676,0
1790645682.0510864,35,OFF,36676,0
1790645683.0662093,36,OFF,37676,0
1790645684.0238805,37,OFF,38676,0
1790645685.023722,38,OFF,39677,0
1790645686.042152,39,OFF,40677,0
1790645687.065928,40,OFF,41677,0
1790645688.026302,41,OFF,42677,0
1790645689.0260944,42,OFF,43677,0
1790645690.0349503,43,OFF,44677,0
1790645691.0591173,44,OFF,45677,0
1790645692.0308876,45,OFF,46677,0
1790645693.025985,46,OFF,47677,0
1790645693.9323878,47,ON,48577,1
1790645697.114775,0,OFF,2671,1
1790645697.11489,1,OFF,2672,0
1790645698.1251366,2,OFF,3672,0
1790645699.149223,3,OFF,4672,0
1790645700.1027594,4,OFF,5672,0
1790645701.1005943,5,OFF,6672,0
1790645702.1203916,6,OFF,7672,0
1790645703.1430628,7,OFF,8672,0
1790645704.102519,8,OFF,9672,0
1790645705.1053805,9,OFF,10672,0
1790645706.1149285,10,OFF,11672,0
1790645707.1414254,11,OFF,12672,0
1790645708.1049552,12,OFF,13672,0
1790645709.1069534,13,OFF,14672,0
1790645710.1065521,14,OFF,15672,0
1790645711.133151,15,OFF,16672,0
1790645712.1501281,16,OFF,17672,0
1790645713.1060636,17,OFF,18672,0
1790645714.1045604,18,OFF,19672,0
1790645715.1247864,19,OFF,20672,0
1790645716.1628828,20,OFF,21672,0
1790645717.1059258,21,OFF,22672,0
1790645718.1095083,22,OFF,23672,0
1790645719.119291,23,OFF,24672,0
1790645720.142772,24,OFF,25672,0
1790645721.1055076,25,OFF,26672,0
1790645722.105193,26,OFF,27672,0
1790645723.1109064,27,OFF,28672,0
1790645724.1378005,28,OFF,29672,0
1790645725.106961,29,OFF,30672,0
1790645726.108101,30,OFF,31672,0
1790645727.1050308,31,OFF,32672,0
1790645728.1307113,32,OFF,33672,0
1790645729.1481698,33,OFF,34672,0
1790645730.1067822,34,OFF,35672,0
1790645731.1059628,35,OFF,36672,0
1790645732.1228924,36,OFF,37672,0
1790645733.1492748,37,OFF,38672,0
1790645734.103313,38,OFF,39672,0
1790645735.1091413,39,OFF,40672,0
1790645736.1166143,40,OFF,41672,0
1790645737.1402538,41,OFF,42672,0
1790645738.1056664,42,OFF,43672,0
1790645773.311108,24,OFF,25674,1
1790645774.3140268,25,OFF,26674,0
1790645775.3376713,26,OFF,27674,0
1790645776.3547742,27,OFF,28674,0
1790645777.314749,28,OFF,29674,0
1790645778.3141797,29,OFF,30674,0
1790645779.3300848,30,OFF,31674,0
1790645780.3549263,31,OFF,32674,0
1790645781.3136845,32,OFF,33674,0
1790645782.3148963,33,OFF,34675,0
1790645783.3269174,34,OFF,35675,0
1790645784.3491137,35,OFF,36675,0
1790645785.3149104,36,OFF,37675,0
1790645786.3149116,37,OFF,38675,0
1790645787.3189056,38,OFF,39675,0
1790645788.3416724,39,OFF,40675,0
1790645789.3616085,40,OFF,41675,0
1790645790.3149233,41,OFF,42675,0
1790645791.3149188,42,OFF,43675,0
1790645792.332149,43,OFF,44675,0
1790645793.3623114,44,OFF,45675,0
1790645794.311734,45,OFF,46675,0
1790645795.3148885,46,OFF,47675,0
1790645799.2039945,0,OFF,2671,0
1790645799.7078717,1,OFF,2672,0
1790645800.2215855,2,OFF,3672,0
1790645801.2383618,3,OFF,4672,0
1790645802.191288,4,OFF,5672,0
1790645803.1913776,5,OFF,6672,0
1790645804.2162225,6,OFF,7672,0
1790645805.236353,7,OFF,8673,0
1790645806.1913218,8,OFF,9673,0
1790645807.1962187,9,OFF,10673,0
1790645808.2044373,10,OFF,11673,0
1790645809.2345667,11,OFF,12673,0
1790645810.1961985,12,OFF,13673,0
1790645811.1949122,13,OFF,14673,0
1790645812.1989162,14,OFF,15673,0
1790645813.2254684,15,OFF,16673,0
1790645814.1939077,16,OFF,17673,0
1790645815.2026803,17,OFF,18673,0
1790645816.2084184,18,OFF,19673,0
1790645817.222749,19,OFF,20673,0
1790645818.237548,20,OFF,21673,0
1790645819.1944265,21,OFF,22673,0
1790645820.1980753,22,OFF,23673,0
1790645821.2126255,23,OFF,24673,0
1790645822.2365468,24,OFF,25673,0
1790645823.197658,25,OFF,26673,0
1790645824.196209,26,OFF,27673,0
1790645825.2061946,27,OFF,28673,0
1790645826.2348773,28,OFF,29673,0
1790645827.196091,29,OFF,30673,0
1790645828.1960456,30,OFF,31673,0
1790645829.2016518,31,OFF,32673,0
1790645830.2284994,32,OFF,33673,0
1790645831.1974344,33,OFF,34673,0
1790645832.1935914,34,OFF,35673,0
1790645833.1949885,35,OFF,36673,0
1790645834.2228968,36,OFF,37673,0
1790645835.241529,37,OFF,38673,0
1790645836.1963274,38,OFF,39673,0
1790645837.1962247,39,OFF,40674,0
1790645838.210774,40,OFF,41674,0
1790645839.2358892,41,OFF,42674,0
1790645840.194786,42,OFF,43674,0
1790645841.1972885,43,OFF,44674,0
1790645842.204805,44,OFF,45674,0
1790645843.2293036,45,OFF,46674,0
1790645844.1949906,46,OFF,47674,0
1790645845.1035595,47,ON,48574,1
1790645845.287092,48,ON,48763,0
1790645846.320805,49,ON,49797,0
1790645847.3545477,50,ON,50831,0
1790645848.3855631,51,ON,51865,0
1790645849.4228766,52,ON,52899,0
1790645853.795655,0,OFF,2672,1
1790645853.7958105,1,OFF,2673,0
1790645854.4359493,2,OFF,3673,0
1790645855.4362762,3,OFF,4673,0
1790645856.438853,4,OFF,5673,0
1790645857.4601462,5,OFF,6673,0
1790645858.4812593,6,OFF,7673,0
1790645859.4303563,7,OFF,8673,0
1790645860.4342854,8,OFF,9673,0
1790645861.4587715,9,OFF,10673,0
1790645862.4808958,10,OFF,11673,0
1790645863.4365065,11,OFF,12673,0
1790645864.434238,12,OFF,13673,0
1790645865.4519253,13,OFF,14673,0
1790645866.4779916,14,OFF,15673,0
1790645867.4365802,15,OFF,16673,0
1790645868.4383345,16,OFF,17673,0
1790645869.4482427,17,OFF,18673,0
1790645870.4681172,18,OFF,19673,0
1790645871.4366252,19,OFF,20673,0
1790645872.4367611,20,OFF,21673,0
1790645873.4442704,21,OFF,22673,0
1790645874.4644902,22,OFF,23673,0
1790645875.433747,23,OFF,24673,0
1790645876.438075,24,OFF,25673,0
1790645877.433269,25,OFF,26673,0
1790645878.458761,26,OFF,27673,0
1790645879.4814727,27,OFF,28673,0
1790645880.4366016,28,OFF,29673,0
1790645881.4378207,29,OFF,30673,0
1790645882.4492,30,OFF,31673,0
1790645883.4733841,31,OFF,32674,0
1790645884.4381564,32,OFF,33674,0
1790645885.4376545,33,OFF,34674,0
1790645886.4416234,34,OFF,35674,0
1790645887.4694617,35,OFF,36674,0
1790645888.4379919,36,OFF,37674,0
1790645889.4384892,37,OFF,38674,0
1790645890.4406636,38,OFF,39674,0
1790645891.4595234,39,OFF,40674,0
1790645892.486866,40,OFF,41674,0
1790645893.4428058,41,OFF,42674,0
1790645894.4350703,42,OFF,43674,0
1790645895.4540045,43,OFF,44674,0
1790645896.4788558,44,OFF,45674,0
1790645897.4404266,45,OFF,46674,0
1790645898.438765,46,OFF,47674,0
1790645899.3452444,47,ON,48574,1
1790645902.5239155,0,OFF,2671,1
1790645902.5239813,1,OFF,2672,0
1790645903.5430255,2,OFF,3672,0
1790645904.5134208,3,OFF,4672,0
1790645905.516788,4,OFF,5672,0
1790645906.5160997,5,OFF,6672,0
1790645907.5383992,6,OFF,7672,0
1790645908.5560548,7,OFF,8672,0
1790645909.5148857,8,OFF,9672,0
1790645910.5156903,9,OFF,10672,0
1790645911.530908,10,OFF,11672,0
1790645912.5564349,11,OFF,12672,0
1790645913.5148973,12,OFF,13672,0
1790645914.5148318,13,OFF,14672,0
1790645915.5256753,14,OFF,15672,0
1790645916.554564,15,OFF,16672,0
1790645917.5149195,16,OFF,17672,0
1790645918.5175421,17,OFF,18672,0
1790645919.5187616,18,OFF,19672,0
1790645920.5444667,19,OFF,20672,0
1790645921.5609164,20,OFF,21672,0
1790645922.5148144,21,OFF,22672,0
1790645923.5148935,22,OFF,23672,0
1790645924.5385227,23,OFF,24672,0
1790645925.564617,24,OFF,25672,0
1790645926.5169806,25,OFF,26672,0
1790645927.514905,26,OFF,27672,0
1790645928.5325584,27,OFF,28672,0
1790645929.5847445,28,OFF,29673,0
1790645930.5172114,29,OFF,30673,0
1790645931.5500898,30,OFF,31673,0
1790645932.5243056,31,OFF,32673,0
1790645933.5495174,32,OFF,33673,0
1790645934.512109,33,OFF,34673,0
1790645935.5173254,34,OFF,35673,0
1790645936.517312,35,OFF,36673,0
1790645937.5428874,36,OFF,37673,0
1790645938.5587575,37,OFF,38673,0
1790645939.5186448,38,OFF,39673,0
1790645940.517608,39,OFF,40673,0
1790645941.5347412,40,OFF,41673,0
1790645942.5617177,41,OFF,42673,0
1790645943.5171485,42,OFF,43673,0
1790645944.5170376,43,OFF,44673,0
1790645945.5344322,44,OFF,45673,0
1790645946.5570626,45,OFF,46673,0
1790645947.5178063,46,OFF,47673,0
1790645948.416558,47,ON,48573,1
1790645948.6091328,48,ON,48762,0
1790645949.6411307,49,ON,49796,0
1790645950.6692367,50,ON,50830,0
1790645951.704236,51,ON,51864,0
1790645952.7420256,52,ON,52898,0
1790645957.8172042,0,OFF,4670,1
1790645958.325367,1,OFF,4671,0
1790645958.7658117,2,OFF,5671,0
1790645959.7655127,3,OFF,6671,0
1790645960.788827,4,OFF,7671,0
1790645961.8108573,5,OFF,8671,0
1790645962.7689495,6,OFF,9671,0
1790645963.764733,7,OFF,10672,0
1790645964.7812135,8,OFF,11672,0
1790645965.804182,9,OFF,12672,0
1790645966.7668831,10,OFF,13672,0
1790645967.7668989,11,OFF,14672,0
1790645968.7743785,12,OFF,15672,0
1790645969.7999306,13,OFF,16672,0
1790645970.7731493,14,OFF,17672,0
1790645971.7643695,15,OFF,18672,0
1790645972.773137,16,OFF,19672,0
1790645973.7908754,17,OFF,20672,0
1790645974.8102355,18,OFF,21672,0
1790645975.7668955,19,OFF,22672,0
1790645976.7646139,20,OFF,23672,0
1790645977.786181,21,OFF,24672,0
1790645978.8106465,22,OFF,25672,0
1790645979.7643828,23,OFF,26672,0
1790645980.7667654,24,OFF,27672,0
1790645981.7787266,25,OFF,28672,0
1790645982.8093693,26,OFF,29672,0
1790645983.7698116,27,OFF,30672,0
1790645984.7788455,28,OFF,31672,0
1790645985.7769144,29,OFF,32672,0
1790645986.7967865,30,OFF,33672,0
1790645987.766825,31,OFF,34672,0
1790645988.7672288,32,OFF,35672,0
1790645989.7666466,33,OFF,36672,0
1790645990.7908928,34,OFF,37672,0
1790645991.8175857,35,OFF,38672,0
1790645992.7680671,36,OFF,39672,0
1790645993.7683222,37,OFF,40672,0
1790645994.7908764,38,OFF,41672,0
1790645995.8134663,39,OFF,42673,0
1790645996.7692714,40,OFF,43673,0
1790645997.7686884,41,OFF,44673,0
1790645998.7777433,42,OFF,45673,0
1790645999.8060203,43,OFF,46673,0
1790646000.768806,44,OFF,47673,0
1790646001.7685618,45,OFF,48673,0
1790646002.7735708,46,OFF,49673,0
1790646008.0104396,0,OFF,3670,0
1790646008.010811,1,OFF,3671,0
1790646008.6466923,2,OFF,4671,0
1790646044.65369,38,OFF,40671,1
1790646045.67789,39,OFF,41671,0
1790646046.6484094,40,OFF,42671,0
1790646047.646668,41,OFF,43671,0
1790646048.6542685,42,OFF,44671,0
1790646049.6726491,43,OFF,45671,0
1790646050.6904676,44,OFF,46671,0
1790646051.6488948,45,OFF,47671,0
1790646052.6499965,46,OFF,48671,0
1790646057.05488,0,OFF,3172,0
1790646057.0550299,1,OFF,3173,0
1790646058.0719082,2,OFF,4173,0
1790646059.0293944,3,OFF,5173,0
1790646060.0293014,4,OFF,6173,0
1790646061.0387886,5,OFF,7173,0
1790646062.0602357,6,OFF,8173,0
1790646063.086251,7,OFF,9173,0
1790646064.034472,8,OFF,10173,0
1790646065.0308986,9,OFF,11173,0
1790646066.0548348,10,OFF,12173,0
1790646067.0303614,11,OFF,13173,0
1790646068.029669,12,OFF,14173,0
1790646069.0303934,13,OFF,15173,0
1790646070.053111,14,OFF,16173,0
1790646071.07885,15,OFF,17173,0
1790646072.0271478,16,OFF,18173,0
1790646073.0305374,17,OFF,19173,0
1790646074.0428932,18,OFF,20173,0
1790646075.069744,19,OFF,21173,0
1790646076.030744,20,OFF,22173,0
1790646077.032884,21,OFF,23173,0
1790646078.036923,22,OFF,24173,0
1790646079.0622065,23,OFF,25174,0
1790646080.0342243,24,OFF,26174,0
1790646081.030775,25,OFF,27174,0
1790646082.0307813,26,OFF,28174,0
1790646083.054787,27,OFF,29174,0
1790646084.0788708,28,OFF,30174,0
1790646085.02828,29,OFF,31174,0
1790646086.0308714,30,OFF,32174,0
1790646087.0495698,31,OFF,33174,0
1790646088.0748854,32,OFF,34174,0
1790646089.030893,33,OFF,35174,0
1790646090.0334256,34,OFF,36174,0
1790646091.0464592,35,OFF,37174,0
1790646092.0748024,36,OFF,38174,0
1790646093.0323067,37,OFF,39174,0
1790646094.0327563,38,OFF,40174,0
1790646095.0400784,39,OFF,41174,0
1790646096.0613606,40,OFF,42174,0
1790646097.0348983,41,OFF,43174,0
1790646098.0276043,42,OFF,44174,0
1790646099.0307646,43,OFF,45174,0
1790646100.0544982,44,OFF,46174,0
1790646101.0782306,45,OFF,47174,0
1790646102.032114,46,OFF,48174,0
1790646102.9307816,47,ON,49074,1
1790646103.125255,48,ON,49263,0
1790646104.1549096,49,ON,50297,0
1790646105.1863601,50,ON,51331,0
1790646106.2204185,51,ON,52365,0
1790646107.2638633,52,ON,53399,0
1790646108.2922819,53,ON,54433,0
1790646111.842834,0,OFF,3172,1
1790646111.8429565,1,OFF,3173,0
1790646112.8925784,2,OFF,4173,0
1790646113.8136585,3,OFF,5173,0
1790646114.8109922,4,OFF,6173,0
1790646115.8228793,5,OFF,7173,0
1790646116.847134,6,OFF,8173,0
1790646117.8167315,7,OFF,9173,0
1790646118.8183255,8,OFF,10173,0
1790646119.8187215,9,OFF,11173,0
1790646120.8408902,10,OFF,12173,0
1790646121.8597429,11,OFF,13173,0
1790646122.8148742,12,OFF,14173,0
1790646123.816048,13,OFF,15173,0
1790646124.8348844,14,OFF,16173,0
1790646125.860496,15,OFF,17173,0
1790646126.8164992,16,OFF,18173,0
1790646127.8162358,17,OFF,19173,0
1790646128.8308785,18,OFF,20173,0
1790646129.8548594,19,OFF,21173,0
1790646130.8166122,20,OFF,22173,0
1790646131.816846,21,OFF,23173,0
1790646132.8225799,22,OFF,24173,0
1790646133.8496609,23,OFF,25173,0
1790646134.816361,24,OFF,26173,0
1790646135.817801,25,OFF,27173,0
1790646136.816085,26,OFF,28173,0
1790646137.8368998,27,OFF,29173,0
1790646138.8668463,28,OFF,30173,0
1790646139.8165886,29,OFF,31173,0
1790646140.8167784,30,OFF,32174,0
1790646141.840885,31,OFF,33174,0
1790646142.8597693,32,OFF,34174,0
1790646143.8157911,33,OFF,35174,0
1790646144.822531,34,OFF,36174,0
1790646145.830593,35,OFF,37174,0
1790646146.8508854,36,OFF,38174,0
1790646147.8224733,37,OFF,39174,0
1790646148.8184893,38,OFF,40174,0
1790646149.8228846,39,OFF,41174,0
1790646150.848756,40,OFF,42174,0
1790646151.818571,41,OFF,43174,0
1790646152.818562,42,OFF,44174,0
1790646153.815112,43,OFF,45174,0
1790646154.8407414,44,OFF,46174,0
1790646155.8641605,45,OFF,47174,0
1790646156.8277314,46,OFF,48174,0
1790646157.718906,47,ON,49074,1
1790646157.9268167,48,ON,49263,0
1790646158.9404464,49,ON,50297,0
1790646159.978745,50,ON,51331,0
1790646161.0164707,51,ON,52365,0
1790646162.0447512,52,ON,53399,0
1790646163.0787468,53,ON,54433,0
1790646164.1531584,54,ON,55467,0
1790646168.485152,0,OFF,2671,1
1790646168.4857805,1,OFF,2672,0
1790646169.1245637,2,OFF,3672,0
1790646170.1261756,3,OFF,4672,0
1790646171.122456,4,OFF,5672,0
1790646172.1457536,5,OFF,6672,0
1790646173.164975,6,OFF,7672,0
1790646174.1257882,7,OFF,8672,0
1790646175.122906,8,OFF,9672,0
1790646176.1420734,9,OFF,10672,0
1790646177.164285,10,OFF,11672,0
1790646178.1279383,11,OFF,12672,0
1790646179.1255822,12,OFF,13672,0
1790646180.137546,13,OFF,14672,0
1790646181.1579206,14,OFF,15672,0
1790646182.1762304,15,OFF,16672,0
1790646183.1246943,16,OFF,17672,0
1790646184.128202,17,OFF,18672,0
1790646185.1505277,18,OFF,19673,0
1790646186.1725326,19,OFF,20673,0
1790646187.1218174,20,OFF,21673,0
1790646188.1268659,21,OFF,22673,0
1790646189.1439624,22,OFF,23673,0
1790646190.170122,23,OFF,24673,0
1790646191.1249006,24,OFF,25673,0
1790646192.1250246,25,OFF,26673,0
1790646193.1429243,26,OFF,27673,0
1790646194.1639895,27,OFF,28673,0
1790646195.126895,28,OFF,29673,0
1790646196.1269026,29,OFF,30673,0
1790646197.1625488,30,OFF,31673,0
1790646198.1624475,31,OFF,32673,0
1790646199.1261625,32,OFF,33673,0
1790646200.127025,33,OFF,34673,0
1790646201.126136,34,OFF,35673,0
1790646202.149368,35,OFF,36673,0
1790646203.1667755,36,OFF,37673,0
1790646204.1267607,37,OFF,38673,0
1790646205.1432657,38,OFF,39673,0
1790646206.14306,39,OFF,40673,0
1790646207.1669185,40,OFF,41673,0
1790646208.1349006,41,OFF,42673,0
1790646209.1280766,42,OFF,43673,0
1790646210.1366875,43,OFF,44673,0
1790646211.1645944,44,OFF,45673,0
1790646212.1979103,45,OFF,46673,0
1790646213.1222484,46,OFF,47673,0
1790646214.0268788,47,ON,48573,1
1790646217.2060792,0,OFF,2673,1
1790646217.2063932,1,OFF,2674,0
1790646218.2308679,2,OFF,3674,0
1790646219.2445927,3,OFF,4674,0
1790646220.1987758,4,OFF,5674,0
1790646221.200617,5,OFF,6674,0
1790646222.218773,6,OFF,7674,0
1790646223.244185,7,OFF,8674,0
1790646224.2011633,8,OFF,9674,0
1790646225.1967869,9,OFF,10674,0
1790646226.2185645,10,OFF,11674,0
1790646227.2418137,11,OFF,12674,0
1790646228.2069175,12,OFF,13674,0
1790646229.2020557,13,OFF,14674,0
1790646230.2069058,14,OFF,15674,0
1790646231.2342594,15,OFF,16674,0
1790646232.2014995,16,OFF,17674,0
1790646233.200134,17,OFF,18674,0
1790646234.1975985,18,OFF,19674,0
1790646235.2244947,19,OFF,20674,0
1790646236.2451584,20,OFF,21674,0
1790646237.202891,21,OFF,22674,0
1790646238.2027776,22,OFF,23674,0
1790646239.2178738,23,OFF,24674,0
1790646240.238638,24,OFF,25674,0
1790646241.2612486,25,OFF,26674,0
1790646242.2006965,26,OFF,27674,0
1790646243.214095,27,OFF,28674,0
1790646244.24385,28,OFF,29675,0
1790646245.197137,29,OFF,30675,0
1790646246.1992083,30,OFF,31675,0
1790646247.2109258,31,OFF,32675,0
1790646248.2362676,32,OFF,33675,0
1790646249.204977,33,OFF,34675,0
1790646250.2016044,34,OFF,35675,0
1790646251.2040784,35,OFF,36675,0
1790646252.2263808,36,OFF,37675,0
1790646253.250046,37,OFF,38675,0
1790646254.2028708,38,OFF,39675,0
1790646255.1989076,39,OFF,40675,0
1790646256.2209263,40,OFF,41675,0
1790646257.241657,41,OFF,42675,0
1790646258.202773,42,OFF,43675,0
1790646259.202637,43,OFF,44675,0
1790646260.2105403,44,OFF,45675,0
1790646261.2522466,45,OFF,46675,0
1790646262.2016506,46,OFF,47675,0
1790646263.101834,47,ON,48575,1
1790646267.4873085,0,OFF,3171,1
1790646267.487507,1,OFF,3172,0
1790646267.6286833,2,OFF,4172,0
1790646268.6399353,3,OFF,5172,0
1790646269.6322327,4,OFF,6172,0
1790646270.6600025,5,OFF,7172,0
1790646271.6264257,6,OFF,8172,0
1790646272.626047,7,OFF,9172,0
1790646273.6444914,8,OFF,10172,0
1790646274.6548676,9,OFF,11172,0
1790646275.669016,10,OFF,12172,0
1790646276.626741,11,OFF,13172,0
1790646277.6241922,12,OFF,14172,0
1790646278.6428957,13,OFF,15172,0
1790646315.5184479,0,OFF,2671,1
1790646315.5186746,1,OFF,2672,0
1790646316.5323024,2,OFF,3672,0
1790646317.5046437,3,OFF,4672,0
1790646318.5077999,4,OFF,5672,0
1790646319.5067623,5,OFF,6672,0
1790646320.5239322,6,OFF,7672,0
1790646321.5492766,7,OFF,8672,0
1790646322.5069194,8,OFF,9672,0
1790646323.5140047,9,OFF,10672,0
1790646324.5227606,10,OFF,11672,0
1790646325.5439296,11,OFF,12672,0
1790646326.5065837,12,OFF,13672,0
1790646327.5082562,13,OFF,14672,0
1790646328.514883,14,OFF,15672,0
1790646329.5479665,15,OFF,16672,0
1790646330.508315,16,OFF,17672,0
1790646331.5283253,17,OFF,18672,0
1790646332.5173938,18,OFF,19672,0
1790646333.532038,19,OFF,20672,0
1790646334.5494754,20,OFF,21672,0
1790646335.508567,21,OFF,22672,0
1790646336.503298,22,OFF,23672,0
1790646337.5418375,23,OFF,24672,0
1790646338.550357,24,OFF,25672,0
1790646339.5103588,25,OFF,26672,0
1790646340.5059226,26,OFF,27672,0
1790646341.5207186,27,OFF,28672,0
1790646342.542277,28,OFF,29672,0
1790646343.5050037,29,OFF,30672,0
1790646344.5204573,30,OFF,31672,0
1790646345.5128245,31,OFF,32672,0
1790646346.5364907,32,OFF,33672,0
1790646347.5068681,33,OFF,34672,0
1790646348.5099158,34,OFF,35673,0
1790646349.5128925,35,OFF,36673,0
1790646350.540077,36,OFF,37673,0
1790646351.5535524,37,OFF,38673,0
1790646352.5105252,38,OFF,39673,0
1790646353.5098438,39,OFF,40673,0
1790646354.5197384,40,OFF,41673,0
1790646355.5462964,41,OFF,42673,0
1790646356.510686,42,OFF,43673,0
1790646357.5109,43,OFF,44673,0
1790646358.5172186,44,OFF,45673,0
1790646359.5409253,45,OFF,46673,0
1790646360.5051458,46,OFF,47673,0
1790646361.4104795,47,ON,48573,1
1790646361.6028333,48,ON,48762,0
1790646362.6350317,49,ON,49796,0
1790646367.1681297,0,OFF,4171,1
1790646367.6748383,1,OFF,4172,0
1790646368.1584277,2,OFF,5172,0
1790646369.1691616,3,OFF,6172,0
1790646370.1909087,4,OFF,7172,0
1790646371.1561267,5,OFF,8172,0
1790646372.1560159,6,OFF,9172,0
1790646373.1619732,7,OFF,10172,0
1790646374.1859424,8,OFF,11173,0
1790646375.1575828,9,OFF,12173,0
1790646376.1589103,10,OFF,13173,0
1790646377.157891,11,OFF,14173,0
1790646378.1818097,12,OFF,15173,0
1790646379.2042942,13,OFF,16173,0
1790646380.158762,14,OFF,17173,0
1790646381.1572247,15,OFF,18173,0
1790646382.1740644,16,OFF,19173,0
1790646383.195863,17,OFF,20173,0
1790646384.158775,18,OFF,21173,0
1790646385.1579876,19,OFF,22173,0
1790646386.164823,20,OFF,23173,0
1790646387.1908572,21,OFF,24173,0
1790646388.1589067,22,OFF,25173,0
1790646389.16047,23,OFF,26173,0
1790646390.1585417,24,OFF,27173,0
1790646391.1864035,25,OFF,28173,0
1790646392.1546814,26,OFF,29173,0
1790646393.157189,27,OFF,30173,0
1790646394.155314,28,OFF,31174,0
1790646395.1762455,29,OFF,32174,0
1790646396.2080197,30,OFF,33174,0
1790646397.1604962,31,OFF,34174,0
1790646398.1583009,32,OFF,35174,0
1790646399.1709335,33,OFF,36174,0
1790646400.2005458,34,OFF,37174,0
1790646401.1586602,35,OFF,38174,0
1790646402.1620834,36,OFF,39174,0
1790646403.169416,37,OFF,40174,0
1790646404.18838,38,OFF,41174,0
1790646405.1624672,39,OFF,42174,0
1790646406.158923,40,OFF,43174,0
1790646407.158575,41,OFF,44174,0
1790646408.180187,42,OFF,45174,0
1790646409.2059135,43,OFF,46174,0
1790646410.1589222,44,OFF,47174,0
1790646411.158917,45,OFF,48174,0
1790646412.1749105,46,OFF,49174,0
1790646416.407223,0,OFF,2670,0
1790646416.9176004,1,OFF,2671,0
1790646417.0413089,2,OFF,3671,0
1790646418.038395,3,OFF,4671,0
1790646419.0406592,4,OFF,5671,0
1790646420.0615776,5,OFF,6671,0
1790646421.0787642,6,OFF,7671,0
1790646422.038766,7,OFF,8671,0
1790646423.0363498,8,OFF,9671,0
1790646424.0569844,9,OFF,10671,0
1790646425.0798779,10,OFF,11671,0
1790646426.0445342,11,OFF,12671,0
1790646427.0389237,12,OFF,13671,0
1790646428.050883,13,OFF,14671,0
1790646429.0840738,14,OFF,15671,0
1790646430.038909,15,OFF,16671,0
1790646431.0410798,16,OFF,17671,0
1790646432.0397227,17,OFF,18671,0
1790646433.069669,18,OFF,19671,0
1790646434.0402796,19,OFF,20671,0
1790646435.034899,20,OFF,21671,0
1790646436.0400655,21,OFF,22671,0
1790646437.058914,22,OFF,23671,0
1790646438.0829284,23,OFF,24671,0
1790646439.0454383,24,OFF,25671,0
1790646440.0424008,25,OFF,26671,0
1790646441.0531943,26,OFF,27671,0
1790646442.078667,27,OFF,28671,0
1790646443.0445166,28,OFF,29671,0
1790646444.0399745,29,OFF,30671,0
1790646445.047975,30,OFF,31671,0
1790646446.0789104,31,OFF,32672,0
1790646447.046335,32,OFF,33672,0
1790646448.048676,33,OFF,34672,0
1790646449.041676,34,OFF,35672,0
1790646450.066176,35,OFF,36672,0
1790646451.0919607,36,OFF,37672,0
1790646452.036572,37,OFF,38672,0
1790646453.0416558,38,OFF,39672,0
1790646454.0703745,39,OFF,40672,0
1790646455.0817552,40,OFF,41672,0
1790646456.0392854,41,OFF,42672,0
1790646457.042298,42,OFF,43672,0
1790646458.0530589,43,OFF,44672,0
1790646459.078901,44,OFF,45672,0
1790646460.0423315,45,OFF,46672,0
1790646461.0471268,46,OFF,47672,0
1790646461.9441068,47,ON,48572,1
1790646465.1299274,0,OFF,2671,1
1790646465.6347532,1,OFF,2672,0
1790646466.1417706,2,OFF,3672,0
1790646467.1614084,3,OFF,4672,0
1790646468.115057,4,OFF,5672,0
1790646469.1218276,5,OFF,6672,0
1790646470.1352513,6,OFF,7672,0
1790646471.1623738,7,OFF,8672,0
1790646472.1189501,8,OFF,9672,0
1790646473.1185265,9,OFF,10672,0
1790646474.1338568,10,OFF,11672,0
1790646475.153168,11,OFF,12672,0
1790646476.118907,12,OFF,13672,0
1790646477.1239808,13,OFF,14672,0
1790646478.1244035,14,OFF,15672,0
1790646479.1519935,15,OFF,16672,0
1790646480.1214933,16,OFF,17672,0
1790646481.1212766,17,OFF,18672,0
1790646482.1187792,18,OFF,19672,0
1790646483.1462073,19,OFF,20672,0
1790646484.1627536,20,OFF,21672,0
1790646485.1166492,21,OFF,22672,0
1790646486.120784,22,OFF,23672,0
1790646487.1359296,23,OFF,24672,0
1790646488.1585546,24,OFF,25672,0
1790646489.1206405,25,OFF,26672,0
1790646490.120272,26,OFF,27672,0
1790646491.1269124,27,OFF,28672,0
1790646492.1754088,28,OFF,29672,0
1790646493.1189299,29,OFF,30672,0
1790646494.118908,30,OFF,31672,0
1790646495.1206956,31,OFF,32672,0
1790646496.1491597,32,OFF,33672,0
1790646497.1647286,33,OFF,34672,0
1790646498.1205542,34,OFF,35672,0
1790646499.1162395,35,OFF,36672,0
1790646500.138926,36,OFF,37672,0
1790646501.166918,37,OFF,38672,0
1790646502.121241,38,OFF,39672,0
1790646503.1307564,39,OFF,40672,0
1790646504.1337118,40,OFF,41672,0
1790646505.1580157,41,OFF,42672,0
1790646506.1224473,42,OFF,43672,0
1790646507.117355,43,OFF,44672,0
1790646508.1329815,44,OFF,45672,0
1790646509.1552594,45,OFF,46672,0
1790646510.1212273,46,OFF,47672,0
1790646511.01744,47,ON,48573,1
1790646511.2107391,48,ON,48762,0
1790646512.2416573,49,ON,49796,0
1790646513.2818558,50,ON,50830,0
1790646514.3089864,51,ON,51864,0
1790646515.3927116,52,ON,52898,0
1790646520.7264981,0,OFF,3171,1
1790646520.7271492,1,OFF,3172,0
1790646520.8643684,2,OFF,4172,0
1790646521.8607004,3,OFF,5172,0
1790646522.8739474,4,OFF,6172,0
1790646523.8998322,5,OFF,7172,0
1790646524.8639054,6,OFF,8172,0
1790646525.8638542,7,OFF,9172,0
1790646526.865738,8,OFF,10172,0
1790646527.8948677,9,OFF,11173,0
1790646528.914037,10,OFF,12173,0
1790646529.862721,11,OFF,13173,0
1790646530.8681824,12,OFF,14173,0
1790646531.8828764,13,OFF,15173,0
1790646532.9093266,14,OFF,16173,0
1790646533.8694437,15,OFF,17173,0
1790646534.8653595,16,OFF,18173,0
1790646535.883073,17,OFF,19173,0
1790646536.9050703,18,OFF,20173,0
1790646537.8620765,19,OFF,21173,0
1790646538.8665607,20,OFF,22173,0
1790646539.8842382,21,OFF,23173,0
1790646540.8959534,22,OFF,24173,0
1790646541.864967,23,OFF,25173,0
1790646542.867815,24,OFF,26173,0
1790646543.8654807,25,OFF,27173,0
1790646544.8929474,26,OFF,28173,0
1790646545.9182801,27,OFF,29173,0
1790646546.8751936,28,OFF,30173,0
1790646547.869137,29,OFF,31173,0
1790646548.8871045,30,OFF,32173,0
1790646549.9069088,31,OFF,33173,0
1790646586.2787669,0,OFF,20171,1
1790646586.2790005,1,OFF,20172,0
1790646587.3187413,2,OFF,21172,0
1790646588.325135,3,OFF,22172,0
1790646589.269514,4,OFF,23172,0
1790646590.2848463,5,OFF,24172,0
1790646591.2765098,6,OFF,25172,0
1790646592.3308053,7,OFF,26172,0
1790646593.255198,8,OFF,27172,0
1790646594.2591698,9,OFF,28172,0
1790646595.270893,10,OFF,29172,0
1790646596.2966845,11,OFF,30172,0
1790646597.2582674,12,OFF,31172,0
1790646598.2538383,13,OFF,32172,0
1790646599.262888,14,OFF,33172,0
1790646600.2883487,15,OFF,34172,0
1790646601.2542741,16,OFF,35172,0
1790646602.2603605,17,OFF,36173,0
1790646603.258494,18,OFF,37173,0
1790646604.2810712,19,OFF,38173,0
1790646605.3009894,20,OFF,39173,0
1790646606.2604866,21,OFF,40173,0
1790646607.262761,22,OFF,41173,0
1790646608.2749035,23,OFF,42173,0
1790646609.3012755,24,OFF,43173,0
1790646610.2588878,25,OFF,44173,0
1790646611.2628345,26,OFF,45173,0
1790646612.2705064,27,OFF,46173,0
1790646613.2939231,28,OFF,47173,0
1790646614.2611382,29,OFF,48173,0
1790646615.2568445,30,OFF,49173,0
1790646616.2625425,31,OFF,50173,0
1790646617.2868721,32,OFF,51173,0
1790646618.260263,33,OFF,52173,0
1790646619.265078,34,OFF,53173,0
1790646620.2588882,35,OFF,54173,0
1790646621.280876,36,OFF,55173,0
1790646622.2987576,37,OFF,56173,0
1790646623.2553787,38,OFF,57173,0
1790646624.2539718,39,OFF,58173,0
1790646625.276369,40,OFF,59173,0
1790646626.3005378,41,OFF,60173,0
1790646627.258905,42,OFF,61173,0
1790646628.260535,43,OFF,62173,0
1790646629.2668903,44,OFF,63173,0
1790646630.2949052,45,OFF,64173,0
1790646631.260615,46,OFF,65173,0
1790646632.1611533,47,ON,66073,1
1790646632.3498545,48,ON,66262,0
1790646633.3828518,49,ON,67296,0
1790646634.4204223,50,ON,68330,0
1790646635.4483957,51,ON,69364,0
1790646636.4853685,52,ON,70398,0
1790646640.8608758,0,OFF,2671,1
1790646640.8610067,1,OFF,2672,0
1790646641.4985728,2,OFF,3672,0
1790646642.4949613,3,OFF,4672,0
1790646643.5023508,4,OFF,5672,0
1790646644.526544,5,OFF,6672,0
1790646645.496338,6,OFF,7672,0
1790646646.498767,7,OFF,8672,0
1790646647.498887,8,OFF,9672,0
1790646648.5165484,9,OFF,10672,0
1790646649.5388741,10,OFF,11672,0
1790646650.5005226,11,OFF,12672,0
1790646651.4988785,12,OFF,13672,0
1790646652.5148776,13,OFF,14672,0
1790646653.5411487,14,OFF,15672,0
1790646654.4982302,15,OFF,16672,0
1790646655.4983125,16,OFF,17672,0
1790646656.508262,17,OFF,18672,0
1790646657.530354,18,OFF,19672,0
1790646658.4949303,19,OFF,20672,0
1790646659.5002427,20,OFF,21673,0
1790646660.5004213,21,OFF,22673,0
1790646661.5243683,22,OFF,23673,0
1790646662.4972603,23,OFF,24673,0
1790646663.5042417,24,OFF,25673,0
1790646664.5003266,25,OFF,26673,0
1790646665.5188274,26,OFF,27673,0
1790646666.5415525,27,OFF,28673,0
1790646667.5026755,28,OFF,29673,0
1790646668.5028715,29,OFF,30673,0
1790646669.5202909,30,OFF,31673,0
1790646670.5380719,31,OFF,32673,0
1790646671.4960902,32,OFF,33673,0
1790646672.5003095,33,OFF,34673,0
1790646673.5061505,34,OFF,35673,0
1790646674.5330424,35,OFF,36673,0
1790646675.5001953,36,OFF,37673,0
1790646676.502895,37,OFF,38673,0
1790646677.4964333,38,OFF,39673,0
1790646678.522884,39,OFF,40673,0
1790646679.5468585,40,OFF,41673,0
1790646680.4988983,41,OFF,42673,0
1790646681.5226874,42,OFF,43673,0
1790646682.523929,43,OFF,44673,0
1790646683.5453656,44,OFF,45673,0
1790646684.5001767,45,OFF,46673,0
1790646685.5010664,46,OFF,47673,0
1790646690.740979,0,OFF,3672,0
1790646690.741056,1,OFF,3673,0
1790646691.425077,2,OFF,4673,0
1790646692.378922,3,OFF,5673,0
1790646693.3813415,4,OFF,6673,0
1790646694.3947737,5,OFF,7673,0
1790646695.4297688,6,OFF,8673,0
1790646696.381173,7,OFF,9673,0
1790646697.382691,8,OFF,10673,0
1790646698.3926303,9,OFF,11673,0
1790646699.4147246,10,OFF,12673,0
1790646700.3811424,11,OFF,13673,0
1790646701.3850634,12,OFF,14673,0
1790646702.3824742,13,OFF,15673,0
1790646703.4068344,14,OFF,16673,0
1790646704.3802338,15,OFF,17673,0
1790646705.3841827,16,OFF,18673,0
1790646732.3863068,43,OFF,45674,0
1790646733.4135787,44,OFF,46674,0
1790646734.3869278,45,OFF,47674,0
1790646735.3839493,46,OFF,48674,0
1790646736.2869532,47,ON,49574,1
1790646739.9709432,0,OFF,3174,1
1790646739.9711776,1,OFF,3175,0
1790646740.9900777,2,OFF,4175,0
1790646741.9583008,3,OFF,5175,0
1790646742.9543204,4,OFF,6175,0
1790646743.9627807,5,OFF,7175,0
1790646744.9815612,6,OFF,8176,0
1790646745.958549,7,OFF,9176,0
1790646746.9569604,8,OFF,10176,0
1790646747.9613895,9,OFF,11176,0
1790646748.977974,10,OFF,12176,0
1790646750.000766,11,OFF,13176,0
1790646750.9589026,12,OFF,14176,0
1790646751.9577765,13,OFF,15176,0
1790646752.982905,14,OFF,16176,0
1790646753.9911711,15,OFF,17176,0
1790646754.962846,16,OFF,18176,0
1790646755.9585652,17,OFF,19176,0
1790646756.966862,18,OFF,20176,0
1790646757.9880242,19,OFF,21176,0
1790646758.9603114,20,OFF,22176,0
1790646759.9621913,21,OFF,23176,0
1790646760.9585154,22,OFF,24176,0
1790646761.9828901,23,OFF,25176,0
1790646763.0008087,24,OFF,26176,0
1790646763.957819,25,OFF,27176,0
1790646764.9587362,26,OFF,28176,0
1790646765.9781573,27,OFF,29176,0
1790646766.998778,28,OFF,30176,0
1790646767.9618573,29,OFF,31176,0
1790646768.9599097,30,OFF,32176,0
1790646769.969304,31,OFF,33176,0
1790646770.9949377,32,OFF,34176,0
1790646771.9604774,33,OFF,35176,0
1790646772.9610393,34,OFF,36176,0
1790646773.9622462,35,OFF,37176,0
1790646774.990291,36,OFF,38176,0
1790646775.9588826,37,OFF,39176,0
1790646776.9609423,38,OFF,40177,0
1790646777.9628882,39,OFF,41177,0
1790646778.9816625,40,OFF,42177,0
1790646780.0087857,41,OFF,43177,0
1790646780.960397,42,OFF,44177,0
1790646781.9622405,43,OFF,45177,0
1790646782.9813864,44,OFF,46177,0
1790646783.9978817,45,OFF,47177,0
1790646784.9621587,46,OFF,48177,0
1790646785.8617682,47,ON,49077,1
1790646786.0486734,48,ON,49266,0
1790646787.079856,49,ON,50300,0
1790646788.1220088,50,ON,51334,0
1790646789.1509264,51,ON,52368,0
1790646790.1885664,52,ON,53402,0
1790646791.220743,53,ON,54436,0
1790646795.2709394,0,OFF,2674,1
1790646795.271084,1,OFF,2675,0
1790646796.290929,2,OFF,3675,0
1790646797.253363,3,OFF,4675,0
1790646798.2504172,4,OFF,5675,0
1790646799.2549236,5,OFF,6675,0
1790646800.2816298,6,OFF,7675,0
1790646801.2508602,7,OFF,8675,0
1790646802.2543693,8,OFF,9675,0
1790646803.2485151,9,OFF,10675,0
1790646804.2893395,10,OFF,11675,0
1790646805.293422,11,OFF,12675,0
1790646806.2503583,12,OFF,13675,0
1790646807.254908,13,OFF,14675,0
1790646808.2691362,14,OFF,15675,0
1790646809.2923284,15,OFF,16675,0
1790646810.2629287,16,OFF,17675,0
1790646811.2519906,17,OFF,18675,0
1790646812.2604015,18,OFF,19675,0
1790646813.2862341,19,OFF,20675,0
1790646814.3068194,20,OFF,21675,0
1790646815.2492971,21,OFF,22675,0
1790646816.2819216,22,OFF,23675,0
1790646817.281043,23,OFF,24675,0
1790646818.2502172,24,OFF,25675,0
1790646819.2536612,25,OFF,26675,0
1790646820.254116,26,OFF,27675,0
1790646856.4165525,10,OFF,14674,1
1790646857.4187791,11,OFF,15674,0
1790646858.444775,12,OFF,16674,0
1790646859.417728,13,OFF,17674,0
1790646860.4249847,14,OFF,18674,0
1790646861.4166198,15,OFF,19674,0
1790646862.4389093,16,OFF,20674,0
1790646863.4581802,17,OFF,21674,0
1790646864.4860682,18,OFF,22674,0
1790646865.4170501,19,OFF,23674,0
1790646866.4329932,20,OFF,24674,0
1790646867.4568357,21,OFF,25674,0
1790646868.416516,22,OFF,26674,0
1790646869.4181933,23,OFF,27674,0
1790646870.4325194,24,OFF,28674,0
1790646871.4589183,25,OFF,29674,0
1790646872.4208832,26,OFF,30674,0
1790646873.411246,27,OFF,31674,0
1790646874.418692,28,OFF,32674,0
1790646875.4450395,29,OFF,33674,0
1790646876.41392,30,OFF,34674,0
1790646877.4170058,31,OFF,35674,0
1790646878.4216397,32,OFF,36674,0
1790646879.4378505,33,OFF,37674,0
1790646880.4650922,34,OFF,38674,0
1790646881.4175155,35,OFF,39674,0
1790646882.4186873,36,OFF,40674,0
1790646883.4406905,37,OFF,41674,0
1790646884.4583855,38,OFF,42675,0
1790646885.4147105,39,OFF,43675,0
1790646886.4149086,40,OFF,44675,0
1790646887.4250798,41,OFF,45675,0
1790646888.454744,42,OFF,46675,0
1790646889.4188998,43,OFF,47675,0
1790646890.4253447,44,OFF,48675,0
1790646891.416822,45,OFF,49675,0
1790646892.444419,46,OFF,50675,0
1790646893.358899,47,ON,51575,1
1790646893.5096664,48,ON,51764,0
1790646894.5879936,49,ON,52798,0
1790646898.9189763,0,OFF,2672,1
1790646898.919463,1,OFF,2673,0
1790646899.6421776,2,OFF,3673,0
1790646900.5571823,3,OFF,4673,0
1790646901.5580235,4,OFF,5673,0
1790646902.5808916,5,OFF,6673,0
1790646903.604363,6,OFF,7673,0
1790646904.5639024,7,OFF,8673,0
1790646905.5550807,8,OFF,9673,0
1790646906.574079,9,OFF,10673,0
1790646907.5970745,10,OFF,11673,0
1790646908.5586421,11,OFF,12673,0
1790646909.5580301,12,OFF,13673,0
1790646910.5692258,13,OFF,14673,0
1790646911.594916,14,OFF,15673,0
1790646912.560518,15,OFF,16673,0
1790646913.5562646,16,OFF,17673,0
1790646914.5621045,17,OFF,18673,0
1790646915.5868042,18,OFF,19673,0
1790646916.557647,19,OFF,20673,0
1790646917.557445,20,OFF,21673,0
1790646918.5588503,21,OFF,22673,0
1790646919.5789123,22,OFF,23673,0
1790646920.6053557,23,OFF,24673,0
1790646921.5584815,24,OFF,25673,0
1790646922.5628374,25,OFF,26673,0
1790646923.570865,26,OFF,27673,0
1790646924.6054585,27,OFF,28673,0
1790646925.5614219,28,OFF,29673,0
1790646926.557431,29,OFF,30673,0
1790646927.5694525,30,OFF,31673,0
1790646928.5903869,31,OFF,32673,0
1790646929.5593183,32,OFF,33673,0
1790646930.558354,33,OFF,34673,0
1790646931.5584128,34,OFF,35673,0
1790646932.585827,35,OFF,36673,0
1790646933.6000915,36,OFF,37673,0
1790646934.557653,37,OFF,38673,0
1790646935.5609012,38,OFF,39673,0
1790646936.5777388,39,OFF,40673,0
1790646937.6071804,40,OFF,41673,0
1790646938.5588908,41,OFF,42673,0
1790646939.559983,42,OFF,43673,0
1790646940.5781324,43,OFF,44673,0
1790646941.5980735,44,OFF,45673,0
1790646942.5585904,45,OFF,46673,0
1790646943.5599146,46,OFF,47673,0
1790646944.4667606,47,ON,48573,1
1790646947.6683207,0,OFF,2672,1
1790646947.6684816,1,OFF,2673,0
1790646948.6627457,2,OFF,3673,0
1790646949.629235,3,OFF,4673,0
1790646950.6361961,4,OFF,5673,0
1790646951.632703,5,OFF,6673,0
1790646952.6543214,6,OFF,7673,0
1790646953.674826,7,OFF,8673,0
1790646954.630458,8,OFF,9673,0
1790646955.6484075,9,OFF,10674,0
1790646956.6501012,10,OFF,11674,0
1790646957.6748912,11,OFF,12674,0
1790646958.6276786,12,OFF,13674,0
1790646959.6309106,13,OFF,14674,0
1790646960.643963,14,OFF,15674,0
1790646961.6680632,15,OFF,16674,0
1790646962.6361432,16,OFF,17674,0
1790646963.658867,17,OFF,18674,0
1790646964.6416178,18,OFF,19674,0
1790646965.672661,19,OFF,20674,0
1790646966.630768,20,OFF,21674,0
1790646967.6337771,21,OFF,22674,0
1790646968.6307535,22,OFF,23674,0
1790646969.662882,23,OFF,24674,0
1790646970.6261296,24,OFF,25674,0
1790646971.632606,25,OFF,26674,0
1790646972.6439676,26,OFF,27674,0
1790646973.6469,27,OFF,28674,0
1790646974.673812,28,OFF,29675,0
1790646975.635396,29,OFF,30675,0
1790646976.6428618,30,OFF,31675,0
1790646977.6508608,31,OFF,32675,0
1790646978.6661923,32,OFF,33675,0
1790646979.6308944,33,OFF,34675,0
1790646980.6342802,34,OFF,35675,0
1790646981.6443744,35,OFF,36675,0
1790646982.662126,36,OFF,37675,0
1790646983.632571,37,OFF,38675,0
1790646984.6297097,38,OFF,39675,0
1790646985.6327796,39,OFF,40675,0
1790646986.652386,40,OFF,41675,0
1790646987.6738777,41,OFF,42675,0
1790646988.6344976,42,OFF,43675,0
1790646989.6283367,43,OFF,44675,0
1790646990.6488817,44,OFF,45675,0
1790646991.6748726,45,OFF,46675,0
1790646992.6300912,46,OFF,47675,0
1790646993.5343978,47,ON,48576,1
1790647006.5667524,0,OFF,12672,1
1790647006.566834,1,OFF,12673,0
1790647007.5582657,2,OFF,13673,0
1790647008.5651655,3,OFF,14673,0
1790647009.5931528,4,OFF,15673,0
1790647010.5600314,5,OFF,16673,0
1790647011.5585716,6,OFF,17673,0
1790647012.5590127,7,OFF,18673,0
1790647013.5881805,8,OFF,19673,0
1790647014.606392,9,OFF,20673,0
1790647015.5589392,10,OFF,21673,0
1790647016.558869,11,OFF,22673,0
1790647017.5828538,12,OFF,23673,0
1790647018.602055,13,OFF,24673,0
1790647019.560313,14,OFF,25673,0
1790647020.562264,15,OFF,26673,0
1790647021.5730386,16,OFF,27673,0
1790647022.5985682,17,OFF,28673,0
1790647023.5564654,18,OFF,29673,0
1790647024.558403,19,OFF,30673,0
1790647025.5659564,20,OFF,31673,0
1790647026.5901525,21,OFF,32673,0
1790647027.5579364,22,OFF,33673,0
1790647028.5618954,23,OFF,34673,0
1790647029.5602043,24,OFF,35673,0
1790647030.588556,25,OFF,36673,0
1790647031.6052938,26,OFF,37673,0
1790647032.5589185,27,OFF,38673,0
1790647033.5608394,28,OFF,39674,0
1790647034.6019347,29,OFF,40674,0
1790647035.6008713,30,OFF,41674,0
1790647036.6262083,31,OFF,42674,0
1790647037.667463,32,OFF,43674,0
1790647038.5748618,33,OFF,44674,0
1790647039.593295,34,OFF,45674,0
1790647040.5628793,35,OFF,46674,0
1790647041.5583794,36,OFF,47674,0
1790647042.564888,37,OFF,48674,0
1790647043.5863757,38,OFF,49674,0
1790647044.562095,39,OFF,50674,0
1790647045.5701985,40,OFF,51674,0
1790647046.562759,41,OFF,52674,0
1790647047.5815492,42,OFF,53674,0
1790647048.608259,43,OFF,54674,0
1790647049.5583575,44,OFF,55674,0
1790647050.5577936,45,OFF,56674,0
1790647051.576523,46,OFF,57674,0
1790647055.985344,0,OFF,3171,0
1790647056.504834,1,OFF,3172,0
1790647057.0098855,2,OFF,4172,0
1790647057.9721866,3,OFF,5172,0
1790647058.9726465,4,OFF,6172,0
1790647059.97639,5,OFF,7172,0
1790647060.9948976,6,OFF,8172,0
1790647062.0173216,7,OFF,9172,0
1790647062.9731095,8,OFF,10172,0
1790647063.971908,9,OFF,11172,0
1790647064.9987826,10,OFF,12172,0
1790647066.0121934,11,OFF,13172,0
1790647066.9719455,12,OFF,14172,0
1790647067.972627,13,OFF,15173,0
1790647068.98276,14,OFF,16173,0
1790647070.0095837,15,OFF,17173,0
1790647070.974888,16,OFF,18173,0
1790647071.9730682,17,OFF,19173,0
1790647072.9806113,18,OFF,20173,0
1790647074.001704,19,OFF,21173,0
1790647074.9764338,20,OFF,22173,0
1790647075.9736304,21,OFF,23173,0
1790647076.9766796,22,OFF,24173,0
1790647077.9949813,23,OFF,25173,0
1790647079.0240128,24,OFF,26173,0
1790647079.9736345,25,OFF,27173,0
1790647080.9749424,26,OFF,28173,0
1790647081.9890044,27,OFF,29173,0
1790647083.0140328,28,OFF,30173,0
1790647083.9740345,29,OFF,31173,0
1790647084.970363,30,OFF,32173,0
1790647085.9827714,31,OFF,33173,0
1790647087.006797,32,OFF,34174,0
1790647087.981257,33,OFF,35174,0
1790647088.9707775,34,OFF,36174,0
1790647089.97742,35,OFF,37174,0
1790647090.999937,36,OFF,38174,0
1790647126.6877668,18,OFF,20171,1
1790647127.6806514,19,OFF,21171,0
1790647128.6856506,20,OFF,22171,0
1790647129.7120762,21,OFF,23171,0
1790647130.679792,22,OFF,24171,0
1790647131.6806803,23,OFF,25171,0
1790647132.678786,24,OFF,26171,0
1790647133.7057407,25,OFF,27171,0
1790647134.7253664,26,OFF,28171,0
1790647135.681847,27,OFF,29171,0
1790647136.677317,28,OFF,30171,0
1790647137.6948519,29,OFF,31171,0
1790647138.720885,30,OFF,32171,0
1790647139.6810281,31,OFF,33171,0
1790647140.6804605,32,OFF,34171,0
1790647141.6885097,33,OFF,35171,0
1790647142.712214,34,OFF,36171,0
1790647143.6815712,35,OFF,37171,0
1790647144.6821074,36,OFF,38171,0
1790647145.6812217,37,OFF,39171,0
1790647146.7078097,38,OFF,40171,0
1790647147.6770573,39,OFF,41171,0
1790647148.6801922,40,OFF,42171,0
1790647149.6809185,41,OFF,43171,0
1790647150.702877,42,OFF,44171,0
1790647151.7268531,43,OFF,45171,0
1790647152.680912,44,OFF,46171,0
1790647153.6822426,45,OFF,47171,0
1790647154.6950717,46,OFF,48171,0
1790647168.939617,0,OFF,12672,0
1790647169.4410744,1,OFF,12673,0
1790647169.5796504,2,OFF,13673,0
1790647170.5802243,3,OFF,14673,0
1790647171.590871,4,OFF,15673,0
1790647172.622886,5,OFF,16673,0
1790647173.5789156,6,OFF,17673,0
1790647174.5812924,7,OFF,18673,0
1790647175.586405,8,OFF,19673,0
1790647176.6119297,9,OFF,20673,0
1790647177.5789068,10,OFF,21673,0
1790647178.5788617,11,OFF,22673,0
1790647179.5822506,12,OFF,23673,0
1790647180.5972397,13,OFF,24673,0
1790647181.6252437,14,OFF,25673,0
1790647182.5799756,15,OFF,26673,0
1790647183.5800102,16,OFF,27673,0
1790647184.5967944,17,OFF,28673,0
1790647185.6223738,18,OFF,29673,0
1790647186.5799398,19,OFF,30673,0
1790647187.5846188,20,OFF,31673,0
1790647188.5934505,21,OFF,32673,0
1790647189.6199765,22,OFF,33673,0
1790647190.5788991,23,OFF,34673,0
1790647191.578686,24,OFF,35673,0
1790647192.5827472,25,OFF,36673,0
1790647193.6089246,26,OFF,37673,0
1790647194.5751157,27,OFF,38673,0
1790647195.5799255,28,OFF,39673,0
1790647196.5788805,29,OFF,40673,0
1790647197.6066914,30,OFF,41673,0
1790647198.622884,31,OFF,42673,0
1790647199.576414,32,OFF,43673,0
1790647200.578323,33,OFF,44673,0
1790647201.6001892,34,OFF,45673,0
1790647202.6226933,35,OFF,46673,0
1790647203.578932,36,OFF,47673,0
1790647204.5840442,37,OFF,48674,0
1790647205.5845113,38,OFF,49674,0
1790647206.6163332,39,OFF,50674,0
1790647207.5777583,40,OFF,51674,0
1790647208.5823462,41,OFF,52674,0
1790647209.5851893,42,OFF,53674,0
1790647210.6048996,43,OFF,54674,0
1790647211.5799665,44,OFF,55674,0
1790647212.5802565,45,OFF,56674,0
1790647213.5807111,46,OFF,57674,0
1790647219.8397589,0,OFF,4171,0
1790647219.844278,1,OFF,4172,0
1790647219.9650667,2,OFF,5172,0
1790647221.0540676,3,OFF,6173,0
1790647221.9749367,4,OFF,7173,0
1790647222.9985578,5,OFF,8173,0
1790647223.9681175,6,OFF,9173,0
1790647224.9702458,7,OFF,10173,0
1790647225.9684405,8,OFF,11173,0
1790647226.9961069,9,OFF,12173,0
1790647228.0126505,10,OFF,13173,0
1790647228.9696574,11,OFF,14173,0
1790647229.9649663,12,OFF,15173,0
1790647230.9858763,13,OFF,16173,0
1790647232.0097,14,OFF,17173,0
1790647232.9693391,15,OFF,18173,0
1790647233.9855473,16,OFF,19173,0
1790647234.9787436,17,OFF,20173,0
1790647236.0040352,18,OFF,21173,0
1790647236.9669533,19,OFF,22173,0
1790647237.976795,20,OFF,23173,0
1790647238.9722154,21,OFF,24173,0
1790647239.9938524,22,OFF,25173,0
1790647241.0149179,23,OFF,26173,0
1790647241.9748957,24,OFF,27173,0
1790647242.9698687,25,OFF,28173,0
1790647243.9902852,26,OFF,29173,0
1790647245.0173876,27,OFF,30173,0
1790647245.970789,28,OFF,31173,0
1790647246.9690526,29,OFF,32173,0
1790647247.9894958,30,OFF,33173,0
1790647249.0126429,31,OFF,34173,0
1790647249.9702895,32,OFF,35173,0
1790647250.9670236,33,OFF,36173,0
1790647251.9770253,34,OFF,37173,0
1790647253.000157,35,OFF,38174,0
1790647253.9725475,36,OFF,39174,0
1790647254.9735723,37,OFF,40174,0
1790647255.972939,38,OFF,41174,0
1790647256.9960666,39,OFF,42174,0
1790647258.0163555,40,OFF,43174,0
1790647258.973245,41,OFF,44174,0
1790647259.9709094,42,OFF,45174,0
1790647260.9909823,43,OFF,46174,0
1790647262.0135932,44,OFF,47174,0
1790647262.9675786,45,OFF,48174,0
1790647263.972762,46,OFF,49174,0
1790647268.3694766,0,OFF,3173,0
1790647268.3695722,1,OFF,3174,0
1790647269.3858778,2,OFF,4174,0
1790647270.3528638,3,OFF,5174,0
1790647271.3560863,4,OFF,6175,0
1790647272.356655,5,OFF,7175,0
1790647273.3784955,6,OFF,8175,0
1790647274.350243,7,OFF,9175,0
1790647275.3590834,8,OFF,10175,0
1790647276.3541396,9,OFF,11175,0
1790647277.3777528,10,OFF,12175,0
1790647278.4129307,11,OFF,13175,0
1790647279.350404,12,OFF,14175,0
1790647280.3548117,13,OFF,15175,0
1790647281.3622246,14,OFF,16175,0
1790647282.401827,15,OFF,17175,0
1790647283.353575,16,OFF,18175,0
1790647284.3581066,17,OFF,19175,0
1790647285.3587244,18,OFF,20175,0
1790647286.381673,19,OFF,21175,0
1790647287.3517292,20,OFF,22175,0
1790647288.3583722,21,OFF,23175,0
1790647289.35811,22,OFF,24175,0
1790647290.382581,23,OFF,25175,0
1790647291.3989015,24,OFF,26175,0
1790647292.3545825,25,OFF,27175,0
1790647293.353497,26,OFF,28175,0
1790647294.372078,27,OFF,29175,0
1790647295.39706,28,OFF,30175,0
1790647296.3680892,29,OFF,31175,0
1790647297.3568096,30,OFF,32175,0
1790647298.3683074,31,OFF,33175,0
1790647299.3928869,32,OFF,34175,0
1790647300.3588922,33,OFF,35175,0
1790647301.354939,34,OFF,36175,0
1790647302.3607166,35,OFF,37175,0
1790647303.392227,36,OFF,38176,0
1790647304.4102347,37,OFF,39176,0
1790647305.356512,38,OFF,40176,0
1790647306.3580055,39,OFF,41176,0
1790647307.3747528,40,OFF,42176,0
1790647308.4015958,41,OFF,43176,0
1790647309.3551607,42,OFF,44176,0
1790647310.3494492,43,OFF,45176,0
1790647311.37093,44,OFF,46176,0
1790647312.3983335,45,OFF,47176,0
1790647313.3610048,46,OFF,48176,0
1790647314.256911,47,ON,49076,1
1790647314.4460242,48,ON,49265,0
1790647315.4756656,49,ON,50299,0
1790647316.5186577,50,ON,51333,0
1790647317.5480218,51,ON,52367,0
1790647318.5809906,52,ON,53401,0
1790647319.6120493,53,ON,54435,0
1790647323.9993494,0,OFF,2671,1
1790647323.9995606,1,OFF,2672,0
1790647324.6829045,2,OFF,3672,0
1790647325.6386762,3,OFF,4672,0
1790647326.6384683,4,OFF,5672,0
1790647327.6523666,5,OFF,6672,0
1790647328.6778183,6,OFF,7672,0
1790647329.640494,7,OFF,8672,0
1790647330.6386614,8,OFF,9672,0
1790647331.6539018,9,OFF,10672,0
1790647332.6663613,10,OFF,11672,0
1790647333.6382353,11,OFF,12672,0
1790647334.638344,12,OFF,13672,0
1790647335.6357672,13,OFF,14672,0
1790647336.663996,14,OFF,15672,0
1790647337.6382935,15,OFF,16672,0
1790647338.6388988,16,OFF,17672,0
1790647339.6400752,17,OFF,18672,0
1790647340.6578147,18,OFF,19672,0
1790647341.6857634,19,OFF,20672,0
1790647342.637153,20,OFF,21672,0
1790647343.6399667,21,OFF,22672,0
1790647344.653461,22,OFF,23672,0
1790647345.672187,23,OFF,24672,0
1790647346.6400974,24,OFF,25672,0
1790647347.6385324,25,OFF,26672,0
1790647348.6441336,26,OFF,27672,0
1790647349.6683042,27,OFF,28672,0
1790647350.6977491,28,OFF,29672,0
1790647351.638905,29,OFF,30672,0
1790647352.6385849,30,OFF,31672,0
1790647353.662498,31,OFF,32672,0
1790647354.6934767,32,OFF,33672,0
1790647355.6389294,33,OFF,34672,0
1790647356.6385448,34,OFF,35672,0
1790647357.6544821,35,OFF,36672,0
1790647358.6823015,36,OFF,37672,0
1790647359.638926,37,OFF,38672,0
1790647360.6389327,38,OFF,39672,0
1790647361.64923,39,OFF,40672,0
1790647397.711858,26,OFF,27674,1
1790647398.7241151,27,OFF,28674,0
1790647399.7467043,28,OFF,29674,0
1790647400.7147677,29,OFF,30674,0
1790647401.710753,30,OFF,31674,0
1790647402.7141533,31,OFF,32674,0
1790647403.745327,32,OFF,33674,0
1790647404.7109208,33,OFF,34674,0
1790647405.7108757,34,OFF,35674,0
1790647406.7108796,35,OFF,36674,0
1790647407.7374964,36,OFF,37674,0
1790647408.7547653,37,OFF,38674,0
1790647409.7107682,38,OFF,39674,0
1790647410.7094927,39,OFF,40674,0
1790647411.7306497,40,OFF,41674,0
1790647412.7519414,41,OFF,42674,0
1790647413.7109113,42,OFF,43674,0
1790647414.7161274,43,OFF,44675,0
1790647415.7188966,44,OFF,45675,0
1790647416.7417545,45,OFF,46675,0
1790647417.7124622,46,OFF,47675,0
1790647418.6221435,47,ON,48575,1
1790647423.001759,0,OFF,3172,1
1790647423.001921,1,OFF,3173,0
1790647423.1388836,2,OFF,4173,0
1790647424.1340327,3,OFF,5173,0
1790647425.142803,4,OFF,6173,0
1790647426.1655447,5,OFF,7174,0
1790647427.134686,6,OFF,8174,0
1790647428.1377218,7,OFF,9174,0
1790647429.1376069,8,OFF,10174,0
1790647430.1587205,9,OFF,11174,0
1790647431.1827862,10,OFF,12174,0
1790647432.138355,11,OFF,13174,0
1790647433.1385567,12,OFF,14174,0
1790647434.150725,13,OFF,15174,0
1790647435.1759932,14,OFF,16174,0
1790647436.1442807,15,OFF,17174,0
1790647437.148912,16,OFF,18174,0
1790647438.1462908,17,OFF,19174,0
1790647439.1701138,18,OFF,20174,0
1790647440.1388638,19,OFF,21174,0
1790647441.146304,20,OFF,22174,0
1790647442.1409292,21,OFF,23174,0
1790647443.16196,22,OFF,24174,0
1790647444.1812925,23,OFF,25174,0
1790647445.1403058,24,OFF,26174,0
1790647446.142532,25,OFF,27175,0
1790647447.158536,26,OFF,28175,0
1790647448.1773465,27,OFF,29175,0
1790647449.1497042,28,OFF,30175,0
1790647450.138785,29,OFF,31175,0
1790647451.148399,30,OFF,32175,0
1790647452.173271,31,OFF,33175,0
1790647453.1464286,32,OFF,34175,0
1790647454.148324,33,OFF,35175,0
1790647455.1422796,34,OFF,36175,0
1790647456.1655495,35,OFF,37175,0
1790647457.1414652,36,OFF,38175,0
1790647458.1386414,37,OFF,39175,0
1790647459.1403925,38,OFF,40175,0
1790647460.1587217,39,OFF,41175,0
1790647461.1869059,40,OFF,42175,0
1790647462.1414611,41,OFF,43175,0
1790647463.141752,42,OFF,44175,0
1790647464.1560771,43,OFF,45175,0
1790647465.1820245,44,OFF,46176,0
1790647466.1395192,45,OFF,47176,0
1790647467.1457267,46,OFF,48176,0
1790647468.0443099,47,ON,49076,1
1790647471.2286952,0,OFF,2670,1
1790647471.228883,1,OFF,2671,0
1790647472.2462597,2,OFF,3671,0
1790647473.2652967,3,OFF,4671,0
1790647474.2196355,4,OFF,5671,0
1790647475.21733,5,OFF,6671,0
1790647476.2381268,6,OFF,7671,0
1790647477.2629056,7,OFF,8671,0
1790647478.220994,8,OFF,9671,0
1790647479.2168684,9,OFF,10671,0
1790647480.2389085,10,OFF,11671,0
1790647481.2542844,11,OFF,12671,0
1790647482.2206707,12,OFF,13671,0
1790647483.2170064,13,OFF,14671,0
1790647484.2257562,14,OFF,15671,0
1790647485.254845,15,OFF,16671,0
1790647486.2204695,16,OFF,17671,0
1790647487.2195737,17,OFF,18671,0
1790647488.22049,18,OFF,19671,0
1790647489.2408705,19,OFF,20671,0
1790647490.2644322,20,OFF,21671,0
1790647491.2187667,21,OFF,22671,0
1790647492.2186997,22,OFF,23671,0
1790647493.2389002,23,OFF,24671,0
1790647494.2588868,24,OFF,25671,0
1790647495.2206047,25,OFF,26671,0
1790647496.22102,26,OFF,27672,0
1790647497.2343826,27,OFF,28672,0
1790647498.2559762,28,OFF,29672,0
1790647499.225226,29,OFF,30672,0
1790647500.2300842,30,OFF,31672,0
1790647501.2206497,31,OFF,32672,0
1790647502.252519,32,OFF,33672,0
1790647503.269259,33,OFF,34672,0
1790647504.2225091,34,OFF,35672,0
1790647505.2221677,35,OFF,36672,0
1790647506.2391498,36,OFF,37672,0
1790647507.2669373,37,OFF,38672,0
1790647508.2219143,38,OFF,39672,0
1790647509.221989,39,OFF,40672,0
1790647510.2330256,40,OFF,41672,0
1790647511.2651827,41,OFF,42672,0
1790647512.2251174,42,OFF,43672,0
1790647513.2211192,43,OFF,44672,0
1790647514.2300866,44,OFF,45672,0
1790647515.2562442,45,OFF,46673,0
1790647516.225611,46,OFF,47673,0
1790647517.125253,47,ON,48573,1
1790647517.3108485,48,ON,48762,0
1790647520.7059746,0,OFF,2672,1
1790647520.7061255,1,OFF,2673,0
1790647521.333043,2,OFF,3673,0
1790647522.338909,3,OFF,4673,0
1790647523.3440604,4,OFF,5673,0
1790647524.3668876,5,OFF,6673,0
1790647525.336396,6,OFF,7673,0
1790647526.3381205,7,OFF,8673,0
1790647527.3378496,8,OFF,9673,0
1790647528.3684428,9,OFF,10673,0
1790647529.388312,10,OFF,11673,0
1790647530.3374574,11,OFF,12673,0
1790647531.3380945,12,OFF,13673,0
1790647532.3532257,13,OFF,14673,0
1790647533.3913932,14,OFF,15673,0
1790647534.338931,15,OFF,16673,0
1790647535.3396976,16,OFF,17673,0
1790647536.3480415,17,OFF,18673,0
1790647537.3709164,18,OFF,19673,0
1790647538.3388934,19,OFF,20673,0
1790647539.3411772,20,OFF,21673,0
1790647540.341249,21,OFF,22673,0
1790647541.3654475,22,OFF,23673,0
1790647542.3378851,23,OFF,24673,0
1790647543.3389237,24,OFF,25673,0
1790647544.3389163,25,OFF,26673,0
1790647545.3605087,26,OFF,27673,0
1790647546.3805912,27,OFF,28673,0
1790647547.3340771,28,OFF,29673,0
1790647548.33527,29,OFF,30673,0
1790647549.3507812,30,OFF,31673,0
1790647550.380169,31,OFF,32673,0
1790647551.3348558,32,OFF,33673,0
1790647552.3397498,33,OFF,34673,0
1790647553.345522,34,OFF,35673,0
1790647554.3733597,35,OFF,36673,0
1790647555.3389149,36,OFF,37673,0
1790647556.3466854,37,OFF,38673,0
1790647557.3371735,38,OFF,39673,0
1790647558.3664818,39,OFF,40673,0
1790647559.386727,40,OFF,41673,0
1790647560.335809,41,OFF,42673,0
1790647561.3413775,42,OFF,43673,0
1790647562.3579657,43,OFF,44673,0
1790647563.3822992,44,OFF,45673,0
1790647564.3448853,45,OFF,46673,0
1790647565.3655493,46,OFF,47673,0
1790647569.2321134,0,OFF,2673,0
1790647569.232183,1,OFF,2674,0
1790647570.2438555,2,OFF,3674,0
1790647571.2642562,3,OFF,4674,0
1790647572.2175238,4,OFF,5674,0
1790647573.2255867,5,OFF,6674,0
1790647574.2389288,6,OFF,7674,0
1790647575.2588236,7,OFF,8674,0
1790647576.2220688,8,OFF,9674,0
1790647577.2155478,9,OFF,10674,0
1790647578.2342248,10,OFF,11674,0
1790647579.2568994,11,OFF,12674,0
1790647580.2173421,12,OFF,13674,0
1790647581.218524,13,OFF,14674,0
1790647582.2228773,14,OFF,15674,0
1790647583.2499988,15,OFF,16674,0
1790647584.2189257,16,OFF,17674,0
1790647585.2132304,17,OFF,18674,0
1790647586.2198832,18,OFF,19674,0
1790647587.2467253,19,OFF,20674,0
1790647588.2623048,20,OFF,21674,0
1790647589.2187874,21,OFF,22674,0
1790647590.2187855,22,OFF,23674,0
1790647591.238784,23,OFF,24674,0
1790647592.2625663,24,OFF,25674,0
1790647593.2177763,25,OFF,26674,0
1790647594.2160518,26,OFF,27674,0
1790647595.2297091,27,OFF,28674,0
1790647596.2573378,28,OFF,29674,0
1790647597.2216206,29,OFF,30674,0
1790647598.2206943,30,OFF,31674,0
1790647599.222916,31,OFF,32674,0
1790647600.2510202,32,OFF,33674,0
1790647601.218902,33,OFF,34674,0
1790647602.2189078,34,OFF,35674,0
1790647603.2269177,35,OFF,36674,0
1790647604.2588265,36,OFF,37674,0
1790647605.2644303,37,OFF,38674,0
1790647606.2208967,38,OFF,39674,0
1790647607.2188795,39,OFF,40674,0
1790647608.2308223,40,OFF,41674,0
1790647609.2607322,41,OFF,42674,0
1790647610.221747,42,OFF,43674,0
1790647611.2246377,43,OFF,44674,0
1790647612.2278156,44,OFF,45674,0
1790647613.2535985,45,OFF,46674,0
1790647614.2210057,46,OFF,47674,0
1790647615.1271353,47,ON,48574,1
1790647615.3108113,48,ON,48763,0
1790647616.3455386,49,ON,49797,0
1790647617.3744638,50,ON,50831,0
1790647618.4108682,51,ON,51865,0
1790647619.4419906,52,ON,52899,0
1790647623.8173645,0,OFF,2671,1
1790647623.8190687,1,OFF,2672,0
1790647624.461695,2,OFF,3672,0
1790647625.4557004,3,OFF,4673,0
1790647626.4627547,4,OFF,5673,0
1790647627.4930015,5,OFF,6673,0
1790647628.5068915,6,OFF,7673,0
1790647629.454713,7,OFF,8673,0
1790647630.456959,8,OFF,9673,0
1790647631.4868982,9,OFF,10673,0
1790647632.557281,10,OFF,11673,0
1790647668.45826,46,OFF,47674,1
1790647672.3542788,0,OFF,2677,0
1790647672.356181,1,OFF,2678,0
1790647673.366178,2,OFF,3678,0
1790647674.3892393,3,OFF,4678,0
1790647675.346845,4,OFF,5678,0
1790647676.3421109,5,OFF,6678,0
1790647677.3539474,6,OFF,7678,0
1790647678.3822982,7,OFF,8678,0
1790647679.3494854,8,OFF,9678,0
1790647680.349637,9,OFF,10678,0
1790647681.350305,10,OFF,11678,0
1790647682.3884625,11,OFF,12678,0
1790647683.346919,12,OFF,13678,0
1790647684.3485148,13,OFF,14678,0
1790647685.352817,14,OFF,15678,0
1790647686.3690934,15,OFF,16678,0
1790647687.3900385,16,OFF,17679,0
1790647688.349506,17,OFF,18679,0
1790647689.3448575,18,OFF,19679,0
1790647690.3760266,19,OFF,20679,0
1790647691.392566,20,OFF,21679,0
1790647692.3492472,21,OFF,22679,0
1790647693.346786,22,OFF,23679,0
1790647694.3559656,23,OFF,24679,0
1790647695.3811274,24,OFF,25679,0
1790647696.3494697,25,OFF,26679,0
1790647697.3441222,26,OFF,27679,0
1790647698.3459346,27,OFF,28679,0
1790647699.37734,28,OFF,29679,0
1790647700.3448925,29,OFF,30679,0
1790647701.3499682,30,OFF,31679,0
1790647702.3522506,31,OFF,32679,0
1790647703.3659399,32,OFF,33679,0
1790647704.3988638,33,OFF,34679,0
1790647705.3499498,34,OFF,35679,0
1790647706.3484674,35,OFF,36679,0
1790647707.366262,36,OFF,37679,0
1790647708.3860874,37,OFF,38679,0
1790647709.3493319,38,OFF,39679,0
1790647710.344992,39,OFF,40679,0
1790647711.3521369,40,OFF,41679,0
1790647712.3768775,41,OFF,42679,0
1790647713.3488007,42,OFF,43679,0
1790647714.3454077,43,OFF,44679,0
1790647715.3481004,44,OFF,45679,0
1790647716.3705847,45,OFF,46679,0
1790647717.3925564,46,OFF,47679,0
1790647718.2442992,47,ON,48579,1
1790647718.4468238,48,ON,48768,0
1790647719.4749086,49,ON,49802,0
1790647720.510002,50,ON,50836,0
1790647721.590557,51,ON,51870,0
1790647725.9147484,0,OFF,2678,1
1790647726.429587,1,OFF,2679,0
1790647726.562811,2,OFF,3679,0
1790647727.5604,3,OFF,4679,0
1790647728.5588815,4,OFF,5679,0
1790647729.5787961,5,OFF,6679,0
1790647730.601925,6,OFF,7679,0
1790647731.558267,7,OFF,8679,0
1790647732.5587742,8,OFF,9679,0
1790647733.5732977,9,OFF,10679,0
1790647734.602929,10,OFF,11679,0
1790647735.555118,11,OFF,12679,0
1790647736.5606313,12,OFF,13679,0
1790647737.5748842,13,OFF,14679,0
1790647738.590752,14,OFF,15679,0
1790647739.6142297,15,OFF,16679,0
1790647740.5642793,16,OFF,17679,0
1790647741.563746,17,OFF,18679,0
1790647742.5907044,18,OFF,19679,0
1790647743.5588868,19,OFF,20679,0
1790647744.5600152,20,OFF,21679,0
1790647745.5588677,21,OFF,22679,0
1790647746.5789135,22,OFF,23679,0
1790647747.6013052,23,OFF,24679,0
1790647748.5615802,24,OFF,25679,0
1790647749.558639,25,OFF,26679,0
1790647750.5747612,26,OFF,27679,0
1790647751.6002436,27,OFF,28679,0
1790647752.5557292,28,OFF,29679,0
1790647753.561328,29,OFF,30679,0
1790647754.5686228,30,OFF,31679,0
1790647755.5922894,31,OFF,32679,0
1790647756.5587733,32,OFF,33679,0
1790647757.558743,33,OFF,34679,0
1790647758.5587692,34,OFF,35679,0
1790647759.5865366,35,OFF,36679,0
1790647760.5597687,36,OFF,37679,0
1790647761.5588992,37,OFF,38679,0
1790647762.56121,38,OFF,39680,0
1790647763.5823395,39,OFF,40680,0
1790647764.6072085,40,OFF,41680,0
1790647765.5600715,41,OFF,42680,0
1790647766.5618377,42,OFF,43680,0
1790647767.572408,43,OFF,44680,0
1790647768.5986784,44,OFF,45680,0
1790647769.556399,45,OFF,46680,0
1790647770.561159,46,OFF,47680,0
1790647771.4723155,47,ON,48580,1
1790647775.992337,0,OFF,3170,1
1790647775.9931054,1,OFF,3171,0
1790647776.1744697,2,OFF,4171,0
1790647777.132301,3,OFF,5171,0
1790647778.132173,4,OFF,6171,0
1790647779.1468947,5,OFF,7171,0
1790647780.167593,6,OFF,8171,0
1790647781.1345131,7,OFF,9171,0
1790647782.1322849,8,OFF,10171,0
1790647783.1420498,9,OFF,11171,0
1790647784.1613605,10,OFF,12171,0
1790647785.1322947,11,OFF,13171,0
1790647786.1344364,12,OFF,14171,0
1790647787.13395,13,OFF,15171,0
1790647788.153434,14,OFF,16171,0
1790647789.1734724,15,OFF,17171,0
1790647790.1347735,16,OFF,18171,0
1790647791.1324122,17,OFF,19171,0
1790647792.1489758,18,OFF,20171,0
1790647793.1707895,19,OFF,21171,0
1790647794.132879,20,OFF,22171,0
1790647795.1324103,21,OFF,23171,0
1790647796.1429083,22,OFF,24171,0
1790647797.1702104,23,OFF,25171,0
1790647798.134911,24,OFF,26171,0
1790647799.132412,25,OFF,27171,0
1790647800.1348934,26,OFF,28171,0
1790647801.1619146,27,OFF,29171,0
1790647802.1349003,28,OFF,30171,0
1790647803.133554,29,OFF,31172,0
1790647804.1326349,30,OFF,32172,0
1790647805.1570077,31,OFF,33172,0
1790647806.1803503,32,OFF,34172,0
1790647807.133079,33,OFF,35172,0
1790647808.1489856,34,OFF,36172,0
1790647809.1761794,35,OFF,37172,0
1790647810.1753469,36,OFF,38172,0
1790647811.1358273,37,OFF,39172,0
1790647812.1347394,38,OFF,40172,0
1790647813.141689,39,OFF,41172,0
1790647814.1627147,40,OFF,42172,0
1790647815.1303947,41,OFF,43172,0
1790647816.134976,42,OFF,44172,0
1790647817.1336117,43,OFF,45172,0
1790647818.1625192,44,OFF,46172,0
1790647819.1789227,45,OFF,47172,0
1790647820.1348739,46,OFF,48172,0
1790647821.0428858,47,ON,49072,1
1790647824.2149146,0,OFF,2673,1
1790647824.2151196,1,OFF,2674,0
1790647825.2304049,2,OFF,3674,0
1790647826.2455194,3,OFF,4674,0
1790647827.206499,4,OFF,5674,0
1790647828.2009647,5,OFF,6674,0
1790647829.2187445,6,OFF,7674,0
1790647830.241004,7,OFF,8674,0
1790647831.2057724,8,OFF,9674,0
1790647832.201277,9,OFF,10674,0
1790647833.213789,10,OFF,11674,0
1790647834.235523,11,OFF,12674,0
1790647835.2029154,12,OFF,13674,0
1790647836.2038467,13,OFF,14674,0
1790647837.2043645,14,OFF,15674,0
1790647838.2321675,15,OFF,16674,0
1790647839.2122076,16,OFF,17674,0
1790647840.2046587,17,OFF,18674,0
1790647841.2281919,18,OFF,19674,0
1790647842.2285407,19,OFF,20674,0
1790647843.2523484,20,OFF,21674,0
1790647844.2050076,21,OFF,22674,0
1790647845.1985614,22,OFF,23674,0
1790647846.2222679,23,OFF,24674,0
1790647847.2412002,24,OFF,25674,0
1790647848.2025692,25,OFF,26674,0
1790647849.2019253,26,OFF,27674,0
1790647850.212976,27,OFF,28674,0
1790647851.2367744,28,OFF,29674,0
1790647852.2013416,29,OFF,30674,0
1790647853.2027862,30,OFF,31674,0
1790647854.2062263,31,OFF,32674,0
1790647855.2302506,32,OFF,33674,0
1790647856.20462,33,OFF,34674,0
1790647857.210458,34,OFF,35674,0
1790647858.1983883,35,OFF,36674,0
1790647859.2293954,36,OFF,37674,0
1790647860.2447937,37,OFF,38674,0
1790647861.1994593,38,OFF,39674,0
1790647862.206552,39,OFF,40675,0
1790647863.216258,40,OFF,41675,0
1790647864.2462142,41,OFF,42675,0
1790647865.2097046,42,OFF,43675,0
1790647866.205461,43,OFF,44675,0
1790647867.2123365,44,OFF,45675,0
1790647868.2344143,45,OFF,46675,0
1790647869.207774,46,OFF,47675,0
1790647870.1028779,47,ON,48575,1
1790647870.3001907,48,ON,48764,0
1790647871.3286812,49,ON,49798,0
1790647872.3620925,50,ON,50832,0
1790647873.4545221,51,ON,51866,0
1790647874.4305377,52,ON,52900,0
1790647878.4889927,0,OFF,2671,1
1790647878.4891872,1,OFF,2672,0
1790647879.4455612,2,OFF,3672,0
1790647880.445375,3,OFF,4672,0
1790647881.4420018,4,OFF,5672,0
1790647882.4666593,5,OFF,6672,0
1790647883.4429033,6,OFF,7672,0
1790647884.4427133,7,OFF,8672,0
1790647885.4445593,8,OFF,9672,0
1790647886.458821,9,OFF,10672,0
1790647887.4863677,10,OFF,11672,0
1790647888.4429016,11,OFF,12672,0
1790647889.442881,12,OFF,13672,0
1790647890.454757,13,OFF,14672,0
1790647891.4867482,14,OFF,15672,0
1790647892.4470687,15,OFF,16672,0
1790647893.445344,16,OFF,17672,0
1790647894.4507773,17,OFF,18672,0
1790647895.4730864,18,OFF,19672,0
1790647896.446184,19,OFF,20672,0
1790647897.441924,20,OFF,21672,0
1790647898.4468668,21,OFF,22672,0
1790647899.4822414,22,OFF,23672,0
1790647900.4868915,23,OFF,24672,0
1790647901.4453337,24,OFF,25672,0
1790647902.4428318,25,OFF,26672,0
1790647903.4621055,26,OFF,27672,0
1790647938.9175649,12,OFF,14173,1
1790647939.918761,13,OFF,15173,0
1790647941.9662166,15,OFF,17174,0
1790647942.9200363,16,OFF,18174,0
1790647943.918759,17,OFF,19174,0
1790647944.9347653,18,OFF,20174,0
1790647945.9627428,19,OFF,21174,0
1790647946.9218435,20,OFF,22174,0
1790647947.9215937,21,OFF,23174,0
1790647948.932741,22,OFF,24174,0
1790647949.954891,23,OFF,25174,0
1790647950.918758,24,OFF,26174,0
1790647951.920015,25,OFF,27174,0
1790647952.9227333,26,OFF,28174,0
1790647953.946732,27,OFF,29174,0
1790647954.9181416,28,OFF,30174,0
1790647955.9203033,29,OFF,31174,0
1790647956.9188693,30,OFF,32174,0
1790647957.9402761,31,OFF,33174,0
1790647958.9666817,32,OFF,34174,0
1790647959.9144838,33,OFF,35174,0
1790647960.9215097,34,OFF,36174,0
1790647961.9320693,35,OFF,37174,0
1790647962.9563239,36,OFF,38174,0
1790647963.9268732,37,OFF,39174,0
1790647964.9206393,38,OFF,40174,0
1790647965.9264479,39,OFF,41174,0
1790647966.953247,40,OFF,42174,0
1790647967.917253,41,OFF,43174,0
1790647968.9174242,42,OFF,44174,0
1790647969.9242399,43,OFF,45174,0
1790647970.9465077,44,OFF,46174,0
1790647971.9627638,45,OFF,47174,0
1790647972.9164462,46,OFF,48174,0
1790647973.8204284,47,ON,49075,1
1790647974.0138729,48,ON,49264,0
1790647975.0452137,49,ON,50298,0
1790647976.078106,50,ON,51332,0
1790647977.1126947,51,ON,52366,0
1790647978.1508586,52,ON,53400,0
1790647979.1772466,53,ON,54434,0
1790647980.2606075,54,ON,55468,0
1790647984.5924828,0,OFF,2670,1
1790647984.5926864,1,OFF,2671,0
1790647985.2307315,2,OFF,3671,0
1790647986.2283351,3,OFF,4672,0
1790647987.228333,4,OFF,5672,0
1790647988.2537456,5,OFF,6672,0
1790647989.2763455,6,OFF,7672,0
1790647990.2309148,7,OFF,8672,0
1790647991.2304983,8,OFF,9672,0
1790647992.244352,9,OFF,10672,0
1790647993.2685702,10,OFF,11672,0
1790647994.228732,11,OFF,12672,0
1790647995.2295034,12,OFF,13672,0
1790647996.2388895,13,OFF,14672,0
1790647997.260296,14,OFF,15672,0
1790647998.232379,15,OFF,16672,0
1790647999.2324932,16,OFF,17672,0
1790648000.2349033,17,OFF,18672,0
1790648001.2571964,18,OFF,19672,0
1790648002.2289307,19,OFF,20672,0
1790648003.232115,20,OFF,21672,0
1790648004.2308867,21,OFF,22672,0
1790648005.2484488,22,OFF,23672,0
1790648006.2744162,23,OFF,24672,0
1790648007.2298412,24,OFF,25672,0
1790648008.2294586,25,OFF,26672,0
1790648009.2449431,26,OFF,27672,0
1790648010.2668605,27,OFF,28672,0
1790648011.2344294,28,OFF,29672,0
1790648012.2346284,29,OFF,30672,0
1790648013.2376876,30,OFF,31672,0
1790648014.2587612,31,OFF,32672,0
1790648015.226894,32,OFF,33672,0
1790648016.228351,33,OFF,34672,0
1790648017.2321515,34,OFF,35672,0
1790648018.2545595,35,OFF,36672,0
1790648019.2748525,36,OFF,37672,0
1790648020.2294366,37,OFF,38672,0
1790648021.2302332,38,OFF,39672,0
1790648022.2560422,39,OFF,40672,0
1790648023.2743824,40,OFF,41672,0
1790648024.2267447,41,OFF,42672,0
1790648025.2298632,42,OFF,43672,0
1790648026.2428935,43,OFF,44672,0
1790648027.2644887,44,OFF,45672,0
1790648028.2309012,45,OFF,46672,0
1790648029.2299175,46,OFF,47672,0
1790648030.1308813,47,ON,48572,1
1790648034.672075,0,OFF,3171,1
1790648034.841768,1,OFF,3172,0
1790648034.8418233,2,OFF,4172,0
1790648035.7987602,3,OFF,5172,0
1790648036.7964969,4,OFF,6172,0
1790648037.813853,5,OFF,7172,0
1790648038.836966,6,OFF,8172,0
1790648039.7988117,7,OFF,9172,0
1790648040.7986445,8,OFF,10172,0
1790648041.8049557,9,OFF,11172,0
1790648042.8302946,10,OFF,12173,0
1790648043.8010616,11,OFF,13173,0
1790648044.800593,12,OFF,14173,0
1790648045.8020737,13,OFF,15173,0
1790648046.824592,14,OFF,16173,0
1790648047.8487854,15,OFF,17173,0
1790648048.800003,16,OFF,18173,0
1790648049.8001685,17,OFF,19173,0
1790648050.8141956,18,OFF,20173,0
1790648051.8420177,19,OFF,21173,0
1790648052.799786,20,OFF,22173,0
1790648053.8016205,21,OFF,23173,0
1790648054.8095055,22,OFF,24173,0
1790648055.8372452,23,OFF,25173,0
1790648056.798278,24,OFF,26173,0
1790648057.80228,25,OFF,27173,0
1790648058.8090372,26,OFF,28173,0
1790648059.8294265,27,OFF,29173,0
1790648060.8056672,28,OFF,30173,0
1790648061.8020096,29,OFF,31174,0
1790648062.8040607,30,OFF,32174,0
1790648063.8221505,31,OFF,33174,0
1790648064.8450737,32,OFF,34174,0
1790648065.8050008,33,OFF,35174,0
1790648066.7985308,34,OFF,36174,0
1790648067.8126311,35,OFF,37174,0
1790648068.8429475,36,OFF,38174,0
1790648069.8019412,37,OFF,39174,0
1790648070.8019443,38,OFF,40174,0
1790648071.810699,39,OFF,41174,0
1790648072.8417807,40,OFF,42174,0
1790648073.8028967,41,OFF,43174,0
1790648074.8022141,42,OFF,44174,0
1790648075.8012013,43,OFF,45174,0
1790648076.8265467,44,OFF,46174,0
1790648077.8530738,45,OFF,47174,0
1790648078.8025212,46,OFF,48174,0
1790648079.702562,47,ON,49074,1
1790648082.8902555,0,OFF,2671,1
1790648083.3971193,1,OFF,2672,0
1790648083.8948886,2,OFF,3672,0
1790648084.9146857,3,OFF,4672,0
1790648085.8689852,4,OFF,5672,0
1790648086.8680875,5,OFF,6672,0
1790648087.8930519,6,OFF,7672,0
1790648088.9123769,7,OFF,8672,0
1790648089.8759978,8,OFF,9672,0
1790648090.8708909,9,OFF,10672,0
1790648091.8805575,10,OFF,11672,0
1790648092.9027696,11,OFF,12672,0
1790648093.8724878,12,OFF,13672,0
1790648094.8719592,13,OFF,14672,0
1790648095.874716,14,OFF,15672,0
1790648096.898751,15,OFF,16672,0
1790648097.8675954,16,OFF,17672,0
1790648098.8823097,17,OFF,18672,0
1790648099.8725555,18,OFF,19672,0
1790648100.8935666,19,OFF,20672,0
1790648101.9129155,20,OFF,21672,0
1790648102.8708925,21,OFF,22672,0
1790648103.8709028,22,OFF,23672,0
1790648104.8863595,23,OFF,24672,0
1790648105.9108996,24,OFF,25672,0
1790648106.8730192,25,OFF,26672,0
1790648107.8743222,26,OFF,27673,0
1790648108.8782074,27,OFF,28673,0
1790648109.9047318,28,OFF,29673,0
1790648110.8708386,29,OFF,30673,0
1790648111.8708704,30,OFF,31673,0
1790648112.870096,31,OFF,32673,0
1790648113.8969498,32,OFF,33673,0
1790648114.920707,33,OFF,34673,0
1790648115.8698776,34,OFF,35673,0
1790648116.8749075,35,OFF,36673,0
1790648117.8907006,36,OFF,37673,0
1790648118.9228683,37,OFF,38673,0
1790648119.8725324,38,OFF,39673,0
1790648120.8740869,39,OFF,40673,0
1790648121.8828995,40,OFF,41673,0
1790648122.9061196,41,OFF,42673,0
1790648123.87467,42,OFF,43673,0
1790648124.8739312,43,OFF,44673,0
1790648125.8779368,44,OFF,45673,0
1790648126.9028935,45,OFF,46673,0
1790648127.8737395,46,OFF,47673,0
1790648128.7725518,47,ON,48573,1
1790648128.9621816,48,ON,48762,0
1790648132.9889855,0,OFF,2671,1
1790648133.4987433,1,OFF,2672,0
1790648133.9777675,2,OFF,3672,0
1790648134.9907684,3,OFF,4672,0
1790648136.018576,4,OFF,5672,0
1790648136.9776294,5,OFF,6672,0
1790648137.973041,6,OFF,7672,0
1790648138.9868364,7,OFF,8672,0
1790648140.0108871,8,OFF,9672,0
1790648140.9773397,9,OFF,10672,0
1790648141.977478,10,OFF,11672,0
1790648142.978893,11,OFF,12672,0
1790648144.0053685,12,OFF,13672,0
1790648144.974138,13,OFF,14672,0
1790648145.9770834,14,OFF,15672,0
1790648146.9776146,15,OFF,16672,0
1790648147.9948893,16,OFF,17672,0
1790648149.0249262,17,OFF,18672,0
1790648149.9773355,18,OFF,19672,0
1790648150.97376,19,OFF,20672,0
1790648151.9921913,20,OFF,21672,0
1790648153.0165615,21,OFF,22672,0
1790648153.9751544,22,OFF,23672,0
1790648154.9805717,23,OFF,24672,0
1790648155.9844043,24,OFF,25672,0
1790648157.0099552,25,OFF,26672,0
1790648157.9752693,26,OFF,27672,0
1790648158.9746614,27,OFF,28673,0
1790648159.976331,28,OFF,29673,0
1790648161.0029278,29,OFF,30673,0
1790648161.9770062,30,OFF,31673,0
1790648162.9780664,31,OFF,32673,0
1790648163.978915,32,OFF,33673,0
1790648164.9988897,33,OFF,34673,0
1790648166.0229042,34,OFF,35673,0
1790648166.9811683,35,OFF,36673,0
1790648167.9772627,36,OFF,37673,0
1790648169.0011094,37,OFF,38673,0
1790648170.0167909,38,OFF,39673,0
1790648170.9789047,39,OFF,40673,0
1790648209.8693058,29,OFF,30673,1
1790648210.871601,30,OFF,31673,0
1790648211.9027708,31,OFF,32673,0
1790648212.868751,32,OFF,33673,0
1790648213.868378,33,OFF,34673,0
1790648214.8649514,34,OFF,35673,0
1790648215.891562,35,OFF,36673,0
1790648216.9098303,36,OFF,37673,0
1790648217.8709197,37,OFF,38673,0
1790648218.867965,38,OFF,39673,0
1790648219.8847208,39,OFF,40673,0
1790648220.9069133,40,OFF,41673,0
1790648221.868907,41,OFF,42673,0
1790648222.8701103,42,OFF,43673,0
1790648223.8788545,43,OFF,44673,0
1790648224.9006672,44,OFF,45673,0
1790648225.8688402,45,OFF,46673,0
1790648226.8727732,46,OFF,47673,0
1790648227.7666466,47,ON,48573,1
1790648230.9661217,0,OFF,2671,1
1790648230.9663212,1,OFF,2672,0
1790648231.9691927,2,OFF,3672,0
1790648232.9973068,3,OFF,4673,0
1790648233.9463875,4,OFF,5673,0
1790648234.9467466,5,OFF,6673,0
1790648235.9642131,6,OFF,7673,0
1790648236.9868875,7,OFF,8673,0
1790648237.9449058,8,OFF,9673,0
1790648238.946893,9,OFF,10673,0
1790648239.9548767,10,OFF,11673,0
1790648240.97826,11,OFF,12673,0
1790648241.9487846,12,OFF,13673,0
1790648242.9492683,13,OFF,14673,0
1790648243.9445238,14,OFF,15673,0
1790648244.9707124,15,OFF,16673,0
1790648245.946889,16,OFF,17673,0
1790648246.946886,17,OFF,18673,0
1790648247.9468918,18,OFF,19673,0
1790648249.004305,19,OFF,20673,0
1790648249.990136,20,OFF,21673,0
1790648250.9431667,21,OFF,22673,0
1790648251.9694664,22,OFF,23674,0
1790648252.9605846,23,OFF,24674,0
1790648253.986158,24,OFF,25674,0
1790648254.956983,25,OFF,26674,0
1790648255.948501,26,OFF,27674,0
1790648256.955927,27,OFF,28674,0
1790648257.9758773,28,OFF,29674,0
1790648258.9481215,29,OFF,30674,0
1790648259.946857,30,OFF,31674,0
1790648260.9480026,31,OFF,32674,0
1790648261.970791,32,OFF,33674,0
1790648262.9965248,33,OFF,34674,0
1790648263.948518,34,OFF,35674,0
1790648264.9485736,35,OFF,36674,0
1790648265.9658372,36,OFF,37674,0
1790648266.9888349,37,OFF,38674,0
1790648267.946574,38,OFF,39674,0
1790648268.9457693,39,OFF,40674,0
1790648269.966863,40,OFF,41674,0
1790648270.9840062,41,OFF,42674,0
1790648271.9508917,42,OFF,43674,0
1790648272.9505796,43,OFF,44674,0
1790648273.950762,44,OFF,45674,0
1790648274.9747689,45,OFF,46674,0
1790648275.9947486,46,OFF,47674,0
1790648276.8463826,47,ON,48574,1
1790648279.8948157,0,OFF,2671,1
1790648280.4021246,1,OFF,2672,0
1790648280.9166179,2,OFF,3672,0
1790648281.8725226,3,OFF,4672,0
1790648282.8708644,4,OFF,5672,0
1790648283.8846548,5,OFF,6672,0
1790648284.912498,6,OFF,7672,0
1790648285.8731084,7,OFF,8672,0
1790648286.8700242,8,OFF,9672,0
1790648287.8785253,9,OFF,10672,0
1790648288.904657,10,OFF,11672,0
1790648289.8723822,11,OFF,12672,0
1790648290.8744254,12,OFF,13672,0
1790648291.8730974,13,OFF,14672,0
1790648292.8961792,14,OFF,15672,0
1790648293.915928,15,OFF,16672,0
1790648294.8735645,16,OFF,17672,0
1790648295.8729625,17,OFF,18672,0
1790648296.8886251,18,OFF,19672,0
1790648297.9210913,19,OFF,20672,0
1790648298.8717744,20,OFF,21672,0
1790648299.873173,21,OFF,22672,0
1790648300.8764708,22,OFF,23672,0
1790648301.905899,23,OFF,24672,0
1790648302.870856,24,OFF,25672,0
1790648303.8805304,25,OFF,26672,0
1790648304.8771553,26,OFF,27672,0
1790648305.9020414,27,OFF,28672,0
1790648306.8739955,28,OFF,29672,0
1790648307.8705497,29,OFF,30672,0
1790648308.8726983,30,OFF,31672,0
1790648309.8948936,31,OFF,32672,0
1790648310.91889,32,OFF,33672,0
1790648311.8740313,33,OFF,34672,0
1790648312.8733823,34,OFF,35672,0
1790648313.892227,35,OFF,36672,0
1790648314.910734,36,OFF,37672,0
1790648315.8712058,37,OFF,38672,0
1790648316.874487,38,OFF,39672,0
1790648317.8858006,39,OFF,40672,0
1790648318.9053123,40,OFF,41672,0
1790648319.8748605,41,OFF,42672,0
1790648320.874504,42,OFF,43672,0
1790648321.8713057,43,OFF,44672,0
1790648322.9002533,44,OFF,45673,0
1790648323.8721688,45,OFF,46673,0
1790648324.8790603,46,OFF,47673,0
1790648325.7761984,47,ON,48573,1
1790648339.3062088,0,OFF,12671,1
1790648339.8169749,1,OFF,12672,0
1790648339.940235,2,OFF,13672,0
1790648340.9442694,3,OFF,14672,0
1790648341.9428332,4,OFF,15672,0
1790648342.9722052,5,OFF,16672,0
1790648343.9420607,6,OFF,17672,0
1790648344.9454484,7,OFF,18672,0
1790648345.942861,8,OFF,19672,0
1790648346.9682899,9,OFF,20672,0
1790648347.9908469,10,OFF,21673,0
1790648348.9428475,11,OFF,22673,0
1790648349.944159,12,OFF,23673,0
1790648350.9589953,13,OFF,24673,0
1790648351.9805188,14,OFF,25673,0
1790648352.9422586,15,OFF,26673,0
1790648353.9428787,16,OFF,27673,0
1790648354.9507234,17,OFF,28673,0
1790648355.976739,18,OFF,29673,0
1790648356.9428818,19,OFF,30673,0
1790648357.9445457,20,OFF,31673,0
1790648358.9428728,21,OFF,32673,0
1790648359.9789178,22,OFF,33673,0
1790648360.9428635,23,OFF,34673,0
1790648361.9461346,24,OFF,35673,0
1790648362.9445705,25,OFF,36673,0
1790648363.9639359,26,OFF,37673,0
1790648364.990943,27,OFF,38673,0
1790648365.946858,28,OFF,39673,0
1790648366.9508293,29,OFF,40674,0
1790648367.9567173,30,OFF,41674,0
1790648368.9809158,31,OFF,42674,0
1790648369.9449732,32,OFF,43674,0
1790648370.9522352,33,OFF,44674,0
1790648371.9468815,34,OFF,45674,0
1790648372.973055,35,OFF,46674,0
1790648373.9424975,36,OFF,47674,0
1790648374.9433594,37,OFF,48674,0
1790648375.9461982,38,OFF,49674,0
1790648376.9857292,39,OFF,50674,0
1790648377.988553,40,OFF,51674,0
1790648378.9435744,41,OFF,52674,0
1790648379.9469028,42,OFF,53674,0
1790648380.9685876,43,OFF,54674,0
1790648381.9856837,44,OFF,55674,0
1790648382.9481795,45,OFF,56674,0
1790648383.9468591,46,OFF,57674,0
1790648384.8519654,47,ON,58574,1
1790648389.3754041,0,OFF,3672,1
1790648389.3755383,1,OFF,3673,0
1790648390.0231204,2,OFF,4673,0
1790648391.0279882,3,OFF,5673,0
1790648392.0218337,4,OFF,6673,0
1790648393.041276,5,OFF,7673,0
1790648394.0651226,6,OFF,8673,0
1790648395.0220413,7,OFF,9673,0
1790648396.0227664,8,OFF,10674,0
1790648397.038654,9,OFF,11674,0
1790648398.0642052,10,OFF,12674,0
1790648399.022864,11,OFF,13674,0
1790648400.0261984,12,OFF,14674,0
1790648401.0324142,13,OFF,15674,0
1790648402.0573578,14,OFF,16674,0
1790648403.0229132,15,OFF,17674,0
1790648404.0229115,16,OFF,18674,0
1790648405.0260696,17,OFF,19674,0
1790648406.0499032,18,OFF,20674,0
1790648407.0701737,19,OFF,21674,0
1790648408.0244367,20,OFF,22674,0
1790648409.0269318,21,OFF,23674,0
1790648410.0445197,22,OFF,24674,0
1790648411.0656245,23,OFF,25674,0
1790648412.0239823,24,OFF,26674,0
1790648413.0338657,25,OFF,27674,0
1790648414.0376968,26,OFF,28674,0
1790648415.0628245,27,OFF,29674,0
1790648416.0239074,28,OFF,30674,0
1790648417.0238569,29,OFF,31674,0
1790648418.0304258,30,OFF,32674,0
1790648419.05735,31,OFF,33674,0
1790648420.0228937,32,OFF,34674,0
1790648421.024469,33,OFF,35674,0
1790648422.022892,34,OFF,36674,0
1790648423.05337,35,OFF,37674,0
1790648424.0688422,36,OFF,38674,0
1790648425.0253832,37,OFF,39674,0
1790648426.02418,38,OFF,40674,0
1790648427.0448549,39,OFF,41674,0
1790648428.0730891,40,OFF,42675,0
1790648429.0268657,41,OFF,43675,0
1790648430.0298107,42,OFF,44675,0
1790648431.03711,43,OFF,45675,0
1790648432.0648396,44,OFF,46675,0
1790648433.0255315,45,OFF,47675,0
1790648434.0229328,46,OFF,48675,0
1790648479.9086988,33,OFF,44673,1
1790648480.91076,34,OFF,45673,0
1790648481.9442213,35,OFF,46673,0
1790648482.9046435,36,OFF,47673,0
1790648483.9056146,37,OFF,48673,0
1790648484.9041007,38,OFF,49673,0
1790648511.3217626,0,OFF,3171,0
1790648511.3219037,1,OFF,3172,0
1790648512.3467574,2,OFF,4172,0
1790648513.3146627,3,OFF,5172,0
1790648514.31874,4,OFF,6172,0
1790648515.3177204,5,OFF,7172,0
1790648516.3500407,6,OFF,8172,0
1790648517.364936,7,OFF,9172,0
1790648518.3267746,8,OFF,10172,0
1790648519.3149407,9,OFF,11172,0
1790648520.3326256,10,OFF,12172,0
1790648521.3574667,11,OFF,13173,0
1790648522.3166955,12,OFF,14173,0
1790648523.3218048,13,OFF,15173,0
1790648524.3264446,14,OFF,16173,0
1790648525.3490188,15,OFF,17173,0
1790648526.3224013,16,OFF,18173,0
1790648527.3171005,17,OFF,19173,0
1790648528.318862,18,OFF,20173,0
1790648529.3440404,19,OFF,21173,0
1790648530.3182724,20,OFF,22173,0
1790648531.3259876,21,OFF,23173,0
1790648532.3185616,22,OFF,24173,0
1790648533.3348582,23,OFF,25173,0
1790648534.3641474,24,OFF,26173,0
1790648535.3133893,25,OFF,27173,0
1790648536.3187766,26,OFF,28173,0
1790648537.331892,27,OFF,29173,0
1790648538.3549228,28,OFF,30173,0
1790648539.3189063,29,OFF,31173,0
1790648540.3188126,30,OFF,32173,0
1790648541.3304627,31,OFF,33173,0
1790648542.3463147,32,OFF,34173,0
1790648543.3202758,33,OFF,35173,0
1790648544.3189094,34,OFF,36173,0
1790648545.319987,35,OFF,37173,0
1790648546.3586576,36,OFF,38173,0
1790648547.3614955,37,OFF,39173,0
1790648548.3251584,38,OFF,40173,0
1790648549.318902,39,OFF,41173,0
1790648550.3321426,40,OFF,42173,0
1790648551.3568282,41,OFF,43173,0
1790648552.318893,42,OFF,44173,0
1790648553.320557,43,OFF,45174,0
1790648554.3300817,44,OFF,46174,0
1790648555.3517973,45,OFF,47174,0
1790648556.3206315,46,OFF,48174,0
1790648557.225059,47,ON,49074,1
1790648557.4075909,48,ON,49263,0
1790648558.444691,49,ON,50297,0
1790648559.4810717,50,ON,51331,0
1790648560.5181882,51,ON,52365,0
1790648561.5452194,52,ON,53399,0
1790648566.9561396,0,OFF,3672,1
1790648567.4573755,1,OFF,3673,0
1790648567.9498599,2,OFF,4673,0
1790648568.9732227,3,OFF,5673,0
1790648569.992308,4,OFF,6673,0
1790648570.9502027,5,OFF,7673,0
1790648571.944986,6,OFF,8673,0
1790648572.9668489,7,OFF,9673,0
1790648573.9913585,8,OFF,10673,0
1790648574.95075,9,OFF,11673,0
1790648575.9490435,10,OFF,12673,0
1790648576.9587572,11,OFF,13673,0
1790648577.9850328,12,OFF,14673,0
1790648578.9495585,13,OFF,15673,0
1790648579.948809,14,OFF,16673,0
1790648580.959036,15,OFF,17673,0
1790648581.9775,16,OFF,18673,0
1790648582.950892,17,OFF,19673,0
1790648583.950883,18,OFF,20673,0
1790648584.9522724,19,OFF,21673,0
1790648585.973191,20,OFF,22673,0
1790648586.998876,21,OFF,23673,0
1790648587.9501963,22,OFF,24673,0
1790648588.9523454,23,OFF,25673,0
1790648589.9748678,24,OFF,26673,0
1790648590.9870446,25,OFF,27673,0
1790648591.9519937,26,OFF,28673,0
1790648592.950571,27,OFF,29673,0
1790648593.9770207,28,OFF,30673,0
1790648594.9781451,29,OFF,31673,0
1790648595.9547508,30,OFF,32673,0
1790648596.9495347,31,OFF,33673,0
1790648597.949995,32,OFF,34673,0
1790648598.977008,33,OFF,35673,0
1790648599.9499288,34,OFF,36673,0
1790648600.9508493,35,OFF,37673,0
1790648601.953078,36,OFF,38673,0
1790648602.9707472,37,OFF,39673,0
1790648603.9988587,38,OFF,40673,0
1790648604.946761,39,OFF,41673,0
1790648605.94807,40,OFF,42673,0
1790648606.9779153,41,OFF,43673,0
1790648607.9951293,42,OFF,44673,0
1790648608.9524035,43,OFF,45673,0
1790648609.9508855,44,OFF,46673,0
1790648610.9603193,45,OFF,47673,0
1790648611.9955873,46,OFF,48674,0
1790648612.854344,47,ON,49574,1
1790648613.0426574,48,ON,49763,0
1790648618.4337957,0,OFF,3171,1
1790648618.4353392,1,OFF,3172,0
1790648618.4354074,2,OFF,4172,0
1790648618.5604465,3,OFF,5172,0
1790648619.565718,4,OFF,6172,0
1790648620.5810583,5,OFF,7172,0
1790648621.6095114,6,OFF,8172,0
1790648622.5623322,7,OFF,9172,0
1790648623.5631819,8,OFF,10172,0
1790648624.5829134,9,OFF,11172,0
1790648625.6038742,10,OFF,12172,0
1790648626.5657697,11,OFF,13172,0
1790648627.5627856,12,OFF,14172,0
1790648628.56995,13,OFF,15172,0
1790648629.6087596,14,OFF,16172,0
1790648630.5629334,15,OFF,17172,0
1790648631.5726974,16,OFF,18172,0
1790648632.5628877,17,OFF,19172,0
1790648633.5907965,18,OFF,20172,0
1790648634.560851,19,OFF,21172,0
1790648635.5629215,20,OFF,22172,0
1790648636.565348,21,OFF,23172,0
1790648637.5867512,22,OFF,24172,0
1790648638.614415,23,OFF,25172,0
1790648639.5679793,24,OFF,26172,0
1790648640.5674665,25,OFF,27172,0
1790648641.5772936,26,OFF,28172,0
1790648642.613191,27,OFF,29172,0
1790648643.5661056,28,OFF,30172,0
1790648644.5668867,29,OFF,31172,0
1790648645.5692718,30,OFF,32172,0
1790648646.594289,31,OFF,33172,0
1790648647.5656774,32,OFF,34172,0
1790648648.5638988,33,OFF,35172,0
1790648649.563931,34,OFF,36172,0
1790648650.5884392,35,OFF,37172,0
1790648651.6068764,36,OFF,38172,0
1790648652.566338,37,OFF,39172,0
1790648653.563112,38,OFF,40172,0
1790648654.5858285,39,OFF,41172,0
1790648655.6039963,40,OFF,42172,0
1790648656.5662973,41,OFF,43172,0
1790648657.562787,42,OFF,44172,0
1790648658.5783098,43,OFF,45172,0
1790648659.5989046,44,OFF,46172,0
1790648660.5657957,45,OFF,47172,0
1790648661.5645108,46,OFF,48173,0
1790648662.463933,47,ON,49073,1
1790648666.1562262,0,OFF,3173,1
1790648666.1564496,1,OFF,3174,0
1790648667.1776443,2,OFF,4174,0
1790648668.1386983,3,OFF,5174,0
1790648669.1349125,4,OFF,6174,0
1790648670.1469042,5,OFF,7174,0
1790648671.1769328,6,OFF,8174,0
1790648672.1361504,7,OFF,9174,0
1790648673.1365347,8,OFF,10174,0
1790648674.1399143,9,OFF,11174,0
1790648675.158312,10,OFF,12174,0
1790648676.1846845,11,OFF,13174,0
1790648677.1388583,12,OFF,14174,0
1790648678.1367993,13,OFF,15174,0
1790648679.1587646,14,OFF,16174,0
1790648680.1815674,15,OFF,17174,0
1790648681.13491,16,OFF,18174,0
1790648682.1301873,17,OFF,19174,0
1790648683.1511064,18,OFF,20174,0
1790648684.1775892,19,OFF,21174,0
1790648685.140755,20,OFF,22174,0
1790648686.1389108,21,OFF,23174,0
1790648687.1457608,22,OFF,24174,0
1790648688.1742463,23,OFF,25174,0
1790648689.1325946,24,OFF,26174,0
1790648690.13635,25,OFF,27174,0
1790648691.1416197,26,OFF,28174,0
1790648692.162908,27,OFF,29174,0
1790648693.135873,28,OFF,30174,0
1790648694.1359468,29,OFF,31174,0
1790648695.1383078,30,OFF,32174,0
1790648696.1582341,31,OFF,33174,0
1790648697.1801643,32,OFF,34174,0
1790648698.1387672,33,OFF,35174,0
1790648699.130782,34,OFF,36174,0
1790648700.1509228,35,OFF,37174,0
1790648701.1981392,36,OFF,38174,0
1790648702.1382136,37,OFF,39174,0
1790648703.1350245,38,OFF,40174,0
1790648704.1761315,39,OFF,41174,0
1790648705.1667519,40,OFF,42174,0
1790648706.133832,41,OFF,43174,0
1790648707.1374743,42,OFF,44174,0
1790648708.1374006,43,OFF,45174,0
1790648709.1646848,44,OFF,46174,0
1790648710.1782744,45,OFF,47174,0
1790648711.137262,46,OFF,48174,0
1790648712.0345535,47,ON,49074,1
1790648715.421438,0,OFF,2672,1
1790648715.4216537,1,OFF,2673,0
1790648751.0610938,37,OFF,38674,1
1790648752.0707793,38,OFF,39674,0
1790648753.0897412,39,OFF,40674,0
1790648754.0598876,40,OFF,41674,0
1790648755.0660079,41,OFF,42675,0
1790648756.0627716,42,OFF,43675,0
1790648757.0896373,43,OFF,44675,0
1790648758.1095722,44,OFF,45675,0
1790648759.0696685,45,OFF,46675,0
1790648760.0649621,46,OFF,47675,0
1790648760.9749331,47,ON,48575,1
1790648764.1645174,0,OFF,2672,1
1790648764.164902,1,OFF,2673,0
1790648765.1805115,2,OFF,3673,0
1790648766.1334703,3,OFF,4673,0
1790648767.1337774,4,OFF,5673,0
1790648768.146284,5,OFF,6673,0
1790648769.1718593,6,OFF,7673,0
1790648770.1348987,7,OFF,8673,0
1790648771.132766,8,OFF,9673,0
1790648772.1375594,9,OFF,10673,0
1790648773.162423,10,OFF,11673,0
1790648774.1333995,11,OFF,12673,0
1790648775.1338713,12,OFF,13673,0
1790648776.1307652,13,OFF,14673,0
1790648777.1594248,14,OFF,15673,0
1790648778.1787722,15,OFF,16673,0
1790648779.1307821,16,OFF,17673,0
1790648780.136598,17,OFF,18674,0
1790648781.1457777,18,OFF,19674,0
1790648782.1755528,19,OFF,20674,0
1790648783.133816,20,OFF,21674,0
1790648784.132028,21,OFF,22674,0
1790648785.1453354,22,OFF,23674,0
1790648786.1737635,23,OFF,24674,0
1790648787.1323044,24,OFF,25674,0
1790648788.137298,25,OFF,26674,0
1790648789.1371267,26,OFF,27674,0
1790648790.164034,27,OFF,28674,0
1790648791.1345708,28,OFF,29674,0
1790648792.1338267,29,OFF,30674,0
1790648793.1390164,30,OFF,31674,0
1790648794.1540518,31,OFF,32674,0
1790648795.182253,32,OFF,33674,0
1790648796.1382496,33,OFF,34674,0
1790648797.133629,34,OFF,35674,0
1790648798.1507335,35,OFF,36674,0
1790648799.1747475,36,OFF,37674,0
1790648800.1345215,37,OFF,38674,0
1790648801.1349201,38,OFF,39674,0
1790648802.1457052,39,OFF,40674,0
1790648803.1681345,40,OFF,41674,0
1790648804.132811,41,OFF,42674,0
1790648805.1315138,42,OFF,43674,0
1790648806.1371074,43,OFF,44674,0
1790648807.1604104,44,OFF,45674,0
1790648808.190458,45,OFF,46674,0
1790648809.1349614,46,OFF,47674,0
1790648810.0348747,47,ON,48574,1
1790648813.4201941,0,OFF,2671,1
1790648813.4203246,1,OFF,2672,0
1790648814.064635,2,OFF,3672,0
1790648815.061525,3,OFF,4672,0
1790648816.0693781,4,OFF,5672,0
1790648817.108538,5,OFF,6672,0
1790648818.0587573,6,OFF,7672,0
1790648819.060704,7,OFF,8672,0
1790648820.0607932,8,OFF,9672,0
1790648821.0881279,9,OFF,10672,0
1790648822.0589244,10,OFF,11672,0
1790648823.0588715,11,OFF,12672,0
1790648824.070764,12,OFF,13672,0
1790648825.0906901,13,OFF,14672,0
1790648826.1047335,14,OFF,15673,0
1790648827.0649285,15,OFF,16673,0
1790648828.0588923,16,OFF,17673,0
1790648829.0733843,17,OFF,18673,0
1790648830.098883,18,OFF,19673,0
1790648831.0625274,19,OFF,20673,0
1790648832.0601878,20,OFF,21673,0
1790648833.0670598,21,OFF,22673,0
1790648834.098871,22,OFF,23673,0
1790648835.062067,23,OFF,24673,0
1790648836.0567558,24,OFF,25673,0
1790648837.0587728,25,OFF,26673,0
1790648838.0867653,26,OFF,27673,0
1790648839.1055174,27,OFF,28673,0
1790648840.0637236,28,OFF,29673,0
1790648841.072699,29,OFF,30673,0
1790648842.0824234,30,OFF,31673,0
1790648843.1028798,31,OFF,32673,0
1790648844.0617123,32,OFF,33673,0
1790648845.0623715,33,OFF,34674,0
1790648846.0777674,34,OFF,35674,0
1790648847.100599,35,OFF,36674,0
1790648848.0646143,36,OFF,37674,0
1790648849.0593302,37,OFF,38674,0
1790648850.066995,38,OFF,39674,0
1790648851.093656,39,OFF,40674,0
1790648852.0592136,40,OFF,41674,0
1790648853.0628433,41,OFF,42674,0
1790648854.0625434,42,OFF,43674,0
1790648855.094938,43,OFF,44674,0
1790648856.113585,44,OFF,45674,0
1790648857.0735106,45,OFF,46674,0
1790648858.0629857,46,OFF,47674,0
1790648862.9788907,0,OFF,3671,0
1790648862.9790518,1,OFF,3672,0
1790648864.0068734,2,OFF,4673,0
1790648864.9488924,3,OFF,5673,0
1790648865.9528103,4,OFF,6673,0
1790648866.95996,5,OFF,7673,0
1790648867.9965696,6,OFF,8673,0
1790648868.9500642,7,OFF,9673,0
1790648869.9497118,8,OFF,10673,0
1790648870.954879,9,OFF,11673,0
1790648871.9849782,10,OFF,12673,0
1790648872.9495795,11,OFF,13673,0
1790648873.9520226,12,OFF,14673,0
1790648874.9526758,13,OFF,15673,0
1790648875.9816496,14,OFF,16673,0
1790648876.9485798,15,OFF,17673,0
1790648877.9587657,16,OFF,18673,0
1790648878.9495733,17,OFF,19673,0
1790648879.97258,18,OFF,20673,0
1790648881.0008333,19,OFF,21673,0
1790648881.958669,20,OFF,22673,0
1790648882.9572592,21,OFF,23674,0
1790648883.961918,22,OFF,24674,0
1790648884.9893548,23,OFF,25674,0
1790648885.9508839,24,OFF,26674,0
1790648886.9542599,25,OFF,27674,0
1790648887.9564688,26,OFF,28674,0
1790648888.982178,27,OFF,29674,0
1790648889.9508476,28,OFF,30674,0
1790648890.9488513,29,OFF,31674,0
1790648891.950871,30,OFF,32674,0
1790648892.9965444,31,OFF,33674,0
1790648893.9977045,32,OFF,34674,0
1790648894.9491022,33,OFF,35674,0
1790648895.951064,34,OFF,36674,0
1790648896.9667845,35,OFF,37674,0
1790648897.994772,36,OFF,38674,0
1790648898.9518175,37,OFF,39674,0
1790648899.9488618,38,OFF,40674,0
1790648900.9667542,39,OFF,41674,0
1790648901.9869165,40,OFF,42675,0
1790648902.9541812,41,OFF,43675,0
1790648903.9505367,42,OFF,44675,0
1790648904.95715,43,OFF,45675,0
1790648905.9810905,44,OFF,46675,0
1790648906.998874,45,OFF,47675,0
1790648907.9508853,46,OFF,48675,0
1790648908.8539052,47,ON,49575,1
1790648912.0262432,0,OFF,2672,1
1790648912.026388,1,OFF,2673,0
1790648913.0468655,2,OFF,3673,0
1790648914.0628982,3,OFF,4673,0
1790648915.0208864,4,OFF,5673,0
1790648916.0268714,5,OFF,6673,0
1790648917.0427501,6,OFF,7673,0
1790648918.0612268,7,OFF,8674,0
1790648919.0254202,8,OFF,9674,0
1790648920.024075,9,OFF,10674,0
1790648921.034777,10,OFF,11674,0
1790648922.0545428,11,OFF,12674,0
1790648923.022858,12,OFF,13674,0
1790648924.0227468,13,OFF,14674,0
1790648925.0308619,14,OFF,15674,0
1790648926.0537696,15,OFF,16674,0
1790648927.0244124,16,OFF,17674,0
1790648928.0245247,17,OFF,18674,0
1790648929.024032,18,OFF,19674,0
1790648930.046872,19,OFF,20674,0
1790648931.0728796,20,OFF,21674,0
1790648932.0228665,21,OFF,22674,0
1790648933.0308926,22,OFF,23674,0
1790648934.038154,23,OFF,24674,0
1790648935.0651188,24,OFF,25674,0
1790648936.0198822,25,OFF,26674,0
1790648937.0260255,26,OFF,27675,0
1790648938.0301569,27,OFF,28675,0
1790648939.05589,28,OFF,29675,0
1790648940.024889,29,OFF,30675,0
1790648941.0252578,30,OFF,31675,0
1790648942.0256078,31,OFF,32675,0
1790648943.0469222,32,OFF,33675,0
1790648944.0668957,33,OFF,34675,0
1790648945.0290298,34,OFF,35675,0
1790648946.0246322,35,OFF,36675,0
1790648947.0428634,36,OFF,37675,0
1790648948.0664265,37,OFF,38675,0
1790648949.0254428,38,OFF,39675,0
1790648950.0250752,39,OFF,40675,0
1790648951.0375526,40,OFF,41675,0
1790648952.0616977,41,OFF,42675,0
1790648953.020851,42,OFF,43675,0
1790648954.0234144,43,OFF,44675,0
1790648955.0343513,44,OFF,45675,0
1790648956.0547378,45,OFF,46675,0
1790648957.0267541,46,OFF,47675,0
1790648957.924144,47,ON,48575,1
1790648958.1138434,48,ON,48764,0
1790648959.145578,49,ON,49798,0
1790648960.184321,50,ON,50832,0
1790648961.2130854,51,ON,51866,0
1790648962.2496784,52,ON,52900,0
1790648966.3002653,0,OFF,2671,1
1790648966.300388,1,OFF,2672,0
1790648967.2563288,2,OFF,3672,0
1790648968.2608633,3,OFF,4672,0
1790648969.261669,4,OFF,5672,0
1790648970.2868602,5,OFF,6672,0
1790648971.261686,6,OFF,7672,0
1790648972.2642155,7,OFF,8672,0
1790648973.2624662,8,OFF,9672,0
1790648974.282948,9,OFF,10672,0
1790648975.3103492,10,OFF,11672,0
1790648976.2659564,11,OFF,12672,0
1790648977.2626374,12,OFF,13672,0
1790648978.273845,13,OFF,14672,0
1790648979.2998676,14,OFF,15673,0
1790648980.2644272,15,OFF,16673,0
1790648981.2613642,16,OFF,17673,0
1790648982.2657065,17,OFF,18673,0
1790648983.2922854,18,OFF,19673,0
1790648984.2614043,19,OFF,20673,0
1790648985.2644258,20,OFF,21673,0
1790648986.2633815,21,OFF,22673,0
1790649022.2387843,8,OFF,9672,1
1790649023.2467706,9,OFF,10672,0
1790649024.2576528,10,OFF,11672,0
1790649025.2787645,11,OFF,12672,0
1790649026.2364593,12,OFF,13672,0
1790649027.250165,13,OFF,14672,0
1790649028.24969,14,OFF,15672,0
1790649029.2728767,15,OFF,16672,0
1790649030.2361503,16,OFF,17672,0
1790649031.2421427,17,OFF,18672,0
1790649032.2465703,18,OFF,19672,0
1790649033.269805,19,OFF,20672,0
1790649034.2932935,20,OFF,21672,0
1790649035.2374365,21,OFF,22672,0
1790649036.2499924,22,OFF,23672,0
1790649037.2583356,23,OFF,24672,0
1790649038.2860637,24,OFF,25672,0
1790649039.242778,25,OFF,26672,0
1790649040.248498,26,OFF,27672,0
1790649041.250773,27,OFF,28672,0
1790649042.2748199,28,OFF,29672,0
1790649043.236605,29,OFF,30672,0
1790649044.239034,30,OFF,31672,0
1790649045.2451687,31,OFF,32672,0
1790649046.2778215,32,OFF,33672,0
1790649047.2389004,33,OFF,34672,0
1790649048.2412837,34,OFF,35672,0
1790649049.2410588,35,OFF,36672,0
1790649050.262862,36,OFF,37672,0
1790649051.2864647,37,OFF,38672,0
1790649052.2408156,38,OFF,39672,0
1790649053.2392008,39,OFF,40673,0
1790649054.25797,40,OFF,41673,0
1790649055.2809625,41,OFF,42673,0
1790649056.2418694,42,OFF,43673,0
1790649057.2401938,43,OFF,44673,0
1790649058.248235,44,OFF,45673,0
1790649059.319552,45,OFF,46673,0
1790649060.2413409,46,OFF,47673,0
1790649061.1407528,47,ON,48573,1
1790649061.3339133,48,ON,48762,0
1790649062.3657398,49,ON,49796,0
1790649063.3988445,50,ON,50830,0
1790649064.4326665,51,ON,51864,0
1790649067.4783025,0,OFF,2671,1
1790649067.9966583,1,OFF,2672,0
1790649068.4947846,2,OFF,3672,0
1790649069.4540052,3,OFF,4672,0
1790649070.4579792,4,OFF,5672,0
1790649071.4649906,5,OFF,6672,0
1790649072.485187,6,OFF,7672,0
1790649073.5029082,7,OFF,8672,0
1790649074.4615648,8,OFF,9672,0
1790649075.4608283,9,OFF,10672,0
1790649076.480542,10,OFF,11672,0
1790649077.4971502,11,OFF,12672,0
1790649078.4558609,12,OFF,13672,0
1790649079.4563246,13,OFF,14672,0
1790649080.470847,14,OFF,15672,0
1790649081.49826,15,OFF,16672,0
1790649082.4574041,16,OFF,17672,0
1790649083.4589605,17,OFF,18672,0
1790649084.468372,18,OFF,19672,0
1790649085.4932783,19,OFF,20672,0
1790649086.4572718,20,OFF,21672,0
1790649087.457847,21,OFF,22672,0
1790649088.4588773,22,OFF,23672,0
1790649089.4894261,23,OFF,24672,0
1790649090.5050433,24,OFF,25672,0
1790649091.458372,25,OFF,26672,0
1790649092.4582255,26,OFF,27672,0
1790649093.477504,27,OFF,28672,0
1790649094.5028794,28,OFF,29672,0
1790649095.4588854,29,OFF,30672,0
1790649096.4543133,30,OFF,31672,0
1790649097.4708421,31,OFF,32672,0
1790649098.4922512,32,OFF,33672,0
1790649099.4540765,33,OFF,34672,0
1790649100.4579968,34,OFF,35672,0
1790649101.4653053,35,OFF,36672,0
1790649102.4882648,36,OFF,37672,0
1790649103.4572108,37,OFF,38672,0
1790649104.457297,38,OFF,39672,0
1790649105.4605024,39,OFF,40672,0
1790649106.482886,40,OFF,41672,0
1790649107.506829,41,OFF,42672,0
1790649108.4588788,42,OFF,43672,0
1790649109.4587953,43,OFF,44672,0
1790649110.4766889,44,OFF,45672,0
1790649111.5029087,45,OFF,46672,0
1790649112.4549432,46,OFF,47672,0
1790649113.3586946,47,ON,48572,1
1790649113.546909,48,ON,48761,0
1790649114.582917,49,ON,49795,0
1790649115.6122952,50,ON,50829,0
1790649116.6499715,51,ON,51863,0
1790649117.6828742,52,ON,52897,0
1790649120.7209945,0,OFF,2671,1
1790649120.7211545,1,OFF,2672,0
1790649121.7386951,2,OFF,3673,0
1790649122.7033901,3,OFF,4673,0
1790649123.710219,4,OFF,5673,0
1790649124.7126272,5,OFF,6673,0
1790649125.733741,6,OFF,7673,0
1790649126.7545977,7,OFF,8673,0
1790649127.7101514,8,OFF,9673,0
1790649128.7060413,9,OFF,10673,0
1790649129.7269194,10,OFF,11673,0
1790649130.7708578,11,OFF,12673,0
1790649131.712924,12,OFF,13673,0
1790649132.7096224,13,OFF,14673,0
1790649133.7190294,14,OFF,15673,0
1790649134.7468057,15,OFF,16673,0
1790649135.7069106,16,OFF,17673,0
1790649136.7069016,17,OFF,18673,0
1790649137.71557,18,OFF,19673,0
1790649138.748104,19,OFF,20673,0
1790649139.7710462,20,OFF,21673,0
1790649140.7099547,21,OFF,22673,0
1790649141.7090504,22,OFF,23673,0
1790649142.734697,23,OFF,24673,0
1790649143.7581878,24,OFF,25673,0
1790649144.706013,25,OFF,26673,0
1790649145.7099824,26,OFF,27673,0
1790649146.7242303,27,OFF,28673,0
1790649147.760526,28,OFF,29673,0
1790649148.7104812,29,OFF,30673,0
1790649149.713346,30,OFF,31673,0
1790649150.7208822,31,OFF,32673,0
1790649151.748926,32,OFF,33673,0
1790649152.7097554,33,OFF,34673,0
1790649153.71076,34,OFF,35674,0
1790649154.7131212,35,OFF,36674,0
1790649155.737574,36,OFF,37674,0
1790649156.7567894,37,OFF,38674,0
1790649157.7054815,38,OFF,39674,0
1790649158.7094061,39,OFF,40674,0
1790649159.742767,40,OFF,41674,0
1790649160.7501976,41,OFF,42674,0
1790649161.7174618,42,OFF,43674,0
1790649162.7094877,43,OFF,44674,0
1790649163.728585,44,OFF,45674,0
1790649164.7694519,45,OFF,46674,0
1790649165.710891,46,OFF,47674,0
1790649166.612083,47,ON,48574,1
1790649166.8004618,48,ON,48763,0
1790649167.8337197,49,ON,49797,0
1790649168.8660567,50,ON,50831,0
1790649169.9059896,51,ON,51865,0
1790649170.9331992,52,ON,52899,0
1790649171.9708896,53,ON,53933,0
1790649173.038867,54,ON,54961,0
1790649177.0498862,0,OFF,2671,1
1790649177.0629315,1,OFF,2672,0
1790649178.0659451,2,OFF,3672,0
1790649179.0199292,3,OFF,4672,0
1790649180.0167704,4,OFF,5672,0
1790649181.0347798,5,OFF,6672,0
1790649182.0534666,6,OFF,7672,0
1790649183.021689,7,OFF,8672,0
1790649184.0189326,8,OFF,9672,0
1790649185.0265603,9,OFF,10672,0
1790649186.0484889,10,OFF,11672,0
1790649187.0189455,11,OFF,12672,0
1790649188.0196853,12,OFF,13672,0
1790649189.022164,13,OFF,14672,0
1790649190.0425107,14,OFF,15672,0
1790649191.0593803,15,OFF,16672,0
1790649192.030886,16,OFF,17672,0
1790649193.0185666,17,OFF,18673,0
1790649194.0359688,18,OFF,19673,0
1790649195.0628967,19,OFF,20673,0
1790649196.0216148,20,OFF,21673,0
1790649197.0213032,21,OFF,22673,0
1790649198.0249298,22,OFF,23673,0
1790649199.0646653,23,OFF,24673,0
1790649200.0182772,24,OFF,25673,0
1790649201.0149462,25,OFF,26673,0
1790649202.0249915,26,OFF,27673,0
1790649203.0634332,27,OFF,28673,0
1790649204.0669074,28,OFF,29673,0
1790649205.020163,29,OFF,30673,0
1790649206.0248332,30,OFF,31673,0
1790649207.0422685,31,OFF,32673,0
1790649208.0660088,32,OFF,33673,0
1790649209.02717,33,OFF,34673,0
1790649210.0189428,34,OFF,35673,0
1790649211.038765,35,OFF,36673,0
1790649212.0609531,36,OFF,37674,0
1790649213.0211363,37,OFF,38674,0
1790649214.0228639,38,OFF,39674,0
1790649215.0292828,39,OFF,40674,0
1790649216.0539167,40,OFF,41674,0
1790649217.0193348,41,OFF,42674,0
1790649218.0179718,42,OFF,43674,0
1790649219.044971,43,OFF,44674,0
1790649220.0445354,44,OFF,45674,0
1790649221.0696712,45,OFF,46674,0
1790649222.018285,46,OFF,47674,0
1790649222.924113,47,ON,48574,1
1790649227.1619828,0,OFF,3673,1
1790649227.167312,1,OFF,3674,0
1790649228.1380048,2,OFF,4674,0
1790649229.0929708,3,OFF,5674,0
1790649230.091971,4,OFF,6674,0
1790649231.1075675,5,OFF,7674,0
1790649232.146912,6,OFF,8674,0
1790649233.0929592,7,OFF,9674,0
1790649234.094537,8,OFF,10674,0
1790649235.1016722,9,OFF,11674,0
1790649236.1250203,10,OFF,12674,0
1790649237.089515,11,OFF,13674,0
1790649238.0963912,12,OFF,14674,0
1790649239.0906389,13,OFF,15674,0
1790649240.1152027,14,OFF,16674,0
1790649241.092515,15,OFF,17674,0
1790649242.091806,16,OFF,18674,0
1790649243.0907297,17,OFF,19674,0
1790649244.1134672,18,OFF,20674,0
1790649245.1349266,19,OFF,21674,0
1790649246.0934944,20,OFF,22674,0
1790649247.094915,21,OFF,23674,0
1790649248.1099904,22,OFF,24674,0
1790649249.133443,23,OFF,25674,0
1790649250.096181,24,OFF,26674,0
1790649251.102284,25,OFF,27674,0
1790649252.09783,26,OFF,28674,0
1790649253.122928,27,OFF,29675,0
1790649254.097589,28,OFF,30675,0
1790649255.09488,29,OFF,31675,0
1790649256.0964444,30,OFF,32675,0
1790649257.117186,31,OFF,33675,0
1790649292.6659122,17,OFF,19174,1
1790649293.6736536,18,OFF,20174,0
1790649294.7018552,19,OFF,21174,0
1790649295.666544,20,OFF,22174,0
1790649296.670783,21,OFF,23174,0
1790649297.6663096,22,OFF,24174,0
1790649298.6925309,23,OFF,25174,0
1790649299.666511,24,OFF,26174,0
1790649300.6778536,25,OFF,27174,0
1790649301.6662338,26,OFF,28174,0
1790649302.6891553,27,OFF,29174,0
1790649303.714318,28,OFF,30174,0
1790649304.671753,29,OFF,31174,0
1790649305.665788,30,OFF,32174,0
1790649306.6858459,31,OFF,33174,0
1790649307.7101505,32,OFF,34174,0
1790649308.6691613,33,OFF,35174,0
1790649309.6669168,34,OFF,36174,0
1790649310.670798,35,OFF,37174,0
1790649311.6966867,36,OFF,38174,0
1790649312.6696458,37,OFF,39174,0
1790649313.6701093,38,OFF,40174,0
1790649314.6682665,39,OFF,41174,0
1790649315.690918,40,OFF,42174,0
1790649316.709286,41,OFF,43174,0
1790649317.6668928,42,OFF,44174,0
1790649318.66284,43,OFF,45174,0
1790649319.6828694,44,OFF,46174,0
1790649320.7130065,45,OFF,47174,0
1790649321.6696007,46,OFF,48174,0
1790649322.5679398,47,ON,49075,1
1790649322.759969,48,ON,49264,0
1790649323.7933278,49,ON,50298,0
1790649324.8253696,50,ON,51332,0
1790649329.206057,0,OFF,2671,1
1790649329.2065876,1,OFF,2672,0
1790649329.206894,2,OFF,3672,0
1790649329.8508546,3,OFF,4672,0
1790649330.8609207,4,OFF,5672,0
1790649331.8699386,5,OFF,6672,0
1790649332.8908246,6,OFF,7672,0
1790649333.8548248,7,OFF,8672,0
1790649334.8490252,8,OFF,9672,0
1790649335.8668733,9,OFF,10672,0
1790649336.8868604,10,OFF,11673,0
1790649337.8565903,11,OFF,12673,0
1790649338.852111,12,OFF,13673,0
1790649339.8564248,13,OFF,14673,0
1790649340.896112,14,OFF,15673,0
1790649341.8521018,15,OFF,16673,0
1790649342.8527484,16,OFF,17673,0
1790649343.8692458,17,OFF,18673,0
1790649344.8813145,18,OFF,19673,0
1790649345.894751,19,OFF,20673,0
1790649346.8624513,20,OFF,21673,0
1790649347.8509157,21,OFF,22673,0
1790649348.873215,22,OFF,23673,0
1790649349.9010952,23,OFF,24673,0
1790649350.8527102,24,OFF,25673,0
1790649351.8540478,25,OFF,26673,0
1790649352.8606157,26,OFF,27673,0
1790649353.8859234,27,OFF,28673,0
1790649354.8522959,28,OFF,29673,0
1790649355.8508658,29,OFF,30674,0
1790649356.8543031,30,OFF,31674,0
1790649357.8938403,31,OFF,32674,0
1790649358.8528502,32,OFF,33674,0
1790649359.851995,33,OFF,34674,0
1790649360.8541985,34,OFF,35674,0
1790649361.8787446,35,OFF,36674,0
1790649362.8947692,36,OFF,37674,0
1790649363.8509188,37,OFF,38674,0
1790649364.8587196,38,OFF,39674,0
1790649365.8763475,39,OFF,40674,0
1790649366.894905,40,OFF,41674,0
1790649367.8532236,41,OFF,42674,0
1790649368.852088,42,OFF,43674,0
1790649369.8588932,43,OFF,44674,0
1790649370.8893683,44,OFF,45674,0
1790649371.8563364,45,OFF,46674,0
1790649372.8546443,46,OFF,47674,0
1790649376.7467809,0,OFF,2678,0
1790649377.2483573,1,OFF,2679,0
1790649377.7527957,2,OFF,3679,0
1790649378.7747042,3,OFF,4679,0
1790649379.7413237,4,OFF,5679,0
1790649380.7440715,5,OFF,6679,0
1790649381.7517934,6,OFF,7679,0
1790649382.7642312,7,OFF,8679,0
1790649383.788379,8,OFF,9679,0
1790649384.7390206,9,OFF,10679,0
1790649385.7377048,10,OFF,11679,0
1790649386.7571144,11,OFF,12679,0
1790649387.7856185,12,OFF,13679,0
1790649388.7410722,13,OFF,14679,0
1790649389.7442331,14,OFF,15679,0
1790649390.7507763,15,OFF,16679,0
1790649391.7790973,16,OFF,17680,0
1790649392.801411,17,OFF,18680,0
1790649393.7423024,18,OFF,19680,0
1790649394.7453086,19,OFF,20680,0
1790649395.7727501,20,OFF,21680,0
1790649396.7440147,21,OFF,22680,0
1790649397.7468598,22,OFF,23680,0
1790649398.739498,23,OFF,24680,0
1790649399.762752,24,OFF,25680,0
1790649400.7878122,25,OFF,26680,0
1790649401.7440069,26,OFF,27680,0
1790649402.74445,27,OFF,28680,0
1790649403.7579677,28,OFF,29680,0
1790649404.7820783,29,OFF,30680,0
1790649405.7437487,30,OFF,31680,0
1790649406.7443304,31,OFF,32680,0
1790649407.746927,32,OFF,33680,0
1790649408.790491,33,OFF,34680,0
1790649409.7976913,34,OFF,35680,0
1790649410.7526536,35,OFF,36680,0
1790649411.742896,36,OFF,37680,0
1790649412.7695816,37,OFF,38680,0
1790649413.7879827,38,OFF,39680,0
1790649414.744596,39,OFF,40680,0
1790649415.7428284,40,OFF,41680,0
1790649416.7588978,41,OFF,42680,0
1790649417.79051,42,OFF,43680,0
1790649418.7421906,43,OFF,44680,0
1790649419.7541783,44,OFF,45680,0
1790649420.754279,45,OFF,46680,0
1790649421.7795298,46,OFF,47680,0
1790649422.6429234,47,ON,48580,1
1790649425.6806967,0,OFF,2671,1
1790649425.680823,1,OFF,2672,0
1790649426.69364,2,OFF,3672,0
1790649427.6637568,3,OFF,4672,0
1790649428.6668763,4,OFF,5672,0
1790649429.6686597,5,OFF,6672,0
1790649430.686141,6,OFF,7672,0
1790649431.7160666,7,OFF,8672,0
1790649432.6680493,8,OFF,9672,0
1790649433.6669228,9,OFF,10672,0
1790649434.686862,10,OFF,11672,0
1790649435.7097065,11,OFF,12672,0
1790649436.6655483,12,OFF,13672,0
1790649437.6693273,13,OFF,14673,0
1790649438.681453,14,OFF,15673,0
1790649439.6988971,15,OFF,16673,0
1790649440.6690052,16,OFF,17673,0
1790649441.6703458,17,OFF,18673,0
1790649442.6680477,18,OFF,19673,0
1790649443.6970713,19,OFF,20673,0
1790649444.6679313,20,OFF,21673,0
1790649445.6722193,21,OFF,22673,0
1790649446.6679688,22,OFF,23673,0
1790649447.696842,23,OFF,24673,0
1790649448.7149043,24,OFF,25673,0
1790649449.6653223,25,OFF,26673,0
1790649450.6708634,26,OFF,27673,0
1790649451.682091,27,OFF,28673,0
1790649452.7092426,28,OFF,29673,0
1790649453.6695278,29,OFF,30673,0
1790649454.676498,30,OFF,31673,0
1790649455.6805525,31,OFF,32673,0
1790649456.7061656,32,OFF,33673,0
1790649457.6709049,33,OFF,34673,0
1790649458.6729846,34,OFF,35673,0
1790649459.6677158,35,OFF,36673,0
1790649460.6982722,36,OFF,37673,0
1790649461.722766,37,OFF,38673,0
1790649462.670583,38,OFF,39673,0
1790649463.6761823,39,OFF,40673,0
1790649464.6840587,40,OFF,41673,0
1790649465.728907,41,OFF,42673,0
1790649466.6707604,42,OFF,43673,0
1790649467.6749191,43,OFF,44673,0
1790649468.6855235,44,OFF,45673,0
1790649469.718873,45,OFF,46674,0
1790649470.6735163,46,OFF,47674,0
1790649471.5708797,47,ON,48574,1
1790649471.760765,48,ON,48763,0
1790649472.7913992,49,ON,49797,0
1790649473.8237603,50,ON,50831,0
1790649474.8584294,51,ON,51865,0
1790649475.8967984,52,ON,52899,0
1790649480.2730432,0,OFF,2673,1
1790649480.7872543,1,OFF,2674,0
1790649480.9182942,2,OFF,3674,0
1790649481.9129343,3,OFF,4674,0
1790649482.910776,4,OFF,5674,0
1790649483.9389532,5,OFF,6674,0
1790649484.9127018,6,OFF,7674,0
1790649485.9250119,7,OFF,8674,0
1790649486.9133801,8,OFF,9674,0
1790649487.9336674,9,OFF,10674,0
1790649488.9522204,10,OFF,11674,0
1790649489.912184,11,OFF,12674,0
1790649490.91278,12,OFF,13675,0
1790649491.9298375,13,OFF,14675,0
1790649492.9525146,14,OFF,15675,0
1790649493.9144466,15,OFF,16675,0
1790649494.911573,16,OFF,17675,0
1790649495.9162073,17,OFF,18675,0
1790649496.9480326,18,OFF,19675,0
1790649497.9140532,19,OFF,20675,0
1790649498.918884,20,OFF,21675,0
1790649499.9141855,21,OFF,22675,0
1790649500.9370558,22,OFF,23675,0
1790649501.95463,23,OFF,24675,0
1790649502.9227388,24,OFF,25675,0
1790649503.91195,25,OFF,26675,0
1790649504.9388783,26,OFF,27675,0
1790649505.9623935,27,OFF,28675,0
1790649506.9108765,28,OFF,29675,0
1790649507.9120076,29,OFF,30675,0
1790649508.9227858,30,OFF,31675,0
1790649509.9464908,31,OFF,32675,0
1790649510.9120297,32,OFF,33675,0
1790649511.9208062,33,OFF,34675,0
1790649512.9148972,34,OFF,35675,0
1790649513.9428594,35,OFF,36675,0
1790649514.914219,36,OFF,37675,0
1790649515.9130123,37,OFF,38675,0
1790649516.9145343,38,OFF,39675,0
1790649517.940846,39,OFF,40675,0
1790649518.9579604,40,OFF,41675,0
1790649519.9122934,41,OFF,42675,0
1790649520.9137883,42,OFF,43675,0
1790649521.930762,43,OFF,44675,0
1790649522.9638293,44,OFF,45676,0
1790649523.9125545,45,OFF,46676,0
1790649524.920687,46,OFF,47676,0
1790649525.818151,47,ON,48576,1
1790649563.509764,35,OFF,37173,1
1790649564.5264916,36,OFF,38173,0
1790649565.4857695,37,OFF,39173,0
1790649566.4859319,38,OFF,40173,0
1790649567.5019238,39,OFF,41173,0
1790649568.52184,40,OFF,42173,0
1790649569.4824169,41,OFF,43173,0
1790649570.485398,42,OFF,44173,0
1790649571.4928093,43,OFF,45173,0
1790649572.5297303,44,OFF,46173,0
1790649573.536413,45,OFF,47173,0
1790649574.4909441,46,OFF,48173,0
1790649575.3868942,47,ON,49073,1
1790649578.5703623,0,OFF,2675,1
1790649578.5725508,1,OFF,2676,0
1790649579.582919,2,OFF,3676,0
1790649580.6054099,3,OFF,4676,0
1790649581.5689905,4,OFF,5676,0
1790649582.5626516,5,OFF,6676,0
1790649583.5741456,6,OFF,7676,0
1790649584.5980659,7,OFF,8676,0
1790649585.5650759,8,OFF,9676,0
1790649586.561346,9,OFF,10676,0
1790649587.574105,10,OFF,11676,0
1790649588.6002612,11,OFF,12676,0
1790649589.613796,12,OFF,13676,0
1790649590.5661097,13,OFF,14676,0
1790649591.5659578,14,OFF,15676,0
1790649592.6183658,15,OFF,16676,0
1790649593.6051998,16,OFF,17676,0
1790649594.5629163,17,OFF,18676,0
1790649595.5625653,18,OFF,19676,0
1790649596.586861,19,OFF,20676,0
1790649597.605759,20,OFF,21676,0
1790649598.561553,21,OFF,22676,0
1790649599.5641332,22,OFF,23676,0
1790649600.575886,23,OFF,24676,0
1790649601.594762,24,OFF,25676,0
1790649602.562767,25,OFF,26676,0
1790649603.5581062,26,OFF,27676,0
1790649604.564957,27,OFF,28676,0
1790649605.592898,28,OFF,29676,0
1790649606.5707927,29,OFF,30676,0
1790649607.562926,30,OFF,31676,0
1790649608.566929,31,OFF,32676,0
1790649609.5849915,32,OFF,33676,0
1790649610.6130414,33,OFF,34676,0
1790649611.5629053,34,OFF,35676,0
1790649612.562919,35,OFF,36676,0
1790649613.5784688,36,OFF,37676,0
1790649614.605603,37,OFF,38676,0
1790649615.5640838,38,OFF,39676,0
1790649616.5665793,39,OFF,40676,0
1790649617.5709176,40,OFF,41676,0
1790649618.5948985,41,OFF,42676,0
1790649619.5668647,42,OFF,43676,0
1790649620.5641809,43,OFF,44676,0
1790649621.5649273,44,OFF,45676,0
1790649622.5889409,45,OFF,46676,0
1790649623.5637803,46,OFF,47676,0
1790649624.4627805,47,ON,48576,1
1790649638.8803897,0,OFF,13172,1
1790649638.8805544,1,OFF,13173,0
1790649638.9933703,2,OFF,14173,0
1790649640.0028806,3,OFF,15173,0
1790649641.0208054,4,OFF,16173,0
1790649641.9886465,5,OFF,17173,0
1790649642.9895277,6,OFF,18174,0
1790649643.994776,7,OFF,19174,0
1790649645.018243,8,OFF,20174,0
1790649645.9898384,9,OFF,21174,0
1790649646.997696,10,OFF,22174,0
1790649647.996001,11,OFF,23174,0
1790649649.0142324,12,OFF,24174,0
1790649650.0444613,13,OFF,25174,0
1790649650.9901273,14,OFF,26174,0
1790649651.9900827,15,OFF,27174,0
1790649653.002905,16,OFF,28174,0
1790649654.0306754,17,OFF,29174,0
1790649654.9886167,18,OFF,30174,0
1790649655.9909065,19,OFF,31174,0
1790649656.997665,20,OFF,32174,0
1790649658.0252638,21,OFF,33174,0
1790649658.9920442,22,OFF,34174,0
1790649659.9975967,23,OFF,35174,0
1790649660.9939556,24,OFF,36174,0
1790649662.0147605,25,OFF,37174,0
1790649663.040297,26,OFF,38174,0
1790649663.9907606,27,OFF,39174,0
1790649664.9933567,28,OFF,40174,0
1790649666.0108984,29,OFF,41174,0
1790649667.0343943,30,OFF,42174,0
1790649667.994931,31,OFF,43174,0
1790649668.9905393,32,OFF,44174,0
1790649670.002947,33,OFF,45174,0
1790649671.0268748,34,OFF,46174,0
1790649671.9871829,35,OFF,47174,0
1790649672.9909024,36,OFF,48174,0
1790649673.9949324,37,OFF,49174,0
1790649675.0203836,38,OFF,50174,0
1790649676.0388412,39,OFF,51174,0
1790649676.9919605,40,OFF,52174,0
1790649677.9924266,41,OFF,53174,0
1790649679.0130763,42,OFF,54174,0
1790649680.0334847,43,OFF,55174,0
1790649681.0011945,44,OFF,56174,0
1790649681.9924912,45,OFF,57174,0
1790649683.0090213,46,OFF,58174,0
1790649687.9218311,0,OFF,3672,0
1790649687.922012,1,OFF,3673,0
1790649688.873764,2,OFF,4673,0
1790649689.8799403,3,OFF,5674,0
1790649690.8978372,4,OFF,6674,0
1790649691.9218297,5,OFF,7674,0
1790649692.874304,6,OFF,8674,0
1790649693.8720846,7,OFF,9674,0
1790649694.8868883,8,OFF,10674,0
1790649695.9303331,9,OFF,11674,0
1790649696.8693354,10,OFF,12674,0
1790649697.8746655,11,OFF,13674,0
1790649698.8818245,12,OFF,14674,0
1790649699.914863,13,OFF,15674,0
1790649700.8732555,14,OFF,16674,0
1790649701.8826473,15,OFF,17674,0
1790649702.8992112,16,OFF,18674,0
1790649703.9127848,17,OFF,19674,0
1790649704.9160128,18,OFF,20674,0
1790649705.8767576,19,OFF,21674,0
1790649706.8750167,20,OFF,22674,0
1790649707.890672,21,OFF,23674,0
1790649708.9189022,22,OFF,24675,0
1790649709.8818567,23,OFF,25675,0
1790649710.8744028,24,OFF,26675,0
1790649711.8844337,25,OFF,27675,0
1790649712.9127977,26,OFF,28675,0
1790649713.8720536,27,OFF,29675,0
1790649714.8788216,28,OFF,30675,0
1790649715.8763647,29,OFF,31675,0
1790649716.9025924,30,OFF,32675,0
1790649717.8723974,31,OFF,33675,0
1790649718.8868747,32,OFF,34675,0
1790649719.8745618,33,OFF,35675,0
1790649720.900115,34,OFF,36675,0
1790649721.9244616,35,OFF,37675,0
1790649722.8776996,36,OFF,38675,0
1790649723.8747804,37,OFF,39675,0
1790649724.8891265,38,OFF,40675,0
1790649725.9149313,39,OFF,41675,0
1790649726.876441,40,OFF,42675,0
1790649727.8777761,41,OFF,43676,0
1790649728.884914,42,OFF,44676,0
1790649729.9150887,43,OFF,45676,0
1790649730.8776555,44,OFF,46676,0
1790649731.878506,45,OFF,47676,0
1790649732.878643,46,OFF,48676,0
1790649736.7812035,0,OFF,2671,0
1790649737.290928,1,OFF,2672,0
1790649737.7974179,2,OFF,3672,0
1790649738.7569265,3,OFF,4672,0
1790649739.7576761,4,OFF,5672,0
1790649740.7702985,5,OFF,6672,0
1790649741.7987742,6,OFF,7672,0
1790649742.7598324,7,OFF,8672,0
1790649743.7577488,8,OFF,9672,0
1790649744.7612066,9,OFF,10672,0
1790649745.781032,10,OFF,11672,0
1790649746.8049326,11,OFF,12672,0
1790649747.7622952,12,OFF,13672,0
1790649748.762736,13,OFF,14672,0
1790649749.776396,14,OFF,15672,0
1790649750.7969177,15,OFF,16672,0
1790649751.7669091,16,OFF,17672,0
1790649752.7606363,17,OFF,18672,0
1790649753.7684848,18,OFF,19672,0
1790649754.7887251,19,OFF,20672,0
1790649755.760919,20,OFF,21672,0
1790649756.7589066,21,OFF,22672,0
1790649757.7588692,22,OFF,23672,0
1790649758.7868583,23,OFF,24672,0
1790649759.7582061,24,OFF,25672,0
1790649760.7561193,25,OFF,26672,0
1790649761.7559316,26,OFF,27672,0
1790649762.7818015,27,OFF,28672,0
1790649763.8018835,28,OFF,29672,0
1790649764.7587674,29,OFF,30672,0
1790649765.7587748,30,OFF,31672,0
1790649766.7743587,31,OFF,32672,0
1790649767.7965631,32,OFF,33672,0
1790649768.761072,33,OFF,34672,0
1790649769.7545784,34,OFF,35672,0
1790649770.761849,35,OFF,36672,0
1790649771.7944577,36,OFF,37672,0
1790649772.7602952,37,OFF,38672,0
1790649773.7588654,38,OFF,39672,0
1790649774.7568817,39,OFF,40672,0
1790649775.78861,40,OFF,41672,0
1790649776.8064702,41,OFF,42672,0
1790649777.7613559,42,OFF,43672,0
1790649778.758851,43,OFF,44672,0
1790649779.7867253,44,OFF,45672,0
1790649780.8061397,45,OFF,46672,0
1790649781.7614238,46,OFF,47672,0
1790649782.6587653,47,ON,48573,1
1790649782.8502073,48,ON,48762,0
1790649783.8798862,49,ON,49797,0
1790649833.44257,25,OFF,49183,1
1790649834.461138,26,OFF,50183,0
1790649835.4253676,27,OFF,51183,0
1790649836.4216194,28,OFF,52183,0
1790649837.4291189,29,OFF,53183,0
1790649838.456189,30,OFF,54183,0
1790649839.420562,31,OFF,55183,0
1790649840.4189005,32,OFF,56183,0
1790649841.424466,33,OFF,57183,0
1790649842.456768,34,OFF,58183,0
1790649843.421728,35,OFF,59183,0
1790649844.4207966,36,OFF,60183,0
1790649845.421925,37,OFF,61183,0
1790649846.4414465,38,OFF,62183,0
1790649847.466108,39,OFF,63183,0
1790649848.42491,40,OFF,64183,0
1790649849.429346,41,OFF,65183,0
1790649850.4361956,42,OFF,66183,0
1790649851.4583614,43,OFF,67183,0
1790649852.4220262,44,OFF,68183,0
1790649853.422859,45,OFF,69183,0
1790649854.4383216,46,OFF,70183,0
1790649858.3421156,0,OFF,2672,0
1790649858.3527317,1,OFF,2673,0
1790649859.3501356,2,OFF,3673,0
1790649860.3002021,3,OFF,4673,0
1790649861.3001337,4,OFF,5673,0
1790649862.3125367,5,OFF,6673,0
1790649863.3425398,6,OFF,7673,0
1790649864.3018472,7,OFF,8673,0
1790649865.3006945,8,OFF,9673,0
1790649866.3083887,9,OFF,10673,0
1790649867.3328624,10,OFF,11673,0
1790649868.3064868,11,OFF,12673,0
1790649869.3016133,12,OFF,13673,0
1790649870.301514,13,OFF,14673,0
1790649871.3285294,14,OFF,15673,0
1790649872.2964442,15,OFF,16673,0
1790649873.3014884,16,OFF,17673,0
1790649874.2952967,17,OFF,18673,0
1790649875.3206143,18,OFF,19673,0
1790649876.3693514,19,OFF,20673,0
1790649877.2987301,20,OFF,21673,0
1790649878.301722,21,OFF,22673,0
1790649879.3143148,22,OFF,23673,0
1790649880.3381324,23,OFF,24673,0
1790649881.3566027,24,OFF,25673,0
1790649882.3017278,25,OFF,26673,0
1790649883.3116107,26,OFF,27673,0
1790649884.3348477,27,OFF,28673,0
1790649885.29686,28,OFF,29673,0
1790649886.2983062,29,OFF,30673,0
1790649887.3083963,30,OFF,31673,0
1790649888.3242865,31,OFF,32673,0
1790649889.3499017,32,OFF,33673,0
1790649890.3055253,33,OFF,34673,0
1790649891.2988713,34,OFF,35673,0
1790649892.315964,35,OFF,36673,0
1790649893.3492064,36,OFF,37673,0
1790649894.3015385,37,OFF,38673,0
1790649895.3093483,38,OFF,39673,0
1790649896.3217387,39,OFF,40673,0
1790649897.3348987,40,OFF,41673,0
1790649898.298888,41,OFF,42673,0
1790649899.309371,42,OFF,43673,0
1790649900.3071198,43,OFF,44673,0
1790649901.3303027,44,OFF,45673,0
1790649902.3552172,45,OFF,46673,0
1790649903.2969687,46,OFF,47673,0
1790649904.1986988,47,ON,48573,1
1790649907.3868814,0,OFF,2675,1
1790649907.38719,1,OFF,2676,0
1790649908.400216,2,OFF,3676,0
1790649909.414886,3,OFF,4676,0
1790649910.37281,4,OFF,5676,0
1790649911.373696,5,OFF,6676,0
1790649912.3904505,6,OFF,7676,0
1790649913.4141438,7,OFF,8676,0
1790649914.3741567,8,OFF,9676,0
1790649915.3762326,9,OFF,10677,0
1790649916.413013,10,OFF,11677,0
1790649917.4261074,11,OFF,12677,0
1790649918.3738072,12,OFF,13677,0
1790649919.381329,13,OFF,14677,0
1790649920.3771377,14,OFF,15677,0
1790649921.4061837,15,OFF,16677,0
1790649922.372745,16,OFF,17677,0
1790649923.3734465,17,OFF,18677,0
1790649924.3740268,18,OFF,19677,0
1790649925.4162786,19,OFF,20677,0
1790649926.4296515,20,OFF,21677,0
1790649927.3746808,21,OFF,22677,0
1790649928.3708904,22,OFF,23677,0
1790649929.3863401,23,OFF,24677,0
1790649930.4122443,24,OFF,25677,0
1790649931.3709033,25,OFF,26677,0
1790649932.3683674,26,OFF,27677,0
1790649933.3843677,27,OFF,28677,0
1790649934.4149017,28,OFF,29677,0
1790649935.373159,29,OFF,30677,0
1790649936.3746617,30,OFF,31677,0
1790649937.3748686,31,OFF,32677,0
1790649938.4066577,32,OFF,33677,0
1790649939.4180472,33,OFF,34677,0
1790649940.3783164,34,OFF,35677,0
1790649941.370699,35,OFF,36677,0
1790649942.3921638,36,OFF,37677,0
1790649943.4238734,37,OFF,38677,0
1790649944.3747723,38,OFF,39677,0
1790649945.3741891,39,OFF,40677,0
1790649946.385127,40,OFF,41677,0
1790649947.4100544,41,OFF,42677,0
1790649948.3749225,42,OFF,43677,0
1790649949.3749278,43,OFF,44677,0
1790649950.3854856,44,OFF,45677,0
1790649951.4062722,45,OFF,46677,0
1790649952.3773265,46,OFF,47677,0
1790649953.2748952,47,ON,48577,1
1790649953.4640062,48,ON,48766,0
1790649954.4988987,49,ON,49800,0
1790649955.5268805,50,ON,50834,0
1790649956.5668242,51,ON,51868,0
1790649960.9460537,0,OFF,2672,1
1790649961.5868442,1,OFF,2673,0
1790649961.5983772,2,OFF,3673,0
1790649962.5827832,3,OFF,4673,0
1790649963.586849,4,OFF,5673,0
1790649964.6183012,5,OFF,6673,0
1790649965.5835352,6,OFF,7673,0
1790649966.585607,7,OFF,8673,0
1790649967.598932,8,OFF,9673,0
1790649968.606223,9,OFF,10673,0
1790649969.6371,10,OFF,11673,0
1790649970.5850081,11,OFF,12673,0
1790649971.5869184,12,OFF,13673,0
1790649972.6013029,13,OFF,14673,0
1790649973.6268935,14,OFF,15673,0
1790649974.5816138,15,OFF,16673,0
1790649975.5852556,16,OFF,17673,0
1790649976.5982199,17,OFF,18673,0
1790649977.633059,18,OFF,19673,0
1790649978.5904033,19,OFF,20673,0
1790649979.5948586,20,OFF,21673,0
1790649980.596483,21,OFF,22673,0
1790649981.6145904,22,OFF,23673,0
1790649982.5835295,23,OFF,24673,0
1790649983.5833275,24,OFF,25673,0
1790649984.5843995,25,OFF,26673,0
1790649985.6067786,26,OFF,27673,0
1790649986.6327486,27,OFF,28673,0
1790649987.5859532,28,OFF,29673,0
1790649988.5868406,29,OFF,30673,0
1790649989.596683,30,OFF,31673,0
1790649990.6257312,31,OFF,32673,0
1790649991.5887754,32,OFF,33673,0
1790649992.590904,33,OFF,34673,0
1790649993.5930505,34,OFF,35673,0
1790649994.6182737,35,OFF,36674,0
1790649995.5921943,36,OFF,37674,0
1790649996.588574,37,OFF,38674,0
1790649997.5849297,38,OFF,39674,0
1790649998.6144106,39,OFF,40674,0
1790649999.637199,40,OFF,41674,0
1790650000.5909026,41,OFF,42674,0
1790650001.5892482,42,OFF,43674,0
1790650002.6050706,43,OFF,44674,0
1790650003.6331697,44,OFF,45674,0
1790650004.5879717,45,OFF,46674,0
1790650005.5867622,46,OFF,47674,0
1790650009.9900615,0,OFF,3172,0
1790650009.9902306,1,OFF,3173,0
1790650010.9993966,2,OFF,4173,0
1790650011.9708483,3,OFF,5173,0
1790650012.9828656,4,OFF,6173,0
1790650013.9775484,5,OFF,7173,0
1790650015.0137432,6,OFF,8173,0
1790650016.0147047,7,OFF,9173,0
1790650016.9740043,8,OFF,10173,0
1790650017.9708574,9,OFF,11173,0
1790650018.9887726,10,OFF,12173,0
1790650020.0165932,11,OFF,13173,0
1790650020.972041,12,OFF,14173,0
1790650021.9782264,13,OFF,15173,0
1790650022.9800062,14,OFF,16173,0
1790650024.0082946,15,OFF,17173,0
1790650024.9707139,16,OFF,18173,0
1790650025.9857173,17,OFF,19173,0
1790650026.976917,18,OFF,20173,0
1790650028.0016675,19,OFF,21173,0
1790650028.972748,20,OFF,22173,0
1790650029.9731314,21,OFF,23173,0
1790650030.9742649,22,OFF,24173,0
1790650032.0011556,23,OFF,25173,0
1790650033.0117316,24,OFF,26173,0
1790650033.974713,25,OFF,27173,0
1790650034.9724243,26,OFF,28173,0
1790650035.986675,27,OFF,29173,0
1790650037.0280237,28,OFF,30173,0
1790650037.9705389,29,OFF,31173,0
1790650038.974941,30,OFF,32173,0
1790650039.9825792,31,OFF,33173,0
1790650041.0069234,32,OFF,34173,0
1790650041.9766383,33,OFF,35173,0
1790650042.9685197,34,OFF,36173,0
1790650043.9733183,35,OFF,37173,0
1790650045.0065603,36,OFF,38173,0
1790650046.026767,37,OFF,39173,0
1790650046.9731672,38,OFF,40173,0
1790650047.9739342,39,OFF,41173,0
1790650048.9989595,40,OFF,42173,0
1790650050.0168087,41,OFF,43173,0
1790650050.9683414,42,OFF,44173,0
1790650051.97224,43,OFF,45173,0
1790650052.997069,44,OFF,46173,0
1790650054.010901,45,OFF,47173,0
1790650054.9730613,46,OFF,48173,0
1790650055.872427,47,ON,49073,1
1790650059.9568775,0,OFF,3674,1
1790650059.9570575,1,OFF,3675,0
1790650060.9109066,2,OFF,4675,0
1790650061.9223282,3,OFF,5675,0
1790650062.9368684,4,OFF,6675,0
1790650063.94523,5,OFF,7675,0
1790650064.9005256,6,OFF,8675,0
1790650065.9002702,7,OFF,9675,0
1790650066.9121776,8,OFF,10675,0
1790650067.9408133,9,OFF,11675,0
1790650068.9014866,10,OFF,12675,0
1790650104.9067988,46,OFF,48676,1
1790650111.7983727,0,OFF,5676,0
1790650112.3110445,1,OFF,5677,0
1790650112.7908316,2,OFF,6677,0
1790650113.818911,3,OFF,7677,0
1790650114.8341656,4,OFF,8677,0
1790650115.7852418,5,OFF,9677,0
1790650116.804746,6,OFF,10677,0
1790650117.809549,7,OFF,11677,0
1790650118.7828867,8,OFF,12677,0
1790650119.789716,9,OFF,13677,0
1790650120.7850852,10,OFF,14677,0
1790650121.8001373,11,OFF,15677,0
1790650122.822835,12,OFF,16677,0
1790650123.788132,13,OFF,17677,0
1790650124.785433,14,OFF,18677,0
1790650125.7964458,15,OFF,19677,0
1790650126.8226407,16,OFF,20677,0
1790650127.7860663,17,OFF,21677,0
1790650128.786918,18,OFF,22677,0
1790650129.793373,19,OFF,23677,0
1790650130.8122482,20,OFF,24677,0
1790650131.8387506,21,OFF,25677,0
1790650132.7860255,22,OFF,26677,0
1790650133.783627,23,OFF,27677,0
1790650134.8061516,24,OFF,28677,0
1790650135.8348918,25,OFF,29677,0
1790650136.7891,26,OFF,30677,0
1790650137.7868857,27,OFF,31677,0
1790650138.805705,28,OFF,32677,0
1790650139.834729,29,OFF,33677,0
1790650140.7869296,30,OFF,34677,0
1790650141.7832787,31,OFF,35677,0
1790650142.7930732,32,OFF,36677,0
1790650143.816825,33,OFF,37677,0
1790650144.7808373,34,OFF,38677,0
1790650145.7865229,35,OFF,39677,0
1790650146.7889836,36,OFF,40677,0
1790650147.814424,37,OFF,41677,0
1790650148.8372655,38,OFF,42677,0
1790650149.7890313,39,OFF,43677,0
1790650150.7933354,40,OFF,44677,0
1790650151.8189206,41,OFF,45677,0
1790650152.8381846,42,OFF,46677,0
1790650153.7921846,43,OFF,47677,0
1790650154.7867732,44,OFF,48678,0
1790650155.8010747,45,OFF,49678,0
1790650156.8221953,46,OFF,50678,0
1790650157.6893485,47,ON,51578,1
1790650157.8807354,48,ON,51767,0
1790650158.9097455,49,ON,52801,0
1790650159.9481869,50,ON,53835,0
1790650163.9928646,0,OFF,2673,1
1790650163.998709,1,OFF,2674,0
1790650165.0161011,2,OFF,3674,0
1790650165.9723632,3,OFF,4674,0
1790650166.9657114,4,OFF,5674,0
1790650167.9802566,5,OFF,6674,0
1790650169.021058,6,OFF,7674,0
1790650169.9629188,7,OFF,8674,0
1790650170.9628146,8,OFF,9674,0
1790650171.9770508,9,OFF,10674,0
1790650173.002383,10,OFF,11674,0
1790650173.9686472,11,OFF,12674,0
1790650174.9696825,12,OFF,13674,0
1790650175.973197,13,OFF,14674,0
1790650177.0016046,14,OFF,15674,0
1790650178.0149534,15,OFF,16674,0
1790650178.9682748,16,OFF,17674,0
1790650179.9668946,17,OFF,18674,0
1790650180.9909213,18,OFF,19674,0
1790650181.9609888,19,OFF,20674,0
1790650182.9657242,20,OFF,21674,0
1790650183.9611926,21,OFF,22674,0
1790650184.9942381,22,OFF,23674,0
1790650186.006737,23,OFF,24674,0
1790650186.9627721,24,OFF,25674,0
1790650187.9621367,25,OFF,26674,0
1790650188.9855552,26,OFF,27674,0
1790650190.0029492,27,OFF,28674,0
1790650190.9603822,28,OFF,29674,0
1790650191.9660504,29,OFF,30674,0
1790650192.9730368,30,OFF,31674,0
1790650194.0011094,31,OFF,32674,0
1790650194.9660335,32,OFF,33674,0
1790650195.986291,33,OFF,34674,0
1790650196.974661,34,OFF,35674,0
1790650197.9924803,35,OFF,36674,0
1790650199.006909,36,OFF,37674,0
1790650199.9736447,37,OFF,38674,0
1790650200.9724426,38,OFF,39674,0
1790650201.9830632,39,OFF,40674,0
1790650203.013755,40,OFF,41674,0
1790650203.960744,41,OFF,42674,0
1790650204.9656255,42,OFF,43674,0
1790650206.0012205,43,OFF,44674,0
1790650207.006739,44,OFF,45675,0
1790650207.9700713,45,OFF,46675,0
1790650208.966764,46,OFF,47675,0
1790650209.8660228,47,ON,48575,1
1790650213.0599544,0,OFF,2671,1
1790650213.557414,1,OFF,2672,0
1790650214.0679808,2,OFF,3672,0
1790650215.0918615,3,OFF,4672,0
1790650216.0507348,4,OFF,5672,0
1790650217.046214,5,OFF,6672,0
1790650218.0748885,6,OFF,7672,0
1790650219.08689,7,OFF,8672,0
1790650220.0481288,8,OFF,9672,0
1790650221.0519345,9,OFF,10672,0
1790650222.0520246,10,OFF,11672,0
1790650223.080569,11,OFF,12672,0
1790650224.0527146,12,OFF,13672,0
1790650225.0596993,13,OFF,14672,0
1790650226.0463097,14,OFF,15672,0
1790650227.1138754,15,OFF,16672,0
1790650228.098716,16,OFF,17672,0
1790650229.0585501,17,OFF,18672,0
1790650230.046117,18,OFF,19672,0
1790650231.0723906,19,OFF,20672,0
1790650232.095085,20,OFF,21672,0
1790650233.0525198,21,OFF,22672,0
1790650234.0487034,22,OFF,23672,0
1790650235.0771112,23,OFF,24672,0
1790650236.1008713,24,OFF,25673,0
1790650237.05088,25,OFF,26673,0
1790650238.0508595,26,OFF,27673,0
1790650239.0485282,27,OFF,28673,0
1790650240.077558,28,OFF,29673,0
1790650241.0495546,29,OFF,30673,0
1790650242.0508962,30,OFF,31673,0
1790650243.0468998,31,OFF,32673,0
1790650244.0831969,32,OFF,33673,0
1790650245.0976422,33,OFF,34673,0
1790650246.0531764,34,OFF,35673,0
1790650247.0562918,35,OFF,36673,0
1790650248.0667536,36,OFF,37673,0
1790650249.090702,37,OFF,38673,0
1790650250.0551355,38,OFF,39673,0
1790650251.0490556,39,OFF,40673,0
1790650252.0584257,40,OFF,41673,0
1790650253.078186,41,OFF,42673,0
1790650254.1184037,42,OFF,43673,0
1790650255.0528219,43,OFF,44673,0
1790650256.0548637,44,OFF,45673,0
1790650257.0744755,45,OFF,46673,0
1790650258.0936632,46,OFF,47673,0
1790650258.969455,47,ON,48573,1
1790650259.1389081,48,ON,48762,0
1790650260.1706398,49,ON,49796,0
1790650261.209817,50,ON,50830,0
1790650262.246865,51,ON,51864,0
1790650263.316952,52,ON,52898,0
1790650267.3251417,0,OFF,2673,1
1790650267.32536,1,OFF,2674,0
1790650268.3418043,2,OFF,3674,0
1790650269.306103,3,OFF,4674,0
1790650270.3054962,4,OFF,5674,0
1790650271.3129704,5,OFF,6674,0
1790650272.3361943,6,OFF,7674,0
1790650273.354916,7,OFF,8674,0
1790650274.3035035,8,OFF,9674,0
1790650275.309106,9,OFF,10674,0
1790650276.3248131,10,OFF,11674,0
1790650277.360719,11,OFF,12674,0
1790650278.302421,12,OFF,13674,0
1790650279.3079612,13,OFF,14674,0
1790650280.321752,14,OFF,15674,0
1790650281.3492737,15,OFF,16674,0
1790650282.3019993,16,OFF,17674,0
1790650283.3012688,17,OFF,18674,0
1790650284.334409,18,OFF,19674,0
1790650285.3381903,19,OFF,20674,0
1790650286.304912,20,OFF,21674,0
1790650287.3007572,21,OFF,22674,0
1790650288.3064203,22,OFF,23674,0
1790650289.3307538,23,OFF,24674,0
1790650290.296928,24,OFF,25674,0
1790650291.2961192,25,OFF,26674,0
1790650292.2983177,26,OFF,27674,0
1790650293.3308575,27,OFF,28674,0
1790650294.3549137,28,OFF,29674,0
1790650295.3028913,29,OFF,30674,0
1790650296.3028839,30,OFF,31675,0
1790650297.3189008,31,OFF,32675,0
1790650298.3457344,32,OFF,33675,0
1790650299.3096178,33,OFF,34675,0
1790650300.3056808,34,OFF,35675,0
1790650301.3170662,35,OFF,36675,0
1790650302.3453302,36,OFF,37675,0
1790650303.31107,37,OFF,38675,0
1790650304.3053288,38,OFF,39675,0
1790650305.304002,39,OFF,40675,0
1790650306.3572845,40,OFF,41675,0
1790650307.2989786,41,OFF,42675,0
1790650308.2993093,42,OFF,43675,0
1790650309.3084495,43,OFF,44675,0
1790650310.3252487,44,OFF,45675,0
1790650311.350896,45,OFF,46675,0
1790650312.2986984,46,OFF,47675,0
1790650328.5709145,6,OFF,12676,0
1790650328.5711331,7,OFF,13676,0
1790650328.5712125,8,OFF,14676,0
1790650329.18691,9,OFF,15676,0
1790650330.1902585,10,OFF,16676,0
1790650331.2178743,11,OFF,17676,0
1790650332.2339764,12,OFF,18676,0
1790650333.186912,13,OFF,19676,0
1790650334.198577,14,OFF,20676,0
1790650335.2157338,15,OFF,21676,0
1790650336.2374778,16,OFF,22676,0
1790650337.182856,17,OFF,23676,0
1790650338.186164,18,OFF,24676,0
1790650339.2012548,19,OFF,25676,0
1790650375.5689695,2,OFF,3674,1
1790650376.5171072,3,OFF,4674,0
1790650377.518761,4,OFF,5674,0
1790650378.5227778,5,OFF,6674,0
1790650379.5627549,6,OFF,7674,0
1790650380.5197842,7,OFF,8674,0
1790650381.5294654,8,OFF,9674,0
1790650382.5219498,9,OFF,10674,0
1790650383.5484958,10,OFF,11674,0
1790650384.5760524,11,OFF,12674,0
1790650385.5227392,12,OFF,13674,0
1790650386.518779,13,OFF,14674,0
1790650387.5357778,14,OFF,15674,0
1790650388.566784,15,OFF,16674,0
1790650389.5213895,16,OFF,17674,0
1790650390.5225804,17,OFF,18674,0
1790650391.5431342,18,OFF,19674,0
1790650392.554905,19,OFF,20674,0
1790650393.5268674,20,OFF,21674,0
1790650394.5200129,21,OFF,22674,0
1790650395.5248876,22,OFF,23674,0
1790650396.5503592,23,OFF,24674,0
1790650397.5214562,24,OFF,25674,0
1790650398.5226715,25,OFF,26674,0
1790650399.531968,26,OFF,27674,0
1790650400.5421908,27,OFF,28674,0
1790650401.5771945,28,OFF,29674,0
1790650402.5253627,29,OFF,30674,0
1790650403.520519,30,OFF,31674,0
1790650404.5381627,31,OFF,32674,0
1790650405.560093,32,OFF,33674,0
1790650406.521919,33,OFF,34674,0
1790650407.5245004,34,OFF,35674,0
1790650408.5320773,35,OFF,36674,0
1790650409.560934,36,OFF,37674,0
1790650410.5184896,37,OFF,38674,0
1790650411.5243354,38,OFF,39674,0
1790650412.5289605,39,OFF,40674,0
1790650413.560743,40,OFF,41674,0
1790650414.5667925,41,OFF,42674,0
1790650415.5205982,42,OFF,43674,0
1790650416.530906,43,OFF,44674,0
1790650417.5418184,44,OFF,45674,0
1790650418.566798,45,OFF,46674,0
1790650419.5205455,46,OFF,47674,0
1790650423.931131,0,OFF,3174,0
1790650423.992095,1,OFF,3175,0
1790650424.9268568,2,OFF,4175,0
1790650425.9454677,3,OFF,5175,0
1790650426.9576898,4,OFF,6175,0
1790650427.9067593,5,OFF,7175,0
1790650428.9105055,6,OFF,8175,0
1790650429.9347467,7,OFF,9175,0
1790650430.9060414,8,OFF,10175,0
1790650431.9048464,9,OFF,11175,0
1790650432.9058933,10,OFF,12176,0
1790650433.9340706,11,OFF,13176,0
1790650434.9543562,12,OFF,14176,0
1790650435.9127886,13,OFF,15176,0
1790650436.9100842,14,OFF,16176,0
1790650437.9217372,15,OFF,17176,0
1790650438.9418533,16,OFF,18176,0
1790650439.9047558,17,OFF,19176,0
1790650440.9148517,18,OFF,20176,0
1790650441.9160657,19,OFF,21176,0
1790650442.9315243,20,OFF,22176,0
1790650443.9104817,21,OFF,23176,0
1790650444.906898,22,OFF,24176,0
1790650445.9140732,23,OFF,25176,0
1790650446.9313438,24,OFF,26176,0
1790650447.9484859,25,OFF,27176,0
1790650448.9077857,26,OFF,28176,0
1790650449.9081595,27,OFF,29176,0
1790650450.9256628,28,OFF,30176,0
1790650451.9497476,29,OFF,31177,0
1790650452.910891,30,OFF,32177,0
1790650453.909098,31,OFF,33177,0
1790650454.9188738,32,OFF,34177,0
1790650455.9424186,33,OFF,35177,0
1790650456.9141014,34,OFF,36177,0
1790650457.91218,35,OFF,37177,0
1790650458.9068937,36,OFF,38177,0
1790650459.934703,37,OFF,39177,0
1790650460.9540372,38,OFF,40177,0
1790650461.9140196,39,OFF,41177,0
1790650462.9089222,40,OFF,42177,0
1790650463.9280035,41,OFF,43177,0
1790650464.965115,42,OFF,44177,0
1790650465.9069188,43,OFF,45177,0
1790650466.9087813,44,OFF,46177,0
1790650467.9256759,45,OFF,47177,0
1790650468.955469,46,OFF,48177,0
1790650469.8097386,47,ON,49077,1
1790650469.998852,48,ON,49266,0
1790650471.0384924,49,ON,50300,0
1790650472.070546,50,ON,51334,0
1790650476.1297348,0,OFF,2674,1
1790650476.1299396,1,OFF,2675,0
1790650477.0799038,2,OFF,3675,0
1790650478.0841901,3,OFF,4675,0
1790650479.0866396,4,OFF,5675,0
1790650480.114743,5,OFF,6675,0
1790650481.1375988,6,OFF,7675,0
1790650482.0846932,7,OFF,8675,0
1790650483.0861604,8,OFF,9676,0
1790650484.1175232,9,OFF,10676,0
1790650485.1341872,10,OFF,11676,0
1790650486.0884352,11,OFF,12676,0
1790650487.0929909,12,OFF,13676,0
1790650488.0985725,13,OFF,14676,0
1790650489.1208313,14,OFF,15676,0
1790650490.0927577,15,OFF,16676,0
1790650491.089458,16,OFF,17676,0
1790650492.090856,17,OFF,18676,0
1790650493.114394,18,OFF,19676,0
1790650494.0862625,19,OFF,20676,0
1790650495.0842698,20,OFF,21676,0
1790650496.0829155,21,OFF,22676,0
1790650497.1062586,22,OFF,23676,0
1790650498.1269035,23,OFF,24676,0
1790650499.0862846,24,OFF,25676,0
1790650500.08585,25,OFF,26676,0
1790650501.1133432,26,OFF,27676,0
1790650502.1290214,27,OFF,28677,0
1790650503.0862648,28,OFF,29677,0
1790650504.0864477,29,OFF,30677,0
1790650505.0960648,30,OFF,31677,0
1790650506.1213827,31,OFF,32677,0
1790650507.0836349,32,OFF,33677,0
1790650508.0879545,33,OFF,34677,0
1790650509.0867727,34,OFF,35677,0
1790650510.1147802,35,OFF,36677,0
1790650511.0869212,36,OFF,37677,0
1790650512.08856,37,OFF,38677,0
1790650513.0949414,38,OFF,39677,0
1790650514.107916,39,OFF,40677,0
1790650515.147073,40,OFF,41677,0
1790650516.0849028,41,OFF,42677,0
1790650517.0869358,42,OFF,43677,0
1790650518.0986867,43,OFF,44677,0
1790650519.1509094,44,OFF,45677,0
1790650520.097838,45,OFF,46677,0
1790650521.0894008,46,OFF,47677,0
1790650521.9863622,47,ON,48577,1
1790650525.1789913,0,OFF,2672,1
1790650525.179144,1,OFF,2673,0
1790650526.188513,2,OFF,3674,0
1790650527.2147777,3,OFF,4674,0
1790650528.1603143,4,OFF,5674,0
1790650529.1587899,5,OFF,6674,0
1790650530.1849558,6,OFF,7674,0
1790650531.1544337,7,OFF,8674,0
1790650532.1520572,8,OFF,9674,0
1790650533.156299,9,OFF,10674,0
1790650534.185107,10,OFF,11674,0
1790650535.2149327,11,OFF,12674,0
1790650536.1569633,12,OFF,13674,0
1790650537.162938,13,OFF,14674,0
1790650538.1726336,14,OFF,15674,0
1790650539.1952999,15,OFF,16674,0
1790650540.1554468,16,OFF,17674,0
1790650541.1574717,17,OFF,18674,0
1790650542.1629486,18,OFF,19674,0
1790650543.186912,19,OFF,20674,0
1790650544.1580765,20,OFF,21674,0
1790650545.1578887,21,OFF,22674,0
1790650546.1612327,22,OFF,23674,0
1790650547.1900642,23,OFF,24674,0
1790650548.153569,24,OFF,25674,0
1790650549.1540205,25,OFF,26674,0
1790650550.1546264,26,OFF,27674,0
1790650551.1797223,27,OFF,28674,0
1790650552.2028663,28,OFF,29674,0
1790650553.1548922,29,OFF,30674,0
1790650554.1562517,30,OFF,31674,0
1790650555.1734416,31,OFF,32674,0
1790650556.1989067,32,OFF,33674,0
1790650557.1565316,33,OFF,34674,0
1790650558.1588984,34,OFF,35675,0
1790650559.1611207,35,OFF,36675,0
1790650560.186921,36,OFF,37675,0
1790650561.158502,37,OFF,38675,0
1790650562.1570692,38,OFF,39675,0
1790650563.1581333,39,OFF,40675,0
1790650564.1982691,40,OFF,41675,0
1790650565.198931,41,OFF,42675,0
1790650566.157932,42,OFF,43675,0
1790650567.1586428,43,OFF,44675,0
1790650568.1747396,44,OFF,45675,0
1790650569.1988258,45,OFF,46675,0
1790650570.1681104,46,OFF,47675,0
1790650571.058321,47,ON,48575,1
1790650571.248319,48,ON,48764,0
1790650572.2844367,49,ON,49798,0
1790650573.316708,50,ON,50832,0
1790650574.3470817,51,ON,51866,0
1790650575.3819566,52,ON,52900,0
1790650576.4182801,53,ON,53934,0
1790650580.7974072,0,OFF,2674,1
1790650580.7976274,1,OFF,2675,0
1790650581.481046,2,OFF,3675,0
1790650582.4363794,3,OFF,4675,0
1790650583.43807,4,OFF,5676,0
1790650584.4560232,5,OFF,6676,0
1790650585.4775155,6,OFF,7676,0
1790650586.441258,7,OFF,8676,0
1790650587.4358892,8,OFF,9676,0
1790650588.4569247,9,OFF,10676,0
1790650589.4826484,10,OFF,11676,0
1790650590.436637,11,OFF,12676,0
1790650591.4347157,12,OFF,13676,0
1790650592.4645197,13,OFF,14676,0
1790650593.4709556,14,OFF,15676,0
1790650594.4330833,15,OFF,16676,0
1790650595.437784,16,OFF,17676,0
1790650596.438917,17,OFF,18676,0
1790650597.4679656,18,OFF,19676,0
1790650598.481362,19,OFF,20676,0
1790650599.4375312,20,OFF,21676,0
1790650600.4331975,21,OFF,22676,0
1790650601.4565463,22,OFF,23676,0
1790650602.4789271,23,OFF,24677,0
1790650603.4378507,24,OFF,25677,0
1790650604.4407916,25,OFF,26677,0
1790650605.4483569,26,OFF,27677,0
1790650606.4748738,27,OFF,28677,0
1790650607.4403164,28,OFF,29677,0
1790650608.4454165,29,OFF,30677,0
1790650609.449271,30,OFF,31677,0
1790650610.4690292,31,OFF,32677,0
1790650645.5122173,17,OFF,18675,1
1790650646.5121171,18,OFF,19675,0
1790650647.5372713,19,OFF,20675,0
1790650648.5048685,20,OFF,21675,0
1790650649.5163987,21,OFF,22675,0
1790650650.5069318,22,OFF,23675,0
1790650651.5370867,23,OFF,24675,0
1790650652.5604863,24,OFF,25675,0
1790650653.576179,25,OFF,26675,0
1790650654.5262802,26,OFF,27676,0
1790650655.5266964,27,OFF,28676,0
1790650656.5482275,28,OFF,29676,0
1790650657.521737,29,OFF,30676,0
1790650658.5135071,30,OFF,31676,0
1790650659.5469015,31,OFF,32676,0
1790650660.541929,32,OFF,33676,0
1790650661.5110128,33,OFF,34676,0
1790650662.5108938,34,OFF,35676,0
1790650663.5104342,35,OFF,36676,0
1790650664.5305326,36,OFF,37676,0
1790650665.5533931,37,OFF,38676,0
1790650666.5142322,38,OFF,39676,0
1790650667.5261414,39,OFF,40676,0
1790650668.5347595,40,OFF,41676,0
1790650669.553012,41,OFF,42676,0
1790650670.519921,42,OFF,43676,0
1790650671.5134034,43,OFF,44676,0
1790650672.5268667,44,OFF,45676,0
1790650673.5460947,45,OFF,46676,0
1790650674.514102,46,OFF,47676,0
1790650675.4170215,47,ON,48576,1
1790650675.5952551,48,ON,48765,0
1790650679.6375256,0,OFF,3670,1
1790650679.637687,1,OFF,3671,0
1790650680.6242976,2,OFF,4671,0
1790650681.6388469,3,OFF,5671,0
1790650682.6663508,4,OFF,6671,0
1790650683.622729,5,OFF,7671,0
1790650684.6186724,6,OFF,8671,0
1790650685.6308978,7,OFF,9671,0
1790650686.6668913,8,OFF,10671,0
1790650687.6267474,9,OFF,11671,0
1790650688.6267617,10,OFF,12671,0
1790650689.6227655,11,OFF,13671,0
1790650690.6737316,12,OFF,14671,0
1790650691.6761398,13,OFF,15671,0
1790650692.626852,14,OFF,16671,0
1790650693.6307287,15,OFF,17671,0
1790650694.654649,16,OFF,18671,0
1790650695.6990163,17,OFF,19671,0
1790650696.626897,18,OFF,20671,0
1790650697.6268663,19,OFF,21671,0
1790650698.6347935,20,OFF,22671,0
1790650699.6628816,21,OFF,23671,0
1790650700.6224158,22,OFF,24671,0
1790650701.6240458,23,OFF,25671,0
1790650702.6343782,24,OFF,26671,0
1790650703.6543324,25,OFF,27671,0
1790650704.6248052,26,OFF,28671,0
1790650705.6270416,27,OFF,29671,0
1790650706.6263552,28,OFF,30671,0
1790650707.6467383,29,OFF,31671,0
1790650708.6689095,30,OFF,32671,0
1790650709.6244268,31,OFF,33671,0
1790650710.6243405,32,OFF,34671,0
1790650711.6415286,33,OFF,35671,0
1790650712.6708682,34,OFF,36671,0
1790650713.626902,35,OFF,37671,0
1790650714.6204576,36,OFF,38671,0
1790650715.6332252,37,OFF,39671,0
1790650716.670367,38,OFF,40671,0
1790650717.6788602,39,OFF,41671,0
1790650718.62535,40,OFF,42671,0
1790650719.6287043,41,OFF,43671,0
1790650720.670402,42,OFF,44671,0
1790650721.6243532,43,OFF,45671,0
1790650722.626371,44,OFF,46671,0
1790650723.6384957,45,OFF,47671,0
1790650724.6526792,46,OFF,48671,0
1790650728.5498388,0,OFF,2672,0
1790650728.5499094,1,OFF,2673,0
1790650729.5905256,2,OFF,3673,0
1790650730.5207016,3,OFF,4673,0
1790650731.5227394,4,OFF,5673,0
1790650732.5390835,5,OFF,6673,0
1790650733.560768,6,OFF,7673,0
1790650734.5227785,7,OFF,8673,0
1790650735.5281286,8,OFF,9673,0
1790650736.5268302,9,OFF,10673,0
1790650737.5668964,10,OFF,11673,0
1790650738.5662007,11,OFF,12673,0
1790650739.521063,12,OFF,13673,0
1790650740.520122,13,OFF,14673,0
1790650741.5473406,14,OFF,15673,0
1790650742.5730536,15,OFF,16674,0
1790650743.5228624,16,OFF,17674,0
1790650744.5278747,17,OFF,18674,0
1790650745.5378191,18,OFF,19674,0
1790650746.5586798,19,OFF,20674,0
1790650747.5205927,20,OFF,21674,0
1790650748.5287294,21,OFF,22674,0
1790650749.529007,22,OFF,23674,0
1790650750.576785,23,OFF,24674,0
1790650751.5280921,24,OFF,25674,0
1790650752.5388966,25,OFF,26674,0
1790650753.6256754,26,OFF,27674,0
1790650754.5520854,27,OFF,28674,0
1790650755.5917208,28,OFF,29674,0
1790650756.5308876,29,OFF,30674,0
1790650757.5243227,30,OFF,31674,0
1790650758.5469046,31,OFF,32674,0
1790650759.5723577,32,OFF,33674,0
1790650760.5268736,33,OFF,34674,0
1790650761.5227747,34,OFF,35674,0
1790650762.534844,35,OFF,36674,0
1790650763.568633,36,OFF,37674,0
1790650764.5908086,37,OFF,38674,0
1790650765.5282817,38,OFF,39674,0
1790650766.525396,39,OFF,40674,0
1790650767.56286,40,OFF,41674,0
1790650768.5742755,41,OFF,42674,0
1790650769.5255058,42,OFF,43674,0
1790650770.5332937,43,OFF,44674,0
1790650771.5495338,44,OFF,45674,0
1790650772.5696049,45,OFF,46674,0
1790650773.5250547,46,OFF,47674,0
1790650774.422167,47,ON,48575,1
1790650774.6176298,48,ON,48764,0
1790650775.6521547,49,ON,49798,0
1790650778.7262242,0,OFF,2672,1
1790650778.726304,1,OFF,2673,0
1790650779.7463758,2,OFF,3673,0
1790650780.7781541,3,OFF,4673,0
1790650781.7302043,4,OFF,5673,0
1790650782.7268443,5,OFF,6673,0
1790650783.7320883,6,OFF,7673,0
1790650784.7582366,7,OFF,8673,0
1790650785.7284985,8,OFF,9673,0
1790650786.722523,9,OFF,10673,0
1790650787.728251,10,OFF,11673,0
1790650788.761614,11,OFF,12674,0
1790650789.766769,12,OFF,13674,0
1790650790.7200155,13,OFF,14674,0
1790650791.722369,14,OFF,15674,0
1790650792.7652147,15,OFF,16674,0
1790650793.7783356,16,OFF,17674,0
1790650794.7966008,17,OFF,18674,0
1790650795.723426,18,OFF,19674,0
1790650796.738459,19,OFF,20674,0
1790650797.7909098,20,OFF,21674,0
1790650798.7228708,21,OFF,22674,0
1790650799.72273,22,OFF,23674,0
1790650800.7309077,23,OFF,24674,0
1790650801.764877,24,OFF,25674,0
1790650802.7223217,25,OFF,26674,0
1790650803.7225072,26,OFF,27674,0
1790650804.7269058,27,OFF,28674,0
1790650805.74689,28,OFF,29674,0
1790650806.7718382,29,OFF,30674,0
1790650807.7188358,30,OFF,31674,0
1790650808.7318432,31,OFF,32675,0
1790650809.748443,32,OFF,33675,0
1790650810.7747514,33,OFF,34675,0
1790650811.724882,34,OFF,35675,0
1790650812.719842,35,OFF,36675,0
1790650813.8343053,36,OFF,37675,0
1790650814.794833,37,OFF,38675,0
1790650815.7257006,38,OFF,39675,0
1790650816.7368126,39,OFF,40675,0
1790650817.7288535,40,OFF,41675,0
1790650818.752703,41,OFF,42675,0
1790650819.7817874,42,OFF,43675,0
1790650820.7375321,43,OFF,44675,0
1790650821.7268522,44,OFF,45675,0
1790650822.7690957,45,OFF,46675,0
1790650823.7773993,46,OFF,47675,0
1790650824.632716,47,ON,48575,1
1790650824.8195002,48,ON,48764,0
1790650825.8452442,49,ON,49798,0
1790650826.8857548,50,ON,50832,0
1790650827.9116971,51,ON,51866,0
1790650829.032041,52,ON,52900,0
1790650830.026772,53,ON,53934,0
1790650834.4301655,0,OFF,3171,1
1790650834.4490664,1,OFF,3172,0
1790650834.620511,2,OFF,4172,0
1790650835.562875,3,OFF,5172,0
1790650836.5783913,4,OFF,6172,0
1790650837.6102686,5,OFF,7172,0
1790650838.5641086,6,OFF,8172,0
1790650839.5597634,7,OFF,9172,0
1790650840.5625947,8,OFF,10172,0
1790650841.5942903,9,OFF,11172,0
1790650842.6103673,10,OFF,12172,0
1790650843.562888,11,OFF,13172,0
1790650844.5689704,12,OFF,14172,0
1790650845.5989227,13,OFF,15172,0
1790650846.7031288,14,OFF,16172,0
1790650847.574904,15,OFF,17172,0
1790650848.5907724,16,OFF,18172,0
1790650849.5759726,17,OFF,19172,0
1790650850.615278,18,OFF,20172,0
1790650851.5627577,19,OFF,21172,0
1790650852.5651052,20,OFF,22172,0
1790650853.5691133,21,OFF,23172,0
1790650854.5920286,22,OFF,24172,0
1790650855.565122,23,OFF,25172,0
1790650856.569185,24,OFF,26173,0
1790650857.5736969,25,OFF,27173,0
1790650858.599444,26,OFF,28173,0
1790650859.6057677,27,OFF,29173,0
1790650860.5653987,28,OFF,30173,0
1790650861.565308,29,OFF,31173,0
1790650862.5988882,30,OFF,32173,0
1790650863.6282017,31,OFF,33173,0
1790650864.5660784,32,OFF,34173,0
1790650865.6027164,33,OFF,35173,0
1790650866.575705,34,OFF,36173,0
1790650867.6168168,35,OFF,37173,0
1790650868.5707407,36,OFF,38173,0
1790650869.5702434,37,OFF,39173,0
1790650870.5839477,38,OFF,40173,0
1790650871.6891007,39,OFF,41173,0
1790650872.562758,40,OFF,42173,0
1790650873.566078,41,OFF,43173,0
1790650874.566299,42,OFF,44173,0
1790650875.5865486,43,OFF,45173,0
1790650876.6124957,44,OFF,46174,0
1790650877.573309,45,OFF,47174,0
1790650878.5633907,46,OFF,48174,0
