t_send,t_report,node,tel,gws,policy,block,b1,b2,b3,interferer_at_send,outcome
1790637928.8218532,1790637940.1505332,7,118,1,round-robin,1,0.9926,0.99,,OFF,success
1790637931.0724168,1790637942.622916,1,119,1,round-robin,1,0.9925,0.9942,,OFF,failed
1790637933.3253899,1790637943.9168532,9,96,1,round-robin,1,0.99,0.9938,,OFF,success
1790637936.9709704,1790637946.4045603,8,96,1,round-robin,1,0.9938,0.9925,,OFF,success
1790637937.6361682,1790637947.5279112,3,122,1,round-robin,1,0.0,0.9926,,OFF,success
1790637934.488882,1790637947.6502078,5,120,1,round-robin,1,0.9932,0.9937,,OFF,failed
1790637938.1458929,1790637948.557994,2,97,1,round-robin,1,0.9937,0.9924,,OFF,success
1790637938.8888113,1790637949.0696917,4,118,1,round-robin,1,0.9914,0.9915,,OFF,success
1790637939.7752476,1790637950.07819,10,120,1,round-robin,1,0.99,0.9925,,OFF,success
1790637940.5082464,1790637951.314964,6,121,1,round-robin,1,0.9941,0.9932,,OFF,success
1790637943.375476,1790637953.7506392,7,119,2,round-robin,1,0.9931,0.9924,,OFF,success
1790637945.8511887,1790637956.0404944,1,120,2,round-robin,1,0.9914,0.9914,,OFF,success
1790637947.0531003,1790637957.1805112,9,97,2,round-robin,1,0.9137,0.9915,,OFF,success
1790637949.640464,1790637959.7206507,8,97,2,round-robin,1,0.9901,0.9925,,OFF,success
1790637950.8838358,1790637960.762396,5,121,2,round-robin,1,0.9901,0.9938,,OFF,success
1790637956.5768363,1790637962.9060667,3,123,2,round-robin,1,0.9881,0.9914,,ON,failed
1790637951.7625377,1790637962.9765577,2,98,2,round-robin,1,0.0,0.9925,,OFF,success
1790637953.3029401,1790637963.5083697,10,121,2,round-robin,1,0.9881,0.9938,,OFF,success
1790637954.535612,1790637964.3074958,6,122,2,round-robin,1,0.9881,0.9925,,OFF,success
1790637957.5785913,1790637964.9624758,4,119,2,round-robin,1,0.9912,0.9915,,ON,failed
1790637956.9577444,1790637969.9652877,7,120,1,round-robin,1,0.9915,0.9915,,ON,failed
1790637959.2597866,1790637971.720777,1,121,1,round-robin,1,0.9914,0.9915,,ON,failed
1790637960.3850675,1790637972.2294679,9,98,1,round-robin,1,0.0,0.1449,,ON,failed
1790637962.922449,1790637975.0716207,8,98,1,round-robin,1,0.9924,0.9925,,ON,failed
1790637966.1169143,1790637976.280794,2,99,1,round-robin,1,0.0,0.9932,,OFF,success
1790637963.8769226,1790637977.4257147,5,122,1,round-robin,1,0.0,0.0,,ON,failed
1790637968.1777575,1790637977.8346636,4,120,1,round-robin,1,0.9914,0.9938,,OFF,success
1790637971.584406,1790637978.14128,3,124,1,round-robin,1,0.9881,0.9914,,OFF,failed
1790637972.5854106,1790637978.7479804,10,122,1,round-robin,1,0.9881,0.9932,,OFF,failed
1790637967.6636233,1790637979.296108,6,123,1,round-robin,1,0.9913,0.9915,,OFF,failed
1790637973.1642687,1790637982.785571,7,121,2,round-robin,1,0.9925,0.9925,,OFF,success
1790637974.994597,1790637985.7065895,1,122,2,round-robin,1,0.9901,0.0008,,OFF,success
1790637980.588488,1790637987.4894617,9,99,2,round-robin,1,0.5473,0.9257,,OFF,failed
1790637978.3986433,1790637988.6851497,8,99,2,round-robin,1,0.9938,0.9941,,OFF,success
1790637979.5260649,1790637990.2441072,2,100,2,round-robin,1,0.9933,0.9933,,OFF,success
1790637981.3633482,1790637992.085614,3,125,2,round-robin,1,0.9932,0.9925,,OFF,success
1790637982.1059804,1790637992.5062504,10,123,2,round-robin,1,0.9666,0.9924,,OFF,success
1790637982.5115175,1790637992.6114373,6,124,2,round-robin,1,0.9933,0.9925,,OFF,success
1790637985.591017,1790637993.687257,5,123,2,round-robin,1,0.9875,0.9885,,OFF,failed
1790637986.1903045,1790637996.6025953,7,122,1,round-robin,1,0.9938,0.9942,,OFF,success
1790637989.0661974,1790637999.7773972,1,123,1,round-robin,1,0.9925,0.9925,,OFF,success
1790637990.7704906,1790638003.03627,9,100,1,round-robin,1,0.0,0.9932,,ON,failed
1790637991.915073,1790638004.8771524,8,100,1,round-robin,1,0.9915,0.9932,,ON,failed
1790637993.575195,1790638006.3996077,2,101,1,round-robin,1,0.9933,0.9933,,ON,failed
1790637995.1994672,1790638006.821986,3,126,1,round-robin,1,0.0,0.0,,ON,failed
1790638000.6052513,1790638008.3624556,10,124,1,round-robin,1,0.9666,0.0494,,ON,failed
1790637996.0103354,1790638008.863574,6,125,1,round-robin,1,0.0,0.9898,,ON,failed
1790637996.9421122,1790638010.209031,5,124,1,round-robin,1,0.9875,0.9931,,ON,failed
1790638005.6079044,1790638012.133655,7,123,2,round-robin,1,0.9938,0.5473,,OFF,failed
1790638003.0003502,1790638015.6221325,1,124,2,round-robin,1,0.0,0.0716,,ON,failed
1790638006.3601701,1790638016.6395748,9,101,2,round-robin,1,0.0,0.9851,,OFF,success
1790638008.0931,1790638017.6862135,8,101,2,round-robin,1,0.9901,0.9915,,OFF,success
1790638009.7363253,1790638019.4377625,2,102,2,round-robin,1,0.9924,0.9941,,OFF,success
1790638010.028668,1790638020.1323287,3,127,2,round-robin,1,0.9933,0.99,,OFF,success
1790638011.0508878,1790638021.662341,4,123,1,round-robin,1,0.0016,0.0,,OFF,success
1790638012.099566,1790638022.1014736,6,126,2,round-robin,1,0.9933,0.9915,,OFF,success
1790638013.5312989,1790638023.7449067,5,125,2,round-robin,1,0.9932,0.9938,,OFF,success
1790638016.6125097,1790638023.9109788,10,125,2,round-robin,1,0.9915,0.9875,,OFF,failed
1790638015.4752765,1790638028.2493036,7,124,1,round-robin,1,0.9933,0.9938,,OFF,failed
1790638018.9434998,1790638029.5303326,1,125,1,round-robin,1,0.9901,0.99,,OFF,success
1790638019.9774382,1790638030.1604564,9,102,1,round-robin,1,0.9879,0.9914,,OFF,success
1790638020.8177366,1790638031.9225695,8,102,1,round-robin,1,0.9933,0.9933,,OFF,success
1790638022.6463249,1790638033.3424377,2,103,1,round-robin,1,0.9925,0.9943,,OFF,success
1790638023.4477656,1790638035.2983809,3,128,1,round-robin,1,0.9942,0.9924,,OFF,failed
1790638025.3045728,1790638035.7100701,6,127,1,round-robin,1,0.9925,0.9938,,OFF,success
1790638026.9562683,1790638036.7388203,5,126,1,round-robin,1,0.9915,0.9933,,OFF,success
1790638024.916537,1790638037.546852,4,124,2,round-robin,1,0.0,0.0,,OFF,failed
1790638032.6182926,1790638038.865642,10,126,1,round-robin,1,0.9925,0.9875,,OFF,failed
1790638031.4621646,1790638044.028917,7,125,2,round-robin,1,0.9933,0.9933,,OFF,success
1790638032.7521482,1790638044.0651443,1,126,2,round-robin,1,0.9924,0.9938,,OFF,success
1790638033.3809557,1790638044.486161,9,103,2,round-robin,1,0.9663,0.9933,,OFF,success
1790638035.1107187,1790638046.3528252,8,103,2,round-robin,1,0.9916,0.9915,,OFF,success
1790638036.5743806,1790638047.0735404,2,104,2,round-robin,1,0.9937,0.9943,,OFF,success
1790638038.6331878,1790638049.8157983,3,129,2,round-robin,1,0.2517,0.9925,,OFF,success
1790638038.9242287,1790638051.2340658,6,128,2,round-robin,1,0.9882,0.9933,,OFF,failed
1790638040.069734,1790638051.6938307,5,127,2,round-robin,1,0.9941,0.9938,,OFF,failed
1790638047.02569,1790638053.9111772,10,127,2,round-robin,1,0.9925,0.9937,,OFF,failed
1790638047.0552874,1790638056.576314,7,126,1,round-robin,1,0.9926,0.9933,,OFF,failed
1790638047.0911112,1790638058.1469169,1,127,1,round-robin,1,0.9883,0.9938,,OFF,failed
1790638047.6935232,1790638059.3415911,9,104,1,round-robin,1,0.99,0.9933,,ON,failed
1790638049.561721,1790638062.1303768,8,104,1,round-robin,1,0.9941,0.9915,,ON,failed
1790638052.750587,1790638062.400889,2,105,1,round-robin,1,0.9901,0.9942,,ON,failed
1790638053.0591745,1790638065.3769422,3,130,1,round-robin,1,0.2692,0.0008,,ON,failed
1790638054.9031076,1790638066.6394327,5,128,1,round-robin,1,0.0053,0.008,,ON,failed
1790638054.3678346,1790638067.227469,6,129,1,round-robin,1,0.0,0.6836,,ON,failed
1790638057.1232865,1790638068.552557,10,128,1,round-robin,1,0.9925,0.0,,ON,failed
1790638061.354878,1790638071.4435835,1,128,2,round-robin,1,0.9883,0.9264,,ON,success
1790638062.5682335,1790638073.1579762,9,105,2,round-robin,1,0.99,0.0501,,ON,success
1790637981.052114,,4,121,2,round-robin,1,0.9051,0.0009,,OFF,unavailable
1790638065.3291972,1790638075.1073613,8,105,2,round-robin,1,0.0,0.0016,,ON,success
1790638065.6427698,1790638076.749557,2,106,2,round-robin,1,0.9901,0.9938,,ON,success
1790638068.6910267,1790638078.8258417,3,131,2,round-robin,1,0.2692,0.0001,,ON,success
1790638075.6532795,1790638081.4676347,6,130,2,round-robin,1,0.0,0.9768,,OFF,failed
1790638069.8468778,1790638082.6068692,5,129,2,round-robin,1,0.4713,0.9881,,ON,failed
1790638071.766437,1790638082.795435,10,129,2,round-robin,1,0.0,0.0,,OFF,success
1790638072.2744787,1790638083.3143191,4,127,2,round-robin,1,0.0,0.0,,OFF,success
1790638074.652626,1790638084.5539575,1,129,1,round-robin,1,0.9933,0.9922,,OFF,success
1790638076.3718772,1790638086.8837783,9,106,1,round-robin,1,0.9915,0.9925,,OFF,success
1790638078.3319519,1790638089.0374413,8,106,1,round-robin,1,0.9925,0.9925,,OFF,success
1790638079.9723487,1790638091.1893744,2,107,1,round-robin,1,0.9941,0.9926,,OFF,success
1790638082.037198,1790638092.340449,3,132,1,round-robin,1,0.9925,0.9924,,OFF,success
1790638084.7041626,1790638095.58125,6,131,1,round-robin,1,0.9925,0.9942,,OFF,success
1790638085.793065,1790638096.4451587,5,130,1,round-robin,1,0.9937,0.9938,,OFF,success
1790638086.014589,1790638097.524019,10,130,1,round-robin,1,0.991,0.9936,,OFF,success
1790638087.7734952,1790638098.0784273,1,130,2,round-robin,1,0.9914,0.9916,,OFF,success
1790638086.5384662,1790638099.5842366,4,128,1,round-robin,1,0.9915,0.9901,,OFF,failed
1790638090.114955,1790638101.2142437,9,107,2,round-robin,1,0.9814,0.9925,,OFF,success
1790638092.2771263,1790638101.7298217,8,107,2,round-robin,1,0.9925,0.9926,,OFF,success
1790638090.7602222,1790638102.555626,7,129,1,round-robin,1,0.9941,0.9925,,OFF,failed
1790638094.4114206,1790638104.3841295,2,108,2,round-robin,1,0.9914,0.9926,,OFF,success
1790638095.6747339,1790638106.0312896,3,133,2,round-robin,1,0.9933,0.9938,,OFF,success
1790638098.7992535,1790638109.6582413,6,132,2,round-robin,1,0.0054,0.9938,,OFF,success
1790638100.6956265,1790638111.2817183,10,131,2,round-robin,1,0.9855,0.9925,,OFF,success
1790638101.2878287,1790638112.687645,1,131,1,round-robin,1,0.9932,0.9924,,OFF,failed
1790638099.6615057,1790638113.1283393,5,131,2,round-robin,1,0.9925,0.9901,,OFF,failed
1790638102.8154538,1790638113.5284657,4,129,2,round-robin,1,0.9881,0.9915,,OFF,success
1790638104.4328356,1790638115.4954581,9,108,1,round-robin,1,0.9672,0.9933,,OFF,success
1790638104.9591594,1790638116.0940735,8,108,1,round-robin,1,0.9938,0.9925,,OFF,success
1790638105.776957,1790638116.6867137,7,130,2,round-robin,1,0.9938,0.9932,,OFF,success
1790638107.6110537,1790638117.6342072,2,109,1,round-robin,1,0.9933,0.9926,,OFF,success
1790638109.3571482,1790638121.1860936,3,134,1,round-robin,1,0.9916,0.9933,,OFF,failed
1790638112.9344177,1790638124.7705913,6,133,1,round-robin,1,0.9938,0.9925,,ON,failed
1790638116.743132,1790638126.1418517,4,130,1,round-robin,1,0.0,0.0,,ON,success
1790638115.9134777,1790638127.0605185,1,132,2,round-robin,1,0.0,0.0,,ON,success
1790638114.5047226,1790638127.5511038,10,132,1,round-robin,1,0.0,0.0054,,ON,failed
1790638121.7150455,1790638127.840991,5,132,1,round-robin,1,0.9925,0.9932,,ON,failed
1790638118.7123978,1790638128.3603313,9,109,2,round-robin,1,0.0019,0.0008,,ON,success
1790638124.7176952,1790638130.7213426,8,109,2,round-robin,1,0.0,0.0045,,ON,failed
1790638120.8376262,1790638130.834082,2,110,2,round-robin,1,0.9915,0.9926,,ON,success
1790638124.7187335,1790638131.6644108,7,131,1,round-robin,1,0.0,0.7133,,ON,failed
1790638040.7838016,,4,125,1,round-robin,1,0.9938,0.9912,,OFF,unavailable
1790638124.4144816,1790638135.651594,3,135,2,round-robin,1,0.9916,0.6811,,ON,success
1790638133.7275484,1790638140.3337805,6,134,2,round-robin,1,0.9938,0.0133,,ON,failed
1790638129.3211207,1790638141.1599236,4,131,2,round-robin,1,0.0,0.6375,,ON,failed
1790638130.2716157,1790638142.1144,1,133,1,round-robin,1,0.0,0.0,,ON,failed
1790638131.0648263,1790638142.6877701,5,133,2,round-robin,1,0.0,0.0,,ON,failed
1790638136.7302496,1790638142.8513136,9,110,1,round-robin,1,0.0019,0.0,,OFF,failed
1790638130.7570088,1790638144.1166346,10,133,2,round-robin,1,0.0,0.0,,ON,failed
1790638134.1664364,1790638144.3727534,2,111,1,round-robin,1,0.0,0.9876,,ON,success
1790638138.7323933,1790638146.6123316,8,110,1,round-robin,1,0.0,0.8704,,OFF,failed
1790638140.735038,1790638148.320611,7,132,2,round-robin,1,0.0,0.0,,OFF,failed
1790638138.872749,1790638150.0624876,3,136,1,round-robin,1,0.9933,0.9941,,OFF,success
1790638143.5704286,1790638154.581581,6,135,1,round-robin,1,0.9925,0.9925,,OFF,success
1790638146.043283,1790638155.9457138,9,111,2,round-robin,1,0.9897,0.9844,,OFF,success
1790638145.341927,1790638156.519135,1,134,2,round-robin,1,0.9925,0.9913,,OFF,success
1790638144.3890057,1790638157.559191,4,132,1,round-robin,1,0.9883,0.9901,,OFF,failed
1790638147.695505,1790638157.7647328,2,112,2,round-robin,1,0.9825,0.9938,,OFF,success
1790638151.7421536,1790638158.261339,5,134,1,round-robin,1,0.9902,0.9867,,OFF,failed
1790638064.6456983,,7,127,2,round-robin,1,0.0,0.0,,ON,unavailable
1790638147.287949,1790638158.7612462,10,134,1,round-robin,1,0.9916,0.9909,,OFF,success
1790638199.6001768,1790638210.7044253,3,140,1,snr-greedy,1,0.9941,0.9924,,OFF,success
1790638200.798733,1790638211.6132243,6,139,2,snr-greedy,1,0.9901,0.9938,,OFF,success
1790638203.692971,1790638214.1763167,9,115,2,snr-greedy,1,0.9933,0.9933,,ON,success
1790638207.141733,1790638216.662095,1,138,2,snr-greedy,1,0.9,0.9933,,ON,success
1790638208.58424,1790638218.8048372,2,116,2,snr-greedy,1,0.9,0.9924,,ON,success
1790638213.2781656,1790638219.3914957,10,138,2,snr-greedy,1,0.9,0.0,,ON,failed
1790638208.2016969,1790638219.914746,5,138,2,snr-greedy,1,0.9,0.8828,,ON,failed
1790638210.336657,1790638220.4165673,8,115,2,snr-greedy,1,0.9,0.8495,,ON,success
1790638214.8285291,1790638225.5464654,6,140,1,snr-greedy,1,0.0549,0.0305,,ON,success
1790638213.9242885,1790638226.1417506,3,141,1,snr-greedy,1,0.9941,0.0,,ON,failed
1790638219.8731859,1790638229.6571531,1,139,2,snr-greedy,1,0.9,0.9924,,ON,success
1790638217.3918843,1790638230.6610668,9,116,1,snr-greedy,1,0.9933,0.0,,ON,failed
1790638222.011763,1790638233.0108268,2,117,2,snr-greedy,1,0.0,0.9926,,ON,success
1790638223.2290306,1790638233.8343344,5,139,1,snr-greedy,1,0.0,0.0,,OFF,success
1790638223.6409686,1790638234.1519341,8,116,2,snr-greedy,1,0.9,0.9383,,OFF,success
1790638222.6136968,1790638234.6862712,10,139,2,snr-greedy,1,0.9,0.9915,,ON,failed
1790638231.281718,1790638238.5424705,7,138,1,snr-greedy,1,0.9904,0.9878,,OFF,failed
1790638229.3604558,1790638239.06477,3,142,2,snr-greedy,1,0.9914,0.9926,,OFF,success
1790638228.7599978,1790638239.5695198,6,141,2,snr-greedy,1,0.9898,0.9914,,OFF,success
1790638233.8828237,1790638243.987572,9,117,2,snr-greedy,1,0.9922,0.9931,,OFF,success
1790638232.994858,1790638246.1412904,1,140,2,snr-greedy,1,0.9925,0.994,,OFF,failed
1790638236.3457823,1790638246.528006,2,118,2,snr-greedy,1,0.9937,0.9943,,OFF,success
1790638237.4816308,1790638247.3373058,8,117,1,snr-greedy,1,0.7741,0.0,,OFF,success
1790638237.0573215,1790638247.9917073,5,140,2,snr-greedy,1,0.0009,0.9937,,OFF,success
1790638237.9077506,1790638248.590427,10,140,2,snr-greedy,1,0.9851,0.9923,,OFF,success
1790638239.550879,1790638249.7020762,4,138,2,snr-greedy,1,0.992,0.9941,,OFF,success
1790638242.2943254,1790638251.550051,3,143,2,snr-greedy,1,0.9901,0.9933,,OFF,success
1790638241.7767906,1790638252.8108127,7,139,2,snr-greedy,1,0.9938,0.9943,,OFF,success
1790638242.8975933,1790638254.2041461,6,142,1,snr-greedy,1,0.9915,0.9914,,OFF,success
1790638247.2065988,1790638256.5634754,9,118,2,snr-greedy,1,0.9914,0.9944,,OFF,success
1790638249.3550618,1790638258.8383698,1,141,1,snr-greedy,1,0.9902,0.9899,,OFF,success
1790638249.7604856,1790638259.5790997,2,119,1,snr-greedy,1,0.9932,0.9933,,OFF,success
1790638250.6304266,1790638261.201752,8,118,1,snr-greedy,1,0.9942,0.993,,OFF,success
1790638251.2120411,1790638261.5847356,5,141,1,snr-greedy,1,0.9944,0.9938,,OFF,success
1790638252.9368048,1790638263.4321039,4,139,2,snr-greedy,1,0.9933,0.9938,,OFF,success
1790638254.7851336,1790638265.9223943,3,144,2,snr-greedy,1,0.9915,0.9926,,OFF,success
1790638256.026425,1790638267.04489,7,140,2,snr-greedy,1,0.9915,0.9933,,OFF,success
1790638257.423629,1790638267.2473264,6,143,2,snr-greedy,1,0.9901,0.9926,,OFF,success
1790638259.8031044,1790638271.002465,9,119,2,snr-greedy,1,0.9932,0.9941,,OFF,success
1790638262.0638835,1790638271.4162323,1,142,2,snr-greedy,1,0.9914,0.9924,,OFF,success
1790638262.8440802,1790638272.5698588,2,120,2,snr-greedy,1,0.9915,0.9938,,OFF,success
1790638264.8125103,1790638274.9001234,5,142,1,snr-greedy,1,0.0,0.0,,OFF,success
1790638264.2328634,1790638275.1025271,8,119,1,snr-greedy,1,0.9943,0.9933,,OFF,success
1790638266.6520138,1790638277.4619474,4,140,2,snr-greedy,1,0.9901,0.9933,,OFF,success
1790638269.1339242,1790638279.1997364,3,145,2,snr-greedy,1,0.9938,0.9939,,ON,success
1790638270.470427,1790638283.215668,6,144,2,snr-greedy,1,0.9898,0.9923,,ON,failed
1790638275.3131661,1790638283.3965516,7,141,2,snr-greedy,1,0.9933,0.9938,,ON,failed
1790638274.2315261,1790638284.4098675,9,120,2,snr-greedy,1,0.0,0.7932,,ON,success
1790638275.7878516,1790638286.7819405,2,121,2,snr-greedy,1,0.0001,0.9915,,ON,success
1790638274.63588,1790638287.3842893,1,143,1,snr-greedy,1,0.9914,0.9561,,ON,failed
1790638283.3102138,1790638290.351778,5,143,1,snr-greedy,1,0.0,0.0,,ON,failed
1790638278.5653791,1790638290.894961,8,120,1,snr-greedy,1,0.9943,0.8975,,ON,failed
1790638279.5822935,1790638291.2806897,10,143,2,snr-greedy,1,0.9925,0.987,,ON,failed
1790638280.6821947,1790638293.1246057,4,141,2,snr-greedy,1,0.9901,0.9936,,ON,failed
1790638282.4158015,1790638293.8460937,3,146,1,snr-greedy,1,0.9938,0.0,,ON,failed
1790638287.626038,1790638298.5827572,9,121,2,snr-greedy,1,0.0,0.9834,,OFF,success
1790638292.3127925,1790638299.1637852,7,142,1,snr-greedy,1,0.3499,0.0,,OFF,failed
1790638207.551254,,4,136,1,snr-greedy,1,0.0,0.0,,ON,unavailable
1790638292.3124921,1790638299.4743385,6,145,1,snr-greedy,1,0.9898,0.003,,OFF,failed
1790638290.0001318,1790638301.0004265,2,122,2,snr-greedy,1,0.0,0.9925,,OFF,success
1790638290.606554,1790638301.8353295,1,144,1,snr-greedy,1,0.994,0.9925,,OFF,failed
1790638294.4980726,1790638304.1881945,10,144,2,snr-greedy,1,0.9925,0.9938,,OFF,success
1790638293.5657747,1790638304.3207967,5,144,1,snr-greedy,1,0.0,0.0,,OFF,success
1790638294.109405,1790638304.5067966,8,121,1,snr-greedy,1,0.9937,0.9931,,OFF,success
1790638296.3356924,1790638307.146252,4,142,2,snr-greedy,1,0.988,0.9926,,OFF,success
1790638297.0730762,1790638307.973459,3,147,2,snr-greedy,1,0.9881,0.9916,,OFF,success
1790638301.8062265,1790638311.158537,9,122,2,snr-greedy,1,0.0,0.1296,,OFF,success
1790638302.7024052,1790638312.812363,6,146,2,snr-greedy,1,0.7705,0.9925,,OFF,success
1790638302.39636,1790638313.5312092,7,143,1,snr-greedy,1,0.9912,0.9842,,OFF,success
1790638305.150289,1790638315.349521,1,145,2,snr-greedy,1,0.9901,0.99,,OFF,success
1790638307.6281004,1790638317.5063472,5,145,2,snr-greedy,1,0.0,0.7741,,OFF,success
1790638312.324327,1790638320.0636575,10,145,2,snr-greedy,1,0.9925,0.9933,,OFF,failed
1790638313.3260977,1790638320.8652925,8,122,2,snr-greedy,1,0.9926,0.8689,,OFF,failed
1790638310.4022954,1790638321.486588,4,143,2,snr-greedy,1,0.9914,0.9932,,OFF,success
1790638311.2160008,1790638321.6074169,3,148,2,snr-greedy,1,0.9938,0.9942,,OFF,success
1790638314.3726103,1790638324.0552106,9,123,1,snr-greedy,1,0.9901,0.9901,,OFF,success
1790638316.0264797,1790638326.3137274,6,147,2,snr-greedy,1,0.954,0.9932,,OFF,success
1790638316.8169432,1790638327.4527192,7,144,2,snr-greedy,1,0.9925,0.9938,,OFF,success
1790638318.5642416,1790638328.271984,1,146,1,snr-greedy,1,0.0,0.0,,OFF,success
1790638320.7393925,1790638331.9402864,5,146,1,snr-greedy,1,0.9933,0.9915,,OFF,success
1790638323.2877808,1790638333.1666608,10,146,2,snr-greedy,1,0.9932,0.9938,,OFF,success
1790638324.1985242,1790638335.1926894,8,123,2,snr-greedy,1,0.9925,0.9938,,OFF,success
1790638324.813479,1790638335.717853,3,149,1,snr-greedy,1,0.9927,0.988,,OFF,success
1790638330.3324356,1790638337.6894426,4,144,2,snr-greedy,1,0.9914,0.9938,,ON,failed
1790638329.5132358,1790638339.3083117,6,148,2,snr-greedy,1,0.9815,0.9915,,ON,success
1790638327.2840836,1790638339.8501043,9,124,1,snr-greedy,1,0.9933,0.9914,,ON,failed
1790638331.4894197,1790638340.9423125,1,147,2,snr-greedy,1,0.0,0.9913,,ON,success
1790638330.5513036,1790638342.4902256,7,145,1,snr-greedy,1,0.0,0.0,,ON,failed
1790638333.244998,1790638343.01888,2,125,2,snr-greedy,1,0.9931,0.9942,,ON,success
1790638251.81391,,10,141,2,snr-greedy,1,0.9925,0.9938,,OFF,unavailable
1790638335.1478076,1790638347.4974165,5,147,2,snr-greedy,1,0.0,0.6813,,ON,failed
1790638336.3777332,1790638349.3588252,10,147,1,snr-greedy,1,0.9932,0.8687,,ON,failed
1790638338.4584072,1790638351.8062482,8,124,1,snr-greedy,1,0.1683,0.0,,ON,failed
1790638338.9356573,1790638351.824307,3,150,1,snr-greedy,1,0.9927,0.943,,ON,failed
1790638344.2637808,1790638353.7745998,1,148,2,snr-greedy,1,0.0,0.8313,,OFF,success
1790638340.8885798,1790638353.7805266,4,145,1,snr-greedy,1,0.0,0.0,,ON,failed
1790638348.340678,1790638354.5692134,9,125,1,snr-greedy,1,0.9933,0.9914,,OFF,failed
1790638342.5162067,1790638355.1796923,6,149,2,snr-greedy,1,0.0,0.9265,,ON,failed
1790638346.2318468,1790638355.7039306,2,126,1,snr-greedy,1,0.9931,0.9933,,OFF,success
1790638345.8145716,1790638357.0417988,7,146,2,snr-greedy,1,0.0,0.2419,,OFF,success
1790638350.7324347,1790638360.120545,5,148,2,snr-greedy,1,0.9915,0.9925,,OFF,success
1790638352.5850112,1790638362.6763766,10,148,2,snr-greedy,1,0.9925,0.9933,,OFF,success
1790638355.0173745,1790638365.8270125,8,125,1,snr-greedy,1,0.8815,0.687,,OFF,success
1790638360.3680723,1790638366.586492,3,151,2,snr-greedy,1,0.9927,0.9922,,OFF,failed
1790638356.9752007,1790638367.0919821,4,146,1,snr-greedy,1,0.0,0.0,,OFF,success
1790638357.7862358,1790638367.7708454,9,126,2,snr-greedy,1,0.9925,0.9925,,OFF,success
1790638358.5090883,1790638368.3826725,6,150,2,snr-greedy,1,0.9901,0.9915,,OFF,success
1790638357.0831223,1790638369.1106446,1,149,2,snr-greedy,1,0.0,0.0004,,OFF,failed
1790638360.3693485,1790638370.2297208,7,147,2,snr-greedy,1,0.9929,0.994,,OFF,success
1790638358.927008,1790638370.2340143,2,127,2,snr-greedy,1,0.9416,0.9943,,OFF,success
1790638363.3460793,1790638372.7933168,5,149,2,snr-greedy,1,0.9924,0.9942,,OFF,success
1790638365.8668976,1790638377.9147289,10,149,1,snr-greedy,1,0.9938,0.9932,,OFF,failed
1790638369.0416386,1790638378.868374,8,126,2,snr-greedy,1,0.9933,0.9938,,OFF,success
1790638369.7788613,1790638380.4668498,3,152,1,snr-greedy,1,0.9938,0.9938,,OFF,success
1790638371.6026847,1790638381.8089216,6,151,1,snr-greedy,1,0.9933,0.9925,,OFF,success
1790638370.3095174,1790638383.145296,4,147,1,snr-greedy,1,0.9925,0.9915,,OFF,failed
1790638373.4690256,1790638384.894,2,128,2,snr-greedy,1,0.9416,0.9938,,OFF,success
1790638376.008896,1790638386.4187562,5,150,1,snr-greedy,1,0.9942,0.9932,,OFF,success
1790638381.1267114,1790638391.6446235,10,150,2,snr-greedy,1,0.9914,0.9933,,OFF,success
1790638382.0781686,1790638392.1461768,8,127,2,snr-greedy,1,0.9932,0.9942,,OFF,success
1790638304.222312,,2,123,2,snr-greedy,1,0.9931,0.9937,,OFF,unavailable
1790638385.0374832,1790638395.126327,6,152,1,snr-greedy,1,0.003,0.0008,,OFF,success
1790638383.688182,1790638397.0829945,3,153,2,snr-greedy,1,0.9925,0.9933,,OFF,failed
1790638386.3674524,1790638397.581175,4,148,2,snr-greedy,1,0.9913,0.9924,,OFF,success
1790638388.1360168,1790638397.6813886,2,129,2,snr-greedy,1,0.9933,0.9938,,OFF,success
1790638389.743811,1790638400.6631513,5,151,2,snr-greedy,1,0.9943,0.9943,,OFF,success
1790638395.3728683,1790638405.1580768,8,128,1,snr-greedy,1,0.9937,0.9937,,OFF,success
1790638394.847179,1790638405.6690567,10,151,2,snr-greedy,1,0.9925,0.9944,,OFF,success
1790638398.350849,1790638408.022143,6,153,2,snr-greedy,1,0.9925,0.9942,,OFF,success
1790638400.9069707,1790638410.4963582,2,130,2,snr-greedy,1,0.0,0.9883,,OFF,success
1790638401.4031134,1790638411.1186457,9,129,2,snr-greedy,1,0.9915,0.9933,,OFF,success
1790638400.2777078,1790638412.4538608,3,154,1,snr-greedy,1,0.8703,0.0002,,OFF,failed
1790638406.407327,1790638413.1599236,4,149,1,snr-greedy,1,0.9925,0.9915,,ON,failed
1790638402.8398626,1790638414.8981159,7,150,1,snr-greedy,1,0.9931,0.9915,,ON,failed
1790638403.1570644,1790638415.5972393,1,152,1,snr-greedy,1,0.9924,0.9924,,ON,failed
1790638403.8868935,1790638416.8265903,5,152,1,snr-greedy,1,0.9925,0.9915,,ON,failed
1790638408.370127,1790638419.7983735,8,129,1,snr-greedy,1,0.9937,0.0,,ON,failed
1790638414.4118154,1790638421.539217,10,152,2,snr-greedy,1,0.9925,0.9933,,ON,failed
1790638411.2319453,1790638422.2524803,6,154,2,snr-greedy,1,0.9925,0.9938,,ON,success
1790638413.710177,1790638424.220274,2,131,2,snr-greedy,1,0.0,0.9896,,ON,success
1790638419.4143536,1790638426.3892198,9,130,2,snr-greedy,1,0.0,0.0,,ON,failed
1790638415.6615798,1790638427.4091518,3,155,1,snr-greedy,1,0.8703,0.0,,ON,failed
1790638421.4176948,1790638428.6076446,4,150,1,snr-greedy,1,0.9925,0.9909,,ON,failed
1790638423.4198518,1790638429.528234,7,151,1,snr-greedy,1,0.9931,0.8527,,ON,failed
1790638470.8551912,1790638481.8564234,6,158,2,state-aware,1,0.9181,0.9933,,ON,success
1790638469.7004657,1790638482.3574314,8,133,1,state-aware,1,0.9942,0.9932,,ON,failed
1790638470.5487628,1790638482.9986992,2,135,1,state-aware,1,0.9933,0.9915,,ON,failed
1790638473.0141187,1790638486.367462,10,156,1,state-aware,1,0.9,0.8526,,ON,failed
1790638476.048243,1790638487.164956,9,134,2,state-aware,1,0.9,0.9943,,ON,success
1790638476.8759608,1790638489.1227758,3,159,1,state-aware,1,0.9,0.3836,,ON,failed
1790638478.6504552,1790638490.1528888,4,154,2,state-aware,1,0.9,0.9936,,ON,failed
1790638480.7831523,1790638491.1725771,1,157,2,state-aware,1,0.0,0.0,,ON,success
1790638483.3376067,1790638496.515029,5,157,1,state-aware,1,0.9,0.6192,,ON,failed
1790638486.0929782,1790638497.0168514,2,136,2,state-aware,1,0.9933,0.9938,,ON,success
1790638489.9521224,1790638497.8588767,6,159,2,state-aware,1,0.9181,0.9937,,OFF,failed
1790638490.953822,1790638498.3393123,8,134,2,state-aware,1,0.9942,0.9833,,OFF,failed
1790638489.683378,1790638500.5145752,10,157,2,state-aware,1,0.9906,0.9937,,OFF,success
1790638490.4863696,1790638501.5321248,9,135,1,state-aware,1,0.9933,0.9925,,OFF,success
1790638492.351224,1790638502.9619527,3,160,2,state-aware,1,0.9914,0.9941,,OFF,success
1790638493.4882777,1790638503.691836,4,155,1,state-aware,1,0.9925,0.9925,,OFF,success
1790638494.5025303,1790638505.8184276,1,158,1,state-aware,1,0.9924,0.9914,,OFF,success
1790638499.7911444,1790638509.4069562,5,158,2,state-aware,1,0.9901,0.9938,,OFF,success
1790638500.2560167,1790638510.5369415,2,137,2,state-aware,1,0.9932,0.9925,,OFF,success
1790638501.5659564,1790638511.7702522,8,135,2,state-aware,1,0.9902,0.9933,,OFF,success
1790638501.0622065,1790638512.1975315,6,160,1,state-aware,1,0.9172,0.9933,,OFF,success
1790638503.8450353,1790638513.2874122,10,158,2,state-aware,1,0.9933,0.9933,,OFF,success
1790638504.7440114,1790638514.8263507,9,136,1,state-aware,1,0.9932,0.9915,,OFF,success
1790638506.1930263,1790638516.8848062,3,161,2,state-aware,1,0.9914,0.9938,,OFF,success
1790638506.9102712,1790638517.4825172,4,156,1,state-aware,1,0.9932,0.9924,,OFF,success
1790638509.0380783,1790638519.953272,1,159,2,state-aware,1,0.0,0.0016,,OFF,success
1790638512.6155262,1790638522.005737,5,159,2,state-aware,1,0.9925,0.9915,,OFF,success
1790638513.743424,1790638524.7985163,2,138,2,state-aware,1,0.9924,0.9932,,OFF,success
1790638515.507737,1790638526.4211702,6,161,1,state-aware,1,0.9931,0.9944,,OFF,success
1790638514.9994736,1790638526.9285994,8,136,1,state-aware,1,0.9925,0.9926,,OFF,failed
1790638518.0276747,1790638527.652951,9,137,2,state-aware,1,0.9925,0.9942,,OFF,success
1790638520.1180437,1790638529.8078592,3,162,2,state-aware,1,0.9942,0.9943,,OFF,success
1790638516.5075126,1790638529.866777,10,159,2,state-aware,1,0.9926,0.9933,,OFF,failed
1790638520.715868,1790638531.1989555,4,157,1,state-aware,1,0.9914,0.9901,,OFF,success
1790638523.1605864,1790638533.9555385,1,160,1,state-aware,1,0.9899,0.9893,,OFF,success
1790638525.3059275,1790638537.5818846,5,160,2,state-aware,1,0.9938,0.9916,,ON,failed
1790638527.9760244,1790638538.178996,2,139,2,state-aware,1,0.0,0.9883,,ON,success
1790638530.857743,1790638540.8390975,9,138,1,state-aware,1,0.9925,0.0,,ON,success
1790638529.626462,1790638541.0650618,6,162,1,state-aware,1,0.9931,0.0,,ON,failed
1790638535.9670944,1790638542.5887184,8,137,2,state-aware,1,0.0,0.0,,ON,failed
1790638533.034293,1790638543.3949769,10,160,2,state-aware,1,0.0,0.0,,ON,success
1790638537.968307,1790638546.204409,3,163,1,state-aware,1,0.9942,0.0,,ON,failed
1790638534.3625107,1790638546.883262,4,158,1,state-aware,1,0.0,0.0,,ON,failed
1790638537.1096587,1790638550.0482786,1,161,1,state-aware,1,0.9899,0.9661,,ON,failed
1790638541.3912287,1790638552.4112175,2,140,2,state-aware,1,0.0,0.9926,,ON,success
1790638540.8029208,1790638553.141063,5,161,2,state-aware,1,0.0,0.0,,ON,failed
1790638544.280928,1790638554.3621979,6,163,1,state-aware,1,0.0053,0.052,,OFF,success
1790638548.972617,1790638555.414383,9,139,2,state-aware,1,0.0,0.9671,,OFF,failed
1790638546.6196802,1790638557.0420864,10,161,1,state-aware,1,0.9915,0.9939,,OFF,success
1790638545.8101578,1790638558.0719402,8,138,1,state-aware,1,0.9925,0.9933,,OFF,failed
1790638549.4027383,1790638559.4038622,3,164,2,state-aware,1,0.9915,0.9938,,OFF,success
1790638550.2283237,1790638561.7142258,4,159,2,state-aware,1,0.9908,0.9929,,OFF,failed
1790638555.6357477,1790638565.2424152,2,141,2,state-aware,1,0.9728,0.9938,,OFF,success
1790638553.308658,1790638566.5253813,1,162,2,state-aware,1,0.9914,0.99,,OFF,failed
1790638556.3671033,1790638566.7539632,5,162,1,state-aware,1,0.9941,0.9941,,OFF,success
1790638557.581994,1790638567.9781678,6,164,2,state-aware,1,0.9925,0.9942,,OFF,success
1790638558.6378927,1790638569.2200236,9,140,1,state-aware,1,0.9932,0.9942,,OFF,success
1790638560.3362634,1790638571.1577616,10,162,1,state-aware,1,0.9938,0.9933,,OFF,success
1790638562.829309,1790638573.0044286,3,165,2,state-aware,1,0.9916,0.9938,,OFF,success
1790638561.3004415,1790638574.711515,8,139,2,state-aware,1,0.9915,0.9916,,OFF,failed
1790638564.8847494,1790638576.1913223,4,160,1,state-aware,1,0.99,0.99,,OFF,success
1790638568.5143757,1790638579.133419,2,142,2,state-aware,1,0.9899,0.9925,,OFF,success
1790638569.9689653,1790638580.284505,5,163,1,state-aware,1,0.9924,0.9923,,OFF,success
1790638574.981617,1790638581.304052,1,163,1,state-aware,1,0.9932,0.9899,,OFF,failed
1790638572.4330618,1790638581.7930853,9,141,1,state-aware,1,0.9925,0.9944,,OFF,success
1790638571.2062812,1790638582.8245986,6,165,2,state-aware,1,0.9901,0.9926,,OFF,failed
1790638576.304674,1790638586.2345374,3,166,2,state-aware,1,0.9933,0.9938,,OFF,success
1790638574.381802,1790638587.728891,10,163,1,state-aware,1,0.9933,0.9924,,OFF,failed
1790638579.4031618,1790638588.862057,4,161,1,state-aware,1,0.9915,0.9912,,OFF,success
1790638578.079384,1790638588.9852862,8,140,1,state-aware,1,0.9915,0.9942,,OFF,success
1790638495.1111393,,7,156,2,state-aware,1,0.9915,0.9925,,OFF,unavailable
1790638582.360289,1790638592.3479197,2,143,2,state-aware,1,0.9372,0.9915,,OFF,success
1790638583.5025852,1790638594.5184424,5,164,1,state-aware,1,0.9926,0.9933,,OFF,success
1790638584.5310545,1790638595.5210493,1,164,1,state-aware,1,0.9896,0.4874,,OFF,success
1790638585.0358534,1790638595.9461427,7,162,1,state-aware,1,0.9933,0.9899,,OFF,success
1790638589.9870956,1790638597.4640691,9,142,1,state-aware,1,0.9925,0.9933,,OFF,failed
1790638586.0388901,1790638599.336124,6,166,1,state-aware,1,0.9933,0.9942,,OFF,failed
1790638589.6162345,1790638600.536235,3,167,2,state-aware,1,0.9933,0.9938,,OFF,success
1790638590.8967068,1790638600.9559386,10,164,2,state-aware,1,0.9932,0.9926,,OFF,success
1790638592.1849506,1790638603.508217,8,141,1,state-aware,1,0.9915,0.0,,OFF,success
1790638596.9915745,1790638605.1749997,4,162,1,state-aware,1,0.99,0.9912,,OFF,failed
1790638595.6925418,1790638607.1144185,2,144,2,state-aware,1,0.9942,0.9932,,OFF,success
1790638597.5535839,1790638607.3836505,5,165,1,state-aware,1,0.9915,0.9882,,OFF,success
1790638598.7382963,1790638608.6261966,1,165,2,state-aware,1,0.9925,0.9914,,OFF,success
1790638600.6824875,1790638610.8849175,9,143,2,state-aware,1,0.9925,0.9925,,ON,success
1790638602.656748,1790638613.9357684,6,167,2,state-aware,1,0.9933,0.9931,,ON,success
1790638603.8397305,1790638614.4470284,3,168,1,state-aware,1,0.9933,0.0946,,ON,success
1790638524.7052152,,7,158,1,state-aware,1,0.994,0.9937,,ON,unavailable
1790638604.1799848,1790638615.793969,10,165,2,state-aware,1,0.9932,0.9933,,ON,failed
1790638606.732632,1790638618.0572748,8,142,1,state-aware,1,0.9915,0.8811,,ON,failed
1790638608.3977659,1790638621.1207914,4,163,2,state-aware,1,0.9942,0.9912,,ON,failed
1790638610.6122067,1790638621.5246677,5,166,1,state-aware,1,0.0002,0.0009,,OFF,success
1790638611.8432987,1790638622.8710554,1,166,1,state-aware,1,0.9925,0.0008,,OFF,success
1790638610.3399737,1790638623.5859864,2,145,2,state-aware,1,0.0,0.9914,,OFF,failed
1790638614.1044707,1790638623.9974234,9,144,2,state-aware,1,0.9915,0.9916,,OFF,success
1790638617.1551545,1790638627.0659723,6,168,2,state-aware,1,0.7909,0.8954,,OFF,success
1790638619.0109825,1790638630.1303544,10,166,1,state-aware,1,0.9925,0.9915,,OFF,success
1790638623.013779,1790638630.662855,3,169,2,state-aware,1,0.9925,0.9906,,OFF,failed
1790638621.2971137,1790638631.8860524,8,143,2,state-aware,1,0.9925,0.9925,,OFF,success
1790638624.46769,1790638635.6765566,4,164,1,state-aware,1,0.0,0.0,,OFF,success
1790638624.7602074,1790638636.304752,5,167,1,state-aware,1,0.9931,0.9936,,OFF,success
1790638627.2285113,1790638636.7844086,9,145,2,state-aware,1,0.9927,0.9921,,OFF,success
1790638626.793593,1790638637.6285908,2,146,2,state-aware,1,0.0,0.9926,,OFF,success
1790638626.08479,1790638638.0234585,1,167,2,state-aware,1,0.9933,0.99,,OFF,failed
1790638626.7971005,1790638638.6381805,7,165,2,state-aware,1,0.9895,0.9901,,OFF,failed
1790638630.3932877,1790638641.6070414,6,169,2,state-aware,1,0.9924,0.9938,,OFF,success
1790638633.3577242,1790638643.67297,10,167,1,state-aware,1,0.6116,0.0004,,OFF,success
1790638635.1071332,1790638645.281188,8,144,2,state-aware,1,0.9925,0.9938,,OFF,success
1790638633.89354,1790638645.9058683,3,170,2,state-aware,1,0.9932,0.9943,,OFF,failed
1790638556.8907871,,7,160,1,state-aware,1,0.9925,0.9925,,OFF,unavailable
1790638639.9951055,1790638650.6111567,9,146,2,state-aware,1,0.9927,0.9933,,ON,success
1790638638.8785288,1790638651.2286172,4,165,1,state-aware,1,0.9915,0.9914,,ON,failed
1790638645.023115,1790638651.6644132,5,168,1,state-aware,1,0.9925,0.9933,,ON,failed
1790638640.8419952,1790638651.7397645,2,147,2,state-aware,1,0.0,0.9933,,ON,success
1790638641.3183458,1790638653.091932,1,168,1,state-aware,1,0.9933,0.9879,,ON,failed
1790638641.856075,1790638653.5739179,7,166,1,state-aware,1,0.0,0.0,,ON,failed
1790638644.8265562,1790638655.4045146,6,170,2,state-aware,1,0.0,0.0004,,ON,success
1790638648.513102,1790638659.142739,8,145,2,state-aware,1,0.0,0.0,,ON,success
1790638646.8874803,1790638659.943526,10,168,1,state-aware,1,0.0,0.0,,ON,failed
1790638649.249793,1790638662.3948154,3,171,1,state-aware,1,0.9932,0.9878,,ON,failed
1790638654.9553623,1790638664.9585638,2,148,2,state-aware,1,0.8887,0.9938,,ON,success
1790638659.030362,1790638665.4695399,9,147,2,state-aware,1,0.9927,0.9772,,ON,failed
1790638656.287112,1790638666.205074,1,169,2,state-aware,1,0.0,0.2572,,ON,success
1790638660.0312982,1790638666.607688,4,166,1,state-aware,1,0.9915,0.8333,,ON,failed
1790638660.031917,1790638667.3251965,5,169,2,state-aware,1,0.0,0.9942,,ON,failed
1790638662.034154,1790638668.2143037,7,167,1,state-aware,1,0.0,0.0,,OFF,failed
1790638658.5689042,1790638668.4536808,6,171,2,state-aware,1,0.2114,0.7606,,ON,success
1790638662.4217567,1790638672.6413527,8,146,2,state-aware,1,0.0,0.9819,,OFF,success
1790638663.1738076,1790638673.1635804,10,169,2,state-aware,1,0.0,0.0555,,OFF,success
1790638665.7657876,1790638675.8142502,3,172,2,state-aware,1,0.9938,0.9941,,OFF,success
1790638668.178876,1790638677.5558395,2,149,2,state-aware,1,0.9926,0.9939,,OFF,success
1790638668.6974413,1790638678.3666992,9,148,1,state-aware,1,0.9932,0.9944,,OFF,success
1790638669.3191102,1790638678.6768627,1,170,2,state-aware,1,0.9915,0.988,,OFF,success
1790638669.823696,1790638680.6345992,4,167,2,state-aware,1,0.9923,0.9924,,OFF,success
1790638670.539364,1790638681.229248,5,170,1,state-aware,1,0.9937,0.9932,,OFF,success
1790638671.671965,1790638684.3247583,6,172,2,state-aware,1,0.9923,0.9915,,OFF,failed
1790638677.0435405,1790638684.4982708,7,168,2,state-aware,1,0.9841,0.9867,,OFF,failed
1790638675.8346338,1790638685.4174922,8,147,2,state-aware,1,0.0,0.0,,OFF,success
1790638676.3712916,1790638687.5969443,10,170,2,state-aware,1,0.99,0.9915,,OFF,success
1790638599.165551,,7,163,2,state-aware,1,0.9901,0.9901,,ON,unavailable
1790638679.0307155,1790638690.3298852,3,173,2,state-aware,1,0.99,0.9938,,OFF,success
1790638680.7677562,1790638690.5581248,2,150,2,state-aware,1,0.9943,0.9944,,OFF,success
1790638681.9010816,1790638692.495936,1,171,2,state-aware,1,0.9898,0.9877,,OFF,success
1790638681.5923624,1790638694.5665064,9,149,1,state-aware,1,0.9925,0.9915,,OFF,failed
1790638683.9687696,1790638695.1888041,4,168,2,state-aware,1,0.9902,0.9916,,OFF,success
1790638684.4649973,1790638695.97642,5,171,1,state-aware,1,0.9942,0.9933,,OFF,failed
1790638687.757585,1790638699.048367,6,173,2,state-aware,1,0.99,0.9933,,OFF,success
1790638687.7217083,1790638700.1745412,7,169,2,state-aware,1,0.9853,0.9916,,OFF,failed
1790638690.8217168,1790638700.484093,10,171,2,state-aware,1,0.9937,0.9932,,OFF,success
1790638739.3497276,1790638749.9401755,1,175,1,ewma,1,0.0,0.989,,OFF,success
1790638741.4764154,1790638751.4653802,4,172,2,ewma,1,0.9913,0.9937,,OFF,success
1790638739.9435155,1790638752.2030268,3,177,2,ewma,1,0.9933,0.9914,,OFF,failed
1790638743.5278835,1790638755.7786674,9,153,1,ewma,1,0.9925,0.9943,,OFF,failed
1790638744.4513779,1790638755.9815345,5,175,2,ewma,1,0.9938,0.9938,,OFF,failed
1790638749.0762208,1790638760.0892892,6,177,2,ewma,1,0.9925,0.9925,,OFF,success
1790638755.6330516,1790638761.6535013,10,175,1,ewma,1,0.989,0.9904,,OFF,failed
1790638749.914273,1790638762.1261535,7,173,2,ewma,1,0.8887,0.8804,,OFF,failed
1790638750.7195072,1790638763.6461935,8,152,1,ewma,1,0.9915,0.9933,,OFF,failed
1790638753.2862308,1790638763.6639276,1,176,1,ewma,1,0.9926,0.9901,,OFF,success
1790638754.6887116,1790638764.9214065,4,173,2,ewma,1,0.99,0.9882,,OFF,success
1790638754.1067953,1790638765.4319704,2,155,1,ewma,1,0.9922,0.9882,,OFF,success
1790638755.4361575,1790638767.8949883,3,178,1,ewma,1,0.9942,0.9944,,OFF,failed
1790638764.6366177,1790638770.9169786,9,154,2,ewma,1,0.9933,0.9916,,OFF,failed
1790638759.2094796,1790638772.18528,5,176,1,ewma,1,0.9933,0.9896,,OFF,failed
1790638763.2995028,1790638772.8137155,6,178,2,ewma,1,0.9902,0.9901,,OFF,success
1790638764.8634505,1790638776.0430024,10,176,2,ewma,1,0.9937,0.9931,,OFF,success
1790638766.8907855,1790638776.6692529,1,177,1,ewma,1,0.9933,0.9924,,OFF,success
1790638765.3646934,1790638777.9317415,7,174,1,ewma,1,0.9915,0.9938,,OFF,failed
1790638772.641735,1790638779.8552883,8,153,2,ewma,1,0.9925,0.9926,,ON,failed
1790638768.2282937,1790638780.3692286,4,174,2,ewma,1,0.9914,0.9914,,ON,failed
1790638771.114109,1790638780.859751,3,179,2,ewma,1,0.0,0.0002,,ON,success
1790638768.7444377,1790638780.9574668,2,156,1,ewma,1,0.9933,0.9944,,ON,failed
1790638774.1320865,1790638784.9974172,9,155,2,ewma,1,0.0,0.0082,,ON,success
1790638775.4004025,1790638786.0886667,5,177,1,ewma,1,0.0,0.0,,ON,success
1790638776.0004258,1790638787.4197536,6,179,2,ewma,1,0.0,0.0224,,ON,failed
1790638779.3628895,1790638791.3110616,10,177,2,ewma,1,0.0053,0.0,,ON,failed
1790638779.885929,1790638792.9495103,1,178,1,ewma,1,0.0,0.0029,,ON,failed
1790638786.6456206,1790638793.704826,7,175,1,ewma,1,0.0,0.0,,ON,failed
1790638783.0774264,1790638794.1812508,8,154,2,ewma,1,0.9925,0.0,,ON,success
1790638788.6477416,1790638795.227778,4,175,2,ewma,1,0.0,0.0,,ON,failed
1790638789.6488981,1790638796.5492787,3,180,2,ewma,1,0.0,0.8536,,ON,failed
1790638784.176321,1790638796.9429357,2,157,2,ewma,1,0.926,0.9938,,ON,failed
1790638788.1966677,1790638799.22152,9,156,2,ewma,1,0.0,0.0,,ON,success
1790638789.2984529,1790638800.9570878,5,178,1,ewma,1,0.0,0.993,,ON,failed
1790638790.6587162,1790638801.9783068,6,180,2,ewma,1,0.0,0.0041,,ON,success
1790638794.5688608,1790638804.635369,10,178,2,ewma,1,0.9924,0.9913,,OFF,success
1790638802.6621022,1790638809.3376775,8,155,2,ewma,1,0.9915,0.9872,,OFF,failed
1790638796.1752677,1790638809.5245633,1,179,1,ewma,1,0.9932,0.9912,,OFF,failed
1790638798.4122036,1790638809.7777998,4,176,1,ewma,1,0.9915,0.9915,,OFF,success
1790638800.1444323,1790638811.2741268,2,158,1,ewma,1,0.9913,0.9933,,OFF,success
1790638802.5073674,1790638812.5365708,9,157,2,ewma,1,0.9938,0.9933,,OFF,success
1790638804.1663222,1790638814.6525674,5,179,1,ewma,1,0.9942,0.9943,,OFF,success
1790638805.1896083,1790638815.080491,6,181,2,ewma,1,0.9915,0.9915,,OFF,success
1790638807.8586743,1790638818.6567054,10,179,2,ewma,1,0.9901,0.9926,,OFF,success
1790638813.0527575,1790638823.675074,4,177,1,ewma,1,0.9921,0.9913,,OFF,success
1790638812.7558622,1790638824.091274,1,180,2,ewma,1,0.0,0.0029,,OFF,success
1790638814.5111527,1790638825.1082673,2,159,1,ewma,1,0.9932,0.9933,,OFF,success
1790638817.6761403,1790638825.635065,8,156,2,ewma,1,0.0,0.0,,OFF,failed
1790638815.7576332,1790638825.8350246,9,158,2,ewma,1,0.9942,0.9942,,OFF,success
1790638817.9675574,1790638828.2904441,5,180,1,ewma,1,0.9944,0.9943,,OFF,success
1790638818.2827506,1790638829.9410315,6,182,2,ewma,1,0.9925,0.9914,,OFF,failed
1790638821.868491,1790638832.5878236,10,180,2,ewma,1,0.9924,0.9938,,OFF,success
1790638826.9182506,1790638837.0792344,4,178,1,ewma,1,0.0,0.0,,OFF,success
1790638829.0675495,1790638838.6303506,9,159,2,ewma,1,0.9885,0.9895,,OFF,success
1790638832.7007987,1790638838.8604882,1,181,2,ewma,1,0.8689,0.8699,,OFF,failed
1790638833.6847239,1790638840.473908,2,160,1,ewma,1,0.9925,0.9925,,OFF,failed
1790638834.6874297,1790638840.803206,3,183,2,ewma,1,0.0,0.0,,OFF,failed
1790638833.685346,1790638841.8296885,8,157,1,ewma,1,0.0,0.8535,,OFF,failed
1790638831.5041416,1790638842.618279,5,181,1,ewma,1,0.9939,0.9938,,OFF,success
1790638833.1219246,1790638843.1472433,6,183,2,ewma,1,0.99,0.9915,,OFF,success
1790638835.793573,1790638846.495213,10,181,2,ewma,1,0.9941,0.9938,,OFF,success
1790638841.9371843,1790638851.6590683,9,160,2,ewma,1,0.8637,0.0096,,ON,success
1790638847.6956651,1790638853.3935363,1,182,2,ewma,1,0.9842,0.9885,,ON,failed
1790638840.3817792,1790638853.873777,4,179,1,ewma,1,0.9857,0.9881,,ON,failed
1790638848.6973004,1790638855.2243676,2,161,1,ewma,1,0.0,0.9938,,ON,failed
1790638845.1356544,1790638855.8427193,8,158,2,ewma,1,0.0,0.0,,ON,success
1790638849.6990933,1790638856.5408995,3,184,1,ewma,1,0.8333,0.8535,,ON,failed
1790638845.8573241,1790638857.9954467,5,182,1,ewma,1,0.0,0.6811,,ON,failed
1790638846.3806882,1790638859.4080982,6,184,2,ewma,1,0.99,0.9901,,ON,failed
1790638849.8797295,1790638861.7766492,10,182,2,ewma,1,0.0723,0.0,,ON,failed
1790638854.8767736,1790638864.5293846,9,161,2,ewma,1,0.8637,0.984,,ON,success
1790638861.7024436,1790638868.3341577,1,183,1,ewma,1,0.9842,0.0,,OFF,failed
1790638862.704059,1790638868.8580205,4,180,1,ewma,1,0.0,0.0,,OFF,failed
1790638858.4347548,1790638869.1319644,2,162,1,ewma,1,0.0,0.9813,,OFF,success
1790638859.7535176,1790638869.9900024,3,185,2,ewma,1,0.0,0.0,,OFF,success
1790638864.7063515,1790638870.7860672,8,159,2,ewma,1,0.0,0.96,,OFF,failed
1790638860.9787235,1790638871.2783666,7,180,2,ewma,1,0.9915,0.9901,,OFF,success
1790638862.6326663,1790638872.7137573,6,185,2,ewma,1,0.9901,0.9914,,OFF,success
1790638866.7085962,1790638873.2236323,5,183,1,ewma,1,0.0,0.9934,,OFF,failed
1790638865.1037374,1790638875.4831088,10,183,2,ewma,1,0.9914,0.9931,,OFF,success
1790638867.7475896,1790638879.0691235,9,162,2,ewma,1,0.9925,0.9933,,OFF,failed
1790638871.5561254,1790638881.6236393,1,184,2,ewma,1,0.9929,0.0,,OFF,success
1790638872.3647537,1790638883.572529,2,163,1,ewma,1,0.9926,0.9939,,OFF,success
1790638877.7154431,1790638883.9874177,4,181,1,ewma,1,0.0,0.0,,OFF,failed
1790638873.2034702,1790638884.090326,3,186,2,ewma,1,0.9916,0.9933,,OFF,success
1790638874.0042248,1790638884.8013206,8,160,2,ewma,1,0.9924,0.9933,,OFF,success
1790638874.5157633,1790638885.132557,7,181,2,ewma,1,0.9933,0.9933,,OFF,success
1790638875.9370093,1790638886.760229,6,186,2,ewma,1,0.9925,0.0,,OFF,success
1790638881.7172604,1790638887.9815438,5,184,1,ewma,1,0.985,0.9938,,OFF,failed
1790638797.0155869,,7,176,2,ewma,1,0.9776,0.9573,,OFF,unavailable
1790638799.8463547,,3,181,2,ewma,1,0.9911,0.9938,,OFF,unavailable
1790638878.6913567,1790638891.6872642,10,184,2,ewma,1,0.9915,0.9915,,OFF,failed
1790638884.8453948,1790638896.8982217,1,185,2,ewma,1,0.9914,0.9913,,OFF,failed
1790638886.8067276,1790638897.2898834,2,164,1,ewma,1,0.9933,0.9932,,OFF,success
1790638887.2039063,1790638897.524944,4,182,2,ewma,1,0.9499,0.0,,OFF,success
1790638888.0256715,1790638898.9309978,8,161,2,ewma,1,0.9938,0.9943,,OFF,success
1790638889.9838803,1790638899.8592558,6,187,2,ewma,1,0.9926,0.9929,,OFF,success
1790638893.7233126,1790638901.185275,7,182,2,ewma,1,0.9915,0.9915,,OFF,failed
1790638891.1960292,1790638901.4228215,5,185,2,ewma,1,0.9933,0.9938,,OFF,success
1790638894.9091215,1790638904.982218,10,185,2,ewma,1,0.8689,0.8535,,OFF,success
1790638900.1038184,1790638909.8767002,1,186,2,ewma,1,0.8008,0.0956,,OFF,success
1790638900.7481616,1790638910.603455,4,183,2,ewma,1,0.9914,0.9915,,OFF,success
1790638900.5073295,1790638912.45639,2,165,1,ewma,1,0.0,0.9922,,OFF,failed
1790638902.1423075,1790638912.9640903,8,162,2,ewma,1,0.9925,0.9933,,ON,success
1790638903.0933008,1790638913.8829389,6,188,2,ewma,1,0.9938,0.9938,,ON,success
1790638909.7299688,1790638916.6428092,7,183,2,ewma,1,0.9915,0.9938,,ON,failed
1790638904.6041358,1790638916.7951393,5,186,2,ewma,1,0.9933,0.9895,,ON,failed
1790638908.2091596,1790638919.308622,10,186,2,ewma,1,0.9875,0.9926,,ON,success
1790638910.4794078,1790638920.0345318,9,165,2,ewma,1,0.9942,0.8222,,ON,success
1790638913.1576433,1790638923.6089885,1,187,2,ewma,1,0.0,0.0009,,ON,success
1790638913.9317179,1790638926.08311,4,184,2,ewma,1,0.9458,0.0,,ON,failed
1790638917.1019192,1790638926.9108226,6,189,2,ewma,1,0.0,0.4904,,OFF,success
1790638916.5012717,1790638927.2102294,3,189,2,ewma,1,0.0974,0.0,,OFF,success
1790638920.73759,1790638927.405967,2,166,1,ewma,1,0.0,0.99,,OFF,failed
1790638920.0141814,1790638930.4874377,5,187,2,ewma,1,0.8689,0.8745,,OFF,success
1790638922.5421727,1790638932.3624177,10,187,2,ewma,1,0.9925,0.9937,,OFF,success
1790638924.74239,1790638932.6128783,7,184,2,ewma,1,0.9937,0.9938,,OFF,failed
1790638923.369608,1790638933.9609776,9,166,2,ewma,1,0.9925,0.9933,,OFF,success
1790638926.8446538,1790638936.8220353,1,188,2,ewma,1,0.9924,0.9914,,OFF,success
1790638929.3047035,1790638939.3799813,4,185,2,ewma,1,0.9914,0.9933,,OFF,success
1790638930.6232831,1790638941.0199435,2,167,1,ewma,1,0.0,0.9874,,OFF,success
1790638935.7524414,1790638943.3177161,3,190,2,ewma,1,0.0,0.0,,OFF,failed
1790638935.751752,1790638943.5696323,6,190,2,ewma,1,0.9868,0.9928,,OFF,failed
1790638933.7142181,1790638944.530216,5,188,2,ewma,1,0.9925,0.9938,,OFF,success
1790638935.6728215,1790638945.2413547,10,188,2,ewma,1,0.9901,0.9486,,OFF,success
1790638937.2850518,1790638947.5009005,9,167,2,ewma,1,0.9937,0.9925,,OFF,success
1790638935.8260815,1790638947.9790947,7,185,1,ewma,1,0.9915,0.9901,,OFF,failed
1790638940.039132,1790638950.9823456,1,189,2,ewma,1,0.9925,0.9924,,OFF,success
1790638942.5910137,1790638952.2919729,4,186,2,ewma,1,0.9914,0.9915,,OFF,success
1790638946.7361395,1790638956.7078311,6,191,2,ewma,1,0.0,0.0,,OFF,success
1790638944.2497504,1790638957.2273943,2,168,1,ewma,1,0.9933,0.9933,,OFF,failed
1790638946.8370025,1790638957.3101296,8,165,2,ewma,1,0.8536,0.8689,,OFF,success
1790638948.4696467,1790638958.220654,10,189,2,ewma,1,0.9842,0.9933,,OFF,success
1790638947.826846,1790638958.8373487,5,189,2,ewma,1,0.9925,0.9933,,OFF,success
1790638951.7609613,1790638959.5573547,3,191,2,ewma,1,0.9853,0.9868,,OFF,failed
1790638950.7286086,1790638960.4848993,9,168,2,ewma,1,0.9914,0.4872,,OFF,success
1790638951.2501438,1790638962.6177847,7,186,2,ewma,1,0.9924,0.9925,,OFF,failed
1790638954.310969,1790638964.9889257,1,190,2,ewma,1,0.9938,0.9924,,OFF,success
1790638955.5081265,1790638966.728108,4,187,2,ewma,1,0.9914,0.9901,,OFF,success
1790638959.9142294,1790638970.4204886,6,192,2,ewma,1,0.0016,0.0002,,OFF,success
1790638960.6307147,1790638970.7249177,2,169,1,ewma,1,0.9914,0.9925,,OFF,success
1790638961.4642577,1790638971.254911,10,190,2,ewma,1,0.9898,0.9915,,OFF,success
1790639016.3135817,1790639022.4367309,7,190,1,round-robin,2,0.0,0.0,,ON,failed
1790639011.4079142,1790639023.2680326,1,194,1,round-robin,2,0.9,0.6198,,ON,failed
1790639017.383463,1790639030.731978,4,191,1,round-robin,2,0.0,0.0,,ON,failed
1790639021.5799747,1790639031.141209,2,173,1,round-robin,2,0.0,0.9899,,OFF,success
1790639020.116033,1790639032.2944038,10,194,1,round-robin,2,0.9207,0.0038,,OFF,failed
1790639023.5302591,1790639032.799373,5,194,1,round-robin,2,0.9932,0.9925,,OFF,success
1790639022.7694974,1790639033.4010189,8,170,1,round-robin,2,0.9915,0.9901,,OFF,success
1790639022.1617532,1790639033.9979773,6,196,1,round-robin,2,0.0082,0.0977,,OFF,failed
1790639023.8488643,1790639034.7216778,3,196,1,round-robin,2,0.9924,0.9925,,OFF,success
1790639026.493512,1790639036.8780644,1,195,2,round-robin,2,0.9942,0.9932,,OFF,success
1790639025.1539745,1790639038.094058,9,173,1,round-robin,2,0.9938,0.9926,,OFF,failed
1790639025.7549515,1790639038.3154926,7,191,2,round-robin,2,0.9924,0.9925,,OFF,failed
1790639033.947003,1790639043.4203117,4,192,2,round-robin,2,0.9923,0.9923,,OFF,success
1790639034.3629563,1790639044.8607228,2,174,2,round-robin,2,0.9933,0.9901,,OFF,success
1790639036.0277448,1790639045.910321,5,195,2,round-robin,2,0.9915,0.9933,,OFF,success
1790639035.484107,1790639046.4772635,10,195,2,round-robin,2,0.9932,0.9932,,OFF,success
1790639037.3287473,1790639047.0110674,6,197,2,round-robin,2,0.9936,0.9934,,OFF,success
1790639036.6249642,1790639047.212368,8,171,2,round-robin,2,0.0002,0.0041,,OFF,success
1790639037.9490068,1790639049.09004,3,197,2,round-robin,2,0.9942,0.9942,,OFF,success
1790639040.175815,1790639050.3120284,1,196,1,round-robin,2,0.9938,0.9901,,OFF,success
1790639041.5146806,1790639051.1263857,7,192,1,round-robin,2,0.8699,0.8974,,OFF,success
1790639046.3342102,1790639052.961084,9,174,2,round-robin,2,0.9933,0.9925,,OFF,failed
1790639046.648444,1790639056.6327634,4,193,1,round-robin,2,0.9925,0.9925,,OFF,success
1790639048.0858095,1790639058.4109113,2,175,1,round-robin,2,0.9942,0.9925,,OFF,success
1790639050.4349542,1790639061.653326,8,172,1,round-robin,2,0.9938,0.9933,,OFF,success
1790639055.346151,1790639062.0652695,6,198,1,round-robin,2,0.9938,0.9926,,OFF,failed
1790639049.1301343,1790639062.5702298,5,196,1,round-robin,2,0.5959,0.0,,OFF,failed
1790639052.6183548,1790639063.499637,3,198,1,round-robin,2,0.9938,0.9942,,OFF,success
1790639053.5383143,1790639064.3371475,1,197,2,round-robin,2,0.9925,0.9924,,OFF,success
1790639054.343414,1790639064.829346,7,193,2,round-robin,2,0.9916,0.9933,,OFF,success
1790639056.1927042,1790639066.1698785,9,175,1,round-robin,2,0.9937,0.9925,,OFF,success
1790639059.8518634,1790639069.9582334,4,194,2,round-robin,2,0.9901,0.9901,,OFF,success
1790639061.6207175,1790639071.699647,2,176,2,round-robin,2,0.9925,0.9925,,OFF,success
1790639064.9879837,1790639074.268147,8,173,2,round-robin,2,0.9933,0.9942,,OFF,success
1790639065.2767422,1790639075.5778801,6,199,2,round-robin,2,0.9773,0.0,,OFF,success
1790639066.7165968,1790639076.9223306,3,199,2,round-robin,2,0.9925,0.9938,,OFF,success
1790639071.3514078,1790639077.6218653,5,197,2,round-robin,2,0.9914,0.8887,,OFF,failed
1790639067.5580716,1790639078.1679132,1,198,1,round-robin,2,0.9938,0.9924,,OFF,success
1790639069.3947625,1790639080.9040966,9,176,2,round-robin,2,0.9942,0.9942,,OFF,failed
1790639073.1738741,1790639084.382458,4,195,1,round-robin,2,0.9899,0.9914,,OFF,success
1790639074.924892,1790639086.957349,2,177,1,round-robin,2,0.9925,0.9925,,ON,failed
1790639077.4868782,1790639090.4294894,8,174,1,round-robin,2,0.162,0.0016,,ON,failed
1790639078.800081,1790639090.9265854,6,200,1,round-robin,2,0.0,0.99,,ON,failed
1790639081.5857856,1790639091.5458815,1,199,2,round-robin,2,0.9938,0.0,,ON,success
1790639080.1327903,1790639093.7354767,3,200,1,round-robin,2,0.9925,0.0,,ON,failed
1790639080.864569,1790639094.0114121,5,198,1,round-robin,2,0.9914,0.9941,,ON,failed
1790639087.7138534,1790639098.8244069,4,196,2,round-robin,2,0.9937,0.9899,,OFF,success
1790639090.1743343,1790639103.0459414,2,178,2,round-robin,2,0.9933,0.9925,,OFF,failed
1790639093.6551607,1790639104.0399287,8,175,2,round-robin,2,0.9933,0.9925,,OFF,success
1790639094.795944,1790639104.763757,1,200,1,round-robin,2,0.9915,0.9901,,OFF,success
1790639094.0886226,1790639105.0667582,6,201,2,round-robin,2,0.9932,0.9914,,OFF,success
1790639097.2237656,1790639107.6312478,5,199,2,round-robin,2,0.946,0.9941,,OFF,success
1790639102.362697,1790639108.5702412,7,196,2,round-robin,2,0.9915,0.9926,,OFF,failed
1790639102.363547,1790639109.8078184,3,201,2,round-robin,2,0.0,0.0,,OFF,failed
1790639102.0540216,1790639112.6889405,4,197,1,round-robin,2,0.9915,0.9901,,OFF,success
1790639106.283885,1790639116.6366153,2,179,1,round-robin,2,0.9933,0.9916,,OFF,success
1790639107.2650235,1790639119.3070695,8,176,1,round-robin,2,0.9902,0.9915,,OFF,failed
1790639108.2969775,1790639119.9264052,6,202,1,round-robin,2,0.9815,0.9922,,UNKNOWN,failed
1790639107.9936728,1790639120.7315497,1,201,2,round-robin,2,0.9912,0.9933,,OFF,failed
1790639110.8508773,1790639121.3499053,5,200,1,round-robin,2,0.9915,0.9926,,OFF,success
1790639111.7869794,1790639122.5769062,7,197,1,round-robin,2,0.9915,0.9933,,OFF,success
1790639113.1174302,1790639123.2316835,3,202,1,round-robin,2,0.9913,0.9933,,OFF,success
1790639118.3688557,1790639124.2258615,9,179,2,round-robin,2,0.9774,0.1102,,OFF,failed
1790639112.4983578,1790639125.05539,10,200,1,round-robin,2,0.4582,0.631,,OFF,failed
1790639115.9248745,1790639125.6821618,4,198,2,round-robin,2,0.9914,0.9925,,OFF,success
1790639119.8531446,1790639129.75817,2,180,2,round-robin,2,0.9931,0.9942,,OFF,success
1790639122.5340612,1790639131.911408,8,177,2,round-robin,2,0.9932,0.9937,,OFF,success
1790639123.2362845,1790639133.2589855,6,203,2,round-robin,2,0.9854,0.9933,,OFF,success
1790639124.5732272,1790639134.4984884,5,201,2,round-robin,2,0.9915,0.9925,,OFF,success
1790639123.9520676,1790639134.685468,1,202,1,round-robin,2,0.9933,0.9915,,OFF,success
1790639126.4535408,1790639137.5620928,3,203,2,round-robin,2,0.9938,0.9938,,OFF,success
1790639127.5363092,1790639137.6288967,9,180,1,round-robin,2,0.9931,0.9937,,OFF,success
1790639125.9227045,1790639138.5584776,7,198,2,round-robin,2,0.9933,0.9914,,OFF,failed
1790639128.2861521,1790639140.6060963,10,201,2,round-robin,2,0.9925,0.9943,,OFF,failed
1790639128.9165366,1790639141.4574554,4,199,1,round-robin,2,0.9925,0.9938,,OFF,failed
1790639132.9790003,1790639143.7703621,2,181,1,round-robin,2,0.9911,0.9915,,OFF,success
1790639135.1349947,1790639145.839413,8,178,1,round-robin,2,0.9942,0.9938,,OFF,success
1790639055.3453255,,10,196,1,round-robin,2,0.9925,0.9915,,OFF,unavailable
1790639137.8738675,1790639147.3588436,1,203,2,round-robin,2,0.9842,0.9825,,OFF,success
1790639136.4444032,1790639149.1049592,6,204,1,round-robin,2,0.9933,0.9931,,OFF,failed
1790639143.3778157,1790639150.87704,5,202,1,round-robin,2,0.9914,0.9915,,OFF,failed
1790639140.8416178,1790639150.9452415,9,181,2,round-robin,2,0.9915,0.9925,,OFF,success
1790639140.5924966,1790639151.4541073,3,204,1,round-robin,2,0.9933,0.9933,,OFF,success
1790639141.7746394,1790639152.3848197,7,199,1,round-robin,2,0.9914,0.9915,,OFF,success
1790639143.9350717,1790639153.8554378,10,202,1,round-robin,2,0.9932,0.9943,,OFF,success
1790639144.6693506,1790639155.557215,4,200,2,round-robin,2,0.9899,0.9925,,OFF,success
1790639147.030294,1790639157.9410703,2,182,2,round-robin,2,0.9915,0.9938,,OFF,success
1790639149.07276,1790639158.9545984,8,179,2,round-robin,2,0.9942,0.9915,,OFF,success
1790639068.0447545,,7,194,1,round-robin,2,0.9915,0.9942,,OFF,unavailable
1790639150.6159894,1790639162.727197,1,204,1,round-robin,2,0.9925,0.9933,,OFF,failed
1790639152.434238,1790639163.6293623,6,205,2,round-robin,2,0.9915,0.9933,,OFF,success
1790639154.2664359,1790639164.677536,9,182,1,round-robin,2,0.0,0.0,,OFF,success
1790639159.3875947,1790639166.2136843,5,203,2,round-robin,2,0.9914,0.0,,OFF,failed
1790639155.6312537,1790639167.232773,7,200,2,round-robin,2,0.9938,0.9916,,OFF,failed
1790639160.3888054,1790639167.440331,3,205,2,round-robin,2,0.9925,0.9896,,OFF,failed
1790639157.1689692,1790639167.978852,10,203,2,round-robin,2,0.0,0.8954,,UNKNOWN,success
1790639159.119122,1790639169.3882768,4,201,1,round-robin,2,0.9926,0.9881,,OFF,success
1790639161.1505554,1790639171.116248,2,183,1,round-robin,2,0.9925,0.9926,,OFF,success
1790639162.161183,1790639173.1988235,8,180,1,round-robin,2,0.9933,0.9942,,OFF,success
1790639084.1258433,,9,177,1,round-robin,2,0.9942,0.991,,OFF,unavailable
1790639165.9485664,1790639176.3459713,1,205,2,round-robin,2,0.9925,0.9911,,OFF,success
1790639166.8577497,1790639178.083268,6,206,1,round-robin,2,0.9915,0.9925,,OFF,success
1790639167.9047647,1790639178.5886068,9,183,2,round-robin,2,0.9937,0.9941,,OFF,success
1790639170.4612117,1790639180.6368284,7,201,1,round-robin,2,0.0002,0.9916,,OFF,success
1790639169.4370818,1790639180.6451836,5,204,1,round-robin,2,0.9915,0.9925,,OFF,success
1790639087.3588548,,10,198,2,round-robin,2,0.0,0.0,,OFF,unavailable
1790639171.3054767,1790639181.4633715,10,204,1,round-robin,2,0.9936,0.9933,,OFF,success
1790639170.6544912,1790639182.691816,3,206,1,round-robin,2,0.9915,0.0,,OFF,failed
1790639172.6078038,1790639183.210847,4,202,2,round-robin,2,0.9914,0.9924,,OFF,success
1790639174.3743765,1790639185.5591338,2,184,2,round-robin,2,0.9925,0.9933,,OFF,success
1790639176.3596256,1790639185.7691386,8,181,2,round-robin,2,0.9942,0.9925,,OFF,success
1790639179.6557763,1790639190.6964219,1,206,1,round-robin,2,0.9938,0.9925,,OFF,success
1790639187.4006772,1790639192.961377,9,184,1,round-robin,2,0.9942,0.9925,,OFF,failed
1790639183.870152,1790639193.7488441,5,205,2,round-robin,2,0.9924,0.9925,,OFF,success
1790639181.3265817,1790639194.4697988,6,207,2,round-robin,2,0.0,0.0,,OFF,failed
1790639184.7934618,1790639195.6368759,10,205,2,round-robin,2,0.9925,0.9925,,OFF,success
1790639185.9213073,1790639196.1117187,3,207,2,round-robin,2,0.9914,0.9941,,OFF,success
1790639186.4333134,1790639196.8099613,4,203,1,round-robin,2,0.9914,0.9898,,OFF,success
1790639188.7870245,1790639199.3006907,2,185,1,round-robin,2,0.0,0.9852,,OFF,success
1790639194.4068604,1790639201.8413427,8,182,1,round-robin,2,0.8943,0.9933,,OFF,failed
1790639193.9025342,1790639203.3756213,1,207,2,round-robin,2,0.9901,0.9881,,OFF,success
1790639196.1495774,1790639206.3747392,9,185,2,round-robin,2,0.9924,0.9942,,OFF,success
1790639196.9899998,1790639207.6786878,5,206,1,round-robin,2,0.9925,0.9942,,OFF,success
1790639197.797944,1790639208.730794,6,208,1,round-robin,2,0.9915,0.9915,,OFF,success
1790639199.4565794,1790639209.1183033,3,208,1,round-robin,2,0.0,0.003,,OFF,success
1790639198.8173304,1790639209.6319838,10,206,1,round-robin,2,0.0,0.0,,OFF,success
1790639199.9798288,1790639209.9351656,4,204,2,round-robin,2,0.9914,0.9912,,OFF,success
1790639202.3295248,1790639212.70738,2,186,2,round-robin,2,0.9924,0.9933,,OFF,success
1790639205.0664985,1790639215.3523889,8,183,2,round-robin,2,0.9939,0.9926,,ON,success
1790639206.597929,1790639216.0783029,1,208,1,round-robin,2,0.9943,0.9937,,ON,success
1790639210.9088967,1790639221.9227204,5,207,2,round-robin,2,0.9933,0.9938,,OFF,success
1790639209.5945747,1790639222.1216486,9,186,1,round-robin,2,0.9914,0.9925,,OFF,failed
1790639211.9512286,1790639222.624367,6,209,2,round-robin,2,0.0153,0.9933,,OFF,success
1790639212.345693,1790639223.1417794,3,209,2,round-robin,2,0.9943,0.9944,,OFF,success
1790639212.962026,1790639223.7768235,10,207,2,round-robin,2,0.9833,0.6388,,OFF,success
1790639213.9749966,1790639224.3703618,7,204,1,round-robin,2,0.9882,0.9938,,OFF,success
1790639213.1623256,1790639225.6387513,4,205,1,round-robin,2,0.9914,0.9938,,OFF,failed
1790639215.9606173,1790639228.059909,2,187,1,round-robin,2,0.9938,0.9939,,OFF,failed
1790639218.5743082,1790639228.402138,8,184,1,round-robin,2,0.9944,0.9938,,OFF,success
1790639219.396546,1790639229.4900095,1,209,2,round-robin,2,0.994,0.9932,,OFF,success
1790639225.1427636,1790639235.2511916,5,208,1,round-robin,2,0.9461,0.9933,,OFF,success
1790639225.331327,1790639235.744203,9,187,2,round-robin,2,0.9915,0.9842,,OFF,success
1790639226.3616707,1790639235.833598,3,210,1,round-robin,2,0.9938,0.9937,,OFF,success
1790639227.0093074,1790639236.758469,10,208,1,round-robin,2,0.0061,0.9933,,OFF,success
1790639225.857017,1790639237.473226,6,210,1,round-robin,2,0.0,0.0002,,OFF,failed
1790639227.5932107,1790639238.1856644,7,205,2,round-robin,2,0.9925,0.9941,,OFF,success
1790639228.8584182,1790639239.022043,4,206,2,round-robin,2,0.99,0.9933,,OFF,success
1790639231.2855098,1790639241.4869554,2,188,2,round-robin,2,0.9925,0.9943,,OFF,success
1790639231.6791866,1790639241.9916692,8,185,2,round-robin,2,0.9944,0.9925,,OFF,success
1790639283.1861615,1790639292.592898,5,212,1,snr-greedy,2,0.9933,0.9916,,OFF,success
1790639282.5706537,1790639293.08579,3,214,1,snr-greedy,2,0.9924,0.9924,,OFF,success
1790639284.6595669,1790639296.1422749,10,212,1,snr-greedy,2,0.0001,0.9,,OFF,failed
1790639286.5647237,1790639296.6698291,7,209,1,snr-greedy,2,0.9925,0.9926,,OFF,success
1790639285.565001,1790639296.7955945,6,214,1,snr-greedy,2,0.9943,0.9913,,OFF,success
1790639284.6603026,1790639297.9312012,9,191,2,snr-greedy,2,0.0,0.0,,OFF,failed
1790639289.4645872,1790639299.741106,4,210,2,snr-greedy,2,0.9914,0.9938,,OFF,success
1790639290.9064577,1790639300.756626,8,189,1,snr-greedy,2,0.9938,0.9915,,OFF,success
1790639291.9112747,1790639304.1696806,1,214,2,snr-greedy,2,0.0,0.9862,,OFF,failed
1790639297.0181222,1790639304.758187,2,192,2,snr-greedy,2,0.9878,0.989,,OFF,failed
1790639295.8179975,1790639307.725732,5,213,1,snr-greedy,2,0.9046,0.0,,OFF,failed
1790639302.022721,1790639308.5431294,3,215,2,snr-greedy,2,0.0,0.9932,,OFF,failed
1790639299.9942722,1790639309.4772608,6,215,2,snr-greedy,2,0.8535,0.9916,,OFF,success
1790639299.4241676,1790639310.0103714,10,213,2,snr-greedy,2,0.9899,0.9937,,OFF,success
1790639301.1564894,1790639311.5536175,9,192,2,snr-greedy,2,0.9901,0.9915,,OFF,success
1790639305.0246096,1790639312.1204543,7,210,2,snr-greedy,2,0.9925,0.9925,,OFF,failed
1790639302.961,1790639312.9581153,4,211,2,snr-greedy,2,0.9925,0.9942,,OFF,success
1790639303.9896393,1790639313.4802961,8,190,2,snr-greedy,2,0.9933,0.9942,,OFF,success
1790639307.9859092,1790639318.4762504,2,193,2,snr-greedy,2,0.9914,0.9933,,OFF,success
1790639307.504266,1790639320.0486424,1,215,1,snr-greedy,2,0.9924,0.9914,,OFF,failed
1790639310.9680617,1790639320.6268985,5,214,2,snr-greedy,2,0.9925,0.9926,,OFF,success
1790639311.7783754,1790639322.1577494,3,216,2,snr-greedy,2,0.988,0.9933,,OFF,success
1790639312.6956053,1790639323.5920944,6,216,2,snr-greedy,2,0.0,0.0,,OFF,success
1790639313.2290552,1790639323.814013,10,214,2,snr-greedy,2,0.9901,0.9933,,OFF,success
1790639314.7676828,1790639324.4160464,9,193,2,snr-greedy,2,0.9925,0.9933,,UNKNOWN,success
1790639315.310692,1790639324.7364993,7,211,1,snr-greedy,2,0.9932,0.9925,,UNKNOWN,success
1790639316.2897456,1790639327.308365,4,212,1,snr-greedy,2,0.9461,0.8965,,OFF,success
1790639316.946816,1790639327.7824776,8,191,1,snr-greedy,2,0.9925,0.9925,,OFF,success
1790639321.6885657,1790639330.9851215,2,194,1,snr-greedy,2,0.9941,0.9932,,OFF,success
1790639323.8384235,1790639334.9567814,5,215,1,snr-greedy,2,0.9933,0.9901,,OFF,success
1790639325.392044,1790639335.7932594,3,217,2,snr-greedy,2,0.9769,0.9925,,OFF,success
1790639323.3155932,1790639336.3925154,1,216,1,snr-greedy,2,0.0956,0.008,,OFF,failed
1790639327.0211318,1790639336.908651,10,215,2,snr-greedy,2,0.8333,0.8943,,OFF,success
1790639327.9437747,1790639337.8577988,7,212,1,snr-greedy,2,0.994,0.9931,,OFF,success
1790639327.6407013,1790639338.4396117,9,194,2,snr-greedy,2,0.9913,0.9933,,OFF,success
1790639332.0364485,1790639339.6954722,6,217,2,snr-greedy,2,0.681,0.8689,,OFF,failed
1790639330.6332843,1790639342.1305995,4,213,2,snr-greedy,2,0.9882,0.9933,,OFF,failed
1790639334.3065982,1790639343.802687,2,195,1,snr-greedy,2,0.9941,0.9933,,OFF,success
1790639331.1262908,1790639344.3857782,8,192,1,snr-greedy,2,0.9938,0.9926,,OFF,failed
1790639338.18218,1790639348.4812949,5,216,2,snr-greedy,2,0.9924,0.9943,,OFF,success
1790639339.0065362,1790639349.7517748,3,218,2,snr-greedy,2,0.9901,0.9938,,OFF,success
1790639340.145812,1790639350.328743,10,216,1,snr-greedy,2,0.99,0.9902,,OFF,success
1790639341.0766943,1790639351.246327,7,213,2,snr-greedy,2,0.9914,0.9938,,OFF,success
1790639339.6177986,1790639351.772773,1,217,1,snr-greedy,2,0.9938,0.9913,,OFF,failed
1790639341.7639737,1790639351.8907976,9,195,2,snr-greedy,2,0.9914,0.9915,,OFF,success
1790639343.0094159,1790639353.911404,6,218,2,snr-greedy,2,0.9915,0.9925,,OFF,success
1790639345.3468177,1790639355.1415083,4,214,1,snr-greedy,2,0.9938,0.9925,,OFF,success
1790639347.0256908,1790639357.3205678,2,196,2,snr-greedy,2,0.0,0.9909,,OFF,success
1790639353.041724,1790639360.2950604,8,193,2,snr-greedy,2,0.9915,0.9926,,OFF,failed
1790639351.7099197,1790639361.0710073,5,217,2,snr-greedy,2,0.9915,0.9942,,OFF,success
1790639353.0251338,1790639362.9292336,3,219,2,snr-greedy,2,0.9899,0.9938,,OFF,success
1790639353.555271,1790639364.4805896,10,217,2,snr-greedy,2,0.9925,0.9931,,OFF,success
1790639354.4648056,1790639366.0147448,7,214,2,snr-greedy,2,0.0,0.0283,,OFF,success
1790639360.0457582,1790639367.1567461,9,196,2,snr-greedy,2,0.9932,0.9941,,OFF,failed
1790639357.1318033,1790639367.8354652,6,219,2,snr-greedy,2,0.9901,0.9933,,OFF,success
1790639360.0449078,1790639367.940009,1,218,1,snr-greedy,2,0.7949,0.0,,OFF,failed
1790639358.3583813,1790639369.4992845,4,215,1,snr-greedy,2,0.9941,0.9925,,OFF,success
1790639360.635001,1790639370.29663,2,197,1,snr-greedy,2,0.9938,0.9916,,OFF,success
1790639363.5074313,1790639374.9008338,8,194,1,snr-greedy,2,0.9932,0.9932,,ON,success
1790639366.1610153,1790639375.412784,3,220,2,snr-greedy,2,0.9915,0.9942,,OFF,success
1790639364.2896476,1790639376.2580848,5,218,1,snr-greedy,2,0.9914,0.9857,,ON,failed
1790639369.106844,1790639378.5744224,7,215,2,snr-greedy,2,0.9901,0.9938,,OFF,success
1790639367.775183,1790639379.1972923,10,218,1,snr-greedy,2,0.9925,0.9915,,OFF,failed
1790639370.3828757,1790639379.7085755,9,197,2,snr-greedy,2,0.9923,0.9932,,OFF,success
1790639371.2623315,1790639380.7356539,1,219,2,snr-greedy,2,0.9922,0.9841,,OFF,success
1790639371.169939,1790639382.9238276,6,220,1,snr-greedy,2,0.9914,0.0,,OFF,failed
1790639372.716199,1790639384.2245572,4,216,1,snr-greedy,2,0.9938,0.9901,,OFF,failed
1790639373.5149045,1790639385.4366012,2,198,2,snr-greedy,2,0.9914,0.9938,,OFF,failed
1790639378.1229177,1790639390.1907258,8,195,2,snr-greedy,2,0.9915,0.9925,,OFF,success
1790639378.629291,1790639390.2290926,3,221,2,snr-greedy,2,0.9901,0.9926,,OFF,success
1790639379.4812665,1790639390.261939,5,219,2,snr-greedy,2,0.9916,0.9938,,OFF,success
1790639381.7359767,1790639391.4256728,7,216,2,snr-greedy,2,0.9925,0.9937,,OFF,success
1790639382.3997386,1790639391.9943,10,219,1,snr-greedy,2,0.9925,0.9925,,OFF,success
1790639382.934209,1790639393.9377089,9,198,1,snr-greedy,2,0.9938,0.9925,,OFF,success
1790639383.9487164,1790639395.9147456,1,220,2,snr-greedy,2,0.9901,0.99,,OFF,failed
1790639386.134725,1790639396.8189566,6,221,2,snr-greedy,2,0.9915,0.9924,,OFF,success
1790639387.4470608,1790639397.4297886,4,217,2,snr-greedy,2,0.9915,0.9932,,OFF,success
1790639388.5907435,1790639398.5381687,2,199,2,snr-greedy,2,0.9923,0.9937,,OFF,success
1790639393.221594,1790639404.2140114,8,196,1,snr-greedy,2,0.0,0.0,,OFF,failed
1790639393.2755,1790639404.70898,5,220,2,snr-greedy,2,0.9938,0.9944,,OFF,success
1790639394.6375494,1790639405.1102254,7,217,2,snr-greedy,2,0.9932,0.9938,,OFF,success
1790639393.2585466,1790639405.9618876,3,222,2,snr-greedy,2,0.9915,0.9944,,OFF,failed
1790639395.2118025,1790639406.1380427,10,220,2,snr-greedy,2,0.9914,0.9937,,OFF,success
1790639397.1526186,1790639407.6729584,9,199,2,snr-greedy,2,0.9901,0.9925,,OFF,success
1790639399.131562,1790639409.0247383,1,221,2,snr-greedy,2,0.9915,0.9925,,OFF,success
1790639400.6440883,1790639410.235349,4,218,1,snr-greedy,2,0.9938,0.9938,,OFF,success
1790639400.0369756,1790639410.643183,6,222,2,snr-greedy,2,0.9925,0.9941,,OFF,success
1790639401.7060852,1790639411.2876093,2,200,2,snr-greedy,2,0.9924,0.9943,,OFF,success
1790639407.9260702,1790639419.3425484,5,221,2,snr-greedy,2,0.9925,0.9943,,OFF,success
1790639407.4374561,1790639419.37764,8,197,2,snr-greedy,2,0.9857,0.9939,,OFF,failed
1790639409.3659222,1790639419.8883934,10,221,1,snr-greedy,2,0.9877,0.9841,,OFF,success
1790639415.0717416,1790639421.3915412,3,223,2,snr-greedy,2,0.99,0.9938,,OFF,failed
1790639410.8964376,1790639421.8004565,9,200,2,snr-greedy,2,0.9896,0.9925,,OFF,success
1790639413.4508312,1790639423.5414164,4,219,1,snr-greedy,2,0.9914,0.9899,,ON,success
1790639412.242085,1790639423.6359777,1,222,1,snr-greedy,2,0.9925,0.9913,,ON,success
1790639414.5114746,1790639424.3548822,2,201,2,snr-greedy,2,0.9748,0.9933,,ON,success
1790639413.8876488,1790639425.1651528,6,223,2,snr-greedy,2,0.9932,0.9944,,ON,success
1790639428.0769203,1790639434.21194,5,222,1,snr-greedy,2,0.9938,0.9926,,OFF,failed
1790639423.189821,1790639434.331275,10,222,2,snr-greedy,2,0.9898,0.9525,,OFF,success
1790639428.0779035,1790639434.8479562,8,198,1,snr-greedy,2,0.0,0.0,,OFF,failed
1790639424.6094816,1790639435.247485,3,224,2,snr-greedy,2,0.9916,0.9915,,OFF,success
1790639425.0181715,1790639435.9273956,9,201,2,snr-greedy,2,0.9915,0.9933,,OFF,success
1790639426.8585382,1790639436.57362,1,223,2,snr-greedy,2,0.0,0.0,,OFF,success
1790639428.4956117,1790639437.9939723,6,224,2,snr-greedy,2,0.9925,0.9933,,OFF,success
1790639427.5769506,1790639438.8214252,2,202,2,snr-greedy,2,0.9882,0.9938,,OFF,success
1790639432.0807862,1790639439.1344342,4,220,2,snr-greedy,2,0.9855,0.9899,,OFF,failed
1790639438.065797,1790639448.5353997,8,199,1,snr-greedy,2,0.0008,0.0,,OFF,success
1790639437.5090318,1790639448.6343138,10,223,1,snr-greedy,2,0.0,0.0,,OFF,success
1790639439.158172,1790639448.6709094,9,202,2,snr-greedy,2,0.9883,0.9901,,OFF,success
1790639443.0849347,1790639450.5711534,5,223,1,snr-greedy,2,0.9926,0.9915,,OFF,failed
1790639439.7981336,1790639450.7829225,1,224,1,snr-greedy,2,0.993,0.9922,,OFF,success
1790639441.1888123,1790639450.987735,6,225,2,snr-greedy,2,0.9925,0.9933,,OFF,success
1790639438.876595,1790639451.3046014,7,220,1,snr-greedy,2,0.99,0.99,,OFF,failed
1790639442.0378308,1790639453.245412,2,203,1,snr-greedy,2,0.9913,0.988,,OFF,success
1790639448.090368,1790639454.803861,4,221,2,snr-greedy,2,0.9901,0.9924,,OFF,failed
1790639452.0553646,1790639462.5571873,10,224,1,snr-greedy,2,0.8804,0.8689,,OFF,success
1790639451.941153,1790639463.2737224,8,200,1,snr-greedy,2,0.9778,0.5641,,OFF,success
1790639454.1044338,1790639464.0168157,1,225,1,snr-greedy,2,0.3829,0.0,,OFF,success
1790639457.0957625,1790639464.9383967,9,203,2,snr-greedy,2,0.6958,0.8952,,OFF,failed
1790639459.098055,1790639465.7241466,5,224,1,snr-greedy,2,0.9914,0.0,,OFF,failed
1790639459.098533,1790639466.275781,6,226,1,snr-greedy,2,0.9925,0.9857,,OFF,failed
1790639454.5212944,1790639466.8602235,7,221,2,snr-greedy,2,0.8538,0.8689,,OFF,failed
1790639456.4688675,1790639467.791216,2,204,2,snr-greedy,2,0.9877,0.9932,,OFF,success
1790639458.0806623,1790639468.4007192,4,222,1,snr-greedy,2,0.9925,0.9915,,OFF,success
1790639466.5010762,1790639476.2796168,8,201,2,snr-greedy,2,0.9924,0.9942,,OFF,success
1790639465.7773535,1790639477.535136,10,225,2,snr-greedy,2,0.9914,0.9942,,OFF,failed
1790639467.2439368,1790639479.043664,1,226,1,snr-greedy,2,0.9916,0.99,,OFF,failed
1790639468.166432,1790639479.4926648,9,204,2,snr-greedy,2,0.9915,0.9938,,OFF,success
1790639469.5000591,1790639479.6791115,6,227,2,snr-greedy,2,0.0,0.9697,,OFF,success
1790639470.0829408,1790639480.1725812,7,222,2,snr-greedy,2,0.9914,0.9925,,OFF,success
1790639470.7335727,1790639480.4903078,3,227,2,snr-greedy,2,0.9914,0.9933,,OFF,success
1790639471.0262809,1790639480.9963408,2,205,2,snr-greedy,2,0.9881,0.9925,,OFF,success
1790639471.729626,1790639482.227217,4,223,1,snr-greedy,2,0.9924,0.9913,,OFF,success
1790639408.3315425,,7,218,2,snr-greedy,2,0.9914,0.9942,,OFF,unavailable
1790639479.5162852,1790639512.4629736,8,202,2,snr-greedy,2,0.9943,0.9943,,OFF,success
1790639480.7545664,1790639512.505497,10,226,2,snr-greedy,2,0.9899,0.9938,,OFF,success
1790639482.8894687,1790639512.5465508,6,228,2,snr-greedy,2,0.9842,0.9915,,OFF,success
1790639483.6904478,1790639512.5639825,3,228,2,snr-greedy,2,0.0,0.9938,,OFF,success
1790639489.1191766,1790639512.5838487,7,223,2,snr-greedy,2,0.9924,0.9925,,OFF,failed
1790639487.1144161,1790639512.5890954,1,227,2,snr-greedy,2,0.9881,0.9899,,OFF,failed
1790639485.4458218,1790639512.5971558,4,224,1,snr-greedy,2,0.9937,0.9937,,OFF,success
1790639489.1200845,1790639512.6008883,2,206,2,snr-greedy,2,0.9912,0.9942,,OFF,failed
1790639488.1171913,1790639512.6043754,9,205,2,snr-greedy,2,0.5473,0.5473,,OFF,failed
1790639555.1660564,1790639564.8793907,8,207,2,state-aware,2,0.99,0.9925,,OFF,success
1790639558.5912654,1790639569.1534743,10,231,2,state-aware,2,0.9776,0.9925,,OFF,success
1790639559.281516,1790639569.6683831,3,233,2,state-aware,2,0.9882,0.9938,,OFF,success
1790639561.0125022,1790639570.380675,5,231,2,state-aware,2,0.0,0.9899,,UNKNOWN,success
1790639561.240046,1790639570.5894737,6,233,1,state-aware,2,0.7811,0.0071,,UNKNOWN,success
1790639561.7388673,1790639571.1029773,4,229,2,state-aware,2,0.8369,0.8535,,UNKNOWN,success
1790639560.196932,1790639571.5139356,7,228,1,state-aware,2,0.9438,0.9313,,OFF,success
1790639565.6392078,1790639572.6514208,1,232,1,state-aware,2,0.989,0.9878,,OFF,failed
1790639566.6410506,1790639572.7449293,2,211,1,state-aware,2,0.9839,0.9818,,OFF,failed
1790639567.6424026,1790639573.358284,9,210,2,state-aware,2,0.9,0.9862,,OFF,failed
1790639568.100523,1790639577.4512324,8,208,1,state-aware,2,0.9933,0.9933,,OFF,success
1790639572.9593265,1790639583.691753,3,234,1,state-aware,2,0.9916,0.9933,,OFF,success
1790639573.92213,1790639584.519496,6,234,2,state-aware,2,0.9855,0.9825,,OFF,success
1790639572.3817563,1790639585.479578,10,232,1,state-aware,2,0.9915,0.9926,,OFF,failed
1790639575.9870586,1790639586.0555198,2,212,2,state-aware,2,0.9839,0.9744,,OFF,success
1790639578.6458464,1790639586.874268,5,232,1,state-aware,2,0.9805,0.9933,,OFF,failed
1790639579.6479475,1790639587.3850572,7,229,2,state-aware,2,0.8535,0.9905,,OFF,failed
1790639579.6469119,1790639587.4129715,4,230,1,state-aware,2,0.9793,0.9769,,OFF,failed
1790639580.6762452,1790639591.999702,8,209,1,state-aware,2,0.9938,0.9926,,OFF,success
1790639586.9292295,1790639597.0270147,3,235,2,state-aware,2,0.9933,0.9939,,OFF,success
1790639589.2844038,1790639598.7607925,2,213,2,state-aware,2,0.9915,0.9915,,OFF,success
1790639587.7412574,1790639598.9557674,6,235,1,state-aware,2,0.9926,0.9901,,OFF,success
1790639588.7040913,1790639599.6718683,10,233,2,state-aware,2,0.9942,0.9933,,OFF,success
1790639590.6949623,1790639600.2839255,4,231,2,state-aware,2,0.9925,0.9914,,OFF,success
1790639590.091676,1790639600.489979,5,233,2,state-aware,2,0.0001,0.3089,,OFF,success
1790639595.6530225,1790639603.5632422,7,230,1,state-aware,2,0.9867,0.9932,,OFF,failed
1790639595.211334,1790639608.6060781,8,210,2,state-aware,2,0.9925,0.9942,,OFF,failed
1790639600.2600386,1790639611.755159,3,236,1,state-aware,2,0.9925,0.9942,,OFF,failed
1790639602.1725378,1790639613.1859193,6,236,2,state-aware,2,0.9925,0.9902,,OFF,success
1790639602.886629,1790639613.7098222,10,234,2,state-aware,2,0.9901,0.9916,,OFF,success
1790639607.6570392,1790639614.0353816,2,214,2,state-aware,2,0.3258,0.9932,,OFF,failed
1790639609.6606688,1790639615.8479831,5,234,2,state-aware,2,0.9458,0.9517,,ON,failed
1790639604.9339335,1790639616.048584,1,235,2,state-aware,2,0.9933,0.9912,,OFF,success
1790639608.6586883,1790639616.2687657,4,232,2,state-aware,2,0.9941,0.9914,,ON,failed
1790639605.9729576,1790639616.7686782,9,213,1,state-aware,2,0.9925,0.9933,,OFF,success
1790639606.778001,1790639617.936395,7,231,2,state-aware,2,0.9932,0.9942,,OFF,success
1790639611.8351383,1790639621.5816407,8,211,1,state-aware,2,0.99,0.9925,,UNKNOWN,success
1790639614.9899824,1790639625.165974,3,237,2,state-aware,2,0.9914,0.9915,,OFF,success
1790639616.4148421,1790639627.6651034,6,237,1,state-aware,2,0.9808,0.0016,,OFF,success
1790639617.2650268,1790639627.9297976,2,215,1,state-aware,2,0.9915,0.9915,,OFF,success
1790639622.6649978,1790639628.4529953,10,235,2,state-aware,2,0.9353,0.9933,,OFF,failed
1790639619.1803305,1790639628.8623583,5,235,2,state-aware,2,0.0,0.0,,OFF,success
1790639619.9931355,1790639630.9136412,9,214,1,state-aware,2,0.9938,0.9916,,OFF,success
1790639624.6672006,1790639631.1155667,1,236,2,state-aware,2,0.8943,0.8887,,OFF,failed
1790639621.1601167,1790639631.9264262,7,232,2,state-aware,2,0.9924,0.9925,,OFF,success
1790639624.668091,1790639632.4665918,4,233,1,state-aware,2,0.9925,0.9916,,OFF,failed
1790639624.8156383,1790639637.5549521,8,212,1,state-aware,2,0.9932,0.9938,,OFF,failed
1790639628.4999719,1790639638.4724605,3,238,2,state-aware,2,0.9932,0.9942,,OFF,success
1790639630.8902025,1790639641.6730201,6,238,2,state-aware,2,0.99,0.9896,,OFF,success
1790639631.6815665,1790639641.8665972,10,236,1,state-aware,2,0.9654,0.9933,,OFF,success
1790639631.1559029,1790639643.3194757,2,216,1,state-aware,2,0.9896,0.9915,,OFF,failed
1790639634.550399,1790639644.2175117,1,237,1,state-aware,2,0.9943,0.9913,,OFF,success
1790639634.344497,1790639644.445952,9,215,1,state-aware,2,0.9915,0.0,,OFF,success
1790639635.1531024,1790639645.1829946,7,233,2,state-aware,2,0.9914,0.9941,,OFF,success
1790639632.0890007,1790639645.379465,5,236,1,state-aware,2,0.9925,0.9944,,OFF,failed
1790639635.6901238,1790639646.9904227,4,234,2,state-aware,2,0.9931,0.9913,,OFF,success
1790639640.7267287,1790639651.1784115,8,213,2,state-aware,2,0.9925,0.9942,,OFF,success
1790639641.6964908,1790639651.5129442,3,239,2,state-aware,2,0.9925,0.9933,,OFF,success
1790639644.9848926,1790639655.5885396,6,239,2,state-aware,2,0.9915,0.9932,,OFF,success
1790639646.5394306,1790639657.4424558,2,217,2,state-aware,2,0.9916,0.9942,,OFF,success
1790639645.0754335,1790639657.9457676,10,237,1,state-aware,2,0.9914,0.9937,,OFF,failed
1790639648.6065557,1790639659.7745068,5,237,2,state-aware,2,0.9857,0.9904,,OFF,success
1790639650.2070246,1790639660.3937652,4,235,2,state-aware,2,0.9901,0.9882,,OFF,success
1790639652.7048016,1790639660.8039582,1,238,1,state-aware,2,0.9933,0.9925,,OFF,failed
1790639652.705895,1790639660.9197555,9,216,1,state-aware,2,0.9676,0.003,,OFF,failed
1790639653.7081306,1790639661.5480225,7,234,2,state-aware,2,0.9932,0.9883,,OFF,failed
1790639654.397912,1790639665.322366,8,214,2,state-aware,2,0.9925,0.9937,,OFF,success
1790639654.636382,1790639665.8470082,3,240,2,state-aware,2,0.9921,0.9939,,OFF,success
1790639575.8642128,,1,233,2,state-aware,2,0.0,0.9898,,OFF,unavailable
1790639576.5842614,,9,211,2,state-aware,2,0.2609,0.9926,,OFF,unavailable
1790639658.812972,1790639670.0549204,6,240,2,state-aware,2,0.9932,0.9942,,ON,success
1790639660.654581,1790639670.8459525,2,218,2,state-aware,2,0.3837,0.9925,,UNKNOWN,success
1790639661.175425,1790639671.1852005,10,238,2,state-aware,2,0.9914,0.9932,,UNKNOWN,success
1790639663.0192537,1790639673.422319,5,238,2,state-aware,2,0.9926,0.9938,,OFF,success
1790639664.1218915,1790639674.1576009,1,239,2,state-aware,2,0.9923,0.9806,,OFF,success
1790639663.613765,1790639674.8389916,4,236,1,state-aware,2,0.3945,0.0,,OFF,success
1790639669.7163954,1790639675.4514637,9,217,1,state-aware,2,0.9913,0.8951,,OFF,failed
1790639664.768768,1790639675.7588558,7,235,1,state-aware,2,0.9915,0.9933,,OFF,success
1790639668.5407634,1790639678.3230493,8,215,2,state-aware,2,0.0,0.0,,OFF,success
1790639674.7189674,1790639681.7992103,3,241,2,state-aware,2,0.9925,0.9938,,OFF,failed
1790639674.0740423,1790639683.849178,2,219,2,state-aware,2,0.9941,0.9941,,OFF,success
1790639674.4065452,1790639684.6054196,10,239,2,state-aware,2,0.9925,0.9937,,OFF,success
1790639673.2808387,1790639685.486875,6,241,2,state-aware,2,0.9938,0.9944,,OFF,failed
1790639676.7604344,1790639686.5165408,5,239,2,state-aware,2,0.9925,0.9901,,OFF,success
1790639677.5806677,1790639687.318187,1,240,2,state-aware,2,0.9916,0.9915,,OFF,success
1790639678.1720233,1790639688.7723024,4,237,2,state-aware,2,0.9925,0.9926,,OFF,success
1790639678.6648862,1790639689.790751,9,218,2,state-aware,2,0.0,0.5474,,OFF,success
1790639684.723945,1790639691.5574274,7,236,1,state-aware,2,0.9925,0.9932,,OFF,failed
1790639681.6509151,1790639692.1566045,8,216,2,state-aware,2,0.9937,0.9943,,OFF,success
1790639685.111483,1790639695.5469608,3,242,1,state-aware,2,0.9925,0.9938,,OFF,success
1790639687.872576,1790639697.2982268,10,240,2,state-aware,2,0.9944,0.9933,,OFF,success
1790639687.0650256,1790639697.878236,2,220,2,state-aware,2,0.9937,0.9938,,OFF,success
1790639689.7307024,1790639699.511798,5,240,2,state-aware,2,0.9916,0.9926,,OFF,success
1790639688.7195885,1790639701.496235,6,242,1,state-aware,2,0.9936,0.9932,,OFF,failed
1790639690.5905044,1790639701.5972018,1,241,2,state-aware,2,0.9938,0.9925,,OFF,success
1790639692.1024065,1790639702.3092928,4,238,2,state-aware,2,0.9925,0.9925,,OFF,success
1790639693.1182132,1790639704.3572354,9,219,2,state-aware,2,0.9932,0.9916,,OFF,success
1790639694.7851205,1790639704.8350906,7,237,2,state-aware,2,0.9925,0.9925,,OFF,success
1790639695.4699826,1790639705.3577123,8,217,2,state-aware,2,0.9933,0.9938,,OFF,success
1790639698.871143,1790639709.2505622,3,243,1,state-aware,2,0.9901,0.9938,,OFF,success
1790639700.5240176,1790639710.878584,10,241,2,state-aware,2,0.9937,0.9943,,OFF,success
1790639701.1036575,1790639712.6300008,2,221,2,state-aware,2,0.9901,0.9916,,OFF,success
1790639702.729614,1790639713.8549085,5,241,2,state-aware,2,0.9915,0.9915,,OFF,success
1790639704.8013449,1790639715.0847907,1,242,2,state-aware,2,0.9326,0.9925,,OFF,success
1790639705.5028465,1790639716.2330546,4,239,2,state-aware,2,0.9913,0.9914,,OFF,success
1790639709.738592,1790639717.3280044,6,243,1,state-aware,2,0.9936,0.9821,,ON,failed
1790639707.5334892,1790639719.5962815,9,220,1,state-aware,2,0.9925,0.4307,,ON,failed
1790639708.5780478,1790639720.7183053,8,218,2,state-aware,2,0.9942,0.9925,,ON,failed
1790639713.7422264,1790639721.0188262,7,238,2,state-aware,2,0.9925,0.9932,,OFF,failed
1790639712.4661877,1790639723.1927269,3,244,2,state-aware,2,0.0,0.0174,,UNKNOWN,success
1790639715.4486413,1790639724.9069655,10,242,2,state-aware,2,0.9915,0.9942,,OFF,success
1790639715.874163,1790639726.25872,2,222,2,state-aware,2,0.9925,0.9942,,OFF,success
1790639718.3154325,1790639727.8922281,1,243,2,state-aware,2,0.9939,0.9901,,OFF,success
1790639719.54423,1790639729.710002,4,240,2,state-aware,2,0.9882,0.9901,,OFF,success
1790639717.184518,1790639729.8204892,5,242,2,state-aware,2,0.9925,0.9901,,OFF,failed
1790639720.6521769,1790639731.7795246,6,244,2,state-aware,2,0.9938,0.9933,,OFF,success
1790639722.9034214,1790639733.6442971,9,221,2,state-aware,2,0.9925,0.9932,,OFF,success
1790639724.2404926,1790639734.2259395,7,239,1,state-aware,2,0.9942,0.994,,OFF,success
1790639729.749553,1790639737.3268893,8,219,1,state-aware,2,0.9933,0.9941,,OFF,failed
1790639728.1449409,1790639738.3144891,10,243,2,state-aware,2,0.9914,0.9939,,OFF,success
1790639726.4200094,1790639738.7406843,3,245,1,state-aware,2,0.9915,0.9933,,OFF,failed
1790639729.4866836,1790639739.2499573,2,223,2,state-aware,2,0.9925,0.9933,,OFF,success
1790639731.1090453,1790639742.3376465,1,244,2,state-aware,2,0.9933,0.9901,,OFF,success
1790639734.999209,1790639744.87625,6,245,2,state-aware,2,0.9899,0.9942,,OFF,success
1790639732.9673998,1790639745.2759335,4,241,2,state-aware,2,0.899,0.9358,,OFF,failed
1790639733.1464355,1790639746.0398426,5,243,1,state-aware,2,0.9932,0.9932,,OFF,failed
1790639736.8663383,1790639747.0691857,9,222,2,state-aware,2,0.0,0.5035,,OFF,success
1790639740.513819,1790639749.8006904,8,220,2,state-aware,2,0.9938,0.9933,,OFF,success
1790639742.7672966,1790639750.307232,7,240,1,state-aware,2,0.9938,0.9915,,OFF,failed
1790639741.4910119,1790639751.641342,10,244,2,state-aware,2,0.99,0.9938,,OFF,success
1790639741.967434,1790639752.6743572,3,246,2,state-aware,2,0.9925,0.9938,,OFF,success
1790639742.4668758,1790639753.1806424,2,224,2,state-aware,2,0.9925,0.9916,,OFF,success
1790639745.5645032,1790639755.1486375,1,245,2,state-aware,2,0.9933,0.9915,,OFF,success
1790639748.4340153,1790639759.2231908,4,242,2,state-aware,2,0.9912,0.9913,,OFF,success
1790639749.269639,1790639760.030931,5,244,2,state-aware,2,0.9939,0.9925,,OFF,success
1790639750.2833657,1790639760.756453,9,223,2,state-aware,2,0.9925,0.9932,,OFF,success
1790639753.0164607,1790639764.6545444,8,221,2,state-aware,2,0.0,0.2881,,OFF,failed
1790639754.8758638,1790639765.6810231,10,245,2,state-aware,2,0.9912,0.9942,,OFF,success
1790639756.5156755,1790639766.2823675,2,225,2,state-aware,2,0.9942,0.9933,,OFF,success
1790639758.788092,1790639766.803096,7,241,2,state-aware,2,0.9901,0.9914,,OFF,failed
1790639755.898199,1790639767.013096,3,247,2,state-aware,2,0.9944,0.9944,,OFF,success
1790639758.3774211,1790639768.9526727,1,246,2,state-aware,2,0.9943,0.9913,,OFF,success
1790639762.4432957,1790639772.2277892,4,243,2,state-aware,2,0.0,0.0,,ON,success
1790639763.9674432,1790639774.5021434,9,224,2,state-aware,2,0.9925,0.9605,,UNKNOWN,success
1790639768.8091445,1790639775.6150513,5,245,2,state-aware,2,0.0,0.8392,,OFF,failed
1790639768.9044878,1790639778.880716,10,246,2,state-aware,2,0.9914,0.9926,,OFF,success
1790639769.502842,1790639779.2861965,2,226,2,state-aware,2,0.9932,0.9926,,OFF,success
1790639775.815285,1790639781.639245,3,248,2,state-aware,2,0.9942,0.9933,,OFF,failed
1790639772.3834884,1790639782.6846812,1,247,2,state-aware,2,0.9944,0.9933,,OFF,success
1790639775.8144453,1790639783.0885017,7,242,2,state-aware,2,0.0032,0.0,,OFF,failed
1790639821.517085,1790639832.5353029,4,247,1,ewma,2,0.9899,0.9933,,OFF,success
1790639822.7759235,1790639833.2645319,9,228,1,ewma,2,0.9933,0.9915,,OFF,success
1790639824.6969097,1790639835.4112837,6,251,1,ewma,2,0.9937,0.9944,,OFF,success
1790639825.5158513,1790639836.2280207,2,230,1,ewma,2,0.9914,0.9923,,OFF,success
1790639827.058342,1790639837.7580798,5,249,2,ewma,2,0.9933,0.9915,,OFF,success
1790639833.2652974,1790639838.9949496,10,250,1,ewma,2,0.9899,0.9908,,OFF,failed
1790639829.9285433,1790639839.200431,8,226,1,ewma,2,0.9937,0.9937,,OFF,success
1790639830.8493843,1790639840.5543633,3,252,2,ewma,2,0.9938,0.9938,,OFF,success
1790639832.0687635,1790639842.1612358,1,251,1,ewma,2,0.9938,0.9923,,OFF,success
1790639833.3383117,1790639844.614812,7,246,2,ewma,2,0.99,0.9901,,OFF,failed
1790639836.5924907,1790639846.2661328,9,229,1,ewma,2,0.9924,0.9925,,OFF,success
1790639835.763824,1790639846.7775521,4,248,1,ewma,2,0.9916,0.9914,,OFF,success
1790639838.6332104,1790639847.9300804,6,252,1,ewma,2,0.9931,0.9943,,OFF,success
1790639839.449287,1790639849.7457743,2,231,1,ewma,2,0.9915,0.9925,,OFF,success
1790639840.9869583,1790639850.5654378,5,250,2,ewma,2,0.9942,0.9942,,OFF,success
1790639842.4165761,1790639851.6854403,8,227,1,ewma,2,0.9884,0.9875,,OFF,success
1790639847.268062,1790639853.8261228,10,251,2,ewma,2,0.9925,0.9914,,OFF,failed
1790639843.82583,1790639854.346937,3,253,2,ewma,2,0.9933,0.9932,,OFF,success
1790639845.3758466,1790639856.5057478,1,252,1,ewma,2,0.9925,0.9899,,OFF,success
1790639847.8364098,1790639857.347805,7,247,1,ewma,2,0.9943,0.9923,,OFF,success
1790639849.488179,1790639858.8706498,9,230,1,ewma,2,0.9932,0.0,,OFF,success
1790639849.99034,1790639861.1318412,4,249,1,ewma,2,0.9937,0.9924,,OFF,success
1790639851.335526,1790639862.443426,6,253,1,ewma,2,0.9915,0.9926,,OFF,success
1790639853.0618844,1790639863.8952496,2,232,1,ewma,2,0.9925,0.9933,,OFF,success
1790639854.913126,1790639864.4820118,8,228,1,ewma,2,0.9925,0.9933,,OFF,success
1790639853.7887828,1790639866.4469073,5,251,2,ewma,2,0.9944,0.9933,,OFF,failed
1790639857.583006,1790639868.5808587,3,254,2,ewma,2,0.9933,0.9933,,OFF,success
1790639859.7301145,1790639869.1936758,1,253,1,ewma,2,0.9925,0.9914,,OFF,success
1790639857.1635342,1790639869.201504,10,252,1,ewma,2,0.9932,0.9942,,OFF,failed
1790639860.724281,1790639871.1488361,7,248,1,ewma,2,0.9938,0.9915,,OFF,success
1790639862.0932043,1790639872.7848885,9,231,1,ewma,2,0.9916,0.9901,,ON,success
1790639864.3456154,1790639874.327856,4,250,1,ewma,2,0.9923,0.9931,,ON,success
1790639867.1103437,1790639876.5707016,2,233,1,ewma,2,0.9925,0.9933,,OFF,success
1790639865.658733,1790639877.0937812,6,254,1,ewma,2,0.9915,0.9915,,UNKNOWN,success
1790639867.8055165,1790639878.025947,8,229,1,ewma,2,0.9938,0.9925,,OFF,success
1790639869.6671524,1790639879.6793027,5,252,2,ewma,2,0.9942,0.9943,,OFF,success
1790639871.8079066,1790639881.1744893,3,255,2,ewma,2,0.9901,0.9901,,OFF,success
1790639872.4273014,1790639883.46453,10,253,2,ewma,2,0.8535,0.8689,,OFF,success
1790639877.281761,1790639884.374431,1,254,1,ewma,2,0.9933,0.9881,,OFF,failed
1790639874.3615577,1790639885.390304,7,249,1,ewma,2,0.9942,0.9931,,OFF,success
1790639876.0052967,1790639886.7026575,9,232,1,ewma,2,0.9936,0.9924,,OFF,success
1790639879.798984,1790639890.2101347,2,234,1,ewma,2,0.9914,0.9914,,OFF,success
1790639880.3076508,1790639890.3957274,6,255,1,ewma,2,0.9933,0.9915,,OFF,success
1790639877.5527415,1790639890.5190663,4,251,1,ewma,2,0.9914,0.9915,,OFF,failed
1790639881.2508764,1790639890.9254858,8,230,1,ewma,2,0.9944,0.9944,,OFF,success
1790639882.8992405,1790639892.2310343,5,253,2,ewma,2,0.9942,0.9939,,OFF,success
1790639884.391458,1790639893.9807465,3,256,2,ewma,2,0.9932,0.9933,,OFF,success
1790639886.6856368,1790639896.9607842,10,254,2,ewma,2,0.9925,0.9933,,OFF,success
1790639887.5508435,1790639897.893079,1,255,1,ewma,2,0.9938,0.9925,,OFF,success
1790639888.5985205,1790639898.5741165,7,250,1,ewma,2,0.9938,0.9925,,OFF,success
1790639890.0374274,1790639902.1539664,9,233,1,ewma,2,0.9925,0.9925,,OFF,failed
1790639893.7163193,1790639904.1137397,6,256,1,ewma,2,0.8792,0.9876,,OFF,success
1790639895.4621336,1790639905.7686377,5,254,2,ewma,2,0.9939,0.9933,,OFF,success
1790639898.2908545,1790639905.95942,2,235,1,ewma,2,0.9925,0.9881,,OFF,failed
1790639899.2932465,1790639906.780941,8,231,1,ewma,2,0.9933,0.8943,,OFF,failed
1790639893.842772,1790639906.8163986,4,252,1,ewma,2,0.3565,0.9915,,OFF,failed
1790639897.4179444,1790639908.0086207,3,257,2,ewma,2,0.9925,0.9924,,OFF,success
1790639900.17409,1790639910.461424,10,255,2,ewma,2,0.9881,0.9916,,OFF,success
1790639901.116708,1790639910.772808,1,256,1,ewma,2,0.9933,0.9899,,OFF,success
1790639901.8439527,1790639912.2032475,7,251,1,ewma,2,0.9938,0.9925,,OFF,success
1790639905.3131814,1790639915.3728318,9,234,1,ewma,2,0.9933,0.9925,,OFF,success
1790639907.3341606,1790639918.0696988,6,257,1,ewma,2,0.9925,0.9938,,OFF,success
1790639909.3034053,1790639919.188673,2,236,1,ewma,2,0.9933,0.9914,,OFF,success
1790639910.1231937,1790639920.1924386,4,253,1,ewma,2,0.8689,0.8689,,OFF,success
1790639911.2332783,1790639921.0061338,3,258,2,ewma,2,0.9942,0.9925,,OFF,success
1790639914.3060353,1790639921.6268992,5,255,2,ewma,2,0.9926,0.9925,,ON,failed
1790639915.3078427,1790639921.7307239,8,232,1,ewma,2,0.9933,0.9896,,OFF,failed
1790639913.693011,1790639923.9129186,10,256,2,ewma,2,0.9925,0.9925,,ON,success
1790639913.9967494,1790639924.7852445,1,257,1,ewma,2,0.9937,0.991,,ON,success
1790639915.4306686,1790639927.9801311,7,252,1,ewma,2,0.9938,0.9901,,OFF,failed
1790639918.6969917,1790639929.0019464,9,235,1,ewma,2,0.9933,0.9933,,OFF,success
1790639922.388543,1790639932.5910602,2,237,1,ewma,2,0.9914,0.9901,,OFF,success
1790639923.419629,1790639933.4059305,4,254,1,ewma,2,0.9881,0.9901,,OFF,success
1790639921.3571916,1790639933.807241,6,258,1,ewma,2,0.988,0.9925,,OFF,failed
1790639924.9525075,1790639934.4223502,5,256,2,ewma,2,0.9921,0.8861,,OFF,success
1790639924.2266643,1790639934.868758,3,259,2,ewma,2,0.9915,0.9915,,OFF,success
1790639927.1268606,1790639937.523684,10,257,2,ewma,2,0.9931,0.9932,,OFF,success
1790639930.3223815,1790639937.9520357,8,233,1,ewma,2,0.9938,0.9896,,OFF,failed
1790639928.0077074,1790639939.5508459,1,258,1,ewma,2,0.9938,0.9914,,OFF,failed
1790639931.20222,1790639941.5855505,7,253,1,ewma,2,0.9915,0.9915,,OFF,success
1790639932.225847,1790639942.6253853,9,236,1,ewma,2,0.9942,0.9925,,OFF,success
1790639935.8067033,1790639945.2809691,2,238,1,ewma,2,0.9915,0.9916,,OFF,success
1790639937.6544423,1790639947.6335342,5,257,2,ewma,2,0.9924,0.9942,,OFF,success
1790639936.6219883,1790639948.1561275,4,255,1,ewma,2,0.9925,0.9914,,OFF,success
1790639938.093728,1790639948.259551,3,260,2,ewma,2,0.9925,0.9925,,OFF,success
1790639937.0336335,1790639949.7855475,6,259,1,ewma,2,0.9925,0.9915,,OFF,failed
1790639941.2276762,1790639950.8134098,8,234,2,ewma,2,0.9914,0.9925,,OFF,success
1790639940.708451,1790639952.2722065,10,258,2,ewma,2,0.9913,0.9932,,OFF,success
1790639942.7719812,1790639952.6496558,1,259,1,ewma,2,0.9931,0.9923,,OFF,success
1790639944.9439552,1790639954.7192576,7,254,1,ewma,2,0.9915,0.9938,,OFF,success
1790639945.878386,1790639956.2614367,9,237,1,ewma,2,0.9939,0.9915,,OFF,success
1790639948.4978142,1790639959.315378,2,239,1,ewma,2,0.9933,0.9937,,OFF,success
1790639950.9976761,1790639961.2563536,5,258,2,ewma,2,0.0008,0.0,,OFF,success
1790639951.478509,1790639962.0891807,3,261,2,ewma,2,0.9925,0.9937,,OFF,success
1790639953.0563025,1790639962.6217883,6,260,1,ewma,2,0.9932,0.9932,,OFF,success
1790639956.3330646,1790639963.5151408,4,256,1,ewma,2,0.9901,0.9925,,OFF,failed
1790639954.0447948,1790639964.8605573,8,235,2,ewma,2,0.9924,0.9943,,OFF,success
1790639955.8716607,1790639966.3824072,1,260,1,ewma,2,0.9933,0.9914,,OFF,success
1790639955.3644636,1790639966.8903048,10,259,2,ewma,2,0.0,0.0,,OFF,success
1790639957.9471953,1790639967.5122235,7,255,1,ewma,2,0.9938,0.9937,,OFF,success
1790639959.4968626,1790639971.5037305,9,238,1,ewma,2,0.9933,0.9901,,OFF,failed
1790639962.549983,1790639973.8939848,2,240,1,ewma,2,0.9933,0.9915,,UNKNOWN,failed
1790639964.4836342,1790639974.4996133,5,259,2,ewma,2,0.9925,0.9942,,OFF,success
1790639965.3069022,1790639975.113823,3,262,2,ewma,2,0.99,0.9925,,OFF,success
1790639965.9288697,1790639977.1383662,6,261,1,ewma,2,0.994,0.9924,,OFF,success
1790639967.9884098,1790639978.4774847,8,236,2,ewma,2,0.9932,0.9941,,OFF,success
1790639969.6233845,1790639979.8033724,1,261,1,ewma,2,0.0,0.0,,OFF,success
1790639975.3416338,1790639982.4741256,10,260,2,ewma,2,0.9891,0.989,,OFF,failed
1790639974.7226808,1790639985.8165655,9,239,1,ewma,2,0.9924,0.9938,,OFF,success
1790639977.7068493,1790639987.3758435,5,260,2,ewma,2,0.9926,0.9939,,OFF,success
1790639977.1725733,1790639989.1304822,2,241,1,ewma,2,0.9938,0.9901,,OFF,failed
1790639978.391758,1790639989.6172063,3,263,2,ewma,2,0.9925,0.9899,,OFF,success
1790639981.8166938,1790639992.0099313,8,237,2,ewma,2,0.9933,0.9925,,OFF,success
1790639980.3686357,1790639993.5483847,6,262,1,ewma,2,0.9933,0.9898,,OFF,failed
1790639985.6958525,1790639995.8204126,10,261,2,ewma,2,0.9932,0.9926,,OFF,success
1790639989.0685546,1790639998.6279056,9,240,1,ewma,2,0.9937,0.9924,,OFF,success
1790639990.5878015,1790640001.5948815,5,261,2,ewma,2,0.9926,0.9937,,OFF,success
1790639992.4402378,1790640002.9657161,2,242,1,ewma,2,0.0,0.9914,,OFF,success
1790639992.8431575,1790640003.53889,3,264,2,ewma,2,0.9926,0.9926,,OFF,success
1790639995.2365057,1790640006.3477895,8,238,2,ewma,2,0.9914,0.9915,,OFF,success
1790639996.7644982,1790640006.9490116,6,263,1,ewma,2,0.0,0.0,,OFF,success
1790639998.813967,1790640008.4921472,4,259,1,ewma,2,0.8689,0.0,,OFF,success
1790639998.897454,1790640008.891878,10,262,2,ewma,2,0.9915,0.9938,,OFF,success
1790640003.3552377,1790640011.3181603,7,258,1,ewma,2,0.8804,0.8689,,OFF,failed
1790640001.880744,1790640013.0887065,9,241,1,ewma,2,0.9915,0.9933,,OFF,success
1790640004.8087194,1790640014.3028653,5,262,2,ewma,2,0.9915,0.9933,,OFF,success
1790640006.8710313,1790640016.8982522,3,265,2,ewma,2,0.9925,0.9941,,OFF,success
1790640006.1777263,1790640019.3066592,2,243,1,ewma,2,0.0,0.99,,OFF,failed
1790640009.5652845,1790640019.959505,8,239,2,ewma,2,0.0029,0.0,,ON,success
1790640015.3607004,1790640021.6737578,6,264,1,ewma,2,0.8887,0.0,,OFF,failed
1790640011.5719588,1790640021.7593377,4,260,1,ewma,2,0.8953,0.0,,ON,success
1790640012.2155957,1790640022.2870612,10,263,2,ewma,2,0.9913,0.0,,ON,success
1790640012.497802,1790640023.0320923,1,264,1,ewma,2,0.9916,0.7011,,OFF,success
1790640014.6534398,1790640024.2187834,7,259,1,ewma,2,0.9938,0.9932,,OFF,success
1790640016.2947638,1790640027.5471625,9,242,1,ewma,2,0.9915,0.9925,,OFF,success
1790640017.5334623,1790640027.6014125,5,263,2,ewma,2,0.9915,0.9938,,OFF,success
1790640020.113398,1790640030.7935638,3,266,2,ewma,2,0.9933,0.9942,,OFF,success
1790640022.4700494,1790640032.7425263,2,244,1,ewma,2,0.9815,0.9932,,OFF,success
1790640023.1772447,1790640033.562081,8,240,2,ewma,2,0.9938,0.9938,,OFF,success
1790640025.0739322,1790640035.6947272,4,261,1,ewma,2,0.5474,0.0,,OFF,success
1790640026.2456267,1790640035.7982113,1,265,1,ewma,2,0.9933,0.9931,,OFF,success
1790640030.3754616,1790640036.832976,6,265,1,ewma,2,0.9872,0.8887,,OFF,failed
1790640030.376277,1790640037.5482934,10,264,2,ewma,2,0.9914,0.8333,,OFF,failed
1790640027.4723098,1790640040.6208735,7,260,1,ewma,2,0.9938,0.9925,,OFF,failed
1790640030.9682524,1790640041.852699,5,264,2,ewma,2,0.8974,0.8689,,OFF,success
1790640036.3812404,1790640043.5950227,9,243,1,ewma,2,0.9925,0.9925,,OFF,failed
1790640034.0187385,1790640044.9434419,3,267,2,ewma,2,0.9943,0.9943,,OFF,success
1790640035.9598732,1790640046.6956515,2,245,1,ewma,2,0.9933,0.9933,,OFF,success
1790640036.7723238,1790640047.1074035,8,241,2,ewma,2,0.9944,0.9933,,OFF,success
1790640038.957428,1790640049.5397842,1,266,1,ewma,2,0.0,0.0,,OFF,success
1790640044.3866007,1790640050.6487176,4,262,1,ewma,2,0.9667,0.8333,,OFF,failed
1790640040.159319,1790640051.3072646,6,266,2,ewma,2,0.9933,0.9942,,OFF,success
1790640040.7737172,1790640051.8830142,10,265,2,ewma,2,0.9925,0.9942,,OFF,success
1790640093.6922565,1790640105.4382725,9,247,1,state-aware,3,0.9938,0.9925,,OFF,failed
1790640095.1576025,1790640105.955523,2,249,2,state-aware,3,0.9932,0.9932,,OFF,success
1790640097.5019202,1790640106.901679,1,270,2,state-aware,3,0.9902,0.9926,,OFF,success
1790640096.9880512,1790640107.4078007,8,245,2,state-aware,3,0.9925,0.9932,,OFF,success
1790640099.352204,1790640110.3542705,4,266,2,state-aware,3,0.9901,0.9915,,OFF,success
1790640100.0731719,1790640110.9701858,10,269,2,state-aware,3,0.9925,0.9925,,OFF,success
1790640103.037679,1790640113.5372255,6,270,2,state-aware,3,0.9899,0.9925,,OFF,success
1790640106.4221992,1790640117.0202734,3,272,2,state-aware,3,0.0058,0.9138,,OFF,success
1790640106.916648,1790640117.6270087,5,269,2,state-aware,3,0.9891,0.9901,,OFF,success
1790640109.1696196,1790640118.8534818,2,250,1,state-aware,3,0.9938,0.9937,,OFF,success
1790640110.6103117,1790640122.1360078,8,246,1,state-aware,3,0.9915,0.9925,,OFF,failed
1790640110.2261453,1790640122.647062,1,271,1,state-aware,3,0.9933,0.9914,,OFF,failed
1790640113.709549,1790640125.0118015,4,267,1,state-aware,3,0.99,0.99,,OFF,failed
1790640114.187005,1790640125.6076148,10,270,1,state-aware,3,0.9915,0.9939,,OFF,success
1790640116.7541366,1790640129.3953803,6,271,1,state-aware,3,0.99,0.9881,,OFF,failed
1790640120.3540184,1790640129.8174558,3,273,1,state-aware,3,0.9926,0.9925,,ON,success
1790640120.8511024,1790640131.0414155,5,270,1,state-aware,3,0.9915,0.9914,,ON,success
1790640122.07908,1790640131.7745361,2,251,2,state-aware,3,0.9915,0.9933,,ON,success
1790640125.4462137,1790640134.9497705,8,247,2,state-aware,3,0.9901,0.9925,,OFF,success
1790640125.8846738,1790640135.6467974,1,272,2,state-aware,3,0.9937,0.9924,,OFF,success
1790640128.2269614,1790640138.6203425,4,268,2,state-aware,3,0.0016,0.0,,OFF,success
1790640133.9819138,1790640141.0866876,10,271,1,state-aware,3,0.9916,0.9915,,OFF,failed
1790640132.621903,1790640143.1290689,6,272,2,state-aware,3,0.9932,0.9915,,OFF,success
1790640133.048366,1790640144.2415204,3,274,2,state-aware,3,0.99,0.9938,,OFF,success
1790640134.2694452,1790640146.3005135,5,271,1,state-aware,3,0.9941,0.9938,,OFF,failed
1790640138.0415993,1790640147.5204937,8,248,2,state-aware,3,0.9522,0.9875,,OFF,success
1790640134.992973,1790640147.742494,2,252,1,state-aware,3,0.9925,0.9933,,OFF,failed
1790640137.768549,1790640148.4656026,9,250,2,state-aware,3,0.0,0.8733,,OFF,success
1790640138.8735027,1790640149.1550305,1,273,2,state-aware,3,0.9925,0.9925,,OFF,success
1790640141.8369946,1790640152.3383534,4,269,2,state-aware,3,0.9914,0.9914,,OFF,success
1790640144.3146312,1790640154.3891826,10,272,2,state-aware,3,0.9925,0.9937,,OFF,success
1790640146.3502033,1790640158.4776752,6,273,2,state-aware,3,0.9926,0.9901,,OFF,failed
1790640147.4607368,1790640159.3043745,3,275,1,state-aware,3,0.9925,0.9939,,OFF,failed
1790640149.5100362,1790640160.6686811,5,272,2,state-aware,3,0.9938,0.9933,,OFF,success
1790640151.6920362,1790640161.4498608,9,251,2,state-aware,3,0.9941,0.9925,,OFF,success
1790640152.3699622,1790640162.1966999,1,274,2,state-aware,3,0.037,0.9763,,OFF,success
1790640155.9985454,1790640163.1037908,8,249,2,state-aware,3,0.0,0.7026,,OFF,failed
1790640158.000658,1790640165.1394317,7,268,2,state-aware,3,0.9451,0.9911,,OFF,failed
1790640155.668303,1790640165.7497432,4,270,2,state-aware,3,0.9942,0.9914,,OFF,success
1790640157.615457,1790640167.831315,10,273,2,state-aware,3,0.9924,0.9925,,OFF,success
1790640161.704185,1790640171.9008336,6,274,1,state-aware,3,0.9925,0.9933,,OFF,success
1790640163.8454375,1790640174.2951555,5,273,2,state-aware,3,0.9942,0.9933,,OFF,success
1790640162.5254924,1790640175.032714,3,276,2,state-aware,3,0.9914,0.9933,,OFF,failed
1790640164.613039,1790640175.386429,9,252,2,state-aware,3,0.9933,0.9925,,OFF,success
1790640166.3193684,1790640175.9266686,8,250,1,state-aware,3,0.9914,0.9925,,OFF,success
1790640165.410591,1790640176.2943926,1,275,2,state-aware,3,0.9933,0.9925,,OFF,success
1790640168.3609843,1790640177.9569178,7,269,1,state-aware,3,0.9932,0.9942,,OFF,success
1790640168.9665985,1790640179.0607946,4,271,2,state-aware,3,0.9938,0.9899,,OFF,success
1790640171.0536833,1790640181.9357836,10,274,2,state-aware,3,0.9915,0.9914,,ON,success
1790640175.1375618,1790640185.6140573,6,275,1,state-aware,3,0.9901,0.9902,,OFF,success
1790640178.601226,1790640188.4849405,9,253,2,state-aware,3,0.0,0.0,,OFF,success
1790640178.0213304,1790640188.5261621,5,274,2,state-aware,3,0.9902,0.9925,,OFF,success
1790640179.1385713,1790640188.9080915,8,251,1,state-aware,3,0.9932,0.9944,,OFF,success
1790640184.0242143,1790640189.4125674,3,277,1,state-aware,3,0.9901,0.9937,,OFF,failed
1790640185.026028,1790640191.563514,1,276,2,state-aware,3,0.9926,0.9925,,OFF,failed
1790640182.2798808,1790640192.0786846,4,272,2,state-aware,3,0.9914,0.9914,,OFF,success
1790640185.154999,1790640197.920646,10,275,2,state-aware,3,0.9925,0.9941,,OFF,failed
1790640108.655839,,9,248,2,state-aware,3,0.9933,0.9925,,OFF,unavailable
1790640188.8307343,1790640200.5728185,6,276,1,state-aware,3,0.9913,0.9925,,OFF,failed
1790640192.629853,1790640202.6102881,3,278,2,state-aware,3,0.9933,0.9942,,OFF,success
1790640192.1371238,1790640204.1535196,8,252,1,state-aware,3,0.9937,0.9942,,OFF,failed
1790640194.7810624,1790640204.5734665,1,277,2,state-aware,3,0.0,0.1638,,OFF,success
1790640191.8114417,1790640205.1078248,5,275,1,state-aware,3,0.9902,0.0,,OFF,failed
1790640197.0310183,1790640205.174036,9,254,2,state-aware,3,0.8535,0.8689,,OFF,failed
1790640195.305304,1790640206.1320443,4,273,2,state-aware,3,0.9848,0.9802,,OFF,success
1790640196.344072,1790640206.9562178,2,256,2,state-aware,3,0.9933,0.9901,,OFF,success
1790640201.1456227,1790640212.3470354,10,276,1,state-aware,3,0.9925,0.9933,,OFF,success
1790640203.8096738,1790640213.3795052,6,277,2,state-aware,3,0.9924,0.9932,,OFF,success
1790640123.1964593,,7,266,2,state-aware,3,0.8887,0.9862,,UNKNOWN,unavailable
1790640205.8358917,1790640216.040852,3,279,2,state-aware,3,0.9914,0.9938,,OFF,success
1790640207.4769244,1790640217.575062,8,253,2,state-aware,3,0.9925,0.9938,,OFF,success
1790640207.7739973,1790640218.8382761,1,278,1,state-aware,3,0.9914,0.9925,,OFF,success
1790640208.4093645,1790640219.417544,9,255,1,state-aware,3,0.9938,0.9934,,OFF,success
1790640214.0532773,1790640219.9280295,5,276,2,state-aware,3,0.9932,0.8689,,OFF,failed
1790640210.2224052,1790640220.0242436,2,257,2,state-aware,3,0.9941,0.9944,,OFF,success
1790640209.3484592,1790640220.2359219,4,274,2,state-aware,3,0.9899,0.99,,OFF,success
1790640211.4115658,1790640221.078955,7,272,1,state-aware,3,0.9932,0.9933,,OFF,success
1790640215.5749469,1790640226.5173788,10,277,1,state-aware,3,0.9933,0.9926,,OFF,success
1790640216.5911794,1790640227.905136,6,278,2,state-aware,3,0.9924,0.9925,,OFF,success
1790640219.2574127,1790640228.8485672,3,280,2,state-aware,3,0.9925,0.9942,,OFF,success
1790640220.7948022,1790640231.7257354,8,254,2,state-aware,3,0.9925,0.9926,,ON,success
1790640222.0507119,1790640231.7438002,1,279,1,state-aware,3,0.8497,0.0,,ON,success
1790640228.0591214,1790640233.5481994,9,256,1,state-aware,3,0.9926,0.9902,,OFF,failed
1790640224.4595194,1790640234.156444,7,273,1,state-aware,3,0.9916,0.9943,,OFF,success
1790640223.2513125,1790640234.910977,2,258,2,state-aware,3,0.9941,0.9919,,OFF,failed
1790640223.664278,1790640234.9918537,4,275,2,state-aware,3,0.9899,0.99,,OFF,success
1790640228.059713,1790640236.5108075,5,277,1,state-aware,3,0.9932,0.1528,,OFF,failed
1790640229.7420104,1790640240.3256965,10,278,1,state-aware,3,0.9933,0.9915,,OFF,success
1790640232.0537333,1790640243.1754808,3,281,2,state-aware,3,0.9925,0.9938,,OFF,success
1790640231.1342406,1790640243.792078,6,279,2,state-aware,3,0.9899,0.99,,OFF,failed
1790640151.1865423,,2,253,2,state-aware,3,0.9933,0.9926,,OFF,unavailable
1790640234.962216,1790640244.599557,1,280,2,state-aware,3,0.8333,0.8333,,OFF,success
1790640236.7727413,1790640246.1727583,9,257,2,state-aware,3,0.9925,0.9901,,OFF,success
1790640237.3926697,1790640247.392684,7,274,1,state-aware,3,0.9933,0.9938,,OFF,success
1790640240.0653512,1790640248.2263615,8,255,2,state-aware,3,0.9925,0.9915,,OFF,failed
1790640238.315699,1790640248.230554,4,276,2,state-aware,3,0.992,0.9914,,OFF,success
1790640239.7265785,1790640250.3431745,5,278,2,state-aware,3,0.9915,0.9933,,OFF,success
1790640244.0681021,1790640250.4526029,2,259,1,state-aware,3,0.9883,0.9937,,OFF,failed
1790640243.5580542,1790640255.2556863,10,279,1,state-aware,3,0.9926,0.9925,,OFF,failed
1790640246.3959575,1790640256.827589,3,282,2,state-aware,3,0.9914,0.9942,,OFF,success
1790640247.1054907,1790640257.4129233,6,280,1,state-aware,3,0.9915,0.9915,,OFF,success
1790640247.8187833,1790640258.545511,1,281,2,state-aware,3,0.9931,0.9914,,OFF,success
1790640250.7121203,1790640260.5157359,7,275,1,state-aware,3,0.9944,0.9944,,OFF,success
1790640249.3879843,1790640260.7113218,9,258,2,state-aware,3,0.9933,0.9932,,OFF,success
1790640251.410306,1790640262.730302,4,277,2,state-aware,3,0.0054,0.9914,,OFF,failed
1790640251.4110935,1790640263.571296,8,256,1,state-aware,3,0.9925,0.0,,OFF,failed
1790640253.6582181,1790640264.0639193,2,260,2,state-aware,3,0.9913,0.9914,,OFF,success
1790640253.5604258,1790640264.1763165,5,279,2,state-aware,3,0.9261,0.9915,,OFF,success
1790640258.4757211,1790640268.7727032,10,280,2,state-aware,3,0.9938,0.9925,,OFF,success
1790640260.0552065,1790640270.0046349,3,283,2,state-aware,3,0.9926,0.9938,,OFF,success
1790640260.637232,1790640270.5260813,6,281,1,state-aware,3,0.9925,0.9925,,OFF,success
1790640261.876198,1790640273.1094747,1,282,2,state-aware,3,0.9924,0.9879,,OFF,success
1790640181.1748972,,7,270,2,state-aware,3,0.0,0.9942,,OFF,unavailable
1790640264.045586,1790640274.5011766,9,259,2,state-aware,3,0.9875,0.9855,,OFF,success
1790640263.8947291,1790640275.5312417,7,276,2,state-aware,3,0.098,0.9942,,OFF,failed
1790640265.9493365,1790640276.4628587,4,278,1,state-aware,3,0.9933,0.9881,,OFF,success
1790640267.5948265,1790640277.7944107,5,280,2,state-aware,3,0.9901,0.9925,,OFF,success
1790640267.4764414,1790640277.8875875,2,261,2,state-aware,3,0.0,0.99,,OFF,success
1790640266.745256,1790640279.4332054,8,257,2,state-aware,3,0.9925,0.9938,,OFF,failed
1790640271.9923496,1790640283.002905,10,281,2,state-aware,3,0.9915,0.9944,,ON,success
1790640273.2200007,1790640284.230484,3,284,2,state-aware,3,0.0,0.0056,,ON,success
1790640273.7430866,1790640285.8606768,6,282,1,state-aware,3,0.9925,0.9635,,ON,failed
1790640276.4094915,1790640287.2011893,1,283,2,state-aware,3,0.6089,0.9901,,UNKNOWN,success
1790640277.7338283,1790640288.5376112,9,260,2,state-aware,3,0.9925,0.9925,,UNKNOWN,success
1790640278.7924623,1790640289.9979885,7,277,1,state-aware,3,0.9924,0.9925,,OFF,success
1790640279.7886548,1790640290.0718274,4,279,1,state-aware,3,0.9942,0.9914,,OFF,success
1790640281.206869,1790640291.644292,2,262,2,state-aware,3,0.8689,0.9938,,OFF,success
1790640286.085361,1790640292.9430013,5,281,2,state-aware,3,0.9932,0.9933,,OFF,failed
1790640286.3088381,1790640295.705517,10,282,2,state-aware,3,0.9938,0.9933,,OFF,success
1790640282.6633406,1790640296.215784,8,258,1,state-aware,3,0.9925,0.9938,,OFF,failed
1790640287.4508162,1790640297.3751304,3,285,2,state-aware,3,0.9916,0.9926,,OFF,success
1790640289.0165036,1790640298.5742953,6,283,2,state-aware,3,0.9882,0.9915,,OFF,success
1790640290.4173658,1790640300.722326,1,284,2,state-aware,3,0.9925,0.9924,,OFF,success
1790640291.7684488,1790640301.5408914,9,261,2,state-aware,3,0.9931,0.9924,,OFF,success
1790640293.3046782,1790640303.1061807,4,280,1,state-aware,3,0.9905,0.8333,,OFF,success
1790640294.857926,1790640304.5938911,2,263,2,state-aware,3,0.9942,0.9933,,OFF,success
1790640298.1021826,1790640304.6435146,7,278,1,state-aware,3,0.9941,0.9943,,OFF,failed
1790640296.17006,1790640306.5542026,5,282,2,state-aware,3,0.9915,0.9925,,OFF,success
1790640305.1083462,1790640311.0736077,8,259,2,state-aware,3,0.9943,0.9942,,OFF,failed
1790640300.6043146,1790640311.1956196,3,286,2,state-aware,3,0.9925,0.9902,,OFF,success
1790640301.7982533,1790640311.3781233,6,284,2,state-aware,3,0.9942,0.9925,,OFF,success
1790640304.1062331,1790640312.4199364,10,283,2,state-aware,3,0.0,0.0,,OFF,failed
1790640304.0434291,1790640315.0489745,1,285,2,state-aware,3,0.9938,0.9914,,OFF,success
1790640304.7695494,1790640315.2490757,9,262,2,state-aware,3,0.9915,0.9915,,OFF,success
1790640306.315256,1790640317.7495553,4,281,1,state-aware,3,0.9925,0.9913,,OFF,failed
1790640313.1130955,1790640319.3646915,2,264,2,state-aware,3,0.9942,0.9926,,OFF,failed
1790640313.1137707,1790640320.7975059,7,279,2,state-aware,3,0.0,0.9943,,OFF,failed
1790640309.7664058,1790640322.736591,5,283,2,state-aware,3,0.9942,0.9938,,OFF,failed
1790640365.0804636,1790640374.667039,9,266,2,snr-greedy,3,0.9932,0.9933,,OFF,success
1790640368.0359304,1790640378.6569192,2,268,1,snr-greedy,3,0.9937,0.9924,,OFF,success
1790640373.6025953,1790640380.1063352,7,283,2,snr-greedy,3,0.857,0.8538,,ON,failed
1790640368.3826768,1790640380.5062785,4,285,2,snr-greedy,3,0.9881,0.99,,OFF,failed
1790640373.6857831,1790640385.2365575,5,287,2,snr-greedy,3,0.9925,0.9933,,ON,failed
1790640375.3806434,1790640385.5019488,8,264,1,snr-greedy,3,0.9943,0.9941,,ON,success
1790640375.9545329,1790640387.1469727,10,288,2,snr-greedy,3,0.9912,0.9923,,ON,success
1790640376.9494789,1790640387.9672425,6,289,2,snr-greedy,3,0.9,0.0,,OFF,success
1790640377.9479985,1790640388.8257813,9,267,1,snr-greedy,3,0.9938,0.9915,,OFF,success
1790640381.882845,1790640391.5532026,2,269,1,snr-greedy,3,0.9944,0.9941,,OFF,success
1790640383.732205,1790640393.419264,4,286,1,snr-greedy,3,0.9933,0.99,,OFF,success
1790640383.3333163,1790640396.5953486,7,284,2,snr-greedy,3,0.99,0.9915,,OFF,failed
1790640388.4512465,1790640397.825386,5,288,1,snr-greedy,3,0.9925,0.9924,,OFF,success
1790640388.72493,1790640401.2886631,8,265,1,snr-greedy,3,0.9932,0.0,,OFF,failed
1790640390.3773203,1790640401.8952196,10,289,1,snr-greedy,3,0.9915,0.9914,,OFF,failed
1790640391.178877,1790640402.3031113,6,290,2,snr-greedy,3,0.99,0.9915,,OFF,success
1790640392.0410147,1790640402.4332335,3,292,1,snr-greedy,3,0.0,0.9,,OFF,success
1790640392.0890229,1790640402.8119757,9,268,1,snr-greedy,3,0.9938,0.0055,,OFF,success
1790640394.781605,1790640404.3535578,2,270,2,snr-greedy,3,0.9926,0.9933,,OFF,success
1790640393.550318,1790640404.5558467,1,291,2,snr-greedy,3,0.9899,0.9932,,OFF,success
1790640396.5429235,1790640408.7671335,4,287,1,snr-greedy,3,0.9926,0.9901,,OFF,failed
1790640399.928199,1790640409.381422,7,285,2,snr-greedy,3,0.9916,0.9925,,OFF,success
1790640401.0547237,1790640411.2502384,5,289,2,snr-greedy,3,0.9926,0.9933,,OFF,success
1790640405.1219487,1790640415.4475398,10,290,1,snr-greedy,3,0.0,0.0,,OFF,success
1790640404.5169728,1790640415.8546975,8,266,1,snr-greedy,3,0.9942,0.9932,,OFF,failed
1790640405.6327505,1790640415.936397,6,291,2,snr-greedy,3,0.0,0.0,,OFF,success
1790640406.03487,1790640416.7365804,9,269,1,snr-greedy,3,0.9942,0.9922,,OFF,success
1790640410.634996,1790640418.1005259,3,293,2,snr-greedy,3,0.0016,0.0537,,OFF,failed
1790640407.887864,1790640418.1918254,1,292,1,snr-greedy,3,0.9842,0.9916,,OFF,success
1790640412.6362488,1790640420.5693624,2,271,2,snr-greedy,3,0.9924,0.9932,,OFF,failed
1790640412.10777,1790640421.7952807,4,288,2,snr-greedy,3,0.99,0.9924,,OFF,success
1790640412.5986955,1790640423.5254319,7,286,2,snr-greedy,3,0.9898,0.9913,,OFF,success
1790640414.5324218,1790640424.9739654,5,290,2,snr-greedy,3,0.9925,0.9938,,OFF,success
1790640418.6628928,1790640429.0383983,10,291,2,snr-greedy,3,0.9937,0.9938,,OFF,success
1790640419.157885,1790640430.2701912,6,292,2,snr-greedy,3,0.8689,0.8887,,OFF,success
1790640419.9730914,1790640431.077532,9,270,1,snr-greedy,3,0.9925,0.9914,,OFF,success
1790640424.640447,1790640431.2851398,8,267,1,snr-greedy,3,0.0,0.0,,ON,failed
1790640421.4205616,1790640431.6805634,1,293,2,snr-greedy,3,0.8722,0.8804,,OFF,success
1790640426.642428,1790640434.391021,3,294,1,snr-greedy,3,0.8339,0.8294,,ON,failed
1790640425.0202663,1790640434.7097151,4,289,1,snr-greedy,3,0.9933,0.9899,,ON,success
1790640423.7864623,1790640434.793502,2,272,1,snr-greedy,3,0.9942,0.9933,,ON,success
1790640431.6460614,1790640439.1758058,7,287,1,snr-greedy,3,0.9898,0.9855,,UNKNOWN,failed
1790640428.188875,1790640441.4327102,5,291,2,snr-greedy,3,0.0,0.3839,,ON,failed
1790640432.2581294,1790640443.5569303,10,292,2,snr-greedy,3,0.9933,0.9931,,OFF,success
1790640435.0441852,1790640444.9867902,1,294,1,snr-greedy,3,0.9928,0.9922,,OFF,success
1790640433.614199,1790640444.9906642,6,293,1,snr-greedy,3,0.9916,0.9902,,OFF,success
1790640439.6502917,1790640446.3575711,9,271,1,snr-greedy,3,0.9942,0.9933,,OFF,failed
1790640437.7064571,1790640447.366201,3,295,2,snr-greedy,3,0.992,0.9938,,OFF,success
1790640434.5073667,1790640447.5980053,8,268,2,snr-greedy,3,0.8743,0.8943,,OFF,failed
1790640438.1129453,1790640448.0015965,2,273,2,snr-greedy,3,0.9932,0.9937,,OFF,success
1790640437.8151476,1790640448.466035,4,290,1,snr-greedy,3,0.9839,0.0,,OFF,success
1790640442.3994772,1790640452.6927104,7,288,2,snr-greedy,3,0.9924,0.9937,,OFF,success
1790640363.6357908,,1,289,2,snr-greedy,3,0.9932,0.9942,,OFF,unavailable
1790640444.6548169,1790640456.9735327,5,292,2,snr-greedy,3,0.9925,0.9943,,OFF,failed
1790640446.699642,1790640458.9439886,10,293,1,snr-greedy,3,0.9926,0.9926,,OFF,failed
1790640448.2641127,1790640460.2738044,1,295,2,snr-greedy,3,0.0,0.9922,,OFF,failed
1790640448.2637982,1790640460.7730947,6,294,1,snr-greedy,3,0.9916,0.0016,,OFF,failed
1790640451.193332,1790640461.0819254,2,274,2,snr-greedy,3,0.177,0.9914,,OFF,success
1790640449.6378176,1790640462.5246513,9,272,1,snr-greedy,3,0.9925,0.9925,,OFF,failed
1790640455.660349,1790640462.6071584,8,269,2,snr-greedy,3,0.9887,0.9902,,OFF,failed
1790640456.6625245,1790640463.4433515,4,291,1,snr-greedy,3,0.9896,0.8333,,OFF,failed
1790640455.659494,1790640463.6499162,3,296,1,snr-greedy,3,0.0,0.0,,OFF,failed
1790640455.91977,1790640465.7057343,7,289,1,snr-greedy,3,0.9943,0.9938,,OFF,success
1790640460.2303505,1790640471.2226598,5,293,2,snr-greedy,3,0.9915,0.9938,,OFF,success
1790640463.595253,1790640473.3792777,1,296,2,snr-greedy,3,0.0,0.988,,OFF,success
1790640462.1659865,1790640473.976965,10,294,2,snr-greedy,3,0.9915,0.9938,,OFF,failed
1790640463.988863,1790640474.7048225,6,295,2,snr-greedy,3,0.0,0.0016,,OFF,success
1790640469.6773765,1790640476.145035,2,275,1,snr-greedy,3,0.9892,0.9933,,OFF,failed
1790640465.838441,1790640476.578065,8,270,2,snr-greedy,3,0.9855,0.9891,,OFF,success
1790640466.9664278,1790640477.2587183,3,297,2,snr-greedy,3,0.9853,0.9881,,OFF,success
1790640466.674974,1790640477.8795502,4,292,2,snr-greedy,3,0.9896,0.9919,,OFF,success
1790640470.679414,1790640478.7019405,9,273,1,snr-greedy,3,0.9925,0.9901,,OFF,failed
1790640468.9201672,1790640480.141611,7,290,2,snr-greedy,3,0.9933,0.9933,,OFF,success
1790640474.4592094,1790640486.301336,5,294,2,snr-greedy,3,0.9915,0.9942,,OFF,failed
1790640477.149455,1790640488.329338,10,295,2,snr-greedy,3,0.9933,0.9942,,OFF,success
1790640476.6071045,1790640489.3467834,1,297,1,snr-greedy,3,0.9915,0.9913,,OFF,failed
1790640479.3567204,1790640489.8645504,2,276,1,snr-greedy,3,0.9915,0.9916,,ON,success
1790640480.5913682,1790640490.3913705,3,298,1,snr-greedy,3,0.9925,0.9916,,ON,success
1790640477.919566,1790640490.582793,6,296,1,snr-greedy,3,0.9925,0.9924,,ON,failed
1790640479.792658,1790640491.4178839,8,271,2,snr-greedy,3,0.9912,0.9938,,ON,failed
1790640481.2268128,1790640492.213416,4,293,1,snr-greedy,3,0.943,0.9869,,OFF,success
1790640481.915106,1790640493.01855,9,274,1,snr-greedy,3,0.9931,0.9931,,OFF,success
1790640483.3577929,1790640494.57939,7,291,2,snr-greedy,3,0.9925,0.9933,,OFF,success
1790640491.538506,1790640501.5382886,10,296,2,snr-greedy,3,0.9925,0.9942,,OFF,success
1790640489.4001276,1790640502.1301548,5,295,2,snr-greedy,3,0.9924,0.9942,,OFF,failed
1790640493.0728788,1790640502.468732,2,277,2,snr-greedy,3,0.9901,0.9902,,OFF,success
1790640493.7929306,1790640503.3707201,6,297,2,snr-greedy,3,0.9841,0.9857,,OFF,success
1790640495.4441123,1790640504.80694,4,294,1,snr-greedy,3,0.9941,0.99,,OFF,success
1790640494.6135044,1790640505.7101963,8,272,2,snr-greedy,3,0.9933,0.9942,,OFF,success
1790640498.6933692,1790640506.4430969,3,299,2,snr-greedy,3,0.9924,0.994,,OFF,failed
1790640496.242358,1790640507.4758074,9,275,1,snr-greedy,3,0.9933,0.9915,,OFF,success
1790640497.7920887,1790640507.7800071,7,292,2,snr-greedy,3,0.9901,0.9933,,OFF,success
1790640504.8247166,1790640514.2147121,10,297,2,snr-greedy,3,0.9901,0.9939,,OFF,success
1790640505.697044,1790640515.2689154,2,278,2,snr-greedy,3,0.9376,0.9882,,OFF,success
1790640506.5393517,1790640515.8645926,6,298,2,snr-greedy,3,0.9901,0.9915,,OFF,success
1790640505.3049605,1790640516.3848443,5,296,2,snr-greedy,3,0.9901,0.9916,,OFF,success
1790640508.1226883,1790640519.4605136,4,295,1,snr-greedy,3,0.9933,0.9914,,OFF,success
1790640509.040237,1790640520.1773734,8,273,2,snr-greedy,3,0.9915,0.9933,,OFF,success
1790640510.9966187,1790640520.5774772,7,293,2,snr-greedy,3,0.9915,0.9933,,OFF,success
1790640510.6918874,1790640522.0264604,9,276,1,snr-greedy,3,0.9914,0.9914,,OFF,success
1790640518.478786,1790640528.565492,2,279,1,snr-greedy,3,0.9925,0.9925,,OFF,success
1790640519.0919273,1790640529.0879319,6,299,1,snr-greedy,3,0.9899,0.0,,OFF,success
1790640521.5614176,1790640531.8653054,1,300,2,snr-greedy,3,0.99,0.9925,,OFF,success
1790640524.7074952,1790640531.8735507,5,297,2,snr-greedy,3,0.9925,0.9933,,OFF,failed
1790640523.400969,1790640532.9878342,8,274,1,snr-greedy,3,0.0,0.0,,OFF,success
1790640522.6822762,1790640534.0262823,4,296,2,snr-greedy,3,0.9924,0.9925,,OFF,success
1790640523.8074133,1790640534.6096506,7,294,2,snr-greedy,3,0.9941,0.9941,,OFF,success
1790640525.2439406,1790640536.686406,9,277,2,snr-greedy,3,0.9896,0.9932,,OFF,success
1790640536.7145188,1790640543.7394712,2,280,2,snr-greedy,3,0.2517,0.9932,,OFF,failed
1790640537.738818,1790640544.1541686,6,300,2,snr-greedy,3,0.8535,0.8804,,OFF,failed
1790640535.0678148,1790640544.363239,5,298,1,snr-greedy,3,0.9933,0.9915,,OFF,success
1790640537.202577,1790640546.5896764,4,297,1,snr-greedy,3,0.9933,0.9926,,OFF,success
1790640540.7410443,1790640546.9143493,1,301,2,snr-greedy,3,0.99,0.9915,,OFF,failed
1790640537.8297682,1790640548.0206175,7,295,1,snr-greedy,3,0.9298,0.3863,,OFF,success
1790640536.2074718,1790640548.127635,8,275,1,snr-greedy,3,0.9942,0.9926,,OFF,failed
1790640539.8892965,1790640550.0655565,9,278,2,snr-greedy,3,0.9899,0.9926,,OFF,success
1790640543.751975,1790640551.2203803,3,302,2,snr-greedy,3,0.9932,0.994,,OFF,failed
1790640547.3787277,1790640556.7299035,6,301,1,snr-greedy,3,0.8535,0.0,,OFF,success
1790640547.0545743,1790640558.0416257,2,281,2,snr-greedy,3,0.0,0.9771,,OFF,success
1790640547.6074507,1790640559.0925603,5,299,1,snr-greedy,3,0.9925,0.9916,,OFF,success
1790640549.8011491,1790640559.6065035,4,298,1,snr-greedy,3,0.9942,0.9931,,OFF,success
1790640547.6072028,1790640559.8370275,10,300,1,snr-greedy,3,0.0,0.0,,OFF,failed
1790640556.756741,1790640562.802859,8,276,1,snr-greedy,3,0.9942,0.9901,,OFF,failed
1790640550.134953,1790640563.4869924,1,302,1,snr-greedy,3,0.9931,0.9896,,OFF,failed
1790640551.3521175,1790640563.9256046,7,296,2,snr-greedy,3,0.8535,0.9549,,OFF,failed
1790640554.4488719,1790640564.4041615,3,303,2,snr-greedy,3,0.9925,0.9938,,OFF,success
1790640553.5304804,1790640564.919241,9,279,2,snr-greedy,3,0.9924,0.9933,,OFF,success
1790640561.2137296,1790640572.0068014,2,282,2,snr-greedy,3,0.9925,0.9942,,OFF,success
1790640560.0661407,1790640572.4193127,6,302,1,snr-greedy,3,0.9938,0.9938,,OFF,failed
1790640562.8197982,1790640573.9359133,4,299,1,snr-greedy,3,0.9925,0.9925,,OFF,success
1790640563.1041408,1790640573.9363484,10,301,2,snr-greedy,3,0.9911,0.9931,,OFF,success
1790640562.3031452,1790640574.68143,5,300,1,snr-greedy,3,0.0,0.0,,OFF,failed
1790640566.0163646,1790640575.3895974,8,277,1,snr-greedy,3,0.9942,0.9938,,OFF,success
1790640566.7224813,1790640576.7049134,1,303,1,snr-greedy,3,0.9942,0.9924,,OFF,success
1790640567.1053922,1790640577.5173573,7,297,2,snr-greedy,3,0.9914,0.9942,,OFF,success
1790640567.6405728,1790640578.0305207,3,304,2,snr-greedy,3,0.0,0.9941,,OFF,success
1790640573.7658827,1790640580.2823787,9,280,1,snr-greedy,3,0.9938,0.9925,,OFF,failed
1790640575.125523,1790640584.3994064,2,283,2,snr-greedy,3,0.9901,0.9915,,OFF,success
1790640492.5698338,,1,298,2,snr-greedy,3,0.0,0.9914,,OFF,unavailable
1790640575.6421826,1790640586.3487585,6,303,1,snr-greedy,3,0.9942,0.9925,,OFF,success
1790640578.6135714,1790640588.49942,8,278,2,snr-greedy,3,0.9938,0.9937,,OFF,success
1790640577.2728722,1790640589.2038298,4,300,2,snr-greedy,3,0.0016,0.9925,,OFF,failed
1790640577.9407344,1790640589.3916962,5,301,1,snr-greedy,3,0.9943,0.9931,,OFF,failed
1790640577.2735438,1790640589.804834,10,302,1,snr-greedy,3,0.9911,0.0056,,OFF,failed
1790640580.7470558,1790640590.2512686,7,298,1,snr-greedy,3,0.0029,0.0,,UNKNOWN,success
1790640579.9269848,1790640590.5338936,1,304,2,snr-greedy,3,0.9923,0.9924,,OFF,success
1790640586.7729788,1790640592.863389,3,305,2,snr-greedy,3,0.8805,0.9942,,OFF,failed
1790640635.4299242,1790640646.7566428,6,307,1,round-robin,3,0.0,0.9822,,UNKNOWN,failed
1790640637.4936285,1790640647.1731145,8,282,1,round-robin,3,0.0,0.0,,OFF,success
1790640638.9960368,1790640650.217778,4,304,1,round-robin,3,0.0,0.9,,OFF,success
1790640644.2633712,1790640650.4258394,7,302,1,round-robin,3,0.9767,0.9,,OFF,failed
1790640640.4690356,1790640651.6625688,5,305,1,round-robin,3,0.9883,0.9933,,OFF,success
1790640643.6082397,1790640653.9075947,3,309,1,round-robin,3,0.9938,0.9932,,OFF,success
1790640646.4844656,1790640656.8827734,2,288,1,round-robin,3,0.9933,0.9937,,OFF,success
1790640645.9532807,1790640658.337864,9,285,1,round-robin,3,0.9925,0.9925,,OFF,failed
1790640649.9877415,1790640659.8403978,6,308,2,round-robin,3,0.9921,0.9944,,OFF,success
1790640650.2816374,1790640660.375086,8,283,2,round-robin,3,0.993,0.993,,OFF,success
1790640653.5611165,1790640664.2416992,4,305,2,round-robin,3,0.0,0.0,,OFF,success
1790640654.8727453,1790640664.899022,5,306,2,round-robin,3,0.9932,0.9932,,OFF,success
1790640653.8444693,1790640665.698328,7,303,2,round-robin,3,0.0,0.9,,OFF,failed
1790640659.271416,1790640665.6984534,10,307,1,round-robin,3,0.0,0.0,,OFF,failed
1790640657.2525394,1790640668.6919477,3,310,2,round-robin,3,0.9943,0.9944,,OFF,success
1790640660.10625,1790640670.798775,2,289,2,round-robin,3,0.9933,0.9938,,OFF,success
1790640661.563965,1790640671.8225958,9,286,2,round-robin,3,0.9925,0.9933,,OFF,success
1790640663.0022662,1790640673.4808245,6,309,1,round-robin,3,0.9933,0.9923,,OFF,success
1790640663.7052135,1790640676.3549047,8,284,1,round-robin,3,0.9938,0.9938,,OFF,failed
1790640667.4004192,1790640677.8006523,4,306,1,round-robin,3,0.9901,0.9901,,OFF,success
1790640668.9133537,1790640679.1326704,10,308,2,round-robin,3,0.8706,0.9669,,OFF,success
1790640668.1110868,1790640679.3124964,5,307,1,round-robin,3,0.9915,0.9926,,OFF,success
1790640674.275733,1790640680.8746917,7,304,1,round-robin,3,0.0,0.9,,OFF,failed
1790640674.2749786,1790640681.2805111,1,310,1,round-robin,3,0.9862,0.8891,,OFF,failed
1790640674.0293467,1790640684.0242786,2,290,1,round-robin,3,0.9933,0.9915,,OFF,success
1790640671.7885108,1790640684.930458,3,311,1,round-robin,3,0.9943,0.9944,,OFF,failed
1790640675.1585312,1790640685.1913521,9,287,1,round-robin,3,0.9932,0.9925,,OFF,success
1790640676.724373,1790640687.2026842,6,310,2,round-robin,3,0.9915,0.9914,,OFF,success
1790640679.4293664,1790640689.5281181,8,285,2,round-robin,3,0.9942,0.9941,,OFF,success
1790640682.3097808,1790640692.3466566,10,309,1,round-robin,3,0.9901,0.9915,,OFF,success
1790640681.0115929,1790640693.9450557,4,307,2,round-robin,3,0.99,0.9901,,OFF,failed
1790640684.463359,1790640694.558017,1,311,2,round-robin,3,0.9914,0.9914,,OFF,success
1790640682.5296006,1790640696.0099528,5,308,2,round-robin,3,0.9896,0.9867,,OFF,failed
1790640683.9922974,1790640696.6350276,7,305,2,round-robin,3,0.9925,0.9933,,UNKNOWN,failed
1790640687.3514137,1790640697.4376287,2,291,2,round-robin,3,0.9901,0.9915,,OFF,success
1790640688.378347,1790640698.17841,9,288,2,round-robin,3,0.9913,0.9921,,OFF,success
1790640688.1850283,1790640698.8806984,3,312,2,round-robin,3,0.9933,0.9939,,OFF,success
1790640690.405586,1790640701.0219238,6,311,1,round-robin,3,0.9914,0.9914,,OFF,success
1790640692.7802577,1790640702.34703,8,286,1,round-robin,3,0.9926,0.9926,,OFF,success
1790640695.5575182,1790640708.112843,10,310,2,round-robin,3,0.9925,0.9942,,OFF,failed
1790640697.7204907,1790640709.239383,1,312,1,round-robin,3,0.9901,0.9901,,OFF,failed
1790640699.2180362,1790640710.1238732,5,309,1,round-robin,3,0.9926,0.9925,,OFF,success
1790640699.8571124,1790640710.8452783,7,306,1,round-robin,3,0.9925,0.9933,,OFF,success
1790640700.664605,1790640711.8791635,2,292,1,round-robin,3,0.9933,0.9925,,OFF,success
1790640701.3856108,1790640712.3961458,9,289,1,round-robin,3,0.9901,0.9915,,OFF,success
1790640702.081187,1790640713.1035883,3,313,1,round-robin,3,0.9939,0.9939,,OFF,success
1790640704.2429311,1790640714.959595,6,312,2,round-robin,3,0.9926,0.9925,,OFF,success
1790640705.578477,1790640716.1584506,8,287,2,round-robin,3,0.9925,0.9943,,OFF,success
1790640711.316619,1790640722.2234514,10,311,1,round-robin,3,0.9914,0.9933,,OFF,success
1790640712.5514586,1790640722.9517426,1,313,2,round-robin,3,0.9925,0.9914,,OFF,success
1790640713.3432052,1790640723.8433566,5,310,2,round-robin,3,0.9915,0.9883,,OFF,success
1790640714.0794961,1790640724.5867827,7,307,2,round-robin,3,0.9925,0.9944,,OFF,success
1790640715.1017828,1790640725.6935136,2,293,2,round-robin,3,0.0,0.9673,,OFF,success
1790640715.6107285,1790640725.9975653,9,290,2,round-robin,3,0.9901,0.9933,,OFF,success
1790640716.3299477,1790640726.9127047,3,314,2,round-robin,3,0.9942,0.9924,,OFF,success
1790640719.382212,1790640729.6664104,8,288,1,round-robin,3,0.9925,0.9932,,OFF,success
1790640718.1574812,1790640730.2018318,6,313,1,round-robin,3,0.9925,0.9938,,OFF,failed
1790640725.4250433,1790640736.176119,10,312,2,round-robin,3,0.9901,0.9938,,OFF,success
1790640727.083899,1790640737.0467207,5,311,1,round-robin,3,0.9915,0.9939,,OFF,success
1790640726.1926298,1790640737.5555217,1,314,1,round-robin,3,0.9941,0.9912,,OFF,success
1790640727.8174455,1790640738.3083887,7,308,1,round-robin,3,0.9915,0.9939,,OFF,success
1790640728.906992,1790640739.6134958,2,294,1,round-robin,3,0.0,0.976,,OFF,success
1790640734.3248801,1790640740.3586988,9,291,1,round-robin,3,0.9914,0.9925,,ON,failed
1790640728.6096685,1790640741.874971,4,310,2,round-robin,3,0.0,0.9914,,OFF,failed
1790640730.1411753,1790640742.801876,3,315,1,round-robin,3,0.9938,0.9938,,ON,failed
1790640738.329288,1790640744.9465957,8,289,2,round-robin,3,0.0,0.9915,,OFF,failed
1790640738.329911,1790640745.2573783,6,314,2,round-robin,3,0.9925,0.9704,,OFF,failed
1790640739.446337,1790640749.7594547,10,313,1,round-robin,3,0.994,0.9932,,OFF,success
1790640740.2505019,1790640750.197598,5,312,2,round-robin,3,0.9915,0.9933,,OFF,success
1790640740.781517,1790640751.3122303,1,315,2,round-robin,3,0.9915,0.9915,,OFF,success
1790640742.941853,1790640752.8246198,2,295,2,round-robin,3,0.9926,0.9926,,OFF,success
1790640741.532443,1790640753.232617,7,309,2,round-robin,3,0.9925,0.9938,,OFF,failed
1790640743.6973903,1790640753.9698045,9,292,2,round-robin,3,0.9932,0.9925,,OFF,success
1790640745.0964737,1790640756.6197379,4,311,1,round-robin,3,0.9931,0.9925,,OFF,failed
1790640746.0219154,1790640757.170214,3,316,2,round-robin,3,0.9926,0.9938,,OFF,success
1790640748.160612,1790640757.5585988,8,290,1,round-robin,3,0.9925,0.9926,,OFF,success
1790640748.4690201,1790640758.1549416,6,315,1,round-robin,3,0.9931,0.9936,,OFF,success
1790640754.5332181,1790640764.3244042,1,316,1,round-robin,3,0.9941,0.9931,,OFF,success
1790640753.429174,1790640764.9172015,5,313,1,round-robin,3,0.9942,0.9932,,OFF,failed
1790640752.975907,1790640765.3183053,10,314,2,round-robin,3,0.9942,0.9933,,OFF,failed
1790640756.0543578,1790640765.4284298,2,296,1,round-robin,3,0.9933,0.9933,,OFF,success
1790640756.4613256,1790640768.4173222,7,310,1,round-robin,3,0.988,0.9891,,OFF,failed
1790640757.1850216,1790640769.1442966,9,293,1,round-robin,3,0.9901,0.9901,,OFF,failed
1790640760.4778628,1790640770.6479661,3,317,1,round-robin,3,0.9925,0.9938,,OFF,success
1790640761.3619905,1790640771.3956935,6,316,2,round-robin,3,0.9932,0.9937,,OFF,success
1790640759.9453077,1790640771.4032888,4,312,2,round-robin,3,0.9938,0.9937,,OFF,success
1790640767.400906,1790640777.2970092,1,317,2,round-robin,3,0.9915,0.9924,,OFF,success
1790640768.1396446,1790640777.6421447,5,314,2,round-robin,3,0.0304,0.9915,,OFF,success
1790640768.6496687,1790640778.1495001,2,297,2,round-robin,3,0.8689,0.9924,,OFF,success
1790640771.59691,1790640781.197196,7,311,2,round-robin,3,0.9914,0.9932,,OFF,success
1790640773.3682318,1790640781.6974823,10,315,1,round-robin,3,0.9942,0.0,,OFF,failed
1790640773.5496676,1790640783.9531333,9,294,2,round-robin,3,0.9915,0.9915,,OFF,failed
1790640774.4832633,1790640785.9340897,4,313,1,round-robin,3,0.9885,0.99,,OFF,success
1790640779.3724163,1790640787.1274698,3,318,2,round-robin,3,0.9933,0.0,,OFF,failed
1790640780.37446,1790640787.4734309,6,317,1,round-robin,3,0.0,0.0,,OFF,failed
1790640697.1744046,,4,308,1,round-robin,3,0.9901,0.99,,OFF,unavailable
1790640781.339639,1790640790.931626,2,298,1,round-robin,3,0.9933,0.9925,,OFF,success
1790640780.8278365,1790640792.3575568,5,315,1,round-robin,3,0.9916,0.9922,,OFF,failed
1790640780.5299532,1790640792.4769952,1,318,1,round-robin,3,0.99,0.99,,OFF,failed
1790640784.9176745,1790640794.7053146,10,316,2,round-robin,3,0.9914,0.9933,,ON,success
1790640784.5498548,1790640795.8425322,7,312,1,round-robin,3,0.9925,0.9942,,ON,success
1790640787.1804543,1790640798.8212974,9,295,1,round-robin,3,0.9915,0.9901,,UNKNOWN,failed
1790640789.1481311,1790640800.172358,4,314,2,round-robin,3,0.9933,0.9901,,UNKNOWN,success
1790640790.9039025,1790640801.2570999,6,318,2,round-robin,3,0.9825,0.9878,,UNKNOWN,success
1790640796.3838394,1790640802.224464,8,293,1,round-robin,3,0.0,0.9942,,UNKNOWN,failed
1790640795.3823414,1790640802.4049613,3,319,1,round-robin,3,0.0,0.0,,UNKNOWN,failed
1790640794.268691,1790640805.4854686,2,299,2,round-robin,3,0.9937,0.9933,,UNKNOWN,success
1790640795.5799706,1790640805.5178165,5,316,2,round-robin,3,0.9622,0.0,,UNKNOWN,success
1790640797.9423196,1790640808.233292,10,317,1,round-robin,3,0.9925,0.9942,,UNKNOWN,success
1790640795.7854564,1790640808.8372536,1,319,2,round-robin,3,0.9924,0.8345,,UNKNOWN,failed
1790640799.2614927,1790640809.352211,7,313,2,round-robin,3,0.9915,0.9926,,OFF,success
1790640802.0342615,1790640814.2621636,9,296,2,round-robin,3,0.9913,0.9924,,OFF,failed
1790640804.4723186,1790640816.4472175,6,319,1,round-robin,3,0.9925,0.9915,,OFF,failed
1790640805.5339663,1790640817.0651586,8,294,2,round-robin,3,0.9925,0.9915,,OFF,success
1790640811.4095237,1790640818.2668774,3,320,2,round-robin,3,0.8804,0.8974,,OFF,failed
1790640808.5151756,1790640818.7785542,2,300,1,round-robin,3,0.9914,0.9925,,OFF,success
1790640808.7081368,1790640821.7727826,5,317,1,round-robin,3,0.9938,0.9916,,OFF,failed
1790640812.1770778,1790640821.87715,1,320,1,round-robin,3,0.0,0.0175,,OFF,success
1790640811.448887,1790640822.6611254,10,318,2,round-robin,3,0.9937,0.9942,,OFF,success
1790640818.4138105,1790640825.1437328,7,314,1,round-robin,3,0.9925,0.9943,,OFF,failed
1790640817.4849656,1790640828.1738346,9,297,1,round-robin,3,0.9915,0.9925,,OFF,success
1790640819.665124,1790640830.072027,6,320,2,round-robin,3,0.0,0.0,,OFF,success
1790640822.0061316,1790640831.6784153,2,301,2,round-robin,3,0.9915,0.9915,,OFF,success
1790640825.4185472,1790640832.201786,8,295,1,round-robin,3,0.9944,0.9942,,OFF,failed
1790640821.496497,1790640833.5496876,3,321,1,round-robin,3,0.9933,0.9942,,OFF,failed
1790640825.7973878,1790640835.3701081,10,319,1,round-robin,3,0.9933,0.9938,,OFF,success
1790640830.4213436,1790640837.653573,5,318,2,round-robin,3,0.9926,0.9941,,OFF,failed
1790640828.3530133,1790640838.3444786,7,315,2,round-robin,3,0.9925,0.9916,,OFF,success
1790640825.1832943,1790640838.5794961,1,321,2,round-robin,3,0.9101,0.8689,,OFF,failed
1790640831.3426821,1790640842.5149176,9,298,2,round-robin,3,0.9933,0.9925,,OFF,success
1790640833.2889218,1790640842.7740834,6,321,1,round-robin,3,0.9933,0.9925,,OFF,success
1790640834.9111853,1790640845.0884223,2,302,1,round-robin,3,0.0,0.9878,,OFF,success
1790640840.4270608,1790640847.5611434,8,296,2,round-robin,3,0.9916,0.9926,,OFF,failed
1790640836.764974,1790640848.0681307,3,322,2,round-robin,3,0.9925,0.9939,,OFF,success
1790640835.507912,1790640848.0771081,4,317,2,round-robin,3,0.9938,0.9924,,OFF,failed
1790640838.5924814,1790640849.0181735,10,320,2,round-robin,3,0.9933,0.9944,,OFF,success
1790640840.8740017,1790640851.3504102,5,319,1,round-robin,3,0.9932,0.9932,,OFF,success
1790640841.790132,1790640851.9374483,1,322,1,round-robin,3,0.9896,0.9894,,OFF,success
1790640841.5767286,1790640852.698515,7,316,1,round-robin,3,0.9901,0.9933,,OFF,success
1790640760.774935,,8,291,2,round-robin,3,0.9942,0.9942,,OFF,unavailable
1790640845.6935964,1790640855.747249,9,299,1,round-robin,3,0.9915,0.9901,,ON,success
1790640845.9856374,1790640856.2788947,6,322,2,round-robin,3,0.9935,0.9934,,ON,success
1790640848.3235683,1790640859.3616538,2,303,2,round-robin,3,0.9924,0.9924,,OFF,success
1790640851.3609107,1790640861.358203,3,323,1,round-robin,3,0.9925,0.0,,OFF,success
1790640850.763582,1790640862.299674,8,297,1,round-robin,3,0.9925,0.0,,OFF,failed
1790640851.3611817,1790640862.4855976,4,318,1,round-robin,3,0.9595,0.9924,,OFF,success
1790640852.2887013,1790640863.1067605,10,321,1,round-robin,3,0.9925,0.9937,,OFF,success
1790640854.561493,1790640864.373133,5,320,2,round-robin,3,0.9901,0.988,,OFF,success
1790640855.9235182,1790640865.4622943,7,317,2,round-robin,3,0.9941,0.9944,,OFF,success
1790640905.173643,1790640914.613136,6,326,2,ewma,3,0.9901,0.9925,,OFF,success
1790640907.59667,1790640919.025156,4,322,2,ewma,3,0.9914,0.993,,OFF,success
1790640911.1922743,1790640921.4040673,10,325,2,ewma,3,0.9925,0.9941,,OFF,success
1790640912.8312302,1790640922.1865375,5,324,2,ewma,3,0.0002,0.9935,,OFF,success
1790640914.9619665,1790640922.9166439,3,327,1,ewma,3,0.9936,0.994,,OFF,failed
1790640913.275754,1790640924.2378862,8,301,2,ewma,3,0.9925,0.9925,,OFF,success
1790640916.042833,1790640926.5432606,1,327,1,ewma,3,0.9901,0.9881,,OFF,success
1790640916.5616007,1790640927.5259159,7,321,1,ewma,3,0.9915,0.9933,,OFF,success
1790640918.6493812,1790640929.883238,9,304,2,ewma,3,0.9938,0.9931,,OFF,success
1790640917.7668357,1790640930.3840044,6,327,2,ewma,3,0.9925,0.9924,,OFF,failed
1790640922.2560103,1790640933.9721084,4,323,2,ewma,3,0.9938,0.9924,,OFF,failed
1790640924.5338137,1790640934.5161414,10,326,2,ewma,3,0.872,0.9534,,OFF,success
1790640925.3587203,1790640935.6257806,5,325,2,ewma,3,0.9942,0.9926,,OFF,success
1790640926.1476283,1790640936.7450192,3,328,2,ewma,3,0.9932,0.9938,,OFF,success
1790640927.3929272,1790640937.667973,8,302,2,ewma,3,0.9931,0.9944,,OFF,success
1790640930.8785753,1790640941.3656821,7,322,1,ewma,3,0.9933,0.9925,,OFF,success
1790640929.7676215,1790640942.9108906,1,328,1,ewma,3,0.9931,0.9931,,OFF,failed
1790640933.6283872,1790640943.3885274,6,328,1,ewma,3,0.9915,0.9914,,OFF,success
1790640937.2179236,1790640947.8059216,4,324,1,ewma,3,0.0,0.0,,OFF,success
1790640938.8458345,1790640948.6112232,5,326,2,ewma,3,0.9942,0.9938,,OFF,success
1790640942.959093,1790640949.2597144,10,327,2,ewma,3,0.9819,0.9915,,OFF,failed
1790640939.4460824,1790640950.7793183,2,309,1,ewma,3,0.9933,0.9938,,OFF,success
1790640944.9608333,1790640952.1186748,3,329,2,ewma,3,0.9925,0.9933,,ON,failed
1790640940.9047246,1790640953.6417058,8,303,2,ewma,3,0.9916,0.9939,,OFF,failed
1790640944.5798085,1790640955.7102356,7,323,1,ewma,3,0.9938,0.9915,,ON,success
1790640946.0452785,1790640956.514171,1,329,2,ewma,3,0.9856,0.489,,ON,success
1790640946.6266491,1790640957.4505403,6,329,1,ewma,3,0.7453,0.7325,,UNKNOWN,success
1790640951.0228362,1790640960.6208208,4,325,1,ewma,3,0.9914,0.9913,,OFF,success
1790640951.8373315,1790640961.9623735,5,327,2,ewma,3,0.9926,0.9914,,OFF,success
1790640952.539723,1790640962.2362819,10,328,2,ewma,3,0.9924,0.9943,,OFF,success
1790640953.985637,1790640963.8740973,2,310,1,ewma,3,0.9925,0.9925,,OFF,success
1790640955.425728,1790640965.758686,3,330,2,ewma,3,0.9932,0.9941,,OFF,success
1790640956.8585355,1790640966.667474,8,304,2,ewma,3,0.9916,0.9901,,OFF,success
1790640959.7333386,1790640969.1219857,1,330,2,ewma,3,0.9925,0.9931,,OFF,success
1790640959.0293396,1790640969.9458756,7,324,1,ewma,3,0.9924,0.9933,,OFF,success
1790640960.5408916,1790640971.1520834,6,330,1,ewma,3,0.9942,0.9932,,OFF,success
1790640961.9777503,1790640972.893705,9,307,2,ewma,3,0.9943,0.9932,,OFF,success
1790640963.9687414,1790640974.0277236,4,326,1,ewma,3,0.9932,0.9923,,OFF,success
1790640965.145991,1790640974.621638,5,328,2,ewma,3,0.9941,0.9933,,OFF,success
1790640965.4610183,1790640975.9489608,10,329,2,ewma,3,0.9916,0.9933,,OFF,success
1790640967.1059318,1790640977.6314223,2,311,1,ewma,3,0.9941,0.9925,,OFF,success
1790640969.0508268,1790640978.8257182,3,331,2,ewma,3,0.9915,0.9933,,OFF,success
1790640969.881643,1790640981.1673217,8,305,2,ewma,3,0.9942,0.9938,,OFF,success
1790640972.4521444,1790640982.399095,1,331,2,ewma,3,0.9932,0.9924,,OFF,success
1790640973.2565782,1790640983.3500292,7,325,1,ewma,3,0.9925,0.9925,,OFF,success
1790640974.365853,1790640984.6550224,6,331,1,ewma,3,0.9901,0.9925,,OFF,success
1790640976.1237662,1790640986.0333216,9,308,2,ewma,3,0.9925,0.9925,,OFF,success
1790640977.9649742,1790640988.147257,5,329,2,ewma,3,0.9933,0.9941,,OFF,success
1790640977.2453072,1790640988.6627932,4,327,1,ewma,3,0.9937,0.9923,,OFF,failed
1790640979.1281152,1790640989.6899302,10,330,2,ewma,3,0.9925,0.9933,,OFF,success
1790640980.8551,1790640990.911013,2,312,1,ewma,3,0.9932,0.9933,,OFF,success
1790640982.085906,1790640992.440235,3,332,2,ewma,3,0.9942,0.9933,,OFF,success
1790640984.4369211,1790640994.7377813,8,306,2,ewma,3,0.9933,0.9944,,OFF,success
1790640985.5674725,1790640995.5310814,1,332,2,ewma,3,0.9925,0.9901,,OFF,success
1790640986.5755298,1790640997.6009781,7,326,1,ewma,3,0.9924,0.9925,,OFF,success
1790640989.3485773,1790641000.0252688,9,309,2,ewma,3,0.9942,0.9924,,OFF,success
1790640987.913649,1790641000.4718416,6,332,1,ewma,3,0.9933,0.9944,,OFF,failed
1790640991.362917,1790641000.8645234,5,330,2,ewma,3,0.9942,0.9938,,OFF,success
1790640909.425049,,2,307,1,ewma,3,0.4352,0.9924,,OFF,unavailable
1790640991.8724952,1790641002.4865086,4,328,1,ewma,3,0.9914,0.99,,OFF,success
1790640992.909114,1790641003.3306813,10,331,2,ewma,3,0.9915,0.9942,,ON,success
1790640997.9573784,1790641008.4598505,8,307,2,ewma,3,0.0,0.0172,,ON,success
1790640998.7697875,1790641009.0310152,1,333,2,ewma,3,0.9925,0.7921,,ON,success
1790641000.8203557,1790641013.5451446,7,327,1,ewma,3,0.9924,0.9937,,OFF,failed
1790641003.9857595,1790641014.07005,5,331,2,ewma,3,0.9941,0.9926,,OFF,success
1790641003.2633162,1790641014.693724,9,310,2,ewma,3,0.9938,0.9914,,OFF,success
1790641003.7243862,1790641014.89112,6,333,1,ewma,3,0.9933,0.9916,,OFF,success
1790641005.71649,1790641016.116077,4,329,1,ewma,3,0.9913,0.9913,,OFF,success
1790641006.647409,1790641016.8214893,10,332,2,ewma,3,0.9916,0.9902,,OFF,success
1790641012.2559729,1790641022.6658156,1,334,2,ewma,3,0.9942,0.9914,,OFF,success
1790641011.727288,1790641022.8591993,8,308,2,ewma,3,0.0,0.0,,OFF,success
1790640933.12031,,9,305,2,ewma,3,0.7788,0.0018,,OFF,unavailable
1790641017.2941313,1790641026.785775,5,332,2,ewma,3,0.9094,0.0,,OFF,success
1790641018.1155782,1790641027.784567,6,334,1,ewma,3,0.9938,0.9941,,OFF,success
1790641016.7685027,1790641029.0104642,7,328,1,ewma,3,0.99,0.9901,,OFF,failed
1790641019.3425832,1790641029.2048392,4,330,1,ewma,3,0.9899,0.9912,,OFF,success
1790641023.005784,1790641029.9662085,9,311,2,ewma,3,0.9933,0.9914,,OFF,failed
1790641020.1783602,1790641033.0327148,10,333,2,ewma,3,0.9915,0.9925,,OFF,failed
1790641024.8565512,1790641035.1748934,2,315,1,ewma,3,0.9943,0.9937,,OFF,success
1790641032.0279322,1790641037.9229996,3,335,2,ewma,3,0.9883,0.9933,,OFF,failed
1790641031.0086696,1790641039.0638106,1,335,2,ewma,3,0.9925,0.9925,,OFF,failed
1790641026.0822496,1790641039.5643342,8,309,2,ewma,3,0.9106,0.0,,OFF,failed
1790641029.9956362,1790641039.7556071,5,333,2,ewma,3,0.9915,0.9926,,OFF,success
1790641032.4411762,1790641042.549764,4,331,1,ewma,3,0.9888,0.9806,,OFF,success
1790641031.003944,1790641043.025717,6,335,1,ewma,3,0.9915,0.9925,,OFF,failed
1790641033.3447723,1790641043.452737,9,312,2,ewma,3,0.9933,0.9931,,OFF,success
1790641038.0455265,1790641044.7834816,7,329,1,ewma,3,0.9933,0.9925,,OFF,failed
1790641036.3152547,1790641047.137382,10,334,2,ewma,3,0.9937,0.9942,,OFF,success
1790641038.3750558,1790641049.8045893,2,316,1,ewma,3,0.9924,0.9938,,OFF,success
1790641041.1429935,1790641051.3217075,3,336,2,ewma,3,0.9915,0.9933,,OFF,success
1790641042.9956465,1790641052.6007757,5,334,2,ewma,3,0.9942,0.9938,,OFF,success
1790641042.2735207,1790641053.6883812,1,336,2,ewma,3,0.0,0.0,,OFF,failed
1790641048.0489979,1790641054.2231128,8,310,2,ewma,3,0.9106,0.0,,ON,failed
1790641046.6837893,1790641056.9463189,9,313,2,ewma,3,0.9939,0.9915,,ON,success
1790641052.052683,1790641057.5049722,6,336,1,ewma,3,0.9914,0.9938,,ON,failed
1790641045.7645214,1790641057.5052307,4,332,1,ewma,3,0.8741,0.0,,ON,failed
1790641048.0094035,1790641058.3006022,7,330,2,ewma,3,0.8946,0.0004,,ON,success
1790641050.3732831,1790641060.6696734,10,335,2,ewma,3,0.002,0.926,,ON,success
1790641053.0220816,1790641062.9057872,2,317,1,ewma,3,0.0,0.9938,,ON,success
1790641055.920662,1790641065.4630818,5,335,2,ewma,3,0.9924,0.9925,,OFF,success
1790641054.4867268,1790641066.0692732,3,337,2,ewma,3,0.9915,0.9916,,OFF,success
1790641057.4492064,1790641067.120497,8,311,2,ewma,3,0.9932,0.9942,,OFF,success
1790641056.9048789,1790641067.5155141,1,337,2,ewma,3,0.0004,0.0,,OFF,success
1790641060.1367989,1790641070.0024316,9,314,2,ewma,3,0.9924,0.9915,,OFF,success
1790641060.8977807,1790641071.198743,4,333,1,ewma,3,0.976,0.0,,OFF,success
1790641061.538908,1790641071.7117505,7,331,2,ewma,3,0.994,0.9925,,OFF,success
1790641063.8899863,1790641075.0899508,10,336,2,ewma,3,0.9933,0.99,,OFF,success
1790641066.1303942,1790641075.806023,2,318,1,ewma,3,0.9916,0.9925,,OFF,success
1790641068.7098649,1790641079.812355,5,336,2,ewma,3,0.7673,0.0,,OFF,success
1790641070.3412743,1790641080.3514674,8,312,2,ewma,3,0.9933,0.9944,,OFF,success
1790641070.728829,1790641081.6414459,1,338,2,ewma,3,0.9915,0.9882,,OFF,success
1790641075.063641,1790641082.1550379,3,338,2,ewma,3,0.9932,0.9926,,OFF,failed
1790641073.1880019,1790641084.0139015,9,315,2,ewma,3,0.9933,0.9932,,OFF,success
1790641074.4107327,1790641085.8445816,4,334,1,ewma,3,0.0,0.0,,OFF,success
1790640994.129486,,2,313,1,ewma,3,0.9933,0.9938,,ON,unavailable
1790640995.6747353,,3,333,2,ewma,3,0.9933,0.9937,,ON,unavailable
1790641074.927488,1790641086.9697766,7,332,2,ewma,3,0.9925,0.9915,,OFF,failed
1790641078.5297241,1790641088.9188263,10,337,2,ewma,3,0.9933,0.9901,,OFF,success
1790641079.026571,1790641089.8284876,2,319,1,ewma,3,0.9901,0.9926,,OFF,success
1790641083.0390618,1790641093.004938,5,337,2,ewma,3,0.0001,0.0,,OFF,success
1790641089.0703812,1790641095.3844976,8,313,2,ewma,3,0.9933,0.9944,,OFF,failed
1790641084.871957,1790641095.5639782,1,339,2,ewma,3,0.9931,0.9923,,OFF,success
1790641085.3793597,1790641095.9118216,3,339,2,ewma,3,0.9925,0.9942,,OFF,success
1790641087.2254856,1790641097.7223217,9,316,2,ewma,3,0.9931,0.9924,,OFF,success
1790641090.3917942,1790641100.1824586,6,339,1,ewma,3,0.9937,0.9863,,OFF,success
1790641089.062969,1790641100.6891174,4,335,1,ewma,3,0.9913,0.9929,,OFF,failed
1790641090.1926174,1790641101.4260705,7,333,2,ewma,3,0.0002,0.9933,,OFF,success
1790641092.1282997,1790641103.1643038,10,338,2,ewma,3,0.9925,0.9914,,OFF,success
1790641093.0467525,1790641103.6655686,2,320,1,ewma,3,0.9938,0.9933,,OFF,success
1790641096.2538311,1790641105.5008357,5,338,2,ewma,3,0.9933,0.9926,,OFF,success
1790641098.8037333,1790641108.5947602,1,340,2,ewma,3,0.8804,0.8689,,OFF,success
1790641104.089482,1790641110.0418122,8,314,2,ewma,3,0.9926,0.9937,,OFF,failed
1790641099.2215734,1790641110.5495427,3,340,2,ewma,3,0.9924,0.9938,,OFF,success
1790641100.9537823,1790641111.1287777,9,317,2,ewma,3,0.9933,0.9938,,ON,success
1790641110.0937297,1790641116.1844552,7,334,2,ewma,3,0.9807,0.9916,,OFF,failed
1790641103.396919,1790641116.9945266,6,340,1,ewma,3,0.8333,0.9916,,OFF,failed
1790641103.9171972,1790641117.0019813,4,336,1,ewma,3,0.99,0.9914,,OFF,failed
1790641106.399145,1790641117.6817048,10,339,2,ewma,3,0.9915,0.9925,,OFF,success
1790641108.7177606,1790641119.4173615,5,339,2,ewma,3,0.9933,0.9926,,OFF,success
1790641112.0949197,1790641119.6363661,2,321,1,ewma,3,0.9932,0.9938,,OFF,failed
1790641111.8025322,1790641121.893118,1,341,2,ewma,3,0.9914,0.9914,,OFF,success
1790641113.4093688,1790641123.731675,8,315,1,ewma,3,0.9926,0.9925,,OFF,success
1790641114.346998,1790641125.5892928,9,318,2,ewma,3,0.9915,0.9925,,OFF,success
1790641113.7648873,1790641126.6364708,3,341,2,ewma,3,0.9932,0.9942,,OFF,failed
1790641120.0326283,1790641129.6648393,4,337,1,ewma,3,0.9915,0.9914,,OFF,success
1790641120.9397225,1790641130.2875433,10,340,2,ewma,3,0.9926,0.9938,,OFF,success
1790641126.1037204,1790641131.5417182,6,341,2,ewma,3,0.9819,0.9941,,OFF,failed
1790641122.6836307,1790641132.9446044,5,340,2,ewma,3,0.976,0.9925,,OFF,success
1790641128.1062481,1790641134.992283,2,322,1,ewma,3,0.9932,0.9933,,OFF,failed
1790641125.1517348,1790641135.705011,1,342,2,ewma,3,0.9942,0.9914,,OFF,success
1790641179.207062,1790641189.49857,5,344,2,ewma,4,0.9914,0.9925,,OFF,success
1790641178.3434663,1790641189.5777595,4,341,2,ewma,4,0.9899,0.9933,,OFF,success
1790641179.5940552,1790641189.8814738,10,344,1,ewma,4,0.6085,0.9942,,OFF,success
1790641180.3954422,1790641190.3934298,6,345,2,ewma,4,0.9925,0.9938,,OFF,success
1790641180.796889,1790641191.3391945,7,339,2,ewma,4,0.9931,0.9933,,OFF,success
1790641185.4362447,1790641196.4712667,2,326,2,ewma,4,0.9938,0.9773,,OFF,success
1790641186.0252035,1790641196.6533225,1,346,2,ewma,4,0.9901,0.988,,OFF,success
1790641188.842897,1790641198.593767,9,323,2,ewma,4,0.9943,0.9923,,OFF,success
1790641189.6242454,1790641199.3234925,3,346,2,ewma,4,0.9924,0.9942,,OFF,success
1790641192.7959032,1790641202.380253,4,342,2,ewma,4,0.8535,0.9933,,OFF,success
1790641192.711022,1790641203.6004236,5,345,2,ewma,4,0.7935,0.0,,OFF,success
1790641194.563445,1790641204.0177214,7,340,2,ewma,4,0.9925,0.9942,,OFF,success
1790641193.6271803,1790641204.6436198,6,346,2,ewma,4,0.9933,0.994,,OFF,success
1790641198.7164667,1790641205.963624,10,345,1,ewma,4,0.0,0.0,,OFF,failed
1790641199.8583531,1790641210.9813657,1,347,2,ewma,4,0.8536,0.8689,,OFF,success
1790641201.8104115,1790641212.5124238,9,324,2,ewma,4,0.9926,0.9898,,OFF,success
1790641202.5298324,1790641213.0179322,3,347,2,ewma,4,0.9925,0.9942,,OFF,success
1790641205.6052191,1790641216.336105,4,343,2,ewma,4,0.993,0.9926,,UNKNOWN,success
1790641207.2389352,1790641217.327264,7,341,2,ewma,4,0.9925,0.9944,,UNKNOWN,success
1790641206.8283021,1790641217.4180183,5,346,2,ewma,4,0.9944,0.9937,,UNKNOWN,success
1790641207.8556857,1790641218.3552916,6,347,2,ewma,4,0.9914,0.9938,,OFF,success
1790641209.1873233,1790641220.0941112,10,346,2,ewma,4,0.9914,0.9941,,OFF,success
1790641214.1917706,1790641224.6976204,1,348,2,ewma,4,0.9925,0.9924,,OFF,success
1790641215.7390544,1790641225.219685,9,325,2,ewma,4,0.8513,0.8019,,OFF,success
1790641215.3166146,1790641226.153322,8,322,1,ewma,4,0.9262,0.9822,,OFF,success
1790641216.2343698,1790641226.7857084,3,348,2,ewma,4,0.9925,0.9926,,OFF,success
1790641220.65804,1790641230.646916,5,347,2,ewma,4,0.8689,0.8991,,OFF,success
1790641219.6589632,1790641231.1599765,4,344,2,ewma,4,0.9941,0.9932,,OFF,success
1790641221.5778172,1790641232.3811116,6,348,2,ewma,4,0.9933,0.9925,,OFF,success
1790641225.7132397,1790641232.48035,7,342,2,ewma,4,0.9915,0.9933,,OFF,failed
1790641223.3317213,1790641234.4391468,10,347,2,ewma,4,0.9933,0.9925,,OFF,success
1790641227.9187298,1790641238.030867,1,349,2,ewma,4,0.0556,0.0,,OFF,success
1790641228.4345884,1790641238.5154252,9,326,2,ewma,4,0.9914,0.9932,,OFF,success
1790641229.380072,1790641239.5715122,8,323,1,ewma,4,0.9942,0.9933,,OFF,success
1790641230.7955978,1790641241.1180537,2,329,2,ewma,4,0.9881,0.9916,,OFF,success
1790641229.9874876,1790641241.51388,3,349,2,ewma,4,0.9914,0.9938,,OFF,success
1790641234.3793366,1790641243.74431,4,345,2,ewma,4,0.9938,0.9924,,OFF,success
1790641233.8654985,1790641244.5945516,5,348,2,ewma,4,0.9925,0.9933,,OFF,success
1790641235.6930015,1790641246.711619,7,343,2,ewma,4,0.8944,0.9926,,OFF,success
1790641240.7187705,1790641247.6351545,6,349,2,ewma,4,0.9883,0.9901,,OFF,failed
1790641237.7576737,1790641248.0429168,10,348,2,ewma,4,0.9924,0.9932,,OFF,success
1790641241.7508743,1790641251.422577,9,327,2,ewma,4,0.9942,0.9933,,OFF,success
1790641242.9092658,1790641252.5532007,8,324,1,ewma,4,0.9916,0.9916,,OFF,success
1790641241.249295,1790641254.0082114,1,350,2,ewma,4,0.9914,0.9923,,OFF,failed
1790641244.3365064,1790641255.3501499,2,330,2,ewma,4,0.9925,0.9943,,OFF,success
1790641249.7308233,1790641255.9282725,3,350,2,ewma,4,0.9932,0.9924,,OFF,failed
1790641246.9758077,1790641256.8891582,4,346,2,ewma,4,0.9924,0.9939,,OFF,success
1790641247.856931,1790641260.2397504,5,349,2,ewma,4,0.9933,0.9933,,OFF,failed
1790641249.9484992,1790641260.6668196,7,344,2,ewma,4,0.9915,0.9939,,OFF,success
1790641250.8587444,1790641261.3827455,6,350,2,ewma,4,0.9923,0.9933,,OFF,success
1790641251.2676115,1790641261.7922308,10,349,2,ewma,4,0.9883,0.9915,,OFF,success
1790641254.744179,1790641266.1735759,9,328,2,ewma,4,0.9901,0.9901,,OFF,success
1790641257.1984973,1790641266.5859208,1,351,2,ewma,4,0.9937,0.9931,,OFF,success
1790641258.5470905,1790641268.4274232,2,331,2,ewma,4,0.9882,0.9915,,OFF,success
1790641255.7883174,1790641268.9528017,8,325,1,ewma,4,0.9914,0.9933,,OFF,failed
1790641259.2648885,1790641269.8576276,3,351,2,ewma,4,0.9915,0.9933,,OFF,success
1790641260.1097133,1790641273.1513183,4,347,2,ewma,4,0.9914,0.9938,,OFF,failed
1790641263.5601108,1790641273.5358865,5,350,2,ewma,4,0.0,0.0523,,OFF,success
1790641264.9829893,1790641274.7904296,10,350,2,ewma,4,0.9913,0.9925,,OFF,success
1790641264.5662873,1790641275.3158174,6,351,2,ewma,4,0.9942,0.0008,,OFF,success
1790641269.7368746,1790641276.8286076,7,345,2,ewma,4,0.9915,0.9939,,OFF,failed
1790641269.4225812,1790641279.9058828,9,329,2,ewma,4,0.9925,0.9925,,OFF,success
1790641269.8051453,1790641280.2001042,1,352,2,ewma,4,0.9915,0.9901,,OFF,success
1790641187.0962245,,8,320,2,ewma,4,0.9941,0.9942,,OFF,unavailable
1790641271.6527967,1790641282.6757476,2,332,2,ewma,4,0.0,0.9912,,OFF,success
1790641277.7405963,1790641284.428964,8,326,1,ewma,4,0.9932,0.9943,,OFF,failed
1790641276.3416283,1790641286.9802644,4,348,2,ewma,4,0.99,0.9915,,OFF,success
1790641276.7508457,1790641287.991219,5,351,2,ewma,4,0.9938,0.9942,,OFF,success
1790641283.7454896,1790641290.3483741,6,352,2,ewma,4,0.9925,0.9888,,OFF,failed
1790641280.151094,1790641291.867858,7,346,2,ewma,4,0.9914,0.9943,,OFF,failed
1790641204.7073128,,2,327,2,ewma,4,0.9916,0.9926,,UNKNOWN,unavailable
1790641283.5280752,1790641301.4202569,1,353,2,ewma,4,0.9888,0.9805,,OFF,success
1790641283.1293492,1790641301.4623146,9,330,2,ewma,4,0.99,0.9914,,OFF,success
1790641285.8914099,1790641301.4948578,2,333,2,ewma,4,0.9915,0.9915,,OFF,success
1790641287.6494353,1790641301.5122464,8,327,2,ewma,4,0.0,0.0,,OFF,success
1790641291.2108724,1790641302.0084767,5,352,2,ewma,4,0.9933,0.9941,,OFF,success
1790641290.2172995,1790641303.159184,4,349,2,ewma,4,0.9925,0.9924,,OFF,failed
1790641293.654408,1790641307.0145555,6,353,2,ewma,4,0.1818,0.0016,,OFF,failed
1790641295.0806625,1790641308.2593741,7,347,1,ewma,4,0.9938,0.9938,,OFF,failed
1790641304.4509208,1790641308.8768861,1,354,2,ewma,4,0.9888,0.0,,ON,failed
1790641304.4914043,1790641309.3760602,9,331,2,ewma,4,0.99,0.9915,,ON,failed
1790641304.5087936,1790641311.5705605,2,334,2,ewma,4,0.9915,0.9925,,ON,failed
1790641304.5258145,1790641315.001745,8,328,2,ewma,4,0.0,0.9933,,ON,failed
1790641306.2767456,1790641316.0578141,4,350,2,ewma,4,0.9925,0.9925,,OFF,success
1790641304.5444746,1790641316.5877059,3,354,2,ewma,4,0.9914,0.9938,,ON,success
1790641305.3244925,1790641317.1825137,5,353,2,ewma,4,0.9925,0.9915,,ON,failed
1790641309.3546846,1790641320.4588675,10,353,2,ewma,4,0.9913,0.9925,,OFF,success
1790641310.2331948,1790641321.6828244,6,354,1,ewma,4,0.9933,0.9931,,OFF,success
1790641312.1151032,1790641322.3034978,1,355,2,ewma,4,0.9914,0.9914,,OFF,success
1790641312.7043266,1790641323.3249748,9,332,2,ewma,4,0.9942,0.994,,OFF,success
1790641314.6681883,1790641324.1334777,2,335,2,ewma,4,0.9925,0.9937,,OFF,success
1790641311.4845343,1790641324.1339138,7,348,2,ewma,4,0.9925,0.9937,,OFF,failed
1790641318.1615832,1790641328.7347648,8,329,2,ewma,4,0.9933,0.9933,,OFF,success
1790641319.2784262,1790641328.9871805,4,351,2,ewma,4,0.9901,0.9899,,OFF,success
1790641319.8636434,1790641329.9720476,3,355,2,ewma,4,0.9914,0.0,,OFF,success
1790641320.3915374,1790641332.749351,5,354,2,ewma,4,0.9925,0.9938,,OFF,failed
1790641323.7856421,1790641334.1645687,10,354,2,ewma,4,0.9925,0.9933,,OFF,success
1790641324.8949711,1790641335.7098255,6,355,1,ewma,4,0.9925,0.9926,,OFF,success
1790641325.525427,1790641336.2534893,1,356,2,ewma,4,0.9942,0.9914,,OFF,success
1790641326.5390947,1790641336.5265422,9,333,2,ewma,4,0.9938,0.9915,,OFF,success
1790641327.3512292,1790641337.1242402,2,336,2,ewma,4,0.0,0.9914,,OFF,success
1790641332.7726588,1790641338.984694,7,349,1,ewma,4,0.0,0.9937,,OFF,failed
1790641331.9843578,1790641341.545666,8,330,2,ewma,4,0.9938,0.9933,,OFF,success
1790641333.1851516,1790641343.2840137,3,356,2,ewma,4,0.9925,0.9926,,OFF,success
1790641332.291591,1790641345.2271314,4,352,2,ewma,4,0.9913,0.9924,,OFF,failed
1790641337.3743277,1790641347.5853384,10,355,2,ewma,4,0.9915,0.9938,,OFF,success
1790641335.9748578,1790641347.889458,5,355,2,ewma,4,0.9925,0.9933,,OFF,failed
1790641339.0117896,1790641349.5079324,6,356,1,ewma,4,0.0,0.0,,OFF,success
1790641339.7437203,1790641350.157697,9,334,2,ewma,4,0.9915,0.9925,,OFF,success
1790641340.295831,1790641351.2624152,2,337,2,ewma,4,0.9937,0.9933,,OFF,success
1790641344.778206,1790641352.4247847,1,357,2,ewma,4,0.9925,0.9925,,OFF,failed
1790641342.274664,1790641352.7975776,7,350,2,ewma,4,0.9933,0.9914,,OFF,success
1790641344.7625701,1790641354.9540238,8,331,2,ewma,4,0.9913,0.9941,,OFF,success
1790641346.5024052,1790641356.7189872,3,357,2,ewma,4,0.9933,0.9938,,OFF,success
1790641348.5493295,1790641359.2545907,4,353,2,ewma,4,0.9915,0.9942,,OFF,success
1790641350.8127224,1790641360.5741878,10,356,2,ewma,4,0.9913,0.9942,,OFF,success
1790641351.1141055,1790641362.7340877,5,356,1,ewma,4,0.9922,0.993,,OFF,failed
1790641353.2637434,1790641363.3802958,9,335,2,ewma,4,0.9915,0.9925,,OFF,success
1790641354.567314,1790641364.497542,2,338,2,ewma,4,0.9938,0.9915,,OFF,success
1790641352.6694274,1790641364.9230118,6,357,1,ewma,4,0.9902,0.9938,,OFF,failed
1790641355.4391344,1790641365.4211595,1,358,2,ewma,4,0.9899,0.9902,,OFF,success
1790641356.2428784,1790641366.3135965,7,351,2,ewma,4,0.9938,0.9913,,OFF,success
1790641358.1755257,1790641367.5653644,8,332,2,ewma,4,0.9914,0.9937,,OFF,success
1790641359.7790453,1790641370.6218445,3,358,2,ewma,4,0.9913,0.9933,,OFF,success
1790641278.1286848,,10,351,2,ewma,4,0.0,0.9915,,OFF,unavailable
1790641278.7428803,,3,352,2,ewma,4,0.9914,0.9926,,OFF,unavailable
1790641362.4755104,1790641372.2545063,4,354,2,ewma,4,0.9925,0.9902,,OFF,success
1790641363.7963214,1790641374.524165,10,357,2,ewma,4,0.9451,0.9926,,OFF,success
1790641366.061931,1790641375.536928,5,357,2,ewma,4,0.9932,0.9933,,OFF,success
1790641367.700453,1790641377.279508,2,339,2,ewma,4,0.9925,0.9933,,OFF,success
1790641366.5920775,1790641377.413746,9,336,2,ewma,4,0.9933,0.9938,,OFF,success
1790641368.147058,1790641378.0321753,6,358,1,ewma,4,0.9925,0.9933,,OFF,success
1790641368.63701,1790641379.0158675,1,359,2,ewma,4,0.99,0.9914,,OFF,success
1790641369.6442378,1790641379.6624522,7,352,2,ewma,4,0.9915,0.9915,,OFF,success
1790641370.77902,1790641381.1711743,8,333,2,ewma,4,0.9914,0.9933,,OFF,success
1790641373.8373084,1790641384.8480306,3,359,2,ewma,4,0.9914,0.9942,,OFF,success
1790641378.868721,1790641388.2662325,5,358,2,ewma,4,0.9915,0.9933,,OFF,success
1790641375.4666774,1790641388.5502386,4,355,2,ewma,4,0.9933,0.99,,OFF,failed
1790641380.6289618,1790641390.5920076,9,337,2,ewma,4,0.9861,0.9842,,OFF,success
1790641381.3064709,1790641391.09615,6,359,1,ewma,4,0.9913,0.9942,,OFF,success
1790641377.75248,1790641391.4081514,10,358,2,ewma,4,0.9924,0.9932,,OFF,failed
1790641385.8066523,1790641392.9523942,2,340,2,ewma,4,0.9938,0.9926,,OFF,failed
1790641382.8780932,1790641393.6742685,7,353,2,ewma,4,0.9925,0.9933,,OFF,success
1790641384.5241373,1790641394.2885485,8,334,2,ewma,4,0.9913,0.9933,,OFF,success
1790641388.0803626,1790641398.1826453,3,360,2,ewma,4,0.9938,0.9938,,OFF,success
1790641391.7694535,1790641402.5696328,4,356,2,ewma,4,0.9936,0.9939,,OFF,success
1790641393.792259,1790641403.6051087,9,338,2,ewma,4,0.9925,0.9925,,OFF,success
1790641396.811431,1790641404.817271,5,359,2,ewma,4,0.9938,0.9941,,OFF,failed
1790641394.6236553,1790641405.8800929,10,359,2,ewma,4,0.9914,0.9925,,OFF,success
1790641394.310262,1790641406.5635774,6,360,1,ewma,4,0.0,0.0,,OFF,failed
1790641396.1633434,1790641407.0951416,2,341,2,ewma,4,0.0,0.9815,,OFF,success
1790641396.8824456,1790641407.2006247,7,354,2,ewma,4,0.9925,0.9915,,OFF,success
1790641446.0112162,1790641457.1449864,3,364,2,snr-greedy,4,0.9913,0.9924,,OFF,success
1790641452.5075376,1790641464.012381,9,342,1,snr-greedy,4,0.9901,0.0,,OFF,failed
1790641454.4211795,1790641465.3378568,4,360,2,snr-greedy,4,0.9881,0.99,,OFF,success
1790641453.0378501,1790641465.9755125,5,363,1,snr-greedy,4,0.9938,0.9931,,OFF,failed
1790641456.5006385,1790641467.2225766,2,345,1,snr-greedy,4,0.9932,0.9925,,OFF,success
1790641457.919849,1790641467.6970859,8,339,2,snr-greedy,4,0.9878,0.8858,,UNKNOWN,success
1790641457.8210166,1790641467.8901148,7,358,2,snr-greedy,4,0.1016,0.9878,,UNKNOWN,success
1790641457.1894367,1790641469.2231436,1,365,1,snr-greedy,4,0.9938,0.9914,,OFF,failed
1790641461.3001308,1790641471.9975147,3,365,2,snr-greedy,4,0.9874,0.9942,,OFF,success
1790641468.554896,1790641478.1700516,4,361,2,snr-greedy,4,0.9901,0.9933,,OFF,success
1790641469.190381,1790641479.1739306,5,364,1,snr-greedy,4,0.9942,0.9933,,OFF,success
1790641467.2691054,1790641479.475131,9,343,1,snr-greedy,4,0.9942,0.9933,,OFF,failed
1790641471.1445558,1790641481.2174072,7,359,1,snr-greedy,4,0.9921,0.9913,,OFF,success
1790641470.407586,1790641481.6443956,2,346,2,snr-greedy,4,0.0,0.4687,,OFF,success
1790641472.453026,1790641482.8600507,1,366,1,snr-greedy,4,0.9933,0.9924,,OFF,success
1790641476.3865836,1790641483.5696318,8,340,2,snr-greedy,4,0.0,0.8858,,OFF,failed
1790641475.2243738,1790641484.6124852,3,366,2,snr-greedy,4,0.9898,0.9944,,OFF,success
1790641481.3970375,1790641492.7969098,4,362,1,snr-greedy,4,0.9942,0.9931,,OFF,failed
1790641482.4364626,1790641493.6382802,5,365,2,snr-greedy,4,0.9924,0.9938,,OFF,success
1790641482.6998417,1790641494.1134205,9,344,2,snr-greedy,4,0.9927,0.9933,,OFF,success
1790641484.8320608,1790641494.4240382,2,347,1,snr-greedy,4,0.9932,0.9932,,OFF,success
1790641486.3851686,1790641496.9843981,6,366,2,snr-greedy,4,0.0,0.0,,OFF,success
1790641486.8407302,1790641497.422694,8,341,2,snr-greedy,4,0.0,0.0,,OFF,success
1790641484.4327507,1790641497.8895931,7,360,1,snr-greedy,4,0.9915,0.9914,,OFF,failed
1790641487.132616,1790641498.0444744,10,365,2,snr-greedy,4,0.9938,0.9942,,OFF,success
1790641491.4042883,1790641499.333373,1,367,1,snr-greedy,4,0.9915,0.9881,,OFF,failed
1790641496.0152051,1790641505.515104,4,363,1,snr-greedy,4,0.9933,0.9915,,OFF,success
1790641497.3338854,1790641508.869703,9,345,1,snr-greedy,4,0.9937,0.9931,,OFF,failed
1790641496.939962,1790641509.682521,5,366,2,snr-greedy,4,0.0,0.9933,,OFF,failed
1790641497.6450458,1790641510.4175305,2,348,1,snr-greedy,4,0.9925,0.9901,,OFF,failed
1790641500.5510879,1790641511.0176122,8,342,1,snr-greedy,4,0.9937,0.9924,,OFF,success
1790641501.2278702,1790641512.2759304,10,366,2,snr-greedy,4,0.9919,0.9941,,OFF,success
1790641505.4088879,1790641513.289534,6,367,2,snr-greedy,4,0.9885,0.9898,,ON,failed
1790641500.9508142,1790641513.982695,7,361,2,snr-greedy,4,0.9794,0.9914,,OFF,failed
1790641508.8263068,1790641519.2976108,4,364,2,snr-greedy,4,0.9703,0.9923,,ON,success
1790641512.2052906,1790641522.8892658,9,346,1,snr-greedy,4,0.9933,0.9924,,OFF,success
1790641513.6110802,1790641523.3194268,2,349,2,snr-greedy,4,0.9883,0.9915,,OFF,success
1790641514.2398686,1790641523.911234,8,343,1,snr-greedy,4,0.9941,0.9933,,OFF,success
1790641515.5601513,1790641525.867411,10,367,1,snr-greedy,4,0.0,0.0,,OFF,success
1790641517.1953082,1790641526.6828473,7,362,2,snr-greedy,4,0.9915,0.9942,,OFF,success
1790641516.5041072,1790641527.187313,6,368,2,snr-greedy,4,0.9902,0.9902,,OFF,success
1790641522.43075,1790641529.7840126,3,369,1,snr-greedy,4,0.8629,0.2444,,OFF,failed
1790641522.5275042,1790641532.5295784,4,365,1,snr-greedy,4,0.9933,0.9925,,OFF,success
1790641526.5395825,1790641537.3376336,2,350,2,snr-greedy,4,0.0,0.9478,,OFF,success
1790641526.2208905,1790641538.3728805,9,347,1,snr-greedy,4,0.9937,0.9932,,OFF,failed
1790641529.0887709,1790641539.0611558,10,368,1,snr-greedy,4,0.9932,0.9924,,OFF,success
1790641532.4360812,1790641539.0936105,8,344,2,snr-greedy,4,0.9926,0.9939,,OFF,failed
1790641530.3307817,1790641539.8003597,1,370,2,snr-greedy,4,0.0,0.9912,,OFF,success
1790641530.006263,1790641540.2095075,7,363,2,snr-greedy,4,0.0,0.9933,,OFF,success
1790641530.4113843,1790641541.9619262,6,369,2,snr-greedy,4,0.9924,0.8692,,OFF,success
1790641533.0024893,1790641544.2219164,3,370,2,snr-greedy,4,0.9925,0.9939,,OFF,success
1790641535.8537774,1790641546.994569,4,366,2,snr-greedy,4,0.9925,0.9941,,OFF,success
1790641540.5573542,1790641551.3583767,2,351,1,snr-greedy,4,0.9933,0.9901,,OFF,success
1790641461.3618968,,10,363,1,snr-greedy,4,0.0,0.0,,OFF,unavailable
1790641461.3631155,,6,364,1,snr-greedy,4,0.9931,0.9878,,OFF,unavailable
1790641542.3730597,1790641552.7911842,8,345,1,snr-greedy,4,0.9943,0.8943,,OFF,success
1790641543.016983,1790641553.7502608,1,371,2,snr-greedy,4,0.0,0.0,,OFF,success
1790641541.6049619,1790641553.8460813,9,348,1,snr-greedy,4,0.9925,0.9925,,OFF,failed
1790641547.4579077,1790641554.9358404,10,369,2,snr-greedy,4,0.9821,0.9925,,OFF,failed
1790641548.4605346,1790641556.1984477,7,364,2,snr-greedy,4,0.0,0.9933,,OFF,failed
1790641545.2781968,1790641556.6781976,6,370,2,snr-greedy,4,0.9942,0.9941,,OFF,success
1790641547.4583607,1790641558.938521,3,371,2,snr-greedy,4,0.9925,0.9942,,OFF,success
1790641550.3195133,1790641560.581208,4,367,2,snr-greedy,4,0.9882,0.988,,OFF,success
1790641554.575328,1790641564.2938762,2,352,2,snr-greedy,4,0.9915,0.9916,,OFF,success
1790641556.0122275,1790641566.2113519,8,346,2,snr-greedy,4,0.9939,0.9939,,ON,success
1790641557.0252595,1790641567.677647,1,372,2,snr-greedy,4,0.2329,0.8535,,ON,success
1790641558.1602006,1790641569.3995836,10,370,2,snr-greedy,4,0.9915,0.9933,,ON,success
1790641557.0595148,1790641569.9333541,9,349,1,snr-greedy,4,0.9933,0.8535,,ON,failed
1790641559.0033162,1790641570.3332946,5,370,2,snr-greedy,4,0.0,0.0735,,ON,success
1790641564.4704616,1790641570.8188295,7,365,1,snr-greedy,4,0.0,0.0,,OFF,failed
1790641559.8912785,1790641571.3243222,6,371,2,snr-greedy,4,0.0,0.9756,,ON,success
1790641562.1606448,1790641571.8329966,3,372,1,snr-greedy,4,0.9925,0.0001,,OFF,success
1790641563.8068333,1790641575.7516642,4,368,2,snr-greedy,4,0.9925,0.9925,,OFF,failed
1790641567.5139303,1790641577.3026981,2,353,2,snr-greedy,4,0.9924,0.9932,,OFF,success
1790641569.4331024,1790641579.0098107,8,347,2,snr-greedy,4,0.9925,0.9942,,OFF,success
1790641570.988736,1790641580.5481458,1,373,1,snr-greedy,4,0.9914,0.9882,,OFF,success
1790641487.9548752,,3,367,2,snr-greedy,4,0.9932,0.9941,,OFF,unavailable
1790641573.154746,1790641582.5958602,9,350,1,snr-greedy,4,0.9933,0.9915,,OFF,success
1790641572.6489325,1790641583.3291698,10,371,2,snr-greedy,4,0.0,0.9933,,OFF,success
1790641573.469131,1790641583.514236,5,371,2,snr-greedy,4,0.0,0.003,,OFF,success
1790641574.027393,1790641584.0239966,7,366,2,snr-greedy,4,0.991,0.992,,OFF,success
1790641575.053017,1790641585.7891076,3,373,2,snr-greedy,4,0.9933,0.9938,,OFF,success
1790641574.5377004,1790641586.1768095,6,372,2,snr-greedy,4,0.9901,0.9938,,OFF,success
1790641578.981105,1790641588.5733852,4,369,2,snr-greedy,4,0.9914,0.9925,,OFF,success
1790641580.4805076,1790641590.9162993,2,354,1,snr-greedy,4,0.9915,0.9901,,OFF,success
1790641582.3494787,1790641592.624682,8,348,2,snr-greedy,4,0.9925,0.9933,,OFF,success
1790641583.8791218,1790641593.4690557,1,374,1,snr-greedy,4,0.9914,0.9901,,OFF,success
1790641586.756255,1790641597.1284885,5,372,2,snr-greedy,4,0.9861,0.9875,,OFF,success
1790641502.4812016,,1,368,2,snr-greedy,4,0.9914,0.9912,,OFF,unavailable
1790641589.0165465,1790641598.551241,3,374,2,snr-greedy,4,0.9914,0.9942,,OFF,success
1790641585.919235,1790641599.0943775,9,351,2,snr-greedy,4,0.9932,0.9937,,OFF,failed
1790641591.485275,1790641599.516696,10,372,1,snr-greedy,4,0.99,0.9933,,OFF,failed
1790641594.4867866,1790641602.087008,6,373,2,snr-greedy,4,0.9937,0.9942,,OFF,failed
1790641591.7959213,1790641602.8755882,4,370,2,snr-greedy,4,0.9924,0.9943,,OFF,success
1790641594.1256502,1790641605.2261035,2,355,1,snr-greedy,4,0.9916,0.9916,,OFF,success
1790641596.6880457,1790641606.2484734,1,375,1,snr-greedy,4,0.9938,0.99,,OFF,success
1790641595.8401053,1790641607.269941,8,349,2,snr-greedy,4,0.9916,0.9933,,OFF,success
1790641512.9217427,,5,367,2,snr-greedy,4,0.9925,0.9942,,OFF,unavailable
1790641600.3480334,1790641610.8564816,5,373,2,snr-greedy,4,0.9932,0.9941,,OFF,success
1790641601.7181687,1790641612.2725322,3,375,1,snr-greedy,4,0.9914,0.0054,,OFF,success
1790641602.3109417,1790641613.2965205,9,352,1,snr-greedy,4,0.0,0.0,,OFF,success
1790641602.7342503,1790641615.047839,10,373,1,snr-greedy,4,0.9933,0.9915,,OFF,failed
1790641605.3125894,1790641615.2796204,6,374,2,snr-greedy,4,0.9914,0.9925,,OFF,success
1790641608.4522777,1790641617.7337995,2,356,2,snr-greedy,4,0.9915,0.9925,,OFF,success
1790641606.1964967,1790641618.6359527,4,371,1,snr-greedy,4,0.9915,0.9914,,OFF,failed
1790641609.5804617,1790641619.5643,1,376,2,snr-greedy,4,0.9902,0.9932,,OFF,success
1790641610.4961016,1790641623.4871724,8,350,1,snr-greedy,4,0.9933,0.9933,,UNKNOWN,failed
1790641616.465722,1790641626.116405,9,353,1,snr-greedy,4,0.991,0.9911,,UNKNOWN,success
1790641616.7351258,1790641626.6366074,7,369,1,snr-greedy,4,0.9942,0.9933,,UNKNOWN,success
1790641615.438951,1790641627.035132,3,376,1,snr-greedy,4,0.9915,0.9902,,UNKNOWN,failed
1790641618.278433,1790641627.9573796,10,374,2,snr-greedy,4,0.9914,0.9933,,UNKNOWN,success
1790641618.4878845,1790641628.8782823,6,375,1,snr-greedy,4,0.9925,0.9915,,UNKNOWN,success
1790641621.9632692,1790641631.9691818,4,372,1,snr-greedy,4,0.9941,0.9923,,OFF,success
1790641620.9615517,1790641632.4587963,2,357,1,snr-greedy,4,0.9932,0.9925,,OFF,success
1790641622.78427,1790641632.7643113,1,377,1,snr-greedy,4,0.9925,0.9925,,OFF,success
1790641626.708274,1790641638.1059523,8,351,1,snr-greedy,4,0.7418,0.4613,,OFF,failed
1790641629.33727,1790641638.931172,9,354,1,snr-greedy,4,0.9943,0.9925,,OFF,success
1790641629.8559759,1790641641.169444,7,370,1,snr-greedy,4,0.9933,0.99,,OFF,success
1790641630.2598562,1790641641.6726146,3,377,2,snr-greedy,4,0.9924,0.9939,,OFF,failed
1790641631.1911626,1790641642.3242438,10,375,2,snr-greedy,4,0.9925,0.9925,,OFF,success
1790641632.105033,1790641643.8330557,6,376,1,snr-greedy,4,0.9933,0.9925,,OFF,failed
1790641635.6710532,1790641646.4846106,2,358,1,snr-greedy,4,0.9916,0.9856,,OFF,success
1790641635.1803954,1790641647.135205,4,373,1,snr-greedy,4,0.9899,0.5059,,OFF,failed
1790641635.980054,1790641647.5333273,1,378,1,snr-greedy,4,0.9931,0.9923,,OFF,success
1790641641.3307483,1790641652.5237837,8,352,2,snr-greedy,4,0.9915,0.9938,,OFF,success
1790641641.9244757,1790641653.0430293,5,376,1,snr-greedy,4,0.9925,0.9925,,OFF,success
1790641642.1664524,1790641653.7849631,9,355,2,snr-greedy,4,0.9911,0.9937,,OFF,failed
1790641644.3933449,1790641654.7041566,7,371,1,snr-greedy,4,0.9938,0.9925,,OFF,success
1790641645.551483,1790641655.9259999,10,376,1,snr-greedy,4,0.9937,0.9925,,OFF,success
1790641644.8958077,1790641656.1143909,3,378,2,snr-greedy,4,0.9915,0.9933,,OFF,success
1790641647.0643766,1790641657.1599104,6,377,2,snr-greedy,4,0.9925,0.9941,,OFF,success
1790641649.6559658,1790641660.0091858,2,359,2,snr-greedy,4,0.9901,0.9941,,OFF,success
1790641650.2155297,1790641660.5181665,4,374,2,snr-greedy,4,0.99,0.9925,,OFF,success
1790641650.7490344,1790641661.661391,1,379,1,snr-greedy,4,0.9914,0.9898,,OFF,success
1790641656.255034,1790641666.7971082,5,377,1,snr-greedy,4,0.9915,0.9915,,OFF,success
1790641657.916265,1790641667.3083317,7,372,1,snr-greedy,4,0.9942,0.9916,,OFF,success
1790641657.0019836,1790641668.082113,9,356,2,snr-greedy,4,0.9925,0.9926,,OFF,success
1790641655.7698312,1790641668.1040318,8,353,1,snr-greedy,4,0.9938,0.9926,,OFF,failed
1790641659.3337252,1790641670.9662147,3,379,2,snr-greedy,4,0.9932,0.9943,,OFF,success
1790641664.5214844,1790641672.1064825,10,377,2,snr-greedy,4,0.9933,0.9941,,OFF,failed
1790641660.48251,1790641672.595368,6,378,1,snr-greedy,4,0.9942,0.9942,,OFF,failed
1790641663.3327632,1790641672.906398,2,360,1,snr-greedy,4,0.9938,0.9901,,OFF,success
1790641664.8914273,1790641674.238646,1,380,2,snr-greedy,4,0.9924,0.9924,,OFF,success
1790641663.845256,1790641675.2018733,4,375,1,snr-greedy,4,0.9925,0.9914,,OFF,success
1790641587.35223,,7,367,2,snr-greedy,4,0.9914,0.9933,,OFF,unavailable
1790641717.4807477,1790641727.521627,3,383,1,round-robin,4,0.9915,0.9915,,OFF,success
1790641716.568811,1790641728.3144746,8,357,1,round-robin,4,0.9933,0.9938,,OFF,failed
1790641718.7198126,1790641729.4387362,9,360,1,round-robin,4,0.0,0.0174,,OFF,success
1790641719.9545472,1790641729.7401018,10,381,1,round-robin,4,0.9937,0.9943,,OFF,success
1790641721.367811,1790641731.0723188,2,364,1,round-robin,4,0.9915,0.9901,,OFF,success
1790641723.4668763,1790641733.1294796,6,382,1,round-robin,4,0.9942,0.9927,,OFF,success
1790641729.048008,1790641735.1673548,1,384,1,round-robin,4,0.9839,0.9923,,OFF,failed
1790641725.1858273,1790641736.3068771,4,379,1,round-robin,4,0.9915,0.9915,,OFF,success
1790641730.7451115,1790641741.0285265,3,384,2,round-robin,4,0.9932,0.9925,,OFF,success
1790641729.6024969,1790641741.4132116,5,382,1,round-robin,4,0.9931,0.9942,,OFF,failed
1790641731.540536,1790641742.0333474,8,358,2,round-robin,4,0.9901,0.9915,,OFF,success
1790641732.6686852,1790641742.8748941,9,361,2,round-robin,4,0.9921,0.9935,,OFF,success
1790641733.0689325,1790641745.4189858,10,382,2,round-robin,4,0.9907,0.9922,,OFF,failed
1790641734.2900057,1790641745.6061647,2,365,2,round-robin,4,0.9915,0.9941,,OFF,success
1790641736.4472544,1790641746.030902,6,383,2,round-robin,4,0.9883,0.9933,,OFF,success
1790641740.0751257,1790641746.1284294,7,377,1,round-robin,4,0.9899,0.9878,,OFF,failed
1790641738.382223,1790641748.2868283,1,385,2,round-robin,4,0.9902,0.9915,,OFF,success
1790641739.5284991,1790641749.1018717,4,380,2,round-robin,4,0.988,0.9933,,OFF,success
1790641744.2802188,1790641754.523931,3,385,1,round-robin,4,0.9925,0.9938,,OFF,success
1790641744.6442115,1790641757.209698,5,383,2,round-robin,4,0.9901,0.9915,,OFF,failed
1790641746.1040857,1790641757.700225,9,362,1,round-robin,4,0.9925,0.9933,,OFF,failed
1790641745.2498686,1790641757.8093762,8,359,1,round-robin,4,0.9915,0.9933,,OFF,failed
1790641749.4637468,1790641759.6780317,7,378,2,round-robin,4,0.9877,0.9857,,OFF,success
1790641748.8328679,1790641760.359505,2,366,1,round-robin,4,0.0,0.9463,,OFF,failed
1790641754.0798578,1790641760.996588,6,384,1,round-robin,4,0.9936,0.9933,,OFF,failed
1790641754.0789063,1790641761.1958523,10,383,1,round-robin,4,0.9881,0.9932,,OFF,failed
1790641751.5060906,1790641762.2084963,1,386,1,round-robin,4,0.9916,0.9915,,OFF,success
1790641752.422505,1790641762.926458,4,381,1,round-robin,4,0.9915,0.9915,,OFF,success
1790641757.852817,1790641768.0708256,3,386,2,round-robin,4,0.9944,0.9944,,OFF,success
1790641760.4294283,1790641770.9221933,5,384,1,round-robin,4,0.0,0.0,,OFF,success
1790641762.901211,1790641772.366245,7,379,1,round-robin,4,0.9937,0.9941,,OFF,success
1790641766.0875635,1790641772.6463165,9,363,2,round-robin,4,0.9941,0.9942,,ON,failed
1790641761.026764,1790641772.7500205,8,360,2,round-robin,4,0.99,0.9885,,OFF,failed
1790641763.586041,1790641772.9521813,2,367,2,round-robin,4,0.993,0.9933,,OFF,success
1790641764.410063,1790641774.4988282,10,384,2,round-robin,4,0.9926,0.9926,,OFF,success
1790641764.1934745,1790641775.0076187,6,385,2,round-robin,4,0.9932,0.9925,,OFF,success
1790641765.417171,1790641775.3088162,1,387,2,round-robin,4,0.9915,0.9899,,OFF,success
1790641766.254959,1790641776.4562418,4,382,2,round-robin,4,0.9925,0.99,,ON,success
1790641771.2555165,1790641781.0455797,3,387,1,round-robin,4,0.9925,0.9942,,OFF,success
1790641774.1449192,1790641784.8475134,5,385,2,round-robin,4,0.9942,0.9915,,OFF,success
1790641775.5807252,1790641785.3838317,7,380,2,round-robin,4,0.9933,0.9938,,OFF,success
1790641776.0697925,1790641785.8500059,9,364,1,round-robin,4,0.9464,0.9575,,OFF,success
1790641777.7075677,1790641786.977847,10,385,1,round-robin,4,0.9938,0.9933,,OFF,success
1790641781.0922801,1790641787.6000996,8,361,1,round-robin,4,0.0,0.0,,OFF,failed
1790641776.3799417,1790641789.3739932,2,368,1,round-robin,4,0.9857,0.9924,,OFF,failed
1790641778.62109,1790641789.9583998,1,388,1,round-robin,4,0.9929,0.991,,OFF,success
1790641779.781664,1790641790.6766472,4,383,1,round-robin,4,0.994,0.9925,,OFF,success
1790641778.2176814,1790641790.9820266,6,386,1,round-robin,4,0.9925,0.9925,,OFF,failed
1790641784.3114438,1790641796.918782,3,388,2,round-robin,4,0.9915,0.9938,,OFF,failed
1790641788.0688431,1790641797.6605065,5,386,1,round-robin,4,0.9916,0.9933,,OFF,success
1790641788.6133926,1790641798.7868416,7,381,1,round-robin,4,0.9938,0.9932,,OFF,success
1790641790.1985698,1790641799.7900848,10,386,2,round-robin,4,0.9924,0.9926,,OFF,success
1790641790.8308127,1790641800.3163252,8,362,2,round-robin,4,0.9925,0.9938,,OFF,success
1790641789.0849595,1790641800.9353282,9,365,2,round-robin,4,0.9938,0.9915,,OFF,failed
1790641792.6029334,1790641802.6941047,2,369,2,round-robin,4,0.0,0.9747,,OFF,success
1790641793.905046,1790641803.2704964,4,384,2,round-robin,4,0.0158,0.9933,,OFF,success
1790641794.3267047,1790641805.3155878,6,387,2,round-robin,4,0.9938,0.9936,,OFF,success
1790641798.102017,1790641805.7326221,1,389,2,round-robin,4,0.9938,0.9899,,OFF,failed
1790641800.8924687,1790641812.0761538,5,387,2,round-robin,4,0.9937,0.9944,,OFF,success
1790641803.0141633,1790641812.888358,10,387,1,round-robin,4,0.9113,0.0,,OFF,success
1790641800.13443,1790641813.1997902,3,389,1,round-robin,4,0.9924,0.9941,,OFF,failed
1790641802.0072079,1790641813.7173293,7,382,2,round-robin,4,0.99,0.9933,,OFF,success
1790641804.2431598,1790641813.8123803,9,366,1,round-robin,4,0.9933,0.9925,,OFF,success
1790641809.1062815,1790641816.3999245,8,363,1,round-robin,4,0.9942,0.9933,,OFF,failed
1790641806.4991431,1790641816.9118376,4,385,1,round-robin,4,0.9932,0.9914,,OFF,success
1790641805.971269,1790641817.2016592,2,370,1,round-robin,4,0.9932,0.9933,,OFF,success
1790641808.9519286,1790641818.9393365,1,390,1,round-robin,4,0.9915,0.9923,,OFF,success
1790641808.5407732,1790641820.5768473,6,388,1,round-robin,4,0.9936,0.0,,OFF,failed
1790641815.307624,1790641826.1268723,5,388,1,round-robin,4,0.9933,0.9932,,ON,success
1790641816.1074355,1790641826.3012218,10,388,2,round-robin,4,0.9925,0.9911,,ON,success
1790641816.4205873,1790641827.150431,3,390,2,round-robin,4,0.0553,0.0,,ON,success
1790641822.111489,1790641828.5673995,9,367,2,round-robin,4,0.9925,0.9939,,OFF,failed
1790641822.1108096,1790641829.4854188,7,383,1,round-robin,4,0.0,0.9933,,OFF,failed
1790641819.5093203,1790641829.9925907,8,364,2,round-robin,4,0.9915,0.9933,,OFF,success
1790641820.4233785,1790641830.5111504,2,371,2,round-robin,4,0.9938,0.9933,,OFF,success
1790641820.129086,1790641830.9159362,4,386,2,round-robin,4,0.9916,0.9901,,OFF,success
1790641822.1548467,1790641833.372907,1,391,2,round-robin,4,0.9938,0.9924,,OFF,success
1790641823.9083254,1790641833.6855292,6,389,2,round-robin,4,0.9914,0.9942,,OFF,success
1790641829.5532808,1790641840.0308075,10,389,1,round-robin,4,0.9875,0.9858,,OFF,success
1790641835.1426253,1790641840.7543683,5,389,2,round-robin,4,0.9932,0.9938,,OFF,failed
1790641830.338934,1790641841.1904676,3,391,1,round-robin,4,0.9926,0.9942,,OFF,success
1790641831.7913623,1790641842.3969755,9,368,1,round-robin,4,0.9915,0.9915,,OFF,success
1790641832.713489,1790641845.3585575,7,384,2,round-robin,4,0.9924,0.9915,,OFF,failed
1790641834.1404626,1790641845.4520378,4,387,1,round-robin,4,0.9902,0.9881,,OFF,success
1790641833.221246,1790641845.9062731,8,365,1,round-robin,4,0.9932,0.9944,,OFF,failed
1790641833.8390038,1790641847.3229568,2,372,1,round-robin,4,0.9932,0.9925,,OFF,failed
1790641836.892135,1790641847.440561,6,390,1,round-robin,4,0.9877,0.9841,,OFF,success
1790641842.1466665,1790641848.0256715,1,392,1,round-robin,4,0.9925,0.9914,,OFF,failed
1790641843.2595577,1790641853.2644212,10,390,2,round-robin,4,0.9932,0.9938,,OFF,success
1790641843.983538,1790641853.8382816,5,390,1,round-robin,4,0.9812,0.0,,OFF,success
1790641845.6163366,1790641855.016686,9,369,2,round-robin,4,0.9916,0.9933,,OFF,success
1790641850.1686294,1790641855.8012936,3,392,2,round-robin,4,0.9925,0.9942,,OFF,failed
1790641848.6672468,1790641858.484473,4,388,2,round-robin,4,0.0,0.0381,,OFF,success
1790641849.134101,1790641858.6033313,8,366,2,round-robin,4,0.9914,0.9933,,OFF,success
1790641850.6581223,1790641860.6131127,6,391,2,round-robin,4,0.9914,0.9938,,OFF,success
1790641854.1711104,1790641861.8355896,7,385,1,round-robin,4,0.9924,0.9914,,OFF,failed
1790641851.2438025,1790641862.661653,1,393,2,round-robin,4,0.9901,0.9881,,OFF,success
1790641856.4806302,1790641867.267129,10,391,1,round-robin,4,0.0,0.0,,OFF,success
1790641862.1739163,1790641868.604362,5,391,2,round-robin,4,0.992,0.8804,,OFF,failed
1790641859.025096,1790641870.1504307,3,393,1,round-robin,4,0.9901,0.9938,,OFF,success
1790641861.817605,1790641871.279084,8,367,1,round-robin,4,0.8689,0.8804,,OFF,success
1790641858.226564,1790641871.4676185,9,370,1,round-robin,4,0.9916,0.9916,,OFF,failed
1790641867.1760962,1790641873.3337307,4,389,1,round-robin,4,0.8689,0.904,,ON,failed
1790641865.8734312,1790641875.6814916,1,394,1,round-robin,4,0.9942,0.9924,,ON,success
1790641863.8317418,1790641876.7894075,6,392,1,round-robin,4,0.988,0.9646,,ON,failed
1790641865.168031,1790641878.228339,7,386,2,round-robin,4,0.9925,0.9938,,ON,failed
1790641871.833105,1790641881.4090297,5,392,1,round-robin,4,0.9915,0.9925,,OFF,success
1790641870.5872953,1790641881.5168564,10,392,2,round-robin,4,0.9933,0.9915,,OFF,success
1790641873.3768783,1790641883.2433677,3,394,2,round-robin,4,0.9933,0.9938,,OFF,success
1790641874.6843007,1790641885.9082248,9,371,2,round-robin,4,0.9853,0.9819,,OFF,success
1790641876.5105047,1790641888.572215,4,390,2,round-robin,4,0.9899,0.9933,,OFF,failed
1790641878.8834796,1790641889.391266,1,395,2,round-robin,4,0.9938,0.9915,,OFF,success
1790641879.634304,1790641889.901802,2,375,1,round-robin,4,0.0,0.926,,OFF,success
1790641880.001971,1790641890.2032976,6,393,2,round-robin,4,0.9915,0.9933,,OFF,success
1790641881.45858,1790641894.2181308,7,387,1,round-robin,4,0.9925,0.9925,,OFF,failed
1790641884.7364738,1790641895.1328616,10,393,1,round-robin,4,0.8689,0.8689,,OFF,success
1790641886.4715538,1790641896.544713,3,395,1,round-robin,4,0.9925,0.9944,,OFF,success
1790641890.1876638,1790641898.1150668,5,393,2,round-robin,4,0.9914,0.9925,,OFF,failed
1790641889.139315,1790641899.6655014,9,372,1,round-robin,4,0.0,0.0,,OFF,success
1790641891.7988713,1790641901.8836377,4,391,1,round-robin,4,0.9901,0.99,,OFF,success
1790641892.6191714,1790641902.605257,1,396,1,round-robin,4,0.9548,0.0,,OFF,success
1790641893.5373263,1790641905.3670652,6,394,1,round-robin,4,0.9941,0.9942,,OFF,failed
1790641893.1224446,1790641905.7730834,2,376,2,round-robin,4,0.9912,0.9942,,OFF,failed
1790641897.430535,1790641908.2318344,7,388,2,round-robin,4,0.9901,0.9933,,OFF,success
1790641898.343053,1790641909.1510808,10,394,2,round-robin,4,0.99,0.9915,,OFF,success
1790641899.7521636,1790641910.9050982,3,396,2,round-robin,4,0.9916,0.9933,,OFF,success
1790641901.3401268,1790641912.0131044,5,394,1,round-robin,4,0.9901,0.9925,,OFF,success
1790641902.8936808,1790641914.0886421,9,373,2,round-robin,4,0.993,0.992,,OFF,success
1790641905.105203,1790641915.7099366,4,392,2,round-robin,4,0.0,0.99,,OFF,success
1790641905.204794,1790641918.3666742,8,370,1,round-robin,4,0.9925,0.9351,,OFF,failed
1790641905.8293698,1790641919.0983658,1,397,2,round-robin,4,0.9938,0.99,,OFF,failed
1790641908.6860313,1790641919.327652,6,395,2,round-robin,4,0.9901,0.9938,,OFF,success
1790641908.9929776,1790641920.925556,2,377,1,round-robin,4,0.5874,0.9915,,OFF,failed
1790641911.4570484,1790641921.3404882,7,389,1,round-robin,4,0.9938,0.9939,,OFF,success
1790641912.4867418,1790641922.6724203,10,395,1,round-robin,4,0.9925,0.9926,,OFF,success
1790641915.2313385,1790641925.1340923,5,395,2,round-robin,4,0.9926,0.9942,,OFF,success
1790641914.1268244,1790641925.7505677,3,397,1,round-robin,4,0.9926,0.9939,,OFF,failed
1790641917.3064857,1790641928.3177276,9,374,1,round-robin,4,0.9933,0.9916,,UNKNOWN,success
1790641919.9690115,1790641930.3700943,4,393,1,round-robin,4,0.9938,0.9922,,OFF,success
1790641921.5992484,1790641931.395079,8,371,2,round-robin,4,0.9937,0.9943,,OFF,success
1790641924.1421824,1790641933.5244365,2,378,2,round-robin,4,0.9914,0.9915,,OFF,success
1790641922.5152893,1790641934.1225362,6,396,1,round-robin,4,0.9901,0.9831,,OFF,failed
1790641924.5501106,1790641934.456734,7,390,2,round-robin,4,0.9901,0.9914,,OFF,success
1790641922.3205833,1790641935.612745,1,398,1,round-robin,4,0.0,0.9912,,OFF,failed
1790641925.994663,1790641936.5932636,10,396,2,round-robin,4,0.9924,0.9933,,OFF,success
1790641928.9808772,1790641938.3358858,3,398,2,round-robin,4,0.9932,0.9925,,OFF,success
1790641928.3543546,1790641941.1011593,5,396,1,round-robin,4,0.9933,0.9925,,OFF,failed
1790641931.5264559,1790641942.154113,9,375,2,round-robin,4,0.9932,0.9932,,OFF,success
1790641850.3535414,,2,373,2,round-robin,4,0.9925,0.9925,,OFF,unavailable
1790641934.6138337,1790641944.7862787,8,372,1,round-robin,4,0.9925,0.9942,,OFF,success
1790641933.5936666,1790641947.0435364,4,394,2,round-robin,4,0.9925,0.9938,,OFF,failed
1790641937.287954,1790641947.1751516,6,397,2,round-robin,4,0.9914,0.9915,,OFF,success
1790641937.6776688,1790641947.3628285,7,391,1,round-robin,4,0.9899,0.9931,,OFF,success
1790641990.7234557,1790642000.394806,9,379,2,state-aware,4,0.9901,0.9938,,OFF,success
1790641990.1234143,1790642000.6162386,5,400,2,state-aware,4,0.9933,0.9938,,OFF,success
1790641992.4476814,1790642003.6962943,8,376,2,state-aware,4,0.9882,0.9938,,OFF,success
1790641996.7304616,1790642006.542667,6,401,2,state-aware,4,0.0,0.9933,,OFF,success
1790641997.074559,1790642007.462084,2,383,2,state-aware,4,0.9,0.9794,,OFF,success
1790641997.385731,1790642007.9971561,4,398,2,state-aware,4,0.8535,0.989,,OFF,success
1790641999.5000384,1790642008.899137,10,401,2,state-aware,4,0.9933,0.9943,,OFF,success
1790641998.796263,1790642009.9420109,7,395,2,state-aware,4,0.9915,0.9916,,OFF,success
1790642003.9505205,1790642015.0527844,5,401,1,state-aware,4,0.9938,0.9877,,OFF,success
1790642009.684943,1790642015.9602866,9,380,1,state-aware,4,0.9137,0.0545,,OFF,failed
1790642006.9081602,1790642018.230018,8,377,1,state-aware,4,0.9915,0.9933,,OFF,success
1790642011.2231004,1790642021.078654,4,399,1,state-aware,4,0.9933,0.9925,,OFF,success
1790642010.6887982,1790642021.7227216,2,384,1,state-aware,4,0.9461,0.9924,,OFF,success
1790642009.7623384,1790642022.5133245,6,402,1,state-aware,4,0.9882,0.9916,,OFF,failed
1790642013.435707,1790642023.7574098,7,396,2,state-aware,4,0.0,0.0,,ON,success
1790642018.2483776,1790642029.1849854,5,402,2,state-aware,4,0.0,0.0123,,ON,success
1790642019.1794384,1790642029.6805687,9,381,2,state-aware,4,0.9915,0.991,,UNKNOWN,success
1790642019.9142983,1790642030.1880076,3,404,2,state-aware,4,0.9925,0.9938,,UNKNOWN,success
1790642021.466008,1790642031.5215287,8,378,2,state-aware,4,0.9938,0.9938,,OFF,success
1790642024.9531758,1790642034.9952252,2,385,2,state-aware,4,0.826,0.9877,,OFF,success
1790642024.304873,1790642035.6403253,4,400,2,state-aware,4,0.9882,0.9915,,OFF,success
1790642025.7483246,1790642036.1332548,6,403,2,state-aware,4,0.9925,0.9925,,OFF,success
1790642026.9879527,1790642038.1800292,7,397,1,state-aware,4,0.9924,0.9942,,OFF,success
1790642029.32609,1790642039.314295,1,405,2,state-aware,4,0.9901,0.9933,,OFF,success
1790642032.4102066,1790642042.6886256,5,403,1,state-aware,4,0.9925,0.9937,,OFF,success
1790642033.4215157,1790642043.9420118,3,405,1,state-aware,4,0.9942,0.9938,,OFF,success
1790642034.7522888,1790642044.2323322,8,379,1,state-aware,4,0.9938,0.9939,,OFF,success
1790642032.8997798,1790642045.4532356,9,382,2,state-aware,4,0.9942,0.9925,,OFF,failed
1790642043.6994472,1790642050.7092671,4,401,1,state-aware,4,0.9923,0.9914,,OFF,failed
1790642041.3908823,1790642051.5123575,7,398,1,state-aware,4,0.9897,0.8804,,OFF,success
1790642038.2261488,1790642051.6098156,2,386,1,state-aware,4,0.9901,0.9915,,OFF,failed
1790642046.7031436,1790642052.8572266,10,404,1,state-aware,4,0.9925,0.9938,,OFF,failed
1790642042.5395226,1790642054.8858232,1,406,1,state-aware,4,0.9925,0.9924,,OFF,failed
1790642046.0099509,1790642055.6262999,5,404,2,state-aware,4,0.9925,0.9926,,OFF,success
1790642047.4501,1790642057.4469934,8,380,1,state-aware,4,0.9944,0.9933,,OFF,success
1790642047.1565406,1790642057.6372032,3,406,1,state-aware,4,0.9938,0.9925,,OFF,success
1790642048.6794007,1790642061.9342809,9,383,1,state-aware,4,0.9938,0.9925,,OFF,failed
1790642054.82674,1790642064.8221872,2,387,2,state-aware,4,0.8535,0.9906,,OFF,success
1790642053.9336498,1790642064.9474962,4,402,2,state-aware,4,0.9923,0.9924,,OFF,success
1790642056.0893734,1790642067.4730582,10,405,2,state-aware,4,0.9925,0.9915,,OFF,success
1790642054.7291338,1790642068.0023715,7,399,2,state-aware,4,0.0,0.7662,,OFF,failed
1790642058.3028395,1790642069.7225094,1,407,2,state-aware,4,0.9925,0.9915,,OFF,success
1790642059.1494117,1790642070.1623673,5,405,1,state-aware,4,0.9924,0.9942,,OFF,success
1790642060.8475718,1790642070.55304,3,407,2,state-aware,4,0.9855,0.9888,,OFF,success
1790642065.7158098,1790642074.121092,8,381,2,state-aware,4,0.9932,0.9925,,OFF,failed
1790642065.1569407,1790642075.970222,9,384,2,state-aware,4,0.9943,0.9924,,OFF,success
1790641987.1217308,,3,402,1,state-aware,4,0.9932,0.9925,,OFF,unavailable
1790642073.720835,1790642079.7747462,2,388,2,state-aware,4,0.9922,0.9938,,OFF,failed
1790642073.72178,1790642080.4795806,4,403,2,state-aware,4,0.8535,0.8333,,OFF,failed
1790642070.6968477,1790642081.3042014,10,406,2,state-aware,4,0.9932,0.9944,,OFF,success
1790642071.236611,1790642082.341832,7,400,1,state-aware,4,0.9942,0.9943,,OFF,success
1790642070.1828086,1790642082.512021,6,406,1,state-aware,4,0.9914,0.0422,,OFF,failed
1790642072.9519558,1790642084.1570246,1,408,2,state-aware,4,0.0041,0.0,,OFF,success
1790642077.4398217,1790642088.3555973,8,382,1,state-aware,4,0.9938,0.9932,,OFF,success
1790642079.1899023,1790642090.308073,9,385,2,state-aware,4,0.9916,0.9925,,OFF,success
1790642083.0052927,1790642093.7813232,2,389,1,state-aware,4,0.9924,0.9938,,OFF,success
1790642084.5211082,1790642094.830175,10,407,2,state-aware,4,0.9901,0.9916,,OFF,success
1790642085.7382407,1790642095.8374453,6,407,2,state-aware,4,0.9833,0.9903,,OFF,success
1790642090.7419684,1790642098.3933597,7,401,1,state-aware,4,0.9914,0.9933,,OFF,failed
1790642087.3958848,1790642098.817693,1,409,2,state-aware,4,0.9923,0.9924,,OFF,success
1790642091.5846155,1790642101.4682534,8,383,1,state-aware,4,0.9933,0.9915,,OFF,success
1790642012.119477,,10,402,1,state-aware,4,0.9932,0.9925,,OFF,unavailable
1790642093.5290873,1790642104.5784316,9,386,2,state-aware,4,0.9933,0.9901,,OFF,success
1790642097.1146889,1790642106.371975,2,390,1,state-aware,4,0.9901,0.9883,,OFF,success
1790642099.0532708,1790642109.159514,6,408,2,state-aware,4,0.9924,0.9925,,OFF,success
1790642098.0061023,1790642109.6725235,10,408,1,state-aware,4,0.9901,0.0,,OFF,failed
1790642102.0472608,1790642111.708524,1,410,2,state-aware,4,0.9932,0.9914,,OFF,success
1790642101.6244116,1790642111.9492028,7,402,2,state-aware,4,0.9924,0.9942,,OFF,success
1790642103.4906757,1790642114.4713705,3,410,2,state-aware,4,0.9926,0.9933,,OFF,success
1790642105.5096986,1790642116.396709,5,408,2,state-aware,4,0.9915,0.9926,,OFF,success
1790642104.7007577,1790642116.5434563,8,384,1,state-aware,4,0.9938,0.9915,,OFF,failed
1790642107.7908275,1790642118.0576274,9,387,2,state-aware,4,0.9938,0.9932,,OFF,success
1790642109.591943,1790642122.3481417,2,391,1,state-aware,4,0.9925,0.9938,,OFF,failed
1790642112.3683465,1790642123.283476,6,409,1,state-aware,4,0.9821,0.0,,OFF,success
1790642118.756731,1790642124.5069788,10,409,2,state-aware,4,0.0,0.0,,OFF,failed
1790642114.8526318,1790642124.7446215,1,411,1,state-aware,4,0.9899,0.1259,,ON,success
1790642115.3206348,1790642125.4141212,7,403,2,state-aware,4,0.9817,0.9933,,ON,success
1790642117.6772044,1790642126.984891,3,411,1,state-aware,4,0.9938,0.9942,,OFF,success
1790642119.6620924,1790642129.7664185,5,409,2,state-aware,4,0.9913,0.9933,,OFF,success
1790642121.2697587,1790642132.5009573,9,388,2,state-aware,4,0.9941,0.9915,,OFF,success
1790642119.7589934,1790642133.0299244,8,385,1,state-aware,4,0.9933,0.8689,,OFF,failed
1790642125.5761526,1790642136.3024912,2,392,2,state-aware,4,0.9932,0.9932,,OFF,success
1790642126.4998252,1790642137.205437,6,410,2,state-aware,4,0.9926,0.9915,,OFF,success
1790642127.7348905,1790642138.2417,10,410,2,state-aware,4,0.9933,0.9936,,OFF,success
1790642044.7011092,,6,404,2,state-aware,4,0.9915,0.9915,,OFF,unavailable
1790642128.0596418,1790642139.348874,1,412,2,state-aware,4,0.9915,0.9896,,OFF,success
1790642130.4185057,1790642140.9181075,3,412,2,state-aware,4,0.9933,0.9938,,OFF,success
1790642133.7694151,1790642141.402538,7,404,2,state-aware,4,0.9928,0.9938,,OFF,failed
1790642133.0489407,1790642142.718132,5,410,2,state-aware,4,0.9938,0.9942,,OFF,success
1790642135.72166,1790642146.0361798,9,389,2,state-aware,4,0.9944,0.9925,,OFF,success
1790642136.2216883,1790642148.3691337,8,386,2,state-aware,4,0.9938,0.9926,,OFF,failed
1790642139.6063945,1790642149.9071295,2,393,2,state-aware,4,0.9933,0.9925,,OFF,success
1790642140.4181275,1790642150.4272387,6,411,2,state-aware,4,0.9915,0.9901,,OFF,success
1790642141.4353602,1790642152.0706506,10,411,2,state-aware,4,0.9931,0.9938,,OFF,success
1790642141.973673,1790642153.2860286,4,408,1,state-aware,4,0.9914,0.99,,OFF,success
1790642144.138163,1790642154.3132796,3,413,2,state-aware,4,0.9925,0.9938,,OFF,success
1790642147.777125,1790642154.8193474,1,413,2,state-aware,4,0.9925,0.9932,,OFF,failed
1790642144.6207364,1790642155.9491496,7,405,1,state-aware,4,0.9901,0.9933,,OFF,success
1790642145.950851,1790642156.759044,5,411,2,state-aware,4,0.9915,0.9933,,OFF,success
1790642149.327958,1790642160.1625435,9,390,2,state-aware,4,0.9942,0.9938,,OFF,success
1790642151.5832896,1790642162.296358,8,387,2,state-aware,4,0.9938,0.9933,,OFF,success
1790642153.1277802,1790642164.0491047,2,394,2,state-aware,4,0.9932,0.9316,,OFF,success
1790642155.2964451,1790642164.8566127,10,412,2,state-aware,4,0.9883,0.9926,,OFF,success
1790642158.7816598,1790642166.1802158,6,412,2,state-aware,4,0.9901,0.9941,,OFF,failed
1790642157.5162933,1790642167.1158595,3,414,2,state-aware,4,0.9938,0.9938,,OFF,success
1790642156.613246,1790642167.5506914,4,409,1,state-aware,4,0.9925,0.99,,OFF,success
1790642158.0334895,1790642168.634122,1,414,1,state-aware,4,0.9924,0.9924,,OFF,success
1790642159.1594427,1790642169.6647668,7,406,1,state-aware,4,0.9915,0.9938,,OFF,success
1790642160.07712,1790642170.1801496,5,412,2,state-aware,4,0.9925,0.9938,,OFF,success
1790642078.7236903,,5,406,2,state-aware,4,0.9925,0.9942,,OFF,unavailable
1790642078.7239869,,3,408,2,state-aware,4,0.9941,0.9942,,OFF,unavailable
1790642163.4917243,1790642174.584999,9,391,2,state-aware,4,0.9932,0.9924,,ON,success
1790642165.5205004,1790642175.6264837,8,388,2,state-aware,4,0.9942,0.9942,,ON,success
1790642167.275094,1790642176.630304,2,395,2,state-aware,4,0.9915,0.9926,,OFF,success
1790642168.0935783,1790642178.3778555,10,413,2,state-aware,4,0.9933,0.9938,,OFF,success
1790642083.7096548,,4,404,1,state-aware,4,0.9915,0.9881,,OFF,unavailable
1790642170.833908,1790642182.4601555,4,410,1,state-aware,4,0.9914,0.9914,,OFF,success
1790642171.8858438,1790642182.7108827,1,415,1,state-aware,4,0.9915,0.9914,,OFF,success
1790642173.4061499,1790642182.998304,5,413,2,state-aware,4,0.9916,0.9933,,OFF,success
1790642172.9914014,1790642184.2070165,7,407,1,state-aware,4,0.9901,0.9938,,OFF,success
1790642177.7874992,1790642187.7792397,9,392,2,state-aware,4,0.9938,0.9915,,OFF,success
1790642178.8409235,1790642189.1468778,8,389,2,state-aware,4,0.9926,0.9933,,OFF,success
1790642179.8449216,1790642190.4561088,2,396,2,state-aware,4,0.9915,0.9926,,OFF,success
1790642181.5819545,1790642191.5830863,10,414,2,state-aware,4,0.9937,0.9933,,OFF,success
1790642185.6917639,1790642195.8723865,4,411,1,state-aware,4,0.9914,0.9914,,OFF,success
1790642187.4289985,1790642197.0057006,7,408,1,state-aware,4,0.9915,0.9942,,OFF,success
1790642186.147919,1790642198.7841415,1,416,1,state-aware,4,0.8804,0.0075,,OFF,failed
1790642186.1472108,1790642198.9714184,5,414,2,state-aware,4,0.9842,0.9896,,OFF,failed
1790642191.004918,1790642200.4223685,9,393,2,state-aware,4,0.9933,0.9925,,OFF,success
1790642192.369483,1790642203.682156,8,390,2,state-aware,4,0.9933,0.9926,,OFF,success
1790642113.1235557,,4,406,1,state-aware,4,0.9914,0.9898,,OFF,unavailable
1790642193.7194157,1790642204.068112,2,397,2,state-aware,4,0.9925,0.9925,,OFF,success
1790642194.8075173,1790642205.001876,10,415,2,state-aware,4,0.9915,0.9938,,OFF,success
1790642200.2200115,1790642210.331986,7,409,1,state-aware,4,0.9901,0.9933,,OFF,success
1790642199.405624,1790642210.627632,6,415,2,state-aware,4,0.9901,0.9925,,OFF,success
1790642199.3369625,1790642211.4475677,3,417,1,state-aware,4,0.8535,0.0,,OFF,failed
1790642202.1030564,1790642211.9737778,5,415,1,state-aware,4,0.8822,0.9931,,OFF,success
1790642204.8132684,1790642212.0635574,4,412,2,state-aware,4,0.0,0.99,,OFF,failed
1790642202.103763,1790642212.6983154,1,417,1,state-aware,4,0.9825,0.0,,OFF,success
1790642203.8221104,1790642213.1836495,9,394,2,state-aware,4,0.9938,0.9937,,OFF,success
1790642207.296111,1790642217.8039498,2,398,2,state-aware,4,0.9932,0.9916,,OFF,success
1790642259.4099243,1790642268.6852973,6,419,2,snr-greedy,5,0.9915,0.9933,,OFF,success
1790642258.8004577,1790642268.8879755,1,421,2,snr-greedy,5,0.9924,0.9925,,OFF,success
1790642258.2863069,1790642269.4001648,3,421,2,snr-greedy,5,0.9932,0.9932,,OFF,success
1790642260.0330222,1790642271.3810945,7,413,1,snr-greedy,5,0.8804,0.8535,,OFF,success
1790642265.4125671,1790642271.6574817,4,416,2,snr-greedy,5,0.9862,0.9878,,UNKNOWN,failed
1790642261.9921682,1790642272.4736202,9,398,1,snr-greedy,5,0.9925,0.9915,,ON,success
1790642261.6611497,1790642272.4949973,5,419,2,snr-greedy,5,0.9925,0.9938,,ON,success
1790642267.7049406,1790642277.2924142,2,402,1,snr-greedy,5,0.9937,0.9924,,OFF,success
1790642269.2716935,1790642279.9514832,10,420,2,snr-greedy,5,0.9938,0.9942,,OFF,success
1790642270.4533153,1790642280.5622141,8,395,2,snr-greedy,5,0.9931,0.9943,,OFF,success
1790642272.1046605,1790642282.1039817,1,422,1,snr-greedy,5,0.0,0.0,,OFF,success
1790642277.418567,1790642283.9400747,6,420,1,snr-greedy,5,0.9932,0.9932,,OFF,failed
1790642274.5956898,1790642284.4695983,7,414,1,snr-greedy,5,0.9938,0.9938,,OFF,success
1790642277.419326,1790642284.9588404,3,422,2,snr-greedy,5,0.9933,0.9942,,OFF,failed
1790642275.7288926,1790642286.2012699,5,420,1,snr-greedy,5,0.9943,0.9925,,OFF,success
1790642274.8895535,1790642287.226742,4,417,2,snr-greedy,5,0.993,0.9929,,OFF,failed
1790642281.420872,1790642287.2575915,9,399,2,snr-greedy,5,0.9938,0.9937,,OFF,failed
1790642280.646118,1790642291.1244662,2,403,2,snr-greedy,5,0.9933,0.9933,,OFF,success
1790642283.1789582,1790642294.1850343,10,421,2,snr-greedy,5,0.9925,0.9925,,OFF,success
1790642283.7857003,1790642294.6819112,8,396,2,snr-greedy,5,0.9938,0.9942,,OFF,success
1790642285.3356218,1790642295.6179397,1,423,1,snr-greedy,5,0.9925,0.9914,,OFF,success
1790642287.2715912,1790642298.38327,6,421,2,snr-greedy,5,0.0,0.9264,,OFF,success
1790642288.177907,1790642298.920201,3,423,2,snr-greedy,5,0.9924,0.9938,,OFF,success
1790642287.7025914,1790642298.9204166,7,415,1,snr-greedy,5,0.1613,0.0,,OFF,success
1790642289.426897,1790642299.1095288,5,421,1,snr-greedy,5,0.9942,0.9925,,OFF,success
1790642290.6401763,1790642301.9767568,9,400,1,snr-greedy,5,0.8887,0.8804,,OFF,failed
1790642295.4309998,1790642303.7989244,4,418,2,snr-greedy,5,0.9915,0.9925,,OFF,failed
1790642294.3565476,1790642304.2347546,2,404,2,snr-greedy,5,0.9916,0.9915,,OFF,success
1790642297.9108677,1790642308.1229243,8,397,2,snr-greedy,5,0.9925,0.9939,,OFF,success
1790642297.410823,1790642308.5211473,10,422,2,snr-greedy,5,0.9899,0.9938,,OFF,success
1790642298.9362097,1790642309.0712109,1,424,1,snr-greedy,5,0.9901,0.9901,,OFF,success
1790642301.602777,1790642313.3698719,6,422,1,snr-greedy,5,0.9931,0.9307,,OFF,failed
1790642302.4358616,1790642313.8576355,5,422,1,snr-greedy,5,0.9865,0.9867,,OFF,success
1790642307.4386466,1790642314.6658962,7,416,1,snr-greedy,5,0.003,0.0,,OFF,failed
1790642305.2046616,1790642315.9905143,9,401,1,snr-greedy,5,0.9944,0.9933,,OFF,success
1790642306.9684472,1790642319.3896165,4,419,1,snr-greedy,5,0.0001,0.0,,OFF,failed
1790642312.4407103,1790642320.1803386,2,405,2,snr-greedy,5,0.99,0.9932,,OFF,failed
1790642312.294768,1790642322.3521547,1,425,1,snr-greedy,5,0.9915,0.9881,,OFF,success
1790642311.7829068,1790642322.5479681,10,423,1,snr-greedy,5,0.9933,0.9915,,OFF,success
1790642311.3475237,1790642322.848663,8,398,2,snr-greedy,5,0.9914,0.9925,,OFF,success
1790642316.686817,1790642327.0545933,6,423,1,snr-greedy,5,0.0545,0.0,,OFF,success
1790642317.9309378,1790642328.0745044,7,417,1,snr-greedy,5,0.994,0.9924,,OFF,success
1790642319.1979034,1790642328.7928236,9,402,1,snr-greedy,5,0.9938,0.9925,,OFF,success
1790642317.075965,1790642329.8197563,5,423,2,snr-greedy,5,0.8971,0.8887,,OFF,failed
1790642323.342937,1790642333.8120806,2,406,1,snr-greedy,5,0.9915,0.9901,,OFF,success
1790642322.6996043,1790642334.329052,4,420,2,snr-greedy,5,0.9913,0.9914,,OFF,success
1790642326.0825632,1790642336.5774302,8,399,2,snr-greedy,5,0.9936,0.989,,OFF,success
1790642331.4470425,1790642337.9294295,10,424,1,snr-greedy,5,0.0723,0.0,,OFF,failed
1790642331.4460022,1790642338.1692631,1,426,1,snr-greedy,5,0.9933,0.9933,,OFF,failed
1790642330.2831576,1790642339.6401653,6,424,2,snr-greedy,5,0.9915,0.9938,,OFF,success
1790642331.2901976,1790642341.9321651,7,418,2,snr-greedy,5,0.9933,0.9933,,OFF,success
1790642337.450377,1790642343.272078,3,426,1,snr-greedy,5,0.9941,0.8559,,OFF,failed
1790642333.0480125,1790642343.843482,5,424,1,snr-greedy,5,0.9925,0.9914,,OFF,success
1790642337.036501,1790642347.8471258,2,407,2,snr-greedy,5,0.0029,0.9913,,OFF,success
1790642342.4532356,1790642349.791135,4,421,1,snr-greedy,5,0.9925,0.99,,OFF,failed
1790642339.8132143,1790642349.806004,8,400,2,snr-greedy,5,0.9925,0.9942,,OFF,success
1790642341.3524992,1790642351.3471012,1,427,1,snr-greedy,5,0.9898,0.9895,,OFF,success
1790642341.1661525,1790642351.9584546,10,425,2,snr-greedy,5,0.991,0.9872,,OFF,success
1790642342.8145325,1790642352.1754158,6,425,2,snr-greedy,5,0.9925,0.9938,,OFF,success
1790642345.1458116,1790642355.2205424,7,419,1,snr-greedy,5,0.9938,0.9925,,OFF,success
1790642346.4977682,1790642356.6538732,3,427,1,snr-greedy,5,0.9942,0.9933,,OFF,success
1790642347.0673997,1790642356.7538834,5,425,2,snr-greedy,5,0.9932,0.9937,,OFF,success
1790642351.0653863,1790642361.3795822,2,408,2,snr-greedy,5,0.9925,0.9933,,OFF,success
1790642353.0254176,1790642362.497441,8,401,2,snr-greedy,5,0.9924,0.9943,,OFF,success
1790642354.5738084,1790642365.4588892,1,428,1,snr-greedy,5,0.9925,0.9915,,OFF,success
1790642358.4633784,1790642366.0800502,4,422,2,snr-greedy,5,0.9925,0.9931,,OFF,failed
1790642355.1488638,1790642366.3780403,10,426,2,snr-greedy,5,0.9901,0.9933,,OFF,success
1790642355.4097729,1790642366.8929617,6,426,2,snr-greedy,5,0.9923,0.9931,,OFF,success
1790642358.5481076,1790642369.4479473,7,420,1,snr-greedy,5,0.9944,0.9933,,OFF,success
1790642359.9702055,1790642370.7113204,5,426,1,snr-greedy,5,0.9892,0.9875,,OFF,success
1790642365.4741597,1790642371.3185685,3,428,2,snr-greedy,5,0.9933,0.9933,,OFF,failed
1790642362.559101,1790642374.581581,9,405,1,snr-greedy,5,0.9925,0.9915,,OFF,failed
1790642364.6670964,1790642375.01426,2,409,2,snr-greedy,5,0.9914,0.9915,,OFF,success
1790642365.7338812,1790642377.7465599,8,402,1,snr-greedy,5,0.9926,0.9916,,OFF,failed
1790642368.8253078,1790642378.259322,1,429,1,snr-greedy,5,0.9915,0.9901,,OFF,success
1790642369.3064399,1790642381.0274055,4,423,1,snr-greedy,5,0.9925,0.9925,,OFF,failed
1790642375.4824638,1790642381.8410378,6,427,2,snr-greedy,5,0.9901,0.9933,,OFF,failed
1790642374.477305,1790642382.349539,10,427,1,snr-greedy,5,0.9901,0.0002,,OFF,failed
1790642372.7780476,1790642383.4179063,7,421,2,snr-greedy,5,0.9923,0.9941,,OFF,success
1790642373.929865,1790642383.8889713,5,427,1,snr-greedy,5,0.9925,0.9925,,OFF,success
1790642374.5050256,1790642386.1766624,3,429,2,snr-greedy,5,0.9915,0.9938,,OFF,failed
1790642377.9130228,1790642388.3987381,9,406,2,snr-greedy,5,0.9914,0.9914,,OFF,success
1790642378.2402678,1790642388.9134402,2,410,2,snr-greedy,5,0.9915,0.9925,,OFF,success
1790642380.9800515,1790642390.3749547,8,403,2,snr-greedy,5,0.9933,0.9938,,OFF,success
1790642381.578784,1790642391.6991615,1,430,1,snr-greedy,5,0.9925,0.9915,,OFF,success
1790642384.3706436,1790642394.4542391,4,424,2,snr-greedy,5,0.9933,0.9941,,OFF,success
1790642390.507258,1790642396.5985627,10,428,2,snr-greedy,5,0.9914,0.8944,,OFF,failed
1790642386.6453102,1790642397.1177013,7,422,2,snr-greedy,5,0.9915,0.9925,,OFF,success
1790642390.5065677,1790642397.3027394,6,428,2,snr-greedy,5,0.9899,0.9938,,OFF,failed
1790642307.437794,,3,424,1,snr-greedy,5,0.9924,0.007,,OFF,unavailable
1790642389.4014726,1790642400.5890486,3,430,2,snr-greedy,5,0.9932,0.9942,,OFF,success
1790642391.6170404,1790642402.7491622,9,407,1,snr-greedy,5,0.0029,0.0,,OFF,success
1790642393.5940719,1790642403.5548587,8,404,2,snr-greedy,5,0.9855,0.9939,,OFF,success
1790642397.4984689,1790642404.5048077,2,411,1,snr-greedy,5,0.9914,0.9915,,OFF,failed
1790642395.0365167,1790642406.1168642,1,431,2,snr-greedy,5,0.9916,0.9925,,OFF,success
1790642397.6631827,1790642407.6543639,4,425,2,snr-greedy,5,0.9901,0.9938,,OFF,success
1790642405.5025465,1790642411.4697943,7,423,2,snr-greedy,5,0.0,0.9925,,OFF,failed
1790642403.921228,1790642413.4865415,3,431,1,snr-greedy,5,0.9924,0.9915,,OFF,success
1790642405.9812212,1790642416.253882,9,408,2,snr-greedy,5,0.9933,0.9938,,OFF,success
1790642407.7364492,1790642417.3071764,2,412,1,snr-greedy,5,0.9931,0.9925,,OFF,success
1790642406.7777324,1790642417.5849166,8,405,2,snr-greedy,5,0.0,0.9939,,OFF,success
1790642409.431918,1790642419.2284753,1,432,2,snr-greedy,5,0.9914,0.9913,,OFF,success
1790642410.8780885,1790642422.831846,4,426,2,snr-greedy,5,0.9914,0.9933,,ON,failed
1790642332.0293741,,9,403,1,snr-greedy,5,0.8689,0.8535,,OFF,unavailable
1790642414.7475603,1790642424.9742012,7,424,2,snr-greedy,5,0.0,0.0,,ON,success
1790642415.4702892,1790642425.5750356,5,430,2,snr-greedy,5,0.0,0.7537,,ON,success
1790642416.7040775,1790642427.1032927,3,432,2,snr-greedy,5,0.993,0.9938,,UNKNOWN,success
1790642419.4693296,1790642430.1943877,9,409,2,snr-greedy,5,0.9915,0.9925,,OFF,success
1790642420.520676,1790642430.9983313,2,413,2,snr-greedy,5,0.9916,0.9925,,OFF,success
1790642420.7896605,1790642431.519183,8,406,2,snr-greedy,5,0.9922,0.9944,,OFF,success
1790642422.4523616,1790642432.6623766,1,433,1,snr-greedy,5,0.9925,0.9915,,OFF,success
1790642426.038674,1790642436.0284197,4,427,2,snr-greedy,5,0.99,0.9933,,OFF,success
1790642428.2083797,1790642439.2957997,7,425,1,snr-greedy,5,0.9932,0.9915,,OFF,success
1790642430.3342438,1790642439.8261437,3,433,2,snr-greedy,5,0.9932,0.9944,,OFF,success
1790642428.8070462,1790642440.3326507,5,431,2,snr-greedy,5,0.9933,0.9933,,OFF,failed
1790642434.539576,1790642441.0471244,6,431,2,snr-greedy,5,0.0,0.9762,,OFF,failed
1790642433.417188,1790642443.4847794,9,410,2,snr-greedy,5,0.9914,0.9933,,OFF,success
1790642434.220033,1790642444.3027248,2,414,2,snr-greedy,5,0.0,0.9858,,OFF,success
1790642434.7679589,1790642445.062729,8,407,2,snr-greedy,5,0.9878,0.9933,,OFF,success
1790642435.8850355,1790642446.0531633,1,434,2,snr-greedy,5,0.99,0.9925,,OFF,success
1790642439.3264794,1790642448.9195843,4,428,2,snr-greedy,5,0.9925,0.9938,,OFF,success
1790642442.493515,1790642452.2968764,7,426,1,snr-greedy,5,0.0964,0.0004,,OFF,success
1790642443.023933,1790642453.9377966,3,434,1,snr-greedy,5,0.9942,0.9938,,OFF,success
1790642443.516183,1790642454.1401157,5,432,2,snr-greedy,5,0.9925,0.9933,,OFF,success
1790642446.846067,1790642456.6140943,9,411,2,snr-greedy,5,0.9933,0.9938,,OFF,success
1790642450.547219,1790642457.0342183,10,432,2,snr-greedy,5,0.9833,0.9883,,OFF,failed
1790642444.2741163,1790642457.7056127,6,432,1,snr-greedy,5,0.8561,0.8146,,OFF,failed
1790642447.640841,1790642458.4590597,2,415,2,snr-greedy,5,0.9912,0.9926,,OFF,success
1790642448.343495,1790642458.9725733,8,408,2,snr-greedy,5,0.9924,0.9942,,OFF,success
1790642449.283477,1790642459.7709484,1,435,1,snr-greedy,5,0.9932,0.9914,,OFF,success
1790642452.1427846,1790642461.5195162,4,429,2,snr-greedy,5,0.9915,0.9926,,OFF,success
1790642455.6264088,1790642465.6054456,7,427,2,snr-greedy,5,0.9932,0.9932,,OFF,success
1790642457.3644617,1790642470.032786,5,433,2,snr-greedy,5,0.9817,0.9881,,OFF,failed
1790642462.5570724,1790642470.5404298,3,435,2,snr-greedy,5,0.9925,0.9937,,OFF,failed
1790642459.8286688,1790642470.7283947,9,412,2,snr-greedy,5,0.9941,0.9941,,OFF,success
1790642460.2429256,1790642471.6709337,10,433,2,snr-greedy,5,0.9915,0.9933,,OFF,success
1790642462.1822505,1790642471.7797945,8,409,2,snr-greedy,5,0.9662,0.9938,,OFF,success
1790642461.6827862,1790642471.9596741,2,416,2,snr-greedy,5,0.9925,0.9932,,OFF,success
1790642461.0220509,1790642472.2918582,6,433,2,snr-greedy,5,0.9925,0.9942,,OFF,success
1790642462.9843702,1790642472.8756683,1,436,1,snr-greedy,5,0.9933,0.9913,,OFF,success
1790642464.7532103,1790642474.6170838,4,430,2,snr-greedy,5,0.9914,0.9914,,UNKNOWN,success
1790642387.1154423,,5,428,1,snr-greedy,5,0.9938,0.9916,,OFF,unavailable
1790642468.8376484,1790642481.4841642,7,428,1,snr-greedy,5,0.9938,0.9901,,OFF,failed
1790642473.2347994,1790642483.0053878,5,434,2,snr-greedy,5,0.9932,0.9941,,OFF,success
1790642475.099614,1790642484.4752536,8,410,2,snr-greedy,5,0.9884,0.8535,,OFF,success
1790642473.957084,1790642484.6758556,9,413,1,snr-greedy,5,0.9891,0.9877,,OFF,success
1790642475.2822783,1790642485.7831829,2,417,2,snr-greedy,5,0.9877,0.9933,,OFF,success
1790642479.5654762,1790642485.9032445,3,436,2,snr-greedy,5,0.9942,0.9942,,OFF,failed
1790642476.1061804,1790642486.8347664,1,437,1,snr-greedy,5,0.9925,0.9914,,OFF,success
1790642480.570443,1790642487.5439892,10,434,1,snr-greedy,5,0.9915,0.0,,OFF,failed
1790642477.8481944,1790642487.6457288,4,431,2,snr-greedy,5,0.99,0.9933,,OFF,success
1790642529.6525075,1790642539.0242665,7,432,1,round-robin,5,0.9914,0.9938,,OFF,success
1790642530.6803458,1790642540.7048688,5,438,1,round-robin,5,0.9932,0.9925,,OFF,success
1790642532.7078857,1790642542.0955827,3,440,1,round-robin,5,0.0,0.0,,OFF,success
1790642533.1281211,1790642543.035109,9,417,1,round-robin,5,0.9932,0.9925,,OFF,success
1790642535.3006203,1790642547.430527,1,441,1,round-robin,5,0.9933,0.0,,OFF,failed
1790642538.3653154,1790642548.157976,10,438,1,round-robin,5,0.9933,0.9933,,OFF,success
1790642541.0934572,1790642548.9612782,2,421,1,round-robin,5,0.0,0.9803,,OFF,failed
1790642541.0931845,1790642549.3715978,8,414,1,round-robin,5,0.9845,0.9904,,OFF,failed
1790642537.84599,1790642551.0147016,6,438,1,round-robin,5,0.0,0.0054,,OFF,failed
1790642542.242214,1790642552.0408888,7,433,2,round-robin,5,0.9933,0.9914,,OFF,success
1790642543.9171212,1790642554.8972642,5,439,2,round-robin,5,0.9925,0.9916,,OFF,success
1790642545.20843,1790642556.153872,3,441,2,round-robin,5,0.9925,0.9932,,OFF,success
1790642546.259572,1790642556.6554375,9,418,2,round-robin,5,0.9937,0.9941,,OFF,success
1790642551.389484,1790642561.0647252,10,439,2,round-robin,5,0.9925,0.9933,,OFF,success
1790642550.6444764,1790642561.7703896,1,442,2,round-robin,5,0.9933,0.988,,OFF,success
1790642552.6094418,1790642563.2216609,8,415,2,round-robin,5,0.9913,0.9943,,OFF,success
1790642557.099639,1790642564.5693035,2,422,2,round-robin,5,0.9653,0.9915,,OFF,failed
1790642553.855023,1790642565.145126,4,436,1,round-robin,5,0.0,0.0001,,OFF,success
1790642555.2587123,1790642565.7644055,7,434,1,round-robin,5,0.9932,0.9938,,OFF,success
1790642560.1006832,1790642566.7774937,6,439,2,round-robin,5,0.9875,0.9897,,OFF,failed
1790642558.134348,1790642568.3478136,5,440,1,round-robin,5,0.9944,0.9932,,OFF,success
1790642559.491259,1790642568.9493384,3,442,1,round-robin,5,0.3658,0.7953,,OFF,success
1790642560.0869486,1790642572.1436107,9,419,1,round-robin,5,0.9933,0.9942,,OFF,failed
1790642564.978503,1790642575.3076193,1,443,1,round-robin,5,0.9938,0.9925,,OFF,success
1790642564.2403078,1790642576.3293455,10,440,1,round-robin,5,0.9925,0.9938,,OFF,failed
1790642567.8940825,1790642577.4256601,2,423,1,round-robin,5,0.9941,0.9925,,ON,success
1790642566.4624417,1790642578.4730005,8,416,1,round-robin,5,0.9925,0.9938,,OFF,failed
1790642574.1057045,1790642579.6913261,4,437,2,round-robin,5,0.9853,0.9819,,OFF,failed
1790642568.9924898,1790642580.2241716,7,435,2,round-robin,5,0.9916,0.9915,,ON,success
1790642570.0149453,1790642580.6254988,6,440,1,round-robin,5,0.9924,0.9901,,OFF,success
1790642572.1694798,1790642582.4389532,3,443,2,round-robin,5,0.9925,0.9938,,OFF,success
1790642571.540128,1790642583.7669249,5,441,2,round-robin,5,0.9925,0.9925,,OFF,failed
1790642575.666736,1790642585.120187,9,420,2,round-robin,5,0.9916,0.9942,,OFF,success
1790642578.5264084,1790642589.8214688,1,444,2,round-robin,5,0.9914,0.9924,,OFF,success
1790642579.5496464,1790642589.8292077,10,441,2,round-robin,5,0.9937,0.9941,,OFF,success
1790642580.6470044,1790642591.1562486,2,424,2,round-robin,5,0.9925,0.9932,,OFF,success
1790642581.6876028,1790642591.6938012,8,417,2,round-robin,5,0.9901,0.9915,,OFF,success
1790642583.0114386,1790642593.0364513,4,438,1,round-robin,5,0.0002,0.0002,,OFF,success
1790642589.111329,1790642595.9773362,7,436,1,round-robin,5,0.9932,0.9932,,OFF,failed
1790642583.8076954,1790642596.4859445,6,441,2,round-robin,5,0.9943,0.9943,,OFF,failed
1790642585.6963325,1790642596.6841164,3,444,1,round-robin,5,0.9925,0.9925,,OFF,success
1790642586.9442227,1790642597.0923557,5,442,1,round-robin,5,0.9925,0.9941,,OFF,success
1790642588.3281996,1790642600.1623724,9,421,1,round-robin,5,0.9938,0.9933,,OFF,failed
1790642593.0485744,1790642604.1750195,10,442,1,round-robin,5,0.9915,0.9941,,OFF,success
1790642594.3755374,1790642604.6717513,2,425,1,round-robin,5,0.0005,0.9847,,OFF,success
1790642594.929487,1790642605.491415,8,418,1,round-robin,5,0.9925,0.9942,,OFF,success
1790642596.2396066,1790642605.6254835,4,439,2,round-robin,5,0.9932,0.9923,,OFF,success
1790642593.0479708,1790642606.3097358,1,445,1,round-robin,5,0.9914,0.9933,,OFF,failed
1790642599.1893167,1790642609.0805173,7,437,2,round-robin,5,0.0001,0.854,,OFF,success
1790642600.308453,1790642610.6284266,5,443,2,round-robin,5,0.9915,0.9933,,OFF,success
1790642605.1294909,1790642611.5433054,6,442,1,round-robin,5,0.9916,0.9933,,OFF,failed
1790642605.1303568,1790642612.0396342,3,445,2,round-robin,5,0.0671,0.0,,OFF,failed
1790642603.3872757,1790642614.3013015,9,422,2,round-robin,5,0.9932,0.994,,OFF,success
1790642607.3587797,1790642618.40058,10,443,2,round-robin,5,0.0016,0.0,,OFF,success
1790642607.8876398,1790642618.712489,2,426,2,round-robin,5,0.9922,0.9938,,OFF,success
1790642609.5333571,1790642619.2450187,1,446,2,round-robin,5,0.9925,0.9899,,OFF,success
1790642614.1344333,1790642620.544157,8,419,2,round-robin,5,0.9915,0.9926,,OFF,failed
1790642608.8132956,1790642621.0575452,4,440,1,round-robin,5,0.9933,0.8333,,OFF,failed
1790642612.306333,1790642623.2113843,7,438,1,round-robin,5,0.9901,0.9926,,OFF,success
1790642613.821081,1790642624.431665,5,444,1,round-robin,5,0.9942,0.9925,,OFF,success
1790642614.7589803,1790642625.6652455,6,443,2,round-robin,5,0.0,0.0001,,OFF,success
1790642620.1372707,1790642628.3502092,3,446,1,round-robin,5,0.8752,0.8887,,ON,failed
1790642617.5303726,1790642629.346865,9,423,1,round-robin,5,0.9933,0.9939,,ON,failed
1790642621.6131399,1790642631.407396,10,444,1,round-robin,5,0.0,0.9669,,ON,success
1790642621.9212155,1790642632.0124953,2,427,1,round-robin,5,0.9922,0.9795,,ON,success
1790642622.5204282,1790642632.6343122,1,447,1,round-robin,5,0.0,0.9679,,ON,success
1790642623.7517467,1790642633.9681706,8,420,1,round-robin,5,0.9915,0.0,,ON,success
1790642629.1415496,1790642635.8295121,4,441,2,round-robin,5,0.0,0.8912,,OFF,failed
1790642626.4473014,1790642636.74008,7,439,2,round-robin,5,0.9914,0.9914,,OFF,success
1790642627.6573005,1790642637.5528233,5,445,2,round-robin,5,0.9926,0.9925,,OFF,success
1790642628.8835993,1790642639.411484,6,444,1,round-robin,5,0.9933,0.9915,,OFF,success
1790642631.5704591,1790642641.6525586,3,447,2,round-robin,5,0.9933,0.9938,,OFF,success
1790642632.6979241,1790642641.9378283,9,424,2,round-robin,5,0.9925,0.9933,,OFF,success
1790642634.6245656,1790642644.5032232,10,445,2,round-robin,5,0.9943,0.9932,,OFF,success
1790642635.854317,1790642646.1600363,1,448,2,round-robin,5,0.9925,0.9925,,OFF,success
1790642635.2435641,1790642646.5541255,2,428,2,round-robin,5,0.9925,0.9925,,OFF,success
1790642637.1845005,1790642647.1665833,8,421,2,round-robin,5,0.9932,0.9942,,OFF,success
1790642639.053849,1790642648.8094754,4,442,1,round-robin,5,0.9897,0.9901,,OFF,success
1790642639.9525332,1790642650.8568656,7,440,1,round-robin,5,0.9937,0.9943,,OFF,success
1790642640.7734442,1790642651.4694688,5,446,1,round-robin,5,0.9901,0.9933,,OFF,success
1790642642.624702,1790642653.6091843,6,445,2,round-robin,5,0.9932,0.9942,,OFF,success
1790642644.8608124,1790642656.17681,3,448,1,round-robin,5,0.9915,0.9933,,OFF,success
1790642645.1590338,1790642656.302943,9,425,1,round-robin,5,0.9912,0.9922,,OFF,success
1790642647.7293582,1790642657.853966,10,446,1,round-robin,5,0.9933,0.9938,,OFF,success
1790642649.3065424,1790642659.9579806,1,449,1,round-robin,5,0.9541,0.5758,,OFF,success
1790642650.391836,1790642660.7883084,8,422,1,round-robin,5,0.9854,0.9938,,OFF,success
1790642652.030483,1790642661.38576,4,443,2,round-robin,5,0.9914,0.9915,,OFF,success
1790642655.1506429,1790642662.668369,2,429,1,round-robin,5,0.9933,0.9915,,OFF,failed
1790642654.6886883,1790642664.6860018,5,447,2,round-robin,5,0.9925,0.9937,,OFF,success
1790642654.0758123,1790642665.2186458,7,441,2,round-robin,5,0.9931,0.9937,,OFF,success
1790642656.7725463,1790642667.5481062,6,446,1,round-robin,5,0.9933,0.9938,,OFF,success
1790642661.0521839,1790642670.7197943,10,447,2,round-robin,5,0.9915,0.9933,,OFF,success
1790642665.1543734,1790642671.14472,3,449,2,round-robin,5,0.0,0.0,,OFF,failed
1790642663.192428,1790642674.646426,1,450,2,round-robin,5,0.9925,0.9913,,OFF,success
1790642664.0088642,1790642674.718258,8,423,2,round-robin,5,0.9435,0.0001,,OFF,success
1790642664.6015415,1790642675.1263905,4,444,1,round-robin,5,0.9901,0.9901,,OFF,success
1790642665.8900692,1790642676.6694026,2,430,2,round-robin,5,0.9929,0.9937,,OFF,success
1790642668.020412,1790642678.0008535,5,448,1,round-robin,5,0.0002,0.0008,,OFF,success
1790642674.1595628,1790642680.468692,7,442,1,round-robin,5,0.9933,0.9926,,OFF,failed
1790642670.7864268,1790642682.6864574,6,447,2,round-robin,5,0.9916,0.9938,,OFF,failed
1790642673.9363794,1790642684.7867146,10,448,1,round-robin,5,0.0001,0.9933,,UNKNOWN,success
1790642674.3643286,1790642687.534591,3,450,1,round-robin,5,0.9939,0.9924,,OFF,failed
1790642678.350968,1790642689.2766635,4,445,2,round-robin,5,0.9914,0.9915,,OFF,success
1790642679.8897138,1790642689.3577042,2,431,1,round-robin,5,0.9938,0.9925,,OFF,success
1790642683.1641774,1790642690.3888023,8,424,1,round-robin,5,0.1846,0.0016,,OFF,failed
1790642683.1633742,1790642690.683156,1,451,1,round-robin,5,0.9925,0.9932,,OFF,failed
1790642681.2067444,1790642692.1190698,5,449,2,round-robin,5,0.9925,0.9933,,OFF,success
1790642683.6798913,1790642693.641832,7,443,2,round-robin,5,0.9915,0.9926,,OFF,success
1790642685.8563437,1790642696.4389682,6,448,1,round-robin,5,0.9932,0.9937,,OFF,success
1790642687.865778,1790642698.9073303,10,449,2,round-robin,5,0.9939,0.9938,,OFF,success
1790642689.4990563,1790642700.7405455,9,428,1,round-robin,5,0.9915,0.9933,,OFF,success
1790642690.7428045,1790642701.2292109,3,451,2,round-robin,5,0.9925,0.9942,,OFF,success
1790642692.605234,1790642702.6635108,2,432,2,round-robin,5,0.9938,0.9932,,OFF,success
1790642693.9158986,1790642703.4039376,1,452,2,round-robin,5,0.9913,0.979,,OFF,success
1790642693.6085956,1790642704.4428127,8,425,2,round-robin,5,0.9921,0.9935,,OFF,success
1790642692.4758825,1790642705.5389671,4,446,1,round-robin,5,0.9877,0.9915,,OFF,failed
1790642695.3395808,1790642706.6499515,5,450,1,round-robin,5,0.9925,0.9933,,OFF,success
1790642696.9763587,1790642707.0830045,7,444,1,round-robin,5,0.9901,0.9933,,OFF,success
1790642699.668605,1790642710.861843,6,449,2,round-robin,5,0.9926,0.9942,,OFF,success
1790642702.11158,1790642712.4344997,10,450,1,round-robin,5,0.9924,0.9938,,OFF,success
1790642710.176606,1790642715.9789515,3,452,1,round-robin,5,0.8535,0.8887,,OFF,failed
1790642709.174326,1790642716.1126952,9,429,2,round-robin,5,0.9914,0.9933,,OFF,failed
1790642706.6260064,1790642716.7207096,1,453,1,round-robin,5,0.9914,0.9925,,OFF,success
1790642705.8785918,1790642716.816912,2,433,1,round-robin,5,0.9925,0.9937,,OFF,success
1790642707.6659033,1790642718.0585835,8,426,1,round-robin,5,0.9941,0.9944,,OFF,success
1790642708.7545657,1790642718.8493934,4,447,2,round-robin,5,0.9938,0.9913,,OFF,success
1790642709.9813442,1790642719.4857697,5,451,2,round-robin,5,0.9926,0.9916,,OFF,success
1790642710.3053641,1790642720.6788332,7,445,2,round-robin,5,0.9902,0.9901,,OFF,success
1790642714.0867317,1790642724.2870803,6,450,1,round-robin,5,0.9925,0.9933,,OFF,success
1790642715.662076,1790642726.5627134,10,451,2,round-robin,5,0.9942,0.9941,,OFF,success
1790642720.0173557,1790642729.4942377,2,434,2,round-robin,5,0.9942,0.9938,,ON,success
1790642724.1947267,1790642731.1339166,3,453,2,round-robin,5,0.9922,0.9928,,OFF,failed
1790642721.2892807,1790642731.6656954,8,427,2,round-robin,5,0.5625,0.9938,,ON,success
1790642722.076398,1790642731.8444457,4,448,1,round-robin,5,0.9901,0.9883,,ON,success
1790642722.7155604,1790642732.5689068,5,452,1,round-robin,5,0.9932,0.9916,,ON,success
1790642725.1967535,1790642733.0182955,1,454,2,round-robin,5,0.9914,0.9856,,OFF,failed
1790642723.8503437,1790642734.412853,7,446,1,round-robin,5,0.9925,0.9931,,OFF,success
1790642727.6221988,1790642737.9227734,6,451,2,round-robin,5,0.9938,0.9926,,OFF,success
1790642729.7847638,1790642739.2270815,10,452,1,round-robin,5,0.9925,0.9944,,OFF,success
1790642732.7211232,1790642744.4695013,2,435,1,round-robin,5,0.9916,0.9926,,OFF,failed
1790642735.0985045,1790642745.371549,4,449,2,round-robin,5,0.9913,0.955,,OFF,success
1790642735.7975428,1790642745.910431,5,453,2,round-robin,5,0.9938,0.9925,,OFF,success
1790642734.363339,1790642746.3896143,3,454,1,round-robin,5,0.9933,0.9943,,OFF,failed
1790642740.2053616,1790642747.4155073,8,428,1,round-robin,5,0.9645,0.9938,,OFF,failed
1790642737.7508476,1790642747.9363973,7,447,2,round-robin,5,0.9915,0.9925,,OFF,success
1790642741.2062864,1790642748.9526892,1,455,1,round-robin,5,0.9925,0.9856,,OFF,failed
1790642659.505367,,9,426,2,round-robin,5,0.0004,0.0004,,OFF,unavailable
1790642741.2422373,1790642752.7574751,6,452,1,round-robin,5,0.9926,0.9933,,OFF,success
1790642742.440119,1790642753.6943648,10,453,2,round-robin,5,0.9932,0.9943,,OFF,success
1790642747.691469,1790642758.3927772,2,436,2,round-robin,5,0.9932,0.9933,,OFF,success
1790642749.0901349,1790642760.4474294,5,454,1,round-robin,5,0.9915,0.9925,,OFF,failed
1790642750.6415553,1790642760.5109494,8,429,2,round-robin,5,0.3836,0.8535,,OFF,success
1790642801.0041873,1790642810.7307706,6,456,2,state-aware,5,0.9924,0.9933,,OFF,success
1790642801.3418567,1790642812.468379,10,457,2,state-aware,5,0.9848,0.9902,,OFF,success
1790642806.5761118,1790642817.551846,2,440,2,state-aware,5,0.9914,0.9914,,OFF,success
1790642809.3115036,1790642819.7263978,8,433,2,state-aware,5,0.9841,0.989,,OFF,success
1790642811.1984432,1790642820.5674002,5,458,2,state-aware,5,0.9937,0.9938,,OFF,success
1790642814.7450042,1790642821.038956,3,459,2,state-aware,5,0.9878,0.9899,,OFF,failed
1790642811.6803274,1790642821.7621224,1,460,1,state-aware,5,0.7226,0.0,,OFF,success
1790642812.3074594,1790642822.9980907,4,454,2,state-aware,5,0.9899,0.9925,,OFF,success
1790642817.7469845,1790642823.2941492,9,436,2,state-aware,5,0.9899,0.9908,,OFF,failed
1790642813.336948,1790642823.8178017,7,452,1,state-aware,5,0.0,0.0,,OFF,success
1790642813.9566486,1790642824.322899,6,457,1,state-aware,5,0.9932,0.9933,,OFF,success
1790642815.793769,1790642825.3664916,10,458,1,state-aware,5,0.9932,0.9938,,OFF,success
1790642822.9413886,1790642832.8517103,8,434,2,state-aware,5,0.8535,0.9178,,ON,success
1790642820.7285929,1790642833.2273717,2,441,1,state-aware,5,0.9925,0.99,,ON,failed
1790642823.7744699,1790642833.7518268,5,459,2,state-aware,5,0.0,0.0,,ON,success
1790642824.9756806,1790642835.3186498,1,461,2,state-aware,5,0.0,0.9858,,ON,success
1790642829.7498047,1790642836.4083102,3,460,1,state-aware,5,0.9878,0.9933,,OFF,failed
1790642827.5470946,1790642837.8697531,6,458,2,state-aware,5,0.9925,0.9938,,OFF,success
1790642831.7517846,1790642838.3701508,4,455,1,state-aware,5,0.9925,0.9914,,OFF,failed
1790642832.753466,1790642838.8781235,7,453,2,state-aware,5,0.9853,0.9842,,OFF,failed
1790642828.59193,1790642839.5096452,10,459,1,state-aware,5,0.9938,0.9925,,OFF,success
1790642836.454401,1790642847.7060018,2,442,2,state-aware,5,0.0,0.9912,,OFF,success
1790642836.1795065,1790642848.2219832,8,435,1,state-aware,5,0.9901,0.9933,,OFF,failed
1790642839.6370704,1790642848.8966362,3,461,1,state-aware,5,0.9926,0.9926,,OFF,success
1790642841.7580774,1790642849.5279906,5,460,1,state-aware,5,0.8804,0.8689,,OFF,failed
1790642838.562092,1790642851.910827,1,462,1,state-aware,5,0.9925,0.9924,,OFF,failed
1790642841.104847,1790642852.3815985,6,459,1,state-aware,5,0.6235,0.5473,,OFF,success
1790642842.1945248,1790642852.5810857,7,454,1,state-aware,5,0.9926,0.9913,,OFF,success
1790642842.7214797,1790642853.8164573,10,460,2,state-aware,5,0.9933,0.9944,,OFF,success
1790642841.563856,1790642854.7755947,4,456,2,state-aware,5,0.9898,0.9912,,OFF,failed
1790642850.9284825,1790642860.265368,2,443,2,state-aware,5,0.9915,0.9915,,OFF,success
1790642851.4979649,1790642861.5211911,8,436,2,state-aware,5,0.9931,0.9942,,OFF,success
1790642852.1248631,1790642862.412665,3,462,2,state-aware,5,0.9933,0.9916,,OFF,success
1790642852.7335715,1790642863.1307676,5,461,2,state-aware,5,0.9932,0.9932,,OFF,success
1790642855.0851197,1790642865.0860643,1,463,1,state-aware,5,0.0,0.0,,OFF,success
1790642856.1101923,1790642865.897384,9,439,1,state-aware,5,0.985,0.9886,,OFF,success
1790642855.808327,1790642866.7544234,7,455,2,state-aware,5,0.8008,0.9915,,OFF,success
1790642857.0432558,1790642867.1461108,10,461,2,state-aware,5,0.9925,0.9926,,OFF,success
1790642860.7632048,1790642867.6354108,6,460,1,state-aware,5,0.9747,0.9693,,OFF,failed
1790642857.9936953,1790642867.841603,4,457,1,state-aware,5,0.9914,0.9924,,OFF,success
1790642863.4705384,1790642874.63441,2,444,2,state-aware,5,0.9937,0.9941,,OFF,success
1790642864.7395706,1790642875.3212624,8,437,2,state-aware,5,0.9561,0.9939,,OFF,success
1790642865.6332247,1790642875.932589,3,463,2,state-aware,5,0.9925,0.9942,,OFF,success
1790642866.3436904,1790642876.1480231,5,462,2,state-aware,5,0.9933,0.9902,,OFF,success
1790642869.1240385,1790642878.6901147,9,440,1,state-aware,5,0.9901,0.9916,,OFF,success
1790642868.3126042,1790642879.5419977,1,464,2,state-aware,5,0.9938,0.9938,,OFF,success
1790642869.9845772,1790642880.9516408,7,456,2,state-aware,5,0.004,0.9938,,OFF,success
1790642875.7759018,1790642881.8674462,10,462,1,state-aware,5,0.9925,0.3649,,OFF,failed
1790642871.0581641,1790642882.1764734,4,458,1,state-aware,5,0.9914,0.9915,,OFF,success
1790642875.7768948,1790642882.399021,6,461,2,state-aware,5,0.9905,0.9922,,OFF,failed
1790642877.8364453,1790642888.119784,2,445,2,state-aware,5,0.9898,0.9925,,OFF,success
1790642878.5462818,1790642889.5718877,8,438,2,state-aware,5,0.9852,0.9944,,OFF,success
1790642879.3590927,1790642889.9961312,5,463,2,state-aware,5,0.9924,0.9829,,OFF,success
1790642881.9635172,1790642891.8145068,9,441,1,state-aware,5,0.9925,0.9926,,OFF,success
1790642882.8557138,1790642892.3318763,1,465,2,state-aware,5,0.9932,0.9937,,OFF,success
1790642884.7801735,1790642892.625047,3,464,1,state-aware,5,0.9915,0.0,,OFF,failed
1790642884.1624992,1790642894.86571,7,457,1,state-aware,5,0.9937,0.9925,,OFF,success
1790642885.0823743,1790642897.643137,10,463,2,state-aware,5,0.9925,0.8804,,OFF,failed
1790642885.6338975,1790642898.1494524,6,462,1,state-aware,5,0.9938,0.9938,,OFF,failed
1790642890.782571,1790642898.242857,4,459,1,state-aware,5,0.9855,0.9915,,OFF,failed
1790642892.7983043,1790642902.6672168,8,439,2,state-aware,5,0.9933,0.9933,,OFF,success
1790642893.2185595,1790642904.404227,5,464,2,state-aware,5,0.9915,0.9939,,OFF,success
1790642891.3459427,1790642904.8378947,2,446,2,state-aware,5,0.9925,0.9938,,OFF,failed
1790642895.0267518,1790642905.6283238,9,442,1,state-aware,5,0.0,0.0,,OFF,success
1790642895.8438292,1790642905.6641738,3,465,2,state-aware,5,0.9926,0.9915,,OFF,success
1790642900.8016868,1790642908.296221,1,466,2,state-aware,5,0.9915,0.9925,,OFF,failed
1790642898.0854053,1790642909.0481722,7,458,1,state-aware,5,0.9914,0.9925,,OFF,success
1790642900.8640218,1790642910.2815158,10,464,1,state-aware,5,0.9926,0.0,,OFF,success
1790642901.4860172,1790642911.493124,6,463,2,state-aware,5,0.9914,0.9894,,OFF,success
1790642906.8041952,1790642912.7941494,4,460,2,state-aware,5,0.0,0.9915,,OFF,failed
1790642905.8787365,1790642916.9975004,8,440,2,state-aware,5,0.9925,0.9933,,OFF,success
1790642907.6307714,1790642917.547991,5,465,2,state-aware,5,0.9937,0.9938,,OFF,success
1790642908.0634425,1790642919.8573177,2,447,1,state-aware,5,0.9882,0.9901,,OFF,failed
1790642826.506205,,9,437,2,state-aware,5,0.0,0.134,,UNKNOWN,unavailable
1790642913.8074481,1790642920.9255905,9,443,1,state-aware,5,0.8535,0.8943,,OFF,failed
1790642913.8088844,1790642921.4963222,3,466,2,state-aware,5,0.0,0.0,,OFF,failed
1790642912.272738,1790642922.0181944,7,459,1,state-aware,5,0.9901,0.9933,,OFF,success
1790642911.623817,1790642922.4173725,1,467,1,state-aware,5,0.9914,0.9899,,OFF,success
1790642913.5003977,1790642923.141884,10,465,1,state-aware,5,0.9916,0.9938,,OFF,success
1790642914.7141893,1790642924.6628232,6,464,2,state-aware,5,0.9932,0.9943,,OFF,success
1790642916.0197706,1790642926.7198899,4,461,1,state-aware,5,0.9923,0.9912,,OFF,success
1790642920.2136405,1790642929.833954,8,441,2,state-aware,5,0.9605,0.9883,,OFF,success
1790642920.8221624,1790642931.6405118,5,466,2,state-aware,5,0.9901,0.9915,,OFF,success
1790642923.0776558,1790642933.6755772,2,448,2,state-aware,5,0.9916,0.9925,,ON,success
1790642924.2436945,1790642934.0950634,9,444,2,state-aware,5,0.9931,0.9938,,ON,success
1790642924.7105439,1790642935.0068734,3,467,2,state-aware,5,0.0,0.0055,,ON,success
1790642925.6297154,1790642935.5298133,1,468,2,state-aware,5,0.0,0.7173,,ON,success
1790642925.2389672,1790642936.5781717,7,460,1,state-aware,5,0.9901,0.0,,ON,success
1790642926.45028,1790642937.0754175,10,466,1,state-aware,5,0.0,0.0616,,ON,success
1790642927.8890414,1790642939.04312,6,465,2,state-aware,5,0.0002,0.9565,,UNKNOWN,success
1790642929.9562883,1790642940.8798316,4,462,1,state-aware,5,0.99,0.9914,,OFF,success
1790642933.0490673,1790642943.512892,8,442,2,state-aware,5,0.99,0.9944,,OFF,success
1790642934.8640797,1790642944.6488292,5,467,2,state-aware,5,0.9925,0.9938,,OFF,success
1790642937.3178923,1790642947.8284962,9,445,2,state-aware,5,0.99,0.9933,,OFF,success
1790642936.9332385,1790642948.1345804,2,449,2,state-aware,5,0.0,0.9879,,OFF,success
1790642943.8328755,1790642950.2005696,1,469,1,state-aware,5,0.985,0.9906,,OFF,failed
1790642939.807584,1790642950.9093976,7,461,1,state-aware,5,0.9915,0.9915,,OFF,success
1790642940.4063694,1790642951.6016314,10,467,1,state-aware,5,0.9924,0.9932,,OFF,success
1790642942.2728267,1790642953.042402,6,466,2,state-aware,5,0.9901,0.9915,,OFF,success
1790642944.0963264,1790642953.6567874,4,463,1,state-aware,5,0.9932,0.9926,,OFF,success
1790642946.7541058,1790642957.659832,8,443,2,state-aware,5,0.99,0.9939,,OFF,success
1790642947.8628943,1790642957.7523007,5,468,2,state-aware,5,0.9915,0.9933,,OFF,success
1790642951.0504293,1790642961.4324844,9,446,1,state-aware,5,0.0032,0.0,,OFF,success
1790642951.4695287,1790642961.6302888,2,450,2,state-aware,5,0.9915,0.9933,,OFF,success
1790642953.4238396,1790642963.4107254,1,470,2,state-aware,5,0.9925,0.9924,,OFF,success
1790642954.9329193,1790642964.4037514,10,468,1,state-aware,5,0.9933,0.9925,,OFF,success
1790642954.1337533,1790642965.537426,7,462,1,state-aware,5,0.9933,0.99,,OFF,success
1790642956.2703867,1790642968.4334967,6,467,2,state-aware,5,0.9925,0.9933,,OFF,failed
1790642956.9848113,1790642969.220018,4,464,1,state-aware,5,0.9914,0.9942,,OFF,failed
1790642965.8461673,1790642972.794719,8,444,2,state-aware,5,0.9914,0.9933,,OFF,failed
1790642960.9758933,1790642973.01196,5,469,2,state-aware,5,0.9933,0.9941,,OFF,failed
1790642964.8389053,1790642974.3318589,2,451,2,state-aware,5,0.9915,0.9942,,OFF,success
1790642966.0879445,1790642975.9963124,3,470,2,state-aware,5,0.0,0.0,,OFF,success
1790642966.622826,1790642976.183086,1,471,2,state-aware,5,0.9938,0.9914,,OFF,success
1790642969.8493137,1790642976.5941606,9,447,2,state-aware,5,0.9843,0.9898,,OFF,failed
1790642967.633279,1790642977.3472373,10,469,1,state-aware,5,0.9901,0.9915,,OFF,success
1790642968.7534652,1790642980.0063274,7,463,1,state-aware,5,0.9925,0.9938,,OFF,success
1790642971.6626577,1790642982.642245,6,468,2,state-aware,5,0.9942,0.9942,,OFF,success
1790642972.4322133,1790642983.3484268,4,465,2,state-aware,5,0.9924,0.9942,,OFF,success
1790642975.963847,1790642987.5930738,8,445,1,state-aware,5,0.9882,0.9942,,ON,failed
1790642977.4918973,1790642988.0595477,2,452,2,state-aware,5,0.0,0.9915,,ON,success
1790642976.249723,1790642988.5765214,5,470,1,state-aware,5,0.9932,0.994,,ON,failed
1790642979.809512,1790642989.9180832,9,448,2,state-aware,5,0.0,0.9901,,ON,success
1790642979.404521,1790642990.4142566,1,472,2,state-aware,5,0.0,0.8542,,ON,success
1790642984.8578398,1790642990.9574418,3,471,2,state-aware,5,0.0,0.9841,,OFF,failed
1790642983.39128,1790642994.110572,7,464,1,state-aware,5,0.9926,0.9915,,OFF,success
1790642985.8457968,1790642995.4603992,6,469,2,state-aware,5,0.9915,0.9938,,OFF,success
1790642986.5661085,1790642997.4812043,4,466,2,state-aware,5,0.9879,0.9901,,OFF,success
1790642990.869445,1790643001.1640627,8,446,2,state-aware,5,0.9841,0.9925,,OFF,success
1790642991.8046813,1790643001.688644,5,471,2,state-aware,5,0.9915,0.9933,,OFF,success
1790642991.287594,1790643002.1916406,2,453,2,state-aware,5,0.9906,0.9898,,OFF,success
1790642993.1467357,1790643003.7309883,9,449,1,state-aware,5,0.0016,0.0,,OFF,success
1790642993.6417186,1790643005.2546718,1,473,2,state-aware,5,0.9942,0.9925,,OFF,failed
1790642994.2869766,1790643005.6790252,3,472,1,state-aware,5,0.9899,0.9925,,OFF,failed
1790642997.3272347,1790643007.524954,7,465,1,state-aware,5,0.9914,0.9933,,OFF,success
1790642998.6500688,1790643010.0020573,6,470,2,state-aware,5,0.9942,0.9942,,OFF,success
1790643000.712127,1790643010.9143357,4,467,2,state-aware,5,0.9924,0.9924,,OFF,success
1790643004.382133,1790643014.1740274,8,447,2,state-aware,5,0.9924,0.9925,,OFF,success
1790643004.9068599,1790643014.687646,5,472,2,state-aware,5,0.9916,0.9915,,OFF,success
1790643006.938524,1790643017.958916,9,450,1,state-aware,5,0.9925,0.9942,,OFF,success
1790643008.5139582,1790643019.097788,1,474,2,state-aware,5,0.9938,0.9915,,OFF,success
1790643008.9006157,1790643019.5122561,3,473,2,state-aware,5,0.9933,0.9914,,OFF,success
1790643009.627798,1790643021.483142,10,472,2,state-aware,5,0.0375,0.9925,,OFF,failed
1790643010.749433,1790643023.3915436,7,466,1,state-aware,5,0.9901,0.9915,,OFF,failed
1790643013.2269402,1790643024.1351402,6,471,2,state-aware,5,0.9915,0.9939,,OFF,success
1790643014.2387106,1790643025.1480584,4,468,2,state-aware,5,0.9942,0.9925,,OFF,success
1790643017.4021027,1790643027.0974703,8,448,2,state-aware,5,0.0096,0.9925,,OFF,success
1790643017.9047978,1790643027.3774714,5,473,2,state-aware,5,0.0054,0.0,,OFF,success
1790642938.2774534,,3,468,2,state-aware,5,0.9932,0.9944,,OFF,unavailable
1790643071.2926428,1790643083.2151947,7,470,2,ewma,5,0.9931,0.9924,,OFF,failed
1790643072.2063794,1790643084.1567068,10,476,2,ewma,5,0.9851,0.9915,,OFF,failed
1790643074.0153153,1790643085.4383304,8,452,2,ewma,5,0.9915,0.9933,,OFF,success
1790643075.7604203,1790643085.8971207,5,477,1,ewma,5,0.9932,0.9944,,OFF,success
1790643075.0729504,1790643085.9835625,4,472,2,ewma,5,0.0,0.9924,,OFF,success
1790643080.351458,1790643087.0952032,6,475,2,ewma,5,0.9932,0.9913,,OFF,failed
1790643080.1678607,1790643090.9140096,2,459,1,ewma,5,0.9937,0.9932,,OFF,success
1790643082.7661562,1790643092.3546674,1,479,1,ewma,5,0.9915,0.9914,,OFF,success
1790643082.417645,1790643093.4604094,9,455,1,ewma,5,0.9925,0.9933,,OFF,success
1790643086.4110677,1790643096.394005,7,471,1,ewma,5,0.9937,0.9932,,OFF,success
1790643083.9476511,1790643097.0256536,3,478,1,ewma,5,0.9938,0.9925,,OFF,failed
1790643087.4619892,1790643098.7987542,10,477,1,ewma,5,0.9901,0.9901,,OFF,success
1790643089.164682,1790643109.40271,5,478,1,ewma,5,0.9938,0.9876,,OFF,success
1790643088.7179866,1790643109.4409897,8,453,2,ewma,5,0.9901,0.0,,OFF,success
1790643090.3088758,1790643109.4589074,6,476,1,ewma,5,0.9916,0.9901,,OFF,success
1790643094.3543894,1790643109.4814692,4,473,2,ewma,5,0.0,0.9924,,OFF,failed
1790643094.2381766,1790643109.498579,2,460,1,ewma,5,0.9925,0.9925,,OFF,success
1790643095.8276927,1790643109.5172088,1,480,1,ewma,5,0.9914,0.9914,,OFF,success
1790643096.6902778,1790643109.5327165,9,456,1,ewma,5,0.9939,0.9938,,OFF,failed
1790643100.199893,1790643111.6483822,3,479,2,ewma,5,0.9925,0.9901,,OFF,failed
1790643099.6125176,1790643111.956691,7,472,1,ewma,5,0.0,0.2532,,OFF,failed
1790643102.062293,1790643114.0100408,10,478,1,ewma,5,0.9915,0.9942,,UNKNOWN,failed
1790643112.433214,1790643114.439683,5,479,1,ewma,5,0.0041,0.0,,OFF,failed
1790643112.4763277,1790643115.6877024,6,477,1,ewma,5,0.9936,0.994,,OFF,failed
1790643112.4952042,1790643117.9021544,4,474,1,ewma,5,0.9924,0.9938,,OFF,failed
1790643112.5120468,1790643120.3674066,2,461,1,ewma,5,0.0,0.977,,OFF,failed
1790643112.5310423,1790643121.595798,1,481,1,ewma,5,0.9926,0.9925,,OFF,failed
1790643112.5462654,1790643123.5624356,9,457,2,ewma,5,0.9879,0.9932,,OFF,success
1790643115.1023932,1790643125.8108397,7,473,1,ewma,5,0.9805,0.9858,,OFF,success
1790643120.3676066,1790643127.5263526,3,480,2,ewma,5,0.9933,0.9941,,OFF,failed
1790643118.7954829,1790643129.581083,6,478,1,ewma,5,0.9931,0.9938,,OFF,success
1790643119.6208844,1790643130.216392,8,455,2,ewma,5,0.9926,0.9938,,OFF,success
1790643120.9587889,1790643131.4548957,4,475,2,ewma,5,0.9938,0.9914,,OFF,success
1790643123.5723372,1790643133.475957,2,462,1,ewma,5,0.9926,0.9925,,OFF,success
1790643124.8151712,1790643136.2762332,1,482,1,ewma,5,0.9913,0.9931,,OFF,success
1790643126.7403088,1790643137.3704693,9,458,2,ewma,5,0.994,0.9937,,ON,success
1790643129.0216906,1790643139.2086928,7,474,1,ewma,5,0.9925,0.9932,,OFF,success
1790643130.5831707,1790643140.2382402,3,481,1,ewma,5,0.9938,0.9933,,OFF,success
1790643133.351372,1790643143.413628,8,456,2,ewma,5,0.9932,0.9944,,OFF,success
1790643132.7980688,1790643144.0465934,6,479,1,ewma,5,0.9902,0.9925,,OFF,success
1790643134.6437624,1790643145.0806522,4,476,2,ewma,5,0.9881,0.9901,,OFF,success
1790643136.8091898,1790643147.9131,2,463,1,ewma,5,0.9924,0.9932,,OFF,success
1790643140.6255617,1790643150.796024,9,459,2,ewma,5,0.9933,0.9933,,OFF,success
1790643139.5690565,1790643150.9839814,1,483,1,ewma,5,0.9925,0.9914,,OFF,success
1790643142.8531044,1790643153.7375226,7,475,1,ewma,5,0.9914,0.9933,,OFF,success
1790643143.456269,1790643155.4788637,3,482,1,ewma,5,0.9944,0.9943,,OFF,failed
1790643147.065187,1790643156.7439137,6,480,1,ewma,5,0.9878,0.0,,OFF,success
1790643146.6436043,1790643157.6285832,8,457,2,ewma,5,0.9924,0.9941,,OFF,success
1790643147.4680784,1790643158.0699153,5,482,1,ewma,5,0.9923,0.9924,,OFF,success
1790643148.1566718,1790643158.9929628,4,477,2,ewma,5,0.9925,0.9901,,OFF,success
1790643151.1101804,1790643161.1159463,2,464,1,ewma,5,0.9933,0.9914,,OFF,success
1790643154.2495425,1790643165.1143231,1,484,1,ewma,5,0.8746,0.8333,,OFF,success
1790643159.378103,1790643165.8205116,9,460,2,ewma,5,0.9938,0.9933,,OFF,failed
1790643156.936833,1790643167.0489883,7,476,1,ewma,5,0.9901,0.9915,,OFF,success
1790643160.685537,1790643170.7670794,8,458,2,ewma,5,0.9925,0.9926,,OFF,success
1790643159.957052,1790643171.2645197,6,481,1,ewma,5,0.9899,0.99,,OFF,success
1790643161.3682115,1790643172.5049927,5,483,1,ewma,5,0.9915,0.9938,,OFF,success
1790643162.215098,1790643173.606005,4,478,2,ewma,5,0.9899,0.9901,,OFF,failed
1790643164.367896,1790643174.9843857,2,465,1,ewma,5,0.9925,0.9933,,OFF,success
1790643168.3691752,1790643178.8588765,1,485,1,ewma,5,0.9925,0.9915,,OFF,success
1790643168.9885156,1790643181.3117492,9,461,2,ewma,5,0.9925,0.9924,,OFF,failed
1790643170.291451,1790643183.13852,7,477,1,ewma,5,0.9925,0.9932,,OFF,failed
1790643173.9713898,1790643184.96988,8,459,2,ewma,5,0.0,0.0,,OFF,success
1790643175.7296162,1790643187.6817062,5,484,1,ewma,5,0.9932,0.9925,,ON,failed
1790643174.5156596,1790643188.3908591,6,482,1,ewma,5,0.9929,0.9937,,OFF,failed
1790643178.1684346,1790643189.0914996,2,466,1,ewma,5,0.0,0.9878,,ON,success
1790643176.7719734,1790643189.6371188,4,479,2,ewma,5,0.9913,0.9924,,ON,failed
1790643182.0668848,1790643191.9530249,1,486,1,ewma,5,0.9915,0.9915,,OFF,success
1790643186.3519804,1790643195.9673798,7,478,1,ewma,5,0.9933,0.9924,,OFF,success
1790643184.5074203,1790643197.297398,9,462,1,ewma,5,0.9938,0.9925,,OFF,failed
1790643188.2444198,1790643198.9246159,8,460,2,ewma,5,0.9924,0.9938,,OFF,success
1790643188.9110618,1790643199.5182974,3,485,1,ewma,5,0.9925,0.9942,,OFF,success
1790643190.901394,1790643201.2599967,5,485,1,ewma,5,0.0,0.9938,,OFF,success
1790643192.8651228,1790643202.397192,4,480,2,ewma,5,0.9923,0.9924,,OFF,success
1790643192.4200208,1790643202.9935555,2,467,1,ewma,5,0.0001,0.9914,,OFF,success
1790643196.3951557,1790643203.1267896,6,483,1,ewma,5,0.9901,0.9916,,OFF,failed
1790643193.6415555,1790643203.9586258,10,484,1,ewma,5,0.9901,0.9938,,OFF,success
1790643195.1832895,1790643205.1784358,1,487,1,ewma,5,0.9914,0.9924,,OFF,success
1790643200.4841857,1790643210.1840641,9,463,2,ewma,5,0.9941,0.9933,,OFF,success
1790643199.180615,1790643211.009803,7,479,1,ewma,5,0.9937,0.9931,,OFF,failed
1790643117.226887,,10,479,1,ewma,5,0.9899,0.9926,,OFF,unavailable
1790643117.671364,,5,480,1,ewma,5,0.9923,0.9931,,OFF,unavailable
1790643118.3611956,,8,454,2,ewma,5,0.9926,0.9938,,OFF,unavailable
1790643202.1421115,1790643213.0740283,8,461,2,ewma,5,0.9925,0.9937,,OFF,success
1790643204.4783132,1790643213.9903135,5,486,1,ewma,5,0.9915,0.9901,,OFF,success
1790643202.7776635,1790643215.309997,3,486,1,ewma,5,0.9915,0.9938,,OFF,failed
1790643205.707975,1790643215.9182687,4,481,2,ewma,5,0.9925,0.9925,,OFF,success
1790643206.1404445,1790643216.5414405,2,468,1,ewma,5,0.9796,0.9913,,OFF,success
1790643207.1624177,1790643217.0610907,10,485,1,ewma,5,0.9914,0.9925,,OFF,success
1790643208.35423,1790643218.2624395,1,488,1,ewma,5,0.9933,0.9913,,OFF,success
1790643211.401445,1790643219.3905735,6,484,1,ewma,5,0.9924,0.9916,,OFF,failed
1790643213.4168265,1790643224.0111685,9,464,2,ewma,5,0.9933,0.9916,,OFF,success
1790643214.2185311,1790643225.3411548,7,480,1,ewma,5,0.9924,0.9925,,OFF,success
1790643217.3212955,1790643227.2848563,5,487,1,ewma,5,0.9916,0.9932,,OFF,success
1790643216.2880354,1790643228.2217138,8,462,2,ewma,5,0.9915,0.9915,,OFF,failed
1790643219.1889236,1790643229.2578092,4,482,2,ewma,5,0.9914,0.9925,,OFF,success
1790643220.282697,1790643230.366741,10,486,1,ewma,5,0.9914,0.9938,,OFF,success
1790643219.8530326,1790643230.641689,2,469,1,ewma,5,0.9915,0.9915,,OFF,success
1790643221.4926312,1790643231.0898485,1,489,1,ewma,5,0.9914,0.99,,OFF,success
1790643222.70449,1790643233.1350465,6,485,1,ewma,5,0.9937,0.9944,,OFF,success
1790643227.2285924,1790643239.7688699,9,465,2,ewma,5,0.9938,0.9925,,ON,failed
1790643228.557473,1790643240.4267004,7,481,1,ewma,5,0.9933,0.9925,,ON,failed
1790643231.422098,1790643241.6143026,8,463,2,ewma,5,0.0,0.9925,,ON,success
1790643230.614524,1790643243.9586766,5,488,1,ewma,5,0.0,0.9915,,ON,failed
1790643233.8565755,1790643244.7119672,2,470,1,ewma,5,0.9915,0.9916,,ON,success
1790643234.2960598,1790643245.0083,1,490,1,ewma,5,0.9914,0.9932,,ON,success
1790643232.4736304,1790643245.63047,4,483,2,ewma,5,0.0,0.381,,ON,failed
1790643233.562814,1790643246.531442,10,487,1,ewma,5,0.0,0.9915,,ON,failed
1790643236.351501,1790643248.5725074,6,486,1,ewma,5,0.9937,0.9915,,UNKNOWN,failed
1790643158.6815429,,3,483,1,ewma,5,0.9942,0.9942,,OFF,unavailable
1790643242.9267242,1790643253.4206219,9,466,2,ewma,5,0.9933,0.9925,,OFF,success
1790643162.0971134,,10,482,1,ewma,5,0.9845,0.0,,OFF,unavailable
1790643244.8309147,1790643256.6003513,8,464,2,ewma,5,0.9916,0.9926,,OFF,failed
1790643247.267585,1790643257.8208241,5,489,1,ewma,5,0.9939,0.9943,,OFF,success
1790643247.9098809,1790643258.6129212,2,471,1,ewma,5,0.9925,0.9926,,OFF,success
1790643249.7874067,1790643259.5322037,10,488,1,ewma,5,0.988,0.9938,,OFF,success
1790643248.2360902,1790643260.1626837,1,491,1,ewma,5,0.0,0.0,,OFF,failed
1790643254.4374905,1790643261.0508244,4,484,2,ewma,5,0.9841,0.9879,,OFF,failed
1790643251.8096557,1790643264.957903,6,487,1,ewma,5,0.9925,0.9914,,OFF,failed
1790643256.536459,1790643267.8356519,9,467,2,ewma,5,0.9933,0.0325,,OFF,success
1790643260.0509603,1790643269.5849152,8,465,2,ewma,5,0.9933,0.9942,,OFF,success
1790643261.8426676,1790643272.2474968,2,472,1,ewma,5,0.9938,0.9925,,OFF,success
1790643261.0430372,1790643274.4744184,5,490,1,ewma,5,0.9914,0.9925,,OFF,failed
1790643268.4451978,1790643275.8398058,1,492,1,ewma,5,0.8535,0.9833,,OFF,failed
1790643269.4477062,1790643276.4314198,3,490,1,ewma,5,0.8804,0.8689,,OFF,failed
1790643264.4178207,1790643276.570573,4,485,2,ewma,5,0.9915,0.9925,,OFF,failed
1790643268.1795363,1790643278.5918653,6,488,2,ewma,5,0.9933,0.9933,,OFF,success
1790643271.0573094,1790643281.8824942,9,468,2,ewma,5,0.9941,0.9925,,OFF,success
1790643272.9181147,1790643283.6238003,8,466,2,ewma,5,0.9926,0.9933,,OFF,success
1790643271.8816984,1790643284.4216614,7,484,1,ewma,5,0.9933,0.9913,,OFF,failed
1790643280.45413,1790643287.4928668,2,473,1,ewma,5,0.9938,0.9901,,OFF,failed
1790643277.6949432,1790643288.517837,5,491,1,ewma,5,0.9925,0.9925,,OFF,success
1790643279.0692346,1790643289.8502553,1,493,1,ewma,5,0.9914,0.99,,OFF,success
1790643285.45703,1790643290.978811,3,491,1,ewma,5,0.9912,0.9911,,UNKNOWN,failed
1790643279.7956514,1790643291.090277,4,486,1,ewma,5,0.9853,0.9802,,OFF,success
1790643281.8190918,1790643292.1967568,6,489,2,ewma,5,0.9933,0.9925,,OFF,success
1790643284.9167645,1790643295.3771677,9,469,2,ewma,5,0.9932,0.9932,,ON,success
1790643286.836424,1790643296.3169339,8,467,2,ewma,5,0.9939,0.9942,,UNKNOWN,success
1790643287.6355085,1790643297.8345652,7,485,1,ewma,5,0.9915,0.9901,,UNKNOWN,success
1790643290.429839,1790643301.5183072,10,491,1,ewma,5,0.993,0.9941,,UNKNOWN,success
1790643291.7399843,1790643301.931312,5,492,1,ewma,5,0.9925,0.9925,,UNKNOWN,success
1790643341.001386,1790643351.801846,6,493,2,ewma,6,0.9916,0.9926,,ON,success
1790643341.8230014,1790643352.9249814,8,471,2,ewma,6,0.9933,0.9925,,ON,success
1790643340.3514063,1790643353.5488033,4,490,2,ewma,6,0.9925,0.9932,,ON,failed
1790643344.0709507,1790643355.7864995,9,473,1,ewma,6,0.0,0.9926,,ON,failed
1790643347.9496555,1790643358.5573351,7,489,1,ewma,6,0.9,0.9912,,ON,success
1790643350.9424684,1790643360.5998569,5,496,2,ewma,6,0.9932,0.9932,,OFF,success
1790643351.5781372,1790643361.1352239,10,495,2,ewma,6,0.9923,0.9933,,OFF,success
1790643353.3723962,1790643363.4965818,2,478,2,ewma,6,0.9933,0.9924,,OFF,success
1790643354.0171247,1790643363.9801214,1,498,2,ewma,6,0.9933,0.9914,,OFF,success
1790643355.0241027,1790643365.2264364,6,494,2,ewma,6,0.9914,0.9938,,OFF,success
1790643355.5337791,1790643366.9731512,3,496,1,ewma,6,0.9925,0.9925,,OFF,failed
1790643356.158692,1790643367.457226,8,472,2,ewma,6,0.9942,0.9938,,OFF,success
1790643356.8705113,1790643368.0677824,4,491,1,ewma,6,0.9922,0.9932,,OFF,success
1790643359.011991,1790643369.3436906,9,474,2,ewma,6,0.9938,0.9942,,OFF,success
1790643361.782981,1790643373.0983868,7,490,1,ewma,6,0.9925,0.9925,,OFF,success
1790643363.8230283,1790643374.9514723,5,497,2,ewma,6,0.7935,0.0,,OFF,success
1790643364.3373334,1790643375.3483362,10,496,2,ewma,6,0.9926,0.9933,,OFF,success
1790643366.7133918,1790643377.0910723,2,479,2,ewma,6,0.0,0.9809,,OFF,success
1790643368.4349232,1790643379.7816799,6,495,2,ewma,6,0.9922,0.9932,,OFF,success
1790643373.0812979,1790643380.3616548,1,499,2,ewma,6,0.9931,0.9914,,OFF,failed
1790643370.1975493,1790643380.9772043,3,497,2,ewma,6,0.9933,0.9938,,OFF,success
1790643371.292839,1790643381.5193243,4,492,1,ewma,6,0.9924,0.9914,,OFF,success
1790643370.713473,1790643381.7195067,8,473,2,ewma,6,0.9942,0.9933,,OFF,success
1790643372.5648594,1790643383.5412982,9,475,2,ewma,6,0.9942,0.9942,,OFF,success
1790643376.4382656,1790643386.4072027,7,491,1,ewma,6,0.9933,0.9932,,OFF,success
1790643378.1713235,1790643387.8570201,5,498,2,ewma,6,0.9938,0.9932,,OFF,success
1790643378.5753667,1790643389.3803327,10,497,2,ewma,6,0.9925,0.9938,,OFF,success
1790643380.3154185,1790643391.1225157,2,480,2,ewma,6,0.9915,0.9915,,OFF,success
1790643383.0097399,1790643393.3589175,6,496,2,ewma,6,0.0,0.0,,OFF,success
1790643384.213182,1790643393.9873831,3,498,2,ewma,6,0.9925,0.9925,,OFF,success
1790643384.7396996,1790643394.8022091,4,493,1,ewma,6,0.0,0.9915,,OFF,success
1790643389.0958388,1790643395.2342396,1,500,1,ewma,6,0.9925,0.9914,,OFF,failed
1790643384.9321396,1790643395.7336292,8,474,2,ewma,6,0.9933,0.987,,OFF,success
1790643386.7525213,1790643397.0812585,9,476,2,ewma,6,0.9933,0.9944,,OFF,success
1790643389.6342483,1790643399.8252442,7,492,1,ewma,6,0.9933,0.9932,,OFF,success
1790643391.08507,1790643402.8928375,5,499,2,ewma,6,0.9924,0.9937,,OFF,failed
1790643392.6015775,1790643403.4174783,10,498,2,ewma,6,0.99,0.9942,,OFF,success
1790643394.448274,1790643405.3678083,2,481,2,ewma,6,0.9915,0.9933,,OFF,success
1790643397.2103243,1790643406.6952987,3,499,2,ewma,6,0.9915,0.9925,,ON,success
1790643396.5889003,1790643407.1952596,6,497,2,ewma,6,0.9932,0.9942,,ON,success
1790643398.0230687,1790643407.5986898,4,494,1,ewma,6,0.99,0.9925,,ON,success
1790643398.4344501,1790643408.9687426,1,501,2,ewma,6,0.0,0.0,,ON,success
1790643400.2987115,1790643411.0979257,9,477,2,ewma,6,0.9925,0.9938,,OFF,success
1790643404.108007,1790643411.6064906,8,475,2,ewma,6,0.9933,0.9936,,OFF,failed
1790643403.0497596,1790643416.218331,7,493,1,ewma,6,0.9925,0.9901,,OFF,failed
1790643406.1227224,1790643416.5305078,5,500,2,ewma,6,0.3015,0.0,,OFF,success
1790643408.591453,1790643417.9387674,2,482,2,ewma,6,0.9932,0.9933,,OFF,success
1790643412.1258028,1790643418.9980035,10,499,2,ewma,6,0.9899,0.9902,,OFF,failed
1790643409.9189618,1790643420.2977371,3,500,2,ewma,6,0.9932,0.9932,,OFF,success
1790643410.8303003,1790643420.7103243,4,495,1,ewma,6,0.9913,0.9925,,OFF,success
1790643412.1914594,1790643421.9445662,1,502,2,ewma,6,0.9933,0.9924,,OFF,success
1790643416.1285832,1790643422.5562289,6,498,2,ewma,6,0.9933,0.9933,,OFF,failed
1790643414.8374913,1790643425.0159268,8,476,2,ewma,6,0.9914,0.9933,,OFF,success
1790643414.4248464,1790643425.3137116,9,478,2,ewma,6,0.9523,0.966,,OFF,success
1790643419.7469559,1790643430.139974,5,501,2,ewma,6,0.9915,0.9915,,OFF,success
1790643421.1145535,1790643430.952308,2,483,2,ewma,6,0.9925,0.9915,,OFF,success
1790643425.1338172,1790643431.5767794,7,494,1,ewma,6,0.9915,0.99,,OFF,failed
1790643422.183032,1790643434.0258327,10,500,2,ewma,6,0.9915,0.9938,,OFF,failed
1790643423.5263953,1790643434.555502,3,501,2,ewma,6,0.9925,0.9925,,OFF,success
1790643423.935409,1790643434.6405072,4,496,1,ewma,6,0.9925,0.9925,,OFF,success
1790643425.7633145,1790643435.78712,6,499,2,ewma,6,0.9925,0.9943,,OFF,success
1790643425.1736681,1790643436.3135085,1,503,2,ewma,6,0.9938,0.9915,,OFF,success
1790643428.2312038,1790643438.2149713,8,477,2,ewma,6,0.9933,0.9916,,OFF,success
1790643428.6400225,1790643438.6371264,9,479,2,ewma,6,0.9943,0.9942,,OFF,success
1790643434.1821856,1790643444.0872738,2,484,2,ewma,6,0.9925,0.9925,,OFF,success
1790643433.3674521,1790643444.6068473,5,502,2,ewma,6,0.9937,0.9933,,OFF,success
1790643434.8039865,1790643445.594247,7,495,1,ewma,6,0.9933,0.9915,,OFF,success
1790643437.378182,1790643447.5547585,10,501,2,ewma,6,0.0,0.0,,OFF,success
1790643439.0080118,1790643449.2069702,6,500,2,ewma,6,0.0,0.0,,OFF,success
1790643439.596805,1790643449.2451296,1,504,2,ewma,6,0.9938,0.9925,,OFF,success
1790643437.8701696,1790643449.9225485,4,497,1,ewma,6,0.9915,0.9933,,OFF,failed
1790643443.1452637,1790643450.7140048,3,502,2,ewma,6,0.9925,0.9856,,OFF,failed
1790643441.863564,1790643451.230983,9,480,2,ewma,6,0.9933,0.9915,,OFF,success
1790643441.4514139,1790643451.7777112,8,478,2,ewma,6,0.9942,0.9942,,OFF,success
1790643447.8195038,1790643457.4746618,5,503,2,ewma,6,0.9915,0.9915,,ON,success
1790643447.3002462,1790643459.8406005,2,485,2,ewma,6,0.0,0.9854,,ON,failed
1790643450.7884579,1790643460.3483675,10,502,2,ewma,6,0.9915,0.9915,,OFF,success
1790643448.807506,1790643460.5713272,7,496,1,ewma,6,0.0,0.9547,,ON,failed
1790643452.4331472,1790643461.89801,1,505,2,ewma,6,0.9915,0.9898,,OFF,success
1790643452.2379794,1790643462.697098,6,501,2,ewma,6,0.9933,0.9938,,OFF,success
1790643453.149271,1790643463.614235,4,498,1,ewma,6,0.9933,0.9924,,OFF,success
1790643453.943825,1790643464.3399162,3,503,2,ewma,6,0.9925,0.9925,,OFF,success
1790643454.4624274,1790643465.369337,9,481,2,ewma,6,0.9933,0.9915,,OFF,success
1790643454.9932427,1790643465.9675908,8,479,2,ewma,6,0.9938,0.9938,,OFF,success
1790643460.7030096,1790643472.02502,5,504,2,ewma,6,0.9933,0.9915,,OFF,success
1790643465.125685,1790643474.8966882,1,506,2,ewma,6,0.9933,0.9914,,OFF,success
1790643468.1545193,1790643475.5035675,2,486,2,ewma,6,0.989,0.9924,,OFF,failed
1790643469.1557975,1790643475.6044576,10,503,2,ewma,6,0.0009,0.2091,,OFF,failed
1790643465.9097512,1790643475.7022793,6,502,2,ewma,6,0.9915,0.9933,,OFF,success
1790643466.8253665,1790643476.7224908,4,499,1,ewma,6,0.9925,0.9923,,OFF,success
1790643463.7971852,1790643477.1403413,7,497,2,ewma,6,0.9936,0.9925,,OFF,failed
1790643467.5565755,1790643478.0644836,3,504,2,ewma,6,0.9925,0.9914,,OFF,success
1790643468.591272,1790643479.0119174,9,482,2,ewma,6,0.9914,0.9901,,OFF,success
1790643474.1595206,1790643481.3646128,8,480,2,ewma,6,0.9942,0.9938,,OFF,failed
1790643475.2491176,1790643486.4918346,5,505,2,ewma,6,0.9925,0.9931,,OFF,success
1790643478.9360516,1790643488.7131336,6,503,2,ewma,6,0.969,0.8943,,OFF,success
1790643478.1247845,1790643489.328382,1,507,2,ewma,6,0.9942,0.9899,,OFF,success
1790643484.1718524,1790643490.576081,10,504,2,ewma,6,0.8692,0.9197,,OFF,failed
1790643479.9488127,1790643491.3565605,4,500,1,ewma,6,0.0,0.0016,,OFF,success
1790643481.2917862,1790643491.393113,3,505,2,ewma,6,0.9899,0.9914,,OFF,success
1790643484.170981,1790643491.7770202,2,487,2,ewma,6,0.9923,0.9925,,OFF,failed
1790643482.398829,1790643492.2917016,9,483,2,ewma,6,0.9925,0.9926,,OFF,success
1790643484.6927743,1790643495.3848894,8,481,2,ewma,6,0.9933,0.9926,,OFF,success
1790643489.8005075,1790643500.382279,5,506,2,ewma,6,0.9926,0.9925,,OFF,success
1790643491.9343448,1790643501.4079854,6,504,2,ewma,6,0.9933,0.9942,,OFF,success
1790643492.5544071,1790643503.1819186,1,508,2,ewma,6,0.9933,0.9914,,OFF,success
1790643493.802443,1790643504.177108,10,505,1,ewma,6,0.9915,0.9915,,OFF,success
1790643500.1806989,1790643507.0276434,4,501,1,ewma,6,0.8535,0.8947,,UNKNOWN,failed
1790643494.6083643,1790643507.662588,3,506,2,ewma,6,0.9899,0.0,,OFF,failed
1790643495.102652,1790643508.4604204,2,488,1,ewma,6,0.3011,0.9932,,OFF,failed
1790643498.6113505,1790643510.5224357,8,482,2,ewma,6,0.99,0.9938,,UNKNOWN,failed
1790643503.8124287,1790643513.7167447,5,507,2,ewma,6,0.9915,0.9925,,UNKNOWN,success
1790643506.1703923,1790643516.6712792,6,505,2,ewma,6,0.9938,0.9933,,UNKNOWN,success
1790643506.2128525,1790643516.9987755,1,509,2,ewma,6,0.9901,0.9915,,UNKNOWN,success
1790643510.1855414,1790643520.3528697,4,502,1,ewma,6,0.0,0.0484,,OFF,success
1790643510.8766086,1790643521.6047063,3,507,2,ewma,6,0.0,0.0,,OFF,success
1790643511.6903543,1790643521.623297,2,489,2,ewma,6,0.9914,0.9938,,OFF,success
1790643516.1924057,1790643523.0049593,7,500,1,ewma,6,0.985,0.9868,,OFF,failed
1790643513.7480702,1790643524.369949,8,483,2,ewma,6,0.9915,0.9938,,OFF,success
1790643516.9086103,1790643529.4619462,5,508,2,ewma,6,0.9938,0.9933,,OFF,failed
1790643520.229759,1790643530.286353,1,510,2,ewma,6,0.4355,0.0,,OFF,success
1790643519.8911192,1790643530.632852,6,506,2,ewma,6,0.9938,0.9932,,OFF,success
1790643523.6800282,1790643534.71537,4,503,1,ewma,6,0.9914,0.9925,,OFF,success
1790643524.8043604,1790643535.5105472,2,490,2,ewma,6,0.9925,0.9925,,OFF,success
1790643526.323644,1790643536.3544512,9,486,2,ewma,6,0.9941,0.8598,,OFF,success
1790643526.2220962,1790643536.9408796,7,501,2,ewma,6,0.0,0.9868,,OFF,success
1790643527.5843287,1790643537.265606,8,484,2,ewma,6,0.9925,0.9944,,OFF,success
1790643530.1985254,1790643537.6533298,3,508,2,ewma,6,0.8535,0.8535,,OFF,failed
1790643532.6875513,1790643542.6796703,5,509,2,ewma,6,0.9914,0.9925,,OFF,success
1790643533.8323147,1790643544.6174338,6,507,2,ewma,6,0.9932,0.9942,,OFF,success
1790643539.2046075,1790643545.6440935,1,511,2,ewma,6,0.9918,0.9769,,OFF,failed
1790643535.571127,1790643547.4837854,10,508,1,ewma,6,0.99,0.9914,,OFF,failed
1790643538.7355313,1790643548.3086755,2,491,2,ewma,6,0.9914,0.9925,,OFF,success
1790643537.9312246,1790643548.716254,4,504,1,ewma,6,0.9914,0.9915,,OFF,success
1790643539.5777657,1790643549.1448333,9,487,2,ewma,6,0.0001,0.4704,,OFF,success
1790643540.56016,1790643550.566068,8,485,2,ewma,6,0.9938,0.9915,,OFF,success
1790643540.165287,1790643550.8671162,7,502,2,ewma,6,0.9922,0.9932,,OFF,success
1790643540.8742223,1790643551.107563,3,509,2,ewma,6,0.9925,0.9933,,OFF,success
1790643545.9014156,1790643555.6793368,5,510,2,ewma,6,0.9933,0.9933,,OFF,success
1790643548.866422,1790643558.6515343,1,512,2,ewma,6,0.9914,0.9913,,OFF,success
1790643547.8297968,1790643559.152096,6,508,2,ewma,6,0.9932,0.9933,,OFF,success
1790643550.696488,1790643560.3897848,10,509,1,ewma,6,0.9923,0.9933,,OFF,success
1790643551.9476483,1790643561.84082,4,505,1,ewma,6,0.0,0.9916,,OFF,success
1790643551.5293384,1790643562.0302737,2,492,2,ewma,6,0.0,0.9926,,OFF,success
1790643552.3728487,1790643562.8653486,9,488,2,ewma,6,0.9928,0.9941,,OFF,success
1790643553.789756,1790643564.9085672,8,486,2,ewma,6,0.9933,0.854,,OFF,success
1790643554.2810972,1790643565.1988072,3,510,2,ewma,6,0.9925,0.9879,,OFF,success
1790643559.2149365,1790643566.5328653,7,503,2,ewma,6,0.0,0.9932,,OFF,failed
1790643558.951529,1790643569.7453215,5,511,2,ewma,6,0.9901,0.9901,,OFF,success
1790643611.2237322,1790643622.33967,4,509,2,snr-greedy,6,0.9892,0.9899,,OFF,success
1790643614.0862114,1790643623.670009,8,490,1,snr-greedy,6,0.9941,0.9915,,OFF,success
1790643613.573877,1790643624.220769,3,514,2,snr-greedy,6,0.9932,0.9932,,OFF,success
1790643615.9341698,1790643625.5544271,7,507,1,snr-greedy,6,0.9933,0.9932,,OFF,success
1790643619.9773855,1790643631.4572601,5,515,2,snr-greedy,6,0.9924,0.9932,,OFF,failed
1790643623.5212646,1790643633.4292226,10,514,2,snr-greedy,6,0.9931,0.9931,,OFF,success
1790643624.1481771,1790643633.6126916,2,497,1,snr-greedy,6,0.9926,0.9915,,OFF,success
1790643624.6349437,1790643635.1662476,6,513,2,snr-greedy,6,0.8943,0.8983,,OFF,success
1790643625.6978676,1790643636.0897326,4,510,2,snr-greedy,6,0.9881,0.99,,OFF,success
1790643626.9887936,1790643636.7892632,8,491,2,snr-greedy,6,0.9932,0.9944,,OFF,success
1790643625.16527,1790643637.0076208,9,493,1,snr-greedy,6,0.99,0.0001,,OFF,failed
1790643627.5394723,1790643637.4081445,3,515,1,snr-greedy,6,0.9933,0.9925,,OFF,success
1790643628.7640257,1790643638.4465282,7,508,1,snr-greedy,6,0.9925,0.9914,,OFF,success
1790643634.6852238,1790643644.589917,5,516,2,snr-greedy,6,0.9881,0.9915,,OFF,success
1790643636.6088707,1790643647.5317578,10,515,2,snr-greedy,6,0.99,0.9944,,OFF,success
1790643639.220485,1790643648.7711458,4,511,1,snr-greedy,6,0.9925,0.9914,,OFF,success
1790643638.404952,1790643649.4042168,6,514,2,snr-greedy,6,0.9926,0.9933,,OFF,success
1790643636.8457882,1790643649.9294581,2,498,1,snr-greedy,6,0.9925,0.9925,,OFF,failed
1790643641.7848277,1790643651.0519464,7,509,1,snr-greedy,6,0.9914,0.9913,,OFF,success
1790643645.746413,1790643652.3348746,8,492,2,snr-greedy,6,0.0,0.9939,,OFF,failed
1790643645.7476895,1790643652.5869937,9,494,1,snr-greedy,6,0.9931,0.8804,,OFF,failed
1790643646.75049,1790643652.976568,1,518,1,snr-greedy,6,0.9861,0.985,,OFF,failed
1790643645.7492101,1790643653.46869,3,516,1,snr-greedy,6,0.0,0.0,,OFF,failed
1790643647.7642624,1790643658.2842276,5,517,1,snr-greedy,6,0.9915,0.9915,,OFF,success
1790643650.8360236,1790643661.2807,10,516,2,snr-greedy,6,0.9914,0.9942,,OFF,success
1790643651.999621,1790643662.1086998,4,512,1,snr-greedy,6,0.9915,0.9901,,OFF,success
1790643652.6238775,1790643662.391925,6,515,2,snr-greedy,6,0.0,0.9926,,OFF,success
1790643654.3339875,1790643664.6334083,7,510,2,snr-greedy,6,0.9924,0.9933,,OFF,success
1790643655.5608468,1790643665.2721386,8,493,1,snr-greedy,6,0.0081,0.0002,,OFF,success
1790643658.7547503,1790643666.0741801,2,499,1,snr-greedy,6,0.9933,0.9924,,ON,failed
1790643656.6940212,1790643667.399221,3,517,1,snr-greedy,6,0.9932,0.9913,,OFF,success
1790643656.1917064,1790643667.5198853,1,519,1,snr-greedy,6,0.9925,0.9913,,OFF,success
1790643661.7569854,1790643668.2561653,9,495,1,snr-greedy,6,0.9941,0.8689,,OFF,failed
1790643661.5061374,1790643671.8056116,5,518,1,snr-greedy,6,0.9924,0.9925,,OFF,success
1790643664.4709918,1790643675.4150262,10,517,2,snr-greedy,6,0.9932,0.9944,,OFF,success
1790643665.388784,1790643675.9062521,4,513,1,snr-greedy,6,0.9914,0.9914,,OFF,success
1790643665.616962,1790643676.0286708,6,516,1,snr-greedy,6,0.9936,0.9912,,OFF,success
1790643668.4942846,1790643678.8975778,8,494,2,snr-greedy,6,0.9915,0.9933,,OFF,success
1790643667.9542034,1790643680.3098106,7,511,2,snr-greedy,6,0.9924,0.9942,,OFF,failed
1790643669.28731,1790643680.8371158,2,500,1,snr-greedy,6,0.9937,0.9924,,OFF,success
1790643671.4627469,1790643681.1221054,9,496,2,snr-greedy,6,0.9924,0.9924,,OFF,success
1790643675.7612321,1790643682.676996,3,518,1,snr-greedy,6,0.9933,0.99,,OFF,failed
1790643670.706107,1790643683.3876839,1,520,2,snr-greedy,6,0.8689,0.8689,,OFF,failed
1790643675.0272486,1790643686.9582512,5,519,2,snr-greedy,6,0.9902,0.9915,,OFF,failed
1790643678.6057317,1790643688.405445,10,518,2,snr-greedy,6,0.9912,0.9925,,OFF,success
1790643679.21216,1790643689.0171106,6,517,2,snr-greedy,6,0.9901,0.9926,,OFF,success
1790643684.7649722,1790643692.1819522,4,514,1,snr-greedy,6,0.9914,0.9902,,OFF,failed
1790643682.1272213,1790643692.4879317,8,495,2,snr-greedy,6,0.9932,0.9942,,OFF,success
1790643684.3495567,1790643694.021613,9,497,2,snr-greedy,6,0.9925,0.9933,,OFF,success
1790643683.6351852,1790643694.1317358,7,512,2,snr-greedy,6,0.0,0.0,,OFF,success
1790643685.8980372,1790643696.2864506,3,519,1,snr-greedy,6,0.9942,0.9941,,OFF,success
1790643689.7678728,1790643696.612146,2,501,1,snr-greedy,6,0.9938,0.9933,,OFF,failed
1790643686.6081626,1790643699.1772263,1,521,1,snr-greedy,6,0.9925,0.9915,,OFF,failed
1790643690.1833684,1790643700.4761567,5,520,1,snr-greedy,6,0.9938,0.9932,,OFF,success
1790643692.2324073,1790643702.1548429,6,518,1,snr-greedy,6,0.9933,0.9933,,OFF,success
1790643691.6307807,1790643702.5534134,10,519,2,snr-greedy,6,0.8764,0.9846,,OFF,success
1790643695.4147575,1790643706.234546,4,515,2,snr-greedy,6,0.0,0.9938,,OFF,success
1790643697.2498121,1790643706.7057004,9,498,1,snr-greedy,6,0.9901,0.0016,,OFF,success
1790643699.6595178,1790643709.993637,2,502,1,snr-greedy,6,0.8888,0.9925,,OFF,success
1790643704.772692,1790643711.0495207,3,520,1,snr-greedy,6,0.9933,0.9902,,OFF,failed
1790643703.7014487,1790643713.4784794,5,521,2,snr-greedy,6,0.9925,0.9925,,OFF,success
1790643702.3924508,1790643714.2010899,1,522,1,snr-greedy,6,0.9901,0.9901,,OFF,failed
1790643705.2242765,1790643715.7327294,6,519,2,snr-greedy,6,0.9933,0.9942,,OFF,success
1790643705.8687968,1790643716.9698718,10,520,1,snr-greedy,6,0.9923,0.9926,,OFF,success
1790643709.9232697,1790643720.2297528,9,499,2,snr-greedy,6,0.0,0.9819,,ON,success
1790643709.448198,1790643721.085218,4,516,1,snr-greedy,6,0.0,0.0,,ON,failed
1790643713.350102,1790643722.9129057,2,503,2,snr-greedy,6,0.0,0.9901,,ON,success
1790643714.325309,1790643725.277532,3,521,2,snr-greedy,6,0.9924,0.9933,,UNKNOWN,success
1790643717.4232278,1790643728.1225162,1,523,1,snr-greedy,6,0.9899,0.9877,,OFF,success
1790643718.9644446,1790643728.5371795,6,520,2,snr-greedy,6,0.9925,0.9942,,OFF,success
1790643716.838205,1790643729.7628515,5,522,2,snr-greedy,6,0.9932,0.9932,,OFF,failed
1790643720.2909613,1790643730.4127817,10,521,2,snr-greedy,6,0.988,0.9915,,OFF,success
1790643724.4122756,1790643734.0938022,4,517,2,snr-greedy,6,0.9923,0.9938,,OFF,success
1790643723.4671948,1790643734.5742419,9,500,1,snr-greedy,6,0.9925,0.9925,,OFF,success
1790643726.1282384,1790643736.0163984,2,504,2,snr-greedy,6,0.9925,0.9933,,OFF,success
1790643725.5234444,1790643736.5212831,8,498,2,snr-greedy,6,0.9925,0.9938,,OFF,success
1790643728.4843862,1790643740.0307074,3,522,1,snr-greedy,6,0.9933,0.9925,,OFF,failed
1790643727.8924713,1790643740.7250056,7,515,2,snr-greedy,6,0.9923,0.9943,,OFF,failed
1790643731.4529436,1790643741.742526,1,524,2,snr-greedy,6,0.99,0.9932,,OFF,success
1790643731.8428595,1790643742.677627,6,521,2,snr-greedy,6,0.9925,0.9937,,OFF,success
1790643732.9961417,1790643743.4848087,5,523,2,snr-greedy,6,0.9915,0.9925,,OFF,success
1790643733.6323833,1790643744.0126379,10,522,2,snr-greedy,6,0.9896,0.9933,,OFF,success
1790643737.3080225,1790643747.399865,4,518,2,snr-greedy,6,0.0008,0.9942,,OFF,success
1790643742.7983968,1790643749.627351,9,501,1,snr-greedy,6,0.9933,0.9925,,OFF,failed
1790643739.2360387,1790643750.0374599,2,505,2,snr-greedy,6,0.0293,0.9932,,OFF,success
1790643744.7943997,1790643751.7976224,8,499,2,snr-greedy,6,0.9938,0.9942,,OFF,failed
1790643743.145026,1790643753.5496683,3,523,1,snr-greedy,6,0.9942,0.9924,,OFF,success
1790643743.966878,1790643754.6470327,7,516,2,snr-greedy,6,0.9923,0.9943,,OFF,success
1790643744.9669259,1790643755.884019,1,525,1,snr-greedy,6,0.9932,0.9924,,OFF,success
1790643745.8866909,1790643757.0040493,6,522,2,snr-greedy,6,0.9915,0.9938,,OFF,success
1790643746.7178333,1790643757.513914,5,524,1,snr-greedy,6,0.9486,0.0,,OFF,success
1790643752.8019648,1790643759.568867,10,523,2,snr-greedy,6,0.9925,0.9938,,OFF,failed
1790643750.617241,1790643761.612115,4,519,1,snr-greedy,6,0.99,0.9902,,OFF,success
1790643753.263304,1790643764.7790036,2,506,1,snr-greedy,6,0.9942,0.9933,,OFF,failed
1790643755.0148435,1790643765.293354,8,500,2,snr-greedy,6,0.9925,0.9941,,OFF,success
1790643752.84955,1790643765.638953,9,502,1,snr-greedy,6,0.9933,0.9901,,OFF,failed
1790643756.8728118,1790643767.3390408,3,524,1,snr-greedy,6,0.9933,0.9926,,OFF,success
1790643757.8695736,1790643768.2698872,7,517,2,snr-greedy,6,0.9912,0.9941,,OFF,success
1790643759.1152785,1790643769.702706,1,526,2,snr-greedy,6,0.9914,0.9914,,OFF,success
1790643760.3356514,1790643770.7324622,6,523,2,snr-greedy,6,0.0,0.0,,OFF,success
1790643760.7382271,1790643771.9414291,5,525,1,snr-greedy,6,0.9932,0.9929,,ON,success
1790643762.7916012,1790643773.487957,10,524,2,snr-greedy,6,0.99,0.9915,,ON,success
1790643764.834121,1790643775.5438316,4,520,2,snr-greedy,6,0.9933,0.9933,,OFF,success
1790643768.1963255,1790643777.9209392,2,507,2,snr-greedy,6,0.8965,0.9933,,OFF,success
1790643768.8523533,1790643778.503806,9,503,2,snr-greedy,6,0.9925,0.9925,,OFF,success
1790643773.8196,1790643780.1431541,8,501,2,snr-greedy,6,0.9915,0.9926,,OFF,failed
1790643770.554861,1790643780.558294,3,525,1,snr-greedy,6,0.9942,0.9937,,OFF,success
1790643771.586919,1790643781.6014304,7,518,2,snr-greedy,6,0.9931,0.9942,,OFF,success
1790643772.9311962,1790643784.1769872,1,527,1,snr-greedy,6,0.9932,0.9924,,OFF,success
1790643774.0559576,1790643784.7507596,6,524,2,snr-greedy,6,0.9915,0.9926,,OFF,success
1790643776.7142725,1790643786.5140896,10,525,2,snr-greedy,6,0.9925,0.9925,,OFF,success
1790643775.1810672,1790643787.7290747,5,526,1,snr-greedy,6,0.9915,0.9915,,OFF,failed
1790643695.820255,,8,496,2,snr-greedy,6,0.9915,0.9915,,OFF,unavailable
1790643697.3419023,,7,513,2,snr-greedy,6,0.8734,0.8804,,OFF,unavailable
1790643778.7758117,1790643789.0544689,4,521,2,snr-greedy,6,0.9925,0.9925,,OFF,success
1790643781.1420214,1790643791.613298,2,508,2,snr-greedy,6,0.9925,0.9925,,OFF,success
1790643781.7418783,1790643792.7530954,9,504,2,snr-greedy,6,0.9901,0.9925,,OFF,success
1790643783.37183,1790643793.1700366,8,502,2,snr-greedy,6,0.9914,0.9933,,OFF,success
1790643783.7837176,1790643796.4296749,3,526,1,snr-greedy,6,0.9941,0.9938,,OFF,failed
1790643787.977456,1790643797.6705167,6,525,2,snr-greedy,6,0.9916,0.9926,,OFF,success
1790643784.8328257,1790643798.1731515,7,519,2,snr-greedy,6,0.9932,0.9944,,OFF,failed
1790643787.3507373,1790643799.296502,1,528,2,snr-greedy,6,0.9901,0.9899,,OFF,failed
1790643789.730709,1790643800.3342552,10,526,2,snr-greedy,6,0.9914,0.9925,,OFF,success
1790643792.2668793,1790643801.6629617,4,522,1,snr-greedy,6,0.9931,0.9925,,OFF,success
1790643790.952551,1790643801.9463642,5,527,2,snr-greedy,6,0.9932,0.9932,,OFF,success
1790643794.84365,1790643804.5264785,2,509,2,snr-greedy,6,0.9915,0.9915,,OFF,success
1790643795.9756732,1790643807.1857152,9,505,2,snr-greedy,6,0.9914,0.9915,,OFF,success
1790643796.3886242,1790643807.710353,8,503,2,snr-greedy,6,0.9937,0.9941,,OFF,success
1790643799.7606468,1790643810.6000433,3,527,1,snr-greedy,6,0.9942,0.9933,,OFF,success
1790643800.897824,1790643812.3280718,6,526,2,snr-greedy,6,0.9926,0.9938,,OFF,success
1790643802.5151868,1790643813.3167639,1,529,1,snr-greedy,6,0.9925,0.9914,,OFF,success
1790643803.5542235,1790643813.4083798,10,527,2,snr-greedy,6,0.9901,0.9933,,OFF,success
1790643801.4044445,1790643814.3518505,7,520,2,snr-greedy,6,0.9901,0.9933,,OFF,failed
1790643805.1372564,1790643816.1820004,5,528,1,snr-greedy,6,0.993,0.9929,,OFF,success
1790643807.75145,1790643817.1046796,2,510,1,snr-greedy,6,0.9942,0.9925,,OFF,success
1790643810.850584,1790643817.6276186,4,523,1,snr-greedy,6,0.9941,0.9942,,ON,failed
1790643810.9112222,1790643821.7221777,8,504,2,snr-greedy,6,0.9942,0.9944,,ON,success
1790643815.853148,1790643822.2256997,9,506,1,snr-greedy,6,0.0016,0.0,,OFF,failed
1790643813.8188643,1790643824.3090916,3,528,1,snr-greedy,6,0.9897,0.9938,,UNKNOWN,success
1790643815.4169843,1790643825.340696,6,527,1,snr-greedy,6,0.9933,0.9933,,OFF,success
1790643816.556303,1790643826.019516,1,530,2,snr-greedy,6,0.9915,0.9915,,OFF,success
1790643817.5628633,1790643827.860908,7,521,2,snr-greedy,6,0.9901,0.9938,,OFF,success
1790643819.4052007,1790643828.9236193,5,529,1,snr-greedy,6,0.9932,0.9933,,OFF,success
1790643821.856663,1790643829.9212096,10,528,2,snr-greedy,6,0.9901,0.9901,,OFF,failed
1790643825.8599415,1790643832.4019978,2,511,2,snr-greedy,6,0.9899,0.9915,,OFF,failed
1790643825.8610048,1790643833.0195737,4,524,1,snr-greedy,6,0.9925,0.9914,,OFF,failed
1790643824.9595528,1790643834.7339768,8,505,1,snr-greedy,6,0.0001,0.0,,OFF,success
1790643825.4555554,1790643836.2681897,9,507,1,snr-greedy,6,0.991,0.991,,OFF,success
1790643827.5342014,1790643838.3135579,3,529,1,snr-greedy,6,0.9941,0.9938,,OFF,success
1790643829.3384018,1790643840.3732688,1,531,1,snr-greedy,6,0.9933,0.9915,,OFF,success
1790643828.5066302,1790643840.667838,6,528,2,snr-greedy,6,0.9914,0.9938,,OFF,failed
1790643831.0911682,1790643842.2005155,7,522,2,snr-greedy,6,0.9925,0.9933,,OFF,success
1790643832.2246523,1790643843.538438,5,530,2,snr-greedy,6,0.9914,0.9915,,OFF,failed
1790643887.432258,1790643893.3250613,4,528,2,state-aware,6,0.0302,0.6089,,OFF,failed
1790643882.3106835,1790643893.5394497,2,515,2,state-aware,6,0.0029,0.9848,,OFF,success
1790643888.4332578,1790643894.4210413,8,509,2,state-aware,6,0.989,0.9904,,OFF,failed
1790643884.2287612,1790643895.3687623,3,533,1,state-aware,6,0.9933,0.9925,,OFF,success
1790643887.1267805,1790643897.1963806,9,511,1,state-aware,6,0.9926,0.9925,,OFF,success
1790643888.5592482,1790643899.1365392,1,535,1,state-aware,6,0.9938,0.9899,,OFF,success
1790643889.6553288,1790643900.5697224,6,532,1,state-aware,6,0.9926,0.9914,,OFF,success
1790643893.967382,1790643903.5472302,10,533,2,state-aware,6,0.9899,0.9942,,OFF,success
1790643892.1281602,1790643904.3711383,7,526,2,state-aware,6,0.9925,0.9938,,OFF,failed
1790643895.6096735,1790643905.0865655,5,534,1,state-aware,6,0.9938,0.9925,,OFF,success
1790643897.6940513,1790643907.5378304,8,510,1,state-aware,6,0.9932,0.9942,,OFF,success
1790643898.6025136,1790643909.0634496,3,534,2,state-aware,6,0.9933,0.9916,,OFF,success
1790643896.748625,1790643909.602147,2,516,1,state-aware,6,0.9834,0.9933,,OFF,failed
1790643901.445677,1790643909.6801336,4,529,1,state-aware,6,0.9848,0.9905,,OFF,failed
1790643900.4039176,1790643911.4537897,9,512,2,state-aware,6,0.9938,0.9938,,OFF,success
1790643903.8908846,1790643914.4304192,6,533,2,state-aware,6,0.9916,0.9938,,OFF,success
1790643902.3629942,1790643915.4066765,1,536,2,state-aware,6,0.9925,0.9914,,OFF,failed
1790643906.766569,1790643917.4860337,10,534,1,state-aware,6,0.9914,0.9915,,OFF,success
1790643907.5889487,1790643918.3909192,7,527,1,state-aware,6,0.9901,0.9926,,OFF,success
1790643908.3069804,1790643919.4323125,5,535,2,state-aware,6,0.9938,0.9901,,OFF,success
1790643910.7814255,1790643921.0533457,8,511,1,state-aware,6,0.9925,0.9942,,ON,success
1790643912.8963227,1790643923.098185,4,530,2,state-aware,6,0.9923,0.9924,,ON,success
1790643918.4588077,1790643924.4312353,2,517,2,state-aware,6,0.9921,0.9915,,OFF,failed
1790643914.6781473,1790643924.9443352,9,513,2,state-aware,6,0.9902,0.9916,,UNKNOWN,success
1790643917.4570715,1790643925.0488212,3,535,1,state-aware,6,0.9942,0.9925,,OFF,failed
1790643917.782375,1790643928.5570304,6,534,2,state-aware,6,0.9933,0.9942,,OFF,success
1790643918.665838,1790643929.4633484,1,537,1,state-aware,6,0.9925,0.9881,,OFF,success
1790643921.6206625,1790643931.4227006,7,528,1,state-aware,6,0.9932,0.9944,,OFF,success
1790643920.7842655,1790643931.4947135,10,535,2,state-aware,6,0.9914,0.9938,,OFF,success
1790643922.6599448,1790643932.0333645,5,536,1,state-aware,6,0.9943,0.9914,,OFF,success
1790643924.4148166,1790643933.956714,8,512,1,state-aware,6,0.9915,0.9916,,OFF,success
1790643926.3253376,1790643936.9662068,4,531,1,state-aware,6,0.9932,0.99,,OFF,success
1790643928.27357,1790643938.3516243,3,536,2,state-aware,6,0.9943,0.9938,,OFF,success
1790643927.7575607,1790643939.5911915,2,518,2,state-aware,6,0.112,0.9911,,OFF,failed
1790643931.766408,1790643941.9427013,6,535,1,state-aware,6,0.9933,0.9942,,OFF,success
1790643932.6893282,1790643943.8141327,1,538,1,state-aware,6,0.9925,0.9914,,OFF,success
1790643934.7234032,1790643944.7204602,10,536,1,state-aware,6,0.9877,0.9899,,OFF,success
1790643939.4687796,1790643946.368688,7,529,1,state-aware,6,0.9914,0.9938,,OFF,failed
1790643935.250338,1790643946.8731372,5,537,2,state-aware,6,0.9942,0.9938,,OFF,failed
1790643937.204758,1790643949.3176491,8,513,1,state-aware,6,0.9925,0.9944,,OFF,failed
1790643940.2064102,1790643949.843526,4,532,2,state-aware,6,0.99,0.9914,,OFF,success
1790643941.5926936,1790643951.8619678,3,537,2,state-aware,6,0.9942,0.9942,,OFF,success
1790643942.919291,1790643952.7207215,2,519,2,state-aware,6,0.174,0.9898,,OFF,success
1790643945.162961,1790643956.2134671,6,536,2,state-aware,6,0.9933,0.9938,,OFF,success
1790643947.0360014,1790643956.8034775,1,539,1,state-aware,6,0.9926,0.9933,,OFF,success
1790643947.9362457,1790643957.9549294,10,537,2,state-aware,6,0.9901,0.9916,,OFF,success
1790643950.068681,1790643960.2754529,5,538,1,state-aware,6,0.9938,0.9925,,OFF,success
1790643949.5879002,1790643961.1056397,7,530,2,state-aware,6,0.9915,0.9942,,OFF,failed
1790643953.1400886,1790643963.9532232,4,533,1,state-aware,6,0.99,0.9933,,OFF,success
1790643952.527967,1790643964.4816945,8,514,2,state-aware,6,0.9925,0.9942,,OFF,failed
1790643955.0246468,1790643965.826919,3,538,2,state-aware,6,0.9942,0.9937,,OFF,success
1790643956.0560603,1790643966.2028651,2,520,1,state-aware,6,0.9943,0.9943,,OFF,success
1790643958.178144,1790643967.7406862,9,516,1,state-aware,6,0.9933,0.9915,,OFF,success
1790643960.0093732,1790643970.7066948,1,540,1,state-aware,6,0.9933,0.9925,,OFF,success
1790643961.2283785,1790643971.157834,10,538,2,state-aware,6,0.9854,0.9938,,OFF,success
1790643964.3187757,1790643974.32432,7,531,1,state-aware,6,0.9881,0.9926,,UNKNOWN,success
1790643963.636191,1790643976.0403235,5,539,1,state-aware,6,0.9926,0.9901,,OFF,failed
1790643967.1935163,1790643977.1899142,4,534,1,state-aware,6,0.0,0.0,,OFF,success
1790643972.505672,1790643978.7307315,8,515,1,state-aware,6,0.9925,0.9944,,OFF,failed
1790643974.5136774,1790643980.7416482,2,521,1,state-aware,6,0.9938,0.9925,,OFF,failed
1790643974.5120707,1790643981.2892811,3,539,2,state-aware,6,0.0,0.0,,OFF,failed
1790643979.5173059,1790643985.3466957,1,541,1,state-aware,6,0.9915,0.9882,,OFF,failed
1790643974.4659882,1790643986.8104925,10,539,2,state-aware,6,0.9874,0.9893,,OFF,failed
1790643977.5148745,1790643988.5389817,7,532,1,state-aware,6,0.9924,0.9941,,OFF,success
1790643979.2587452,1790643989.368808,5,540,2,state-aware,6,0.9931,0.9931,,OFF,success
1790643981.9781456,1790643991.522186,8,516,2,state-aware,6,0.9933,0.9933,,OFF,success
1790643980.4234965,1790643992.3285263,4,535,1,state-aware,6,0.9913,0.9925,,OFF,failed
1790643983.996807,1790643993.543147,2,522,2,state-aware,6,0.9914,0.9938,,OFF,success
1790643984.4099274,1790643994.6812937,3,540,1,state-aware,6,0.9888,0.9799,,OFF,success
1790643988.524296,1790644001.3435552,1,542,2,state-aware,6,0.9933,0.9881,,OFF,failed
1790643995.5304208,1790644002.1612606,6,539,2,state-aware,6,0.9819,0.989,,OFF,failed
1790643995.5295608,1790644002.696457,10,540,2,state-aware,6,0.0,0.0,,OFF,failed
1790643992.5894096,1790644002.7694364,5,541,2,state-aware,6,0.9938,0.9915,,OFF,success
1790643994.7165887,1790644005.8519766,8,517,2,state-aware,6,0.9938,0.9944,,OFF,success
1790643995.591251,1790644006.349243,4,536,2,state-aware,6,0.9924,0.9914,,OFF,success
1790643996.6981113,1790644007.6107247,2,523,2,state-aware,6,0.9915,0.9933,,OFF,success
1790643997.9087381,1790644008.708321,3,541,1,state-aware,6,0.9933,0.9933,,OFF,success
1790643999.8417318,1790644011.9769142,9,519,1,state-aware,6,0.9933,0.9914,,OFF,failed
1790644005.9904804,1790644015.61051,5,542,2,state-aware,6,0.9938,0.9925,,OFF,success
1790644011.566257,1790644017.822754,10,541,2,state-aware,6,0.0,0.0,,ON,failed
1790644010.5644906,1790644018.4740088,6,540,1,state-aware,6,0.992,0.994,,OFF,failed
1790644009.0676837,1790644019.2672477,8,518,2,state-aware,6,0.9925,0.9925,,OFF,success
1790644009.5823722,1790644019.86026,4,537,2,state-aware,6,0.9914,0.9924,,OFF,success
1790644010.6775804,1790644023.2471902,2,524,2,state-aware,6,0.9932,0.9925,,OFF,failed
1790644011.9340878,1790644023.9657385,3,542,1,state-aware,6,0.9942,0.9942,,ON,failed
1790644015.3189268,1790644027.1647046,9,520,2,state-aware,6,0.9937,0.9925,,UNKNOWN,failed
1790643933.465994,,9,514,1,state-aware,6,0.994,0.9937,,OFF,unavailable
1790644018.917405,1790644029.946701,5,543,2,state-aware,6,0.8804,0.8689,,OFF,success
1790644021.0337617,1790644030.431713,10,542,1,state-aware,6,0.8333,0.0,,OFF,success
1790644026.572379,1790644032.498865,7,535,1,state-aware,6,0.0,0.0,,OFF,failed
1790644027.5741258,1790644033.2870026,6,541,1,state-aware,6,0.9901,0.9933,,OFF,failed
1790644022.5325322,1790644034.3300483,8,519,2,state-aware,6,0.0,0.0,,OFF,failed
1790644028.5766423,1790644034.5159566,4,538,2,state-aware,6,0.9925,0.9915,,OFF,failed
1790644026.47756,1790644036.0604773,2,525,1,state-aware,6,0.9915,0.9925,,OFF,success
1790644027.1804368,1790644037.070132,3,543,2,state-aware,6,0.9942,0.9937,,OFF,success
1790644030.542115,1790644041.5028756,9,521,1,state-aware,6,0.9933,0.9925,,OFF,success
1790644033.651275,1790644044.9528754,10,543,1,state-aware,6,0.9913,0.9912,,OFF,success
1790644033.1375635,1790644045.7096252,5,544,2,state-aware,6,0.9942,0.9932,,OFF,failed
1790644034.1482186,1790644046.273302,1,545,1,state-aware,6,0.9916,0.9899,,OFF,failed
1790644036.6075778,1790644047.1105888,6,542,2,state-aware,6,0.9932,0.9942,,OFF,success
1790644037.521064,1790644047.9229102,8,520,2,state-aware,6,0.1453,0.7455,,OFF,success
1790644035.7384996,1790644048.7585702,7,536,2,state-aware,6,0.9925,0.9944,,OFF,failed
1790644039.504683,1790644049.2755876,2,526,1,state-aware,6,0.9914,0.9926,,OFF,success
1790644042.5830655,1790644050.895045,4,539,2,state-aware,6,0.9938,0.9915,,OFF,failed
1790644040.290998,1790644051.6488824,3,544,2,state-aware,6,0.9938,0.9925,,OFF,failed
1790643959.587512,,6,537,2,state-aware,6,0.0,0.0,,OFF,unavailable
1790644044.6141117,1790644055.4265723,9,522,1,state-aware,6,0.9915,0.9883,,OFF,success
1790644048.3253982,1790644058.491584,10,544,1,state-aware,6,0.9898,0.9933,,OFF,success
1790644051.1605663,1790644060.7244651,8,521,2,state-aware,6,0.9924,0.9938,,OFF,success
1790644054.5896063,1790644060.853656,1,546,2,state-aware,6,0.9937,0.9931,,OFF,failed
1790644054.5887494,1790644061.366232,5,545,2,state-aware,6,0.0,0.0,,OFF,failed
1790644050.3331425,1790644061.4783297,6,543,2,state-aware,6,0.9901,0.9933,,OFF,success
1790644052.4965205,1790644062.803196,2,527,1,state-aware,6,0.9915,0.9915,,OFF,success
1790644051.9691954,1790644063.280902,7,537,2,state-aware,6,0.0031,0.9743,,OFF,success
1790643970.9799821,,9,517,2,state-aware,6,0.9932,0.9938,,OFF,unavailable
1790644054.2501538,1790644067.407086,4,540,1,state-aware,6,0.99,0.9915,,OFF,failed
1790644054.8352838,1790644067.8240457,3,545,1,state-aware,6,0.9926,0.9925,,OFF,failed
1790644058.6464462,1790644071.1013846,9,523,1,state-aware,6,0.9933,0.9915,,OFF,failed
1790644061.700381,1790644072.0139115,10,545,1,state-aware,6,0.9899,0.9938,,OFF,success
1790644064.054371,1790644074.787743,1,547,1,state-aware,6,0.8535,0.8535,,OFF,success
1790644069.601359,1790644076.6019568,5,546,1,state-aware,6,0.8887,0.8535,,UNKNOWN,failed
1790644066.0203977,1790644077.2272854,2,528,2,state-aware,6,0.0,0.9932,,UNKNOWN,success
1790644064.9421961,1790644078.0388477,6,544,2,state-aware,6,0.8535,0.8535,,UNKNOWN,failed
1790644070.6198895,1790644081.3171058,4,541,2,state-aware,6,0.9914,0.9914,,UNKNOWN,success
1790644071.0309362,1790644081.8586686,3,546,2,state-aware,6,0.9938,0.9933,,UNKNOWN,success
1790643991.8456483,,7,533,1,state-aware,6,0.9914,0.9938,,OFF,unavailable
1790644074.4375153,1790644085.4080544,9,524,2,state-aware,6,0.9938,0.9932,,UNKNOWN,success
1790644075.2022777,1790644085.434922,10,546,1,state-aware,6,0.9881,0.9901,,UNKNOWN,success
1790644078.0764241,1790644089.6414366,1,548,1,state-aware,6,0.9925,0.9915,,OFF,failed
1790644079.8235664,1790644090.2198749,5,547,2,state-aware,6,0.0,0.0,,OFF,success
1790644080.4715977,1790644091.5586822,2,529,1,state-aware,6,0.9902,0.9915,,OFF,success
1790644081.3873534,1790644092.4798663,6,545,2,state-aware,6,0.0,0.9739,,OFF,success
1790644084.9622114,1790644094.813219,3,547,2,state-aware,6,0.9933,0.9902,,OFF,success
1790644084.6451252,1790644095.6470697,4,542,2,state-aware,6,0.0,0.9924,,OFF,success
1790644004.583333,,1,543,1,state-aware,6,0.9882,0.9882,,OFF,unavailable
1790644088.661703,1790644100.4468164,10,547,1,state-aware,6,0.8554,0.8805,,OFF,failed
1790644093.6127374,1790644101.9033382,9,525,2,state-aware,6,0.9916,0.9933,,OFF,failed
1790644093.4201813,1790644103.126965,5,548,2,state-aware,6,0.9941,0.9937,,OFF,success
1790644092.8568642,1790644103.935585,1,549,2,state-aware,6,0.9932,0.9881,,OFF,success
1790644094.7824063,1790644105.1774037,2,530,1,state-aware,6,0.9941,0.9925,,OFF,success
1790644095.9164739,1790644106.1181026,6,546,2,state-aware,6,0.0522,0.0098,,OFF,success
1790644097.5744429,1790644107.3116426,7,540,1,state-aware,6,0.0,0.0,,OFF,success
1790644103.6189246,1790644110.2877798,3,548,2,state-aware,6,0.9938,0.9914,,OFF,failed
1790644098.8731856,1790644111.4141982,4,543,2,state-aware,6,0.9915,0.9915,,OFF,failed
1790644103.702493,1790644113.891497,10,548,1,state-aware,6,0.99,0.9925,,OFF,success
1790644154.26335,1790644165.0090246,6,550,1,round-robin,6,0.9926,0.9933,,OFF,success
1790644153.7358212,1790644166.1305292,1,553,1,round-robin,6,0.9938,0.9915,,OFF,failed
1790644156.8107543,1790644166.6223001,7,544,1,round-robin,6,0.9924,0.9924,,OFF,success
1790644157.2140844,1790644168.0390155,8,528,1,round-robin,6,0.9941,0.9923,,OFF,success
1790644158.1705282,1790644170.5221193,3,552,1,round-robin,6,0.9914,0.9925,,OFF,failed
1790644161.5338597,1790644171.3157094,4,547,1,round-robin,6,0.9914,0.9913,,OFF,success
1790644164.2078476,1790644173.5805154,10,552,1,round-robin,6,0.9914,0.9931,,OFF,success
1790644165.6480656,1790644176.133087,5,553,1,round-robin,6,0.9932,0.9937,,OFF,success
1790644167.1083918,1790644176.8479438,9,530,1,round-robin,6,0.9924,0.9938,,OFF,success
1790644167.6758277,1790644177.1658812,2,535,1,round-robin,6,0.9933,0.9914,,OFF,success
1790644168.237593,1790644178.8082485,6,551,2,round-robin,6,0.9915,0.9939,,OFF,success
1790644169.8554196,1790644179.922108,7,545,2,round-robin,6,0.9925,0.9915,,OFF,success
1790644169.3584967,1790644180.7491567,1,554,2,round-robin,6,0.9915,0.9902,,OFF,success
1790644171.257032,1790644181.3571355,8,529,2,round-robin,6,0.9942,0.9925,,ON,success
1790644173.7421432,1790644184.1203613,3,553,2,round-robin,6,0.9938,0.9933,,OFF,success
1790644174.63527,1790644186.0585268,4,548,2,round-robin,6,0.9902,0.9883,,OFF,success
1790644176.8177414,1790644186.8003054,10,553,2,round-robin,6,0.9882,0.9915,,OFF,success
1790644179.347389,1790644189.064596,5,554,2,round-robin,6,0.9915,0.9915,,OFF,success
1790644180.3943336,1790644190.7767155,2,536,2,round-robin,6,0.9932,0.9916,,OFF,success
1790644182.0331252,1790644192.8287516,6,552,1,round-robin,6,0.9915,0.9942,,OFF,success
1790644185.1161408,1790644193.3548477,9,531,2,round-robin,6,0.9915,0.9926,,OFF,failed
1790644183.1513739,1790644193.9450605,7,546,1,round-robin,6,0.9915,0.9915,,OFF,success
1790644184.584101,1790644195.1167614,8,530,1,round-robin,6,0.9942,0.9933,,OFF,success
1790644183.9736688,1790644196.305494,1,555,1,round-robin,6,0.9926,0.9914,,OFF,failed
1790644187.4604933,1790644198.2410202,3,554,1,round-robin,6,0.9937,0.9925,,OFF,success
1790644190.015214,1790644200.0942662,10,554,1,round-robin,6,0.9901,0.9915,,OFF,success
1790644189.2858639,1790644201.0124514,4,549,1,round-robin,6,0.99,0.9914,,OFF,failed
1790644192.287206,1790644203.5095701,5,555,1,round-robin,6,0.9925,0.9925,,OFF,success
1790644193.997849,1790644204.3973053,2,537,1,round-robin,6,0.9915,0.9916,,OFF,success
1790644196.0552948,1790644206.1348708,6,553,2,round-robin,6,0.9901,0.99,,OFF,success
1790644196.5802336,1790644207.1810007,9,532,1,round-robin,6,0.9938,0.9925,,OFF,success
1790644197.1739717,1790644208.2035465,7,547,2,round-robin,6,0.9914,0.9924,,OFF,success
1790644198.351553,1790644208.907607,8,531,2,round-robin,6,0.9944,0.9933,,OFF,success
1790644199.5315185,1790644209.5155687,1,556,2,round-robin,6,0.9915,0.9914,,OFF,success
1790644201.4067292,1790644211.3541653,3,555,2,round-robin,6,0.9925,0.9937,,OFF,success
1790644203.315632,1790644216.1715386,10,555,2,round-robin,6,0.9881,0.9916,,OFF,failed
1790644204.242683,1790644216.686169,4,550,2,round-robin,6,0.9923,0.9924,,OFF,failed
1790644206.8420541,1790644217.0830216,5,556,2,round-robin,6,0.9915,0.9926,,OFF,success
1790644207.725903,1790644217.5084825,2,538,2,round-robin,6,0.9926,0.9933,,OFF,success
1790644210.4005642,1790644220.0658674,9,533,2,round-robin,6,0.9938,0.9916,,OFF,success
1790644209.3516533,1790644221.0062768,6,554,1,round-robin,6,0.9926,0.9933,,OFF,failed
1790644211.424588,1790644222.1115282,7,548,1,round-robin,6,0.9925,0.9933,,OFF,success
1790644212.1245422,1790644222.8724923,8,532,1,round-robin,6,0.9942,0.9938,,OFF,success
1790644212.843514,1790644223.2418566,1,557,1,round-robin,6,0.9942,0.9942,,OFF,success
1790644214.5724967,1790644225.8021944,3,556,1,round-robin,6,0.9925,0.9933,,OFF,success
1790644219.396572,1790644230.71477,10,556,1,round-robin,6,0.9852,0.0,,ON,success
1790644220.346315,1790644230.911749,5,557,1,round-robin,6,0.9932,0.9925,,ON,success
1790644220.7396276,1790644231.7363098,2,539,1,round-robin,6,0.9901,0.9901,,ON,success
1790644219.9177365,1790644232.5862865,4,551,1,round-robin,6,0.99,0.988,,ON,failed
1790644224.2002857,1790644234.1092136,6,555,2,round-robin,6,0.9924,0.9925,,OFF,success
1790644226.097465,1790644236.241031,8,533,2,round-robin,6,0.9914,0.9925,,OFF,success
1790644223.3876324,1790644236.3751616,9,534,1,round-robin,6,0.9932,0.9942,,OFF,failed
1790644226.4758334,1790644236.9654949,1,558,2,round-robin,6,0.993,0.992,,OFF,success
1790644225.3424006,1790644237.6811604,7,549,2,round-robin,6,0.9925,0.9925,,OFF,failed
1790644229.0247257,1790644239.6441393,3,557,2,round-robin,6,0.9914,0.9901,,OFF,success
1790644234.961217,1790644244.535936,2,540,2,round-robin,6,0.9933,0.9933,,OFF,success
1790644234.149976,1790644245.679418,5,558,2,round-robin,6,0.9932,0.9921,,OFF,failed
1790644239.1554613,1790644246.5165467,10,557,2,round-robin,6,0.9899,0.9867,,OFF,failed
1790644235.812213,1790644248.320448,4,552,2,round-robin,6,0.9924,0.9924,,OFF,failed
1790644239.5998027,1790644249.4523642,9,535,2,round-robin,6,0.896,0.004,,OFF,success
1790644237.338542,1790644250.2732234,6,556,1,round-robin,6,0.9925,0.9941,,OFF,failed
1790644240.9105701,1790644250.785258,7,550,1,round-robin,6,0.9916,0.9915,,OFF,success
1790644239.3986673,1790644251.0873954,8,534,1,round-robin,6,0.7285,0.9938,,OFF,failed
1790644240.1839154,1790644251.1890388,1,559,1,round-robin,6,0.9925,0.9924,,OFF,success
1790644248.1595495,1790644254.675211,3,558,1,round-robin,6,0.9938,0.9915,,OFF,failed
1790644248.9108565,1790644258.6623304,5,559,1,round-robin,6,0.9914,0.9901,,OFF,success
1790644247.7611673,1790644258.8970098,2,541,1,round-robin,6,0.9937,0.9925,,OFF,success
1790644249.743256,1790644260.4098976,10,558,1,round-robin,6,0.9923,0.9944,,OFF,success
1790644251.6837122,1790644262.0525458,4,553,1,round-robin,6,0.9923,0.9922,,OFF,success
1790644252.67071,1790644262.6955962,9,536,1,round-robin,6,0.9915,0.9932,,OFF,success
1790644253.9972794,1790644263.498083,7,551,2,round-robin,6,0.9924,0.9924,,OFF,success
1790644254.4084,1790644265.444669,1,560,2,round-robin,6,0.8554,0.8333,,OFF,success
1790644253.4788778,1790644265.9351928,6,557,2,round-robin,6,0.0,0.9236,,OFF,failed
1790644260.1646223,1790644267.061246,8,535,2,round-robin,6,0.9797,0.9942,,OFF,failed
1790644257.9976115,1790644268.2015004,3,559,2,round-robin,6,0.9915,0.9901,,OFF,success
1790644262.1905909,1790644271.582553,2,542,2,round-robin,6,0.9912,0.9916,,OFF,success
1790644261.8790317,1790644272.9030142,5,560,2,round-robin,6,0.9914,0.9901,,OFF,success
1790644263.6437168,1790644274.4515839,10,559,2,round-robin,6,0.9882,0.9902,,OFF,success
1790644265.915718,1790644276.282926,9,537,2,round-robin,6,0.9938,0.9933,,OFF,success
1790644266.7302964,1790644277.5114157,7,552,1,round-robin,6,0.9902,0.9925,,OFF,success
1790644268.7769392,1790644278.0181274,1,561,1,round-robin,6,0.9915,0.9925,,OFF,success
1790644269.2721086,1790644278.5349877,6,558,1,round-robin,6,0.9913,0.9941,,OFF,success
1790644270.275774,1790644280.4868855,8,536,1,round-robin,6,0.9937,0.9941,,OFF,success
1790644271.4258993,1790644282.4168699,3,560,1,round-robin,6,0.9926,0.9925,,UNKNOWN,success
1790644274.9040384,1790644284.389812,2,543,1,round-robin,6,0.9933,0.9925,,OFF,success
1790644276.1349297,1790644285.6303935,5,561,1,round-robin,6,0.9915,0.9925,,OFF,success
1790644277.6879148,1790644289.7018182,10,560,1,round-robin,6,0.9925,0.9938,,OFF,failed
1790644279.6074862,1790644290.8478901,9,538,1,round-robin,6,0.9933,0.9926,,OFF,success
1790644280.7427883,1790644291.0521684,7,553,2,round-robin,6,0.9924,0.9924,,OFF,success
1790644281.7655096,1790644291.961949,6,559,2,round-robin,6,0.9931,0.9933,,OFF,success
1790644287.1804633,1790644294.440154,1,562,2,round-robin,6,0.9932,0.9937,,OFF,failed
1790644285.5841906,1790644296.8921077,3,561,2,round-robin,6,0.9938,0.9933,,OFF,success
1790644287.628032,1790644298.3034663,2,544,2,round-robin,6,0.9901,0.9925,,OFF,success
1790644288.9621334,1790644298.627072,5,562,2,round-robin,6,0.9926,0.9925,,OFF,success
1790644294.0699258,1790644303.419059,9,539,2,round-robin,6,0.9901,0.022,,OFF,success
1790644292.9290066,1790644303.5271683,10,561,2,round-robin,6,0.9933,0.9939,,OFF,success
1790644295.1894438,1790644305.3706644,6,560,1,round-robin,6,0.9925,0.9925,,OFF,success
1790644297.1189854,1790644306.7157118,4,556,1,round-robin,6,0.9899,0.9881,,OFF,success
1790644294.2751,1790644307.5213277,7,554,1,round-robin,6,0.9865,0.9901,,OFF,failed
1790644297.7168648,1790644308.9904315,1,563,1,round-robin,6,0.0001,0.0,,OFF,success
1790644300.1122563,1790644309.398051,3,562,1,round-robin,6,0.9926,0.9916,,OFF,success
1790644301.5215042,1790644311.8231466,2,545,1,round-robin,6,0.9938,0.9925,,OFF,success
1790644301.865058,1790644312.3407285,5,563,1,round-robin,6,0.9932,0.9932,,OFF,success
1790644308.5943253,1790644318.4064054,6,561,2,round-robin,6,0.9901,0.9926,,OFF,success
1790644306.6369607,1790644320.0029588,9,540,1,round-robin,6,0.0,0.022,,OFF,failed
1790644310.0488448,1790644320.5217428,4,557,2,round-robin,6,0.9914,0.9914,,OFF,success
1790644310.7496624,1790644321.2308502,7,555,2,round-robin,6,0.9914,0.9925,,OFF,success
1790644312.6249795,1790644322.4685118,3,563,2,round-robin,6,0.9925,0.9915,,OFF,success
1790644313.34852,1790644323.426586,8,539,1,round-robin,6,0.9925,0.9933,,OFF,success
1790644315.0414243,1790644325.0633276,2,546,2,round-robin,6,0.9926,0.9938,,OFF,success
1790644312.2631755,1790644325.6487226,1,564,2,round-robin,6,0.9925,0.99,,OFF,failed
1790644315.6680617,1790644326.4625154,5,564,2,round-robin,6,0.9915,0.9915,,OFF,success
1790644321.6302803,1790644331.4686966,6,562,1,round-robin,6,0.9708,0.0001,,OFF,success
1790644323.7579794,1790644333.4236867,4,558,1,round-robin,6,0.9901,0.99,,OFF,success
1790644324.4097106,1790644333.9562366,7,556,1,round-robin,6,0.9902,0.9901,,OFF,success
1790644323.2319312,1790644334.1425433,9,541,2,round-robin,6,0.7924,0.3632,,OFF,success
1790644325.6946497,1790644336.6098166,3,564,1,round-robin,6,0.9933,0.9933,,OFF,success
1790644326.7593462,1790644337.11613,8,540,2,round-robin,6,0.9942,0.9938,,OFF,success
1790644328.292171,1790644339.3672795,2,547,1,round-robin,6,0.0,0.9813,,OFF,success
1790644328.8696678,1790644339.8055859,1,565,1,round-robin,6,0.9901,0.9901,,OFF,success
1790644329.6824772,1790644340.0720856,5,565,1,round-robin,6,0.9915,0.9925,,OFF,success
1790644334.681565,1790644344.0744169,6,563,2,round-robin,6,0.9932,0.9932,,OFF,success
1790644336.6544075,1790644347.6806886,4,559,2,round-robin,6,0.9881,0.004,,OFF,success
1790644337.36556,1790644347.9840965,9,542,1,round-robin,6,0.0,0.0,,OFF,success
1790644339.8321638,1790644349.2026403,3,565,2,round-robin,6,0.9933,0.9925,,OFF,success
1790644342.2447114,1790644349.7033167,7,557,2,round-robin,6,0.9901,0.9901,,OFF,failed
1790644343.2463212,1790644350.6523027,10,564,2,round-robin,6,0.9915,0.9867,,OFF,failed
1790644340.3362765,1790644351.4694636,8,541,1,round-robin,6,0.9915,0.9926,,OFF,success
1790644342.5938027,1790644352.8848302,2,548,2,round-robin,6,0.9932,0.9938,,OFF,success
1790644343.037547,1790644353.6965625,1,566,2,round-robin,6,0.9942,0.9938,,OFF,success
1790644349.250497,1790644355.2612293,5,566,2,round-robin,6,0.9932,0.9944,,OFF,failed
1790644265.3740811,,4,554,2,round-robin,6,0.9924,0.9932,,OFF,unavailable
1790644347.2979455,1790644359.1251154,6,564,1,round-robin,6,0.9915,0.9938,,OFF,failed
1790644350.8801188,1790644360.8830285,4,560,1,round-robin,6,0.0841,0.9909,,OFF,success
1790644351.175226,1790644361.895384,9,543,2,round-robin,6,0.9936,0.9931,,OFF,success
1790644352.4102032,1790644362.509984,3,566,1,round-robin,6,0.9932,0.9933,,OFF,success
1790644353.8629327,1790644363.4257526,10,565,1,round-robin,6,0.9925,0.9938,,OFF,success
1790644354.697294,1790644364.6692286,8,542,2,round-robin,6,0.9932,0.9941,,OFF,success
1790644352.9242966,1790644366.642717,7,558,1,round-robin,6,0.9924,0.9924,,OFF,failed
1790644356.9277492,1790644367.0259619,1,567,1,round-robin,6,0.9914,0.9924,,OFF,success
1790644356.1170928,1790644367.4262147,2,549,1,round-robin,6,0.9942,0.9925,,OFF,success
1790644358.4841814,1790644367.8291495,5,567,1,round-robin,6,0.9937,0.9932,,OFF,success
1790644362.3576288,1790644373.243018,6,565,2,round-robin,6,0.99,0.9882,,OFF,success
1790644364.1263344,1790644373.774954,4,561,2,round-robin,6,0.9925,0.9913,,OFF,success
1790644283.7116177,,8,537,2,round-robin,6,0.9925,0.9933,,OFF,unavailable
1790644365.117173,1790644374.8142626,9,544,1,round-robin,6,0.9933,0.9938,,OFF,success
1790644365.8368495,1790644376.3619518,3,567,2,round-robin,6,0.9925,0.9915,,OFF,success
1790644366.5872781,1790644376.7673347,10,566,2,round-robin,6,0.9901,0.9938,,OFF,success
1790644367.8756163,1790644380.3569422,8,543,1,round-robin,6,0.9941,0.9942,,ON,failed
1790644370.3587928,1790644380.9457254,1,568,2,round-robin,6,0.9861,0.9913,,OFF,success
1790644370.6485035,1790644381.244434,2,550,2,round-robin,6,0.992,0.9915,,OFF,success
1790644371.0643895,1790644381.2556736,5,568,2,round-robin,6,0.9931,0.99,,OFF,success
1790644428.8223338,1790644434.61285,10,570,2,ewma,7,0.9,0.9878,,OFF,failed
1790644423.1747096,1790644435.4429526,6,569,1,ewma,7,0.9,0.9887,,UNKNOWN,failed
1790644424.515646,1790644435.9370484,3,571,1,ewma,7,0.9932,0.9932,,UNKNOWN,success
1790644430.0741625,1790644441.2911704,7,563,1,ewma,7,0.8442,0.976,,OFF,success
1790644435.8242507,1790644443.0252142,8,547,1,ewma,7,0.989,0.989,,OFF,failed
1790644432.5117989,1790644444.353793,1,572,1,ewma,7,0.9933,0.9924,,OFF,failed
1790644431.3954237,1790644444.769714,2,554,2,ewma,7,0.0,0.9734,,OFF,failed
1790644436.2159111,1790644446.8150542,9,549,1,ewma,7,0.9925,0.9915,,OFF,success
1790644437.8172793,1790644447.6189687,10,571,1,ewma,7,0.9902,0.9933,,OFF,success
1790644438.63749,1790644449.5424807,6,570,2,ewma,7,0.0016,0.0,,OFF,success
1790644444.8270245,1790644451.4117868,3,572,1,ewma,7,0.9925,0.9925,,OFF,failed
1790644446.5308805,1790644456.828906,5,573,2,ewma,7,0.9937,0.9915,,OFF,success
1790644447.7908633,1790644457.1451454,1,573,2,ewma,7,0.0,0.9901,,OFF,success
1790644446.2341654,1790644457.734733,8,548,2,ewma,7,0.9938,0.9938,,OFF,success
1790644450.1488984,1790644460.4053578,9,550,1,ewma,7,0.9901,0.9915,,OFF,success
1790644453.8289263,1790644461.1447203,2,555,1,ewma,7,0.9857,0.9925,,OFF,failed
1790644452.76961,1790644463.904462,6,571,2,ewma,7,0.9937,0.9932,,OFF,success
1790644454.5954955,1790644465.73409,3,573,2,ewma,7,0.9902,0.9926,,OFF,success
1790644460.3568494,1790644470.1450133,1,574,2,ewma,7,0.9735,0.9597,,OFF,success
1790644460.067418,1790644472.2105494,5,574,2,ewma,7,0.0,0.364,,OFF,failed
1790644466.8323922,1790644472.9822767,8,549,2,ewma,7,0.9926,0.9926,,OFF,failed
1790644463.7351043,1790644473.2095733,9,551,1,ewma,7,0.9915,0.9925,,OFF,success
1790644464.3421338,1790644474.8710551,2,556,1,ewma,7,0.7002,0.9924,,OFF,success
1790644466.4977412,1790644475.9071367,4,568,2,ewma,7,0.9912,0.9898,,OFF,success
1790644467.2244356,1790644477.232209,6,572,2,ewma,7,0.9925,0.9925,,OFF,success
1790644468.9588661,1790644479.0405161,3,574,2,ewma,7,0.9925,0.9926,,OFF,success
1790644475.426261,1790644486.1082468,5,575,1,ewma,7,0.9937,0.9925,,OFF,success
1790644473.362067,1790644486.336926,1,575,2,ewma,7,0.9933,0.9881,,ON,failed
1790644476.2084484,1790644487.37206,8,550,2,ewma,7,0.9933,0.9705,,OFF,success
1790644478.0936143,1790644488.6784387,2,557,1,ewma,7,0.9915,0.9916,,OFF,success
1790644481.8364146,1790644489.7023673,7,566,1,ewma,7,0.0,0.9932,,OFF,failed
1790644476.415873,1790644489.7903097,9,552,1,ewma,7,0.0029,0.954,,OFF,failed
1790644479.1298544,1790644490.4081845,4,569,2,ewma,7,0.9914,0.9925,,OFF,success
1790644479.7021766,1790644490.7119374,10,574,1,ewma,7,0.9882,0.9937,,OFF,success
1790644480.418165,1790644492.480741,6,573,2,ewma,7,0.9926,0.9914,,OFF,failed
1790644482.3024752,1790644494.2008,3,575,2,ewma,7,0.9933,0.9933,,OFF,failed
1790644489.5754151,1790644500.7515233,1,576,2,ewma,7,0.9924,0.9923,,OFF,success
1790644490.6042435,1790644501.272163,8,551,2,ewma,7,0.9939,0.9925,,OFF,success
1790644489.333982,1790644502.1885958,5,576,1,ewma,7,0.9901,0.9915,,OFF,failed
1790644493.0949497,1790644503.110209,9,553,1,ewma,7,0.0029,0.0308,,OFF,success
1790644493.6339645,1790644503.3039727,4,570,2,ewma,7,0.0008,0.9911,,OFF,success
1790644494.0208733,1790644505.464389,10,575,1,ewma,7,0.9938,0.99,,OFF,failed
1790644495.587339,1790644505.8926146,6,574,2,ewma,7,0.9931,0.9943,,OFF,success
1790644497.8406835,1790644506.3847964,7,567,2,ewma,7,0.6192,0.9932,,OFF,failed
1790644497.5268812,1790644507.6537626,3,576,2,ewma,7,0.9915,0.9933,,OFF,success
1790644503.9647946,1790644515.2941947,1,577,2,ewma,7,0.0,0.0,,OFF,success
1790644504.503278,1790644515.5157325,8,552,2,ewma,7,0.9915,0.9942,,OFF,success
1790644506.5476856,1790644517.7691064,4,571,2,ewma,7,0.9782,0.985,,OFF,success
1790644505.4016995,1790644518.258921,5,577,2,ewma,7,0.0826,0.8684,,OFF,failed
1790644511.8459098,1790644518.8987663,9,554,1,ewma,7,0.9873,0.9837,,OFF,failed
1790644508.7893424,1790644519.6254115,10,576,1,ewma,7,0.9899,0.99,,OFF,success
1790644509.1293225,1790644520.6191208,6,575,2,ewma,7,0.0008,0.9753,,OFF,failed
1790644510.872695,1790644521.863512,3,577,2,ewma,7,0.9925,0.9932,,OFF,success
1790644514.8476498,1790644522.447711,7,568,1,ewma,7,0.99,0.9932,,OFF,failed
1790644518.9337122,1790644528.951307,8,553,2,ewma,7,0.99,0.9881,,OFF,success
1790644436.5242293,,4,566,1,ewma,7,0.9913,0.9913,,OFF,unavailable
1790644520.264679,1790644530.2507982,2,560,1,ewma,7,0.9942,0.9925,,OFF,success
1790644523.8572478,1790644530.6735861,1,578,2,ewma,7,0.9867,0.9819,,ON,failed
1790644520.9915414,1790644532.2862146,4,572,2,ewma,7,0.9881,0.9882,,OFF,success
1790644521.4911814,1790644533.9494798,5,578,1,ewma,7,0.9931,0.9925,,ON,failed
1790644522.856095,1790644534.1525302,10,577,1,ewma,7,0.9925,0.9933,,ON,success
1790644522.1116765,1790644534.2687998,9,555,1,ewma,7,0.9938,0.9932,,ON,failed
1790644444.476832,,7,564,1,ewma,7,0.9923,0.9932,,OFF,unavailable
1790644525.084367,1790644535.1505353,3,578,2,ewma,7,0.9925,0.0056,,OFF,success
1790644523.8485806,1790644535.282554,6,576,2,ewma,7,0.9942,0.9933,,ON,failed
1790644530.8606455,1790644536.713255,7,569,2,ewma,7,0.9931,0.9925,,OFF,failed
1790644532.159418,1790644542.739472,8,554,2,ewma,7,0.0,0.9939,,OFF,success
1790644533.4487529,1790644542.9425933,2,561,1,ewma,7,0.9915,0.9915,,OFF,success
1790644533.8606205,1790644544.1658974,1,579,2,ewma,7,0.9931,0.9914,,OFF,success
1790644450.8217046,,10,572,1,ewma,7,0.9902,0.0,,OFF,unavailable
1790644535.6160762,1790644546.216698,4,573,2,ewma,7,0.9914,0.9925,,OFF,success
1790644538.5366933,1790644548.2784462,6,577,2,ewma,7,0.8896,0.8689,,OFF,success
1790644542.8652925,1790644549.1890192,10,578,1,ewma,7,0.9901,0.9933,,OFF,failed
1790644543.8674018,1790644550.008116,3,579,2,ewma,7,0.9915,0.8903,,OFF,failed
1790644539.9267604,1790644550.3147428,7,570,1,ewma,7,0.9925,0.9923,,OFF,success
1790644547.3944821,1790644557.0033925,1,580,2,ewma,7,0.9944,0.9923,,OFF,success
1790644550.8727841,1790644557.5837104,8,555,2,ewma,7,0.9833,0.9942,,OFF,failed
1790644546.1811829,1790644559.4521992,2,562,1,ewma,7,0.9932,0.9925,,OFF,failed
1790644549.5497966,1790644559.6502151,4,574,2,ewma,7,0.9901,0.9882,,OFF,success
1790644551.518954,1790644560.9600837,6,578,2,ewma,7,0.0001,0.0,,OFF,success
1790644552.4105654,1790644562.6903188,10,579,1,ewma,7,0.9926,0.9938,,OFF,success
1790644553.5280302,1790644562.8996632,7,571,1,ewma,7,0.9898,0.9925,,OFF,success
1790644553.2438943,1790644564.8586538,3,580,2,ewma,7,0.9915,0.9915,,OFF,success
1790644560.2213223,1790644570.625412,1,581,2,ewma,7,0.0001,0.0,,OFF,success
1790644560.8091166,1790644571.1023915,8,556,2,ewma,7,0.9915,0.9926,,OFF,success
1790644562.647508,1790644572.8578453,2,563,1,ewma,7,0.9915,0.9925,,OFF,success
1790644562.9831517,1790644575.4226792,4,575,2,ewma,7,0.9908,0.991,,OFF,failed
1790644566.1256583,1790644576.9606056,7,572,1,ewma,7,0.9924,0.9932,,OFF,success
1790644564.2942564,1790644577.3459291,6,579,2,ewma,7,0.9915,0.9942,,OFF,failed
1790644570.8857796,1790644578.7838786,10,580,1,ewma,7,0.99,0.9938,,ON,failed
1790644572.887608,1790644580.0107174,5,581,1,ewma,7,0.994,0.9922,,ON,failed
1790644572.8872793,1790644580.316628,9,558,2,ewma,7,0.326,0.003,,ON,failed
1790644573.8885705,1790644580.6563587,3,581,2,ewma,7,0.9842,0.9853,,UNKNOWN,failed
1790644491.9677424,,2,558,1,ewma,7,0.9925,0.9925,,OFF,unavailable
1790644578.8917847,1790644585.4554343,1,582,2,ewma,7,0.9895,0.9825,,UNKNOWN,failed
1790644576.094213,1790644586.1809745,2,564,1,ewma,7,0.9926,0.9925,,UNKNOWN,success
1790644579.8942065,1790644586.7860746,8,557,2,ewma,7,0.8689,0.9875,,UNKNOWN,failed
1790644578.6508164,1790644589.1150904,4,576,2,ewma,7,0.9924,0.9912,,UNKNOWN,success
1790644580.5758238,1790644590.0487795,6,580,2,ewma,7,0.9933,0.9933,,UNKNOWN,success
1790644580.1866326,1790644591.58004,7,573,1,ewma,7,0.9937,0.9925,,UNKNOWN,failed
1790644582.1045475,1790644593.2554443,10,581,1,ewma,7,0.9915,0.9933,,UNKNOWN,success
1790644583.5314903,1790644595.8740711,9,559,1,ewma,7,0.8728,0.0002,,UNKNOWN,failed
1790644588.900065,1790644596.4992747,3,582,2,ewma,7,0.9853,0.9867,,OFF,failed
1790644588.6870053,1790644599.7953627,1,583,2,ewma,7,0.9941,0.9914,,OFF,success
1790644589.4056923,1790644600.5950155,2,565,1,ewma,7,0.9932,0.9925,,OFF,success
1790644590.0205476,1790644601.1092768,8,558,2,ewma,7,0.9924,0.9932,,OFF,success
1790644593.3732538,1790644602.6383932,6,581,2,ewma,7,0.9937,0.9942,,OFF,success
1790644597.9109669,1790644604.280774,4,577,2,ewma,7,0.9915,0.9925,,OFF,failed
1790644594.7939315,1790644605.2987273,7,574,1,ewma,7,0.9924,0.9913,,OFF,success
1790644596.4647856,1790644607.0445268,10,582,1,ewma,7,0.9933,0.9942,,OFF,success
1790644599.0984313,1790644609.9139767,9,560,2,ewma,7,0.0,0.0,,OFF,success
1790644604.9250891,1790644611.4647818,3,583,1,ewma,7,0.9922,0.993,,OFF,failed
1790644603.0269666,1790644612.6719658,1,584,2,ewma,7,0.9933,0.9901,,OFF,success
1790644604.3300292,1790644614.0317345,8,559,2,ewma,7,0.9901,0.9939,,OFF,success
1790644603.825318,1790644615.0698986,2,566,1,ewma,7,0.0,0.9897,,OFF,success
1790644605.8676803,1790644617.1962125,6,582,2,ewma,7,0.9938,0.9925,,OFF,success
1790644608.6157873,1790644618.7151957,7,575,1,ewma,7,0.9916,0.9933,,OFF,success
1790644610.2808845,1790644620.1737838,10,583,1,ewma,7,0.9932,0.9933,,OFF,success
1790644613.1251705,1790644623.3369346,9,561,2,ewma,7,0.9942,0.9926,,OFF,success
1790644614.6823854,1790644624.5528755,3,584,2,ewma,7,0.9915,0.9915,,OFF,success
1790644614.1376774,1790644625.0684524,5,584,2,ewma,7,0.9914,0.9914,,OFF,success
1790644615.8889031,1790644625.4962296,1,585,2,ewma,7,0.9938,0.9915,,OFF,success
1790644617.211039,1790644627.037494,8,560,2,ewma,7,0.9926,0.9933,,OFF,success
1790644537.2630026,,5,579,2,ewma,7,0.9899,0.9922,,OFF,unavailable
1790644537.6951525,,9,556,2,ewma,7,0.9901,0.99,,OFF,unavailable
1790644618.2936294,1790644631.4077227,2,567,1,ewma,7,0.9916,0.9926,,OFF,failed
1790644620.5227208,1790644631.8461661,6,583,2,ewma,7,0.9933,0.9941,,OFF,success
1790644623.3669162,1790644634.9329782,10,584,1,ewma,7,0.9914,0.9942,,OFF,failed
1790644626.6878674,1790644636.4610426,9,562,2,ewma,7,0.9938,0.9926,,OFF,success
1790644628.727402,1790644638.7898257,1,586,2,ewma,7,0.99,0.99,,OFF,success
1790644633.9417088,1790644640.2401845,5,585,2,ewma,7,0.9914,0.9914,,OFF,failed
1790644632.9398317,1790644640.756549,3,585,2,ewma,7,0.0168,0.0,,OFF,failed
1790644634.649023,1790644645.072769,2,568,1,ewma,7,0.9933,0.9943,,OFF,success
1790644635.282196,1790644645.9846137,6,584,2,ewma,7,0.9901,0.9902,,OFF,success
1790644636.5856028,1790644646.6741629,4,580,2,ewma,7,0.9931,0.9924,,OFF,success
1790644638.1283293,1790644647.490747,10,585,1,ewma,7,0.9925,0.9933,,OFF,success
1790644639.675905,1790644649.2410436,9,563,2,ewma,7,0.9933,0.9941,,OFF,success
1790644642.0087564,1790644653.2343302,1,587,2,ewma,7,0.9926,0.9914,,OFF,success
1790644643.4628372,1790644654.3723588,5,586,2,ewma,7,0.0,0.0,,OFF,success
1790644648.9503798,1790644655.3735573,3,586,2,ewma,7,0.8593,0.8535,,OFF,failed
1790644693.9133608,1790644704.330907,6,588,1,snr-greedy,7,0.9857,0.9931,,OFF,success
1790644695.964971,1790644706.3970807,10,589,1,snr-greedy,7,0.9925,0.9915,,OFF,success
1790644698.0137677,1790644708.5301933,7,581,1,snr-greedy,7,0.9915,0.9915,,OFF,success
1790644697.2945879,1790644709.9508762,9,567,2,snr-greedy,7,0.9914,0.9943,,OFF,failed
1790644703.1545217,1790644712.7176497,5,590,1,snr-greedy,7,0.9925,0.9925,,OFF,success
1790644703.5628123,1790644714.2811637,1,591,1,snr-greedy,7,0.9925,0.9925,,OFF,success
1790644705.3092594,1790644715.2818327,3,590,2,snr-greedy,7,0.9925,0.9932,,OFF,success
1790644707.0373547,1790644717.3301623,8,566,2,snr-greedy,7,0.9925,0.9938,,OFF,success
1790644707.558777,1790644718.7646348,6,589,2,snr-greedy,7,0.9931,0.9931,,OFF,success
1790644711.7526991,1790644721.3222241,7,582,2,snr-greedy,7,0.9883,0.9933,,OFF,success
1790644713.1870282,1790644722.6639454,9,568,1,snr-greedy,7,0.9942,0.9933,,OFF,success
1790644717.4740686,1790644726.9491177,1,592,1,snr-greedy,7,0.9926,0.9914,,OFF,success
1790644715.938215,1790644727.07771,5,591,2,snr-greedy,7,0.9932,0.9932,,OFF,success
1790644718.5130234,1790644730.229955,3,591,2,snr-greedy,7,0.9915,0.9925,,OFF,failed
1790644721.9846492,1790644732.4000888,6,590,1,snr-greedy,7,0.8689,0.8333,,OFF,success
1790644720.5525463,1790644732.8857129,8,567,2,snr-greedy,7,0.9914,0.9938,,OFF,failed
1790644724.5511591,1790644735.6547759,7,583,2,snr-greedy,7,0.9925,0.9937,,OFF,success
1790644729.555803,1790644735.798839,2,574,1,snr-greedy,7,0.8943,0.9886,,ON,failed
1790644725.8711596,1790644736.272068,9,569,1,snr-greedy,7,0.9938,0.9925,,OFF,success
1790644730.2668898,1790644742.4303463,5,592,1,snr-greedy,7,0.869,0.9915,,ON,failed
1790644730.191598,1790644743.0358346,1,593,1,snr-greedy,7,0.9915,0.0,,ON,failed
1790644733.4511216,1790644746.4148939,3,592,1,snr-greedy,7,0.9915,0.9817,,ON,failed
1790644737.4759886,1790644746.8440244,4,587,2,snr-greedy,7,0.0,0.9896,,UNKNOWN,success
1790644735.6290357,1790644747.3454032,6,591,1,snr-greedy,7,0.8689,0.0,,ON,failed
1790644739.202292,1790644748.5930357,2,575,2,snr-greedy,7,0.0053,0.988,,OFF,success
1790644741.5590587,1790644749.2042894,8,568,1,snr-greedy,7,0.9914,0.9704,,OFF,failed
1790644739.8110986,1790644750.2062159,10,592,2,snr-greedy,7,0.9805,0.9853,,OFF,success
1790644744.5619845,1790644751.3171065,9,570,1,snr-greedy,7,0.9942,0.9925,,OFF,failed
1790644744.560989,1790644752.0656123,7,584,2,snr-greedy,7,0.9925,0.9937,,OFF,failed
1790644746.2594945,1790644756.0574036,1,594,1,snr-greedy,7,0.9932,0.9913,,OFF,success
1790644745.655677,1790644756.2430823,5,593,2,snr-greedy,7,0.9925,0.9932,,OFF,success
1790644749.74465,1790644759.546921,3,593,1,snr-greedy,7,0.9925,0.9925,,OFF,success
1790644750.5728703,1790644760.7508178,6,592,1,snr-greedy,7,0.9933,0.9914,,OFF,success
1790644751.8112926,1790644761.261299,2,576,2,snr-greedy,7,0.993,0.9932,,OFF,success
1790644752.3088741,1790644763.3476007,8,569,2,snr-greedy,7,0.992,0.9941,,OFF,success
1790644753.5198555,1790644764.1338487,10,593,2,snr-greedy,7,0.9925,0.9944,,OFF,success
1790644755.1859298,1790644764.538081,7,585,2,snr-greedy,7,0.9914,0.9925,,OFF,success
1790644754.484567,1790644766.0002835,9,571,2,snr-greedy,7,0.9933,0.9942,,OFF,success
1790644764.5773058,1790644770.6970131,1,595,1,snr-greedy,7,0.9932,0.9924,,OFF,failed
1790644759.457059,1790644770.7794278,5,594,1,snr-greedy,7,0.9872,0.9853,,OFF,success
1790644762.7487974,1790644772.5585124,3,594,2,snr-greedy,7,0.9925,0.9937,,OFF,success
1790644763.9954453,1790644774.201069,6,593,2,snr-greedy,7,0.0,0.0008,,OFF,success
1790644764.5133717,1790644776.957161,2,577,1,snr-greedy,7,0.9925,0.9925,,OFF,failed
1790644766.575581,1790644776.9628818,8,570,2,snr-greedy,7,0.9915,0.9933,,OFF,success
1790644767.4572608,1790644778.1857202,10,594,2,snr-greedy,7,0.9925,0.9944,,OFF,success
1790644769.227887,1790644778.993842,9,572,2,snr-greedy,7,0.9926,0.9939,,OFF,success
1790644767.880061,1790644780.549738,7,586,1,snr-greedy,7,0.9932,0.9933,,OFF,failed
1790644775.8803003,1790644785.7383547,3,595,2,snr-greedy,7,0.9915,0.9925,,OFF,success
1790644779.5923913,1790644786.3909779,1,596,1,snr-greedy,7,0.9938,0.9901,,OFF,failed
1790644774.0037508,1790644786.9613774,5,595,2,snr-greedy,7,0.8689,0.8689,,OFF,failed
1790644777.4175568,1790644788.3973076,6,594,2,snr-greedy,7,0.9915,0.9938,,OFF,success
1790644780.1777353,1790644789.7349188,8,571,1,snr-greedy,7,0.985,0.9397,,OFF,success
1790644699.5354517,,2,572,2,snr-greedy,7,0.0,0.9149,,OFF,unavailable
1790644779.8456237,1790644790.7498996,4,590,1,snr-greedy,7,0.0,0.0,,OFF,success
1790644781.4108715,1790644791.866916,10,595,2,snr-greedy,7,0.9925,0.9941,,OFF,success
1790644782.1984212,1790644792.809571,9,573,1,snr-greedy,7,0.9942,0.9942,,OFF,success
1790644785.595603,1790644793.3104343,2,578,1,snr-greedy,7,0.9937,0.9901,,ON,failed
1790644789.0750418,1790644799.692281,3,596,1,snr-greedy,7,0.9915,0.9883,,OFF,success
1790644709.206257,,4,585,1,snr-greedy,7,0.0,0.0,,OFF,unavailable
1790644709.6281068,,10,590,2,snr-greedy,7,0.9899,0.9915,,OFF,unavailable
1790644789.6040435,1790644801.3241706,1,597,1,snr-greedy,7,0.0029,0.0004,,OFF,failed
1790644795.62388,1790644802.1310515,5,596,1,snr-greedy,7,0.9933,0.9933,,OFF,failed
1790644791.6210585,1790644802.533899,6,595,2,snr-greedy,7,0.9915,0.9925,,OFF,success
1790644793.982474,1790644804.5758455,4,591,1,snr-greedy,7,0.9913,0.9899,,OFF,success
1790644795.1420143,1790644805.8188214,10,596,2,snr-greedy,7,0.9933,0.9938,,OFF,success
1790644796.0344572,1790644806.6524951,9,574,1,snr-greedy,7,0.9943,0.9942,,OFF,success
1790644796.5398343,1790644808.8018036,2,579,2,snr-greedy,7,0.0004,0.9942,,OFF,failed
1790644802.9147556,1790644813.5856566,3,597,1,snr-greedy,7,0.9925,0.9926,,OFF,success
1790644805.3485746,1790644816.5856786,5,597,1,snr-greedy,7,0.8638,0.0905,,OFF,success
1790644804.5536263,1790644817.157413,1,598,1,snr-greedy,7,0.9942,0.9924,,OFF,failed
1790644805.7607617,1790644818.8393273,6,596,1,snr-greedy,7,0.9925,0.9913,,OFF,failed
1790644807.9088812,1790644820.4479454,4,592,1,snr-greedy,7,0.9937,0.9931,,OFF,failed
1790644809.150742,1790644820.476886,10,597,2,snr-greedy,7,0.9931,0.9938,,OFF,success
1790644809.8620906,1790644820.5657024,9,575,1,snr-greedy,7,0.9926,0.9925,,OFF,success
1790644811.5735846,1790644822.2027724,7,589,1,snr-greedy,7,0.9932,0.9931,,OFF,success
1790644812.0265677,1790644824.482825,2,580,2,snr-greedy,7,0.9914,0.9915,,OFF,failed
1790644816.8175097,1790644826.3147492,3,598,2,snr-greedy,7,0.9925,0.9925,,OFF,success
1790644819.8191864,1790644830.374222,5,598,1,snr-greedy,7,0.0,0.0,,OFF,success
1790644822.0745113,1790644831.8105013,6,597,2,snr-greedy,7,0.9915,0.9915,,OFF,success
1790644823.7773764,1790644834.3763723,9,576,1,snr-greedy,7,0.8943,0.8689,,OFF,success
1790644828.6399412,1790644835.2136369,10,598,2,snr-greedy,7,0.0,0.0,,OFF,failed
1790644825.5370786,1790644836.532577,7,590,2,snr-greedy,7,0.9901,0.9925,,OFF,success
1790644829.641157,1790644837.0661817,4,593,1,snr-greedy,7,0.9923,0.9901,,OFF,failed
1790644827.700467,1790644837.2965615,2,581,2,snr-greedy,7,0.9925,0.9932,,OFF,success
1790644829.536951,1790644838.8912055,3,599,2,snr-greedy,7,0.9933,0.9933,,OFF,success
1790644750.0702841,,4,588,2,snr-greedy,7,0.9924,0.9925,,OFF,unavailable
1790644834.967336,1790644844.324615,6,598,1,snr-greedy,7,0.016,0.0,,ON,success
1790644833.5993855,1790644844.8274517,5,599,1,snr-greedy,7,0.9915,0.9899,,ON,success
1790644837.606864,1790644848.2218924,9,577,1,snr-greedy,7,0.9932,0.9925,,OFF,success
1790644839.7560575,1790644850.2871115,7,591,1,snr-greedy,7,0.9925,0.9924,,OFF,success
1790644840.4711492,1790644850.8659532,2,582,1,snr-greedy,7,0.9932,0.9924,,OFF,success
1790644845.6498845,1790644851.683299,4,594,1,snr-greedy,7,0.9923,0.9912,,OFF,failed
1790644842.1069252,1790644853.2257507,3,600,1,snr-greedy,7,0.9932,0.9932,,OFF,success
1790644847.5488355,1790644860.0830905,6,599,1,snr-greedy,7,0.9939,0.9928,,OFF,failed
1790644848.0535238,1790644860.7265084,5,600,1,snr-greedy,7,0.9925,0.9925,,OFF,failed
1790644851.0315523,1790644861.1034935,8,576,1,snr-greedy,7,0.0029,0.0,,OFF,success
1790644852.1330125,1790644861.640562,1,601,1,snr-greedy,7,0.9915,0.99,,OFF,success
1790644851.4298317,1790644862.11517,9,578,2,snr-greedy,7,0.9868,0.9929,,OFF,success
1790644853.5082939,1790644863.1914892,7,592,2,snr-greedy,7,0.7847,0.9752,,OFF,success
1790644855.0037932,1790644865.3948948,4,595,1,snr-greedy,7,0.9924,0.9923,,OFF,success
1790644859.655892,1790644866.6660106,2,583,1,snr-greedy,7,0.9942,0.9938,,OFF,failed
1790644856.4333992,1790644867.7619262,3,601,1,snr-greedy,7,0.9932,0.9933,,OFF,success
1790644864.3312182,1790644873.7183936,8,577,1,snr-greedy,7,0.9915,0.9914,,OFF,success
1790644863.3016505,1790644874.222427,6,600,2,snr-greedy,7,0.0,0.0001,,OFF,success
1790644863.8502703,1790644875.114599,5,601,2,snr-greedy,7,0.9932,0.9932,,OFF,success
1790644864.8688722,1790644875.2376404,1,602,1,snr-greedy,7,0.9933,0.9925,,OFF,success
1790644865.2861454,1790644875.5348194,9,579,2,snr-greedy,7,0.9914,0.9932,,OFF,success
1790644783.7782445,,7,587,1,snr-greedy,7,0.9901,0.9901,,ON,unavailable
1790644865.895183,1790644876.1551926,10,601,1,snr-greedy,7,0.9933,0.0302,,OFF,success
1790644866.9206657,1790644876.8795006,7,593,1,snr-greedy,7,0.9925,0.9924,,OFF,success
1790644868.749969,1790644879.7411158,4,596,2,snr-greedy,7,0.9901,0.9915,,OFF,success
1790644869.891619,1790644879.8467884,2,584,2,snr-greedy,7,0.9925,0.9932,,OFF,success
1790644870.9926026,1790644881.410564,3,602,2,snr-greedy,7,0.9932,0.9933,,OFF,success
1790644792.9516826,,8,572,2,snr-greedy,7,0.9938,0.9938,,OFF,unavailable
1790644876.936626,1790644886.3250825,8,578,2,snr-greedy,7,0.9933,0.9942,,OFF,success
1790644877.448581,1790644888.1533325,6,601,2,snr-greedy,7,0.9925,0.9925,,OFF,success
1790644878.7538388,1790644888.7499025,9,580,1,snr-greedy,7,0.9924,0.991,,OFF,success
1790644878.4511995,1790644888.971408,1,603,2,snr-greedy,7,0.9912,0.9925,,OFF,success
1790644879.3968606,1790644889.3057582,10,602,2,snr-greedy,7,0.9933,0.9942,,OFF,success
1790644880.107788,1790644890.817363,7,594,1,snr-greedy,7,0.9933,0.9915,,OFF,success
1790644883.6776972,1790644891.1442547,5,602,2,snr-greedy,7,0.9899,0.9913,,ON,failed
1790644883.0695019,1790644893.4854894,2,585,1,snr-greedy,7,0.8535,0.9915,,ON,success
1790644884.619361,1790644894.794633,3,603,2,snr-greedy,7,0.8535,0.9924,,UNKNOWN,success
1790644888.6811922,1790644896.0144145,4,597,2,snr-greedy,7,0.9899,0.9932,,OFF,failed
1790644889.5447545,1790644900.1460662,8,579,2,snr-greedy,7,0.9942,0.9944,,OFF,success
1790644892.5013127,1790644902.4775214,10,603,2,snr-greedy,7,0.9915,0.9938,,OFF,success
1790644892.1802049,1790644902.8144805,1,604,2,snr-greedy,7,0.9901,0.9916,,OFF,success
1790644891.37443,1790644903.4010146,6,602,2,snr-greedy,7,0.9901,0.9915,,OFF,failed
1790644897.6853824,1790644904.1144567,9,581,2,snr-greedy,7,0.9925,0.9926,,OFF,failed
1790644894.356117,1790644904.518092,5,603,1,snr-greedy,7,0.9911,0.99,,OFF,success
1790644894.0309,1790644906.3718028,7,595,2,snr-greedy,7,0.9925,0.9925,,OFF,success
1790644896.7018516,1790644907.5063019,2,586,1,snr-greedy,7,0.9925,0.9926,,OFF,success
1790644898.0191846,1790644907.6267893,3,604,2,snr-greedy,7,0.9915,0.9942,,OFF,success
1790644899.24186,1790644909.2692823,4,598,2,snr-greedy,7,0.9898,0.9912,,OFF,success
1790644820.3861573,,1,599,1,snr-greedy,7,0.9938,0.99,,OFF,unavailable
1790644821.7578902,,8,574,2,snr-greedy,7,0.9938,0.9942,,OFF,unavailable
1790644903.2755635,1790644916.543587,8,580,1,snr-greedy,7,0.9942,0.9933,,OFF,failed
1790644905.7033474,1790644916.7043495,10,604,2,snr-greedy,7,0.9924,0.9943,,OFF,success
1790644906.091496,1790644916.8248148,1,605,2,snr-greedy,7,0.0095,0.0458,,OFF,success
1790644907.3429759,1790644917.7359793,9,582,1,snr-greedy,7,0.9915,0.9914,,OFF,success
1790644907.7494552,1790644918.050056,5,604,2,snr-greedy,7,0.9932,0.9931,,OFF,success
1790644911.714553,1790644918.4759014,6,603,1,snr-greedy,7,0.9914,0.9914,,OFF,failed
1790644909.4023542,1790644920.9090192,7,596,2,snr-greedy,7,0.9901,0.9925,,OFF,failed
1790644910.8236818,1790644921.2091799,2,587,2,snr-greedy,7,0.1644,0.9914,,OFF,success
1790644916.7184534,1790644922.8471446,3,605,1,snr-greedy,7,0.9925,0.9902,,OFF,failed
1790644912.457294,1790644923.3675778,4,599,1,snr-greedy,7,0.9925,0.9924,,OFF,success
1790644966.135536,1790644976.2110136,1,609,1,round-robin,7,0.9926,0.9932,,OFF,success
1790644966.4350863,1790644977.4350116,5,608,1,round-robin,7,0.9933,0.9925,,OFF,success
1790644968.454796,1790644978.0835583,6,607,1,round-robin,7,0.9882,0.9938,,OFF,success
1790644967.8425093,1790644978.5829358,10,608,1,round-robin,7,0.0956,0.6026,,OFF,success
1790644968.8940325,1790644979.09372,9,586,1,round-robin,7,0.9915,0.9938,,OFF,success
1790644970.1503248,1790644979.585763,2,591,1,round-robin,7,0.9902,0.9901,,OFF,success
1790644973.2086596,1790644980.6090596,7,600,1,round-robin,7,0.9878,0.9899,,OFF,failed
1790644970.9276285,1790644980.9139788,3,609,1,round-robin,7,0.9915,0.9925,,OFF,success
1790644973.920255,1790644983.9146729,4,603,1,round-robin,7,0.9901,0.9901,,OFF,success
1790644979.7240024,1790644989.9612498,8,585,1,round-robin,7,0.9942,0.9855,,OFF,success
1790644980.663413,1790644990.4407368,5,609,2,round-robin,7,0.9925,0.9925,,OFF,success
1790644979.4238195,1790644992.4958832,1,610,2,round-robin,7,0.0016,0.9938,,OFF,failed
1790644982.3172994,1790644992.8194304,9,587,2,round-robin,7,0.9901,0.9933,,OFF,success
1790644986.2158823,1790644992.9085557,6,608,2,round-robin,7,0.9915,0.9938,,OFF,failed
1790644987.2177334,1790644994.233014,10,609,2,round-robin,7,0.9833,0.9841,,UNKNOWN,failed
1790644984.2399092,1790644994.7609394,3,610,2,round-robin,7,0.9925,0.9925,,OFF,success
1790644983.8282156,1790644996.7981184,7,601,2,round-robin,7,0.0,0.9925,,OFF,failed
1790644987.6467288,1790644997.9209251,4,604,2,round-robin,7,0.9914,0.9914,,UNKNOWN,success
1790644993.1422503,1790645004.5944626,8,586,2,round-robin,7,0.9938,0.9938,,OFF,success
1790644993.6710603,1790645004.6832745,5,610,1,round-robin,7,0.9937,0.9932,,OFF,success
1790645001.2271023,1790645008.4565854,1,611,1,round-robin,7,0.0,0.0,,OFF,failed
1790645003.2303793,1790645009.6851366,3,611,1,round-robin,7,0.9933,0.9933,,OFF,failed
1790644997.5555403,1790645010.2146866,10,610,1,round-robin,7,0.0,0.0,,OFF,failed
1790645001.1423924,1790645010.8061202,4,605,1,round-robin,7,0.9914,0.9901,,OFF,success
1790645000.037362,1790645011.0205426,7,602,1,round-robin,7,0.9933,0.9901,,OFF,success
1790645013.233893,1790645020.546017,8,587,1,round-robin,7,0.9926,0.9926,,OFF,failed
1790645011.095732,1790645020.6457984,2,594,1,round-robin,7,0.9925,0.9925,,OFF,success
1790645007.9156523,1790645021.2608197,5,611,2,round-robin,7,0.9921,0.994,,OFF,failed
1790645011.6879404,1790645022.2925725,1,612,2,round-robin,7,0.9925,0.99,,OFF,success
1790645014.0441437,1790645023.53969,4,606,2,round-robin,7,0.0004,0.5256,,OFF,success
1790645013.4436615,1790645024.040995,10,611,2,round-robin,7,0.9925,0.9933,,OFF,success
1790645019.2369392,1790645026.376901,7,603,2,round-robin,7,0.0,0.9901,,OFF,failed
1790645023.876023,1790645033.5431097,2,595,2,round-robin,7,0.8943,0.9933,,OFF,success
1790645025.5087078,1790645034.9009585,1,613,1,round-robin,7,0.0,0.0,,OFF,success
1790645024.4903514,1790645035.387261,5,612,1,round-robin,7,0.9924,0.9924,,OFF,success
1790645026.730558,1790645036.3162162,4,607,1,round-robin,7,0.8707,0.8535,,OFF,success
1790645026.2152622,1790645036.624731,6,611,2,round-robin,7,0.0001,0.0,,OFF,success
1790645027.3765106,1790645036.8198464,10,612,1,round-robin,7,0.9914,0.9942,,OFF,success
1790645029.6992817,1790645039.6117892,7,604,1,round-robin,7,0.9925,0.9925,,OFF,success
1790645036.7642019,1790645048.2245138,2,596,1,round-robin,7,0.993,0.9901,,ON,failed
1790645038.5882876,1790645048.7922268,5,613,2,round-robin,7,0.9924,0.9933,,ON,success
1790645038.080578,1790645048.8067245,1,614,2,round-robin,7,0.0,0.9896,,ON,success
1790645040.1346843,1790645051.0809906,10,613,2,round-robin,7,0.9879,0.989,,OFF,success
1790645040.6694822,1790645051.5941737,3,614,1,round-robin,7,0.9942,0.9942,,OFF,success
1790645045.2460637,1790645052.193658,4,608,2,round-robin,7,0.0,0.0062,,OFF,failed
1790645042.2977078,1790645052.387056,9,591,2,round-robin,7,0.8689,0.0526,,OFF,success
1790645045.247148,1790645052.7938726,6,612,1,round-robin,7,0.0001,0.0008,,OFF,failed
1790645048.249408,1790645055.4931362,7,605,2,round-robin,7,0.9925,0.9925,,OFF,failed
1790645051.6467054,1790645062.0229762,2,597,2,round-robin,7,0.9915,0.9915,,OFF,success
1790645054.2860618,1790645064.1698086,10,614,1,round-robin,7,0.9933,0.9942,,OFF,success
1790645052.0548553,1790645064.6878152,1,615,1,round-robin,7,0.8887,0.8689,,OFF,failed
1790645057.2521477,1790645065.1902905,5,614,1,round-robin,7,0.9925,0.9901,,OFF,failed
1790645060.2553952,1790645066.8365808,3,615,2,round-robin,7,0.9944,0.9933,,OFF,failed
1790645061.25931,1790645068.046814,6,613,2,round-robin,7,0.989,0.9867,,OFF,failed
1790645061.2581468,1790645068.56033,9,592,1,round-robin,7,0.9885,0.0526,,OFF,failed
1790645061.2575634,1790645068.6966677,4,609,1,round-robin,7,0.0,0.0001,,OFF,failed
1790645058.703817,1790645068.880171,7,606,1,round-robin,7,0.9913,0.9932,,OFF,success
1790645065.2423155,1790645076.144107,2,598,1,round-robin,7,0.9931,0.9933,,OFF,success
1790644982.9156659,,2,592,2,round-robin,7,0.9931,0.9923,,OFF,unavailable
1790645068.4161022,1790645078.1173427,5,615,2,round-robin,7,0.9925,0.9938,,OFF,success
1790645067.3993495,1790645078.6328628,10,615,2,round-robin,7,0.0,0.0,,OFF,success
1790645067.9050658,1790645078.736113,1,616,2,round-robin,7,0.9481,0.8821,,OFF,success
1790645070.0613568,1790645079.4283755,3,616,1,round-robin,7,0.9938,0.9924,,OFF,success
1790645071.3957186,1790645082.7021823,6,614,1,round-robin,7,0.9898,0.9932,,OFF,failed
1790645071.7867386,1790645083.0424325,9,593,2,round-robin,7,0.0,0.2255,,OFF,success
1790645077.2644093,1790645083.3560271,4,610,2,round-robin,7,0.7741,0.0001,,OFF,failed
1790644996.1253896,,6,609,1,round-robin,7,0.9929,0.992,,OFF,unavailable
1790645079.3610482,1790645088.8505266,2,599,2,round-robin,7,0.9915,0.9915,,OFF,success
1790645081.3515544,1790645090.9017904,5,616,1,round-robin,7,0.0328,0.0,,OFF,success
1790645081.9128623,1790645091.7143114,1,617,1,round-robin,7,0.9933,0.99,,OFF,success
1790645082.7542078,1790645093.9640749,3,617,2,round-robin,7,0.9933,0.9914,,OFF,success
1790645087.269078,1790645094.5807586,10,616,1,round-robin,7,0.8535,0.8974,,ON,failed
1790645084.4159484,1790645095.3112323,8,592,2,round-robin,7,0.9925,0.9933,,OFF,success
1790645085.936098,1790645095.842944,6,615,2,round-robin,7,0.0,0.9509,,ON,success
1790645001.227868,,9,588,1,round-robin,7,0.9914,0.9901,,OFF,unavailable
1790645086.2635942,1790645099.1097019,9,594,1,round-robin,7,0.8887,0.0,,ON,failed
1790645086.6251612,1790645099.2874296,4,611,1,round-robin,7,0.9912,0.991,,ON,failed
1790645092.0568297,1790645103.0834079,2,600,1,round-robin,7,0.0,0.9925,,ON,success
1790645094.124037,1790645104.8588178,5,617,2,round-robin,7,0.0,0.9878,,UNKNOWN,success
1790645094.9389763,1790645105.3294477,1,618,2,round-robin,7,0.9933,0.99,,OFF,success
1790645012.912186,,3,612,2,round-robin,7,0.9924,0.9932,,OFF,unavailable
1790645097.1830595,1790645106.5936155,3,618,1,round-robin,7,0.9938,0.9926,,OFF,success
1790645098.5368297,1790645108.0213394,8,593,1,round-robin,7,0.9925,0.9933,,OFF,success
1790645099.0573604,1790645108.9419343,6,616,1,round-robin,7,0.9929,0.9938,,OFF,success
1790645100.8125732,1790645110.8693202,7,609,1,round-robin,7,0.9924,0.9932,,OFF,success
1790645102.7228596,1790645113.861167,4,612,2,round-robin,7,0.9913,0.9912,,OFF,success
1790645102.4318967,1790645114.3831077,9,595,2,round-robin,7,0.9923,0.0,,OFF,failed
1790645106.3086298,1790645117.5423644,2,601,2,round-robin,7,0.9925,0.9926,,OFF,success
1790645108.0471835,1790645118.8544264,5,618,1,round-robin,7,0.0,0.0,,OFF,success
1790645109.9251432,1790645120.0668907,3,619,2,round-robin,7,0.9938,0.9915,,OFF,success
1790645108.562808,1790645120.8994937,1,619,1,round-robin,7,0.9925,0.99,,OFF,failed
1790645029.2407837,,8,588,2,round-robin,7,0.9938,0.9925,,OFF,unavailable
1790645111.2138402,1790645122.1147366,8,594,2,round-robin,7,0.9924,0.9916,,OFF,success
1790645112.1558576,1790645122.6300154,6,617,2,round-robin,7,0.0318,0.0,,OFF,success
1790645114.0892951,1790645126.2227883,7,610,2,round-robin,7,0.9925,0.9925,,OFF,failed
1790645117.073211,1790645129.192161,4,613,1,round-robin,7,0.9913,0.9899,,OFF,failed
1790645117.6549823,1790645129.4989378,9,596,1,round-robin,7,0.9915,0.9938,,OFF,failed
1790645120.7614956,1790645132.1782298,2,602,1,round-robin,7,0.9938,0.9932,,OFF,failed
1790645122.0972676,1790645133.2817824,5,619,2,round-robin,7,0.9933,0.9925,,OFF,success
1790645124.2419753,1790645133.6245253,1,620,2,round-robin,7,0.9933,0.9914,,OFF,success
1790645123.2847958,1790645134.2078617,3,620,1,round-robin,7,0.9925,0.9916,,OFF,success
1790645125.4806519,1790645135.051437,8,595,1,round-robin,7,0.9925,0.9933,,OFF,success
1790645125.8677158,1790645138.2103333,6,618,1,round-robin,7,0.9912,0.994,,OFF,failed
1790645128.3533094,1790645138.7337396,10,619,1,round-robin,7,0.9931,0.9933,,OFF,success
1790645129.4431636,1790645142.4072905,7,611,1,round-robin,7,0.9901,0.9933,,OFF,failed
1790645132.4293103,1790645143.3423238,4,614,2,round-robin,7,0.9923,0.9913,,OFF,success
1790645132.8264966,1790645143.6298373,9,597,2,round-robin,7,0.9943,0.9857,,OFF,success
1790645135.3896077,1790645145.8854475,2,603,2,round-robin,7,0.9942,0.9937,,OFF,success
1790645055.0302205,,8,590,1,round-robin,7,0.9888,0.9894,,OFF,unavailable
1790645136.5143445,1790645146.5968351,5,620,1,round-robin,7,0.9932,0.9932,,OFF,success
1790645136.8446114,1790645147.1321266,1,621,1,round-robin,7,0.9874,0.9793,,OFF,success
1790645137.4220495,1790645148.7526145,3,621,2,round-robin,7,0.9942,0.9914,,OFF,failed
1790645138.234373,1790645149.3904786,8,596,2,round-robin,7,0.9937,0.9942,,OFF,success
1790645141.5877168,1790645153.04765,6,619,2,round-robin,7,0.4343,0.0,,OFF,success
1790645147.2950897,1790645153.9862819,10,620,2,round-robin,7,0.9926,0.9926,,OFF,failed
1790645146.5725136,1790645156.5313983,4,615,1,round-robin,7,0.9914,0.99,,OFF,success
1790645146.850727,1790645157.657537,9,598,1,round-robin,7,0.9936,0.9931,,OFF,success
1790645145.6294482,1790645157.8646977,7,612,2,round-robin,7,0.9914,0.9902,,OFF,failed
1790645149.2124662,1790645160.2222078,2,604,1,round-robin,7,0.9933,0.9926,,OFF,success
1790645149.949277,1790645160.7535498,5,621,2,round-robin,7,0.0,0.9941,,OFF,success
1790645150.351268,1790645161.232702,1,622,2,round-robin,7,0.9932,0.9912,,OFF,success
1790645151.982435,1790645162.6828969,3,622,1,round-robin,7,0.9937,0.9925,,OFF,success
1790645158.3016858,1790645164.7410214,8,597,1,round-robin,7,0.9926,0.9933,,OFF,failed
1790645072.099102,,7,607,2,round-robin,7,0.9875,0.9925,,OFF,unavailable
1790645156.27073,1790645167.9266489,6,620,1,round-robin,7,0.9925,0.9933,,OFF,failed
1790645157.1953113,1790645168.5121288,10,621,1,round-robin,7,0.9924,0.9937,,OFF,success
1790645159.857961,1790645169.5426497,4,616,2,round-robin,7,0.9916,0.99,,OFF,success
1790645166.3063507,1790645172.9532092,9,599,2,round-robin,7,0.9942,0.9933,,OFF,failed
1790645161.0817027,1790645173.6338012,7,613,1,round-robin,7,0.9853,0.9853,,OFF,failed
1790645163.451099,1790645173.8382921,2,605,2,round-robin,7,0.0,0.9822,,OFF,success
1790645163.9736357,1790645174.8640242,5,622,1,round-robin,7,0.0,0.0,,OFF,success
1790645165.904796,1790645175.3786938,3,623,2,round-robin,7,0.9915,0.9914,,OFF,success
1790645169.3091533,1790645176.0873306,1,623,1,round-robin,7,0.9915,0.9914,,OFF,failed
1790645167.975577,1790645178.2617033,8,598,2,round-robin,7,0.9915,0.9933,,OFF,success
1790645171.1447058,1790645181.8280225,6,621,2,round-robin,7,0.9925,0.9915,,OFF,success
1790645171.7395072,1790645182.2500017,10,622,2,round-robin,7,0.9938,0.9938,,OFF,success
1790645172.766413,1790645183.5056837,4,617,1,round-robin,7,0.9856,0.9882,,OFF,success
1790645177.0483074,1790645187.5571432,2,606,1,round-robin,7,0.9921,0.9938,,OFF,success
1790645176.266904,1790645187.993888,9,600,1,round-robin,7,0.9942,0.9943,,OFF,failed
1790645182.3159022,1790645188.5132635,7,614,2,round-robin,7,0.9915,0.9933,,OFF,failed
1790645178.5919373,1790645189.1229177,3,624,1,round-robin,7,0.9938,0.9925,,OFF,success
1790645178.0749593,1790645189.327646,5,623,2,round-robin,7,0.9943,0.9932,,OFF,success
1790645179.2990508,1790645190.3570294,1,624,2,round-robin,7,0.9901,0.9881,,OFF,success
1790645097.8110561,,10,617,2,round-robin,7,0.9925,0.9938,,OFF,unavailable
1790645181.5935583,1790645191.6415727,8,599,1,round-robin,7,0.9925,0.9933,,OFF,success
1790645185.45437,1790645195.2408009,10,623,1,round-robin,7,0.9925,0.9941,,OFF,success
1790645185.2469964,1790645195.5437047,6,622,1,round-robin,7,0.9902,0.9933,,OFF,success
1790645235.5225396,1790645245.8671427,2,610,1,state-aware,7,0.9933,0.9924,,OFF,success
1790645237.077595,1790645246.6510684,3,628,2,state-aware,7,0.9914,0.9915,,OFF,success
1790645236.5490086,1790645247.1803172,9,604,2,state-aware,7,0.9942,0.9944,,OFF,success
1790645239.1137881,1790645249.0033808,8,603,2,state-aware,7,0.9933,0.9938,,OFF,success
1790645237.8821828,1790645249.0434976,5,627,1,state-aware,7,0.9915,0.9915,,OFF,success
1790645244.809752,1790645251.370885,7,618,1,state-aware,7,0.989,0.9878,,ON,failed
1790645241.4771538,1790645252.3870387,1,628,1,state-aware,7,0.9938,0.9914,,OFF,success
1790645244.1622262,1790645253.6043625,10,627,2,state-aware,7,0.9915,0.9942,,ON,success
1790645246.2768154,1790645257.5219176,6,626,2,state-aware,7,0.9901,0.9923,,UNKNOWN,success
1790645247.727996,1790645258.009917,4,622,1,state-aware,7,0.9901,0.9882,,UNKNOWN,success
1790645249.1445844,1790645258.535402,2,611,2,state-aware,7,0.9943,0.9941,,OFF,success
1790645249.9828837,1790645259.8529608,3,629,2,state-aware,7,0.0,0.0,,OFF,success
1790645255.8122377,1790645262.4129608,9,605,1,state-aware,7,0.9938,0.9926,,OFF,failed
1790645252.3126614,1790645262.7548244,5,628,2,state-aware,7,0.8805,0.8804,,OFF,success
1790645257.813888,1790645263.8494413,8,604,1,state-aware,7,0.9942,0.9883,,OFF,failed
1790645254.5902286,1790645265.4828455,7,619,2,state-aware,7,0.9915,0.9925,,OFF,success
1790645255.7097971,1790645265.8944068,1,629,2,state-aware,7,0.9925,0.9914,,OFF,success
1790645256.8233244,1790645267.9467533,10,628,1,state-aware,7,0.9925,0.9933,,OFF,success
1790645260.7358038,1790645271.3277302,6,627,1,state-aware,7,0.9924,0.9924,,OFF,success
1790645261.749328,1790645271.6386366,2,612,2,state-aware,7,0.9932,0.9938,,OFF,success
1790645261.229117,1790645273.5836294,4,623,2,state-aware,7,0.9825,0.9895,,OFF,failed
1790645263.0201907,1790645274.4970586,3,630,1,state-aware,7,0.9916,0.9926,,OFF,success
1790645265.6448572,1790645276.6780903,9,606,2,state-aware,7,0.9942,0.9938,,OFF,success
1790645265.9348361,1790645277.1763337,5,629,2,state-aware,7,0.9912,0.9921,,OFF,success
1790645267.0814402,1790645277.976375,8,605,2,state-aware,7,0.9941,0.9938,,OFF,success
1790645268.7168946,1790645278.196441,7,620,2,state-aware,7,0.9898,0.99,,OFF,success
1790645269.136234,1790645278.798336,1,630,1,state-aware,7,0.9933,0.9931,,OFF,success
1790645271.1771865,1790645282.2870939,10,629,1,state-aware,7,0.9915,0.9901,,OFF,success
1790645274.863507,1790645284.8444383,2,613,1,state-aware,7,0.9915,0.9915,,OFF,success
1790645279.8187132,1790645286.1823936,6,628,2,state-aware,7,0.9938,0.9942,,OFF,failed
1790645277.7144046,1790645287.9489915,3,631,1,state-aware,7,0.9944,0.9932,,OFF,success
1790645276.7954679,1790645288.756832,4,624,1,state-aware,7,0.9914,0.99,,OFF,failed
1790645279.886889,1790645290.2770383,9,607,2,state-aware,7,0.9914,0.99,,OFF,success
1790645280.3979065,1790645291.3973691,5,630,1,state-aware,7,0.9901,0.9939,,OFF,success
1790645281.4162729,1790645291.8154788,7,621,2,state-aware,7,0.9914,0.9925,,OFF,success
1790645282.0234427,1790645292.8353386,1,631,2,state-aware,7,0.9915,0.9926,,OFF,success
1790645286.8216224,1790645293.0627,8,606,2,state-aware,7,0.9914,0.9926,,OFF,failed
1790645285.5068016,1790645295.1119363,10,630,2,state-aware,7,0.9925,0.9925,,OFF,success
1790645288.072408,1790645298.975557,2,614,2,state-aware,7,0.9901,0.9915,,OFF,success
1790645289.4085891,1790645299.4909406,6,629,1,state-aware,7,0.9938,0.9941,,OFF,success
1790645293.4987264,1790645303.6803954,9,608,2,state-aware,7,0.9925,0.9926,,OFF,success
1790645291.163313,1790645304.097446,3,632,1,state-aware,7,0.9938,0.9914,,OFF,failed
1790645294.62526,1790645304.3287938,5,631,1,state-aware,7,0.9939,0.9915,,OFF,success
1790645291.9541714,1790645304.9081552,4,625,2,state-aware,7,0.9914,0.9914,,OFF,failed
1790645296.0564249,1790645305.5289805,1,632,2,state-aware,7,0.9914,0.9924,,OFF,success
1790645295.037477,1790645306.0646706,7,622,2,state-aware,7,0.9914,0.99,,OFF,success
1790645296.2801461,1790645307.6744854,8,607,1,state-aware,7,0.9938,0.9942,,OFF,success
1790645298.4356863,1790645308.4003267,10,631,2,state-aware,7,0.9901,0.9916,,OFF,success
1790645302.1962154,1790645312.6375232,2,615,2,state-aware,7,0.0,0.9259,,OFF,success
1790645302.7034407,1790645313.4406843,6,630,1,state-aware,7,0.9938,0.9941,,OFF,success
1790645306.89835,1790645316.708405,9,609,2,state-aware,7,0.0,0.0,,OFF,success
1790645307.320828,1790645317.7068162,3,633,2,state-aware,7,0.9938,0.9915,,OFF,success
1790645308.7500217,1790645318.419996,1,633,2,state-aware,7,0.0,0.2668,,OFF,success
1790645307.5628123,1790645319.58749,5,632,1,state-aware,7,0.0,0.0,,OFF,failed
1790645313.830313,1790645320.4178016,4,626,1,state-aware,7,0.9925,0.9925,,OFF,failed
1790645310.9945934,1790645321.1009886,8,608,1,state-aware,7,0.9938,0.9938,,OFF,success
1790645311.6194544,1790645322.77182,10,632,1,state-aware,7,0.9936,0.9937,,OFF,success
1790645315.8396473,1790645326.9329922,2,616,2,state-aware,7,0.9942,0.9933,,OFF,success
1790645316.6646712,1790645327.8884633,6,631,1,state-aware,7,0.9933,0.9925,,OFF,success
1790645320.0338333,1790645331.249054,9,610,2,state-aware,7,0.9933,0.9933,,OFF,success
1790645320.9267216,1790645331.4478843,3,634,2,state-aware,7,0.9938,0.9925,,OFF,success
1790645321.6392527,1790645332.275492,1,634,2,state-aware,7,0.9924,0.9932,,OFF,success
1790645323.6347663,1790645333.0970037,4,627,1,state-aware,7,0.0,0.0002,,OFF,success
1790645322.8160074,1790645333.8952026,5,633,2,state-aware,7,0.9901,0.9933,,OFF,success
1790645324.4471593,1790645335.3232007,8,609,1,state-aware,7,0.9926,0.9925,,OFF,success
1790645325.985515,1790645339.213783,10,633,2,state-aware,7,0.9899,0.9925,,OFF,failed
1790645330.1510072,1790645339.7342298,2,617,2,state-aware,7,0.9941,0.9932,,OFF,success
1790645331.120384,1790645340.8511412,6,632,1,state-aware,7,0.9938,0.9941,,OFF,success
1790645334.6587055,1790645344.9447584,3,635,2,state-aware,7,0.9903,0.9884,,OFF,success
1790645335.5065172,1790645346.595346,1,635,2,state-aware,7,0.99,0.9914,,OFF,success
1790645339.8615117,1790645346.6274872,9,611,2,state-aware,7,0.9933,0.9943,,OFF,failed
1790645337.111705,1790645347.6161132,5,634,2,state-aware,7,0.9926,0.9926,,OFF,success
1790645338.5371978,1790645348.2322335,8,610,1,state-aware,7,0.9933,0.9938,,OFF,success
1790645336.3194299,1790645349.2819283,4,628,2,state-aware,7,0.9924,0.9924,,OFF,failed
1790645339.3580167,1790645351.3346734,7,625,2,state-aware,7,0.9925,0.9941,,OFF,failed
1790645342.443667,1790645352.7659533,10,634,1,state-aware,7,0.9914,0.9933,,OFF,success
1790645342.9475236,1790645354.492073,2,618,2,state-aware,7,0.9938,0.9925,,OFF,failed
1790645344.0834737,1790645355.6300664,6,633,1,state-aware,7,0.9925,0.9942,,OFF,failed
1790645348.1710706,1790645358.6009324,3,636,2,state-aware,7,0.9933,0.9915,,OFF,success
1790645349.8042526,1790645359.1933053,9,612,1,state-aware,7,0.9944,0.9925,,OFF,success
1790645349.6222377,1790645359.9223042,1,636,2,state-aware,7,0.9901,0.9914,,OFF,success
1790645350.8325617,1790645361.1357584,5,635,2,state-aware,7,0.9933,0.9938,,OFF,success
1790645352.4607527,1790645363.108447,4,629,1,state-aware,7,0.99,0.9899,,OFF,success
1790645354.613862,1790645366.357801,7,626,1,state-aware,7,0.9924,0.9932,,OFF,failed
1790645356.0053225,1790645366.3816047,10,635,1,state-aware,7,0.9913,0.9938,,OFF,success
1790645357.6976082,1790645367.9251423,2,619,1,state-aware,7,0.9938,0.99,,OFF,success
1790645358.818126,1790645369.2442021,6,634,2,state-aware,7,0.9933,0.9925,,OFF,success
1790645362.4194238,1790645373.1345947,9,613,1,state-aware,7,0.9938,0.9938,,OFF,success
1790645363.139658,1790645373.9615736,1,637,2,state-aware,7,0.9925,0.9924,,OFF,success
1790645361.873995,1790645375.2561736,3,637,2,state-aware,7,0.9933,0.9933,,OFF,failed
1790645364.362726,1790645375.7703283,5,636,2,state-aware,7,0.9915,0.9915,,OFF,success
1790645366.329546,1790645379.4692087,4,630,1,state-aware,7,0.9925,0.9924,,OFF,failed
1790645369.5983014,1790645380.20957,10,636,1,state-aware,7,0.9925,0.9925,,OFF,success
1790645374.8800745,1790645382.0587351,7,627,2,state-aware,7,0.9932,0.9925,,OFF,failed
1790645370.9979873,1790645382.059183,2,620,1,state-aware,7,0.9932,0.9937,,OFF,success
1790645372.465643,1790645384.6764288,6,635,2,state-aware,7,0.9938,0.9925,,OFF,failed
1790645376.3599913,1790645386.4350636,9,614,1,state-aware,7,0.9932,0.9933,,OFF,success
1790645377.1492195,1790645386.7397456,1,638,2,state-aware,7,0.9931,0.9924,,OFF,success
1790645379.7308054,1790645390.016539,8,613,1,state-aware,7,0.9938,0.9942,,OFF,success
1790645383.8850276,1790645390.856541,5,637,2,state-aware,7,0.9925,0.9937,,OFF,failed
1790645382.6910188,1790645392.69138,4,631,1,state-aware,7,0.9914,0.99,,OFF,success
1790645383.405276,1790645394.528907,10,637,1,state-aware,7,0.99,0.9933,,OFF,success
1790645385.1376908,1790645394.9268737,2,621,2,state-aware,7,0.0,0.9933,,OFF,success
1790645387.8954318,1790645398.113584,6,636,1,state-aware,7,0.9933,0.9933,,OFF,success
1790645389.9564946,1790645399.847622,1,639,2,state-aware,7,0.99,0.9901,,OFF,success
1790645309.2914422,,7,623,2,state-aware,7,0.9901,0.9925,,OFF,unavailable
1790645389.6537921,1790645402.709045,9,615,1,state-aware,7,0.9915,0.9938,,OFF,failed
1790645393.3413334,1790645405.0906496,8,614,1,state-aware,7,0.9915,0.9933,,ON,failed
1790645394.078811,1790645405.1591132,5,638,2,state-aware,7,0.0001,0.0,,ON,success
1790645395.9155505,1790645406.4011161,4,632,2,state-aware,7,0.0,0.9854,,ON,success
1790645398.1533406,1790645407.8427663,2,622,1,state-aware,7,0.9941,0.9933,,OFF,success
1790645397.758847,1790645409.198215,10,638,1,state-aware,7,0.9914,0.9925,,OFF,failed
1790645401.339064,1790645411.005137,6,637,1,state-aware,7,0.8804,0.9911,,OFF,success
1790645403.085273,1790645412.7671828,1,640,2,state-aware,7,0.9925,0.9914,,OFF,success
1790645405.936021,1790645416.6522367,9,616,2,state-aware,7,0.9924,0.9932,,OFF,success
1790645408.3934329,1790645419.298559,5,639,2,state-aware,7,0.9693,0.8944,,OFF,success
1790645409.628086,1790645420.32147,4,633,1,state-aware,7,0.9924,0.9924,,OFF,success
1790645410.4804397,1790645420.4451754,3,640,1,state-aware,7,0.9933,0.9925,,OFF,success
1790645413.9103665,1790645421.6458197,8,615,2,state-aware,7,0.9941,0.9938,,OFF,failed
1790645411.056046,1790645423.6052835,2,623,1,state-aware,7,0.9938,0.9938,,OFF,failed
1790645414.2290707,1790645423.933048,6,638,1,state-aware,7,0.994,0.9914,,OFF,success
1790645412.4248486,1790645425.5471463,10,639,1,state-aware,7,0.9856,0.9901,,OFF,failed
1790645415.9926136,1790645426.1001618,1,641,2,state-aware,7,0.9914,0.9923,,OFF,success
1790645417.6013563,1790645428.1064305,7,630,1,state-aware,7,0.9929,0.9944,,OFF,success
1790645419.8702023,1790645431.390312,9,617,2,state-aware,7,0.9924,0.9938,,OFF,success
1790645422.5136535,1790645432.735739,5,640,2,state-aware,7,0.9915,0.9925,,OFF,success
1790645424.8640146,1790645435.4075236,8,616,1,state-aware,7,0.9933,0.9933,,OFF,success
1790645428.9172027,1790645436.1953382,4,634,2,state-aware,7,0.6091,0.9938,,OFF,failed
1790645423.664867,1790645436.6248496,3,641,1,state-aware,7,0.9938,0.8689,,OFF,failed
1790645426.8207154,1790645437.423627,2,624,2,state-aware,7,0.0,0.9589,,OFF,success
1790645432.92074,1790645439.3102818,6,639,1,state-aware,7,0.9915,0.9932,,OFF,failed
1790645429.3225312,1790645439.8108366,1,642,2,state-aware,7,0.9915,0.9913,,OFF,success
1790645428.7631936,1790645441.114339,10,640,1,state-aware,7,0.0674,0.0,,OFF,failed
1790645351.5703764,,8,611,1,state-aware,7,0.9938,0.9926,,OFF,unavailable
1790645431.328415,1790645442.2382896,7,631,1,state-aware,7,0.9923,0.9932,,OFF,success
1790645434.715167,1790645444.482643,9,618,2,state-aware,7,0.9925,0.9925,,OFF,success
1790645435.9529262,1790645446.4349408,5,641,2,state-aware,7,0.9937,0.9933,,OFF,success
1790645438.628883,1790645448.3819034,8,617,1,state-aware,7,0.9933,0.9938,,OFF,success
1790645439.8500187,1790645450.5481358,3,642,2,state-aware,7,0.9942,0.9924,,OFF,success
1790645440.6552606,1790645450.8422935,2,625,2,state-aware,7,0.9931,0.9932,,OFF,success
1790645439.4278648,1790645451.5683541,4,635,1,state-aware,7,0.9914,0.9924,,OFF,failed
1790645443.1453867,1790645452.582485,1,643,2,state-aware,7,0.9932,0.9925,,ON,success
1790645442.5231013,1790645453.6035984,6,640,1,state-aware,7,0.9941,0.9931,,OFF,success
1790645445.4571233,1790645455.232055,7,632,1,state-aware,7,0.9914,0.9925,,ON,success
1790645444.3378685,1790645455.2449481,10,641,2,state-aware,7,0.9937,0.9941,,ON,success
1790645447.7284715,1790645458.3456688,9,619,2,state-aware,7,0.9933,0.9933,,OFF,success
1790645449.6659346,1790645460.87763,5,642,2,state-aware,7,0.9944,0.9932,,OFF,success
1790645454.0680296,1790645463.4347253,2,626,2,state-aware,7,0.9944,0.9938,,OFF,success
1790645454.7870688,1790645464.5600615,4,636,1,state-aware,7,0.9912,0.9914,,OFF,success
1790645453.7764761,1790645464.8881402,3,643,2,state-aware,7,0.9916,0.9925,,OFF,success
1790645455.802671,1790645465.927506,1,644,2,state-aware,7,0.9914,0.9914,,OFF,success
1790645456.826217,1790645467.2487724,6,641,1,state-aware,7,0.9926,0.9925,,OFF,success
1790645507.1923542,1790645517.9092147,9,623,1,round-robin,8,0.9915,0.9938,,OFF,success
1790645509.278856,1790645520.9025426,5,646,1,round-robin,8,0.9932,0.9925,,OFF,success
1790645511.722252,1790645521.1865635,2,630,1,round-robin,8,0.9916,0.9915,,OFF,success
1790645514.4991398,1790645524.661847,8,622,1,round-robin,8,0.9931,0.9924,,OFF,success
1790645515.8214486,1790645525.307272,3,647,1,round-robin,8,0.9942,0.9932,,OFF,success
1790645516.2219872,1790645527.2528622,4,640,1,round-robin,8,0.9914,0.9901,,OFF,success
1790645516.9345548,1790645528.4572308,1,648,1,round-robin,8,0.9914,0.9915,,OFF,success
1790645517.4745057,1790645530.5068526,6,645,1,round-robin,8,0.9925,0.9941,,OFF,failed
1790645521.1309762,1790645531.04138,9,624,2,round-robin,8,0.99,0.9938,,OFF,success
1790645519.802875,1790645531.6202288,10,646,1,round-robin,8,0.9915,0.9925,,OFF,failed
1790645526.544886,1790645534.2164817,7,637,1,round-robin,8,0.9,0.9878,,OFF,failed
1790645523.9334538,1790645535.1099453,5,647,2,round-robin,8,0.9925,0.9925,,OFF,success
1790645524.5051868,1790645535.152615,2,631,2,round-robin,8,0.9915,0.9925,,OFF,success
1790645527.9937518,1790645538.0203645,8,623,2,round-robin,8,0.9914,0.9933,,OFF,success
1790645528.5110252,1790645539.638874,3,648,2,round-robin,8,0.9916,0.9925,,OFF,success
1790645530.475632,1790645541.194715,4,641,2,round-robin,8,0.9914,0.9914,,OFF,success
1790645531.6825116,1790645542.939275,1,649,2,round-robin,8,0.9901,0.9914,,OFF,success
1790645534.2624345,1790645544.3329618,9,625,1,round-robin,8,0.0,0.0,,OFF,success
1790645533.8492959,1790645545.0457485,6,646,2,round-robin,8,0.9932,0.9943,,OFF,success
1790645534.786777,1790645547.0359159,10,647,2,round-robin,8,0.9937,0.9932,,OFF,failed
1790645537.340952,1790645547.6298206,7,638,2,round-robin,8,0.9933,0.9938,,OFF,success
1790645538.4150856,1790645549.349032,2,632,1,round-robin,8,0.0008,0.9879,,OFF,success
1790645543.5486307,1790645551.2879074,5,648,1,round-robin,8,0.9702,0.9925,,OFF,failed
1790645541.2840111,1790645553.5515292,8,624,1,round-robin,8,0.9932,0.9938,,OFF,failed
1790645544.4104855,1790645554.4806056,4,642,1,round-robin,8,0.9899,0.9914,,OFF,success
1790645542.8574493,1790645555.1799042,3,649,1,round-robin,8,0.9933,0.9915,,OFF,failed
1790645546.262,1790645555.7964187,1,650,1,round-robin,8,0.9914,0.9914,,ON,success
1790645547.5482612,1790645558.2732754,9,626,2,round-robin,8,0.9914,0.9915,,ON,success
1790645548.2776098,1790645559.0999596,6,647,1,round-robin,8,0.9938,0.9925,,ON,success
1790645550.2588558,1790645559.685899,10,648,1,round-robin,8,0.9915,0.9938,,OFF,success
1790645552.568507,1790645562.390974,2,633,2,round-robin,8,0.9933,0.9933,,OFF,success
1790645550.9337049,1790645563.2695234,7,639,1,round-robin,8,0.9915,0.9925,,OFF,failed
1790645554.5182996,1790645565.4229484,5,649,2,round-robin,8,0.9925,0.9925,,OFF,success
1790645556.7739167,1790645567.6828983,8,625,2,round-robin,8,0.9915,0.9933,,OFF,success
1790645558.4107735,1790645568.2003214,3,650,2,round-robin,8,0.9941,0.9933,,OFF,success
1790645557.7053082,1790645568.7291818,4,643,2,round-robin,8,0.9932,0.9925,,OFF,success
1790645559.0180364,1790645569.0066705,1,651,2,round-robin,8,0.9901,0.9882,,OFF,success
1790645561.4858587,1790645571.2651935,9,627,1,round-robin,8,0.9914,0.9938,,OFF,success
1790645562.427009,1790645572.2818034,6,648,2,round-robin,8,0.9933,0.9942,,OFF,success
1790645562.9025574,1790645573.5156183,10,649,2,round-robin,8,0.9914,0.9925,,OFF,success
1790645565.724394,1790645575.9680774,2,634,1,round-robin,8,0.9926,0.9938,,OFF,success
1790645566.4981754,1790645577.0975351,7,640,2,round-robin,8,0.9932,0.9925,,OFF,success
1790645568.650303,1790645580.3752704,5,650,1,round-robin,8,0.9901,0.9915,,OFF,failed
1790645570.905006,1790645581.1929514,8,626,1,round-robin,8,0.0,0.0,,OFF,success
1790645576.5754104,1790645583.1528387,3,651,1,round-robin,8,0.9933,0.9901,,OFF,failed
1790645577.5775585,1790645583.770976,4,644,1,round-robin,8,0.0008,0.0008,,OFF,failed
1790645574.4913285,1790645584.3630214,9,628,2,round-robin,8,0.9914,0.9924,,OFF,success
1790645577.5782113,1790645584.882188,1,652,1,round-robin,8,0.9924,0.9882,,OFF,failed
1790645575.5052667,1790645586.1289403,6,649,1,round-robin,8,0.9915,0.9901,,OFF,success
1790645576.7411592,1790645587.551331,10,650,1,round-robin,8,0.9925,0.9942,,OFF,success
1790645579.1988387,1790645589.1865463,2,635,2,round-robin,8,0.9944,0.9933,,OFF,success
1790645580.4204268,1790645591.9797363,7,641,1,round-robin,8,0.9925,0.9932,,OFF,failed
1790645583.5914698,1790645594.205339,5,651,2,round-robin,8,0.9937,0.9924,,OFF,success
1790645584.4200542,1790645594.8419943,8,627,2,round-robin,8,0.9925,0.9938,,OFF,success
1790645586.3796508,1790645595.7739995,3,652,2,round-robin,8,0.9938,0.9933,,OFF,success
1790645587.09421,1790645597.064534,4,645,2,round-robin,8,0.0,0.0,,OFF,success
1790645588.1173673,1790645598.3230305,1,653,2,round-robin,8,0.9913,0.9914,,OFF,success
1790645592.5845973,1790645599.5220525,9,629,1,round-robin,8,0.9925,0.9933,,OFF,failed
1790645590.7748606,1790645601.3691642,10,651,2,round-robin,8,0.9856,0.9915,,OFF,success
1790645592.3943949,1790645601.9858077,2,636,1,round-robin,8,0.9914,0.9925,,OFF,success
1790645589.350229,1790645602.1891065,6,650,2,round-robin,8,0.9925,0.9932,,OFF,failed
1790645595.2058392,1790645604.548766,7,642,2,round-robin,8,0.9937,0.9932,,OFF,success
1790645597.4307187,1790645607.2221158,5,652,1,round-robin,8,0.9925,0.9938,,UNKNOWN,success
1790645598.988075,1790645609.9725435,3,653,1,round-robin,8,0.9926,0.9933,,OFF,success
1790645602.737792,1790645612.6404321,9,630,2,round-robin,8,0.9914,0.9925,,OFF,success
1790645605.404361,1790645615.1024754,6,651,1,round-robin,8,0.991,0.9913,,OFF,success
1790645604.6736543,1790645616.5357482,10,652,1,round-robin,8,0.9925,0.9942,,OFF,failed
1790645610.5913348,1790645617.5562937,2,637,2,round-robin,8,0.9899,0.9925,,OFF,failed
1790645607.7670383,1790645617.956881,7,643,1,round-robin,8,0.9925,0.9915,,OFF,success
1790645610.45342,1790645620.2057512,5,653,2,round-robin,8,0.9925,0.9932,,OFF,success
1790645618.5955665,1790645625.228353,3,654,2,round-robin,8,0.0,0.0,,OFF,failed
1790645615.8736567,1790645626.4898934,9,631,1,round-robin,8,0.9925,0.9925,,OFF,success
1790645618.3160646,1790645629.8231373,6,652,2,round-robin,8,0.9937,0.9932,,OFF,success
1790645620.7715876,1790645630.6561127,2,638,1,round-robin,8,0.9941,0.9931,,OFF,success
1790645619.751828,1790645631.173006,10,653,2,round-robin,8,0.9914,0.9938,,OFF,success
1790645623.4214218,1790645633.1465826,5,654,1,round-robin,8,0.9915,0.9915,,OFF,success
1790645628.4539373,1790645638.050335,3,655,1,round-robin,8,0.9902,0.9894,,OFF,success
1790645633.6017375,1790645640.2816598,8,630,2,round-robin,8,0.9933,0.9944,,OFF,failed
1790645629.676728,1790645640.8029811,9,632,2,round-robin,8,0.9932,0.9922,,OFF,success
1790645634.603607,1790645641.224724,4,648,2,round-robin,8,0.8535,0.0,,OFF,failed
1790645629.2685738,1790645642.1535795,1,656,2,round-robin,8,0.0053,0.0,,OFF,failed
1790645633.9000785,1790645643.5605164,2,639,2,round-robin,8,0.0095,0.9881,,OFF,success
1790645639.6068,1790645645.507806,10,654,1,round-robin,8,0.9914,0.9938,,OFF,failed
1790645632.892059,1790645646.2228167,6,653,1,round-robin,8,0.9915,0.9942,,OFF,failed
1790645636.36272,1790645646.3547585,5,655,2,round-robin,8,0.9914,0.9925,,OFF,success
1790645641.2735848,1790645651.8592794,3,656,2,round-robin,8,0.9942,0.9925,,OFF,success
1790645644.4169912,1790645655.9662626,4,649,1,round-robin,8,0.9901,0.99,,ON,failed
1790645643.510537,1790645656.5928984,8,631,1,round-robin,8,0.0,0.0,,OFF,failed
1790645644.0261438,1790645656.6483374,9,633,1,round-robin,8,0.9915,0.991,,ON,failed
1790645645.381224,1790645657.1826525,1,657,1,round-robin,8,0.9925,0.9914,,ON,failed
1790645646.8826468,1790645657.4902961,2,640,1,round-robin,8,0.9886,0.9925,,ON,success
1790645648.72958,1790645658.7470765,10,655,2,round-robin,8,0.9914,0.9942,,OFF,success
1790645649.6788673,1790645660.8658636,5,656,1,round-robin,8,0.993,0.994,,OFF,success
1790645654.6177466,1790645661.2002387,6,654,2,round-robin,8,0.0,0.9489,,OFF,failed
1790645655.0999672,1790645667.812748,3,657,1,round-robin,8,0.9933,0.9942,,OFF,failed
1790645659.1841147,1790645669.6782086,4,650,2,round-robin,8,0.9925,0.9913,,OFF,success
1790645664.6279228,1790645671.1033778,8,632,2,round-robin,8,0.8333,0.8689,,OFF,failed
1790645660.3959715,1790645672.5412679,1,658,2,round-robin,8,0.9914,0.99,,OFF,failed
1790645662.223858,1790645673.4679923,10,656,1,round-robin,8,0.9915,0.9938,,OFF,success
1790645664.2901196,1790645675.8421948,6,655,1,round-robin,8,0.9925,0.9933,,OFF,failed
1790645669.6317806,1790645676.3286862,5,657,2,round-robin,8,0.0,0.7143,,OFF,failed
1790645670.9806676,1790645682.0512807,3,658,2,round-robin,8,0.9933,0.9915,,OFF,success
1790645673.0016754,1790645682.304244,4,651,1,round-robin,8,0.9914,0.9899,,OFF,success
1790645674.4289584,1790645684.8242545,8,633,1,round-robin,8,0.9933,0.9925,,OFF,success
1790645675.7655854,1790645685.464897,1,659,1,round-robin,8,0.9932,0.9924,,OFF,success
1790645676.6862886,1790645686.1911147,10,657,2,round-robin,8,0.9915,0.9916,,OFF,success
1790645679.540535,1790645689.477347,5,658,1,round-robin,8,0.9911,0.9933,,OFF,success
1790645679.1904275,1790645690.2864037,6,656,2,round-robin,8,0.0,0.0,,OFF,success
1790645680.0531454,1790645690.8659692,7,648,2,round-robin,8,0.99,0.9915,,OFF,success
1790645600.2781014,,4,646,1,round-robin,8,0.9913,0.99,,OFF,unavailable
1790645601.533484,,1,654,1,round-robin,8,0.9913,0.9913,,OFF,unavailable
1790645685.5872114,1790645696.1982646,4,652,2,round-robin,8,0.9908,0.992,,OFF,success
1790645685.2241583,1790645697.437948,3,659,1,round-robin,8,0.9942,0.0,,OFF,failed
1790645603.588485,,8,628,1,round-robin,8,0.9925,0.9943,,OFF,unavailable
1790645688.0552516,1790645698.5560915,8,634,2,round-robin,8,0.9846,0.9928,,OFF,success
1790645693.6409776,1790645699.7045622,1,660,2,round-robin,8,0.9821,0.9924,,OFF,failed
1790645688.581206,1790645700.2896636,2,643,1,round-robin,8,0.0,0.984,,OFF,success
1790645694.643009,1790645700.310702,9,636,1,round-robin,8,0.0,0.0,,ON,failed
1790645689.5182617,1790645701.0051749,10,658,1,round-robin,8,0.9937,0.9925,,OFF,failed
1790645692.8581085,1790645703.8048573,5,659,2,round-robin,8,0.9902,0.9916,,OFF,success
1790645693.577932,1790645704.197868,6,657,1,round-robin,8,0.9932,0.9941,,OFF,success
1790645699.407281,1790645711.7627127,4,653,1,round-robin,8,0.9937,0.9923,,OFF,failed
1790645701.7645574,1790645712.1658368,8,635,1,round-robin,8,0.9933,0.9942,,OFF,success
1790645621.1694148,,7,644,2,round-robin,8,0.99,0.9915,,OFF,unavailable
1790645703.5308394,1790645713.3038497,9,637,2,round-robin,8,0.99,0.9915,,OFF,success
1790645702.9206965,1790645713.9219418,1,661,1,round-robin,8,0.9914,0.9898,,OFF,success
1790645708.6528556,1790645715.0258212,2,644,2,round-robin,8,0.8974,0.9934,,OFF,failed
1790645704.2198517,1790645716.086523,10,659,2,round-robin,8,0.9923,0.9925,,OFF,failed
1790645707.4082766,1790645719.8499804,6,658,2,round-robin,8,0.9161,0.9919,,OFF,failed
1790645712.656373,1790645720.4801188,5,660,1,round-robin,8,0.9925,0.9933,,OFF,failed
1790645716.522451,1790645727.3310115,9,638,1,round-robin,8,0.9944,0.9932,,OFF,success
1790645720.6601524,1790645727.4272623,8,636,2,round-robin,8,0.9938,0.9942,,OFF,failed
1790645719.3348925,1790645728.6553986,10,660,1,round-robin,8,0.9879,0.9916,,OFF,success
1790645718.392659,1790645729.489973,2,645,1,round-robin,8,0.9926,0.9933,,OFF,success
1790645722.336442,1790645733.0844405,7,651,2,round-robin,8,0.9937,0.9925,,OFF,success
1790645723.0560153,1790645733.4669232,6,659,1,round-robin,8,0.9915,0.9938,,OFF,success
1790645723.696943,1790645733.9832366,5,661,2,round-robin,8,0.9932,0.9924,,OFF,success
1790645782.1788454,1790645788.999059,4,658,2,state-aware,8,0.0,0.9,,OFF,failed
1790645782.1779966,1790645789.3876092,1,666,2,state-aware,8,0.9898,0.9923,,OFF,failed
1790645780.9156272,1790645791.6592891,7,655,1,state-aware,8,0.9941,0.99,,OFF,success
1790645779.4031243,1790645792.1665258,10,664,1,state-aware,8,0.9926,0.9901,,OFF,failed
1790645782.5730588,1790645793.4609108,5,665,1,state-aware,8,0.9932,0.9914,,OFF,success
1790645783.0819297,1790645793.8732708,6,663,2,state-aware,8,0.9914,0.9924,,OFF,success
1790645790.0550046,1790645799.5176969,8,641,2,state-aware,8,0.9932,0.9932,,OFF,success
1790645792.6201074,1790645803.117557,1,667,1,state-aware,8,0.9915,0.9881,,OFF,success
1790645797.1871421,1790645803.8352253,4,659,2,state-aware,8,0.8535,0.9862,,OFF,failed
1790645791.675998,1790645804.0256665,3,666,1,state-aware,8,0.0,0.0,,OFF,failed
1790645795.3967667,1790645805.03353,10,665,2,state-aware,8,0.9932,0.9941,,OFF,success
1790645794.8974285,1790645805.7634535,7,656,2,state-aware,8,0.9933,0.9942,,OFF,success
1790645797.1380024,1790645806.7870677,6,664,1,state-aware,8,0.9932,0.9925,,OFF,success
1790645796.6435122,1790645807.6043372,5,666,2,state-aware,8,0.9932,0.9937,,OFF,success
1790645802.7383394,1790645815.599478,8,642,1,state-aware,8,0.9915,0.9938,,OFF,failed
1790645806.322963,1790645816.197464,1,668,2,state-aware,8,0.0,0.8494,,OFF,success
1790645807.252239,1790645817.4317567,3,667,2,state-aware,8,0.9933,0.9938,,OFF,success
1790645811.2028782,1790645818.2581275,9,644,2,state-aware,8,0.8333,0.8689,,OFF,failed
1790645812.2056973,1790645818.8596451,4,660,1,state-aware,8,0.991,0.99,,OFF,failed
1790645812.2046459,1790645819.3716228,2,651,2,state-aware,8,0.0,0.9898,,OFF,failed
1790645810.8290508,1790645820.749244,5,667,1,state-aware,8,0.9925,0.9915,,OFF,success
1790645810.0123825,1790645821.3224707,6,665,2,state-aware,8,0.9932,0.9942,,OFF,success
1790645818.8216386,1790645828.6029994,8,643,2,state-aware,8,0.0,0.0,,OFF,success
1790645820.6759777,1790645831.260209,3,668,2,state-aware,8,0.9933,0.9925,,OFF,success
1790645819.3737075,1790645831.7727864,1,669,1,state-aware,8,0.9897,0.9925,,OFF,failed
1790645822.1763961,1790645832.1049256,4,661,1,state-aware,8,0.8888,0.8535,,OFF,success
1790645821.493979,1790645832.587627,9,645,2,state-aware,8,0.0,0.0,,OFF,success
1790645822.6903143,1790645833.0032,2,652,1,state-aware,8,0.9925,0.9938,,OFF,success
1790645824.5352552,1790645836.998374,6,666,1,state-aware,8,0.9901,0.9926,,OFF,failed
1790645824.0705483,1790645837.5062318,5,668,2,state-aware,8,0.9453,0.9457,,OFF,failed
1790645831.8450303,1790645842.649179,8,644,2,state-aware,8,0.9941,0.9942,,OFF,success
1790645834.491712,1790645844.9028847,3,669,2,state-aware,8,0.9942,0.9942,,OFF,success
1790645835.00212,1790645845.7316728,1,670,2,state-aware,8,0.9901,0.9914,,OFF,success
1790645836.219326,1790645845.8209908,2,653,1,state-aware,8,0.9942,0.9915,,OFF,success
1790645835.3299367,1790645846.3394325,4,662,1,state-aware,8,0.9882,0.9901,,OFF,success
1790645835.8180213,1790645847.044379,9,646,1,state-aware,8,0.9901,0.9932,,OFF,success
1790645837.6617296,1790645847.5722895,7,659,1,state-aware,8,0.9915,0.9883,,OFF,success
1790645836.8442855,1790645848.573813,10,668,2,state-aware,8,0.9924,0.9944,,OFF,failed
1790645840.7229786,1790645850.82188,5,669,1,state-aware,8,0.9925,0.9932,,OFF,success
1790645840.3084931,1790645851.0625372,6,667,2,state-aware,8,0.0,0.0,,OFF,success
1790645845.8829906,1790645857.5777485,8,645,2,state-aware,8,0.9938,0.9942,,ON,failed
1790645848.1143754,1790645859.0074685,3,670,2,state-aware,8,0.9933,0.9924,,ON,success
1790645850.2629242,1790645860.7530274,9,647,2,state-aware,8,0.0,0.9932,,ON,success
1790645849.0393066,1790645861.1873188,2,654,1,state-aware,8,0.9942,0.9805,,ON,failed
1790645855.2256732,1790645861.9172451,4,663,1,state-aware,8,0.9882,0.9942,,OFF,failed
1790645854.2238846,1790645862.1822324,1,671,2,state-aware,8,0.9901,0.99,,OFF,failed
1790645851.7855904,1790645862.4931479,10,669,1,state-aware,8,0.9924,0.9914,,ON,success
1790645850.8040605,1790645863.8213217,7,660,2,state-aware,8,0.0004,0.5686,,ON,failed
1790645854.1423864,1790645864.9529035,5,670,1,state-aware,8,0.0,0.0,,OFF,success
1790645860.228828,1790645865.8802059,6,668,2,state-aware,8,0.8535,0.99,,OFF,failed
1790645777.010265,,2,649,2,state-aware,8,0.0,0.988,,OFF,unavailable
1790645777.962462,,9,642,2,state-aware,8,0.9915,0.9933,,OFF,unavailable
1790645862.2268019,1790645872.534697,3,671,2,state-aware,8,0.9938,0.9933,,OFF,success
1790645860.7912986,1790645874.0660956,8,646,1,state-aware,8,0.9933,0.9938,,OFF,failed
1790645863.9671566,1790645874.5825655,9,648,1,state-aware,8,0.9925,0.9933,,OFF,success
1790645864.4084334,1790645875.1152704,2,655,2,state-aware,8,0.9943,0.9932,,OFF,success
1790645865.1301935,1790645875.6021028,4,664,2,state-aware,8,0.2846,0.4591,,OFF,success
1790645871.234507,1790645877.0362954,10,670,1,state-aware,8,0.9932,0.9937,,OFF,failed
1790645870.2325985,1790645877.7603233,1,672,1,state-aware,8,0.9901,0.0,,OFF,failed
1790645868.1741853,1790645878.085433,5,671,1,state-aware,8,0.9915,0.9915,,OFF,success
1790645867.0605643,1790645878.185631,7,661,1,state-aware,8,0.9925,0.9915,,OFF,success
1790645869.0998669,1790645879.899872,6,669,1,state-aware,8,0.9901,0.9933,,OFF,success
1790645875.745437,1790645886.5544896,3,672,2,state-aware,8,0.9925,0.9938,,OFF,success
1790645877.310644,1790645888.2006526,8,647,2,state-aware,8,0.9943,0.9937,,OFF,success
1790645877.8040328,1790645888.6981955,9,649,2,state-aware,8,0.0,0.162,,OFF,success
1790645878.3446474,1790645889.0070693,2,656,2,state-aware,8,0.0,0.9898,,OFF,success
1790645880.2634528,1790645889.732543,10,671,2,state-aware,8,0.9936,0.9942,,OFF,success
1790645880.977818,1790645890.8612113,1,673,2,state-aware,8,0.0,0.0,,OFF,success
1790645881.3930507,1790645891.3850784,7,662,1,state-aware,8,0.988,0.9925,,OFF,success
1790645884.2654748,1790645891.4731517,4,665,2,state-aware,8,0.9876,0.9886,,OFF,failed
1790645886.2675655,1790645893.648461,5,672,1,state-aware,8,0.9819,0.9881,,OFF,failed
1790645883.1173267,1790645896.2083504,6,670,1,state-aware,8,0.9901,0.9933,,OFF,failed
1790645889.826162,1790645900.172338,3,673,2,state-aware,8,0.9944,0.9938,,OFF,success
1790645891.4279366,1790645900.8912277,8,648,2,state-aware,8,0.9933,0.9942,,OFF,success
1790645891.927587,1790645901.5049505,9,650,1,state-aware,8,0.9912,0.9914,,OFF,success
1790645892.260559,1790645902.2210016,2,657,2,state-aware,8,0.9937,0.9925,,OFF,success
1790645892.9716358,1790645902.7356856,10,672,2,state-aware,8,0.9938,0.9925,,OFF,success
1790645808.2006152,,10,666,2,state-aware,8,0.9942,0.9944,,OFF,unavailable
1790645808.9922028,,7,657,2,state-aware,8,0.9882,0.9914,,OFF,unavailable
1790645894.0809286,1790645904.2758727,1,674,2,state-aware,8,0.0,0.2452,,OFF,success
1790645894.8042552,1790645904.4981635,4,666,1,state-aware,8,0.9906,0.992,,OFF,success
1790645900.2767363,1790645906.106601,7,663,1,state-aware,8,0.9898,0.9915,,ON,failed
1790645896.8521745,1790645906.232325,5,673,2,state-aware,8,0.9925,0.9924,,OFF,success
1790645899.4389858,1790645910.4197588,6,671,2,state-aware,8,0.9915,0.9902,,ON,success
1790645904.1995263,1790645913.9097638,8,649,2,state-aware,8,0.9933,0.9942,,OFF,success
1790645903.40567,1790645914.1091409,3,674,2,state-aware,8,0.9938,0.9925,,OFF,success
1790645904.731701,1790645915.9893725,9,651,1,state-aware,8,0.9901,0.9915,,OFF,success
1790645905.451833,1790645916.569102,2,658,2,state-aware,8,0.9938,0.9925,,OFF,success
1790645905.974,1790645916.7847893,10,673,2,state-aware,8,0.9926,0.9933,,OFF,success
1790645907.7259858,1790645918.5356505,4,667,1,state-aware,8,0.9915,0.9902,,OFF,success
1790645913.2853663,1790645920.1675923,1,675,2,state-aware,8,0.985,0.9872,,OFF,failed
1790645914.2873366,1790645921.6875703,7,664,2,state-aware,8,0.9924,0.9941,,OFF,failed
1790645909.471377,1790645921.809728,5,674,2,state-aware,8,0.9867,0.991,,OFF,failed
1790645913.6429446,1790645923.0109756,6,672,2,state-aware,8,0.9914,0.9933,,OFF,success
1790645922.2910666,1790645929.1640666,3,675,2,state-aware,8,0.0,0.0,,OFF,failed
1790645922.2905905,1790645929.657495,8,650,2,state-aware,8,0.9915,0.9916,,OFF,failed
1790645925.2950492,1790645931.8399296,10,674,2,state-aware,8,0.9915,0.9942,,OFF,failed
1790645924.2932346,1790645932.0199473,9,652,1,state-aware,8,0.0,0.0,,OFF,failed
1790645925.293963,1790645932.4353976,2,659,2,state-aware,8,0.0002,0.988,,OFF,failed
1790645923.3898542,1790645934.17606,1,676,1,state-aware,8,0.9933,0.9914,,OFF,success
1790645925.036008,1790645934.523843,5,675,1,state-aware,8,0.9867,0.9918,,OFF,success
1790645921.752634,1790645935.0289118,4,668,1,state-aware,8,0.9938,0.9914,,OFF,failed
1790645926.2383003,1790645936.9701018,6,673,2,state-aware,8,0.9914,0.9938,,OFF,success
1790645930.298124,1790645938.0921743,7,665,1,state-aware,8,0.9914,0.9882,,OFF,failed
1790645932.7882774,1790645943.1076589,8,651,1,state-aware,8,0.9915,0.9933,,OFF,success
1790645932.394555,1790645943.3883176,3,676,1,state-aware,8,0.99,0.9914,,OFF,success
1790645935.2517889,1790645944.867433,9,653,2,state-aware,8,0.8535,0.8689,,OFF,success
1790645935.7571478,1790645946.0917208,2,660,1,state-aware,8,0.9919,0.9932,,OFF,success
1790645940.3067605,1790645947.4863403,10,675,1,state-aware,8,0.9925,0.9914,,OFF,failed
1790645937.4028893,1790645948.5404596,1,677,1,state-aware,8,0.9925,0.9914,,OFF,success
1790645937.7432988,1790645949.121182,5,676,1,state-aware,8,0.0,0.0,,OFF,success
1790645940.1886137,1790645950.4984787,6,674,2,state-aware,8,0.9933,0.9938,,OFF,success
1790645943.3340333,1790645951.2930675,4,669,1,state-aware,8,0.9926,0.9925,,OFF,failed
1790645941.3049428,1790645951.685008,7,666,2,state-aware,8,0.9925,0.9943,,OFF,success
1790645946.6114478,1790645956.8326955,3,677,1,state-aware,8,0.9914,0.9898,,OFF,success
1790645948.0874348,1790645957.8430457,9,654,2,state-aware,8,0.9901,0.9938,,OFF,success
1790645946.3361046,1790645957.9477391,8,652,1,state-aware,8,0.9925,0.9926,,OFF,failed
1790645951.753842,1790645961.5473115,1,678,2,state-aware,8,0.0,0.0,,ON,success
1790645949.3155754,1790645962.6507428,2,661,1,state-aware,8,0.99,0.99,,ON,failed
1790645953.7159467,1790645963.2540338,6,675,2,state-aware,8,0.0,0.9926,,ON,success
1790645950.7141833,1790645963.7689836,10,676,2,state-aware,8,0.9924,0.9943,,ON,failed
1790645957.3217797,1790645964.8966782,5,677,2,state-aware,8,0.0,0.9867,,UNKNOWN,failed
1790645954.4980674,1790645965.5487254,4,670,1,state-aware,8,0.0,0.0002,,ON,success
1790645960.3242772,1790645966.12211,7,667,1,state-aware,8,0.9925,0.0409,,OFF,failed
1790645960.0605345,1790645970.4305851,3,678,1,state-aware,8,0.9925,0.9938,,OFF,success
1790645961.1811583,1790645971.1429873,8,653,2,state-aware,8,0.9867,0.9841,,OFF,success
1790645966.33435,1790645973.9271529,9,655,2,state-aware,8,0.9914,0.9933,,OFF,failed
1790645964.778171,1790645975.1268198,1,679,1,state-aware,8,0.9915,0.9914,,OFF,success
1790645966.4829187,1790645976.7833457,6,676,1,state-aware,8,0.7042,0.0,,OFF,success
1790645968.2212884,1790645977.5915487,5,678,1,state-aware,8,0.9931,0.9932,,OFF,success
1790645965.8755796,1790645978.1068811,2,662,2,state-aware,8,0.9914,0.9933,,OFF,failed
1790645972.3342507,1790645978.4984372,10,677,1,state-aware,8,0.9901,0.9933,,OFF,failed
1790645968.7712831,1790645978.6301708,4,671,2,state-aware,8,0.99,0.9901,,OFF,success
1790645969.354204,1790645979.2635021,7,668,2,state-aware,8,0.9925,0.9925,,OFF,success
1790645974.372728,1790645983.8828647,8,654,2,state-aware,8,0.9937,0.9942,,OFF,success
1790645973.6533508,1790645984.3624537,3,679,1,state-aware,8,0.9932,0.9925,,OFF,success
1790645977.27303,1790645988.5498924,9,656,1,state-aware,8,0.9915,0.9915,,OFF,success
1790645978.293253,1790645989.2703922,1,680,1,state-aware,8,0.9915,0.9901,,OFF,success
1790645980.0012455,1790645989.680837,6,677,2,state-aware,8,0.9925,0.9926,,OFF,success
1790645980.826867,1790645990.9061391,5,679,2,state-aware,8,0.0,0.9915,,OFF,success
1790645981.8454072,1790645991.42241,4,672,2,state-aware,8,0.9901,0.9914,,OFF,success
1790645981.3189306,1790645991.825742,2,663,1,state-aware,8,0.948,0.9899,,OFF,success
1790645982.4778512,1790645992.1346874,7,669,2,state-aware,8,0.9901,0.9915,,OFF,success
1790645987.3415763,1790645994.8117588,10,678,2,state-aware,8,0.9932,0.9942,,OFF,failed
1790645987.1106772,1790645996.9568827,8,655,2,state-aware,8,0.9925,0.9942,,OFF,success
1790645987.593322,1790645997.4821396,3,680,1,state-aware,8,0.9922,0.9929,,OFF,success
1790645992.9083092,1790646002.4990134,6,678,2,state-aware,8,0.9932,0.9944,,OFF,success
1790645992.491726,1790646003.130831,1,681,2,state-aware,8,0.0,0.9913,,OFF,success
1790645991.7754347,1790646004.6329236,9,657,1,state-aware,8,0.9925,0.9926,,OFF,failed
1790645994.137685,1790646004.8361478,5,680,1,state-aware,8,0.9938,0.9938,,OFF,success
1790645995.3623784,1790646006.6767714,7,670,2,state-aware,8,0.9925,0.9925,,OFF,success
1790646000.3765068,1790646007.8021107,2,664,1,state-aware,8,0.9925,0.9933,,OFF,failed
1790645998.0240297,1790646008.318161,10,679,1,state-aware,8,0.9923,0.9941,,OFF,success
1790646051.260766,1790646060.864491,1,685,2,snr-greedy,8,0.9931,0.9938,,OFF,success
1790646050.7670622,1790646061.3824837,6,682,2,snr-greedy,8,0.9933,0.9933,,OFF,success
1790646059.7865534,1790646065.8014705,9,661,1,snr-greedy,8,0.9899,0.0,,OFF,failed
1790646055.7046306,1790646066.1925552,4,677,1,snr-greedy,8,0.9926,0.9881,,UNKNOWN,success
1790646059.7877388,1790646067.3027618,5,684,2,snr-greedy,8,0.9912,0.9913,,OFF,failed
1790646057.217017,1790646067.8202817,7,674,2,snr-greedy,8,0.9924,0.9924,,OFF,success
1790646059.300655,1790646069.5578985,10,683,2,snr-greedy,8,0.9914,0.9938,,OFF,success
1790646060.3181515,1790646070.5776367,2,668,2,snr-greedy,8,0.0,0.9825,,OFF,success
1790646062.316902,1790646072.044827,8,660,2,snr-greedy,8,0.9915,0.9926,,OFF,success
1790646065.7896485,1790646073.3340275,3,685,1,snr-greedy,8,0.9904,0.9862,,OFF,failed
1790646064.0644693,1790646074.6989293,1,686,1,snr-greedy,8,0.9925,0.9925,,OFF,success
1790646064.6053717,1790646077.4452207,6,683,2,snr-greedy,8,0.9942,0.9943,,OFF,failed
1790646069.411958,1790646080.4030683,4,678,1,snr-greedy,8,0.9925,0.9881,,OFF,success
1790646069.1388016,1790646081.6536274,9,662,1,snr-greedy,8,0.9933,0.9912,,OFF,failed
1790646071.0403323,1790646081.9431424,7,675,2,snr-greedy,8,0.9925,0.9925,,OFF,success
1790646070.5363026,1790646082.858889,5,685,2,snr-greedy,8,0.0,0.1075,,OFF,failed
1790646073.906743,1790646083.3639352,2,669,2,snr-greedy,8,0.993,0.9932,,OFF,success
1790646072.876941,1790646083.9908555,10,684,2,snr-greedy,8,0.9925,0.9926,,OFF,success
1790646075.2629952,1790646084.7287729,8,661,2,snr-greedy,8,0.9916,0.9933,,OFF,success
1790646076.5639558,1790646087.596585,3,686,1,snr-greedy,8,0.9942,0.9925,,OFF,success
1790646077.9245043,1790646088.1041665,1,687,1,snr-greedy,8,0.9942,0.9924,,OFF,success
1790646080.6658356,1790646090.9623518,6,684,2,snr-greedy,8,0.9938,0.9938,,OFF,success
1790646083.619362,1790646093.706757,4,679,1,snr-greedy,8,0.99,0.99,,OFF,success
1790646085.1499372,1790646094.5362897,7,676,1,snr-greedy,8,0.9929,0.9929,,OFF,success
1790646084.8652802,1790646094.7733066,9,663,1,snr-greedy,8,0.9942,0.9925,,OFF,success
1790646086.0758061,1790646097.5058916,5,686,1,snr-greedy,8,0.9925,0.9914,,OFF,success
1790646086.5820577,1790646097.9242673,2,670,1,snr-greedy,8,0.9938,0.9915,,OFF,success
1790646087.952368,1790646098.125175,8,662,1,snr-greedy,8,0.9938,0.9938,,OFF,success
1790646087.2119935,1790646098.4476824,10,685,1,snr-greedy,8,0.9925,0.9916,,OFF,success
1790646091.4285889,1790646100.886134,1,688,1,snr-greedy,8,0.9916,0.9915,,OFF,success
1790646090.820274,1790646102.7284086,3,687,2,snr-greedy,8,0.9938,0.9942,,OFF,failed
1790646094.1767066,1790646104.2562447,6,685,2,snr-greedy,8,0.9933,0.9942,,OFF,success
1790646096.8767407,1790646107.0164587,4,680,2,snr-greedy,8,0.99,0.99,,OFF,success
1790646098.0483181,1790646109.6251862,9,664,1,snr-greedy,8,0.9942,0.989,,OFF,failed
1790646100.725555,1790646111.43614,5,687,2,snr-greedy,8,0.0,0.5783,,OFF,success
1790646101.3491845,1790646112.0661306,8,663,1,snr-greedy,8,0.9899,0.9877,,OFF,success
1790646106.8037593,1790646113.3888884,2,671,1,snr-greedy,8,0.9944,0.9937,,ON,failed
1790646106.8046026,1790646113.899474,10,686,1,snr-greedy,8,0.9933,0.9925,,ON,failed
1790646104.2128282,1790646115.1604218,1,689,2,snr-greedy,8,0.9933,0.9931,,ON,success
1790646105.9418635,1790646116.4569974,3,688,2,snr-greedy,8,0.9924,0.9925,,ON,success
1790646107.5709956,1790646118.9008453,6,686,1,snr-greedy,8,0.9933,0.9925,,ON,failed
1790646110.3405716,1790646121.0894814,4,681,2,snr-greedy,8,0.99,0.9937,,ON,success
1790646114.4594245,1790646124.0320997,5,688,2,snr-greedy,8,0.9858,0.9913,,OFF,success
1790646114.380923,1790646125.4704022,9,665,2,snr-greedy,8,0.9938,0.9941,,OFF,success
1790646115.2818334,1790646126.1171536,8,664,2,snr-greedy,8,0.9933,0.9944,,OFF,success
1790646121.8115647,1790646128.1508613,2,672,2,snr-greedy,8,0.9939,0.9942,,OFF,failed
1790646118.3773491,1790646129.1842465,1,690,1,snr-greedy,8,0.9924,0.9914,,OFF,success
1790646122.8123388,1790646129.6640866,10,687,2,snr-greedy,8,0.9914,0.9942,,OFF,failed
1790646119.7023368,1790646130.886986,3,689,1,snr-greedy,8,0.9943,0.9925,,OFF,success
1790646122.114497,1790646133.456429,6,687,2,snr-greedy,8,0.9915,0.9914,,OFF,success
1790646124.3049178,1790646134.9811761,4,682,2,snr-greedy,8,0.9923,0.9923,,OFF,success
1790646127.2682068,1790646138.5652163,5,689,2,snr-greedy,8,0.9901,0.9914,,OFF,success
1790646129.339634,1790646140.6211083,8,665,2,snr-greedy,8,0.9925,0.9942,,OFF,success
1790646128.6890647,1790646141.6345577,9,666,1,snr-greedy,8,0.9933,0.9915,,OFF,failed
1790646131.3776314,1790646142.5631886,2,673,2,snr-greedy,8,0.9933,0.9933,,OFF,success
1790646132.406726,1790646143.5046654,1,691,1,snr-greedy,8,0.0096,0.0,,OFF,success
1790646134.1190598,1790646143.891676,3,690,1,snr-greedy,8,0.9944,0.9932,,OFF,success
1790646137.8182762,1790646144.136991,10,688,1,snr-greedy,8,0.9941,0.9938,,OFF,failed
1790646136.680232,1790646147.684966,6,688,2,snr-greedy,8,0.9901,0.9925,,OFF,success
1790646138.211715,1790646148.2238545,4,683,1,snr-greedy,8,0.9926,0.9914,,OFF,success
1790646143.8370361,1790646153.4294791,8,666,2,snr-greedy,8,0.0,0.1756,,OFF,success
1790646141.804686,1790646153.724274,5,690,2,snr-greedy,8,0.9915,0.9915,,OFF,failed
1790646144.849536,1790646155.7742712,9,667,1,snr-greedy,8,0.9926,0.9901,,OFF,success
1790646145.8006036,1790646156.3042514,2,674,1,snr-greedy,8,0.9938,0.9933,,OFF,success
1790646147.3569062,1790646157.9437635,10,689,1,snr-greedy,8,0.9926,0.9925,,OFF,success
1790646151.8257387,1790646158.9707692,1,692,1,snr-greedy,8,0.9852,0.9805,,OFF,failed
1790646151.4080257,1790646161.2246196,4,684,1,snr-greedy,8,0.9915,0.9899,,OFF,success
1790646150.9288387,1790646163.1483407,6,689,1,snr-greedy,8,0.9914,0.9915,,OFF,failed
1790646156.6455324,1790646166.7416692,8,667,2,snr-greedy,8,0.991,0.9931,,OFF,success
1790646156.9492736,1790646167.564397,5,691,2,snr-greedy,8,0.9937,0.9942,,OFF,success
1790646159.0176482,1790646170.2042644,9,668,2,snr-greedy,8,0.0,0.0,,ON,success
1790646159.5305524,1790646172.0591013,2,675,1,snr-greedy,8,0.9932,0.9925,,ON,failed
1790646161.1715975,1790646172.672675,10,690,1,snr-greedy,8,0.9926,0.9915,,ON,failed
1790646160.4250093,1790646173.7955406,7,681,2,snr-greedy,8,0.9925,0.9938,,ON,failed
1790646166.36067,1790646176.7008567,6,690,2,snr-greedy,8,0.0,0.9932,,ON,success
1790646164.4255898,1790646177.1798525,4,685,2,snr-greedy,8,0.0,0.9694,,ON,failed
1790646169.9696827,1790646180.7826824,8,668,2,snr-greedy,8,0.9932,0.9938,,OFF,success
1790646170.7840314,1790646181.2653203,5,692,1,snr-greedy,8,0.9944,0.9932,,OFF,success
1790646173.4947002,1790646184.9813738,9,669,1,snr-greedy,8,0.9932,0.9933,,OFF,failed
1790646175.280542,1790646185.561882,2,676,2,snr-greedy,8,0.9932,0.9931,,OFF,success
1790646175.88768,1790646186.9147224,10,691,2,snr-greedy,8,0.9914,0.9938,,OFF,success
1790646176.7483325,1790646187.4214807,3,693,2,snr-greedy,8,0.0,0.01,,OFF,success
1790646097.7614486,,7,677,2,snr-greedy,8,0.0,0.9926,,OFF,unavailable
1790646182.8375697,1790646189.666461,7,682,1,snr-greedy,8,0.9932,0.9926,,OFF,failed
1790646180.4037511,1790646191.723818,4,686,1,snr-greedy,8,0.9914,0.9882,,OFF,success
1790646179.9241433,1790646193.160517,6,691,1,snr-greedy,8,0.9937,0.9933,,OFF,failed
1790646189.8416307,1790646196.7461925,8,669,1,snr-greedy,8,0.0,0.0,,OFF,failed
1790646189.8426938,1790646196.9294426,5,693,2,snr-greedy,8,0.9915,0.9916,,OFF,failed
1790646193.846849,1790646200.1218386,2,677,2,snr-greedy,8,0.9914,0.9914,,OFF,failed
1790646190.6420937,1790646200.6316097,3,694,2,snr-greedy,8,0.9938,0.9944,,OFF,success
1790646193.845887,1790646201.5561342,9,670,2,snr-greedy,8,0.0,0.9933,,OFF,failed
1790646192.4884763,1790646201.9644346,1,695,2,snr-greedy,8,0.9912,0.9925,,OFF,success
1790646194.9493575,1790646204.7285821,4,687,1,snr-greedy,8,0.9914,0.9914,,OFF,success
1790646192.894954,1790646206.086176,7,683,2,snr-greedy,8,0.991,0.9914,,OFF,failed
1790646196.4860497,1790646206.6861355,6,692,2,snr-greedy,8,0.9925,0.9938,,OFF,success
1790646200.1715941,1790646212.739014,5,694,1,snr-greedy,8,0.9867,0.9853,,OFF,failed
1790646204.8696692,1790646213.0556796,8,670,1,snr-greedy,8,0.9885,0.9881,,OFF,failed
1790646203.3217323,1790646213.6307697,2,678,2,snr-greedy,8,0.0,0.9768,,OFF,success
1790646204.7678485,1790646214.676483,9,671,2,snr-greedy,8,0.9916,0.9924,,OFF,success
1790646203.8347192,1790646215.104743,3,695,1,snr-greedy,8,0.9937,0.9923,,OFF,success
1790646205.1760907,1790646216.6357126,1,696,1,snr-greedy,8,0.9925,0.99,,OFF,success
1790646207.9446952,1790646218.0482183,4,688,2,snr-greedy,8,0.9914,0.9925,,OFF,success
1790646209.1789029,1790646218.6387506,7,684,2,snr-greedy,8,0.9925,0.9932,,OFF,success
1790646128.3097723,,7,679,2,snr-greedy,8,0.9924,0.9924,,OFF,unavailable
1790646209.902832,1790646220.3935452,6,693,1,snr-greedy,8,0.9933,0.9915,,OFF,success
1790646216.3344746,1790646226.6665714,8,671,2,snr-greedy,8,0.0,0.0,,ON,success
1790646216.858027,1790646227.1554093,2,679,1,snr-greedy,8,0.994,0.9915,,ON,success
1790646215.9391682,1790646229.1013055,5,695,1,snr-greedy,8,0.9914,0.9901,,ON,failed
1790646217.8918757,1790646230.4430964,9,672,1,snr-greedy,8,0.9942,0.9938,,OFF,failed
1790646224.8954368,1790646230.9621167,1,697,1,snr-greedy,8,0.9915,0.9899,,OFF,failed
1790646221.380675,1790646231.452089,4,689,2,snr-greedy,8,0.9881,0.9901,,OFF,success
1790646221.7978024,1790646231.561922,7,685,2,snr-greedy,8,0.9924,0.9933,,OFF,success
1790646223.6096053,1790646233.612258,6,694,2,snr-greedy,8,0.9901,0.9915,,OFF,success
1790646230.3892865,1790646239.8572824,2,680,2,snr-greedy,8,0.9924,0.9933,,OFF,success
1790646237.9012516,1790646243.4225745,5,696,2,snr-greedy,8,0.9925,0.9932,,OFF,failed
1790646152.827933,,3,691,1,snr-greedy,8,0.9926,0.9915,,OFF,unavailable
1790646234.1782968,1790646244.145079,1,698,2,snr-greedy,8,0.99,0.9898,,OFF,success
1790646234.7970097,1790646244.3492203,7,686,2,snr-greedy,8,0.9817,0.9875,,OFF,success
1790646233.74363,1790646244.8882551,9,673,1,snr-greedy,8,0.9942,0.9933,,OFF,success
1790646236.033611,1790646246.191462,10,695,2,snr-greedy,8,0.9931,0.9942,,OFF,success
1790646239.903081,1790646246.501426,4,690,1,snr-greedy,8,0.9879,0.988,,OFF,failed
1790646236.8197672,1790646247.3480275,6,695,2,snr-greedy,8,0.9925,0.9925,,OFF,success
1790646162.21001,,1,693,2,snr-greedy,8,0.0,0.0,,ON,unavailable
1790646243.0754275,1790646256.3182397,2,681,2,snr-greedy,8,0.0016,0.9933,,OFF,failed
1790646247.7623456,1790646257.1543522,7,687,2,snr-greedy,8,0.985,0.9842,,OFF,success
1790646246.6690748,1790646257.2583964,5,697,2,snr-greedy,8,0.9925,0.9932,,OFF,success
1790646249.4367106,1790646259.5109894,10,696,2,snr-greedy,8,0.9931,0.9937,,OFF,success
1790646252.911367,1790646259.7276347,1,699,1,snr-greedy,8,0.9938,0.9913,,OFF,failed
1790646253.9147353,1790646259.928721,3,698,1,snr-greedy,8,0.8689,0.8535,,OFF,failed
1790646252.9120662,1790646260.5242639,9,674,2,snr-greedy,8,0.9916,0.9933,,OFF,failed
1790646250.5749235,1790646260.5284748,6,696,1,snr-greedy,8,0.9943,0.9942,,OFF,success
1790646257.8218312,1790646268.4444985,8,674,1,snr-greedy,8,0.9943,0.9942,,OFF,success
1790646259.493768,1790646269.7537172,2,682,2,snr-greedy,8,0.9924,0.9937,,OFF,success
1790646262.946319,1790646272.5156698,1,700,2,snr-greedy,8,0.9881,0.9933,,OFF,success
1790646260.480623,1790646273.1496847,5,698,2,snr-greedy,8,0.8535,0.8835,,OFF,failed
1790646265.936846,1790646273.2399924,7,688,2,snr-greedy,8,0.9929,0.9934,,ON,failed
1790646262.9332693,1790646273.9446576,10,697,2,snr-greedy,8,0.0,0.9941,,OFF,success
1790646263.9451575,1790646274.3607128,9,675,1,snr-greedy,8,0.8887,0.8535,,ON,success
1790646267.9382234,1790646275.518663,3,699,1,snr-greedy,8,0.0478,0.0016,,OFF,failed
1790646323.5047374,1790646330.1922617,8,678,1,ewma,8,0.9924,0.9924,,OFF,failed
1790646321.2917602,1790646330.994716,5,702,2,ewma,8,0.9853,0.9885,,OFF,success
1790646321.1026812,1790646331.1916535,1,704,1,ewma,8,0.9931,0.0,,OFF,success
1790646320.2710366,1790646331.39635,2,686,2,ewma,8,0.0,0.9877,,OFF,success
1790646322.844952,1790646333.2871947,9,679,2,ewma,8,0.9938,0.9938,,OFF,success
1790646324.9945467,1790646334.485579,6,701,2,ewma,8,0.9924,0.9924,,OFF,success
1790646321.9405549,1790646334.978282,7,692,2,ewma,8,0.9925,0.9925,,OFF,failed
1790646325.7447398,1790646336.5034137,4,696,1,ewma,8,0.9901,0.9932,,OFF,success
1790646325.8127027,1790646337.533812,3,703,1,ewma,8,0.9882,0.9882,,OFF,success
1790646333.4144053,1790646343.4011126,8,679,2,ewma,8,0.9926,0.9915,,OFF,success
1790646339.5206323,1790646345.9484253,5,703,2,ewma,8,0.99,0.9932,,OFF,failed
1790646336.308925,1790646346.455628,9,680,2,ewma,8,0.9925,0.9926,,OFF,success
1790646334.6555135,1790646346.7885246,2,687,2,ewma,8,0.9861,0.9923,,OFF,failed
1790646334.6558242,1790646346.9633338,1,705,1,ewma,8,0.0,0.0,,OFF,failed
1790646336.2760186,1790646347.8079627,10,702,2,ewma,8,0.9938,0.9942,,OFF,success
1790646337.6706333,1790646347.8154314,6,702,2,ewma,8,0.9882,0.9914,,OFF,success
1790646338.188761,1790646348.690884,7,693,1,ewma,8,0.9899,0.9942,,OFF,success
1790646339.916171,1790646349.7531414,4,697,1,ewma,8,0.9898,0.9898,,OFF,success
1790646340.7727404,1790646351.2834466,3,704,1,ewma,8,0.9944,0.9932,,OFF,success
1790646346.5236104,1790646355.9945645,8,680,2,ewma,8,0.9944,0.9943,,OFF,success
1790646349.1761618,1790646359.5555549,5,704,1,ewma,8,0.9925,0.9938,,OFF,success
1790646350.8456597,1790646360.7907588,6,703,2,ewma,8,0.9899,0.9861,,OFF,success
1790646354.5281248,1790646362.5361536,9,681,2,ewma,8,0.0,0.0,,OFF,failed
1790646356.532757,1790646362.821735,10,703,2,ewma,8,0.9938,0.0,,OFF,failed
1790646355.5301325,1790646362.940944,2,688,1,ewma,8,0.9696,0.9881,,OFF,failed
1790646355.5310519,1790646363.3539488,1,706,2,ewma,8,0.9881,0.9824,,OFF,failed
1790646354.5142274,1790646366.529089,3,705,1,ewma,8,0.9933,0.9925,,OFF,failed
1790646359.2161129,1790646369.085434,8,681,2,ewma,8,0.9926,0.9939,,OFF,success
1790646364.0187147,1790646373.3809636,6,704,2,ewma,8,0.9926,0.9933,,ON,success
1790646362.8957055,1790646374.402262,5,705,1,ewma,8,0.9901,0.9915,,ON,failed
1790646366.5633175,1790646378.2249963,1,707,1,ewma,8,0.9867,0.9871,,UNKNOWN,failed
1790646366.2757237,1790646378.3945928,2,689,2,ewma,8,0.0,0.99,,UNKNOWN,failed
1790646369.7554514,1790646379.5468252,3,706,1,ewma,8,0.9938,0.9901,,OFF,success
1790646372.3076468,1790646383.4067845,8,682,2,ewma,8,0.9933,0.9933,,OFF,success
1790646376.6058984,1790646386.7952392,6,705,2,ewma,8,0.9916,0.9926,,OFF,success
1790646377.6286135,1790646388.5588992,5,706,2,ewma,8,0.9925,0.9925,,OFF,success
1790646381.2212443,1790646391.524548,4,700,1,ewma,8,0.9908,0.9908,,OFF,success
1790646382.735844,1790646392.4597323,3,707,1,ewma,8,0.9942,0.9915,,OFF,success
1790646382.1272168,1790646392.6252732,7,696,1,ewma,8,0.8333,0.9932,,OFF,success
1790646381.618332,1790646392.7275884,2,690,1,ewma,8,0.0,0.99,,OFF,success
1790646386.5453951,1790646394.2934895,1,708,2,ewma,8,0.9941,0.9915,,OFF,failed
1790646386.6260169,1790646396.2441313,8,683,2,ewma,8,0.9938,0.9942,,OFF,success
1790646390.1237833,1790646400.2165658,6,706,2,ewma,8,0.9915,0.9938,,OFF,success
1790646391.783433,1790646402.043975,5,707,2,ewma,8,0.9926,0.9901,,OFF,success
1790646394.7545035,1790646404.7188182,4,701,1,ewma,8,0.99,0.9915,,OFF,success
1790646396.0634947,1790646405.5587099,2,691,1,ewma,8,0.0,0.9932,,OFF,success
1790646397.181962,1790646407.1770282,9,684,2,ewma,8,0.9938,0.9915,,OFF,success
1790646397.528008,1790646408.0175486,1,709,1,ewma,8,0.99,0.9921,,OFF,success
1790646400.5497937,1790646408.1962054,3,708,1,ewma,8,0.9942,0.9925,,OFF,failed
1790646403.5524275,1790646409.72724,10,706,1,ewma,8,0.8535,0.8887,,OFF,failed
1790646399.5750003,1790646410.2448196,8,684,2,ewma,8,0.9939,0.9933,,OFF,success
1790646403.4332464,1790646412.8989587,6,707,2,ewma,8,0.9938,0.9944,,OFF,success
1790646405.2648518,1790646417.331565,5,708,2,ewma,8,0.9937,0.9938,,OFF,failed
1790646407.9293208,1790646419.3921826,4,702,1,ewma,8,0.9912,0.9924,,OFF,failed
1790646408.8969767,1790646419.9784307,2,692,1,ewma,8,0.9944,0.9933,,OFF,success
1790646411.3104258,1790646420.9339623,1,710,1,ewma,8,0.9246,0.9458,,OFF,success
1790646410.3956478,1790646421.4924881,9,685,2,ewma,8,0.9915,0.9926,,OFF,success
1790646411.5284176,1790646422.57168,3,709,1,ewma,8,0.8903,0.9889,,OFF,success
1790646413.468444,1790646423.1680222,8,685,2,ewma,8,0.9938,0.9941,,OFF,success
1790646412.960963,1790646425.0891724,10,707,2,ewma,8,0.9882,0.9933,,OFF,failed
1790646416.1241636,1790646426.0174067,6,708,2,ewma,8,0.0,0.9943,,UNKNOWN,success
1790646420.5627966,1790646430.2212446,5,709,2,ewma,8,0.9914,0.9915,,OFF,success
1790646422.7228684,1790646431.943278,4,703,1,ewma,8,0.0,0.0097,,OFF,success
1790646424.7088916,1790646434.6137211,9,686,2,ewma,8,0.9933,0.9938,,OFF,success
1790646424.196975,1790646434.7291622,1,711,1,ewma,8,0.9925,0.9882,,OFF,success
1790646425.7783113,1790646435.2304673,3,710,1,ewma,8,0.9938,0.9925,,OFF,success
1790646428.56482,1790646435.3323593,2,693,1,ewma,8,0.9925,0.9925,,OFF,failed
1790646426.3882005,1790646436.1562977,8,686,2,ewma,8,0.9914,0.3648,,OFF,success
1790646426.8788884,1790646436.4684205,7,699,1,ewma,8,0.9901,0.9915,,OFF,success
1790646429.262978,1790646439.3623426,6,709,2,ewma,8,0.9915,0.9933,,OFF,success
1790646433.4373024,1790646444.3322587,5,710,2,ewma,8,0.9915,0.9925,,OFF,success
1790646351.843425,,7,694,1,ewma,8,0.9915,0.9915,,OFF,unavailable
1790646352.9819486,,4,698,1,ewma,8,0.9914,0.9901,,OFF,unavailable
1790646437.9271865,1790646447.5552087,1,712,1,ewma,8,0.0,0.0,,OFF,success
1790646435.1607456,1790646448.5442297,4,704,1,ewma,8,0.9924,0.9924,,OFF,failed
1790646438.6550047,1790646449.2577221,2,694,1,ewma,8,0.9924,0.9925,,OFF,success
1790646443.5728204,1790646449.7724738,3,711,1,ewma,8,0.9944,0.9933,,OFF,failed
1790646439.3898165,1790646450.3791983,8,687,2,ewma,8,0.9915,0.298,,OFF,success
1790646439.703902,1790646450.617535,7,700,1,ewma,8,0.9911,0.9915,,OFF,success
1790646443.5719943,1790646451.1247113,9,687,2,ewma,8,0.9933,0.9938,,OFF,failed
1790646442.5521557,1790646452.2336514,6,710,2,ewma,8,0.7966,0.01,,OFF,success
1790646447.5447164,1790646458.2075226,5,711,2,ewma,8,0.9933,0.9932,,OFF,success
1790646450.8537736,1790646461.5729918,1,713,1,ewma,8,0.9938,0.9912,,OFF,success
1790646452.4830294,1790646461.8598204,2,695,1,ewma,8,0.9944,0.9932,,OFF,success
1790646452.9958534,1790646463.5996256,3,712,1,ewma,8,0.9933,0.9915,,OFF,success
1790646371.5397885,,9,682,2,ewma,8,0.0,0.9587,,OFF,unavailable
1790646371.5407257,,10,704,1,ewma,8,0.0,0.0,,OFF,unavailable
1790646451.768939,1790646464.6134703,4,705,1,ewma,8,0.9925,0.9925,,OFF,failed
1790646455.4548662,1790646464.9577713,6,711,2,ewma,8,0.9942,0.9925,,OFF,success
1790646458.579239,1790646465.8604853,8,688,2,ewma,8,0.9933,0.9921,,OFF,failed
1790646460.5818179,1790646465.9441297,9,688,2,ewma,8,0.9933,0.9902,,OFF,failed
1790646459.2373066,1790646469.843397,10,710,1,ewma,8,0.9938,0.9941,,OFF,success
1790646461.4800844,1790646470.864164,5,712,2,ewma,8,0.9924,0.9933,,OFF,success
1790646465.0762544,1790646475.0009587,2,696,1,ewma,8,0.8689,0.9925,,UNKNOWN,success
1790646470.5858808,1790646477.528159,1,714,1,ewma,8,0.9914,0.9914,,OFF,failed
1790646468.1601715,1790646477.9343247,6,712,2,ewma,8,0.9935,0.9929,,OFF,success
1790646467.8338323,1790646479.4526544,4,706,2,ewma,8,0.9914,0.9882,,OFF,success
1790646469.1804671,1790646480.629951,9,689,1,ewma,8,0.9924,0.9925,,OFF,success
1790646474.5887938,1790646481.7153082,8,689,2,ewma,8,0.9925,0.9938,,OFF,failed
1790646473.067972,1790646483.3891659,10,711,1,ewma,8,0.9901,0.9916,,OFF,success
1790646474.1960485,1790646486.431306,5,713,2,ewma,8,0.9915,0.9925,,OFF,failed
1790646478.2238803,1790646488.4127736,2,697,1,ewma,8,0.9938,0.9915,,OFF,success
1790646480.765483,1790646491.3385766,1,715,1,ewma,8,0.0,0.0054,,OFF,success
1790646482.1857386,1790646492.0631092,7,703,1,ewma,8,0.0,0.0,,OFF,success
1790646481.1563745,1790646492.4883635,6,713,2,ewma,8,0.9933,0.9933,,OFF,success
1790646401.5510714,,7,697,1,ewma,8,0.9852,0.9932,,OFF,unavailable
1790646483.8916876,1790646494.9339242,9,690,1,ewma,8,0.9925,0.9925,,OFF,success
1790646487.5945702,1790646495.4462326,4,707,2,ewma,8,0.9901,0.9882,,OFF,failed
1790646484.9244826,1790646495.7471888,8,690,2,ewma,8,0.9937,0.9944,,OFF,success
1790646486.6047828,1790646498.1485143,10,712,1,ewma,8,0.9942,0.9942,,OFF,failed
1790646489.6558616,1790646499.1451807,5,714,2,ewma,8,0.9882,0.9899,,OFF,success
1790646491.6426523,1790646502.1937568,2,698,1,ewma,8,0.9902,0.9916,,OFF,success
1790646494.565579,1790646503.9659467,1,716,1,ewma,8,0.9925,0.9925,,OFF,success
1790646495.701979,1790646504.9803643,6,714,2,ewma,8,0.9915,0.9937,,OFF,success
1790646496.9300385,1790646506.7437167,3,715,1,ewma,8,0.9941,0.9925,,OFF,success
1790646495.2937698,1790646508.068011,7,704,1,ewma,8,0.9942,0.9915,,OFF,failed
1790646498.1601007,1790646508.7585216,9,691,1,ewma,8,0.3265,0.1913,,OFF,success
1790646499.089316,1790646509.176687,8,691,2,ewma,8,0.9941,0.9943,,OFF,success
1790646504.6010115,1790646510.7055554,4,708,2,ewma,8,0.99,0.9882,,OFF,failed
1790646502.4844322,1790646511.9271996,5,715,2,ewma,8,0.9933,0.9933,,OFF,success
1790646501.5257535,1790646512.46049,10,713,1,ewma,8,0.9924,0.9942,,OFF,success
1790646505.4120882,1790646515.5070088,2,699,1,ewma,8,0.9915,0.9915,,OFF,success
1790646507.1740832,1790646518.2180464,1,717,1,ewma,8,0.9883,0.9915,,OFF,success
1790646508.2036998,1790646518.3289416,6,715,2,ewma,8,0.9916,0.9915,,OFF,success
1790646428.307736,,10,708,1,ewma,8,0.9899,0.9938,,OFF,unavailable
1790646509.96495,1790646520.2300727,3,716,1,ewma,8,0.9943,0.9925,,OFF,success
1790646512.390693,1790646521.7762775,8,692,2,ewma,8,0.9926,0.9933,,ON,success
1790646511.9791586,1790646523.743619,9,692,1,ewma,8,0.9925,0.9933,,ON,failed
1790646511.2837598,1790646524.2188735,7,705,1,ewma,8,0.9925,0.9915,,ON,failed
1790646513.9193416,1790646526.8981915,4,709,1,ewma,8,0.9901,0.9881,,ON,failed
1790646520.6093302,1790646527.8369958,10,714,1,ewma,8,0.0016,0.9925,,UNKNOWN,failed
1790646515.1582754,1790646528.5206044,5,716,2,ewma,8,0.9933,0.0,,ON,failed
1790646518.823866,1790646529.8737373,2,700,1,ewma,8,0.0,0.9916,,UNKNOWN,success
1790646521.5139468,1790646532.2102487,6,716,2,ewma,8,0.9877,0.9885,,OFF,success
1790646526.6126628,1790646533.9459307,1,718,1,ewma,8,0.9938,0.9914,,OFF,failed
1790646524.9949152,1790646535.3165145,8,693,2,ewma,8,0.9933,0.9933,,OFF,success
1790646523.4511554,1790646535.898852,3,717,1,ewma,8,0.9915,0.9926,,OFF,failed
1790646527.4323792,1790646536.9195175,7,706,1,ewma,8,0.9938,0.9914,,OFF,success
1790646526.9385712,1790646537.6608782,9,693,1,ewma,8,0.9942,0.9933,,OFF,success
1790646530.1328883,1790646540.1003542,4,710,2,ewma,8,0.9925,0.9925,,OFF,success
1790646531.019244,1790646542.2456496,10,715,1,ewma,8,0.9921,0.9943,,OFF,success
1790646531.7395463,1790646543.062555,5,717,2,ewma,8,0.9931,0.9931,,OFF,failed
1790646533.0720284,1790646544.1218648,2,701,1,ewma,8,0.9933,0.9915,,OFF,success
1790646453.948245,,7,701,1,ewma,8,0.0,0.0467,,OFF,unavailable
1790646535.4455318,1790646545.3501103,6,717,2,ewma,8,0.9901,0.9926,,OFF,success
1790646537.1791573,1790646546.778396,1,719,1,ewma,8,0.9924,0.9925,,OFF,success
1790646539.1231356,1790646549.0102835,3,718,1,ewma,8,0.9938,0.99,,OFF,success
1790646538.5389032,1790646549.1967995,8,694,2,ewma,8,0.9938,0.9942,,OFF,success
1790646594.2437503,1790646598.271397,7,710,1,state-aware,9,0.9908,0.9,,OFF,failed
1790646596.2450402,1790646601.2371004,4,714,2,state-aware,9,0.9,0.9862,,OFF,failed
1790646592.2407658,1790646602.3393588,5,721,2,state-aware,9,0.9933,0.9933,,OFF,success
1790646592.568522,1790646602.9493299,6,721,2,state-aware,9,0.9913,0.9941,,OFF,success
1790646593.209261,1790646603.472118,10,719,2,state-aware,9,0.9914,0.9925,,OFF,success
1790646594.039424,1790646605.3575082,2,705,1,state-aware,9,0.9938,0.9925,,OFF,success
1790646598.696904,1790646608.6415384,3,722,1,state-aware,9,0.9938,0.9932,,OFF,success
1790646596.4960358,1790646609.4542484,1,723,1,state-aware,9,0.9933,0.9882,,OFF,failed
1790646600.5681918,1790646610.9844954,8,698,1,state-aware,9,0.9047,0.9001,,OFF,success
1790646601.4863741,1790646611.785646,7,711,2,state-aware,9,0.9901,0.9925,,OFF,success
1790646606.2498236,1790646613.532156,9,698,1,state-aware,9,0.9,0.0,,OFF,failed
1790646604.4674423,1790646615.361203,4,715,1,state-aware,9,0.9915,0.9914,,OFF,success
1790646606.1681783,1790646615.905227,6,722,1,state-aware,9,0.9925,0.9925,,OFF,success
1790646605.551341,1790646616.2038147,5,722,1,state-aware,9,0.9932,0.9925,,OFF,success
1790646612.2525625,1790646618.7384307,10,720,1,state-aware,9,0.9932,0.9941,,OFF,failed
1790646608.570434,1790646619.2831082,2,706,2,state-aware,9,0.9925,0.9925,,OFF,success
1790646611.9689653,1790646622.421324,3,723,2,state-aware,9,0.9933,0.9916,,OFF,success
1790646612.6767423,1790646623.1401973,1,724,2,state-aware,9,0.9926,0.9914,,OFF,success
1790646614.208784,1790646623.8933194,8,699,2,state-aware,9,0.9933,0.9942,,OFF,success
1790646615.008272,1790646625.1845732,7,712,2,state-aware,9,0.9914,0.9932,,OFF,success
1790646616.7559817,1790646626.208804,9,699,2,state-aware,9,0.9915,0.9925,,OFF,success
1790646618.5734956,1790646628.3669345,4,716,1,state-aware,9,0.9901,0.9901,,OFF,success
1790646619.4229443,1790646629.5917246,5,723,2,state-aware,9,0.9932,0.9932,,OFF,success
1790646624.2562878,1790646631.528488,6,723,1,state-aware,9,0.9939,0.9925,,OFF,failed
1790646628.2589154,1790646634.7083085,2,707,2,state-aware,9,0.9925,0.9933,,OFF,failed
1790646625.5781128,1790646635.221893,3,724,1,state-aware,9,0.9925,0.9915,,OFF,success
1790646626.3543973,1790646636.1441736,1,725,2,state-aware,9,0.9933,0.9901,,OFF,success
1790646627.166169,1790646637.5732288,8,700,2,state-aware,9,0.9915,0.9925,,OFF,success
1790646628.3999286,1790646640.6871042,7,713,2,state-aware,9,0.9925,0.9932,,OFF,failed
1790646629.4206512,1790646641.697485,9,700,2,state-aware,9,0.9944,0.9932,,OFF,failed
1790646631.693546,1790646642.394806,4,717,1,state-aware,9,0.9914,0.9914,,OFF,success
1790646632.9137974,1790646645.2861724,5,724,1,state-aware,9,0.9915,0.9915,,ON,failed
1790646634.785642,1790646645.6697688,6,724,2,state-aware,9,0.9914,0.9931,,ON,success
1790646637.9227476,1790646648.7560515,2,708,1,state-aware,9,0.9925,0.9772,,ON,success
1790646638.5415616,1790646649.8785052,3,725,1,state-aware,9,0.9925,0.8073,,ON,success
1790646639.3613834,1790646652.5474062,1,726,2,state-aware,9,0.0,0.9812,,ON,failed
1790646640.8191557,1790646653.3643034,8,701,1,state-aware,9,0.9938,0.9942,,UNKNOWN,failed
1790646643.91121,1790646653.4498281,7,714,1,state-aware,9,0.9942,0.9937,,OFF,success
1790646645.6121502,1790646656.952551,4,718,1,state-aware,9,0.9901,0.9915,,OFF,success
1790646644.9267454,1790646658.1813028,9,701,1,state-aware,9,0.9938,0.9924,,OFF,failed
1790646648.9842982,1790646659.5144317,6,725,2,state-aware,9,0.9931,0.9912,,OFF,success
1790646648.5062795,1790646661.647444,5,725,2,state-aware,9,0.9925,0.9932,,OFF,failed
1790646651.9851656,1790646662.3545833,2,709,1,state-aware,9,0.9915,0.9933,,OFF,success
1790646654.9157283,1790646664.4276679,10,723,2,state-aware,9,0.9942,0.9932,,OFF,success
1790646653.0975263,1790646664.753911,3,726,2,state-aware,9,0.9938,0.9915,,OFF,failed
1790646655.7817087,1790646665.229678,1,727,1,state-aware,9,0.9923,0.9923,,OFF,success
1790646662.2677374,1790646669.145837,8,702,2,state-aware,9,0.9916,0.9933,,OFF,failed
1790646656.6819892,1790646669.75705,7,715,1,state-aware,9,0.9868,0.9925,,OFF,failed
1790646660.1758554,1790646671.1660373,4,719,1,state-aware,9,0.99,0.9901,,OFF,success
1790646662.739715,1790646672.5368795,6,726,2,state-aware,9,0.9938,0.9924,,OFF,success
1790646661.413409,1790646674.2580152,9,702,2,state-aware,9,0.9924,0.9931,,OFF,failed
1790646664.9636807,1790646675.4647856,5,726,1,state-aware,9,0.9901,0.9925,,OFF,success
1790646665.6687694,1790646675.916086,2,710,1,state-aware,9,0.9926,0.9916,,OFF,success
1790646667.963455,1790646677.5051587,3,727,1,state-aware,9,0.9938,0.99,,OFF,success
1790646668.4336576,1790646678.0631132,1,728,1,state-aware,9,0.9932,0.9924,,OFF,success
1790646667.6463263,1790646678.6455243,10,724,2,state-aware,9,0.9926,0.9938,,OFF,success
1790646672.430099,1790646682.5307326,8,703,1,state-aware,9,0.9924,0.9942,,OFF,success
1790646672.9422286,1790646683.0417514,7,716,2,state-aware,9,0.9915,0.99,,OFF,success
1790646674.3939354,1790646687.2695062,4,720,1,state-aware,9,0.99,0.9914,,OFF,failed
1790646677.480932,1790646687.8585753,9,703,1,state-aware,9,0.9938,0.9925,,OFF,success
1790646678.6960752,1790646689.5502095,5,727,1,state-aware,9,0.9915,0.9925,,OFF,success
1790646675.8646343,1790646689.5843966,6,727,2,state-aware,9,0.9938,0.9933,,OFF,failed
1790646679.2995195,1790646690.2031765,2,711,1,state-aware,9,0.9933,0.9932,,OFF,success
1790646681.8681455,1790646691.2765322,10,725,2,state-aware,9,0.9915,0.9939,,OFF,success
1790646680.8417993,1790646691.8527853,3,728,1,state-aware,9,0.9925,0.9924,,OFF,success
1790646681.280525,1790646692.1566613,1,729,1,state-aware,9,0.9938,0.9911,,OFF,success
1790646685.7595983,1790646695.8455136,8,704,1,state-aware,9,0.9942,0.9944,,OFF,success
1790646686.2600532,1790646699.0242503,7,717,2,state-aware,9,0.9932,0.9925,,OFF,failed
1790646690.4860718,1790646700.2783206,4,721,2,state-aware,9,0.0,0.9932,,UNKNOWN,success
1790646692.580878,1790646703.212458,5,728,1,state-aware,9,0.9932,0.9913,,OFF,success
1790646692.5467088,1790646703.439727,9,704,1,state-aware,9,0.9933,0.9933,,OFF,success
1790646693.4140007,1790646703.7606387,2,712,1,state-aware,9,0.9933,0.9901,,OFF,success
1790646692.6034443,1790646704.153579,6,728,1,state-aware,9,0.9939,0.9908,,OFF,success
1790646695.0687356,1790646704.76868,3,729,1,state-aware,9,0.9933,0.9915,,OFF,success
1790646694.54082,1790646705.5834908,10,726,2,state-aware,9,0.9901,0.9933,,OFF,success
1790646627.2576952,,10,721,2,state-aware,9,0.0,0.0,,OFF,unavailable
1790646762.2541556,1790646772.0348144,7,722,1,state-aware,9,0.9943,0.9932,,OFF,success
1790646765.3305967,1790646772.8566086,1,734,1,state-aware,9,0.9931,0.9924,,OFF,failed
1790646764.693821,1790646777.80195,4,726,2,state-aware,9,0.9925,0.994,,OFF,failed
1790646769.0276291,1790646778.3759444,5,733,1,state-aware,9,0.9842,0.9841,,OFF,success
1790646776.3415782,1790646782.1976604,2,717,2,state-aware,9,0.0,0.9931,,OFF,failed
1790646774.3353946,1790646782.5086222,3,734,1,state-aware,9,0.9933,0.9924,,OFF,failed
1790646771.0470707,1790646783.7971828,6,733,1,state-aware,9,0.9942,0.9938,,OFF,failed
1790646776.0904388,1790646785.583069,1,735,2,state-aware,9,0.9938,0.9898,,OFF,success
1790646775.2542794,1790646786.4732084,7,723,1,state-aware,9,0.9938,0.9925,,OFF,success
1790646695.3754473,,1,730,1,state-aware,9,0.9899,0.99,,OFF,unavailable
1790646699.0608828,,8,705,1,state-aware,9,0.9938,0.9942,,OFF,unavailable
1790646781.0188768,1790646791.7103565,4,727,1,state-aware,9,0.9924,0.9925,,OFF,success
1790646781.5956717,1790646794.6978135,5,734,1,state-aware,9,0.9915,0.9882,,OFF,failed
1790646702.2521918,,7,718,1,state-aware,9,0.9941,0.9937,,OFF,unavailable
1790646703.5016775,,4,722,2,state-aware,9,0.9925,0.9924,,OFF,unavailable
1790646785.4227226,1790646795.6938534,2,718,2,state-aware,9,0.0,0.9808,,OFF,success
1790646790.3481095,1790646797.1269457,10,732,2,state-aware,9,0.9901,0.9932,,ON,failed
1790646787.057636,1790646798.170962,6,734,2,state-aware,9,0.9925,0.9925,,ON,success
1790646786.230579,1790646798.2426898,9,710,1,state-aware,9,0.99,0.9924,,ON,failed
1790646791.3501043,1790646798.6856802,3,735,2,state-aware,9,0.9925,0.9938,,ON,failed
1790646707.3708024,,6,729,1,state-aware,9,0.9914,0.9926,,OFF,unavailable
1790646707.9913278,,3,730,1,state-aware,9,0.9942,0.9933,,OFF,unavailable
1790646708.80086,,10,727,2,state-aware,9,0.9925,0.9932,,UNKNOWN,unavailable
1790646789.6933184,1790646801.1150777,7,724,1,state-aware,9,0.0,0.0144,,ON,failed
1790646788.9016204,1790646801.6559823,1,736,2,state-aware,9,0.0,0.9881,,ON,failed
1790646794.929017,1790646804.6034985,4,728,2,state-aware,9,0.0026,0.9077,,UNKNOWN,success
1790646791.8758147,1790646804.7065349,8,711,1,state-aware,9,0.9938,0.9924,,ON,failed
1790646712.309365,,5,729,1,state-aware,9,0.9933,0.9943,,UNKNOWN,unavailable
1790646712.310896,,9,705,1,state-aware,9,0.0339,0.1102,,UNKNOWN,unavailable
1790646712.3119895,,2,713,1,state-aware,9,0.9926,0.9931,,UNKNOWN,unavailable
1790646797.8975604,1790646808.720661,5,735,2,state-aware,9,0.9938,0.9925,,OFF,success
1790646798.9174967,1790646809.1062384,2,719,1,state-aware,9,0.9943,0.9937,,OFF,success
1790646801.4678478,1790646810.8588665,9,711,2,state-aware,9,0.9924,0.9926,,OFF,success
1790646800.3528655,1790646811.060451,10,733,1,state-aware,9,0.9936,0.9932,,OFF,success
1790646801.9191267,1790646811.453892,3,736,1,state-aware,9,0.9932,0.9931,,OFF,success
1790646807.358912,1790646813.9271486,6,735,1,state-aware,9,0.9925,0.0002,,OFF,failed
1790646804.962881,1790646815.9938052,1,737,1,state-aware,9,0.9937,0.994,,OFF,success
1790646804.4252372,1790646816.714394,7,725,2,state-aware,9,0.99,0.9937,,OFF,failed
1790646807.9212337,1790646818.3552144,4,729,2,state-aware,9,0.0,0.9882,,OFF,success
1790646808.0231986,1790646820.4989967,8,712,1,state-aware,9,0.9902,0.8689,,OFF,failed
1790646864.9416177,1790646871.057317,2,723,1,ewma,9,0.9935,0.9929,,OFF,failed
1790646865.9440045,1790646872.4855196,10,737,1,ewma,9,0.636,0.0237,,OFF,failed
1790646863.6510797,1790646872.9310718,1,741,1,ewma,9,0.9881,0.9926,,OFF,success
1790646864.7817698,1790646876.2771003,7,729,2,ewma,9,0.9931,0.9932,,OFF,failed
1790646870.6966126,1790646880.2921946,8,716,2,ewma,9,0.9915,0.9914,,OFF,success
1790646869.6745944,1790646882.0159283,4,733,1,ewma,9,0.99,0.99,,OFF,failed
1790646873.689572,1790646883.3782053,3,741,1,ewma,9,0.9933,0.9942,,OFF,success
1790646874.280386,1790646885.1929352,2,724,2,ewma,9,0.8689,0.9923,,OFF,success
1790646875.4413507,1790646885.7936292,6,740,2,ewma,9,0.9932,0.9891,,OFF,success
1790646875.6962047,1790646886.3226845,10,738,2,ewma,9,0.9912,0.9932,,OFF,success
1790646879.946658,1790646887.6281316,9,716,2,ewma,9,0.9929,0.9922,,OFF,failed
1790646876.2053206,1790646889.1847756,1,742,1,ewma,9,0.9938,0.99,,OFF,failed
1790646879.5899937,1790646892.4489334,7,730,1,ewma,9,0.9925,0.9916,,OFF,failed
1790646883.503096,1790646894.7065496,8,717,2,ewma,9,0.9925,0.9944,,OFF,success
1790646885.2357903,1790646896.374223,4,734,2,ewma,9,0.9924,0.9913,,OFF,success
1790646888.400787,1790646897.897844,2,725,2,ewma,9,0.9925,0.9925,,OFF,success
1790646886.5964468,1790646898.8469052,3,742,1,ewma,9,0.9943,0.9942,,OFF,failed
1790646889.0144002,1790646899.5242505,6,741,2,ewma,9,0.9925,0.9943,,OFF,success
1790646890.7958007,1790646900.448831,9,717,1,ewma,9,0.9938,0.9925,,OFF,success
1790646889.743994,1790646900.4577966,10,739,2,ewma,9,0.0,0.0,,OFF,success
1790646895.956861,1790646902.2155821,5,741,1,ewma,9,0.9922,0.9912,,ON,failed
1790646892.5036023,1790646904.0317054,1,743,2,ewma,9,0.9942,0.9924,,OFF,failed
1790646895.6135025,1790646906.074155,7,731,2,ewma,9,0.9932,0.9923,,ON,success
1790646898.0279481,1790646910.0743413,8,718,2,ewma,9,0.9925,0.9938,,UNKNOWN,failed
1790646899.671971,1790646910.689951,4,735,2,ewma,9,0.9915,0.9915,,OFF,success
1790646902.0715048,1790646911.7084908,3,743,2,ewma,9,0.9925,0.9915,,OFF,success
1790646902.7360137,1790646912.5485702,6,742,2,ewma,9,0.9925,0.9943,,OFF,success
1790646901.1362882,1790646913.781042,2,726,2,ewma,9,0.9933,0.9937,,OFF,failed
1790646903.662705,1790646914.67809,10,740,2,ewma,9,0.003,0.0001,,OFF,success
1790646905.531547,1790646915.179252,5,742,2,ewma,9,0.9915,0.9914,,OFF,success
1790646908.9642935,1790646915.7037394,9,718,1,ewma,9,0.9938,0.9933,,OFF,failed
1790646907.251145,1790646917.8554964,1,744,1,ewma,9,0.9933,0.9899,,OFF,success
1790646909.303455,1790646919.9194863,7,732,2,ewma,9,0.9882,0.9915,,OFF,success
1790646913.2915034,1790646924.40712,8,719,2,ewma,9,0.9932,0.9943,,OFF,success
1790646914.9456007,1790646925.7442145,3,744,2,ewma,9,0.9938,0.9933,,OFF,success
1790646913.9090765,1790646926.1606805,4,736,2,ewma,9,0.9915,0.9914,,OFF,failed
1790646915.7792296,1790646926.890999,6,743,2,ewma,9,0.9925,0.9925,,OFF,success
1790646916.9749584,1790646927.3888578,2,727,2,ewma,9,0.9933,0.9901,,OFF,success
1790646917.903386,1790646927.9865634,10,741,2,ewma,9,0.9924,0.9915,,OFF,success
1790646918.4483821,1790646929.545047,5,743,2,ewma,9,0.5332,0.0,,OFF,success
1790646923.9775004,1790646930.3490214,9,719,1,ewma,9,0.9938,0.9943,,OFF,failed
1790646921.0760355,1790646931.5789466,1,745,1,ewma,9,0.9938,0.9913,,OFF,success
1790646923.1417303,1790646934.7610507,7,733,2,ewma,9,0.9915,0.9901,,OFF,failed
1790646927.621516,1790646937.5238454,8,720,2,ewma,9,0.9942,0.9944,,OFF,success
1790646929.3573902,1790646940.1010892,4,737,2,ewma,9,0.9938,0.9924,,OFF,success
1790646928.9485295,1790646940.1957386,3,745,2,ewma,9,0.9933,0.9942,,OFF,success
1790646930.6059828,1790646941.021722,2,728,2,ewma,9,0.9938,0.9925,,OFF,success
1790646932.8864226,1790646942.1247838,5,744,2,ewma,9,0.9938,0.9924,,OFF,success
1790646930.0985649,1790646942.6622152,6,744,2,ewma,9,0.9933,0.9943,,OFF,failed
1790646936.9858918,1790646943.7572844,10,742,2,ewma,9,0.9933,0.9914,,OFF,failed
1790646933.5743995,1790646943.8617542,9,720,2,ewma,9,0.9924,0.9925,,OFF,success
1790646934.8064704,1790646944.48723,1,746,1,ewma,9,0.9941,0.9923,,OFF,success
1790646938.0056026,1790646948.983706,7,734,2,ewma,9,0.9915,0.9933,,OFF,success
1790646943.6293516,1790646953.4025028,3,746,2,ewma,9,0.9925,0.8689,,OFF,success
1790646940.7557375,1790646953.5033252,8,721,2,ewma,9,0.9901,0.9933,,OFF,failed
1790646944.340111,1790646953.7214148,2,729,2,ewma,9,0.9939,0.9926,,OFF,success
1790646943.3260014,1790646955.4639184,4,738,2,ewma,9,0.0,0.9941,,OFF,failed
1790646945.3479807,1790646955.9456291,5,745,2,ewma,9,0.9925,0.9915,,ON,success
1790646945.8895698,1790646956.897266,6,745,2,ewma,9,0.9925,0.9942,,ON,success
1790646947.7919254,1790646958.2066631,1,747,1,ewma,9,0.9933,0.9914,,OFF,success
1790646952.010386,1790646959.650833,9,721,2,ewma,9,0.9915,0.9901,,OFF,failed
1790646952.2249238,1790646962.43142,7,735,2,ewma,9,0.9924,0.9925,,OFF,success
1790646962.014562,1790646968.5275223,3,747,2,ewma,9,0.9915,0.9861,,OFF,failed
1790646962.0152671,1790646969.1863606,8,722,2,ewma,9,0.0,0.9933,,OFF,failed
1790646963.0165107,1790646969.889299,2,730,2,ewma,9,0.9938,0.9916,,OFF,failed
1790646965.020039,1790646970.5254312,5,746,2,ewma,9,0.9925,0.9925,,OFF,failed
1790646964.0189362,1790646971.3201926,4,739,2,ewma,9,0.9817,0.9915,,OFF,failed
1790646961.4410028,1790646971.6236942,1,748,1,ewma,9,0.9933,0.9915,,OFF,success
1790646960.1194117,1790646972.7452338,6,746,2,ewma,9,0.9915,0.9938,,OFF,failed
1790646962.890151,1790646973.581753,9,722,2,ewma,9,0.9914,0.9933,,OFF,success
1790646965.8103123,1790646975.6312642,7,736,2,ewma,9,0.9915,0.9915,,OFF,success
1790646972.4112637,1790646982.4770184,8,723,1,ewma,9,0.9938,0.9926,,OFF,success
1790646971.6516526,1790646982.9846563,3,748,2,ewma,9,0.9937,0.9938,,OFF,success
1790646973.1121757,1790646984.406809,2,731,2,ewma,9,0.9943,0.9932,,OFF,success
1790646973.753079,1790646984.8309002,5,747,2,ewma,9,0.9932,0.9937,,OFF,success
1790646975.9723315,1790646985.9900942,6,747,2,ewma,9,0.9925,0.9938,,OFF,success
1790646976.794932,1790646987.714469,9,723,2,ewma,9,0.99,0.9925,,OFF,success
1790646978.0250616,1790646988.6966865,10,745,2,ewma,9,0.9908,0.9919,,OFF,success
1790646978.8594944,1790646989.4497683,7,737,2,ewma,9,0.9916,0.9915,,OFF,success
1790646986.208129,1790646995.9181654,3,749,2,ewma,9,0.9925,0.9902,,OFF,success
1790646985.695574,1790646997.763248,8,724,1,ewma,9,0.0,0.0,,OFF,failed
1790646988.0514443,1790646998.4430883,5,748,2,ewma,9,0.0,0.0,,OFF,success
1790646993.0342925,1790646999.895712,2,732,2,ewma,9,0.9933,0.9901,,OFF,failed
1790646989.2038102,1790647000.112627,6,748,2,ewma,9,0.9915,0.9901,,OFF,success
1790646990.91829,1790647001.4151301,9,724,2,ewma,9,0.9882,0.9901,,OFF,success
1790646992.656293,1790647002.1372523,7,738,2,ewma,9,0.9915,0.9933,,OFF,success
1790646991.9173214,1790647002.6404152,10,746,2,ewma,9,0.9915,0.9915,,OFF,success
1790646999.1072989,1790647009.2944434,3,750,2,ewma,9,0.9914,0.9925,,UNKNOWN,success
1790647000.9791145,1790647010.9248288,8,725,1,ewma,9,0.9925,0.9925,,UNKNOWN,success
1790647001.6675246,1790647011.5475404,5,749,2,ewma,9,0.9925,0.9932,,UNKNOWN,success
1790647003.3126469,1790647013.0180588,6,749,2,ewma,9,0.776,0.9547,,UNKNOWN,success
1790647003.1180346,1790647013.403452,2,733,2,ewma,9,0.0,0.6515,,UNKNOWN,success
1790647004.6219654,1790647014.4304652,9,725,2,ewma,9,0.9941,0.994,,UNKNOWN,success
1790647008.0400717,1790647014.9457195,1,751,1,ewma,9,0.9938,0.9899,,OFF,failed
1790647005.3533797,1790647015.8036063,7,739,2,ewma,9,0.0146,0.9925,,UNKNOWN,success
1790647005.8693178,1790647016.9144294,10,747,2,ewma,9,0.9937,0.9933,,UNKNOWN,success
1790647012.5312815,1790647023.1341348,3,751,2,ewma,9,0.9937,0.9938,,OFF,success
1790647014.0976925,1790647024.6696346,8,726,1,ewma,9,0.9938,0.9938,,OFF,success
1790647014.789549,1790647025.297158,5,750,2,ewma,9,0.9915,0.9916,,OFF,success
1790647016.2271705,1790647027.3190558,6,750,2,ewma,9,0.9925,0.9942,,OFF,success
1790647016.6287127,1790647027.8430152,2,734,2,ewma,9,0.9942,0.9938,,OFF,success
1790647018.993478,1790647029.4686449,7,740,2,ewma,9,0.9911,0.9924,,OFF,success
1790647023.046502,1790647029.468768,9,726,2,ewma,9,0.9916,0.9944,,OFF,failed
1790647023.0472825,1790647029.5987291,1,752,1,ewma,9,0.9933,0.9913,,OFF,failed
1790647024.049546,1790647030.7284527,4,743,2,ewma,9,0.9901,0.9933,,OFF,failed
1790647020.1266563,1790647031.2420664,10,748,2,ewma,9,0.9901,0.9901,,OFF,success
1790647026.4525435,1790647037.4645648,3,752,2,ewma,9,0.9932,0.9915,,OFF,success
1790647028.5090032,1790647038.4834027,5,751,2,ewma,9,0.9925,0.9881,,OFF,success
1790647027.8859751,1790647039.0860636,8,727,1,ewma,9,0.9932,0.9942,,OFF,success
1790646947.073419,,10,743,2,ewma,9,0.0,0.0,,ON,unavailable
1790647030.5387046,1790647041.2492585,6,751,2,ewma,9,0.0,0.9938,,OFF,success
1790647031.0466838,1790647042.3862832,2,735,2,ewma,9,0.9941,0.9942,,OFF,success
1790647032.8234522,1790647043.6016417,1,753,1,ewma,9,0.8887,0.8847,,OFF,success
1790647033.8046196,1790647043.80586,4,744,1,ewma,9,0.9915,0.9899,,OFF,success
1790647034.5627975,1790647044.321573,10,749,2,ewma,9,0.9932,0.9925,,OFF,success
1790647038.0559998,1790647044.9321086,9,727,2,ewma,9,0.9916,0.098,,OFF,failed
1790647038.0553658,1790647045.9538035,7,741,2,ewma,9,0.9456,0.9924,,OFF,failed
1790647040.7228427,1790647050.3615282,3,753,2,ewma,9,0.9933,0.9938,,OFF,success
1790647041.8082156,1790647052.2045233,5,752,2,ewma,9,0.9925,0.9883,,OFF,success
1790647042.2411685,1790647052.7338512,8,728,1,ewma,9,0.9901,0.9883,,OFF,success
1790647044.4965725,1790647055.3749888,6,752,2,ewma,9,0.9925,0.9942,,OFF,success
1790647045.7011976,1790647056.637884,2,736,2,ewma,9,0.9942,0.9943,,OFF,success
1790647047.0330317,1790647057.227274,4,745,1,ewma,9,0.0001,0.0,,OFF,success
1790647048.1482286,1790647058.8992968,9,728,2,ewma,9,0.9924,0.9941,,OFF,success
1790647052.0662966,1790647059.158293,1,754,1,ewma,9,0.9936,0.9911,,OFF,failed
1790647047.5429509,1790647059.6894674,10,750,2,ewma,9,0.9924,0.9932,,OFF,failed
1790647049.1674316,1790647060.5216587,7,742,2,ewma,9,0.9925,0.9933,,OFF,success
1790647053.5879567,1790647064.6281612,3,754,2,ewma,9,0.9933,0.9916,,OFF,success
1790647055.9568336,1790647065.8524,8,729,1,ewma,9,0.9925,0.9942,,UNKNOWN,success
1790646974.554086,,4,740,2,ewma,9,0.9915,0.9914,,OFF,unavailable
1790646974.8438473,,1,749,1,ewma,9,0.9941,0.993,,OFF,unavailable
1790647055.5322764,1790647068.3779113,5,753,2,ewma,9,0.0,0.0,,UNKNOWN,failed
1790647058.5956979,1790647068.8337321,6,753,2,ewma,9,0.9914,0.9933,,OFF,success
1790647059.873135,1790647070.2673032,2,737,2,ewma,9,0.9938,0.9942,,OFF,success
1790647066.0738206,1790647072.894363,4,746,1,ewma,9,0.9853,0.9867,,OFF,failed
1790647062.381986,1790647073.9558218,1,755,1,ewma,9,0.3629,0.0,,OFF,success
1790647067.0759773,1790647074.3430185,9,729,2,ewma,9,0.9925,0.9926,,OFF,failed
1790647063.7054498,1790647075.0405784,7,743,2,ewma,9,0.9901,0.9902,,OFF,success
1790647062.9132469,1790647076.0566525,10,751,2,ewma,9,0.9913,0.9925,,OFF,failed
1790647067.8484612,1790647078.3134198,3,755,2,ewma,9,0.9902,0.9883,,OFF,success
1790647071.6008973,1790647081.600593,5,754,2,ewma,9,0.9925,0.9915,,OFF,success
1790647072.0414438,1790647082.102379,6,754,2,ewma,9,0.9932,0.9942,,OFF,success
1790647073.4837186,1790647083.3400583,2,738,2,ewma,9,0.9915,0.9915,,OFF,success
1790647076.1289291,1790647086.5054114,4,747,1,ewma,9,0.9914,0.9938,,OFF,success
1790647077.2333972,1790647087.8349557,1,756,1,ewma,9,0.9933,0.991,,OFF,success
1790647077.5722234,1790647088.2768025,9,730,2,ewma,9,0.9915,0.9915,,OFF,success
1790647079.277652,1790647088.846674,10,752,2,ewma,9,0.9924,0.9932,,OFF,success
1790647078.257961,1790647090.0337858,7,744,2,ewma,9,0.9924,0.9938,,OFF,failed
1790647081.6399853,1790647091.7240317,3,756,2,ewma,9,0.9933,0.9938,,OFF,success
1790647130.6075513,1790647141.2237496,2,742,1,round-robin,9,0.0,0.9806,,OFF,success
1790647136.6159573,1790647143.7853353,8,734,1,round-robin,9,0.9878,0.989,,OFF,failed
1790647140.6190467,1790647147.0598047,4,751,1,round-robin,9,0.0,0.0,,OFF,failed
1790647136.3579462,1790647147.3588696,9,734,1,round-robin,9,0.9915,0.9938,,OFF,success
1790647141.6221066,1790647147.9743836,1,760,1,round-robin,9,0.9936,0.9911,,OFF,failed
1790647138.981982,1790647149.510103,10,756,1,round-robin,9,0.9925,0.9938,,OFF,success
1790647140.4558983,1790647149.6922784,7,748,1,round-robin,9,0.9933,0.9932,,OFF,success
1790647141.482968,1790647151.8264236,3,760,1,round-robin,9,0.9925,0.9924,,OFF,success
1790647144.4553065,1790647154.0789368,2,743,2,round-robin,9,0.9938,0.9933,,OFF,success
1790647143.8029828,1790647154.7071311,6,759,1,round-robin,9,0.0,0.0,,OFF,success
1790647147.109166,1790647156.7937226,8,735,2,round-robin,9,0.9942,0.9938,,OFF,success
1790647150.5695791,1790647160.4421442,9,735,2,round-robin,9,0.9915,0.9861,,OFF,success
1790647151.1879847,1790647160.8544714,1,761,2,round-robin,9,0.9926,0.9902,,OFF,success
1790647155.6264338,1790647162.1142597,4,752,2,round-robin,9,0.9841,0.9853,,OFF,failed
1790647152.905186,1790647162.6879826,7,749,2,round-robin,9,0.9924,0.9932,,OFF,success
1790647155.0590363,1790647164.537312,3,761,2,round-robin,9,0.9932,0.9925,,OFF,success
1790647157.6286073,1790647165.450412,10,757,2,round-robin,9,0.9924,0.9924,,OFF,failed
1790647157.258919,1790647166.5849707,2,744,1,round-robin,9,0.9931,0.9937,,OFF,success
1790647157.934677,1790647167.8366103,6,760,2,round-robin,9,0.9932,0.9941,,UNKNOWN,success
1790647158.5491164,1790647169.1679153,5,760,1,round-robin,9,0.9933,0.9914,,UNKNOWN,success
1790647160.0711415,1790647170.5844808,8,736,1,round-robin,9,0.9938,0.9942,,UNKNOWN,success
1790647164.0859523,1790647173.7821517,1,762,1,round-robin,9,0.9941,0.9924,,UNKNOWN,success
1790647163.679726,1790647174.8840754,9,736,1,round-robin,9,0.9924,0.9914,,UNKNOWN,success
1790647165.347076,1790647176.5284214,4,753,1,round-robin,9,0.9916,0.9901,,UNKNOWN,success
1790647165.9447157,1790647177.3435266,7,750,1,round-robin,9,0.9925,0.9933,,UNKNOWN,success
1790647167.7827914,1790647177.8570173,3,762,1,round-robin,9,0.9932,0.9942,,UNKNOWN,success
1790647169.8065135,1790647180.921134,2,745,2,round-robin,9,0.9933,0.9925,,OFF,success
1790647171.0604632,1790647181.1639764,6,761,1,round-robin,9,0.9901,0.9916,,OFF,success
1790647173.813272,1790647183.6060903,8,737,2,round-robin,9,0.9932,0.9938,,OFF,success
1790647172.386101,1790647183.7908583,5,761,2,round-robin,9,0.9933,0.9938,,OFF,success
1790647177.0178783,1790647189.2176325,1,763,2,round-robin,9,0.9942,0.9924,,OFF,failed
1790647179.7482932,1790647190.977548,4,754,2,round-robin,9,0.9942,0.9899,,OFF,success
1790647181.0752962,1790647192.2932518,3,763,2,round-robin,9,0.1379,0.0029,,OFF,success
1790647180.5671852,1790647193.622226,7,751,2,round-robin,9,0.9914,0.9938,,OFF,failed
1790647184.3850307,1790647194.23799,6,762,2,round-robin,9,0.9925,0.9932,,OFF,success
1790647184.1573048,1790647194.8426683,2,746,1,round-robin,9,0.9933,0.9933,,OFF,success
1790647187.0199354,1790647197.308824,5,762,1,round-robin,9,0.9897,0.9842,,OFF,success
1790647192.6414783,1790647199.2808547,8,738,1,round-robin,9,0.9915,0.9933,,OFF,failed
1790647195.5186825,1790647205.733661,3,764,1,round-robin,9,0.9915,0.9938,,OFF,success
1790647192.4488194,1790647205.8359704,1,764,1,round-robin,9,0.0002,0.0,,OFF,failed
1790647196.8474267,1790647206.3449447,7,752,1,round-robin,9,0.9915,0.9914,,OFF,success
1790647196.131804,1790647206.4305348,10,760,2,round-robin,9,0.9915,0.9942,,OFF,success
1790647194.1994083,1790647206.718885,4,755,1,round-robin,9,0.9933,0.99,,OFF,failed
1790647197.5774608,1790647207.4492965,6,763,1,round-robin,9,0.9901,0.9901,,OFF,success
1790647198.057308,1790647209.0809262,2,747,2,round-robin,9,0.9925,0.9925,,OFF,success
1790647200.4794364,1790647210.8588288,5,763,2,round-robin,9,0.9938,0.9924,,OFF,success
1790647202.5032778,1790647213.6944103,8,739,2,round-robin,9,0.9931,0.9944,,OFF,success
1790647207.2966082,1790647217.066254,9,739,1,round-robin,9,0.9933,0.9933,,OFF,success
1790647209.066742,1790647219.0509439,1,765,2,round-robin,9,0.8535,0.8073,,OFF,success
1790647209.9790967,1790647219.8440833,4,756,2,round-robin,9,0.9912,0.9895,,OFF,success
1790647214.668065,1790647221.577232,7,753,2,round-robin,9,0.99,0.9914,,OFF,failed
1790647214.6671581,1790647222.0993335,3,765,2,round-robin,9,0.9925,0.9902,,OFF,failed
1790647212.3096611,1790647222.839902,2,748,1,round-robin,9,0.9938,0.9933,,OFF,success
1790647210.778773,1790647223.9267244,6,764,2,round-robin,9,0.9915,0.9915,,OFF,failed
1790647214.1928575,1790647224.960098,5,764,1,round-robin,9,0.9933,0.9933,,OFF,success
1790647216.9172184,1790647229.5623078,8,740,1,round-robin,9,0.9932,0.9944,,UNKNOWN,failed
1790647220.3869824,1790647231.316699,9,740,2,round-robin,9,0.9925,0.9933,,OFF,success
1790647222.2781782,1790647232.3607645,1,766,1,round-robin,9,0.9914,0.9914,,OFF,success
1790647223.0648203,1790647234.2840638,4,757,1,round-robin,9,0.0029,0.0,,OFF,success
1790647224.7962153,1790647235.3119788,7,754,1,round-robin,9,0.0,0.0,,OFF,success
1790647226.066575,1790647236.250488,2,749,2,round-robin,9,0.9925,0.9925,,OFF,success
1790647230.672958,1790647236.736938,3,766,1,round-robin,9,0.9925,0.9924,,OFF,failed
1790647228.2999985,1790647237.7585974,5,765,2,round-robin,9,0.9933,0.9915,,OFF,success
1790647227.1601472,1790647238.0574484,6,765,1,round-robin,9,0.9925,0.9915,,OFF,success
1790647232.7776167,1790647243.9863155,8,741,2,round-robin,9,0.9925,0.9942,,OFF,success
1790647234.5326269,1790647244.508339,9,741,1,round-robin,9,0.9925,0.9933,,OFF,success
1790647235.5428874,1790647246.584999,1,767,2,round-robin,9,0.99,0.99,,OFF,success
1790647238.529365,1790647248.112045,7,755,2,round-robin,9,0.0055,0.1759,,OFF,success
1790647237.5026948,1790647248.7043078,4,758,2,round-robin,9,0.9924,0.9925,,OFF,success
1790647239.4714491,1790647249.2582347,2,750,1,round-robin,9,0.0041,0.99,,OFF,success
1790647244.684328,1790647250.5523784,10,763,2,round-robin,9,0.991,0.9925,,OFF,failed
1790647239.9659503,1790647251.073388,3,767,2,round-robin,9,0.9925,0.9915,,OFF,success
1790647241.2803388,1790647252.1202314,6,766,2,round-robin,9,0.9936,0.994,,OFF,success
1790647246.6864724,1790647252.7423246,5,766,1,round-robin,9,0.9933,0.9915,,OFF,failed
1790647247.2098212,1790647258.4493568,8,742,1,round-robin,9,0.0,0.0,,OFF,success
1790647249.783131,1790647259.1663132,1,768,1,round-robin,9,0.9916,0.9913,,OFF,success
1790647252.6890213,1790647260.0105734,9,742,2,round-robin,9,0.9915,0.9925,,OFF,failed
1790647168.5059826,,10,758,1,round-robin,9,0.9923,0.9943,,UNKNOWN,unavailable
1790647251.9289472,1790647262.3628552,4,759,1,round-robin,9,0.9916,0.99,,OFF,success
1790647251.3252258,1790647262.5480018,7,756,1,round-robin,9,0.9926,0.9942,,OFF,success
1790647252.4715285,1790647263.0728688,2,751,2,round-robin,9,0.9915,0.9915,,OFF,success
1790647254.302464,1790647264.3851562,3,768,1,round-robin,9,0.9932,0.9944,,OFF,success
1790647253.7745674,1790647264.625057,10,764,1,round-robin,9,0.9925,0.0,,OFF,success
1790647255.4437828,1790647266.8743408,6,767,1,round-robin,9,0.9914,0.9925,,OFF,failed
1790647256.1797574,1790647268.6965137,5,767,2,round-robin,9,0.9899,0.9913,,OFF,failed
1790647178.1083333,,9,737,2,round-robin,9,0.9938,0.9925,,OFF,unavailable
1790647261.6725483,1790647272.4730735,8,743,2,round-robin,9,0.9915,0.9933,,OFF,success
1790647263.2403986,1790647274.03224,9,743,1,round-robin,9,0.9938,0.9925,,OFF,success
1790647262.3920505,1790647274.5490086,1,769,2,round-robin,9,0.9933,0.9914,,OFF,failed
1790647265.6847332,1790647275.0324423,4,760,2,round-robin,9,0.9943,0.9942,,OFF,success
1790647265.8676894,1790647275.7524493,7,757,2,round-robin,9,0.9914,0.9938,,OFF,success
1790647267.6093416,1790647277.6979458,3,769,2,round-robin,9,0.9925,0.9932,,UNKNOWN,success
1790647267.905406,1790647278.1200712,10,765,2,round-robin,9,0.9842,0.9921,,UNKNOWN,success
1790647271.7048473,1790647278.4094589,2,752,1,round-robin,9,0.9925,0.9933,,OFF,failed
1790647270.086936,1790647279.7449238,6,768,2,round-robin,9,0.9925,0.9942,,OFF,success
1790647271.9195092,1790647281.4107096,5,768,1,round-robin,9,0.9924,0.9924,,OFF,success
1790647275.7036886,1790647286.829185,8,744,1,round-robin,9,0.9926,0.9933,,OFF,success
1790647277.2579997,1790647287.2463002,9,744,2,round-robin,9,0.9916,0.9901,,OFF,success
1790647277.768575,1790647288.7716687,1,770,1,round-robin,9,0.9914,0.9912,,OFF,success
1790647279.1193745,1790647290.3934102,7,758,1,round-robin,9,0.9915,0.9938,,OFF,success
1790647278.2613285,1790647290.799667,4,761,1,round-robin,9,0.9932,0.99,,OFF,failed
1790647281.6291194,1790647291.7300856,2,753,2,round-robin,9,0.9915,0.9915,,OFF,success
1790647280.9367857,1790647292.880535,3,770,1,round-robin,9,0.9925,0.0,,OFF,failed
1790647283.0681481,1790647293.4608798,6,769,1,round-robin,9,0.9925,0.9938,,OFF,success
1790647281.355979,1790647294.3861763,10,766,1,round-robin,9,0.9915,0.9925,,OFF,failed
1790647284.808295,1790647296.6587305,5,769,2,round-robin,9,0.9942,0.9942,,OFF,failed
1790647290.0085473,1790647299.5104067,8,745,2,round-robin,9,0.9933,0.9938,,OFF,success
1790647209.6618717,,10,761,1,round-robin,9,0.9832,0.9923,,OFF,unavailable
1790647291.9836974,1790647302.0632071,1,771,2,round-robin,9,0.9924,0.9914,,OFF,success
1790647290.4670458,1790647302.896412,9,745,1,round-robin,9,0.9924,0.9925,,OFF,failed
1790647293.6069276,1790647303.8389506,7,759,2,round-robin,9,0.9915,0.9939,,OFF,success
1790647294.0075424,1790647305.24024,4,762,2,round-robin,9,0.9914,0.9938,,OFF,success
1790647294.9851477,1790647305.7551706,2,754,1,round-robin,9,0.9937,0.9925,,OFF,success
1790647296.1063876,1790647306.2547882,3,771,2,round-robin,9,0.9943,0.9925,,OFF,success
1790647296.6997423,1790647308.3446999,6,770,2,round-robin,9,0.9901,0.9925,,OFF,failed
1790647297.615274,1790647308.8454862,10,767,2,round-robin,9,0.9925,0.9933,,OFF,success
1790647299.8928678,1790647310.3565037,5,770,1,round-robin,9,0.9915,0.9914,,OFF,success
1790647302.7343302,1790647313.431666,8,746,1,round-robin,9,0.9933,0.9942,,OFF,success
1790647305.300823,1790647315.1938605,1,772,1,round-robin,9,0.9942,0.99,,OFF,success
1790647306.2177832,1790647315.8901699,9,746,2,round-robin,9,0.9925,0.9915,,OFF,success
1790647307.0347612,1790647317.8763516,7,760,1,round-robin,9,0.9915,0.9925,,OFF,success
1790647308.9828806,1790647319.9895914,2,755,2,round-robin,9,0.0097,0.9879,,OFF,success
1790647308.461093,1790647321.5532806,4,763,1,round-robin,9,0.9899,0.99,,OFF,failed
1790647312.050953,1790647322.3653715,10,768,1,round-robin,9,0.9924,0.9923,,OFF,success
1790647311.5588362,1790647322.7912786,6,771,1,round-robin,9,0.9916,0.9901,,OFF,success
1790647313.6109822,1790647323.3622277,5,771,2,round-robin,9,0.9901,0.9915,,OFF,success
1790647316.6651275,1790647326.0289361,8,747,2,round-robin,9,0.9925,0.9938,,ON,success
1790647318.4273741,1790647328.427656,1,773,2,round-robin,9,0.0,0.9914,,ON,success
1790647319.1036017,1790647329.3264744,9,747,1,round-robin,9,0.0,0.9915,,ON,success
1790647321.0865102,1790647332.3695447,7,761,2,round-robin,9,0.0,0.9811,,ON,success
1790647323.2030954,1790647333.6078844,2,756,1,round-robin,9,0.9323,0.9925,,UNKNOWN,success
1790647324.7783222,1790647335.4510365,4,764,2,round-robin,9,0.9914,0.9938,,OFF,success
1790647326.0667794,1790647335.8540738,6,772,2,round-robin,9,0.0,0.0054,,OFF,success
1790647331.7491133,1790647338.1099827,5,772,1,round-robin,9,0.9924,0.9941,,OFF,failed
1790647329.2617838,1790647339.345066,8,748,1,round-robin,9,0.9914,0.9933,,OFF,success
1790647331.7028384,1790647342.4210594,1,774,1,round-robin,9,0.9915,0.9915,,OFF,success
1790647332.644134,1790647343.0310476,9,748,2,round-robin,9,0.9915,0.9925,,OFF,success
1790647336.8314805,1790647347.8329155,2,757,2,round-robin,9,0.9901,0.9933,,OFF,success
1790647335.6304493,1790647348.4437532,7,762,1,round-robin,9,0.9943,0.9925,,OFF,failed
1790647344.7575164,1790647350.4219277,6,773,1,round-robin,9,0.0,0.0054,,OFF,failed
1790647343.756045,1790647351.0121062,4,765,1,round-robin,9,0.9914,0.9916,,OFF,failed
1790647341.334598,1790647352.4877157,5,773,2,round-robin,9,0.8821,0.8535,,OFF,success
1790647346.7594085,1790647352.8600276,3,774,2,round-robin,9,0.9938,0.9932,,OFF,failed
1790647346.2573845,1790647357.7949333,9,749,1,round-robin,9,0.9925,0.9933,,OFF,failed
1790647345.652716,1790647357.9835176,1,775,2,round-robin,9,0.9932,0.9933,,OFF,failed
1790647351.692507,1790647361.2808006,7,763,2,round-robin,9,0.9915,0.9938,,OFF,success
1790647400.617823,1790647410.3292978,8,753,1,snr-greedy,9,0.9461,0.0009,,OFF,success
1790647401.2391996,1790647412.0443504,10,774,1,snr-greedy,9,0.9809,0.0,,OFF,success
1790647407.2775402,1790647412.866778,3,778,1,snr-greedy,9,0.9929,0.9929,,OFF,failed
1790647406.6738112,1790647416.07397,1,779,1,snr-greedy,9,0.9915,0.9916,,OFF,success
1790647405.725257,1790647419.1388478,9,753,1,snr-greedy,9,0.9938,0.9925,,OFF,failed
1790647410.2417977,1790647420.5372255,7,767,1,snr-greedy,9,0.9941,0.9924,,OFF,success
1790647413.861344,1790647424.6425676,8,754,2,snr-greedy,9,0.9942,0.9944,,OFF,success
1790647414.2547755,1790647425.1765878,6,778,1,snr-greedy,9,0.9942,0.9941,,OFF,success
1790647416.099981,1790647425.7846928,3,779,2,snr-greedy,9,0.9925,0.9925,,OFF,success
1790647415.5769305,1790647426.8297677,2,762,1,snr-greedy,9,0.9924,0.9926,,OFF,success
1790647416.4025242,1790647427.109097,5,778,2,snr-greedy,9,0.9927,0.9942,,OFF,success
1790647420.3067455,1790647428.4260511,10,775,1,snr-greedy,9,0.9924,0.985,,ON,failed
1790647419.3045444,1790647429.9683821,1,780,2,snr-greedy,9,0.9925,0.9924,,ON,success
1790647422.2701497,1790647433.2510638,9,754,2,snr-greedy,9,0.9926,0.9933,,UNKNOWN,success
1790647423.8615005,1790647434.501936,7,768,2,snr-greedy,9,0.9923,0.9943,,OFF,success
1790647429.0018184,1790647438.881106,3,780,2,snr-greedy,9,0.9902,0.9916,,OFF,success
1790647433.3102064,1790647439.5919974,6,779,2,snr-greedy,9,0.9902,0.9926,,OFF,failed
1790647430.0304418,1790647439.7339034,2,763,2,snr-greedy,9,0.9925,0.9926,,OFF,success
1790647430.333915,1790647440.7325597,5,779,1,snr-greedy,9,0.993,0.9925,,OFF,success
1790647433.309514,1790647441.254123,8,755,1,snr-greedy,9,0.0,0.0,,OFF,failed
1790647431.641307,1790647441.7471793,10,776,1,snr-greedy,9,0.9932,0.9915,,OFF,success
1790647433.1819823,1790647446.4595938,1,781,1,snr-greedy,9,0.9942,0.9932,,OFF,failed
1790647436.6872025,1790647447.4950197,9,755,2,snr-greedy,9,0.9901,0.9915,,OFF,success
1790647437.7245193,1790647448.0776527,7,769,2,snr-greedy,9,0.9915,0.9938,,OFF,success
1790647442.1012948,1790647452.3976696,3,781,1,snr-greedy,9,0.9901,0.9901,,OFF,success
1790647443.054933,1790647452.9159777,2,764,2,snr-greedy,9,0.9855,0.9922,,OFF,success
1790647448.3150315,1790647454.7348812,6,780,2,snr-greedy,9,0.9926,0.9926,,OFF,failed
1790647444.4535282,1790647455.1912696,8,756,1,snr-greedy,9,0.0,0.0,,OFF,success
1790647449.3167734,1790647456.5080025,5,780,2,snr-greedy,9,0.9915,0.9925,,OFF,failed
1790647444.967298,1790647456.71403,10,777,2,snr-greedy,9,0.9924,0.9932,,OFF,failed
1790647449.7048113,1790647460.0620415,1,782,1,snr-greedy,9,0.9938,0.9914,,OFF,success
1790647450.7061484,1790647461.2340546,9,756,2,snr-greedy,9,0.0,0.0029,,OFF,success
1790647456.3194494,1790647464.1065464,7,770,2,snr-greedy,9,0.9914,0.9938,,OFF,failed
1790647455.6367004,1790647466.04657,3,782,2,snr-greedy,9,0.9915,0.9925,,OFF,success
1790647456.1439168,1790647467.7702987,2,765,2,snr-greedy,9,0.9901,0.9933,,OFF,failed
1790647458.414031,1790647468.588759,8,757,2,snr-greedy,9,0.9933,0.9937,,OFF,success
1790647457.9548094,1790647469.115236,6,781,2,snr-greedy,9,0.9925,0.9938,,OFF,success
1790647460.0091922,1790647470.0320816,10,778,1,snr-greedy,9,0.9938,0.9929,,OFF,success
1790647459.6030297,1790647470.6068377,4,773,2,snr-greedy,9,0.9875,0.9875,,OFF,success
1790647465.3229673,1790647471.1496155,5,781,1,snr-greedy,9,0.9915,0.0,,OFF,failed
1790647463.2260604,1790647473.6010451,1,783,1,snr-greedy,9,0.9933,0.9925,,OFF,success
1790647464.3158824,1790647474.8160417,9,757,2,snr-greedy,9,0.9915,0.9926,,OFF,success
1790647467.3173275,1790647478.236342,7,771,2,snr-greedy,9,0.99,0.9938,,OFF,success
1790647469.2708416,1790647479.133055,3,783,2,snr-greedy,9,0.9901,0.9915,,ON,success
1790647471.0048947,1790647481.500922,2,766,2,snr-greedy,9,0.0556,0.9925,,ON,success
1790647471.8214014,1790647482.7071836,8,758,2,snr-greedy,9,0.9915,0.9942,,OFF,success
1790647472.4456723,1790647482.806746,6,782,1,snr-greedy,9,0.0674,0.0,,OFF,success
1790647473.8644288,1790647484.7552536,4,774,2,snr-greedy,9,0.0,0.0,,OFF,success
1790647474.456641,1790647484.949792,5,782,1,snr-greedy,9,0.9932,0.992,,OFF,success
1790647480.3274915,1790647485.3906474,10,779,1,snr-greedy,9,0.9938,0.9933,,OFF,failed
1790647476.8261938,1790647487.1379192,1,784,1,snr-greedy,9,0.9938,0.9913,,OFF,success
1790647478.0330396,1790647490.0712554,9,758,1,snr-greedy,9,0.9915,0.9901,,OFF,failed
1790647482.3521626,1790647491.8039703,3,784,2,snr-greedy,9,0.9915,0.9938,,OFF,success
1790647481.5902364,1790647494.3910763,7,772,2,snr-greedy,9,0.9915,0.9925,,OFF,failed
1790647484.6311016,1790647494.5873046,2,767,2,snr-greedy,9,0.9931,0.9933,,OFF,success
1790647486.0316727,1790647496.2085862,6,783,2,snr-greedy,9,0.9921,0.9939,,OFF,success
1790647491.3346803,1790647497.3848352,8,759,2,snr-greedy,9,0.9925,0.9933,,OFF,failed
1790647488.1629863,1790647497.901282,5,783,2,snr-greedy,9,0.0,0.0,,OFF,success
1790647490.3336506,1790647499.6307485,1,785,1,snr-greedy,9,0.9916,0.9901,,OFF,success
1790647493.3356028,1790647500.6581192,4,775,2,snr-greedy,9,0.8804,0.8943,,OFF,failed
1790647494.337153,1790647501.846407,10,780,2,snr-greedy,9,0.9833,0.9877,,OFF,failed
1790647493.2878704,1790647503.725251,9,759,2,snr-greedy,9,0.9914,0.9925,,OFF,success
1790647494.9668605,1790647505.8746636,3,785,1,snr-greedy,9,0.9915,0.9901,,OFF,success
1790647414.750347,,4,770,2,snr-greedy,9,0.9919,0.9929,,OFF,unavailable
1790647497.8128777,1790647507.617375,2,768,2,snr-greedy,9,0.9901,0.9916,,OFF,success
1790647503.341302,1790647509.2612572,7,773,2,snr-greedy,9,0.9914,0.9938,,OFF,failed
1790647499.4365993,1790647509.7583194,6,784,2,snr-greedy,9,0.9932,0.9938,,OFF,success
1790647500.6129053,1790647510.5406737,8,760,2,snr-greedy,9,0.9933,0.9933,,OFF,success
1790647501.2128816,1790647511.8886838,5,784,1,snr-greedy,9,0.9932,0.9924,,OFF,success
1790647502.9598777,1790647512.7233427,1,786,1,snr-greedy,9,0.9925,0.9925,,OFF,success
1790647503.9848037,1790647514.1468737,4,776,2,snr-greedy,9,0.9925,0.9932,,OFF,success
1790647505.1031399,1790647514.6527264,10,781,2,snr-greedy,9,0.9925,0.9932,,OFF,success
1790647506.9570472,1790647518.0290778,9,760,2,snr-greedy,9,0.9925,0.9933,,OFF,success
1790647509.071965,1790647519.9788992,3,786,1,snr-greedy,9,0.9925,0.9925,,OFF,success
1790647510.7909572,1790647521.1271725,2,769,1,snr-greedy,9,0.9925,0.9916,,OFF,success
1790647512.9602814,1790647523.7696073,6,785,2,snr-greedy,9,0.9925,0.9942,,OFF,success
1790647512.579747,1790647525.2308428,7,774,2,snr-greedy,9,0.9925,0.9942,,OFF,failed
1790647515.0999033,1790647526.2630842,5,785,1,snr-greedy,9,0.9925,0.9914,,OFF,success
1790647517.356161,1790647527.052652,4,777,1,snr-greedy,9,0.9521,0.8822,,ON,success
1790647516.0444326,1790647527.3380344,1,787,2,snr-greedy,9,0.9901,0.99,,OFF,success
1790647517.8785098,1790647528.5987186,10,782,2,snr-greedy,9,0.9925,0.9933,,ON,success
1790647521.367705,1790647532.3836505,9,761,1,snr-greedy,9,0.9944,0.9933,,OFF,success
1790647523.1999743,1790647534.6317267,3,787,1,snr-greedy,9,0.9942,0.9925,,OFF,failed
1790647524.3695173,1790647535.1380928,2,770,1,snr-greedy,9,0.9925,0.9925,,OFF,success
1790647526.9897811,1790647538.5339303,6,786,1,snr-greedy,9,0.8935,0.8813,,OFF,failed
1790647536.3766851,1790647540.5903552,5,786,1,snr-greedy,9,0.9925,0.9925,,OFF,failed
1790647530.7888958,1790647541.0983539,1,788,1,snr-greedy,9,0.9915,0.99,,OFF,success
1790647533.3750033,1790647541.49181,7,775,2,snr-greedy,9,0.0004,0.0627,,OFF,failed
1790647536.3779655,1790647541.6862903,4,778,2,snr-greedy,9,0.0,0.0,,OFF,failed
1790647531.8174777,1790647541.7022715,10,783,2,snr-greedy,9,0.9924,0.9944,,OFF,success
1790647535.628139,1790647546.9052608,9,762,1,snr-greedy,9,0.9938,0.9925,,OFF,success
1790647538.357946,1790647548.2425835,2,771,1,snr-greedy,9,0.9943,0.9938,,OFF,success
1790647537.8548605,1790647548.7481859,3,788,2,snr-greedy,9,0.0,0.0,,OFF,success
1790647541.859748,1790647551.205888,6,787,1,snr-greedy,9,0.0,0.0,,OFF,success
1790647542.2778308,1790647553.3646438,8,763,1,snr-greedy,9,0.9942,0.9933,,OFF,success
1790647543.8233964,1790647553.462964,5,787,1,snr-greedy,9,0.0,0.0,,OFF,success
1790647544.9007552,1790647556.046803,4,779,2,snr-greedy,9,0.9901,0.9855,,OFF,success
1790647550.385517,1790647556.760382,7,776,2,snr-greedy,9,0.0004,0.0627,,OFF,failed
1790647549.3840177,1790647557.0525515,1,789,1,snr-greedy,9,0.9915,0.9901,,OFF,failed
1790647550.1330416,1790647560.8622363,9,763,1,snr-greedy,9,0.9938,0.9933,,OFF,success
1790647551.4529517,1790647561.3874469,2,772,2,snr-greedy,9,0.9925,0.9924,,OFF,success
1790647551.9650493,1790647563.320821,3,789,2,snr-greedy,9,0.9895,0.9912,,OFF,success
1790647554.424775,1790647564.213558,6,788,2,snr-greedy,9,0.9933,0.9938,,OFF,success
1790647556.7006617,1790647567.9360054,5,788,1,snr-greedy,9,0.9209,0.8744,,OFF,success
1790647561.4028234,1790647568.8463562,8,764,1,snr-greedy,9,0.9938,0.9938,,OFF,failed
1790647559.2333183,1790647570.0512252,4,780,2,snr-greedy,9,0.9901,0.9933,,OFF,success
1790647560.3116498,1790647571.4894578,1,790,1,snr-greedy,9,0.9348,0.8689,,OFF,success
1790647565.3983448,1790647572.5343459,7,777,2,snr-greedy,9,0.9853,0.9899,,OFF,failed
1790647566.4460702,1790647576.4439225,3,790,2,snr-greedy,9,0.9915,0.9925,,OFF,success
1790647569.401809,1790647576.5305543,9,764,2,snr-greedy,9,0.0,0.0,,OFF,failed
1790647569.4042065,1790647576.823619,2,773,1,snr-greedy,9,0.9933,0.9901,,OFF,failed
1790647567.4491932,1790647578.552573,6,789,1,snr-greedy,9,0.9942,0.9915,,OFF,success
1790647571.2066762,1790647581.0047605,5,789,2,snr-greedy,9,0.9916,0.9915,,OFF,success
1790647571.954895,1790647581.6107037,8,765,2,snr-greedy,9,0.9916,0.9933,,OFF,success
1790647573.2645607,1790647583.3676944,4,781,2,snr-greedy,9,0.9925,0.9933,,OFF,success
1790647575.008209,1790647584.821833,10,786,2,snr-greedy,9,0.9897,0.9912,,OFF,success
1790647575.7186913,1790647586.0477862,7,778,2,snr-greedy,9,0.9915,0.9933,,OFF,success
1790647580.408377,1790647586.5729506,1,791,1,snr-greedy,9,0.988,0.9877,,OFF,failed
1790647579.770393,1790647590.9378867,9,765,1,snr-greedy,9,0.9937,0.9912,,OFF,success
1790647581.77909,1790647591.9851277,6,790,2,snr-greedy,9,0.9915,0.9925,,OFF,success
1790647580.1488316,1790647592.4047728,2,774,2,snr-greedy,9,0.9909,0.9932,,OFF,failed
1790647585.412326,1790647592.8854864,3,791,2,snr-greedy,9,0.9933,0.9933,,OFF,failed
1790647584.2403266,1790647593.838489,5,790,1,snr-greedy,9,0.9933,0.9925,,OFF,success
1790647584.7280502,1790647595.554464,8,766,2,snr-greedy,9,0.9932,0.9944,,OFF,success
1790647586.5935137,1790647596.9894266,4,782,1,snr-greedy,9,0.9933,0.9924,,OFF,success
1790647587.961952,1790647597.500532,10,787,2,snr-greedy,9,0.9915,0.9925,,OFF,success
1790647589.3644602,1790647600.2642732,7,779,2,snr-greedy,9,0.0,0.9938,,OFF,success
1790647595.416417,1790647601.3912401,1,792,2,snr-greedy,9,0.9912,0.9936,,OFF,failed
1790647594.1647482,1790647603.9484496,9,766,2,snr-greedy,9,0.9925,0.9938,,OFF,success
1790647595.2056296,1790647605.5011635,6,791,2,snr-greedy,9,0.9932,0.9944,,OFF,success
1790647595.6032412,1790647605.9972582,2,775,1,snr-greedy,9,0.9938,0.9924,,OFF,success
1790647513.6982877,,8,761,2,snr-greedy,9,0.9933,0.9933,,OFF,unavailable
1790647597.1663797,1790647608.2515323,5,791,1,snr-greedy,9,0.9932,0.9933,,OFF,success
1790647600.2014582,1790647611.0212927,4,783,2,snr-greedy,9,0.99,0.9933,,OFF,success
1790647600.7224817,1790647611.523376,10,788,1,snr-greedy,9,0.9915,0.9901,,OFF,success
1790647604.4222453,1790647611.8349588,8,767,2,snr-greedy,9,0.9924,0.9938,,OFF,failed
1790647603.5957482,1790647614.8030522,7,780,2,snr-greedy,9,0.9931,0.9938,,OFF,success
1790647604.6184971,1790647615.3620505,1,793,1,snr-greedy,9,0.9924,0.9899,,OFF,success
1790647607.1771986,1790647617.2616978,9,767,2,snr-greedy,9,0.9925,0.9944,,OFF,success
1790647608.7280405,1790647618.6931517,6,792,1,snr-greedy,9,0.0174,0.0008,,OFF,success
1790647609.3205478,1790647618.9923394,2,776,2,snr-greedy,9,0.9916,0.9926,,OFF,success
1790647611.4754453,1790647623.2443638,5,792,1,snr-greedy,9,0.9933,0.9925,,OFF,success
1790647614.2263083,1790647625.1493983,4,784,1,snr-greedy,9,0.0001,0.0,,OFF,success
1790647615.0430603,1790647625.9610915,8,768,2,snr-greedy,9,0.9925,0.9933,,OFF,success
1790647620.4304135,1790647626.1741874,10,789,2,snr-greedy,9,0.9925,0.9931,,ON,failed
1790647618.5904553,1790647628.5248697,1,794,2,snr-greedy,9,0.0,0.9898,,ON,success
1790647620.4757385,1790647630.0673127,9,768,1,snr-greedy,9,0.9925,0.9915,,ON,success
1790647618.0349345,1790647630.6687565,7,781,1,snr-greedy,9,0.9915,0.9774,,ON,failed
1790647622.2167857,1790647632.7275684,2,777,2,snr-greedy,9,0.9916,0.9925,,ON,success
1790647671.5538845,1790647681.274458,3,797,2,ewma,10,0.9925,0.9932,,UNKNOWN,success
1790647672.493211,1790647682.7218914,5,796,1,ewma,10,0.9936,0.9944,,OFF,success
1790647673.7225547,1790647684.6378293,4,788,2,ewma,10,0.9924,0.9923,,OFF,success
1790647674.5382347,1790647685.158731,8,772,1,ewma,10,0.9881,0.9877,,OFF,success
1790647674.238049,1790647685.4805334,10,793,2,ewma,10,0.9914,0.9943,,OFF,success
1790647677.3374681,1790647687.9353557,1,798,2,ewma,10,0.9915,0.9915,,OFF,success
1790647679.5700827,1790647689.3524249,9,772,1,ewma,10,0.9924,0.9932,,OFF,success
1790647681.1079547,1790647692.7606943,7,785,2,ewma,10,0.9931,0.9942,,OFF,failed
1790647682.441191,1790647695.1875403,2,781,1,ewma,10,0.9938,0.9932,,OFF,failed
1790647684.6171162,1790647695.8321352,3,798,2,ewma,10,0.9941,0.9925,,OFF,success
1790647685.1140454,1790647696.0127642,6,797,1,ewma,10,0.9914,0.9942,,OFF,success
1790647686.0519855,1790647697.1640437,5,797,1,ewma,10,0.9933,0.9925,,OFF,success
1790647688.7015686,1790647699.7222636,10,794,2,ewma,10,0.9938,0.9941,,OFF,success
1790647693.9793952,1790647700.2177613,8,773,1,ewma,10,0.9932,0.9943,,OFF,failed
1790647687.977606,1790647700.5297327,4,789,2,ewma,10,0.0,0.9881,,OFF,failed
1790647691.2600899,1790647701.4310796,1,799,2,ewma,10,0.9932,0.9932,,OFF,success
1790647692.5598574,1790647702.600768,9,773,1,ewma,10,0.9925,0.9942,,OFF,success
1790647698.4200313,1790647708.518979,2,782,2,ewma,10,0.9938,0.9914,,OFF,success
1790647695.7879107,1790647709.0338683,7,786,1,ewma,10,0.9915,0.9943,,OFF,failed
1790647699.031732,1790647709.1248736,3,799,2,ewma,10,0.9924,0.9933,,OFF,success
1790647699.2181778,1790647709.7176511,6,798,1,ewma,10,0.9925,0.9925,,OFF,success
1790647700.373729,1790647709.9722915,5,798,1,ewma,10,0.9916,0.9915,,OFF,success
1790647703.4218745,1790647713.6463554,8,774,2,ewma,10,0.9933,0.0,,OFF,success
1790647703.0285442,1790647714.2299151,10,795,2,ewma,10,0.9914,0.0,,OFF,success
1790647703.824576,1790647714.8825858,4,790,1,ewma,10,0.9911,0.9916,,OFF,success
1790647705.9172833,1790647715.885635,9,774,1,ewma,10,0.9932,0.9937,,OFF,success
1790647712.965574,1790647722.9345253,6,799,1,ewma,10,0.9925,0.9925,,OFF,success
1790647713.1846454,1790647723.3570254,5,799,1,ewma,10,0.9925,0.9925,,OFF,success
1790647712.3528178,1790647723.68739,3,800,2,ewma,10,0.0,0.0,,OFF,success
1790647717.99367,1790647724.2629728,7,787,1,ewma,10,0.9854,0.9941,,OFF,failed
1790647716.983701,1790647725.0143814,2,783,2,ewma,10,0.9944,0.9932,,OFF,failed
1790647717.4110672,1790647727.1310315,10,796,2,ewma,10,0.9926,0.9912,,OFF,success
1790647716.8726,1790647727.659219,8,775,2,ewma,10,0.0,0.0,,OFF,success
1790647717.9944696,1790647730.194532,4,791,1,ewma,10,0.9933,0.9882,,OFF,failed
1790647724.9978921,1790647732.3630178,9,775,1,ewma,10,0.9925,0.8689,,UNKNOWN,failed
1790647726.188373,1790647738.0207703,6,800,1,ewma,10,0.9924,0.0,,OFF,success
1790647726.573402,1790647738.059026,5,800,1,ewma,10,0.9938,0.9925,,OFF,success
1790647728.3156652,1790647738.3371615,2,784,2,ewma,10,0.9933,0.99,,OFF,success
1790647733.0008879,1790647738.7372148,7,788,2,ewma,10,0.8804,0.9916,,OFF,failed
1790647730.2884185,1790647739.6487305,10,797,2,ewma,10,0.9881,0.9933,,OFF,success
1790647731.9998412,1790647739.7405198,3,801,2,ewma,10,0.0,0.017,,OFF,failed
1790647730.8757586,1790647742.0213494,8,776,2,ewma,10,0.9915,0.9926,,OFF,success
1790647733.4112077,1790647743.8270879,4,792,1,ewma,10,0.9899,0.9925,,OFF,success
1790647734.957143,1790647745.8820994,1,802,2,ewma,10,0.0029,0.0,,OFF,success
1790647741.0041113,1790647747.5174992,9,776,1,ewma,10,0.9941,0.9875,,OFF,failed
1790647741.5988376,1790647751.8115761,2,785,2,ewma,10,0.9933,0.9924,,OFF,success
1790647741.089083,1790647752.226525,5,801,1,ewma,10,0.0,0.9932,,OFF,success
1790647742.9588547,1790647754.0905693,3,802,2,ewma,10,0.8535,0.8804,,OFF,success
1790647745.3917675,1790647756.3463185,8,777,2,ewma,10,0.9915,0.9925,,OFF,success
1790647748.0068607,1790647756.3849993,10,798,2,ewma,10,0.9913,0.9933,,OFF,failed
1790647747.0587974,1790647757.447426,4,793,1,ewma,10,0.9916,0.9933,,OFF,success
1790647749.1096706,1790647758.7031732,1,803,2,ewma,10,0.9924,0.9924,,OFF,success
1790647750.7526343,1790647760.8140614,9,777,2,ewma,10,0.9932,0.9914,,OFF,success
1790647755.0280497,1790647764.411079,2,786,2,ewma,10,0.0,0.7948,,OFF,success
1790647755.4373243,1790647765.030452,5,802,1,ewma,10,0.0493,0.9619,,OFF,success
1790647757.2763345,1790647767.587749,3,803,2,ewma,10,0.994,0.9943,,OFF,success
1790647759.3775904,1790647769.2250214,8,778,2,ewma,10,0.9877,0.9755,,OFF,success
1790647760.7731154,1790647770.8606136,4,794,1,ewma,10,0.9925,0.9942,,OFF,success
1790647765.012068,1790647770.8848336,10,799,2,ewma,10,0.9931,0.9925,,OFF,failed
1790647761.8981295,1790647772.5017464,1,804,2,ewma,10,0.9915,0.9915,,OFF,success
1790647764.1695335,1790647773.8442905,9,778,2,ewma,10,0.9926,0.9933,,OFF,success
1790647767.6350985,1790647778.9634898,2,787,2,ewma,10,0.9913,0.9931,,OFF,success
1790647768.357995,1790647779.4797575,5,803,1,ewma,10,0.9932,0.9925,,OFF,success
1790647770.8276162,1790647780.5781586,3,804,2,ewma,10,0.9942,0.9925,,OFF,success
1790647770.1858056,1790647781.0245829,6,803,1,ewma,10,0.99,0.9938,,OFF,success
1790647772.4345396,1790647782.2407155,8,779,2,ewma,10,0.9944,0.9943,,ON,success
1790647771.3199117,1790647782.4508433,7,791,2,ewma,10,0.9914,0.9933,,OFF,success
1790647774.3183627,1790647785.3011417,10,800,2,ewma,10,0.8535,0.8804,,ON,success
1790647780.0184748,1790647786.4298322,4,795,1,ewma,10,0.9915,0.9941,,OFF,failed
1790647775.818398,1790647787.1418552,1,805,2,ewma,10,0.9925,0.99,,UNKNOWN,success
1790647777.0825818,1790647788.3103597,9,779,2,ewma,10,0.9933,0.9925,,OFF,success
1790647782.1852734,1790647792.4754534,2,788,2,ewma,10,0.9925,0.9915,,OFF,success
1790647782.7027037,1790647793.3274071,5,804,1,ewma,10,0.9925,0.9925,,OFF,success
1790647789.0225646,1790647795.6409721,3,805,2,ewma,10,0.9933,0.9915,,OFF,failed
1790647784.2254148,1790647795.9894502,6,804,1,ewma,10,0.9932,0.994,,OFF,failed
1790647785.55359,1790647796.697029,8,780,2,ewma,10,0.0,0.2649,,OFF,success
1790647785.8903584,1790647796.7711344,7,792,2,ewma,10,0.9933,0.9942,,OFF,success
1790647704.584526,,1,800,2,ewma,10,0.9915,0.9901,,OFF,unavailable
1790647788.5359285,1790647798.8233278,10,801,2,ewma,10,0.9915,0.9933,,OFF,success
1790647790.3730018,1790647800.459035,1,806,2,ewma,10,0.9931,0.9931,,OFF,success
1790647789.653972,1790647800.7947857,4,796,1,ewma,10,0.9914,0.9938,,OFF,success
1790647791.5336967,1790647801.6957862,9,780,2,ewma,10,0.9938,0.9938,,OFF,success
1790647795.682542,1790647805.786812,2,789,2,ewma,10,0.9915,0.9915,,OFF,success
1790647798.8800962,1790647808.5611627,3,806,2,ewma,10,0.9925,0.99,,OFF,success
1790647796.54229,1790647809.0784276,5,805,1,ewma,10,0.9925,0.9925,,OFF,failed
1790647805.0330799,1790647811.6501856,8,781,2,ewma,10,0.9831,0.9912,,OFF,failed
1790647802.0508177,1790647812.6546495,10,802,2,ewma,10,0.9938,0.9925,,OFF,success
1790647804.9212842,1790647814.415094,9,781,2,ewma,10,0.9938,0.9901,,OFF,success
1790647809.0364635,1790647815.5170705,4,797,1,ewma,10,0.9805,0.9888,,OFF,failed
1790647809.0353231,1790647816.5692332,1,807,2,ewma,10,0.9901,0.9901,,OFF,failed
1790647809.0153847,1790647820.3189094,2,790,2,ewma,10,0.9925,0.9933,,OFF,failed
1790647811.772906,1790647822.4841843,3,807,2,ewma,10,0.9583,0.9802,,OFF,success
1790647818.0405614,1790647823.4116523,5,806,1,ewma,10,0.9925,0.9916,,OFF,failed
1790647814.85134,1790647825.6419804,8,782,2,ewma,10,0.9938,0.9938,,OFF,success
1790647815.8473487,1790647826.6597786,10,803,2,ewma,10,0.9926,0.9925,,OFF,success
1790647818.6361327,1790647827.9301813,4,798,1,ewma,10,0.9924,0.9938,,OFF,success
1790647817.6382873,1790647828.1233706,9,782,2,ewma,10,0.9942,0.9933,,OFF,success
1790647819.7869997,1790647830.9935691,1,808,2,ewma,10,0.99,0.9901,,OFF,failed
1790647741.0514028,,6,801,1,ewma,10,0.9914,0.9942,,OFF,unavailable
1790647741.9286354,,7,789,2,ewma,10,0.9914,0.9942,,OFF,unavailable
1790647823.5447426,1790647833.830421,2,791,2,ewma,10,0.9933,0.9914,,ON,success
1790647825.6967344,1790647835.6746736,3,808,2,ewma,10,0.9931,0.9932,,OFF,success
1790647828.2775264,1790647837.749428,6,807,1,ewma,10,0.9915,0.9933,,OFF,success
1790647828.7995453,1790647838.6545568,7,795,2,ewma,10,0.0,0.0,,OFF,success
1790647828.8881984,1790647839.0904586,8,783,2,ewma,10,0.9938,0.9533,,OFF,success
1790647826.639187,1790647839.3621292,5,807,1,ewma,10,0.9944,0.9925,,OFF,failed
1790647829.9321508,1790647839.883674,10,804,2,ewma,10,0.9913,0.9914,,OFF,success
1790647831.3450558,1790647842.1430352,9,783,2,ewma,10,0.9942,0.8535,,OFF,success
1790647836.0627193,1790647843.476127,4,799,1,ewma,10,0.9914,0.9926,,OFF,failed
1790647834.2075133,1790647845.1118264,1,809,2,ewma,10,0.9915,0.9933,,OFF,success
1790647836.9921825,1790647847.774062,2,792,2,ewma,10,0.9925,0.9915,,OFF,success
1790647839.0419402,1790647849.1943378,3,809,2,ewma,10,0.9933,0.9925,,OFF,success
1790647840.9603326,1790647851.351868,6,808,1,ewma,10,0.9925,0.9943,,OFF,success
1790647843.1045704,1790647852.5957665,10,805,2,ewma,10,0.9914,0.9914,,OFF,success
1790647842.5534325,1790647853.5402737,5,808,2,ewma,10,0.3641,0.0,,OFF,success
1790647848.0679326,1790647854.1131036,8,784,2,ewma,10,0.9932,0.9938,,OFF,failed
1790647841.8752782,1790647854.86849,7,796,2,ewma,10,0.9857,0.9723,,OFF,failed
1790647845.3610551,1790647856.085699,9,784,2,ewma,10,0.9938,0.9925,,OFF,success
1790647846.6948943,1790647857.899039,4,800,1,ewma,10,0.99,0.9883,,OFF,success
1790647848.335955,1790647858.1343608,1,810,2,ewma,10,0.9924,0.9924,,OFF,success
1790647850.9982114,1790647860.8995724,2,793,2,ewma,10,0.9932,0.9932,,OFF,success
1790647852.4163222,1790647862.7221484,3,810,2,ewma,10,0.9914,0.9937,,OFF,success
1790647855.9098155,1790647865.2945325,10,806,2,ewma,10,0.9925,0.9938,,OFF,success
1790647854.5914168,1790647867.5201654,6,809,1,ewma,10,0.9938,0.9938,,OFF,failed
1790647856.7553008,1790647868.0444303,5,809,2,ewma,10,0.7567,0.0287,,OFF,success
1790647863.0750124,1790647868.9941516,8,785,2,ewma,10,0.9938,0.9942,,OFF,failed
1790647859.3869956,1790647870.089299,9,785,2,ewma,10,0.9938,0.9942,,OFF,success
1790647858.195986,1790647870.6187484,7,797,2,ewma,10,0.99,0.9926,,OFF,failed
1790647861.363707,1790647871.7424119,1,811,2,ewma,10,0.9853,0.9842,,OFF,success
1790647861.1296792,1790647872.2243927,4,801,1,ewma,10,0.9914,0.9933,,OFF,success
1790647864.1166077,1790647873.9139464,2,794,2,ewma,10,0.9937,0.9933,,OFF,success
1790647865.963385,1790647875.416212,3,811,2,ewma,10,0.9925,0.9915,,OFF,success
1790647868.5124545,1790647879.5078373,10,807,2,ewma,10,0.9901,0.9915,,OFF,success
1790647871.270347,1790647882.4944975,5,810,2,ewma,10,0.9925,0.9932,,ON,failed
1790647872.211598,1790647882.6891491,8,786,2,ewma,10,0.9925,0.9944,,ON,success
1790647870.7885594,1790647883.5384438,6,810,1,ewma,10,0.9901,0.9938,,ON,failed
1790647873.3087504,1790647884.1430352,9,786,2,ewma,10,0.9933,0.9925,,ON,success
1790647874.9446409,1790647885.4634907,1,812,2,ewma,10,0.9929,0.9879,,ON,success
1790647873.8354595,1790647886.0944557,7,798,2,ewma,10,0.0,0.9694,,ON,failed
1790647875.444141,1790647886.7851148,4,802,1,ewma,10,0.4911,0.9897,,ON,success
1790647877.2959423,1790647886.8829575,2,795,2,ewma,10,0.0,0.9902,,ON,success
1790647878.6291468,1790647889.8780746,3,812,2,ewma,10,0.9887,0.9925,,OFF,success
1790647882.7298017,1790647892.3481183,10,808,2,ewma,10,0.9925,0.9924,,OFF,success
1790647799.3028102,,6,805,1,ewma,10,0.0,0.0,,OFF,unavailable
1790647800.0979784,,7,793,2,ewma,10,0.9931,0.9944,,OFF,unavailable
1790647886.1153808,1790647895.7853777,8,787,2,ewma,10,0.9861,0.8887,,OFF,success
1790647891.0894604,1790647898.267794,5,811,2,ewma,10,0.9933,0.9915,,OFF,failed
1790647886.7650843,1790647898.8996806,6,811,1,ewma,10,0.0192,0.0,,OFF,failed
1790647889.2811325,1790647899.489022,7,799,2,ewma,10,0.9931,0.9942,,OFF,success
1790647890.1179404,1790647899.7884977,2,796,2,ewma,10,0.9935,0.9938,,OFF,success
1790647895.0932698,1790647901.7730737,4,803,1,ewma,10,0.9921,0.9942,,OFF,failed
1790647893.1518307,1790647903.3941116,3,813,2,ewma,10,0.9925,0.9901,,OFF,success
1790647945.293622,1790647955.205017,8,791,2,snr-greedy,10,0.9925,0.9944,,OFF,success
1790647947.5649674,1790647957.5309503,5,815,2,snr-greedy,10,0.0,0.989,,OFF,success
1790647947.971229,1790647959.0087633,2,800,1,snr-greedy,10,0.9933,0.9925,,OFF,success
1790647953.664953,1790647959.6178622,6,815,2,snr-greedy,10,0.9862,0.989,,OFF,failed
1790647948.8907485,1790647959.6437452,1,817,1,snr-greedy,10,0.9875,0.9805,,OFF,success
1790647953.6652462,1790647961.9747508,9,791,2,snr-greedy,10,0.9922,0.9939,,OFF,failed
1790647952.4742894,1790647961.993294,4,807,1,snr-greedy,10,0.9933,0.9926,,OFF,success
1790647950.3608782,1790647962.546857,7,803,2,snr-greedy,10,0.9933,0.994,,OFF,failed
1790647953.6977339,1790647965.2293694,3,817,1,snr-greedy,10,0.9931,0.9932,,OFF,failed
1790647956.1699393,1790647965.9442744,10,813,2,snr-greedy,10,0.9933,0.9942,,OFF,success
1790647958.4464333,1790647968.4417763,8,792,2,snr-greedy,10,0.9914,0.9925,,OFF,success
1790647960.7558918,1790647971.7728004,5,816,1,snr-greedy,10,0.9915,0.9882,,OFF,success
1790647962.8525007,1790647972.6206038,1,818,1,snr-greedy,10,0.9938,0.9901,,OFF,success
1790647962.2873144,1790647973.3160958,2,801,2,snr-greedy,10,0.0,0.7706,,OFF,success
1790647967.6699173,1790647974.039949,6,816,2,snr-greedy,10,0.9897,0.9923,,OFF,failed
1790647965.174556,1790647974.540166,4,808,1,snr-greedy,10,0.8692,0.8336,,OFF,success
1790647965.8283646,1790647975.4601495,7,804,2,snr-greedy,10,0.9937,0.9943,,OFF,success
1790647970.671765,1790647978.2597823,9,792,2,snr-greedy,10,0.9932,0.9942,,OFF,failed
1790647968.5554986,1790647979.1479495,3,818,1,snr-greedy,10,0.9915,0.9915,,OFF,success
1790647969.2771769,1790647979.8711169,10,814,2,snr-greedy,10,0.9924,0.9937,,OFF,success
1790647971.6575265,1790647982.572757,8,793,2,snr-greedy,10,0.9938,0.9942,,OFF,success
1790647975.0920177,1790647987.4446597,5,817,1,snr-greedy,10,0.9942,0.9925,,ON,failed
1790647977.2621849,1790647988.2863128,6,817,2,snr-greedy,10,0.0,0.9925,,ON,success
1790647975.8270705,1790647988.5820165,1,819,1,snr-greedy,10,0.9938,0.9931,,ON,failed
1790647977.7500947,1790647989.3190372,4,809,2,snr-greedy,10,0.0,0.9899,,ON,failed
1790647978.6921625,1790647989.6130219,7,805,2,snr-greedy,10,0.0,0.5164,,ON,success
1790647976.467601,1790647989.8121562,2,802,1,snr-greedy,10,0.9915,0.9915,,ON,failed
1790647981.4721932,1790647991.4340127,9,793,2,snr-greedy,10,0.0002,0.9813,,ON,success
1790647983.0965803,1790647992.7064154,10,815,2,snr-greedy,10,0.0,0.9812,,ON,success
1790647982.37094,1790647992.8814101,3,819,1,snr-greedy,10,0.9915,0.989,,ON,success
1790647986.0253644,1790647997.1737523,8,794,1,snr-greedy,10,0.9933,0.9925,,OFF,success
1790647990.6720865,1790648000.2540402,5,818,1,snr-greedy,10,0.9937,0.9932,,OFF,success
1790647991.480358,1790648001.2707422,6,818,1,snr-greedy,10,0.993,0.9924,,OFF,success
1790647991.81495,1790648002.7178316,1,820,2,snr-greedy,10,0.9913,0.9924,,OFF,success
1790647997.6787162,1790648004.551285,4,810,2,snr-greedy,10,0.0,0.0,,OFF,failed
1790647998.6807632,1790648005.57481,2,803,1,snr-greedy,10,0.9937,0.9916,,OFF,failed
1790647992.8393884,1790648006.0880158,7,806,2,snr-greedy,10,0.985,0.9641,,OFF,failed
1790647996.2033393,1790648006.5414615,3,820,1,snr-greedy,10,0.9855,0.9831,,OFF,success
1790647996.1245103,1790648006.6265364,10,816,1,snr-greedy,10,0.9861,0.9902,,OFF,success
1790648000.394094,1790648010.2796443,8,795,1,snr-greedy,10,0.9938,0.9933,,OFF,success
1790648003.4682152,1790648013.8784142,5,819,2,snr-greedy,10,0.9914,0.9914,,OFF,success
1790648004.5166733,1790648015.0926237,6,819,2,snr-greedy,10,0.9925,0.9933,,OFF,success
1790648005.951034,1790648016.3663828,1,821,1,snr-greedy,10,0.9933,0.9914,,OFF,success
1790648007.8870904,1790648018.588701,4,811,2,snr-greedy,10,0.9913,0.9933,,OFF,success
1790648008.8023138,1790648018.8888679,2,804,2,snr-greedy,10,0.0,0.9877,,OFF,success
1790648009.5563378,1790648019.7224689,7,807,2,snr-greedy,10,0.0,0.9937,,OFF,success
1790648009.8613827,1790648019.9058409,10,817,1,snr-greedy,10,0.9924,0.9833,,OFF,success
1790648014.6977794,1790648022.879594,3,821,2,snr-greedy,10,0.993,0.9928,,OFF,failed
1790648013.5027714,1790648024.2057528,8,796,2,snr-greedy,10,0.9933,0.9942,,OFF,success
1790648017.1062512,1790648026.5708246,5,820,1,snr-greedy,10,0.9925,0.9915,,OFF,success
1790648018.3121912,1790648028.6184673,6,820,1,snr-greedy,10,0.9925,0.9916,,OFF,success
1790648019.5784426,1790648031.067647,1,822,1,snr-greedy,10,0.9915,0.99,,OFF,failed
1790648022.1081805,1790648031.37375,2,805,1,snr-greedy,10,0.9924,0.9915,,OFF,success
1790648022.942138,1790648032.5081203,7,808,1,snr-greedy,10,0.9867,0.9747,,OFF,success
1790648027.702231,1790648034.5824807,4,812,1,snr-greedy,10,0.9925,0.9925,,OFF,failed
1790648028.703851,1790648034.8815508,10,818,1,snr-greedy,10,0.9925,0.9833,,OFF,failed
1790648026.1062267,1790648036.4974043,3,822,2,snr-greedy,10,0.9901,0.9926,,OFF,success
1790648027.42491,1790648037.623154,8,797,1,snr-greedy,10,0.9924,0.9925,,OFF,success
1790648029.7932143,1790648040.9156437,5,821,1,snr-greedy,10,0.9925,0.9925,,OFF,success
1790648031.8485627,1790648042.7695749,6,821,1,snr-greedy,10,0.9916,0.9915,,ON,success
1790648035.7242708,1790648046.6451192,7,809,2,snr-greedy,10,0.9932,0.9932,,OFF,success
1790648034.2821317,1790648047.361363,1,823,1,snr-greedy,10,0.9926,0.99,,UNKNOWN,failed
1790648034.5893607,1790648047.5723512,2,806,1,snr-greedy,10,0.9942,0.9933,,UNKNOWN,failed
1790648038.155424,1790648049.098915,10,819,2,snr-greedy,10,0.9923,0.9938,,OFF,success
1790648039.7366154,1790648050.942451,3,823,1,snr-greedy,10,0.9915,0.99,,OFF,success
1790648043.7095928,1790648051.3642588,4,813,2,snr-greedy,10,0.0004,0.9925,,OFF,failed
1790648040.8475497,1790648053.2905197,8,798,1,snr-greedy,10,0.9926,0.9926,,OFF,failed
1790648045.9543796,1790648055.2544153,6,822,1,snr-greedy,10,0.9938,0.9915,,OFF,success
1790648044.2495363,1790648055.4419973,5,822,2,snr-greedy,10,0.9916,0.9914,,OFF,success
1790648049.8603928,1790648059.839457,7,810,2,snr-greedy,10,0.9925,0.9942,,OFF,success
1790648050.7721226,1790648060.6729198,2,807,2,snr-greedy,10,0.9853,0.9925,,OFF,success
1790648052.316531,1790648063.1122038,10,820,2,snr-greedy,10,0.9925,0.9933,,OFF,success
1790648052.8496962,1790648063.558505,9,798,2,snr-greedy,10,0.9914,0.9924,,OFF,success
1790648055.7135193,1790648063.7733302,1,824,1,snr-greedy,10,0.9938,0.9914,,OFF,failed
1790648054.253421,1790648064.3784175,3,824,1,snr-greedy,10,0.9915,0.0,,OFF,success
1790648056.5014381,1790648066.4095697,8,799,2,snr-greedy,10,0.9881,0.9926,,OFF,success
1790648059.7164466,1790648067.2581906,4,814,2,snr-greedy,10,0.8335,0.9933,,OFF,failed
1790648058.7474089,1790648068.2455604,5,823,2,snr-greedy,10,0.8535,0.8804,,OFF,success
1790648063.7188659,1790648071.2119942,6,823,2,snr-greedy,10,0.9938,0.9941,,OFF,failed
1790648063.1782377,1790648072.4392622,7,811,2,snr-greedy,10,0.9924,0.9942,,OFF,success
1790648063.899235,1790648076.7476447,2,808,1,snr-greedy,10,0.9933,0.9925,,OFF,failed
1790648066.333799,1790648078.1892886,10,821,1,snr-greedy,10,0.9926,0.9901,,OFF,failed
1790648067.2750232,1790648078.6212556,1,825,1,snr-greedy,10,0.0,0.0,,OFF,success
1790648069.731135,1790648078.992611,8,800,2,snr-greedy,10,0.9932,0.9937,,OFF,success
1790648071.7333174,1790648079.11365,9,799,2,snr-greedy,10,0.9933,0.9942,,OFF,failed
1790648072.735025,1790648079.18452,3,825,1,snr-greedy,10,0.9942,0.9875,,OFF,failed
1790648070.480928,1790648081.0453606,4,815,2,snr-greedy,10,0.9898,0.9933,,OFF,success
1790648071.4690747,1790648081.5901475,5,824,2,snr-greedy,10,0.9915,0.9925,,OFF,success
1790648074.4389079,1790648085.5429518,6,824,2,snr-greedy,10,0.9933,0.9938,,OFF,success
1790648075.6598186,1790648086.9869778,7,812,2,snr-greedy,10,0.9914,0.9942,,OFF,success
1790647994.6548352,,9,794,2,snr-greedy,10,0.9925,0.9941,,OFF,unavailable
1790648079.9955935,1790648090.4969509,2,809,1,snr-greedy,10,0.9933,0.9901,,ON,success
1790648081.8436599,1790648092.9118989,1,826,1,snr-greedy,10,0.0029,0.0,,ON,success
1790648087.7576559,1790648093.4481072,9,800,1,snr-greedy,10,0.9933,0.0,,OFF,failed
1790648082.4467363,1790648093.7357469,3,826,1,snr-greedy,10,0.9896,0.985,,ON,success
1790648086.7536952,1790648094.3514478,10,822,2,snr-greedy,10,0.99,0.9915,,OFF,failed
1790648087.7568505,1790648095.0753162,8,801,2,snr-greedy,10,0.0252,0.9937,,OFF,failed
1790648084.2699394,1790648096.7989156,4,816,2,snr-greedy,10,0.9914,0.9932,,OFF,failed
1790648089.773059,1790648097.2544694,5,825,1,snr-greedy,10,0.9941,0.9941,,OFF,failed
1790648088.7711751,1790648100.5202093,6,825,1,snr-greedy,10,0.9926,0.9915,,OFF,failed
1790648090.2189283,1790648101.021441,7,813,2,snr-greedy,10,0.9925,0.9938,,OFF,success
1790648096.1302867,1790648106.0332794,1,827,1,snr-greedy,10,0.9933,0.9881,,OFF,success
1790648096.654509,1790648107.0500503,9,801,2,snr-greedy,10,0.9925,0.9936,,OFF,success
1790648098.2993205,1790648108.204676,8,802,2,snr-greedy,10,0.9932,0.9937,,OFF,success
1790648096.9484262,1790648109.5125146,3,827,1,snr-greedy,10,0.9896,0.9927,,OFF,failed
1790648100.4417648,1790648110.4289167,5,826,1,snr-greedy,10,0.9932,0.9933,,OFF,success
1790648105.7806964,1790648112.1917326,4,817,2,snr-greedy,10,0.0,0.0,,OFF,failed
1790648104.2338,1790648115.1387444,7,814,2,snr-greedy,10,0.9911,0.9936,,OFF,success
1790648108.7835853,1790648115.876045,6,826,2,snr-greedy,10,0.9937,0.9937,,OFF,failed
1790648024.574636,,9,796,1,snr-greedy,10,0.9938,0.9932,,OFF,unavailable
1790648109.353809,1790648121.3908806,1,828,1,snr-greedy,10,0.9902,0.9901,,OFF,failed
1790648111.4322803,1790648121.8332617,8,803,2,snr-greedy,10,0.9939,0.9938,,OFF,success
1790648110.2762792,1790648122.7186809,9,802,2,snr-greedy,10,0.0,0.0,,OFF,failed
1790648112.836473,1790648122.8548133,3,828,1,snr-greedy,10,0.9938,0.9916,,OFF,success
1790648113.7558012,1790648124.6870372,5,827,1,snr-greedy,10,0.9915,0.9915,,OFF,success
1790648115.3690941,1790648128.6565907,4,818,2,snr-greedy,10,0.9913,0.9933,,OFF,failed
1790648118.3510907,1790648129.6883445,7,815,2,snr-greedy,10,0.9901,0.9916,,OFF,success
1790648119.0988817,1790648130.3222332,6,827,2,snr-greedy,10,0.9932,0.9944,,OFF,success
1790648126.1373277,1790648135.5142684,3,829,1,snr-greedy,10,0.9932,0.9925,,OFF,success
1790648130.8082142,1790648137.0605335,2,812,2,snr-greedy,10,0.1823,0.988,,ON,failed
1790648129.8037057,1790648137.6643367,1,829,1,snr-greedy,10,0.9932,0.9899,,ON,failed
1790648130.8069608,1790648138.1989737,10,825,1,snr-greedy,10,0.9926,0.9915,,ON,failed
1790648131.8100371,1790648139.1264374,9,803,2,snr-greedy,10,0.9833,0.989,,ON,failed
1790648132.7975202,1790648143.3400207,7,816,2,snr-greedy,10,0.0,0.991,,UNKNOWN,success
1790648131.876472,1790648144.331966,4,819,1,snr-greedy,10,0.9911,0.9899,,ON,failed
1790648133.6120434,1790648144.8653345,6,828,1,snr-greedy,10,0.9926,0.9915,,OFF,success
1790648138.733258,1790648148.9214623,3,830,1,snr-greedy,10,0.9915,0.9902,,OFF,success
1790648140.8850675,1790648150.394238,1,830,1,snr-greedy,10,0.0,0.0,,OFF,success
1790648141.4298773,1790648151.005955,10,826,1,snr-greedy,10,0.9937,0.9924,,OFF,success
1790648140.3063118,1790648151.0828032,2,813,2,snr-greedy,10,0.9932,0.9937,,OFF,success
1790648142.3110456,1790648152.823657,9,804,1,snr-greedy,10,0.9925,0.9915,,OFF,success
1790648146.5695703,1790648157.5567234,7,817,2,snr-greedy,10,0.9925,0.9944,,OFF,success
1790648147.7612808,1790648158.6581285,4,820,2,snr-greedy,10,0.0002,0.0119,,OFF,success
1790648153.8206398,1790648159.988895,6,829,1,snr-greedy,10,0.9933,0.9926,,OFF,failed
1790648152.1450732,1790648163.0623882,3,831,1,snr-greedy,10,0.9926,0.9925,,OFF,success
1790648153.5883403,1790648163.5039785,1,831,1,snr-greedy,10,0.9925,0.99,,OFF,success
1790648154.1956968,1790648164.4952416,10,827,2,snr-greedy,10,0.0,0.9941,,OFF,success
1790648154.3242536,1790648166.4332097,2,814,1,snr-greedy,10,0.8804,0.9906,,OFF,failed
1790648157.378156,1790648167.180882,8,806,2,snr-greedy,10,0.9925,0.9925,,OFF,success
1790648156.2401228,1790648167.7981546,5,830,1,snr-greedy,10,0.9858,0.9867,,OFF,success
1790648161.8280418,1790648169.4296927,9,805,1,snr-greedy,10,0.9933,0.9926,,OFF,failed
1790648213.9963915,1790648223.9826572,10,831,1,round-robin,10,0.9937,0.9925,,OFF,success
1790648214.8399942,1790648225.2240143,2,818,1,round-robin,10,0.9925,0.9925,,OFF,success
1790648215.7549775,1790648228.4919636,5,834,1,round-robin,10,0.9937,0.9942,,OFF,failed
1790648219.1383142,1790648228.832968,8,810,1,round-robin,10,0.9933,0.9932,,OFF,success
1790648219.5754817,1790648229.658535,9,809,1,round-robin,10,0.9932,0.993,,OFF,success
1790648221.5736182,1790648231.5690713,7,822,1,round-robin,10,0.9943,0.9937,,OFF,success
1790648223.2189636,1790648236.2067623,4,825,1,round-robin,10,0.9882,0.9915,,OFF,failed
1790648226.7174408,1790648236.784962,1,836,1,round-robin,10,0.99,0.9914,,OFF,success
1790648227.4282217,1790648237.6107705,6,834,1,round-robin,10,0.9885,0.9833,,OFF,success
1790648232.3128684,1790648238.9415398,3,836,1,round-robin,10,0.0,0.0,,OFF,failed
1790648232.3118637,1790648239.4709303,10,832,2,round-robin,10,0.9944,0.9925,,OFF,failed
1790648231.8640559,1790648242.3188767,5,835,2,round-robin,10,0.9915,0.9933,,OFF,success
1790648232.181589,1790648243.1409147,8,811,2,round-robin,10,0.9915,0.9938,,OFF,success
1790648232.7806146,1790648243.7824955,9,810,2,round-robin,10,0.9915,0.9939,,OFF,success
1790648234.7940657,1790648244.7743232,7,823,2,round-robin,10,0.9914,0.9925,,OFF,success
1790648239.4327033,1790648249.2892456,4,826,2,round-robin,10,0.9938,0.9924,,OFF,success
1790648240.834114,1790648250.7225194,6,835,2,round-robin,10,0.9925,0.9939,,OFF,success
1790648240.0204554,1790648251.2348433,1,837,2,round-robin,10,0.9915,0.9925,,OFF,success
1790648247.3176057,1790648254.633572,3,837,2,round-robin,10,0.0,0.0,,OFF,failed
1790648245.5728807,1790648255.1208386,5,836,1,round-robin,10,0.9915,0.9925,,OFF,success
1790648248.319496,1790648255.7528815,10,833,1,round-robin,10,0.9924,0.9932,,OFF,failed
1790648246.3653457,1790648257.3003232,8,812,1,round-robin,10,0.9886,0.9941,,OFF,success
1790648246.9956918,1790648257.6184263,9,811,1,round-robin,10,0.9933,0.9933,,OFF,success
1790648248.000371,1790648258.3037333,7,824,1,round-robin,10,0.9933,0.9915,,OFF,success
1790648252.4419823,1790648263.3595922,4,827,1,round-robin,10,0.9901,0.9926,,OFF,success
1790648253.9422839,1790648265.0624902,6,836,1,round-robin,10,0.9933,0.0,,OFF,success
1790648259.3392568,1790648265.6605053,1,838,1,round-robin,10,0.9914,0.9901,,OFF,failed
1790648257.8358896,1790648268.4604337,3,838,1,round-robin,10,0.991,0.0,,OFF,success
1790648257.3128004,1790648269.0388322,2,821,1,round-robin,10,0.9933,0.9926,,OFF,failed
1790648258.3381014,1790648269.6913779,5,837,2,round-robin,10,0.9925,0.9925,,OFF,success
1790648260.5190325,1790648270.482591,8,813,2,round-robin,10,0.0,0.0,,OFF,success
1790648261.5244195,1790648272.4226975,7,825,2,round-robin,10,0.9914,0.9914,,OFF,success
1790648266.3435678,1790648273.2356577,9,812,2,round-robin,10,0.9933,0.9942,,OFF,failed
1790648266.6349587,1790648277.5928762,4,828,2,round-robin,10,0.9933,0.9915,,OFF,success
1790648268.832912,1790648279.5053978,1,839,2,round-robin,10,0.9914,0.9925,,OFF,success
1790648268.2781355,1790648280.3049443,6,837,2,round-robin,10,0.7949,0.3672,,OFF,failed
1790648277.3466737,1790648283.4817705,3,839,2,round-robin,10,0.8804,0.8804,,ON,failed
1790648277.3472762,1790648284.2264943,2,822,2,round-robin,10,0.9933,0.9915,,ON,failed
1790648272.910364,1790648284.7256172,5,838,1,round-robin,10,0.9932,0.9923,,OFF,failed
1790648279.3487399,1790648285.2673159,8,814,1,round-robin,10,0.0,0.0,,ON,failed
1790648275.6353185,1790648286.291121,7,826,1,round-robin,10,0.9914,0.9914,,OFF,success
1790648276.4715366,1790648287.197606,9,813,1,round-robin,10,0.9932,0.9943,,OFF,success
1790648281.027012,1790648290.890351,4,829,1,round-robin,10,0.9933,0.9902,,OFF,success
1790648282.8180888,1790648293.3399057,1,840,1,round-robin,10,0.9924,0.9924,,OFF,success
1790648283.546959,1790648294.8796556,6,838,1,round-robin,10,0.9938,0.9926,,OFF,success
1790648286.7013326,1790648297.4538262,3,840,1,round-robin,10,0.9916,0.9915,,OFF,success
1790648287.4511178,1790648297.6329756,2,823,1,round-robin,10,0.9933,0.9925,,OFF,success
1790648287.954647,1790648298.5680823,5,839,2,round-robin,10,0.9156,0.0,,OFF,success
1790648289.5104485,1790648299.0780454,7,827,2,round-robin,10,0.9897,0.9901,,OFF,success
1790648288.54615,1790648299.1713123,8,815,2,round-robin,10,0.9911,0.9911,,OFF,success
1790648290.4305727,1790648300.7185507,9,814,2,round-robin,10,0.9925,0.9939,,OFF,success
1790648294.3531158,1790648301.9382353,10,836,1,round-robin,10,0.9902,0.9915,,OFF,failed
1790648294.1159604,1790648304.0723455,4,830,2,round-robin,10,0.9942,0.9926,,OFF,success
1790648296.5246234,1790648306.356807,1,841,2,round-robin,10,0.9915,0.99,,OFF,success
1790648298.0610464,1790648309.1926312,6,839,2,round-robin,10,0.9925,0.9938,,OFF,success
1790648300.8610563,1790648311.0364773,2,824,2,round-robin,10,0.9931,0.9938,,OFF,success
1790648302.3931644,1790648311.996305,8,816,1,round-robin,10,0.99,0.9923,,OFF,success
1790648306.368813,1790648313.1820085,3,841,2,round-robin,10,0.9915,0.9926,,OFF,failed
1790648303.9115689,1790648313.796656,9,815,1,round-robin,10,0.9925,0.9938,,OFF,success
1790648301.8020673,1790648315.1221223,5,840,1,round-robin,10,0.9259,0.9703,,OFF,failed
1790648305.2691107,1790648315.5615017,10,837,2,round-robin,10,0.9916,0.9914,,OFF,success
1790648307.4046175,1790648318.5388582,4,831,1,round-robin,10,0.9942,0.9924,,OFF,success
1790648309.5881972,1790648319.0217652,1,842,1,round-robin,10,0.9942,0.9925,,OFF,success
1790648228.4485753,,2,819,2,round-robin,10,0.9941,0.9925,,ON,unavailable
1790648312.4202366,1790648321.930131,6,840,1,round-robin,10,0.9925,0.9941,,OFF,success
1790648314.259678,1790648324.792648,2,825,1,round-robin,10,0.9915,0.9915,,OFF,success
1790648316.3970516,1790648326.1297958,3,842,1,round-robin,10,0.9938,0.9933,,OFF,success
1790648315.2069857,1790648326.700693,8,817,2,round-robin,10,0.99,0.0496,,OFF,success
1790648318.3396468,1790648327.72423,5,841,2,round-robin,10,0.9914,0.99,,OFF,success
1790648317.0124605,1790648328.8633096,9,816,2,round-robin,10,0.9925,0.9942,,OFF,failed
1790648318.7786813,1790648330.8979216,10,838,1,round-robin,10,0.9924,0.9942,,OFF,failed
1790648322.2576122,1790648331.6213279,1,843,2,round-robin,10,0.9933,0.9915,,OFF,success
1790648325.259337,1790648334.9963577,6,841,2,round-robin,10,0.8805,0.9939,,OFF,success
1790648328.015131,1790648339.0928144,2,826,2,round-robin,10,0.9942,0.9925,,ON,success
1790648329.3509376,1790648339.8332856,3,843,2,round-robin,10,0.0,0.0,,UNKNOWN,success
1790648332.0824206,1790648341.5825307,9,817,1,round-robin,10,0.0,0.9915,,UNKNOWN,success
1790648335.370548,1790648342.4732223,8,818,1,round-robin,10,0.9931,0.9017,,UNKNOWN,failed
1790648330.952876,1790648343.3131552,5,842,1,round-robin,10,0.0,0.0583,,UNKNOWN,failed
1790648334.8415053,1790648344.125529,1,844,1,round-robin,10,0.0,0.0,,UNKNOWN,success
1790648334.1295466,1790648345.268728,10,839,2,round-robin,10,0.9882,0.9915,,UNKNOWN,success
1790648258.9697447,,10,834,2,round-robin,10,0.99,0.9925,,OFF,unavailable
1790648338.309014,1790648350.5652342,6,842,1,round-robin,10,0.9925,0.9942,,UNKNOWN,failed
1790648342.3139439,1790648352.6104937,2,827,1,round-robin,10,0.9925,0.9925,,OFF,success
1790648344.8053625,1790648354.2487185,9,818,2,round-robin,10,0.9933,0.9944,,OFF,success
1790648343.0639832,1790648355.684932,3,844,1,round-robin,10,0.9933,0.9925,,OFF,failed
1790648345.7154167,1790648356.3082013,8,819,2,round-robin,10,0.9915,0.9938,,OFF,success
1790648346.5451224,1790648356.432946,5,843,2,round-robin,10,0.9933,0.9925,,OFF,success
1790648347.3588638,1790648357.0124226,1,845,2,round-robin,10,0.9914,0.9914,,OFF,success
1790648348.4936612,1790648358.486101,10,840,1,round-robin,10,0.9925,0.9926,,OFF,success
1790648352.3794181,1790648359.5784965,7,831,2,round-robin,10,0.9565,0.9932,,OFF,failed
1790648350.0938864,1790648363.059048,4,834,1,round-robin,10,0.9914,0.9925,,OFF,failed
1790648353.7834182,1790648363.4013095,6,843,2,round-robin,10,0.9938,0.9938,,OFF,success
1790648355.9367387,1790648366.7305758,2,828,2,round-robin,10,0.9925,0.9926,,OFF,success
1790648357.4774232,1790648367.969351,9,819,1,round-robin,10,0.9915,0.9916,,OFF,success
1790648358.9019773,1790648370.3285725,3,845,2,round-robin,10,0.9933,0.9882,,OFF,success
1790648361.7099307,1790648370.9416194,10,841,2,round-robin,10,0.9899,0.9925,,OFF,success
1790648365.387607,1790648371.6544726,5,844,1,round-robin,10,0.0,0.0,,OFF,failed
1790648365.3887634,1790648371.9981878,1,846,1,round-robin,10,0.9924,0.9916,,OFF,failed
1790648362.8324518,1790648373.7205112,7,832,1,round-robin,10,0.9932,0.9932,,OFF,success
1790648366.6723075,1790648378.120229,6,844,1,round-robin,10,0.994,0.9942,,OFF,failed
1790648366.3831692,1790648378.8622983,4,835,2,round-robin,10,0.9914,0.9925,,OFF,failed
1790648370.0040803,1790648383.0230727,2,829,1,round-robin,10,0.9933,0.9925,,OFF,failed
1790648375.2108786,1790648384.671798,1,847,2,round-robin,10,0.9938,0.9932,,OFF,success
1790648374.1940906,1790648385.2955377,10,842,1,round-robin,10,0.9882,0.9916,,OFF,success
1790648374.9129426,1790648386.0940874,5,845,2,round-robin,10,0.9912,0.9914,,OFF,success
1790648377.0336685,1790648386.6473737,7,833,2,round-robin,10,0.9942,0.9938,,OFF,success
1790648373.5522256,1790648386.6476378,3,846,1,round-robin,10,0.9925,0.9932,,OFF,failed
1790648381.3323846,1790648391.3209512,6,845,2,round-robin,10,0.9938,0.9942,,OFF,success
1790648382.089691,1790648391.6221018,4,836,1,round-robin,10,0.9932,0.9942,,OFF,success
1790648302.299822,,7,828,1,round-robin,10,0.436,0.9924,,OFF,unavailable
1790648387.8923786,1790648397.7880714,1,848,1,round-robin,10,0.0,0.9881,,UNKNOWN,success
1790648388.5167086,1790648398.597682,10,843,2,round-robin,10,0.9933,0.9933,,UNKNOWN,success
1790648391.4098887,1790648398.9175596,2,830,2,round-robin,10,0.9915,0.9925,,OFF,failed
1790648389.3241038,1790648399.5051062,5,846,1,round-robin,10,0.0,0.0,,UNKNOWN,success
1790648389.852198,1790648399.8423808,7,834,1,round-robin,10,0.0,0.9938,,OFF,success
1790648390.6577585,1790648400.9398458,8,822,2,round-robin,10,0.9937,0.9944,,OFF,success
1790648389.8528225,1790648402.4211013,3,847,2,round-robin,10,0.9925,0.973,,OFF,failed
1790648394.556576,1790648407.2122874,6,846,1,round-robin,10,0.9926,0.0004,,OFF,failed
1790648400.4136884,1790648407.801166,4,837,2,round-robin,10,0.9925,0.9938,,OFF,failed
1790648401.0132854,1790648411.073077,1,849,2,round-robin,10,0.9914,0.99,,OFF,success
1790648401.8382835,1790648411.6305835,10,844,1,round-robin,10,0.9933,0.0,,OFF,success
1790648402.734896,1790648412.2486885,5,847,2,round-robin,10,0.9925,0.9925,,OFF,success
1790648402.25774,1790648412.532674,2,831,1,round-robin,10,0.0,0.9855,,OFF,success
1790648403.0714023,1790648413.0337393,7,835,2,round-robin,10,0.9925,0.9937,,OFF,success
1790648321.8663096,,4,832,2,round-robin,10,0.9941,0.9938,,OFF,unavailable
1790648407.4355652,1790648414.6733081,9,822,1,round-robin,10,0.9896,0.8689,,OFF,failed
1790648404.170313,1790648415.3131902,8,823,1,round-robin,10,0.9933,0.9915,,OFF,success
1790648405.7919216,1790648416.1979864,3,848,1,round-robin,10,0.9933,0.9915,,OFF,success
1790648410.4380658,1790648420.5038846,6,847,2,round-robin,10,0.9914,0.9938,,OFF,success
1790648411.034513,1790648423.1550615,4,838,1,round-robin,10,0.9926,0.9901,,OFF,failed
1790648414.4110122,1790648423.6803384,1,850,1,round-robin,10,0.0288,0.0,,OFF,success
1790648415.5298393,1790648425.6604934,5,848,1,round-robin,10,0.9925,0.9938,,OFF,success
1790648415.7467782,1790648426.2306962,2,832,2,round-robin,10,0.0,0.9938,,OFF,success
1790648420.4442852,1790648426.3608074,10,845,2,round-robin,10,0.9915,0.8535,,OFF,failed
1790648417.893031,1790648428.1747649,9,823,2,round-robin,10,0.9943,0.9941,,OFF,success
1790648422.4467587,1790648429.3133833,7,836,1,round-robin,10,0.9925,0.9941,,OFF,failed
1790648419.4176507,1790648429.8494856,3,849,2,round-robin,10,0.9933,0.9933,,OFF,success
1790648423.833428,1790648434.8442097,6,848,1,round-robin,10,0.9932,0.9942,,OFF,success
1790648426.9042845,1790648437.2161365,1,851,2,round-robin,10,0.9933,0.9881,,OFF,success
1790648426.3765101,1790648438.7732685,4,839,2,round-robin,10,0.9914,0.9915,,OFF,failed
1790648428.8808694,1790648440.0630352,5,849,2,round-robin,10,0.9925,0.9916,,OFF,success
1790648429.5593667,1790648440.1936123,10,846,1,round-robin,10,0.9899,0.9943,,OFF,success
1790648431.3354957,1790648441.9478443,9,824,1,round-robin,10,0.9933,0.9942,,OFF,success
1790648434.4569585,1790648442.5168054,2,833,1,round-robin,10,0.9867,0.9933,,OFF,failed
1790648433.0750651,1790648444.5548723,3,850,1,round-robin,10,0.0,0.0,,OFF,failed
1790648484.4366436,1790648496.9136808,1,855,1,state-aware,10,0.9924,0.9899,,OFF,failed
1790648487.4294355,1790648497.827095,4,843,1,state-aware,10,0.9931,0.9925,,OFF,success
1790648489.576907,1790648499.054292,10,850,2,state-aware,10,0.9902,0.9938,,UNKNOWN,success
1790648489.885599,1790648500.2678337,5,853,2,state-aware,10,0.9931,0.9938,,UNKNOWN,success
1790648493.77287,1790648503.2649257,2,837,2,state-aware,10,0.9914,0.9943,,UNKNOWN,success
1790648491.7231915,1790648503.7908869,9,828,1,state-aware,10,0.9944,0.9932,,UNKNOWN,failed
1790648494.72409,1790648505.0106962,7,841,2,state-aware,10,0.9899,0.9915,,UNKNOWN,success
1790648495.9598641,1790648506.5397391,8,829,1,state-aware,10,0.9941,0.0,,UNKNOWN,success
1790648498.09223,1790648507.776865,3,854,2,state-aware,10,0.9924,0.9925,,UNKNOWN,success
1790648498.1081846,1790648508.2660785,6,853,2,state-aware,10,0.9914,0.9941,,UNKNOWN,success
1790648500.136243,1790648510.6079779,1,856,2,state-aware,10,0.9901,0.9901,,UNKNOWN,success
1790648501.041673,1790648511.327516,4,844,2,state-aware,10,0.9914,0.9925,,UNKNOWN,success
1790648502.2701602,1790648513.1075764,10,851,1,state-aware,10,0.9933,0.9938,,UNKNOWN,success
1790648503.6123874,1790648513.6889565,5,854,1,state-aware,10,0.9925,0.9925,,UNKNOWN,success
1790648506.489652,1790648517.2701066,2,838,2,state-aware,10,0.0,0.9855,,UNKNOWN,success
1790648508.1999526,1790648518.6040158,7,842,1,state-aware,10,0.9942,0.9914,,UNKNOWN,success
1790648511.9135716,1790648519.2271092,9,829,2,state-aware,10,0.9933,0.9933,,OFF,failed
1790648509.886416,1790648519.7414594,8,830,2,state-aware,10,0.9942,0.9943,,UNKNOWN,success
1790648511.5920124,1790648521.1606789,6,854,1,state-aware,10,0.9942,0.9942,,OFF,success
1790648511.0003538,1790648521.8778412,3,855,1,state-aware,10,0.9942,0.9932,,UNKNOWN,success
1790648513.8270178,1790648524.3603556,1,857,2,state-aware,10,0.9938,0.9926,,OFF,success
1790648514.5570507,1790648524.8481107,4,845,2,state-aware,10,0.99,0.9915,,OFF,success
1790648521.919156,1790648527.7308352,10,852,1,state-aware,10,0.0,0.0,,OFF,failed
1790648521.920004,1790648529.4765742,5,855,1,state-aware,10,0.9933,0.9933,,OFF,failed
1790648520.4862301,1790648531.7090344,2,839,1,state-aware,10,0.9915,0.9915,,OFF,success
1790648521.841965,1790648533.353117,7,843,2,state-aware,10,0.9901,0.9915,,OFF,failed
1790648522.4567962,1790648533.7726305,9,830,2,state-aware,10,0.107,0.9926,,OFF,success
1790648522.9635298,1790648533.9592564,8,831,2,state-aware,10,0.9915,0.9933,,OFF,success
1790648524.3766496,1790648535.2861066,6,855,2,state-aware,10,0.9901,0.9933,,OFF,success
1790648525.210759,1790648536.5288277,3,856,1,state-aware,10,0.9942,0.9933,,OFF,success
1790648528.0793648,1790648537.7843866,4,846,1,state-aware,10,0.9931,0.9944,,OFF,success
1790648527.5574057,1790648538.3745108,1,858,2,state-aware,10,0.0,0.0,,OFF,success
1790648531.0815086,1790648541.2550542,10,853,2,state-aware,10,0.993,0.9941,,OFF,success
1790648532.7785578,1790648542.786188,5,856,2,state-aware,10,0.9933,0.9925,,OFF,success
1790648534.93655,1790648545.6566796,2,840,1,state-aware,10,0.9926,0.9916,,OFF,success
1790648537.1738017,1790648547.627163,8,832,1,state-aware,10,0.9915,0.9868,,OFF,success
1790648541.9397416,1790648548.6210134,9,831,2,state-aware,10,0.9188,0.976,,OFF,failed
1790648536.5778759,1790648549.2594543,7,844,2,state-aware,10,0.0,0.99,,OFF,failed
1790648539.7310917,1790648549.8582666,3,857,2,state-aware,10,0.9933,0.9926,,OFF,success
1790648540.9971056,1790648551.8052506,4,847,2,state-aware,10,0.9902,0.9915,,OFF,success
1790648544.4692423,1790648554.1382608,10,854,2,state-aware,10,0.9938,0.9938,,OFF,success
1790648546.9425232,1790648554.6872072,1,859,2,state-aware,10,0.8887,0.8535,,OFF,failed
1790648546.0232701,1790648557.3986967,5,857,2,state-aware,10,0.9925,0.9915,,OFF,success
1790648548.894822,1790648559.05652,2,841,1,state-aware,10,0.9915,0.9915,,OFF,success
1790648551.830518,1790648561.9171803,9,832,1,state-aware,10,0.9938,0.9933,,OFF,success
1790648553.084816,1790648562.7378688,3,858,1,state-aware,10,0.9944,0.9915,,OFF,success
1790648550.84455,1790648563.1745818,8,833,2,state-aware,10,0.9932,0.9942,,OFF,failed
1790648552.4910986,1790648563.65908,7,845,1,state-aware,10,0.9925,0.9942,,OFF,success
1790648555.0367239,1790648566.0124192,4,848,1,state-aware,10,0.9925,0.9914,,OFF,success
1790648557.559064,1790648568.4994829,10,855,2,state-aware,10,0.0,0.0,,ON,success
1790648562.9660785,1790648569.2974725,1,860,1,state-aware,10,0.9928,0.9918,,ON,failed
1790648560.646303,1790648571.4439747,5,858,2,state-aware,10,0.0,0.9912,,ON,success
1790648562.2676766,1790648573.8094287,2,842,2,state-aware,10,0.9915,0.9914,,ON,failed
1790648565.1442258,1790648575.8421795,9,833,1,state-aware,10,0.9932,0.9944,,UNKNOWN,success
1790648566.4018998,1790648575.8796272,8,834,2,state-aware,10,0.3279,0.9614,,UNKNOWN,success
1790648566.8979754,1790648577.8177915,7,846,1,state-aware,10,0.9924,0.9942,,UNKNOWN,success
1790648569.4821458,1790648580.6612866,6,858,2,state-aware,10,0.8335,0.9306,,OFF,success
1790648574.9714441,1790648581.1579037,4,849,2,state-aware,10,0.9933,0.9937,,OFF,failed
1790648572.5200226,1790648582.2101371,1,861,2,state-aware,10,0.9941,0.9914,,OFF,success
1790648574.669915,1790648585.472213,5,859,2,state-aware,10,0.9925,0.9915,,OFF,success
1790648577.033866,1790648588.2350554,2,843,1,state-aware,10,0.9925,0.9914,,OFF,success
1790648579.094853,1790648590.2829628,8,835,1,state-aware,10,0.8804,0.8887,,OFF,success
1790648583.9748902,1790648590.8088589,9,834,1,state-aware,10,0.9901,0.9902,,OFF,failed
1790648581.020337,1790648591.7269423,7,847,1,state-aware,10,0.9925,0.9938,,OFF,success
1790648584.4349754,1790648593.7703788,4,850,1,state-aware,10,0.9924,0.9941,,OFF,success
1790648583.8846936,1790648593.9812195,6,859,1,state-aware,10,0.9942,0.9942,,OFF,success
1790648585.4451978,1790648596.4477417,1,862,2,state-aware,10,0.0168,0.0,,OFF,success
1790648588.7987118,1790648599.832222,5,860,2,state-aware,10,0.9938,0.9938,,OFF,success
1790648591.4658978,1790648604.4581275,2,844,1,state-aware,10,0.9938,0.9925,,OFF,failed
1790648594.022917,1790648604.6194024,9,835,2,state-aware,10,0.9932,0.9925,,OFF,success
1790648594.952052,1790648605.165306,7,848,1,state-aware,10,0.9932,0.9932,,OFF,success
1790648595.4495106,1790648607.1075945,3,861,2,state-aware,10,0.99,0.9915,,OFF,failed
1790648597.2019289,1790648608.1337626,6,860,2,state-aware,10,0.8689,0.8944,,OFF,success
1790648601.9837234,1790648608.8458228,4,851,1,state-aware,10,0.9915,0.9938,,OFF,failed
1790648599.663342,1790648609.3554049,1,863,2,state-aware,10,0.99,0.9925,,OFF,success
1790648600.3749409,1790648611.789335,10,858,2,state-aware,10,0.9933,0.9944,,OFF,success
1790648603.143151,1790648614.554875,5,861,2,state-aware,10,0.9944,0.9925,,OFF,failed
1790648608.3748367,1790648617.93531,7,849,1,state-aware,10,0.9932,0.9933,,OFF,success
1790648607.7680342,1790648618.1406965,2,845,2,state-aware,10,0.0,0.9813,,OFF,success
1790648607.8463151,1790648618.9579504,9,836,2,state-aware,10,0.9939,0.9925,,OFF,success
1790648610.331621,1790648620.0227687,3,862,1,state-aware,10,0.9933,0.9925,,OFF,success
1790648612.0726857,1790648621.7321007,4,852,1,state-aware,10,0.9933,0.9901,,OFF,success
1790648612.5752463,1790648622.1444523,1,864,2,state-aware,10,0.9933,0.9938,,OFF,success
1790648611.4556804,1790648622.8597963,6,861,2,state-aware,10,0.9901,0.9941,,OFF,failed
1790648615.0280793,1790648624.7105076,10,859,2,state-aware,10,0.9925,0.9942,,ON,success
1790648617.7969015,1790648627.792192,5,862,1,state-aware,10,0.9924,0.9925,,UNKNOWN,success
1790648538.5099292,,6,856,1,state-aware,10,0.9901,0.9933,,OFF,unavailable
1790648621.3689682,1790648632.0681033,2,846,2,state-aware,10,0.985,0.9901,,OFF,success
1790648625.995087,1790648632.6023233,7,850,1,state-aware,10,0.9915,0.9915,,OFF,failed
1790648622.294586,1790648633.215084,8,838,1,state-aware,10,0.9865,0.9931,,OFF,success
1790648628.0181594,1790648633.927807,9,837,2,state-aware,10,0.9942,0.9937,,OFF,failed
1790648623.2981975,1790648634.5348504,3,863,1,state-aware,10,0.9933,0.9901,,OFF,success
1790648624.9682398,1790648635.580415,4,853,1,state-aware,10,0.9914,0.9933,,OFF,success
1790648626.082058,1790648635.6534781,6,862,1,state-aware,10,0.9925,0.9933,,OFF,success
1790648625.3677928,1790648636.6656518,1,865,2,state-aware,10,0.9932,0.9923,,OFF,success
1790648627.9375618,1790648640.2632115,10,860,2,state-aware,10,0.9941,0.9925,,OFF,failed
1790648631.0207787,1790648641.8039403,5,863,1,state-aware,10,0.9938,0.9925,,OFF,success
1790648635.2909768,1790648645.2953815,2,847,2,state-aware,10,0.9937,0.9943,,OFF,success
1790648637.1566277,1790648647.4655042,9,838,1,state-aware,10,0.994,0.9943,,OFF,success
1790648637.7403095,1790648647.9736447,3,864,1,state-aware,10,0.9915,0.9925,,OFF,success
1790648642.0039537,1790648648.5402772,8,839,1,state-aware,10,0.9939,0.9933,,OFF,failed
1790648635.8167517,1790648649.158586,7,851,1,state-aware,10,0.0004,0.0,,OFF,failed
1790648638.8764443,1790648650.3119166,6,863,1,state-aware,10,0.9925,0.8888,,OFF,failed
1790648639.8157735,1790648650.7191107,1,866,2,state-aware,10,0.9938,0.9914,,OFF,success
1790648643.4930809,1790648652.7511914,10,861,1,state-aware,10,0.9942,0.9938,,OFF,success
1790648645.0328243,1790648655.2371602,5,864,1,state-aware,10,0.9901,0.9915,,OFF,success
1790648648.5290825,1790648659.2225497,2,848,2,state-aware,10,0.9925,0.9932,,OFF,success
1790648565.967932,,3,859,2,state-aware,10,0.9942,0.9933,,UNKNOWN,unavailable
1790648651.1895864,1790648661.4930074,3,865,1,state-aware,10,0.0,0.0,,OFF,success
1790648651.8918166,1790648661.768322,8,840,2,state-aware,10,0.9933,0.9925,,OFF,success
1790648652.377216,1790648662.991478,7,852,2,state-aware,10,0.9914,0.9915,,OFF,success
1790648653.5406444,1790648663.032838,6,864,1,state-aware,10,0.9925,0.0,,OFF,success
1790648650.7857053,1790648663.6103723,9,839,1,state-aware,10,0.9915,0.9939,,OFF,failed
1790648571.720052,,10,856,2,state-aware,10,0.9882,0.9926,,OFF,unavailable
1790648653.9241228,1790648664.9351587,1,867,2,state-aware,10,0.9923,0.9915,,OFF,success
1790648655.976322,1790648666.6010983,10,862,1,state-aware,10,0.9938,0.9938,,OFF,success
1790648658.4566267,1790648668.2270663,5,865,1,state-aware,10,0.9932,0.9931,,OFF,success
1790648662.4384968,1790648671.7907178,2,849,2,state-aware,10,0.9916,0.9925,,OFF,success
1790648664.9829257,1790648675.481,8,841,2,state-aware,10,0.9881,0.9932,,ON,success
1790648670.0202694,1790648676.0000148,3,866,1,state-aware,10,0.985,0.9825,,OFF,failed
1790648666.8315578,1790648676.840232,9,840,2,state-aware,10,0.9933,0.9933,,OFF,success
1790648671.0222497,1790648677.8733687,7,853,2,state-aware,10,0.9932,0.9914,,OFF,failed
1790648666.258759,1790648678.6538413,6,865,1,state-aware,10,0.0,0.0004,,OFF,failed
1790648668.1607814,1790648679.2606714,1,868,2,state-aware,10,0.9925,0.9925,,OFF,success
1790648669.8277617,1790648680.2993946,10,863,1,state-aware,10,0.856,0.7563,,OFF,success
1790648671.5638628,1790648681.4224584,5,866,1,state-aware,10,0.9941,0.9925,,OFF,success
1790648676.0284367,1790648682.9582453,4,856,1,state-aware,10,0.994,0.9941,,OFF,failed
1790648675.1258264,1790648684.485355,2,850,2,state-aware,10,0.9915,0.9933,,OFF,success
1790648593.50353,,8,836,1,state-aware,10,0.8526,0.3632,,OFF,unavailable
1790648679.1976392,1790648688.801629,3,867,2,state-aware,10,0.9941,0.9925,,OFF,success
1790648678.6992147,1790648689.2183857,8,842,2,state-aware,10,0.9924,0.9943,,OFF,success
1790648681.0899544,1790648690.6853342,7,854,1,state-aware,10,0.9933,0.9882,,OFF,success
1790648681.874349,1790648692.7954206,6,866,2,state-aware,10,0.9938,0.9925,,OFF,success
1790648680.0533402,1790648693.0268574,9,841,2,state-aware,10,0.9943,0.9942,,OFF,failed
1790648682.5856268,1790648693.8156586,1,869,2,state-aware,10,0.9901,0.9926,,OFF,success
1790648683.651594,1790648694.2290413,10,864,1,state-aware,10,0.9925,0.9944,,OFF,success
1790648686.1835673,1790648695.888549,4,857,2,state-aware,10,0.9913,0.9915,,OFF,success
1790648687.6634467,1790648696.9854121,2,851,2,state-aware,10,0.9933,0.9932,,OFF,success
1790648684.6617618,1790648697.3189797,5,867,1,state-aware,10,0.9942,0.9933,,OFF,failed
1790648692.0286112,1790648702.138409,3,868,2,state-aware,10,0.994,0.9941,,OFF,success
1790648692.4379797,1790648703.1344028,8,843,2,state-aware,10,0.9925,0.9933,,OFF,success
1790648693.9019186,1790648704.8790033,7,855,1,state-aware,10,0.9925,0.9933,,OFF,success
1790648696.0235722,1790648705.8205302,6,867,2,state-aware,10,0.9913,0.9941,,OFF,success
1790648697.0443127,1790648707.0614185,1,870,2,state-aware,10,0.9938,0.9938,,OFF,success
1790648696.2540169,1790648707.6457586,9,842,1,state-aware,10,0.9932,0.9937,,OFF,success
1790648697.4538915,1790648708.6590574,10,865,1,state-aware,10,0.9914,0.9939,,OFF,success
1790648699.1111248,1790648709.0964997,4,858,2,state-aware,10,0.9933,0.9933,,OFF,success
1790648700.2006624,1790648710.1130695,2,852,2,state-aware,10,0.0056,0.982,,OFF,success
1790648706.050348,1790648713.7058444,5,868,2,state-aware,10,0.9938,0.9915,,OFF,failed
1790648705.3614974,1790648715.4213333,3,869,2,state-aware,10,0.9924,0.9925,,OFF,success
1790648753.8655553,1790648765.5029936,6,871,1,state-aware,11,0.9883,0.9857,,OFF,failed
1790648755.9224458,1790648767.24032,1,874,1,state-aware,11,0.9925,0.9901,,OFF,success
1790648757.8551443,1790648767.8616462,9,846,1,state-aware,11,0.9933,0.9925,,OFF,success
1790648762.6321347,1790648768.8832972,10,869,2,state-aware,11,0.0,0.0,,ON,failed
1790648762.633308,1790648769.5183332,2,856,2,state-aware,11,0.992,0.993,,ON,failed
1790648760.1412551,1790648773.3765879,4,862,2,state-aware,11,0.99,0.9914,,OFF,failed
1790648765.0344465,1790648775.6634803,3,873,1,state-aware,11,0.9933,0.9924,,OFF,success
1790648763.7201083,1790648777.1636727,5,872,1,state-aware,11,0.9938,0.9915,,ON,failed
1790648766.6130962,1790648777.9085667,8,848,1,state-aware,11,0.9925,0.9925,,OFF,success
1790648768.720812,1790648779.6506536,6,872,2,state-aware,11,0.9914,0.9938,,OFF,success
1790648767.0750968,1790648779.8557777,7,860,1,state-aware,11,0.9915,0.9914,,OFF,failed
1790648771.0752687,1790648780.7783954,9,847,2,state-aware,11,0.9932,0.9933,,OFF,success
1790648770.5728295,1790648781.4850268,1,875,2,state-aware,11,0.9926,0.9901,,OFF,success
1790648772.2021568,1790648781.8761744,10,870,2,state-aware,11,0.3805,0.9766,,OFF,success
1790648772.743374,1790648782.7336712,2,857,1,state-aware,11,0.9938,0.9926,,OFF,success
1790648776.606126,1790648786.692846,4,863,1,state-aware,11,0.9924,0.9941,,OFF,success
1790648778.8861148,1790648788.4397557,3,874,2,state-aware,11,0.9937,0.994,,OFF,success
1790648780.383242,1790648790.1916888,5,873,2,state-aware,11,0.9932,0.9943,,OFF,success
1790648781.120752,1790648791.8052754,8,849,2,state-aware,11,0.9925,0.9938,,OFF,success
1790648783.1637237,1790648792.7460577,7,861,2,state-aware,11,0.9868,0.9915,,OFF,success
1790648782.866981,1790648793.472226,6,873,2,state-aware,11,0.9915,0.9899,,OFF,success
1790648783.9684715,1790648794.4925294,9,848,2,state-aware,11,0.9901,0.9933,,OFF,success
1790648784.7142227,1790648794.7801712,1,876,1,state-aware,11,0.9938,0.9937,,OFF,success
1790648785.1029541,1790648795.5944068,10,871,1,state-aware,11,0.9933,0.9942,,OFF,success
1790648785.9490616,1790648796.8596334,2,858,1,state-aware,11,0.9926,0.9926,,OFF,success
1790648789.9130719,1790648802.879619,4,864,1,state-aware,11,0.99,0.9933,,OFF,failed
1790648791.6682258,1790648803.7333431,3,875,1,state-aware,11,0.9937,0.9937,,OFF,failed
1790648795.1363208,1790648804.552155,8,850,2,state-aware,11,0.9925,0.9926,,OFF,success
1790648793.4257576,1790648805.12367,5,874,2,state-aware,11,0.9933,0.9925,,OFF,failed
1790648795.9621952,1790648806.7727225,7,862,2,state-aware,11,0.9933,0.9932,,OFF,success
1790648797.7066622,1790648807.7806425,9,849,1,state-aware,11,0.9932,0.9938,,OFF,success
1790648796.7984438,1790648808.3037477,6,874,2,state-aware,11,0.9942,0.9942,,OFF,success
1790648798.8153033,1790648808.5123575,10,872,1,state-aware,11,0.9932,0.9942,,OFF,success
1790648800.173278,1790648810.768168,2,859,1,state-aware,11,0.9899,0.9926,,OFF,success
1790648798.0048609,1790648811.1865053,1,877,2,state-aware,11,0.9916,0.9933,,OFF,failed
1790648806.0990686,1790648816.996476,4,865,2,state-aware,11,0.9914,0.9915,,OFF,success
1790648806.9591048,1790648817.6183171,3,876,2,state-aware,11,0.9933,0.9901,,OFF,success
1790648813.645804,1790648819.389187,5,875,1,state-aware,11,0.9933,0.9925,,OFF,failed
1790648812.6439965,1790648820.108317,8,851,2,state-aware,11,0.0,0.0,,ON,failed
1790648809.9968832,1790648820.2853189,7,863,2,state-aware,11,0.9925,0.9932,,OFF,success
1790648811.7327564,1790648821.2013419,10,873,1,state-aware,11,0.9913,0.9944,,ON,success
1790648813.9878283,1790648823.282523,2,860,1,state-aware,11,0.9915,0.9933,,OFF,success
1790648816.6479423,1790648823.8060844,6,875,2,state-aware,11,0.9925,0.9938,,OFF,failed
1790648814.3885877,1790648823.9691463,1,878,1,state-aware,11,0.9915,0.9931,,OFF,success
1790648820.8321178,1790648831.6899688,3,877,2,state-aware,11,0.9925,0.9933,,OFF,success
1790648820.157299,1790648832.687259,4,866,2,state-aware,11,0.9938,0.9932,,OFF,failed
1790648822.6019223,1790648833.6332715,5,876,2,state-aware,11,0.9932,0.9925,,OFF,success
1790648824.4368086,1790648834.1305456,10,874,1,state-aware,11,0.9933,0.9942,,OFF,success
1790648828.6524649,1790648834.8212142,8,852,1,state-aware,11,0.985,0.986,,OFF,failed
1790648826.5092957,1790648835.7325819,2,861,2,state-aware,11,0.0,0.8639,,OFF,success
1790648823.5065126,1790648836.452821,7,864,2,state-aware,11,0.0,0.9932,,OFF,failed
1790648827.1928868,1790648837.1776452,1,879,1,state-aware,11,0.9942,0.9925,,OFF,success
1790648832.6554189,1790648840.046731,6,876,1,state-aware,11,0.9925,0.9942,,OFF,failed
1790648834.8951802,1790648844.3584611,3,878,2,state-aware,11,0.9916,0.9926,,OFF,success
1790648836.0078664,1790648847.0154827,4,867,1,state-aware,11,0.9924,0.994,,OFF,success
1790648838.0489988,1790648848.975582,8,853,1,state-aware,11,0.9914,0.9925,,OFF,success
1790648838.9607635,1790648849.5655394,2,862,1,state-aware,11,0.9932,0.9933,,OFF,success
1790648842.6581643,1790648850.0792463,5,877,2,state-aware,11,0.9914,0.9925,,OFF,failed
1790648842.6591873,1790648850.2856958,10,875,1,state-aware,11,0.9901,0.9898,,OFF,failed
1790648839.6679828,1790648850.5253916,7,865,1,state-aware,11,0.9915,0.9914,,OFF,success
1790648838.6514397,1790648850.9279916,9,852,2,state-aware,11,0.9924,0.9931,,OFF,failed
1790648840.3930585,1790648851.726062,1,880,1,state-aware,11,0.9925,0.9925,,OFF,success
1790648843.2585754,1790648853.2528183,6,877,2,state-aware,11,0.9933,0.9942,,OFF,success
1790648847.5734944,1790648858.912231,3,879,2,state-aware,11,0.99,0.9938,,OFF,success
1790648852.1848686,1790648861.7919052,8,854,1,state-aware,11,0.9915,0.9901,,OFF,success
1790648850.2370641,1790648861.8995535,4,868,1,state-aware,11,0.9901,0.9926,,OFF,failed
1790648853.752818,1790648863.6217656,7,866,1,state-aware,11,0.991,0.9911,,OFF,success
1790648852.78205,1790648863.724968,2,863,2,state-aware,11,0.668,0.988,,OFF,success
1790648854.14522,1790648864.727455,9,853,1,state-aware,11,0.9933,0.9915,,OFF,success
1790648854.9421072,1790648865.8456523,1,881,1,state-aware,11,0.9914,0.9925,,OFF,success
1790648858.6667202,1790648865.8682606,10,876,2,state-aware,11,0.9831,0.9885,,OFF,failed
1790648858.6656241,1790648866.27059,5,878,1,state-aware,11,0.99,0.9925,,OFF,failed
1790648856.4730356,1790648866.672908,6,878,2,state-aware,11,0.9924,0.9942,,OFF,success
1790648862.2372398,1790648872.2400355,3,880,2,state-aware,11,0.9899,0.9938,,UNKNOWN,success
1790648865.1729662,1790648876.4156628,4,869,2,state-aware,11,0.9842,0.9782,,OFF,success
1790648867.9503794,1790648877.4531662,9,854,1,state-aware,11,0.9932,0.9933,,OFF,success
1790648870.6743538,1790648878.0454528,8,855,1,state-aware,11,0.9933,0.9933,,OFF,failed
1790648866.9294295,1790648879.9854777,2,864,1,state-aware,11,0.9696,0.9933,,OFF,failed
1790648866.8367436,1790648880.084466,7,867,2,state-aware,11,0.036,0.9911,,OFF,failed
1790648869.8866806,1790648880.121204,6,879,2,state-aware,11,0.99,0.9935,,OFF,success
1790648869.079836,1790648880.6167276,1,882,1,state-aware,11,0.0,0.0,,OFF,success
1790648874.677654,1790648880.890508,10,877,1,state-aware,11,0.9831,0.9898,,OFF,failed
1790648869.501567,1790648882.1464622,5,879,2,state-aware,11,0.9916,0.9914,,OFF,failed
1790648875.4605353,1790648884.8056543,3,881,2,state-aware,11,0.9933,0.9938,,OFF,success
1790648879.6125488,1790648890.1422741,4,870,2,state-aware,11,0.9915,0.9901,,OFF,success
1790648881.2582839,1790648891.3834074,8,856,2,state-aware,11,0.9943,0.9937,,OFF,success
1790648883.1827793,1790648893.0861254,2,865,2,state-aware,11,0.016,0.926,,OFF,success
1790648880.6387265,1790648893.9075933,9,855,1,state-aware,11,0.9925,0.9914,,OFF,failed
1790648883.719627,1790648894.2438986,1,883,1,state-aware,11,0.0,0.0,,OFF,success
1790648888.6833043,1790648894.9294438,6,880,2,state-aware,11,0.9931,0.9902,,OFF,failed
1790648888.6825774,1790648895.4777853,7,868,2,state-aware,11,0.0,0.9911,,OFF,failed
1790648889.6861758,1790648895.6681793,10,878,2,state-aware,11,0.9924,0.9941,,OFF,failed
1790648885.3790305,1790648896.5065985,5,880,1,state-aware,11,0.9925,0.9924,,OFF,success
1790648888.0187142,1790648898.964455,3,882,2,state-aware,11,0.9938,0.9943,,OFF,success
1790648893.3769126,1790648904.562399,4,871,2,state-aware,11,0.9924,0.9915,,OFF,success
1790648894.601329,1790648904.5846658,8,857,2,state-aware,11,0.9915,0.9933,,OFF,success
1790648811.0081522,,9,850,2,state-aware,11,0.0,0.9915,,ON,unavailable
1790648896.3067305,1790648906.6441462,2,866,2,state-aware,11,0.9939,0.9938,,OFF,success
1790648897.47869,1790648907.1372693,1,884,1,state-aware,11,0.9926,0.9901,,OFF,success
1790648898.1555254,1790648908.1618805,6,881,2,state-aware,11,0.0,0.976,,OFF,success
1790648897.1363845,1790648908.281401,9,856,2,state-aware,11,0.9915,0.9925,,OFF,success
1790648899.0032017,1790648909.6063044,10,879,1,state-aware,11,0.9925,0.9944,,OFF,success
1790648903.694065,1790648909.6849678,7,869,1,state-aware,11,0.8943,0.9914,,OFF,failed
1790648899.9233484,1790648910.3982544,5,881,1,state-aware,11,0.9932,0.9932,,OFF,success
1790648902.1685686,1790648911.7328606,3,883,2,state-aware,11,0.9933,0.9916,,OFF,success
1790648907.8032875,1790648918.4190001,8,858,2,state-aware,11,0.9843,0.9861,,OFF,success
1790648912.70118,1790648919.215901,4,872,2,state-aware,11,0.9915,0.9941,,OFF,failed
1790648909.8460035,1790648920.1216319,2,867,2,state-aware,11,0.9938,0.9924,,ON,success
1790648910.3461242,1790648920.667711,1,885,1,state-aware,11,0.9924,0.9924,,ON,success
1790648911.4828362,1790648921.3557284,6,882,2,state-aware,11,0.0,0.0,,ON,success
1790648916.7057438,1790648923.7344754,9,857,2,state-aware,11,0.9925,0.9925,,OFF,failed
1790648912.914338,1790648924.2425826,7,870,1,state-aware,11,0.0,0.0,,OFF,success
1790648913.740722,1790648924.828004,5,882,1,state-aware,11,0.9926,0.9915,,OFF,success
1790648917.7077153,1790648925.952298,10,880,1,state-aware,11,0.9933,0.9933,,OFF,failed
1790648915.0538716,1790648928.0289593,3,884,2,state-aware,11,0.9915,0.9933,,OFF,failed
1790648921.6292555,1790648932.5160408,8,859,2,state-aware,11,0.9924,0.9931,,OFF,success
1790648922.440762,1790648933.8667536,4,873,1,state-aware,11,0.9925,0.9938,,OFF,success
1790648923.884656,1790648934.3430386,1,886,1,state-aware,11,0.9924,0.9915,,OFF,success
1790648927.461827,1790648937.0510557,7,871,1,state-aware,11,0.9925,0.9925,,OFF,success
1790648924.5762324,1790648937.3584464,6,883,2,state-aware,11,0.9924,0.9941,,OFF,failed
1790648927.0549662,1790648937.9547267,9,858,1,state-aware,11,0.9924,0.9925,,OFF,success
1790648928.1632612,1790648938.465802,5,883,1,state-aware,11,0.9901,0.9902,,OFF,success
1790648929.1886315,1790648940.4984908,10,881,2,state-aware,11,0.9914,0.9916,,OFF,success
1790648931.2540116,1790648941.7375886,3,885,1,state-aware,11,0.9899,0.9933,,OFF,success
1790648935.7445767,1790648946.1404543,8,860,2,state-aware,11,0.9938,0.9926,,OFF,success
1790648937.562778,1790648948.3893704,1,887,2,state-aware,11,0.0,0.9915,,OFF,success
1790648937.074252,1790648948.933848,4,874,1,state-aware,11,0.9915,0.9933,,OFF,failed
1790648941.1677222,1790648951.465342,9,859,1,state-aware,11,0.9915,0.9902,,OFF,success
1790648941.6921098,1790648952.2803836,5,884,1,state-aware,11,0.9925,0.9941,,OFF,success
1790648940.3709314,1790648952.9993558,7,872,2,state-aware,11,0.0422,0.9915,,OFF,failed
1790648940.5748777,1790648953.2243712,6,884,1,state-aware,11,0.9926,0.9938,,OFF,failed
1790648943.928254,1790648953.609348,10,882,2,state-aware,11,0.9901,0.9932,,OFF,success
1790648945.0653203,1790648955.8649023,3,886,1,state-aware,11,0.99,0.9915,,OFF,success
1790648949.3596532,1790648958.8246262,8,861,2,state-aware,11,0.9914,0.9925,,OFF,success
1790648951.6035364,1790648961.0833526,1,888,1,state-aware,11,0.0,0.0,,OFF,success
1790648952.9850624,1790648963.8388853,2,870,2,state-aware,11,0.9913,0.9937,,OFF,success
1790648957.7355967,1790648964.3622966,4,875,2,state-aware,11,0.99,0.9915,,OFF,failed
1790648954.6881075,1790648965.1804488,9,860,1,state-aware,11,0.99,0.9915,,OFF,success
1790648955.5098739,1790648965.9928234,5,885,1,state-aware,11,0.9915,0.9915,,OFF,success
1790648956.4144495,1790648967.0226893,6,885,2,state-aware,11,0.9941,0.9931,,OFF,success
1790648956.8392148,1790648967.4298074,10,883,2,state-aware,11,0.9915,0.9933,,OFF,success
1790648961.7382867,1790648969.709244,7,873,1,state-aware,11,0.8818,0.9925,,ON,failed
1790648959.0858588,1790648970.9113152,3,887,1,state-aware,11,0.9938,0.9933,,ON,failed
1790648962.0347953,1790648972.152337,8,862,2,state-aware,11,0.0,0.9925,,ON,success
1790648964.2944307,1790648975.3286793,1,889,2,state-aware,11,0.0,0.9932,,ON,success
1790648967.0602825,1790648977.5671012,2,871,2,state-aware,11,0.9901,0.9916,,OFF,success
1790648968.4151857,1790648977.9917023,9,861,1,state-aware,11,0.9941,0.9941,,OFF,success
1790648967.712297,1790648978.6923797,4,876,1,state-aware,11,0.9938,0.9942,,OFF,success
1790648970.2494934,1790648980.8447409,6,886,2,state-aware,11,0.0,0.0,,OFF,success
1790648975.745949,1790648982.3248844,10,884,2,state-aware,11,0.9914,0.9937,,OFF,failed
1790648969.221183,1790648982.5803523,5,886,1,state-aware,11,0.9901,0.9915,,OFF,failed
1790648975.377232,1790648986.2868733,8,863,2,state-aware,11,0.9925,0.9933,,OFF,success
1790649030.2986386,1790649036.2887459,1,893,1,round-robin,11,0.9904,0.9862,,OFF,failed
1790649026.7880535,1790649037.3707979,4,880,1,round-robin,11,0.9923,0.9941,,OFF,success
1790649029.1234858,1790649040.7524183,6,890,1,round-robin,11,0.9941,0.9944,,OFF,failed
1790649032.1248028,1790649042.0860136,10,888,1,round-robin,11,0.9605,0.96,,OFF,success
1790649032.7151968,1790649042.9104958,5,890,1,round-robin,11,0.0004,0.896,,OFF,success
1790649033.1262164,1790649044.1514864,7,878,1,round-robin,11,0.9901,0.9915,,OFF,success
1790649034.7688458,1790649045.2577333,8,867,1,round-robin,11,0.9915,0.9939,,OFF,success
1790649037.4218154,1790649047.552969,3,892,1,round-robin,11,0.9942,0.9944,,OFF,success
1790649038.762268,1790649049.3550148,2,876,1,round-robin,11,0.9932,0.9925,,OFF,success
1790649039.2685895,1790649049.8730485,9,866,1,round-robin,11,0.9941,0.9938,,OFF,success
1790649039.5589287,1790649050.5763428,1,894,2,round-robin,11,0.9895,0.9908,,OFF,success
1790649040.5982084,1790649051.4375234,4,881,2,round-robin,11,0.9938,0.9923,,OFF,success
1790649044.0708525,1790649054.0634217,6,891,2,round-robin,11,0.9932,0.9942,,OFF,success
1790649045.3080997,1790649055.3939826,10,889,2,round-robin,11,0.9925,0.9938,,OFF,success
1790649046.1333911,1790649056.4619517,5,891,2,round-robin,11,0.9933,0.9932,,OFF,success
1790649047.483003,1790649059.29221,7,879,2,round-robin,11,0.9914,0.99,,OFF,failed
1790649048.485388,1790649059.6267052,8,868,2,round-robin,11,0.9933,0.9925,,OFF,success
1790649050.877057,1790649061.5412047,3,893,2,round-robin,11,0.9925,0.9924,,OFF,success
1790649052.5793164,1790649062.6658316,2,877,2,round-robin,11,0.9881,0.9901,,OFF,success
1790649053.0888476,1790649063.2006283,9,867,2,round-robin,11,0.9925,0.9902,,OFF,success
1790649054.668723,1790649064.7126038,4,882,1,round-robin,11,0.9915,0.9915,,OFF,success
1790649053.7439938,1790649066.7677867,1,895,1,round-robin,11,0.9941,0.9914,,OFF,failed
1790649057.2860334,1790649067.778738,6,892,1,round-robin,11,0.9925,0.9938,,OFF,success
1790649059.6704683,1790649069.1434958,5,892,1,round-robin,11,0.9937,0.9933,,OFF,success
1790649062.4935803,1790649074.4473,7,880,1,round-robin,11,0.99,0.9914,,ON,failed
1790649062.8941865,1790649075.876807,8,869,1,round-robin,11,0.993,0.9932,,ON,failed
1790649065.8849452,1790649076.393153,2,878,1,round-robin,11,0.0,0.9852,,ON,success
1790649064.7487354,1790649076.935039,3,894,1,round-robin,11,0.9925,0.9738,,ON,failed
1790649067.938947,1790649077.725503,4,883,2,round-robin,11,0.9914,0.9899,,OFF,success
1790649071.3204997,1790649079.063296,9,868,1,round-robin,11,0.9925,0.9933,,OFF,failed
1790649069.9933844,1790649080.4776626,1,896,2,round-robin,11,0.9925,0.99,,OFF,success
1790649071.0047216,1790649081.3103764,6,893,2,round-robin,11,0.9932,0.9932,,OFF,success
1790649072.3705127,1790649083.3526626,5,893,2,round-robin,11,0.0008,0.0103,,OFF,success
1790649079.6173625,1790649089.1052125,2,879,2,round-robin,11,0.9923,0.9942,,OFF,success
1790649079.1105475,1790649089.3979511,8,870,2,round-robin,11,0.0,0.0,,OFF,success
1790649080.150412,1790649090.0042977,3,895,2,round-robin,11,0.9922,0.9925,,OFF,success
1790649077.678456,1790649091.2345319,7,881,2,round-robin,11,0.9938,0.9914,,OFF,failed
1790649082.2806232,1790649092.562446,9,869,2,round-robin,11,0.9924,0.9925,,OFF,success
1790649083.6981237,1790649093.2825913,1,897,1,round-robin,11,0.9916,0.9901,,OFF,success
1790649081.0326028,1790649093.7369175,4,884,1,round-robin,11,0.9915,0.9938,,OFF,failed
1790649086.5756054,1790649096.0632412,5,894,1,round-robin,11,0.9915,0.9925,,OFF,success
1790649084.629232,1790649097.6238146,6,894,1,round-robin,11,0.9926,0.9942,,OFF,failed
1790649088.1144822,1790649099.1266572,10,892,2,round-robin,11,0.9943,0.9931,,OFF,success
1790649093.1691382,1790649102.4405417,3,896,1,round-robin,11,0.99,0.9933,,OFF,success
1790649097.327355,1790649104.0412514,2,880,1,round-robin,11,0.9901,0.9926,,OFF,failed
1790649098.331263,1790649104.6528847,8,871,1,round-robin,11,0.8333,0.9049,,OFF,failed
1790649094.4651568,1790649105.4649649,7,882,1,round-robin,11,0.9932,0.9924,,OFF,success
1790649096.9581318,1790649107.311334,4,885,2,round-robin,11,0.9913,0.9913,,OFF,success
1790649096.6202857,1790649107.5307338,1,898,2,round-robin,11,0.9938,0.9938,,OFF,success
1790649095.7954404,1790649108.6864128,9,870,1,round-robin,11,0.9931,0.9938,,OFF,failed
1790649099.379162,1790649109.705634,5,895,2,round-robin,11,0.9925,0.9926,,OFF,success
1790649100.8366113,1790649112.1315062,6,895,2,round-robin,11,0.9925,0.9938,,OFF,success
1790649102.3439171,1790649113.4573755,10,893,1,round-robin,11,0.9915,0.9916,,OFF,success
1790649105.774509,1790649115.2045498,3,897,2,round-robin,11,0.9925,0.9933,,OFF,success
1790649107.2684686,1790649117.3384871,2,881,2,round-robin,11,0.9913,0.9925,,OFF,success
1790649107.8735392,1790649118.3091633,8,872,2,round-robin,11,0.9933,0.9932,,OFF,success
1790649110.7602801,1790649121.1461313,1,899,1,round-robin,11,0.9942,0.9916,,OFF,success
1790649108.7257378,1790649121.9624178,7,883,2,round-robin,11,0.9932,0.9932,,OFF,failed
1790649112.0060606,1790649122.461584,9,871,2,round-robin,11,0.9925,0.9916,,OFF,success
1790649116.3417242,1790649122.5023985,4,886,1,round-robin,11,0.9915,0.9933,,ON,failed
1790649112.9140053,1790649123.091606,5,896,1,round-robin,11,0.9931,0.9932,,OFF,success
1790649115.4538884,1790649125.1534088,6,896,1,round-robin,11,0.9901,0.9926,,ON,success
1790649116.6890256,1790649126.2861176,10,894,2,round-robin,11,0.0,0.9682,,ON,success
1790649118.4408941,1790649130.4900277,3,898,1,round-robin,11,0.0,0.918,,ON,failed
1790649120.5577278,1790649130.598692,2,882,1,round-robin,11,0.0,0.9941,,ON,success
1790649121.528832,1790649133.625882,8,873,1,round-robin,11,0.9915,0.9901,,OFF,failed
1790649124.3599386,1790649134.6585996,1,900,2,round-robin,11,0.9933,0.9925,,OFF,success
1790649125.7279928,1790649135.0700793,4,887,2,round-robin,11,0.9841,0.9819,,OFF,success
1790649126.3259327,1790649135.7833831,5,897,2,round-robin,11,0.9933,0.9933,,OFF,success
1790649125.19771,1790649137.5176222,7,884,1,round-robin,11,0.9925,0.9933,,OFF,failed
1790649131.368195,1790649138.0360608,9,872,1,round-robin,11,0.9901,0.9925,,OFF,failed
1790649128.385028,1790649138.7664268,6,897,2,round-robin,11,0.9925,0.9938,,OFF,success
1790649129.4965591,1790649139.8893466,10,895,1,round-robin,11,0.99,0.9899,,OFF,success
1790649133.8084443,1790649144.6041708,2,883,2,round-robin,11,0.9876,0.9915,,OFF,success
1790649139.3747132,1790649145.532722,3,899,2,round-robin,11,0.8689,0.9925,,OFF,failed
1790649136.887135,1790649146.4293044,8,874,2,round-robin,11,0.9915,0.9924,,OFF,success
1790649138.2922025,1790649147.883654,4,888,1,round-robin,11,0.9926,0.9933,,OFF,success
1790649137.874944,1790649148.9047956,1,901,1,round-robin,11,0.9926,0.0,,OFF,success
1790649139.0078442,1790649150.2297685,5,898,1,round-robin,11,0.9924,0.9931,,OFF,success
1790649058.6132092,,10,890,1,round-robin,11,0.9933,0.9901,,OFF,unavailable
1790649140.8280299,1790649151.4813852,7,885,2,round-robin,11,0.003,0.7229,,OFF,success
1790649141.9883456,1790649151.9699404,6,898,1,round-robin,11,0.9925,0.9932,,OFF,success
1790649146.3799918,1790649153.4938834,9,873,2,round-robin,11,0.9942,0.9933,,OFF,failed
1790649143.1076884,1790649155.25591,10,896,2,round-robin,11,0.9925,0.9933,,OFF,failed
1790649148.76332,1790649158.658051,3,900,1,round-robin,11,0.9902,0.9915,,OFF,success
1790649147.8217323,1790649159.2633774,2,884,1,round-robin,11,0.9938,0.9926,,OFF,failed
1790649149.7582445,1790649159.847113,8,875,1,round-robin,11,0.9941,0.9943,,OFF,success
1790649152.2321687,1790649162.406413,1,902,2,round-robin,11,0.9938,0.9914,,OFF,success
1790649151.1921103,1790649162.8212457,4,889,2,round-robin,11,0.9938,0.9937,,OFF,failed
1790649154.710059,1790649164.351039,7,886,1,round-robin,11,0.9933,0.9932,,OFF,success
1790649153.453714,1790649164.4573984,5,899,2,round-robin,11,0.9933,0.9925,,OFF,success
1790649155.1803107,1790649164.9832215,6,899,2,round-robin,11,0.9925,0.9933,,OFF,success
1790649156.8655682,1790649166.4109936,9,874,1,round-robin,11,0.9933,0.9926,,OFF,success
1790649158.581187,1790649168.7928343,10,897,1,round-robin,11,0.9932,0.9925,,OFF,success
1790649161.9737535,1790649172.650436,3,901,2,round-robin,11,0.9925,0.9932,,OFF,success
1790649162.4675033,1790649172.9666517,2,885,2,round-robin,11,0.986,0.9914,,OFF,success
1790649168.3979647,1790649174.697853,8,876,2,round-robin,11,0.9926,0.9933,,ON,failed
1790649166.0736263,1790649176.4399629,4,890,1,round-robin,11,0.99,0.9933,,OFF,success
1790649165.6185462,1790649176.641256,1,903,1,round-robin,11,0.9941,0.9925,,OFF,success
1790649167.692491,1790649179.3092718,5,900,1,round-robin,11,0.8887,0.984,,ON,failed
1790649172.4006407,1790649179.6266644,7,887,2,round-robin,11,0.9933,0.9932,,ON,failed
1790649168.2047691,1790649180.0073793,6,900,1,round-robin,11,0.9915,0.9938,,ON,failed
1790649169.6267993,1790649180.4414582,9,875,2,round-robin,11,0.9915,0.9925,,ON,success
1790649172.0171869,1790649182.504593,10,898,2,round-robin,11,0.0,0.9914,,ON,success
1790649176.1695454,1790649185.5916533,2,886,1,round-robin,11,0.0,0.9941,,UNKNOWN,success
1790649177.9247947,1790649187.8068392,8,877,1,round-robin,11,0.9942,0.9925,,OFF,success
1790649181.4046495,1790649188.6299405,3,902,1,round-robin,11,0.8534,0.99,,OFF,failed
1790649179.8574579,1790649189.2615469,1,904,2,round-robin,11,0.9926,0.979,,OFF,success
1790649185.4068537,1790649192.4467683,4,891,2,round-robin,11,0.9913,0.9938,,OFF,failed
1790649182.5236773,1790649192.6446044,5,901,2,round-robin,11,0.9915,0.9901,,OFF,success
1790649182.8184652,1790649193.130307,7,888,1,round-robin,11,0.9932,0.9914,,OFF,success
1790649188.4094565,1790649195.4014492,6,901,2,round-robin,11,0.0,0.9773,,OFF,failed
1790649185.6270075,1790649198.2571898,10,899,1,round-robin,11,0.9939,0.9941,,OFF,failed
1790649189.0246878,1790649199.615634,2,887,2,round-robin,11,0.9905,0.9914,,OFF,success
1790649191.0403461,1790649200.9326859,8,878,2,round-robin,11,0.9942,0.9933,,OFF,success
1790649191.9512236,1790649201.9441524,3,903,2,round-robin,11,0.988,0.9915,,OFF,success
1790649192.5707433,1790649205.6397808,1,905,1,round-robin,11,0.9933,0.9937,,OFF,failed
1790649201.417415,1790649207.3654191,5,902,1,round-robin,11,0.8689,0.0004,,OFF,failed
1790649201.4178517,1790649207.711392,7,889,2,round-robin,11,0.9938,0.9941,,OFF,failed
1790649198.6111345,1790649208.3960743,6,902,1,round-robin,11,0.0,0.0,,OFF,success
1790649201.417135,1790649208.9216976,4,892,1,round-robin,11,0.9932,0.9942,,OFF,failed
1790649202.7982082,1790649213.532297,2,888,1,round-robin,11,0.9937,0.9931,,OFF,success
1790649201.4712036,1790649214.455778,10,900,2,round-robin,11,0.9923,0.9943,,OFF,failed
1790649205.2502215,1790649214.7487652,3,904,1,round-robin,11,0.9841,0.9938,,OFF,success
1790649204.1159582,1790649215.492924,8,879,1,round-robin,11,0.9924,0.9933,,OFF,success
1790649208.8592205,1790649220.0474653,1,906,2,round-robin,11,0.9914,0.9914,,OFF,success
1790649210.5982845,1790649221.4991987,5,903,2,round-robin,11,0.9915,0.9911,,OFF,success
1790649211.6175454,1790649221.7970967,6,903,2,round-robin,11,0.9912,0.0,,OFF,success
1790649210.9275281,1790649222.3481035,7,890,1,round-robin,11,0.9901,0.9901,,OFF,success
1790649217.4265888,1790649223.5470686,4,893,2,round-robin,11,0.9933,0.9938,,OFF,failed
1790649214.4851196,1790649225.3905811,9,878,2,round-robin,11,0.9933,0.9915,,OFF,success
1790649216.7566452,1790649227.1542478,2,889,2,round-robin,11,0.9925,0.9915,,OFF,success
1790649218.0673404,1790649227.8678398,3,905,2,round-robin,11,0.9808,0.9944,,OFF,success
1790649217.7200086,1790649228.7065716,10,901,1,round-robin,11,0.9703,0.0,,OFF,success
1790649218.7128026,1790649229.2814157,8,880,2,round-robin,11,0.9942,0.9933,,OFF,success
1790649223.2079313,1790649234.2048268,1,907,1,round-robin,11,0.9925,0.9925,,ON,success
1790649224.7158163,1790649234.709244,5,904,1,round-robin,11,0.9925,0.9924,,ON,success
1790649225.0175452,1790649235.4201233,6,904,1,round-robin,11,0.9481,0.9938,,ON,success
1790649226.767933,1790649236.6609268,4,894,1,round-robin,11,0.9914,0.9938,,UNKNOWN,success
1790649231.4333596,1790649237.069941,7,891,2,round-robin,11,0.9938,0.9925,,OFF,failed
1790649228.7554996,1790649239.8192408,9,879,1,round-robin,11,0.9925,0.9942,,OFF,success
1790649231.8162742,1790649241.2464354,10,902,2,round-robin,11,0.9902,0.9902,,OFF,success
1790649231.0984519,1790649242.0017703,3,906,1,round-robin,11,0.9915,0.9915,,OFF,success
1790649232.5063238,1790649243.2310905,8,881,1,round-robin,11,0.9932,0.9933,,OFF,success
1790649237.4256678,1790649247.0290012,1,908,2,round-robin,11,0.9912,0.9924,,OFF,success
1790649237.9332094,1790649248.528485,5,905,2,round-robin,11,0.9883,0.9915,,OFF,success
1790649238.6499312,1790649248.8363013,6,905,2,round-robin,11,0.9924,0.9942,,OFF,success
1790649239.8765109,1790649250.6776197,4,895,2,round-robin,11,0.6076,0.0558,,OFF,success
1790649240.294937,1790649251.218361,7,892,1,round-robin,11,0.9914,0.9915,,OFF,success
1790649243.0428,1790649253.965196,9,880,2,round-robin,11,0.9938,0.99,,OFF,success
1790649249.4575431,1790649256.7207434,10,903,1,round-robin,11,0.0,0.0,,OFF,failed
1790649296.6974604,1790649307.8206127,6,909,1,ewma,11,0.9932,0.9924,,OFF,success
1790649297.7194111,1790649308.5354652,5,909,1,ewma,11,0.9924,0.9943,,OFF,success
1790649299.9065871,1790649310.2846005,4,899,1,ewma,11,0.99,0.9898,,OFF,success
1790649299.2498116,1790649310.7239397,7,896,1,ewma,11,0.9882,0.9926,,OFF,success
1790649304.268163,1790649314.3769598,9,884,2,ewma,11,0.9938,0.9944,,OFF,success
1790649304.908617,1790649315.4980164,2,895,1,ewma,11,0.9941,0.9923,,OFF,success
1790649307.254203,1790649317.5461774,3,911,1,ewma,11,0.9933,0.9942,,OFF,success
1790649306.7464285,1790649318.7810404,10,907,1,ewma,11,0.9901,0.9925,,OFF,failed
1790649309.827875,1790649320.0474155,1,913,2,ewma,11,0.9881,0.988,,OFF,success
1790649307.6740541,1790649320.637676,8,886,1,ewma,11,0.9855,0.9885,,OFF,failed
1790649311.1460688,1790649322.3723898,6,910,1,ewma,11,0.99,0.9915,,OFF,success
1790649311.7623222,1790649322.9789703,5,910,1,ewma,11,0.9901,0.9901,,OFF,success
1790649319.0306683,1790649325.146715,7,897,1,ewma,11,0.9833,0.9902,,OFF,failed
1790649319.0292857,1790649325.726821,4,900,1,ewma,11,0.9931,0.9901,,OFF,failed
1790649317.5994115,1790649328.2342677,9,885,2,ewma,11,0.9924,0.9933,,OFF,success
1790649318.7207816,1790649328.6183827,2,896,1,ewma,11,0.9915,0.9915,,OFF,success
1790649320.7722716,1790649331.710065,3,912,1,ewma,11,0.9915,0.9915,,OFF,success
1790649322.1087558,1790649332.5104365,10,908,2,ewma,11,0.9937,0.9932,,OFF,success
1790649323.264745,1790649333.1514819,1,914,2,ewma,11,0.9915,0.9914,,ON,success
1790649323.863456,1790649335.0722735,8,887,2,ewma,11,0.9925,0.9925,,ON,success
1790649325.599632,1790649338.3387783,6,911,1,ewma,11,0.9915,0.9915,,ON,failed
1790649332.034366,1790649339.1544533,5,911,1,ewma,11,0.9901,0.9933,,OFF,failed
1790649328.3726928,1790649341.2222245,7,898,2,ewma,11,0.0,0.0,,UNKNOWN,failed
1790649334.0367007,1790649341.7276087,4,901,2,ewma,11,0.9899,0.99,,OFF,failed
1790649331.421987,1790649341.919828,9,886,2,ewma,11,0.0,0.0,,OFF,success
1790649331.8492131,1790649342.2206573,2,897,1,ewma,11,0.9933,0.9933,,OFF,success
1790649335.7201107,1790649345.28797,10,909,2,ewma,11,0.9925,0.9914,,OFF,success
1790649336.366959,1790649346.1541958,1,915,2,ewma,11,0.9924,0.9924,,OFF,success
1790649334.933936,1790649348.0623376,3,913,1,ewma,11,0.9937,0.9932,,OFF,failed
1790649338.3952763,1790649349.6008213,8,888,2,ewma,11,0.9925,0.9938,,OFF,success
1790649342.367795,1790649352.3748991,5,912,1,ewma,11,0.994,0.9923,,OFF,success
1790649341.5825658,1790649353.6916132,6,912,1,ewma,11,0.9923,0.9933,,OFF,failed
1790649345.446505,1790649356.7999058,2,898,1,ewma,11,0.9925,0.9926,,OFF,failed
1790649350.0426753,1790649357.1804702,7,899,1,ewma,11,0.9842,0.9861,,OFF,failed
1790649350.0437062,1790649357.9021268,4,902,1,ewma,11,0.0157,0.0,,OFF,failed
1790649348.5258818,1790649358.3425763,10,910,2,ewma,11,0.9938,0.9938,,OFF,success
1790649349.3796697,1790649358.8181484,1,916,2,ewma,11,0.99,0.9881,,OFF,success
1790649351.2861905,1790649360.5778043,3,914,1,ewma,11,0.9915,0.9925,,OFF,success
1790649352.9352689,1790649362.2852645,8,889,2,ewma,11,0.9925,0.9942,,OFF,success
1790649355.5872097,1790649365.9809346,5,913,1,ewma,11,0.9933,0.9915,,OFF,success
1790649356.9329944,1790649369.8003056,6,913,2,ewma,11,0.9941,0.9933,,OFF,failed
1790649360.0139048,1790649371.1052725,2,899,1,ewma,11,0.0,0.9931,,OFF,success
1790649360.498717,1790649371.9359086,7,900,2,ewma,11,0.9933,0.9942,,OFF,failed
1790649361.1314936,1790649372.3312922,4,903,2,ewma,11,0.0,0.0,,OFF,success
1790649361.5642428,1790649372.4281323,10,911,2,ewma,11,0.9914,0.9932,,OFF,success
1790649362.028139,1790649373.364545,1,917,2,ewma,11,0.9924,0.9925,,OFF,success
1790649363.8956113,1790649374.9900198,3,915,1,ewma,11,0.9925,0.9942,,OFF,success
1790649365.606261,1790649378.480189,8,890,2,ewma,11,0.9915,0.9916,,OFF,failed
1790649369.2145433,1790649382.264541,5,914,1,ewma,11,0.9942,0.9915,,OFF,failed
1790649373.0215993,1790649382.4829535,6,914,1,ewma,11,0.9926,0.9916,,OFF,success
1790649374.3350384,1790649384.3100057,2,900,1,ewma,11,0.9942,0.9932,,OFF,success
1790649375.6502833,1790649385.580217,4,904,2,ewma,11,0.9921,0.9927,,OFF,success
1790649375.1716876,1790649387.1851437,7,901,1,ewma,11,0.9941,0.9933,,OFF,failed
1790649376.594325,1790649387.4893916,1,918,2,ewma,11,0.8525,0.9914,,UNKNOWN,success
1790649381.065262,1790649387.8076637,10,912,2,ewma,11,0.0,0.0,,OFF,failed
1790649378.217546,1790649388.2389243,3,916,1,ewma,11,0.9936,0.9942,,OFF,success
1790649383.0664606,1790649389.621268,9,889,2,ewma,11,0.9932,0.9941,,OFF,failed
1790649381.802574,1790649392.9358082,8,891,2,ewma,11,0.9925,0.9933,,OFF,success
1790649385.4801307,1790649395.3081393,5,915,1,ewma,11,0.9913,0.9914,,OFF,success
1790649385.693082,1790649395.9854815,6,915,1,ewma,11,0.9942,0.9942,,OFF,success
1790649388.6500514,1790649398.055664,4,905,2,ewma,11,0.9933,0.9932,,OFF,success
1790649390.712078,1790649400.384062,1,919,2,ewma,11,0.0,0.0,,OFF,success
1790649387.5439267,1790649400.6871386,2,901,1,ewma,11,0.9933,0.9915,,OFF,failed
1790649391.1421144,1790649402.242383,10,913,2,ewma,11,0.9931,0.985,,OFF,success
1790649391.4517853,1790649402.874339,3,917,1,ewma,11,0.9938,0.9925,,OFF,success
1790649392.7984695,1790649403.35929,9,890,2,ewma,11,0.9926,0.9915,,OFF,success
1790649396.2509005,1790649405.9146657,8,892,2,ewma,11,0.9941,0.9944,,OFF,success
1790649398.5313168,1790649409.0925496,5,916,1,ewma,11,0.9938,0.9932,,OFF,success
1790649399.200443,1790649410.0299714,6,916,1,ewma,11,0.9914,0.9925,,OFF,success
1790649401.2698925,1790649411.7589648,4,906,2,ewma,11,0.9883,0.9901,,OFF,success
1790649405.4609046,1790649415.9985685,10,914,2,ewma,11,0.0,0.0,,OFF,success
1790649409.1106837,1790649416.1711679,2,902,1,ewma,11,0.0,0.9855,,OFF,failed
1790649409.1091301,1790649416.9861948,1,920,2,ewma,11,0.9782,0.9842,,OFF,failed
1790649406.5742369,1790649417.382332,9,891,2,ewma,11,0.9924,0.9943,,OFF,success
1790649411.0915687,1790649418.4548483,3,918,1,ewma,11,0.9933,0.9925,,OFF,failed
1790649409.109897,1790649420.055594,8,893,2,ewma,11,0.9933,0.9933,,OFF,success
1790649412.4519975,1790649423.3451734,5,917,1,ewma,11,0.9926,0.9915,,OFF,success
1790649413.2557297,1790649425.2737336,6,917,1,ewma,11,0.9932,0.9938,,OFF,success
1790649414.9844754,1790649427.5706644,4,907,2,ewma,11,0.9925,0.9938,,OFF,failed
1790649419.3895197,1790649429.8846035,2,903,2,ewma,11,0.9842,0.9915,,OFF,success
1790649420.6096916,1790649430.9258437,9,892,2,ewma,11,0.9938,0.9941,,OFF,success
1790649418.677462,1790649431.101423,7,904,2,ewma,11,0.9924,0.9931,,OFF,failed
1790649424.1175947,1790649431.6252291,10,915,2,ewma,11,0.979,0.9833,,ON,failed
1790649421.6791558,1790649431.8577883,3,919,1,ewma,11,0.9944,0.9937,,OFF,success
1790649423.2844434,1790649433.6084569,8,894,2,ewma,11,0.9933,0.9944,,ON,success
1790649426.6849556,1790649437.0472405,5,918,1,ewma,11,0.9915,0.9914,,OFF,success
1790649428.3074958,1790649439.3117158,6,918,1,ewma,11,0.9932,0.9944,,OFF,success
1790649430.7908287,1790649441.1414738,4,908,2,ewma,11,0.9901,0.9914,,OFF,success
1790649350.044925,,9,887,2,ewma,11,0.9891,0.9868,,OFF,unavailable
1790649433.104995,1790649442.5659742,2,904,2,ewma,11,0.0,0.9746,,OFF,success
1790649434.2689495,1790649444.0112793,7,905,1,ewma,11,0.0,0.0,,OFF,success
1790649434.8630211,1790649445.0389192,10,916,2,ewma,11,0.9925,0.0,,OFF,success
1790649435.0580144,1790649445.9619298,3,920,1,ewma,11,0.9915,0.9901,,OFF,success
1790649439.124994,1790649446.4762907,9,893,2,ewma,11,0.9926,0.9938,,OFF,failed
1790649436.8369253,1790649447.0092468,8,895,2,ewma,11,0.9925,0.9933,,OFF,success
1790649440.382175,1790649450.873899,5,919,1,ewma,11,0.9915,0.9925,,OFF,success
1790649442.6197476,1790649454.2641256,6,919,1,ewma,11,0.9915,0.9939,,OFF,failed
1790649444.4946964,1790649455.2922022,4,909,2,ewma,11,0.9925,0.9916,,OFF,success
1790649445.7842526,1790649456.4057753,2,905,2,ewma,11,0.9914,0.988,,OFF,success
1790649447.241458,1790649457.2639875,7,906,1,ewma,11,0.9915,0.9925,,OFF,success
1790649448.5655007,1790649459.6755934,1,923,2,ewma,11,0.9868,0.9842,,OFF,success
1790649449.2864292,1790649460.7164989,3,921,1,ewma,11,0.9925,0.9925,,OFF,success
1790649454.139526,1790649461.051402,10,917,2,ewma,11,0.99,0.9888,,OFF,failed
1790649450.2432609,1790649461.1295311,8,896,2,ewma,11,0.9925,0.9942,,OFF,success
1790649454.131643,1790649466.873826,5,920,1,ewma,11,0.9932,0.9924,,OFF,failed
1790649457.5928516,1790649468.2163973,6,920,1,ewma,11,0.9937,0.9932,,OFF,success
1790649458.5050628,1790649468.783294,4,910,2,ewma,11,0.9914,0.9899,,OFF,success
1790649459.6373572,1790649469.3470817,2,906,2,ewma,11,0.9933,0.9938,,OFF,success
1790649460.4714265,1790649472.9832196,7,907,1,ewma,11,0.9944,0.9925,,OFF,failed
1790649462.995942,1790649473.1226394,1,924,2,ewma,11,0.003,0.0,,OFF,success
1790649464.0247283,1790649473.608074,3,922,1,ewma,11,0.0,0.0,,OFF,success
1790649464.3511114,1790649474.632077,8,897,2,ewma,11,0.0,0.0,,OFF,success
1790649470.1471148,1790649476.5925071,10,918,2,ewma,11,0.9914,0.8535,,OFF,failed
1790649470.0949228,1790649480.5680299,5,921,1,ewma,11,0.9926,0.9941,,OFF,success
1790649471.4419885,1790649481.6292267,6,921,1,ewma,11,0.9933,0.9932,,OFF,success
1790649390.408115,,7,902,2,ewma,11,0.9942,0.9914,,OFF,unavailable
1790649472.556871,1790649483.332917,2,907,2,ewma,11,0.9931,0.9937,,ON,success
1790649471.9883413,1790649483.5724645,4,911,2,ewma,11,0.9923,0.9941,,ON,failed
1790649476.3235426,1790649485.7047086,1,925,2,ewma,11,0.0,0.9692,,ON,success
1790649476.8212292,1790649487.0525563,3,923,1,ewma,11,0.0,0.6493,,ON,success
1790649481.1530595,1790649487.7476683,7,908,1,ewma,11,0.9944,0.0,,OFF,failed
1790649477.8577137,1790649488.9654164,8,898,2,ewma,11,0.0,0.7626,,ON,success
1790649479.285172,1790649489.9975362,9,896,2,ewma,11,0.0,0.0,,UNKNOWN,success
1790649479.8054955,1790649490.701794,10,919,2,ewma,11,0.0,0.0098,,UNKNOWN,success
1790649483.789025,1790649494.491648,5,922,1,ewma,11,0.9915,0.9915,,OFF,success
1790649484.8401206,1790649495.218927,6,922,1,ewma,11,0.9915,0.9926,,OFF,success
1790649486.5511954,1790649496.7484028,2,908,2,ewma,11,0.9915,0.9936,,OFF,success
1790649486.7859564,1790649498.0212615,4,912,2,ewma,11,0.9914,0.9882,,OFF,success
1790649488.9275236,1790649499.417592,1,926,2,ewma,11,0.9925,0.9914,,OFF,success
1790649490.3052206,1790649500.7489285,3,924,1,ewma,11,0.9915,0.9933,,OFF,success
1790649490.966349,1790649501.956631,7,909,1,ewma,11,0.9914,0.9914,,OFF,success
1790649493.2183354,1790649502.4921613,9,897,2,ewma,11,0.9915,0.9915,,OFF,success
1790649492.293168,1790649503.5169473,8,899,2,ewma,11,0.9851,0.9938,,OFF,success
1790649493.9590752,1790649503.9188776,10,920,2,ewma,11,0.9944,0.9942,,OFF,success
1790649497.7233565,1790649508.5477455,5,923,1,ewma,11,0.9925,0.9915,,OFF,success
1790649498.4822564,1790649508.9422295,6,923,1,ewma,11,0.9938,0.9942,,OFF,success
1790649499.981891,1790649510.821406,2,909,2,ewma,11,0.9925,0.9926,,OFF,success
1790649501.246915,1790649511.196572,4,913,2,ewma,11,0.9924,0.9936,,OFF,success
1790649420.208389,,1,921,2,ewma,11,0.9937,0.9924,,OFF,unavailable
1790649502.6427658,1790649513.646881,1,927,2,ewma,11,0.9913,0.9901,,OFF,success
1790649503.9588108,1790649514.4589527,3,925,1,ewma,11,0.9933,0.9938,,OFF,success
1790649505.1269898,1790649514.8660452,7,910,1,ewma,11,0.9901,0.9901,,OFF,success
1790649505.7085118,1790649517.4375634,9,898,2,ewma,11,0.9933,0.9943,,OFF,failed
1790649506.719118,1790649518.5889282,8,900,2,ewma,11,0.9938,0.9942,,OFF,success
1790649507.1344492,1790649518.9692621,10,921,2,ewma,11,0.9931,0.9926,,OFF,success
1790649511.7452953,1790649522.4530308,5,924,1,ewma,11,0.9933,0.9925,,OFF,success
1790649512.1687038,1790649522.870893,6,924,1,ewma,11,0.9932,0.9941,,OFF,success
1790649514.4266806,1790649524.3033707,4,914,2,ewma,11,0.9912,0.9939,,OFF,success
1790649514.0416706,1790649525.3300285,2,910,2,ewma,11,0.9925,0.9925,,OFF,success
1790649516.8575835,1790649527.163805,1,928,2,ewma,11,0.9925,0.9932,,OFF,success
1790649517.7825596,1790649527.7373538,3,926,1,ewma,11,0.9915,0.9937,,OFF,success
1790649566.7290294,1790649578.8990848,8,904,1,snr-greedy,11,0.0106,0.0008,,OFF,failed
1790649571.645267,1790649579.7054107,9,902,1,snr-greedy,11,0.9935,0.9921,,OFF,failed
1790649570.2195086,1790649580.4055421,10,925,2,snr-greedy,11,0.9924,0.9941,,OFF,success
1790649571.8737214,1790649583.479441,4,918,1,snr-greedy,11,0.9923,0.9914,,OFF,failed
1790649572.269124,1790649584.6089811,5,928,2,snr-greedy,11,0.9925,0.9933,,OFF,failed
1790649575.3418486,1790649585.847275,1,932,1,snr-greedy,11,0.99,0.9902,,OFF,success
1790649575.9635427,1790649586.4485095,2,914,1,snr-greedy,11,0.9916,0.9915,,ON,success
1790649576.5724878,1790649587.060698,3,930,2,snr-greedy,11,0.9924,0.9932,,ON,success
1790649581.6135354,1790649592.5153258,7,915,2,snr-greedy,11,0.9914,0.9933,,OFF,success
1790649582.122491,1790649593.0096827,8,905,2,snr-greedy,11,0.9924,0.9942,,OFF,success
1790649588.6496744,1790649594.8377802,10,926,1,snr-greedy,11,0.9932,0.9926,,OFF,failed
1790649588.6488547,1790649595.8903074,9,903,1,snr-greedy,11,0.9937,0.9914,,OFF,failed
1790649586.7028294,1790649597.7174444,4,919,2,snr-greedy,11,0.9924,0.9933,,OFF,success
1790649587.8339887,1790649598.8546934,5,929,1,snr-greedy,11,0.9925,0.9925,,OFF,success
1790649589.063578,1790649599.0582516,1,933,1,snr-greedy,11,0.9925,0.9881,,OFF,success
1790649589.619703,1790649600.0733254,2,915,2,snr-greedy,11,0.0,0.9816,,OFF,success
1790649595.6579518,1790649601.8095872,3,931,2,snr-greedy,11,0.9915,0.9933,,OFF,failed
1790649596.2450714,1790649606.3574526,8,906,2,snr-greedy,11,0.9916,0.9933,,OFF,success
1790649598.0176716,1790649607.896147,10,927,2,snr-greedy,11,0.9938,0.9938,,OFF,success
1790649595.7255335,1790649608.7781138,7,916,2,snr-greedy,11,0.9925,0.9925,,OFF,failed
1790649598.7807178,1790649611.037465,6,930,1,snr-greedy,11,0.9908,0.991,,OFF,failed
1790649599.2010322,1790649611.7677515,9,904,1,snr-greedy,11,0.9931,0.9933,,OFF,failed
1790649600.9379723,1790649611.9595335,4,920,2,snr-greedy,11,0.9925,0.9931,,OFF,success
1790649603.314572,1790649613.1846461,2,916,2,snr-greedy,11,0.9915,0.9938,,OFF,success
1790649605.0265589,1790649615.241337,3,932,1,snr-greedy,11,0.9925,0.9915,,OFF,success
1790649607.6604722,1790649615.5581815,5,930,1,snr-greedy,11,0.9932,0.9925,,OFF,failed
1790649609.5811703,1790649619.4357412,8,907,2,snr-greedy,11,0.9925,0.9938,,OFF,success
1790649611.228112,1790649621.6727498,10,928,1,snr-greedy,11,0.9933,0.9916,,OFF,success
1790649614.259425,1790649624.8813086,6,931,2,snr-greedy,11,0.9938,0.9941,,OFF,success
1790649620.6700008,1790649627.4493911,9,905,2,snr-greedy,11,0.9901,0.9916,,OFF,failed
1790649615.1781743,1790649628.4748602,4,921,1,snr-greedy,11,0.9931,0.9192,,OFF,failed
1790649621.6811435,1790649629.346846,2,917,2,snr-greedy,11,0.9925,0.9926,,OFF,failed
1790649618.455014,1790649629.976993,3,933,1,snr-greedy,11,0.9925,0.9915,,OFF,failed
1790649623.6857314,1790649630.6179261,5,931,1,snr-greedy,11,0.9943,0.9925,,OFF,failed
1790649622.6849165,1790649632.3317018,8,908,2,snr-greedy,11,0.9933,0.9938,,OFF,success
1790649625.0009441,1790649636.5443711,10,929,2,snr-greedy,11,0.9925,0.9933,,ON,failed
1790649628.0870743,1790649639.3185015,6,932,2,snr-greedy,11,0.9925,0.9933,,UNKNOWN,success
1790649630.634518,1790649641.358851,9,906,1,snr-greedy,11,0.9924,0.9914,,UNKNOWN,success
1790649632.57469,1790649642.1602592,2,918,1,snr-greedy,11,0.9925,0.9925,,UNKNOWN,success
1790649631.7006197,1790649642.6011586,4,922,2,snr-greedy,11,0.018,0.0287,,UNKNOWN,success
1790649637.7055967,1790649643.3910096,1,936,2,snr-greedy,11,0.8536,0.9565,,UNKNOWN,failed
1790649635.5566874,1790649645.0311234,8,909,2,snr-greedy,11,0.0609,0.9942,,UNKNOWN,success
1790649639.7109902,1790649646.071192,5,932,1,snr-greedy,11,0.9938,0.9916,,OFF,failed
1790649638.7077131,1790649646.6562564,3,934,1,snr-greedy,11,0.0568,0.0004,,UNKNOWN,failed
1790649639.7794638,1790649652.9177034,10,930,2,snr-greedy,11,0.99,0.9942,,OFF,failed
1790649642.541924,1790649653.728846,6,933,2,snr-greedy,11,0.9914,0.9925,,OFF,success
1790649644.575848,1790649654.4448287,9,907,1,snr-greedy,11,0.9915,0.9901,,OFF,success
1790649643.2193348,1790649656.0944235,7,919,2,snr-greedy,11,0.9924,0.9942,,OFF,failed
1790649646.7150013,1790649656.2205133,1,937,2,snr-greedy,11,0.9899,0.9899,,OFF,success
1790649645.3812492,1790649656.3996286,2,919,1,snr-greedy,11,0.9926,0.9915,,OFF,success
1790649645.9203742,1790649657.1510577,4,923,1,snr-greedy,11,0.9932,0.9915,,OFF,failed
1790649648.240873,1790649658.6475346,8,910,2,snr-greedy,11,0.9882,0.9939,,OFF,success
1790649649.393936,1790649659.1690779,5,933,1,snr-greedy,11,0.0556,0.0,,OFF,success
1790649649.8336399,1790649660.9425209,3,935,1,snr-greedy,11,0.9911,0.9896,,OFF,success
1790649569.728513,,6,928,2,snr-greedy,11,0.0,0.0,,OFF,unavailable
1790649656.1446533,1790649667.174876,10,931,2,snr-greedy,11,0.994,0.9944,,OFF,success
1790649657.670539,1790649667.8035796,9,908,2,snr-greedy,11,0.9915,0.9916,,OFF,success
1790649656.8940053,1790649668.2082596,6,934,1,snr-greedy,11,0.9916,0.9901,,OFF,failed
1790649659.7229638,1790649670.8371646,2,920,2,snr-greedy,11,0.9932,0.9933,,OFF,success
1790649660.4757526,1790649671.4382596,4,924,1,snr-greedy,11,0.9914,0.9915,,OFF,success
1790649664.7243097,1790649671.6591392,7,920,2,snr-greedy,11,0.9925,0.9942,,OFF,failed
1790649664.7246025,1790649672.4927838,1,938,2,snr-greedy,11,0.0,0.003,,OFF,failed
1790649667.7264624,1790649673.5268564,8,911,1,snr-greedy,11,0.9938,0.0,,OFF,failed
1790649667.7275121,1790649674.117389,5,934,2,snr-greedy,11,0.988,0.9861,,OFF,failed
1790649664.1585107,1790649676.191552,3,936,1,snr-greedy,11,0.9932,0.9925,,OFF,failed
1790649670.3700244,1790649679.845157,10,932,2,snr-greedy,11,0.9938,0.9942,,OFF,success
1790649671.4842439,1790649681.2812016,6,935,1,snr-greedy,11,0.9926,0.9915,,OFF,success
1790649671.1314535,1790649682.2356637,9,909,2,snr-greedy,11,0.9914,0.9925,,OFF,success
1790649674.0746589,1790649683.5308986,2,921,1,snr-greedy,11,0.9938,0.9933,,OFF,success
1790649674.9818847,1790649685.074251,7,921,1,snr-greedy,11,0.9915,0.9901,,OFF,success
1790649675.7216387,1790649685.1785166,1,939,1,snr-greedy,11,0.9933,0.9901,,OFF,success
1790649677.448026,1790649687.013364,5,935,2,snr-greedy,11,0.9933,0.9933,,OFF,success
1790649679.7345252,1790649687.2199838,4,925,2,snr-greedy,11,0.9783,0.9908,,OFF,failed
1790649676.7516587,1790649687.848995,8,912,2,snr-greedy,11,0.9925,0.9941,,OFF,success
1790649679.4230325,1790649689.4886985,3,937,2,snr-greedy,11,0.9915,0.9914,,OFF,success
1790649602.28828,,1,934,1,snr-greedy,11,0.9885,0.9877,,OFF,unavailable
1790649683.1606443,1790649694.021425,10,933,2,snr-greedy,11,0.9914,0.9915,,OFF,success
1790649684.4914675,1790649694.1779222,6,936,2,snr-greedy,11,0.9914,0.9926,,OFF,success
1790649685.4531705,1790649696.5384102,9,910,1,snr-greedy,11,0.9933,0.9915,,OFF,success
1790649686.7541158,1790649698.4834778,2,922,1,snr-greedy,11,0.9933,0.9901,,UNKNOWN,failed
1790649688.5103858,1790649699.0246167,1,940,1,snr-greedy,11,0.889,0.919,,OFF,success
1790649693.7400546,1790649700.5556426,7,922,2,snr-greedy,11,0.9914,0.9924,,OFF,failed
1790649690.43512,1790649701.5632603,4,926,1,snr-greedy,11,0.8339,0.99,,OFF,success
1790649695.742398,1790649702.5782702,5,936,2,snr-greedy,11,0.9925,0.9933,,OFF,failed
1790649612.0023563,,7,917,2,snr-greedy,11,0.9924,0.9937,,OFF,unavailable
1790649691.085394,1790649703.3010254,8,913,2,snr-greedy,11,0.9914,0.9937,,OFF,failed
1790649692.709806,1790649703.9151676,3,938,2,snr-greedy,11,0.9915,0.9915,,OFF,success
1790649697.4110339,1790649707.2101202,6,937,1,snr-greedy,11,0.9933,0.9926,,OFF,success
1790649702.7461727,1790649710.2651062,10,934,2,snr-greedy,11,0.9932,0.9938,,OFF,failed
1790649699.765359,1790649710.7819247,9,911,1,snr-greedy,11,0.9933,0.9933,,OFF,success
1790649701.7069023,1790649712.224729,2,923,1,snr-greedy,11,0.9938,0.9925,,OFF,success
1790649702.2543123,1790649713.1171348,1,941,1,snr-greedy,11,0.9915,0.9901,,OFF,success
1790649703.658499,1790649713.5758219,7,923,1,snr-greedy,11,0.9915,0.9915,,OFF,success
1790649704.7968943,1790649715.5149739,4,927,1,snr-greedy,11,0.9914,0.99,,OFF,success
1790649705.8062642,1790649716.301812,5,937,1,snr-greedy,11,0.9915,0.99,,OFF,success
1790649706.5153959,1790649717.635411,8,914,1,snr-greedy,11,0.2947,0.0,,OFF,success
1790649707.1550372,1790649718.154541,3,939,2,snr-greedy,11,0.9879,0.9925,,OFF,success
1790649710.545969,1790649720.8500538,6,938,2,snr-greedy,11,0.9901,0.9933,,OFF,success
1790649713.487138,1790649724.2784536,10,935,1,snr-greedy,11,0.022,0.0,,OFF,success
1790649715.4440758,1790649725.7222638,2,924,2,snr-greedy,11,0.9925,0.9941,,OFF,success
1790649716.904576,1790649727.882007,7,924,1,snr-greedy,11,0.9942,0.9925,,OFF,success
1790649718.8444655,1790649729.6231232,4,928,1,snr-greedy,11,0.9915,0.9901,,OFF,success
1790649721.3698564,1790649731.3578165,3,940,2,snr-greedy,11,0.9933,0.9938,,OFF,success
1790649719.634583,1790649731.9760242,5,938,1,snr-greedy,11,0.9937,0.9925,,OFF,failed
1790649724.1629283,1790649735.3842258,6,939,2,snr-greedy,11,0.9933,0.9941,,OFF,success
1790649727.5982828,1790649738.2258878,10,936,1,snr-greedy,11,0.9915,0.9915,,OFF,success
1790649728.929327,1790649739.1448164,2,925,1,snr-greedy,11,0.9925,0.9733,,OFF,success
1790649731.1237106,1790649741.5910227,7,925,2,snr-greedy,11,0.9901,0.9915,,OFF,success
1790649732.8416488,1790649742.2085402,4,929,2,snr-greedy,11,0.9925,0.9933,,OFF,success
1790649735.2007997,1790649745.593402,5,939,1,snr-greedy,11,0.1763,0.0,,OFF,success
1790649734.5860581,1790649746.1018949,3,941,2,snr-greedy,11,0.988,0.9925,,OFF,success
1790649738.5721383,1790649748.777755,6,940,1,snr-greedy,11,0.9933,0.9933,,OFF,success
1790649742.361974,1790649752.4808927,2,926,2,snr-greedy,11,0.9925,0.9933,,OFF,success
1790649741.4417343,1790649754.3208573,10,937,1,snr-greedy,11,0.9915,0.9916,,OFF,failed
1790649745.4128814,1790649754.9381003,4,930,2,snr-greedy,11,0.9858,0.9868,,OFF,success
1790649745.138344,1790649755.113338,1,944,1,snr-greedy,11,0.8943,0.8689,,OFF,success
1790649749.765661,1790649756.1694744,7,926,1,snr-greedy,11,0.9932,0.9932,,OFF,failed
1790649750.7675762,1790649756.8639178,9,914,2,snr-greedy,11,0.0,0.0034,,OFF,failed
1790649748.910992,1790649758.516309,5,940,1,snr-greedy,11,0.9848,0.0,,OFF,success
1790649750.1519294,1790649763.0940747,8,917,2,snr-greedy,11,0.9925,0.9942,,OFF,failed
1790649755.7151935,1790649766.6858666,2,927,2,snr-greedy,11,0.9932,0.9937,,OFF,success
1790649757.5511756,1790649767.527974,10,938,1,snr-greedy,11,0.9942,0.9937,,OFF,success
1790649758.340065,1790649768.2177532,1,945,1,snr-greedy,11,0.9902,0.9833,,OFF,success
1790649760.0828826,1790649769.674548,9,915,2,snr-greedy,11,0.9914,0.9914,,OFF,success
1790649759.4516377,1790649769.7637427,7,927,2,snr-greedy,11,0.9915,0.9933,,OFF,success
1790649763.7760787,1790649771.0799136,4,931,2,snr-greedy,11,0.9935,0.9936,,OFF,failed
1790649761.7283194,1790649771.5056496,5,941,1,snr-greedy,11,0.9941,0.9925,,OFF,success
1790649766.315486,1790649777.2366858,8,918,2,snr-greedy,11,0.9933,0.9939,,OFF,success
1790649769.9057386,1790649779.587434,2,928,1,snr-greedy,11,0.9944,0.9932,,OFF,success
1790649770.7510848,1790649780.8574967,10,939,2,snr-greedy,11,0.9883,0.9916,,OFF,success
1790649772.884862,1790649782.666926,9,916,1,snr-greedy,11,0.9881,0.0016,,OFF,success
1790649771.4629896,1790649783.8896246,1,946,1,snr-greedy,11,0.9901,0.9901,,OFF,failed
1790649778.7842102,1790649784.941003,7,928,2,snr-greedy,11,0.8535,0.9938,,OFF,failed
1790649774.8356981,1790649785.4553285,5,942,1,snr-greedy,11,0.9938,0.9926,,OFF,success
1790649774.260631,1790649785.724678,4,932,1,snr-greedy,11,0.9942,0.9925,,OFF,failed
1790649779.9394963,1790649790.582685,3,944,1,snr-greedy,11,0.0,0.0,,OFF,success
1790649781.4792042,1790649791.6561165,6,943,1,snr-greedy,11,0.9925,0.9924,,OFF,success
1790649785.7888994,1790649792.5235698,8,919,2,snr-greedy,11,0.9932,0.9933,,ON,failed
1790649782.8221838,1790649793.4328897,2,929,2,snr-greedy,11,0.9915,0.9925,,ON,success
1790649784.1344717,1790649795.3640227,10,940,1,snr-greedy,11,0.9938,0.9939,,ON,success
1790649785.8895316,1790649796.8152256,9,917,2,snr-greedy,11,0.9913,0.9925,,ON,success
1790649787.099233,1790649797.1911924,1,947,1,snr-greedy,11,0.9819,0.9914,,UNKNOWN,success
1790649788.9528675,1790649798.4315395,4,933,1,snr-greedy,11,0.9938,0.9931,,UNKNOWN,success
1790649839.0142336,1790649850.6540453,6,947,1,state-aware,12,0.9942,0.9933,,OFF,failed
1790649845.372606,1790649852.716551,3,948,1,state-aware,12,0.0,0.0,,OFF,failed
1790649845.3730114,1790649853.223576,8,923,2,state-aware,12,0.9862,0.989,,OFF,failed
1790649844.7832685,1790649854.338505,9,921,1,state-aware,12,0.9938,0.9915,,OFF,success
1790649845.68708,1790649855.1645205,2,933,2,state-aware,12,0.8333,0.9725,,OFF,success
1790649848.6560955,1790649858.1306603,4,937,2,state-aware,12,0.9703,0.9922,,OFF,success
1790649847.7476823,1790649858.662082,5,947,2,state-aware,12,0.9931,0.9943,,OFF,success
1790649851.3769977,1790649858.866761,1,951,2,state-aware,12,0.9879,0.9911,,OFF,failed
1790649851.3758476,1790649859.1783655,10,944,1,state-aware,12,0.9899,0.9809,,OFF,failed
1790649854.3793445,1790649862.008601,7,933,2,state-aware,12,0.9809,0.989,,OFF,failed
1790649853.874893,1790649863.2455335,6,948,1,state-aware,12,0.9938,0.0,,OFF,success
1790649855.9311783,1790649865.5214722,3,949,1,state-aware,12,0.0,0.0,,OFF,success
1790649857.5520132,1790649869.0037901,9,922,2,state-aware,12,0.9916,0.9938,,UNKNOWN,failed
1790649861.3901732,1790649869.2959743,8,924,1,state-aware,12,0.9931,0.9943,,OFF,failed
1790649858.3882418,1790649870.1102674,2,934,2,state-aware,12,0.0305,0.9915,,OFF,failed
1790649861.3642347,1790649872.189597,4,938,1,state-aware,12,0.9938,0.9924,,OFF,success
1790649862.3657494,1790649873.5959682,10,945,2,state-aware,12,0.9933,0.9941,,OFF,success
1790649867.3922298,1790649874.3096473,5,948,1,state-aware,12,0.9926,0.0,,OFF,failed
1790649867.3929749,1790649874.8434958,1,952,2,state-aware,12,0.0,0.0,,OFF,failed
1790649866.4692986,1790649875.946233,6,949,2,state-aware,12,0.9882,0.9933,,OFF,success
1790649865.2372513,1790649876.3695493,7,934,1,state-aware,12,0.9819,0.9933,,OFF,success
1790649868.8432052,1790649879.6674225,3,950,2,state-aware,12,0.9925,0.9925,,OFF,success
1790649872.3192031,1790649883.0129418,9,923,2,state-aware,12,0.3216,0.9926,,OFF,success
1790649872.6222348,1790649883.536465,8,925,1,state-aware,12,0.9941,0.9884,,OFF,success
1790649875.260334,1790649884.9885588,4,939,2,state-aware,12,0.9911,0.9937,,OFF,success
1790649873.3423312,1790649886.2267177,2,935,1,state-aware,12,0.9931,0.9937,,OFF,failed
1790649876.8180752,1790649887.0224805,10,946,2,state-aware,12,0.9925,0.9944,,OFF,success
1790649878.0796053,1790649887.8469973,1,953,1,state-aware,12,0.9935,0.9935,,OFF,success
1790649877.5496373,1790649888.4763994,5,949,1,state-aware,12,0.0722,0.0,,OFF,success
1790649884.3987112,1790649891.444004,7,935,1,state-aware,12,0.9894,0.9915,,OFF,failed
1790649879.1700592,1790649892.2335784,6,950,2,state-aware,12,0.8717,0.9724,,OFF,failed
1790649882.894222,1790649892.8348403,3,951,2,state-aware,12,0.9941,0.9938,,OFF,success
1790649886.7584074,1790649897.4818482,8,926,2,state-aware,12,0.9937,0.9938,,OFF,success
1790649886.442494,1790649897.7695363,9,924,1,state-aware,12,0.3202,0.0,,OFF,success
1790649888.2038057,1790649899.09536,4,940,1,state-aware,12,0.9915,0.9915,,OFF,success
1790649889.543282,1790649899.9147487,2,936,1,state-aware,12,0.9943,0.9938,,OFF,success
1790649891.8079207,1790649902.0649676,5,950,2,state-aware,12,0.9915,0.9915,,OFF,success
1790649890.35007,1790649902.5729234,10,947,2,state-aware,12,0.9915,0.9926,,OFF,failed
1790649891.0742157,1790649903.5225515,1,954,1,state-aware,12,0.99,0.9914,,OFF,failed
1790649894.6676295,1790649905.5409381,7,936,2,state-aware,12,0.9924,0.9925,,OFF,success
1790649896.079182,1790649906.2567856,3,952,2,state-aware,12,0.9938,0.9933,,OFF,success
1790649895.4720402,1790649906.3510807,6,951,1,state-aware,12,0.9925,0.9942,,OFF,success
1790649900.7019567,1790649910.8622572,8,927,2,state-aware,12,0.5673,0.9933,,OFF,success
1790649902.3243349,1790649911.7919908,4,941,2,state-aware,12,0.9913,0.9933,,OFF,success
1790649900.9795415,1790649912.3228962,9,925,1,state-aware,12,0.9915,0.9926,,OFF,success
1790649903.123805,1790649913.8663008,2,937,1,state-aware,12,0.9931,0.9924,,OFF,success
1790649905.2705154,1790649915.3977556,5,951,2,state-aware,12,0.9915,0.9926,,ON,success
1790649905.7956257,1790649916.4173431,10,948,1,state-aware,12,0.9925,0.9915,,ON,success
1790649906.7366695,1790649917.5270913,1,955,1,state-aware,12,0.9941,0.9925,,ON,success
1790649909.5736635,1790649919.0643303,6,952,1,state-aware,12,0.9885,0.9126,,OFF,success
1790649908.867359,1790649920.221004,7,937,2,state-aware,12,0.9916,0.9915,,OFF,success
1790649914.4061844,1790649921.5189927,3,953,2,state-aware,12,0.9938,0.9933,,OFF,failed
1790649915.015252,1790649924.792404,4,942,2,state-aware,12,0.0002,0.0004,,OFF,success
1790649914.0853684,1790649925.1926906,8,928,1,state-aware,12,0.9941,0.9943,,OFF,success
1790649915.5506957,1790649927.7642272,9,926,1,state-aware,12,0.9925,0.9933,,OFF,failed
1790649917.051087,1790649927.8647535,2,938,1,state-aware,12,0.9933,0.9901,,OFF,success
1790649919.6358216,1790649929.0292568,10,949,1,state-aware,12,0.9937,0.9932,,OFF,success
1790649918.6242566,1790649930.330429,5,952,2,state-aware,12,0.9933,0.9925,,OFF,failed
1790649920.755497,1790649932.1589842,1,956,1,state-aware,12,0.9938,0.9938,,OFF,success
1790649922.2789445,1790649933.6283746,6,953,1,state-aware,12,0.9938,0.9944,,OFF,success
1790649923.441188,1790649933.9135609,7,938,2,state-aware,12,0.9937,0.9914,,OFF,success
1790649924.744598,1790649936.264014,3,954,1,state-aware,12,0.9942,0.9932,,OFF,failed
1790649928.1122594,1790649937.8005857,4,943,2,state-aware,12,0.9912,0.9892,,OFF,success
1790649928.4202566,1790649939.461495,8,929,2,state-aware,12,0.9925,0.9938,,OFF,success
1790649931.0937386,1790649941.1839437,2,939,2,state-aware,12,0.8333,0.9922,,OFF,success
1790649936.4252162,1790649943.255239,9,927,2,state-aware,12,0.9925,0.9915,,OFF,failed
1790649933.5534954,1790649943.7287183,5,953,1,state-aware,12,0.9925,0.9915,,OFF,success
1790649932.255087,1790649943.8655195,10,950,1,state-aware,12,0.9926,0.9926,,OFF,success
1790649935.3147511,1790649946.2990344,1,957,1,state-aware,12,0.9924,0.9924,,OFF,success
1790649937.1433475,1790649947.127461,7,939,2,state-aware,12,0.9925,0.9915,,OFF,success
1790649942.428376,1790649949.0507212,6,954,1,state-aware,12,0.9901,0.9938,,OFF,failed
1790649939.517059,1790649949.4914336,3,955,2,state-aware,12,0.9914,0.9925,,OFF,success
1790649941.0265217,1790649954.10324,4,944,2,state-aware,12,0.9938,0.99,,OFF,failed
1790649942.519125,1790649955.4168003,8,930,2,state-aware,12,0.9915,0.9926,,OFF,failed
1790649944.5061631,1790649955.508584,2,940,1,state-aware,12,0.994,0.9933,,OFF,success
1790649946.4696677,1790649957.4602537,9,928,1,state-aware,12,0.9938,0.0,,OFF,success
1790649949.5109353,1790649959.3189242,1,958,1,state-aware,12,0.9915,0.9901,,OFF,success
1790649947.0540805,1790649959.9083762,5,954,1,state-aware,12,0.9925,0.9925,,OFF,failed
1790649950.4397864,1790649961.3786592,7,940,2,state-aware,12,0.9925,0.9925,,OFF,success
1790649957.4448717,1790649964.43961,6,955,2,state-aware,12,0.9901,0.9901,,ON,failed
1790649958.4477427,1790649965.4455478,3,956,2,state-aware,12,0.9888,0.9872,,ON,failed
1790649957.134885,1790649968.8323443,4,945,1,state-aware,12,0.9938,0.9932,,ON,failed
1790649960.8013248,1790649971.0944345,9,929,1,state-aware,12,0.99,0.9882,,UNKNOWN,success
1790649958.8319595,1790649971.8262055,2,941,1,state-aware,12,0.994,0.9938,,ON,failed
1790649963.451808,1790649972.1226926,8,931,1,state-aware,12,0.9915,0.9882,,OFF,failed
1790649962.5366123,1790649972.6109629,1,959,1,state-aware,12,0.0,0.0,,OFF,success
1790649963.1477423,1790649975.490393,5,955,2,state-aware,12,0.9933,0.9925,,OFF,failed
1790649964.6007645,1790649977.1247454,7,941,2,state-aware,12,0.9933,0.9938,,OFF,failed
1790649967.6492496,1790649980.490187,6,956,1,state-aware,12,0.9938,0.9932,,OFF,failed
1790649968.6639204,1790649981.417313,3,957,1,state-aware,12,0.9933,0.9925,,OFF,failed
1790649972.1821125,1790649983.264103,4,946,1,state-aware,12,0.9899,0.994,,OFF,success
1790649974.3114185,1790649984.3895006,9,930,1,state-aware,12,0.9942,0.9944,,OFF,success
1790649975.847165,1790649986.2450132,1,960,1,state-aware,12,0.9914,0.9916,,OFF,success
1790649980.4701517,1790649986.5578153,8,932,2,state-aware,12,0.9932,0.9932,,OFF,failed
1790649980.4691107,1790649987.0507727,2,942,2,state-aware,12,0.99,0.9925,,OFF,failed
1790649977.921931,1790649987.4910357,10,953,1,state-aware,12,0.9925,0.9941,,OFF,success
1790649978.7131426,1790649989.0091913,5,956,1,state-aware,12,0.9937,0.9937,,OFF,success
1790649980.3425915,1790649992.1710432,7,942,1,state-aware,12,0.9916,0.9915,,OFF,failed
1790649983.7795098,1790649994.3248894,6,957,2,state-aware,12,0.9914,0.9933,,OFF,success
1790649984.7808697,1790649995.13999,3,958,2,state-aware,12,0.9942,0.9933,,OFF,success
1790649987.612399,1790649997.5974252,9,931,1,state-aware,12,0.9933,0.9933,,OFF,success
1790649986.480989,1790649998.5336173,4,947,1,state-aware,12,0.9926,0.9901,,OFF,failed
1790649989.4449964,1790650000.0674763,1,961,1,state-aware,12,0.9915,0.9915,,OFF,success
1790649989.7470953,1790650001.0046058,8,933,1,state-aware,12,0.9914,0.9942,,OFF,success
1790649990.270026,1790650001.4912608,2,943,1,state-aware,12,0.9915,0.9933,,OFF,success
1790649990.7742968,1790650001.7077181,10,954,1,state-aware,12,0.9914,0.9914,,OFF,success
1790649992.234059,1790650002.8361163,5,957,1,state-aware,12,0.9942,0.9925,,OFF,success
1790649995.3202302,1790650007.7664826,7,943,2,state-aware,12,0.9942,0.9933,,OFF,failed
1790649997.5591009,1790650009.085232,6,958,2,state-aware,12,0.99,0.9915,,OFF,success
1790649998.3610582,1790650009.100166,3,959,2,state-aware,12,0.9925,0.9925,,OFF,success
1790650000.9523444,1790650011.2261217,9,932,1,state-aware,12,0.9938,0.9926,,OFF,success
1790650001.8565264,1790650011.741216,4,948,2,state-aware,12,0.9942,0.9924,,OFF,success
1790650003.2818563,1790650013.1632125,1,962,1,state-aware,12,0.9914,0.9915,,OFF,success
1790650004.1948605,1790650014.4214911,8,934,1,state-aware,12,0.9915,0.9938,,OFF,success
1790650004.9476414,1790650014.7920606,10,955,1,state-aware,12,0.8689,0.8333,,OFF,success
1790650006.0577695,1790650017.0700793,5,958,1,state-aware,12,0.9925,0.9932,,OFF,success
1790650010.4905455,1790650017.1479986,2,944,1,state-aware,12,0.9942,0.9933,,OFF,failed
1790650018.4956815,1790650022.7259026,6,959,2,state-aware,12,0.9924,0.9932,,OFF,failed
1790650010.973079,1790650023.3380525,7,944,1,state-aware,12,0.9938,0.9933,,OFF,failed
1790650014.960347,1790650024.9657629,4,949,2,state-aware,12,0.994,0.9941,,OFF,success
1790650014.4375713,1790650027.729627,9,933,1,state-aware,12,0.0302,0.0002,,OFF,failed
1790650018.168673,1790650027.9526572,10,956,1,state-aware,12,0.9923,0.994,,OFF,success
1790650017.6436682,1790650028.237521,8,935,1,state-aware,12,0.9933,0.0,,OFF,success
1790650020.2914803,1790650029.7675023,5,959,1,state-aware,12,0.0,0.0,,OFF,success
1790650025.4997578,1790650032.556491,2,945,2,state-aware,12,0.9942,0.9915,,OFF,failed
1790650026.4494371,1790650035.80177,7,945,2,state-aware,12,0.9933,0.9933,,OFF,success
1790650025.9450362,1790650036.001409,6,960,1,state-aware,12,0.0054,0.0,,OFF,success
1790650028.1817927,1790650037.6571126,4,950,2,state-aware,12,0.9932,0.9924,,OFF,success
1790650032.9979866,1790650043.1640182,5,960,1,state-aware,12,0.9915,0.9915,,OFF,success
1790649952.442098,,10,951,1,state-aware,12,0.9257,0.016,,OFF,unavailable
1790650031.0440726,1790650044.3875487,9,934,2,state-aware,12,0.8638,0.9869,,OFF,failed
1790650035.7757013,1790650047.4882045,2,946,1,state-aware,12,0.9933,0.9925,,OFF,failed
1790650044.511268,1790650050.5529535,7,946,2,state-aware,12,0.5681,0.9416,,OFF,failed
1790650044.5122778,1790650051.898298,6,961,1,state-aware,12,0.9818,0.8689,,OFF,failed
1790650042.1959245,1790650052.5257294,3,962,2,state-aware,12,0.9938,0.9938,,OFF,success
1790650046.8962255,1790650057.1308951,1,965,1,state-aware,12,0.9927,0.9926,,OFF,success
1790650051.516732,1790650058.0516005,5,961,1,state-aware,12,0.0,0.0,,OFF,failed
1790650050.6977348,1790650061.3987834,2,947,2,state-aware,12,0.99,0.9916,,OFF,success
1790650053.769047,1790650063.6605356,7,947,1,state-aware,12,0.9925,0.9914,,OFF,success
1790650055.7401514,1790650066.4231915,3,963,2,state-aware,12,0.9901,0.9897,,OFF,success
1790650055.122933,1790650067.2515132,6,962,1,state-aware,12,0.0,0.0,,OFF,failed
1790650110.3077745,1790650119.7748036,2,951,2,snr-greedy,12,0.9915,0.9915,,UNKNOWN,success
1790650112.0330038,1790650122.1243744,7,951,1,snr-greedy,12,0.9933,0.9915,,OFF,success
1790650116.2404873,1790650126.7167583,3,967,2,snr-greedy,12,0.9902,0.9933,,OFF,success
1790650117.469328,1790650128.0706525,6,966,2,snr-greedy,12,0.9924,0.9937,,OFF,success
1790650119.4122078,1790650130.82789,4,956,1,snr-greedy,12,0.9924,0.9925,,OFF,failed
1790650121.1831822,1790650131.8526275,1,970,1,snr-greedy,12,0.0016,0.0,,OFF,success
1790650127.0850885,1790650133.7971914,10,963,2,snr-greedy,12,0.9912,0.9924,,OFF,failed
1790650122.9849348,1790650133.897196,2,952,1,snr-greedy,12,0.9938,0.9925,,OFF,success
1790650126.084182,1790650133.9996295,9,940,2,snr-greedy,12,0.9,0.9839,,OFF,failed
1790650122.190209,1790650134.311956,5,966,1,snr-greedy,12,0.9876,0.0,,OFF,failed
1790650128.0859883,1790650134.8063285,8,942,2,snr-greedy,12,0.9852,0.988,,OFF,failed
1790650125.3474503,1790650138.4068968,7,952,2,snr-greedy,12,0.9925,0.9925,,OFF,failed
1790650129.8806357,1790650141.093858,3,968,1,snr-greedy,12,0.9944,0.9933,,OFF,success
1790650131.277719,1790650141.5923972,6,967,2,snr-greedy,12,0.9925,0.9938,,OFF,success
1790650135.0820854,1790650144.6483889,1,971,1,snr-greedy,12,0.994,0.9899,,OFF,success
1790650134.0516381,1790650146.7984436,4,957,2,snr-greedy,12,0.9941,0.994,,OFF,failed
1790650137.9731915,1790650148.5403447,8,943,2,snr-greedy,12,0.9915,0.9933,,OFF,success
1790650137.6276429,1790650148.840565,5,967,1,snr-greedy,12,0.9932,0.2931,,OFF,success
1790650142.0894136,1790650149.9919386,10,964,2,snr-greedy,12,0.0,0.9924,,OFF,failed
1790650142.0902154,1790650150.1854684,2,953,1,snr-greedy,12,0.9938,0.9882,,OFF,failed
1790650141.6366842,1790650153.9109488,7,953,2,snr-greedy,12,0.9931,0.9941,,OFF,failed
1790650144.7978027,1790650155.018274,6,968,2,snr-greedy,12,0.9926,0.9941,,OFF,success
1790650144.2820363,1790650155.6124485,3,969,2,snr-greedy,12,0.9915,0.9932,,OFF,success
1790650147.8653097,1790650158.8004544,1,972,1,snr-greedy,12,0.9932,0.9924,,OFF,success
1790650152.0659354,1790650161.9602633,5,968,1,snr-greedy,12,0.9943,0.9941,,OFF,success
1790650150.0121982,1790650161.9605267,4,958,1,snr-greedy,12,0.9925,0.9901,,OFF,failed
1790650151.7729595,1790650162.4803731,8,944,2,snr-greedy,12,0.9915,0.9938,,OFF,success
1790650153.2996762,1790650164.648729,10,965,1,snr-greedy,12,0.0145,0.0002,,OFF,success
1790650159.0956383,1790650165.336884,2,954,1,snr-greedy,12,0.8689,0.9852,,ON,failed
1790650157.1356385,1790650167.3089287,7,954,2,snr-greedy,12,0.9925,0.9938,,OFF,success
1790650158.240771,1790650170.5611,6,969,1,snr-greedy,12,0.9246,0.3648,,ON,failed
1790650158.8382945,1790650171.0797665,3,970,1,snr-greedy,12,0.9944,0.9933,,ON,failed
1790650162.0331929,1790650173.615993,1,973,1,snr-greedy,12,0.9932,0.9894,,ON,failed
1790650165.7210512,1790650175.881669,8,945,2,snr-greedy,12,0.9925,0.9942,,OFF,success
1790650165.1708019,1790650176.1973264,5,969,2,snr-greedy,12,0.9926,0.8689,,OFF,success
1790650170.0978675,1790650177.0108085,4,959,2,snr-greedy,12,0.0,0.9901,,OFF,failed
1790650167.6774657,1790650177.519398,10,966,1,snr-greedy,12,0.9926,0.9925,,OFF,success
1790650168.6525369,1790650179.1598868,2,955,1,snr-greedy,12,0.9933,0.9915,,OFF,success
1790650169.3623722,1790650181.8320646,9,943,2,snr-greedy,12,0.9915,0.9933,,OFF,failed
1790650170.5360646,1790650182.1330814,7,955,2,snr-greedy,12,0.9901,0.9915,,OFF,failed
1790650173.8947763,1790650183.766239,6,970,2,snr-greedy,12,0.9933,0.9943,,OFF,success
1790650174.3059435,1790650184.612846,3,971,2,snr-greedy,12,0.9915,0.9933,,OFF,success
1790650176.881027,1790650187.5736728,1,974,1,snr-greedy,12,0.9938,0.9912,,OFF,success
1790650179.429622,1790650189.3387282,5,970,1,snr-greedy,12,0.9938,0.9912,,OFF,success
1790650179.120975,1790650190.3505611,8,946,2,snr-greedy,12,0.9882,0.9933,,OFF,success
1790650180.3403869,1790650190.6694758,4,960,1,snr-greedy,12,0.9923,0.0,,OFF,success
1790650182.4986978,1790650192.3876636,2,956,1,snr-greedy,12,0.9938,0.9938,,OFF,success
1790650180.7385652,1790650193.8940003,10,967,2,snr-greedy,12,0.9901,0.9939,,OFF,failed
1790650185.3687952,1790650195.0656996,7,956,2,snr-greedy,12,0.9921,0.9942,,OFF,success
1790650185.0437667,1790650196.082854,9,944,1,snr-greedy,12,0.9942,0.9938,,OFF,success
1790650187.8321524,1790650197.228313,3,972,1,snr-greedy,12,0.9925,0.9914,,OFF,success
1790650186.9849973,1790650198.4175282,6,971,2,snr-greedy,12,0.9926,0.9938,,OFF,success
1790650190.7911124,1790650200.8024974,1,975,2,snr-greedy,12,0.9899,0.9924,,OFF,success
1790650192.5633307,1790650203.4652145,5,971,1,snr-greedy,12,0.9926,0.9915,,OFF,success
1790650193.8635418,1790650203.8421977,4,961,2,snr-greedy,12,0.9911,0.993,,OFF,success
1790650193.5793161,1790650204.3483443,8,947,2,snr-greedy,12,0.9925,0.9938,,OFF,success
1790650195.607464,1790650206.5072906,2,957,2,snr-greedy,12,0.9926,0.9933,,OFF,success
1790650197.271045,1790650207.0167825,10,968,1,snr-greedy,12,0.9933,0.9915,,OFF,success
1790650199.1146514,1790650209.5641918,9,945,1,snr-greedy,12,0.9942,0.9942,,OFF,success
1790650200.3352883,1790650210.0195374,3,973,1,snr-greedy,12,0.9924,0.9925,,OFF,success
1790650198.3702338,1790650210.9430647,7,957,1,snr-greedy,12,0.9943,0.9941,,OFF,failed
1790650201.74292,1790650212.649337,6,972,2,snr-greedy,12,0.9942,0.9943,,OFF,success
1790650204.028282,1790650216.346762,1,976,1,snr-greedy,12,0.9943,0.9931,,OFF,failed
1790650207.0714974,1790650217.0560732,4,962,1,snr-greedy,12,0.9929,0.9921,,OFF,success
1790650207.5611868,1790650218.4934523,8,948,2,snr-greedy,12,0.9925,0.9938,,OFF,success
1790650206.689325,1790650219.0237808,5,972,2,snr-greedy,12,0.9925,0.9925,,OFF,failed
1790650210.2375941,1790650220.2336824,10,969,1,snr-greedy,12,0.9938,0.9938,,ON,success
1790650209.7347887,1790650222.8159301,2,958,1,snr-greedy,12,0.9944,0.9932,,OFF,failed
1790650212.736899,1790650223.4285457,9,946,1,snr-greedy,12,0.0,0.0,,ON,success
1790650214.15029,1790650223.8449867,7,958,1,snr-greedy,12,0.9914,0.9915,,OFF,success
1790650219.136106,1790650224.6519434,3,974,1,snr-greedy,12,0.9924,0.8167,,OFF,failed
1790650215.8714468,1790650228.7457263,6,973,2,snr-greedy,12,0.9933,0.9933,,OFF,failed
1790650137.4157,,9,941,1,snr-greedy,12,0.0029,0.0016,,OFF,unavailable
1790650219.5451539,1790650229.2778091,1,977,1,snr-greedy,12,0.9942,0.9914,,OFF,success
1790650220.2829373,1790650229.6688063,4,963,1,snr-greedy,12,0.9926,0.9899,,OFF,success
1790650221.715474,1790650232.1277604,8,949,1,snr-greedy,12,0.0,0.0,,OFF,success
1790650223.4717278,1790650234.490968,10,970,1,snr-greedy,12,0.9926,0.9914,,OFF,success
1790650227.139798,1790650234.9828615,5,973,1,snr-greedy,12,0.9938,0.9915,,OFF,failed
1790650226.0250008,1790650236.0078523,2,959,2,snr-greedy,12,0.9641,0.9937,,OFF,success
1790650226.8414123,1790650236.5176356,9,947,2,snr-greedy,12,0.9936,0.9937,,OFF,success
1790650227.0651855,1790650236.5990696,7,959,1,snr-greedy,12,0.9926,0.9913,,OFF,success
1790650227.8607402,1790650238.7468004,3,975,2,snr-greedy,12,0.9931,0.9938,,OFF,success
1790650231.985076,1790650241.4343362,6,974,1,snr-greedy,12,0.4903,0.0,,OFF,success
1790650232.899083,1790650243.3889813,4,964,1,snr-greedy,12,0.9925,0.9926,,OFF,success
1790650232.4853764,1790650243.6770933,1,978,1,snr-greedy,12,0.9926,0.9901,,OFF,success
1790650235.4629095,1790650245.5287528,8,950,2,snr-greedy,12,0.9935,0.9939,,OFF,success
1790650237.6736772,1790650248.2817047,10,971,1,snr-greedy,12,0.0009,0.0,,OFF,success
1790650238.2249255,1790650249.096065,5,974,1,snr-greedy,12,0.9916,0.9899,,OFF,success
1790650239.2381685,1790650249.331185,2,960,1,snr-greedy,12,0.9938,0.9926,,OFF,success
1790650239.8388162,1790650249.8517752,7,960,1,snr-greedy,12,0.9875,0.9853,,OFF,success
1790650245.148222,1790650251.5665047,9,948,1,snr-greedy,12,0.8689,0.8073,,OFF,failed
1790650241.9790666,1790650252.3125658,3,976,2,snr-greedy,12,0.9925,0.9925,,OFF,success
1790650244.5662434,1790650254.531705,6,975,1,snr-greedy,12,0.9933,0.9925,,OFF,success
1790650246.8998423,1790650256.6680064,1,979,1,snr-greedy,12,0.9932,0.9913,,OFF,success
1790650246.5881476,1790650257.6175613,4,965,1,snr-greedy,12,0.9925,0.9915,,OFF,success
1790650248.9562342,1790650259.8865325,8,951,2,snr-greedy,12,0.9902,0.9933,,OFF,success
1790650251.5180442,1790650261.1166303,10,972,2,snr-greedy,12,0.9901,0.9926,,OFF,success
1790650252.5608528,1790650262.0075045,2,961,1,snr-greedy,12,0.9926,0.9915,,OFF,success
1790650253.0720782,1790650263.032311,7,961,1,snr-greedy,12,0.9942,0.9932,,OFF,success
1790650258.1547055,1790650263.8567116,5,975,2,snr-greedy,12,0.9901,0.9901,,OFF,failed
1790650255.5895247,1790650265.3750248,3,977,2,snr-greedy,12,0.9899,0.9933,,OFF,success
1790650254.894645,1790650265.9947357,9,949,1,snr-greedy,12,0.9938,0.9925,,OFF,success
1790650257.7623744,1790650267.5378144,6,976,2,snr-greedy,12,0.9925,0.9942,,OFF,success
1790650259.8990476,1790650271.949443,1,980,1,snr-greedy,12,0.9938,0.9914,,ON,failed
1790650260.86055,1790650272.65706,4,966,2,snr-greedy,12,0.9914,0.9932,,ON,failed
1790650263.0828614,1790650273.9978716,8,952,2,snr-greedy,12,0.9902,0.9942,,ON,success
1790650264.3894348,1790650274.616662,10,973,2,snr-greedy,12,0.0,0.9852,,ON,success
1790650265.2264006,1790650274.9052432,2,962,2,snr-greedy,12,0.0,0.9915,,ON,success
1790650266.2500186,1790650276.3291707,7,962,1,snr-greedy,12,0.8548,0.3648,,ON,success
1790650267.054878,1790650277.60076,5,976,2,snr-greedy,12,0.0,0.9925,,UNKNOWN,success
1790650268.6991549,1790650278.1872246,3,978,2,snr-greedy,12,0.9924,0.9938,,OFF,success
1790650269.1373878,1790650279.9292169,9,950,2,snr-greedy,12,0.9925,0.9933,,OFF,success
1790650270.7576542,1790650281.689911,6,977,2,snr-greedy,12,0.9942,0.9944,,OFF,success
1790650275.1647916,1790650285.1420352,1,981,1,snr-greedy,12,0.9938,0.9899,,OFF,success
1790650275.911161,1790650285.8461795,4,967,1,snr-greedy,12,0.9938,0.9925,,OFF,success
1790650277.2133234,1790650286.8941169,8,953,2,snr-greedy,12,0.9937,0.9944,,OFF,success
1790650278.1327431,1790650288.0139472,2,963,1,snr-greedy,12,0.9922,0.9901,,OFF,success
1790650279.5598137,1790650289.3495,7,963,1,snr-greedy,12,0.9933,0.9914,,OFF,success
1790650280.8349025,1790650290.699687,5,977,2,snr-greedy,12,0.9925,0.9933,,OFF,success
1790650277.8326647,1790650291.27668,10,974,1,snr-greedy,12,0.9923,0.9925,,OFF,failed
1790650281.5223956,1790650292.1166599,3,979,2,snr-greedy,12,0.9914,0.9925,,OFF,success
1790650283.2427356,1790650293.0238655,9,951,2,snr-greedy,12,0.9901,0.9914,,OFF,success
1790650285.0226853,1790650295.5859036,6,978,2,snr-greedy,12,0.9933,0.9938,,OFF,success
1790650288.4668462,1790650298.1566238,1,982,1,snr-greedy,12,0.9932,0.9931,,OFF,success
1790650288.919501,1790650298.6799488,4,968,1,snr-greedy,12,0.9933,0.9915,,OFF,success
1790650290.110353,1790650299.7900443,8,954,2,snr-greedy,12,0.9915,0.9933,,OFF,success
1790650291.2441857,1790650301.5402975,2,964,1,snr-greedy,12,0.9942,0.9924,,OFF,success
1790650292.577253,1790650303.2963452,7,964,1,snr-greedy,12,0.9932,0.9933,,OFF,success
1790650293.915125,1790650303.7920098,5,978,1,snr-greedy,12,0.9925,0.0,,OFF,success
1790650296.252583,1790650306.840772,9,952,1,snr-greedy,12,0.9915,0.9916,,OFF,success
1790650300.1767163,1790650307.3658807,10,975,2,snr-greedy,12,0.9915,0.9925,,OFF,failed
1790650295.3301601,1790650307.9758482,3,980,1,snr-greedy,12,0.9925,0.9925,,OFF,failed
1790650298.9195998,1790650308.801649,6,979,2,snr-greedy,12,0.9939,0.9938,,OFF,success
1790650301.3813195,1790650311.7737947,1,983,1,snr-greedy,12,0.9938,0.0,,OFF,success
1790650301.9099047,1790650334.619875,4,969,2,snr-greedy,12,0.9922,0.9931,,OFF,success
1790650303.0122569,1790650334.6583378,8,955,2,snr-greedy,12,0.9925,0.9942,,OFF,success
1790650304.862344,1790650334.7019794,2,965,1,snr-greedy,12,0.9932,0.9932,,OFF,success
1790650312.1858525,1790650334.7192876,5,979,1,snr-greedy,12,0.9941,0.9857,,OFF,failed
1790650312.185174,1790650334.7380283,7,965,2,snr-greedy,12,0.0,0.0,,OFF,failed
1790650310.0033464,1790650334.75491,9,953,1,snr-greedy,12,0.9942,0.9938,,OFF,success
1790650311.1949127,1790650334.773616,3,981,1,snr-greedy,12,0.9938,0.9915,,OFF,success
1790650310.5910268,1790650334.7923906,10,976,2,snr-greedy,12,0.9925,0.9926,,OFF,failed
1790650312.0237787,1790650334.8113158,6,980,1,snr-greedy,12,0.9941,0.9933,,OFF,failed
1790650314.9986975,1790650334.830222,1,984,2,snr-greedy,12,0.9913,0.9913,,OFF,failed
1790650337.8060782,1790650339.000593,10,977,2,snr-greedy,12,0.9925,0.9932,,OFF,failed
1790650380.4399128,1790650390.9362743,2,970,2,ewma,12,0.9933,0.9932,,OFF,success
1790650384.761398,1790650391.5427058,8,960,1,ewma,12,0.9904,0.9862,,OFF,failed
1790650385.5611815,1790650395.1501477,7,970,1,ewma,12,0.9926,0.9939,,OFF,success
1790650385.153213,1790650396.0523846,5,984,1,ewma,12,0.9925,0.9926,,OFF,success
1790650387.8340652,1790650398.7256172,10,981,2,ewma,12,0.8535,0.8943,,OFF,success
1790650389.1383276,1790650400.280541,3,986,1,ewma,12,0.9925,0.9915,,OFF,success
1790650390.7555673,1790650400.3694346,6,985,2,ewma,12,0.9925,0.9925,,OFF,success
1790650392.7633352,1790650400.8826442,9,958,2,ewma,12,0.9935,0.9912,,OFF,failed
1790650392.9293995,1790650404.166278,1,989,1,ewma,12,0.9,0.0,,OFF,success
1790650394.271034,1790650404.4504929,2,971,2,ewma,12,0.8357,0.9901,,OFF,success
1790650394.7114832,1790650405.918504,8,961,2,ewma,12,0.9933,0.9926,,OFF,success
1790650398.486583,1790650408.13449,7,971,1,ewma,12,0.9915,0.9915,,OFF,success
1790650399.279768,1790650410.1765826,5,985,1,ewma,12,0.9932,0.9932,,OFF,success
1790650401.9538832,1790650412.876165,10,982,2,ewma,12,0.9914,0.9932,,OFF,success
1790650408.7662024,1790650414.9958966,6,986,2,ewma,12,0.9856,0.0,,OFF,failed
1790650408.7658992,1790650416.2561285,3,987,1,ewma,12,0.9941,0.9925,,OFF,failed
1790650407.3859737,1790650417.0459073,1,990,1,ewma,12,0.9913,0.9891,,OFF,success
1790650409.767252,1790650417.4553473,9,959,1,ewma,12,0.9938,0.9937,,OFF,failed
1790650409.0993514,1790650418.894559,8,962,2,ewma,12,0.9915,0.0,,OFF,success
1790650407.6786287,1790650419.926013,2,972,2,ewma,12,0.9932,0.9915,,OFF,failed
1790650414.7699776,1790650420.761499,4,976,1,ewma,12,0.9875,0.9923,,OFF,failed
1790650411.34478,1790650421.5716662,7,972,1,ewma,12,0.9937,0.9931,,OFF,success
1790650413.412808,1790650423.4010518,5,986,1,ewma,12,0.9916,0.9926,,OFF,success
1790650416.1121275,1790650425.9435918,10,983,2,ewma,12,0.9925,0.9925,,OFF,success
1790650418.2257361,1790650427.6163356,6,987,1,ewma,12,0.9933,0.9925,,OFF,success
1790650420.2669098,1790650431.6737604,1,991,1,ewma,12,0.9913,0.0,,OFF,failed
1790650425.7732887,1790650432.1984491,9,960,1,ewma,12,0.9938,0.9926,,OFF,failed
1790650419.5724416,1790650432.4968467,3,988,2,ewma,12,0.9933,0.9932,,OFF,failed
1790650423.1560936,1790650434.4616516,2,973,2,ewma,12,0.9916,0.9938,,UNKNOWN,success
1790650423.9890163,1790650434.6812444,4,977,2,ewma,12,0.9932,0.9901,,OFF,success
1790650424.7926962,1790650435.39357,7,973,1,ewma,12,0.9914,0.9915,,OFF,success
1790650426.7212205,1790650437.2423887,5,987,1,ewma,12,0.9938,0.9933,,OFF,success
1790650429.203808,1790650439.7041085,10,984,2,ewma,12,0.9942,0.9925,,OFF,success
1790650430.8373156,1790650440.4250338,6,988,1,ewma,12,0.9932,0.9938,,OFF,success
1790650435.4308796,1790650446.1496258,9,961,2,ewma,12,0.0009,0.0,,OFF,success
1790650435.7231517,1790650446.1582563,3,989,1,ewma,12,0.9824,0.9391,,OFF,success
1790650434.8437958,1790650446.9383404,1,992,1,ewma,12,0.0,0.0,,OFF,failed
1790650437.7021148,1790650447.4816225,2,974,2,ewma,12,0.9942,0.977,,OFF,success
1790650438.6181953,1790650448.182503,7,974,1,ewma,12,0.9933,0.9915,,OFF,success
1790650437.8959787,1790650448.4639277,4,978,2,ewma,12,0.8746,0.9932,,OFF,success
1790650440.4671915,1790650453.4052546,5,988,1,ewma,12,0.9925,0.9925,,OFF,failed
1790650442.925674,1790650453.9088955,10,985,2,ewma,12,0.9942,0.9925,,OFF,success
1790650443.7552702,1790650454.7198176,6,989,1,ewma,12,0.9933,0.9942,,OFF,success
1790650449.3505592,1790650459.0298321,3,990,1,ewma,12,0.9853,0.9868,,OFF,success
1790650454.7827253,1790650461.000905,9,962,2,ewma,12,0.8946,0.8804,,OFF,failed
1790650455.7850866,1790650461.7990289,1,993,2,ewma,12,0.0,0.0,,OFF,failed
1790650455.7857146,1790650462.849703,2,975,2,ewma,12,0.9942,0.9926,,OFF,failed
1790650456.787358,1790650463.4284863,7,975,1,ewma,12,0.9937,0.9932,,OFF,failed
1790650456.7881536,1790650464.1740913,8,965,2,ewma,12,0.0,0.0979,,OFF,failed
1790650451.6298542,1790650464.6707313,4,979,2,ewma,12,0.993,0.9831,,OFF,failed
1790650456.623478,1790650465.996718,5,989,1,ewma,12,0.9915,0.9914,,OFF,success
1790650457.132136,1790650466.8080266,10,986,2,ewma,12,0.9925,0.9938,,OFF,success
1790650457.9445758,1790650468.8655448,6,990,1,ewma,12,0.9925,0.9926,,OFF,success
1790650379.3920836,,4,974,2,ewma,12,0.8579,0.8535,,OFF,unavailable
1790650462.2576458,1790650473.486527,3,991,1,ewma,12,0.9925,0.9925,,OFF,success
1790650464.2259507,1790650473.5678942,9,963,2,ewma,12,0.9938,0.9938,,OFF,success
1790650465.0162542,1790650475.2424245,1,994,1,ewma,12,0.9882,0.9901,,OFF,success
1790650466.069785,1790650475.4067912,2,976,2,ewma,12,0.9925,0.9938,,OFF,success
1790650467.9044964,1790650477.5556898,4,980,2,ewma,12,0.9926,0.9901,,OFF,success
1790650467.5092626,1790650478.3960617,8,966,2,ewma,12,0.9915,0.9925,,OFF,success
1790650469.2340426,1790650479.0084393,5,990,1,ewma,12,0.9915,0.9901,,OFF,success
1790650466.6577427,1790650479.5122259,7,976,1,ewma,12,0.9914,0.9932,,OFF,failed
1790650470.1391997,1790650480.0287209,10,987,2,ewma,12,0.9914,0.9933,,ON,success
1790650472.084768,1790650484.7644012,6,991,1,ewma,12,0.9926,0.9939,,ON,failed
1790650476.7989895,1790650487.6053922,9,964,2,ewma,12,0.9896,0.9888,,OFF,success
1790650481.809296,1790650488.7461238,3,992,1,ewma,12,0.9925,0.9925,,OFF,failed
1790650478.6400425,1790650489.1209664,2,977,2,ewma,12,0.9825,0.9925,,OFF,success
1790650483.8119702,1790650491.0936983,1,995,1,ewma,12,0.9944,0.9938,,OFF,failed
1790650480.7279253,1790650491.7957728,4,981,2,ewma,12,0.9923,0.9931,,OFF,success
1790650481.609191,1790650492.4194705,8,967,2,ewma,12,0.9926,0.9939,,OFF,success
1790650482.2330809,1790650493.2502387,5,991,1,ewma,12,0.9937,0.9932,,OFF,success
1790650488.8149588,1790650494.6625288,10,988,2,ewma,12,0.9914,0.9933,,OFF,failed
1790650487.8137481,1790650495.0885613,7,977,1,ewma,12,0.9932,0.9925,,OFF,failed
1790650487.9708376,1790650497.6327903,6,992,1,ewma,12,0.9925,0.9933,,OFF,success
1790650490.8142529,1790650501.6206913,9,965,2,ewma,12,0.9938,0.9938,,OFF,success
1790650491.9269562,1790650502.1491437,3,993,1,ewma,12,0.9914,0.9915,,OFF,success
1790650492.3709717,1790650502.5567844,2,978,2,ewma,12,0.9932,0.9925,,OFF,success
1790650495.017231,1790650504.4927227,4,982,2,ewma,12,0.9881,0.9856,,OFF,success
1790650494.315622,1790650506.7442489,1,996,1,ewma,12,0.9916,0.9914,,OFF,failed
1790650495.7463353,1790650506.8697472,8,968,2,ewma,12,0.9938,0.9938,,OFF,success
1790650496.472526,1790650507.3565283,5,992,1,ewma,12,0.9926,0.9915,,OFF,success
1790650497.890893,1790650508.5967157,10,989,2,ewma,12,0.0,0.0004,,OFF,success
1790650503.8215215,1790650510.1429682,7,978,2,ewma,12,0.9916,0.9938,,OFF,failed
1790650500.8504164,1790650510.4310224,6,993,1,ewma,12,0.9925,0.9942,,OFF,success
1790650504.8488133,1790650514.4349484,9,966,2,ewma,12,0.0002,0.0,,OFF,success
1790650422.1139207,,8,963,2,ewma,12,0.9932,0.9942,,OFF,unavailable
1790650505.7823868,1790650515.5782344,2,979,2,ewma,12,0.9915,0.9915,,OFF,success
1790650510.823933,1790650517.6032991,3,994,1,ewma,12,0.9925,0.9933,,OFF,failed
1790650507.7169182,1790650518.5511487,4,983,2,ewma,12,0.9882,0.9901,,OFF,success
1790650510.050526,1790650519.8562043,8,969,2,ewma,12,0.3836,0.681,,OFF,success
1790650514.8261056,1790650521.8244839,1,997,2,ewma,12,0.9937,0.9914,,OFF,failed
1790650515.829259,1790650522.8168528,5,993,1,ewma,12,0.9941,0.9932,,OFF,failed
1790650511.8211918,1790650522.9620342,10,990,2,ewma,12,0.9925,0.9942,,OFF,success
1790650513.645874,1790650523.4396646,6,994,1,ewma,12,0.9938,0.9939,,OFF,success
1790650513.1611946,1790650523.9584026,7,979,1,ewma,12,0.9926,0.9942,,OFF,success
1790650517.647948,1790650527.4572537,9,967,2,ewma,12,0.9925,0.9941,,OFF,success
1790650518.8048794,1790650530.2849853,2,980,2,ewma,12,0.9925,0.9925,,OFF,success
1790650520.8234763,1790650530.7156653,3,995,1,ewma,12,0.99,0.9932,,OFF,success
1790650523.084582,1790650532.5548427,8,970,2,ewma,12,0.9925,0.9939,,ON,success
1790650521.8404095,1790650534.130118,4,984,2,ewma,12,0.9914,0.9924,,OFF,failed
1790650525.1481967,1790650536.1760566,1,998,1,ewma,12,0.9901,0.9899,,UNKNOWN,success
1790650526.1548104,1790650538.0947464,10,991,2,ewma,12,0.8535,0.8887,,OFF,failed
1790650531.8439116,1790650538.6909068,5,994,1,ewma,12,0.9942,0.9925,,OFF,failed
1790650531.8445458,1790650538.8290994,6,995,1,ewma,12,0.9916,0.9938,,OFF,failed
1790650532.8455188,1790650540.159474,7,980,1,ewma,12,0.9925,0.9942,,OFF,failed
1790650530.6734545,1790650540.1599262,9,968,2,ewma,12,0.9943,0.9944,,OFF,success
1790650533.5077147,1790650544.3353384,2,981,2,ewma,12,0.9938,0.9925,,OFF,success
1790650535.7778974,1790650545.7660162,8,971,2,ewma,12,0.9925,0.9942,,OFF,success
1790650534.048341,1790650546.5806096,3,996,1,ewma,12,0.9916,0.9938,,OFF,failed
1790650537.5608032,1790650547.6919818,4,985,2,ewma,12,0.99,0.9901,,OFF,success
1790650539.3949292,1790650549.8935533,1,999,1,ewma,12,0.9938,0.9925,,OFF,success
1790650541.3181815,1790650551.1898649,10,992,2,ewma,12,0.9924,0.9942,,OFF,success
1790650542.059079,1790650551.532303,6,996,1,ewma,12,0.9875,0.99,,OFF,success
1790650546.8532374,1790650553.3471882,5,995,1,ewma,12,0.9942,0.9932,,OFF,failed
1790650543.375274,1790650554.372325,9,969,2,ewma,12,0.9943,0.0098,,OFF,success
1790650543.375923,1790650555.6293077,7,981,1,ewma,12,0.0,0.9942,,OFF,failed
1790650547.5609198,1790650558.4612236,2,982,2,ewma,12,0.9899,0.9915,,OFF,success
1790650548.9943874,1790650560.5094855,8,972,2,ewma,12,0.9925,0.9943,,OFF,success
1790650549.7979195,1790650562.1477394,3,997,1,ewma,12,0.9932,0.9932,,OFF,failed
1790650551.012843,1790650563.2797325,4,986,2,ewma,12,0.9925,0.9913,,OFF,failed
1790650553.206285,1790650564.0940077,1,1000,1,ewma,12,0.9915,0.9915,,OFF,success
1790650554.7493775,1790650564.6030352,6,997,1,ewma,12,0.9925,0.9938,,OFF,success
1790650554.526685,1790650564.8363752,10,993,2,ewma,12,0.9925,0.9944,,OFF,success
1790650556.6726162,1790650567.280482,5,996,2,ewma,12,0.9901,0.9915,,OFF,success
1790650557.6121974,1790650569.0111036,9,970,2,ewma,12,0.9944,0.9926,,OFF,success
1790650558.8558457,1790650570.1319835,7,982,2,ewma,12,0.9938,0.9943,,OFF,success
1790650561.70034,1790650572.3875399,2,983,2,ewma,12,0.9925,0.9933,,OFF,success
1790650563.7346892,1790650574.3300164,8,973,2,ewma,12,0.9932,0.9938,,OFF,success
1790650565.3741624,1790650575.055525,3,998,1,ewma,12,0.9937,0.9938,,OFF,success
1790650566.5175989,1790650576.1811728,4,987,2,ewma,12,0.9914,0.9913,,OFF,success
1790650567.9543786,1790650577.9231434,10,994,2,ewma,12,0.9872,0.9903,,OFF,success
1790650572.8634017,1790650579.3459735,6,998,1,ewma,12,0.9933,0.9942,,ON,failed
1790650567.3145676,1790650579.8785849,1,1001,1,ewma,12,0.9938,0.9924,,OFF,failed
1790650570.494521,1790650580.97327,5,997,2,ewma,12,0.9938,0.9932,,OFF,success
1790650572.2239366,1790650582.5246086,9,971,2,ewma,12,0.9925,0.9938,,ON,success
1790650573.353714,1790650583.0492744,7,983,2,ewma,12,0.9926,0.9938,,ON,success
1790650575.727711,1790650586.4280972,2,984,2,ewma,12,0.0,0.9914,,ON,success
1790650577.545861,1790650587.9861333,8,974,2,ewma,12,0.9932,0.9629,,ON,success
1790650578.2709467,1790650589.0715327,3,999,1,ewma,12,0.9937,0.9927,,ON,success
1790650579.3991416,1790650589.2924893,4,988,2,ewma,12,0.0,0.9371,,ON,success
1790650581.2628503,1790650590.5395052,10,995,2,ewma,12,0.99,0.9914,,OFF,success
1790650588.8773115,1790650594.4002972,1,1002,1,ewma,12,0.9942,0.9925,,OFF,failed
1790650584.2102022,1790650594.8214478,5,998,2,ewma,12,0.9938,0.9932,,OFF,success
1790650582.5737927,1790650595.0471697,6,999,1,ewma,12,0.0,0.0,,OFF,failed
1790650585.8749235,1790650596.3724933,9,972,2,ewma,12,0.0209,0.0054,,OFF,success
1790650591.8795822,1790650598.3857956,7,984,2,ewma,12,0.9915,0.9916,,OFF,failed
1790650589.6474066,1790650600.1429453,2,985,2,ewma,12,0.9932,0.9932,,OFF,success
1790650591.18599,1790650601.6982417,8,975,2,ewma,12,0.9932,0.9942,,OFF,success
1790650592.285559,1790650602.009422,3,1000,1,ewma,12,0.0008,0.0,,OFF,success
1790650593.7548177,1790650603.5173702,10,996,2,ewma,12,0.9932,0.9932,,OFF,success
1790650597.8823862,1790650604.2382605,4,989,2,ewma,12,0.8804,0.9371,,OFF,failed
1790650597.730253,1790650607.4424002,1,1003,1,ewma,12,0.9902,0.0,,OFF,success
1790650599.595284,1790650609.8726203,9,973,2,ewma,12,0.9916,0.9916,,OFF,success
1790650598.2713032,1790650610.2636044,6,1000,1,ewma,12,0.9924,0.9942,,OFF,failed
1790650603.8870637,1790650610.48593,5,999,2,ewma,12,0.9933,0.9915,,OFF,failed
1790650649.8487446,1790650660.7859433,7,988,1,round-robin,12,0.9932,0.9923,,OFF,success
1790650651.581001,1790650660.9069898,10,1000,1,round-robin,12,0.9901,0.9925,,OFF,success
1790650650.3568857,1790650661.412865,8,979,1,round-robin,12,0.9933,0.9925,,OFF,success
1790650656.3765469,1790650662.622107,3,1004,1,round-robin,12,0.0,0.0,,OFF,failed
1790650656.292017,1790650667.4322622,4,993,1,round-robin,12,0.99,0.9882,,OFF,success
1790650656.5947564,1790650668.041957,1,1007,1,round-robin,12,0.9924,0.9925,,OFF,success
1790650659.9885025,1790650669.8727705,5,1003,1,round-robin,12,0.9933,0.9925,,OFF,success
1790650658.5499191,1790650670.794222,6,1004,1,round-robin,12,0.99,0.9942,,OFF,failed
1790650661.3209293,1790650671.223994,9,977,1,round-robin,12,0.9932,0.9933,,OFF,success
1790650661.747208,1790650672.347524,2,990,1,round-robin,12,0.9933,0.9926,,OFF,success
1790650664.1013455,1790650674.1024723,10,1001,2,round-robin,12,0.9767,0.0,,OFF,success
1790650663.900773,1790650674.5834463,7,989,2,round-robin,12,0.9924,0.9932,,OFF,success
1790650664.7388725,1790650675.199634,8,980,2,round-robin,12,0.9925,0.9915,,OFF,success
1790650665.8405302,1790650676.944404,3,1005,2,round-robin,12,0.99,0.9933,,OFF,success
1790650670.6399121,1790650680.2101579,4,994,2,round-robin,12,0.9901,0.9933,,OFF,success
1790650671.2571123,1790650681.058017,1,1008,2,round-robin,12,0.9916,0.99,,OFF,success
1790650673.0892847,1790650683.6336267,5,1004,2,round-robin,12,0.9924,0.9925,,OFF,success
1790650674.039924,1790650684.2028968,6,1005,2,round-robin,12,0.2647,0.6453,,OFF,success
1790650674.4463437,1790650684.7167797,9,978,2,round-robin,12,0.9915,0.9902,,OFF,success
1790650675.5655792,1790650686.7026622,2,991,2,round-robin,12,0.9933,0.9925,,ON,success
1790650678.4381146,1790650689.5366454,8,981,1,round-robin,12,0.9933,0.9931,,ON,success
1790650682.3831038,1790650689.636278,10,1002,1,round-robin,12,0.9924,0.9877,,OFF,failed
1790650683.3848546,1790650690.1536007,7,990,1,round-robin,12,0.979,0.985,,OFF,failed
1790650680.2997897,1790650692.2257888,3,1006,1,round-robin,12,0.9915,0.9916,,OFF,failed
1790650683.424293,1790650694.3520694,4,995,1,round-robin,12,0.9933,0.9926,,OFF,success
1790650687.1590846,1790650697.141744,5,1005,1,round-robin,12,0.9932,0.9925,,OFF,success
1790650684.2963626,1790650697.7584693,1,1009,1,round-robin,12,0.0002,0.9915,,OFF,failed
1790650693.387241,1790650699.0838213,9,979,1,round-robin,12,0.8887,0.8974,,OFF,failed
1790650693.386683,1790650699.6905158,6,1006,1,round-robin,12,0.9894,0.9714,,OFF,failed
1790650689.914169,1790650700.737149,2,992,1,round-robin,12,0.9933,0.9938,,OFF,success
1790650692.896946,1790650702.4686725,10,1003,2,round-robin,12,0.0,0.0,,OFF,success
1790650693.3697693,1790650703.9922206,7,991,2,round-robin,12,0.99,0.9915,,OFF,success
1790650698.3901942,1790650705.5439224,8,982,2,round-robin,12,0.9933,0.9933,,OFF,failed
1790650695.4532404,1790650706.0569499,3,1007,2,round-robin,12,0.9915,0.9933,,OFF,success
1790650697.5745318,1790650707.382962,4,996,2,round-robin,12,0.9914,0.9933,,OFF,success
1790650700.3689814,1790650711.4559424,5,1006,2,round-robin,12,0.9913,0.9295,,OFF,success
1790650702.3038628,1790650712.064314,9,980,2,round-robin,12,0.9943,0.9932,,OFF,success
1790650706.3934371,1790650712.4703772,1,1010,2,round-robin,12,0.8334,0.9937,,OFF,failed
1790650702.9287207,1790650714.1504538,6,1007,2,round-robin,12,0.9942,0.9941,,OFF,success
1790650703.9749262,1790650714.6619682,2,993,2,round-robin,12,0.9943,0.9931,,OFF,success
1790650705.7092469,1790650716.1640012,10,1004,1,round-robin,12,0.9943,0.9943,,OFF,success
1790650708.838374,1790650718.4379942,8,983,1,round-robin,12,0.9938,0.9925,,OFF,success
1790650709.2695243,1790650719.7470891,3,1008,1,round-robin,12,0.9936,0.9932,,OFF,success
1790650707.2980783,1790650720.29039,7,992,1,round-robin,12,0.9933,0.9938,,OFF,failed
1790650710.6824658,1790650723.7772982,4,997,1,round-robin,12,0.9937,0.9938,,OFF,failed
1790650714.6735458,1790650724.3583763,5,1007,1,round-robin,12,0.9932,0.9925,,OFF,success
1790650715.2904985,1790650725.3904223,9,981,1,round-robin,12,0.2536,0.9926,,OFF,success
1790650715.6990101,1790650725.9964614,1,1011,1,round-robin,12,0.9931,0.9937,,OFF,success
1790650717.3630772,1790650727.9576426,6,1008,1,round-robin,12,0.0,0.0,,OFF,success
1790650719.38995,1790650728.9866698,10,1005,2,round-robin,12,0.9901,0.9926,,OFF,success
1790650721.706373,1790650732.6811469,8,984,2,round-robin,12,0.9915,0.9925,,OFF,success
1790650728.4097033,1790650734.7161233,3,1009,2,round-robin,12,0.6097,0.0,,UNKNOWN,failed
1790650728.4107244,1790650736.0163248,7,993,2,round-robin,12,0.9943,0.993,,UNKNOWN,failed
1790650727.0978174,1790650738.189864,4,998,2,round-robin,12,0.9915,0.9938,,OFF,success
1790650728.5969532,1790650738.5976076,9,982,2,round-robin,12,0.9942,0.9915,,OFF,success
1790650727.5812154,1790650738.7089317,5,1008,2,round-robin,12,0.9926,0.9915,,OFF,success
1790650729.2076914,1790650739.9252129,1,1012,2,round-robin,12,0.9915,0.9915,,OFF,success
1790650731.1646676,1790650741.478855,6,1009,2,round-robin,12,0.9915,0.9941,,OFF,success
1790650732.3055015,1790650744.2106004,10,1006,1,round-robin,12,0.0,0.9915,,OFF,failed
1790650735.9289358,1790650747.3886766,8,985,1,round-robin,12,0.9926,0.9938,,OFF,failed
1790650737.9202032,1790650749.6557894,3,1010,1,round-robin,12,0.9937,0.9925,,OFF,failed
1790650739.3616176,1790650750.284333,7,994,1,round-robin,12,0.9914,0.9915,,OFF,success
1790650741.933421,1790650751.9206963,5,1009,1,round-robin,12,0.8804,0.8689,,OFF,success
1790650741.4224794,1790650752.1207817,4,999,1,round-robin,12,0.9914,0.9932,,OFF,success
1790650743.1545014,1790650753.1476223,1,1013,1,round-robin,12,0.9925,0.9926,,OFF,success
1790650747.4247413,1790650753.6713815,9,983,1,round-robin,12,0.0965,0.99,,OFF,failed
1790650744.7970092,1790650755.4668114,6,1010,1,round-robin,12,0.9939,0.9915,,OFF,success
1790650747.37962,1790650756.710658,10,1007,2,round-robin,12,0.9925,0.9924,,OFF,success
1790650748.917444,1790650758.4569256,2,996,2,round-robin,12,0.9915,0.9915,,OFF,success
1790650750.6428437,1790650761.441207,8,986,2,round-robin,12,0.9925,0.9925,,OFF,success
1790650752.880092,1790650762.3430274,3,1011,2,round-robin,12,0.9925,0.9938,,OFF,success
1790650753.5785606,1790650764.5909889,7,995,2,round-robin,12,0.9933,0.9916,,OFF,success
1790650755.2431428,1790650766.6350844,4,1000,2,round-robin,12,0.9665,0.9933,,OFF,success
1790650755.1374936,1790650766.802655,5,1010,2,round-robin,12,0.9868,0.0,,OFF,failed
1790650756.473314,1790650767.7916007,1,1014,2,round-robin,12,0.9925,0.9915,,OFF,success
1790650758.8432417,1790650768.3316324,6,1011,2,round-robin,12,0.9923,0.9926,,OFF,success
1790650762.4306812,1790650768.811652,9,984,2,round-robin,12,0.9848,0.9933,,OFF,failed
1790650759.988955,1790650770.036258,10,1008,1,round-robin,12,0.99,0.9915,,OFF,success
1790650761.7220674,1790650772.5164762,2,997,1,round-robin,12,0.9925,0.9925,,OFF,success
1790650764.651953,1790650774.256893,8,987,1,round-robin,12,0.9942,0.9939,,OFF,success
1790650765.5913286,1790650776.385247,3,1012,1,round-robin,12,0.9932,0.994,,OFF,success
1790650767.712518,1790650778.2384822,7,996,1,round-robin,12,0.9938,0.9915,,OFF,success
1790650769.7999325,1790650780.0557692,4,1001,1,round-robin,12,0.9942,0.9915,,OFF,success
1790650769.9962485,1790650780.8075542,5,1011,1,round-robin,12,0.9915,0.9911,,OFF,success
1790650771.3284242,1790650781.2939389,1,1015,1,round-robin,12,0.0041,0.0,,OFF,success
1790650771.6331623,1790650781.69699,6,1012,1,round-robin,12,0.9901,0.9915,,OFF,success
1790650772.0291336,1790650782.3265674,9,985,1,round-robin,12,0.9942,0.9939,,OFF,success
1790650773.4452293,1790650785.0096135,10,1009,2,round-robin,12,0.9926,0.9937,,OFF,success
1790650775.7082963,1790650785.9128146,2,998,2,round-robin,12,0.9915,0.9914,,ON,success
1790650777.3414776,1790650786.933674,8,988,2,round-robin,12,0.0,0.9822,,ON,success
1790650779.6116824,1790650789.2120442,3,1013,2,round-robin,12,0.9933,0.9942,,OFF,success
1790650783.3116255,1790650793.054849,4,1002,2,round-robin,12,0.9925,0.9938,,OFF,success
1790650781.4689124,1790650794.423039,7,997,2,round-robin,12,0.9925,0.9932,,OFF,failed
1790650784.0383325,1790650795.0254374,5,1012,2,round-robin,12,0.0,0.9925,,OFF,success
1790650785.4642627,1790650795.6135008,9,986,2,round-robin,12,0.9925,0.9925,,OFF,success
1790650784.9180305,1790650796.1734517,6,1013,2,round-robin,12,0.9901,0.9938,,OFF,success
1790650790.440695,1790650797.3894958,1,1016,2,round-robin,12,0.0001,0.0,,OFF,failed
1790650788.2947593,1790650799.0225806,10,1010,1,round-robin,12,0.9901,0.9933,,OFF,success
1790650789.13261,1790650799.828845,2,999,1,round-robin,12,0.9915,0.9915,,OFF,success
1790650790.1680222,1790650800.1660328,8,989,1,round-robin,12,0.9942,0.9933,,OFF,success
1790650792.4971912,1790650802.8159597,3,1014,1,round-robin,12,0.9932,0.9933,,OFF,success
1790650796.2003725,1790650806.4669187,4,1003,1,round-robin,12,0.9925,0.9938,,OFF,success
1790650798.2561762,1790650807.5896971,5,1013,1,round-robin,12,0.9925,0.9915,,OFF,success
1790650797.6516998,1790650808.83751,7,998,1,round-robin,12,0.9941,0.9933,,OFF,success
1790650798.9527164,1790650809.4568095,9,987,1,round-robin,12,0.9943,0.9941,,OFF,success
1790650800.6243715,1790650810.0901222,1,1017,1,round-robin,12,0.9931,0.9925,,OFF,success
1790650717.8375516,,2,994,1,round-robin,12,0.9901,0.9925,,OFF,unavailable
1790650802.351394,1790650812.319037,10,1011,2,round-robin,12,0.9915,0.9944,,OFF,success
1790650799.4681835,1790650812.956348,6,1014,1,round-robin,12,0.9914,0.9925,,OFF,failed
1790650803.4463923,1790650814.564965,8,990,2,round-robin,12,0.9937,0.9931,,OFF,success
1790650808.4498246,1790650815.315176,2,1000,2,round-robin,12,0.9901,0.9916,,OFF,failed
1790650806.0280135,1790650816.6484106,3,1015,2,round-robin,12,0.9925,0.9938,,OFF,success
1790650809.6933854,1790650820.6419826,4,1004,2,round-robin,12,0.9915,0.9933,,OFF,success
1790650810.7300496,1790650821.03918,5,1014,2,round-robin,12,0.9931,0.9914,,OFF,success
1790650812.6625404,1790650823.194193,9,988,2,round-robin,12,0.9925,0.9915,,OFF,success
1790650813.3635893,1790650824.1855576,1,1018,2,round-robin,12,0.9931,0.9912,,OFF,success
1790650812.0716298,1790650824.6328988,7,999,2,round-robin,12,0.9938,0.9942,,OFF,failed
1790650815.636086,1790650825.6580644,10,1012,1,round-robin,12,0.8267,0.6237,,OFF,success
1790650821.4561138,1790650827.804982,6,1015,2,round-robin,12,0.9941,0.9941,,OFF,failed
1790650817.7257812,1790650828.3833387,8,991,1,round-robin,12,0.9933,0.9938,,OFF,success
1790650818.5410047,1790650828.6994894,2,1001,1,round-robin,12,0.9942,0.9932,,OFF,success
1790650819.8749812,1790650829.3504667,3,1016,1,round-robin,12,0.9932,0.9937,,OFF,success
1790650823.6911194,1790650835.38162,4,1005,1,round-robin,12,0.0096,0.0,,OFF,failed
1790650829.46049,1790650835.6865437,5,1015,1,round-robin,12,0.9925,0.9932,,ON,failed
1790650826.3086305,1790650837.6105225,9,989,1,round-robin,12,0.9932,0.9925,,ON,success
1790650832.4620788,1790650838.6605928,1,1019,1,round-robin,12,0.9914,0.9924,,ON,failed
1790650828.8605773,1790650839.2768302,10,1013,2,round-robin,12,0.8267,0.9913,,ON,success
1790650827.9665022,1790650840.9749177,7,1000,1,round-robin,12,0.0,0.9911,,ON,failed
1790650831.83604,1790650841.5013528,2,1002,2,round-robin,12,0.9942,0.9932,,ON,success
1790650832.5466468,1790650842.8431551,3,1017,2,round-robin,12,0.0053,0.9883,,ON,success
1790650830.995774,1790650842.9770803,6,1016,1,round-robin,12,0.9941,0.0,,ON,failed
1790650831.5949988,1790650843.4390829,8,992,2,round-robin,12,0.9933,0.9533,,ON,failed
1790650838.8919694,1790650849.4791582,5,1016,2,round-robin,12,0.9924,0.9919,,OFF,success
1790650838.6015437,1790650850.2035599,4,1006,2,round-robin,12,0.0069,0.9936,,OFF,failed
1790650840.8347604,1790650851.160544,9,990,2,round-robin,12,0.9942,0.9925,,OFF,success
1790650841.9929173,1790650853.2645807,1,1020,2,round-robin,12,0.9924,0.9914,,OFF,success
1790650842.4946916,1790650853.6735995,10,1014,1,round-robin,12,0.9882,0.9901,,OFF,success
1790650844.2522905,1790650854.4301627,7,1001,2,round-robin,12,0.9944,0.994,,OFF,success
1790650844.7618217,1790650855.750505,2,1003,1,round-robin,12,0.9933,0.9915,,OFF,success
1790650846.289995,1790650856.2735908,6,1017,2,round-robin,12,0.0008,0.0,,OFF,success
1790650851.4727285,1790650857.478521,3,1018,1,round-robin,12,0.8554,0.994,,OFF,failed
1790650852.4738035,1790650858.2121253,8,993,1,round-robin,12,0.9933,0.9929,,OFF,failed
1790650853.3342214,1790650863.3248239,4,1007,1,round-robin,12,0.9936,0.9938,,OFF,success
1790650852.6964707,1790650863.8587437,5,1017,1,round-robin,12,0.9942,0.9914,,OFF,success
1790650854.3724468,1790650864.5805686,9,991,1,round-robin,12,0.9932,0.9933,,OFF,success
1790650856.4231875,1790650866.6245017,1,1021,1,round-robin,12,0.9914,0.9901,,OFF,success
1790650856.9388592,1790650866.9065778,10,1015,2,round-robin,12,0.9914,0.9938,,OFF,success
1790650857.7336032,1790650867.7406628,7,1002,1,round-robin,12,0.9938,0.9933,,OFF,success
1790650858.9634295,1790650868.7411559,2,1004,2,round-robin,12,0.9925,0.9925,,OFF,success
1790650860.628871,1790650870.984965,3,1019,2,round-robin,12,0.9933,0.9944,,OFF,success
1790650861.4160795,1790650871.2285898,8,994,2,round-robin,12,0.9941,0.9941,,OFF,success
1790650864.4825532,1790650872.0766432,6,1018,1,round-robin,12,0.8977,0.8689,,OFF,failed
1790650866.555657,1790650878.574198,4,1008,2,round-robin,12,0.9901,0.9925,,OFF,failed
1790650867.9015846,1790650878.678248,9,992,2,round-robin,12,0.9915,0.9915,,OFF,success
1790650867.0436547,1790650879.0704358,5,1018,2,round-robin,12,0.9912,0.9914,,OFF,failed
1790650869.8345249,1790650881.055669,1,1022,2,round-robin,12,0.9925,0.9915,,OFF,success
