t,node,tel,ack_flag,policy,block,sent_gws,reject_reason,b1,b2,score1,score2,used_gw1,used_gw2,interferer
1790491269.7637563,6,128,0,round-robin,1,1,,0.0,0.0,nan,nan,1,0,ON
1790491270.7658093,7,128,0,round-robin,1,1,,0.0,0.0,nan,nan,2,0,OFF
1790491272.7675683,10,126,0,round-robin,1,1,,0.4038,0.684,nan,nan,3,0,OFF
1790491274.8933952,4,56,1,round-robin,1,1,,0.9914,0.9924,nan,nan,4,0,OFF
1790491276.5591426,8,128,1,round-robin,1,1,,0.9915,0.9901,nan,nan,5,0,OFF
1790491277.5502727,1,118,1,round-robin,1,1,,0.9925,0.9914,nan,nan,6,0,OFF
1790491279.5877326,6,129,1,round-robin,1,2,,0.9881,0.9913,nan,nan,6,1,OFF
1790491280.5422652,9,130,1,round-robin,1,1,,0.9937,0.9932,nan,nan,7,1,OFF
1790491283.067296,2,116,1,round-robin,1,1,,0.9925,0.9916,nan,nan,8,1,OFF
1790491284.5416262,3,117,1,round-robin,1,1,,0.9925,0.9933,nan,nan,9,1,OFF
1790491286.054028,5,127,1,round-robin,1,1,,0.9942,0.9938,nan,nan,10,1,OFF
1790491287.782493,7,129,0,round-robin,1,2,,0.9853,0.9881,nan,nan,10,2,OFF
1790491287.7839205,10,127,0,round-robin,1,2,,0.9861,0.9853,nan,nan,10,3,OFF
1790491288.9361374,4,57,1,round-robin,1,2,,0.9942,0.9938,nan,nan,10,4,OFF
1790491289.6355536,8,129,1,round-robin,1,2,,0.9938,0.9942,nan,nan,10,5,OFF
1790491291.8777595,1,119,1,round-robin,1,2,,0.9915,0.9925,nan,nan,10,6,OFF
1790491294.2432573,9,131,1,round-robin,1,2,,0.9933,0.9915,nan,nan,10,7,OFF
1790491295.2889001,6,130,1,round-robin,1,1,,0.9943,0.9943,nan,nan,11,7,OFF
1790491296.4876373,2,117,1,round-robin,1,2,,0.9915,0.9926,nan,nan,11,8,OFF
1790491297.232405,7,130,1,round-robin,1,1,,0.1431,0.9933,nan,nan,12,8,ON
1790491302.7882292,10,128,0,round-robin,1,1,,0.9813,0.9896,nan,nan,13,8,ON
1790491302.789067,3,118,0,round-robin,1,2,,0.9915,0.9883,nan,nan,13,9,ON
1790491307.792191,8,130,0,round-robin,1,1,,0.1624,0.0,nan,nan,14,9,ON
1790491316.795015,9,132,0,round-robin,1,1,,0.002,0.9915,nan,nan,15,9,OFF
1790491316.7957945,7,131,0,round-robin,1,2,,0.1431,0.002,nan,nan,15,10,OFF
1790491321.8881178,1,121,1,round-robin,1,1,,0.99,0.9914,nan,nan,16,10,OFF
1790491323.72919,6,132,1,round-robin,1,2,,0.9942,0.9925,nan,nan,16,11,OFF
1790491324.7990613,4,59,0,round-robin,1,1,,0.0,0.0724,nan,nan,17,11,OFF
1790491324.7999718,8,131,0,round-robin,1,2,,0.8804,0.8974,nan,nan,17,12,OFF
1790491326.0038557,2,119,1,round-robin,1,1,,0.0058,0.0,nan,nan,18,12,OFF
1790491326.5334136,7,132,1,round-robin,1,1,,0.2458,0.0,nan,nan,19,12,OFF
1790491326.9077175,9,133,1,round-robin,1,2,,0.9922,0.9933,nan,nan,19,13,OFF
1790491328.4443426,10,130,1,round-robin,1,2,,0.9915,0.9915,nan,nan,19,14,OFF
1790491329.8815951,3,120,1,round-robin,1,1,,0.9932,0.9807,nan,nan,19,14,OFF
1790491332.023143,5,130,1,round-robin,1,2,,0.9941,0.9943,nan,nan,18,15,OFF
1790491333.7662446,8,132,1,round-robin,1,1,,0.9942,0.9938,nan,nan,18,15,OFF
1790491334.371619,4,60,1,round-robin,1,2,,0.9941,0.9937,nan,nan,18,16,OFF
1790491335.607651,1,122,1,round-robin,1,2,,0.9942,0.9936,nan,nan,17,17,OFF
1790491339.3030598,2,120,1,round-robin,1,2,,0.0081,0.0004,nan,nan,15,18,OFF
1790491339.7068768,6,133,1,round-robin,1,1,,0.9882,0.9914,nan,nan,16,17,OFF
1790491340.9275823,7,133,1,round-robin,1,2,,0.9923,0.9911,nan,nan,15,18,OFF
1790491341.1754317,9,134,1,round-robin,1,1,,0.9921,0.9915,nan,nan,16,18,OFF
1790491345.8507185,5,131,1,round-robin,1,1,,0.9933,0.9942,nan,nan,15,18,OFF
1790491347.0806756,8,133,1,round-robin,1,2,,0.9915,0.9938,nan,nan,14,19,OFF
1790491348.8331692,10,131,0,round-robin,1,1,,0.9925,0.9925,nan,nan,15,17,OFF
1790491348.834013,3,121,0,round-robin,1,2,,0.9933,0.9908,nan,nan,15,18,OFF
1790491349.7712927,4,61,1,round-robin,1,1,,0.994,0.9912,nan,nan,16,16,OFF
1790491351.4169643,1,123,1,round-robin,1,1,,0.9925,0.9914,nan,nan,17,16,OFF
1790491352.6132464,6,134,1,round-robin,1,2,,0.9933,0.9938,nan,nan,17,16,OFF
1790491354.23763,2,121,1,round-robin,1,1,,0.9938,0.9915,nan,nan,18,16,OFF
1790491355.5155745,9,135,1,round-robin,1,2,,0.9933,0.9942,nan,nan,17,16,OFF
1790491358.3799822,3,122,1,round-robin,1,1,,0.9915,0.99,nan,nan,17,15,OFF
1790491359.8414712,7,134,0,round-robin,1,1,,0.9925,0.9941,nan,nan,18,15,OFF
1790491360.2240412,5,132,1,round-robin,1,2,,0.0,0.1523,nan,nan,18,16,OFF
1790491360.8014321,8,134,1,round-robin,1,1,,0.9925,0.9941,nan,nan,19,16,OFF
1790491363.4924889,4,62,1,round-robin,1,2,,0.9938,0.9931,nan,nan,18,16,OFF
1790491363.8440194,10,132,0,round-robin,1,2,,0.9938,0.9915,nan,nan,18,17,OFF
1790491365.3087592,1,124,1,round-robin,1,2,,0.9914,0.9925,nan,nan,18,18,ON
1790491366.3542182,6,135,1,round-robin,1,1,,0.9933,0.9932,nan,nan,19,18,ON
1790491380.667338,6,136,1,round-robin,1,2,,0.9938,0.9933,nan,nan,17,18,OFF
1790491381.2131262,1,125,1,round-robin,1,1,,0.9901,0.9899,nan,nan,18,18,OFF
1790491385.0761824,2,123,1,round-robin,1,2,,0.9942,0.9915,nan,nan,16,17,OFF
1790491385.4836686,7,136,1,round-robin,1,2,,0.9915,0.9915,nan,nan,16,18,OFF
1790491386.6449485,9,137,1,round-robin,1,1,,0.9932,0.9943,nan,nan,15,18,OFF
1790491389.778824,5,134,1,round-robin,1,1,,0.9941,0.9942,nan,nan,16,16,OFF
1790491390.8243113,8,136,1,round-robin,1,2,,0.9925,0.9915,nan,nan,15,17,OFF
1790491391.5243762,4,64,1,round-robin,1,1,,0.017,0.9208,nan,nan,16,17,OFF
1790491391.853045,3,124,0,round-robin,1,2,,0.9355,0.9898,nan,nan,16,18,OFF
1790491393.2699752,6,137,1,round-robin,1,1,,0.9933,0.9925,nan,nan,17,17,OFF
1790491395.0282438,1,126,1,round-robin,1,2,,0.9914,0.9911,nan,nan,16,17,OFF
1790491398.3889632,7,137,1,round-robin,1,1,,0.9914,0.9933,nan,nan,17,16,OFF
1790491399.5983298,2,124,1,round-robin,1,1,,0.9891,0.9868,nan,nan,18,15,OFF
1790491401.5585747,3,125,1,round-robin,1,1,,0.9135,0.99,nan,nan,17,14,OFF
1790491403.6407542,8,137,1,round-robin,1,1,,0.9901,0.9933,nan,nan,18,14,ON
1790491404.8592849,9,138,0,round-robin,1,2,,0.9925,0.9937,nan,nan,18,15,ON
1790491410.8632567,5,135,0,round-robin,1,2,,0.0,0.0,nan,nan,15,14,ON
1790491413.8659093,10,135,0,round-robin,1,1,,0.0,0.0,nan,nan,15,13,OFF
1790491414.775472,9,139,1,round-robin,1,1,,0.9933,0.9942,nan,nan,15,13,OFF
1790491417.2538276,3,126,1,round-robin,1,2,,0.9924,0.9879,nan,nan,15,13,OFF
1790491419.4757228,8,138,1,round-robin,1,2,,0.9932,0.9931,nan,nan,14,14,OFF
1790491420.8237524,5,136,1,round-robin,1,1,,0.9938,0.9943,nan,nan,13,13,OFF
1790491421.6218987,6,139,1,round-robin,1,2,,0.9925,0.9925,nan,nan,13,14,OFF
1790491422.9569917,4,66,1,round-robin,1,2,,0.003,0.0,nan,nan,13,15,OFF
1790491423.3728528,10,136,1,round-robin,1,2,,0.9922,0.994,nan,nan,13,16,OFF
1790491425.4142303,1,128,1,round-robin,1,1,,0.9913,0.9924,nan,nan,14,13,OFF
1790491427.3891287,9,140,1,round-robin,1,2,,0.9932,0.9932,nan,nan,13,14,OFF
1790491429.1981113,7,139,1,round-robin,1,2,,0.9942,0.9943,nan,nan,13,15,OFF
1790491429.9200215,3,127,1,round-robin,1,1,,0.9915,0.9916,nan,nan,14,15,OFF
1790491432.893807,2,126,0,round-robin,1,2,,0.9932,0.9926,nan,nan,14,16,OFF
1790491435.1403284,8,139,1,round-robin,1,1,,0.119,0.4711,nan,nan,15,16,OFF
1790491435.9831975,4,67,1,round-robin,1,1,,0.0,0.8523,nan,nan,16,16,OFF
1790491436.5172071,10,137,1,round-robin,1,1,,0.9941,0.9932,nan,nan,17,16,OFF
1790491437.518712,6,140,1,round-robin,1,1,,0.9933,0.9926,nan,nan,18,16,OFF
1790491438.8282385,1,129,1,round-robin,1,2,,0.9938,0.9914,nan,nan,18,17,OFF
1790491440.897747,5,137,0,round-robin,1,2,,0.9914,0.9933,nan,nan,18,17,OFF
1790491441.1975174,9,141,1,round-robin,1,1,,0.9942,0.9942,nan,nan,19,17,OFF
1790491441.9999158,2,127,1,round-robin,1,1,,0.9938,0.9923,nan,nan,19,17,OFF
1790491443.1467378,3,128,1,round-robin,1,2,,0.9938,0.9943,nan,nan,19,18,ON
1790491443.6819825,7,140,1,round-robin,1,1,,0.9938,0.9925,nan,nan,20,18,ON
1790491454.9126315,8,140,0,round-robin,1,2,,0.0,0.4711,nan,nan,16,15,ON
1790491454.913869,4,68,0,round-robin,1,2,,0.0,0.0,nan,nan,16,16,ON
1790491456.9167943,6,141,0,round-robin,1,2,,0.0,0.0,nan,nan,16,16,ON
1790491465.874884,8,141,1,round-robin,1,1,,0.9933,0.9925,nan,nan,13,15,OFF
1790491467.4945297,6,142,1,round-robin,1,1,,0.9938,0.9925,nan,nan,14,15,OFF
1790491469.4439113,1,131,1,round-robin,1,1,,0.0,0.0055,nan,nan,15,15,OFF
1790491474.1717,7,142,1,round-robin,1,2,,0.9924,0.9942,nan,nan,14,15,OFF
1790491474.7024832,3,130,1,round-robin,1,1,,0.9925,0.9931,nan,nan,15,15,OFF
1790491474.9250972,9,143,0,round-robin,1,2,,0.9926,0.9933,nan,nan,14,16,OFF
1790491475.0829396,2,129,1,round-robin,1,2,,0.9925,0.9915,nan,nan,14,17,OFF
1790491480.2936165,4,70,1,round-robin,1,1,,0.0,0.0733,nan,nan,15,15,OFF
1790491480.807599,5,140,1,round-robin,1,1,,0.9942,0.9914,nan,nan,16,15,OFF
1790491481.9516575,6,143,1,round-robin,1,2,,0.0002,0.9915,nan,nan,15,15,OFF
1790491482.0252585,1,132,1,round-robin,1,2,,0.8689,0.8689,nan,nan,15,16,OFF
1790491485.0118656,9,144,1,round-robin,1,1,,0.9925,0.9932,nan,nan,16,14,OFF
1790491485.931397,10,140,0,round-robin,1,2,,0.9926,0.9933,nan,nan,15,15,OFF
1790491487.797862,7,143,1,round-robin,1,1,,0.9925,0.0,nan,nan,16,14,ON
1790491493.936439,3,131,0,round-robin,1,2,,0.9915,0.9926,nan,nan,15,13,ON
1790491498.9397933,4,71,0,round-robin,1,2,,0.0008,0.0733,nan,nan,11,13,ON
1790491501.9424262,1,133,0,round-robin,1,1,,0.9842,0.9817,nan,nan,11,12,ON
1790491505.9458663,9,145,0,round-robin,1,2,,0.0,0.0,nan,nan,9,12,ON
1790491513.95108,4,72,0,round-robin,1,1,,0.0,0.0,nan,nan,10,12,OFF
1790491515.2237532,9,146,1,round-robin,1,1,,0.9925,0.9915,nan,nan,11,10,OFF
1790491516.9538383,1,134,0,round-robin,1,2,,0.0,0.0,nan,nan,11,10,OFF
1790491517.901065,7,145,1,round-robin,1,2,,0.9925,0.9901,nan,nan,11,11,OFF
1790491518.9134576,2,132,1,round-robin,1,1,,0.9915,0.9925,nan,nan,12,11,OFF
1790491519.6080916,3,133,1,round-robin,1,1,,0.9941,0.9931,nan,nan,13,11,OFF
1790491523.3174307,4,73,1,round-robin,1,2,,0.9938,0.9925,nan,nan,13,12,OFF
1790491526.0895915,10,143,1,round-robin,1,1,,0.9896,0.9911,nan,nan,13,12,OFF
1790491526.6944299,8,145,1,round-robin,1,2,,0.9857,0.9877,nan,nan,13,13,OFF
1790491528.3268247,1,135,1,round-robin,1,1,,0.9923,0.9941,nan,nan,13,13,OFF
1790491529.2528615,6,146,1,round-robin,1,1,,0.9913,0.9924,nan,nan,14,13,OFF
1790491530.9938712,9,147,1,round-robin,1,2,,0.6462,0.9937,nan,nan,13,14,OFF
1790491531.9498987,2,133,1,round-robin,1,2,,0.9933,0.9925,nan,nan,13,15,OFF
1790491531.9829366,5,143,0,round-robin,1,2,,0.0016,0.0,nan,nan,13,16,OFF
1790491535.2978547,3,134,1,round-robin,1,2,,0.9926,0.9915,nan,nan,12,14,OFF
1790491536.9710145,7,146,0,round-robin,1,1,,0.9915,0.9924,nan,nan,13,14,OFF
1790491538.1591444,4,74,1,round-robin,1,1,,0.9932,0.9935,nan,nan,14,14,OFF
1790491540.5220866,8,146,1,round-robin,1,1,,0.9933,0.9926,nan,nan,14,14,OFF
1790491542.043819,5,144,1,round-robin,1,1,,0.9925,0.9925,nan,nan,14,12,OFF
1790491542.4616158,6,147,1,round-robin,1,2,,0.9901,0.9925,nan,nan,14,13,OFF
1790491543.6987274,9,148,1,round-robin,1,1,,0.9938,0.9925,nan,nan,15,13,OFF
1790491545.9772758,10,144,0,round-robin,1,2,,0.0,0.0,nan,nan,14,13,OFF
1790491546.9792602,1,136,0,round-robin,1,2,,0.9925,0.9916,nan,nan,14,14,OFF
1790491547.5782754,7,147,1,round-robin,1,2,,0.9938,0.9929,nan,nan,14,15,OFF
1790491548.4306872,3,135,1,round-robin,1,1,,0.9915,0.9915,nan,nan,14,15,OFF
1790491551.494722,4,75,1,round-robin,1,2,,0.9915,0.9926,nan,nan,14,16,OFF
1790491552.9839106,2,134,0,round-robin,1,1,,0.9933,0.9938,nan,nan,15,16,OFF
1790491594.1725287,4,78,1,random,1,1,,0.8535,0.8333,nan,nan,1,0,OFF
1790491595.6970887,3,138,1,random,1,2,,0.9937,0.9941,nan,nan,1,1,OFF
1790491599.4526956,2,137,0,random,1,2,,0.9862,0.989,nan,nan,1,2,ON
1790491608.4561884,1,140,0,random,1,1,,0.0,0.0,nan,nan,2,2,OFF
1790491608.45696,5,148,0,random,1,2,,0.0,0.9,nan,nan,2,3,OFF
1790491612.4598649,9,152,0,random,1,2,,0.0,0.0,nan,nan,2,4,OFF
1790491613.462077,4,79,0,random,1,2,,0.0,0.0,nan,nan,2,5,OFF
1790491617.8310297,5,149,1,random,1,1,,0.9942,0.9926,nan,nan,3,5,OFF
1790491618.6491945,10,149,1,random,1,1,,0.9901,0.9915,nan,nan,4,5,OFF
1790491619.392248,6,152,1,random,1,1,,0.9938,0.9902,nan,nan,5,5,OFF
1790491620.0854402,1,141,1,random,1,2,,0.9929,0.99,nan,nan,5,6,OFF
1790491620.3852527,8,151,1,random,1,2,,0.9915,0.9938,nan,nan,5,7,OFF
1790491622.0312953,7,152,1,random,1,1,,0.9938,0.9925,nan,nan,6,7,OFF
1790491622.5331094,9,153,1,random,1,1,,0.9925,0.9926,nan,nan,7,7,OFF
1790491623.886295,4,80,1,random,1,2,,0.9924,0.9913,nan,nan,7,8,OFF
1790491625.535282,3,140,1,random,1,1,,0.9932,0.9899,nan,nan,8,8,OFF
1790491626.06337,2,139,1,random,1,2,,0.9943,0.994,nan,nan,8,9,OFF
1790491630.4234104,5,150,1,random,1,1,,0.9933,0.9942,nan,nan,9,9,OFF
1790491632.6026127,6,153,1,random,1,1,,0.9938,0.9926,nan,nan,10,9,OFF
1790491632.9928305,1,142,1,random,1,1,,0.9924,0.9933,nan,nan,11,9,OFF
1790491633.9127061,10,150,1,random,1,1,,0.9915,0.9915,nan,nan,12,9,OFF
1790491635.0707815,8,152,1,random,1,2,,0.9931,0.9937,nan,nan,12,10,OFF
1790491636.5708828,7,153,1,random,1,2,,0.994,0.9932,nan,nan,12,11,OFF
1790491637.368683,4,81,1,random,1,2,,0.9932,0.9925,nan,nan,12,12,OFF
1790491638.035344,9,154,1,random,1,1,,0.9925,0.9943,nan,nan,13,12,OFF
1790491640.0622337,3,141,1,random,1,2,,0.9944,0.9933,nan,nan,13,13,OFF
1790491641.3839097,2,140,1,random,1,2,,0.9938,0.9932,nan,nan,13,14,OFF
1790491644.0357685,5,151,1,random,1,2,,0.9937,0.9944,nan,nan,13,15,OFF
1790491645.4875176,6,154,1,random,1,2,,0.9925,0.9926,nan,nan,13,16,OFF
1790491647.7237353,1,143,1,random,1,1,,0.9924,0.9913,nan,nan,14,16,OFF
1790491649.262096,8,153,1,random,1,1,,0.9915,0.9901,nan,nan,15,16,OFF
1790491650.907246,4,82,1,random,1,1,,0.0,0.2648,nan,nan,16,16,OFF
1790491651.2039793,9,155,1,random,1,1,,0.9889,0.9926,nan,nan,17,16,OFF
1790491652.3527598,7,154,1,random,1,2,,0.9915,0.9902,nan,nan,17,17,OFF
1790491652.489886,10,151,0,random,1,1,,0.9914,0.9932,nan,nan,18,17,OFF
1790491653.5694077,3,142,1,random,1,1,,0.9942,0.9899,nan,nan,19,17,OFF
1790491655.4273987,2,141,1,random,1,1,,0.9914,0.9933,nan,nan,19,17,OFF
1790491659.524675,6,155,1,random,1,1,,0.9925,0.9933,nan,nan,20,15,OFF
1790491660.0244453,5,152,1,random,1,1,,0.9942,0.9938,nan,nan,21,15,OFF
1790491661.5426974,1,144,1,random,1,1,,0.9914,0.9923,nan,nan,22,15,OFF
1790491663.5055015,10,152,1,random,1,2,,0.9925,0.9823,nan,nan,22,16,OFF
1790491663.5994039,8,154,1,random,1,2,,0.99,0.9854,nan,nan,22,17,ON
1790491665.3326275,9,156,1,random,1,1,,0.8689,0.9941,nan,nan,23,17,ON
1790491666.4671264,3,143,1,random,1,1,,0.9925,0.9937,nan,nan,24,17,ON
1790491670.5091279,4,83,0,random,1,1,,0.0,0.9358,nan,nan,24,16,ON
1790491673.511876,2,142,0,random,1,2,,0.0,0.0,nan,nan,24,15,ON
1790491681.5156045,1,145,0,random,1,2,,0.0,0.0,nan,nan,21,14,OFF
1790491683.518,10,153,0,random,1,2,,0.0,0.0,nan,nan,19,15,OFF
1790491684.206512,2,143,1,random,1,2,,0.8535,0.8535,nan,nan,19,15,OFF
1790491685.519871,8,155,0,random,1,2,,0.0931,0.9854,nan,nan,19,16,OFF
1790491687.5220568,7,156,0,random,1,2,,0.0,0.0,nan,nan,18,16,OFF
1790491689.747909,6,157,1,random,1,1,,0.9915,0.99,nan,nan,19,16,OFF
1790491691.5560164,1,146,1,random,1,1,,0.9933,0.9914,nan,nan,19,16,OFF
1790491692.0913198,5,154,1,random,1,2,,0.9914,0.9938,nan,nan,19,17,OFF
1790491693.913641,10,154,1,random,1,2,,0.9924,0.9941,nan,nan,16,18,OFF
1790491694.7406917,9,158,1,random,1,2,,0.0004,0.9926,nan,nan,16,19,OFF
1790491695.2383394,8,156,1,random,1,1,,0.9809,0.3627,nan,nan,17,18,OFF
1790491695.5471094,3,145,1,random,1,2,,0.9914,0.9925,nan,nan,17,19,OFF
1790491697.5041385,2,144,1,random,1,2,,0.8536,0.8535,nan,nan,17,18,OFF
1790491698.740699,7,157,1,random,1,2,,0.9933,0.9911,nan,nan,16,19,OFF
1790491702.532537,4,85,0,random,1,1,,0.8689,0.8333,nan,nan,17,17,OFF
1790491702.9277465,6,158,1,random,1,1,,0.9914,0.9937,nan,nan,18,17,OFF
1790491704.3661184,1,147,1,random,1,2,,0.9882,0.9856,nan,nan,18,17,OFF
1790491707.5154574,5,155,1,random,1,1,,0.9262,0.0009,nan,nan,19,16,ON
1790491708.0414078,9,159,1,random,1,1,,0.9902,0.9877,nan,nan,19,16,ON
1790491722.539906,6,159,0,random,1,2,,0.0,0.0,nan,nan,10,16,ON
1790491733.3385227,6,160,1,random,1,1,,0.991,0.9896,nan,nan,8,14,OFF
1790491733.7461941,1,149,1,random,1,1,,0.99,0.9914,nan,nan,9,13,OFF
1790491734.5458558,4,87,0,random,1,1,,0.0,0.0,nan,nan,10,13,OFF
1790491735.6914144,9,161,1,random,1,2,,0.9933,0.9933,nan,nan,10,14,OFF
1790491739.5820174,5,157,1,random,1,1,,0.9943,0.9932,nan,nan,11,14,OFF
1790491740.7013524,10,157,1,random,1,2,,0.9933,0.9916,nan,nan,11,15,OFF
1790491741.426266,8,159,1,random,1,2,,0.7025,0.9897,nan,nan,11,16,OFF
1790491741.627292,3,148,1,random,1,2,,0.9932,0.9911,nan,nan,11,16,OFF
1790491744.392461,2,147,1,random,1,1,,0.9943,0.994,nan,nan,12,14,OFF
1790491745.7264776,4,88,1,random,1,1,,0.9914,0.9925,nan,nan,13,13,OFF
1790491746.785624,1,150,1,random,1,2,,0.9931,0.9901,nan,nan,13,14,OFF
1790491747.7757623,6,161,1,random,1,1,,0.9901,0.9916,nan,nan,14,13,OFF
1790491749.5577345,7,160,0,random,1,1,,0.9915,0.9932,nan,nan,15,13,OFF
1790491750.6429105,9,162,1,random,1,1,,0.9925,0.9938,nan,nan,15,13,OFF
1790491754.0216374,5,158,1,random,1,1,,0.9938,0.9941,nan,nan,15,11,OFF
1790491754.7359455,8,160,1,random,1,2,,0.9914,0.9925,nan,nan,15,12,OFF
1790491755.3831332,3,149,1,random,1,1,,0.9933,0.9938,nan,nan,15,11,OFF
1790491756.5777316,10,158,1,random,1,2,,0.9925,0.9914,nan,nan,15,11,OFF
1790491759.3461406,7,161,1,random,1,1,,0.9901,0.9901,nan,nan,16,9,OFF
1790491760.283565,4,89,1,random,1,2,,0.9901,0.9926,nan,nan,16,10,OFF
1790491760.7664561,2,148,1,random,1,1,,0.9942,0.9942,nan,nan,17,10,OFF
1790491761.721187,1,151,1,random,1,2,,0.9926,0.9926,nan,nan,17,11,OFF
1790491763.2467487,9,163,1,random,1,1,,0.9938,0.9943,nan,nan,16,11,OFF
1790491766.9213235,5,159,1,random,1,1,,0.9933,0.9938,nan,nan,17,10,OFF
1790491767.5840144,6,162,0,random,1,2,,0.9938,0.9914,nan,nan,16,11,OFF
1790491768.8782208,8,161,1,random,1,1,,0.9901,0.9915,nan,nan,16,11,OFF
1790491769.17339,3,150,1,random,1,1,,0.9932,0.994,nan,nan,17,11,OFF
1790491771.2561562,10,159,1,random,1,1,,0.9937,0.9925,nan,nan,18,11,OFF
1790491772.7886133,7,162,1,random,1,1,,0.9925,0.9914,nan,nan,19,11,OFF
1790491773.7000525,4,90,1,random,1,1,,0.0,0.0,nan,nan,20,11,OFF
1790491775.43083,1,152,1,random,1,1,,0.0,0.0031,nan,nan,21,11,OFF
1790491776.77513,6,163,1,random,1,1,,0.9914,0.9924,nan,nan,22,11,OFF
1790491779.4139395,5,160,1,random,1,1,,0.9933,0.9941,nan,nan,23,11,OFF
1790491779.5882254,2,149,0,random,1,1,,0.9926,0.9938,nan,nan,24,11,OFF
1790491781.5942655,9,164,0,random,1,1,,0.9925,0.9933,nan,nan,25,11,OFF
1790491783.1055439,8,162,1,random,1,2,,0.9901,0.9916,nan,nan,25,11,ON
1790491790.5999646,10,160,0,random,1,1,,0.0,0.0,nan,nan,26,11,ON
1790491803.6070552,8,163,0,random,1,2,,0.0,0.0,nan,nan,22,8,ON
1790491805.6098385,3,152,0,random,1,1,,0.0,0.0,nan,nan,22,8,OFF
1790491809.61352,1,154,0,random,1,2,,0.0,0.0,nan,nan,19,8,OFF
1790491811.616211,9,166,0,random,1,2,,0.0041,0.0095,nan,nan,18,9,OFF
1790491813.439628,8,164,1,random,1,2,,0.9901,0.99,nan,nan,18,10,OFF
1790491813.6176336,5,162,0,random,1,2,,0.0,0.0004,nan,nan,18,11,OFF
1790491817.0994973,10,162,1,random,1,2,,0.992,0.9937,nan,nan,16,10,OFF
1790491818.8629074,2,152,1,random,1,1,,0.081,0.9916,nan,nan,17,10,OFF
1790491818.9574635,7,165,1,random,1,2,,0.9941,0.8689,nan,nan,17,11,OFF
1790491819.7642002,1,155,1,random,1,2,,0.9924,0.9912,nan,nan,16,12,OFF
1790491820.523234,6,166,1,random,1,1,,0.99,0.9915,nan,nan,17,11,OFF
1790491821.6229696,4,93,0,random,1,1,,0.9898,0.9862,nan,nan,17,11,OFF
1790491821.6242974,3,153,0,random,1,2,,0.992,0.9918,nan,nan,17,12,OFF
1790491822.4170341,9,167,1,random,1,1,,0.9925,0.9901,nan,nan,18,11,OFF
1790491824.0668435,5,163,1,random,1,2,,0.9931,0.9932,nan,nan,17,12,OFF
1790491829.5979836,8,165,1,random,1,2,,0.0,0.0,nan,nan,14,12,ON
1790491837.633164,2,153,0,random,1,2,,0.0324,0.0157,nan,nan,9,13,UNKNOWN
1790491837.6341028,4,94,0,random,1,1,,0.8953,0.3836,nan,nan,10,13,UNKNOWN
1790491838.636469,3,154,0,random,1,1,,0.0,0.0,nan,nan,11,13,UNKNOWN
1790491839.638368,1,156,0,random,1,1,,0.3646,0.9932,nan,nan,10,13,UNKNOWN
1790491840.6402848,6,167,0,random,1,1,,0.1592,0.0964,nan,nan,11,13,ON
1790491850.981207,9,169,1,random,1,2,,0.9915,0.0974,nan,nan,9,13,OFF
1790491851.4099786,6,168,1,random,1,2,,0.9926,0.9915,nan,nan,9,14,OFF
1790491852.6472938,2,154,0,random,1,1,,0.0,0.0,nan,nan,10,14,OFF
1790491855.4363494,5,165,1,random,1,2,,0.9916,0.9933,nan,nan,10,15,OFF
1790491860.1098013,8,167,1,random,1,2,,0.9942,0.9938,nan,nan,10,16,OFF
1790491861.947893,2,155,1,random,1,1,,0.9943,0.9932,nan,nan,11,16,OFF
1790491863.5840445,7,168,1,random,1,1,,0.0,0.0,nan,nan,12,16,OFF
1790491864.0035586,4,96,1,random,1,2,,0.9931,0.9923,nan,nan,12,16,OFF
1790491864.7275498,10,165,1,random,1,1,,0.992,0.0,nan,nan,13,16,OFF
1790491865.145417,1,158,1,random,1,2,,0.9853,0.9882,nan,nan,13,17,OFF
1790491868.6070592,5,166,1,random,1,1,,0.9926,0.9937,nan,nan,13,17,OFF
1790491868.6554422,3,156,0,random,1,1,,0.9861,0.9842,nan,nan,14,17,OFF
1790491869.6576755,6,169,0,random,1,1,,0.9941,0.9932,nan,nan,15,16,OFF
1790491875.3997543,8,168,1,random,1,2,,0.9938,0.9899,nan,nan,15,14,OFF
1790491876.4239028,2,156,1,random,1,1,,0.9944,0.9925,nan,nan,16,14,OFF
1790491877.7563722,4,97,1,random,1,1,,0.0,0.1817,nan,nan,17,13,OFF
1790491878.128431,7,169,1,random,1,2,,0.9867,0.9894,nan,nan,17,14,OFF
1790491878.9480731,3,157,1,random,1,2,,0.9925,0.9937,nan,nan,16,15,OFF
1790491879.9086294,9,171,1,random,1,2,,0.9925,0.9942,nan,nan,16,14,OFF
1790491881.2001557,6,170,1,random,1,1,,0.9933,0.9938,nan,nan,16,14,OFF
1790491881.6485891,1,159,1,random,1,1,,0.9925,0.9925,nan,nan,16,13,OFF
1790491882.6652367,10,166,0,random,1,1,,0.9925,0.0,nan,nan,16,13,OFF
1790491884.5771625,5,167,1,random,1,1,,0.9933,0.9932,nan,nan,17,12,OFF
1790491924.830873,7,172,1,state-aware,1,1,,0.9916,0.9902,0.9916,0.9902,1,0,OFF
1790491926.1275,6,173,1,state-aware,1,2,,0.0,0.0021,0.0,0.0021,1,1,OFF
1790491928.1317365,1,162,1,state-aware,1,1,,0.9933,0.9924,0.9933,0.9924,2,1,OFF
1790491929.120738,3,160,0,state-aware,1,1,,0.989,0.9878,0.989,0.9878,3,1,OFF
1790491930.342454,5,170,1,state-aware,1,2,,0.9925,0.9925,0.9925,0.9925,3,2,OFF
1790491932.1352043,9,174,0,state-aware,1,2,,0.993,0.993,0.993,0.993,3,3,OFF
1790491936.9041562,8,172,1,state-aware,1,1,,0.9942,0.9933,0.9942,0.9933,4,3,OFF
1790491938.3550067,2,160,1,state-aware,1,1,,0.9925,0.9914,0.9925,0.9914,5,3,OFF
1790491938.982418,3,161,1,state-aware,1,2,,0.9944,0.9937,0.8953,0.9937,5,4,OFF
1790491939.565206,4,101,1,state-aware,1,1,,0.9944,0.9913,0.9944,0.9913,6,4,OFF
1790491940.0891902,7,173,1,state-aware,1,1,,0.9932,0.0159,0.8943,0.0159,7,4,OFF
1790491940.5086937,6,174,1,state-aware,1,1,,0.9941,0.9922,0.9941,0.9268,8,4,OFF
1790491941.236172,9,175,1,state-aware,1,1,,0.9668,0.9933,0.9668,0.8944,9,4,OFF
1790491942.4763815,1,163,1,state-aware,1,2,,0.9944,0.994,0.9286,0.994,9,5,OFF
1790491944.0763712,5,171,1,state-aware,1,1,,0.9925,0.9925,0.9925,0.9271,10,5,OFF
1790491947.1421535,10,170,0,state-aware,1,2,,0.9878,0.989,0.9878,0.989,10,6,OFF
1790491951.3850641,2,161,1,state-aware,1,2,,0.8689,0.9933,0.8241,0.9933,10,7,OFF
1790491952.5087008,4,102,1,state-aware,1,1,,0.2966,0.0004,0.3472,0.0004,11,7,OFF
1790491953.5049915,7,174,1,state-aware,1,2,,0.9933,0.9901,0.8581,0.9901,11,8,OFF
1790491954.327023,9,176,1,state-aware,1,1,,0.9915,0.9925,0.9262,0.8938,12,8,OFF
1790491955.23008,1,164,1,state-aware,1,2,,0.9938,0.994,0.9282,0.9284,12,9,OFF
1790491956.1513853,8,173,0,state-aware,1,2,,0.9942,0.9933,0.9285,0.9933,12,10,OFF
1790491957.0131953,5,172,1,state-aware,1,2,,0.9925,0.9925,0.9271,0.9271,12,11,OFF
1790491957.799899,10,171,1,state-aware,1,1,,0.9914,0.9933,0.9914,0.8944,13,11,OFF
1790491958.1528475,3,162,0,state-aware,1,2,,0.9944,0.9924,0.8954,0.927,13,12,OFF
1790491960.154917,6,175,0,state-aware,1,2,,0.9942,0.9933,0.8951,0.9277,13,13,OFF
1790491964.162797,2,162,1,state-aware,1,1,,0.9939,0.9925,0.9282,0.9271,14,13,OFF
1790491965.9105628,8,174,1,state-aware,1,1,,0.9861,0.9824,0.9218,0.8853,15,13,OFF
1790491968.0664706,3,163,1,state-aware,1,1,,0.9938,0.9932,0.8948,0.8466,16,13,OFF
1790491968.9569426,7,175,1,state-aware,1,1,,0.0,0.0,0.1486,0.0667,17,13,OFF
1790491969.379394,1,165,1,state-aware,1,1,,0.9895,0.9937,0.9246,0.904,18,13,OFF
1790491970.3296416,10,172,1,state-aware,1,1,,0.9933,0.9933,0.9277,0.8944,19,13,OFF
1790491971.165523,4,103,0,state-aware,1,2,,0.9849,0.985,0.8978,0.985,19,14,ON
1790491971.2118993,5,173,1,state-aware,1,1,,0.9942,0.9933,0.9285,0.9038,20,14,ON
1790491971.62556,6,176,1,state-aware,1,1,,0.9941,0.9924,0.8951,0.846,21,14,ON
1790491988.1724231,1,166,0,state-aware,1,1,,0.9913,0.9883,0.9024,0.9002,20,13,ON
1790491989.1745286,9,178,0,state-aware,1,1,,0.0,0.0,0.1,0.0667,20,13,ON
1790491997.8138616,8,176,1,state-aware,1,2,,0.8858,0.9824,0.8382,0.8853,19,12,OFF
1790491998.439406,7,177,1,state-aware,1,2,,0.9931,0.9911,0.8579,0.8926,18,13,OFF
1790491998.67213,1,167,1,state-aware,1,1,,0.9759,0.7071,0.814,0.6994,19,13,OFF
1790491999.1982367,10,174,1,state-aware,1,1,,0.9938,0.9933,0.9282,0.8944,20,12,OFF
1790491999.6793425,9,179,1,state-aware,1,2,,0.991,0.9898,0.845,0.8915,19,13,OFF
1790492000.081832,5,175,1,state-aware,1,1,,0.9915,0.9932,0.9262,0.9037,20,13,OFF
1790492001.839837,6,178,1,state-aware,1,1,,0.9942,0.9925,0.8952,0.846,18,13,OFF
1790492003.1793993,4,105,0,state-aware,1,2,,0.9868,0.9872,0.8991,0.9872,18,13,OFF
1790492010.1260839,2,165,1,state-aware,1,1,,0.9915,0.9914,0.9262,0.9262,18,12,OFF
1790492011.148511,8,177,1,state-aware,1,1,,0.9943,0.9943,0.9286,0.8588,19,12,OFF
1790492011.7593365,1,168,1,state-aware,1,2,,0.9938,0.9932,0.8344,0.9037,19,12,OFF
1790492012.5747657,10,175,1,state-aware,1,1,,0.9925,0.9902,0.9032,0.8918,19,12,OFF
1790492012.8288243,4,106,1,state-aware,1,1,,0.8804,0.8804,0.8232,0.8004,20,12,OFF
1790492014.6255171,6,179,1,state-aware,1,2,,0.8073,0.8535,0.7252,0.7468,19,12,OFF
1790492015.0827065,7,178,1,state-aware,1,1,,0.9931,0.9933,0.858,0.8009,20,12,OFF
1790492019.184767,5,176,0,state-aware,1,2,,0.9914,0.9925,0.9025,0.9032,19,9,OFF
1790492020.1863437,9,180,0,state-aware,1,1,,0.991,0.2484,0.845,0.2689,20,8,OFF
1790492023.7388213,8,178,1,state-aware,1,1,,0.9925,0.9926,0.9032,0.8575,21,8,OFF
1790492025.303896,2,166,1,state-aware,1,1,,0.99,0.0,0.8443,0.1,21,8,OFF
1790492025.896451,10,176,1,state-aware,1,1,,0.9915,0.9933,0.8987,0.8944,22,8,OFF
1790492026.8281355,1,169,1,state-aware,1,1,,0.0,0.0062,0.2823,0.2079,22,8,OFF
1790492027.5385337,6,180,1,state-aware,1,1,,0.9924,0.9925,0.8574,0.8393,23,8,OFF
1790492028.478753,3,167,1,state-aware,1,1,,0.9944,0.9932,0.8953,0.8466,23,8,OFF
1790492029.2132454,7,179,1,state-aware,1,1,,0.9925,0.9925,0.8513,0.8004,23,8,OFF
1790492029.4857526,5,177,1,state-aware,1,1,,0.9837,0.9841,0.897,0.8191,23,8,OFF
1790492032.2161994,4,107,0,state-aware,1,1,,0.9868,0.9868,0.8957,0.889,21,7,OFF
1790492035.218571,9,181,0,state-aware,1,1,,0.9943,0.9334,0.7654,0.7581,22,7,ON
1790492043.2227075,8,179,0,state-aware,1,1,,0.9925,0.9933,0.8993,0.858,23,7,ON
1790492046.225638,1,170,0,state-aware,1,1,,0.0,0.0,0.3541,0.204,24,7,ON
1790492049.2280967,5,178,0,state-aware,1,1,,0.0,0.0,0.279,0.204,23,7,ON
1790492055.910439,2,168,1,state-aware,1,2,,0.9932,0.9925,0.8466,0.9271,23,8,OFF
1790492057.43403,10,178,1,state-aware,1,1,,0.9925,0.0,0.8993,0.0667,24,8,OFF
1790492058.3577137,7,181,1,state-aware,1,2,,0.0,0.9366,0.231,0.7604,24,8,OFF
1790492060.2364485,1,171,0,state-aware,1,2,,0.4675,0.5473,0.5215,0.5461,21,7,OFF
1790492061.0214481,9,183,1,state-aware,1,2,,0.9942,0.9932,0.7654,0.8009,21,8,OFF
1790492063.2407498,6,182,0,state-aware,1,2,,0.0,0.9925,0.1486,0.8393,20,8,OFF
1790492063.242165,3,169,0,state-aware,1,1,,0.8887,0.8535,0.8073,0.7468,21,8,OFF
1790492069.040319,8,181,1,state-aware,1,1,,0.99,0.9933,0.8978,0.858,22,8,OFF
1790492070.2214606,1,172,1,state-aware,1,1,,0.9843,0.9863,0.7564,0.7414,22,8,OFF
1790492070.751621,10,179,1,state-aware,1,1,,0.9925,0.9933,0.9048,0.8944,23,8,OFF
1790492071.988932,7,182,1,state-aware,1,1,,0.9933,0.9933,0.8518,0.7918,23,7,OFF
1790492072.5045419,4,110,1,state-aware,1,1,,0.9925,0.9901,0.8993,0.8917,24,7,OFF
1790492074.2293508,5,180,1,state-aware,1,1,,0.9544,0.9867,0.8755,0.8207,23,7,OFF
1790492074.9346848,9,184,1,state-aware,1,2,,0.9938,0.9925,0.7652,0.7913,23,7,OFF
1790492075.2476263,2,169,0,state-aware,1,2,,0.9933,0.9915,0.8466,0.9025,22,8,OFF
1790492077.250298,6,183,0,state-aware,1,1,,0.9743,0.985,0.8445,0.7549,23,8,OFF
1790492080.2526813,3,170,0,state-aware,1,2,,0.0,0.0,0.0915,0.1372,22,8,OFF
1790492083.03998,1,173,1,state-aware,1,1,,0.9901,0.9933,0.7936,0.7452,23,8,OFF
1790492083.7660625,8,182,1,state-aware,1,2,,0.9925,0.9941,0.8159,0.8586,22,9,OFF
1790492085.3875983,2,170,1,state-aware,1,2,,0.8974,0.9376,0.7781,0.79,21,10,ON
1790492086.7540247,7,183,1,state-aware,1,2,,0.0,0.7429,0.3079,0.6353,20,11,ON
1790492094.258534,10,180,0,state-aware,1,2,,0.9915,0.9933,0.8138,0.8944,14,12,ON
1790492094.2593477,6,184,0,state-aware,1,2,,0.0,0.985,0.156,0.7549,14,13,ON
1790492102.2638907,1,174,0,state-aware,1,2,,0.4852,0.9933,0.6313,0.7452,13,14,OFF
1790492103.8456442,6,185,1,state-aware,1,1,,0.9921,0.9925,0.7761,0.6831,13,14,OFF
1790492104.1273124,5,182,1,state-aware,1,1,,0.9915,0.99,0.8987,0.8228,14,14,OFF
1790492105.26676,8,183,0,state-aware,1,1,,0.8515,0.3011,0.7376,0.3442,15,14,OFF
1790492106.176162,3,172,1,state-aware,1,2,,0.9933,0.99,0.8009,0.8443,15,15,OFF
1790492108.2693186,10,181,0,state-aware,1,1,,0.0002,0.0002,0.3182,0.0916,15,15,OFF
1790492111.4105148,1,175,1,state-aware,1,1,,0.9924,0.9938,0.8264,0.671,15,15,OFF
1790492115.296672,8,184,1,state-aware,1,2,,0.9941,0.9943,0.7351,0.7774,15,16,OFF
1790492116.8374298,2,172,1,state-aware,1,2,,0.0,0.1574,0.1371,0.3024,15,16,OFF
1790492117.330397,5,183,1,state-aware,1,1,,0.8887,0.8535,0.8472,0.7374,16,16,OFF
1790492117.6453226,7,185,1,state-aware,1,1,,0.9926,0.9925,0.8593,0.7913,16,16,OFF
1790492118.9640322,9,187,1,state-aware,1,2,,0.8887,0.889,0.6995,0.7266,16,16,OFF
1790492120.2767808,4,113,0,state-aware,1,1,,0.9925,0.9938,0.8993,0.8949,17,15,OFF
1790492121.5310547,3,173,1,state-aware,1,1,,0.9924,0.9877,0.8003,0.7613,18,14,OFF
1790492124.279427,10,182,0,state-aware,1,2,,0.0002,0.8888,0.2777,0.7263,17,14,OFF
1790492127.1667922,1,176,1,state-aware,1,1,,0.9932,0.9938,0.7263,0.671,18,14,OFF
1790492130.3400462,8,185,1,state-aware,1,1,,0.9925,0.9941,0.7343,0.7002,17,14,OFF
1790492130.8565135,7,186,1,state-aware,1,1,,0.9926,0.0,0.8734,0.171,17,14,OFF
1790492131.0559988,2,173,1,state-aware,1,2,,0.8689,0.9239,0.7578,0.7956,17,15,OFF
1790492132.2911706,9,188,1,state-aware,1,2,,0.9944,0.9944,0.7655,0.8034,16,16,OFF
1790492133.1324925,6,187,1,state-aware,1,1,,0.9939,0.9925,0.7772,0.6832,16,16,OFF
1790492135.8036213,3,174,1,state-aware,1,1,,0.9914,0.9877,0.7906,0.7613,16,14,UNKNOWN
1790492136.293902,5,184,0,state-aware,1,1,,0.0,0.0,0.4181,0.204,17,14,UNKNOWN
1790492136.2977016,4,114,0,state-aware,1,2,,0.0,0.9938,0.2645,0.8949,17,15,UNKNOWN
1790492139.2993963,10,183,0,state-aware,1,1,,0.9806,0.9923,0.7233,0.7162,17,15,UNKNOWN
1790492145.331953,1,177,1,state-aware,1,2,,0.9901,0.9933,0.6383,0.6707,16,14,OFF
1790492145.361575,8,186,1,state-aware,1,1,,0.9915,0.9925,0.7675,0.6993,17,14,OFF
1790492145.380492,9,189,1,state-aware,1,1,,0.9925,0.0,0.7643,0.3259,18,14,OFF
1790492146.30579,4,115,1,state-aware,1,1,,0.9924,0.994,0.8158,0.8014,19,13,OFF
1790492148.2461543,6,188,1,state-aware,1,1,,0.9915,0.9915,0.6987,0.6826,20,12,OFF
1790492149.787463,10,184,1,state-aware,1,2,,0.9914,0.9937,0.6506,0.7171,20,13,OFF
1790492151.3090494,5,185,0,state-aware,1,1,,0.0,0.0,0.3649,0.204,21,13,OFF
1790492152.1446047,3,175,1,state-aware,1,2,,0.9923,0.9922,0.7134,0.7641,21,14,OFF
1790492152.3105202,2,174,0,state-aware,1,1,,0.8887,0.9891,0.772,0.7486,22,14,OFF
1790492152.3111923,7,187,0,state-aware,1,1,,0.9926,0.681,0.7803,0.5966,23,14,OFF
1790492165.318434,9,190,0,state-aware,1,2,,0.0,0.0,0.2254,0.3259,20,12,ON
1790492167.3211772,6,189,0,state-aware,1,1,,0.0,0.0,0.2331,0.1869,21,11,ON
1790492179.328557,1,179,0,state-aware,1,1,,0.0,0.0,0.3083,0.1741,18,8,OFF
1790492182.4667673,3,177,1,state-aware,1,2,,0.9925,0.9816,0.7135,0.7575,16,9,OFF
1790492189.2446182,8,189,1,state-aware,1,1,,0.9915,0.9938,0.7675,0.7,16,8,OFF
1790492190.4439871,1,180,1,state-aware,1,1,,0.0,0.0056,0.2543,0.1769,16,8,OFF
1790492190.9642694,4,118,1,state-aware,1,1,,0.9925,0.9924,0.8159,0.8003,16,8,OFF
1790492192.1274338,5,188,1,state-aware,1,2,,0.9941,0.9932,0.8168,0.8248,16,8,OFF
1790492192.6185648,7,190,1,state-aware,1,2,,0.8259,0.9863,0.7045,0.7874,16,8,OFF
1790492193.9399562,6,191,1,state-aware,1,1,,0.9933,0.9755,0.7298,0.6746,16,8,OFF
1790492195.994275,10,187,1,state-aware,1,2,,0.7452,0.8379,0.548,0.6197,15,9,OFF
1790492198.343875,2,177,0,state-aware,1,1,,0.9931,0.9916,0.8465,0.7499,15,8,OFF
1790492201.3563824,3,178,0,state-aware,1,2,,0.9901,0.9915,0.7122,0.7763,14,9,OFF
1790492204.1972706,4,119,1,state-aware,1,1,,0.0,0.0002,0.3381,0.0916,15,9,OFF
1790492204.6805387,1,181,1,state-aware,1,2,,0.9819,0.9935,0.6389,0.6708,15,10,OFF
1790492206.2238443,5,189,1,state-aware,1,2,,0.0,0.9942,0.3649,0.8346,13,10,OFF
1790492207.1413338,6,192,1,state-aware,1,1,,0.0,0.0,0.3125,0.1869,13,10,OFF
1790492208.1057193,2,178,1,state-aware,1,1,,0.9915,0.9925,0.7637,0.7504,14,10,OFF
1790492210.9720306,10,188,1,state-aware,1,1,,0.9922,0.9943,0.6509,0.6434,14,9,OFF
1790492211.745268,3,179,1,state-aware,1,1,,0.9932,0.9923,0.7139,0.699,14,9,OFF
1790492212.3566353,9,193,0,state-aware,1,2,,0.9888,0.989,0.7747,0.8204,12,9,OFF
1790492213.3586998,7,191,0,state-aware,1,1,,0.9853,0.9922,0.777,0.7134,13,9,OFF
1790492255.4688869,3,182,1,ewma,1,1,,0.9935,0.9896,0.5,0.5,1,0,OFF
1790492259.7711258,7,194,0,ewma,1,2,,0.0001,0.7811,0.5,0.5,1,1,OFF
1790492259.771911,10,191,0,ewma,1,2,,0.9862,0.9862,0.5,0.5,1,2,OFF
1790492264.7038267,1,185,1,ewma,1,1,,0.9901,0.9933,0.5,0.5,2,2,OFF
1790492266.844758,4,123,1,ewma,1,2,,0.9933,0.9883,0.5,0.5,2,3,OFF
1790492267.630707,8,194,1,ewma,1,2,,0.9933,0.9942,0.5,0.5,2,4,OFF
1790492268.2110174,9,197,1,ewma,1,2,,0.0,0.0,0.5,0.5,2,5,OFF
1790492268.619733,10,192,1,ewma,1,1,,0.9925,0.9925,0.5,0.4,3,5,OFF
1790492269.0966523,2,182,1,ewma,1,1,,0.0,0.9,0.5,0.5,4,5,OFF
1790492269.0972605,7,195,1,ewma,1,1,,0.0001,0.0002,0.5,0.4,5,5,OFF
1790492269.6196916,6,196,1,ewma,1,2,,0.9933,0.9925,0.5,0.5,5,6,OFF
1790492271.5507398,3,183,1,ewma,1,2,,0.9913,0.9877,0.4,0.5,5,7,OFF
1790492273.775779,5,193,0,ewma,1,1,,0.8804,0.989,0.5,0.5,6,7,OFF
1790492277.7061005,1,186,1,ewma,1,1,,0.9915,0.9901,0.6,0.5,7,7,OFF
1790492280.4623241,4,124,1,ewma,1,2,,0.9933,0.9924,0.5,0.6,7,8,ON
1790492287.779606,8,195,0,ewma,1,2,,0.0,0.0,0.5,0.6,7,9,ON
1790492288.7815518,2,183,0,ewma,1,1,,0.6596,0.6189,0.6,0.5,8,9,ON
1790492296.5454628,4,125,1,ewma,1,1,,0.9916,0.9901,0.5,0.48,9,9,OFF
1790492297.154709,6,198,1,ewma,1,1,,0.9925,0.9932,0.5,0.5,10,9,OFF
1790492297.7087734,7,197,1,ewma,1,1,,0.8887,0.9465,0.5,0.4,11,9,OFF
1790492298.4912274,2,184,1,ewma,1,2,,0.8606,0.9916,0.48,0.5,11,10,OFF
1790492298.596831,5,195,1,ewma,1,2,,0.0,0.8887,0.5,0.5,11,11,OFF
1790492299.107054,9,199,1,ewma,1,2,,0.9942,0.9933,0.5,0.5,11,12,OFF
1790492300.6446533,3,185,1,ewma,1,2,,0.9925,0.99,0.4,0.5,11,13,OFF
1790492303.7855084,8,196,0,ewma,1,1,,0.0,0.0236,0.5,0.48,12,13,OFF
1790492306.569102,1,188,1,ewma,1,1,,0.9924,0.9925,0.6,0.5,13,13,OFF
1790492310.1758778,6,199,1,ewma,1,1,,0.9926,0.9901,0.6,0.5,14,13,OFF
1790492310.872816,4,126,1,ewma,1,1,,0.9902,0.9925,0.6,0.48,15,13,OFF
1790492311.4915364,7,198,1,ewma,1,1,,0.1604,0.9821,0.6,0.4,16,13,OFF
1790492312.0398932,5,196,1,ewma,1,2,,0.9915,0.9926,0.5,0.6,16,14,OFF
1790492312.8243976,9,200,1,ewma,1,2,,0.9925,0.9925,0.5,0.6,16,15,OFF
1790492313.6727655,8,197,1,ewma,1,2,,0.994,0.993,0.4,0.48,16,16,OFF
1790492313.9394681,3,186,1,ewma,1,2,,0.9925,0.9938,0.4,0.6,16,17,OFF
1790492318.7898483,2,185,0,ewma,1,2,,0.0,0.002,0.48,0.6,15,18,OFF
1790492318.790846,10,195,0,ewma,1,1,,0.9938,0.9915,0.5,0.4,16,18,OFF
1790492321.820855,1,189,1,ewma,1,2,,0.9899,0.9899,0.48,0.5,16,17,OFF
1790492323.6001735,6,200,1,ewma,1,1,,0.9914,0.7888,0.68,0.5,17,17,OFF
1790492323.995364,4,127,1,ewma,1,1,,0.9938,0.9913,0.68,0.48,18,17,OFF
1790492325.5188866,7,199,1,ewma,1,1,,0.9932,0.9933,0.68,0.4,18,17,OFF
1790492326.947898,8,198,1,ewma,1,2,,0.4953,0.8949,0.4,0.584,18,17,OFF
1790492328.1819868,2,186,1,ewma,1,2,,0.9776,0.9912,0.48,0.48,18,17,OFF
1790492328.7187583,5,197,1,ewma,1,1,,0.9913,0.9935,0.5,0.48,18,16,OFF
1790492328.9900613,10,196,1,ewma,1,1,,0.9901,0.9926,0.4,0.4,19,16,OFF
1790492332.7960362,9,201,0,ewma,1,2,,0.9942,0.9942,0.5,0.68,17,15,OFF
1790492333.7977874,3,187,0,ewma,1,2,,0.9925,0.9926,0.4,0.68,16,16,OFF
1790492336.0953662,1,190,1,ewma,1,2,,0.9925,0.9941,0.48,0.6,16,17,ON
1790492338.0952888,4,128,1,ewma,1,1,,0.9938,0.9941,0.744,0.48,16,17,ON
1790492338.765632,6,201,1,ewma,1,1,,0.0,0.0,0.544,0.5,17,17,ON
1790492345.8027527,8,199,0,ewma,1,2,,0.0,0.0,0.4,0.6672,17,17,ON
1790492347.8051324,5,198,0,ewma,1,1,,0.0,0.0,0.6,0.48,18,16,OFF
1790492351.938083,1,191,1,ewma,1,2,,0.9913,0.9942,0.48,0.48,17,17,OFF
1790492354.1895792,7,201,1,ewma,1,1,,0.0,0.0293,0.68,0.4,18,17,OFF
1790492355.0239189,6,202,1,ewma,1,2,,0.9914,0.9915,0.4352,0.5,18,18,OFF
1790492356.0392065,8,200,1,ewma,1,2,,0.9926,0.9938,0.4,0.5338,18,19,OFF
1790492357.366025,2,188,1,ewma,1,2,,0.9937,0.9937,0.48,0.48,16,20,OFF
1790492358.1086771,9,203,1,ewma,1,2,,0.0,0.1715,0.5,0.68,15,21,OFF
1790492358.791774,3,189,1,ewma,1,2,,0.9915,0.9901,0.4,0.68,15,20,OFF
1790492359.0980558,10,198,1,ewma,1,2,,0.9921,0.9932,0.4,0.4,15,21,OFF
1790492363.8168576,5,199,0,ewma,1,2,,0.9877,0.9842,0.48,0.48,14,20,OFF
1790492367.508489,1,192,1,ewma,1,1,,0.9914,0.9925,0.48,0.384,14,20,OFF
1790492369.6623585,7,202,1,ewma,1,1,,0.0,0.988,0.544,0.4,15,20,OFF
1790492370.2567604,4,130,1,ewma,1,1,,0.9933,0.9913,0.744,0.48,15,20,OFF
1790492370.9058683,2,189,1,ewma,1,2,,0.9915,0.9925,0.48,0.584,14,21,OFF
1790492372.3199668,9,204,1,ewma,1,2,,0.0,0.0032,0.5,0.744,13,21,OFF
1790492372.8241289,3,190,1,ewma,1,2,,0.9901,0.9872,0.4,0.744,13,21,OFF
1790492373.8578672,5,200,1,ewma,1,1,,0.994,0.9926,0.48,0.384,14,20,OFF
1790492375.8266172,6,203,0,ewma,1,1,,0.0,0.9915,0.4352,0.4,15,19,ON
1790492377.8290823,10,199,0,ewma,1,2,,0.9898,0.9932,0.4,0.52,15,20,ON
1790492377.8297088,8,201,0,ewma,1,2,,0.9877,0.9938,0.4,0.427,15,21,ON
1790492385.8344917,1,193,0,ewma,1,1,,0.7952,0.4917,0.584,0.384,12,19,ON
1790492390.837748,4,131,0,ewma,1,1,,0.0,0.0,0.5952,0.48,11,17,ON
1790492399.8656678,1,194,0,ewma,1,1,,0.2256,0.2918,0.4672,0.384,10,14,OFF
1790492399.866487,7,204,1,ewma,1,1,,0.9934,0.3652,0.544,0.4,11,14,OFF
1790492400.3603773,2,191,1,ewma,1,2,,0.9881,0.9846,0.48,0.584,11,15,OFF
1790492400.883601,6,205,1,ewma,1,1,,0.9924,0.9914,0.4352,0.4,12,15,OFF
1790492402.632431,5,202,1,ewma,1,1,,0.9915,0.9925,0.48,0.384,13,15,OFF
1790492403.9531403,10,201,1,ewma,1,2,,0.99,0.9938,0.4,0.52,13,16,OFF
1790492405.8865113,4,132,0,ewma,1,2,,0.0,0.0,0.4762,0.48,13,16,OFF
1790492408.889413,9,206,0,ewma,1,2,,0.9868,0.9803,0.5,0.744,12,17,OFF
1790492409.8915517,8,203,0,ewma,1,2,,0.9942,0.9933,0.4,0.427,12,18,OFF
1790492410.14111,1,195,1,ewma,1,2,,0.9943,0.9925,0.3738,0.384,12,19,OFF
1790492415.3473594,7,205,1,ewma,1,1,,0.9914,0.9914,0.4352,0.4,12,17,OFF
1790492415.9656646,2,192,1,ewma,1,1,,0.9938,0.9925,0.48,0.4672,13,17,OFF
1790492416.5861208,4,133,1,ewma,1,1,,0.9921,0.9923,0.4762,0.384,14,16,OFF
1790492416.8539164,5,203,1,ewma,1,1,,0.0,0.0,0.584,0.384,15,16,OFF
1790492417.3899834,6,206,1,ewma,1,2,,0.9901,0.9902,0.3482,0.4,15,16,OFF
1790492418.696511,9,207,1,ewma,1,2,,0.9353,0.8507,0.5,0.5952,15,16,OFF
1790492419.4485164,10,202,1,ewma,1,2,,0.9932,0.9932,0.4,0.416,15,15,OFF
1790492420.7907045,8,204,1,ewma,1,1,,0.9915,0.9925,0.4,0.3416,16,15,OFF
1790492423.8322852,1,196,1,ewma,1,2,,0.9914,0.9925,0.3738,0.5072,16,15,OFF
1790492423.8966508,3,193,0,ewma,1,2,,0.9914,0.9912,0.4,0.744,16,16,OFF
1790492429.9984999,2,193,1,ewma,1,1,,0.9901,0.9932,0.584,0.4672,15,16,OFF
1790492430.1856797,5,204,1,ewma,1,1,,0.9931,0.9924,0.6672,0.384,16,16,OFF
1790492430.8997931,4,134,1,ewma,1,1,,0.0,0.9925,0.5809,0.384,16,16,OFF
1790492431.42746,7,206,1,ewma,1,2,,0.9933,0.9925,0.3482,0.4,16,16,OFF
1790492432.0235655,9,208,1,ewma,1,2,,0.9915,0.9915,0.5,0.6762,16,17,OFF
1790492432.5455282,10,203,1,ewma,1,2,,0.9925,0.9915,0.4,0.5328,16,17,OFF
1790492433.9572332,6,207,1,ewma,1,1,,0.9901,0.9938,0.3482,0.32,16,16,OFF
1790492434.8854847,3,194,1,ewma,1,2,,0.9925,0.9933,0.4,0.5952,16,17,OFF
1790492438.911977,8,205,0,ewma,1,1,,0.0,0.0,0.52,0.3416,16,15,OFF
1790492439.0779808,1,197,1,ewma,1,2,,0.9937,0.9931,0.3738,0.4058,16,16,OFF
1790492443.4960914,2,194,1,ewma,1,1,,0.9931,0.9931,0.6672,0.4672,17,16,OFF
1790492444.3335564,4,135,1,ewma,1,1,,0.0,0.0,0.6647,0.384,18,16,OFF
1790492444.917549,5,205,1,ewma,1,1,,0.9942,0.9942,0.7338,0.384,19,16,OFF
1790492445.5337415,9,209,1,ewma,1,2,,0.99,0.9902,0.5,0.7409,19,17,OFF
1790492446.5597386,10,204,1,ewma,1,2,,0.9931,0.9944,0.4,0.6262,18,18,OFF
1790492448.505783,6,208,1,ewma,1,1,,0.9938,0.9925,0.4785,0.32,19,18,OFF
1790492448.732351,8,206,1,ewma,1,1,,0.9914,0.9931,0.416,0.3416,20,18,OFF
1790492450.7787366,3,195,1,ewma,1,2,,0.9925,0.9933,0.4,0.4762,20,19,OFF
1790492451.9219477,7,207,0,ewma,1,1,,0.9924,0.9933,0.3482,0.32,20,19,ON
1790492453.0352201,1,198,1,ewma,1,2,,0.9938,0.9915,0.3738,0.5246,20,20,ON
1790492462.928388,5,206,0,ewma,1,1,,0.0,0.0,0.787,0.384,17,19,ON
1790492466.9321446,9,210,0,ewma,1,2,,0.0,0.0,0.5,0.5927,17,18,OFF
1790492467.9356573,8,207,0,ewma,1,1,,0.0016,0.0095,0.5328,0.3416,18,18,OFF
1790492467.9367802,6,209,0,ewma,1,1,,0.0,0.0,0.5828,0.32,19,18,OFF
1790492468.98459,1,199,1,ewma,1,2,,0.9938,0.9925,0.3738,0.4197,19,18,OFF
1790492469.939793,3,196,0,ewma,1,2,,0.9915,0.9915,0.4,0.5809,19,18,OFF
1790492471.0325975,2,196,1,ewma,1,1,,0.9911,0.9929,0.6672,0.4672,20,17,OFF
1790492473.593408,4,137,1,ewma,1,1,,0.9915,0.9938,0.6647,0.384,21,17,OFF
1790492474.108143,5,207,1,ewma,1,1,,0.9938,0.9942,0.6296,0.384,22,17,OFF
1790492476.038397,10,206,1,ewma,1,2,,0.9914,0.9933,0.4,0.6262,20,18,OFF
1790492476.4571922,7,209,1,ewma,1,1,,0.1165,0.0016,0.3482,0.32,21,18,OFF
1790492477.1698263,8,208,1,ewma,1,1,,0.9918,0.9935,0.4262,0.3416,20,18,OFF
1790492478.7448902,6,210,1,ewma,1,1,,0.9938,0.9926,0.4663,0.32,21,16,OFF
1790492480.350375,3,197,1,ewma,1,2,,0.9914,0.9925,0.4,0.4647,21,16,OFF
1790492481.9614203,9,211,0,ewma,1,1,,0.8689,0.8689,0.5,0.4742,21,16,OFF
1790492482.2984843,1,200,1,ewma,1,2,,0.9938,0.9912,0.3738,0.5357,21,17,OFF
1790492486.3037138,2,197,1,ewma,1,1,,0.9925,0.9925,0.5338,0.4672,22,15,OFF
1790492488.2723556,5,208,1,ewma,1,1,,0.9942,0.9944,0.7037,0.384,23,15,OFF
1790492489.1586723,4,138,1,ewma,1,1,,0.9941,0.9925,0.5318,0.384,24,15,OFF
1790492491.6318853,6,211,1,ewma,1,1,,0.9938,0.9933,0.573,0.32,22,14,OFF
1790492492.0308065,9,212,1,ewma,1,2,,0.9925,0.9942,0.4,0.4742,22,14,OFF
1790492494.9988196,8,209,0,ewma,1,1,,0.9882,0.0009,0.541,0.3416,22,12,ON
1790492494.9994488,7,210,0,ewma,1,1,,0.9206,0.0016,0.4785,0.32,23,12,ON
1790492495.0859492,3,198,1,ewma,1,2,,0.9932,0.9925,0.4,0.5718,23,13,ON
1790492509.007817,5,209,0,ewma,1,1,,0.9902,0.0009,0.5629,0.384,18,10,ON
1790492516.0130327,3,199,0,ewma,1,2,,0.0,0.0,0.4,0.4574,17,9,OFF
1790492516.4255874,2,199,1,ewma,1,1,,0.9937,0.9933,0.5338,0.4672,18,9,OFF
1790492518.561098,4,140,1,ewma,1,1,,0.8804,0.8333,0.5318,0.384,19,9,OFF
1790492519.0156748,1,202,0,ewma,1,2,,0.8333,0.7741,0.3738,0.5357,19,10,OFF
1790492519.892764,7,212,1,ewma,1,1,,0.9899,0.99,0.4785,0.32,20,10,OFF
1790492520.5883188,10,209,1,ewma,1,2,,0.9915,0.0,0.4,0.6262,20,11,OFF
1790492521.0063777,6,213,1,ewma,1,1,,0.9933,0.9883,0.573,0.32,21,11,OFF
1790492522.1400862,9,214,1,ewma,1,2,,0.0302,0.9262,0.4,0.4742,21,12,OFF
1790492522.7458477,8,211,1,ewma,1,1,,0.9925,0.9938,0.541,0.3416,22,12,OFF
1790492524.0193005,5,210,0,ewma,1,1,,0.9937,0.8807,0.4504,0.384,22,12,OFF
1790492526.5361714,3,200,1,ewma,1,1,,0.9925,0.9932,0.4,0.3659,23,12,OFF
1790492529.2197928,1,203,1,ewma,1,2,,0.9942,0.9924,0.3738,0.4286,21,11,OFF
1790492531.643073,2,200,1,ewma,1,2,,0.9901,0.9901,0.427,0.4672,20,11,OFF
1790492532.7796326,4,141,1,ewma,1,1,,0.9926,0.9938,0.6254,0.384,21,11,OFF
1790492533.070111,7,213,1,ewma,1,1,,0.9924,0.9924,0.5828,0.32,22,11,OFF
1790492533.912983,10,210,1,ewma,1,2,,0.9914,0.0,0.4,0.701,21,12,OFF
1790492534.453988,6,214,1,ewma,1,1,,0.9942,0.9938,0.6584,0.32,21,12,OFF
1790492534.8136072,5,211,1,ewma,1,2,,0.9933,0.9938,0.3603,0.384,21,13,OFF
1790492535.7633624,8,212,1,ewma,1,1,,0.9915,0.9915,0.6328,0.3416,22,13,OFF
1790492536.470843,9,215,1,ewma,1,2,,0.9911,0.9938,0.4,0.5794,21,13,OFF
1790492540.872177,3,201,1,ewma,1,1,,0.9924,0.9932,0.52,0.3659,20,12,OFF
1790492544.044641,1,204,1,ewma,1,1,,0.9938,0.9901,0.3738,0.3429,20,11,OFF
1790492546.4343886,2,201,1,ewma,1,1,,0.9924,0.9925,0.427,0.3738,20,11,ON
1790492588.3614655,3,204,1,round-robin,2,1,,0.9901,0.9901,nan,nan,1,0,OFF
1790492589.203372,1,207,1,round-robin,2,1,,0.9941,0.9937,nan,nan,2,0,OFF
1790492592.2957802,2,204,1,round-robin,2,1,,0.9899,0.9925,nan,nan,3,0,OFF
1790492593.1983075,5,215,1,round-robin,2,1,,0.9944,0.9925,nan,nan,4,0,OFF
1790492593.928559,10,214,1,round-robin,2,1,,0.9932,0.9924,nan,nan,5,0,OFF
1790492594.5597157,7,217,1,round-robin,2,1,,0.9924,0.994,nan,nan,6,0,OFF
1790492595.872191,6,218,1,round-robin,2,1,,0.9925,0.9925,nan,nan,7,0,OFF
1790492596.372455,8,216,1,round-robin,2,1,,0.0,0.9938,nan,nan,8,0,OFF
1790492596.8898892,4,145,1,round-robin,2,1,,0.9914,0.9915,nan,nan,9,0,OFF
1790492598.8459191,9,219,1,round-robin,2,1,,0.9926,0.9942,nan,nan,10,0,OFF
1790492601.906924,1,208,1,round-robin,2,2,,0.8541,0.9883,nan,nan,10,1,OFF
1790492602.405336,3,205,1,round-robin,2,2,,0.9932,0.9925,nan,nan,10,2,OFF
1790492607.8529584,10,215,1,round-robin,2,2,,0.9932,0.994,nan,nan,10,3,OFF
1790492608.1470082,7,218,1,round-robin,2,2,,0.9899,0.9933,nan,nan,10,4,OFF
1790492609.0570488,2,205,1,round-robin,2,2,,0.9901,0.9915,nan,nan,10,5,OFF
1790492609.5108986,5,216,1,round-robin,2,2,,0.0,0.0,nan,nan,10,6,OFF
1790492610.0923865,6,219,1,round-robin,2,2,,0.9943,0.9925,nan,nan,10,7,OFF
1790492611.2429209,4,146,1,round-robin,2,2,,0.9914,0.9924,nan,nan,10,8,OFF
1790492613.2458632,9,220,1,round-robin,2,2,,0.9925,0.9938,nan,nan,10,9,OFF
1790492614.5996785,1,209,1,round-robin,2,1,,0.9933,0.9881,nan,nan,11,9,OFF
1790492615.4696267,8,217,0,round-robin,2,2,,0.9868,0.9943,nan,nan,11,10,OFF
1790492616.7672014,3,206,1,round-robin,2,1,,0.9938,0.9915,nan,nan,12,10,OFF
1790492628.4738104,7,219,0,round-robin,2,1,,0.0165,0.0,nan,nan,13,10,ON
1790492630.4761422,8,218,0,round-robin,2,1,,0.0292,0.0095,nan,nan,14,10,ON
1790492633.478332,1,210,0,round-robin,2,2,,0.8541,0.8934,nan,nan,14,11,OFF
1790492635.4806545,3,207,0,round-robin,2,2,,0.0,0.0,nan,nan,14,12,OFF
1790492636.8470168,2,207,1,round-robin,2,1,,0.9915,0.99,nan,nan,15,12,OFF
1790492637.6391242,5,218,1,round-robin,2,1,,0.9457,0.0,nan,nan,16,12,OFF
1790492638.1500993,10,217,1,round-robin,2,1,,0.9925,0.9933,nan,nan,17,12,OFF
1790492638.891219,7,220,1,round-robin,2,2,,0.9914,0.99,nan,nan,17,13,OFF
1790492641.0063717,6,221,1,round-robin,2,1,,0.8536,0.8715,nan,nan,18,13,OFF
1790492642.754122,4,148,1,round-robin,2,1,,0.9933,0.9915,nan,nan,19,13,OFF
1790492643.199534,1,211,1,round-robin,2,1,,0.9933,0.9923,nan,nan,20,13,OFF
1790492644.7023208,9,222,1,round-robin,2,1,,0.9938,0.9926,nan,nan,21,13,OFF
1790492645.4150248,3,208,1,round-robin,2,1,,0.9914,0.9914,nan,nan,22,13,OFF
1790492646.489617,8,219,0,round-robin,2,2,,0.9839,0.9869,nan,nan,22,14,OFF
1790492650.0408509,2,208,1,round-robin,2,2,,0.9924,0.9932,nan,nan,20,15,OFF
1790492652.1802104,10,218,1,round-robin,2,2,,0.9891,0.0,nan,nan,20,16,OFF
1790492652.698688,7,221,1,round-robin,2,1,,0.0034,0.0,nan,nan,20,16,OFF
1790492653.087991,5,219,1,round-robin,2,2,,0.9925,0.9922,nan,nan,20,17,OFF
1790492655.154989,6,222,1,round-robin,2,2,,0.9916,0.9938,nan,nan,17,18,OFF
1790492657.2064805,1,212,1,round-robin,2,2,,0.0,0.9858,nan,nan,14,19,OFF
1790492658.251979,3,209,1,round-robin,2,2,,0.9933,0.9938,nan,nan,14,20,OFF
1790492659.9705098,9,223,1,round-robin,2,2,,0.9938,0.9914,nan,nan,13,21,OFF
1790492662.4964502,4,149,0,round-robin,2,2,,0.9942,0.9937,nan,nan,13,20,OFF
1790492663.9698284,2,209,1,round-robin,2,1,,0.9915,0.9914,nan,nan,14,20,OFF
1790492664.8780508,10,219,1,round-robin,2,1,,0.9938,0.9942,nan,nan,15,20,OFF
1790492666.1091747,7,222,1,round-robin,2,2,,0.9914,0.9933,nan,nan,15,21,OFF
1790492666.9228575,5,220,1,round-robin,2,1,,0.9938,0.9943,nan,nan,16,21,OFF
1790492670.2993028,1,213,1,round-robin,2,1,,0.9915,0.9925,nan,nan,17,16,OFF
1790492671.1087372,6,223,1,round-robin,2,1,,0.9938,0.9933,nan,nan,18,16,OFF
1790492672.0399597,3,210,1,round-robin,2,1,,0.0008,0.0,nan,nan,19,15,OFF
1790492672.4512773,4,150,1,round-robin,2,1,,0.9914,0.9926,nan,nan,20,15,OFF
1790492673.7014742,9,224,1,round-robin,2,1,,0.9926,0.9938,nan,nan,21,14,OFF
1790492676.464476,2,210,1,round-robin,2,2,,0.9938,0.9902,nan,nan,20,14,ON
1790492677.501629,8,221,0,round-robin,2,1,,0.9929,0.9878,nan,nan,20,14,ON
1790492677.5667543,10,220,1,round-robin,2,2,,0.9915,0.9938,nan,nan,20,15,ON
1790492686.505713,5,221,0,round-robin,2,2,,0.0,0.0,nan,nan,20,16,ON
1790492688.5096593,1,214,0,round-robin,2,2,,0.99,0.9882,nan,nan,19,17,OFF
1790492690.5120525,3,211,0,round-robin,2,2,,0.0,0.0,nan,nan,18,18,OFF
1790492690.5130908,6,224,0,round-robin,2,2,,0.0,0.0,nan,nan,18,19,OFF
1790492691.5151887,4,151,0,round-robin,2,2,,0.0,0.0,nan,nan,18,20,OFF
1790492692.5174334,9,225,0,round-robin,2,2,,0.0,0.0,nan,nan,18,21,OFF
1790492692.7184587,2,211,1,round-robin,2,1,,0.9932,0.9933,nan,nan,19,21,OFF
1790492693.855663,10,221,1,round-robin,2,1,,0.9924,0.9932,nan,nan,20,20,OFF
1790492696.249668,7,224,1,round-robin,2,1,,0.9925,0.9914,nan,nan,21,19,OFF
1790492698.149087,5,222,1,round-robin,2,1,,0.9932,0.9937,nan,nan,20,19,OFF
1790492698.7734642,1,215,1,round-robin,2,1,,0.9942,0.9932,nan,nan,20,19,OFF
1790492699.701431,3,212,1,round-robin,2,1,,0.9938,0.9936,nan,nan,21,18,OFF
1790492700.302055,6,225,1,round-robin,2,1,,0.9915,0.9925,nan,nan,22,18,OFF
1790492702.8680506,4,152,1,round-robin,2,1,,0.0,0.0054,nan,nan,21,18,OFF
1790492703.3018038,8,223,1,round-robin,2,2,,0.9931,0.9924,nan,nan,20,19,OFF
1790492705.2252927,2,212,1,round-robin,2,2,,0.9916,0.9914,nan,nan,19,20,OFF
1790492707.399186,10,222,1,round-robin,2,2,,0.9933,0.9941,nan,nan,18,20,OFF
1790492708.5232236,9,226,0,round-robin,2,1,,0.9805,0.0,nan,nan,19,20,OFF
1790492710.542104,7,225,1,round-robin,2,2,,0.9924,0.9925,nan,nan,19,20,OFF
1790492711.1652522,5,223,1,round-robin,2,2,,0.9915,0.9915,nan,nan,19,21,OFF
1790492712.6168933,1,216,1,round-robin,2,2,,0.9938,0.99,nan,nan,19,21,OFF
1790492713.1036031,6,226,1,round-robin,2,2,,0.9933,0.9938,nan,nan,18,21,OFF
1790492715.369432,3,213,1,round-robin,2,2,,0.9937,0.9924,nan,nan,18,21,OFF
1790492716.029144,4,153,1,round-robin,2,2,,0.9925,0.9913,nan,nan,18,22,OFF
1790492718.426046,2,213,1,round-robin,2,1,,0.0004,0.99,nan,nan,19,20,OFF
1790492718.8321342,8,224,1,round-robin,2,1,,0.0,0.9924,nan,nan,20,20,OFF
1790492719.0343683,9,227,1,round-robin,2,2,,0.9915,0.9923,nan,nan,20,21,OFF
1790492723.143584,7,226,1,round-robin,2,1,,0.9915,0.9942,nan,nan,21,19,OFF
1790492723.8800976,10,223,1,round-robin,2,1,,0.9933,0.9925,nan,nan,22,19,OFF
1790492725.4982474,5,224,1,round-robin,2,1,,0.9915,0.9915,nan,nan,21,19,OFF
1790492726.549928,6,227,1,round-robin,2,1,,0.9915,0.9925,nan,nan,22,18,OFF
1790492729.179222,1,217,1,round-robin,2,1,,0.0,0.0,nan,nan,22,18,OFF
1790492730.3035202,3,214,1,round-robin,2,1,,0.9932,0.9924,nan,nan,22,18,OFF
1790492731.0383978,2,214,1,round-robin,2,2,,0.9938,0.9925,nan,nan,22,19,OFF
1790492732.961914,9,228,1,round-robin,2,1,,0.9933,0.9937,nan,nan,20,19,OFF
1790492733.2883477,8,225,1,round-robin,2,2,,0.9915,0.9925,nan,nan,20,20,OFF
1790492734.5547163,4,154,0,round-robin,2,1,,0.9915,0.9933,nan,nan,20,20,OFF
1790492738.1896734,7,227,1,round-robin,2,2,,0.0171,0.0,nan,nan,19,19,OFF
1790492738.4968238,10,224,1,round-robin,2,2,,0.9915,0.9896,nan,nan,19,20,OFF
1790492739.7318003,6,228,1,round-robin,2,2,,0.9942,0.9933,nan,nan,19,21,ON
1790492740.474574,5,225,1,round-robin,2,2,,0.9925,0.9942,nan,nan,19,22,ON
1790492749.5629115,2,215,0,round-robin,2,1,,0.7949,0.9461,nan,nan,20,20,OFF
1790492751.913892,10,225,1,round-robin,2,1,,0.9523,0.9411,nan,nan,21,17,OFF
1790492752.4374216,7,228,1,round-robin,2,1,,0.994,0.9929,nan,nan,22,17,OFF
1790492755.4938827,6,229,1,round-robin,2,1,,0.9942,0.9938,nan,nan,21,16,OFF
1790492756.0434923,5,226,1,round-robin,2,1,,0.9933,0.9932,nan,nan,22,16,OFF
1790492758.8803973,1,219,1,round-robin,2,2,,0.9915,0.9933,nan,nan,19,17,OFF
1790492760.2971795,2,216,1,round-robin,2,2,,0.9932,0.9925,nan,nan,18,18,OFF
1790492763.4776952,9,230,1,round-robin,2,2,,0.9942,0.9933,nan,nan,16,18,OFF
1790492764.2997293,8,227,1,round-robin,2,1,,0.9901,0.9933,nan,nan,17,18,OFF
1790492764.5736167,4,156,0,round-robin,2,2,,0.9933,0.9941,nan,nan,17,19,OFF
1790492765.013849,10,226,1,round-robin,2,2,,0.994,0.9925,nan,nan,17,20,OFF
1790492765.575679,3,216,0,round-robin,2,2,,0.9938,0.9833,nan,nan,17,20,OFF
1790492766.8579714,7,229,1,round-robin,2,2,,0.9937,0.9937,nan,nan,17,21,OFF
1790492775.2607694,4,157,1,round-robin,2,1,,0.9913,0.9197,nan,nan,17,16,OFF
1790492775.5169659,2,217,1,round-robin,2,1,,0.9934,0.9926,nan,nan,18,15,OFF
1790492776.5847242,6,230,0,round-robin,2,2,,0.9933,0.9933,nan,nan,18,15,OFF
1790492776.8318703,8,228,1,round-robin,2,2,,0.9925,0.9926,nan,nan,18,16,OFF
1790492777.5865774,1,220,0,round-robin,2,1,,0.8535,0.9605,nan,nan,19,16,OFF
1790492777.5879712,5,227,0,round-robin,2,2,,0.8943,0.8804,nan,nan,19,17,OFF
1790492778.1344914,9,231,1,round-robin,2,1,,0.9932,0.9925,nan,nan,20,17,OFF
1790492779.0578575,10,227,1,round-robin,2,1,,0.9938,0.9925,nan,nan,19,16,OFF
1790492780.5259342,7,230,1,round-robin,2,1,,0.9938,0.9926,nan,nan,20,16,OFF
1790492786.6443543,1,221,1,round-robin,2,2,,0.9867,0.9925,nan,nan,16,17,OFF
1790492788.088327,6,231,1,round-robin,2,1,,0.9938,0.9926,nan,nan,17,17,OFF
1790492789.0258281,4,158,1,round-robin,2,2,,0.9933,0.9901,nan,nan,17,18,OFF
1790492789.7063246,2,218,1,round-robin,2,2,,0.0,0.7615,nan,nan,16,19,OFF
1790492790.752313,3,218,1,round-robin,2,1,,0.9898,0.9932,nan,nan,16,19,OFF
1790492791.5976887,5,228,0,round-robin,2,1,,0.0,0.9868,nan,nan,17,18,OFF
1790492792.3637834,9,232,1,round-robin,2,2,,0.9925,0.9942,nan,nan,17,19,OFF
1790492793.2801008,10,228,1,round-robin,2,2,,0.9915,0.9925,nan,nan,16,20,OFF
1790492795.150388,7,231,1,round-robin,2,2,,0.9925,0.9937,nan,nan,15,20,OFF
1790492799.6476347,1,222,1,round-robin,2,1,,0.9938,0.9914,nan,nan,16,18,OFF
1790492801.673833,5,229,1,round-robin,2,2,,0.9933,0.9944,nan,nan,16,17,ON
1790492802.4971628,6,232,1,round-robin,2,2,,0.9925,0.9915,nan,nan,16,18,ON
1790492803.124694,2,219,1,round-robin,2,1,,0.9926,0.9938,nan,nan,17,18,ON
1790492809.607174,4,159,0,round-robin,2,1,,0.9915,0.992,nan,nan,17,18,ON
1790492811.6102743,9,233,0,round-robin,2,1,,0.0,0.0,nan,nan,18,18,OFF
1790492814.613291,7,232,0,round-robin,2,1,,0.0,0.0,nan,nan,17,18,OFF
1790492816.214978,1,223,1,round-robin,2,2,,0.9937,0.9941,nan,nan,15,19,OFF
1790492818.1798394,5,230,1,round-robin,2,1,,0.9933,0.99,nan,nan,16,19,OFF
1790492818.277851,2,220,1,round-robin,2,2,,0.9923,0.9915,nan,nan,16,20,OFF
1790492819.409614,4,160,1,round-robin,2,2,,0.9925,0.9938,nan,nan,16,20,OFF
1790492819.803878,8,231,1,round-robin,2,1,,0.9798,0.0,nan,nan,17,20,OFF
1790492821.7584627,9,234,1,round-robin,2,2,,0.9938,0.9938,nan,nan,17,20,OFF
1790492823.6194756,6,233,0,round-robin,2,1,,0.0001,0.0,nan,nan,18,19,OFF
1790492824.627638,10,230,1,round-robin,2,1,,0.9926,0.9925,nan,nan,18,18,OFF
1790492825.747923,7,233,1,round-robin,2,2,,0.9938,0.9933,nan,nan,18,17,OFF
1790492830.8712175,1,224,1,round-robin,2,1,,0.988,0.9899,nan,nan,19,16,OFF
1790492832.4212844,6,234,1,round-robin,2,2,,0.9938,0.9925,nan,nan,19,17,OFF
1790492833.843942,4,161,1,round-robin,2,1,,0.9815,0.99,nan,nan,20,17,OFF
1790492834.4889112,5,231,1,round-robin,2,2,,0.9909,0.9854,nan,nan,20,18,OFF
1790492835.1712456,9,235,1,round-robin,2,1,,0.9933,0.9933,nan,nan,21,18,OFF
1790492837.5222235,10,231,1,round-robin,2,2,,0.9925,0.9938,nan,nan,19,17,OFF
1790492838.9548144,7,234,1,round-robin,2,1,,0.9901,0.9902,nan,nan,18,16,OFF
1790492846.229371,6,235,1,round-robin,2,1,,0.9932,0.9933,nan,nan,17,16,OFF
1790492846.5250747,4,162,1,round-robin,2,2,,0.9941,0.9925,nan,nan,17,17,OFF
1790492847.2542343,1,225,1,round-robin,2,2,,0.9942,0.9914,nan,nan,17,17,OFF
1790492848.5887005,9,236,1,round-robin,2,2,,0.9933,0.9925,nan,nan,16,18,OFF
1790492848.9081419,8,233,1,round-robin,2,2,,0.9862,0.9875,nan,nan,16,19,OFF
1790492849.3164706,5,232,1,round-robin,2,1,,0.99,0.9925,nan,nan,17,18,OFF
1790492850.8287475,2,222,1,round-robin,2,1,,0.9901,0.9915,nan,nan,17,17,OFF
1790492851.3502195,10,232,1,round-robin,2,1,,0.9901,0.9914,nan,nan,18,17,OFF
1790492853.1996543,7,235,1,round-robin,2,2,,0.9913,0.9932,nan,nan,17,17,OFF
1790492855.6563869,3,222,0,round-robin,2,2,,0.9937,0.9924,nan,nan,17,16,OFF
1790492867.6643977,9,237,0,round-robin,2,1,,0.0012,0.0284,nan,nan,16,14,OFF
1790492868.6663923,8,234,0,round-robin,2,1,,0.993,0.9923,nan,nan,17,14,OFF
1790492875.4166226,1,227,1,round-robin,2,1,,0.9932,0.9914,nan,nan,15,14,OFF
1790492876.4691827,4,164,1,round-robin,2,1,,0.9901,0.9689,nan,nan,16,13,OFF
1790492877.0378463,6,237,1,round-robin,2,2,,0.9938,0.9915,nan,nan,16,14,OFF
1790492928.641606,10,237,1,random,2,1,,0.9933,0.9933,nan,nan,1,0,OFF
1790492929.5836542,7,240,1,random,2,1,,0.9933,0.9925,nan,nan,2,0,OFF
1790492930.1842313,8,238,0,random,2,1,,0.003,0.0029,nan,nan,3,0,OFF
1790492931.0370066,3,227,1,random,2,1,,0.9914,0.9882,nan,nan,4,0,OFF
1790492931.1856525,5,237,0,random,2,2,,0.0,0.0,nan,nan,4,1,OFF
1790492935.4284945,1,231,1,random,2,1,,0.9914,0.9914,nan,nan,5,1,OFF
1790492940.0275178,2,228,1,random,2,2,,0.8689,0.953,nan,nan,5,2,OFF
1790492940.2730381,6,241,1,random,2,1,,0.8689,0.9693,nan,nan,6,2,OFF
1790492940.5436828,9,242,1,random,2,1,,0.9943,0.9932,nan,nan,7,2,OFF
1790492941.4555752,8,239,1,random,2,2,,0.9933,0.9942,nan,nan,7,3,OFF
1790492942.901595,10,238,1,random,2,2,,0.9933,0.0,nan,nan,7,4,OFF
1790492942.9021876,5,238,1,random,2,2,,0.9145,0.0,nan,nan,7,5,OFF
1790492943.7234015,7,241,1,random,2,2,,0.9933,0.9925,nan,nan,7,6,OFF
1790492944.1154416,3,228,1,random,2,1,,0.9915,0.9915,nan,nan,8,6,OFF
1790492945.1893537,4,168,0,random,2,1,,0.0,0.9897,nan,nan,9,6,OFF
1790492951.2240787,1,232,1,random,2,1,,0.9937,0.9938,nan,nan,10,6,OFF
1790492953.262122,2,229,1,random,2,2,,0.9925,0.9925,nan,nan,10,7,ON
1790492954.973054,9,243,1,random,2,2,,0.9943,0.9915,nan,nan,10,8,ON
1790492955.2704496,8,240,1,random,2,2,,0.8887,0.8689,nan,nan,10,9,ON
1790492961.193751,6,242,0,random,2,1,,0.0,0.0,nan,nan,11,9,ON
1790492961.1950188,10,239,0,random,2,2,,0.0,0.0,nan,nan,11,10,ON
1790492963.1972322,7,242,0,random,2,2,,0.8965,0.5553,nan,nan,11,11,ON
1790492970.9745197,9,244,1,random,2,1,,0.1102,0.0,nan,nan,12,11,OFF
1790492971.762778,6,243,1,random,2,2,,0.1612,0.3021,nan,nan,12,12,OFF
1790492972.9917698,3,230,1,random,2,2,,0.9914,0.9899,nan,nan,12,13,OFF
1790492974.5608103,7,243,1,random,2,1,,0.9925,0.9925,nan,nan,13,13,OFF
1790492976.2008138,8,241,0,random,2,1,,0.9885,0.9875,nan,nan,14,13,OFF
1790492977.2025115,10,240,0,random,2,1,,0.0058,0.5818,nan,nan,15,13,OFF
1790492977.2031832,4,170,0,random,2,2,,0.0,0.0,nan,nan,15,14,OFF
1790492977.2041636,5,240,0,random,2,2,,0.3852,0.8535,nan,nan,15,15,OFF
1790492980.779733,1,234,1,random,2,1,,0.9914,0.9938,nan,nan,16,15,OFF
1790492984.3646579,2,231,1,random,2,1,,0.9942,0.9925,nan,nan,17,15,OFF
1790492985.4194841,6,244,1,random,2,2,,0.8333,0.8804,nan,nan,17,16,OFF
1790492986.108145,10,241,1,random,2,2,,0.9859,0.0,nan,nan,17,17,OFF
1790492986.3034084,8,242,1,random,2,1,,0.9943,0.9933,nan,nan,18,17,OFF
1790492986.825144,5,241,1,random,2,1,,0.9942,0.9933,nan,nan,19,17,OFF
1790492987.945356,7,244,1,random,2,2,,0.9938,0.9925,nan,nan,19,18,OFF
1790492995.9357266,1,235,1,random,2,1,,0.9914,0.9915,nan,nan,15,17,OFF
1790492999.6075022,6,245,1,random,2,1,,0.0,0.9915,nan,nan,16,17,OFF
1790493000.0182502,2,232,1,random,2,1,,0.0,0.0,nan,nan,17,17,OFF
1790493000.5760539,8,243,1,random,2,1,,0.9925,0.9943,nan,nan,16,16,OFF
1790493001.146403,5,242,1,random,2,2,,0.9916,0.9926,nan,nan,16,17,OFF
1790493001.9799774,4,172,1,random,2,1,,0.9252,0.0058,nan,nan,17,16,OFF
1790493002.4887824,3,232,1,random,2,2,,0.993,0.9921,nan,nan,17,17,OFF
1790493003.4220166,7,245,1,random,2,2,,0.9901,0.9925,nan,nan,17,16,OFF
1790493006.2160454,9,246,0,random,2,2,,0.9905,0.9891,nan,nan,15,16,OFF
1790493012.211932,1,236,1,random,2,2,,0.9925,0.9915,nan,nan,14,17,OFF
1790493013.2386985,8,244,1,random,2,1,,0.9933,0.9915,nan,nan,15,17,OFF
1790493014.6054018,10,243,1,random,2,1,,0.9939,0.0001,nan,nan,16,16,OFF
1790493014.977814,5,243,1,random,2,1,,0.8828,0.3836,nan,nan,17,15,OFF
1790493016.0065813,2,233,1,random,2,2,,0.9938,0.9938,nan,nan,17,15,OFF
1790493017.9547691,7,246,1,random,2,2,,0.9925,0.9925,nan,nan,17,16,OFF
1790493020.2214758,4,173,0,random,2,2,,0.0,0.0,nan,nan,17,17,ON
1790493021.2233858,9,247,0,random,2,1,,0.9938,0.9925,nan,nan,17,16,ON
1790493021.2243829,3,233,0,random,2,2,,0.989,0.9875,nan,nan,17,17,ON
1790493035.2301831,5,244,0,random,2,2,,0.0,0.0,nan,nan,15,15,ON
1790493037.2322655,3,234,0,random,2,1,,0.989,0.0,nan,nan,14,13,ON
1790493045.385031,7,248,1,random,2,1,,0.008,0.0019,nan,nan,13,13,OFF
1790493045.902168,10,245,1,random,2,1,,0.0,0.0,nan,nan,14,12,OFF
1790493046.8557124,9,249,1,random,2,2,,0.9933,0.9926,nan,nan,12,12,OFF
1790493050.237537,2,235,0,random,2,1,,0.0,0.0,nan,nan,13,11,OFF
1790493050.2385528,5,245,0,random,2,1,,0.989,0.9853,nan,nan,14,11,OFF
1790493051.2403057,4,175,0,random,2,2,,0.8689,0.0,nan,nan,14,12,OFF
1790493053.242924,3,235,0,random,2,2,,0.0,0.0,nan,nan,14,13,OFF
1790493053.2435691,6,248,0,random,2,1,,0.8333,0.9925,nan,nan,15,13,OFF
1790493056.6641457,1,239,1,random,2,2,,0.9913,0.9923,nan,nan,14,14,OFF
1790493057.3800838,8,247,1,random,2,2,,0.9938,0.9933,nan,nan,14,15,OFF
1790493059.1178744,7,249,1,random,2,1,,0.9915,0.9938,nan,nan,15,15,OFF
1790493059.7523127,9,250,1,random,2,2,,0.9914,0.9914,nan,nan,14,16,OFF
1790493061.0555544,5,246,1,random,2,2,,0.9914,0.9936,nan,nan,12,17,OFF
1790493063.3152807,3,236,1,random,2,2,,0.9944,0.9932,nan,nan,11,16,OFF
1790493064.2256045,6,249,1,random,2,1,,0.9933,0.9937,nan,nan,12,15,OFF
1790493065.2508886,10,246,0,random,2,1,,0.0,0.0,nan,nan,13,15,OFF
1790493066.253716,2,236,0,random,2,1,,0.9868,0.9861,nan,nan,14,14,OFF
1790493066.254908,4,176,0,random,2,2,,0.9911,0.9861,nan,nan,14,15,OFF
1790493069.8682358,1,240,1,random,2,1,,0.9924,0.9932,nan,nan,15,15,OFF
1790493072.2210438,8,248,1,random,2,2,,0.9925,0.9914,nan,nan,15,15,OFF
1790493073.5434637,7,250,1,random,2,2,,0.9925,0.9942,nan,nan,14,16,OFF
1790493075.2895434,2,237,1,random,2,1,,0.8181,0.0,nan,nan,13,16,OFF
1790493077.3274753,6,250,1,random,2,1,,0.0008,0.9937,nan,nan,14,15,OFF
1790493077.4663608,5,247,1,random,2,1,,0.9941,0.8807,nan,nan,15,15,OFF
1790493080.2609816,10,247,0,random,2,2,,0.8535,0.8535,nan,nan,15,14,OFF
1790493081.262798,9,251,0,random,2,1,,0.9937,0.9943,nan,nan,15,13,OFF
1790493081.2637022,3,237,0,random,2,2,,0.9926,0.9933,nan,nan,15,14,OFF
1790493082.2673037,4,177,0,random,2,2,,0.9937,0.9935,nan,nan,15,15,OFF
1790493082.6777825,1,241,1,random,2,1,,0.9937,0.9933,nan,nan,16,15,OFF
1790493086.8644607,8,249,1,random,2,1,,0.9879,0.9943,nan,nan,17,15,OFF
1790493088.6318016,2,238,1,random,2,1,,0.9925,0.9925,nan,nan,18,15,ON
1790493090.653448,9,252,1,random,2,2,,0.9933,0.9825,nan,nan,18,16,ON
1790493091.375452,3,238,1,random,2,1,,0.9915,0.9901,nan,nan,19,16,ON
1790493092.2738128,7,251,0,random,2,2,,0.9915,0.9926,nan,nan,19,17,ON
1790493096.2771468,10,248,0,random,2,1,,0.991,0.9897,nan,nan,20,16,ON
1790493097.2787666,6,251,0,random,2,1,,0.8692,0.9704,nan,nan,20,16,ON
1790493098.2806876,4,178,0,random,2,2,,0.0003,0.0004,nan,nan,20,17,ON
1790493102.2833683,1,242,0,random,2,1,,0.9937,0.9901,nan,nan,21,17,ON
1790493112.2970793,9,253,0,random,2,2,,0.9943,0.9937,nan,nan,17,16,OFF
1790493112.5070608,1,243,1,random,2,1,,0.9911,0.9932,nan,nan,18,16,OFF
1790493113.2992482,6,252,0,random,2,1,,0.0,0.1964,nan,nan,18,15,OFF
1790493115.0217242,8,251,1,random,2,2,,0.9938,0.9915,nan,nan,18,16,OFF
1790493118.0010817,7,253,1,random,2,2,,0.9925,0.9924,nan,nan,18,15,OFF
1790493119.4254036,2,240,1,random,2,1,,0.9933,0.9938,nan,nan,18,15,OFF
1790493121.5958054,3,240,1,random,2,2,,0.9936,0.9923,nan,nan,18,14,OFF
1790493122.2958417,6,253,1,random,2,1,,0.9909,0.9861,nan,nan,19,14,OFF
1790493123.6341548,5,250,1,random,2,1,,0.9932,0.9943,nan,nan,20,13,OFF
1790493124.7534354,4,180,1,random,2,1,,0.9931,0.9915,nan,nan,20,13,OFF
1790493125.391117,1,244,1,random,2,1,,0.9914,0.9899,nan,nan,20,13,OFF
1790493127.3063872,9,254,0,random,2,2,,0.9932,0.9897,nan,nan,19,13,OFF
1790493127.3071215,10,250,0,random,2,2,,0.0,0.0,nan,nan,19,14,OFF
1790493128.14926,8,252,1,random,2,1,,0.9933,0.9925,nan,nan,20,14,OFF
1790493131.7182255,7,254,1,random,2,1,,0.9914,0.0004,nan,nan,20,14,OFF
1790493132.130119,2,241,1,random,2,1,,0.9925,0.9939,nan,nan,21,14,OFF
1790493136.212948,5,251,1,random,2,1,,0.9926,0.0,nan,nan,21,12,OFF
1790493136.7359972,6,254,1,random,2,1,,0.9925,0.9915,nan,nan,22,12,OFF
1790493137.244113,10,251,1,random,2,1,,0.0,0.0102,nan,nan,23,12,OFF
1790493137.7784717,4,181,1,random,2,2,,0.9764,0.0,nan,nan,21,13,OFF
1790493138.4683974,9,255,1,random,2,2,,0.9914,0.9925,nan,nan,21,14,OFF
1790493139.7013664,1,245,1,random,2,1,,0.9926,0.9938,nan,nan,22,14,OFF
1790493141.1939547,8,253,1,random,2,1,,0.9938,0.9915,nan,nan,23,13,OFF
1790493143.3148413,3,241,0,random,2,1,,0.9944,0.9938,nan,nan,22,11,OFF
1790493144.9211636,7,255,1,random,2,1,,0.9943,0.9938,nan,nan,23,11,OFF
1790493145.3299584,2,242,1,random,2,1,,0.9925,0.9933,nan,nan,24,11,OFF
1790493150.0769866,10,252,1,random,2,2,,0.9896,0.0,nan,nan,22,12,OFF
1790493150.2440283,5,252,1,random,2,1,,0.9936,0.9899,nan,nan,23,12,OFF
1790493151.2182806,6,255,1,random,2,2,,0.9915,0.9915,nan,nan,23,12,OFF
1790493152.6085942,1,246,1,random,2,1,,0.0,0.9485,nan,nan,23,11,OFF
1790493153.108847,4,182,1,random,2,2,,0.8804,0.8535,nan,nan,23,12,OFF
1790493153.9495308,3,242,1,random,2,2,,0.9933,0.9925,nan,nan,23,13,OFF
1790493161.140361,8,254,1,random,2,1,,0.9942,0.9915,nan,nan,22,12,OFF
1790493161.1732311,7,256,1,random,2,2,,0.9939,0.9938,nan,nan,22,13,OFF
1790493161.1995978,2,243,1,random,2,1,,0.9938,0.9933,nan,nan,23,13,OFF
1790493163.6680229,5,253,1,random,2,1,,0.9938,0.9924,nan,nan,23,13,ON
1790493165.4970772,10,253,1,random,2,1,,0.9933,0.994,nan,nan,24,13,ON
1790493172.3441136,6,256,0,random,2,2,,0.9925,0.994,nan,nan,24,13,ON
1790493178.3487067,7,257,0,random,2,1,,0.0,0.0,nan,nan,23,11,ON
1790493187.354943,9,258,0,random,2,1,,0.0,0.0,nan,nan,19,8,OFF
1790493187.6280346,7,258,1,random,2,1,,0.99,0.9933,nan,nan,20,8,OFF
1790493189.0631256,8,256,1,random,2,2,,0.9915,0.9901,nan,nan,19,9,OFF
1790493189.3586745,4,184,0,random,2,1,,0.0,0.0,nan,nan,20,9,OFF
1790493191.2356818,2,245,1,random,2,2,,0.9937,0.9941,nan,nan,20,10,OFF
1790493191.3607392,3,244,0,random,2,1,,0.0,0.0,nan,nan,21,10,OFF
1790493192.0346994,5,255,1,random,2,1,,0.9933,0.9914,nan,nan,21,10,OFF
1790493196.231141,6,258,1,random,2,1,,0.9931,0.9925,nan,nan,20,10,OFF
1790493197.3894804,10,255,1,random,2,2,,0.9941,0.9931,nan,nan,18,11,OFF
1790493198.9348898,9,259,1,random,2,2,,0.9941,0.9925,nan,nan,18,10,OFF
1790493199.3182845,4,185,1,random,2,1,,0.9923,0.9911,nan,nan,19,10,OFF
1790493200.5461094,1,249,1,random,2,1,,0.9935,0.994,nan,nan,19,10,OFF
1790493201.48247,3,245,1,random,2,2,,0.9849,0.9925,nan,nan,18,11,OFF
1790493202.6813772,8,257,1,random,2,2,,0.9915,0.9926,nan,nan,18,12,OFF
1790493203.6289506,7,259,1,random,2,2,,0.9938,0.9937,nan,nan,17,13,OFF
1790493205.7582612,5,256,1,random,2,1,,0.9933,0.9916,nan,nan,16,13,OFF
1790493207.180674,2,246,1,random,2,1,,0.9902,0.9938,nan,nan,17,13,OFF
1790493251.4065266,7,262,1,state-aware,2,2,,0.9931,0.9942,0.9931,0.9942,0,1,OFF
1790493251.8400855,3,248,0,state-aware,2,1,,0.9,0.0,0.9,0.0,1,1,OFF
1790493252.3821962,2,249,1,state-aware,2,1,,0.9938,0.9933,0.9938,0.9933,2,1,OFF
1790493256.7566502,6,262,1,state-aware,2,1,,0.9915,0.9898,0.9915,0.9898,3,1,OFF
1790493259.814443,4,189,1,state-aware,2,1,,0.9901,0.9882,0.9901,0.9882,4,1,OFF
1790493260.4440966,10,259,1,state-aware,2,1,,0.9933,0.9914,0.9933,0.9914,5,1,OFF
1790493261.6027925,9,263,1,state-aware,2,1,,0.99,0.0001,0.99,0.0001,6,1,OFF
1790493262.180054,1,253,1,state-aware,2,1,,0.9914,0.9914,0.9914,0.9914,7,1,OFF
1790493265.059926,5,260,1,state-aware,2,2,,0.0,0.9915,0.0,0.9915,7,2,OFF
1790493265.5856135,7,263,1,state-aware,2,1,,0.9915,0.9938,0.9915,0.9281,8,2,OFF
1790493267.8436751,3,249,0,state-aware,2,1,,0.9878,0.8804,0.8899,0.8804,9,2,OFF
1790493271.8457956,2,250,0,state-aware,2,2,,0.9942,0.9915,0.9285,0.9915,9,3,OFF
1790493271.8475173,8,261,0,state-aware,2,2,,0.8073,0.8333,0.8073,0.8333,9,4,OFF
1790493273.0261207,4,190,1,state-aware,2,2,,0.0,0.9556,0.1,0.9556,9,5,OFF
1790493274.8776712,1,254,1,state-aware,2,2,,0.05,0.9595,0.1416,0.9595,9,6,OFF
1790493276.8131745,9,264,1,state-aware,2,1,,0.9879,0.0004,0.8899,0.0004,10,6,OFF
1790493278.2576804,5,261,1,state-aware,2,1,,0.9933,0.9915,0.9933,0.9262,11,6,OFF
1790493278.850372,6,263,0,state-aware,2,2,,0.9932,0.9924,0.8943,0.9924,11,7,OFF
1790493279.6874545,7,264,1,state-aware,2,2,,0.9925,0.9933,0.9271,0.9277,11,8,OFF
1790493280.8522248,10,260,0,state-aware,2,2,,0.9933,0.9932,0.9277,0.9932,11,9,OFF
1790493281.053797,2,251,1,state-aware,2,1,,0.9915,0.9915,0.9262,0.8929,12,9,OFF
1790493282.8543096,3,250,0,state-aware,2,2,,0.9932,0.9939,0.8009,0.9939,12,10,OFF
1790493286.8572757,8,262,0,state-aware,2,1,,0.9806,0.9791,0.9806,0.8826,13,10,OFF
1790493287.2534826,4,191,1,state-aware,2,2,,0.9916,0.9924,0.9263,0.927,13,11,OFF
1790493288.181313,6,264,1,state-aware,2,1,,0.9933,0.9925,0.8944,0.8938,14,11,ON
1790493289.9381096,1,255,1,state-aware,2,1,,0.9901,0.99,0.9251,0.8917,15,11,ON
1790493290.688551,10,261,1,state-aware,2,1,,0.9914,0.9933,0.9262,0.8944,16,11,ON
1790493299.8602436,5,262,0,state-aware,2,2,,0.0,0.0,0.0667,0.1,16,12,ON
1790493307.971824,3,252,1,state-aware,2,2,,0.9855,0.9901,0.7953,0.9901,16,13,OFF
1790493309.489127,5,263,1,state-aware,2,1,,0.9938,0.9925,0.8949,0.8461,17,13,OFF
1790493309.8990524,2,253,1,state-aware,2,1,,0.9915,0.9938,0.9263,0.8949,18,13,OFF
1790493310.4365668,7,266,1,state-aware,2,2,,0.9936,0.9937,0.928,0.9281,18,14,OFF
1790493313.2744164,8,264,1,state-aware,2,1,,0.9901,0.9938,0.9901,0.8948,17,13,OFF
1790493318.5951943,4,193,1,state-aware,2,1,,0.0008,0.0002,0.1007,0.1002,17,13,OFF
1790493320.3489861,1,257,1,state-aware,2,1,,0.9913,0.9899,0.9261,0.8916,17,13,OFF
1790493321.0521336,10,263,1,state-aware,2,1,,0.0,0.0032,0.1,0.0693,17,13,OFF
1790493322.6089199,5,264,1,state-aware,2,1,,0.9943,0.9924,0.8588,0.846,16,13,OFF
1790493324.1592622,2,254,1,state-aware,2,1,,0.9933,0.9933,0.9038,0.8944,17,13,OFF
1790493324.9530253,7,267,1,state-aware,2,1,,0.9915,0.9938,0.9262,0.9042,18,13,OFF
1790493325.8674057,3,253,0,state-aware,2,2,,0.993,0.9913,0.8007,0.9261,17,13,OFF
1790493326.5838952,8,265,1,state-aware,2,1,,0.9937,0.9938,0.9281,0.8948,18,13,OFF
1790493339.8724551,10,264,0,state-aware,2,1,,0.0,0.0,0.1943,0.0667,16,7,ON
1790493340.8740807,6,267,0,state-aware,2,1,,0.7944,0.0002,0.7286,0.0668,17,6,ON
1790493341.8762307,5,265,0,state-aware,2,2,,0.1105,0.6992,0.3,0.6366,16,7,ON
1790493346.8784077,8,266,0,state-aware,2,2,,0.0041,0.4912,0.1972,0.476,15,7,OFF
1790493347.0633013,4,195,1,state-aware,2,2,,0.9901,0.9926,0.9251,0.9271,15,8,OFF
1790493348.703687,1,259,1,state-aware,2,1,,0.9932,0.9941,0.9277,0.8951,15,7,OFF
1790493349.829767,10,265,1,state-aware,2,2,,0.9924,0.9932,0.8242,0.8943,15,8,OFF
1790493351.4744375,6,268,1,state-aware,2,2,,0.9944,0.9925,0.8017,0.8938,13,9,OFF
1790493353.5145428,7,269,1,state-aware,2,1,,0.9915,0.9925,0.9263,0.9032,14,9,OFF
1790493355.5738125,8,267,1,state-aware,2,1,,0.9925,0.9925,0.9032,0.8004,15,9,OFF
1790493357.8832748,5,266,0,state-aware,2,1,,0.8708,0.9677,0.7753,0.7488,16,9,OFF
1790493357.88418,9,269,0,state-aware,2,1,,0.0,0.0004,0.0667,0.0004,17,9,OFF
1790493358.8863308,2,256,0,state-aware,2,1,,0.9933,0.9926,0.9038,0.8938,18,9,OFF
1790493361.6490984,1,260,1,state-aware,2,1,,0.9853,0.9888,0.898,0.8906,19,8,OFF
1790493365.0093105,6,269,1,state-aware,2,1,,0.9944,0.1884,0.8017,0.2831,20,8,OFF
1790493366.0195804,10,266,1,state-aware,2,1,,0.9855,0.9881,0.82,0.7972,21,8,OFF
1790493366.4229171,7,270,1,state-aware,2,1,,0.9932,0.9914,0.9037,0.9024,22,8,OFF
1790493366.8897467,4,196,0,state-aware,2,1,,0.9899,0.9901,0.925,0.9015,23,8,OFF
1790493367.2451203,3,256,1,state-aware,2,2,,0.9932,0.9914,0.8009,0.9261,23,9,OFF
1790493368.683108,2,257,1,state-aware,2,1,,0.0,0.0,0.204,0.0667,24,8,OFF
1790493369.0767279,8,268,1,state-aware,2,1,,0.9942,0.9938,0.9004,0.8013,25,8,OFF
1790493373.8941164,9,270,0,state-aware,2,2,,0.9896,0.9819,0.7983,0.9819,22,8,OFF
1790493375.2223341,1,261,1,state-aware,2,1,,0.9914,0.9926,0.8986,0.8938,23,8,OFF
1790493377.69722,4,197,1,state-aware,2,2,,0.994,0.9914,0.8472,0.9024,23,9,OFF
1790493379.4228096,6,270,1,state-aware,2,2,,0.9938,0.9932,0.7922,0.858,22,10,OFF
1790493380.7787519,10,267,1,state-aware,2,2,,0.9901,0.9915,0.7435,0.7997,21,11,OFF
1790493381.7834756,2,258,1,state-aware,2,2,,0.9916,0.9926,0.8332,0.8938,20,12,OFF
1790493383.3194964,8,269,1,state-aware,2,1,,0.9939,0.9925,0.9056,0.8004,20,12,OFF
1790493384.3324168,5,268,1,state-aware,2,1,,0.9932,0.9931,0.8518,0.7647,20,12,OFF
1790493384.8483276,9,271,1,state-aware,2,2,,0.9933,0.9915,0.8009,0.8929,20,13,OFF
1790493385.899034,3,257,0,state-aware,2,2,,0.9938,0.9932,0.8013,0.9037,19,13,OFF
1790493385.8999124,7,271,0,state-aware,2,2,,0.9942,0.9937,0.9003,0.9041,19,14,OFF
1790493388.6555026,1,262,1,state-aware,2,1,,0.9914,0.9925,0.9042,0.8938,19,14,OFF
1790493393.1431465,6,271,1,state-aware,2,1,,0.9925,0.0016,0.7913,0.232,20,14,OFF
1790493393.6617324,4,198,1,state-aware,2,1,,0.9913,0.9909,0.8452,0.8233,21,14,OFF
1790493395.9161968,3,258,1,state-aware,2,2,,0.9925,0.9941,0.8003,0.8253,21,15,OFF
1790493396.7230017,2,259,1,state-aware,2,1,,0.0,0.0,0.2823,0.0914,22,15,OFF
1790493400.3428245,5,269,1,state-aware,2,1,,0.8689,0.8689,0.7017,0.6871,22,15,OFF
1790493401.9196165,8,270,0,state-aware,2,2,,0.4729,0.9925,0.6545,0.8004,21,15,OFF
1790493402.7120197,1,263,1,state-aware,2,1,,0.9914,0.9938,0.9138,0.8949,22,15,OFF
1790493405.9219594,9,272,0,state-aware,2,2,,0.9915,0.9932,0.7997,0.8009,22,16,ON
1790493416.928039,2,260,0,state-aware,2,1,,0.0,0.0,0.2541,0.0914,20,12,ON
1790493417.9297464,8,271,0,state-aware,2,1,,0.8996,0.0004,0.8679,0.0963,19,12,ON
1790493421.933524,9,273,0,state-aware,2,2,,0.0,0.0,0.0914,0.096,17,13,ON
1790493426.7756886,7,274,1,state-aware,2,2,,0.9902,0.9931,0.8979,0.9036,14,14,OFF
1790493427.2505028,8,272,1,state-aware,2,2,,0.0,0.9868,0.3649,0.7127,13,14,OFF
1790493428.9373271,4,200,0,state-aware,2,2,,0.0,0.0,0.1371,0.204,12,15,OFF
1790493429.703377,5,271,1,state-aware,2,1,,0.9924,0.9924,0.7704,0.7642,12,15,OFF
1790493429.939067,10,270,0,state-aware,2,1,,0.0177,0.0139,0.2033,0.1014,13,15,OFF
1790493432.4564252,9,274,1,state-aware,2,1,,0.9933,0.9915,0.8009,0.6419,14,15,OFF
1790493432.9419503,2,261,0,state-aware,2,2,,0.985,0.989,0.6695,0.7979,14,16,OFF
1790493433.721602,1,265,1,state-aware,2,1,,0.9933,0.9938,0.9147,0.8948,15,16,OFF
1790493439.832857,7,275,1,state-aware,2,2,,0.0004,0.0322,0.2793,0.2991,14,14,OFF
1790493441.5794654,10,271,1,state-aware,2,2,,0.9879,0.8981,0.668,0.7329,14,14,OFF
1790493443.0355098,2,262,1,state-aware,2,1,,0.0,0.0008,0.2217,0.0965,15,13,OFF
1790493445.948123,6,274,0,state-aware,2,2,,0.0008,0.0,0.1715,0.231,13,11,OFF
1790493445.9493673,3,261,0,state-aware,2,2,,0.9841,0.985,0.7944,0.8196,13,12,OFF
1790493446.5053692,1,266,1,state-aware,2,1,,0.9938,0.9915,0.9257,0.8929,14,12,OFF
1790493446.7345395,9,275,1,state-aware,2,1,,0.9937,0.9943,0.7921,0.6434,15,12,OFF
1790493455.0240374,7,276,1,state-aware,2,1,,0.9911,0.9932,0.8984,0.8163,13,12,OFF
1790493455.4069598,10,272,1,state-aware,2,1,,0.0,0.0,0.1741,0.171,14,12,OFF
1790493455.8347566,4,202,1,state-aware,2,2,,0.892,0.9532,0.7743,0.7997,14,13,OFF
1790493456.436164,2,263,1,state-aware,2,1,,0.9942,0.9943,0.7206,0.7175,15,12,OFF
1790493457.9681256,8,274,1,state-aware,2,1,,0.9938,0.9938,0.8166,0.7171,15,12,OFF
1790493459.4163246,5,273,1,state-aware,2,1,,0.9914,0.9915,0.7698,0.7637,16,12,OFF
1790493460.3194911,1,267,1,state-aware,2,1,,0.9933,0.9915,0.9361,0.8929,17,12,OFF
1790493461.0713496,9,276,1,state-aware,2,1,,0.9933,0.9925,0.8028,0.6424,17,12,OFF
1790493461.9713743,3,262,0,state-aware,2,1,,0.9938,0.9922,0.8013,0.7446,18,11,ON
1790493474.9787192,2,264,0,state-aware,2,1,,0.9902,0.9916,0.7625,0.7157,18,10,ON
1790493475.9806836,8,275,0,state-aware,2,1,,0.0002,0.0001,0.4289,0.0961,19,10,ON
1790493475.981679,6,276,0,state-aware,2,2,,0.0,0.0,0.171,0.231,19,11,ON
1790493476.984313,4,203,0,state-aware,2,2,,0.0,0.0,0.1371,0.1934,18,12,ON
1790493477.9861352,1,268,0,state-aware,2,1,,0.0004,0.0004,0.5639,0.067,18,12,ON
1790493484.284836,7,278,1,state-aware,2,1,,0.9673,0.8839,0.8836,0.7556,19,11,OFF
1790493485.6173935,8,276,1,state-aware,2,1,,0.9944,0.9932,0.7444,0.7168,20,11,OFF
1790493486.2625098,6,277,1,state-aware,2,1,,0.9925,0.9933,0.7913,0.7708,21,11,OFF
1790493488.701209,1,269,1,state-aware,2,2,,0.9931,0.9933,0.8258,0.8944,21,10,OFF
1790493489.2003453,5,275,1,state-aware,2,1,,0.9933,0.9942,0.7708,0.7654,22,9,OFF
1790493489.9930174,2,265,0,state-aware,2,2,,0.9938,0.9914,0.6739,0.7156,20,10,OFF
1790493489.9936962,10,274,0,state-aware,2,2,,0.8535,0.8535,0.6008,0.7044,20,11,OFF
1790493492.0750499,9,278,1,state-aware,2,1,,0.9925,0.9924,0.8024,0.6424,21,11,OFF
1790493492.9969382,4,204,0,state-aware,2,1,,0.9861,0.9875,0.8415,0.6678,21,10,OFF
1790493492.998095,3,264,0,state-aware,2,2,,0.8743,0.9552,0.716,0.7241,21,11,OFF
1790493498.3059847,8,277,1,state-aware,2,1,,0.9926,0.9901,0.7855,0.7148,21,11,OFF
1790493498.9564366,7,279,1,state-aware,2,2,,0.9924,0.9925,0.8159,0.8159,21,12,OFF
1790493500.0536957,2,266,1,state-aware,2,1,,0.9942,0.9925,0.674,0.6424,22,11,OFF
1790493500.559688,10,275,1,state-aware,2,2,,0.9941,0.9915,0.6711,0.713,22,12,OFF
1790493503.5513241,5,276,1,state-aware,2,1,,0.9916,0.9933,0.7929,0.7648,22,11,OFF
1790493504.0049467,6,278,0,state-aware,2,1,,0.9933,0.9915,0.8029,0.7699,23,11,OFF
1790493505.2795835,9,279,1,state-aware,2,1,,0.9915,0.9925,0.8217,0.6424,24,11,OFF
1790493508.008738,4,205,0,state-aware,2,1,,0.1661,0.0401,0.2478,0.1941,23,9,OFF
1790493509.0112035,1,270,0,state-aware,2,2,,0.9819,0.9901,0.8218,0.8558,23,10,OFF
1790493509.0119226,3,265,0,state-aware,2,1,,0.9878,0.9923,0.797,0.6702,24,10,OFF
1790493510.9528382,8,278,1,state-aware,2,1,,0.9938,0.9925,0.8222,0.7163,25,10,OFF
1790493514.8019023,10,276,1,state-aware,2,2,,0.99,0.9899,0.6691,0.7409,25,11,ON
1790493515.298575,6,279,1,state-aware,2,2,,0.0,0.9932,0.2259,0.7708,24,12,ON
1790493515.395214,7,280,1,state-aware,2,1,,0.9925,0.8896,0.8159,0.6829,25,12,ON
1790493516.3280683,5,277,1,state-aware,2,1,,0.9914,0.9933,0.819,0.7648,25,11,ON
1790493522.0254455,2,267,0,state-aware,2,2,,0.9938,0.9932,0.5959,0.6428,19,12,ON
1790493523.0274508,1,271,0,state-aware,2,1,,0.9941,0.994,0.8262,0.7773,20,12,ON
1790493524.0295072,3,266,0,state-aware,2,2,,0.0,0.4887,0.096,0.4184,20,13,ON
1790493530.0339139,8,279,0,state-aware,2,1,,0.0082,0.0,0.5451,0.096,21,13,OFF
1790493530.8083644,7,281,1,state-aware,2,1,,0.9925,0.9915,0.7343,0.7338,22,13,OFF
1790493531.2012424,6,280,1,state-aware,2,1,,0.9849,0.9932,0.7184,0.6937,23,13,OFF
1790493531.8090334,2,268,1,state-aware,2,1,,0.9944,0.9925,0.5961,0.5782,24,13,OFF
1790493532.8151932,5,278,1,state-aware,2,2,,0.9933,0.9938,0.7291,0.7651,24,14,OFF
1790493533.4403005,1,272,1,state-aware,2,2,,0.9938,0.9916,0.7222,0.7757,24,15,OFF
1790493533.8320246,4,207,1,state-aware,2,1,,0.9924,0.9925,0.7643,0.6703,25,15,OFF
1790493534.8644583,3,267,1,state-aware,2,1,,0.9925,0.9915,0.7163,0.6026,26,15,OFF
1790493537.2324936,9,281,1,state-aware,2,1,,0.9932,0.9929,0.8225,0.6426,25,13,OFF
1790493582.5062258,7,284,0,ewma,2,1,,0.9149,0.8841,0.5,0.5,1,0,OFF
1790493584.508319,4,210,0,ewma,2,1,,0.0,0.0,0.5,0.5,2,0,OFF
1790493586.7096195,8,283,1,ewma,2,1,,0.9943,0.9943,0.5,0.5,3,0,OFF
1790493590.253726,6,284,1,ewma,2,1,,0.9943,0.9942,0.5,0.5,4,0,OFF
1790493593.7857308,10,281,1,ewma,2,2,,0.99,0.9901,0.5,0.5,4,1,OFF
1790493594.3545368,4,211,1,ewma,2,2,,0.0,0.8106,0.4,0.5,4,2,OFF
1790493597.8443928,9,285,1,ewma,2,2,,0.9932,0.9933,0.5,0.5,4,3,OFF
1790493598.51184,5,282,0,ewma,2,1,,0.9921,0.993,0.5,0.5,5,3,OFF
1790493598.5128076,2,272,0,ewma,2,1,,0.0,0.0004,0.5,0.5,6,3,OFF
1790493598.5139444,1,276,0,ewma,2,2,,0.8974,0.8689,0.5,0.5,6,4,OFF
1790493600.5161524,3,271,0,ewma,2,2,,0.9839,0.989,0.5,0.5,6,5,OFF
1790493602.2861133,8,284,1,ewma,2,2,,0.9926,0.9933,0.4,0.5,6,6,OFF
1790493605.125483,6,285,1,ewma,2,2,,0.9942,0.9915,0.4,0.5,6,7,OFF
1790493608.9327843,1,277,1,ewma,2,1,,0.9913,0.9914,0.5,0.4,7,7,OFF
1790493609.50965,2,273,1,ewma,2,2,,0.0,0.2001,0.4,0.5,7,8,OFF
1790493613.309138,9,286,1,ewma,2,1,,0.9932,0.9914,0.5,0.4,8,8,ON
1790493613.5238695,10,282,0,ewma,2,2,,0.0,0.0,0.5,0.6,8,9,ON
1790493613.524812,5,283,0,ewma,2,2,,0.9938,0.9925,0.4,0.5,8,10,ON
1790493628.5426645,10,283,0,ewma,2,1,,0.8689,0.8535,0.5,0.48,9,10,OFF
1790493629.531622,7,287,0,ewma,2,1,,0.8689,0.8535,0.5,0.5,10,10,OFF
1790493630.5335205,2,274,0,ewma,2,2,,0.0,0.0,0.4,0.4,10,11,OFF
1790493631.5445545,8,286,1,ewma,2,2,,0.9933,0.9938,0.4,0.5,10,12,OFF
1790493634.1971061,6,287,1,ewma,2,2,,0.9926,0.9916,0.4,0.5,10,13,OFF
1790493634.5469632,9,287,0,ewma,2,2,,0.9932,0.9925,0.4,0.4,10,14,OFF
1790493638.2289255,1,279,1,ewma,2,1,,0.9942,0.9914,0.5,0.4,11,14,OFF
1790493639.1147256,10,284,1,ewma,2,2,,0.9933,0.9938,0.4,0.48,11,15,OFF
1790493639.660701,7,288,1,ewma,2,2,,0.8333,0.8804,0.4,0.5,11,16,OFF
1790493640.6476448,4,214,1,ewma,2,2,,0.9853,0.9858,0.4,0.5,11,17,OFF
1790493644.0352488,9,288,1,ewma,2,1,,0.9925,0.9915,0.4,0.32,11,17,OFF
1790493644.4372435,8,287,1,ewma,2,2,,0.9942,0.9933,0.4,0.6,11,18,OFF
1790493644.549698,2,275,0,ewma,2,1,,0.9129,0.8943,0.4,0.32,11,18,OFF
1790493645.5538726,3,274,0,ewma,2,1,,0.8805,0.9866,0.5,0.5,12,18,OFF
1790493645.5544703,5,285,0,ewma,2,2,,0.9898,0.9915,0.4,0.5,12,19,OFF
1790493648.465215,6,288,1,ewma,2,2,,0.9939,0.9925,0.4,0.6,11,20,OFF
1790493651.0961318,1,280,1,ewma,2,1,,0.9942,0.9925,0.6,0.4,11,20,OFF
1790493653.3460639,7,289,1,ewma,2,2,,0.9925,0.9943,0.4,0.6,11,21,OFF
1790493653.7843451,10,285,1,ewma,2,1,,0.9932,0.9938,0.4,0.384,12,21,OFF
1790493654.8850691,2,276,1,ewma,2,1,,0.9925,0.9925,0.32,0.32,13,19,OFF
1790493655.4791775,4,215,1,ewma,2,1,,0.9942,0.9923,0.4,0.4,14,19,OFF
1790493656.4135773,5,286,1,ewma,2,1,,0.0184,0.0016,0.4,0.4,15,19,OFF
1790493658.3672462,8,288,1,ewma,2,2,,0.9933,0.9941,0.4,0.68,15,19,OFF
1790493658.9793026,9,289,1,ewma,2,2,,0.9938,0.9915,0.32,0.32,13,19,OFF
1790493661.558185,3,275,0,ewma,2,2,,0.9899,0.9935,0.4,0.5,13,19,OFF
1790493662.77106,6,289,1,ewma,2,2,,0.9938,0.9933,0.4,0.68,13,19,OFF
1790493663.9019866,1,281,1,ewma,2,1,,0.9942,0.9932,0.68,0.4,14,19,OFF
1790493673.5626855,2,277,0,ewma,2,1,,0.6545,0.789,0.456,0.32,13,15,ON
1790493679.5660574,8,289,0,ewma,2,2,,0.0,0.0,0.4,0.544,13,16,ON
1790493683.5683897,1,282,0,ewma,2,1,,0.9942,0.9857,0.744,0.4,14,16,ON
1790493690.1172023,9,291,1,ewma,2,1,,0.9916,0.9939,0.32,0.32,13,16,OFF
1790493691.5721402,4,217,0,ewma,2,1,,0.0,0.0,0.4,0.4,14,14,OFF
1790493693.586209,6,291,1,ewma,2,2,,0.9926,0.9915,0.4,0.68,14,15,OFF
1790493694.4170501,1,283,1,ewma,2,1,,0.9932,0.9924,0.5952,0.4,15,14,OFF
1790493697.9109442,2,279,1,ewma,2,1,,0.9925,0.9932,0.456,0.32,16,13,OFF
1790493699.2178633,10,288,1,ewma,2,1,,0.9924,0.9925,0.4,0.384,16,12,OFF
1790493700.177587,5,289,1,ewma,2,2,,0.9933,0.9933,0.4,0.4,16,12,OFF
1790493701.2966187,7,292,1,ewma,2,2,,0.0019,0.9911,0.4,0.6,16,12,OFF
1790493703.8338885,8,291,1,ewma,2,2,,0.9942,0.9925,0.4,0.544,16,13,OFF
1790493704.767758,9,292,1,ewma,2,2,,0.9926,0.9938,0.256,0.32,14,13,OFF
1790493706.591486,4,218,0,ewma,2,2,,0.979,0.9632,0.32,0.4,13,13,OFF
1790493707.0291064,6,292,1,ewma,2,2,,0.9933,0.9925,0.4,0.744,13,14,OFF
1790493708.4409986,1,284,1,ewma,2,1,,0.9933,0.9941,0.6762,0.4,14,14,OFF
1790493711.2148688,2,280,1,ewma,2,1,,0.9925,0.9915,0.5648,0.32,14,13,ON
1790493721.5974808,5,290,0,ewma,2,1,,0.0,0.0,0.4,0.32,11,9,ON
1790493722.5991485,3,279,0,ewma,2,2,,0.0,0.0,0.4,0.5,11,10,ON
1790493723.6009653,9,293,0,ewma,2,2,,0.0082,0.2385,0.256,0.456,11,10,ON
1790493737.9211278,6,294,1,ewma,2,2,,0.9941,0.9937,0.4,0.744,9,11,OFF
1790493738.3327792,1,286,1,ewma,2,1,,0.9924,0.9924,0.6762,0.4,10,11,OFF
1790493742.5589578,2,282,1,ewma,2,1,,0.9914,0.9938,0.5648,0.32,11,10,OFF
1790493743.9714746,10,291,1,ewma,2,1,,0.9932,0.994,0.4,0.384,11,10,OFF
1790493747.242359,4,221,1,ewma,2,2,,0.0016,0.9632,0.32,0.4,11,11,OFF
1790493748.1660182,5,292,1,ewma,2,1,,0.0,0.9861,0.4,0.32,12,11,OFF
1790493750.6349552,8,294,1,ewma,2,2,,0.9942,0.9942,0.4,0.544,11,12,OFF
1790493751.665083,6,295,1,ewma,2,2,,0.9943,0.9933,0.4,0.7952,10,13,OFF
1790493752.5963879,1,287,1,ewma,2,1,,0.9914,0.9916,0.7409,0.4,11,13,OFF
1790493752.6128988,3,281,0,ewma,2,2,,0.9888,0.9629,0.4,0.5,11,14,OFF
1790493753.614865,9,295,0,ewma,2,2,,0.9885,0.9842,0.256,0.456,11,14,OFF
1790493756.4653895,2,283,1,ewma,2,1,,0.9925,0.9916,0.6518,0.32,11,14,OFF
1790493759.4669695,10,292,1,ewma,2,2,,0.9913,0.9915,0.32,0.384,9,15,OFF
1790493762.7510388,4,222,1,ewma,2,1,,0.9841,0.9936,0.32,0.32,10,13,ON
1790493763.1412208,9,296,1,ewma,2,2,,0.9933,0.9925,0.256,0.3648,10,14,ON
1790493763.4233987,5,293,1,ewma,2,1,,0.2198,0.8981,0.32,0.32,11,14,ON
1790493767.6212857,7,296,0,ewma,2,2,,0.9808,0.9884,0.4,0.6,11,11,ON
1790493769.6235597,3,282,0,ewma,2,1,,0.9923,0.9882,0.4,0.4,11,11,ON
1790493770.6257708,8,295,0,ewma,2,2,,0.0,0.0,0.4,0.6352,11,12,OFF
1790493775.9146152,10,293,1,ewma,2,1,,0.9901,0.9933,0.32,0.3072,11,12,OFF
1790493777.865869,5,294,1,ewma,2,1,,0.0,0.0,0.456,0.32,12,12,OFF
1790493778.3665116,7,297,1,ewma,2,2,,0.9808,0.0,0.4,0.48,12,13,OFF
1790493779.4070659,3,283,1,ewma,2,2,,0.9925,0.9901,0.32,0.4,12,14,OFF
1790493780.1424673,8,296,1,ewma,2,2,,0.9943,0.9942,0.4,0.5082,12,15,OFF
1790493781.7584023,1,289,1,ewma,2,1,,0.9881,0.9924,0.7409,0.4,12,15,OFF
1790493784.3059356,2,285,1,ewma,2,1,,0.9937,0.9942,0.6518,0.32,13,13,OFF
1790493784.6320114,9,297,0,ewma,2,2,,0.9932,0.9932,0.256,0.2918,13,14,OFF
1790493786.6341722,6,297,0,ewma,2,2,,0.9875,0.854,0.4,0.7952,13,15,OFF
1790493789.2331936,10,294,1,ewma,2,1,,0.9901,0.99,0.456,0.3072,14,15,OFF
1790493792.406899,3,284,1,ewma,2,2,,0.9942,0.9879,0.32,0.52,14,16,OFF
1790493792.9306905,5,295,1,ewma,2,1,,0.9942,0.9933,0.3648,0.32,15,16,OFF
1790493794.2584434,4,224,1,ewma,2,1,,0.0,0.0,0.32,0.32,16,16,OFF
1790493794.9674952,1,290,1,ewma,2,1,,0.9942,0.9938,0.7927,0.4,17,16,OFF
1790493795.998689,6,298,1,ewma,2,2,,0.9914,0.9923,0.4,0.6362,17,17,OFF
1790493796.944246,2,286,1,ewma,2,1,,0.9925,0.9938,0.7215,0.32,18,17,OFF
1790493799.6409569,8,297,0,ewma,2,2,,0.9933,0.9916,0.4,0.6065,17,17,OFF
1790493799.6416326,7,298,0,ewma,2,1,,0.9808,0.0004,0.4,0.384,18,17,OFF
1790493802.3429503,10,295,1,ewma,2,1,,0.9914,0.9924,0.5648,0.3072,19,17,OFF
1790493806.7446208,3,285,1,ewma,2,2,,0.9933,0.9925,0.32,0.616,17,18,OFF
1790493807.4800773,4,225,1,ewma,2,1,,0.9915,0.9926,0.456,0.32,18,17,OFF
1790493808.5263608,8,298,1,ewma,2,2,,0.0,0.9915,0.4,0.4852,17,18,ON
1790493808.8279295,5,296,1,ewma,2,2,,0.9901,0.9898,0.2918,0.32,17,19,ON
1790493809.5500042,1,291,1,ewma,2,1,,0.9933,0.9933,0.8342,0.4,18,19,ON
1790493810.8271377,9,299,1,ewma,2,2,,0.8535,0.909,0.256,0.2918,18,19,ON
1790493814.6528983,7,299,0,ewma,2,2,,0.7944,0.0029,0.32,0.384,17,17,ON
1790493816.6548069,6,299,0,ewma,2,2,,0.9881,0.9923,0.4,0.5089,16,18,ON
1790493817.6571503,2,287,0,ewma,2,1,,0.0,0.0,0.5772,0.32,17,18,OFF
1790493823.235561,4,226,1,ewma,2,1,,0.9933,0.9901,0.3648,0.32,17,16,OFF
1790493824.253345,7,300,1,ewma,2,1,,0.9933,0.9914,0.32,0.3072,17,16,OFF
1790493825.0697773,8,299,1,ewma,2,1,,0.8943,0.8943,0.4,0.3882,18,16,OFF
1790493825.6677337,3,286,0,ewma,2,2,,0.9933,0.9901,0.32,0.6928,18,17,OFF
1790493826.196682,9,300,1,ewma,2,1,,0.9925,0.9915,0.256,0.2335,19,17,OFF
1790493828.3552508,2,288,1,ewma,2,1,,0.9933,0.9914,0.4617,0.32,20,16,OFF
1790493830.6717236,5,297,0,ewma,2,1,,0.9924,0.9937,0.2918,0.256,20,15,OFF
1790493830.6730342,6,300,0,ewma,2,2,,0.0,0.881,0.4,0.4071,20,16,OFF
1790493831.6752503,1,292,0,ewma,2,1,,0.9933,0.9901,0.6674,0.4,21,16,OFF
1790493832.2361476,10,297,1,ewma,2,1,,0.9914,0.9932,0.5648,0.3072,22,16,OFF
1790493835.850799,3,287,1,ewma,2,2,,0.9925,0.9924,0.32,0.5542,22,17,OFF
1790493837.3644905,4,227,1,ewma,2,1,,0.9925,0.9925,0.4918,0.32,22,17,OFF
1790493837.7721698,7,301,1,ewma,2,1,,0.99,0.9925,0.456,0.3072,23,17,OFF
1790493839.2106652,8,300,1,ewma,2,1,,0.9942,0.9933,0.52,0.3882,23,16,OFF
1790493839.71527,9,301,1,ewma,2,1,,0.9931,0.9943,0.4048,0.2335,24,15,OFF
1790493840.773699,5,298,1,ewma,2,2,,0.9932,0.9938,0.2335,0.256,24,15,OFF
1790493841.3881195,1,293,1,ewma,2,1,,0.9901,0.9933,0.5339,0.4,25,15,OFF
1790493843.914259,2,289,1,ewma,2,1,,0.9942,0.9925,0.3694,0.32,25,15,OFF
1790493844.938471,10,298,1,ewma,2,1,,0.9915,0.9902,0.6518,0.3072,25,14,OFF
1790493846.6832268,6,301,0,ewma,2,1,,0.8887,0.9881,0.4,0.3257,26,13,OFF
1790493859.690392,9,302,0,ewma,2,1,,0.0004,0.9942,0.5238,0.2335,21,10,ON
1790493859.6913877,1,294,0,ewma,2,1,,0.0,0.0,0.6271,0.4,22,10,ON
1790493863.6951156,2,290,0,ewma,2,1,,0.3673,0.2173,0.4955,0.32,22,10,ON
1790493864.6971807,10,299,0,ewma,2,1,,0.9771,0.9855,0.7215,0.3072,23,10,ON
1790493911.900971,4,232,1,state-aware,3,1,,0.9937,0.9923,0.9937,0.9923,1,0,OFF
1790493915.4176896,7,306,1,state-aware,3,1,,0.9915,0.9914,0.9915,0.9914,2,0,OFF
1790493915.7931983,8,305,1,state-aware,3,1,,0.0,0.0,0.0,0.0,3,0,ON
1790493916.7208815,1,298,1,state-aware,3,1,,0.9938,0.9915,0.9938,0.9915,4,0,ON
1790493920.2252352,3,292,0,state-aware,3,2,,0.1493,0.179,0.1493,0.179,4,1,ON
1790493921.2268085,9,306,0,state-aware,3,2,,0.9,0.9904,0.9,0.9904,4,2,ON
1790493926.2291336,2,294,0,state-aware,3,2,,0.0025,0.9839,0.0025,0.9839,4,3,ON
1790493933.2317512,4,233,0,state-aware,3,1,,0.0,0.0,0.0667,0.0,5,3,OFF
1790493933.6583173,6,307,1,state-aware,3,1,,0.9924,0.9924,0.9924,0.9924,6,3,OFF
1790493934.3617246,5,304,1,state-aware,3,2,,0.9925,0.9933,0.9925,0.9933,6,4,OFF
1790493935.239162,3,293,0,state-aware,3,2,,0.0,0.0,0.0,0.0667,6,5,OFF
1790493936.2411249,9,307,0,state-aware,3,2,,0.0,0.0,0.0,0.0667,6,6,OFF
1790493936.727838,2,295,1,state-aware,3,1,,0.9936,0.9933,0.9936,0.8944,7,6,OFF
1790493937.242617,1,299,0,state-aware,3,1,,0.0,0.0,0.0667,0.0,8,6,OFF
1790493938.7417173,10,304,1,state-aware,3,1,,0.993,0.991,0.993,0.991,9,6,OFF
1790493990.260976,4,234,1,state-aware,3,1,,0.9915,0.0,0.7996,0.0,6,3,OFF
1790493990.3032634,3,294,1,state-aware,3,1,,0.9933,0.0,0.9933,0.0914,7,3,OFF
1790493990.3259034,7,308,1,state-aware,3,2,,0.0,0.0,0.0,0.0,7,4,OFF
1790493990.3830802,2,296,1,state-aware,3,1,,0.9913,0.9933,0.926,0.8944,8,4,OFF
1790493990.3999815,10,305,1,state-aware,3,2,,0.9901,0.991,0.8917,0.991,8,5,OFF
1790493990.418477,4,235,1,state-aware,3,1,,0.9915,0.0,0.7996,0.0,9,5,OFF
1790493990.4398866,7,309,1,state-aware,3,2,,0.0,0.0,0.0,0.0,9,6,OFF
1790493990.458243,1,301,1,state-aware,3,1,,0.0004,0.0,0.0917,0.0,10,6,OFF
1790493990.473051,8,308,1,state-aware,3,1,,0.872,0.0,0.872,0.0,11,6,OFF
1790493990.491419,2,297,1,state-aware,3,1,,0.9913,0.9933,0.926,0.8944,12,6,OFF
1790493990.5100074,5,306,1,state-aware,3,1,,0.9921,0.9933,0.9921,0.9278,13,6,OFF
1790493992.6938915,7,311,1,state-aware,3,2,,0.0,0.0,0.0,0.0,13,7,OFF
1790493994.4363973,2,299,1,state-aware,3,1,,0.9924,0.9933,0.927,0.8944,12,6,OFF
1790493995.1602545,6,311,1,state-aware,3,1,,0.9925,0.0,0.8938,0.0,13,6,OFF
1790493995.2430973,1,303,1,state-aware,3,1,,0.0,0.0004,0.0915,0.0004,14,5,OFF
1790493996.2710688,9,308,0,state-aware,3,1,,0.9896,0.0,0.9896,0.0914,15,4,OFF
1790493996.271722,1,300,0,state-aware,3,1,,0.0,0.0004,0.0915,0.0004,16,4,OFF
1790493996.2725048,8,307,0,state-aware,3,1,,0.872,0.0,0.872,0.0,17,4,OFF
1790493996.27349,5,305,0,state-aware,3,2,,0.0,0.0055,0.0,0.1046,17,5,OFF
1790493996.2742188,6,308,0,state-aware,3,1,,0.9925,0.0,0.8938,0.0,18,5,OFF
1790493996.2749538,3,295,0,state-aware,3,1,,0.9942,0.8887,0.9942,0.7262,19,5,OFF
1790493996.4816968,5,308,1,state-aware,3,2,,0.0,0.0055,0.0,0.1046,19,6,OFF
1790493999.2774653,3,297,0,state-aware,3,1,,0.9942,0.8887,0.9942,0.7262,17,6,OFF
1790494000.2929983,10,308,1,state-aware,3,2,,0.9899,0.9914,0.8916,0.9914,17,7,OFF
1790494007.4487274,7,312,1,state-aware,3,1,,0.9915,0.9925,0.9915,0.8937,18,7,OFF
1790494008.0633183,2,300,1,state-aware,3,1,,0.988,0.9933,0.9,0.8944,19,7,OFF
1790494008.5970805,1,304,1,state-aware,3,2,,0.0031,0.9921,0.1729,0.9921,19,8,OFF
1790494009.6265855,3,298,1,state-aware,3,1,,0.9915,0.9925,0.8929,0.8003,20,8,OFF
1790494011.0218086,9,312,1,state-aware,3,2,,0.0,0.0,0.0,0.0914,20,9,OFF
1790494011.4694288,8,311,1,state-aware,3,2,,0.9914,0.9925,0.9914,0.9925,20,10,OFF
1790494013.6059372,10,309,1,state-aware,3,2,,0.9901,0.9933,0.8918,0.9277,20,11,OFF
1790494014.297898,6,312,0,state-aware,3,2,,0.9833,0.9883,0.8509,0.9883,20,12,OFF
1790494014.299041,4,238,0,state-aware,3,1,,0.0,0.0,0.0914,0.0,21,12,OFF
1790494021.4724994,2,301,1,state-aware,3,2,,0.96,0.9822,0.879,0.8852,21,13,ON
1790494022.0146108,7,313,1,state-aware,3,1,,0.9932,0.9932,0.9277,0.8943,22,13,ON
1790494022.4927993,1,305,1,state-aware,3,2,,0.9923,0.9936,0.7912,0.928,22,14,ON
1790494027.3043296,3,299,0,state-aware,3,1,,0.9932,0.9933,0.858,0.8009,23,14,ON
1790494032.3075883,10,310,0,state-aware,3,2,,0.8535,0.8963,0.7779,0.8345,23,15,OFF
1790494036.3656607,2,302,1,state-aware,3,1,,0.9931,0.9933,0.8997,0.8009,24,15,OFF
1790494036.9421785,7,314,1,state-aware,3,2,,0.9933,0.9925,0.8466,0.8938,24,16,OFF
1790494039.1965206,8,313,1,state-aware,3,2,,0.9933,0.9943,0.9933,0.9943,24,17,OFF
1790494039.836001,6,314,1,state-aware,3,2,,0.0,0.9925,0.1486,0.9925,24,18,OFF
1790494040.3245606,4,240,1,state-aware,3,2,,0.9884,0.989,0.7974,0.989,24,19,OFF
1790494042.6672463,10,311,1,state-aware,3,1,,0.9933,0.9938,0.8944,0.8252,25,19,OFF
1790494043.188529,5,311,1,state-aware,3,1,,0.9942,0.9943,0.9942,0.9286,26,19,OFF
1790494043.3264487,1,306,0,state-aware,3,2,,0.9915,0.9938,0.7907,0.847,26,20,OFF
1790494044.3285015,3,300,0,state-aware,3,2,,0.9942,0.9933,0.7773,0.8009,26,21,OFF
1790494045.3321226,9,314,0,state-aware,3,2,,0.7324,0.9481,0.7324,0.7687,26,22,OFF
1790494049.6533115,2,303,1,state-aware,3,1,,0.9915,0.9915,0.9042,0.7996,27,22,OFF
1790494052.3973165,8,314,1,state-aware,3,1,,0.9933,0.9925,0.9933,0.9271,20,19,OFF
1790494053.1363761,7,315,1,state-aware,3,1,,0.0,0.0,0.1371,0.0914,21,18,OFF
1790494054.2374063,3,301,1,state-aware,3,1,,0.9938,0.9938,0.7771,0.7171,22,18,OFF
1790494055.3854742,9,315,1,state-aware,3,1,,0.8535,0.8934,0.8535,0.6544,20,18,OFF
1790494056.9348323,5,312,1,state-aware,3,1,,0.99,0.9896,0.925,0.9247,16,16,OFF
1790494059.3378804,4,241,0,state-aware,3,2,,0.8905,0.8973,0.7275,0.8478,15,17,OFF
1790494060.3394,6,315,0,state-aware,3,2,,0.8689,0.9933,0.7692,0.8944,15,17,OFF
1790494062.3417149,10,312,0,state-aware,3,1,,0.9901,0.9915,0.8558,0.8237,16,17,OFF
1790494063.8736858,2,304,1,state-aware,3,1,,0.9932,0.9944,0.9147,0.8017,17,17,OFF
1790494065.1008716,8,315,1,state-aware,3,2,,0.9925,0.9925,0.927,0.9271,17,18,OFF
1790494066.3278737,7,316,1,state-aware,3,1,,0.9942,0.9938,0.8404,0.8013,18,18,OFF
1790494066.939104,3,302,1,state-aware,3,1,,0.9933,0.9933,0.7886,0.7168,19,18,OFF
1790494068.47014,1,308,1,state-aware,3,2,,0.9924,0.9924,0.7912,0.846,17,19,OFF
1790494069.0254858,4,242,1,state-aware,3,2,,0.9915,0.9899,0.7997,0.8442,17,19,OFF
1790494070.5358682,6,316,1,state-aware,3,1,,0.9925,0.9938,0.8575,0.8013,17,19,OFF
1790494071.347745,9,316,1,state-aware,3,1,,0.9924,0.9942,0.8937,0.7174,18,18,ON
1790494072.9050167,10,313,1,state-aware,3,2,,0.9925,0.9938,0.7763,0.8251,18,18,ON
1790494075.351929,5,313,0,state-aware,3,1,,0.0001,0.0,0.1944,0.1,18,16,ON
1790494086.357304,8,316,0,state-aware,3,2,,0.0,0.0002,0.1,0.1373,17,15,OFF
1790494088.3594077,3,303,0,state-aware,3,1,,0.9933,0.0,0.7097,0.096,17,15,OFF
1790494090.3615959,5,314,0,state-aware,3,2,,0.0,0.1612,0.204,0.2343,17,16,OFF
1790494090.362299,9,317,0,state-aware,3,1,,0.2255,0.1102,0.3097,0.1649,18,16,OFF
1790494095.449977,7,318,1,state-aware,3,1,,0.0,0.0,0.219,0.0914,19,15,OFF
1790494096.962824,8,317,1,state-aware,3,1,,0.9938,0.9932,0.9281,0.7647,19,14,OFF
1790494097.77129,1,310,1,state-aware,3,2,,0.0002,0.4909,0.1711,0.4878,19,15,OFF
1790494098.2097359,4,244,1,state-aware,3,2,,0.9938,0.9925,0.8013,0.846,19,16,OFF
1790494098.799253,3,304,1,state-aware,3,2,,0.9933,0.99,0.6375,0.7147,19,17,OFF
1790494099.7020283,5,315,1,state-aware,3,2,,0.0,0.99,0.204,0.8443,19,17,OFF
1790494100.6387224,9,318,1,state-aware,3,1,,0.9932,0.9942,0.7767,0.7173,20,15,OFF
1790494102.2749102,10,315,1,state-aware,3,2,,0.9941,0.9943,0.7773,0.8255,20,16,OFF
1790494105.3697248,6,318,0,state-aware,3,1,,0.9925,0.9822,0.8575,0.793,19,13,OFF
1790494108.516733,7,319,1,state-aware,3,1,,0.9915,0.9938,0.8474,0.8013,20,13,OFF
1790494110.1587827,8,318,1,state-aware,3,1,,0.9845,0.929,0.8975,0.7246,20,13,OFF
1790494111.182981,4,245,1,state-aware,3,2,,0.9938,0.9914,0.8013,0.8386,20,14,OFF
1790494111.4277947,1,311,1,state-aware,3,2,,0.9937,0.9933,0.792,0.8398,20,15,OFF
1790494112.2255313,5,316,1,state-aware,3,2,,0.9942,0.9938,0.8253,0.8401,20,16,OFF
1790494113.9672472,3,305,1,state-aware,3,2,,0.9933,0.9915,0.6375,0.6419,18,17,OFF
1790494115.07566,9,319,1,state-aware,3,1,,0.9914,0.9899,0.7876,0.7147,18,17,OFF
1790494115.2721443,6,319,1,state-aware,3,2,,0.8333,0.992,0.6768,0.8,18,18,OFF
1790494116.3760724,2,307,0,state-aware,3,1,,0.8887,0.8887,0.8625,0.7262,18,18,OFF
1790494118.6658697,10,316,1,state-aware,3,1,,0.9942,0.9942,0.7774,0.7458,18,18,OFF
1790494122.8921096,7,320,1,state-aware,3,1,,0.9938,0.9925,0.8638,0.8004,18,16,OFF
1790494123.7758186,4,246,1,state-aware,3,2,,0.9925,0.9932,0.8003,0.8483,18,17,OFF
1790494124.7892585,1,312,1,state-aware,3,2,,0.9901,0.99,0.7898,0.8465,17,18,OFF
1790494125.5463152,2,308,1,state-aware,3,1,,0.9933,0.9926,0.8164,0.8004,18,17,OFF
1790494127.163783,3,306,1,state-aware,3,2,,0.97,0.9705,0.6269,0.6672,16,18,ON
1790494127.5606198,5,317,1,state-aware,3,1,,0.9933,0.9925,0.8248,0.759,17,18,ON
1790494137.3918905,10,317,0,state-aware,3,1,,0.0,0.0,0.2368,0.1934,15,15,OFF
1790494142.396099,7,321,0,state-aware,3,1,,0.0,0.0,0.4293,0.0914,16,15,OFF
1790494142.397118,1,313,0,state-aware,3,2,,0.051,0.0067,0.2029,0.3702,16,16,OFF
1790494145.4003048,4,247,0,state-aware,3,1,,0.8689,0.8689,0.7121,0.7013,17,16,OFF
1790494145.7081628,9,321,1,state-aware,3,1,,0.9938,0.9938,0.7889,0.7171,18,16,OFF
1790494146.3484137,6,321,1,state-aware,3,2,,0.9926,0.9933,0.7764,0.8009,18,17,OFF
1790494147.1215646,10,318,1,state-aware,3,2,,0.9926,0.9938,0.7094,0.7455,18,17,OFF
1790494148.403302,3,307,0,state-aware,3,1,,0.99,0.9925,0.636,0.6099,18,17,OFF
1790494149.4053729,5,318,0,state-aware,3,2,,0.9924,0.9925,0.7448,0.759,18,18,OFF
1790494152.8684864,1,314,1,state-aware,3,2,,0.0,0.0,0.171,0.3202,17,18,OFF
1790494153.4100595,7,322,1,state-aware,3,2,,0.9902,0.9914,0.7798,0.7996,17,19,OFF
1790494153.8808932,8,321,1,state-aware,3,1,,0.9926,0.9926,0.9033,0.7644,18,19,OFF
1790494154.7420964,2,310,1,state-aware,3,1,,0.9932,0.9914,0.8163,0.7996,19,19,OFF
1790494156.346769,4,248,1,state-aware,3,2,,0.9931,0.9943,0.7167,0.764,18,20,OFF
1790494158.3953817,9,322,1,state-aware,3,1,,0.9901,0.9916,0.8082,0.7157,18,18,OFF
1790494159.723409,5,319,1,state-aware,3,1,,0.9938,0.9938,0.7456,0.6838,19,16,OFF
1790494161.2604313,10,319,1,state-aware,3,2,,0.9914,0.9938,0.7088,0.771,18,17,OFF
1790494164.416855,3,308,0,state-aware,3,2,,0.5534,0.9915,0.3897,0.6094,18,17,OFF
1790494164.4179173,6,322,0,state-aware,3,2,,0.9916,0.9916,0.7757,0.7907,18,18,OFF
1790494167.1959307,7,323,1,state-aware,3,2,,0.9915,0.9852,0.7804,0.7867,17,19,ON
1790494167.5034611,8,322,1,state-aware,3,1,,0.0,0.0,0.279,0.144,18,19,ON
1790494168.0182533,2,311,1,state-aware,3,1,,0.9938,0.9914,0.8429,0.7995,19,19,ON
1790494174.4253685,1,315,0,state-aware,3,2,,0.0,0.0,0.171,0.2739,17,16,ON
1790494178.4292111,4,249,0,state-aware,3,2,,0.0016,0.0,0.097,0.2329,15,16,ON
1790494181.4322069,10,320,0,state-aware,3,1,,0.8525,0.6193,0.6394,0.5207,15,16,ON
1790494190.4476056,1,316,0,state-aware,3,2,,0.0,0.0,0.171,0.2312,12,14,OFF
1790494190.4482815,3,310,1,state-aware,3,2,,0.9924,0.9913,0.5726,0.6094,12,15,OFF
1790494191.0624123,6,324,1,state-aware,3,2,,0.9924,0.9925,0.7763,0.7913,12,16,OFF
1790494191.565321,10,321,1,state-aware,3,2,,0.9923,0.9925,0.637,0.6904,12,17,OFF
1790494193.459807,9,324,0,state-aware,3,1,,0.0,0.0,0.3131,0.096,13,17,OFF
1790494197.194724,7,325,1,state-aware,3,2,,0.9938,0.9925,0.7814,0.7913,13,18,OFF
1790494198.9316733,2,313,1,state-aware,3,1,,0.8958,0.994,0.8021,0.8014,13,18,OFF
1790494199.8627539,1,317,1,state-aware,3,1,,0.9925,0.9937,0.7913,0.5481,14,18,OFF
1790494248.9270546,2,316,0,random,3,2,,0.0,0.0,nan,nan,0,1,UNKNOWN
1790494255.8539722,4,254,1,random,3,2,,0.99,0.9932,nan,nan,0,2,OFF
1790494255.8799217,3,314,1,random,3,1,,0.9933,0.9932,nan,nan,1,2,OFF
1790494258.0152843,7,329,1,random,3,2,,0.9938,0.9938,nan,nan,1,3,OFF
1790494259.558853,1,321,1,random,3,2,,0.9932,0.9931,nan,nan,1,4,OFF
1790494260.0697565,2,317,1,random,3,2,,0.9915,0.9915,nan,nan,1,5,OFF
1790494261.915629,8,328,1,random,3,1,,0.9925,0.99,nan,nan,2,5,OFF
1790494261.9293358,9,328,0,random,3,1,,0.0,0.0,nan,nan,3,5,OFF
1790494261.9301965,10,325,0,random,3,1,,0.9368,0.9839,nan,nan,4,5,OFF
1790494261.9313428,6,328,0,random,3,2,,0.0,0.0002,nan,nan,4,6,OFF
1790494261.9324155,8,327,0,random,3,2,,0.9925,0.99,nan,nan,4,7,OFF
1790494264.0491204,5,326,1,random,3,2,,0.9913,0.9924,nan,nan,4,8,OFF
1790494265.8008358,9,329,1,random,3,1,,0.6678,0.0,nan,nan,5,8,OFF
1790494266.3189209,6,329,1,random,3,1,,0.9908,0.9909,nan,nan,6,8,OFF
1790494267.241,4,255,1,random,3,1,,0.9932,0.9938,nan,nan,7,8,OFF
1790494269.409552,3,315,1,random,3,1,,0.9933,0.9925,nan,nan,8,8,OFF
1790494271.8365421,7,330,1,random,3,1,,0.9923,0.9914,nan,nan,9,8,OFF
1790494271.935451,10,326,0,random,3,2,,0.9368,0.0,nan,nan,9,9,OFF
1790494273.1805751,2,318,1,random,3,2,,0.9925,0.9915,nan,nan,9,10,OFF
1790494274.1377869,1,322,1,random,3,1,,0.9941,0.9914,nan,nan,10,10,OFF
1790494275.9740496,8,329,1,random,3,2,,0.9925,0.9925,nan,nan,10,11,OFF
1790494278.813932,5,327,1,random,3,2,,0.9931,0.9924,nan,nan,10,12,OFF
1790494279.6405694,9,330,1,random,3,1,,0.9933,0.9915,nan,nan,11,12,OFF
1790494280.1400356,6,330,1,random,3,1,,0.9925,0.9932,nan,nan,12,12,OFF
1790494280.4778893,10,327,1,random,3,1,,0.9931,0.9941,nan,nan,13,12,OFF
1790494281.4638212,4,256,1,random,3,1,,0.9925,0.9942,nan,nan,14,12,OFF
1790494283.626092,3,316,1,random,3,2,,0.9933,0.9933,nan,nan,14,13,OFF
1790494286.0770361,2,319,1,random,3,2,,0.9901,0.9901,nan,nan,14,14,OFF
1790494287.5412328,1,323,1,random,3,1,,0.9896,0.9817,nan,nan,15,14,OFF
1790494291.840105,8,330,1,random,3,1,,0.0034,0.1924,nan,nan,16,14,OFF
1790494292.2309263,5,328,1,random,3,1,,0.9924,0.9925,nan,nan,17,14,OFF
1790494292.9409206,7,331,0,random,3,2,,0.9925,0.9915,nan,nan,17,15,ON
1790494293.3559668,10,328,1,random,3,2,,0.9901,0.9933,nan,nan,17,16,ON
1790494293.9434285,9,331,1,random,3,1,,0.0,0.0,nan,nan,18,16,ON
1790494295.1380162,4,257,1,random,3,2,,0.9941,0.9924,nan,nan,18,17,ON
1790494306.9478185,1,324,0,random,3,1,,0.7698,0.7759,nan,nan,19,17,ON
1790494313.2184453,3,318,1,random,3,2,,0.9925,0.9913,nan,nan,19,17,OFF
1790494314.9514363,9,332,0,random,3,1,,0.0,0.0,nan,nan,20,17,OFF
1790494315.9025393,2,321,1,random,3,2,,0.9925,0.9943,nan,nan,19,17,OFF
1790494316.9066987,1,325,1,random,3,1,,0.9931,0.9923,nan,nan,20,17,OFF
1790494318.1444016,7,333,1,random,3,2,,0.9915,0.9925,nan,nan,20,17,OFF
1790494320.4155507,5,330,1,random,3,1,,0.9937,0.9943,nan,nan,21,15,OFF
1790494321.9187152,8,332,1,random,3,2,,0.9899,0.7164,nan,nan,20,16,OFF
1790494325.393626,9,333,1,random,3,2,,0.0,0.0173,nan,nan,18,14,OFF
1790494327.9559574,10,330,0,random,3,2,,0.9914,0.9933,nan,nan,15,15,OFF
1790494330.9581685,4,259,0,random,3,1,,0.9901,0.99,nan,nan,15,15,OFF
1790494330.9628665,6,333,0,random,3,2,,0.8395,0.9932,nan,nan,15,16,OFF
1790494331.1341965,1,326,1,random,3,2,,0.9914,0.9931,nan,nan,15,17,OFF
1790494332.0450335,7,334,1,random,3,1,,0.9882,0.9901,nan,nan,15,16,OFF
1790494333.0882027,5,331,1,random,3,1,,0.9925,0.9925,nan,nan,16,16,ON
1790494345.9761016,9,334,0,random,3,1,,0.0,0.0,nan,nan,12,12,ON
1790494355.4349997,4,261,1,random,3,2,,0.9817,0.9929,nan,nan,8,9,OFF
1790494356.0841,9,335,1,random,3,2,,0.9915,0.9925,nan,nan,8,10,OFF
1790494356.7319546,6,335,1,random,3,1,,0.9932,0.9923,nan,nan,9,10,OFF
1790494363.0851548,5,333,1,random,3,1,,0.9942,0.9941,nan,nan,10,10,OFF
1790494364.9831052,1,328,0,random,3,2,,0.9937,0.9901,nan,nan,10,11,OFF
1790494365.9866147,7,336,0,random,3,2,,0.9842,0.9896,nan,nan,10,12,OFF
1790494366.9889414,3,321,0,random,3,1,,0.0029,0.0016,nan,nan,10,12,OFF
1790494366.989956,2,324,0,random,3,1,,0.9943,0.9937,nan,nan,11,12,OFF
1790494367.499424,8,335,1,random,3,2,,0.9925,0.9925,nan,nan,11,13,OFF
1790494368.8542504,10,333,1,random,3,1,,0.9938,0.3877,nan,nan,12,13,OFF
1790494369.2573676,4,262,1,random,3,1,,0.0,0.0,nan,nan,13,13,OFF
1790494369.7492094,9,336,1,random,3,1,,0.9943,0.9925,nan,nan,14,13,OFF
1790494371.811505,6,336,1,random,3,2,,0.9931,0.9925,nan,nan,14,14,OFF
1790494375.478038,7,337,1,random,3,1,,0.9933,0.9926,nan,nan,14,13,OFF
1790494376.4967587,1,329,1,random,3,2,,0.9933,0.9922,nan,nan,14,13,OFF
1790494377.4281826,2,325,1,random,3,2,,0.9925,0.9925,nan,nan,13,14,OFF
1790494378.0605054,5,334,1,random,3,1,,0.9941,0.9932,nan,nan,14,14,OFF
1790494381.9632294,4,263,1,random,3,2,,0.99,0.9857,nan,nan,13,13,OFF
1790494381.995311,3,322,0,random,3,2,,0.8896,0.8809,nan,nan,13,14,OFF
1790494382.7688222,8,336,1,random,3,2,,0.9583,0.5532,nan,nan,13,15,OFF
1790494383.8897626,9,337,1,random,3,1,,0.9913,0.9942,nan,nan,14,15,OFF
1790494384.4876225,6,337,1,random,3,2,,0.9925,0.9932,nan,nan,14,16,OFF
1790494388.9995244,10,334,0,random,3,1,,0.9901,0.9921,nan,nan,15,14,ON
1790494395.003753,7,338,0,random,3,1,,0.0,0.0,nan,nan,13,12,ON
1790494402.0083447,8,337,0,random,3,2,,0.0,0.0,nan,nan,13,13,ON
1790494405.010991,10,335,0,random,3,1,,0.0723,0.6085,nan,nan,14,13,OFF
1790494406.0131447,6,338,0,random,3,1,,0.0,0.0,nan,nan,14,13,OFF
1790494407.117514,2,327,1,random,3,1,,0.9926,0.9915,nan,nan,15,13,OFF
1790494408.0397348,3,324,1,random,3,1,,0.9924,0.9914,nan,nan,16,13,OFF
1790494410.0256472,7,339,0,random,3,1,,0.0,0.0,nan,nan,17,13,OFF
1790494410.8120453,4,265,1,random,3,1,,0.0,0.0016,nan,nan,18,13,OFF
1790494411.0270681,5,336,0,random,3,1,,0.8689,0.0,nan,nan,19,13,OFF
1790494412.1395667,9,339,1,random,3,2,,0.9938,0.9925,nan,nan,19,14,OFF
1790494414.589093,10,336,1,random,3,2,,0.9933,0.9916,nan,nan,19,15,OFF
1790494416.038887,6,339,1,random,3,2,,0.9938,0.9914,nan,nan,19,15,OFF
1790494417.0407524,8,338,0,random,3,2,,0.9885,0.9868,nan,nan,18,15,OFF
1790494420.2233999,1,332,1,random,3,2,,0.0,0.9923,nan,nan,18,16,OFF
1790494420.5426087,7,340,1,random,3,2,,0.9867,0.9915,nan,nan,18,17,OFF
1790494421.14026,2,328,1,random,3,2,,0.9938,0.9914,nan,nan,18,18,OFF
1790494421.9835343,5,337,1,random,3,2,,0.9932,0.9913,nan,nan,18,19,OFF
1790494423.0977395,3,325,1,random,3,2,,0.9925,0.9914,nan,nan,17,20,OFF
1790494425.9842944,4,266,1,random,3,2,,0.9915,0.9853,nan,nan,17,20,OFF
1790494426.0220387,9,340,1,random,3,1,,0.9933,0.9915,nan,nan,18,19,OFF
1790494427.0729327,8,339,1,random,3,1,,0.9944,0.9933,nan,nan,17,19,OFF
1790494428.9224164,6,340,1,random,3,2,,0.9664,0.9914,nan,nan,16,19,OFF
1790494429.1151345,10,337,1,random,3,2,,0.9915,0.9352,nan,nan,16,20,OFF
1790494433.3238158,1,333,1,random,3,2,,0.8943,0.8535,nan,nan,14,20,OFF
1790494434.1555343,2,329,1,random,3,2,,0.9926,0.9902,nan,nan,14,21,OFF
1790494439.688068,8,340,1,random,3,1,,0.9942,0.9915,nan,nan,13,19,OFF
1790494441.4327433,4,267,1,random,3,1,,0.9902,0.99,nan,nan,14,19,OFF
1790494441.8241205,9,341,1,random,3,2,,0.9938,0.9943,nan,nan,14,20,OFF
1790494443.0636656,5,338,0,random,3,1,,0.9915,0.9925,nan,nan,15,17,OFF
1790494443.5770369,6,341,1,random,3,1,,0.9901,0.9915,nan,nan,16,17,OFF
1790494444.9375162,10,338,1,random,3,1,,0.9932,0.9943,nan,nan,16,16,OFF
1790494446.5482554,1,334,1,random,3,1,,0.9915,0.9915,nan,nan,17,16,OFF
1790494448.7869182,7,342,1,random,3,2,,0.9914,0.9915,nan,nan,17,17,OFF
1790494449.7167535,2,330,1,random,3,1,,0.9942,0.9933,nan,nan,17,17,OFF
1790494452.2689543,5,339,1,random,3,2,,0.9916,0.9941,nan,nan,17,18,OFF
1790494453.3049154,8,341,1,random,3,2,,0.9767,0.0222,nan,nan,17,19,OFF
1790494454.1252153,4,268,1,random,3,2,,0.9937,0.9881,nan,nan,17,20,OFF
1790494456.7909455,6,342,1,random,3,1,,0.9867,0.9861,nan,nan,17,20,OFF
1790494459.143252,10,339,1,random,3,2,,0.9914,0.9933,nan,nan,17,21,OFF
1790494460.2705219,1,335,1,random,3,1,,0.9941,0.9942,nan,nan,18,21,OFF
1790494462.0730042,9,342,0,random,3,2,,0.9914,0.9938,nan,nan,18,21,ON
1790494463.7554035,7,343,1,random,3,2,,0.0,0.0,nan,nan,18,22,ON
1790494472.0789335,5,340,0,random,3,1,,0.0,0.0161,nan,nan,12,22,ON
1790494476.1046743,6,343,0,random,3,2,,0.0003,0.0,nan,nan,12,20,ON
1790494484.094819,2,332,0,random,3,2,,0.0,0.0,nan,nan,12,15,OFF
1790494484.7759867,8,343,1,random,3,2,,0.9925,0.9924,nan,nan,12,16,OFF
1790494485.1742644,3,329,1,random,3,2,,0.9941,0.9915,nan,nan,12,17,OFF
1790494486.4737906,6,344,1,random,3,2,,0.9901,0.9925,nan,nan,11,17,OFF
1790494486.8991463,9,344,1,random,3,1,,0.9924,0.994,nan,nan,12,17,OFF
1790494487.097339,5,341,0,random,3,1,,0.0,0.0,nan,nan,12,17,OFF
1790494488.3236191,10,341,1,random,3,1,,0.9943,0.9933,nan,nan,13,17,OFF
1790494489.3371458,1,337,1,random,3,1,,0.9931,0.9923,nan,nan,14,15,OFF
1790494492.9518762,7,345,1,random,3,1,,0.9924,0.9932,nan,nan,15,15,OFF
1790494495.523741,2,333,1,random,3,1,,0.9901,0.9882,nan,nan,16,13,OFF
1790494496.5172787,5,342,1,random,3,1,,0.9938,0.9925,nan,nan,17,13,OFF
1790494497.2569473,8,344,1,random,3,1,,0.9925,0.9932,nan,nan,18,13,OFF
1790494498.877974,4,271,1,random,3,1,,0.9926,0.9915,nan,nan,19,13,OFF
1790494500.6182833,6,345,1,random,3,1,,0.9821,0.03,nan,nan,19,13,OFF
1790494502.7642627,10,342,1,random,3,2,,0.9915,0.9933,nan,nan,18,13,OFF
1790494505.2450416,1,338,1,random,3,1,,0.9924,0.9937,nan,nan,16,13,OFF
1790494506.1099133,3,330,0,random,3,1,,0.7727,0.9002,nan,nan,17,13,OFF
1790494507.1120794,9,345,0,random,3,1,,0.9926,0.9933,nan,nan,17,13,OFF
1790494508.1880054,2,334,1,random,3,1,,0.9944,0.9941,nan,nan,18,13,OFF
1790494509.2099147,7,346,1,random,3,2,,0.9915,0.9926,nan,nan,18,13,OFF
1790494509.8290563,5,343,1,random,3,2,,0.9925,0.9925,nan,nan,17,14,OFF
1790494510.7516901,8,345,1,random,3,2,,0.9932,0.9924,nan,nan,17,15,OFF
1790494511.977664,4,272,1,random,3,2,,0.9938,0.9938,nan,nan,17,16,OFF
1790494514.135418,6,346,1,random,3,1,,0.9925,0.9925,nan,nan,18,13,OFF
1790494516.0876093,10,343,1,random,3,2,,0.0029,0.0,nan,nan,18,14,OFF
1790494519.2296205,1,339,1,random,3,1,,0.9925,0.9915,nan,nan,18,13,OFF
1790494522.14321,9,346,0,random,3,1,,0.9882,0.9464,nan,nan,18,12,OFF
1790494522.1442132,7,347,1,random,3,2,,0.0,0.0001,nan,nan,18,13,OFF
1790494522.1486087,3,331,0,random,3,2,,0.9921,0.9935,nan,nan,18,14,OFF
1790494524.9800365,4,273,1,random,3,2,,0.9916,0.9914,nan,nan,18,14,ON
1790494526.3126392,8,346,1,random,3,2,,0.0,0.0,nan,nan,18,15,ON
1790494528.1551101,2,335,0,random,3,2,,0.9902,0.9858,nan,nan,18,16,ON
1790494528.1560686,5,344,0,random,3,1,,0.9915,0.8804,nan,nan,19,16,ON
1790494585.5693455,3,335,0,round-robin,3,1,,0.0,0.0,nan,nan,1,0,OFF
1790494588.764215,8,350,1,round-robin,3,1,,0.0038,0.9912,nan,nan,2,0,OFF
1790494589.126993,4,277,1,round-robin,3,1,,0.9924,0.991,nan,nan,3,0,OFF
1790494589.5717204,2,339,0,round-robin,3,1,,0.0,0.0,nan,nan,4,0,OFF
1790494590.9501457,6,351,1,round-robin,3,1,,0.9881,0.9881,nan,nan,5,0,OFF
1790494593.992243,9,351,1,round-robin,3,1,,0.9925,0.9925,nan,nan,6,0,OFF
1790494594.7207053,3,336,1,round-robin,3,2,,0.9925,0.988,nan,nan,6,1,OFF
1790494595.5445888,1,344,1,round-robin,3,1,,0.9915,0.9926,nan,nan,7,1,OFF
1790494596.7676384,10,348,1,round-robin,3,1,,0.9925,0.9915,nan,nan,8,1,OFF
1790494598.3307612,7,352,1,round-robin,3,1,,0.0,0.0,nan,nan,9,1,OFF
1790494600.9904385,5,349,1,round-robin,3,1,,0.9933,0.9915,nan,nan,10,1,OFF
1790494601.9769773,4,278,1,round-robin,3,2,,0.9933,0.9926,nan,nan,10,2,OFF
1790494603.1166475,8,351,1,round-robin,3,2,,0.9926,0.9925,nan,nan,10,3,OFF
1790494604.5754952,2,340,0,round-robin,3,2,,0.8689,0.8689,nan,nan,10,4,ON
1790494607.0042088,6,352,1,round-robin,3,2,,0.9925,0.9925,nan,nan,10,5,ON
1790494614.5790977,1,345,0,round-robin,3,2,,0.0,0.0,nan,nan,10,6,ON
1790494618.5816476,7,353,0,round-robin,3,2,,0.0005,0.0,nan,nan,10,7,ON
1790494622.5846446,4,279,0,round-robin,3,1,,0.0,0.0,nan,nan,11,7,ON
1790494632.3933847,8,353,1,round-robin,3,1,,0.9925,0.9915,nan,nan,12,7,OFF
1790494633.131576,4,280,1,round-robin,3,2,,0.9932,0.9915,nan,nan,12,8,OFF
1790494635.588207,2,342,0,round-robin,3,1,,0.0,0.3179,nan,nan,13,8,OFF
1790494638.7369533,6,354,1,round-robin,3,1,,0.9915,0.9933,nan,nan,14,8,OFF
1790494639.4671922,9,354,1,round-robin,3,2,,0.9933,0.9933,nan,nan,14,9,OFF
1790494640.1807718,1,347,1,round-robin,3,1,,0.9881,0.9933,nan,nan,15,9,OFF
1790494640.9020803,10,351,1,round-robin,3,2,,0.8333,0.9925,nan,nan,15,10,OFF
1790494644.8953514,7,355,1,round-robin,3,1,,0.0,0.0,nan,nan,16,10,OFF
1790494645.5950468,3,339,0,round-robin,3,1,,0.9925,0.9912,nan,nan,16,10,OFF
1790494645.8116748,8,354,1,round-robin,3,2,,0.9933,0.9914,nan,nan,16,11,OFF
1790494646.5489726,5,352,1,round-robin,3,2,,0.9916,0.9938,nan,nan,16,12,OFF
1790494648.3649335,4,281,1,round-robin,3,1,,0.9931,0.9924,nan,nan,17,12,OFF
1790494653.3112564,6,355,1,round-robin,3,2,,0.9925,0.9933,nan,nan,13,13,OFF
1790494654.3401415,9,355,1,round-robin,3,1,,0.0,0.0,nan,nan,13,13,OFF
1790494654.8301966,1,348,1,round-robin,3,2,,0.9915,0.9938,nan,nan,13,13,OFF
1790494656.4691617,3,340,1,round-robin,3,2,,0.9933,0.9931,nan,nan,12,14,OFF
1790494659.7847183,7,356,1,round-robin,3,2,,0.9916,0.9915,nan,nan,10,15,OFF
1790494660.2762673,8,355,1,round-robin,3,1,,0.88,0.9937,nan,nan,11,15,OFF
1790494660.476136,5,353,1,round-robin,3,1,,0.9941,0.8887,nan,nan,12,15,OFF
1790494661.1751733,4,282,1,round-robin,3,2,,0.0,0.0,nan,nan,11,16,OFF
1790494661.6073706,10,352,0,round-robin,3,1,,0.9841,0.9915,nan,nan,12,16,OFF
1790494661.7117481,2,344,1,round-robin,3,2,,0.991,0.9914,nan,nan,12,17,OFF
1790494667.117655,9,356,1,round-robin,3,2,,0.9925,0.9941,nan,nan,12,14,OFF
1790494669.2543087,6,356,1,round-robin,3,1,,0.9932,0.9933,nan,nan,13,14,OFF
1790494670.491937,1,349,1,round-robin,3,1,,0.9933,0.99,nan,nan,14,14,OFF
1790494672.2451632,10,353,1,round-robin,3,2,,0.9925,0.9942,nan,nan,14,15,OFF
1790494672.9364371,3,341,1,round-robin,3,1,,0.9924,0.9925,nan,nan,15,15,OFF
1790494673.5734808,5,354,1,round-robin,3,2,,0.9933,0.0522,nan,nan,15,16,OFF
1790494674.0814722,7,357,1,round-robin,3,1,,0.993,0.9932,nan,nan,16,16,ON
1790494676.640713,2,345,1,round-robin,3,1,,0.0,0.0008,nan,nan,17,15,ON
1790494679.614191,8,356,0,round-robin,3,2,,0.0,0.9937,nan,nan,17,15,ON
1790494687.1976402,3,342,1,round-robin,3,2,,0.9941,0.9841,nan,nan,16,16,OFF
1790494688.2116902,7,358,1,round-robin,3,2,,0.9931,0.9938,nan,nan,16,17,OFF
1790494689.0453985,8,357,1,round-robin,3,1,,0.9901,0.9925,nan,nan,17,17,OFF
1790494689.4451678,5,355,1,round-robin,3,1,,0.9943,0.9925,nan,nan,18,17,OFF
1790494689.6252615,1,350,0,round-robin,3,2,,0.9933,0.9597,nan,nan,18,18,OFF
1790494691.619603,10,354,0,round-robin,3,1,,0.0,0.0,nan,nan,19,18,OFF
1790494692.7570376,2,346,1,round-robin,3,2,,0.0,0.0174,nan,nan,18,19,OFF
1790494696.9127092,9,358,1,round-robin,3,1,,0.9924,0.9941,nan,nan,18,18,OFF
1790494697.628387,4,284,0,round-robin,3,1,,0.8535,0.8535,nan,nan,19,18,OFF
1790494698.441462,6,358,1,round-robin,3,2,,0.9937,0.9924,nan,nan,19,19,OFF
1790494699.4945524,1,351,1,round-robin,3,1,,0.9914,0.9915,nan,nan,19,18,OFF
1790494700.6979382,3,343,1,round-robin,3,1,,0.9932,0.9938,nan,nan,19,18,OFF
1790494701.5255437,7,359,1,round-robin,3,1,,0.9925,0.9937,nan,nan,20,17,OFF
1790494701.8652086,8,358,1,round-robin,3,2,,0.9941,0.9915,nan,nan,20,18,OFF
1790494702.2722826,10,355,1,round-robin,3,2,,0.9925,0.9942,nan,nan,20,19,OFF
1790494704.6206074,5,356,1,round-robin,3,2,,0.9925,0.9899,nan,nan,20,20,OFF
1790494708.816006,4,285,1,round-robin,3,2,,0.9938,0.9899,nan,nan,17,19,OFF
1790494709.220771,2,347,1,round-robin,3,1,,0.9925,0.9942,nan,nan,18,19,OFF
1790494711.0588243,9,359,1,round-robin,3,2,,0.9938,0.9915,nan,nan,18,20,OFF
1790494712.2953432,1,352,1,round-robin,3,2,,0.9924,0.9941,nan,nan,18,21,OFF
1790494713.506002,6,359,1,round-robin,3,1,,0.9925,0.9941,nan,nan,19,20,OFF
1790494714.112915,3,344,1,round-robin,3,2,,0.9942,0.9914,nan,nan,19,21,OFF
1790494715.4534094,8,359,1,round-robin,3,1,,0.8965,0.9915,nan,nan,19,20,OFF
1790494715.8652408,10,356,1,round-robin,3,1,,0.9914,0.9942,nan,nan,20,20,OFF
1790494717.089173,7,360,1,round-robin,3,2,,0.9938,0.9925,nan,nan,20,20,OFF
1790494717.5990076,5,357,1,round-robin,3,1,,0.9938,0.9933,nan,nan,21,20,OFF
1790494722.1076486,2,348,1,round-robin,3,2,,0.9912,0.9925,nan,nan,18,18,OFF
1790494724.3455908,4,286,1,round-robin,3,1,,0.9938,0.9925,nan,nan,19,18,OFF
1790494725.825498,1,353,1,round-robin,3,1,,0.9901,0.99,nan,nan,20,18,ON
1790494726.914731,9,360,1,round-robin,3,1,,0.9925,0.9937,nan,nan,21,18,ON
1790494728.1474853,6,360,1,round-robin,3,2,,0.9901,0.9915,nan,nan,21,18,ON
1790494734.6412413,10,357,0,round-robin,3,2,,0.9914,0.8827,nan,nan,17,17,ON
1790494740.8815367,9,361,1,round-robin,3,2,,0.9925,0.9942,nan,nan,16,17,OFF
1790494741.585534,1,354,1,round-robin,3,2,,0.9925,0.9925,nan,nan,16,18,OFF
1790494741.6601012,2,349,0,round-robin,3,1,,0.3629,0.8547,nan,nan,17,18,OFF
1790494744.2176516,8,361,1,round-robin,3,2,,0.869,0.8944,nan,nan,17,19,OFF
1790494747.8262534,7,362,1,round-robin,3,1,,0.9925,0.9938,nan,nan,18,18,OFF
1790494749.6497517,6,361,0,round-robin,3,1,,0.9915,0.9938,nan,nan,17,16,OFF
1790494749.6504939,10,358,0,round-robin,3,1,,0.99,0.9827,nan,nan,18,16,OFF
1790494750.6527784,5,359,0,round-robin,3,2,,0.0001,0.0016,nan,nan,18,17,OFF
1790494750.6539698,3,346,0,round-robin,3,1,,0.9881,0.989,nan,nan,19,17,OFF
1790494750.9975388,2,350,1,round-robin,3,2,,0.9924,0.9941,nan,nan,19,18,OFF
1790494752.7417347,4,288,1,round-robin,3,2,,0.9932,0.9938,nan,nan,18,19,OFF
1790494756.4055727,9,362,1,round-robin,3,1,,0.9925,0.9915,nan,nan,19,18,OFF
1790494756.704945,1,355,1,round-robin,3,1,,0.0,0.9323,nan,nan,20,18,OFF
1790494757.2292337,8,362,1,round-robin,3,1,,0.9933,0.9938,nan,nan,20,18,OFF
1790494759.8066924,6,362,1,round-robin,3,2,,0.9938,0.9933,nan,nan,18,18,OFF
1790494760.318046,3,347,1,round-robin,3,2,,0.9925,0.9779,nan,nan,18,19,OFF
1790494761.3606706,10,359,1,round-robin,3,2,,0.9901,0.9925,nan,nan,17,20,OFF
1790494761.6498168,5,360,1,round-robin,3,1,,0.9922,0.9923,nan,nan,17,20,OFF
1790494765.1298816,2,351,1,round-robin,3,1,,0.9942,0.9925,nan,nan,18,17,OFF
1790494765.5227914,4,289,1,round-robin,3,1,,0.9901,0.9901,nan,nan,19,17,OFF
1790494765.6604393,7,363,0,round-robin,3,2,,0.9925,0.9944,nan,nan,19,18,OFF
1790494769.0943747,9,363,1,round-robin,3,2,,0.9915,0.9915,nan,nan,19,18,OFF
1790494770.1471496,1,356,1,round-robin,3,2,,0.9931,0.9923,nan,nan,18,19,OFF
1790494771.6631207,8,363,1,round-robin,3,2,,0.9942,0.9925,nan,nan,18,19,OFF
1790494772.5771446,6,363,1,round-robin,3,1,,0.9902,0.9916,nan,nan,19,18,OFF
1790494774.0240448,3,348,1,round-robin,3,1,,0.9933,0.9925,nan,nan,19,18,OFF
1790494774.654165,5,361,1,round-robin,3,2,,0.9916,0.9915,nan,nan,19,18,OFF
1790494775.356922,7,364,1,round-robin,3,1,,0.7012,0.0,nan,nan,20,18,OFF
1790494778.3591182,4,290,1,round-robin,3,2,,0.9915,0.99,nan,nan,17,18,ON
1790494781.6721513,10,360,0,round-robin,3,1,,0.9901,0.9926,nan,nan,18,18,ON
1790494784.675326,2,352,0,round-robin,3,2,,0.0,0.0,nan,nan,17,18,ON
1790494791.6794379,8,364,0,round-robin,3,1,,0.9942,0.4903,nan,nan,16,17,ON
1790494793.681699,3,349,0,round-robin,3,2,,0.0,0.0,nan,nan,16,18,ON
1790494796.6844738,7,365,0,round-robin,3,2,,0.0,0.0,nan,nan,16,18,ON
1790494799.6874497,2,353,0,round-robin,3,1,,0.0,0.0,nan,nan,17,18,OFF
1790494804.2726715,3,350,1,round-robin,3,1,,0.9925,0.9915,nan,nan,17,15,OFF
1790494804.6464288,5,363,1,round-robin,3,1,,0.9932,0.9941,nan,nan,18,15,OFF
1790494806.081764,7,366,1,round-robin,3,1,,0.9925,0.9943,nan,nan,19,15,OFF
1790494807.3060963,4,292,1,round-robin,3,1,,0.9899,0.9901,nan,nan,20,15,OFF
1790494808.014824,10,362,1,round-robin,3,2,,0.9933,0.9942,nan,nan,19,16,OFF
1790494809.135354,2,354,1,round-robin,3,2,,0.9942,0.9937,nan,nan,19,17,OFF
1790494814.5711386,9,366,1,round-robin,3,1,,0.9914,0.9915,nan,nan,17,14,OFF
1790494816.0960248,6,366,1,round-robin,3,2,,0.9925,0.9915,nan,nan,17,15,OFF
1790494816.953004,3,351,1,round-robin,3,2,,0.9925,0.9913,nan,nan,15,16,OFF
1790494817.43857,8,366,1,round-robin,3,2,,0.9925,0.9915,nan,nan,14,17,OFF
1790494818.8740442,5,364,1,round-robin,3,2,,0.9933,0.9933,nan,nan,14,18,OFF
1790494819.1756175,7,367,1,round-robin,3,2,,0.9912,0.9923,nan,nan,14,19,OFF
1790494821.7596416,4,293,1,round-robin,3,2,,0.9925,0.99,nan,nan,13,17,OFF
1790494822.7528994,10,363,1,round-robin,3,1,,0.9942,0.9942,nan,nan,14,17,OFF
1790494823.210391,2,355,1,round-robin,3,1,,0.9943,0.9941,nan,nan,15,17,OFF
1790494827.0730257,9,367,1,round-robin,3,2,,0.9914,0.9914,nan,nan,13,17,OFF
1790494835.7113008,1,360,0,round-robin,3,1,,0.9915,0.8535,nan,nan,11,13,ON
1790494835.7125108,3,352,0,round-robin,3,1,,0.0,0.0,nan,nan,12,13,ON
1790494840.7171383,7,368,0,round-robin,3,1,,0.0,0.0,nan,nan,13,12,ON
1790494850.7237456,8,368,0,round-robin,3,1,,0.0,0.0,nan,nan,13,11,ON
1790494858.090745,9,369,1,round-robin,3,1,,0.9924,0.9938,nan,nan,13,9,OFF
1790494859.5372658,8,369,1,round-robin,3,2,,0.9915,0.9925,nan,nan,13,10,OFF
1790494861.3049836,1,362,1,round-robin,3,2,,0.9914,0.9933,nan,nan,12,11,OFF
1790494905.2724445,2,360,0,ewma,3,2,,0.0,0.0,0.5,0.5,0,1,OFF
1790494908.2742887,3,357,1,ewma,3,2,,0.9926,0.9925,0.5,0.5,0,2,OFF
1790494912.7059994,7,373,1,ewma,3,1,,0.9942,0.9942,0.5,0.5,1,2,OFF
1790494913.0198643,6,372,1,ewma,3,2,,0.9913,0.9912,0.5,0.5,1,3,OFF
1790494914.7190018,2,361,1,ewma,3,1,,0.9941,0.9933,0.5,0.4,2,3,OFF
1790494915.752868,10,369,1,ewma,3,2,,0.9915,0.9926,0.5,0.5,2,4,OFF
1790494920.2778442,5,370,0,ewma,3,1,,0.9931,0.9931,0.5,0.5,3,4,OFF
1790494920.5584667,8,373,1,ewma,3,1,,0.9941,0.9924,0.5,0.5,4,4,OFF
1790494923.748287,3,358,1,ewma,3,1,,0.9938,0.9925,0.5,0.4,5,4,OFF
1790494925.281457,9,373,0,ewma,3,2,,0.0,0.4748,0.5,0.5,5,5,OFF
1790494925.282312,1,366,0,ewma,3,2,,0.9878,0.9862,0.5,0.5,5,6,OFF
1790494927.3085768,6,373,1,ewma,3,2,,0.9883,0.9926,0.5,0.6,5,7,OFF
1790494927.8648343,7,374,1,ewma,3,2,,0.0002,0.0,0.4,0.5,5,8,OFF
1790494928.4359312,2,362,1,ewma,3,1,,0.9901,0.9933,0.6,0.4,6,8,OFF
1790494929.3693004,4,300,1,ewma,3,1,,0.9914,0.9925,0.5,0.5,7,8,ON
1790494931.2084172,5,371,1,ewma,3,2,,0.9925,0.9926,0.4,0.5,7,9,ON
1790494931.8164196,10,370,1,ewma,3,1,,0.9914,0.9915,0.5,0.4,8,9,ON
1790494941.2867336,1,367,0,ewma,3,1,,0.8497,0.985,0.5,0.4,9,9,ON
1790494941.2877755,9,374,0,ewma,3,1,,0.0,0.0,0.5,0.4,10,9,ON
1790494942.2900615,3,359,0,ewma,3,1,,0.0,0.0,0.6,0.4,11,9,ON
1790494948.2932954,4,301,0,ewma,3,1,,0.0,0.0,0.6,0.5,12,9,ON
1790494952.2953076,10,371,0,ewma,3,1,,0.9914,0.6075,0.6,0.4,13,9,OFF
1790494956.926682,6,375,1,ewma,3,2,,0.9915,0.9925,0.5,0.6,13,10,OFF
1790494957.424683,4,302,1,ewma,3,2,,0.0,0.0,0.48,0.5,13,11,OFF
1790494957.9457567,2,364,1,ewma,3,1,,0.9915,0.9925,0.6,0.4,14,11,OFF
1790494960.8069475,7,376,1,ewma,3,2,,0.9899,0.9914,0.4,0.5,14,12,OFF
1790494961.9888234,5,373,1,ewma,3,2,,0.0303,0.0,0.4,0.5,14,13,OFF
1790494964.991387,8,376,1,ewma,3,2,,0.9925,0.9924,0.5,0.5,14,14,OFF
1790494966.9314578,1,369,1,ewma,3,1,,0.9924,0.9925,0.5,0.4,15,13,OFF
1790494968.3012817,10,372,0,ewma,3,1,,0.9932,0.9736,0.48,0.4,16,12,OFF
1790494968.5038946,9,376,1,ewma,3,1,,0.9925,0.9915,0.5,0.4,17,12,OFF
1790494969.0893688,3,361,1,ewma,3,1,,0.9915,0.9914,0.6,0.4,18,12,OFF
1790494970.5650835,6,376,1,ewma,3,2,,0.0,0.9901,0.5,0.68,18,13,OFF
1790494971.1625671,2,365,1,ewma,3,1,,0.9938,0.9933,0.68,0.4,19,13,OFF
1790494973.0877516,4,303,1,ewma,3,1,,0.9942,0.9938,0.48,0.4,19,12,OFF
1790494974.2198372,7,377,1,ewma,3,2,,0.9938,0.9914,0.4,0.6,19,13,OFF
1790494977.7984896,5,374,1,ewma,3,2,,0.9932,0.9942,0.4,0.4,18,13,OFF
1790494978.4068162,10,373,1,ewma,3,2,,0.9914,0.9937,0.384,0.4,18,14,OFF
1790494979.6315558,1,370,1,ewma,3,1,,0.9914,0.9924,0.6,0.4,19,14,OFF
1790494981.3863654,8,377,1,ewma,3,1,,0.9938,0.9925,0.5,0.4,18,14,OFF
1790494981.6287444,9,377,1,ewma,3,1,,0.9853,0.9857,0.6,0.4,19,14,OFF
1790494988.308711,6,377,0,ewma,3,2,,0.8689,0.9914,0.5,0.744,18,11,ON
1790494989.3111362,3,362,0,ewma,3,1,,0.9908,0.9071,0.68,0.4,18,11,ON
1790494992.3129392,7,378,0,ewma,3,2,,0.0031,0.9914,0.4,0.68,16,11,ON
1790494993.3164828,2,366,0,ewma,3,1,,0.018,0.3659,0.544,0.4,17,11,ON
1790494997.319235,1,371,0,ewma,3,1,,0.0,0.0,0.68,0.4,18,11,OFF
1790494998.0972445,3,363,1,ewma,3,1,,0.9938,0.9925,0.544,0.4,19,11,OFF
1790494998.8305364,6,378,1,ewma,3,2,,0.9931,0.9925,0.5,0.5952,19,12,OFF
1790494999.3213556,10,374,0,ewma,3,1,,0.0,0.0,0.384,0.32,20,12,OFF
1790495002.480115,2,367,1,ewma,3,1,,0.0001,0.0,0.4352,0.4,18,12,OFF
1790495005.452733,5,376,1,ewma,3,1,,0.0,0.994,0.4,0.4,19,12,OFF
1790495005.9574528,4,305,1,ewma,3,1,,0.9888,0.9885,0.48,0.4,20,12,OFF
1790495008.2172976,1,372,1,ewma,3,1,,0.9901,0.9933,0.544,0.4,21,12,OFF
1790495008.3279068,7,379,0,ewma,3,2,,0.8546,0.9937,0.4,0.544,20,13,OFF
1790495009.3793852,10,375,1,ewma,3,2,,0.9895,0.9912,0.3072,0.32,20,14,OFF
1790495011.3915713,8,379,1,ewma,3,1,,0.9673,0.9933,0.5,0.4,21,14,OFF
1790495011.599428,3,364,1,ewma,3,1,,0.9933,0.8333,0.6352,0.4,22,14,OFF
1790495011.8894203,6,379,1,ewma,3,2,,0.0008,0.1195,0.5,0.6762,22,15,OFF
1790495017.1292763,2,368,1,ewma,3,2,,0.9943,0.9942,0.3482,0.4,21,15,OFF
1790495019.6780593,5,377,1,ewma,3,1,,0.0,0.0,0.52,0.4,21,14,OFF
1790495022.0453618,1,373,1,ewma,3,1,,0.9913,0.9899,0.6352,0.4,22,12,OFF
1790495023.3333602,7,380,0,ewma,3,2,,0.9878,0.9933,0.4,0.4352,22,13,OFF
1790495023.7933621,10,376,1,ewma,3,2,,0.9925,0.99,0.3072,0.456,22,14,OFF
1790495024.287812,8,380,1,ewma,3,1,,0.9925,0.9933,0.6,0.4,23,14,OFF
1790495026.2405148,6,380,1,ewma,3,2,,0.9925,0.9907,0.5,0.7409,23,14,OFF
1790495026.7727566,9,380,1,ewma,3,1,,0.9915,0.9933,0.6,0.4,24,14,OFF
1790495031.3468342,3,365,0,ewma,3,1,,0.9899,0.9911,0.7082,0.4,20,13,OFF
1790495031.3478436,2,369,1,ewma,3,2,,0.9938,0.9925,0.3482,0.52,20,14,OFF
1790495032.5128543,7,381,1,ewma,3,1,,0.9924,0.9925,0.4,0.3482,21,14,OFF
1790495033.50992,5,378,1,ewma,3,1,,0.9925,0.9941,0.616,0.4,21,14,OFF
1790495034.8807516,1,374,1,ewma,3,1,,0.9925,0.9913,0.7082,0.4,22,13,OFF
1790495035.44788,4,307,1,ewma,3,1,,0.9926,0.9938,0.48,0.4,23,13,OFF
1790495037.398097,8,381,1,ewma,3,1,,0.7961,0.9938,0.68,0.4,24,13,ON
1790495037.4907463,10,377,1,ewma,3,2,,0.9933,0.927,0.3072,0.5648,24,14,ON
1790495039.2322137,6,381,1,ewma,3,2,,0.99,0.9915,0.5,0.7927,24,13,ON
1790495039.9643712,9,381,1,ewma,3,1,,0.9923,0.9942,0.68,0.4,24,13,ON
1790495053.3677268,1,375,0,ewma,3,1,,0.0,0.0,0.7665,0.4,21,11,ON
1790495059.37234,8,382,0,ewma,3,1,,0.0,0.0,0.544,0.4,19,10,OFF
1790495062.3750153,3,367,0,ewma,3,1,,0.0,0.0,0.7082,0.4,20,10,OFF
1790495062.8000255,1,376,1,ewma,3,1,,0.0,0.0,0.6132,0.4,20,10,OFF
1790495063.22026,2,371,1,ewma,3,2,,0.9925,0.9925,0.3482,0.52,20,11,OFF
1790495065.8781414,4,309,1,ewma,3,1,,0.9933,0.9913,0.48,0.4,20,11,OFF
1790495068.2100413,10,379,1,ewma,3,2,,0.99,0.9925,0.3072,0.5648,19,12,OFF
1790495068.3847678,7,383,0,ewma,3,1,,0.8535,0.9933,0.4,0.3482,19,11,OFF
1790495070.067473,8,383,1,ewma,3,1,,0.9855,0.4685,0.4352,0.4,20,10,OFF
1790495070.2643511,6,383,1,ewma,3,2,,0.9853,0.9819,0.5,0.7927,20,11,OFF
1790495071.8118925,9,383,1,ewma,3,1,,0.97,0.7092,0.68,0.4,19,11,OFF
1790495072.1134574,3,368,1,ewma,3,1,,0.993,0.9921,0.5665,0.4,20,10,OFF
1790495075.9095547,1,377,1,ewma,3,1,,0.9925,0.9925,0.6906,0.4,21,10,OFF
1790495076.7463467,2,372,1,ewma,3,2,,0.9943,0.9938,0.3482,0.616,21,11,OFF
1790495077.6788857,5,381,1,ewma,3,1,,0.9925,0.9925,0.616,0.4,22,10,OFF
1790495078.8653955,7,384,1,ewma,3,2,,0.0,0.0,0.32,0.3482,22,11,ON
1790495096.3927677,5,382,0,ewma,3,1,,0.0,0.0302,0.6928,0.4,14,7,ON
1790495100.0685987,6,385,1,ewma,3,2,,0.9937,0.9933,0.5,0.7927,12,6,OFF
1790495102.1185951,3,370,1,ewma,3,1,,0.9944,0.994,0.5665,0.4,13,6,OFF
1790495104.3710136,9,385,1,ewma,3,1,,0.9932,0.9942,0.68,0.4,14,6,OFF
1790495104.3969846,8,385,0,ewma,3,1,,0.3836,0.3011,0.4352,0.4,15,6,OFF
1790495107.9539924,1,379,1,ewma,3,1,,0.991,0.9923,0.6906,0.4,16,6,OFF
1790495109.9345691,4,312,1,ewma,3,1,,0.9943,0.9937,0.48,0.4,17,6,OFF
1790495110.9496439,7,386,1,ewma,3,2,,0.9925,0.9931,0.32,0.3482,17,7,OFF
1790495111.4139192,5,383,0,ewma,3,1,,0.0,0.0,0.5542,0.4,18,7,OFF
1790495111.4149048,2,374,0,ewma,3,2,,0.9877,0.9885,0.3482,0.616,18,8,OFF
1790495114.296502,10,382,1,ewma,3,2,,0.0,0.9445,0.3072,0.5648,17,9,OFF
1790495115.1233277,8,386,1,ewma,3,2,,0.9938,0.9925,0.3482,0.4,17,10,OFF
1790495116.4560459,3,371,1,ewma,3,1,,0.9938,0.9937,0.6532,0.4,18,10,OFF
1790495118.7253072,9,386,1,ewma,3,1,,0.9925,0.9938,0.744,0.4,19,10,ON
1790495119.4209707,6,386,0,ewma,3,2,,0.9933,0.9933,0.5,0.8342,18,11,ON
1790495140.4317315,9,387,0,ewma,3,1,,0.0,0.0,0.5952,0.4,10,6,OFF
1790495141.4343963,1,381,0,ewma,3,1,,0.0,0.0,0.6906,0.4,11,6,OFF
1790495142.9828818,4,314,1,ewma,3,1,,0.9902,0.9925,0.48,0.4,12,6,OFF
1790495143.272462,7,388,1,ewma,3,2,,0.0954,0.985,0.32,0.3482,12,7,OFF
1790495143.8955545,10,384,1,ewma,3,2,,0.9924,0.993,0.3072,0.5648,12,8,OFF
1790495145.8743348,3,373,1,ewma,3,1,,0.9932,0.9914,0.6532,0.4,13,8,OFF
1790495146.393243,6,388,1,ewma,3,2,,0.987,0.9022,0.5,0.8342,13,9,OFF
1790495150.6532958,9,388,1,ewma,3,1,,0.9925,0.9942,0.4762,0.4,14,9,OFF
1790495151.439695,8,388,0,ewma,3,2,,0.9081,0.9925,0.3482,0.4,14,10,OFF
1790495152.9230375,1,382,1,ewma,3,1,,0.0097,0.0002,0.5525,0.4,15,10,OFF
1790495153.6164255,5,386,1,ewma,3,1,,0.989,0.9895,0.5542,0.4,16,10,OFF
1790495158.448157,2,377,0,ewma,3,2,,0.0,0.0,0.3482,0.616,15,11,OFF
1790495159.0843737,10,385,1,ewma,3,2,,0.9925,0.9924,0.3072,0.4518,15,12,OFF
1790495159.3615308,7,389,1,ewma,3,1,,0.0,0.0,0.32,0.2785,16,12,OFF
1790495159.8894818,3,374,1,ewma,3,1,,0.9944,0.9932,0.7226,0.4,17,12,OFF
1790495161.4201465,6,389,1,ewma,3,2,,0.0,0.9811,0.5,0.6674,17,12,OFF
1790495165.0961726,9,389,1,ewma,3,1,,0.9925,0.9926,0.5809,0.4,15,12,OFF
1790495166.6309693,5,387,1,ewma,3,1,,0.9933,0.9915,0.6434,0.4,16,12,OFF
1790495167.2565966,1,383,1,ewma,3,1,,0.9933,0.9933,0.642,0.4,17,12,OFF
1790495167.4535818,8,389,0,ewma,3,1,,0.9894,0.9933,0.3482,0.32,18,12,OFF
1790495168.4890795,2,378,1,ewma,3,2,,0.9912,0.9915,0.3482,0.4928,17,13,OFF
1790495171.54388,10,386,1,ewma,3,2,,0.9942,0.9914,0.3072,0.5615,15,12,OFF
1790495172.7762842,7,390,1,ewma,3,1,,0.9868,0.9901,0.456,0.2785,16,12,OFF
1790495174.220807,6,390,1,ewma,3,2,,0.9925,0.9916,0.5,0.7339,16,13,OFF
1790495175.8429267,4,316,1,ewma,3,1,,0.9933,0.9925,0.48,0.4,17,11,OFF
1790495177.2771902,8,390,1,ewma,3,2,,0.9939,0.9915,0.2785,0.32,16,12,OFF
1790495177.4704964,3,375,0,ewma,3,1,,0.9942,0.9925,0.7781,0.4,17,12,OFF
1790495179.9428368,1,384,1,ewma,3,1,,0.9938,0.9942,0.7136,0.4,17,11,OFF
1790495180.8559988,9,390,1,ewma,3,1,,0.0,0.0,0.4647,0.4,18,11,OFF
1790495181.2755659,5,388,1,ewma,3,1,,0.9933,0.9915,0.7147,0.4,19,11,OFF
1790495182.931605,2,379,1,ewma,3,2,,0.9944,0.9938,0.3482,0.3942,19,12,ON
1790495184.272621,10,387,1,ewma,3,2,,0.9925,0.9925,0.3072,0.6492,19,13,ON
1790495234.3035398,3,379,1,ewma,4,2,,0.9933,0.9938,0.5,0.5,0,1,ON
1790495234.849041,6,394,1,ewma,4,2,,0.0,0.9,0.5,0.5,0,2,ON
1790495234.8497596,7,394,1,ewma,4,1,,0.9,0.9649,0.5,0.5,1,2,ON
1790495249.7678998,6,395,1,ewma,4,1,,0.9924,0.9933,0.5,0.4,2,2,OFF
1790495250.5993779,3,380,1,ewma,4,1,,0.9925,0.9933,0.5,0.4,3,2,OFF
1790495251.0999088,7,395,1,ewma,4,2,,0.8804,0.8944,0.4,0.5,3,3,OFF
1790495254.3870583,5,393,1,ewma,4,2,,0.9938,0.9925,0.5,0.5,3,4,OFF
1790495254.9781346,2,383,0,ewma,4,2,,0.0,0.0,0.5,0.5,3,5,OFF
1790495255.644362,1,389,1,ewma,4,2,,0.9924,0.9922,0.5,0.5,3,6,OFF
1790495255.931968,9,395,1,ewma,4,2,,0.9933,0.9932,0.5,0.5,3,7,OFF
1790495257.68582,8,395,1,ewma,4,1,,0.9933,0.9924,0.5,0.5,4,7,OFF
1790495260.225884,10,392,1,ewma,4,2,,0.9937,0.9925,0.5,0.5,4,8,OFF
1790495260.8514848,2,384,1,ewma,4,1,,0.9924,0.9933,0.5,0.4,5,8,OFF
1790495264.243281,3,381,1,ewma,4,1,,0.9941,0.9925,0.6,0.4,6,8,OFF
1790495265.6716933,4,322,1,ewma,4,1,,0.9,0.0492,0.5,0.5,7,8,OFF
1790495265.6723194,6,396,1,ewma,4,1,,0.2086,0.9933,0.4,0.4,8,8,OFF
1790495267.7164288,7,396,1,ewma,4,2,,0.9924,0.9924,0.4,0.4,8,9,OFF
1790495269.7374332,1,390,1,ewma,4,2,,0.9901,0.9926,0.5,0.6,8,10,OFF
1790495270.9742956,8,396,1,ewma,4,1,,0.8689,0.8887,0.6,0.5,9,10,OFF
1790495272.2297792,9,396,1,ewma,4,1,,0.9915,0.9901,0.5,0.4,10,10,OFF
1790495275.2150424,10,393,1,ewma,4,2,,0.9925,0.9914,0.5,0.6,10,11,OFF
1790495275.9896932,5,394,0,ewma,4,1,,0.9926,0.9941,0.5,0.4,11,11,OFF
1790495277.1580875,2,385,1,ewma,4,1,,0.9925,0.9925,0.4,0.4,12,11,OFF
1790495278.747113,3,382,1,ewma,4,1,,0.9926,0.0109,0.48,0.4,13,11,OFF
1790495278.7854927,6,397,1,ewma,4,1,,0.9879,0.9901,0.52,0.4,14,11,OFF
1790495280.521001,4,323,1,ewma,4,1,,0.9915,0.9882,0.6,0.5,15,11,OFF
1790495282.1773307,7,397,1,ewma,4,2,,0.9915,0.9933,0.4,0.52,15,12,OFF
1790495286.9492958,5,395,1,ewma,4,2,,0.9925,0.9938,0.4,0.4,15,13,OFF
1790495288.589199,10,394,1,ewma,4,2,,0.9901,0.9882,0.5,0.68,15,14,OFF
1790495289.9934328,9,397,0,ewma,4,1,,0.0,0.0,0.6,0.4,16,14,OFF
1790495290.6737683,2,386,1,ewma,4,1,,0.9915,0.9925,0.52,0.4,17,14,ON
1790495290.995083,8,397,0,ewma,4,1,,0.993,0.9931,0.68,0.5,18,14,ON
1790495292.6892304,6,398,1,ewma,4,1,,0.9901,0.9933,0.616,0.4,19,14,ON
1790495293.0325594,3,383,1,ewma,4,1,,0.9916,0.9925,0.584,0.4,20,14,ON
1790495299.9987948,4,324,0,ewma,4,1,,0.9933,0.9924,0.68,0.5,20,12,ON
1790495304.001431,7,398,0,ewma,4,2,,0.0,0.8965,0.4,0.416,20,13,ON
1790495315.6305568,1,393,1,ewma,4,2,,0.9925,0.9938,0.5,0.6,18,11,OFF
1790495316.005497,6,399,0,ewma,4,1,,0.0,0.0,0.4928,0.4,19,9,OFF
1790495316.5694904,5,397,1,ewma,4,2,,0.9937,0.9833,0.4,0.4,19,10,OFF
1790495316.8535802,9,399,1,ewma,4,1,,0.8538,0.8535,0.6,0.4,20,10,OFF
1790495317.14322,8,399,1,ewma,4,1,,0.9942,0.9932,0.68,0.5,21,10,OFF
1790495318.0088427,7,399,0,ewma,4,1,,0.1102,0.4833,0.4,0.3328,21,10,OFF
1790495319.9321697,10,396,1,ewma,4,2,,0.9938,0.9915,0.5,0.68,21,11,OFF
1790495322.083108,2,388,1,ewma,4,1,,0.9941,0.9932,0.52,0.4,21,10,OFF
1790495324.2286391,4,326,1,ewma,4,1,,0.9868,0.9897,0.68,0.5,22,10,OFF
1790495329.0166345,3,385,0,ewma,4,1,,0.9842,0.9817,0.584,0.4,20,9,OFF
1790495329.0177128,6,400,0,ewma,4,2,,0.979,0.8267,0.3942,0.4,20,10,OFF
1790495329.4511592,9,400,1,ewma,4,1,,0.0,0.0,0.68,0.4,21,10,OFF
1790495330.9097102,8,400,1,ewma,4,1,,0.9938,0.9915,0.744,0.5,22,9,OFF
1790495332.4161882,1,394,1,ewma,4,1,,0.9901,0.9926,0.5,0.48,21,9,OFF
1790495333.0319998,5,398,1,ewma,4,1,,0.9938,0.9942,0.4,0.32,22,9,OFF
1790495333.9506893,10,397,1,ewma,4,2,,0.9926,0.9933,0.5,0.744,22,10,OFF
1790495335.033943,7,400,0,ewma,4,2,,0.9871,0.9932,0.32,0.3328,22,11,OFF
1790495335.3094504,2,389,1,ewma,4,1,,0.9942,0.9925,0.616,0.4,23,10,OFF
1790495337.9660633,4,327,1,ewma,4,1,,0.9938,0.9926,0.744,0.5,22,10,OFF
1790495338.8988862,6,401,1,ewma,4,1,,0.9842,0.0,0.3942,0.32,21,10,OFF
1790495339.4888241,3,386,1,ewma,4,1,,0.9932,0.9924,0.4672,0.4,22,10,OFF
1790495342.3533173,9,401,1,ewma,4,1,,0.9925,0.9901,0.744,0.4,22,9,OFF
1790495345.9377406,1,395,1,ewma,4,1,,0.0,0.0053,0.6,0.48,23,9,OFF
1790495350.643523,4,328,1,ewma,4,1,,0.9942,0.9914,0.7952,0.5,23,7,ON
1790495353.0400598,8,401,0,ewma,4,1,,0.0,0.9915,0.5952,0.5,20,7,ON
1790495353.0408428,5,399,0,ewma,4,1,,0.9902,0.9902,0.52,0.32,21,7,ON
1790495354.0433908,10,398,0,ewma,4,2,,0.0,0.0,0.5,0.5952,21,8,ON
1790495355.0455651,2,390,0,ewma,4,1,,0.9942,0.9932,0.6928,0.4,22,8,ON
1790495359.048341,3,387,0,ewma,4,1,,0.0,0.0,0.5738,0.4,23,8,ON
1790495366.0525312,1,396,0,ewma,4,1,,0.0,0.0,0.68,0.48,23,7,ON
1790495367.0543363,7,402,0,ewma,4,2,,0.0001,0.0006,0.32,0.3328,23,8,ON
1790495368.0564086,5,400,0,ewma,4,1,,0.004,0.7093,0.416,0.32,24,8,OFF
1790495372.966911,9,403,1,ewma,4,1,,0.9924,0.9932,0.744,0.4,25,8,OFF
1790495375.0603557,6,403,0,ewma,4,1,,0.0,0.0,0.3942,0.32,26,8,OFF
1790495375.4296925,1,397,1,ewma,4,1,,0.9922,0.9941,0.544,0.48,27,8,OFF
1790495376.1578658,8,403,1,ewma,4,1,,0.9933,0.9916,0.5952,0.5,27,7,OFF
1790495377.3889742,7,403,1,ewma,4,1,,0.9931,0.9943,0.32,0.2662,26,6,OFF
1790495378.6200073,5,401,1,ewma,4,1,,0.9925,0.9942,0.3328,0.32,26,6,OFF
1790495379.8299704,2,392,1,ewma,4,1,,0.9025,0.8804,0.6928,0.4,27,6,OFF
1790495382.1721146,4,330,1,ewma,4,1,,0.9914,0.9915,0.7952,0.5,27,5,OFF
1790495384.1468995,3,389,1,ewma,4,1,,0.9925,0.9901,0.5738,0.4,28,5,OFF
1790495385.0743854,10,400,0,ewma,4,2,,0.8689,0.8804,0.5,0.5952,27,6,OFF
1790495385.1571856,6,404,1,ewma,4,2,,0.9915,0.9915,0.3154,0.32,27,7,OFF
1790495388.7441254,8,404,1,ewma,4,1,,0.9938,0.9925,0.6762,0.5,28,7,OFF
1790495389.9657428,7,404,1,ewma,4,1,,0.9913,0.9932,0.456,0.2662,27,6,OFF
1790495390.375409,1,398,1,ewma,4,1,,0.9914,0.9931,0.6352,0.48,28,6,OFF
1790495395.0021205,5,402,1,ewma,4,2,,0.0,0.0016,0.2662,0.32,25,6,OFF
1790495395.0785315,9,404,0,ewma,4,1,,0.9925,0.9941,0.7952,0.4,26,5,OFF
1790495395.6990848,10,401,1,ewma,4,1,,0.9925,0.9932,0.5,0.4762,26,5,OFF
1790495397.2452097,4,331,1,ewma,4,1,,0.9933,0.9924,0.6362,0.5,27,5,ON
1790495401.082418,2,393,0,ewma,4,1,,0.0298,0.0,0.7542,0.4,25,5,ON
1790495406.086488,3,390,0,ewma,4,1,,0.0,0.0,0.459,0.4,24,5,ON
1790495407.087783,6,405,0,ewma,4,1,,0.9914,0.9915,0.3154,0.256,25,5,ON
1790495409.0905824,8,405,0,ewma,4,1,,0.0,0.0,0.7409,0.5,26,5,ON
1790495416.6184616,3,391,1,ewma,4,2,,0.9929,0.991,0.3672,0.4,22,5,OFF
1790495419.7631435,8,406,1,ewma,4,1,,0.9942,0.9926,0.5927,0.5,22,5,OFF
1790495420.2975109,9,406,1,ewma,4,1,,0.9925,0.9924,0.7952,0.4,23,5,OFF
1790495421.2928095,1,400,1,ewma,4,1,,0.9933,0.9925,0.6352,0.48,24,5,OFF
1790495421.8199558,7,406,1,ewma,4,1,,0.9942,0.9914,0.456,0.2662,25,5,OFF
1790495422.0967283,6,406,0,ewma,4,2,,0.9937,0.9925,0.2523,0.256,25,6,OFF
1790495423.9583628,10,403,1,ewma,4,1,,0.9938,0.9924,0.5,0.4762,26,6,OFF
1790495426.52484,5,404,1,ewma,4,2,,0.9911,0.9922,0.2662,0.32,25,7,OFF
1790495426.8176208,2,395,1,ewma,4,1,,0.994,0.9922,0.7542,0.4,26,7,OFF
1790495428.7038355,4,333,1,ewma,4,1,,0.9925,0.9925,0.6362,0.5,26,6,OFF
1790495431.849004,6,407,1,ewma,4,1,,0.9925,0.5286,0.2523,0.2048,27,6,OFF
1790495432.3714907,3,392,1,ewma,4,1,,0.9931,0.9923,0.3672,0.32,28,6,OFF
1790495435.470812,8,407,1,ewma,4,2,,0.9925,0.9924,0.4742,0.5,25,7,OFF
1790495436.1650498,1,401,1,ewma,4,1,,0.0,0.0008,0.5082,0.48,25,7,OFF
1790495437.7781591,7,407,1,ewma,4,1,,0.99,0.9914,0.3648,0.2662,25,7,OFF
1790495440.3370457,10,404,1,ewma,4,2,,0.9933,0.9915,0.4,0.4762,23,8,OFF
1790495441.3678164,2,396,1,ewma,4,1,,0.9933,0.9933,0.6034,0.4,24,8,OFF
1790495443.212892,4,334,1,ewma,4,1,,0.9925,0.9925,0.5089,0.5,24,8,OFF
1790495445.1349354,5,405,0,ewma,4,2,,0.9914,0.9925,0.2662,0.456,23,8,OFF
1790495448.1548254,3,393,1,ewma,4,1,,0.0,0.0565,0.4938,0.32,24,7,OFF
1790495448.1927555,6,408,1,ewma,4,2,,0.9933,0.9878,0.2019,0.2048,24,8,OFF
1790495449.0522757,8,408,1,ewma,4,2,,0.9941,0.9933,0.4742,0.6,23,9,OFF
1790495450.7901952,1,402,1,ewma,4,2,,0.9914,0.9914,0.4065,0.48,21,10,OFF
1790495452.4560635,9,408,1,ewma,4,1,,0.9931,0.9942,0.7952,0.4,22,10,OFF
1790495453.5678856,10,405,1,ewma,4,2,,0.9914,0.9914,0.4,0.5809,22,11,OFF
1790495453.965507,7,408,1,ewma,4,1,,0.9925,0.9933,0.2918,0.2662,23,11,OFF
1790495455.8421886,2,397,1,ewma,4,1,,0.9925,0.9925,0.6827,0.4,22,10,OFF
1790495456.310157,5,406,1,ewma,4,2,,0.9938,0.9943,0.2662,0.3648,22,11,OFF
1790495459.605691,4,335,1,ewma,4,2,,0.9938,0.9938,0.4071,0.5,21,12,OFF
1790495463.5115488,8,409,1,ewma,4,2,,0.9944,0.9938,0.4742,0.68,20,13,ON
1790495468.1414478,6,409,0,ewma,4,1,,0.9925,0.9925,0.2019,0.1638,19,13,ON
1790495468.1424744,3,394,0,ewma,4,1,,0.9861,0.9867,0.595,0.32,20,13,ON
1790495474.146597,9,409,0,ewma,4,1,,0.0555,0.9942,0.6362,0.4,20,13,ON
1790495474.1477838,10,406,0,ewma,4,2,,0.0,0.0,0.4,0.6647,20,14,ON
1790495477.1507778,2,398,0,ewma,4,1,,0.9941,0.9256,0.5462,0.4,21,13,ON
1790495480.153787,4,336,0,ewma,4,1,,0.0,0.0,0.4071,0.4,21,13,ON
1790495486.852123,2,399,1,ewma,4,1,,0.9942,0.9915,0.4369,0.4,17,11,OFF
1790495488.1746776,1,404,0,ewma,4,2,,0.9925,0.9914,0.4065,0.48,17,12,OFF
1790495488.3788304,5,408,1,ewma,4,2,,0.9925,0.9925,0.2662,0.3648,17,13,OFF
1790495491.6700306,4,337,1,ewma,4,2,,0.9909,0.9897,0.3257,0.4,16,14,OFF
1790495494.4521873,6,411,1,ewma,4,1,,0.9943,0.9924,0.2019,0.1638,15,14,OFF
1790495497.992469,1,405,1,ewma,4,1,,0.9925,0.9932,0.4065,0.384,14,13,OFF
1790495498.1807313,8,411,0,ewma,4,2,,0.8535,0.9926,0.4742,0.68,14,14,OFF
1790495499.1827111,3,396,0,ewma,4,1,,0.8535,0.8508,0.595,0.32,15,14,OFF
1790495499.7341392,10,408,1,ewma,4,2,,0.9833,0.9843,0.4,0.6647,15,15,OFF
1790495500.1845,2,400,1,ewma,4,1,,0.0,0.0,0.5495,0.4,16,15,OFF
1790495503.3590226,5,409,1,ewma,4,2,,0.9925,0.9915,0.2662,0.4918,14,15,OFF
1790495505.1886878,9,411,0,ewma,4,1,,0.9853,0.9933,0.6362,0.4,15,14,ON
1790495505.6095247,4,338,1,ewma,4,1,,0.9916,0.99,0.3257,0.32,16,14,ON
1790495506.1904378,7,411,0,ewma,4,1,,0.9925,0.9926,0.2918,0.2662,17,14,ON
1790495513.1952922,6,412,0,ewma,4,1,,0.0161,0.0,0.3615,0.1638,16,11,ON
1790495518.1995537,1,406,0,ewma,4,2,,0.0,0.0,0.3252,0.384,14,10,ON
1790495521.2025049,2,401,0,ewma,4,1,,0.0,0.0,0.6396,0.4,15,9,ON
1790495521.2032466,7,412,0,ewma,4,2,,0.9925,0.0,0.2335,0.2662,15,10,ON
1790495561.788832,1,409,1,random,4,2,,0.9911,0.9839,nan,nan,0,1,OFF
1790495562.302952,2,404,1,random,4,2,,0.9929,0.9921,nan,nan,0,2,OFF
1790495563.0127878,9,415,1,random,4,1,,0.9924,0.985,nan,nan,1,2,OFF
1790495564.0737274,7,415,1,random,4,2,,0.9925,0.9925,nan,nan,1,3,OFF
1790495566.6702487,10,412,0,random,4,2,,0.0,0.989,nan,nan,1,4,OFF
1790495567.636096,4,342,1,random,4,2,,0.9925,0.994,nan,nan,1,5,OFF
1790495568.6724744,5,413,0,random,4,2,,0.9911,0.9911,nan,nan,1,6,OFF
1790495570.2188036,3,401,1,random,4,2,,0.9941,0.9941,nan,nan,1,7,OFF
1790495572.0323794,6,416,1,random,4,2,,0.9925,0.9933,nan,nan,1,8,OFF
1790495573.2994606,8,416,1,random,4,2,,0.9,0.9925,nan,nan,1,9,OFF
1790495575.7342026,2,405,1,random,4,1,,0.9925,0.9926,nan,nan,2,9,OFF
1790495576.32825,10,413,1,random,4,2,,0.9924,0.9899,nan,nan,2,10,OFF
1790495576.982745,1,410,1,random,4,1,,0.9883,0.9926,nan,nan,3,10,OFF
1790495580.4308145,7,416,1,random,4,1,,0.9914,0.9929,nan,nan,4,10,OFF
1790495584.6770337,9,416,0,random,4,1,,0.9915,0.9932,nan,nan,5,10,OFF
1790495584.6791205,5,414,0,random,4,1,,0.9937,0.9941,nan,nan,6,10,OFF
1790495585.6798172,4,343,0,random,4,2,,0.9933,0.9942,nan,nan,6,11,OFF
1790495586.5122316,3,402,1,random,4,2,,0.9938,0.9914,nan,nan,6,12,OFF
1790495588.6148515,8,417,1,random,4,1,,0.9901,0.9925,nan,nan,7,12,OFF
1790495590.2611072,2,406,1,random,4,2,,0.9901,0.9926,nan,nan,7,13,OFF
1790495591.9343016,1,411,1,random,4,1,,0.9892,0.8336,nan,nan,8,13,OFF
1790495592.6076403,9,417,1,random,4,1,,0.9915,0.9925,nan,nan,9,13,OFF
1790495593.8467188,5,415,1,random,4,1,,0.9933,0.9915,nan,nan,10,13,OFF
1790495594.3583074,7,417,1,random,4,1,,0.9932,0.9932,nan,nan,11,13,OFF
1790495594.6830442,6,417,0,random,4,2,,0.9914,0.9925,nan,nan,11,14,OFF
1790495596.7405407,4,344,1,random,4,1,,0.9938,0.9923,nan,nan,12,14,ON
1790495608.6871905,6,418,0,random,4,1,,0.004,0.9925,nan,nan,13,14,ON
1790495610.6893458,2,407,0,random,4,2,,0.0,0.0,nan,nan,13,15,ON
1790495612.6911747,10,415,0,random,4,1,,0.7122,0.8514,nan,nan,14,15,OFF
1790495613.7046194,9,418,0,random,4,1,,0.0009,0.003,nan,nan,15,15,OFF
1790495614.707563,7,418,0,random,4,1,,0.0,0.0,nan,nan,16,15,OFF
1790495616.8058038,3,404,1,random,4,1,,0.9938,0.9925,nan,nan,17,15,OFF
1790495618.128455,8,419,1,random,4,1,,0.9942,0.9925,nan,nan,18,15,OFF
1790495619.360465,6,419,1,random,4,1,,0.9914,0.9933,nan,nan,19,15,OFF
1790495621.8421762,2,408,1,random,4,2,,0.9915,0.9938,nan,nan,19,15,OFF
1790495622.7181966,10,416,1,random,4,1,,0.9915,0.9914,nan,nan,20,14,OFF
1790495623.5463674,9,419,1,random,4,2,,0.9937,0.9933,nan,nan,19,15,OFF
1790495625.5909135,7,419,1,random,4,2,,0.9938,0.9924,nan,nan,19,15,OFF
1790495625.9361453,4,346,1,random,4,2,,0.9931,0.9938,nan,nan,19,16,OFF
1790495630.8068194,3,405,1,random,4,2,,0.9939,0.9915,nan,nan,19,13,OFF
1790495631.9661238,8,420,1,random,4,1,,0.9932,0.9932,nan,nan,20,13,OFF
1790495632.2418787,6,420,1,random,4,1,,0.9938,0.9856,nan,nan,21,12,OFF
1790495635.4412565,2,409,1,random,4,1,,0.9901,0.9902,nan,nan,22,11,OFF
1790495637.4639604,5,418,1,random,4,2,,0.9925,0.9932,nan,nan,20,11,OFF
1790495637.4728346,1,414,1,random,4,2,,0.9938,0.9933,nan,nan,20,12,OFF
1790495638.0756378,9,420,1,random,4,2,,0.9933,0.9938,nan,nan,20,13,OFF
1790495639.421639,10,417,1,random,4,2,,0.9914,0.9925,nan,nan,20,14,OFF
1790495640.5625644,7,420,1,random,4,2,,0.9925,0.9915,nan,nan,19,15,OFF
1790495641.2512221,4,347,1,random,4,1,,0.9901,0.9925,nan,nan,20,15,OFF
1790495644.7791977,3,406,1,random,4,2,,0.9942,0.9914,nan,nan,18,16,OFF
1790495645.258969,8,421,1,random,4,2,,0.9938,0.9916,nan,nan,18,17,OFF
1790495645.9857466,6,421,1,random,4,2,,0.9925,0.9933,nan,nan,18,17,OFF
1790495658.7284038,5,419,0,random,4,1,,0.0,0.0,nan,nan,13,14,ON
1790495660.7305372,4,348,0,random,4,2,,0.0,0.0,nan,nan,13,15,ON
1790495670.734877,2,411,0,random,4,1,,0.0,0.0,nan,nan,13,14,OFF
1790495671.7812073,4,349,1,random,4,2,,0.9914,0.9933,nan,nan,13,15,OFF
1790495672.3072321,7,422,1,random,4,1,,0.9933,0.9925,nan,nan,14,15,OFF
1790495673.3213675,3,408,1,random,4,1,,0.9938,0.9938,nan,nan,14,15,OFF
1790495674.7375739,5,420,0,random,4,1,,0.8804,0.8535,nan,nan,13,15,OFF
1790495675.7395349,10,419,0,random,4,1,,0.0,0.0461,nan,nan,14,15,OFF
1790495676.9404995,8,423,1,random,4,1,,0.9883,0.9933,nan,nan,14,15,OFF
1790495677.4022348,6,423,1,random,4,2,,0.99,0.9923,nan,nan,14,16,OFF
1790495681.4061146,2,412,1,random,4,2,,0.99,0.9932,nan,nan,12,17,OFF
1790495682.0222101,9,423,1,random,4,2,,0.9915,0.9901,nan,nan,12,17,OFF
1790495683.7643545,1,417,1,random,4,1,,0.9925,0.9925,nan,nan,12,16,OFF
1790495684.9181895,5,421,1,random,4,2,,0.9933,0.9925,nan,nan,12,17,OFF
1790495685.4997451,10,420,1,random,4,2,,0.9937,0.9941,nan,nan,12,18,OFF
1790495686.4165897,4,350,1,random,4,2,,0.9915,0.9925,nan,nan,12,17,OFF
1790495687.8712077,7,423,1,random,4,2,,0.9938,0.9933,nan,nan,12,18,OFF
1790495688.4520123,3,409,1,random,4,2,,0.9933,0.9932,nan,nan,12,19,OFF
1790495690.8239264,8,424,1,random,4,2,,0.9942,0.9925,nan,nan,12,19,OFF
1790495692.7767546,6,424,1,random,4,1,,0.9926,0.9854,nan,nan,11,19,OFF
1790495696.2788575,2,413,1,random,4,1,,0.9914,0.9933,nan,nan,11,19,OFF
1790495696.7644622,9,424,1,random,4,2,,0.9925,0.9926,nan,nan,11,20,OFF
1790495700.5557797,7,424,1,random,4,2,,0.9926,0.9925,nan,nan,11,17,OFF
1790495704.4859312,10,421,1,random,4,2,,0.9914,0.0,nan,nan,10,17,OFF
1790495706.2827654,8,425,1,random,4,1,,0.9938,0.9926,nan,nan,11,14,OFF
1790495707.4472606,6,425,1,random,4,1,,0.9915,0.9925,nan,nan,12,14,OFF
1790495707.7693534,3,410,0,random,4,1,,0.8804,0.0,nan,nan,13,14,OFF
1790495710.1619515,2,414,1,random,4,2,,0.9932,0.9932,nan,nan,13,15,OFF
1790495711.4055738,9,425,1,random,4,1,,0.9915,0.9933,nan,nan,14,15,OFF
1790495712.7525797,1,419,1,random,4,1,,0.9914,0.9933,nan,nan,15,15,OFF
1790495714.3820245,5,423,1,random,4,1,,0.9929,0.992,nan,nan,16,15,OFF
1790495715.9440508,7,425,1,random,4,1,,0.9938,0.9925,nan,nan,17,15,OFF
1790495716.7249796,4,352,1,random,4,2,,0.9937,0.9938,nan,nan,17,16,OFF
1790495717.9511752,3,411,1,random,4,2,,0.8689,0.8689,nan,nan,17,17,ON
1790495722.776666,10,422,0,random,4,1,,0.9901,0.9825,nan,nan,17,16,ON
1790495731.781342,2,415,0,random,4,2,,0.0,0.9857,nan,nan,16,16,ON
1790495734.7844112,5,424,0,random,4,1,,0.0,0.0,nan,nan,14,16,ON
1790495735.7863045,7,426,0,random,4,1,,0.0,0.0,nan,nan,14,16,ON
1790495737.7886705,4,353,0,random,4,1,,0.0004,0.0,nan,nan,14,15,ON
1790495745.199759,5,425,1,random,4,2,,0.9925,0.9932,nan,nan,13,13,OFF
1790495746.7937021,2,416,0,random,4,1,,0.0,0.0,nan,nan,14,11,OFF
1790495748.2011657,3,413,1,random,4,1,,0.0,0.0,nan,nan,15,10,OFF
1790495748.8106923,9,427,0,random,4,2,,0.0,0.0,nan,nan,15,10,OFF
1790495750.2122214,10,424,1,random,4,1,,0.9934,0.9911,nan,nan,16,10,OFF
1790495750.8126276,7,427,0,random,4,2,,0.8535,0.8333,nan,nan,16,11,OFF
1790495753.1149595,8,428,1,random,4,1,,0.9941,0.9925,nan,nan,16,10,OFF
1790495753.735423,6,428,1,random,4,1,,0.9915,0.9933,nan,nan,17,10,OFF
1790495753.8144646,4,354,0,random,4,1,,0.8889,0.8887,nan,nan,18,10,OFF
1790495757.3782024,2,417,1,random,4,2,,0.9921,0.993,nan,nan,17,10,OFF
1790495757.994559,1,422,1,random,4,2,,0.9938,0.9899,nan,nan,17,11,OFF
1790495758.6504982,5,426,1,random,4,2,,0.9933,0.9925,nan,nan,17,12,OFF
1790495759.9612415,9,428,1,random,4,2,,0.9931,0.9931,nan,nan,17,13,OFF
1790495760.5627868,7,428,1,random,4,1,,0.994,0.9914,nan,nan,18,12,OFF
1790495761.6955767,3,414,1,random,4,2,,0.9938,0.9901,nan,nan,18,13,OFF
1790495763.4257362,4,355,1,random,4,2,,0.9938,0.9926,nan,nan,18,14,OFF
1790495763.8384526,10,425,1,random,4,1,,0.9933,0.9938,nan,nan,19,14,OFF
1790495767.3118756,8,429,1,random,4,2,,0.9942,0.9942,nan,nan,18,14,OFF
1790495769.1969638,6,429,1,random,4,2,,0.9937,0.9925,nan,nan,16,15,OFF
1790495771.2095368,1,423,1,random,4,1,,0.9916,0.9926,nan,nan,17,14,OFF
1790495771.6480792,2,418,1,random,4,1,,0.9941,0.9941,nan,nan,17,14,OFF
1790495772.4524934,5,427,1,random,4,1,,0.9942,0.9943,nan,nan,18,14,OFF
1790495775.0199306,9,429,1,random,4,1,,0.9915,0.9926,nan,nan,17,14,OFF
1790495775.191342,7,429,1,random,4,1,,0.9894,0.9929,nan,nan,18,14,OFF
1790495776.5456562,3,415,1,random,4,1,,0.9925,0.9925,nan,nan,18,14,OFF
1790495778.1097496,10,426,1,random,4,1,,0.9933,0.9925,nan,nan,19,12,OFF
1790495779.7138608,4,356,1,random,4,1,,0.9933,0.9942,nan,nan,20,12,OFF
1790495783.3482556,6,430,1,random,4,1,,0.9937,0.9938,nan,nan,20,12,OFF
1790495786.2501276,2,419,1,random,4,1,,0.8689,0.8876,nan,nan,21,12,OFF
1790495786.349946,5,428,1,random,4,1,,0.0,0.9902,nan,nan,22,12,OFF
1790495786.7735503,1,424,1,random,4,2,,0.9925,0.9902,nan,nan,22,13,OFF
1790495788.3120306,9,430,1,random,4,1,,0.9914,0.9938,nan,nan,23,13,OFF
1790495788.737782,7,430,1,random,4,1,,0.9933,0.9901,nan,nan,24,13,OFF
1790495789.8526866,8,430,0,random,4,1,,0.9944,0.9924,nan,nan,25,13,OFF
1790495792.4094374,3,416,1,random,4,1,,0.0,0.9937,nan,nan,26,12,OFF
1790495792.6150827,10,427,1,random,4,2,,0.99,0.9915,nan,nan,26,13,OFF
1790495794.3486917,4,357,1,random,4,1,,0.9901,0.9926,nan,nan,27,13,OFF
1790495797.648892,8,431,1,random,4,2,,0.9867,0.9877,nan,nan,25,14,OFF
1790495800.1147454,2,420,1,random,4,2,,0.9937,0.9941,nan,nan,24,15,ON
1790495800.6094809,5,429,1,random,4,1,,0.9939,0.9938,nan,nan,25,15,ON
1790495802.860145,6,431,0,random,4,2,,0.9882,0.9902,nan,nan,25,16,ON
1790495807.864111,1,425,0,random,4,1,,0.0,0.0,nan,nan,25,15,ON
1790495810.866754,7,431,0,random,4,2,,0.9926,0.9924,nan,nan,23,14,ON
1790495813.8697603,10,428,0,random,4,1,,0.8764,0.6786,nan,nan,21,14,ON
1790495813.8710968,4,358,0,random,4,2,,0.0,0.0,nan,nan,21,15,ON
1790495815.8756921,8,432,0,random,4,1,,0.0,0.0,nan,nan,22,15,ON
1790495817.8776722,6,432,0,random,4,1,,0.9898,0.9902,nan,nan,23,14,ON
1790495821.8816466,2,421,0,random,4,2,,0.0,0.0,nan,nan,22,11,OFF
1790495825.1877391,4,359,1,random,4,2,,0.9941,0.9937,nan,nan,21,11,OFF
1790495826.0185935,8,433,1,random,4,2,,0.9915,0.99,nan,nan,21,12,OFF
1790495827.8862414,10,429,0,random,4,1,,0.0101,0.6214,nan,nan,22,11,OFF
1790495828.6821227,6,433,1,random,4,2,,0.0,0.0,nan,nan,22,12,OFF
1790495832.87663,2,422,1,random,4,1,,0.9923,0.9929,nan,nan,20,11,OFF
1790495833.165569,1,427,1,random,4,1,,0.9897,0.9877,nan,nan,21,11,OFF
1790495833.6792183,9,433,1,random,4,2,,0.9897,0.993,nan,nan,21,12,OFF
1790495834.8911016,5,431,0,random,4,2,,0.9937,0.9938,nan,nan,21,13,OFF
1790495834.9226682,7,433,1,random,4,2,,0.9881,0.9925,nan,nan,21,14,OFF
1790495836.471796,3,419,1,random,4,1,,0.9942,0.9913,nan,nan,20,14,OFF
1790495838.6195135,10,430,1,random,4,1,,0.9933,0.9931,nan,nan,19,14,OFF
1790495839.9544559,8,434,1,random,4,1,,0.9938,0.9942,nan,nan,19,14,OFF
1790495841.767125,4,360,1,random,4,2,,0.9938,0.9925,nan,nan,19,15,OFF
1790495843.7169976,5,432,1,random,4,1,,0.9943,0.9943,nan,nan,19,15,OFF
1790495845.0433378,6,434,1,random,4,1,,0.9916,0.9855,nan,nan,20,15,OFF
1790495847.0711544,1,428,1,random,4,1,,0.9944,0.9933,nan,nan,19,14,OFF
1790495848.333943,9,434,1,random,4,2,,0.0,0.9932,nan,nan,18,15,OFF
1790495848.6543148,2,423,1,random,4,1,,0.9914,0.9913,nan,nan,19,15,OFF
1790495849.9596417,7,434,1,random,4,1,,0.9923,0.87,nan,nan,18,15,OFF
1790495850.0523753,3,420,1,random,4,1,,0.8943,0.9914,nan,nan,19,15,OFF
1790495852.6276948,10,431,1,random,4,1,,0.9925,0.9915,nan,nan,19,14,OFF
1790495853.023155,8,435,1,random,4,2,,0.9925,0.9933,nan,nan,19,15,OFF
1790495891.5599692,1,431,1,round-robin,4,1,,0.0031,0.9882,nan,nan,1,0,OFF
1790495892.5428944,2,426,1,round-robin,4,1,,0.0,0.2965,nan,nan,2,0,OFF
1790495895.917822,3,423,1,round-robin,4,1,,0.9925,0.9915,nan,nan,3,0,OFF
1790495896.5309393,7,437,1,round-robin,4,1,,0.9937,0.9925,nan,nan,4,0,OFF
1790495897.326002,6,437,0,round-robin,4,1,,0.9878,0.9862,nan,nan,5,0,OFF
1790495898.3278685,9,437,0,round-robin,4,1,,0.9878,0.9878,nan,nan,6,0,OFF
1790495899.6207323,8,438,1,round-robin,4,1,,0.9942,0.9939,nan,nan,7,0,OFF
1790495899.9111462,10,434,1,round-robin,4,1,,0.9911,0.9925,nan,nan,8,0,ON
1790495901.1613774,4,364,1,round-robin,4,1,,0.9938,0.994,nan,nan,9,0,ON
1790495912.3317568,2,427,0,round-robin,4,2,,0.0,0.0,nan,nan,9,1,ON
1790495920.1992002,5,437,1,round-robin,4,1,,0.9901,0.9915,nan,nan,10,1,OFF
1790495920.8149765,1,433,1,round-robin,4,2,,0.9916,0.9883,nan,nan,10,2,OFF
1790495921.334431,8,439,0,round-robin,4,2,,0.0282,0.2518,nan,nan,10,3,OFF
1790495922.0765364,2,428,1,round-robin,4,1,,0.9925,0.9942,nan,nan,11,3,OFF
1790495922.336453,4,365,0,round-robin,4,2,,0.0,0.8396,nan,nan,11,4,OFF
1790495924.2389226,9,439,1,round-robin,4,2,,0.0,0.0,nan,nan,11,5,OFF
1790495925.8308666,3,425,1,round-robin,4,2,,0.9925,0.9937,nan,nan,11,6,OFF
1790495926.5436528,7,439,1,round-robin,4,2,,0.9941,0.9933,nan,nan,11,7,OFF
1790495930.6260183,10,436,1,round-robin,4,2,,0.9933,0.8558,nan,nan,11,8,OFF
1790495931.1504881,8,440,1,round-robin,4,1,,0.9938,0.99,nan,nan,12,8,OFF
1790495931.8992164,4,366,1,round-robin,4,1,,0.994,0.9924,nan,nan,13,8,OFF
1790495933.845995,5,438,1,round-robin,4,2,,0.9915,0.9938,nan,nan,13,9,OFF
1790495934.2354863,1,434,1,round-robin,4,1,,0.9928,0.993,nan,nan,14,9,OFF
1790495936.378777,2,429,1,round-robin,4,2,,0.9932,0.9933,nan,nan,14,10,OFF
1790495937.427899,9,440,1,round-robin,4,1,,0.9915,0.9915,nan,nan,15,10,OFF
1790495939.066756,3,426,1,round-robin,4,1,,0.9933,0.9938,nan,nan,16,10,OFF
1790495940.3623025,7,440,1,round-robin,4,1,,0.8073,0.9431,nan,nan,17,10,OFF
1790495945.7953362,8,441,1,round-robin,4,2,,0.9938,0.9914,nan,nan,17,11,OFF
1790495946.2146902,4,367,1,round-robin,4,2,,0.0,0.8806,nan,nan,17,12,OFF
1790495946.4045794,10,437,1,round-robin,4,1,,0.9915,0.9885,nan,nan,18,12,OFF
1790495947.9876819,1,435,1,round-robin,4,2,,0.9926,0.9933,nan,nan,18,13,OFF
1790495950.4128768,5,439,1,round-robin,4,1,,0.9933,0.9941,nan,nan,19,13,OFF
1790495950.4547005,9,441,1,round-robin,4,2,,0.9933,0.99,nan,nan,19,14,OFF
1790495951.6445737,3,427,1,round-robin,4,2,,0.9925,0.9937,nan,nan,18,15,OFF
1790495953.1733348,2,430,1,round-robin,4,1,,0.9933,0.9901,nan,nan,18,15,OFF
1790495954.9347973,7,441,1,round-robin,4,2,,0.9925,0.9902,nan,nan,18,16,OFF
1790495956.0298283,6,441,1,round-robin,4,2,,0.9923,0.9933,nan,nan,17,17,OFF
1790495960.5569153,8,442,1,round-robin,4,1,,0.9933,0.9932,nan,nan,13,17,OFF
1790495961.7784457,10,438,1,round-robin,4,2,,0.9914,0.9915,nan,nan,12,18,OFF
1790495969.1467657,2,431,1,round-robin,4,2,,0.9461,0.0,nan,nan,12,19,OFF
1790495969.3515887,1,436,0,round-robin,4,1,,0.994,0.9923,nan,nan,13,19,OFF
1790495969.3525586,9,442,0,round-robin,4,1,,0.9938,0.9925,nan,nan,14,19,OFF
1790495969.991179,6,442,1,round-robin,4,1,,0.9925,0.9933,nan,nan,15,19,ON
1790495970.3557584,3,428,0,round-robin,4,1,,0.9916,0.9902,nan,nan,16,19,ON
1790495971.3578556,5,440,0,round-robin,4,2,,0.9938,0.9938,nan,nan,16,20,ON
1790495975.3619113,7,442,0,round-robin,4,1,,0.9902,0.9901,nan,nan,17,19,ON
1790495985.0212908,7,443,1,round-robin,4,2,,0.9914,0.9938,nan,nan,15,16,OFF
1790495985.366055,9,443,0,round-robin,4,2,,0.0,0.0,nan,nan,15,17,OFF
1790495986.3838649,6,443,1,round-robin,4,2,,0.9925,0.9925,nan,nan,15,17,OFF
1790495990.168953,10,440,1,round-robin,4,1,,0.9925,0.9933,nan,nan,16,16,OFF
1790495992.021379,4,370,1,round-robin,4,1,,0.9915,0.9913,nan,nan,15,15,OFF
1790495992.6221561,8,444,1,round-robin,4,2,,0.9933,0.9933,nan,nan,15,16,OFF
1790495995.0590627,9,444,1,round-robin,4,1,,0.1597,0.6744,nan,nan,15,15,OFF
1790495996.2849996,5,442,1,round-robin,4,1,,0.9937,0.9938,nan,nan,16,15,OFF
1790495998.6435156,7,444,1,round-robin,4,1,,0.9925,0.9925,nan,nan,16,14,OFF
1790496000.2185185,2,433,1,round-robin,4,1,,0.9925,0.9915,nan,nan,16,14,OFF
1790496000.3912637,1,438,0,round-robin,4,2,,0.9843,0.9819,nan,nan,15,15,OFF
1790496000.4706926,6,444,1,round-robin,4,1,,0.9933,0.9925,nan,nan,16,15,OFF
1790496003.2465003,10,441,1,round-robin,4,2,,0.9937,0.9937,nan,nan,16,16,OFF
1790496006.6404717,8,445,1,round-robin,4,1,,0.9933,0.9925,nan,nan,16,14,OFF
1790496006.6865857,4,371,1,round-robin,4,2,,0.9915,0.99,nan,nan,16,15,OFF
1790496009.7891805,9,445,1,round-robin,4,2,,0.9932,0.9942,nan,nan,16,15,OFF
1790496011.016054,1,439,1,round-robin,4,1,,0.9939,0.9915,nan,nan,16,14,OFF
1790496013.9976783,7,445,1,round-robin,4,2,,0.9915,0.9926,nan,nan,15,14,OFF
1790496015.2311065,2,434,1,round-robin,4,2,,0.9915,0.99,nan,nan,15,14,OFF
1790496016.0533,6,445,1,round-robin,4,2,,0.9925,0.9925,nan,nan,15,14,OFF
1790496017.3978822,5,443,0,round-robin,4,2,,0.9942,0.9926,nan,nan,15,15,ON
1790496018.3166034,10,442,1,round-robin,4,1,,0.9933,0.9925,nan,nan,16,15,ON
1790496025.4023063,8,446,0,round-robin,4,2,,0.0,0.0,nan,nan,15,15,ON
1790496034.4069018,2,435,0,round-robin,4,1,,0.9937,0.9937,nan,nan,12,13,ON
1790496039.4279435,6,446,0,round-robin,4,1,,0.9915,0.0,nan,nan,12,13,ON
1790496044.4315917,9,447,0,round-robin,4,1,,0.0,0.0,nan,nan,13,13,OFF
1790496048.4103355,6,447,1,round-robin,4,2,,0.99,0.9926,nan,nan,13,11,OFF
1790496050.6828673,10,444,1,round-robin,4,2,,0.9915,0.0,nan,nan,12,12,OFF
1790496051.1072927,8,448,1,round-robin,4,1,,0.9941,0.9912,nan,nan,13,12,OFF
1790496051.435074,5,445,0,round-robin,4,1,,0.0,0.0,nan,nan,14,12,OFF
1790496051.4358428,2,436,0,round-robin,4,2,,0.0,0.0,nan,nan,14,13,OFF
1790496052.629936,4,374,1,round-robin,4,1,,0.9933,0.9899,nan,nan,14,12,OFF
1790496054.6568382,9,448,1,round-robin,4,2,,0.9923,0.992,nan,nan,14,13,OFF
1790496056.5230758,3,434,1,round-robin,4,2,,0.9925,0.9901,nan,nan,12,14,OFF
1790496057.4574308,1,442,1,round-robin,4,2,,0.9858,0.9697,nan,nan,12,15,OFF
1790496058.2759116,5,446,1,round-robin,4,2,,0.9943,0.9931,nan,nan,12,16,OFF
1790496061.3401124,6,448,1,round-robin,4,1,,0.9925,0.9915,nan,nan,10,15,OFF
1790496063.4618912,10,445,1,round-robin,4,1,,0.9925,0.9938,nan,nan,11,14,OFF
1790496064.4462733,7,448,0,round-robin,4,1,,0.0,0.0,nan,nan,12,14,OFF
1790496065.8454568,8,449,1,round-robin,4,2,,0.994,0.9923,nan,nan,12,15,OFF
1790496068.4854383,9,449,1,round-robin,4,1,,0.9924,0.9914,nan,nan,12,14,OFF
1790496070.5538719,3,435,1,round-robin,4,1,,0.9925,0.9915,nan,nan,13,13,OFF
1790496071.4579792,4,375,0,round-robin,4,2,,0.9925,0.9931,nan,nan,12,14,OFF
1790496072.607807,1,443,1,round-robin,4,1,,0.9933,0.9901,nan,nan,13,14,OFF
1790496074.1163294,2,438,1,round-robin,4,1,,0.8336,0.8535,nan,nan,14,13,OFF
1790496075.3433733,6,449,1,round-robin,4,2,,0.9932,0.9932,nan,nan,14,13,OFF
1790496075.7829432,7,449,1,round-robin,4,2,,0.9926,0.9938,nan,nan,14,14,OFF
1790496077.285595,10,446,1,round-robin,4,2,,0.9914,0.9932,nan,nan,14,14,OFF
1790496079.462417,5,447,0,round-robin,4,1,,0.9926,0.9925,nan,nan,14,13,OFF
1790496079.5328503,8,450,1,round-robin,4,1,,0.9926,0.9938,nan,nan,15,13,OFF
1790496082.8112488,4,376,1,round-robin,4,1,,0.9933,0.9914,nan,nan,16,13,OFF
1790496083.04967,9,450,1,round-robin,4,2,,0.9932,0.9931,nan,nan,16,14,OFF
1790496086.1923196,1,444,1,round-robin,4,2,,0.9942,0.9925,nan,nan,16,14,OFF
1790496086.9991002,3,436,1,round-robin,4,2,,0.6089,0.7935,nan,nan,16,15,OFF
1790496088.157798,2,439,1,round-robin,4,2,,0.9926,0.9925,nan,nan,16,16,OFF
1790496089.0815992,5,448,1,round-robin,4,2,,0.9925,0.9933,nan,nan,16,17,OFF
1790496090.395158,6,450,1,round-robin,4,1,,0.9924,0.9915,nan,nan,17,17,OFF
1790496090.9341047,7,450,1,round-robin,4,1,,0.9731,0.0,nan,nan,18,17,OFF
1790496093.9035473,8,451,1,round-robin,4,2,,0.9915,0.9938,nan,nan,18,18,OFF
1790496096.437224,4,377,1,round-robin,4,2,,0.9924,0.9914,nan,nan,17,19,OFF
1790496096.4696822,10,447,0,round-robin,4,1,,0.9925,0.9943,nan,nan,18,19,OFF
1790496097.264224,9,451,1,round-robin,4,1,,0.9924,0.9933,nan,nan,19,19,OFF
1790496107.4761186,2,440,0,round-robin,4,1,,0.0,0.0,nan,nan,18,19,ON
1790496113.4806495,8,452,0,round-robin,4,1,,0.0,0.0,nan,nan,16,16,OFF
1790496119.1819525,2,441,1,round-robin,4,2,,0.5769,0.0478,nan,nan,16,13,OFF
1790496119.9079664,6,452,1,round-robin,4,2,,0.9915,0.9915,nan,nan,16,14,OFF
1790496121.456992,10,449,1,round-robin,4,2,,0.9915,0.9915,nan,nan,15,15,OFF
1790496121.7478776,7,452,1,round-robin,4,2,,0.9931,0.9942,nan,nan,15,16,OFF
1790496123.4864564,1,446,0,round-robin,4,1,,0.7145,0.896,nan,nan,15,16,OFF
1790496124.513549,5,450,0,round-robin,4,1,,0.9925,0.9925,nan,nan,15,16,OFF
1790496124.6149285,8,453,1,round-robin,4,2,,0.9916,0.9933,nan,nan,15,17,OFF
1790496127.6622407,4,379,1,round-robin,4,1,,0.9915,0.9914,nan,nan,16,16,OFF
1790496128.370784,9,453,1,round-robin,4,2,,0.9925,0.9938,nan,nan,16,17,OFF
1790496132.3090777,1,447,1,round-robin,4,2,,0.9938,0.9924,nan,nan,14,17,OFF
1790496132.7953475,3,439,1,round-robin,4,1,,0.9936,0.994,nan,nan,14,17,OFF
1790496133.3918123,2,442,1,round-robin,4,1,,0.9915,0.9915,nan,nan,15,17,OFF
1790496134.2385514,6,453,1,round-robin,4,1,,0.9938,0.9925,nan,nan,15,17,OFF
1790496134.7500296,5,451,1,round-robin,4,2,,0.0,0.9944,nan,nan,15,18,OFF
1790496135.2761016,7,453,1,round-robin,4,1,,0.9914,0.9925,nan,nan,16,18,OFF
1790496137.6250978,10,450,1,round-robin,4,1,,0.9879,0.9943,nan,nan,17,15,OFF
1790496141.0825424,8,454,1,round-robin,4,1,,0.9933,0.9933,nan,nan,16,15,OFF
1790496143.980576,9,454,1,round-robin,4,1,,0.9924,0.9915,nan,nan,16,14,OFF
1790496145.5916638,1,448,1,round-robin,4,1,,0.9933,0.9915,nan,nan,17,14,OFF
1790496146.60676,3,440,1,round-robin,4,2,,0.9915,0.9933,nan,nan,17,14,OFF
1790496148.344305,5,452,1,round-robin,4,1,,0.9938,0.9942,nan,nan,18,12,OFF
1790496150.0218732,2,443,1,round-robin,4,2,,0.9925,0.9925,nan,nan,18,12,OFF
1790496150.5394251,4,380,0,round-robin,4,2,,0.99,0.99,nan,nan,17,13,OFF
1790496150.7178624,6,454,1,round-robin,4,2,,0.0,0.9925,nan,nan,17,14,OFF
1790496153.2623863,10,451,1,round-robin,4,2,,0.9932,0.9943,nan,nan,16,15,OFF
1790496155.7589152,8,455,1,round-robin,4,2,,0.9942,0.9925,nan,nan,16,15,OFF
1790496156.5520713,7,454,0,round-robin,4,2,,0.9914,0.9603,nan,nan,15,15,OFF
1790496156.5895422,9,455,1,round-robin,4,2,,0.9932,0.9942,nan,nan,15,16,OFF
1790496159.2060978,4,381,1,round-robin,4,1,,0.9915,0.99,nan,nan,15,16,OFF
1790496160.5691478,1,449,1,round-robin,4,2,,0.9938,0.9901,nan,nan,15,17,OFF
1790496161.2490058,3,441,1,round-robin,4,1,,0.9925,0.9932,nan,nan,16,17,OFF
1790496161.9964688,5,453,1,round-robin,4,2,,0.9916,0.9901,nan,nan,16,18,OFF
1790496164.644266,2,444,1,round-robin,4,1,,0.9915,0.9914,nan,nan,17,18,OFF
1790496165.5441988,6,455,1,round-robin,4,1,,0.9901,0.9913,nan,nan,18,18,OFF
1790496166.302471,7,455,1,round-robin,4,1,,0.9938,0.9933,nan,nan,19,18,OFF
1790496168.8836777,10,452,1,round-robin,4,1,,0.9926,0.9915,nan,nan,19,18,ON
1790496176.5787866,9,456,0,round-robin,4,1,,0.0,0.0,nan,nan,19,18,ON
1790496227.994432,1,453,0,state-aware,4,1,,0.9809,0.9,0.9809,0.9,1,0,ON
1790496236.9977448,7,459,0,state-aware,4,1,,0.0008,0.0006,0.0008,0.0006,2,0,OFF
1790496243.000062,5,458,0,state-aware,4,1,,0.9908,0.9899,0.9908,0.9899,3,0,OFF
1790496243.2993317,6,460,1,state-aware,4,2,,0.9914,0.9942,0.9914,0.9942,3,1,OFF
1790496244.2044303,2,449,1,state-aware,4,1,,0.9938,0.9938,0.9938,0.9938,4,1,OFF
1790496246.1557014,7,460,1,state-aware,4,2,,0.0,0.9913,0.0667,0.9913,4,2,OFF
1790496246.670098,10,457,1,state-aware,4,2,,0.9925,0.9939,0.9925,0.9939,4,3,OFF
1790496249.0237288,9,461,1,state-aware,4,2,,0.9925,0.9938,0.9925,0.9938,4,4,OFF
1790496249.843693,8,461,1,state-aware,4,2,,0.9914,0.9916,0.9914,0.9916,4,5,OFF
1790496252.0157897,5,459,1,state-aware,4,2,,0.9944,0.9938,0.8953,0.9938,4,6,OFF
1790496252.899554,4,387,1,state-aware,4,2,,0.9914,0.9926,0.9914,0.9926,4,7,OFF
1790496253.7162678,1,455,1,state-aware,4,1,,0.9912,0.9805,0.9912,0.9805,5,7,OFF
1790496258.4308496,6,461,1,state-aware,4,1,,0.9937,0.9924,0.9937,0.8937,6,7,OFF
1790496259.0183187,3,447,0,state-aware,4,1,,0.8804,0.8804,0.8804,0.8804,7,7,OFF
1790496259.0744627,2,450,1,state-aware,4,2,,0.9925,0.9926,0.9271,0.9926,7,8,OFF
1790496262.9336598,9,462,1,state-aware,4,2,,0.0002,0.9704,0.0002,0.9087,7,9,OFF
1790496263.275307,10,458,1,state-aware,4,1,,0.9933,0.9942,0.9933,0.8951,8,9,OFF
1790496264.886913,5,460,1,state-aware,4,2,,0.9925,0.9938,0.8938,0.9282,8,10,OFF
1790496265.908713,8,462,1,state-aware,4,1,,0.9914,0.9914,0.9914,0.8929,9,10,OFF
1790496267.7601275,4,388,1,state-aware,4,1,,0.9932,0.9914,0.9932,0.9262,10,10,OFF
1790496268.0213673,7,461,0,state-aware,4,2,,0.8333,0.9932,0.7611,0.8943,10,11,OFF
1790496268.4671097,1,456,1,state-aware,4,2,,0.9931,0.9925,0.9276,0.9925,10,12,OFF
1790496269.095821,3,448,1,state-aware,4,2,,0.9925,0.9925,0.8937,0.9925,10,13,OFF
1790496273.49855,6,462,1,state-aware,4,2,,0.9924,0.9932,0.8937,0.8943,10,14,OFF
1790496274.6148257,2,451,1,state-aware,4,1,,0.9901,0.9926,0.9251,0.8938,11,14,OFF
1790496277.9950414,10,459,1,state-aware,4,1,,0.9937,0.9925,0.8947,0.8937,12,14,OFF
1790496278.7395256,9,463,1,state-aware,4,1,,0.9915,0.9938,0.9915,0.847,13,14,OFF
1790496279.522082,7,462,1,state-aware,4,1,,0.9872,0.9922,0.8893,0.8001,14,14,OFF
1790496281.0914207,5,461,1,state-aware,4,1,,0.9942,0.9924,0.8951,0.846,15,14,OFF
1790496283.7352576,3,449,1,state-aware,4,1,,0.9939,0.1543,0.8949,0.2286,16,14,OFF
1790496285.0263948,8,463,0,state-aware,4,1,,0.9914,0.99,0.9262,0.8917,17,14,OFF
1790496287.5305738,2,452,1,state-aware,4,1,,0.9933,0.9933,0.9038,0.8944,18,14,OFF
1790496289.2844877,6,463,1,state-aware,4,1,,0.9899,0.9914,0.8916,0.7996,18,14,ON
1790496298.0313618,9,464,0,state-aware,4,2,,0.0,0.0,0.1,0.1371,17,15,ON
1790496300.0333397,5,462,0,state-aware,4,1,,0.0,0.0,0.1486,0.1371,18,15,ON
1790496302.0353703,4,390,0,state-aware,4,2,,0.0001,0.0004,0.0001,0.1004,18,16,ON
1790496309.0382476,2,453,0,state-aware,4,2,,0.9857,0.9464,0.8201,0.8553,16,13,OFF
1790496309.9769483,8,465,1,state-aware,4,1,,0.9902,0.9855,0.9252,0.8879,17,12,OFF
1790496310.6583858,7,464,1,state-aware,4,1,,0.9932,0.9931,0.8943,0.8008,18,12,OFF
1790496311.8978496,4,391,1,state-aware,4,1,,0.9914,0.9915,0.9914,0.8453,19,12,OFF
1790496313.5396602,1,459,1,state-aware,4,2,,0.9933,0.99,0.9278,0.99,19,11,OFF
1790496315.0682104,10,461,0,state-aware,4,1,,0.6109,0.609,0.5757,0.5742,19,11,OFF
1790496315.1640282,3,451,1,state-aware,4,2,,0.9932,0.9898,0.8943,0.9249,19,12,OFF
1790496317.7177677,6,465,1,state-aware,4,1,,0.9924,0.9933,0.8936,0.8009,20,12,OFF
1790496319.60121,2,454,1,state-aware,4,1,,0.9932,0.9932,0.8248,0.8009,19,11,OFF
1790496322.669417,8,466,1,state-aware,4,1,,0.9942,0.9938,0.9044,0.8948,20,11,OFF
1790496323.570582,9,466,1,state-aware,4,1,,0.9932,0.9933,0.9277,0.8466,20,10,OFF
1790496324.821036,10,462,1,state-aware,4,2,,0.9937,0.9932,0.8012,0.8943,20,11,OFF
1790496325.1120994,7,465,1,state-aware,4,1,,0.9833,0.0,0.8509,0.0914,21,10,OFF
1790496325.5201726,5,464,1,state-aware,4,1,,0.9938,0.99,0.8584,0.8443,22,10,OFF
1790496326.635234,4,392,1,state-aware,4,1,,0.9914,0.99,0.9262,0.8443,22,10,OFF
1790496328.274229,1,460,1,state-aware,4,1,,0.9938,0.9938,0.9281,0.8949,22,9,OFF
1790496330.834674,3,452,1,state-aware,4,1,,0.9901,0.9933,0.8917,0.8466,23,7,OFF
1790496332.5661814,2,455,1,state-aware,4,1,,0.9924,0.9938,0.8336,0.8013,24,7,ON
1790496334.010016,6,466,1,state-aware,4,1,,0.9932,0.9925,0.8009,0.8003,25,6,ON
1790496343.0768363,9,467,0,state-aware,4,1,,0.7605,0.5756,0.7375,0.5483,21,6,OFF
1790496344.0788248,7,466,0,state-aware,4,1,,0.0,0.0,0.231,0.0914,21,6,OFF
1790496345.0806596,10,463,0,state-aware,4,1,,0.8333,0.7488,0.6866,0.6263,21,6,OFF
1790496345.7995772,3,453,1,state-aware,4,2,,0.9915,0.9925,0.7997,0.8461,21,7,OFF
1790496347.9333498,2,456,1,state-aware,4,1,,0.9915,0.7953,0.7498,0.6595,21,7,OFF
1790496348.4372008,6,467,1,state-aware,4,2,,0.9911,0.9915,0.7904,0.7997,21,8,OFF
1790496351.4174914,8,468,1,state-aware,4,1,,0.993,0.9924,0.9035,0.8937,21,8,OFF
1790496354.504947,9,468,1,state-aware,4,2,,0.2749,0.9924,0.3758,0.846,21,9,OFF
1790496355.1874459,10,464,1,state-aware,4,2,,0.9937,0.9932,0.7171,0.8009,21,10,OFF
1790496355.498362,5,466,1,state-aware,4,1,,0.99,0.9925,0.8557,0.846,22,10,OFF
1790496356.9638796,4,394,1,state-aware,4,1,,0.9925,0.9941,0.9271,0.8472,23,10,OFF
1790496358.2719052,1,462,1,state-aware,4,1,,0.9902,0.99,0.9251,0.8917,24,9,OFF
1790496358.992961,3,454,1,state-aware,4,2,,0.9901,0.9925,0.7986,0.8393,24,10,OFF
1790496361.0869706,7,467,0,state-aware,4,1,,0.8689,0.0075,0.7017,0.0968,24,10,OFF
1790496362.2646558,2,457,1,state-aware,4,1,,0.9926,0.9262,0.782,0.753,25,9,OFF
1790496362.66444,6,468,1,state-aware,4,2,,0.9923,0.9931,0.7912,0.7917,25,10,OFF
1790496366.267518,8,469,1,state-aware,4,2,,0.99,0.9926,0.8228,0.8938,25,11,OFF
1790496367.7164104,10,465,1,state-aware,4,2,,0.9932,0.9938,0.7168,0.7921,25,12,OFF
1790496370.4756007,9,469,1,state-aware,4,1,,0.9943,0.9943,0.8254,0.7655,25,11,OFF
1790496371.486595,4,395,1,state-aware,4,1,,0.9926,0.982,0.9033,0.8386,25,11,OFF
1790496375.0923407,7,468,0,state-aware,4,1,,0.9891,0.0075,0.6917,0.0968,24,10,OFF
1790496376.0939872,5,467,0,state-aware,4,1,,0.0,0.0,0.231,0.1371,25,9,OFF
1790496376.1960905,2,458,1,state-aware,4,1,,0.9938,0.9938,0.8138,0.8013,26,9,OFF
1790496378.0966597,3,455,0,state-aware,4,2,,0.0,0.0,0.0914,0.2965,25,10,ON
1790496378.7526944,6,469,1,state-aware,4,1,,0.9916,0.9925,0.7907,0.7135,26,10,ON
1790496379.097928,1,463,0,state-aware,4,1,,0.9932,0.988,0.9037,0.89,27,10,ON
1790496388.1030538,10,466,0,state-aware,4,2,,0.0,0.0,0.096,0.1621,21,10,OFF
1790496388.5135107,1,464,1,state-aware,4,2,,0.9933,0.988,0.8248,0.89,20,11,OFF
1790496389.6084094,3,456,1,state-aware,4,1,,0.9915,0.9924,0.7996,0.7631,21,11,OFF
1790496390.1061788,5,468,0,state-aware,4,1,,0.0,0.0,0.219,0.1371,22,11,OFF
1790496391.108377,7,469,0,state-aware,4,2,,0.9913,0.8713,0.6226,0.7138,21,12,OFF
1790496392.1697257,2,459,1,state-aware,4,2,,0.9932,0.9938,0.7193,0.8013,21,13,OFF
1790496393.3860152,6,470,1,state-aware,4,1,,0.9925,0.9925,0.7135,0.7135,21,13,OFF
1790496395.5377605,8,471,1,state-aware,4,2,,0.9925,0.9924,0.8243,0.8937,20,14,OFF
1790496398.7247152,10,467,1,state-aware,4,1,,0.9915,0.9915,0.7157,0.6416,21,14,OFF
1790496400.3969924,5,469,1,state-aware,4,1,,0.0,0.0,0.1971,0.1371,22,14,OFF
1790496400.9696698,9,471,1,state-aware,4,1,,0.988,0.0,0.8215,0.144,23,14,OFF
1790496401.386908,7,470,1,state-aware,4,2,,0.9915,0.9938,0.6227,0.7171,23,15,OFF
1790496403.0609984,4,397,1,state-aware,4,1,,0.9915,0.9881,0.9025,0.8429,24,15,OFF
1790496404.978367,3,457,1,state-aware,4,1,,0.9932,0.9923,0.7918,0.763,23,15,OFF
1790496405.0393605,1,465,1,state-aware,4,1,,0.9937,0.9913,0.8251,0.7995,24,15,OFF
1790496406.6323934,2,460,1,state-aware,4,2,,0.9901,0.9916,0.7181,0.7907,23,15,OFF
1790496410.525428,6,471,1,state-aware,4,2,,0.99,0.9914,0.6409,0.7129,22,15,ON
1790496410.5632045,8,472,1,state-aware,4,2,,0.9915,0.9915,0.8237,0.8568,22,16,ON
1790496422.1193676,5,470,0,state-aware,4,1,,0.0,0.0,0.172,0.1371,18,13,ON
1790496422.120039,7,471,0,state-aware,4,1,,0.9915,0.0,0.6227,0.091,19,13,ON
1790496424.1229181,4,398,0,state-aware,4,1,,0.0,0.0,0.204,0.1371,19,12,ON
1790496428.1264672,2,461,0,state-aware,4,1,,0.0,0.0,0.3373,0.1621,20,10,ON
1790496435.7840374,1,467,1,state-aware,4,1,,0.9938,0.9915,0.8251,0.7996,18,10,OFF
1790496438.1872659,2,462,1,state-aware,4,2,,0.9938,0.9932,0.6369,0.7139,16,10,OFF
1790496440.139982,4,399,0,state-aware,4,2,,0.9825,0.985,0.7393,0.8407,14,11,OFF
1790496442.3532999,6,473,1,state-aware,4,2,,0.99,0.9915,0.6409,0.713,14,12,OFF
1790496443.0790448,8,474,1,state-aware,4,2,,0.9915,0.9938,0.8237,0.8585,14,13,OFF
1790496444.9072883,10,470,1,state-aware,4,1,,0.9915,0.9933,0.7157,0.6426,15,13,OFF
1790496446.7272182,5,472,1,state-aware,4,2,,0.9936,0.9939,0.6237,0.8471,15,14,OFF
1790496447.6971624,7,473,1,state-aware,4,1,,0.6095,0.0,0.4491,0.091,16,14,OFF
1790496449.86021,3,460,1,state-aware,4,1,,0.9931,0.9871,0.7917,0.7604,16,12,OFF
1790496449.8985271,4,400,1,state-aware,4,2,,0.9901,0.9925,0.7435,0.7643,16,13,OFF
1790496450.3410933,1,468,1,state-aware,4,1,,0.9938,0.9915,0.8344,0.7996,16,13,OFF
1790496453.1458106,9,474,0,state-aware,4,1,,0.985,0.9896,0.8196,0.7625,17,11,OFF
1790496453.3907712,2,463,1,state-aware,4,2,,0.9915,0.9882,0.636,0.64,16,12,OFF
1790496457.617429,6,474,1,state-aware,4,1,,0.9942,0.9914,0.643,0.6416,17,11,OFF
1790496458.729994,8,475,1,state-aware,4,1,,0.9916,0.9942,0.8237,0.7774,17,11,OFF
1790496459.571178,10,471,1,state-aware,4,2,,0.9856,0.9933,0.6386,0.6426,17,12,OFF
1790496461.8050659,5,473,1,state-aware,4,2,,0.9933,0.9933,0.6235,0.7648,15,12,OFF
1790496462.919792,9,475,1,state-aware,4,1,,0.9899,0.0,0.7434,0.144,16,12,OFF
1790496463.1468072,7,474,1,state-aware,4,2,,0.9511,0.9921,0.5435,0.6422,15,13,OFF
1790496463.5457752,1,469,1,state-aware,4,1,,0.9913,0.9913,0.8497,0.7995,16,13,OFF
1790496466.3085847,4,401,1,state-aware,4,1,,0.9915,0.9914,0.7443,0.6873,15,13,OFF
1790496468.245357,2,464,1,state-aware,4,2,,0.9915,0.9938,0.636,0.6882,15,13,ON
1790496469.1534896,3,461,0,state-aware,4,1,,0.9928,0.9936,0.8026,0.7637,16,13,ON
1790496482.160835,1,470,0,state-aware,4,1,,0.0002,0.0003,0.4182,0.0917,15,11,OFF
1790496483.5104353,2,465,1,state-aware,4,1,,0.9924,0.9942,0.6363,0.6165,16,11,OFF
1790496488.8323371,8,477,1,state-aware,4,1,,0.9942,0.9938,0.8254,0.7771,15,11,OFF
1790496490.8928108,10,473,1,state-aware,4,2,,0.9926,0.9933,0.6425,0.6426,15,12,OFF
1790496492.4604747,1,471,1,state-aware,4,1,,0.5547,0.017,0.5889,0.1036,16,12,OFF
1790496493.2408447,7,476,1,state-aware,4,1,,0.9875,0.0055,0.5587,0.0941,17,12,OFF
1790496495.1714993,6,476,0,state-aware,4,1,,0.9867,0.977,0.6392,0.6344,18,12,OFF
1790496496.2438684,4,403,1,state-aware,4,1,,0.9902,0.9914,0.7435,0.6873,18,12,OFF
1790496498.1741538,5,475,0,state-aware,4,2,,0.8804,0.8689,0.5722,0.6871,18,13,OFF
1790496499.1762426,9,477,0,state-aware,4,1,,0.025,0.0026,0.2073,0.1456,19,12,OFF
1790496499.4873886,2,466,1,state-aware,4,2,,0.9925,0.9938,0.5647,0.6164,19,13,OFF
1790496502.5604937,8,478,1,state-aware,4,1,,0.9933,0.9932,0.8341,0.7768,20,11,OFF
1790496504.2063365,6,477,1,state-aware,4,2,,0.9933,0.9925,0.5788,0.6422,20,11,OFF
1790496505.2282295,1,472,1,state-aware,4,1,,0.9938,0.9938,0.8072,0.8013,20,11,ON
1790496506.239106,10,474,1,state-aware,4,1,,0.9911,0.9944,0.6416,0.5793,21,11,ON
1790496507.4706173,7,477,1,state-aware,4,2,,0.9933,0.9931,0.6293,0.6428,21,11,ON
1790496513.1846464,5,476,0,state-aware,4,2,,0.9922,0.9923,0.623,0.6878,17,11,ON
1790496553.9454336,5,479,1,random,5,2,,0.99,0.9921,nan,nan,0,1,OFF
1790496555.6902695,9,481,1,random,5,2,,0.9924,0.9915,nan,nan,0,2,OFF
1790496556.8073518,3,467,1,random,5,2,,0.9915,0.9852,nan,nan,0,3,OFF
1790496558.144155,4,407,1,random,5,2,,0.9942,0.9923,nan,nan,0,4,OFF
1790496558.6993728,7,480,0,random,5,1,,0.9,0.0016,nan,nan,1,4,OFF
1790496558.7000825,10,477,0,random,5,1,,0.0,0.9,nan,nan,2,4,OFF
1790496563.41344,2,470,1,random,5,2,,0.9915,0.9915,nan,nan,2,5,OFF
1790496565.7378588,8,482,1,random,5,1,,0.9944,0.9933,nan,nan,3,5,OFF
1790496566.3674986,1,476,1,random,5,1,,0.0,0.9265,nan,nan,4,5,OFF
1790496566.974671,5,480,1,random,5,1,,0.9938,0.9925,nan,nan,5,5,OFF
1790496570.3661084,3,468,1,random,5,2,,0.0279,0.9852,nan,nan,5,6,ON
1790496570.786547,9,482,1,random,5,1,,0.9925,0.9925,nan,nan,6,6,ON
1790496575.7043903,7,481,0,random,5,2,,0.9914,0.99,nan,nan,6,7,ON
1790496575.7055168,10,478,0,random,5,2,,0.0,0.8804,nan,nan,6,8,ON
1790496577.7081096,4,408,0,random,5,1,,0.0,0.0,nan,nan,7,8,ON
1790496584.7111259,2,471,0,random,5,1,,0.2265,0.7258,nan,nan,8,8,ON
1790496588.7136354,5,481,0,random,5,2,,0.0,0.0,nan,nan,8,9,ON
1790496590.7158296,7,482,0,random,5,2,,0.7324,0.9682,nan,nan,8,10,ON
1790496594.718059,4,409,0,random,5,2,,0.8804,0.8887,nan,nan,8,11,OFF
1790496598.713222,5,482,1,random,5,2,,0.9938,0.9925,nan,nan,8,12,OFF
1790496600.6840122,6,483,1,random,5,1,,0.9924,0.9915,nan,nan,9,12,OFF
1790496600.7303452,1,478,0,random,5,2,,0.6981,0.9863,nan,nan,9,13,OFF
1790496600.730766,3,470,1,random,5,1,,0.9899,0.9924,nan,nan,10,13,OFF
1790496600.7352257,2,472,0,random,5,1,,0.9131,0.9811,nan,nan,11,13,OFF
1790496601.0563896,9,484,1,random,5,2,,0.9932,0.9932,nan,nan,11,14,OFF
1790496601.9939847,10,480,1,random,5,1,,0.9915,0.9937,nan,nan,12,14,OFF
1790496604.8480296,4,410,1,random,5,2,,0.9933,0.9937,nan,nan,12,15,OFF
1790496606.740199,7,483,0,random,5,2,,0.9907,0.9915,nan,nan,12,16,OFF
1790496610.2023509,8,485,1,random,5,2,,0.9916,0.9915,nan,nan,12,17,OFF
1790496610.9242654,2,473,1,random,5,2,,0.9942,0.9925,nan,nan,12,18,OFF
1790496611.5949209,1,479,1,random,5,1,,0.9933,0.9902,nan,nan,13,18,OFF
1790496613.2536044,5,483,1,random,5,1,,0.9944,0.9944,nan,nan,14,18,OFF
1790496613.7646246,6,484,1,random,5,1,,0.0964,0.9881,nan,nan,15,18,OFF
1790496614.2830474,3,471,1,random,5,1,,0.9932,0.991,nan,nan,16,17,OFF
1790496615.437733,7,484,1,random,5,2,,0.9924,0.9933,nan,nan,16,18,OFF
1790496616.2292347,10,481,1,random,5,2,,0.9915,0.9882,nan,nan,16,18,OFF
1790496617.1530025,9,485,1,random,5,1,,0.9925,0.9938,nan,nan,17,17,OFF
1790496621.3390548,4,411,1,random,5,2,,0.9942,0.9914,nan,nan,15,17,OFF
1790496624.1063554,1,480,1,random,5,2,,0.9938,0.9914,nan,nan,15,17,OFF
1790496625.427644,8,486,1,random,5,2,,0.9925,0.9943,nan,nan,15,18,OFF
1790496626.265411,2,474,1,random,5,1,,0.9933,0.9915,nan,nan,15,18,OFF
1790496627.6777492,3,472,1,random,5,2,,0.9932,0.7124,nan,nan,13,19,OFF
1790496627.9083757,5,484,1,random,5,2,,0.9941,0.9937,nan,nan,13,20,OFF
1790496629.3608937,10,482,1,random,5,2,,0.9932,0.9942,nan,nan,13,21,OFF
1790496630.1462502,6,485,1,random,5,1,,0.99,0.9901,nan,nan,14,21,ON
1790496631.817246,9,486,1,random,5,2,,0.9925,0.9938,nan,nan,13,21,ON
1790496631.8433475,7,485,1,random,5,2,,0.99,0.9915,nan,nan,13,22,ON
1790496646.7518597,2,475,0,random,5,2,,0.0,0.0,nan,nan,11,21,ON
1790496648.7544842,5,485,0,random,5,2,,0.0,0.0,nan,nan,11,21,OFF
1790496651.4454865,4,413,1,random,5,2,,0.9941,0.9923,nan,nan,11,21,OFF
1790496651.7564318,9,487,0,random,5,1,,0.0082,0.0,nan,nan,12,21,OFF
1790496651.757723,7,486,0,random,5,1,,0.0,0.0,nan,nan,13,21,OFF
1790496654.7278368,1,482,1,random,5,2,,0.9933,0.9914,nan,nan,13,21,OFF
1790496657.1961918,8,488,1,random,5,2,,0.9931,0.9938,nan,nan,13,22,OFF
1790496657.2331996,2,476,1,random,5,2,,0.9938,0.9925,nan,nan,13,23,OFF
1790496657.9887867,3,474,1,random,5,1,,0.9925,0.9877,nan,nan,14,23,OFF
1790496658.6011426,5,486,1,random,5,2,,0.9943,0.9941,nan,nan,14,24,OFF
1790496660.643907,10,484,1,random,5,2,,0.0,0.0,nan,nan,14,24,OFF
1790496661.192329,6,487,1,random,5,1,,0.9901,0.9857,nan,nan,12,22,OFF
1790496663.0203907,7,487,1,random,5,2,,0.9924,0.9937,nan,nan,11,23,OFF
1790496666.607172,4,414,1,random,5,2,,0.9926,0.9915,nan,nan,11,23,OFF
1790496666.762163,9,488,0,random,5,1,,0.0467,0.0,nan,nan,12,22,OFF
1790496671.2298102,1,483,1,random,5,1,,0.0,0.0,nan,nan,13,20,OFF
1790496671.817775,8,489,1,random,5,1,,0.9939,0.9916,nan,nan,13,20,OFF
1790496674.1888027,5,487,1,random,5,1,,0.9933,0.9915,nan,nan,12,20,OFF
1790496674.236187,3,475,1,random,5,1,,0.9922,0.9892,nan,nan,13,20,OFF
1790496674.256602,10,485,1,random,5,1,,0.9881,0.994,nan,nan,14,20,OFF
1790496676.7659988,2,477,0,random,5,2,,0.9942,0.9933,nan,nan,13,19,OFF
1790496677.3466165,6,488,1,random,5,1,,0.9938,0.9932,nan,nan,13,19,OFF
1790496678.8086762,7,488,1,random,5,2,,0.9931,0.9933,nan,nan,13,20,OFF
1790496683.0770762,4,415,1,random,5,1,,0.9915,0.9913,nan,nan,14,19,OFF
1790496683.7691357,9,489,0,random,5,1,,0.9831,0.9891,nan,nan,15,19,OFF
1790496687.1845188,5,488,1,random,5,2,,0.9924,0.9942,nan,nan,14,18,OFF
1790496687.6052914,1,484,1,random,5,2,,0.0003,0.0,nan,nan,14,19,OFF
1790496688.2041037,8,490,1,random,5,2,,0.9901,0.9932,nan,nan,14,18,OFF
1790496692.1014776,7,489,1,random,5,2,,0.9915,0.9925,nan,nan,13,16,ON
1790496693.1220918,6,489,1,random,5,2,,0.9943,0.9938,nan,nan,13,17,ON
1790496693.7741227,2,478,0,random,5,1,,0.2109,0.0,nan,nan,14,17,ON
1790496693.7747622,10,486,0,random,5,2,,0.9881,0.0,nan,nan,14,18,ON
1790496698.7785997,9,490,0,random,5,1,,0.9924,0.9938,nan,nan,15,18,ON
1790496709.783939,5,489,0,random,5,1,,0.0,0.0,nan,nan,16,16,ON
1790496711.7865298,7,490,0,random,5,1,,0.0081,0.0049,nan,nan,15,15,ON
1790496718.3137615,3,478,1,random,5,1,,0.9915,0.9899,nan,nan,15,12,OFF
1790496718.8642943,2,480,1,random,5,2,,0.9938,0.9941,nan,nan,15,12,OFF
1790496721.7916162,8,492,0,random,5,1,,0.028,0.0303,nan,nan,15,11,OFF
1790496722.2406816,9,492,1,random,5,2,,0.9915,0.9937,nan,nan,15,12,OFF
1790496724.168284,7,491,1,random,5,2,,0.0053,0.9938,nan,nan,15,12,OFF
1790496724.7936761,1,486,0,random,5,2,,0.0004,0.0,nan,nan,15,13,OFF
1790496724.7955778,5,490,0,random,5,1,,0.8887,0.8804,nan,nan,16,13,OFF
1790496725.3154528,6,491,1,random,5,2,,0.9932,0.9923,nan,nan,16,14,OFF
1790496728.4545257,4,418,1,random,5,2,,0.9933,0.9923,nan,nan,15,14,OFF
1790496731.5269506,8,493,1,random,5,1,,0.9942,0.9942,nan,nan,15,14,OFF
1790496734.3218513,3,479,1,random,5,2,,0.9925,0.9925,nan,nan,11,15,OFF
1790496734.383157,1,487,1,random,5,2,,0.9922,0.872,nan,nan,11,16,OFF
1790496735.135941,2,481,1,random,5,1,,0.9925,0.9942,nan,nan,12,16,OFF
1790496735.9017932,9,493,1,random,5,1,,0.0004,0.9933,nan,nan,13,16,OFF
1790496736.327782,5,491,1,random,5,1,,0.9931,0.9877,nan,nan,14,16,OFF
1790496738.183513,7,492,1,random,5,1,,0.9921,0.9933,nan,nan,14,15,OFF
1790496740.742607,6,492,1,random,5,2,,0.99,0.9901,nan,nan,14,15,OFF
1790496744.327369,4,419,1,random,5,2,,0.9915,0.9914,nan,nan,12,16,OFF
1790496745.3676188,8,494,1,random,5,2,,0.9925,0.9926,nan,nan,12,17,OFF
1790496747.095938,3,480,1,random,5,2,,0.9933,0.9914,nan,nan,12,18,OFF
1790496747.8101842,1,488,1,random,5,2,,0.9938,0.9914,nan,nan,12,17,OFF
1790496749.272622,10,490,1,random,5,1,,0.0,0.0008,nan,nan,13,16,OFF
1790496749.3057694,2,482,1,random,5,1,,0.9925,0.9867,nan,nan,14,16,OFF
1790496751.2721076,5,492,1,random,5,2,,0.9932,0.9914,nan,nan,14,17,OFF
1790496753.1222382,7,493,1,random,5,2,,0.9941,0.9926,nan,nan,14,16,OFF
1790496753.8128698,9,494,0,random,5,2,,0.9861,0.9925,nan,nan,13,16,OFF
1790496756.3043983,6,493,1,random,5,1,,0.9932,0.994,nan,nan,14,16,OFF
1790496759.9241676,4,420,1,random,5,1,,0.9941,0.9915,nan,nan,14,16,OFF
1790496760.2869217,8,495,1,random,5,2,,0.9933,0.9901,nan,nan,14,17,OFF
1790496761.6195562,1,489,1,random,5,1,,0.9883,0.0,nan,nan,15,17,OFF
1790496762.1517584,2,483,1,random,5,2,,0.9819,0.8887,nan,nan,15,18,OFF
1790496762.756651,3,481,1,random,5,1,,0.9933,0.9925,nan,nan,16,18,OFF
1790496764.700959,9,495,1,random,5,1,,0.9924,0.9913,nan,nan,17,18,OFF
1790496765.2477071,5,493,1,random,5,1,,0.9943,0.9942,nan,nan,18,18,OFF
1790496767.9786851,7,494,1,random,5,2,,0.9925,0.9933,nan,nan,18,19,OFF
1790496770.8404922,6,494,1,random,5,2,,0.9925,0.9938,nan,nan,17,20,ON
1790496782.8318648,3,482,0,random,5,1,,0.0016,0.1624,nan,nan,15,18,UNKNOWN
1790496811.732245,7,495,1,random,5,1,,0.9915,0.9933,nan,nan,8,6,OFF
1790496811.7642043,6,495,1,random,5,1,,0.9915,0.9938,nan,nan,9,6,OFF
1790496811.7955768,4,422,1,random,5,1,,0.9914,0.9915,nan,nan,10,6,OFF
1790496811.8240461,1,491,1,random,5,1,,0.9902,0.0,nan,nan,11,6,OFF
1790496811.8457103,8,497,1,random,5,1,,0.9851,0.0,nan,nan,12,6,OFF
1790496811.8719103,9,497,1,random,5,1,,0.9932,0.9913,nan,nan,13,6,OFF
1790496811.8886402,5,495,1,random,5,1,,0.9863,0.9942,nan,nan,14,6,OFF
1790496811.9052358,7,496,1,random,5,1,,0.9915,0.9933,nan,nan,15,6,OFF
1790496811.9236228,6,496,1,random,5,1,,0.9915,0.9938,nan,nan,16,6,OFF
1790496811.9419835,1,492,1,random,5,1,,0.9902,0.0,nan,nan,17,6,OFF
1790496811.9683478,2,486,1,random,5,1,,0.9933,0.8887,nan,nan,18,6,OFF
1790496811.9964523,9,498,1,random,5,1,,0.9932,0.9913,nan,nan,19,6,OFF
1790496812.8270473,7,497,1,random,5,1,,0.9915,0.9933,nan,nan,20,6,OFF
1790496816.8486085,2,485,0,random,5,1,,0.9933,0.8887,nan,nan,20,4,OFF
1790496817.8515933,3,483,0,random,5,2,,0.8689,0.1624,nan,nan,20,5,OFF
1790496817.8518639,4,423,0,random,5,2,,0.9914,0.9915,nan,nan,20,6,OFF
1790496817.8522348,3,484,0,random,5,2,,0.8689,0.1624,nan,nan,20,7,OFF
1790496818.8597548,6,497,1,random,5,2,,0.9915,0.9926,nan,nan,20,8,OFF
1790496822.2383652,2,487,1,random,5,1,,0.9925,0.9924,nan,nan,19,6,OFF
1790496822.5495086,3,485,1,random,5,2,,0.994,0.9925,nan,nan,19,7,OFF
1790496823.4026022,9,499,1,random,5,1,,0.9925,0.9925,nan,nan,19,7,OFF
1790496823.8812876,8,499,1,random,5,2,,0.0,0.0,nan,nan,19,8,OFF
1790496825.7610736,10,495,1,random,5,2,,0.9912,0.9935,nan,nan,17,9,ON
1790496826.8678532,1,493,0,random,5,1,,0.9932,0.8333,nan,nan,18,9,ON
1790496829.8707454,5,497,0,random,5,2,,0.9931,0.9924,nan,nan,18,9,ON
1790496837.9254575,1,494,1,random,5,2,,0.9941,0.9922,nan,nan,18,9,OFF
1790496838.552576,2,488,1,random,5,1,,0.9925,0.9932,nan,nan,19,9,OFF
1790496840.5726533,10,496,1,random,5,1,,0.9912,0.0,nan,nan,20,9,OFF
1790496841.8783152,4,425,0,random,5,2,,0.0004,0.0,nan,nan,20,10,OFF
1790496842.8805501,9,500,0,random,5,2,,0.0,0.0,nan,nan,19,11,OFF
1790496842.8813853,8,500,0,random,5,2,,0.8804,0.8689,nan,nan,19,12,OFF
1790496843.8837752,3,486,0,random,5,2,,0.9926,0.9916,nan,nan,19,13,OFF
1790496844.181995,7,499,1,random,5,2,,0.9914,0.9925,nan,nan,19,14,OFF
1790496883.714696,1,497,1,round-robin,5,1,,0.0,0.0,nan,nan,1,0,OFF
1790496884.190275,9,503,1,round-robin,5,1,,0.9875,0.9931,nan,nan,2,0,OFF
1790496885.8651838,3,489,1,round-robin,5,1,,0.8628,0.0032,nan,nan,3,0,OFF
1790496886.4434087,5,501,1,round-robin,5,1,,0.9931,0.9924,nan,nan,4,0,OFF
1790496886.6838355,10,499,1,round-robin,5,1,,0.9914,0.9933,nan,nan,5,0,OFF
1790496889.369931,7,502,1,round-robin,5,1,,0.9924,0.9925,nan,nan,6,0,OFF
1790496889.413249,2,491,0,round-robin,5,1,,0.9,0.9748,nan,nan,7,0,OFF
1790496900.4170337,6,502,0,round-robin,5,1,,0.0,0.0,nan,nan,8,0,OFF
1790496903.2718377,7,503,1,round-robin,5,2,,0.9933,0.9933,nan,nan,8,1,OFF
1790496904.4199421,2,492,0,round-robin,5,2,,0.0,0.0,nan,nan,8,2,OFF
1790496910.7180264,6,503,1,round-robin,5,2,,0.9914,0.9915,nan,nan,8,3,OFF
1790496912.2858074,4,430,1,round-robin,5,1,,0.9924,0.9923,nan,nan,9,3,OFF
1790496913.5278237,9,505,1,round-robin,5,2,,0.9933,0.9914,nan,nan,9,4,OFF
1790496914.517315,2,493,1,round-robin,5,1,,0.9933,0.9932,nan,nan,10,4,OFF
1790496915.052286,3,491,1,round-robin,5,2,,0.994,0.9936,nan,nan,10,5,OFF
1790496915.344612,8,505,1,round-robin,5,1,,0.9898,0.9888,nan,nan,11,5,OFF
1790496915.9561749,10,501,1,round-robin,5,2,,0.9915,0.9882,nan,nan,11,6,OFF
1790496916.4600174,5,503,1,round-robin,5,2,,0.9938,0.994,nan,nan,11,7,OFF
1790496917.002329,7,504,1,round-robin,5,1,,0.9925,0.9925,nan,nan,12,7,OFF
1790496917.4240723,1,499,0,round-robin,5,2,,0.9902,0.9902,nan,nan,12,8,OFF
1790496923.7350867,6,504,1,round-robin,5,1,,0.9941,0.9914,nan,nan,13,8,OFF
1790496925.477844,4,431,1,round-robin,5,2,,0.9914,0.9915,nan,nan,13,9,OFF
1790496927.3040318,2,494,1,round-robin,5,2,,0.9944,0.9932,nan,nan,13,10,OFF
1790496928.2309976,8,506,1,round-robin,5,2,,0.8164,0.9157,nan,nan,13,11,OFF
1790496929.77663,5,504,1,round-robin,5,1,,0.99,0.0,nan,nan,14,11,OFF
1790496930.074181,9,506,1,round-robin,5,1,,0.0316,0.0,nan,nan,15,11,OFF
1790496931.6501312,10,502,1,round-robin,5,1,,0.9938,0.9932,nan,nan,16,11,OFF
1790496934.437344,1,500,0,round-robin,5,1,,0.9938,0.9932,nan,nan,17,11,OFF
1790496935.439174,3,492,0,round-robin,5,1,,0.9938,0.9915,nan,nan,18,11,OFF
1790496935.4401999,7,505,0,round-robin,5,2,,0.9915,0.9938,nan,nan,18,12,OFF
1790496936.5357323,6,505,1,round-robin,5,2,,0.9901,0.9915,nan,nan,18,13,OFF
1790496940.0102935,2,495,1,round-robin,5,1,,0.9926,0.9916,nan,nan,19,13,OFF
1790496940.4418867,4,432,1,round-robin,5,1,,0.9938,0.9932,nan,nan,20,13,OFF
1790496943.5271618,9,507,1,round-robin,5,2,,0.008,0.0001,nan,nan,20,14,OFF
1790496943.9054625,1,501,1,round-robin,5,2,,0.0165,0.0,nan,nan,19,15,OFF
1790496944.4117362,10,503,1,round-robin,5,2,,0.985,0.9838,nan,nan,18,16,OFF
1790496945.3554134,7,506,1,round-robin,5,1,,0.002,0.9556,nan,nan,19,16,OFF
1790496945.556829,3,493,1,round-robin,5,2,,0.0,0.9915,nan,nan,19,17,OFF
1790496952.3021126,6,506,1,round-robin,5,1,,0.9901,0.99,nan,nan,15,17,OFF
1790496955.9188652,2,496,1,round-robin,5,2,,0.9933,0.9915,nan,nan,15,18,ON
1790496956.430279,4,433,1,round-robin,5,2,,0.9938,0.99,nan,nan,15,19,ON
1790496957.5357606,1,502,1,round-robin,5,1,,0.8212,0.0265,nan,nan,16,19,ON
1790496958.1294246,10,504,1,round-robin,5,1,,0.9938,0.993,nan,nan,17,19,ON
1790496963.4480853,9,508,0,round-robin,5,1,,0.8563,0.0001,nan,nan,17,18,ON
1790496970.8290403,10,505,1,round-robin,5,2,,0.9925,0.9943,nan,nan,17,17,OFF
1790496971.4553568,2,497,1,round-robin,5,1,,0.9932,0.9932,nan,nan,18,17,OFF
1790496971.7496252,4,434,1,round-robin,5,1,,0.9942,0.9942,nan,nan,19,17,OFF
1790496972.378025,1,503,1,round-robin,5,2,,0.9938,0.9914,nan,nan,18,18,OFF
1790496973.457558,6,507,0,round-robin,5,2,,0.9896,0.9891,nan,nan,18,19,OFF
1790496973.6225352,7,508,1,round-robin,5,2,,0.9925,0.9915,nan,nan,18,19,OFF
1790496974.3165176,9,509,1,round-robin,5,2,,0.9925,0.9932,nan,nan,18,20,OFF
1790496974.9427395,8,509,1,round-robin,5,1,,0.3657,0.0082,nan,nan,18,20,OFF
1790496975.4731135,3,495,1,round-robin,5,1,,0.9937,0.9916,nan,nan,18,19,OFF
1790496976.605677,5,507,1,round-robin,5,2,,0.9913,0.9932,nan,nan,18,18,OFF
1790496984.2500935,2,498,1,round-robin,5,2,,0.8535,0.9463,nan,nan,16,18,OFF
1790496985.4796143,4,435,1,round-robin,5,2,,0.9926,0.9925,nan,nan,16,18,OFF
1790496988.275538,8,510,1,round-robin,5,2,,0.9913,0.9933,nan,nan,16,17,OFF
1790496989.1058836,3,496,1,round-robin,5,2,,0.9902,0.9901,nan,nan,16,18,OFF
1790496989.481751,6,508,0,round-robin,5,1,,0.9896,0.9923,nan,nan,17,18,OFF
1790496991.4841392,10,506,0,round-robin,5,1,,0.9925,0.0,nan,nan,16,18,OFF
1790496991.8630133,5,508,1,round-robin,5,1,,0.9915,0.9938,nan,nan,16,18,OFF
1790496994.4865673,9,510,0,round-robin,5,1,,0.9925,0.9925,nan,nan,16,18,OFF
1790496998.0809286,2,499,1,round-robin,5,1,,0.9938,0.9938,nan,nan,16,16,OFF
1790497000.7383933,6,509,1,round-robin,5,2,,0.9925,0.9925,nan,nan,14,17,OFF
1790497001.545685,1,505,1,round-robin,5,1,,0.8098,0.03,nan,nan,15,17,OFF
1790497001.8631327,3,497,1,round-robin,5,1,,0.9942,0.9941,nan,nan,16,17,OFF
1790497005.2473795,9,511,1,round-robin,5,2,,0.9933,0.9924,nan,nan,16,15,OFF
1790497005.481126,5,509,1,round-robin,5,2,,0.9901,0.9916,nan,nan,15,16,OFF
1790497006.4917126,8,511,0,round-robin,5,1,,0.7108,0.0,nan,nan,16,15,ON
1790497019.497342,1,506,0,round-robin,5,2,,0.0,0.0004,nan,nan,13,14,OFF
1790497019.4979372,2,500,0,round-robin,5,2,,0.9938,0.0,nan,nan,13,15,OFF
1790497025.5021036,9,512,0,round-robin,5,1,,0.0,0.0,nan,nan,13,15,OFF
1790497029.4065547,1,507,1,round-robin,5,1,,0.9925,0.9915,nan,nan,14,15,OFF
1790497030.6370037,6,511,1,round-robin,5,1,,0.9925,0.9938,nan,nan,15,15,OFF
1790497030.9443295,2,501,1,round-robin,5,1,,0.8887,0.8887,nan,nan,16,14,OFF
1790497031.7636533,10,509,1,round-robin,5,2,,0.9925,0.9914,nan,nan,14,15,OFF
1790497032.4748461,7,512,1,round-robin,5,1,,0.8689,0.8333,nan,nan,15,14,OFF
1790497033.7182484,5,511,1,round-robin,5,1,,0.9899,0.9923,nan,nan,16,12,OFF
1790497036.5139413,3,499,0,round-robin,5,2,,0.8804,0.8805,nan,nan,14,12,OFF
1790497037.0850987,9,513,1,round-robin,5,2,,0.9925,0.9938,nan,nan,14,12,OFF
1790497037.5159543,4,438,0,round-robin,5,1,,0.9938,0.9915,nan,nan,15,12,OFF
1790497043.8456898,1,508,1,round-robin,5,2,,0.9902,0.9882,nan,nan,15,13,OFF
1790497045.7886117,3,500,1,round-robin,5,1,,0.9941,0.9925,nan,nan,16,11,OFF
1790497046.49779,6,512,1,round-robin,5,2,,0.8804,0.8333,nan,nan,16,12,OFF
1790497047.226649,8,514,1,round-robin,5,2,,0.9915,0.9935,nan,nan,16,13,OFF
1790497047.53103,4,439,1,round-robin,5,2,,0.9913,0.9932,nan,nan,16,14,OFF
1790497050.4017198,9,514,1,round-robin,5,1,,0.9914,0.988,nan,nan,16,12,OFF
1790497053.534791,5,512,0,round-robin,5,2,,0.994,0.9881,nan,nan,14,13,OFF
1790497056.5733056,1,509,1,round-robin,5,1,,0.9933,0.9924,nan,nan,14,13,OFF
1790497059.3080566,3,501,1,round-robin,5,2,,0.9925,0.9914,nan,nan,13,14,OFF
1790497060.7358477,10,511,1,round-robin,5,1,,0.9915,0.9915,nan,nan,14,14,OFF
1790497061.7926207,8,515,1,round-robin,5,1,,0.9926,0.9941,nan,nan,14,13,OFF
1790497062.0728848,7,514,1,round-robin,5,2,,0.9932,0.9932,nan,nan,13,14,OFF
1790497062.9136167,6,513,1,round-robin,5,1,,0.9932,0.9912,nan,nan,14,14,ON
1790497065.5394242,4,440,0,round-robin,5,1,,0.9925,0.9925,nan,nan,15,12,ON
1790497065.5397155,2,503,0,round-robin,5,2,,0.9872,0.2508,nan,nan,15,13,ON
1790497068.5415547,5,513,0,round-robin,5,1,,0.9914,0.9914,nan,nan,15,13,ON
1790497070.5437624,9,515,0,round-robin,5,2,,0.9925,0.9912,nan,nan,15,14,ON
1790497080.5496519,4,441,0,round-robin,5,2,,0.0,0.0,nan,nan,15,13,ON
1790497083.5542285,5,514,0,round-robin,5,2,,0.0,0.0,nan,nan,15,14,ON
1790497086.5572524,9,516,0,round-robin,5,1,,0.0,0.0,nan,nan,15,14,UNKNOWN
1790497095.7084858,1,511,1,round-robin,5,2,,0.9931,0.9938,nan,nan,10,14,OFF
1790497095.7397661,8,517,1,round-robin,5,2,,0.9932,0.9925,nan,nan,10,15,OFF
1790497095.776507,4,442,1,round-robin,5,1,,0.9932,0.9926,nan,nan,11,15,OFF
1790497095.8000898,2,505,1,round-robin,5,1,,0.9928,0.9944,nan,nan,12,15,OFF
1790497095.823053,3,503,1,round-robin,5,1,,0.9924,0.9937,nan,nan,13,15,OFF
1790497095.8417013,7,516,1,round-robin,5,1,,0.9901,0.2501,nan,nan,14,15,OFF
1790497095.8565447,6,515,1,round-robin,5,2,,0.9925,0.9938,nan,nan,14,16,OFF
1790497096.4581008,5,515,1,round-robin,5,1,,0.9933,0.9915,nan,nan,15,16,OFF
1790497096.476749,9,517,1,round-robin,5,2,,0.9883,0.9882,nan,nan,15,17,OFF
1790497101.328237,1,512,1,round-robin,5,1,,0.9933,0.9901,nan,nan,15,15,OFF
1790497101.563887,10,513,0,round-robin,5,2,,0.9932,0.9925,nan,nan,15,16,OFF
1790497104.671403,10,514,1,round-robin,5,1,,0.9882,0.9915,nan,nan,16,15,OFF
1790497105.1740284,4,443,1,round-robin,5,2,,0.9915,0.9914,nan,nan,16,16,OFF
1790497105.6912649,8,518,1,round-robin,5,1,,0.9915,0.9901,nan,nan,17,16,OFF
1790497106.5155218,2,506,1,round-robin,5,2,,0.9931,0.9941,nan,nan,16,16,OFF
1790497107.1324072,3,504,1,round-robin,5,2,,0.9925,0.9924,nan,nan,16,17,OFF
1790497108.3519242,6,516,1,round-robin,5,1,,0.9937,0.9912,nan,nan,17,15,OFF
1790497108.776119,7,517,1,round-robin,5,2,,0.9916,0.9938,nan,nan,17,16,OFF
1790497109.5863297,5,516,1,round-robin,5,2,,0.9915,0.9901,nan,nan,17,17,OFF
1790497111.1193206,9,518,1,round-robin,5,1,,0.9925,0.9914,nan,nan,17,17,OFF
1790497114.186011,1,513,1,round-robin,5,2,,0.9941,0.9923,nan,nan,17,17,OFF
1790497117.880444,10,515,1,round-robin,5,2,,0.9915,0.9915,nan,nan,16,18,OFF
1790497118.9025433,8,519,1,round-robin,5,2,,0.9915,0.9939,nan,nan,16,19,OFF
1790497119.7327163,4,444,1,round-robin,5,1,,0.9938,0.99,nan,nan,17,18,OFF
1790497120.8409626,3,505,1,round-robin,5,1,,0.9933,0.9914,nan,nan,17,18,OFF
1790497121.3617065,2,507,1,round-robin,5,1,,0.9924,0.9921,nan,nan,18,18,OFF
1790497122.1048543,6,517,1,round-robin,5,2,,0.9941,0.9925,nan,nan,17,18,OFF
1790497122.5914538,5,517,1,round-robin,5,1,,0.9852,0.985,nan,nan,18,18,OFF
1790497124.4311228,9,519,1,round-robin,5,2,,0.9916,0.9915,nan,nan,17,19,OFF
1790497127.595922,7,518,0,round-robin,5,1,,0.9925,0.9916,nan,nan,17,18,OFF
1790497130.2636247,1,514,1,round-robin,5,1,,0.9914,0.9914,nan,nan,17,18,OFF
1790497134.0821884,8,520,1,round-robin,5,1,,0.1048,0.0,nan,nan,18,17,OFF
1790497134.3702953,10,516,1,round-robin,5,1,,0.9367,0.9342,nan,nan,19,17,OFF
1790497134.7005901,6,518,1,round-robin,5,1,,0.9926,0.9938,nan,nan,20,17,OFF
1790497138.6045892,4,445,0,round-robin,5,2,,0.9916,0.9915,nan,nan,20,18,ON
1790497141.6076508,2,508,0,round-robin,5,2,,0.9901,0.9932,nan,nan,20,18,ON
1790497141.6086302,5,518,0,round-robin,5,2,,0.8535,0.9922,nan,nan,20,19,ON
1790497143.6116433,7,519,0,round-robin,5,2,,0.9883,0.9925,nan,nan,20,19,ON
1790497143.6122801,9,520,0,round-robin,5,1,,0.9914,0.9937,nan,nan,21,19,ON
1790497159.622084,7,520,0,round-robin,5,1,,0.5473,0.4675,nan,nan,16,15,OFF
1790497161.8506103,1,516,1,round-robin,5,2,,0.9938,0.9933,nan,nan,15,15,OFF
1790497162.3376415,8,522,1,round-robin,5,2,,0.9924,0.9931,nan,nan,15,16,OFF
1790497166.6233532,2,510,1,round-robin,5,1,,0.0,0.9465,nan,nan,14,14,OFF
1790497167.1445098,5,520,1,round-robin,5,1,,0.9925,0.9901,nan,nan,15,13,OFF
1790497169.3851542,9,522,1,round-robin,5,2,,0.9933,0.9925,nan,nan,14,13,OFF
1790497170.725986,7,521,1,round-robin,5,2,,0.9938,0.9932,nan,nan,14,13,OFF
1790497171.6343143,6,520,0,round-robin,5,2,,0.9603,0.9933,nan,nan,13,14,OFF
1790497171.6349797,10,518,0,round-robin,5,2,,0.0,0.0,nan,nan,13,15,OFF
1790497171.6361108,4,447,0,round-robin,5,1,,0.0457,0.0,nan,nan,14,15,OFF
1790497171.637189,3,508,0,round-robin,5,2,,0.8689,0.8689,nan,nan,14,16,OFF
1790497175.010411,1,517,1,round-robin,5,1,,0.9914,0.9914,nan,nan,15,15,OFF
1790497176.146721,8,523,1,round-robin,5,1,,0.9938,0.9925,nan,nan,16,15,OFF
1790497221.1149354,1,520,1,state-aware,5,1,,0.9942,0.9912,0.9942,0.9912,1,0,OFF
1790497221.621992,8,526,1,state-aware,5,2,,0.9938,0.9942,0.9938,0.9942,1,1,OFF
1790497222.0588903,7,524,0,state-aware,5,2,,0.0,0.0,0.0,0.0,1,2,OFF
1790497227.1450438,2,514,1,state-aware,5,1,,0.9926,0.9916,0.9926,0.9916,2,2,OFF
1790497227.6650717,4,451,1,state-aware,5,1,,0.9937,0.9914,0.9937,0.9914,3,2,OFF
1790497229.0903049,6,524,1,state-aware,5,1,,0.0016,0.0008,0.0016,0.0008,4,2,OFF
1790497230.0112212,5,524,1,state-aware,5,2,,0.9942,0.9942,0.9942,0.9942,4,3,OFF
1790497231.4323626,9,526,1,state-aware,5,2,,0.9901,0.9938,0.9901,0.9938,4,4,OFF
1790497232.1829176,7,525,1,state-aware,5,1,,0.9925,0.9915,0.9925,0.8929,5,4,OFF
1790497235.0741434,3,512,0,state-aware,5,1,,0.965,0.8689,0.965,0.8689,6,4,OFF
1790497235.1697006,1,521,1,state-aware,5,2,,0.9941,0.994,0.9284,0.994,6,5,OFF
1790497237.791377,8,527,1,state-aware,5,1,,0.9925,0.9932,0.9925,0.8943,7,5,OFF
1790497241.1705282,2,515,1,state-aware,5,2,,0.9938,0.9933,0.9282,0.9933,7,6,OFF
1790497241.7911444,4,452,1,state-aware,5,2,,0.9925,0.988,0.9271,0.988,7,7,OFF
1790497243.0169516,6,525,1,state-aware,5,2,,0.9944,0.9924,0.9286,0.9924,7,8,OFF
1790497243.8412035,5,525,1,state-aware,5,1,,0.9925,0.9933,0.9925,0.9277,8,8,OFF
1790497244.3448014,9,527,1,state-aware,5,1,,0.9915,0.9933,0.9915,0.9278,9,8,OFF
1790497244.7476907,10,523,1,state-aware,5,2,,0.0,0.0,0.0,0.0,9,9,OFF
1790497245.360924,7,526,1,state-aware,5,1,,0.9925,0.8546,0.9271,0.7788,10,9,OFF
1790497250.077965,3,513,0,state-aware,5,1,,0.9921,0.8689,0.8934,0.8689,11,9,OFF
1790497250.7861369,1,522,1,state-aware,5,1,,0.0,0.0,0.1,0.0667,12,9,OFF
1790497255.9289944,6,526,1,state-aware,5,1,,0.9933,0.9915,0.9278,0.9262,13,9,OFF
1790497257.6559823,2,516,1,state-aware,5,2,,0.611,0.9902,0.6092,0.8918,13,10,OFF
1790497258.159673,5,526,1,state-aware,5,2,,0.0,0.0002,0.1,0.1002,13,11,OFF
1790497258.457169,9,528,1,state-aware,5,1,,0.9936,0.9929,0.928,0.9275,14,11,OFF
1790497258.9841752,7,527,1,state-aware,5,1,,0.9925,0.9925,0.9032,0.8938,15,11,OFF
1790497260.612499,10,524,1,state-aware,5,1,,0.9932,0.9943,0.9932,0.8953,16,11,OFF
1790497261.2415624,3,514,1,state-aware,5,2,,0.9942,0.9925,0.8016,0.9925,16,12,OFF
1790497264.1103117,1,523,1,state-aware,5,1,,0.9925,0.9925,0.9032,0.8938,17,12,OFF
1790497266.8126388,8,529,1,state-aware,5,1,,0.9941,0.9941,0.9941,0.8951,18,12,OFF
1790497270.4553037,6,527,1,state-aware,5,2,,0.9942,0.9933,0.9044,0.9277,18,13,OFF
1790497271.2774084,2,517,1,state-aware,5,2,,0.0,0.0146,0.1,0.159,18,14,ON
1790497271.7916293,9,529,1,state-aware,5,2,,0.9932,0.9933,0.9037,0.9277,18,15,ON
1790497273.1106813,7,528,1,state-aware,5,1,,0.9901,0.9901,0.8978,0.8918,19,15,ON
1790497279.0905216,5,527,0,state-aware,5,1,,0.9867,0.99,0.9223,0.8443,20,15,ON
1790497280.0922024,10,525,0,state-aware,5,1,,0.9932,0.0004,0.9277,0.067,21,15,ON
1790497286.095003,8,530,0,state-aware,5,1,,0.9938,0.9933,0.9282,0.8944,21,13,ON
1790497290.0978775,2,518,0,state-aware,5,2,,0.0,0.0,0.1,0.231,18,13,ON
1790497295.9168246,8,531,1,state-aware,5,2,,0.9926,0.9925,0.8461,0.8937,16,12,OFF
1790497299.101224,1,525,0,state-aware,5,1,,0.9256,0.0001,0.8555,0.0667,16,12,OFF
1790497299.5526085,2,519,1,state-aware,5,1,,0.9937,0.9937,0.9281,0.7711,17,12,OFF
1790497300.6654527,6,529,1,state-aware,5,2,,0.9933,0.9915,0.9038,0.9262,17,13,OFF
1790497302.5959437,9,531,1,state-aware,5,2,,0.9932,0.9944,0.9037,0.9286,17,12,OFF
1790497303.0255501,7,530,1,state-aware,5,1,,0.9938,0.9915,0.9001,0.8929,18,11,OFF
1790497305.978487,10,527,1,state-aware,5,2,,0.8489,0.9782,0.8074,0.8818,15,11,OFF
1790497306.4068682,5,529,1,state-aware,5,2,,0.0016,0.0,0.1013,0.1371,15,12,OFF
1790497309.8794441,1,526,1,state-aware,5,2,,0.9938,0.9938,0.8251,0.8948,15,13,OFF
1790497311.1052787,4,456,0,state-aware,5,1,,0.9868,0.8535,0.9223,0.8535,14,13,OFF
1790497312.0216174,8,532,1,state-aware,5,1,,0.9926,0.9939,0.8461,0.8013,15,13,OFF
1790497312.107438,3,517,0,state-aware,5,2,,0.8887,0.9855,0.7262,0.9855,15,14,OFF
1790497312.544468,2,520,1,state-aware,5,1,,0.9944,0.9925,0.9045,0.7704,16,14,OFF
1790497313.5861533,6,530,1,state-aware,5,1,,0.9938,0.9915,0.9041,0.9025,17,14,OFF
1790497317.8691738,7,531,1,state-aware,5,2,,0.9922,0.9932,0.8157,0.8943,16,14,OFF
1790497318.786031,9,532,1,state-aware,5,1,,0.9937,0.9939,0.9041,0.847,16,13,OFF
1790497320.9651604,5,530,1,state-aware,5,1,,0.9931,0.9942,0.9276,0.7654,15,13,OFF
1790497321.9711592,4,457,1,state-aware,5,2,,0.9941,0.9914,0.8472,0.9914,15,13,OFF
1790497322.5178854,3,518,1,state-aware,5,2,,0.9942,0.9914,0.8015,0.8929,15,14,OFF
1790497323.8071053,1,527,1,state-aware,5,2,,0.9938,0.9925,0.8251,0.8575,15,15,OFF
1790497324.1120865,10,528,0,state-aware,5,1,,0.9802,0.8535,0.9168,0.7582,15,15,OFF
1790497325.6605086,2,521,1,state-aware,5,1,,0.9942,0.9913,0.9003,0.7698,16,15,OFF
1790497326.1610045,8,533,1,state-aware,5,1,,0.9938,0.9942,0.8401,0.8016,17,15,OFF
1790497327.4998841,6,531,1,state-aware,5,2,,0.9938,0.9916,0.9002,0.9025,16,16,OFF
1790497332.642914,9,533,1,state-aware,5,1,,0.9926,0.9938,0.8994,0.847,17,13,OFF
1790497333.1243699,7,532,1,state-aware,5,1,,0.9914,0.9925,0.8153,0.8004,17,13,OFF
1790497333.6365297,5,531,1,state-aware,5,1,,0.9915,0.99,0.9025,0.7628,18,13,OFF
1790497335.003493,4,458,1,state-aware,5,2,,0.9515,0.985,0.8168,0.9208,18,14,OFF
1790497335.3057754,10,529,1,state-aware,5,2,,0.9924,0.9937,0.846,0.8583,18,15,OFF
1790497337.7230854,3,519,1,state-aware,5,1,,0.9938,0.9914,0.8013,0.7995,19,15,OFF
1790497338.070816,1,528,1,state-aware,5,2,,0.0,0.9915,0.204,0.8507,19,16,OFF
1790497338.6913147,2,522,1,state-aware,5,1,,0.9942,0.9931,0.9057,0.7707,20,16,OFF
1790497339.2749465,8,534,1,state-aware,5,1,,0.9933,0.9933,0.8484,0.801,20,16,OFF
1790497340.5877125,6,532,1,state-aware,5,1,,0.9933,0.9932,0.8998,0.8998,20,16,OFF
1790497345.3323877,9,534,1,state-aware,5,1,,0.9913,0.9941,0.9041,0.8472,21,16,ON
1790497357.1332934,2,523,0,state-aware,5,1,,0.9774,0.9915,0.9068,0.7699,21,14,ON
1790497365.13793,9,535,0,state-aware,5,1,,0.0,0.0,0.4181,0.1371,19,12,ON
1790497368.1401849,7,534,0,state-aware,5,1,,0.0,0.0016,0.2645,0.0925,20,10,OFF
1790497369.1426115,5,533,0,state-aware,5,1,,0.0,0.0,0.1943,0.144,21,10,OFF
1790497370.6004245,6,534,1,state-aware,5,1,,0.9933,0.9901,0.8998,0.8978,22,9,OFF
1790497372.144773,4,460,0,state-aware,5,2,,0.3114,0.985,0.3595,0.9208,20,9,OFF
1790497374.8114529,9,536,1,state-aware,5,2,,0.9933,0.9914,0.8163,0.8453,18,10,OFF
1790497378.4067426,7,535,1,state-aware,5,2,,0.9901,0.9915,0.7332,0.7997,18,10,OFF
1790497380.3709333,5,534,1,state-aware,5,1,,0.9915,0.9925,0.8237,0.7643,18,10,OFF
1790497382.0596523,4,461,1,state-aware,5,2,,0.0,0.9881,0.1371,0.8429,17,10,OFF
1790497382.390279,10,532,1,state-aware,5,2,,0.0,0.0,0.1371,0.1486,17,11,OFF
1790497383.1259992,2,525,1,state-aware,5,1,,0.9944,0.994,0.9153,0.7713,18,10,OFF
1790497383.8403397,8,537,1,state-aware,5,1,,0.9938,0.9924,0.8487,0.8003,19,9,OFF
1790497384.5443463,6,535,1,state-aware,5,1,,0.9942,0.9932,0.9057,0.8998,19,9,OFF
1790497387.1527588,1,531,0,state-aware,5,2,,0.0,0.9914,0.204,0.8506,17,10,OFF
1790497388.1129692,9,537,1,state-aware,5,2,,0.9901,0.9926,0.8149,0.8394,17,10,OFF
1790497388.1537554,3,522,0,state-aware,5,1,,0.9942,0.9937,0.8016,0.8012,18,10,OFF
1790497393.0172873,7,536,1,state-aware,5,1,,0.9901,0.0496,0.7332,0.127,18,10,OFF
1790497397.1241148,3,523,1,state-aware,5,2,,0.9938,0.9914,0.7172,0.7996,16,9,OFF
1790497397.6576269,8,538,1,state-aware,5,1,,0.9933,0.9925,0.8635,0.8004,17,9,OFF
1790497398.3839445,1,532,1,state-aware,5,1,,0.9938,0.9924,0.8251,0.7703,17,8,OFF
1790497399.8892946,6,536,1,state-aware,5,2,,0.9942,0.9924,0.8152,0.8992,15,9,OFF
1790497401.1653128,2,526,0,state-aware,5,1,,0.9938,0.9941,0.9257,0.7713,15,9,OFF
1790497401.1661205,4,462,0,state-aware,5,2,,0.8689,0.9912,0.7578,0.8385,15,10,OFF
1790497402.1683724,10,533,0,state-aware,5,2,,0.9867,0.9877,0.8419,0.8483,15,11,OFF
1790497403.7030056,9,538,1,state-aware,5,1,,0.9925,0.9933,0.816,0.7595,16,11,ON
1790497412.174052,7,537,0,state-aware,5,1,,0.0,0.0,0.3169,0.096,16,11,ON
1790497415.1769993,5,536,0,state-aware,5,1,,0.0,0.0,0.204,0.144,17,11,ON
1790497416.1785321,8,539,0,state-aware,5,1,,0.9938,0.9925,0.881,0.8004,18,11,ON
1790497417.1804936,1,533,0,state-aware,5,1,,0.0,0.0,0.2823,0.219,18,11,OFF
1790497422.1844149,6,537,0,state-aware,5,1,,0.0096,0.003,0.3229,0.2662,19,11,OFF
1790497423.2379308,7,538,1,state-aware,5,2,,0.9931,0.9938,0.6849,0.7171,19,12,OFF
1790497424.2614794,5,537,1,state-aware,5,2,,0.9924,0.9924,0.7448,0.7642,19,13,OFF
1790497426.114307,2,528,1,state-aware,5,1,,0.0,0.0,0.474,0.219,19,13,OFF
1790497426.4249525,1,534,1,state-aware,5,1,,0.0,0.0,0.2541,0.219,20,13,OFF
1790497426.8490005,10,535,1,state-aware,5,2,,0.9912,0.993,0.8451,0.8516,20,14,OFF
1790497427.341353,4,464,1,state-aware,5,1,,0.9932,0.9898,0.8466,0.8376,21,14,OFF
1790497432.6830215,9,540,1,state-aware,5,2,,0.0,0.9896,0.3649,0.7574,18,14,OFF
1790497438.1943393,6,538,0,state-aware,5,2,,0.9901,0.9853,0.7276,0.8119,18,14,OFF
1790497438.4942079,7,539,1,state-aware,5,1,,0.994,0.9932,0.6853,0.6428,19,13,OFF
1790497439.3146942,1,535,1,state-aware,5,1,,0.8943,0.8536,0.7373,0.6932,20,13,OFF
1790497440.5514205,2,529,1,state-aware,5,1,,0.9933,0.017,0.936,0.2285,20,13,OFF
1790497442.1688225,8,541,1,state-aware,5,1,,0.9891,0.9868,0.8789,0.7963,21,12,OFF
1790497444.2082334,5,538,0,state-aware,5,1,,0.9925,0.9925,0.7448,0.6879,20,11,OFF
1790497446.2107224,10,536,0,state-aware,5,2,,0.0,0.8963,0.1371,0.8059,19,12,OFF
1790497446.2117603,4,465,0,state-aware,5,1,,0.9902,0.9899,0.8379,0.8377,20,12,OFF
1790497447.2006826,9,541,1,state-aware,5,1,,0.9925,0.9933,0.816,0.7835,21,11,OFF
1790497447.2134495,3,526,0,state-aware,5,2,,0.99,0.9897,0.7147,0.7983,21,12,OFF
1790497449.3537831,6,539,1,state-aware,5,2,,0.9937,0.9924,0.7293,0.7343,20,12,OFF
1790497452.4568095,7,540,1,state-aware,5,1,,0.9932,0.9937,0.7339,0.6431,21,12,OFF
1790497453.2754245,1,536,1,state-aware,5,1,,0.9938,0.9938,0.8138,0.7711,21,12,OFF
1790497456.008005,10,537,1,state-aware,5,1,,0.9937,0.9938,0.8469,0.774,22,12,OFF
1790497456.9520483,8,542,1,state-aware,5,1,,0.9933,0.9923,0.8978,0.8002,23,12,OFF
1790497457.7460065,3,527,1,state-aware,5,1,,0.9938,0.9931,0.7171,0.7167,23,11,OFF
1790497461.345359,9,542,1,state-aware,5,1,,0.9916,0.9933,0.842,0.7835,22,9,OFF
1790497463.22901,4,466,0,state-aware,5,2,,0.9937,0.9933,0.7597,0.8398,22,9,OFF
1790497464.430269,6,540,1,state-aware,5,1,,0.9933,0.99,0.7291,0.6578,22,9,OFF
1790497465.431673,7,541,1,state-aware,5,1,,0.9901,0.9914,0.7763,0.6418,23,9,OFF
1790497467.5767846,1,537,1,state-aware,5,1,,0.9942,0.9942,0.8428,0.7713,24,9,OFF
1790497469.2142677,10,538,1,state-aware,5,1,,0.9937,0.9942,0.8401,0.7742,25,9,OFF
1790497470.441944,2,531,1,state-aware,5,2,,0.0,0.9782,0.5222,0.7625,25,10,OFF
1790497473.5355377,4,467,1,state-aware,5,1,,0.9925,0.9902,0.7591,0.7577,25,10,ON
1790497474.027151,3,528,1,state-aware,5,2,,0.9941,0.9931,0.6433,0.7167,25,11,ON
1790497475.2362018,8,543,0,state-aware,5,1,,0.9926,0.9902,0.9133,0.7987,25,11,ON
1790497476.2383316,5,540,0,state-aware,5,1,,0.9857,0.9853,0.741,0.6839,25,11,ON
1790497484.243741,6,541,0,state-aware,5,1,,0.0001,0.0,0.3542,0.2078,24,10,ON
1790497485.24571,7,542,0,state-aware,5,1,,0.0,0.0,0.484,0.091,25,9,ON
1790497487.2483385,10,539,0,state-aware,5,1,,0.0,0.0,0.2965,0.2771,24,8,ON
1790497490.2514534,2,532,0,state-aware,5,1,,0.0,0.0,0.5222,0.1971,24,8,ON
1790497491.255048,8,544,0,state-aware,5,1,,0.0035,0.0035,0.4454,0.094,25,8,ON
1790497494.2578743,4,468,0,state-aware,5,2,,0.8535,0.9246,0.6136,0.7213,25,8,ON
1790497495.260349,3,529,0,state-aware,5,2,,0.0,0.0,0.091,0.091,25,9,OFF
1790497498.0195026,10,540,1,state-aware,5,2,,0.9912,0.9938,0.7625,0.774,25,10,OFF
1790497500.1317291,2,533,1,state-aware,5,1,,0.8804,0.8334,0.7793,0.6138,24,9,OFF
1790497501.4004447,5,542,1,state-aware,5,1,,0.9914,0.9938,0.7442,0.6887,24,9,OFF
1790497502.1852953,8,545,1,state-aware,5,2,,0.9938,0.9944,0.6998,0.8017,23,10,OFF
1790497502.270915,7,543,0,state-aware,5,1,,0.0,0.0,0.3993,0.091,24,10,OFF
1790497505.2736123,1,539,0,state-aware,5,1,,0.8804,0.8333,0.799,0.682,24,10,OFF
1790497505.359269,4,469,1,state-aware,5,2,,0.9915,0.9938,0.6826,0.6838,24,11,OFF
1790497505.8679159,3,530,1,state-aware,5,1,,0.9938,0.9931,0.6431,0.5785,25,11,OFF
1790497545.4173577,1,542,1,ewma,5,2,,0.9933,0.9882,0.5,0.5,0,1,OFF
1790497546.617807,5,545,1,ewma,5,2,,0.9933,0.9915,0.5,0.5,0,2,OFF
1790497548.5624707,3,533,1,ewma,5,2,,0.9926,0.9902,0.5,0.5,0,3,OFF
1790497551.0516913,8,548,1,ewma,5,2,,0.9939,0.9942,0.5,0.5,0,4,OFF
1790497552.4591558,9,548,1,ewma,5,1,,0.9925,0.9933,0.5,0.5,1,4,OFF
1790497554.220862,4,472,1,ewma,5,1,,0.9925,0.9911,0.5,0.5,2,4,OFF
1790497558.1067255,7,547,1,ewma,5,2,,0.9938,0.9925,0.5,0.5,2,5,OFF
1790497558.7120671,6,546,1,ewma,5,1,,0.9938,0.9925,0.5,0.5,3,5,OFF
1790497559.326001,1,543,1,ewma,5,2,,0.9942,0.9924,0.5,0.6,3,6,OFF
1790497559.8393204,2,537,1,ewma,5,1,,0.9938,0.2533,0.5,0.5,4,6,OFF
1790497560.4483225,5,546,1,ewma,5,2,,0.9933,0.9868,0.5,0.6,4,7,OFF
1790497562.9125798,3,534,1,ewma,5,2,,0.9916,0.9901,0.5,0.6,4,8,OFF
1790497565.4789739,9,549,1,ewma,5,1,,0.9925,0.9933,0.6,0.5,5,8,OFF
1790497565.7444866,10,544,0,ewma,5,2,,0.9878,0.9899,0.5,0.5,5,9,OFF
1790497567.4379559,8,549,1,ewma,5,1,,0.0843,0.0253,0.5,0.4,6,9,OFF
1790497567.947907,4,473,1,ewma,5,1,,0.9933,0.9914,0.6,0.5,7,9,OFF
1790497572.0297718,6,547,1,ewma,5,1,,0.9869,0.0,0.6,0.5,8,9,ON
1790497577.7483115,7,548,0,ewma,5,2,,0.9924,0.9932,0.5,0.6,8,10,ON
1790497581.7509966,3,535,0,ewma,5,2,,0.0,0.0,0.5,0.68,8,11,ON
1790497586.7537994,8,550,0,ewma,5,1,,0.8809,0.8666,0.6,0.4,9,11,OFF
1790497588.0220563,6,548,1,ewma,5,2,,0.9915,0.1592,0.48,0.5,9,12,OFF
1790497589.0236769,5,548,1,ewma,5,2,,0.9937,0.9938,0.5,0.6,9,13,OFF
1790497590.7629054,1,545,1,ewma,5,2,,0.9933,0.9913,0.5,0.6,9,14,OFF
1790497591.0977774,10,546,1,ewma,5,1,,0.9921,0.9937,0.5,0.5,10,14,OFF
1790497592.836342,3,536,1,ewma,5,2,,0.9941,0.9931,0.5,0.544,10,15,OFF
1790497593.764821,7,549,0,ewma,5,1,,0.9915,0.9914,0.5,0.48,11,15,OFF
1790497593.765555,2,539,0,ewma,5,2,,0.9933,0.9389,0.5,0.5,11,16,OFF
1790497594.6884718,9,551,1,ewma,5,1,,0.9937,0.9941,0.6,0.5,12,16,OFF
1790497597.530531,8,551,1,ewma,5,1,,0.9941,0.9926,0.48,0.4,13,16,OFF
1790497598.0669355,4,475,1,ewma,5,1,,0.9938,0.9914,0.6,0.5,14,16,OFF
1790497601.9288847,5,549,1,ewma,5,2,,0.9925,0.9938,0.5,0.68,14,17,OFF
1790497603.7614121,6,549,1,ewma,5,1,,0.0,0.0,0.48,0.4,15,17,OFF
1790497604.0695672,7,550,1,ewma,5,2,,0.0,0.0002,0.4,0.48,15,18,OFF
1790497604.5914178,10,547,1,ewma,5,1,,0.9925,0.9942,0.6,0.5,16,18,OFF
1790497605.3435497,2,540,1,ewma,5,1,,0.9938,0.9925,0.5,0.4,17,18,OFF
1790497606.2592955,3,537,1,ewma,5,2,,0.9933,0.99,0.5,0.6352,17,18,OFF
1790497607.4620345,9,552,1,ewma,5,1,,0.9925,0.9938,0.68,0.5,18,17,OFF
1790497608.7722948,1,546,0,ewma,5,2,,0.9933,0.99,0.5,0.68,18,17,OFF
1790497611.3470395,8,552,1,ewma,5,1,,0.9941,0.9941,0.584,0.4,19,16,OFF
1790497611.680179,4,476,1,ewma,5,1,,0.9925,0.9925,0.68,0.5,20,16,OFF
1790497617.2136269,5,550,1,ewma,5,2,,0.8804,0.9103,0.5,0.544,18,17,OFF
1790497617.5285769,10,548,1,ewma,5,1,,0.9932,0.9943,0.68,0.5,19,17,OFF
1790497618.015404,2,541,1,ewma,5,1,,0.9944,0.9944,0.6,0.4,20,17,OFF
1790497619.0151207,7,551,1,ewma,5,1,,0.992,0.9895,0.4,0.384,20,16,OFF
1790497621.6857836,3,538,1,ewma,5,2,,0.9938,0.9915,0.5,0.5082,19,15,OFF
1790497621.7788827,6,550,0,ewma,5,1,,0.8887,0.8535,0.584,0.4,20,15,OFF
1790497623.652555,9,553,1,ewma,5,1,,0.9938,0.9942,0.544,0.5,21,14,OFF
1790497623.7809675,1,547,0,ewma,5,2,,0.9933,0.9901,0.5,0.544,21,15,OFF
1790497624.8686962,4,477,1,ewma,5,1,,0.9925,0.9925,0.744,0.5,22,15,OFF
1790497625.4982784,8,553,1,ewma,5,1,,0.9938,0.9942,0.6672,0.4,22,15,OFF
1790497630.098141,5,551,1,ewma,5,2,,0.9932,0.9925,0.5,0.6352,20,15,OFF
1790497630.9092512,10,549,1,ewma,5,1,,0.9932,0.9938,0.744,0.5,21,15,OFF
1790497631.9313009,7,552,1,ewma,5,1,,0.9933,0.9915,0.52,0.384,22,15,OFF
1790497632.454592,2,542,1,ewma,5,1,,0.9943,0.9941,0.68,0.4,22,15,OFF
1790497632.9703574,6,551,1,ewma,5,1,,0.9933,0.9901,0.4672,0.4,23,15,OFF
1790497634.684407,1,548,1,ewma,5,1,,0.9938,0.9933,0.5,0.4352,24,15,OFF
1790497636.9482317,9,554,1,ewma,5,1,,0.9926,0.9933,0.6352,0.5,25,15,OFF
1790497637.561569,3,539,1,ewma,5,1,,0.9933,0.9915,0.5,0.4065,26,15,ON
1790497643.789506,8,554,0,ewma,5,1,,0.9941,0.9933,0.7338,0.4,27,13,ON
1790497644.7916625,4,478,0,ewma,5,1,,0.9925,0.9855,0.7952,0.5,28,13,ON
1790497648.7950919,5,552,0,ewma,5,2,,0.0,0.0,0.5,0.7082,27,13,OFF
1790497651.7974641,7,553,0,ewma,5,1,,0.0,0.0,0.616,0.384,27,11,OFF
1790497651.7985759,6,552,0,ewma,5,1,,0.0007,0.0004,0.5738,0.4,28,11,OFF
1790497653.6272404,4,479,1,ewma,5,1,,0.9915,0.9901,0.6362,0.5,29,10,OFF
1790497654.6630602,8,555,1,ewma,5,1,,0.9938,0.9938,0.587,0.4,29,9,OFF
1790497655.801807,9,555,0,ewma,5,1,,0.0,0.0,0.7082,0.5,29,9,OFF
1790497656.8036487,3,540,0,ewma,5,1,,0.0,0.0,0.6,0.4065,30,9,OFF
1790497659.1696167,5,553,1,ewma,5,2,,0.9915,0.9916,0.5,0.5665,28,10,OFF
1790497659.787909,2,544,1,ewma,5,1,,0.9938,0.9042,0.68,0.4,29,10,OFF
1790497661.2136772,7,554,1,ewma,5,1,,0.9933,0.9915,0.4928,0.384,30,10,OFF
1790497662.7895775,6,553,1,ewma,5,1,,0.9933,0.9915,0.459,0.4,31,9,OFF
1790497663.7722325,1,550,1,ewma,5,1,,0.9942,0.9924,0.5,0.4352,31,9,OFF
1790497666.2691488,9,556,1,ewma,5,1,,0.1646,0.0,0.5665,0.5,30,7,OFF
1790497666.8455331,3,541,1,ewma,5,1,,0.994,0.9919,0.48,0.4065,31,7,OFF
1790497667.2796862,8,556,1,ewma,5,1,,0.9933,0.9941,0.6696,0.4,32,7,OFF
1790497669.551325,4,480,1,ewma,5,1,,0.9916,0.9914,0.5089,0.5,32,6,OFF
1790497672.9068823,5,554,1,ewma,5,2,,0.9931,0.9933,0.5,0.6532,30,7,OFF
1790497673.6081605,2,545,1,ewma,5,1,,0.9943,0.9932,0.744,0.4,31,7,OFF
1790497677.997009,1,551,1,ewma,5,1,,0.9938,0.9925,0.6,0.4352,31,6,OFF
1790497679.9608839,9,557,1,ewma,5,1,,0.9916,0.9939,0.6532,0.5,30,6,OFF
1790497680.4628398,8,557,1,ewma,5,1,,0.9933,0.9944,0.7357,0.4,31,6,OFF
1790497680.8970482,3,542,1,ewma,5,1,,0.9932,0.9924,0.584,0.4065,32,6,OFF
1790497681.8127189,6,554,0,ewma,5,1,,0.9938,0.99,0.5672,0.4,32,5,OFF
1790497682.106664,4,481,1,ewma,5,1,,0.9901,0.9914,0.6071,0.5,33,5,OFF
1790497687.0182555,2,546,1,ewma,5,1,,0.9942,0.9938,0.7952,0.4,31,4,OFF
1790497687.838676,5,555,1,ewma,5,2,,0.9925,0.9932,0.5,0.5226,31,5,OFF
1790497690.4987514,10,553,1,ewma,5,1,,0.9914,0.9925,0.744,0.5,32,4,ON
1790497690.8402462,6,555,1,ewma,5,1,,0.9942,0.0,0.4538,0.4,33,4,ON
1790497691.4573007,7,556,1,ewma,5,1,,0.9937,0.9916,0.4928,0.384,33,4,ON
1790497696.8442407,1,552,0,ewma,5,1,,0.9942,0.9925,0.68,0.4352,30,4,ON
1790497699.847611,8,558,0,ewma,5,1,,0.0,0.0,0.7885,0.4,29,4,OFF
1790497700.2680156,2,547,1,ewma,5,1,,0.9938,0.9939,0.8362,0.4,30,4,OFF
1790497702.1113632,5,556,1,ewma,5,2,,0.9933,0.9933,0.5,0.6181,30,5,OFF
1790497706.3611407,7,557,1,ewma,5,1,,0.0,0.8887,0.3942,0.384,29,5,OFF
1790497706.510693,1,553,1,ewma,5,1,,0.9933,0.9919,0.544,0.4352,30,5,OFF
1790497709.4432414,3,544,1,ewma,5,1,,0.9926,0.9915,0.584,0.4065,31,4,OFF
1790497710.0636091,9,559,1,ewma,5,1,,0.9931,0.9939,0.6532,0.5,32,4,OFF
1790497710.704135,8,559,1,ewma,5,1,,0.8101,0.8135,0.6308,0.4,33,4,OFF
1790497710.8543508,10,554,0,ewma,5,1,,0.9924,0.9933,0.5952,0.5,34,4,OFF
1790497711.8566515,6,556,0,ewma,5,2,,0.9915,0.0,0.363,0.4,32,5,OFF
1790497714.5618935,2,548,1,ewma,5,1,,0.9933,0.9933,0.8689,0.4,32,5,OFF
1790497715.5852416,5,557,1,ewma,5,2,,0.9933,0.9937,0.5,0.6944,31,6,OFF
1790497716.8603194,4,483,0,ewma,5,1,,0.9885,0.9817,0.6071,0.5,30,6,OFF
1790497720.2101755,1,554,1,ewma,5,1,,0.9925,0.9901,0.6352,0.4352,30,5,OFF
1790497721.4347496,10,555,1,ewma,5,2,,0.9937,0.9943,0.4762,0.5,29,6,OFF
1790497722.1357424,7,558,1,ewma,5,2,,0.0,0.0,0.3154,0.384,29,7,OFF
1790497723.977409,9,560,1,ewma,5,1,,0.9925,0.9924,0.7226,0.5,28,7,OFF
1790497726.7720191,4,484,1,ewma,5,2,,0.9926,0.9901,0.4857,0.5,27,8,OFF
1790497728.1232939,2,549,1,ewma,5,1,,0.9938,0.9915,0.8951,0.4,26,8,OFF
1790497728.885059,8,560,0,ewma,5,1,,0.9827,0.9806,0.7047,0.4,27,8,OFF
1790497731.597144,5,558,1,ewma,5,2,,0.9942,0.9914,0.5,0.5556,26,9,OFF
1790497734.649849,1,555,1,ewma,5,1,,0.9933,0.99,0.7082,0.4352,26,8,OFF
1790497735.357748,10,556,1,ewma,5,2,,0.9924,0.9925,0.4762,0.6,26,9,OFF
1790497736.583506,7,559,1,ewma,5,2,,0.9942,0.9932,0.3154,0.5072,26,10,OFF
1790497738.21223,9,561,1,ewma,5,1,,0.0301,0.0,0.7781,0.5,26,10,OFF
1790497738.716337,8,561,1,ewma,5,1,,0.9868,0.9902,0.5637,0.4,27,10,OFF
1790497740.4741306,4,485,1,ewma,5,2,,0.9925,0.99,0.4857,0.6,25,11,OFF
1790497742.511471,2,550,1,ewma,5,1,,0.9943,0.9931,0.9161,0.4,23,11,OFF
1790497742.8926554,6,558,0,ewma,5,2,,0.9933,0.9841,0.363,0.4,23,12,OFF
1790497743.894288,3,546,0,ewma,5,1,,0.0,0.99,0.584,0.4065,24,12,OFF
1790497746.5130935,5,559,1,ewma,5,1,,0.9943,0.9932,0.5,0.4444,25,12,OFF
1790497750.4155636,1,556,1,ewma,5,1,,0.9933,0.0,0.5665,0.4352,25,11,OFF
1790497751.6330585,9,562,1,ewma,5,1,,0.9932,0.0,0.8224,0.5,23,11,OFF
1790497752.16713,8,562,1,ewma,5,1,,0.99,0.9898,0.651,0.4,24,11,OFF
1790497752.7680817,6,559,1,ewma,5,1,,0.9941,0.9932,0.363,0.32,25,11,OFF
1790497753.9887648,4,486,1,ewma,5,2,,0.9901,0.9901,0.4857,0.68,25,12,OFF
1790497754.4278615,3,547,1,ewma,5,1,,0.9944,0.9937,0.4672,0.4065,26,12,OFF
1790497755.8158133,2,551,1,ewma,5,1,,0.9933,0.9938,0.9329,0.4,27,12,ON
1790497755.9123428,7,560,0,ewma,5,2,,0.9914,0.9914,0.3154,0.6058,27,13,ON
1790497757.9151657,10,557,0,ewma,5,2,,0.9901,0.9915,0.4762,0.48,26,14,ON
1790497766.688113,7,561,1,ewma,5,2,,0.9914,0.9925,0.3154,0.4846,22,14,OFF
1790497767.0890596,3,548,1,ewma,5,1,,0.9939,0.9901,0.5738,0.4065,23,14,OFF
1790497767.8063943,10,558,1,ewma,5,1,,0.9926,0.9938,0.4762,0.384,24,14,OFF
1790497768.1236439,6,560,1,ewma,5,2,,0.9902,0.9886,0.2904,0.32,24,15,OFF
1790497768.4428046,4,487,1,ewma,5,2,,0.9925,0.9924,0.4857,0.744,24,16,OFF
1790497768.9217825,1,557,0,ewma,5,1,,0.0,0.0,0.6532,0.4352,25,16,OFF
1790497772.1010678,2,552,1,ewma,5,1,,0.9944,0.9941,0.7463,0.4,22,15,OFF
1790497775.9004517,5,561,1,ewma,5,1,,0.9933,0.9915,0.5,0.4444,22,14,OFF
1790497779.315199,1,558,1,ewma,5,1,,0.9938,0.9897,0.5226,0.4352,22,14,OFF
1790497779.7922726,7,562,1,ewma,5,2,,0.9916,0.9901,0.3154,0.5877,22,15,OFF
1790497780.6131759,8,564,1,ewma,5,1,,0.9938,0.9938,0.651,0.4,22,15,OFF
1790497780.9582467,3,549,1,ewma,5,1,,0.9942,0.9926,0.659,0.4065,23,15,OFF
1790497781.8260555,4,488,1,ewma,5,2,,0.9882,0.9899,0.4857,0.7952,23,15,OFF
1790497783.479281,6,561,1,ewma,5,1,,0.9925,0.99,0.2904,0.256,24,14,OFF
1790497784.9310613,9,564,0,ewma,5,1,,0.8689,0.985,0.8224,0.5,24,14,OFF
1790497785.4717457,2,553,1,ewma,5,1,,0.9943,0.9937,0.7971,0.4,25,14,OFF
1790497786.9332988,10,559,0,ewma,5,1,,0.9915,0.9916,0.5809,0.384,26,13,OFF
1790497790.7329433,5,562,1,ewma,5,2,,0.9938,0.9915,0.4,0.4444,24,14,OFF
1790497792.5075583,7,563,1,ewma,5,2,,0.9915,0.9925,0.3154,0.6701,24,14,OFF
1790497792.9255466,1,559,1,ewma,5,1,,0.9933,0.9901,0.6181,0.4352,25,14,OFF
1790497793.627643,3,550,1,ewma,5,1,,0.9942,0.9933,0.7272,0.4065,26,14,OFF
1790497794.9681358,9,565,1,ewma,5,1,,0.0,0.0,0.658,0.5,26,14,OFF
1790497795.385139,8,565,1,ewma,5,1,,0.9939,0.9925,0.7208,0.4,27,13,OFF
1790497796.500416,6,562,1,ewma,5,1,,0.9916,0.9901,0.4323,0.256,28,13,OFF
1790497797.3070128,4,489,1,ewma,5,2,,0.9941,0.9924,0.4857,0.6362,28,13,OFF
1790497797.8231506,10,560,1,ewma,5,1,,0.9925,0.9902,0.4647,0.384,29,13,OFF
1790497799.1498947,2,554,1,ewma,5,1,,0.9942,0.9913,0.8376,0.4,28,13,OFF
1790497803.4452732,5,563,1,ewma,5,2,,0.9933,0.9916,0.4,0.5556,27,12,OFF
1790497806.8283327,7,564,1,ewma,5,2,,0.9925,0.9925,0.3154,0.7361,25,13,OFF
1790497807.2550128,1,560,1,ewma,5,1,,0.9941,0.9924,0.6944,0.4352,26,13,OFF
1790497807.6390007,9,566,1,ewma,5,1,,0.9924,0.9925,0.7264,0.5,27,13,OFF
1790497808.198142,3,551,1,ewma,5,1,,0.9939,0.9901,0.5818,0.4065,28,13,OFF
1790497809.519483,6,563,1,ewma,5,1,,0.0002,0.7401,0.5459,0.256,29,13,OFF
1790497810.7141337,4,490,1,ewma,5,2,,0.2526,0.0,0.4857,0.7089,28,14,OFF
1790497811.1270437,10,561,1,ewma,5,1,,0.9942,0.9943,0.5718,0.384,29,14,OFF
1790497813.3768902,2,555,1,ewma,5,1,,0.9939,0.9925,0.8701,0.4,27,14,OFF
1790497814.9497955,8,566,0,ewma,5,1,,0.9942,0.9925,0.7766,0.4,27,13,OFF
1790497819.1196969,5,564,1,ewma,5,2,,0.9942,0.9932,0.4,0.4444,26,12,OFF
1790497820.4463058,7,565,1,ewma,5,2,,0.9936,0.9932,0.3154,0.7889,26,13,OFF
1790497821.2811239,1,561,1,ewma,5,1,,0.1562,0.0,0.7556,0.4352,27,13,ON
1790497822.3115501,6,564,1,ewma,5,1,,0.9921,0.9925,0.6367,0.256,28,13,ON
1790497830.9604418,8,567,0,ewma,5,1,,0.0,0.0,0.6213,0.4,26,10,OFF
1790497834.5632706,7,566,1,ewma,5,2,,0.9915,0.9933,0.3154,0.8311,25,11,OFF
1790497835.1921089,6,565,1,ewma,5,1,,0.0,0.0173,0.7094,0.256,26,11,OFF
1790497836.0387921,1,562,1,ewma,5,1,,0.9938,0.9915,0.6044,0.4352,26,11,OFF
1790497836.7293026,3,553,1,ewma,5,1,,0.9938,0.9933,0.5818,0.4065,27,11,OFF
1790497880.4415238,6,568,1,ewma,6,2,,0.0,0.0171,0.5,0.5,0,1,OFF
1790497881.2985365,3,556,1,ewma,6,2,,0.0008,0.9,0.5,0.5,0,2,OFF
1790497883.138751,1,565,1,ewma,6,2,,0.9938,0.99,0.5,0.5,0,3,OFF
1790497885.397999,9,571,1,ewma,6,1,,0.9915,0.9938,0.5,0.5,1,3,OFF
1790497886.457787,5,568,0,ewma,6,1,,0.993,0.993,0.5,0.5,2,3,OFF
1790497887.0066962,10,566,1,ewma,6,2,,0.9925,0.9926,0.5,0.5,2,4,OFF
1790497887.516781,4,495,1,ewma,6,2,,0.9914,0.9913,0.5,0.5,2,5,OFF
1790497888.8464305,8,571,1,ewma,6,2,,0.9938,0.9915,0.5,0.5,2,6,OFF
1790497892.0233815,2,560,1,ewma,6,2,,0.9936,0.9929,0.5,0.5,2,7,OFF
1790497893.8673859,6,569,1,ewma,6,2,,0.9933,0.9915,0.5,0.6,2,8,OFF
1790497895.7283866,5,569,1,ewma,6,2,,0.0,0.0,0.4,0.5,2,9,OFF
1790497896.0127697,7,570,1,ewma,6,1,,0.9915,0.9911,0.5,0.5,3,9,OFF
1790497897.3688955,1,566,1,ewma,6,2,,0.9943,0.9913,0.5,0.6,3,10,OFF
1790497899.8496249,9,572,1,ewma,6,1,,0.9933,0.9941,0.6,0.5,4,10,OFF
1790497901.2387223,4,496,1,ewma,6,2,,0.9916,0.9902,0.5,0.6,4,11,OFF
1790497902.2652292,10,567,1,ewma,6,1,,0.9925,0.9942,0.5,0.4,5,11,OFF
1790497903.4934068,8,572,1,ewma,6,1,,0.9944,0.9924,0.5,0.4,6,11,OFF
1790497905.3239756,2,561,1,ewma,6,2,,0.9933,0.9901,0.5,0.6,6,12,OFF
1790497909.5521119,7,571,1,ewma,6,1,,0.0528,0.0287,0.6,0.5,7,12,OFF
1790497912.9183066,9,573,1,ewma,6,1,,0.9926,0.9916,0.68,0.5,8,12,OFF
1790497914.4678905,6,570,0,ewma,6,1,,0.9923,0.9924,0.5,0.48,9,12,OFF
1790497914.950691,10,568,1,ewma,6,1,,0.0,0.0787,0.6,0.4,10,12,OFF
1790497915.4695745,5,570,0,ewma,6,2,,0.99,0.9868,0.4,0.6,10,13,OFF
1790497915.9847484,8,573,1,ewma,6,1,,0.9925,0.9938,0.6,0.4,11,13,OFF
1790497916.4712484,1,567,0,ewma,6,2,,0.9942,0.9932,0.5,0.68,11,14,OFF
1790497917.4728405,3,558,0,ewma,6,1,,0.8977,0.9862,0.5,0.5,12,14,OFF
1790497919.9863937,2,562,1,ewma,6,1,,0.9943,0.9932,0.5,0.48,13,14,OFF
1790497924.0811095,7,572,1,ewma,6,2,,0.9924,0.9924,0.48,0.5,13,15,ON
1790497931.4768677,5,571,0,ewma,6,2,,0.0,0.9868,0.4,0.48,13,16,ON
1790497932.4790685,1,568,0,ewma,6,2,,0.0,0.0,0.5,0.544,13,17,ON
1790497935.4817855,4,498,0,ewma,6,2,,0.0,0.0,0.5,0.6,13,18,ON
1790497940.484852,2,563,0,ewma,6,1,,0.3675,0.9915,0.6,0.48,14,17,ON
1790497948.488679,5,572,0,ewma,6,1,,0.0,0.9912,0.4,0.384,13,13,OFF
1790497948.489482,10,570,0,ewma,6,1,,0.0,0.0,0.6,0.4,14,13,OFF
1790497950.183392,2,564,1,ewma,6,1,,0.9939,0.9939,0.48,0.48,15,12,OFF
1790497952.7515962,7,574,1,ewma,6,2,,0.9933,0.9925,0.48,0.5,15,12,OFF
1790497957.2824202,6,573,1,ewma,6,1,,0.0,0.0,0.5,0.48,15,10,OFF
1790497957.7506163,5,573,1,ewma,6,2,,0.99,0.0,0.32,0.384,15,10,OFF
1790497960.823718,9,576,1,ewma,6,1,,0.9932,0.9933,0.68,0.5,15,10,OFF
1790497963.5022416,2,565,1,ewma,6,1,,0.9939,0.9914,0.584,0.48,14,9,OFF
1790497964.504473,1,570,0,ewma,6,2,,0.8804,0.8333,0.5,0.544,14,10,OFF
1790497966.4620304,7,575,1,ewma,6,2,,0.9925,0.9932,0.48,0.6,14,10,OFF
1790497966.5055676,4,500,0,ewma,6,2,,0.8887,0.9853,0.5,0.6,14,11,OFF
1790497967.5074751,8,576,0,ewma,6,1,,0.9905,0.989,0.6,0.4,15,11,OFF
1790497970.3623173,6,574,1,ewma,6,1,,0.9932,0.9925,0.6,0.48,15,11,OFF
1790497971.0770955,5,574,1,ewma,6,2,,0.9942,0.9943,0.32,0.5072,15,12,OFF
1790497972.5054128,10,572,1,ewma,6,1,,0.9933,0.9932,0.6,0.4,16,12,OFF
1790497974.661594,1,571,1,ewma,6,1,,0.0016,0.0016,0.5,0.4352,15,12,OFF
1790497976.5443666,8,577,1,ewma,6,1,,0.9942,0.9938,0.48,0.4,14,10,OFF
1790497979.595718,7,576,1,ewma,6,2,,0.9932,0.9925,0.48,0.68,13,11,OFF
1790497980.5146036,9,577,0,ewma,6,1,,0.3667,0.0,0.744,0.5,13,11,OFF
1790497980.515359,3,562,0,ewma,6,2,,0.8887,0.8535,0.5,0.5,13,12,OFF
1790497983.517591,4,501,0,ewma,6,1,,0.9855,0.9911,0.5,0.48,14,12,OFF
1790497983.518827,2,566,0,ewma,6,1,,0.9935,0.9924,0.6672,0.48,15,12,OFF
1790497984.0085773,6,575,1,ewma,6,1,,0.9938,0.9924,0.68,0.48,16,12,OFF
1790497985.967505,10,573,1,ewma,6,1,,0.9924,0.9933,0.68,0.4,17,11,OFF
1790497986.4467225,5,575,1,ewma,6,2,,0.9942,0.9926,0.32,0.4058,17,12,OFF
1790497989.0965664,8,578,1,ewma,6,1,,0.9943,0.9942,0.584,0.4,18,12,OFF
1790497989.537516,3,563,1,ewma,6,1,,0.9942,0.9915,0.5,0.4,19,12,OFF
1790497990.3635287,9,578,1,ewma,6,1,,0.9932,0.9931,0.5952,0.5,20,12,OFF
1790497990.9443107,1,572,1,ewma,6,2,,0.9938,0.9899,0.4,0.4352,20,13,OFF
1790497993.5019307,4,502,1,ewma,6,2,,0.9924,0.9924,0.4,0.48,20,12,OFF
1790497994.8371332,7,577,1,ewma,6,2,,0.9941,0.9932,0.48,0.544,20,13,OFF
1790497996.588283,6,576,1,ewma,6,1,,0.9933,0.9925,0.744,0.48,21,12,OFF
1790497999.5422535,2,567,0,ewma,6,1,,0.9938,0.9933,0.5338,0.48,22,12,OFF
1790498001.490682,10,574,1,ewma,6,1,,0.9932,0.9926,0.544,0.4,22,12,OFF
1790498001.7334368,8,579,1,ewma,6,1,,0.9944,0.9944,0.6672,0.4,23,12,OFF
1790498002.720306,3,564,1,ewma,6,1,,0.9944,0.9925,0.6,0.4,24,12,OFF
1790498005.8714871,1,573,1,ewma,6,1,,0.9883,0.9855,0.4,0.3482,25,12,ON
1790498006.4077249,9,579,1,ewma,6,2,,0.9933,0.9925,0.4762,0.5,25,13,ON
1790498007.5460997,5,576,0,ewma,6,2,,0.9932,0.9942,0.32,0.3246,25,14,ON
1790498014.5503955,7,578,0,ewma,6,2,,0.9941,0.0,0.48,0.6352,22,14,OFF
1790498016.8543773,3,565,1,ewma,6,1,,0.9938,0.9925,0.68,0.4,23,14,OFF
1790498018.5910904,5,577,1,ewma,6,1,,0.9942,0.9933,0.32,0.2597,23,13,OFF
1790498020.0378294,9,580,1,ewma,6,2,,0.9932,0.9925,0.4762,0.6,23,14,OFF
1790498020.5369685,1,574,1,ewma,6,2,,0.9938,0.9938,0.32,0.3482,23,15,OFF
1790498024.4246933,7,579,1,ewma,6,2,,0.2849,0.0,0.48,0.5082,21,16,OFF
1790498025.249522,4,504,1,ewma,6,2,,0.9925,0.9932,0.4,0.48,21,16,OFF
1790498026.3721173,2,569,1,ewma,6,1,,0.9942,0.9925,0.5338,0.48,22,16,OFF
1790498029.5274918,3,566,1,ewma,6,1,,0.994,0.9942,0.744,0.4,22,14,OFF
1790498029.5589895,6,578,0,ewma,6,1,,0.9925,0.9925,0.744,0.48,23,14,OFF
1790498030.081835,10,576,1,ewma,6,1,,0.0145,0.9923,0.544,0.4,24,14,OFF
1790498032.108036,8,581,1,ewma,6,1,,0.9933,0.9933,0.6672,0.4,24,13,OFF
1790498032.9262497,5,578,1,ewma,6,1,,0.9933,0.9926,0.456,0.2597,24,13,OFF
1790498033.5481658,1,575,1,ewma,6,2,,0.9938,0.9925,0.32,0.4785,24,14,OFF
1790498035.1888185,9,581,1,ewma,6,2,,0.9902,0.9914,0.4762,0.48,23,15,OFF
1790498038.3393018,7,580,1,ewma,6,2,,0.9933,0.9937,0.48,0.6065,22,16,OFF
1790498038.8829734,6,579,1,ewma,6,1,,0.002,0.9767,0.5952,0.48,23,16,OFF
1790498039.5108373,4,505,1,ewma,6,2,,0.9915,0.9925,0.4,0.584,23,17,OFF
1790498039.8889554,2,570,1,ewma,6,1,,0.9938,0.9925,0.627,0.48,24,16,OFF
1790498044.0145307,10,577,1,ewma,6,1,,0.9915,0.9938,0.6352,0.4,21,15,OFF
1790498044.8374112,3,567,1,ewma,6,1,,0.9941,0.9925,0.5952,0.4,22,15,OFF
1790498046.5486014,5,579,1,ewma,6,1,,0.0008,0.0002,0.5648,0.2597,22,14,ON
1790498047.100783,8,582,1,ewma,6,1,,0.9942,0.9916,0.5338,0.4,23,14,ON
1790498055.5735443,1,576,0,ewma,6,2,,0.9262,0.9603,0.32,0.3828,20,12,ON
1790498057.5761096,7,581,0,ewma,6,2,,0.0008,0.0005,0.48,0.6852,19,13,ON
1790498057.5770376,4,506,0,ewma,6,2,,0.0,0.0,0.4,0.6672,19,14,ON
1790498064.58162,10,578,0,ewma,6,1,,0.0,0.4912,0.7082,0.4,16,14,ON
1790498068.5853822,5,580,0,ewma,6,1,,0.0,0.0,0.4518,0.2597,16,12,OFF
1790498071.5881503,9,583,0,ewma,6,2,,0.9914,0.9914,0.4762,0.48,16,13,OFF
1790498073.5662384,10,579,1,ewma,6,1,,0.9932,0.9942,0.5665,0.4,17,13,OFF
1790498073.5897655,6,581,0,ewma,6,1,,0.0,0.0,0.5952,0.48,18,13,OFF
1790498074.2990496,3,569,1,ewma,6,1,,0.9942,0.9915,0.5952,0.4,19,13,OFF
1790498077.9936936,8,584,1,ewma,6,1,,0.9941,0.9931,0.5338,0.4,19,12,OFF
1790498079.110774,5,581,1,ewma,6,1,,0.9942,0.9926,0.3615,0.2597,19,12,OFF
1790498081.5728393,9,584,1,ewma,6,1,,0.9915,0.9933,0.4762,0.384,20,10,OFF
1790498082.7165773,6,582,1,ewma,6,2,,0.9578,0.8804,0.4762,0.48,20,11,OFF
1790498082.8956232,1,578,1,ewma,6,2,,0.9938,0.9901,0.32,0.3828,20,12,OFF
1790498083.636805,4,508,1,ewma,6,2,,0.9937,0.9914,0.4,0.6672,20,13,OFF
1790498085.1391864,2,573,1,ewma,6,1,,0.9944,0.9943,0.627,0.48,21,12,OFF
1790498087.09387,10,580,1,ewma,6,1,,0.9926,0.9939,0.6532,0.4,21,11,OFF
1790498087.596759,7,583,0,ewma,6,2,,0.8336,0.8333,0.48,0.6852,21,12,OFF
1790498087.7294848,3,570,1,ewma,6,1,,0.9942,0.9926,0.6762,0.4,22,12,OFF
1790498092.1021016,8,585,1,ewma,6,1,,0.9944,0.9936,0.627,0.4,20,12,OFF
1790498094.9140341,5,582,1,ewma,6,1,,0.9938,0.9924,0.2892,0.2597,19,11,OFF
1790498096.3098872,1,579,1,ewma,6,2,,0.9926,0.9915,0.32,0.5063,19,11,OFF
1790498097.3272054,6,583,1,ewma,6,2,,0.9925,0.9915,0.4762,0.584,19,12,OFF
1790498097.6555967,2,574,1,ewma,6,1,,0.0,0.0034,0.7016,0.48,20,12,OFF
1790498098.7889252,7,584,1,ewma,6,2,,0.988,0.9925,0.48,0.5482,20,12,OFF
1790498100.8169873,3,571,1,ewma,6,1,,0.99,0.99,0.7409,0.4,19,11,OFF
1790498101.2278464,10,581,1,ewma,6,1,,0.9881,0.9875,0.7226,0.4,20,11,OFF
1790498103.6069005,9,585,0,ewma,6,2,,0.9915,0.9915,0.3809,0.384,20,12,OFF
1790498103.6076484,4,509,0,ewma,6,2,,0.9883,0.99,0.4,0.5338,20,13,OFF
1790498105.9580586,8,586,1,ewma,6,1,,0.9933,0.99,0.7016,0.4,19,13,OFF
1790498108.8297615,5,583,1,ewma,6,1,,0.9942,0.9932,0.4313,0.2597,18,13,OFF
1790498109.837309,1,580,1,ewma,6,2,,0.9942,0.9931,0.32,0.605,18,14,OFF
1790498111.7900665,6,584,1,ewma,6,2,,0.9926,0.9882,0.4762,0.6672,18,15,ON
1790498112.7293894,2,575,1,ewma,6,1,,0.9873,0.0,0.5613,0.48,19,15,ON
1790498118.6350472,7,585,0,ewma,6,2,,0.9931,0.9925,0.48,0.6385,19,13,ON
1790498119.6375535,9,586,0,ewma,6,1,,0.0,0.0,0.3809,0.3072,20,13,ON
1790498120.6395059,3,572,0,ewma,6,1,,0.0081,0.0001,0.7927,0.4,21,13,ON
1790498126.6442344,5,584,0,ewma,6,1,,0.0,0.0,0.5451,0.2597,21,13,OFF
1790498129.8208292,9,587,1,ewma,6,2,,0.9925,0.9925,0.3047,0.3072,20,14,OFF
1790498130.6243255,4,511,1,ewma,6,2,,0.0,0.9893,0.4,0.5338,20,15,OFF
1790498130.9224923,3,573,1,ewma,6,1,,0.9938,0.9925,0.6342,0.4,21,15,OFF
1790498131.4376357,10,583,1,ewma,6,1,,0.9932,0.9925,0.7226,0.4,22,15,OFF
1790498133.6635175,6,585,0,ewma,6,2,,0.9821,0.9923,0.4762,0.5338,20,15,OFF
1790498136.755986,8,588,1,ewma,6,1,,0.9944,0.9943,0.7016,0.4,20,15,OFF
1790498137.5626957,5,585,1,ewma,6,1,,0.9933,0.9924,0.4361,0.2597,21,15,OFF
1790498138.587666,1,582,1,ewma,6,2,,0.9933,0.9932,0.32,0.605,20,16,OFF
1790498140.2520242,2,577,1,ewma,6,1,,0.9938,0.9925,0.5613,0.48,20,16,OFF
1790498143.8217256,6,586,1,ewma,6,1,,0.9375,0.0,0.4762,0.427,20,13,OFF
1790498144.442204,10,584,1,ewma,6,1,,0.9915,0.9915,0.7781,0.4,21,13,OFF
1790498145.056216,3,574,1,ewma,6,1,,0.9938,0.9915,0.7074,0.4,22,13,OFF
1790498148.672378,4,512,0,ewma,6,2,,0.8073,0.988,0.4,0.627,19,13,OFF
1790498148.6730368,9,588,0,ewma,6,2,,0.9856,0.9925,0.3047,0.4458,19,14,OFF
1790498150.5211573,8,589,1,ewma,6,1,,0.9942,0.9932,0.7613,0.4,20,14,OFF
1790498151.0872545,5,586,1,ewma,6,1,,0.9914,0.9932,0.5488,0.2597,21,14,OFF
1790498151.5011456,1,583,1,ewma,6,2,,0.9938,0.9914,0.32,0.684,21,15,OFF
1790498155.821256,2,578,1,ewma,6,2,,0.9939,0.9915,0.449,0.48,19,16,OFF
1790498158.2004569,3,575,1,ewma,6,1,,0.9941,0.9923,0.7659,0.4,19,14,OFF
1790498158.7914002,7,588,1,ewma,6,2,,0.0,0.9804,0.48,0.6385,19,14,OFF
1790498162.6820138,6,587,0,ewma,6,1,,0.9932,0.9853,0.5809,0.427,18,14,OFF
1790498162.6830668,10,585,0,ewma,6,1,,0.9925,0.9941,0.8224,0.4,19,14,OFF
1790498163.6124952,8,590,1,ewma,6,1,,0.9925,0.9925,0.809,0.4,20,12,OFF
1790498163.6848583,9,589,0,ewma,6,2,,0.9915,0.9899,0.3047,0.3566,20,13,OFF
1790498165.4700625,5,587,1,ewma,6,1,,0.9926,0.9942,0.6391,0.2597,21,13,OFF
1790498165.856026,1,584,1,ewma,6,2,,0.9936,0.9926,0.32,0.7472,21,14,OFF
1790498207.2234821,4,516,1,random,6,2,,0.9902,0.9901,nan,nan,0,1,OFF
1790498208.8363895,5,590,1,random,6,2,,0.9933,0.9932,nan,nan,0,2,OFF
1790498209.2712865,8,593,1,random,6,2,,0.9941,0.9933,nan,nan,0,3,OFF
1790498210.7045584,1,587,1,random,6,1,,0.9942,0.9914,nan,nan,1,3,OFF
1790498218.172365,2,582,1,random,6,1,,0.9938,0.9901,nan,nan,2,3,OFF
1790498218.6176486,3,579,1,random,6,2,,0.9938,0.9915,nan,nan,2,4,OFF
1790498219.329022,10,589,1,random,6,2,,0.4891,0.9705,nan,nan,2,5,OFF
1790498220.3339543,6,591,1,random,6,2,,0.9932,0.9899,nan,nan,2,6,ON
1790498221.264371,9,593,1,random,6,2,,0.9914,0.9938,nan,nan,2,7,ON
1790498221.6394615,7,592,1,random,6,1,,0.9,0.0173,nan,nan,3,7,ON
1790498222.0726044,8,594,1,random,6,1,,0.9937,0.9926,nan,nan,4,7,ON
1790498225.1559317,4,517,0,random,6,1,,0.0,0.0,nan,nan,5,7,ON
1790498237.5218964,9,594,1,random,6,2,,0.9925,0.9938,nan,nan,5,8,OFF
1790498238.0368042,8,595,1,random,6,2,,0.0,0.0,nan,nan,5,9,OFF
1790498239.980146,1,589,1,random,6,2,,0.9926,0.9881,nan,nan,5,10,OFF
1790498244.1604223,5,592,0,random,6,1,,0.9926,0.9915,nan,nan,6,10,OFF
1790498247.3573008,2,584,1,random,6,1,,0.9938,0.9915,nan,nan,7,10,OFF
1790498249.2990956,10,591,1,random,6,1,,0.9925,0.9943,nan,nan,8,10,OFF
1790498250.035118,4,519,1,random,6,1,,0.0,0.0,nan,nan,9,10,OFF
1790498250.5283272,6,593,1,random,6,1,,0.9925,0.9915,nan,nan,10,10,OFF
1790498250.8387895,8,596,1,random,6,1,,0.9915,0.9923,nan,nan,11,10,OFF
1790498251.371663,9,595,1,random,6,1,,0.9882,0.9914,nan,nan,12,10,OFF
1790498251.671645,7,594,1,random,6,2,,0.99,0.9925,nan,nan,12,11,OFF
1790498259.1645222,1,590,0,random,6,1,,0.9941,0.9936,nan,nan,13,11,OFF
1790498262.631925,2,585,1,random,6,2,,0.9943,0.9926,nan,nan,13,12,OFF
1790498263.1448443,10,592,1,random,6,1,,0.989,0.9938,nan,nan,14,12,OFF
1790498263.9686964,6,594,1,random,6,2,,0.9933,0.9925,nan,nan,14,13,OFF
1790498265.0729043,8,597,1,random,6,2,,0.993,0.9936,nan,nan,14,14,OFF
1790498266.0960126,3,582,1,random,6,2,,0.0,0.0,nan,nan,14,15,OFF
1790498267.767235,7,595,1,random,6,1,,0.9915,0.9915,nan,nan,15,14,OFF
1790498269.6151466,1,591,1,random,6,2,,0.0,0.0,nan,nan,15,13,OFF
1790498270.167767,9,596,0,random,6,1,,0.9932,0.9942,nan,nan,16,13,OFF
1790498272.1699364,4,520,0,random,6,1,,0.8535,0.8073,nan,nan,16,13,OFF
1790498276.6846375,10,593,1,random,6,2,,0.9938,0.9942,nan,nan,16,14,OFF
1790498278.5194812,6,595,1,random,6,1,,0.9925,0.9914,nan,nan,16,14,OFF
1790498278.8112094,8,598,1,random,6,1,,0.9933,0.9901,nan,nan,17,13,OFF
1790498279.5346606,3,583,1,random,6,2,,0.9942,0.9933,nan,nan,17,13,OFF
1790498279.8101888,9,597,1,random,6,1,,0.9937,0.9916,nan,nan,18,13,OFF
1790498282.3994288,7,596,1,random,6,1,,0.9857,0.9925,nan,nan,17,11,OFF
1790498283.1787195,2,586,0,random,6,2,,0.9939,0.9938,nan,nan,17,12,OFF
1790498283.5011299,1,592,1,random,6,2,,0.9942,0.994,nan,nan,17,13,OFF
1790498286.181783,5,595,1,random,6,2,,0.9933,0.9901,nan,nan,16,14,OFF
1790498287.1831422,4,521,0,random,6,1,,0.9853,0.8073,nan,nan,17,14,ON
1790498298.187508,6,596,0,random,6,1,,0.0,0.0,nan,nan,18,12,ON
1790498300.1897771,8,599,0,random,6,1,,0.8968,0.7923,nan,nan,19,11,OFF
1790498306.1926923,5,596,0,random,6,1,,0.0082,0.002,nan,nan,19,11,OFF
1790498307.976689,10,595,1,random,6,1,,0.9931,0.0,nan,nan,19,11,OFF
1790498308.493698,3,585,1,random,6,2,,0.9939,0.9933,nan,nan,19,12,OFF
1790498309.0194364,6,597,1,random,6,2,,0.9937,0.9923,nan,nan,19,13,OFF
1790498310.0424676,9,599,1,random,6,2,,0.9872,0.9898,nan,nan,17,14,OFF
1790498310.9537294,7,598,1,random,6,1,,0.9938,0.9923,nan,nan,16,14,OFF
1790498312.589019,1,594,1,random,6,2,,0.9938,0.9924,nan,nan,15,14,OFF
1790498315.1991813,2,588,0,random,6,1,,0.9916,0.9933,nan,nan,16,14,OFF
1790498315.485528,5,597,1,random,6,1,,0.9938,0.9925,nan,nan,17,14,OFF
1790498321.5019343,10,596,1,random,6,1,,0.9932,0.9944,nan,nan,17,14,OFF
1790498322.4137323,3,586,1,random,6,1,,0.9942,0.9925,nan,nan,18,14,OFF
1790498324.1544356,6,598,1,random,6,2,,0.9916,0.9897,nan,nan,17,13,OFF
1790498325.4877841,2,589,1,random,6,2,,0.0,0.0148,nan,nan,17,13,OFF
1790498325.9994912,1,595,1,random,6,1,,0.9942,0.9924,nan,nan,18,13,OFF
1790498328.2859063,4,524,1,random,6,2,,0.9914,0.9933,nan,nan,17,13,OFF
1790498329.2043567,7,599,0,random,6,1,,0.9923,0.994,nan,nan,18,13,OFF
1790498330.0905948,5,598,1,random,6,1,,0.9942,0.9941,nan,nan,19,12,OFF
1790498330.2052357,8,601,0,random,6,2,,0.0,0.7923,nan,nan,18,13,OFF
1790498336.7515779,6,599,1,random,6,1,,0.9914,0.9925,nan,nan,18,12,ON
1790498344.2115548,2,590,0,random,6,1,,0.0,0.0,nan,nan,15,9,ON
1790498345.2132585,7,600,0,random,6,1,,0.0,0.9926,nan,nan,16,9,ON
1790498346.2152512,8,602,0,random,6,2,,0.0,0.0,nan,nan,16,9,ON
1790498347.2171016,4,525,0,random,6,1,,0.0,0.0,nan,nan,16,9,ON
1790498349.2195938,5,599,0,random,6,1,,0.2051,0.2533,nan,nan,17,9,ON
1790498358.2241356,6,600,0,random,6,2,,0.0,0.0,nan,nan,16,10,OFF
1790498359.2262795,1,597,0,random,6,2,,0.1392,0.0002,nan,nan,16,11,OFF
1790498359.888617,5,600,1,random,6,2,,0.9938,0.9925,nan,nan,16,12,OFF
1790498367.3777902,3,589,1,random,6,1,,0.9938,0.9914,nan,nan,15,12,OFF
1790498368.9291654,10,599,1,random,6,2,,0.0,0.0,nan,nan,14,12,OFF
1790498369.5201242,1,598,1,random,6,1,,0.9937,0.9896,nan,nan,15,11,OFF
1790498371.0630136,7,602,1,random,6,1,,0.9908,0.0124,nan,nan,15,10,OFF
1790498371.3705306,8,604,1,random,6,1,,0.9939,0.9937,nan,nan,16,10,OFF
1790498372.387477,9,603,1,random,6,2,,0.9933,0.9915,nan,nan,16,11,OFF
1790498373.231997,2,592,0,random,6,2,,0.8887,0.8535,nan,nan,16,11,OFF
1790498373.7383976,5,601,1,random,6,1,,0.9942,0.9914,nan,nan,17,11,OFF
1790498374.2260199,4,527,1,random,6,1,,0.9925,0.99,nan,nan,18,11,OFF
1790498374.2333086,6,601,0,random,6,2,,0.8804,0.8887,nan,nan,18,12,OFF
1790498388.239262,3,590,0,random,6,2,,0.9938,0.6075,nan,nan,13,11,OFF
1790498390.2417922,7,603,0,random,6,2,,0.0,0.0,nan,nan,11,10,OFF
1790498391.2438798,9,604,0,random,6,1,,0.0,0.0,nan,nan,12,10,OFF
1790498393.246192,5,602,0,random,6,2,,0.9933,0.0,nan,nan,12,11,OFF
1790498396.5537539,10,601,1,random,6,2,,0.9929,0.9941,nan,nan,12,12,OFF
1790498397.2636063,3,591,1,random,6,2,,0.9938,0.9915,nan,nan,11,13,OFF
1790498398.1887918,2,594,1,random,6,2,,0.9933,0.6074,nan,nan,11,14,OFF
1790498398.590479,1,600,1,random,6,1,,0.9933,0.9914,nan,nan,12,14,OFF
1790498399.3399572,6,603,1,random,6,2,,0.9916,0.9926,nan,nan,12,15,OFF
1790498400.360315,8,606,1,random,6,2,,0.9846,0.9937,nan,nan,12,16,OFF
1790498400.4527998,7,604,1,random,6,2,,0.0,0.3028,nan,nan,12,17,OFF
1790498401.1621778,9,605,1,random,6,1,,0.9933,0.9925,nan,nan,13,17,OFF
1790498402.294292,4,529,1,random,6,2,,0.9916,0.9926,nan,nan,13,18,OFF
1790498404.1286993,5,603,1,random,6,1,,0.9939,0.9926,nan,nan,14,18,OFF
1790498410.0053735,10,602,1,random,6,1,,0.9925,0.9942,nan,nan,11,17,OFF
1790498410.990973,2,595,1,random,6,1,,0.9944,0.9925,nan,nan,12,17,OFF
1790498412.2233856,3,592,1,random,6,1,,0.9933,0.9915,nan,nan,13,17,OFF
1790498412.9666793,6,604,1,random,6,1,,0.9925,0.9925,nan,nan,14,17,OFF
1790498413.0382023,1,601,1,random,6,2,,0.0,0.0,nan,nan,14,18,OFF
1790498414.8664315,9,606,1,random,6,1,,0.9931,0.9938,nan,nan,15,18,OFF
1790498415.1697946,7,605,1,random,6,1,,0.9916,0.9927,nan,nan,16,18,OFF
1790498416.7142992,4,530,1,random,6,1,,0.9932,0.9937,nan,nan,17,18,OFF
1790498417.6324487,5,604,1,random,6,2,,0.9939,0.9915,nan,nan,17,19,OFF
1790498419.2732184,8,607,0,random,6,2,,0.9942,0.9933,nan,nan,17,18,OFF
1790498423.90619,2,596,1,random,6,2,,0.9942,0.9925,nan,nan,17,18,OFF
1790498425.3237152,10,603,1,random,6,1,,0.9925,0.9943,nan,nan,18,18,OFF
1790498426.3416572,3,593,1,random,6,1,,0.9938,0.9914,nan,nan,19,18,OFF
1790498427.0488725,6,605,1,random,6,2,,0.9933,0.9932,nan,nan,19,19,OFF
1790498427.7072968,1,602,1,random,6,2,,0.9938,0.9915,nan,nan,18,20,ON
1790498429.3275697,7,606,1,random,6,2,,0.9855,0.0322,nan,nan,18,20,ON
1790498429.8688848,8,608,1,random,6,1,,0.9938,0.9925,nan,nan,18,20,ON
1790498434.2898452,9,607,0,random,6,2,,0.9925,0.9925,nan,nan,14,18,ON
1790498438.2931907,4,531,0,random,6,2,,0.4675,0.6192,nan,nan,14,19,OFF
1790498441.32101,6,606,1,random,6,2,,0.9932,0.9925,nan,nan,14,20,OFF
1790498443.472997,1,603,1,random,6,1,,0.9933,0.9915,nan,nan,15,20,OFF
1790498445.2254539,8,609,1,random,6,2,,0.9938,0.9915,nan,nan,15,21,OFF
1790498446.0168638,5,606,1,random,6,2,,0.9933,0.9925,nan,nan,15,22,OFF
1790498448.1594229,4,532,1,random,6,1,,0.9901,0.9925,nan,nan,16,22,OFF
1790498450.2999372,7,607,0,random,6,2,,0.9767,0.8793,nan,nan,16,21,OFF
1790498450.3007789,9,608,0,random,6,2,,0.988,0.777,nan,nan,16,22,OFF
1790498454.649381,10,605,1,random,6,1,,0.9937,0.9937,nan,nan,16,21,OFF
1790498456.9672244,1,604,1,random,6,2,,0.9933,0.9925,nan,nan,16,21,OFF
1790498457.3998082,6,607,1,random,6,1,,0.9924,0.9912,nan,nan,17,20,OFF
1790498459.1278949,8,610,1,random,6,2,,0.9942,0.9925,nan,nan,16,20,OFF
1790498459.3068285,2,598,0,random,6,2,,0.9855,0.989,nan,nan,16,21,OFF
1790498459.8610058,9,609,1,random,6,1,,0.9932,0.9938,nan,nan,17,20,OFF
1790498460.3085518,3,595,0,random,6,1,,0.8692,0.0008,nan,nan,18,20,OFF
1790498460.5542154,7,608,1,random,6,1,,0.9767,0.3745,nan,nan,19,18,OFF
1790498460.5549562,5,607,1,random,6,2,,0.5375,0.9925,nan,nan,19,19,OFF
1790498462.900453,4,533,1,random,6,1,,0.9925,0.993,nan,nan,19,18,OFF
1790498468.065477,10,606,1,random,6,1,,0.9915,0.9942,nan,nan,19,18,OFF
1790498469.4996552,3,596,1,random,6,1,,0.9942,0.9924,nan,nan,20,18,OFF
1790498470.0081284,6,608,1,random,6,1,,0.9914,0.9915,nan,nan,20,18,OFF
1790498470.5856917,2,599,1,random,6,1,,0.9938,0.9941,nan,nan,21,18,OFF
1790498472.0171556,8,611,1,random,6,1,,0.9939,0.9938,nan,nan,21,18,OFF
1790498475.1960356,7,609,1,random,6,1,,0.9901,0.9915,nan,nan,18,17,OFF
1790498476.413833,5,608,1,random,6,1,,0.9943,0.9931,nan,nan,19,17,OFF
1790498478.3191276,1,605,0,random,6,2,,0.9883,0.9915,nan,nan,18,17,OFF
1790498478.320113,9,610,0,random,6,2,,0.0,0.0,nan,nan,18,18,OFF
1790498478.8769941,4,534,1,random,6,2,,0.9901,0.9899,nan,nan,18,19,OFF
1790498482.6889658,6,609,1,random,6,1,,0.9916,0.9915,nan,nan,19,18,OFF
1790498483.4132779,2,600,1,random,6,2,,0.9942,0.9925,nan,nan,19,19,OFF
1790498484.6496685,8,612,1,random,6,1,,0.9943,0.9932,nan,nan,20,18,ON
1790498485.2587106,3,597,1,random,6,1,,0.9942,0.9925,nan,nan,21,18,ON
1790498487.326435,10,607,0,random,6,1,,0.8535,0.9901,nan,nan,20,17,ON
1790498493.3313777,1,606,0,random,6,1,,0.0,0.9915,nan,nan,20,15,ON
1790498494.3331509,9,611,0,random,6,2,,0.0029,0.4675,nan,nan,20,15,ON
1790498545.805568,4,538,0,state-aware,6,2,,0.8407,0.9,0.8407,0.9,0,1,ON
1790498551.808242,2,604,0,state-aware,6,1,,0.0532,0.0,0.0532,0.0,1,1,OFF
1790498552.8099566,8,616,0,state-aware,6,2,,0.0092,0.0187,0.0092,0.0187,1,2,OFF
1790498554.8873003,5,613,1,state-aware,6,2,,0.9925,0.9938,0.9925,0.9938,1,3,OFF
1790498554.8879907,4,539,1,state-aware,6,1,,0.9871,0.9925,0.9871,0.8938,2,3,OFF
1790498559.7794204,6,614,1,state-aware,6,1,,0.9915,0.9901,0.9915,0.9901,3,3,OFF
1790498561.5297196,10,612,1,state-aware,6,2,,0.9916,0.9926,0.9916,0.9926,3,4,OFF
1790498562.7500508,2,605,1,state-aware,6,2,,0.9942,0.9923,0.8952,0.9923,3,5,OFF
1790498563.5686092,3,602,1,state-aware,6,1,,0.9944,0.9931,0.9944,0.9931,4,5,OFF
1790498566.127793,7,615,1,state-aware,6,1,,0.9925,0.9919,0.9925,0.9919,5,5,OFF
1790498567.0570438,9,616,1,state-aware,6,2,,0.926,0.9465,0.926,0.9465,5,6,OFF
1790498567.6600394,1,611,1,state-aware,6,1,,0.9942,0.9932,0.9942,0.9932,6,6,OFF
1790498568.8140516,8,617,0,state-aware,6,2,,0.0008,0.0,0.0008,0.0667,6,7,OFF
1790498569.6096249,4,540,1,state-aware,6,1,,0.9933,0.9899,0.9277,0.8916,7,7,OFF
1790498570.2446392,5,614,1,state-aware,6,1,,0.9937,0.9942,0.9937,0.8951,8,7,OFF
1790498574.1149693,10,613,1,state-aware,6,1,,0.9938,0.9942,0.9938,0.9285,9,7,OFF
1790498574.654251,6,615,1,state-aware,6,2,,0.9925,0.9938,0.8938,0.9938,9,8,OFF
1790498577.184614,3,603,1,state-aware,6,2,,0.9938,0.9933,0.9282,0.9933,9,9,OFF
1790498578.1357024,8,618,1,state-aware,6,1,,0.9936,0.9924,0.9936,0.8003,10,9,OFF
1790498578.4182205,2,606,1,state-aware,6,1,,0.9941,0.9925,0.8951,0.8937,11,9,OFF
1790498580.6982846,7,616,1,state-aware,6,2,,0.9915,0.9916,0.9263,0.9916,11,10,OFF
1790498581.989357,1,612,1,state-aware,6,2,,0.9933,0.9883,0.9278,0.9883,11,11,OFF
1790498583.2300599,9,617,1,state-aware,6,1,,0.9925,0.9925,0.9925,0.8938,12,11,OFF
1790498584.1728663,4,541,1,state-aware,6,1,,0.9932,0.9879,0.9037,0.8899,13,11,OFF
1790498584.6607757,5,615,1,state-aware,6,1,,0.9925,0.9938,0.9271,0.8949,14,11,OFF
1790498587.5512788,6,616,1,state-aware,6,2,,0.9925,0.9914,0.8937,0.9262,14,12,OFF
1790498588.3830264,10,614,1,state-aware,6,2,,0.9914,0.9926,0.9262,0.9271,14,13,OFF
1790498591.1450534,8,619,1,state-aware,6,1,,0.9926,0.9939,0.9272,0.8013,15,13,OFF
1790498592.1397793,2,607,1,state-aware,6,2,,0.9941,0.9932,0.8587,0.8943,15,14,OFF
1790498592.64448,3,604,1,state-aware,6,1,,0.9925,0.9915,0.9271,0.8929,16,14,OFF
1790498595.9401875,1,613,1,state-aware,6,2,,0.7141,0.9937,0.6951,0.9281,16,15,OFF
1790498596.1288242,7,617,1,state-aware,6,1,,0.9923,0.9932,0.9269,0.8943,17,15,OFF
1790498597.5673656,5,616,1,state-aware,6,1,,0.9883,0.9915,0.9002,0.8929,18,15,ON
1790498598.0903082,9,618,1,state-aware,6,2,,0.0062,0.0904,0.1051,0.142,18,16,ON
1790498607.8250918,6,617,0,state-aware,6,1,,0.9925,0.9932,0.8937,0.8466,19,15,ON
1790498617.6405358,10,616,1,state-aware,6,2,,0.9901,0.9933,0.9251,0.9277,17,14,OFF
1790498618.2839966,6,618,1,state-aware,6,2,,0.9938,0.9914,0.8013,0.8453,17,15,OFF
1790498620.6429207,2,609,1,state-aware,6,2,,0.9942,0.9942,0.8587,0.8951,16,16,OFF
1790498621.7351959,8,621,1,state-aware,6,1,,0.9925,0.9938,0.9271,0.8013,17,15,OFF
1790498622.6572537,3,606,1,state-aware,6,1,,0.9938,0.9932,0.9282,0.8943,18,15,OFF
1790498624.592198,1,615,1,state-aware,6,2,,0.7777,0.9914,0.7481,0.9261,17,15,OFF
1790498624.8124537,7,619,1,state-aware,6,1,,0.9861,0.9865,0.9218,0.8888,18,15,OFF
1790498626.4544275,5,618,1,state-aware,6,1,,0.9915,0.9925,0.9025,0.8938,18,15,OFF
1790498628.5934155,9,620,1,state-aware,6,1,,0.9932,0.9937,0.9277,0.8948,18,14,OFF
1790498630.0475469,4,544,1,state-aware,6,1,,0.9938,0.99,0.9041,0.8917,18,13,OFF
1790498632.1854236,10,617,1,state-aware,6,1,,0.9925,0.9933,0.9271,0.9038,18,13,OFF
1790498633.822774,6,619,1,state-aware,6,1,,0.9932,0.9925,0.8009,0.7643,19,13,OFF
1790498634.9425793,2,610,1,state-aware,6,2,,0.0016,0.9687,0.1497,0.8405,18,13,OFF
1790498635.9762383,3,607,1,state-aware,6,1,,0.9938,0.9938,0.9042,0.8948,19,13,OFF
1790498638.3588102,1,616,1,state-aware,6,1,,0.9938,0.9938,0.9282,0.9041,19,12,OFF
1790498639.0712206,7,620,1,state-aware,6,1,,0.9914,0.9899,0.9024,0.8916,19,12,OFF
1790498640.5714786,5,619,1,state-aware,6,1,,0.9938,0.9938,0.9001,0.8948,20,12,OFF
1790498642.7322242,9,621,1,state-aware,6,1,,0.9933,0.9938,0.9038,0.8948,21,10,OFF
1790498645.1942694,4,545,1,state-aware,6,2,,0.9914,0.99,0.8236,0.8917,18,11,OFF
1790498646.3062294,10,618,1,state-aware,6,2,,0.9916,0.9933,0.9026,0.9038,18,12,OFF
1790498648.368048,6,620,1,state-aware,6,1,,0.9943,0.9933,0.7924,0.7648,19,11,OFF
1790498649.8177462,3,608,1,state-aware,6,1,,0.9938,0.9932,0.9001,0.8943,20,10,OFF
1790498650.3269153,8,623,1,state-aware,6,2,,0.0719,0.7163,0.16,0.6031,20,11,OFF
1790498651.7679732,7,621,1,state-aware,6,1,,0.9915,0.9926,0.8987,0.8938,20,11,OFF
1790498652.1930108,1,617,1,state-aware,6,1,,0.9933,0.9901,0.9038,0.9015,21,10,OFF
1790498655.2395616,5,620,1,state-aware,6,1,,0.9937,0.9933,0.9055,0.8944,21,10,OFF
1790498655.6123781,9,622,1,state-aware,6,1,,0.9912,0.9896,0.8985,0.8914,22,10,OFF
1790498655.85946,2,611,0,state-aware,6,1,,0.9891,0.9932,0.8551,0.7767,23,10,OFF
1790498660.232028,4,546,1,state-aware,6,1,,0.9883,0.99,0.8217,0.7986,22,8,OFF
1790498660.5386984,10,619,1,state-aware,6,1,,0.9925,0.9942,0.9032,0.9003,23,8,OFF
1790498661.1587195,6,621,1,state-aware,6,1,,0.9938,0.9915,0.8032,0.7637,24,8,OFF
1790498663.7325168,3,609,1,state-aware,6,1,,0.9938,0.9933,0.9056,0.8944,25,8,OFF
1790498665.3415856,8,624,1,state-aware,6,2,,0.3018,0.7163,0.3515,0.5437,25,9,OFF
1790498667.4090173,1,618,1,state-aware,6,2,,0.9942,0.9925,0.8253,0.9032,25,10,OFF
1790498668.4625912,5,621,1,state-aware,6,1,,0.9942,0.9925,0.9152,0.8938,25,10,OFF
1790498670.0639431,9,623,1,state-aware,6,1,,0.9925,0.9938,0.9048,0.8948,26,10,OFF
1790498680.8685253,6,622,0,state-aware,6,1,,0.0,0.0,0.3259,0.144,27,7,ON
1790498681.8703563,4,547,0,state-aware,6,1,,0.0016,0.0,0.1943,0.0914,27,7,OFF
1790498681.871093,3,610,0,state-aware,6,1,,0.0,0.0,0.4181,0.0667,28,7,OFF
1790498685.874274,2,613,0,state-aware,6,2,,0.0029,0.0054,0.1507,0.1594,26,7,OFF
1790498686.1415973,9,624,1,state-aware,6,2,,0.9924,0.9941,0.8143,0.8951,26,8,OFF
1790498686.8760412,8,625,0,state-aware,6,1,,0.0,0.0,0.1,0.091,26,8,OFF
1790498689.8193796,10,621,1,state-aware,6,1,,0.9925,0.9938,0.9032,0.9001,26,8,OFF
1790498690.6773975,6,623,1,state-aware,6,2,,0.9941,0.9925,0.7363,0.7643,25,9,OFF
1790498691.8080091,4,548,1,state-aware,6,1,,0.0,0.0,0.1741,0.0914,26,9,OFF
1790498695.6657681,2,614,1,state-aware,6,1,,0.9938,0.9925,0.8585,0.6993,25,8,OFF
1790498696.402189,1,620,1,state-aware,6,2,,0.9938,0.9932,0.8251,0.9037,24,9,OFF
1790498697.4011877,8,626,1,state-aware,6,1,,0.9933,0.9925,0.8466,0.6424,25,9,OFF
1790498697.8816886,3,611,0,state-aware,6,2,,0.9885,0.9853,0.8142,0.8877,25,10,OFF
1790498698.12309,7,624,1,state-aware,6,1,,0.9914,0.993,0.8986,0.8941,26,10,OFF
1790498698.8329945,5,623,1,state-aware,6,1,,0.9926,0.9932,0.9144,0.8944,26,10,OFF
1790498701.2969813,9,625,1,state-aware,6,1,,0.9933,0.9915,0.8147,0.7996,25,10,OFF
1790498704.269854,10,622,1,state-aware,6,2,,0.9915,0.9933,0.8987,0.8998,24,11,OFF
1790498706.1400955,6,624,1,state-aware,6,1,,0.9926,0.9925,0.7356,0.6879,25,10,OFF
1790498707.1671343,3,612,1,state-aware,6,1,,0.9933,0.9933,0.8164,0.8009,26,9,OFF
1790498708.256407,4,549,1,state-aware,6,2,,0.9933,0.9913,0.6034,0.7995,26,10,OFF
1790498708.8711598,1,621,1,state-aware,6,2,,0.9938,0.9933,0.8251,0.8998,25,11,OFF
1790498711.1326327,8,627,1,state-aware,6,1,,0.9943,0.9944,0.8405,0.6435,25,10,OFF
1790498713.3126051,5,624,1,state-aware,6,1,,0.9942,0.9944,0.9259,0.8953,24,10,ON
1790498714.7113154,9,626,1,state-aware,6,1,,0.9915,0.9933,0.8374,0.8009,25,10,ON
1790498716.8895721,2,615,0,state-aware,6,1,,0.9926,0.9915,0.7764,0.6987,23,10,ON
1790498728.8458035,9,627,1,state-aware,6,1,,0.9901,0.9901,0.8601,0.7987,19,8,OFF
1790498732.73955,10,624,1,state-aware,6,2,,0.9914,0.9933,0.8986,0.8998,18,9,OFF
1790498732.8959157,2,616,0,state-aware,6,1,,0.0097,0.0076,0.1533,0.1522,19,9,OFF
1790498735.216853,3,614,1,state-aware,6,1,,0.9942,0.9942,0.8168,0.8016,20,9,OFF
1790498736.525245,6,626,1,state-aware,6,1,,0.9942,0.9932,0.7363,0.6883,21,9,OFF
1790498738.8836873,4,551,1,state-aware,6,2,,0.9938,0.9938,0.6036,0.8013,21,10,OFF
1790498739.6123474,8,629,1,state-aware,6,1,,0.9942,0.9942,0.8404,0.6433,22,10,OFF
1790498740.1982603,1,623,1,state-aware,6,2,,0.0001,0.0008,0.2041,0.2795,22,11,OFF
1790498740.6411026,5,626,1,state-aware,6,1,,0.9932,0.9911,0.9254,0.8926,23,11,OFF
1790498741.8849611,9,628,1,state-aware,6,1,,0.9938,0.9938,0.883,0.8013,21,11,OFF
1790498743.9885032,2,617,1,state-aware,6,2,,0.9936,0.991,0.6299,0.6985,21,12,OFF
1790498745.4331481,10,625,1,state-aware,6,2,,0.9901,0.9939,0.8978,0.9056,21,13,OFF
1790498752.5007179,8,630,1,state-aware,6,1,,0.9925,0.9925,0.8479,0.6424,19,10,OFF
1790498754.645746,9,629,1,state-aware,6,1,,0.164,0.5214,0.6056,0.4638,20,10,OFF
1790498755.1632726,1,624,1,state-aware,6,1,,0.9935,0.9912,0.825,0.8152,21,10,ON
1790498755.9103012,6,627,0,state-aware,6,1,,0.9926,0.9925,0.7736,0.6879,21,10,ON
1790498756.4919693,5,627,1,state-aware,6,2,,0.9926,0.9915,0.8191,0.8929,21,10,ON
1790498756.8304496,2,618,1,state-aware,6,2,,0.994,0.9925,0.6301,0.7294,21,11,ON
1790498756.9115052,3,615,0,state-aware,6,2,,0.9942,0.9932,0.7264,0.8009,21,12,ON
1790498757.5417333,7,628,1,state-aware,6,1,,0.9924,0.9924,0.8993,0.8937,21,12,ON
1790498770.3093066,9,630,1,state-aware,6,2,,0.9932,0.9941,0.7849,0.8015,16,9,OFF
1790498771.5537815,1,625,1,state-aware,6,2,,0.9943,0.9924,0.7458,0.8159,15,10,OFF
1790498771.919014,8,631,0,state-aware,6,1,,0.9925,0.9915,0.8632,0.6418,16,10,OFF
1790498772.860672,5,628,1,state-aware,6,1,,0.9901,0.9916,0.818,0.7997,17,10,OFF
1790498773.8208966,7,629,1,state-aware,6,2,,0.9913,0.9924,0.8152,0.8937,16,11,OFF
1790498774.4314044,10,627,1,state-aware,6,2,,0.9932,0.9933,0.8998,0.9053,16,12,OFF
1790498775.9222076,4,553,0,state-aware,6,2,,0.9916,0.9901,0.6026,0.7986,15,13,OFF
1790498781.0805728,3,617,1,state-aware,6,2,,0.9926,0.9915,0.7257,0.7996,14,14,OFF
1790498781.596187,6,629,1,state-aware,6,1,,0.0,0.0001,0.36,0.1366,15,14,OFF
1790498783.3204622,9,631,1,state-aware,6,2,,0.9915,0.9933,0.7844,0.7918,15,15,OFF
1790498785.6655657,1,626,1,state-aware,6,2,,0.9938,0.9914,0.7455,0.8338,15,16,OFF
1790498786.083315,4,554,1,state-aware,6,2,,0.9924,0.9924,0.603,0.7162,15,17,OFF
1790498787.9290743,8,632,0,state-aware,6,1,,0.9933,0.9943,0.7717,0.6434,16,17,OFF
1790498789.9801416,7,630,1,state-aware,6,1,,0.9933,0.9926,0.8164,0.8004,16,17,OFF
1790498791.9326165,5,629,0,state-aware,6,1,,0.0,0.0,0.4653,0.0914,17,17,OFF
1790498792.9347794,10,628,0,state-aware,6,2,,0.9914,0.9942,0.8986,0.9152,16,17,OFF
1790498794.8950033,6,630,1,state-aware,6,1,,0.9938,0.9925,0.8092,0.6879,17,17,OFF
1790498795.4957013,3,618,1,state-aware,6,2,,0.9939,0.9915,0.7263,0.7907,16,18,OFF
1790498796.5292761,8,633,1,state-aware,6,1,,0.9933,0.9942,0.6878,0.6433,16,18,OFF
1790498799.0850124,9,632,1,state-aware,6,1,,0.9915,0.9925,0.7843,0.7135,17,17,ON
1790498804.94184,1,627,0,state-aware,6,2,,0.9942,0.9914,0.7457,0.8548,14,16,ON
1790498807.9448283,5,630,0,state-aware,6,1,,0.0094,0.017,0.3922,0.1036,15,15,OFF
1790498808.9469123,7,631,0,state-aware,6,1,,0.7111,0.4911,0.6936,0.4422,16,15,OFF
1790498809.9360812,3,619,1,state-aware,6,1,,0.9938,0.9915,0.7263,0.713,17,15,OFF
1790498812.3149714,8,634,1,state-aware,6,2,,0.9938,0.9933,0.6134,0.6428,17,16,OFF
1790498813.9510174,6,631,0,state-aware,6,1,,0.0,0.0,0.4854,0.1365,17,16,OFF
1790498815.365761,9,633,1,state-aware,6,2,,0.9815,0.9893,0.6812,0.7118,15,17,OFF
1790498816.0262496,4,556,1,state-aware,6,2,,0.9914,0.9933,0.6026,0.7168,14,18,OFF
1790498818.340186,2,622,1,state-aware,6,2,,0.9943,0.9943,0.6303,0.7303,13,16,OFF
1790498819.0921235,5,631,1,state-aware,6,2,,0.9933,0.9932,0.6537,0.8009,13,17,OFF
1790498820.0841582,7,632,1,state-aware,6,2,,0.9868,0.9856,0.7436,0.7954,13,18,OFF
1790498820.9593544,1,628,0,state-aware,6,2,,0.9926,0.9932,0.7449,0.7596,13,19,OFF
1790498823.1525064,3,620,1,state-aware,6,1,,0.9942,0.9925,0.7689,0.7135,14,19,OFF
1790498824.9629557,10,630,0,state-aware,6,2,,0.9925,0.9942,0.8993,0.9152,14,20,OFF
1790498825.3416142,6,632,1,state-aware,6,1,,0.9933,0.9915,0.7338,0.6874,15,20,OFF
1790498827.8618855,8,635,1,state-aware,6,1,,0.9933,0.9937,0.6132,0.5788,16,20,OFF
1790498829.3042948,9,634,1,state-aware,6,2,,0.9937,0.9932,0.685,0.7425,16,21,OFF
1790498867.983215,3,623,1,round-robin,6,1,,0.9933,0.9926,nan,nan,1,0,OFF
1790498868.8468747,6,635,1,round-robin,6,1,,0.99,0.9933,nan,nan,2,0,OFF
1790498873.3161879,9,637,1,round-robin,6,1,,0.9915,0.9938,nan,nan,3,0,ON
1790498874.3940969,8,638,1,round-robin,6,1,,0.9933,0.9938,nan,nan,4,0,ON
1790498893.4648876,9,638,0,round-robin,6,2,,0.6075,0.2409,nan,nan,4,1,UNKNOWN
1790498895.466297,8,639,0,round-robin,6,2,,0.0974,0.0977,nan,nan,4,2,OFF
1790498897.5620713,4,561,1,round-robin,6,1,,0.9932,0.9924,nan,nan,5,2,OFF
1790498897.5810988,5,636,1,round-robin,6,1,,0.9943,0.9933,nan,nan,6,2,OFF
1790498897.6000304,3,625,1,round-robin,6,2,,0.9942,0.9933,nan,nan,6,3,OFF
1790498897.6188366,6,637,1,round-robin,6,2,,0.9901,0.9914,nan,nan,6,4,OFF
1790498897.7195148,1,633,1,round-robin,6,1,,0.0,0.9922,nan,nan,7,4,OFF
1790498897.789707,7,637,1,round-robin,6,1,,0.0962,0.0019,nan,nan,8,4,OFF
1790498898.3309305,10,635,1,round-robin,6,1,,0.9933,0.9944,nan,nan,9,4,OFF
1790498903.4695897,2,627,0,round-robin,6,1,,0.9899,0.99,nan,nan,10,4,OFF
1790498904.562329,9,639,1,round-robin,6,1,,0.9931,0.9925,nan,nan,11,4,OFF
1790498905.080263,8,640,1,round-robin,6,1,,0.9938,0.9925,nan,nan,12,4,OFF
1790498907.6514425,1,634,1,round-robin,6,2,,0.9938,0.9914,nan,nan,12,5,OFF
1790498908.4584446,2,628,1,round-robin,6,2,,0.3666,0.9882,nan,nan,12,6,OFF
1790498911.1433778,5,637,1,round-robin,6,2,,0.9942,0.9932,nan,nan,12,7,OFF
1790498912.4525254,10,636,1,round-robin,6,2,,0.9901,0.9902,nan,nan,12,8,OFF
1790498912.6728957,7,638,1,round-robin,6,2,,0.078,0.6757,nan,nan,12,9,OFF
1790498914.4732285,4,562,0,round-robin,6,2,,0.9924,0.9925,nan,nan,12,10,OFF
1790498917.3497956,9,640,1,round-robin,6,2,,0.9915,0.9915,nan,nan,12,11,OFF
1790498917.475624,6,638,0,round-robin,6,1,,0.9933,0.9915,nan,nan,13,11,OFF
1790498918.1686635,8,641,1,round-robin,6,2,,0.9939,0.9939,nan,nan,13,12,OFF
1790498918.476964,3,626,0,round-robin,6,1,,0.9607,0.9933,nan,nan,14,12,OFF
1790498921.9801369,2,629,1,round-robin,6,1,,0.9916,0.9938,nan,nan,15,12,OFF
1790498923.617753,4,563,1,round-robin,6,1,,0.9915,0.9902,nan,nan,16,12,OFF
1790498924.4342365,5,638,1,round-robin,6,1,,0.9915,0.9925,nan,nan,17,12,OFF
1790498926.2656126,7,639,1,round-robin,6,1,,0.0,0.0,nan,nan,18,12,OFF
1790498927.2936459,6,639,1,round-robin,6,2,,0.9938,0.9914,nan,nan,18,13,OFF
1790498928.0361056,3,627,1,round-robin,6,2,,0.9944,0.9937,nan,nan,17,14,OFF
1790498929.480927,1,635,0,round-robin,6,1,,0.9926,0.9914,nan,nan,17,14,OFF
1790498930.8807178,8,642,1,round-robin,6,1,,0.9942,0.9938,nan,nan,18,14,OFF
1790498933.233167,9,641,1,round-robin,6,1,,0.9925,0.9925,nan,nan,19,14,OFF
1790498936.1012106,2,630,1,round-robin,6,2,,0.9944,0.9931,nan,nan,17,15,OFF
1790498938.1472373,4,564,1,round-robin,6,2,,0.9915,0.9901,nan,nan,17,16,OFF
1790498939.7910564,7,640,1,round-robin,6,2,,0.9882,0.9915,nan,nan,17,17,OFF
1790498941.017852,3,628,1,round-robin,6,1,,0.9942,0.9925,nan,nan,18,17,OFF
1790498942.756996,10,638,1,round-robin,6,1,,0.9916,0.9938,nan,nan,19,17,ON
1790498943.1652002,6,640,1,round-robin,6,1,,0.9942,0.9868,nan,nan,20,17,ON
1790498944.4865382,5,639,0,round-robin,6,2,,0.0,0.0,nan,nan,20,18,ON
1790498944.4874141,1,636,0,round-robin,6,2,,0.9941,0.9941,nan,nan,20,19,ON
1790498950.4913406,8,643,0,round-robin,6,2,,0.0979,0.3668,nan,nan,20,20,ON
1790498953.4935286,9,642,0,round-robin,6,2,,0.3648,0.9915,nan,nan,20,20,ON
1790498954.4957042,2,631,0,round-robin,6,1,,0.0,0.0,nan,nan,21,20,ON
1790498958.1160548,6,641,1,round-robin,6,2,,0.9943,0.9931,nan,nan,17,18,OFF
1790498959.9932187,8,644,1,round-robin,6,1,,0.9942,0.9938,nan,nan,17,18,OFF
1790498960.4989026,1,637,0,round-robin,6,1,,0.0,0.0,nan,nan,18,18,OFF
1790498961.5004818,7,641,0,round-robin,6,1,,0.7088,0.3633,nan,nan,19,18,OFF
1790498962.5023956,10,639,0,round-robin,6,2,,0.0,0.0,nan,nan,19,19,OFF
1790498962.712523,9,643,1,round-robin,6,1,,0.9932,0.9925,nan,nan,20,19,OFF
1790498964.6628897,2,632,1,round-robin,6,2,,0.994,0.9932,nan,nan,18,20,OFF
1790498966.7501347,4,566,1,round-robin,6,1,,0.9925,0.9882,nan,nan,18,20,OFF
1790498969.010605,3,630,1,round-robin,6,2,,0.9944,0.9914,nan,nan,18,19,OFF
1790498970.5403461,7,642,1,round-robin,6,2,,0.9916,0.9942,nan,nan,18,20,OFF
1790498971.6830065,6,642,1,round-robin,6,1,,0.9933,0.9901,nan,nan,19,19,OFF
1790498973.6854196,10,640,1,round-robin,6,1,,0.9898,0.9911,nan,nan,20,17,OFF
1790498974.0148084,8,645,1,round-robin,6,2,,0.9933,0.9933,nan,nan,20,18,OFF
1790498975.5093575,1,638,0,round-robin,6,2,,0.8943,0.8535,nan,nan,20,18,OFF
1790498975.8970022,9,644,1,round-robin,6,2,,0.9932,0.9924,nan,nan,20,19,OFF
1790498976.5116868,5,641,0,round-robin,6,1,,0.8689,0.8804,nan,nan,21,19,OFF
1790498978.9835958,2,633,1,round-robin,6,1,,0.9938,0.9938,nan,nan,20,17,OFF
1790498981.0583432,4,567,1,round-robin,6,2,,0.9914,0.9915,nan,nan,20,18,OFF
1790498983.4115863,3,631,1,round-robin,6,1,,0.9902,0.9902,nan,nan,20,18,OFF
1790498985.383114,6,643,1,round-robin,6,2,,0.9939,0.9938,nan,nan,18,19,OFF
1790498985.4523184,7,643,1,round-robin,6,1,,0.9925,0.0,nan,nan,19,19,OFF
1790498986.3818061,5,642,1,round-robin,6,2,,0.9942,0.9932,nan,nan,18,20,OFF
1790498987.1199093,10,641,1,round-robin,6,2,,0.9932,0.9933,nan,nan,18,21,OFF
1790498989.147649,8,646,1,round-robin,6,1,,0.9938,0.9933,nan,nan,19,19,OFF
1790498991.2279594,9,645,1,round-robin,6,1,,0.9901,0.99,nan,nan,18,19,ON
1790498991.5174367,1,639,0,round-robin,6,1,,0.9804,0.8333,nan,nan,19,19,ON
1790498992.1374366,2,634,1,round-robin,6,2,,0.9939,0.9915,nan,nan,19,20,ON
1790499006.5372353,7,644,0,round-robin,6,2,,0.9925,0.0,nan,nan,15,16,OFF
1790499006.5383236,6,644,0,round-robin,6,1,,0.0055,0.0095,nan,nan,16,16,OFF
1790499009.5389524,8,647,0,round-robin,6,2,,0.9938,0.9942,nan,nan,16,17,OFF
1790499012.5418353,9,646,0,round-robin,6,2,,0.0,0.0,nan,nan,16,17,OFF
1790499013.0126889,3,633,1,round-robin,6,2,,0.9938,0.9925,nan,nan,16,18,OFF
1790499015.5451074,4,569,0,round-robin,6,1,,0.9751,0.979,nan,nan,16,17,OFF
1790499015.5783687,1,641,1,round-robin,6,2,,0.9914,0.8333,nan,nan,16,18,OFF
1790499016.710562,6,645,1,round-robin,6,2,,0.8958,0.991,nan,nan,16,19,OFF
1790499016.7146533,5,644,1,round-robin,6,1,,0.9942,0.9942,nan,nan,17,19,OFF
1790499017.7313058,10,643,1,round-robin,6,1,,0.9925,0.9926,nan,nan,18,19,OFF
1790499019.7559724,8,648,1,round-robin,6,1,,0.9944,0.9944,nan,nan,19,18,OFF
1790499021.122141,2,636,1,round-robin,6,1,,0.9944,0.9933,nan,nan,18,18,OFF
1790499021.5547636,7,645,0,round-robin,6,1,,0.9925,0.7324,nan,nan,18,18,OFF
1790499024.1005075,9,647,1,round-robin,6,1,,0.9924,0.9913,nan,nan,18,17,OFF
1790499026.2213345,4,570,1,round-robin,6,2,,0.9901,0.9925,nan,nan,18,17,OFF
1790499028.4014199,3,634,1,round-robin,6,1,,0.9933,0.9926,nan,nan,18,17,OFF
1790499030.7140236,1,642,1,round-robin,6,1,,0.0,0.0,nan,nan,19,15,OFF
1790499031.2358751,5,645,1,round-robin,6,2,,0.9807,0.9942,nan,nan,19,16,OFF
1790499031.2364628,7,646,1,round-robin,6,2,,0.9915,0.9867,nan,nan,19,17,OFF
1790499032.6793768,8,649,1,round-robin,6,2,,0.9939,0.9939,nan,nan,18,18,OFF
1790499033.7967622,2,637,1,round-robin,6,2,,0.9942,0.9941,nan,nan,17,19,OFF
1790499037.5714784,6,646,0,round-robin,6,1,,0.9888,0.9924,nan,nan,17,16,ON
1790499037.9241867,9,648,1,round-robin,6,2,,0.9914,0.9914,nan,nan,17,17,ON
1790499039.0280418,4,571,1,round-robin,6,1,,0.9901,0.9916,nan,nan,17,17,ON
1790499049.5770445,1,643,0,round-robin,6,2,,0.8804,0.0,nan,nan,14,14,ON
1790499051.5794363,8,650,0,round-robin,6,1,,0.0161,0.0,nan,nan,13,14,ON
1790499052.5811021,10,645,0,round-robin,6,2,,0.0,0.0082,nan,nan,13,14,ON
1790499054.5831196,6,647,0,round-robin,6,2,,0.0,0.0,nan,nan,13,15,ON
1790499057.5855715,9,649,0,round-robin,6,1,,0.9925,0.9941,nan,nan,14,15,OFF
1790499061.4387698,8,651,1,round-robin,6,2,,0.9938,0.9938,nan,nan,14,16,OFF
1790499062.2658923,2,639,1,round-robin,6,1,,0.9942,0.9925,nan,nan,15,16,OFF
1790499062.589036,3,636,0,round-robin,6,2,,0.0,0.0,nan,nan,15,17,OFF
1790499063.0723233,10,646,1,round-robin,6,1,,0.9932,0.9938,nan,nan,16,17,OFF
1790499065.2558794,6,648,1,round-robin,6,1,,0.9933,0.9915,nan,nan,17,17,OFF
1790499067.932727,9,650,1,round-robin,6,2,,0.9932,0.9932,nan,nan,16,17,OFF
1790499072.002011,4,573,1,round-robin,6,2,,0.9902,0.9915,nan,nan,16,17,OFF
1790499073.3165038,3,637,1,round-robin,6,1,,0.9943,0.9931,nan,nan,17,15,OFF
1790499074.5740929,1,645,1,round-robin,6,1,,0.0,0.0,nan,nan,18,15,OFF
1790499075.3776405,2,640,1,round-robin,6,2,,0.9944,0.9925,nan,nan,18,16,OFF
1790499075.680723,10,647,1,round-robin,6,2,,0.9914,0.9942,nan,nan,17,16,OFF
1790499076.1312675,7,649,1,round-robin,6,1,,0.9925,0.99,nan,nan,18,16,OFF
1790499076.50677,5,648,1,round-robin,6,1,,0.9925,0.9922,nan,nan,19,16,OFF
1790499078.3399224,6,649,1,round-robin,6,2,,0.9926,0.9915,nan,nan,17,16,OFF
1790499080.5977392,8,652,0,round-robin,6,1,,0.9704,0.9773,nan,nan,17,16,OFF
1790499080.8997035,9,651,1,round-robin,6,1,,0.9925,0.9925,nan,nan,18,16,OFF
1790499093.604978,3,638,0,round-robin,6,2,,0.3675,0.1627,nan,nan,13,13,OFF
1790499095.351744,9,652,1,round-robin,6,2,,0.9925,0.9933,nan,nan,13,13,OFF
1790499103.4302323,4,575,1,round-robin,6,1,,0.1675,0.3553,nan,nan,12,12,OFF
1790499104.1504269,2,642,1,round-robin,6,1,,0.9938,0.0,nan,nan,13,12,OFF
1790499105.3865106,1,647,1,round-robin,6,2,,0.8535,0.8335,nan,nan,13,13,OFF
1790499106.6068902,5,650,1,round-robin,6,2,,0.9916,0.9914,nan,nan,13,14,OFF
1790499108.1344233,6,651,1,round-robin,6,1,,0.9938,0.9932,nan,nan,14,14,OFF
1790499109.4995685,9,653,1,round-robin,6,1,,0.9925,0.9915,nan,nan,15,14,OFF
1790499109.6122947,3,639,0,round-robin,6,1,,0.9568,0.1627,nan,nan,16,13,OFF
1790499109.6132424,10,649,0,round-robin,6,1,,0.9933,0.9915,nan,nan,17,13,OFF
1790499109.6142247,7,651,0,round-robin,6,2,,0.9925,0.9931,nan,nan,17,14,OFF
1790499110.6165893,8,654,0,round-robin,6,2,,0.9923,0.9907,nan,nan,17,15,OFF
1790499117.159309,2,643,1,round-robin,6,2,,0.0294,0.9852,nan,nan,16,14,OFF
1790499118.5856447,1,648,1,round-robin,6,1,,0.9938,0.9914,nan,nan,16,14,OFF
1790499119.712406,10,650,1,round-robin,6,2,,0.0,0.0,nan,nan,16,15,OFF
1790499120.2443922,7,652,1,round-robin,6,1,,0.9915,0.9868,nan,nan,17,15,OFF
1790499120.8568444,6,652,1,round-robin,6,2,,0.9942,0.9925,nan,nan,17,16,OFF
1790499124.6249206,5,651,0,round-robin,6,1,,0.9925,0.9933,nan,nan,16,14,ON
1790499135.8088665,10,651,1,round-robin,6,1,,0.9918,0.9939,nan,nan,14,10,OFF
1790499137.4417102,6,653,1,round-robin,6,1,,0.9924,0.9931,nan,nan,13,10,OFF
1790499138.6334622,1,649,0,round-robin,6,2,,0.0,0.0,nan,nan,13,10,OFF
1790499139.4649074,9,655,1,round-robin,6,2,,0.9925,0.9925,nan,nan,13,11,OFF
1790499139.6348474,2,644,0,round-robin,6,1,,0.0001,0.0,nan,nan,14,11,OFF
1790499140.6371906,5,652,0,round-robin,6,2,,0.9842,0.8689,nan,nan,13,12,OFF
1790499140.6377933,3,641,0,round-robin,6,2,,0.9343,0.0002,nan,nan,13,13,OFF
1790499148.083436,4,578,1,round-robin,6,2,,0.9941,0.993,nan,nan,12,14,OFF
1790499148.9017594,2,645,1,round-robin,6,2,,0.9938,0.9914,nan,nan,12,15,OFF
1790499149.5172772,1,650,1,round-robin,6,1,,0.9942,0.9924,nan,nan,13,15,OFF
1790499150.0257065,7,654,1,round-robin,6,2,,0.9914,0.3612,nan,nan,13,16,OFF
1790499150.45315,5,653,1,round-robin,6,1,,0.9925,0.9926,nan,nan,14,16,OFF
1790499151.1485653,8,657,1,round-robin,6,1,,0.9923,0.9898,nan,nan,15,16,OFF
1790499152.0041592,6,654,1,round-robin,6,2,,0.9933,0.9925,nan,nan,15,17,OFF
1790499153.5429997,9,656,1,round-robin,6,1,,0.9915,0.9933,nan,nan,16,17,OFF
1790499156.6471734,10,652,0,round-robin,6,2,,0.9918,0.9902,nan,nan,16,16,OFF
1790499157.649319,3,642,0,round-robin,6,1,,0.9913,0.0,nan,nan,17,16,OFF
1790499215.161354,1,654,0,ewma,7,1,,0.9,0.0346,0.5,0.5,1,0,ON
1790499223.164096,9,660,0,ewma,7,1,,0.0,0.0,0.5,0.5,2,0,OFF
1790499225.2222476,1,655,1,ewma,7,2,,0.9938,0.9913,0.4,0.5,2,1,OFF
1790499226.756167,8,662,1,ewma,7,1,,0.9942,0.9932,0.5,0.5,3,1,OFF
1790499227.4623373,2,650,1,ewma,7,2,,0.9933,0.0,0.5,0.5,3,2,OFF
1790499228.2829509,7,659,1,ewma,7,1,,0.9924,0.9938,0.5,0.5,4,2,OFF
1790499229.583231,6,659,1,ewma,7,1,,0.9933,0.9901,0.5,0.5,5,2,OFF
1790499231.9576564,3,647,1,ewma,7,1,,0.9926,0.9925,0.5,0.5,6,2,OFF
1790499233.3173578,9,661,1,ewma,7,2,,0.9912,0.9933,0.4,0.5,6,3,OFF
1790499235.1676655,10,657,0,ewma,7,2,,0.9769,0.9881,0.5,0.5,6,4,OFF
1790499237.9359517,1,656,1,ewma,7,2,,0.9938,0.99,0.4,0.6,6,5,OFF
1790499240.3621876,5,659,1,ewma,7,1,,0.0,0.0,0.5,0.5,7,5,OFF
1790499241.1002338,2,651,1,ewma,7,2,,0.9939,0.9925,0.5,0.6,7,6,OFF
1790499242.1319556,8,663,1,ewma,7,2,,0.9942,0.9933,0.4,0.5,7,7,OFF
1790499242.9032314,7,660,1,ewma,7,2,,0.9925,0.9931,0.4,0.5,7,8,OFF
1790499243.3637471,6,660,1,ewma,7,1,,0.9901,0.9901,0.6,0.5,8,8,OFF
1790499244.6538937,10,658,1,ewma,7,1,,0.9941,0.9942,0.5,0.4,9,8,OFF
1790499245.1880898,3,648,1,ewma,7,1,,0.9944,0.9925,0.6,0.5,10,8,OFF
1790499249.484402,9,662,1,ewma,7,1,,0.9932,0.9942,0.4,0.4,11,8,OFF
1790499253.9675674,1,657,1,ewma,7,2,,0.9938,0.99,0.4,0.48,11,9,OFF
1790499255.0965586,2,652,1,ewma,7,2,,0.9942,0.9943,0.5,0.68,11,10,OFF
1790499256.0405655,5,660,1,ewma,7,1,,0.8689,0.8804,0.6,0.5,12,10,OFF
1790499257.7629526,10,659,1,ewma,7,1,,0.8765,0.0002,0.6,0.4,13,10,OFF
1790499259.5921257,3,649,1,ewma,7,1,,0.9942,0.9915,0.68,0.5,14,10,OFF
1790499261.1802433,4,585,0,ewma,7,1,,0.8804,0.8804,0.5,0.5,15,10,OFF
1790499262.183185,6,661,0,ewma,7,1,,0.9899,0.9914,0.68,0.5,16,10,ON
1790499263.0910892,9,663,1,ewma,7,1,,0.9925,0.9937,0.52,0.4,17,10,ON
1790499263.1836703,7,661,0,ewma,7,2,,0.9925,0.0165,0.4,0.6,17,11,ON
1790499264.1852,8,664,0,ewma,7,2,,0.99,0.9926,0.4,0.4,17,12,ON
1790499274.188356,2,653,0,ewma,7,2,,0.897,0.9246,0.5,0.744,17,13,ON
1790499276.190929,4,586,0,ewma,7,2,,0.0,0.0,0.4,0.5,16,14,ON
1790499279.193095,6,662,0,ewma,7,1,,0.0298,0.2833,0.544,0.5,17,14,ON
1790499280.1950843,8,665,0,ewma,7,1,,0.7144,0.2255,0.4,0.32,18,14,ON
1790499283.9018357,1,659,1,ewma,7,2,,0.0,0.99,0.4,0.48,17,15,OFF
1790499285.920184,10,661,1,ewma,7,1,,0.8887,0.0,0.6,0.4,18,14,OFF
1790499288.079727,6,663,1,ewma,7,2,,0.9916,0.9915,0.4352,0.5,17,14,OFF
1790499289.1982358,7,663,1,ewma,7,2,,0.9925,0.9926,0.4,0.6,16,15,OFF
1790499289.8174117,3,651,1,ewma,7,1,,0.9938,0.9915,0.68,0.5,16,15,OFF
1790499291.6873732,8,666,1,ewma,7,1,,0.9933,0.9902,0.32,0.32,17,15,OFF
1790499291.7239437,9,665,1,ewma,7,1,,0.9932,0.9925,0.52,0.4,18,15,OFF
1790499292.199498,4,587,0,ewma,7,2,,0.9819,0.9853,0.4,0.4,17,16,OFF
1790499296.5596771,1,660,1,ewma,7,2,,0.9938,0.9925,0.4,0.584,17,15,OFF
1790499299.9965417,2,655,1,ewma,7,2,,0.897,0.9925,0.5,0.744,17,15,OFF
1790499300.051931,10,662,1,ewma,7,1,,0.8887,0.9933,0.68,0.4,18,15,OFF
1790499300.849501,4,588,1,ewma,7,1,,0.9901,0.9916,0.4,0.32,18,15,OFF
1790499303.0535831,7,664,1,ewma,7,2,,0.9872,0.985,0.4,0.68,18,13,OFF
1790499303.6597016,3,652,1,ewma,7,1,,0.9933,0.9901,0.744,0.5,18,13,OFF
1790499304.4505959,8,667,1,ewma,7,1,,0.9944,0.9938,0.456,0.32,19,13,OFF
1790499306.4089403,9,666,1,ewma,7,1,,0.9914,0.99,0.616,0.4,18,13,OFF
1790499308.204557,5,663,0,ewma,7,1,,0.9931,0.9912,0.6,0.5,19,13,OFF
1790499308.2054439,6,664,0,ewma,7,2,,0.0,0.6077,0.4352,0.6,19,14,OFF
1790499309.7194283,1,661,1,ewma,7,2,,0.9933,0.9915,0.4,0.6672,18,15,OFF
1790499313.7868288,2,656,1,ewma,7,2,,0.9939,0.9925,0.5,0.7952,18,16,OFF
1790499316.755662,10,663,1,ewma,7,1,,0.9925,0.9938,0.544,0.4,18,14,OFF
1790499316.7874527,3,653,1,ewma,7,1,,0.0,0.0016,0.7952,0.5,19,14,OFF
1790499317.4866493,6,665,1,ewma,7,2,,0.9913,0.9925,0.4352,0.48,19,15,OFF
1790499318.5674226,7,665,1,ewma,7,2,,0.9915,0.9915,0.4,0.544,18,16,OFF
1790499319.7845936,8,668,1,ewma,7,1,,0.9944,0.9933,0.3648,0.32,18,16,OFF
1790499321.2302902,9,667,1,ewma,7,1,,0.9925,0.9938,0.6928,0.4,18,16,OFF
1790499322.210683,4,589,0,ewma,7,1,,0.0,0.0,0.32,0.32,18,16,OFF
1790499322.213668,5,664,0,ewma,7,2,,0.9939,0.9925,0.48,0.5,18,17,OFF
1790499323.9183652,1,662,1,ewma,7,2,,0.9933,0.9901,0.4,0.7338,17,17,OFF
1790499329.7552156,2,657,1,ewma,7,2,,0.9944,0.9925,0.5,0.6362,17,17,ON
1790499338.2181277,3,654,0,ewma,7,1,,0.0,0.0,0.8362,0.5,18,15,ON
1790499340.2207189,6,666,0,ewma,7,1,,0.0,0.0,0.4352,0.384,17,15,ON
1790499350.2252154,2,658,0,ewma,7,2,,0.7955,0.9256,0.5,0.7089,15,13,ON
1790499353.2276988,3,655,0,ewma,7,1,,0.0,0.8887,0.6689,0.5,14,12,OFF
1790499355.2300844,6,667,0,ewma,7,2,,0.0053,0.0029,0.3482,0.384,14,13,OFF
1790499358.2328026,1,664,0,ewma,7,2,,0.0,0.0,0.4,0.7338,14,13,OFF
1790499360.7024488,2,659,1,ewma,7,2,,0.9942,0.9941,0.5,0.5671,13,13,OFF
1790499362.5160499,10,666,1,ewma,7,1,,0.0158,0.3582,0.544,0.4,13,13,OFF
1790499363.067696,7,668,1,ewma,7,2,,0.9915,0.9914,0.4,0.544,13,13,OFF
1790499364.4576237,4,592,1,ewma,7,2,,0.9924,0.9931,0.32,0.32,11,14,OFF
1790499366.6039112,9,670,1,ewma,7,1,,0.9937,0.9925,0.6928,0.4,11,14,OFF
1790499367.246005,3,656,0,ewma,7,1,,0.0,0.99,0.5351,0.5,12,14,OFF
1790499367.7440386,1,665,1,ewma,7,2,,0.9942,0.9914,0.4,0.587,12,15,OFF
1790499371.2488854,5,667,0,ewma,7,2,,0.8535,0.8887,0.48,0.5,11,14,OFF
1790499371.2499561,6,668,0,ewma,7,1,,0.0,0.2576,0.3482,0.3072,12,14,OFF
1790499372.252769,8,671,0,ewma,7,1,,0.8943,0.8535,0.3648,0.32,13,14,OFF
1790499374.907216,2,660,1,ewma,7,2,,0.9938,0.9901,0.5,0.6537,13,14,OFF
1790499376.3646646,10,667,1,ewma,7,1,,0.9901,0.9944,0.6352,0.4,14,14,OFF
1790499378.200473,3,657,1,ewma,7,2,,0.0296,0.9925,0.4281,0.5,12,14,OFF
1790499378.3983254,7,669,1,ewma,7,2,,0.0,0.9244,0.4,0.4352,12,15,OFF
1790499378.9399674,4,593,1,ewma,7,2,,0.9932,0.9914,0.32,0.456,12,15,OFF
1790499381.7664757,6,669,1,ewma,7,2,,0.9923,0.9923,0.2785,0.3072,10,16,OFF
1790499381.8083832,5,668,1,ewma,7,1,,0.9942,0.9928,0.48,0.4,11,16,OFF
1790499381.8453982,8,672,1,ewma,7,2,,0.9933,0.9901,0.2918,0.32,11,17,OFF
1790499382.7871497,1,666,1,ewma,7,2,,0.9941,0.9931,0.4,0.6696,10,17,OFF
1790499387.2673433,9,671,0,ewma,7,1,,0.9933,0.9915,0.7542,0.4,11,16,ON
1790499389.2519643,10,668,1,ewma,7,1,,0.9902,0.9933,0.7082,0.4,12,16,ON
1790499399.273181,7,670,0,ewma,7,1,,0.0,0.0,0.4,0.3482,12,15,ON
1790499401.2753623,8,673,0,ewma,7,2,,0.0556,0.0,0.2918,0.456,11,16,ON
1790499402.2771711,6,670,0,ewma,7,1,,0.0,0.0,0.2785,0.2458,12,16,ON
1790499403.2794812,1,667,0,ewma,7,2,,0.0,0.0,0.4,0.7357,12,17,ON
1790499412.2841973,2,662,0,ewma,7,2,,0.0,0.0,0.5,0.6537,12,17,OFF
1790499413.8539155,1,668,1,ewma,7,2,,0.994,0.9894,0.4,0.5885,11,18,OFF
1790499416.2875564,8,674,0,ewma,7,2,,0.0,0.0,0.2918,0.3648,11,18,OFF
1790499418.2898066,6,671,0,ewma,7,2,,0.0016,0.0004,0.2228,0.2458,11,18,OFF
1790499419.8850577,10,670,1,ewma,7,1,,0.9915,0.9933,0.7082,0.4,12,18,OFF
1790499422.3334002,2,663,1,ewma,7,2,,0.9925,0.9942,0.5,0.523,12,18,OFF
1790499424.5980344,3,660,1,ewma,7,2,,0.9939,0.9901,0.4281,0.5,11,17,OFF
1790499425.7089298,7,672,1,ewma,7,1,,0.8689,0.8,0.4,0.3482,12,17,OFF
1790499425.800305,4,596,1,ewma,7,2,,0.8689,0.9925,0.32,0.456,12,18,OFF
1790499426.4194424,8,675,1,ewma,7,2,,0.9925,0.9942,0.2918,0.2918,12,19,OFF
1790499427.564051,5,671,1,ewma,7,1,,0.9925,0.9938,0.48,0.4,11,19,OFF
1790499428.6723814,9,674,1,ewma,7,1,,0.9933,0.9937,0.7542,0.4,12,18,OFF
1790499432.296763,1,669,0,ewma,7,2,,0.9938,0.9924,0.4,0.6708,10,18,OFF
1790499432.5733187,10,671,1,ewma,7,1,,0.9915,0.9926,0.7665,0.4,11,18,OFF
1790499435.2996287,6,672,0,ewma,7,1,,0.9898,0.9855,0.2228,0.1966,12,17,OFF
1790499436.355945,2,664,1,ewma,7,2,,0.9932,0.9932,0.5,0.6184,12,18,OFF
1790499438.9208694,3,661,1,ewma,7,2,,0.9942,0.9924,0.4281,0.6,11,17,OFF
1790499440.6890986,5,672,1,ewma,7,1,,0.9938,0.9942,0.584,0.4,12,16,OFF
1790499441.2778974,8,676,1,ewma,7,2,,0.9915,0.9926,0.2918,0.4335,12,17,OFF
1790499441.554327,7,673,1,ewma,7,2,,0.9933,0.9932,0.32,0.3482,12,18,OFF
1790499444.2437532,6,673,1,ewma,7,2,,0.9943,0.9932,0.1783,0.1966,11,16,OFF
1790499445.9775457,10,672,1,ewma,7,1,,0.9915,0.9942,0.8132,0.4,12,16,OFF
1790499448.3069878,4,597,0,ewma,7,2,,0.0,0.0,0.32,0.3648,11,17,OFF
1790499448.3076644,9,675,0,ewma,7,1,,0.0,0.9937,0.8034,0.4,12,17,OFF
1790499448.3081996,1,670,0,ewma,7,2,,0.9938,0.9701,0.4,0.5367,12,18,OFF
1790499450.9128714,2,665,1,ewma,7,2,,0.9933,0.9931,0.5,0.6947,11,19,ON
1790499459.3151915,3,662,0,ewma,7,2,,0.0,0.0,0.4281,0.48,10,20,ON
1790499464.3187432,6,674,0,ewma,7,2,,0.9943,0.0,0.1783,0.3573,9,19,ON
1790499465.3206842,1,671,0,ewma,7,2,,0.0008,0.0486,0.4,0.4293,9,20,ON
1790499472.940321,9,677,1,ewma,7,1,,0.9925,0.9914,0.8034,0.4,10,19,OFF
1790499473.740256,4,599,1,ewma,7,2,,0.9936,0.9908,0.32,0.3648,10,20,OFF
1790499474.2512858,6,675,1,ewma,7,2,,0.9932,0.992,0.1783,0.2858,10,20,OFF
1790499476.3269963,7,675,0,ewma,7,2,,0.0,0.1792,0.32,0.3482,10,20,OFF
1790499477.3288689,5,674,0,ewma,7,1,,0.9931,0.9942,0.584,0.4,11,20,OFF
1790499480.331844,1,672,0,ewma,7,1,,0.989,0.9843,0.4,0.3435,11,19,OFF
1790499480.3330054,10,674,0,ewma,7,1,,0.9901,0.9817,0.8132,0.4,12,19,OFF
1790499481.3545296,2,667,1,ewma,7,2,,0.9933,0.9932,0.5,0.6947,12,20,OFF
1790499484.4043653,3,664,1,ewma,7,2,,0.9933,0.99,0.4281,0.48,12,20,OFF
1790499487.2660122,6,676,1,ewma,7,2,,0.9819,0.8267,0.1783,0.4287,11,18,OFF
1790499490.018364,4,600,1,ewma,7,1,,0.9899,0.9923,0.32,0.2918,10,18,OFF
1790499490.6580012,1,673,1,ewma,7,2,,0.9941,0.0,0.32,0.3435,10,19,OFF
1790499537.647689,4,603,1,random,7,1,,0.9926,0.9899,nan,nan,1,0,OFF
1790499542.873436,10,678,0,random,7,1,,0.9,0.228,nan,nan,2,0,OFF
1790499542.8743613,1,676,0,random,7,2,,0.9878,0.9839,nan,nan,2,1,OFF
1790499544.3001232,2,671,1,random,7,1,,0.1643,0.9515,nan,nan,3,1,OFF
1790499544.8417416,3,668,1,random,7,2,,0.9938,0.9933,nan,nan,3,2,OFF
1790499548.2087276,6,680,1,random,7,1,,0.7019,0.0,nan,nan,4,2,OFF
1790499548.3865387,8,683,1,random,7,1,,0.9912,0.9817,nan,nan,5,2,OFF
1790499548.919471,5,679,1,random,7,1,,0.9925,0.9915,nan,nan,6,2,OFF
1790499549.8237665,9,682,1,random,7,1,,0.9925,0.9932,nan,nan,7,2,OFF
1790499550.8661768,4,604,1,random,7,2,,0.9915,0.9932,nan,nan,7,3,OFF
1790499553.2047837,1,677,1,random,7,2,,0.9933,0.0009,nan,nan,7,4,OFF
1790499553.70748,10,679,1,random,7,1,,0.992,0.9888,nan,nan,8,4,OFF
1790499553.8768137,7,680,0,random,7,2,,0.9,0.8943,nan,nan,8,5,OFF
1790499560.0645425,2,672,1,random,7,2,,0.9942,0.9932,nan,nan,8,6,OFF
1790499560.5721054,3,669,1,random,7,2,,0.9933,0.9915,nan,nan,8,7,OFF
1790499561.090375,8,684,1,random,7,2,,0.9938,0.9941,nan,nan,8,8,OFF
1790499562.2414086,6,681,1,random,7,1,,0.0,0.138,nan,nan,9,8,OFF
1790499564.664706,7,681,1,random,7,1,,0.9862,0.9941,nan,nan,10,8,OFF
1790499565.3076882,4,605,1,random,7,1,,0.0,0.9925,nan,nan,11,8,OFF
1790499566.20824,9,683,1,random,7,1,,0.9937,0.9932,nan,nan,12,8,OFF
1790499567.755016,1,678,1,random,7,2,,0.9942,0.8804,nan,nan,12,9,OFF
1790499572.8827996,10,680,0,random,7,2,,0.9901,0.9931,nan,nan,12,10,OFF
1790499574.036834,2,673,1,random,7,1,,0.9942,0.9915,nan,nan,13,10,OFF
1790499575.618805,6,682,1,random,7,2,,0.9938,0.9925,nan,nan,13,11,ON
1790499576.4351122,3,670,1,random,7,1,,0.9943,0.994,nan,nan,14,11,ON
1790499577.0992255,8,685,1,random,7,2,,0.9915,0.9933,nan,nan,14,12,ON
1790499583.8864977,4,606,0,random,7,1,,0.0,0.0,nan,nan,15,12,ON
1790499585.88851,9,684,0,random,7,1,,0.8544,0.7133,nan,nan,16,12,ON
1790499598.5684242,1,680,1,random,7,2,,0.9941,0.9924,nan,nan,15,13,OFF
1790499598.8922336,4,607,0,random,7,1,,0.0,0.0,nan,nan,16,13,OFF
1790499599.6927679,10,682,1,random,7,2,,0.9936,0.9941,nan,nan,16,14,OFF
1790499599.8940282,9,685,0,random,7,1,,0.2213,0.0165,nan,nan,17,14,OFF
1790499603.889589,2,675,1,random,7,2,,0.9942,0.9925,nan,nan,16,14,OFF
1790499606.8594184,8,687,1,random,7,2,,0.9933,0.9938,nan,nan,15,14,OFF
1790499607.4757738,6,684,1,random,7,1,,0.9925,0.9925,nan,nan,16,14,OFF
1790499608.2831213,4,608,1,random,7,2,,0.8887,0.8804,nan,nan,15,15,OFF
1790499608.8070126,5,683,1,random,7,2,,0.9931,0.9931,nan,nan,14,16,OFF
1790499610.8593097,9,686,1,random,7,2,,0.9923,0.9931,nan,nan,12,17,OFF
1790499612.4903302,7,684,1,random,7,1,,0.9925,0.9932,nan,nan,13,16,OFF
1790499613.898501,3,672,0,random,7,2,,0.8943,0.8689,nan,nan,12,15,OFF
1790499614.3361878,10,683,1,random,7,2,,0.9915,0.9933,nan,nan,12,16,OFF
1790499614.6638923,1,681,1,random,7,2,,0.9938,0.9914,nan,nan,12,17,OFF
1790499617.6140783,2,676,1,random,7,1,,0.9944,0.9933,nan,nan,13,17,ON
1790499626.9035637,8,688,0,random,7,1,,0.0,0.0,nan,nan,10,14,ON
1790499629.905473,3,673,0,random,7,2,,0.8943,0.0,nan,nan,10,14,ON
1790499629.906417,4,609,0,random,7,1,,0.8789,0.829,nan,nan,11,14,ON
1790499633.9093652,10,684,0,random,7,1,,0.0016,0.0063,nan,nan,12,13,ON
1790499635.9117692,1,682,0,random,7,2,,0.0,0.0,nan,nan,11,13,OFF
1790499639.9693491,3,674,1,random,7,2,,0.9933,0.9901,nan,nan,10,13,OFF
1790499640.365749,5,685,1,random,7,1,,0.0055,0.1473,nan,nan,11,13,OFF
1790499640.862591,7,686,1,random,7,2,,0.9915,0.9916,nan,nan,11,14,OFF
1790499642.9152741,8,689,0,random,7,2,,0.0281,0.0,nan,nan,11,15,OFF
1790499643.0439358,9,688,1,random,7,1,,0.9931,0.9913,nan,nan,12,15,OFF
1790499643.9170861,6,686,0,random,7,1,,0.5438,0.0458,nan,nan,12,15,OFF
1790499644.7606127,1,683,1,random,7,2,,0.9931,0.0,nan,nan,12,16,OFF
1790499647.824262,2,678,1,random,7,2,,0.9943,0.9931,nan,nan,11,17,OFF
1790499652.0307696,6,687,1,random,7,1,,0.9938,0.9931,nan,nan,12,17,OFF
1790499652.6385295,8,690,1,random,7,1,,0.9937,0.9932,nan,nan,13,17,OFF
1790499653.6508126,3,675,1,random,7,1,,0.9933,0.0,nan,nan,14,17,OFF
1790499655.3331783,4,611,1,random,7,1,,0.0302,0.2503,nan,nan,15,17,OFF
1790499656.3156824,9,689,1,random,7,1,,0.9932,0.9933,nan,nan,16,17,OFF
1790499658.7223792,1,684,1,random,7,2,,0.9943,0.9915,nan,nan,16,17,OFF
1790499658.928767,5,686,0,random,7,1,,0.8821,0.9221,nan,nan,16,17,OFF
1790499660.951097,7,687,0,random,7,2,,0.9933,0.9901,nan,nan,15,17,OFF
1790499661.0479991,10,686,1,random,7,2,,0.9882,0.9926,nan,nan,15,18,OFF
1790499663.0868545,2,679,1,random,7,2,,0.9933,0.9915,nan,nan,15,19,OFF
1790499667.5847208,3,676,1,random,7,1,,0.9942,0.9932,nan,nan,15,17,OFF
1790499668.519628,6,688,1,random,7,1,,0.9926,0.9914,nan,nan,16,16,OFF
1790499668.9156616,8,691,1,random,7,2,,0.9881,0.9867,nan,nan,16,16,OFF
1790499669.4253433,4,612,1,random,7,2,,0.9923,0.9899,nan,nan,16,17,OFF
1790499670.3549187,7,688,1,random,7,1,,0.9901,0.9925,nan,nan,17,17,OFF
1790499671.2771773,9,690,1,random,7,1,,0.9916,0.9933,nan,nan,18,16,OFF
1790499672.1088364,1,685,1,random,7,2,,0.9942,0.9924,nan,nan,18,17,OFF
1790499674.8958054,10,687,1,random,7,2,,0.9901,0.9933,nan,nan,17,15,OFF
1790499675.9616873,5,687,0,random,7,1,,0.9869,0.9875,nan,nan,18,15,OFF
1790499678.769446,2,680,1,random,7,1,,0.9943,0.9914,nan,nan,18,15,OFF
1790499681.8155847,3,677,1,random,7,1,,0.9942,0.9915,nan,nan,19,15,OFF
1790499682.643342,8,692,1,random,7,1,,0.9916,0.9938,nan,nan,20,15,OFF
1790499683.2429917,6,689,1,random,7,2,,0.9933,0.9901,nan,nan,20,16,OFF
1790499684.7924907,7,689,1,random,7,2,,0.9942,0.6075,nan,nan,20,17,OFF
1790499685.5162578,1,686,1,random,7,1,,0.9894,0.9819,nan,nan,21,17,OFF
1790499686.014703,9,691,1,random,7,2,,0.9915,0.9938,nan,nan,21,18,ON
1790499690.9688752,5,688,0,random,7,2,,0.9709,0.993,nan,nan,19,18,ON
1790499693.9717066,10,688,0,random,7,2,,0.0,0.0,nan,nan,18,19,ON
1790499698.6131353,6,690,1,random,7,2,,0.9944,0.9924,nan,nan,18,19,OFF
1790499698.974991,2,681,0,random,7,1,,0.0,0.0,nan,nan,19,19,OFF
1790499699.4593604,7,690,1,random,7,1,,0.9925,0.0158,nan,nan,20,19,OFF
1790499699.8624825,5,689,1,random,7,1,,0.9921,0.9915,nan,nan,21,19,OFF
1790499700.353188,4,614,1,random,7,2,,0.9932,0.9912,nan,nan,21,19,OFF
1790499701.3691862,1,687,1,random,7,2,,0.9938,0.9924,nan,nan,20,19,OFF
1790499701.8151338,9,692,1,random,7,1,,0.9925,0.9944,nan,nan,21,19,OFF
1790499701.977044,8,693,0,random,7,1,,0.0,0.0,nan,nan,22,19,OFF
1790499703.62865,10,689,1,random,7,2,,0.9925,0.9933,nan,nan,21,19,OFF
1790499709.889162,2,682,1,random,7,2,,0.9938,0.9941,nan,nan,20,18,OFF
1790499712.1254218,8,694,1,random,7,1,,0.0002,0.0,nan,nan,20,18,OFF
1790499713.4607155,7,691,1,random,7,2,,0.0001,0.0,nan,nan,19,19,OFF
1790499713.9878516,6,691,1,random,7,1,,0.9259,0.9821,nan,nan,19,19,OFF
1790499714.6872337,9,693,1,random,7,2,,0.9912,0.9931,nan,nan,19,20,OFF
1790499716.0436683,1,688,1,random,7,2,,0.9938,0.9925,nan,nan,18,21,OFF
1790499716.434853,4,615,1,random,7,1,,0.9925,0.9938,nan,nan,18,21,OFF
1790499717.899969,10,690,1,random,7,2,,0.9914,0.9942,nan,nan,18,22,OFF
1790499717.9904745,3,679,0,random,7,2,,0.9916,0.9915,nan,nan,18,23,OFF
1790499719.9931796,5,690,0,random,7,2,,0.9901,0.9915,nan,nan,17,23,OFF
1790499725.6481147,2,683,1,random,7,2,,0.9938,0.9939,nan,nan,17,21,OFF
1790499726.5079443,8,695,1,random,7,1,,0.9938,0.9931,nan,nan,18,21,OFF
1790499727.0766203,7,692,1,random,7,1,,0.9868,0.9937,nan,nan,19,21,OFF
1790499728.1083305,3,680,1,random,7,2,,0.9943,0.9925,nan,nan,18,22,OFF
1790499730.7828333,1,689,1,random,7,1,,0.0096,0.0054,nan,nan,17,20,OFF
1790499731.7766705,4,616,1,random,7,2,,0.9932,0.9932,nan,nan,16,21,OFF
1790499732.702403,10,691,1,random,7,1,,0.9915,0.9926,nan,nan,17,20,OFF
1790499735.014823,6,692,0,random,7,2,,0.983,0.9874,nan,nan,17,20,OFF
1790499737.0170286,9,694,0,random,7,2,,0.9933,0.9941,nan,nan,16,21,ON
1790499747.0230823,8,696,0,random,7,2,,0.0,0.0,nan,nan,12,19,ON
1790499748.0248923,2,684,0,random,7,1,,0.9926,0.9916,nan,nan,13,19,ON
1790499751.0272627,6,693,0,random,7,2,,0.0,0.9874,nan,nan,13,19,ON
1790499751.028501,9,695,0,random,7,1,,0.0,0.0,nan,nan,14,19,ON
1790499754.0315087,10,692,0,random,7,2,,0.0016,0.0276,nan,nan,14,19,ON
1790499761.5957067,9,696,1,random,7,1,,0.8999,0.3438,nan,nan,12,16,OFF
1790499761.678125,1,691,1,random,7,2,,0.0,0.0,nan,nan,12,17,OFF
1790499762.6030452,4,618,1,random,7,1,,0.9925,0.9914,nan,nan,11,17,OFF
1790499764.764899,10,693,1,random,7,1,,0.9919,0.994,nan,nan,12,16,OFF
1790499766.038198,5,693,0,random,7,2,,0.0,0.9925,nan,nan,12,17,OFF
1790499775.589687,2,686,1,random,7,1,,0.9942,0.9925,nan,nan,11,14,OFF
1790499776.5585377,6,695,1,random,7,1,,0.9883,0.9901,nan,nan,11,13,OFF
1790499777.149627,5,694,1,random,7,2,,0.9933,0.9933,nan,nan,11,14,OFF
1790499778.2970636,8,698,1,random,7,2,,0.8988,0.8535,nan,nan,11,13,OFF
1790499778.3759027,1,692,1,random,7,2,,0.9933,0.99,nan,nan,11,14,OFF
1790499779.0915842,4,619,1,random,7,2,,0.9923,0.9931,nan,nan,11,15,OFF
1790499780.8259256,10,694,1,random,7,1,,0.9913,0.9938,nan,nan,12,14,OFF
1790499784.0466766,9,697,0,random,7,1,,0.1708,0.0,nan,nan,13,14,OFF
1790499789.5819302,2,687,1,random,7,1,,0.1893,0.8549,nan,nan,12,12,OFF
1790499789.854832,9,698,1,random,7,2,,0.9842,0.9891,nan,nan,12,13,OFF
1790499790.375536,8,699,1,random,7,1,,0.9943,0.9942,nan,nan,13,13,OFF
1790499791.0780594,6,696,1,random,7,1,,0.0,0.0016,nan,nan,13,13,OFF
1790499791.6164782,5,695,1,random,7,2,,0.9933,0.9916,nan,nan,13,14,OFF
1790499793.3686123,1,693,1,random,7,1,,0.0526,0.6824,nan,nan,13,13,OFF
1790499795.0531442,3,684,0,random,7,2,,0.993,0.9898,nan,nan,13,13,OFF
1790499795.3843396,10,695,1,random,7,2,,0.9915,0.9926,nan,nan,13,14,OFF
1790499799.0564857,4,620,0,random,7,1,,0.9915,0.9915,nan,nan,14,13,OFF
1790499802.892529,2,688,1,random,7,2,,0.9938,0.9925,nan,nan,14,14,OFF
1790499803.5727282,8,700,1,random,7,1,,0.9942,0.9925,nan,nan,15,14,OFF
1790499804.8127215,9,699,1,random,7,2,,0.3657,0.0,nan,nan,15,15,OFF
1790499805.336795,3,685,1,random,7,1,,0.9933,0.9901,nan,nan,16,15,OFF
1790499806.3374555,6,697,1,random,7,2,,0.9924,0.9932,nan,nan,16,16,OFF
1790499806.97134,7,697,1,random,7,1,,0.0,0.0,nan,nan,17,16,OFF
1790499807.8140585,5,696,1,random,7,1,,0.9924,0.9937,nan,nan,18,15,OFF
1790499809.1307926,4,621,1,random,7,2,,0.9924,0.9924,nan,nan,17,16,OFF
1790499809.9732609,10,696,1,random,7,1,,0.9937,0.9944,nan,nan,18,16,OFF
1790499867.072961,8,704,1,round-robin,7,1,,0.9,0.9938,nan,nan,1,0,OFF
1790499867.1107342,2,692,1,round-robin,7,1,,0.9,0.8968,nan,nan,2,0,OFF
1790499867.1464958,6,701,1,round-robin,7,1,,0.9,0.9925,nan,nan,3,0,OFF
1790499867.163197,3,689,1,round-robin,7,1,,0.9,0.9938,nan,nan,4,0,OFF
1790499867.4724512,9,703,1,round-robin,7,1,,0.9,0.9925,nan,nan,5,0,OFF
1790499869.0365727,7,701,1,round-robin,7,1,,0.9913,0.0,nan,nan,6,0,OFF
1790499870.2710142,1,698,1,round-robin,7,1,,0.1959,0.0,nan,nan,7,0,OFF
1790499875.52516,5,700,0,round-robin,7,1,,0.0,0.005,nan,nan,8,0,OFF
1790499876.5270922,10,700,0,round-robin,7,1,,0.9878,0.8804,nan,nan,9,0,OFF
1790499881.8353503,2,693,1,round-robin,7,2,,0.0,0.0,nan,nan,9,1,OFF
1790499882.523621,3,690,1,round-robin,7,2,,0.9944,0.9942,nan,nan,9,2,OFF
1790499883.3370466,1,699,1,round-robin,7,2,,0.9938,0.9915,nan,nan,9,3,OFF
1790499884.6061819,7,702,1,round-robin,7,2,,0.8333,0.8689,nan,nan,9,4,OFF
1790499884.6948528,10,701,1,round-robin,7,2,,0.8689,0.8689,nan,nan,9,5,OFF
1790499885.4919877,4,626,1,round-robin,7,1,,0.9937,0.9931,nan,nan,10,5,OFF
1790499885.5285177,8,705,0,round-robin,7,2,,0.9908,0.9942,nan,nan,10,6,OFF
1790499890.5314538,6,702,0,round-robin,7,2,,0.989,0.9915,nan,nan,10,7,ON
1790499891.5332463,5,701,0,round-robin,7,2,,0.8943,0.8705,nan,nan,10,8,ON
1790499903.5370407,9,705,0,round-robin,7,2,,0.9862,0.9925,nan,nan,10,9,OFF
1790499911.624825,6,704,1,round-robin,7,1,,0.2582,0.7333,nan,nan,11,9,OFF
1790499911.8213587,1,701,1,round-robin,7,1,,0.9885,0.979,nan,nan,12,9,OFF
1790499912.5747676,7,704,1,round-robin,7,1,,0.9925,0.9915,nan,nan,13,9,OFF
1790499913.0498993,2,695,1,round-robin,7,1,,0.9926,0.9938,nan,nan,14,9,OFF
1790499913.865953,9,706,1,round-robin,7,1,,0.9931,0.9937,nan,nan,15,9,OFF
1790499914.3688834,10,703,1,round-robin,7,1,,0.0,0.0055,nan,nan,16,9,OFF
1790499915.6203504,5,703,1,round-robin,7,1,,0.9915,0.9933,nan,nan,17,9,OFF
1790499917.5411172,3,692,0,round-robin,7,1,,0.9942,0.9932,nan,nan,18,9,OFF
1790499917.5418832,8,707,0,round-robin,7,1,,0.99,0.9885,nan,nan,19,9,OFF
1790499926.362884,7,705,1,round-robin,7,2,,0.9925,0.0054,nan,nan,19,10,OFF
1790499926.579364,8,708,1,round-robin,7,2,,0.0494,0.9885,nan,nan,19,11,OFF
1790499926.771993,2,696,1,round-robin,7,2,,0.9942,0.9943,nan,nan,19,12,OFF
1790499927.6059237,1,702,1,round-robin,7,2,,0.9933,0.99,nan,nan,14,13,OFF
1790499928.010742,9,707,1,round-robin,7,2,,0.9932,0.9942,nan,nan,14,14,OFF
1790499928.4090657,10,704,1,round-robin,7,2,,0.9922,0.9937,nan,nan,14,15,OFF
1790499929.1262574,5,704,1,round-robin,7,2,,0.9932,0.9933,nan,nan,13,16,OFF
1790499930.550791,6,705,0,round-robin,7,2,,0.9348,0.9917,nan,nan,12,17,OFF
1790499930.6072974,4,629,1,round-robin,7,2,,0.9901,0.9925,nan,nan,12,18,OFF
1790499931.5526476,3,693,0,round-robin,7,2,,0.9899,0.9881,nan,nan,12,19,OFF
1790499940.7139766,6,706,1,round-robin,7,1,,0.9932,0.9931,nan,nan,11,19,OFF
1790499941.621409,3,694,1,round-robin,7,1,,0.9938,0.99,nan,nan,12,19,OFF
1790499942.0301824,2,697,1,round-robin,7,1,,0.9938,0.9916,nan,nan,13,18,OFF
1790499942.4803743,7,706,1,round-robin,7,1,,0.9938,0.9924,nan,nan,14,18,OFF
1790499943.7955875,10,705,1,round-robin,7,1,,0.99,0.9926,nan,nan,15,16,OFF
1790499943.807005,8,709,1,round-robin,7,1,,0.0,0.0,nan,nan,16,16,OFF
1790499944.1698377,9,708,1,round-robin,7,1,,0.9925,0.9937,nan,nan,17,16,OFF
1790499944.680375,5,705,1,round-robin,7,1,,0.9943,0.9941,nan,nan,18,15,OFF
1790499946.62952,4,630,1,round-robin,7,1,,0.9942,0.9932,nan,nan,18,13,OFF
1790499949.5609474,1,703,0,round-robin,7,1,,0.9938,0.9899,nan,nan,19,13,OFF
1790499956.6065526,7,707,1,round-robin,7,2,,0.9938,0.8957,nan,nan,19,12,OFF
1790499956.632244,2,698,1,round-robin,7,2,,0.0,0.0002,nan,nan,19,13,OFF
1790499956.772554,3,695,1,round-robin,7,2,,0.0016,0.9938,nan,nan,19,14,OFF
1790499958.1070178,10,706,1,round-robin,7,2,,0.9932,0.9942,nan,nan,19,15,OFF
1790499959.1322014,9,709,1,round-robin,7,2,,0.9938,0.9944,nan,nan,19,16,OFF
1790499959.5412483,1,704,1,round-robin,7,2,,0.9933,0.99,nan,nan,19,17,ON
1790499963.5695536,5,706,0,round-robin,7,2,,0.9926,0.9926,nan,nan,19,17,ON
1790499963.570576,8,710,0,round-robin,7,2,,0.0,0.0,nan,nan,19,18,ON
1790499980.577738,1,705,0,round-robin,7,1,,0.0,0.0,nan,nan,11,18,OFF
1790499983.579936,4,632,0,round-robin,7,2,,0.0,0.0,nan,nan,11,19,OFF
1790499986.0781043,7,709,1,round-robin,7,1,,0.9915,0.9933,nan,nan,12,19,OFF
1790499986.3927245,10,708,1,round-robin,7,1,,0.9938,0.9926,nan,nan,13,18,OFF
1790499987.6900966,3,697,1,round-robin,7,1,,0.9943,0.9931,nan,nan,14,15,OFF
1790499989.3244145,5,708,1,round-robin,7,1,,0.9926,0.9933,nan,nan,15,12,OFF
1790499990.3475344,9,711,1,round-robin,7,1,,0.9941,0.9916,nan,nan,16,12,OFF
1790499991.5957503,6,709,0,round-robin,7,2,,0.0,0.0,nan,nan,16,10,OFF
1790499991.6187024,1,706,1,round-robin,7,2,,0.9894,0.9841,nan,nan,16,11,OFF
1790499994.356824,4,633,1,round-robin,7,1,,0.991,0.9901,nan,nan,17,11,OFF
1790499996.5991468,8,712,0,round-robin,7,1,,0.0,0.0,nan,nan,18,11,OFF
1790499999.8921025,7,710,1,round-robin,7,2,,0.9914,0.9913,nan,nan,18,12,OFF
1790500000.9124901,10,709,1,round-robin,7,2,,0.9548,0.6602,nan,nan,17,13,OFF
1790500001.5135818,6,710,1,round-robin,7,1,,0.9937,0.9922,nan,nan,18,13,OFF
1790500002.3475573,2,701,1,round-robin,7,1,,0.9938,0.9938,nan,nan,17,13,OFF
1790500003.9827192,3,698,1,round-robin,7,2,,0.9942,0.9933,nan,nan,14,14,OFF
1790500006.4472723,8,713,1,round-robin,7,2,,0.0,0.0,nan,nan,12,15,OFF
1790500006.9841614,1,707,1,round-robin,7,1,,0.9938,0.9914,nan,nan,12,15,OFF
1790500008.604938,5,709,0,round-robin,7,2,,0.0,0.0,nan,nan,12,16,OFF
1790500008.605719,9,712,0,round-robin,7,2,,0.9933,0.9941,nan,nan,12,17,OFF
1790500010.157016,4,634,1,round-robin,7,2,,0.9925,0.9899,nan,nan,11,18,OFF
1790500020.6117508,7,711,0,round-robin,7,1,,0.0,0.96,nan,nan,12,12,ON
1790500021.6133037,10,710,0,round-robin,7,1,,0.9548,0.0022,nan,nan,13,12,ON
1790500023.615703,5,710,0,round-robin,7,1,,0.0,0.0,nan,nan,14,10,ON
1790500026.6182034,1,708,0,round-robin,7,2,,0.9883,0.9881,nan,nan,14,11,ON
1790500035.6277642,7,712,0,round-robin,7,2,,0.0,0.0,nan,nan,14,12,OFF
1790500037.0586793,1,709,1,round-robin,7,1,,0.9938,0.9914,nan,nan,15,12,OFF
1790500038.0739381,8,715,1,round-robin,7,1,,0.9941,0.9944,nan,nan,16,12,OFF
1790500039.5167923,4,636,1,round-robin,7,1,,0.9914,0.9915,nan,nan,17,12,OFF
1790500039.630281,5,711,0,round-robin,7,2,,0.0,0.0,nan,nan,17,13,OFF
1790500040.6329858,2,703,0,round-robin,7,2,,0.0,0.0,nan,nan,16,14,OFF
1790500046.1744518,7,713,1,round-robin,7,1,,0.9843,0.9857,nan,nan,16,13,OFF
1790500047.636594,10,712,1,round-robin,7,2,,0.9914,0.9915,nan,nan,15,14,OFF
1790500048.6647778,3,701,1,round-robin,7,1,,0.9933,0.9901,nan,nan,15,14,OFF
1790500050.247947,5,712,1,round-robin,7,1,,0.9942,0.9938,nan,nan,15,14,OFF
1790500051.6515882,6,713,0,round-robin,7,2,,0.9932,0.9943,nan,nan,14,13,OFF
1790500051.7420287,8,716,1,round-robin,7,2,,0.9915,0.9915,nan,nan,14,14,OFF
1790500054.5815918,4,637,1,round-robin,7,2,,0.9901,0.9914,nan,nan,13,15,OFF
1790500056.6552992,9,715,0,round-robin,7,1,,0.8535,0.8535,nan,nan,13,15,OFF
1790500056.6562357,2,704,0,round-robin,7,1,,0.9888,0.9881,nan,nan,14,15,OFF
1790500058.6586564,1,710,0,round-robin,7,2,,0.9944,0.9941,nan,nan,14,16,OFF
1790500060.2025979,7,714,1,round-robin,7,2,,0.9818,0.0,nan,nan,14,16,OFF
1790500060.5275671,10,713,1,round-robin,7,1,,0.9452,0.9925,nan,nan,15,16,OFF
1790500061.5222538,3,702,1,round-robin,7,2,,0.9942,0.9925,nan,nan,14,16,OFF
1790500062.3438907,6,714,1,round-robin,7,1,,0.9942,0.9925,nan,nan,15,16,OFF
1790500062.8700445,5,713,1,round-robin,7,2,,0.9941,0.9937,nan,nan,14,17,OFF
1790500064.8105242,8,717,1,round-robin,7,1,,0.9925,0.9942,nan,nan,15,16,OFF
1790500066.4449263,1,711,1,round-robin,7,1,,0.9885,0.9805,nan,nan,16,16,OFF
1790500067.8812134,2,705,1,round-robin,7,2,,0.9938,0.9925,nan,nan,15,16,OFF
1790500069.2017233,4,638,1,round-robin,7,1,,0.99,0.988,nan,nan,16,14,OFF
1790500071.6703856,9,716,0,round-robin,7,2,,0.9805,0.9833,nan,nan,16,14,OFF
1790500073.8250942,7,715,1,round-robin,7,1,,0.9901,0.9901,nan,nan,17,14,OFF
1790500074.9730406,10,714,1,round-robin,7,2,,0.9932,0.9925,nan,nan,17,15,OFF
1790500076.996572,6,715,1,round-robin,7,2,,0.9925,0.9925,nan,nan,17,16,OFF
1790500077.7126577,3,703,1,round-robin,7,1,,0.9902,0.9901,nan,nan,18,16,OFF
1790500078.4607182,5,714,1,round-robin,7,1,,0.9925,0.9937,nan,nan,19,16,OFF
1790500081.762048,8,718,1,round-robin,7,2,,0.9938,0.9932,nan,nan,17,17,OFF
1790500082.015634,1,712,1,round-robin,7,2,,0.9926,0.99,nan,nan,17,18,OFF
1790500082.4130993,9,717,1,round-robin,7,1,,0.9932,0.9925,nan,nan,18,18,OFF
1790500084.1723204,2,706,1,round-robin,7,1,,0.0097,0.99,nan,nan,18,18,OFF
1790500088.8033571,10,715,1,round-robin,7,1,,0.9845,0.9914,nan,nan,19,17,OFF
1790500089.3791125,7,716,1,round-robin,7,2,,0.9925,0.9915,nan,nan,19,18,OFF
1790500089.678901,4,639,0,round-robin,7,2,,0.9901,0.9901,nan,nan,19,19,OFF
1790500092.576538,6,716,1,round-robin,7,1,,0.9915,0.9938,nan,nan,20,19,OFF
1790500093.4223816,5,715,1,round-robin,7,2,,0.9942,0.9924,nan,nan,20,20,ON
1790500094.231026,3,704,1,round-robin,7,2,,0.9916,0.9915,nan,nan,20,21,ON
1790500100.6854215,9,718,0,round-robin,7,2,,0.9925,0.9915,nan,nan,17,19,ON
1790500110.690984,7,717,0,round-robin,7,1,,0.0,0.9915,nan,nan,15,18,OFF
1790500115.2875717,2,708,1,round-robin,7,2,,0.9942,0.9938,nan,nan,15,16,OFF
1790500115.6946168,3,705,0,round-robin,7,1,,0.97,0.9855,nan,nan,16,16,OFF
1790500115.6972423,9,719,0,round-robin,7,1,,0.0,0.0,nan,nan,17,16,OFF
1790500116.9389026,4,641,1,round-robin,7,1,,0.9882,0.9881,nan,nan,16,16,OFF
1790500120.2376893,10,717,1,round-robin,7,2,,0.9932,0.9925,nan,nan,16,15,OFF
1790500120.9203618,7,718,1,round-robin,7,2,,0.9942,0.9915,nan,nan,15,16,OFF
1790500123.7955043,6,718,1,round-robin,7,2,,0.9933,0.9925,nan,nan,14,15,OFF
1790500125.1459615,3,706,1,round-robin,7,2,,0.8887,0.8333,nan,nan,13,16,OFF
1790500125.4384205,9,720,1,round-robin,7,2,,0.9931,0.9925,nan,nan,13,17,OFF
1790500126.4684525,8,721,1,round-robin,7,1,,0.9938,0.9901,nan,nan,13,17,OFF
1790500126.9848318,1,715,1,round-robin,7,1,,0.9933,0.9901,nan,nan,14,17,OFF
1790500129.762313,2,709,1,round-robin,7,1,,0.9942,0.9925,nan,nan,14,16,OFF
1790500132.616776,4,642,1,round-robin,7,2,,0.9901,0.9914,nan,nan,14,16,OFF
1790500135.694384,10,718,1,round-robin,7,1,,0.9925,0.9924,nan,nan,14,15,OFF
1790500136.6200345,7,719,1,round-robin,7,1,,0.9938,0.99,nan,nan,15,15,OFF
1790500138.0506895,6,719,1,round-robin,7,1,,0.0004,0.0054,nan,nan,15,14,OFF
1790500139.786674,9,721,1,round-robin,7,1,,0.9925,0.9913,nan,nan,15,14,OFF
1790500139.8192825,5,718,1,round-robin,7,1,,0.9942,0.9937,nan,nan,16,14,OFF
1790500141.417203,1,716,1,round-robin,7,2,,0.9938,0.9915,nan,nan,16,15,OFF
1790500143.4561574,2,710,1,round-robin,7,2,,0.9942,0.9925,nan,nan,15,14,OFF
1790500143.712512,3,707,0,round-robin,7,1,,0.9904,0.9841,nan,nan,16,14,OFF
1790500146.7157521,8,722,0,round-robin,7,2,,0.9933,0.9915,nan,nan,15,15,OFF
1790500147.1631153,4,643,1,round-robin,7,1,,0.9914,0.9933,nan,nan,16,15,OFF
1790500150.322403,7,720,1,round-robin,7,2,,0.9916,0.9914,nan,nan,15,14,OFF
1790500152.267381,10,719,1,round-robin,7,2,,0.9913,0.9932,nan,nan,15,15,OFF
1790500193.6205037,4,646,1,state-aware,7,2,,0.9882,0.99,0.9882,0.99,0,1,OFF
1790500195.780835,7,723,1,state-aware,7,1,,0.9931,0.9914,0.9931,0.9914,1,1,OFF
1790500198.2424395,6,723,1,state-aware,7,2,,0.9915,0.9938,0.9915,0.9938,1,2,OFF
1790500199.5673094,10,722,1,state-aware,7,1,,0.9924,0.9923,0.9924,0.9923,2,2,OFF
1790500199.921485,3,711,1,state-aware,7,1,,0.9933,0.9901,0.9933,0.9901,3,2,OFF
1790500201.2079613,9,725,1,state-aware,7,2,,0.9932,0.9938,0.9932,0.9938,3,3,OFF
1790500201.8360424,1,720,1,state-aware,7,1,,0.9933,0.9881,0.9933,0.9881,4,3,OFF
1790500202.241367,5,722,1,state-aware,7,1,,0.9915,0.9915,0.9915,0.9915,5,3,OFF
1790500202.9575696,8,726,1,state-aware,7,1,,0.9925,0.9925,0.9925,0.9925,6,3,OFF
1790500204.2759616,2,714,1,state-aware,7,2,,0.9915,0.9925,0.9915,0.9925,6,4,OFF
1790500209.4388833,4,647,1,state-aware,7,1,,0.9882,0.9901,0.9882,0.9251,7,4,OFF
1790500210.9529948,7,724,1,state-aware,7,2,,0.9915,0.9915,0.9262,0.9915,7,5,OFF
1790500212.0648582,6,724,1,state-aware,7,1,,0.9932,0.9932,0.9932,0.9277,8,5,OFF
1790500212.6052065,3,712,1,state-aware,7,2,,0.9944,0.9932,0.9286,0.9932,8,6,OFF
1790500214.15664,9,726,1,state-aware,7,1,,0.9932,0.9942,0.9932,0.9285,9,6,OFF
1790500215.674437,1,721,1,state-aware,7,2,,0.9942,0.9924,0.9285,0.9924,9,7,OFF
1790500216.2527573,5,723,1,state-aware,7,2,,0.9613,0.9914,0.9011,0.9914,9,8,ON
1790500217.0182052,8,727,1,state-aware,7,2,,0.9933,0.9943,0.9277,0.9943,9,9,ON
1790500218.3114648,2,715,1,state-aware,7,1,,0.9915,0.9938,0.9915,0.9282,10,9,ON
1790500221.1817205,10,723,0,state-aware,7,2,,0.9924,0.946,0.8937,0.946,10,10,ON
1790500232.1336613,1,722,1,state-aware,7,1,,0.9943,0.9925,0.9286,0.8937,11,10,OFF
1790500233.0657473,2,716,1,state-aware,7,1,,0.9942,0.8968,0.9285,0.8473,12,10,OFF
1790500233.577814,8,728,1,state-aware,7,1,,0.9926,0.9915,0.9272,0.8929,13,10,OFF
1790500236.1857371,10,724,0,state-aware,7,2,,0.0279,0.0279,0.0899,0.0899,13,11,OFF
1790500237.1890485,5,724,0,state-aware,7,1,,0.9914,0.9926,0.9262,0.8938,14,11,OFF
1790500239.6345973,4,649,1,state-aware,7,1,,0.9867,0.9802,0.9867,0.9168,15,11,OFF
1790500242.0019317,6,726,1,state-aware,7,1,,0.9937,0.9932,0.9937,0.9277,16,11,OFF
1790500242.9845817,9,728,1,state-aware,7,1,,0.9916,0.9925,0.9916,0.9271,17,11,OFF
1790500244.530876,3,714,1,state-aware,7,2,,0.9938,0.9925,0.9282,0.9925,17,12,OFF
1790500245.1924093,7,726,0,state-aware,7,2,,0.9805,0.979,0.9171,0.979,17,13,OFF
1790500246.4656181,1,723,1,state-aware,7,1,,0.9915,0.9914,0.9025,0.8929,18,13,OFF
1790500246.9903383,10,725,1,state-aware,7,1,,0.99,0.9912,0.8917,0.7994,19,13,OFF
1790500247.6023374,5,725,1,state-aware,7,2,,0.9925,0.9932,0.8461,0.8943,19,14,OFF
1790500249.1344664,2,717,1,state-aware,7,2,,0.9938,0.9942,0.9042,0.9285,19,15,OFF
1790500252.3122544,4,650,1,state-aware,7,1,,0.9924,0.99,0.927,0.925,20,15,OFF
1790500254.2013962,8,729,0,state-aware,7,1,,0.9938,0.9915,0.9041,0.8929,21,14,OFF
1790500254.867753,6,727,1,state-aware,7,1,,0.9933,0.9932,0.9277,0.9277,22,14,OFF
1790500255.6833363,7,727,1,state-aware,7,1,,0.9941,0.9914,0.9284,0.8928,23,14,OFF
1790500257.2283158,9,729,1,state-aware,7,1,,0.9942,0.9933,0.9285,0.9278,23,14,OFF
1790500259.170805,3,715,1,state-aware,7,1,,0.9938,0.9925,0.9282,0.9271,24,13,OFF
1790500259.6846204,10,726,1,state-aware,7,1,,0.9914,0.9932,0.8567,0.8009,24,13,OFF
1790500261.057697,1,724,1,state-aware,7,1,,0.9941,0.9899,0.9003,0.8916,24,13,OFF
1790500263.0658925,2,718,1,state-aware,7,2,,0.9933,0.9938,0.9038,0.9042,21,13,OFF
1790500263.6760519,5,726,1,state-aware,7,2,,0.9933,0.9942,0.8466,0.8587,21,14,OFF
1790500264.1110985,8,730,1,state-aware,7,2,,0.9938,0.9943,0.8251,0.8952,21,15,OFF
1790500266.3753605,4,651,1,state-aware,7,2,,0.9882,0.9933,0.9001,0.9278,21,15,OFF
1790500270.2593865,7,728,1,state-aware,7,1,,0.9902,0.9901,0.9016,0.8918,21,15,OFF
1790500270.8377721,9,730,1,state-aware,7,1,,0.0,0.0,0.1943,0.1,22,15,OFF
1790500272.710042,3,716,1,state-aware,7,2,,0.9938,0.9901,0.9042,0.9251,21,14,OFF
1790500274.3623812,10,727,1,state-aware,7,1,,0.9925,0.9933,0.8513,0.8009,21,14,OFF
1790500274.7318223,1,725,1,state-aware,7,1,,0.9942,0.9913,0.9057,0.8928,22,14,OFF
1790500276.9081295,2,719,1,state-aware,7,1,,0.9925,0.9925,0.9032,0.8993,23,12,OFF
1790500278.2217972,5,727,1,state-aware,7,2,,0.9942,0.9941,0.8473,0.8523,23,12,OFF
1790500278.6337316,8,731,1,state-aware,7,1,,0.0,0.0166,0.204,0.1604,23,12,OFF
1790500279.1692615,4,652,1,state-aware,7,1,,0.9916,0.9899,0.9025,0.9014,24,12,OFF
1790500283.441048,7,729,1,state-aware,7,1,,0.9932,0.9932,0.8998,0.8943,25,11,OFF
1790500285.4927468,9,731,1,state-aware,7,2,,0.9939,0.9926,0.9002,0.9271,25,12,ON
1790500286.3122232,3,717,1,state-aware,7,1,,0.9938,0.99,0.9042,0.9014,26,12,ON
1790500296.2315943,2,720,0,state-aware,7,1,,0.9938,0.9925,0.9001,0.8993,24,11,ON
1790500299.2340868,8,732,0,state-aware,7,1,,0.0,0.0,0.1934,0.1486,24,11,ON
1790500304.2374454,7,730,0,state-aware,7,1,,0.0008,0.0008,0.265,0.0673,22,11,ON
1790500307.2396126,9,732,0,state-aware,7,1,,0.3668,0.0,0.5082,0.1371,21,9,OFF
1790500308.9405298,5,729,1,state-aware,7,2,,0.9941,0.9942,0.8472,0.8524,21,9,OFF
1790500310.2718315,4,654,1,state-aware,7,1,,0.9941,0.9914,0.9043,0.9024,22,8,OFF
1790500311.2474773,2,721,0,state-aware,7,2,,0.8545,0.9821,0.7392,0.8928,22,9,OFF
1790500314.2679973,7,731,1,state-aware,7,2,,0.9926,0.9901,0.7344,0.8917,20,10,OFF
1790500317.3347912,9,733,1,state-aware,7,2,,0.9878,0.9833,0.8133,0.8395,17,11,OFF
1790500317.7272453,10,730,1,state-aware,7,1,,0.9925,0.9924,0.8513,0.8003,18,11,OFF
1790500319.1754735,6,731,1,state-aware,7,1,,0.8903,0.8707,0.8419,0.8256,18,11,OFF
1790500322.2510896,3,719,0,state-aware,7,1,,0.9896,0.9868,0.9012,0.8991,17,11,OFF
1790500322.6587586,2,722,1,state-aware,7,1,,0.9938,0.9924,0.8166,0.8159,18,11,OFF
1790500324.253442,1,728,0,state-aware,7,1,,0.9933,0.99,0.9053,0.8917,19,8,OFF
1790500325.0346558,5,730,1,state-aware,7,1,,0.9938,0.9925,0.847,0.7704,20,8,OFF
1790500328.392139,7,732,1,state-aware,7,2,,0.9933,0.9915,0.7347,0.8568,20,8,OFF
1790500330.2567687,4,655,0,state-aware,7,1,,0.0001,0.0008,0.2791,0.1949,21,8,OFF
1790500330.2575352,8,734,0,state-aware,7,1,,0.0,0.0,0.1934,0.1486,22,8,OFF
1790500332.0899653,10,731,1,state-aware,7,1,,0.0,0.0,0.3079,0.0914,21,8,OFF
1790500332.8417962,3,720,1,state-aware,7,2,,0.9938,0.9915,0.8251,0.9025,21,8,OFF
1790500333.9481869,1,729,1,state-aware,7,2,,0.8887,0.9914,0.7625,0.8928,21,9,OFF
1790500337.2618673,9,734,0,state-aware,7,1,,0.9931,0.991,0.8162,0.7634,19,9,OFF
1790500337.4367816,2,723,1,state-aware,7,2,,0.9941,0.9924,0.7351,0.8159,19,10,OFF
1790500339.264554,6,732,0,state-aware,7,2,,0.9886,0.9844,0.8433,0.9203,17,10,ON
1790500340.8867228,5,731,1,state-aware,7,2,,0.0492,0.0168,0.1748,0.2284,17,11,ON
1790500346.268474,4,656,0,state-aware,7,2,,0.9833,0.979,0.8108,0.8936,16,11,ON
1790500346.2713685,8,735,0,state-aware,7,2,,0.985,0.985,0.6666,0.8521,16,12,ON
1790500350.6274726,6,733,1,state-aware,7,1,,0.994,0.8804,0.8471,0.766,16,12,OFF
1790500352.275622,10,732,0,state-aware,7,2,,0.0,0.7741,0.2771,0.6444,16,13,OFF
1790500352.575471,2,724,1,state-aware,7,1,,0.9942,0.9925,0.7352,0.7343,17,13,OFF
1790500356.167669,8,736,1,state-aware,7,2,,0.0,0.7943,0.1741,0.6524,17,14,OFF
1790500356.2772982,1,730,0,state-aware,7,2,,0.0038,0.9914,0.32,0.7995,16,15,OFF
1790500356.5569696,5,732,1,state-aware,7,1,,0.8887,0.967,0.6995,0.6806,17,15,OFF
1790500359.3617694,7,734,1,state-aware,7,2,,0.9942,0.9922,0.7352,0.8573,16,16,OFF
1790500361.7821507,3,722,1,state-aware,7,2,,0.9942,0.9925,0.8254,0.9032,16,17,OFF
1790500362.2932284,10,733,1,state-aware,7,1,,0.9923,0.9924,0.7733,0.7162,17,17,OFF
1790500363.5238464,9,736,1,state-aware,7,1,,0.9932,0.9924,0.8163,0.7642,18,17,OFF
1790500366.488945,1,731,1,state-aware,7,1,,0.994,0.992,0.8151,0.716,18,17,OFF
1790500370.0659418,2,725,1,state-aware,7,2,,0.9933,0.9901,0.6593,0.7332,17,17,OFF
1790500370.992104,5,733,1,state-aware,7,2,,0.0,0.8122,0.2254,0.6032,16,18,OFF
1790500371.298608,6,734,0,state-aware,7,2,,0.9942,0.9912,0.7654,0.8451,16,18,OFF
1790500371.9228637,8,737,1,state-aware,7,2,,0.9901,0.9925,0.6691,0.6993,16,19,OFF
1790500373.4844382,7,735,1,state-aware,7,2,,0.9931,0.9901,0.7346,0.8498,16,20,OFF
1790500375.3173838,3,723,1,state-aware,7,2,,0.9942,0.9914,0.8254,0.8986,16,20,OFF
1790500376.3197575,4,658,0,state-aware,7,2,,0.991,0.9892,0.8151,0.9009,16,21,OFF
1790500379.5280356,10,734,1,state-aware,7,2,,0.9899,0.9914,0.6918,0.7156,14,21,OFF
1790500379.7904665,9,737,1,state-aware,7,2,,0.9914,0.9914,0.7338,0.7636,14,22,OFF
1790500381.9416492,1,732,1,state-aware,7,1,,0.9943,0.9931,0.7296,0.7167,15,22,OFF
1790500382.5808265,6,735,1,state-aware,7,1,,0.9942,0.9924,0.7653,0.7642,15,22,OFF
1790500383.0874212,2,726,1,state-aware,7,2,,0.9933,0.9901,0.6593,0.7669,14,23,OFF
1790500384.3219583,5,734,1,state-aware,7,1,,0.993,0.9933,0.7771,0.7326,14,23,OFF
1790500385.854906,4,659,1,state-aware,7,2,,0.9898,0.9931,0.8144,0.8247,13,24,OFF
1790500387.1745877,8,738,1,state-aware,7,1,,0.9937,0.9943,0.6709,0.6303,14,24,OFF
1790500388.850703,7,736,1,state-aware,7,2,,0.9943,0.9923,0.7352,0.7703,14,24,OFF
1790500391.2564628,3,724,1,state-aware,7,1,,0.9944,0.9925,0.8255,0.8159,13,24,OFF
1790500393.6573944,10,735,1,state-aware,7,2,,0.9938,0.9915,0.6936,0.7307,12,24,ON
1790500394.574831,9,738,1,state-aware,7,2,,0.9933,0.9925,0.7347,0.7768,12,24,ON
1790500406.3335373,8,739,0,state-aware,7,1,,0.0,0.0,0.261,0.1331,12,19,ON
1790500413.3382254,9,739,0,state-aware,7,2,,0.016,0.9821,0.2461,0.7939,10,19,OFF
1790500417.3417459,6,737,0,state-aware,7,1,,0.0556,0.0265,0.1787,0.1606,10,17,OFF
1790500417.6038826,7,738,1,state-aware,7,1,,0.9823,0.4875,0.7292,0.4899,11,17,OFF
1790500419.3442278,1,734,0,state-aware,7,1,,0.9933,0.9901,0.7291,0.7148,12,17,OFF
1790500420.3460126,4,661,0,state-aware,7,2,,0.9842,0.9719,0.8113,0.8114,12,17,OFF
1790500420.346912,2,728,0,state-aware,7,2,,0.0313,0.9938,0.222,0.7686,12,18,OFF
1790500420.9803503,3,726,1,state-aware,7,1,,0.9943,0.9932,0.8255,0.8163,13,18,OFF
1790500422.3511844,5,736,0,state-aware,7,1,,0.9896,0.9842,0.7752,0.7285,13,17,OFF
1790500422.550545,9,740,1,state-aware,7,1,,0.9925,0.9925,0.7343,0.7154,14,17,OFF
1790500423.352694,8,740,0,state-aware,7,1,,0.9875,0.9877,0.6348,0.627,15,17,OFF
1790500425.063544,10,737,1,state-aware,7,2,,0.9925,0.9925,0.693,0.7313,14,18,OFF
1790500426.6408508,6,738,1,state-aware,7,2,,0.994,0.9929,0.6888,0.7646,13,19,OFF
1790500429.680984,4,662,1,state-aware,7,1,,0.99,0.9915,0.8145,0.7443,14,19,OFF
1790500430.192126,1,735,1,state-aware,7,2,,0.9926,0.9901,0.6511,0.7148,14,19,OFF
1790500430.4914732,2,729,1,state-aware,7,2,,0.0009,0.0,0.2082,0.2711,14,20,OFF
1790500430.997444,7,739,1,state-aware,7,1,,0.9823,0.0016,0.7634,0.2199,15,19,OFF
1790500433.8616815,8,741,1,state-aware,7,2,,0.9933,0.9937,0.5705,0.63,15,17,OFF
1790500434.403454,3,727,1,state-aware,7,1,,0.9939,0.9915,0.8345,0.8154,16,17,OFF
1790500436.3603654,5,737,0,state-aware,7,2,,0.994,0.9934,0.6999,0.7327,16,16,OFF
1790500436.7144117,9,741,1,state-aware,7,1,,0.9915,0.9901,0.7676,0.7144,17,16,OFF
1790500439.4106896,10,738,1,state-aware,7,2,,0.9914,0.9938,0.6925,0.7588,17,17,OFF
1790500440.3139732,6,739,1,state-aware,7,2,,0.9942,0.9915,0.6889,0.7763,17,16,OFF
1790500444.7667027,2,730,1,state-aware,7,2,,0.0,0.0,0.2078,0.3519,14,16,OFF
1790500445.5387743,4,663,1,state-aware,7,2,,0.9912,0.993,0.7337,0.7451,14,17,OFF
1790500446.248195,5,738,1,state-aware,7,1,,0.9938,0.9938,0.6998,0.6546,15,16,OFF
1790500447.1712976,3,728,1,state-aware,7,1,,0.9944,0.9914,0.8513,0.8153,16,16,OFF
1790500449.5323548,9,742,1,state-aware,7,1,,0.9933,0.9915,0.8016,0.715,16,15,OFF
1790500450.3439827,8,742,1,state-aware,7,1,,0.9938,0.9943,0.5707,0.5681,17,15,OFF
1790500450.3698583,1,736,0,state-aware,7,1,,0.9914,0.9901,0.6506,0.6411,18,15,OFF
1790500451.3717918,7,740,0,state-aware,7,1,,0.9823,0.0,0.797,0.219,18,15,OFF
1790500453.522697,6,740,1,state-aware,7,2,,0.9933,0.9925,0.6884,0.7991,18,16,ON
1790500454.2437286,10,739,1,state-aware,7,2,,0.9926,0.9938,0.693,0.7894,18,16,ON
1790500468.3821046,3,729,0,state-aware,7,1,,0.0161,0.0,0.4254,0.2645,18,15,ON
1790500473.385895,6,741,0,state-aware,7,1,,0.9933,0.0553,0.6884,0.3986,19,14,OFF
1790500475.3430715,4,665,1,state-aware,7,2,,0.9901,0.9901,0.7331,0.7435,19,15,OFF
1790500477.092858,7,742,1,state-aware,7,1,,0.9868,0.0,0.7989,0.219,20,15,OFF
1790500477.5965798,1,738,1,state-aware,7,1,,0.221,0.0,0.3296,0.091,20,15,OFF
1790500478.5124714,5,740,1,state-aware,7,1,,0.9938,0.9923,0.6998,0.654,20,15,OFF
1790500480.4081993,2,732,0,state-aware,7,2,,0.8991,0.9018,0.6165,0.6987,19,14,OFF
1790500480.4625154,9,744,1,state-aware,7,1,,0.9931,0.9914,0.8016,0.715,20,14,OFF
1790500482.821009,8,744,1,state-aware,7,1,,0.9926,0.9933,0.5702,0.5677,18,14,OFF
1790500521.9298174,4,668,1,round-robin,8,1,,0.9925,0.9915,nan,nan,1,0,OFF
1790500522.541968,2,735,1,round-robin,8,1,,0.8689,0.8896,nan,nan,2,0,OFF
1790500523.18297,5,743,1,round-robin,8,1,,0.9858,0.9924,nan,nan,3,0,OFF
1790500523.6619995,3,733,1,round-robin,8,1,,0.9831,0.9145,nan,nan,4,0,OFF
1790500524.4717522,9,747,1,round-robin,8,1,,0.9925,0.9938,nan,nan,5,0,OFF
1790500528.901092,7,745,0,round-robin,8,1,,0.9878,0.1054,nan,nan,6,0,OFF
1790500530.2360537,8,747,1,round-robin,8,1,,0.9925,0.9915,nan,nan,7,0,OFF
1790500530.8529713,6,745,1,round-robin,8,1,,0.9915,0.9933,nan,nan,8,0,OFF
1790500532.176534,10,744,1,round-robin,8,1,,0.9924,0.9938,nan,nan,9,0,OFF
1790500536.884594,3,734,1,round-robin,8,2,,0.0016,0.8834,nan,nan,9,1,OFF
1790500537.4225519,1,742,1,round-robin,8,1,,0.978,0.9833,nan,nan,10,1,OFF
1790500540.1471324,7,746,1,round-robin,8,2,,0.9943,0.9933,nan,nan,10,2,OFF
1790500543.5344946,8,748,1,round-robin,8,2,,0.9933,0.9942,nan,nan,10,3,OFF
1790500543.9043677,2,736,0,round-robin,8,2,,0.8887,0.8937,nan,nan,10,4,OFF
1790500543.905486,9,748,0,round-robin,8,2,,0.9925,0.9943,nan,nan,10,5,OFF
1790500545.4145517,6,746,1,round-robin,8,2,,0.9942,0.0,nan,nan,10,6,OFF
1790500550.9086413,10,745,0,round-robin,8,2,,0.9882,0.9926,nan,nan,10,7,ON
1790500551.4310572,1,743,1,round-robin,8,2,,0.9938,0.9925,nan,nan,10,8,ON
1790500552.0444465,3,735,1,round-robin,8,1,,0.9941,0.9914,nan,nan,11,8,ON
1790500552.7629292,5,745,1,round-robin,8,2,,0.9605,0.9772,nan,nan,11,9,ON
1790500559.9120562,2,737,0,round-robin,8,1,,0.0,0.0,nan,nan,12,9,ON
1790500560.9138298,7,747,0,round-robin,8,1,,0.0279,0.0957,nan,nan,13,9,ON
1790500573.9319408,3,736,0,round-robin,8,2,,0.1625,0.1624,nan,nan,13,10,OFF
1790500574.5779338,6,748,1,round-robin,8,1,,0.9937,0.9937,nan,nan,14,10,OFF
1790500575.9199016,7,748,0,round-robin,8,2,,0.0,0.0,nan,nan,14,11,OFF
1790500577.0294995,10,747,1,round-robin,8,1,,0.99,0.9926,nan,nan,15,11,OFF
1790500581.412688,5,747,1,round-robin,8,1,,0.9943,0.9932,nan,nan,16,11,OFF
1790500581.6404412,1,745,1,round-robin,8,1,,0.9932,0.991,nan,nan,17,11,OFF
1790500583.1781487,3,737,1,round-robin,8,1,,0.9938,0.9915,nan,nan,16,11,OFF
1790500583.6843164,9,751,1,round-robin,8,1,,0.9915,0.9916,nan,nan,15,11,OFF
1790500585.2606232,2,739,1,round-robin,8,2,,0.7877,0.9933,nan,nan,14,12,OFF
1790500585.7204168,7,749,1,round-robin,8,1,,0.9931,0.9938,nan,nan,15,12,OFF
1790500586.5501068,8,751,1,round-robin,8,1,,0.9915,0.9933,nan,nan,16,12,OFF
1790500590.8486657,6,749,1,round-robin,8,2,,0.9925,0.9915,nan,nan,14,13,OFF
1790500591.6705868,10,748,1,round-robin,8,2,,0.9924,0.9933,nan,nan,13,14,OFF
1790500591.9375799,4,672,0,round-robin,8,2,,0.8535,0.8073,nan,nan,13,15,OFF
1790500596.374846,3,738,1,round-robin,8,2,,0.9938,0.9925,nan,nan,12,16,OFF
1790500599.5621686,2,740,1,round-robin,8,1,,0.4911,0.993,nan,nan,12,15,OFF
1790500600.178352,4,673,1,round-robin,8,1,,0.9925,0.9899,nan,nan,13,14,OFF
1790500601.3216295,8,752,1,round-robin,8,2,,0.9916,0.9933,nan,nan,13,15,OFF
1790500602.9420304,9,752,0,round-robin,8,2,,0.0,0.0,nan,nan,13,16,OFF
1790500604.9389474,6,750,1,round-robin,8,1,,0.9915,0.9925,nan,nan,14,13,OFF
1790500604.9446263,7,750,0,round-robin,8,2,,0.9915,0.9915,nan,nan,14,14,OFF
1790500606.4142077,10,749,1,round-robin,8,1,,0.9881,0.9914,nan,nan,15,13,OFF
1790500614.108956,5,749,1,round-robin,8,2,,0.0,0.0305,nan,nan,14,11,OFF
1790500615.3528192,8,753,1,round-robin,8,1,,0.9938,0.9937,nan,nan,15,11,OFF
1790500615.8319159,7,751,1,round-robin,8,1,,0.9923,0.9914,nan,nan,16,11,OFF
1790500619.8468938,10,750,1,round-robin,8,2,,0.9914,0.9925,nan,nan,16,12,ON
1790500620.4828553,6,751,1,round-robin,8,2,,0.9931,0.9924,nan,nan,15,13,ON
1790500620.9495873,9,753,0,round-robin,8,1,,0.9875,0.9896,nan,nan,15,13,ON
1790500635.6281655,6,752,1,round-robin,8,1,,0.9931,0.9912,nan,nan,15,12,OFF
1790500635.9541821,9,754,0,round-robin,8,2,,0.0,0.0,nan,nan,15,12,OFF
1790500642.8716223,3,741,1,round-robin,8,1,,0.9941,0.9937,nan,nan,13,12,OFF
1790500643.387135,5,751,1,round-robin,8,1,,0.9925,0.9926,nan,nan,13,12,OFF
1790500646.7668455,9,755,1,round-robin,8,1,,0.9941,0.994,nan,nan,11,11,OFF
1790500647.071861,7,753,1,round-robin,8,2,,0.9943,0.9925,nan,nan,11,12,OFF
1790500648.967472,1,749,0,round-robin,8,2,,0.8807,0.8536,nan,nan,11,13,OFF
1790500649.9691715,2,743,0,round-robin,8,2,,0.0,0.0008,nan,nan,11,14,OFF
1790500649.970446,8,755,0,round-robin,8,2,,0.0002,0.2057,nan,nan,11,15,OFF
1790500649.9717777,4,676,0,round-robin,8,2,,0.9833,0.9743,nan,nan,11,16,OFF
1790500650.243666,10,752,1,round-robin,8,1,,0.9922,0.994,nan,nan,12,16,OFF
1790500650.7628405,6,753,1,round-robin,8,2,,0.9938,0.9937,nan,nan,12,17,OFF
1790500656.1894228,3,742,1,round-robin,8,2,,0.9938,0.0,nan,nan,12,15,OFF
1790500656.7059047,5,752,1,round-robin,8,2,,0.9933,0.9943,nan,nan,12,15,OFF
1790500659.0783362,1,750,1,round-robin,8,1,,0.2532,0.9818,nan,nan,13,15,OFF
1790500659.5880196,4,677,1,round-robin,8,1,,0.9924,0.988,nan,nan,13,15,ON
1790500660.8904161,8,756,1,round-robin,8,1,,0.9938,0.9944,nan,nan,13,15,ON
1790500662.1295805,7,754,1,round-robin,8,1,,0.9942,0.9932,nan,nan,14,14,ON
1790500663.985889,2,744,0,round-robin,8,1,,0.8804,0.9826,nan,nan,15,13,ON
1790500667.9889715,10,753,0,round-robin,8,2,,0.0,0.0,nan,nan,13,13,ON
1790500676.9930303,1,751,0,round-robin,8,2,,0.27,0.992,nan,nan,11,13,OFF
1790500679.977234,6,755,1,round-robin,8,1,,0.9915,0.9914,nan,nan,12,12,OFF
1790500684.9976544,10,754,0,round-robin,8,1,,0.8365,0.9509,nan,nan,12,11,OFF
1790500686.1018093,3,744,1,round-robin,8,1,,0.9933,0.9926,nan,nan,13,11,OFF
1790500689.78802,2,746,1,round-robin,8,2,,0.9937,0.9944,nan,nan,13,12,OFF
1790500691.639555,4,679,1,round-robin,8,2,,0.9916,0.99,nan,nan,13,13,OFF
1790500692.0011952,5,754,0,round-robin,8,1,,0.8903,0.8555,nan,nan,14,13,OFF
1790500692.4451792,8,758,1,round-robin,8,2,,0.7949,0.9933,nan,nan,14,14,OFF
1790500693.0338013,7,756,1,round-robin,8,2,,0.9941,0.9931,nan,nan,14,15,OFF
1790500694.6013904,10,755,1,round-robin,8,2,,0.9901,0.9925,nan,nan,14,16,OFF
1790500694.6408632,9,758,1,round-robin,8,2,,0.9938,0.9925,nan,nan,14,17,OFF
1790500694.980143,6,756,1,round-robin,8,2,,0.9901,0.99,nan,nan,14,18,OFF
1790500701.441707,1,753,1,round-robin,8,1,,0.0182,0.0098,nan,nan,14,17,OFF
1790500702.6000547,5,755,1,round-robin,8,2,,0.9925,0.9938,nan,nan,14,18,OFF
1790500705.5868142,2,747,1,round-robin,8,1,,0.8838,0.9933,nan,nan,13,18,OFF
1790500706.9622052,8,759,1,round-robin,8,1,,0.9943,0.9941,nan,nan,13,18,OFF
1790500707.007145,3,745,0,round-robin,8,2,,0.9933,0.9925,nan,nan,13,19,OFF
1790500707.5276432,7,757,1,round-robin,8,1,,0.9933,0.0,nan,nan,14,18,OFF
1790500707.9305785,6,757,1,round-robin,8,1,,0.9935,0.0,nan,nan,15,18,OFF
1790500708.512576,9,759,1,round-robin,8,1,,0.9915,0.9933,nan,nan,16,18,OFF
1790500708.8570588,10,756,1,round-robin,8,1,,0.9911,0.9938,nan,nan,17,18,OFF
1790500715.890387,5,756,1,round-robin,8,1,,0.9944,0.9942,nan,nan,17,13,OFF
1790500717.4265728,1,754,1,round-robin,8,2,,0.9933,0.99,nan,nan,17,12,OFF
1790500717.7614954,3,746,1,round-robin,8,1,,0.9941,0.9937,nan,nan,18,12,OFF
1790500719.892264,2,748,1,round-robin,8,2,,0.0,0.9673,nan,nan,16,13,OFF
1790500720.2932332,8,760,1,round-robin,8,2,,0.9939,0.9933,nan,nan,16,14,OFF
1790500720.9082763,7,758,1,round-robin,8,2,,0.1778,0.9908,nan,nan,15,15,OFF
1790500721.4164195,6,758,1,round-robin,8,2,,0.9914,0.9867,nan,nan,15,16,OFF
1790500722.5478082,9,760,1,round-robin,8,2,,0.9933,0.9915,nan,nan,14,17,OFF
1790500722.9875453,10,757,1,round-robin,8,2,,0.9925,0.9915,nan,nan,14,18,OFF
1790500726.0153637,4,681,0,round-robin,8,1,,0.9914,0.979,nan,nan,14,18,OFF
1790500728.994486,5,757,1,round-robin,8,2,,0.9938,0.9926,nan,nan,14,18,OFF
1790500733.9132373,8,761,1,round-robin,8,1,,0.9933,0.9942,nan,nan,15,18,OFF
1790500734.2611248,2,749,1,round-robin,8,1,,0.9926,0.9933,nan,nan,16,18,OFF
1790500735.5937786,6,759,1,round-robin,8,1,,0.9933,0.9901,nan,nan,17,18,ON
1790500735.6447818,7,759,1,round-robin,8,1,,0.9933,0.9924,nan,nan,18,18,ON
1790500736.66677,4,682,1,round-robin,8,2,,0.9933,0.99,nan,nan,18,19,ON
1790500738.0222197,1,755,0,round-robin,8,1,,0.9902,0.9932,nan,nan,19,18,ON
1790500738.0232818,3,747,0,round-robin,8,2,,0.8887,0.8689,nan,nan,19,19,ON
1790500738.2019022,10,758,1,round-robin,8,1,,0.9925,0.0558,nan,nan,20,19,ON
1790500738.2981303,9,761,1,round-robin,8,1,,0.9923,0.8943,nan,nan,21,19,ON
1790500755.0314527,1,756,0,round-robin,8,2,,0.0,0.0,nan,nan,17,13,ON
1790500757.0337818,6,760,0,round-robin,8,2,,0.016,0.9597,nan,nan,17,14,ON
1790500762.6074142,2,751,1,round-robin,8,2,,0.9919,0.9903,nan,nan,16,14,OFF
1790500765.0365965,1,757,1,round-robin,8,1,,0.9894,0.979,nan,nan,17,14,OFF
1790500767.1945648,7,761,1,round-robin,8,2,,0.016,0.0,nan,nan,15,14,OFF
1790500767.712802,10,760,1,round-robin,8,2,,0.9924,0.9929,nan,nan,14,15,OFF
1790500768.0071912,4,684,1,round-robin,8,1,,0.9914,0.991,nan,nan,14,15,OFF
1790500768.0391748,8,763,0,round-robin,8,2,,0.869,0.9926,nan,nan,14,16,OFF
1790500769.2405171,9,763,1,round-robin,8,2,,0.9915,0.9925,nan,nan,12,17,OFF
1790500770.0419443,3,749,0,round-robin,8,1,,0.9936,0.993,nan,nan,13,17,OFF
1790500770.0429196,6,761,0,round-robin,8,1,,0.0002,0.0051,nan,nan,14,17,OFF
1790500774.5674841,5,760,1,round-robin,8,1,,0.9932,0.9932,nan,nan,15,17,OFF
1790500777.1214638,2,752,1,round-robin,8,1,,0.9942,0.9941,nan,nan,15,17,OFF
1790500779.621778,3,750,1,round-robin,8,2,,0.9933,0.9926,nan,nan,14,17,OFF
1790500780.2975664,6,762,1,round-robin,8,2,,0.9941,0.9924,nan,nan,14,16,OFF
1790500781.4136934,4,685,1,round-robin,8,2,,0.9931,0.9914,nan,nan,14,16,OFF
1790500781.9522045,7,762,1,round-robin,8,1,,0.9914,0.9937,nan,nan,15,15,OFF
1790500783.5613415,9,764,1,round-robin,8,1,,0.9915,0.9915,nan,nan,16,13,OFF
1790500784.0505397,8,764,0,round-robin,8,1,,0.9875,0.9926,nan,nan,17,13,OFF
1790500784.0517585,1,758,0,round-robin,8,2,,0.9933,0.9915,nan,nan,17,14,OFF
1790500787.054704,10,761,0,round-robin,8,1,,0.9925,0.9933,nan,nan,17,14,OFF
1790500788.9099169,5,761,1,round-robin,8,2,,0.9938,0.9932,nan,nan,17,15,OFF
1790500791.255634,2,753,1,round-robin,8,2,,0.9942,0.9914,nan,nan,17,15,OFF
1790500793.4101493,1,759,1,round-robin,8,1,,0.9942,0.9927,nan,nan,18,15,OFF
1790500793.9414723,8,765,1,round-robin,8,2,,0.9924,0.9937,nan,nan,17,16,OFF
1790500796.2864997,6,763,1,round-robin,8,1,,0.9933,0.9915,nan,nan,15,16,OFF
1790500796.711537,10,762,1,round-robin,8,2,,0.9925,0.9938,nan,nan,15,16,OFF
1790500797.415495,4,686,1,round-robin,8,1,,0.9915,0.9915,nan,nan,16,16,OFF
1790500798.046865,7,763,1,round-robin,8,2,,0.9932,0.9924,nan,nan,15,16,OFF
1790500799.0614715,3,751,0,round-robin,8,1,,0.9942,0.9914,nan,nan,14,16,OFF
1790500799.1169586,9,765,1,round-robin,8,2,,0.9933,0.9914,nan,nan,14,17,OFF
1790500805.2810729,2,754,1,round-robin,8,1,,0.0558,0.96,nan,nan,15,17,ON
1790500805.8161767,5,762,1,round-robin,8,1,,0.9933,0.9933,nan,nan,16,17,ON
1790500853.1278203,2,757,1,state-aware,8,2,,0.9902,0.9922,0.9902,0.9922,0,1,OFF
1790500855.141222,1,763,1,state-aware,8,2,,0.9916,0.9932,0.9916,0.9932,0,2,OFF
1790500856.5101793,3,755,1,state-aware,8,2,,0.0,0.9936,0.0,0.9936,0,3,OFF
1790500856.7095408,7,767,1,state-aware,8,1,,0.0059,0.0,0.0059,0.0,1,3,OFF
1790500857.6101847,8,769,1,state-aware,8,2,,0.9933,0.9943,0.9933,0.9943,1,4,OFF
1790500858.635749,5,765,0,state-aware,8,2,,0.9809,0.9878,0.9809,0.9878,1,5,OFF
1790500858.6365278,6,767,1,state-aware,8,2,,0.0041,0.9883,0.0041,0.9883,1,6,OFF
1790500859.174827,4,690,1,state-aware,8,1,,0.9937,0.9924,0.9937,0.9924,2,6,OFF
1790500861.2021813,9,769,1,state-aware,8,1,,0.9941,0.9925,0.9941,0.9925,3,6,OFF
1790500862.6404674,10,766,0,state-aware,8,2,,0.9809,0.989,0.9809,0.989,3,7,ON
1790500873.6478324,5,766,0,state-aware,8,2,,0.0,0.0,0.0,0.0667,3,8,OFF
1790500874.1044307,8,770,1,state-aware,8,1,,0.9937,0.9942,0.9937,0.8952,4,8,OFF
1790500874.5531695,9,770,1,state-aware,8,2,,0.9933,0.9942,0.9277,0.9942,4,9,OFF
1790500875.6498134,3,756,0,state-aware,8,2,,0.0,0.0,0.0,0.1,4,10,OFF
1790500882.6025145,5,767,1,state-aware,8,1,,0.9901,0.9915,0.9901,0.7996,5,10,OFF
1790500885.2591772,2,759,1,state-aware,8,1,,0.994,0.9935,0.994,0.9935,6,10,OFF
1790500885.8001227,3,757,1,state-aware,8,2,,0.0,0.9842,0.0,0.8402,6,11,OFF
1790500886.000402,7,769,1,state-aware,8,1,,0.9913,0.9897,0.9913,0.9897,7,11,OFF
1790500887.197806,1,765,1,state-aware,8,1,,0.9938,0.99,0.9938,0.99,8,11,OFF
1790500887.708082,6,769,1,state-aware,8,2,,0.0,0.9812,0.0,0.9812,8,12,OFF
1790500888.443937,8,771,1,state-aware,8,1,,0.9933,0.9925,0.9277,0.8937,9,12,OFF
1790500889.5905797,9,771,1,state-aware,8,1,,0.9933,0.9924,0.9277,0.8937,10,12,OFF
1790500893.658519,4,692,0,state-aware,8,1,,0.9582,0.9425,0.9582,0.9425,11,12,OFF
1790500895.6607533,10,768,0,state-aware,8,2,,0.9872,0.9881,0.9872,0.9881,11,13,OFF
1790500898.3804042,5,768,1,state-aware,8,1,,0.9943,0.9925,0.8953,0.8003,12,13,OFF
1790500899.2031577,7,770,1,state-aware,8,2,,0.9914,0.9925,0.9262,0.9925,12,14,OFF
1790500900.5239182,1,766,1,state-aware,8,2,,0.0,0.9914,0.1,0.9914,12,15,OFF
1790500901.0434608,2,760,1,state-aware,8,2,,0.9933,0.9901,0.8944,0.9901,12,16,OFF
1790500902.0856102,3,758,1,state-aware,8,1,,0.9942,0.9914,0.9942,0.7636,13,16,OFF
1790500903.3057177,6,770,1,state-aware,8,2,,0.0,0.0,0.0,0.0667,13,17,OFF
1790500904.7390156,10,769,1,state-aware,8,1,,0.9931,0.9941,0.9931,0.8951,14,17,OFF
1790500908.6653295,4,693,0,state-aware,8,1,,0.0008,0.003,0.0673,0.003,15,17,OFF
1790500908.6661985,9,772,0,state-aware,8,1,,0.9915,0.9925,0.9025,0.8938,16,17,OFF
1790500911.8067539,5,769,1,state-aware,8,1,,0.9901,0.9916,0.8558,0.7997,17,17,OFF
1790500914.8810744,7,771,1,state-aware,8,1,,0.9925,0.9925,0.9271,0.9271,18,16,ON
1790500914.9732027,3,759,1,state-aware,8,1,,0.9938,0.9916,0.9282,0.7637,19,16,ON
1790500921.6715345,1,767,0,state-aware,8,1,,0.0,0.0,0.1,0.0667,17,11,ON
1790500924.6741922,8,773,0,state-aware,8,1,,0.0,0.0,0.1,0.0667,18,10,ON
1790500931.7767253,1,768,1,state-aware,8,2,,0.9933,0.9901,0.8466,0.8917,18,11,OFF
1790500932.3063846,2,762,1,state-aware,8,2,,0.9942,0.9932,0.8951,0.9932,18,12,OFF
1790500932.9808784,6,772,1,state-aware,8,1,,0.9939,0.9926,0.9939,0.8938,19,12,OFF
1790500933.5238564,9,774,1,state-aware,8,1,,0.9881,0.9901,0.9001,0.8918,20,12,OFF
1790500934.0089798,8,774,1,state-aware,8,2,,0.9943,0.9932,0.8474,0.8943,20,12,OFF
1790500934.4442983,10,771,1,state-aware,8,1,,0.9937,0.9942,0.9937,0.8951,20,12,OFF
1790500935.6357713,4,695,1,state-aware,8,2,,0.9938,0.9923,0.8948,0.9923,20,12,OFF
1790500940.8589084,5,771,1,state-aware,8,1,,0.9944,0.9938,0.8588,0.8013,21,11,OFF
1790500944.2625635,1,769,1,state-aware,8,2,,0.9938,0.9924,0.847,0.8574,20,12,OFF
1790500945.4835844,3,761,1,state-aware,8,1,,0.9944,0.9938,0.9286,0.7651,20,12,OFF
1790500947.2645311,7,773,1,state-aware,8,1,,0.9901,0.0,0.9251,0.1,19,11,OFF
1790500947.3162441,9,775,1,state-aware,8,1,,0.9915,0.9926,0.8987,0.8938,20,11,OFF
1790500948.0327451,10,772,1,state-aware,8,1,,0.9924,0.9942,0.927,0.8951,21,10,OFF
1790500948.8801985,2,763,1,state-aware,8,1,,0.9938,0.9901,0.8949,0.8917,21,10,OFF
1790500949.5582938,8,775,1,state-aware,8,1,,0.9938,0.9932,0.847,0.8009,22,10,OFF
1790500952.6856275,6,773,0,state-aware,8,1,,0.994,0.9915,0.9283,0.8929,22,10,OFF
1790500954.0785,5,772,1,state-aware,8,1,,0.9942,0.9937,0.8524,0.8012,22,10,OFF
1790500956.6885436,4,696,0,state-aware,8,2,,0.9933,0.9933,0.8944,0.9277,22,10,ON
1790500964.692098,3,762,0,state-aware,8,2,,0.0,0.9822,0.1943,0.7579,20,7,ON
1790500966.6940742,9,776,0,state-aware,8,2,,0.4875,0.9926,0.6242,0.8938,19,8,ON
1790500973.6976912,5,773,0,state-aware,8,1,,0.9926,0.0,0.8594,0.0914,17,8,OFF
1790500974.1537695,3,763,1,state-aware,8,1,,0.9938,0.9925,0.9042,0.6879,18,8,OFF
1790500976.6133533,6,775,1,state-aware,8,1,,0.9942,0.9925,0.9285,0.8937,17,8,OFF
1790500976.6547756,1,771,1,state-aware,8,2,,0.9941,0.9912,0.8472,0.8566,17,9,OFF
1790500977.3431115,2,765,1,state-aware,8,1,,0.989,0.9286,0.8908,0.8405,18,9,OFF
1790500980.721167,8,777,1,state-aware,8,1,,0.9938,0.9915,0.847,0.7996,19,9,OFF
1790500981.5062494,4,698,1,state-aware,8,2,,0.9937,0.9924,0.8948,0.927,19,10,OFF
1790500982.7062948,7,775,0,state-aware,8,1,,0.9882,0.8333,0.9235,0.7944,19,10,OFF
1790500982.7071023,9,777,0,state-aware,8,1,,0.9615,0.0,0.8876,0.0914,20,10,OFF
1790500982.7078218,10,774,0,state-aware,8,1,,0.9924,0.0559,0.927,0.1132,21,10,OFF
1790500984.099469,5,774,1,state-aware,8,2,,0.9937,0.9932,0.774,0.8009,21,11,OFF
1790500989.6128,3,764,1,state-aware,8,1,,0.9942,0.9932,0.9004,0.6883,21,11,ON
1790500989.918508,2,766,1,state-aware,8,2,,0.9941,0.9932,0.8587,0.8943,21,12,ON
1790500990.9469433,6,776,1,state-aware,8,1,,0.0082,0.002,0.2002,0.0683,22,12,ON
1790500996.7182202,1,772,0,state-aware,8,2,,0.0,0.0,0.1371,0.156,19,9,ON
1790501000.7212741,4,699,0,state-aware,8,1,,0.9916,0.0,0.893,0.1943,20,9,ON
1790501008.1799488,3,765,1,state-aware,8,1,,0.9942,0.9883,0.9057,0.6856,16,8,OFF
1790501008.222503,2,767,1,state-aware,8,1,,0.9941,0.9902,0.8587,0.7987,17,8,OFF
1790501008.2648184,6,777,1,state-aware,8,2,,0.0082,0.9842,0.2091,0.8869,17,9,OFF
1790501008.2834513,9,779,1,state-aware,8,1,,0.9615,0.9938,0.8876,0.8013,18,9,OFF
1790501008.4307854,7,777,1,state-aware,8,2,,0.9882,0.9925,0.9235,0.927,18,10,OFF
1790501009.1852345,8,779,1,state-aware,8,2,,0.0,0.9933,0.1371,0.8009,17,11,OFF
1790501009.7965763,10,776,1,state-aware,8,1,,0.9924,0.9943,0.927,0.8952,17,11,OFF
1790501010.376569,4,700,1,state-aware,8,2,,0.9916,0.9921,0.7997,0.903,17,12,OFF
1790501015.612232,5,776,1,state-aware,8,2,,0.9941,0.9931,0.7742,0.8008,15,13,OFF
1790501018.72738,1,773,0,state-aware,8,1,,0.9931,0.9892,0.8465,0.6975,16,12,OFF
1790501019.5096228,3,766,1,state-aware,8,1,,0.9941,0.9923,0.8151,0.6878,17,12,OFF
1790501020.9998612,2,768,1,state-aware,8,2,,0.9944,0.9932,0.7775,0.8009,17,13,OFF
1790501021.8721883,1,774,1,state-aware,8,2,,0.0,0.0,0.1371,0.1479,17,14,OFF
1790501022.4795825,6,778,1,state-aware,8,1,,0.9812,0.8689,0.8173,0.7692,18,14,OFF
1790501024.0020092,9,780,1,state-aware,8,1,,0.986,0.9933,0.8111,0.8009,19,14,OFF
1790501024.4657428,10,777,1,state-aware,8,1,,0.9925,0.9915,0.9032,0.8929,20,14,OFF
1790501027.7312999,8,780,0,state-aware,8,1,,0.9226,0.9933,0.7962,0.7918,21,12,OFF
1790501027.7319605,7,778,0,state-aware,8,1,,0.9944,0.0302,0.9286,0.2159,22,12,OFF
1790501028.7343004,4,701,0,state-aware,8,2,,0.9926,0.99,0.8004,0.8978,22,13,OFF
1790501030.2493322,5,777,1,state-aware,8,1,,0.9932,0.9932,0.7737,0.7167,23,13,OFF
1790501032.3120403,3,767,1,state-aware,8,1,,0.9938,0.9925,0.8384,0.6879,24,13,OFF
1790501036.0240195,2,769,1,state-aware,8,1,,0.8887,0.8336,0.7115,0.617,23,13,OFF
1790501036.5331197,6,779,1,state-aware,8,2,,0.9938,0.9915,0.8344,0.8568,23,14,OFF
1790501037.4732625,9,781,1,state-aware,8,1,,0.9901,0.8888,0.8367,0.7263,22,13,OFF
1790501038.2422588,7,779,1,state-aware,8,2,,0.0004,0.0479,0.1374,0.2285,22,14,OFF
1790501039.07101,4,702,1,state-aware,8,2,,0.9926,0.9881,0.8004,0.8135,22,15,OFF
1790501040.740379,1,775,0,state-aware,8,1,,0.8887,0.8535,0.772,0.6599,22,15,OFF
1790501042.7429998,10,778,0,state-aware,8,1,,0.9901,0.9937,0.8978,0.8948,20,14,OFF
1790501044.9060235,5,778,1,state-aware,8,1,,0.9944,0.9933,0.8029,0.7168,21,13,OFF
1790501048.5052218,3,768,1,state-aware,8,1,,0.9941,0.9914,0.745,0.6873,22,13,OFF
1790501049.3118083,6,780,1,state-aware,8,2,,0.9944,0.9933,0.8347,0.8518,22,14,OFF
1790501050.34205,9,782,1,state-aware,8,1,,0.9932,0.9938,0.8613,0.8013,22,13,OFF
1790501051.7611322,1,776,1,state-aware,8,2,,0.0001,0.958,0.1441,0.7121,21,14,ON
1790501051.8635397,2,770,1,state-aware,8,1,,0.951,0.8541,0.6762,0.6298,22,14,ON
1790501053.9090393,8,782,1,state-aware,8,1,,0.9926,0.9925,0.8461,0.7913,23,14,ON
1790501057.765911,10,779,0,state-aware,8,1,,0.0,0.0001,0.2646,0.0667,24,13,ON
1790501057.766952,7,780,0,state-aware,8,2,,0.8536,0.8834,0.7469,0.8311,24,14,ON
1790501064.7716908,5,779,0,state-aware,8,1,,0.0002,0.0002,0.417,0.0961,24,14,OFF
1790501067.33012,1,777,1,state-aware,8,2,,0.0,0.0,0.144,0.2035,24,15,OFF
1790501067.8600733,2,771,1,state-aware,8,1,,0.9937,0.0884,0.63,0.1513,25,15,OFF
1790501068.9737608,7,781,1,state-aware,8,1,,0.9938,0.9914,0.847,0.8153,23,13,OFF
1790501069.7969515,6,781,0,state-aware,8,1,,0.0,0.0,0.2823,0.219,23,12,OFF
1790501069.8986773,8,783,1,state-aware,8,2,,0.9926,0.9925,0.7644,0.7913,23,13,OFF
1790501073.8002522,10,780,0,state-aware,8,2,,0.8535,0.8805,0.6648,0.8004,23,13,OFF
1790501074.4983253,5,780,1,state-aware,8,1,,0.9942,0.9914,0.7342,0.7156,24,13,OFF
1790501079.2089727,3,770,1,state-aware,8,1,,0.9941,0.9923,0.7451,0.6878,24,12,OFF
1790501079.9693356,9,784,1,state-aware,8,1,,0.9901,0.9915,0.86,0.7996,24,12,OFF
1790501080.6462908,6,782,1,state-aware,8,2,,0.9938,0.99,0.751,0.769,24,13,OFF
1790501081.0797415,2,772,1,state-aware,8,2,,0.9943,0.9931,0.6772,0.7167,24,13,OFF
1790501081.559397,1,778,1,state-aware,8,1,,0.993,0.9896,0.7646,0.703,25,13,OFF
1790501082.7799876,4,705,1,state-aware,8,2,,0.9881,0.979,0.7972,0.8084,24,13,OFF
1790501084.72251,10,781,1,state-aware,8,1,,0.6088,0.0,0.5425,0.0914,23,13,OFF
1790501085.0448763,8,784,1,state-aware,8,1,,0.9933,0.9901,0.7648,0.7122,24,13,OFF
1790501087.8228195,7,782,0,state-aware,8,1,,0.9926,0.9925,0.8394,0.8159,23,13,OFF
1790501088.0464814,5,781,1,state-aware,8,1,,0.9941,0.9933,0.7777,0.7168,24,13,OFF
1790501092.3113708,3,771,1,state-aware,8,1,,0.9938,0.9925,0.7845,0.6879,23,12,OFF
1790501093.9500585,9,785,1,state-aware,8,2,,0.0,0.9915,0.5007,0.7996,23,13,OFF
1790501094.0494192,6,783,1,state-aware,8,1,,0.9938,0.8918,0.751,0.743,24,13,OFF
1790501095.0854547,1,779,1,state-aware,8,1,,0.9933,0.9882,0.7773,0.7025,25,13,OFF
1790501095.8973541,2,773,1,state-aware,8,1,,0.9941,0.9944,0.6771,0.6435,26,13,OFF
1790501096.9223418,4,706,1,state-aware,8,2,,0.9925,0.988,0.8004,0.8321,25,13,OFF
1790501097.9541764,8,785,1,state-aware,8,1,,0.9933,0.9925,0.7773,0.7135,25,13,OFF
1790501098.4635723,7,783,1,state-aware,8,2,,0.9925,0.9899,0.759,0.8145,25,13,OFF
1790501099.2627413,10,782,1,state-aware,8,2,,0.9914,0.9937,0.6584,0.8012,25,13,OFF
1790501100.7082224,5,782,1,state-aware,8,1,,0.9942,0.9925,0.8153,0.7163,26,13,OFF
1790501105.201462,3,772,1,state-aware,8,1,,0.9933,0.9914,0.8195,0.6873,24,13,OFF
1790501107.4709766,6,784,1,state-aware,8,2,,0.9933,0.9915,0.7823,0.7929,24,14,OFF
1790501108.0182917,9,786,1,state-aware,8,1,,0.9914,0.9938,0.8821,0.7921,25,14,OFF
1790501109.5311751,2,774,1,state-aware,8,1,,0.0,0.0117,0.3094,0.0975,25,13,OFF
1790501110.9830022,8,786,1,state-aware,8,2,,0.0002,0.9098,0.303,0.6676,24,14,ON
1790501111.596979,4,707,1,state-aware,8,2,,0.9926,0.9901,0.8004,0.8542,24,15,ON
1790501112.6178572,7,784,1,state-aware,8,2,,0.9933,0.9914,0.7595,0.8338,23,15,ON
1790501113.2060738,10,783,1,state-aware,8,2,,0.9898,0.9938,0.6577,0.7921,23,16,ON
1790501115.8423698,1,780,0,state-aware,8,2,,0.9938,0.9913,0.6998,0.7038,22,17,ON
1790501131.8515558,1,781,0,state-aware,8,1,,0.9857,0.0,0.6957,0.2454,18,14,OFF
1790501131.8524916,10,784,0,state-aware,8,2,,0.0,0.0,0.2078,0.251,18,15,OFF
1790501132.8545191,4,708,0,state-aware,8,2,,0.0001,0.9901,0.0915,0.7583,18,16,OFF
1790501134.8571956,5,784,0,state-aware,8,1,,0.0,0.0,0.484,0.096,18,15,OFF
1790501135.2268803,3,774,1,state-aware,8,1,,0.9938,0.9914,0.8197,0.6873,19,15,OFF
1790501136.8940692,6,786,1,state-aware,8,2,,0.9942,0.9925,0.7827,0.7934,19,16,OFF
1790501138.7009351,9,788,1,state-aware,8,1,,0.9925,0.9932,0.8825,0.7918,20,16,OFF
1790501140.9807148,2,776,1,state-aware,8,1,,0.9938,0.9925,0.7235,0.6424,19,15,OFF
1790501141.550208,10,785,1,state-aware,8,2,,0.9915,0.9926,0.6585,0.7222,19,15,OFF
1790501142.2769692,1,782,1,state-aware,8,1,,0.9938,0.9882,0.6288,0.6255,19,15,OFF
1790501142.6220527,7,786,1,state-aware,8,2,,0.9938,0.9849,0.7597,0.8305,19,16,OFF
1790501142.93179,4,709,1,state-aware,8,1,,0.993,0.9912,0.8007,0.6731,20,15,OFF
1790501190.2602232,2,779,0,random,8,2,,0.0,0.0,nan,nan,0,1,OFF
1790501191.2557755,5,788,1,random,8,1,,0.9933,0.9938,nan,nan,1,1,OFF
1790501195.3290975,6,790,1,random,8,2,,0.9933,0.9931,nan,nan,1,2,OFF
1790501197.3930657,3,778,1,random,8,2,,0.9942,0.9933,nan,nan,1,3,OFF
1790501199.7416854,9,792,1,random,8,2,,0.9925,0.9914,nan,nan,1,4,OFF
1790501200.3457334,2,780,1,random,8,1,,0.9938,0.9926,nan,nan,2,4,OFF
1790501201.47592,1,786,1,random,8,2,,0.9938,0.0294,nan,nan,2,5,OFF
1790501202.082751,10,789,1,random,8,1,,0.99,0.9932,nan,nan,3,5,OFF
1790501202.5186133,7,790,1,random,8,1,,0.9914,0.9914,nan,nan,4,5,OFF
1790501204.2287686,4,713,1,random,8,1,,0.9924,0.9932,nan,nan,5,5,OFF
1790501205.6528382,8,792,1,random,8,1,,0.0,0.0,nan,nan,6,5,OFF
1790501208.8158636,6,791,1,random,8,2,,0.9925,0.9915,nan,nan,6,6,OFF
1790501210.17122,3,779,1,random,8,2,,0.9942,0.9942,nan,nan,6,7,OFF
1790501213.9641955,2,781,1,random,8,1,,0.8991,0.9855,nan,nan,7,7,OFF
1790501214.4705963,1,787,1,random,8,2,,0.9942,0.99,nan,nan,7,8,OFF
1790501214.98534,10,790,1,random,8,2,,0.9913,0.9933,nan,nan,7,9,OFF
1790501216.2694116,7,791,1,random,8,2,,0.9933,0.9901,nan,nan,7,10,ON
1790501217.134148,4,714,1,random,8,2,,0.9914,0.9881,nan,nan,7,11,ON
1790501219.2716968,9,793,0,random,8,1,,0.9925,0.9925,nan,nan,8,11,ON
1790501224.2743268,8,793,0,random,8,1,,0.985,0.9833,nan,nan,9,11,ON
1790501228.277364,6,792,0,random,8,1,,0.0,0.0,nan,nan,10,11,ON
1790501234.2801697,1,788,0,random,8,2,,0.97,0.0,nan,nan,10,12,ON
1790501238.2825732,7,792,0,random,8,1,,0.9933,0.0545,nan,nan,11,12,OFF
1790501239.2844522,4,715,0,random,8,1,,0.0,0.0,nan,nan,12,12,OFF
1790501240.2865343,8,794,0,random,8,1,,0.0,0.0,nan,nan,13,12,OFF
1790501243.2889369,6,793,0,random,8,1,,0.0,0.0,nan,nan,14,12,OFF
1790501243.3507326,2,783,1,random,8,1,,0.9933,0.99,nan,nan,15,12,OFF
1790501244.167953,1,789,1,random,8,1,,0.9942,0.9912,nan,nan,16,12,OFF
1790501245.4936917,9,795,1,random,8,1,,0.9915,0.9915,nan,nan,17,12,OFF
1790501249.0764043,7,793,1,random,8,1,,0.9933,0.9924,nan,nan,18,12,OFF
1790501249.2914968,10,792,0,random,8,1,,0.9914,0.8783,nan,nan,19,12,OFF
1790501249.7819676,4,716,1,random,8,2,,0.9938,0.9899,nan,nan,19,13,OFF
1790501251.7406683,8,795,1,random,8,2,,0.0,0.0,nan,nan,18,13,OFF
1790501252.1594975,5,792,1,random,8,2,,0.9933,0.9933,nan,nan,18,14,OFF
1790501258.0889325,2,784,1,random,8,2,,0.9943,0.9925,nan,nan,18,13,OFF
1790501258.6855552,1,790,1,random,8,2,,0.9944,0.9924,nan,nan,18,14,OFF
1790501259.2426178,10,793,1,random,8,1,,0.9916,0.9925,nan,nan,19,14,OFF
1790501259.2947164,6,794,0,random,8,2,,0.8689,0.8804,nan,nan,19,15,OFF
1790501261.470294,9,796,1,random,8,2,,0.9932,0.9932,nan,nan,18,15,OFF
1790501261.867727,7,794,1,random,8,2,,0.9944,0.9938,nan,nan,18,15,OFF
1790501262.9067452,4,717,1,random,8,2,,0.9926,0.9855,nan,nan,16,16,OFF
1790501265.0721269,8,796,1,random,8,1,,0.994,0.9921,nan,nan,16,16,OFF
1790501266.5795696,5,793,1,random,8,1,,0.9915,0.9915,nan,nan,16,16,OFF
1790501269.485653,6,795,1,random,8,1,,0.9899,0.9867,nan,nan,17,15,OFF
1790501273.4508035,2,785,1,random,8,2,,0.9938,0.9926,nan,nan,17,15,OFF
1790501274.30085,3,783,0,random,8,2,,0.9893,0.9889,nan,nan,16,16,OFF
1790501274.7697062,1,791,1,random,8,2,,0.9933,0.9915,nan,nan,16,16,ON
1790501275.6935492,10,794,1,random,8,2,,0.9925,0.9942,nan,nan,16,16,ON
1790501276.640991,9,797,1,random,8,2,,0.9523,0.9881,nan,nan,16,16,ON
1790501277.137314,4,718,1,random,8,2,,0.9938,0.9899,nan,nan,16,16,ON
1790501283.305223,7,795,0,random,8,1,,0.0,0.9606,nan,nan,16,16,ON
1790501286.3082414,5,794,0,random,8,2,,0.0,0.0,nan,nan,15,17,ON
1790501289.31076,6,796,0,random,8,1,,0.0,0.0,nan,nan,15,17,ON
1790501290.3138583,3,784,0,random,8,2,,0.0,0.0,nan,nan,15,18,ON
1790501297.317225,10,795,0,random,8,2,,0.7324,0.6192,nan,nan,15,18,OFF
1790501298.66721,6,797,1,random,8,2,,0.9943,0.9932,nan,nan,14,19,OFF
1790501299.3191047,4,719,0,random,8,2,,0.0,0.9899,nan,nan,13,20,OFF
1790501299.374865,3,785,1,random,8,2,,0.9943,0.9924,nan,nan,13,21,OFF
1790501302.3216033,5,795,0,random,8,1,,0.0,0.0,nan,nan,13,21,OFF
1790501303.551061,2,787,1,random,8,1,,0.9915,0.9942,nan,nan,12,21,OFF
1790501304.8739052,1,793,1,random,8,2,,0.9938,0.9932,nan,nan,11,22,OFF
1790501317.7935536,9,799,1,random,8,2,,0.9925,0.9926,nan,nan,8,20,OFF
1790501317.835515,10,796,1,random,8,2,,0.9932,0.9941,nan,nan,8,21,OFF
1790501317.8729675,7,797,1,random,8,1,,0.9896,0.9915,nan,nan,9,21,OFF
1790501317.8861904,6,798,1,random,8,1,,0.9925,0.9925,nan,nan,10,21,OFF
1790501317.9053798,5,796,1,random,8,2,,0.9924,0.9924,nan,nan,10,22,OFF
1790501317.9223666,3,786,1,random,8,1,,0.9933,0.9901,nan,nan,11,22,OFF
1790501318.0583315,2,788,1,random,8,1,,0.9915,0.9925,nan,nan,12,22,OFF
1790501320.8744957,1,794,1,random,8,1,,0.9933,0.9901,nan,nan,12,19,OFF
1790501322.616677,9,800,1,random,8,2,,0.9914,0.9933,nan,nan,12,18,OFF
1790501323.31271,10,797,1,random,8,2,,0.9926,0.9933,nan,nan,12,18,OFF
1790501324.8449845,8,800,1,random,8,1,,0.9942,0.9932,nan,nan,13,18,OFF
1790501325.362013,7,798,1,random,8,2,,0.9925,0.9933,nan,nan,12,19,OFF
1790501326.0778751,4,721,1,random,8,1,,0.9926,0.9925,nan,nan,13,19,OFF
1790501327.8163912,6,799,1,random,8,2,,0.9915,0.9915,nan,nan,12,20,OFF
1790501328.8413522,5,797,1,random,8,1,,0.9915,0.9901,nan,nan,13,20,OFF
1790501329.7962403,3,787,1,random,8,1,,0.9942,0.9932,nan,nan,13,20,OFF
1790501332.3278704,2,789,1,random,8,2,,0.9925,0.9926,nan,nan,13,21,OFF
1790501334.18222,1,795,1,random,8,1,,0.9942,0.9925,nan,nan,14,20,OFF
1790501336.1366487,10,798,1,random,8,2,,0.994,0.9925,nan,nan,14,18,OFF
1790501337.3390002,9,801,1,random,8,1,,0.0,0.0,nan,nan,15,16,OFF
1790501340.9166665,7,799,1,random,8,2,,0.9933,0.0,nan,nan,15,17,ON
1790501351.3455546,2,790,0,random,8,1,,0.0,0.0,nan,nan,14,15,OFF
1790501354.0304098,7,800,1,random,8,2,,0.9925,0.9932,nan,nan,14,16,OFF
1790501357.0066605,4,723,1,random,8,2,,0.9915,0.9925,nan,nan,14,17,OFF
1790501357.555285,6,801,1,random,8,1,,0.9933,0.9915,nan,nan,15,16,OFF
1790501358.3501692,9,802,0,random,8,1,,0.0,0.0,nan,nan,16,16,OFF
1790501358.7725384,3,789,1,random,8,2,,0.9938,0.9925,nan,nan,16,16,OFF
1790501363.8819506,1,797,1,random,8,2,,0.9942,0.9925,nan,nan,14,15,OFF
1790501365.3548048,5,799,0,random,8,2,,0.0,0.0,nan,nan,14,15,OFF
1790501365.6003323,10,800,1,random,8,2,,0.9932,0.9933,nan,nan,14,16,OFF
1790501366.3572721,2,791,0,random,8,1,,0.9817,0.986,nan,nan,15,16,OFF
1790501368.5019577,7,801,1,random,8,2,,0.8689,0.0,nan,nan,15,17,OFF
1790501371.330492,6,802,1,random,8,1,,0.9933,0.9901,nan,nan,16,17,OFF
1790501373.361054,9,803,0,random,8,2,,0.0,0.0,nan,nan,16,18,OFF
1790501373.4152951,4,724,1,random,8,1,,0.9932,0.99,nan,nan,17,18,OFF
1790501374.3888776,8,803,0,random,8,2,,0.9938,0.9925,nan,nan,17,19,OFF
1790501375.1159723,3,790,1,random,8,1,,0.9933,0.0,nan,nan,18,19,OFF
1790501375.7248712,2,792,1,random,8,2,,0.9925,0.9925,nan,nan,18,20,OFF
1790501377.4831927,1,798,1,random,8,1,,0.9933,0.9881,nan,nan,19,20,OFF
1790501379.835546,10,801,1,random,8,2,,0.9932,0.9938,nan,nan,15,18,OFF
1790501381.3693068,5,800,0,random,8,2,,0.8804,0.8689,nan,nan,14,19,OFF
1790501382.5033152,7,802,1,random,8,2,,0.9942,0.9915,nan,nan,14,20,OFF
1790501383.7276375,8,804,1,random,8,2,,0.9943,0.9933,nan,nan,14,19,OFF
1790501384.4516366,6,803,1,random,8,2,,0.9942,0.9925,nan,nan,14,20,OFF
1790501384.877749,9,804,1,random,8,1,,0.9925,0.9915,nan,nan,14,20,OFF
1790501386.4957066,4,725,1,random,8,2,,0.9938,0.9914,nan,nan,13,20,OFF
1790501388.5270526,3,791,1,random,8,2,,0.9944,0.9925,nan,nan,13,20,OFF
1790501391.4049375,1,799,1,random,8,1,,0.9933,0.9881,nan,nan,12,20,OFF
1790501391.6994863,2,793,1,random,8,1,,0.8948,0.9928,nan,nan,13,20,OFF
1790501392.0154235,5,801,1,random,8,1,,0.9906,0.9922,nan,nan,14,20,OFF
1790501393.5647497,10,802,1,random,8,1,,0.9901,0.9933,nan,nan,15,19,OFF
1790501395.9076068,7,803,1,random,8,1,,0.9925,0.9915,nan,nan,15,19,OFF
1790501398.1966252,8,805,1,random,8,1,,0.9942,0.9938,nan,nan,15,18,OFF
1790501398.5491803,9,805,1,random,8,1,,0.9782,0.985,nan,nan,16,18,OFF
1790501400.5040889,4,726,1,random,8,2,,0.9926,0.99,nan,nan,16,19,OFF
1790501404.3800511,6,804,0,random,8,2,,0.9942,0.9925,nan,nan,16,19,OFF
1790501405.4425132,2,794,1,random,8,2,,0.9937,0.9925,nan,nan,16,20,OFF
1790501407.074797,10,803,1,random,8,2,,0.9915,0.9938,nan,nan,16,21,ON
1790501407.878054,5,802,1,random,8,1,,0.9938,0.9915,nan,nan,17,21,ON
1790501409.4243486,7,804,1,random,8,2,,0.9924,0.9932,nan,nan,17,22,ON
1790501410.3845773,1,800,0,random,8,2,,0.9942,0.9933,nan,nan,17,23,ON
1790501410.385684,3,792,0,random,8,1,,0.9685,0.854,nan,nan,18,23,ON
1790501417.397134,8,806,0,random,8,2,,0.0,0.0,nan,nan,17,22,ON
1790501418.3993917,9,806,0,random,8,1,,0.0,0.0,nan,nan,16,22,ON
1790501419.401486,6,805,0,random,8,1,,0.0,0.0,nan,nan,17,21,ON
1790501424.4049873,2,795,0,random,8,1,,0.9606,0.9925,nan,nan,18,20,ON
1790501429.4090235,7,805,0,random,8,1,,0.0,0.2526,nan,nan,18,17,ON
1790501434.4131544,9,807,0,random,8,2,,0.0,0.0,nan,nan,16,16,OFF
1790501435.9532192,3,794,1,random,8,2,,0.9931,0.9679,nan,nan,15,16,OFF
1790501437.2135017,1,802,1,random,8,1,,0.9925,0.9924,nan,nan,16,16,OFF
1790501440.342329,7,806,1,random,8,2,,0.9941,0.9942,nan,nan,15,16,OFF
1790501441.4181557,10,805,0,random,8,1,,0.9932,0.9916,nan,nan,16,15,OFF
1790501444.9570558,6,807,1,random,8,1,,0.9942,0.9924,nan,nan,16,12,OFF
1790501445.6752694,4,729,1,random,8,2,,0.9933,0.9901,nan,nan,16,13,OFF
1790501448.6376233,2,797,1,random,8,2,,0.9932,0.9924,nan,nan,16,12,OFF
1790501449.194485,3,795,1,random,8,1,,0.9942,0.9932,nan,nan,17,12,OFF
1790501449.4276068,9,808,0,random,8,2,,0.9819,0.9853,nan,nan,17,13,OFF
1790501450.429611,8,808,0,random,8,1,,0.9896,0.9842,nan,nan,18,13,OFF
1790501450.9384673,1,803,1,random,8,2,,0.9937,0.8535,nan,nan,18,14,OFF
1790501453.2846267,5,805,1,random,8,1,,0.9933,0.9933,nan,nan,16,14,OFF
1790501456.434145,10,806,0,random,8,2,,0.9933,0.9925,nan,nan,14,15,OFF
1790501456.731423,7,807,1,random,8,1,,0.9924,0.994,nan,nan,15,15,OFF
1790501459.6974192,6,808,1,random,8,2,,0.9915,0.9913,nan,nan,13,16,OFF
1790501459.8304305,9,809,1,random,8,2,,0.8974,0.8804,nan,nan,13,17,OFF
1790501460.6637585,8,809,1,random,8,2,,0.0002,0.2526,nan,nan,13,17,OFF
1790501461.2371805,4,730,1,random,8,1,,0.9915,0.988,nan,nan,14,17,OFF
1790501462.279315,2,798,1,random,8,2,,0.9933,0.9914,nan,nan,14,18,OFF
1790501462.6841497,3,796,1,random,8,1,,0.9937,0.9856,nan,nan,15,18,OFF
1790501463.5979688,1,804,1,random,8,2,,0.9938,0.9936,nan,nan,15,19,OFF
1790501465.7397897,10,807,1,random,8,1,,0.99,0.9933,nan,nan,16,17,OFF
1790501468.9102254,5,806,1,random,8,1,,0.9933,0.9942,nan,nan,16,16,ON
1790501515.8033662,5,809,1,ewma,8,2,,0.9915,0.9938,0.5,0.5,0,1,ON
1790501523.920851,7,811,0,ewma,8,1,,0.0,0.0,0.5,0.5,1,1,OFF
1790501526.9222977,8,813,0,ewma,8,2,,0.0,0.0,0.5,0.5,1,2,OFF
1790501530.924939,10,811,0,ewma,8,2,,0.0,0.0,0.5,0.5,1,3,OFF
1790501532.502589,5,810,1,ewma,8,1,,0.9938,0.9925,0.5,0.4,2,3,OFF
1790501533.0292966,7,812,1,ewma,8,2,,0.9938,0.9901,0.4,0.5,2,4,OFF
1790501535.9864793,6,813,1,ewma,8,2,,0.9932,0.9924,0.5,0.5,2,5,OFF
1790501536.6986115,8,814,1,ewma,8,1,,0.9942,0.9932,0.5,0.4,3,5,OFF
1790501538.8574636,9,814,1,ewma,8,1,,0.9913,0.9924,0.5,0.5,4,5,OFF
1790501539.5624888,4,735,1,ewma,8,1,,0.9926,0.9855,0.5,0.5,5,5,OFF
1790501540.5744257,10,812,1,ewma,8,1,,0.9878,0.9931,0.5,0.4,6,5,OFF
1790501544.9282486,1,809,0,ewma,8,2,,0.0,0.9878,0.5,0.5,6,6,ON
1790501545.000897,5,811,1,ewma,8,1,,0.9933,0.9925,0.6,0.4,7,6,ON
1790501545.9298792,2,803,0,ewma,8,1,,0.1612,0.681,0.5,0.5,8,6,ON
1790501557.933946,9,815,0,ewma,8,1,,0.0001,0.0,0.6,0.5,9,6,ON
1790501561.935946,1,810,0,ewma,8,1,,0.0,0.3579,0.5,0.4,10,6,OFF
1790501561.937185,2,804,0,ewma,8,2,,0.0,0.0,0.4,0.5,10,7,OFF
1790501565.3902228,8,816,1,ewma,8,1,,0.9938,0.9914,0.5,0.4,11,7,OFF
1790501565.7869143,7,814,1,ewma,8,2,,0.9915,0.9901,0.4,0.5,11,8,OFF
1790501567.734606,9,816,1,ewma,8,2,,0.9924,0.9941,0.48,0.5,11,9,OFF
1790501568.4328444,6,815,1,ewma,8,1,,0.9238,0.0,0.5,0.5,12,9,OFF
1790501568.8506,10,814,1,ewma,8,1,,0.9933,0.9938,0.5,0.4,13,9,OFF
1790501569.369166,4,737,1,ewma,8,1,,0.9937,0.9932,0.5,0.5,14,9,OFF
1790501571.1135821,1,811,1,ewma,8,1,,0.9944,0.994,0.4,0.4,15,9,OFF
1790501571.6254034,2,805,1,ewma,8,1,,0.9933,0.9932,0.4,0.4,16,9,OFF
1790501573.0539415,3,803,1,ewma,8,1,,0.9942,0.9932,0.5,0.5,17,9,OFF
1790501574.115745,5,813,1,ewma,8,1,,0.9925,0.9925,0.6,0.4,18,9,OFF
1790501579.9154217,8,817,1,ewma,8,1,,0.9933,0.9915,0.4,0.4,19,8,OFF
1790501580.6584718,9,817,1,ewma,8,2,,0.0,0.9938,0.48,0.6,19,9,OFF
1790501581.2745168,6,816,1,ewma,8,1,,0.9933,0.9925,0.6,0.5,20,9,OFF
1790501581.8642373,7,815,1,ewma,8,1,,0.9938,0.9932,0.4,0.4,21,9,OFF
1790501582.5763571,10,815,1,ewma,8,1,,0.99,0.9944,0.6,0.4,22,9,OFF
1790501583.4142773,4,738,1,ewma,8,1,,0.9933,0.9914,0.6,0.5,23,9,OFF
1790501584.2157247,2,806,1,ewma,8,1,,0.9925,0.9915,0.52,0.4,23,9,OFF
1790501584.8581474,1,812,1,ewma,8,1,,0.9942,0.9913,0.52,0.4,24,9,ON
1790501586.7796342,3,804,1,ewma,8,1,,0.9933,0.9883,0.6,0.5,25,9,ON
1790501592.9567163,5,814,0,ewma,8,1,,0.8534,0.9603,0.68,0.4,25,7,ON
1790501599.9602845,6,817,0,ewma,8,1,,0.0,0.0,0.68,0.5,23,5,ON
1790501604.9630506,4,739,0,ewma,8,2,,0.9925,0.9925,0.48,0.5,22,5,ON
1790501605.966586,1,813,0,ewma,8,1,,0.0,0.0,0.416,0.4,21,5,ON
1790501606.9682724,3,805,0,ewma,8,2,,0.4875,0.605,0.48,0.5,21,6,OFF
1790501610.1329403,6,818,1,ewma,8,1,,0.9926,0.9941,0.544,0.5,22,6,OFF
1790501611.2508862,10,817,1,ewma,8,1,,0.9932,0.9924,0.6,0.4,23,6,OFF
1790501612.0742896,7,817,1,ewma,8,1,,0.9932,0.9924,0.4,0.4,24,6,OFF
1790501612.6841948,8,819,1,ewma,8,2,,0.9933,0.9916,0.4,0.4,24,7,OFF
1790501614.4251835,4,740,1,ewma,8,1,,0.9901,0.99,0.48,0.4,25,7,OFF
1790501615.6752136,2,808,1,ewma,8,1,,0.9924,0.9942,0.52,0.4,26,7,OFF
1790501616.7812667,3,806,1,ewma,8,1,,0.9932,0.9924,0.48,0.4,27,7,OFF
1790501617.8304539,5,816,1,ewma,8,1,,0.9925,0.9933,0.68,0.4,28,7,OFF
1790501620.9765892,1,814,0,ewma,8,2,,0.8887,0.8333,0.3328,0.4,27,8,OFF
1790501623.2320988,6,819,1,ewma,8,1,,0.9942,0.9915,0.6352,0.5,27,7,OFF
1790501623.8314784,9,820,1,ewma,8,2,,0.9925,0.9938,0.48,0.6,27,8,OFF
1790501624.4604585,10,818,1,ewma,8,1,,0.9915,0.9916,0.68,0.4,28,8,OFF
1790501626.6296194,7,818,1,ewma,8,1,,0.9932,0.0004,0.52,0.4,28,7,OFF
1790501627.8695292,4,741,1,ewma,8,1,,0.9912,0.9874,0.584,0.4,29,6,OFF
1790501629.7758548,2,809,1,ewma,8,1,,0.8437,0.9687,0.616,0.4,27,6,OFF
1790501631.9806902,8,820,0,ewma,8,2,,0.9915,0.9916,0.4,0.52,25,7,OFF
1790501636.983035,5,817,0,ewma,8,1,,0.9925,0.9938,0.744,0.4,24,7,OFF
1790501637.055073,9,821,1,ewma,8,2,,0.9915,0.791,0.48,0.68,24,8,OFF
1790501637.591225,10,819,1,ewma,8,1,,0.9915,0.9925,0.744,0.4,25,8,OFF
1790501637.9841478,1,815,0,ewma,8,1,,0.9885,0.979,0.3328,0.32,26,8,OFF
1790501639.210944,6,820,1,ewma,8,1,,0.9938,0.9915,0.5082,0.5,27,8,OFF
1790501641.3872523,8,821,1,ewma,8,2,,0.0,0.8261,0.4,0.416,25,8,OFF
1790501642.3802738,7,819,1,ewma,8,1,,0.9915,0.9914,0.416,0.4,25,8,OFF
1790501643.40817,2,810,1,ewma,8,1,,0.9925,0.9925,0.6928,0.4,25,8,ON
1790501645.8591886,3,808,1,ewma,8,1,,0.9938,0.9914,0.48,0.4,23,8,ON
1790501646.995496,4,742,0,ewma,8,1,,0.9914,0.9923,0.6672,0.4,23,8,ON
1790501652.998964,1,816,0,ewma,8,2,,0.6051,0.1503,0.2662,0.32,22,9,ON
1790501659.0018623,10,820,0,ewma,8,1,,0.9915,0.9925,0.5952,0.4,23,9,ON
1790501660.0037756,6,821,0,ewma,8,2,,0.0977,0.9914,0.4065,0.5,22,10,ON
1790501666.0075777,3,809,0,ewma,8,2,,0.0,0.0,0.384,0.4,21,10,OFF
1790501668.598003,9,823,1,ewma,8,2,,0.9925,0.9938,0.48,0.68,21,10,OFF
1790501669.6236732,10,821,1,ewma,8,1,,0.9901,0.9925,0.4762,0.4,22,10,OFF
1790501670.568714,6,822,1,ewma,8,1,,0.9941,0.9931,0.4065,0.4,22,10,OFF
1790501671.2449138,8,823,1,ewma,8,2,,0.9938,0.9932,0.4,0.416,22,11,OFF
1790501671.568781,4,744,1,ewma,8,1,,0.0,0.9898,0.6672,0.4,22,11,OFF
1790501672.1093898,7,821,1,ewma,8,1,,0.9916,0.9915,0.416,0.4,22,11,OFF
1790501675.1490653,2,812,1,ewma,8,1,,0.9932,0.9932,0.6928,0.4,22,10,OFF
1790501676.2951994,3,810,1,ewma,8,1,,0.9915,0.99,0.384,0.32,22,10,OFF
1790501678.1027281,5,820,1,ewma,8,1,,0.9924,0.9938,0.744,0.4,21,10,OFF
1790501678.6287222,1,818,1,ewma,8,2,,0.9938,0.9915,0.2662,0.32,21,11,OFF
1790501682.2135842,9,824,1,ewma,8,2,,0.9901,0.9933,0.48,0.744,21,11,OFF
1790501682.7296543,10,822,1,ewma,8,1,,0.2839,0.0082,0.5809,0.4,22,11,OFF
1790501683.3195798,6,823,1,ewma,8,1,,0.9942,0.9925,0.5252,0.4,22,11,OFF
1790501685.0123472,7,822,1,ewma,8,1,,0.9915,0.9901,0.5328,0.4,22,10,ON
1790501685.6875668,8,824,1,ewma,8,2,,0.9933,0.9924,0.4,0.5328,22,11,ON
1790501693.0205927,2,813,0,ewma,8,1,,0.162,0.0506,0.7542,0.4,20,10,OFF
1790501696.9818113,10,823,1,ewma,8,1,,0.9915,0.9926,0.6647,0.4,21,10,OFF
1790501698.2963414,9,825,1,ewma,8,2,,0.9933,0.9938,0.48,0.5952,18,10,OFF
1790501699.016734,6,824,1,ewma,8,1,,0.9942,0.9925,0.4202,0.4,19,10,OFF
1790501700.4588335,7,823,1,ewma,8,1,,0.9938,0.9925,0.4262,0.4,19,10,OFF
1790501703.945074,2,814,1,ewma,8,1,,0.9938,0.9938,0.6034,0.4,18,9,OFF
1790501704.7447507,3,812,1,ewma,8,1,,0.9915,0.9925,0.384,0.32,19,9,OFF
1790501707.026866,4,746,0,ewma,8,1,,0.0,0.0,0.6672,0.4,18,9,OFF
1790501707.2923017,5,822,1,ewma,8,1,,0.9932,0.9915,0.744,0.4,19,9,OFF
1790501707.722397,1,820,1,ewma,8,2,,0.9938,0.9914,0.2662,0.32,19,10,OFF
1790501708.0286417,8,825,0,ewma,8,2,,0.994,0.9933,0.4,0.4262,19,11,OFF
1790501709.691019,10,824,1,ewma,8,1,,0.9925,0.9938,0.7318,0.4,20,11,OFF
1790501711.0231984,9,826,1,ewma,8,2,,0.9932,0.9941,0.48,0.6762,20,12,OFF
1790501713.5569403,7,824,1,ewma,8,1,,0.9915,0.9915,0.541,0.4,21,11,OFF
1790501715.511691,6,825,1,ewma,8,2,,0.9943,0.9913,0.3361,0.4,21,12,ON
1790501717.838501,8,826,1,ewma,8,1,,0.0,0.162,0.4,0.341,22,12,ON
1790501724.0536146,4,747,0,ewma,8,1,,0.9833,0.9817,0.5338,0.4,22,11,ON
1790501725.0400805,3,813,0,ewma,8,1,,0.9855,0.8534,0.5072,0.32,23,11,ON
1790501727.056061,5,823,0,ewma,8,1,,0.0,0.0,0.7952,0.4,24,10,ON
1790501731.059413,9,827,0,ewma,8,2,,0.5208,0.9603,0.48,0.7409,22,10,OFF
1790501732.061546,7,825,0,ewma,8,1,,0.0165,0.0096,0.6328,0.4,22,9,OFF
1790501736.51119,5,824,1,ewma,8,1,,0.9942,0.9932,0.6362,0.4,20,9,OFF
1790501737.4357748,1,822,1,ewma,8,2,,0.9933,0.9881,0.2662,0.32,20,10,OFF
1790501739.0500257,10,826,1,ewma,8,1,,0.9924,0.9942,0.7318,0.4,20,9,OFF
1790501739.0653322,4,748,0,ewma,8,1,,0.99,0.9878,0.427,0.4,21,9,OFF
1790501739.0662057,2,816,0,ewma,8,1,,0.7949,0.9933,0.6034,0.4,22,9,OFF
1790501740.0738025,8,827,0,ewma,8,2,,0.1102,0.0001,0.32,0.341,22,10,OFF
1790501740.0745025,3,814,0,ewma,8,1,,0.9933,0.9897,0.4058,0.32,23,10,OFF
1790501740.8818266,9,828,1,ewma,8,2,,0.9925,0.9933,0.48,0.5927,23,11,OFF
1790501743.2728722,7,826,1,ewma,8,1,,0.9924,0.9931,0.5062,0.4,23,10,OFF
1790501743.6748345,6,827,1,ewma,8,2,,0.9938,0.9915,0.3361,0.4,22,11,OFF
1790501749.1777375,8,828,1,ewma,8,1,,0.8804,0.9096,0.32,0.2728,22,10,OFF
1790501749.4926915,5,825,1,ewma,8,1,,0.99,0.9915,0.7089,0.4,23,10,OFF
1790501749.9176114,2,817,1,ewma,8,1,,0.0,0.0041,0.4827,0.4,24,10,OFF
1790501751.8465457,10,827,1,ewma,8,1,,0.9924,0.9938,0.7854,0.4,25,10,OFF
1790501754.0228827,9,829,1,ewma,8,2,,0.9915,0.9938,0.48,0.6742,24,11,OFF
1790501754.084821,4,749,0,ewma,8,2,,0.9924,0.9912,0.3416,0.4,24,12,OFF
1790501756.0877376,3,815,0,ewma,8,1,,0.9286,0.889,0.3246,0.32,25,12,OFF
1790501757.1743217,7,827,1,ewma,8,1,,0.9914,0.9914,0.605,0.4,25,12,OFF
1790501760.322818,6,828,1,ewma,8,1,,0.9942,0.9932,0.3361,0.32,25,11,OFF
1790501763.1385837,8,829,1,ewma,8,1,,0.0,0.0,0.456,0.2728,25,11,ON
1790501769.0951943,5,826,0,ewma,8,1,,0.9924,0.9941,0.7671,0.4,22,9,ON
1790501769.0967207,4,750,0,ewma,8,1,,0.0,0.0,0.3416,0.32,23,9,ON
1790501770.0990658,2,818,0,ewma,8,1,,0.9898,0.9904,0.5862,0.4,23,9,ON
1790501772.1015432,1,824,0,ewma,8,2,,0.0,0.0,0.2662,0.32,23,9,ON
1790501775.1044965,7,828,0,ewma,8,1,,0.0,0.0,0.684,0.4,23,9,ON
1790501784.1102126,5,827,0,ewma,8,1,,0.9701,0.9822,0.6137,0.4,22,8,ON
1790501785.1139195,4,751,0,ewma,8,2,,0.0,0.0,0.2733,0.32,21,9,OFF
1790501785.1150768,2,819,0,ewma,8,1,,0.0,0.0007,0.4689,0.4,22,9,OFF
1790501787.1180131,3,817,0,ewma,8,1,,0.0,0.0,0.3246,0.32,22,9,OFF
1790501789.6318357,6,830,1,ewma,8,1,,0.9944,0.9932,0.3361,0.32,23,9,OFF
1790501794.0325553,8,831,1,ewma,8,1,,0.6111,0.9768,0.456,0.2728,23,8,OFF
1790501794.7087867,4,752,1,ewma,8,1,,0.9528,0.9503,0.2733,0.256,24,8,OFF
1790501795.6667705,2,820,1,ewma,8,2,,0.9938,0.9943,0.3751,0.4,24,9,OFF
1790501796.2762885,3,818,1,ewma,8,2,,0.9938,0.9938,0.2597,0.32,24,10,OFF
1790501797.6000443,10,830,1,ewma,8,1,,0.9914,0.9901,0.7854,0.4,24,9,OFF
1790501799.3625057,1,826,1,ewma,8,2,,0.9942,0.9941,0.2662,0.32,21,10,OFF
1790501800.1253202,5,828,0,ewma,8,1,,0.9942,0.9928,0.491,0.4,21,9,OFF
1790501800.3749566,7,830,1,ewma,8,1,,0.9933,0.9914,0.684,0.4,22,9,OFF
1790501801.095139,9,832,1,ewma,8,2,,0.9925,0.9942,0.48,0.6742,22,9,OFF
1790501803.8550243,6,831,1,ewma,8,1,,0.9938,0.9932,0.4689,0.32,22,8,OFF
