t_send,t_report,node,tel,gws,policy,block,b1,b2,interferer_at_send,outcome
1790491269.7637563,1790491276.3780022,6,128,1,round-robin,1,0.0,0.0,ON,failed
1790491270.7658093,1790491278.8268735,7,128,1,round-robin,1,0.0,0.0,OFF,failed
1790491272.7675683,1790491279.338732,10,126,1,round-robin,1,0.4038,0.684,OFF,failed
1790491274.8933952,1790491285.7123768,4,56,1,round-robin,1,0.9914,0.9924,OFF,success
1790491276.5591426,1790491286.3069494,8,128,1,round-robin,1,0.9915,0.9901,OFF,success
1790491277.5502727,1790491288.650841,1,118,1,round-robin,1,0.9925,0.9914,OFF,success
1790491280.5422652,1790491291.0255706,9,130,1,round-robin,1,0.9937,0.9932,OFF,success
1790491279.5877326,1790491291.9693196,6,129,2,round-robin,1,0.9881,0.9913,OFF,failed
1790491283.067296,1790491293.2654011,2,116,1,round-robin,1,0.9925,0.9916,OFF,success
1790491287.782493,1790491294.0052207,7,129,2,round-robin,1,0.9853,0.9881,OFF,failed
1790491287.7839205,1790491294.606338,10,127,2,round-robin,1,0.9861,0.9853,OFF,failed
1790491284.5416262,1790491294.7006395,3,117,1,round-robin,1,0.9925,0.9933,OFF,success
1790491289.6355536,1790491299.4079387,8,129,2,round-robin,1,0.9938,0.9942,OFF,success
1790491294.2432573,1790491308.0127947,9,131,2,round-robin,1,0.9933,0.9915,OFF,failed
1790491297.232405,1790491308.0130572,7,130,1,round-robin,1,0.1431,0.9933,ON,success
1790491307.792191,1790491315.92128,8,130,1,round-robin,1,0.1624,0.0,ON,failed
1790491316.7957945,1790491323.3007877,7,131,2,round-robin,1,0.1431,0.002,OFF,failed
1790491316.795015,1790491323.6804173,9,132,1,round-robin,1,0.002,0.9915,OFF,failed
1790491324.7999718,1790491330.5456266,8,131,2,round-robin,1,0.8804,0.8974,OFF,failed
1790491324.7990613,1790491331.1840096,4,59,1,round-robin,1,0.0,0.0724,OFF,failed
1790491321.8881178,1790491332.3873186,1,121,1,round-robin,1,0.99,0.9914,OFF,success
1790491326.0038557,1790491335.97046,2,119,1,round-robin,1,0.0058,0.0,OFF,success
1790491323.72919,1790491336.4805555,6,132,2,round-robin,1,0.9942,0.9925,OFF,failed
1790491326.5334136,1790491337.7060497,7,132,1,round-robin,1,0.2458,0.0,OFF,success
1790491326.9077175,1790491337.9527173,9,133,2,round-robin,1,0.9922,0.9933,OFF,success
1790491328.4443426,1790491339.9696438,10,130,2,round-robin,1,0.9915,0.9915,OFF,success
1790491329.8815951,1790491340.1696398,3,120,1,round-robin,1,0.9932,0.9807,OFF,success
1790491332.023143,1790491342.627209,5,130,2,round-robin,1,0.9941,0.9943,OFF,success
1790491333.7662446,1790491343.8540816,8,132,1,round-robin,1,0.9942,0.9938,OFF,success
1790491334.371619,1790491346.5468857,4,60,2,round-robin,1,0.9941,0.9937,OFF,failed
1790491335.607651,1790491348.1883252,1,122,2,round-robin,1,0.9942,0.9936,OFF,failed
1790491339.7068768,1790491349.3885212,6,133,1,round-robin,1,0.9882,0.9914,OFF,success
1790491340.9275823,1790491350.9184284,7,133,2,round-robin,1,0.9923,0.9911,OFF,success
1790491339.3030598,1790491351.015677,2,120,2,round-robin,1,0.0081,0.0004,OFF,failed
1790491341.1754317,1790491352.2943437,9,134,1,round-robin,1,0.9921,0.9915,OFF,success
1790491348.834013,1790491355.1565511,3,121,2,round-robin,1,0.9933,0.9908,OFF,failed
1790491348.8331692,1790491355.74072,10,131,1,round-robin,1,0.9925,0.9925,OFF,failed
1790491345.8507185,1790491357.002217,5,131,1,round-robin,1,0.9933,0.9942,OFF,success
1790491347.0806756,1790491357.574874,8,133,2,round-robin,1,0.9915,0.9938,OFF,success
1790491349.7712927,1790491360.128499,4,61,1,round-robin,1,0.994,0.9912,OFF,success
1790491351.4169643,1790491362.082534,1,123,1,round-robin,1,0.9925,0.9914,OFF,success
1790491352.6132464,1790491363.1017072,6,134,2,round-robin,1,0.9933,0.9938,OFF,success
1790491366.3542182,1790491377.4427505,6,135,1,round-robin,1,0.9933,0.9932,ON,success
1790491365.3087592,1790491377.9837918,1,124,2,round-robin,1,0.9914,0.9925,ON,failed
1790491286.054028,,5,127,1,round-robin,1,0.9942,0.9938,OFF,unavailable
1790491288.9361374,,4,57,2,round-robin,1,0.9942,0.9938,OFF,unavailable
1790491291.8777595,,1,119,2,round-robin,1,0.9915,0.9925,OFF,unavailable
1790491295.2889001,,6,130,1,round-robin,1,0.9943,0.9943,OFF,unavailable
1790491296.4876373,,2,117,2,round-robin,1,0.9915,0.9926,OFF,unavailable
1790491380.667338,1790491390.0364604,6,136,2,round-robin,1,0.9938,0.9933,OFF,success
1790491381.2131262,1790491391.7055206,1,125,1,round-robin,1,0.9901,0.9899,OFF,success
1790491302.7882292,,10,128,1,round-robin,1,0.9813,0.9896,ON,unavailable
1790491302.789067,,3,118,2,round-robin,1,0.9915,0.9883,ON,unavailable
1790491385.4836686,1790491395.058198,7,136,2,round-robin,1,0.9915,0.9915,OFF,success
1790491386.6449485,1790491396.1830187,9,137,1,round-robin,1,0.9932,0.9943,OFF,success
1790491385.0761824,1790491396.3811202,2,123,2,round-robin,1,0.9942,0.9915,OFF,success
1790491391.853045,1790491398.3387501,3,124,2,round-robin,1,0.9355,0.9898,OFF,failed
1790491390.8243113,1790491400.4179995,8,136,2,round-robin,1,0.9925,0.9915,OFF,success
1790491389.778824,1790491401.9335568,5,134,1,round-robin,1,0.9941,0.9942,OFF,failed
1790491404.8592849,1790491411.5572608,9,138,2,round-robin,1,0.9925,0.9937,ON,failed
1790491401.5585747,1790491413.9257567,3,125,1,round-robin,1,0.9135,0.99,OFF,failed
1790491403.6407542,1790491416.2531507,8,137,1,round-robin,1,0.9901,0.9933,ON,failed
1790491410.8632567,1790491417.6093662,5,135,2,round-robin,1,0.0,0.0,ON,failed
1790491413.8659093,1790491420.143764,10,135,1,round-robin,1,0.0,0.0,OFF,failed
1790491414.775472,1790491424.1660094,9,139,1,round-robin,1,0.9933,0.9942,OFF,success
1790491417.2538276,1790491426.7139797,3,126,2,round-robin,1,0.9924,0.9879,OFF,success
1790491419.4757228,1790491431.9256177,8,138,2,round-robin,1,0.9932,0.9931,OFF,failed
1790491420.8237524,1790491432.4215195,5,136,1,round-robin,1,0.9938,0.9943,OFF,success
1790491422.9569917,1790491432.7633107,4,66,2,round-robin,1,0.003,0.0,OFF,success
1790491423.3728528,1790491433.2813356,10,136,2,round-robin,1,0.9922,0.994,OFF,success
1790491421.6218987,1790491434.2977593,6,139,2,round-robin,1,0.9925,0.9925,OFF,failed
1790491425.4142303,1790491435.6012924,1,128,1,round-robin,1,0.9913,0.9924,OFF,success
1790491427.3891287,1790491437.9593773,9,140,2,round-robin,1,0.9932,0.9932,OFF,success
1790491432.893807,1790491438.7851825,2,126,2,round-robin,1,0.9932,0.9926,OFF,failed
1790491429.9200215,1790491439.9149685,3,127,1,round-robin,1,0.9915,0.9916,OFF,success
1790491429.1981113,1790491440.4516637,7,139,2,round-robin,1,0.9942,0.9943,OFF,success
1790491435.1403284,1790491446.6607559,8,139,1,round-robin,1,0.119,0.4711,OFF,success
1790491435.9831975,1790491446.7699502,4,67,1,round-robin,1,0.0,0.8523,OFF,success
1790491437.518712,1790491448.5385315,6,140,1,round-robin,1,0.9933,0.9926,OFF,success
1790491354.23763,,2,121,1,round-robin,1,0.9938,0.9915,OFF,unavailable
1790491355.5155745,,9,135,2,round-robin,1,0.9933,0.9942,OFF,unavailable
1790491358.3799822,,3,122,1,round-robin,1,0.9915,0.99,OFF,unavailable
1790491359.8414712,,7,134,1,round-robin,1,0.9925,0.9941,OFF,unavailable
1790491360.2240412,,5,132,2,round-robin,1,0.0,0.1523,OFF,unavailable
1790491360.8014321,,8,134,1,round-robin,1,0.9925,0.9941,OFF,unavailable
1790491363.4924889,,4,62,2,round-robin,1,0.9938,0.9931,OFF,unavailable
1790491363.8440194,,10,132,2,round-robin,1,0.9938,0.9915,OFF,unavailable
1790491454.9126315,1790491462.650147,8,140,2,round-robin,1,0.0,0.4711,ON,failed
1790491456.9167943,1790491464.3051467,6,141,2,round-robin,1,0.0,0.0,ON,failed
1790491467.4945297,1790491478.7419817,6,142,1,round-robin,1,0.9938,0.9925,OFF,success
1790491469.4439113,1790491478.7571259,1,131,1,round-robin,1,0.0,0.0055,OFF,success
1790491474.9250972,1790491481.7883472,9,143,2,round-robin,1,0.9926,0.9933,OFF,failed
1790491391.5243762,,4,64,1,round-robin,1,0.017,0.9208,OFF,unavailable
1790491393.2699752,,6,137,1,round-robin,1,0.9933,0.9925,OFF,unavailable
1790491474.1717,1790491484.544855,7,142,2,round-robin,1,0.9924,0.9942,OFF,success
1790491474.7024832,1790491485.3751209,3,130,1,round-robin,1,0.9925,0.9931,OFF,success
1790491395.0282438,,1,126,2,round-robin,1,0.9914,0.9911,OFF,unavailable
1790491398.3889632,,7,137,1,round-robin,1,0.9914,0.9933,OFF,unavailable
1790491480.2936165,1790491490.7936018,4,70,1,round-robin,1,0.0,0.0733,OFF,success
1790491482.0252585,1790491493.777452,1,132,2,round-robin,1,0.8689,0.8689,OFF,success
1790491399.5983298,,2,124,1,round-robin,1,0.9891,0.9868,OFF,unavailable
1790491485.0118656,1790491497.254807,9,144,1,round-robin,1,0.9925,0.9932,OFF,failed
1790491498.9397933,1790491505.3456063,4,71,2,round-robin,1,0.0008,0.0733,ON,failed
1790491501.9424262,1790491508.7172897,1,133,1,round-robin,1,0.9842,0.9817,ON,failed
1790491505.9458663,1790491511.9996114,9,145,2,round-robin,1,0.0,0.0,ON,failed
1790491513.95108,1790491520.0937226,4,72,1,round-robin,1,0.0,0.0,OFF,failed
1790491516.9538383,1790491525.1039774,1,134,2,round-robin,1,0.0,0.0,OFF,failed
1790491515.2237532,1790491527.7764719,9,146,1,round-robin,1,0.9925,0.9915,OFF,failed
1790491517.901065,1790491528.3084047,7,145,2,round-robin,1,0.9925,0.9901,OFF,success
1790491518.9134576,1790491528.7753074,2,132,1,round-robin,1,0.9915,0.9925,OFF,success
1790491436.5172071,,10,137,1,round-robin,1,0.9941,0.9932,OFF,unavailable
1790491519.6080916,1790491531.9671178,3,133,1,round-robin,1,0.9941,0.9931,OFF,failed
1790491438.8282385,,1,129,2,round-robin,1,0.9938,0.9914,OFF,unavailable
1790491440.897747,,5,137,2,round-robin,1,0.9914,0.9933,OFF,unavailable
1790491441.1975174,,9,141,1,round-robin,1,0.9942,0.9942,OFF,unavailable
1790491441.9999158,,2,127,1,round-robin,1,0.9938,0.9923,OFF,unavailable
1790491443.1467378,,3,128,2,round-robin,1,0.9938,0.9943,ON,unavailable
1790491443.6819825,,7,140,1,round-robin,1,0.9938,0.9925,ON,unavailable
1790491523.3174307,1790491534.9380684,4,73,2,round-robin,1,0.9938,0.9925,OFF,failed
1790491526.6944299,1790491537.2955813,8,145,2,round-robin,1,0.9857,0.9877,OFF,success
1790491526.0895915,1790491537.807725,10,143,1,round-robin,1,0.9896,0.9911,OFF,failed
1790491528.3268247,1790491538.3182898,1,135,1,round-robin,1,0.9923,0.9941,OFF,success
1790491531.9829366,1790491538.8125105,5,143,2,round-robin,1,0.0016,0.0,OFF,failed
1790491529.2528615,1790491539.2354538,6,146,1,round-robin,1,0.9913,0.9924,OFF,success
1790491530.9938712,1790491540.4649131,9,147,2,round-robin,1,0.6462,0.9937,OFF,success
1790491531.9498987,1790491544.0895553,2,133,2,round-robin,1,0.9933,0.9925,OFF,failed
1790491536.9710145,1790491544.3547976,7,146,1,round-robin,1,0.9915,0.9924,OFF,failed
1790491535.2978547,1790491545.204463,3,134,2,round-robin,1,0.9926,0.9915,OFF,success
1790491538.1591444,1790491548.2694488,4,74,1,round-robin,1,0.9932,0.9935,OFF,success
1790491454.913869,,4,68,2,round-robin,1,0.0,0.0,ON,unavailable
1790491540.5220866,1790491552.6523807,8,146,1,round-robin,1,0.9933,0.9926,OFF,failed
1790491542.043819,1790491552.691045,5,144,1,round-robin,1,0.9925,0.9925,OFF,success
1790491545.9772758,1790491552.7489004,10,144,2,round-robin,1,0.0,0.0,OFF,failed
1790491546.9792602,1790491553.981883,1,136,2,round-robin,1,0.9925,0.9916,OFF,failed
1790491594.1725287,1790491604.8722372,4,78,1,random,1,0.8535,0.8333,OFF,success
1790491608.45696,1790491614.6074224,5,148,2,random,1,0.0,0.9,OFF,failed
1790491608.4561884,1790491616.8594775,1,140,1,random,1,0.0,0.0,OFF,failed
1790491612.4598649,1790491619.3011665,9,152,2,random,1,0.0,0.0,OFF,failed
1790491613.462077,1790491620.562596,4,79,2,random,1,0.0,0.0,OFF,failed
1790491617.8310297,1790491627.1931055,5,149,1,random,1,0.9942,0.9926,OFF,success
1790491619.392248,1790491629.377167,6,152,1,random,1,0.9938,0.9902,OFF,success
1790491620.0854402,1790491629.758424,1,141,2,random,1,0.9929,0.99,OFF,success
1790491618.6491945,1790491630.588981,10,149,1,random,1,0.9901,0.9915,OFF,failed
1790491620.3852527,1790491631.8404307,8,151,2,random,1,0.9915,0.9938,OFF,failed
1790491622.0312953,1790491633.2361841,7,152,1,random,1,0.9938,0.9925,OFF,success
1790491623.886295,1790491634.086557,4,80,2,random,1,0.9924,0.9913,OFF,success
1790491622.5331094,1790491634.8073618,9,153,1,random,1,0.9925,0.9926,OFF,failed
1790491625.535282,1790491636.7328324,3,140,1,random,1,0.9932,0.9899,OFF,success
1790491626.06337,1790491638.0598092,2,139,2,random,1,0.9943,0.994,OFF,failed
1790491630.4234104,1790491640.815576,5,150,1,random,1,0.9933,0.9942,OFF,success
1790491632.6026127,1790491642.25301,6,153,1,random,1,0.9938,0.9926,OFF,success
1790491633.9127061,1790491644.3080618,10,150,1,random,1,0.9915,0.9915,OFF,success
1790491632.9928305,1790491644.529795,1,142,1,random,1,0.9924,0.9933,OFF,failed
1790491635.0707815,1790491646.0459602,8,152,2,random,1,0.9931,0.9937,OFF,success
1790491637.368683,1790491647.6765993,4,81,2,random,1,0.9932,0.9925,OFF,success
1790491638.035344,1790491647.8985767,9,154,1,random,1,0.9925,0.9943,OFF,success
1790491636.5708828,1790491649.1198497,7,153,2,random,1,0.994,0.9932,OFF,failed
1790491640.0622337,1790491650.3452544,3,141,2,random,1,0.9944,0.9933,OFF,success
1790491641.3839097,1790491652.2075975,2,140,2,random,1,0.9938,0.9932,OFF,success
1790491645.4875176,1790491656.2976043,6,154,2,random,1,0.9925,0.9926,OFF,success
1790491644.0357685,1790491656.7960105,5,151,2,random,1,0.9937,0.9944,OFF,failed
1790491647.7237353,1790491658.267928,1,143,1,random,1,0.9924,0.9913,OFF,success
1790491652.489886,1790491660.1711013,10,151,1,random,1,0.9914,0.9932,OFF,failed
1790491649.262096,1790491660.3814082,8,153,1,random,1,0.9915,0.9901,OFF,success
1790491650.907246,1790491662.0131457,4,82,1,random,1,0.0,0.2648,OFF,success
1790491651.2039793,1790491662.1173413,9,155,1,random,1,0.9889,0.9926,OFF,success
1790491653.5694077,1790491663.2420795,3,142,1,random,1,0.9942,0.9899,OFF,success
1790491655.4273987,1790491665.2953243,2,141,1,random,1,0.9914,0.9933,OFF,success
1790491661.5426974,1790491672.7973914,1,144,1,random,1,0.9914,0.9923,OFF,failed
1790491663.5055015,1790491674.6112294,10,152,2,random,1,0.9925,0.9823,OFF,success
1790491663.5994039,1790491676.6536179,8,154,2,random,1,0.99,0.9854,ON,failed
1790491673.511876,1790491680.8784459,2,142,2,random,1,0.0,0.0,ON,failed
1790491681.5156045,1790491688.3296602,1,145,2,random,1,0.0,0.0,OFF,failed
1790491595.6970887,,3,138,2,random,1,0.9937,0.9941,OFF,unavailable
1790491599.4526956,,2,137,2,random,1,0.9862,0.989,ON,unavailable
1790491683.518,1790491690.6948776,10,153,2,random,1,0.0,0.0,OFF,failed
1790491685.519871,1790491691.904967,8,155,2,random,1,0.0931,0.9854,OFF,failed
1790491684.206512,1790491694.2862637,2,143,2,random,1,0.8535,0.8535,OFF,success
1790491687.5220568,1790491695.4059114,7,156,2,random,1,0.0,0.0,OFF,failed
1790491689.747909,1790491699.702088,6,157,1,random,1,0.9915,0.99,OFF,success
1790491691.5560164,1790491701.1367602,1,146,1,random,1,0.9933,0.9914,OFF,success
1790491692.0913198,1790491704.2932992,5,154,2,random,1,0.9914,0.9938,OFF,failed
1790491694.7406917,1790491704.8263218,9,158,2,random,1,0.0004,0.9926,OFF,success
1790491702.9277465,1790491714.039786,6,158,1,random,1,0.9914,0.9937,OFF,success
1790491722.539906,1790491730.111673,6,159,2,random,1,0.0,0.0,ON,failed
1790491734.5458558,1790491742.5029776,4,87,1,random,1,0.0,0.0,OFF,failed
1790491733.7461941,1790491743.5616813,1,149,1,random,1,0.99,0.9914,OFF,success
1790491733.3385227,1790491744.4469607,6,160,1,random,1,0.991,0.9896,OFF,success
1790491652.3527598,,7,154,2,random,1,0.9915,0.9902,OFF,unavailable
1790491735.6914144,1790491747.4161792,9,161,2,random,1,0.9933,0.9933,OFF,failed
1790491739.5820174,1790491750.697705,5,157,1,random,1,0.9943,0.9932,OFF,success
1790491741.426266,1790491751.508446,8,159,2,random,1,0.7025,0.9897,OFF,success
1790491741.627292,1790491752.1537318,3,148,2,random,1,0.9932,0.9911,OFF,success
1790491740.7013524,1790491753.346206,10,157,2,random,1,0.9933,0.9916,OFF,failed
1790491659.524675,,6,155,1,random,1,0.9925,0.9933,OFF,unavailable
1790491660.0244453,,5,152,1,random,1,0.9942,0.9938,OFF,unavailable
1790491749.5577345,1790491756.11995,7,160,1,random,1,0.9915,0.9932,OFF,failed
1790491745.7264776,1790491756.9574492,4,88,1,random,1,0.9914,0.9925,OFF,success
1790491744.392461,1790491757.4871552,2,147,1,random,1,0.9943,0.994,OFF,failed
1790491746.785624,1790491758.498086,1,150,2,random,1,0.9931,0.9901,OFF,failed
1790491747.7757623,1790491759.0894258,6,161,1,random,1,0.9901,0.9916,OFF,success
1790491665.3326275,,9,156,1,random,1,0.8689,0.9941,ON,unavailable
1790491666.4671264,,3,143,1,random,1,0.9925,0.9937,ON,unavailable
1790491750.6429105,1790491760.0189345,9,162,1,random,1,0.9925,0.9938,OFF,success
1790491754.0216374,1790491763.696248,5,158,1,random,1,0.9938,0.9941,OFF,success
1790491670.5091279,,4,83,1,random,1,0.0,0.9358,ON,unavailable
1790491754.7359455,1790491765.654449,8,160,2,random,1,0.9914,0.9925,OFF,success
1790491755.3831332,1790491765.9437208,3,149,1,random,1,0.9933,0.9938,OFF,success
1790491756.5777316,1790491768.0207412,10,158,2,random,1,0.9925,0.9914,OFF,failed
1790491759.3461406,1790491769.5702279,7,161,1,random,1,0.9901,0.9901,OFF,success
1790491760.283565,1790491770.4852433,4,89,2,random,1,0.9901,0.9926,OFF,success
1790491760.7664561,1790491771.0636783,2,148,1,random,1,0.9942,0.9942,OFF,success
1790491761.721187,1790491772.2183297,1,151,2,random,1,0.9926,0.9926,OFF,success
1790491763.2467487,1790491772.806945,9,163,1,random,1,0.9938,0.9943,OFF,success
1790491767.5840144,1790491773.5561903,6,162,2,random,1,0.9938,0.9914,OFF,failed
1790491766.9213235,1790491776.1949925,5,159,1,random,1,0.9933,0.9938,OFF,success
1790491768.8782208,1790491779.7758508,8,161,1,random,1,0.9901,0.9915,OFF,success
1790491771.2561562,1790491782.5395749,10,159,1,random,1,0.9937,0.9925,OFF,success
1790491693.913641,,10,154,2,random,1,0.9924,0.9941,OFF,unavailable
1790491695.2383394,,8,156,1,random,1,0.9809,0.3627,OFF,unavailable
1790491695.5471094,,3,145,2,random,1,0.9914,0.9925,OFF,unavailable
1790491697.5041385,,2,144,2,random,1,0.8536,0.8535,OFF,unavailable
1790491698.740699,,7,157,2,random,1,0.9933,0.9911,OFF,unavailable
1790491702.532537,,4,85,1,random,1,0.8689,0.8333,OFF,unavailable
1790491704.3661184,,1,147,2,random,1,0.9882,0.9856,OFF,unavailable
1790491783.1055439,1790491795.3787324,8,162,2,random,1,0.9901,0.9916,ON,failed
1790491707.5154574,,5,155,1,random,1,0.9262,0.0009,ON,unavailable
1790491708.0414078,,9,159,1,random,1,0.9902,0.9877,ON,unavailable
1790491803.6070552,1790491810.2245927,8,163,2,random,1,0.0,0.0,ON,failed
1790491805.6098385,1790491813.2666643,3,152,1,random,1,0.0,0.0,OFF,failed
1790491809.61352,1790491816.5363739,1,154,2,random,1,0.0,0.0,OFF,failed
1790491811.616211,1790491819.1925335,9,166,2,random,1,0.0041,0.0095,OFF,failed
1790491813.6176336,1790491820.8390718,5,162,2,random,1,0.0,0.0004,OFF,failed
1790491813.439628,1790491826.3736353,8,164,2,random,1,0.9901,0.99,OFF,failed
1790491818.8629074,1790491828.6491299,2,152,1,random,1,0.081,0.9916,OFF,success
1790491821.6229696,1790491828.9292493,4,93,1,random,1,0.9898,0.9862,OFF,failed
1790491821.6242974,1790491829.6848173,3,153,2,random,1,0.992,0.9918,OFF,failed
1790491819.7642002,1790491831.0941968,1,155,2,random,1,0.9924,0.9912,OFF,success
1790491820.523234,1790491831.9893086,6,166,1,random,1,0.99,0.9915,OFF,success
1790491837.633164,1790491843.9815893,2,153,2,random,1,0.0324,0.0157,UNKNOWN,failed
1790491840.6402848,1790491848.172674,6,167,1,random,1,0.1592,0.0964,ON,failed
1790491852.6472938,1790491858.7304804,2,154,1,random,1,0.0,0.0,OFF,failed
1790491769.17339,,3,150,1,random,1,0.9932,0.994,OFF,unavailable
1790491851.4099786,1790491861.2977762,6,168,2,random,1,0.9926,0.9915,OFF,success
1790491772.7886133,,7,162,1,random,1,0.9925,0.9914,OFF,unavailable
1790491773.7000525,,4,90,1,random,1,0.0,0.0,OFF,unavailable
1790491855.4363494,1790491865.2817175,5,165,2,random,1,0.9916,0.9933,OFF,success
1790491775.43083,,1,152,1,random,1,0.0,0.0031,OFF,unavailable
1790491776.77513,,6,163,1,random,1,0.9914,0.9924,OFF,unavailable
1790491779.4139395,,5,160,1,random,1,0.9933,0.9941,OFF,unavailable
1790491860.1098013,1790491872.1797473,8,167,2,random,1,0.9942,0.9938,OFF,failed
1790491861.947893,1790491873.1984773,2,155,1,random,1,0.9943,0.9932,OFF,success
1790491864.7275498,1790491874.3903112,10,165,1,random,1,0.992,0.0,OFF,success
1790491779.5882254,,2,149,1,random,1,0.9926,0.9938,OFF,unavailable
1790491781.5942655,,9,164,1,random,1,0.9925,0.9933,OFF,unavailable
1790491864.0035586,1790491874.4961624,4,96,2,random,1,0.9931,0.9923,OFF,success
1790491863.5840445,1790491874.9220426,7,168,1,random,1,0.0,0.0,OFF,success
1790491868.6554422,1790491875.724736,3,156,1,random,1,0.9861,0.9842,OFF,failed
1790491869.6576755,1790491877.8762088,6,169,1,random,1,0.9941,0.9932,OFF,failed
1790491865.145417,1790491878.4257133,1,158,2,random,1,0.9853,0.9882,OFF,failed
1790491868.6070592,1790491881.2804134,5,166,1,random,1,0.9926,0.9937,OFF,failed
1790491790.5999646,,10,160,1,random,1,0.0,0.0,ON,unavailable
1790491929.120738,1790491935.7565036,3,160,1,state-aware,1,0.989,0.9878,OFF,failed
1790491924.830873,1790491936.8599648,7,172,1,state-aware,1,0.9916,0.9902,OFF,failed
1790491926.1275,1790491937.1872053,6,173,2,state-aware,1,0.0,0.0021,OFF,success
1790491932.1352043,1790491938.0053494,9,174,2,state-aware,1,0.993,0.993,OFF,failed
1790491928.1317365,1790491939.245895,1,162,1,state-aware,1,0.9933,0.9924,OFF,success
1790491930.342454,1790491940.8537211,5,170,2,state-aware,1,0.9925,0.9925,OFF,success
1790491936.9041562,1790491948.1211188,8,172,1,state-aware,1,0.9942,0.9933,OFF,success
1790491938.3550067,1790491948.1607964,2,160,1,state-aware,1,0.9925,0.9914,OFF,success
1790491939.565206,1790491949.2808192,4,101,1,state-aware,1,0.9944,0.9913,OFF,success
1790491938.982418,1790491949.792416,3,161,2,state-aware,1,0.9944,0.9937,OFF,success
1790491940.0891902,1790491950.2690966,7,173,1,state-aware,1,0.9932,0.0159,OFF,success
1790491941.236172,1790491951.1065688,9,175,1,state-aware,1,0.9668,0.9933,OFF,success
1790491940.5086937,1790491951.8054283,6,174,1,state-aware,1,0.9941,0.9922,OFF,failed
1790491942.4763815,1790491952.0377297,1,163,2,state-aware,1,0.9944,0.994,OFF,success
1790491944.0763712,1790491953.6903641,5,171,1,state-aware,1,0.9925,0.9925,OFF,success
1790491947.1421535,1790491954.4673512,10,170,2,state-aware,1,0.9878,0.989,OFF,failed
1790491951.3850641,1790491960.8157916,2,161,2,state-aware,1,0.8689,0.9933,OFF,success
1790491952.5087008,1790491962.563205,4,102,1,state-aware,1,0.2966,0.0004,OFF,success
1790491956.1513853,1790491962.6912217,8,173,2,state-aware,1,0.9942,0.9933,OFF,failed
1790491958.1528475,1790491965.03873,3,162,2,state-aware,1,0.9944,0.9924,OFF,failed
1790491953.5049915,1790491965.7344754,7,174,2,state-aware,1,0.9933,0.9901,OFF,failed
1790491955.23008,1790491966.1476982,1,164,2,state-aware,1,0.9938,0.994,OFF,success
1790491957.799899,1790491967.1019378,10,171,1,state-aware,1,0.9914,0.9933,OFF,success
1790491957.0131953,1790491967.9853623,5,172,2,state-aware,1,0.9925,0.9925,OFF,success
1790491960.154917,1790491968.3937063,6,175,2,state-aware,1,0.9942,0.9933,OFF,failed
1790491969.379394,1790491979.5821712,1,165,1,state-aware,1,0.9895,0.9937,OFF,success
1790491988.1724231,1790491995.4477756,1,166,1,state-aware,1,0.9913,0.9883,ON,failed
1790491989.1745286,1790491996.4555454,9,178,1,state-aware,1,0.0,0.0,ON,failed
1790491997.8138616,1790492007.91909,8,176,2,state-aware,1,0.8858,0.9824,OFF,success
1790491998.67213,1790492008.529871,1,167,1,state-aware,1,0.9759,0.7071,OFF,success
1790491999.1982367,1790492009.38647,10,174,1,state-aware,1,0.9938,0.9933,OFF,success
1790492003.1793993,1790492009.6002555,4,105,2,state-aware,1,0.9868,0.9872,OFF,failed
1790492000.081832,1790492010.4177413,5,175,1,state-aware,1,0.9915,0.9932,OFF,success
1790492001.839837,1790492011.310163,6,178,1,state-aware,1,0.9942,0.9925,OFF,success
1790491999.6793425,1790492011.4033408,9,179,2,state-aware,1,0.991,0.9898,OFF,failed
1790491998.439406,1790492011.7504938,7,177,2,state-aware,1,0.9931,0.9911,OFF,failed
1790492011.148511,1790492020.5240538,8,177,1,state-aware,1,0.9943,0.9943,OFF,success
1790492010.1260839,1790492022.077544,2,165,1,state-aware,1,0.9915,0.9914,OFF,failed
1790492012.5747657,1790492022.607028,10,175,1,state-aware,1,0.9925,0.9902,OFF,success
1790492012.8288243,1790492023.4937263,4,106,1,state-aware,1,0.8804,0.8804,OFF,success
1790492011.7593365,1790492023.6050386,1,168,2,state-aware,1,0.9938,0.9932,OFF,failed
1790492014.6255171,1790492024.3105793,6,179,2,state-aware,1,0.8073,0.8535,OFF,success
1790492015.0827065,1790492025.8815536,7,178,1,state-aware,1,0.9931,0.9933,OFF,success
1790492019.184767,1790492026.2622433,5,176,2,state-aware,1,0.9914,0.9925,OFF,failed
1790492020.1863437,1790492026.8621812,9,180,1,state-aware,1,0.991,0.2484,OFF,failed
1790492023.7388213,1790492034.4454205,8,178,1,state-aware,1,0.9925,0.9926,OFF,success
1790492026.8281355,1790492037.2309978,1,169,1,state-aware,1,0.0,0.0062,OFF,success
1790492029.4857526,1790492040.6033814,5,177,1,state-aware,1,0.9837,0.9841,OFF,success
1790491954.327023,,9,176,1,state-aware,1,0.9915,0.9925,OFF,unavailable
1790492046.225638,1790492051.6381395,1,170,1,state-aware,1,0.0,0.0,ON,failed
1790491964.162797,,2,162,1,state-aware,1,0.9939,0.9925,OFF,unavailable
1790491965.9105628,,8,174,1,state-aware,1,0.9861,0.9824,OFF,unavailable
1790491968.0664706,,3,163,1,state-aware,1,0.9938,0.9932,OFF,unavailable
1790491968.9569426,,7,175,1,state-aware,1,0.0,0.0,OFF,unavailable
1790491970.3296416,,10,172,1,state-aware,1,0.9933,0.9933,OFF,unavailable
1790491971.165523,,4,103,2,state-aware,1,0.9849,0.985,ON,unavailable
1790491971.2118993,,5,173,1,state-aware,1,0.9942,0.9933,ON,unavailable
1790491971.62556,,6,176,1,state-aware,1,0.9941,0.9924,ON,unavailable
1790492055.910439,1790492066.9013681,2,168,2,state-aware,1,0.9932,0.9925,OFF,success
1790492060.2364485,1790492067.0015845,1,171,2,state-aware,1,0.4675,0.5473,OFF,failed
1790492057.43403,1790492067.5238347,10,178,1,state-aware,1,0.9925,0.0,OFF,success
1790492058.3577137,1790492068.760412,7,181,2,state-aware,1,0.0,0.9366,OFF,success
1790492063.2407498,1790492069.05654,6,182,2,state-aware,1,0.0,0.9925,OFF,failed
1790492063.242165,1790492071.4319015,3,169,1,state-aware,1,0.8887,0.8535,OFF,failed
1790492061.0214481,1790492071.7139528,9,183,2,state-aware,1,0.9942,0.9932,OFF,success
1790492070.2214606,1790492079.825864,1,172,1,state-aware,1,0.9843,0.9863,OFF,success
1790492069.040319,1790492080.5335698,8,181,1,state-aware,1,0.99,0.9933,OFF,failed
1790492075.2476263,1790492082.181177,2,169,2,state-aware,1,0.9933,0.9915,OFF,failed
1790492071.988932,1790492083.7229617,7,182,1,state-aware,1,0.9933,0.9933,OFF,success
1790492070.751621,1790492083.7614746,10,179,1,state-aware,1,0.9925,0.9933,OFF,failed
1790492077.250298,1790492085.6560373,6,183,1,state-aware,1,0.9743,0.985,OFF,failed
1790492083.03998,1790492093.6739268,1,173,1,state-aware,1,0.9901,0.9933,OFF,success
1790492083.7660625,1790492096.4983294,8,182,2,state-aware,1,0.9925,0.9941,OFF,failed
1790492094.258534,1790492099.4687612,10,180,2,state-aware,1,0.9915,0.9933,ON,failed
1790492094.2593477,1790492100.6308367,6,184,2,state-aware,1,0.0,0.985,ON,failed
1790492102.2638907,1790492108.1833792,1,174,2,state-aware,1,0.4852,0.9933,OFF,failed
1790492105.26676,1790492112.0653353,8,183,1,state-aware,1,0.8515,0.3011,OFF,failed
1790492104.1273124,1790492114.1098948,5,182,1,state-aware,1,0.9915,0.99,OFF,success
1790492108.2693186,1790492115.5432954,10,181,1,state-aware,1,0.0002,0.0002,OFF,failed
1790492106.176162,1790492118.3041182,3,172,2,state-aware,1,0.9933,0.99,OFF,failed
1790492025.303896,,2,166,1,state-aware,1,0.99,0.0,OFF,unavailable
1790492025.896451,,10,176,1,state-aware,1,0.9915,0.9933,OFF,unavailable
1790492027.5385337,,6,180,1,state-aware,1,0.9924,0.9925,OFF,unavailable
1790492028.478753,,3,167,1,state-aware,1,0.9944,0.9932,OFF,unavailable
1790492029.2132454,,7,179,1,state-aware,1,0.9925,0.9925,OFF,unavailable
1790492111.4105148,1790492123.9512792,1,175,1,state-aware,1,0.9924,0.9938,OFF,failed
1790492032.2161994,,4,107,1,state-aware,1,0.9868,0.9868,OFF,unavailable
1790492115.296672,1790492127.1131797,8,184,2,state-aware,1,0.9941,0.9943,OFF,failed
1790492117.330397,1790492127.4529393,5,183,1,state-aware,1,0.8887,0.8535,OFF,success
1790492120.2767808,1790492127.5300493,4,113,1,state-aware,1,0.9925,0.9938,OFF,failed
1790492116.8374298,1790492127.6312108,2,172,2,state-aware,1,0.0,0.1574,OFF,success
1790492117.6453226,1790492127.6314359,7,185,1,state-aware,1,0.9926,0.9925,OFF,success
1790492118.9640322,1790492129.0624237,9,187,2,state-aware,1,0.8887,0.889,OFF,success
1790492035.218571,,9,181,1,state-aware,1,0.9943,0.9334,ON,unavailable
1790492124.279427,1790492131.0062518,10,182,2,state-aware,1,0.0002,0.8888,OFF,failed
1790492121.5310547,1790492132.5839655,3,173,1,state-aware,1,0.9924,0.9877,OFF,success
1790492043.2227075,,8,179,1,state-aware,1,0.9925,0.9933,ON,unavailable
1790492049.2280967,,5,178,1,state-aware,1,0.0,0.0,ON,unavailable
1790492127.1667922,1790492142.30087,1,176,1,state-aware,1,0.9932,0.9938,OFF,failed
1790492130.3400462,1790492142.3434525,8,185,1,state-aware,1,0.9925,0.9941,OFF,success
1790492132.2911706,1790492142.3666568,9,188,2,state-aware,1,0.9944,0.9944,OFF,success
1790492136.293902,1790492142.3820395,5,184,1,state-aware,1,0.0,0.0,UNKNOWN,failed
1790492131.0559988,1790492142.4800248,2,173,2,state-aware,1,0.8689,0.9239,OFF,failed
1790492136.2977016,1790492143.0904593,4,114,2,state-aware,1,0.0,0.9938,UNKNOWN,failed
1790492130.8565135,1790492143.433241,7,186,1,state-aware,1,0.9926,0.0,OFF,failed
1790492133.1324925,1790492145.0323243,6,187,1,state-aware,1,0.9939,0.9925,OFF,failed
1790492139.2993963,1790492146.4704952,10,183,1,state-aware,1,0.9806,0.9923,UNKNOWN,failed
1790492135.8036213,1790492148.9344838,3,174,1,state-aware,1,0.9914,0.9877,UNKNOWN,failed
1790492145.380492,1790492156.5291936,9,189,1,state-aware,1,0.9925,0.0,OFF,success
1790492148.2461543,1790492159.1760736,6,188,1,state-aware,1,0.9915,0.9915,OFF,success
1790492072.5045419,,4,110,1,state-aware,1,0.9925,0.9901,OFF,unavailable
1790492074.2293508,,5,180,1,state-aware,1,0.9544,0.9867,OFF,unavailable
1790492074.9346848,,9,184,2,state-aware,1,0.9938,0.9925,OFF,unavailable
1790492080.2526813,,3,170,2,state-aware,1,0.0,0.0,OFF,unavailable
1790492085.3875983,,2,170,2,state-aware,1,0.8974,0.9376,ON,unavailable
1790492086.7540247,,7,183,2,state-aware,1,0.0,0.7429,ON,unavailable
1790492179.328557,1790492187.227923,1,179,1,state-aware,1,0.0,0.0,OFF,failed
1790492182.4667673,1790492193.1742392,3,177,2,state-aware,1,0.9925,0.9816,OFF,success
1790492103.8456442,,6,185,1,state-aware,1,0.9921,0.9925,OFF,unavailable
1790492190.9642694,1790492200.9374802,4,118,1,state-aware,1,0.9925,0.9924,OFF,success
1790492190.4439871,1790492201.3454108,1,180,1,state-aware,1,0.0,0.0056,OFF,success
1790492192.1274338,1790492202.8994155,5,188,2,state-aware,1,0.9941,0.9932,OFF,success
1790492193.9399562,1790492203.9173646,6,191,1,state-aware,1,0.9933,0.9755,OFF,success
1790492192.6185648,1790492204.4571316,7,190,2,state-aware,1,0.8259,0.9863,OFF,failed
1790492198.343875,1790492204.7633202,2,177,1,state-aware,1,0.9931,0.9916,OFF,failed
1790492195.994275,1790492207.7482553,10,187,2,state-aware,1,0.7452,0.8379,OFF,failed
1790492201.3563824,1790492208.5311656,3,178,2,state-aware,1,0.9901,0.9915,OFF,failed
1790492259.771911,1790492265.3991022,10,191,2,ewma,1,0.9862,0.9862,OFF,failed
1790492259.7711258,1790492265.8743148,7,194,2,ewma,1,0.0001,0.7811,OFF,failed
1790492255.4688869,1790492268.2311184,3,182,1,ewma,1,0.9935,0.9896,OFF,failed
1790492264.7038267,1790492274.480962,1,185,1,ewma,1,0.9901,0.9933,OFF,success
1790492266.844758,1790492277.2514086,4,123,2,ewma,1,0.9933,0.9883,OFF,success
1790492267.630707,1790492279.0829353,8,194,2,ewma,1,0.9933,0.9942,OFF,success
1790492269.0966523,1790492280.5006762,2,182,1,ewma,1,0.0,0.9,OFF,success
1790492280.4623241,1790492293.316841,4,124,2,ewma,1,0.9933,0.9924,ON,failed
1790492287.779606,1790492295.1664875,8,195,2,ewma,1,0.0,0.0,ON,failed
1790492288.7815518,1790492295.2609365,2,183,1,ewma,1,0.6596,0.6189,ON,failed
1790492297.154709,1790492306.9567935,6,198,1,ewma,1,0.9925,0.9932,OFF,success
1790492296.5454628,1790492307.6470509,4,125,1,ewma,1,0.9916,0.9901,OFF,success
1790492297.7087734,1790492308.2617471,7,197,1,ewma,1,0.8887,0.9465,OFF,success
1790492298.596831,1790492308.8057728,5,195,2,ewma,1,0.0,0.8887,OFF,success
1790492299.107054,1790492309.5912516,9,199,2,ewma,1,0.9942,0.9933,OFF,success
1790492298.4912274,1790492310.2371979,2,184,2,ewma,1,0.8606,0.9916,OFF,success
1790492303.7855084,1790492310.4376516,8,196,1,ewma,1,0.0,0.0236,OFF,failed
1790492300.6446533,1790492310.721441,3,185,2,ewma,1,0.9925,0.99,OFF,success
1790492306.569102,1790492318.6001143,1,188,1,ewma,1,0.9924,0.9925,OFF,failed
1790492310.1758778,1790492320.3759465,6,199,1,ewma,1,0.9926,0.9901,OFF,success
1790492310.872816,1790492320.7505512,4,126,1,ewma,1,0.9902,0.9925,OFF,success
1790492311.4915364,1790492322.295569,7,198,1,ewma,1,0.1604,0.9821,OFF,success
1790492313.6727655,1790492323.633686,8,197,2,ewma,1,0.994,0.993,OFF,success
1790492312.8243976,1790492323.832904,9,200,2,ewma,1,0.9925,0.9925,OFF,success
1790492313.9394681,1790492324.8510032,3,186,2,ewma,1,0.9925,0.9938,OFF,success
1790492318.7898483,1790492324.9576154,2,185,2,ewma,1,0.0,0.002,OFF,failed
1790492312.0398932,1790492325.4643023,5,196,2,ewma,1,0.9915,0.9926,OFF,failed
1790492318.790846,1790492325.7965972,10,195,1,ewma,1,0.9938,0.9915,OFF,failed
1790492321.820855,1790492332.7668974,1,189,2,ewma,1,0.9899,0.9899,OFF,success
1790492323.995364,1790492334.818097,4,127,1,ewma,1,0.9938,0.9913,OFF,success
1790492323.6001735,1790492335.5457509,6,200,1,ewma,1,0.9914,0.7888,OFF,failed
1790492326.947898,1790492336.9428253,8,198,2,ewma,1,0.4953,0.8949,OFF,success
1790492328.7187583,1790492339.0907617,5,197,1,ewma,1,0.9913,0.9935,OFF,success
1790492336.0953662,1790492348.712851,1,190,2,ewma,1,0.9925,0.9941,ON,failed
1790492338.765632,1790492351.8087137,6,201,1,ewma,1,0.0,0.0,ON,failed
1790492345.8027527,1790492352.8117185,8,199,2,ewma,1,0.0,0.0,ON,failed
1790492347.8051324,1790492355.3600614,5,198,1,ewma,1,0.0,0.0,OFF,failed
1790492268.2110174,,9,197,2,ewma,1,0.0,0.0,OFF,unavailable
1790492268.619733,,10,192,1,ewma,1,0.9925,0.9925,OFF,unavailable
1790492269.0972605,,7,195,1,ewma,1,0.0001,0.0002,OFF,unavailable
1790492269.6196916,,6,196,2,ewma,1,0.9933,0.9925,OFF,unavailable
1790492351.938083,1790492364.2770069,1,191,2,ewma,1,0.9913,0.9942,OFF,failed
1790492271.5507398,,3,183,2,ewma,1,0.9913,0.9877,OFF,unavailable
1790492273.775779,,5,193,1,ewma,1,0.8804,0.989,OFF,unavailable
1790492354.1895792,1790492366.4403143,7,201,1,ewma,1,0.0,0.0293,OFF,failed
1790492355.0239189,1790492367.034554,6,202,2,ewma,1,0.9914,0.9915,OFF,failed
1790492357.366025,1790492367.5774662,2,188,2,ewma,1,0.9937,0.9937,OFF,success
1790492359.0980558,1790492368.8829777,10,198,2,ewma,1,0.9921,0.9932,OFF,success
1790492358.1086771,1790492369.0863645,9,203,2,ewma,1,0.0,0.1715,OFF,success
1790492356.0392065,1790492369.6123838,8,200,2,ewma,1,0.9926,0.9938,OFF,failed
1790492358.791774,1790492369.6128182,3,189,2,ewma,1,0.9915,0.9901,OFF,success
1790492363.8168576,1790492370.6253138,5,199,2,ewma,1,0.9877,0.9842,OFF,failed
1790492277.7061005,,1,186,1,ewma,1,0.9915,0.9901,OFF,unavailable
1790492367.508489,1790492377.199365,1,192,1,ewma,1,0.9914,0.9925,OFF,success
1790492370.2567604,1790492381.9871068,4,130,1,ewma,1,0.9933,0.9913,OFF,failed
1790492385.8344917,1790492391.8092895,1,193,1,ewma,1,0.7952,0.4917,ON,failed
1790492390.837748,1790492396.9518218,4,131,1,ewma,1,0.0,0.0,ON,failed
1790492399.8656678,1790492406.9098556,1,194,1,ewma,1,0.2256,0.2918,OFF,failed
1790492399.866487,1790492412.1209643,7,204,1,ewma,1,0.9934,0.3652,OFF,failed
1790492400.3603773,1790492412.7355368,2,191,2,ewma,1,0.9881,0.9846,OFF,failed
1790492405.8865113,1790492413.3578165,4,132,2,ewma,1,0.0,0.0,OFF,failed
1790492402.632431,1790492413.6357534,5,202,1,ewma,1,0.9915,0.9925,OFF,success
1790492400.883601,1790492414.1683605,6,205,1,ewma,1,0.9924,0.9914,OFF,failed
1790492408.889413,1790492415.3699467,9,206,2,ewma,1,0.9868,0.9803,OFF,failed
1790492325.5188866,,7,199,1,ewma,1,0.9932,0.9933,OFF,unavailable
1790492403.9531403,1790492416.1155345,10,201,2,ewma,1,0.99,0.9938,OFF,failed
1790492409.8915517,1790492417.468078,8,203,2,ewma,1,0.9942,0.9933,OFF,failed
1790492410.14111,1790492420.600374,1,195,2,ewma,1,0.9943,0.9925,OFF,success
1790492328.1819868,,2,186,2,ewma,1,0.9776,0.9912,OFF,unavailable
1790492328.9900613,,10,196,1,ewma,1,0.9901,0.9926,OFF,unavailable
1790492332.7960362,,9,201,2,ewma,1,0.9942,0.9942,OFF,unavailable
1790492333.7977874,,3,187,2,ewma,1,0.9925,0.9926,OFF,unavailable
1790492415.9656646,1790492426.7667723,2,192,1,ewma,1,0.9938,0.9925,OFF,success
1790492416.8539164,1790492427.005598,5,203,1,ewma,1,0.0,0.0,OFF,success
1790492416.5861208,1790492427.6654227,4,133,1,ewma,1,0.9921,0.9923,OFF,success
1790492415.3473594,1790492428.196139,7,205,1,ewma,1,0.9914,0.9914,OFF,failed
1790492418.696511,1790492428.7967057,9,207,2,ewma,1,0.9353,0.8507,OFF,success
1790492419.4485164,1790492429.3149993,10,202,2,ewma,1,0.9932,0.9932,OFF,success
1790492420.7907045,1790492430.4164572,8,204,1,ewma,1,0.9915,0.9925,OFF,success
1790492417.3899834,1790492430.5330348,6,206,2,ewma,1,0.9901,0.9902,OFF,failed
1790492338.0952888,,4,128,1,ewma,1,0.9938,0.9941,ON,unavailable
1790492423.8966508,1790492431.5500376,3,193,2,ewma,1,0.9914,0.9912,OFF,failed
1790492423.8322852,1790492435.853599,1,196,2,ewma,1,0.9914,0.9925,OFF,failed
1790492429.9984999,1790492440.2690263,2,193,1,ewma,1,0.9901,0.9932,OFF,success
1790492430.8997931,1790492441.1085649,4,134,1,ewma,1,0.0,0.9925,OFF,success
1790492430.1856797,1790492441.6930923,5,204,1,ewma,1,0.9931,0.9924,OFF,success
1790492432.0235655,1790492442.3084192,9,208,2,ewma,1,0.9915,0.9915,OFF,success
1790492431.42746,1790492442.8568854,7,206,2,ewma,1,0.9933,0.9925,OFF,failed
1790492432.5455282,1790492443.333142,10,203,2,ewma,1,0.9925,0.9915,OFF,success
1790492433.9572332,1790492445.2764826,6,207,1,ewma,1,0.9901,0.9938,OFF,success
1790492438.911977,1790492445.508468,8,205,1,ewma,1,0.0,0.0,OFF,failed
1790492434.8854847,1790492447.5551548,3,194,2,ewma,1,0.9925,0.9933,OFF,failed
1790492439.0779808,1790492449.8142009,1,197,2,ewma,1,0.9937,0.9931,OFF,success
1790492444.917549,1790492454.7976146,5,205,1,ewma,1,0.9942,0.9942,OFF,success
1790492445.5337415,1790492458.685061,9,209,2,ewma,1,0.99,0.9902,OFF,failed
1790492448.732351,1790492459.0325103,8,206,1,ewma,1,0.9914,0.9931,OFF,success
1790492448.505783,1790492459.6142461,6,208,1,ewma,1,0.9938,0.9925,OFF,success
1790492369.6623585,,7,202,1,ewma,1,0.0,0.988,OFF,unavailable
1790492450.7787366,1790492461.4656334,3,195,2,ewma,1,0.9925,0.9933,OFF,success
1790492453.0352201,1790492465.755099,1,198,2,ewma,1,0.9938,0.9915,ON,failed
1790492370.9058683,,2,189,2,ewma,1,0.9915,0.9925,OFF,unavailable
1790492372.3199668,,9,204,2,ewma,1,0.0,0.0032,OFF,unavailable
1790492372.8241289,,3,190,2,ewma,1,0.9901,0.9872,OFF,unavailable
1790492373.8578672,,5,200,1,ewma,1,0.994,0.9926,OFF,unavailable
1790492375.8266172,,6,203,1,ewma,1,0.0,0.9915,ON,unavailable
1790492377.8290823,,10,199,2,ewma,1,0.9898,0.9932,ON,unavailable
1790492377.8297088,,8,201,2,ewma,1,0.9877,0.9938,ON,unavailable
1790492462.928388,1790492470.879071,5,206,1,ewma,1,0.0,0.0,ON,failed
1790492466.9321446,1790492473.7443132,9,210,2,ewma,1,0.0,0.0,OFF,failed
1790492467.9356573,1790492473.951614,8,207,1,ewma,1,0.0016,0.0095,OFF,failed
1790492467.9367802,1790492475.5206077,6,209,1,ewma,1,0.0,0.0,OFF,failed
1790492469.939793,1790492477.1143582,3,196,2,ewma,1,0.9915,0.9915,OFF,failed
1790492468.98459,1790492479.0667155,1,199,2,ewma,1,0.9938,0.9925,OFF,success
1790492471.0325975,1790492483.0784512,2,196,1,ewma,1,0.9911,0.9929,OFF,failed
1790492474.108143,1790492485.0445204,5,207,1,ewma,1,0.9938,0.9942,OFF,success
1790492473.593408,1790492485.9241922,4,137,1,ewma,1,0.9915,0.9938,OFF,failed
1790492477.1698263,1790492486.4405334,8,208,1,ewma,1,0.9918,0.9935,OFF,success
1790492476.4571922,1790492486.886153,7,209,1,ewma,1,0.1165,0.0016,OFF,success
1790492478.7448902,1790492488.2918162,6,210,1,ewma,1,0.9938,0.9926,OFF,success
1790492481.9614203,1790492488.801632,9,211,1,ewma,1,0.8689,0.8689,OFF,failed
1790492480.350375,1790492491.776414,3,197,2,ewma,1,0.9914,0.9925,OFF,success
1790492488.2723556,1790492500.8179972,5,208,1,ewma,1,0.9942,0.9944,OFF,failed
1790492495.0859492,1790492507.8592582,3,198,2,ewma,1,0.9932,0.9925,ON,failed
1790492509.007817,1790492515.2551007,5,209,1,ewma,1,0.9902,0.0009,ON,failed
1790492516.0130327,1790492523.311466,3,199,2,ewma,1,0.0,0.0,OFF,failed
1790492519.0156748,1790492526.0063677,1,202,2,ewma,1,0.8333,0.7741,OFF,failed
1790492516.4255874,1790492528.4190936,2,199,1,ewma,1,0.9937,0.9933,OFF,failed
1790492518.561098,1790492529.4515307,4,140,1,ewma,1,0.8804,0.8333,OFF,success
1790492519.892764,1790492529.854616,7,212,1,ewma,1,0.9899,0.99,OFF,success
1790492520.5883188,1790492530.6876369,10,209,2,ewma,1,0.9915,0.0,OFF,success
1790492521.0063777,1790492531.2244346,6,213,1,ewma,1,0.9933,0.9883,OFF,success
1790492524.0193005,1790492531.6219523,5,210,1,ewma,1,0.9937,0.8807,OFF,failed
1790492522.7458477,1790492532.5383005,8,211,1,ewma,1,0.9925,0.9938,OFF,success
1790492522.1400862,1790492533.1372058,9,214,2,ewma,1,0.0302,0.9262,OFF,success
1790492443.4960914,,2,194,1,ewma,1,0.9931,0.9931,OFF,unavailable
1790492444.3335564,,4,135,1,ewma,1,0.0,0.0,OFF,unavailable
1790492526.5361714,1790492537.6423914,3,200,1,ewma,1,0.9925,0.9932,OFF,success
1790492446.5597386,,10,204,2,ewma,1,0.9931,0.9944,OFF,unavailable
1790492529.2197928,1790492540.8179765,1,203,2,ewma,1,0.9942,0.9924,OFF,failed
1790492531.643073,1790492543.2089376,2,200,2,ewma,1,0.9901,0.9901,OFF,failed
1790492533.912983,1790492544.2000866,10,210,2,ewma,1,0.9914,0.0,OFF,success
1790492534.8136072,1790492545.3242834,5,211,2,ewma,1,0.9933,0.9938,OFF,success
1790492533.070111,1790492545.5320349,7,213,1,ewma,1,0.9924,0.9924,OFF,failed
1790492451.9219477,,7,207,1,ewma,1,0.9924,0.9933,ON,unavailable
1790492589.203372,1790492598.672984,1,207,1,round-robin,2,0.9941,0.9937,OFF,success
1790492588.3614655,1790492599.1785662,3,204,1,round-robin,2,0.9901,0.9901,OFF,success
1790492593.928559,1790492604.6283898,10,214,1,round-robin,2,0.9932,0.9924,OFF,success
1790492594.5597157,1790492604.9170427,7,217,1,round-robin,2,0.9924,0.994,OFF,success
1790492592.2957802,1790492605.778542,2,204,1,round-robin,2,0.9899,0.9925,OFF,failed
1790492593.1983075,1790492606.2831476,5,215,1,round-robin,2,0.9944,0.9925,OFF,failed
1790492595.872191,1790492606.864763,6,218,1,round-robin,2,0.9925,0.9925,OFF,success
1790492596.372455,1790492607.1916628,8,216,1,round-robin,2,0.0,0.9938,OFF,success
1790492596.8898892,1790492607.9126017,4,145,1,round-robin,2,0.9914,0.9915,OFF,success
1790492598.8459191,1790492610.0244498,9,219,1,round-robin,2,0.9926,0.9942,OFF,success
1790492601.906924,1790492611.2656386,1,208,2,round-robin,2,0.8541,0.9883,OFF,success
1790492602.405336,1790492613.438006,3,205,2,round-robin,2,0.9932,0.9925,OFF,success
1790492608.1470082,1790492619.5721602,7,218,2,round-robin,2,0.9899,0.9933,OFF,success
1790492615.4696267,1790492622.2233906,8,217,2,round-robin,2,0.9868,0.9943,OFF,failed
1790492614.5996785,1790492625.115603,1,209,1,round-robin,2,0.9933,0.9881,OFF,success
1790492616.7672014,1790492626.9373472,3,206,1,round-robin,2,0.9938,0.9915,OFF,success
1790492628.4738104,1790492635.556406,7,219,1,round-robin,2,0.0165,0.0,ON,failed
1790492630.4761422,1790492637.585433,8,218,1,round-robin,2,0.0292,0.0095,ON,failed
1790492633.478332,1790492639.96984,1,210,2,round-robin,2,0.8541,0.8934,OFF,failed
1790492635.4806545,1790492642.187713,3,207,2,round-robin,2,0.0,0.0,OFF,failed
1790492636.8470168,1790492646.714513,2,207,1,round-robin,2,0.9915,0.99,OFF,success
1790492638.1500993,1790492648.9628255,10,217,1,round-robin,2,0.9925,0.9933,OFF,success
1790492638.891219,1790492649.4803162,7,220,2,round-robin,2,0.9914,0.99,OFF,success
1790492637.6391242,1790492649.8943057,5,218,1,round-robin,2,0.9457,0.0,OFF,failed
1790492641.0063717,1790492651.9228418,6,221,1,round-robin,2,0.8536,0.8715,OFF,success
1790492642.754122,1790492653.8063972,4,148,1,round-robin,2,0.9933,0.9915,OFF,success
1790492643.199534,1790492653.9850018,1,211,1,round-robin,2,0.9933,0.9923,OFF,success
1790492645.4150248,1790492655.029088,3,208,1,round-robin,2,0.9914,0.9914,OFF,success
1790492644.7023208,1790492656.753128,9,222,1,round-robin,2,0.9938,0.9926,OFF,failed
1790492650.0408509,1790492660.745621,2,208,2,round-robin,2,0.9924,0.9932,OFF,success
1790492652.1802104,1790492661.6458814,10,218,2,round-robin,2,0.9891,0.0,OFF,success
1790492652.698688,1790492662.8788116,7,221,1,round-robin,2,0.0034,0.0,OFF,success
1790492653.087991,1790492663.7032878,5,219,2,round-robin,2,0.9925,0.9922,OFF,success
1790492657.2064805,1790492667.0714588,1,212,2,round-robin,2,0.0,0.9858,OFF,success
1790492655.154989,1790492667.8805964,6,222,2,round-robin,2,0.9916,0.9938,OFF,failed
1790492658.251979,1790492668.825975,3,209,2,round-robin,2,0.9933,0.9938,OFF,success
1790492662.4964502,1790492669.1221888,4,149,2,round-robin,2,0.9942,0.9937,OFF,failed
1790492659.9705098,1790492670.3632607,9,223,2,round-robin,2,0.9938,0.9914,OFF,success
1790492663.9698284,1790492673.2440941,2,209,1,round-robin,2,0.9915,0.9914,OFF,success
1790492664.8780508,1790492674.3478687,10,219,1,round-robin,2,0.9938,0.9942,OFF,success
1790492666.9228575,1790492678.4843097,5,220,1,round-robin,2,0.9938,0.9943,OFF,success
1790492670.2993028,1790492680.0869875,1,213,1,round-robin,2,0.9915,0.9925,OFF,success
1790492672.0399597,1790492681.7200437,3,210,1,round-robin,2,0.0008,0.0,OFF,success
1790492671.1087372,1790492682.3324466,6,223,1,round-robin,2,0.9938,0.9933,OFF,success
1790492672.4512773,1790492683.0772047,4,150,1,round-robin,2,0.9914,0.9926,OFF,success
1790492673.7014742,1790492684.3994734,9,224,1,round-robin,2,0.9926,0.9938,OFF,success
1790492676.464476,1790492689.5013864,2,210,2,round-robin,2,0.9938,0.9902,ON,failed
1790492677.5667543,1790492690.5328367,10,220,2,round-robin,2,0.9915,0.9938,ON,failed
1790492686.505713,1790492694.9277349,5,221,2,round-robin,2,0.0,0.0,ON,failed
1790492688.5096593,1790492695.5464447,1,214,2,round-robin,2,0.99,0.9882,OFF,failed
1790492690.5120525,1790492696.3869953,3,211,2,round-robin,2,0.0,0.0,OFF,failed
1790492690.5130908,1790492697.0818136,6,224,2,round-robin,2,0.0,0.0,OFF,failed
1790492692.5174334,1790492699.555654,9,225,2,round-robin,2,0.0,0.0,OFF,failed
1790492691.5151887,1790492699.6340833,4,151,2,round-robin,2,0.0,0.0,OFF,failed
1790492607.8529584,,10,215,2,round-robin,2,0.9932,0.994,OFF,unavailable
1790492609.0570488,,2,205,2,round-robin,2,0.9901,0.9915,OFF,unavailable
1790492609.5108986,,5,216,2,round-robin,2,0.0,0.0,OFF,unavailable
1790492610.0923865,,6,219,2,round-robin,2,0.9943,0.9925,OFF,unavailable
1790492611.2429209,,4,146,2,round-robin,2,0.9914,0.9924,OFF,unavailable
1790492692.7184587,1790492701.994744,2,211,1,round-robin,2,0.9932,0.9933,OFF,success
1790492693.855663,1790492704.1808069,10,221,1,round-robin,2,0.9924,0.9932,OFF,success
1790492613.2458632,,9,220,2,round-robin,2,0.9925,0.9938,OFF,unavailable
1790492696.249668,1790492707.3179104,7,224,1,round-robin,2,0.9925,0.9914,OFF,success
1790492698.149087,1790492707.939814,5,222,1,round-robin,2,0.9932,0.9937,OFF,success
1790492698.7734642,1790492709.3940456,1,215,1,round-robin,2,0.9942,0.9932,OFF,success
1790492700.302055,1790492709.8791053,6,225,1,round-robin,2,0.9915,0.9925,OFF,success
1790492699.701431,1790492712.1383095,3,212,1,round-robin,2,0.9938,0.9936,OFF,failed
1790492702.8680506,1790492712.737393,4,152,1,round-robin,2,0.0,0.0054,OFF,success
1790492705.2252927,1790492715.204439,2,212,2,round-robin,2,0.9916,0.9914,OFF,success
1790492703.3018038,1790492715.4207132,8,223,2,round-robin,2,0.9931,0.9924,OFF,failed
1790492708.5232236,1790492715.6081464,9,226,1,round-robin,2,0.9805,0.0,OFF,failed
1790492710.542104,1790492719.908697,7,225,2,round-robin,2,0.9924,0.9925,OFF,success
1790492707.399186,1790492720.6461918,10,222,2,round-robin,2,0.9933,0.9941,OFF,failed
1790492711.1652522,1790492722.2754393,5,223,2,round-robin,2,0.9915,0.9915,OFF,success
1790492713.1036031,1790492723.2212124,6,226,2,round-robin,2,0.9933,0.9938,OFF,success
1790492712.6168933,1790492725.848219,1,216,2,round-robin,2,0.9938,0.99,OFF,failed
1790492716.029144,1790492726.3682067,4,153,2,round-robin,2,0.9925,0.9913,OFF,success
1790492715.369432,1790492727.0809045,3,213,2,round-robin,2,0.9937,0.9924,OFF,failed
1790492718.426046,1790492727.808436,2,213,1,round-robin,2,0.0004,0.99,OFF,success
1790492719.0343683,1790492729.773241,9,227,2,round-robin,2,0.9915,0.9923,OFF,success
1790492718.8321342,1790492730.0577376,8,224,1,round-robin,2,0.0,0.9924,OFF,success
1790492723.143584,1790492734.8661022,7,226,1,round-robin,2,0.9915,0.9942,OFF,failed
1790492723.8800976,1790492735.072955,10,223,1,round-robin,2,0.9933,0.9925,OFF,success
1790492726.549928,1790492736.5023527,6,227,1,round-robin,2,0.9915,0.9925,OFF,success
1790492725.4982474,1790492737.249648,5,224,1,round-robin,2,0.9915,0.9915,OFF,failed
1790492646.489617,,8,219,2,round-robin,2,0.9839,0.9869,OFF,unavailable
1790492731.0383978,1790492741.5437171,2,214,2,round-robin,2,0.9938,0.9925,OFF,success
1790492738.4968238,1790492748.6956756,10,224,2,round-robin,2,0.9915,0.9896,OFF,success
1790492738.1896734,1790492749.2209618,7,227,2,round-robin,2,0.0171,0.0,OFF,success
1790492739.7318003,1790492752.2908626,6,228,2,round-robin,2,0.9942,0.9933,ON,failed
1790492740.474574,1790492752.8172383,5,225,2,round-robin,2,0.9925,0.9942,ON,failed
1790492666.1091747,,7,222,2,round-robin,2,0.9914,0.9933,OFF,unavailable
1790492749.5629115,1790492757.1096797,2,215,1,round-robin,2,0.7949,0.9461,OFF,failed
1790492751.913892,1790492761.7981088,10,225,1,round-robin,2,0.9523,0.9411,OFF,success
1790492752.4374216,1790492763.5299542,7,228,1,round-robin,2,0.994,0.9929,OFF,success
1790492755.4938827,1790492768.1635854,6,229,1,round-robin,2,0.9942,0.9938,OFF,failed
1790492758.8803973,1790492768.3541129,1,219,2,round-robin,2,0.9915,0.9933,OFF,success
1790492756.0434923,1790492768.861664,5,226,1,round-robin,2,0.9933,0.9932,OFF,failed
1790492677.501629,,8,221,1,round-robin,2,0.9929,0.9878,ON,unavailable
1790492764.5736167,1790492772.0495934,4,156,2,round-robin,2,0.9933,0.9941,OFF,failed
1790492760.2971795,1790492772.3362815,2,216,2,round-robin,2,0.9932,0.9925,OFF,failed
1790492764.2997293,1790492773.6160762,8,227,1,round-robin,2,0.9901,0.9933,OFF,success
1790492763.4776952,1790492774.9171972,9,230,2,round-robin,2,0.9942,0.9933,OFF,failed
1790492765.013849,1790492775.7193627,10,226,2,round-robin,2,0.994,0.9925,OFF,success
1790492766.8579714,1790492777.3513615,7,229,2,round-robin,2,0.9937,0.9937,OFF,success
1790492777.5879712,1790492783.303209,5,227,2,round-robin,2,0.8943,0.8804,OFF,failed
1790492777.5865774,1790492783.4011052,1,220,1,round-robin,2,0.8535,0.9605,OFF,failed
1790492776.5847242,1790492784.8610213,6,230,2,round-robin,2,0.9933,0.9933,OFF,failed
1790492775.2607694,1790492785.801805,4,157,1,round-robin,2,0.9913,0.9197,OFF,success
1790492775.5169659,1790492786.4782653,2,217,1,round-robin,2,0.9934,0.9926,OFF,success
1790492778.1344914,1790492789.0358877,9,231,1,round-robin,2,0.9932,0.9925,OFF,success
1790492779.0578575,1790492790.0623353,10,227,1,round-robin,2,0.9938,0.9925,OFF,success
1790492780.5259342,1790492791.814827,7,230,1,round-robin,2,0.9938,0.9926,OFF,success
1790492786.6443543,1790492796.4254615,1,221,2,round-robin,2,0.9867,0.9925,OFF,success
1790492791.5976887,1790492798.4827366,5,228,1,round-robin,2,0.0,0.9868,OFF,failed
1790492788.088327,1790492799.2780933,6,231,1,round-robin,2,0.9938,0.9926,OFF,success
1790492789.7063246,1790492799.7929356,2,218,2,round-robin,2,0.0,0.7615,OFF,success
1790492789.0258281,1790492801.3216627,4,158,2,round-robin,2,0.9933,0.9901,OFF,failed
1790492792.3637834,1790492802.967467,9,232,2,round-robin,2,0.9925,0.9942,OFF,success
1790492795.150388,1790492806.4454432,7,231,2,round-robin,2,0.9925,0.9937,OFF,success
1790492799.6476347,1790492813.0039926,1,222,1,round-robin,2,0.9938,0.9914,OFF,failed
1790492802.4971628,1790492814.6765397,6,232,2,round-robin,2,0.9925,0.9915,ON,failed
1790492801.673833,1790492814.8408005,5,229,2,round-robin,2,0.9933,0.9944,ON,failed
1790492803.124694,1790492814.9566956,2,219,1,round-robin,2,0.9926,0.9938,ON,failed
1790492809.607174,1790492816.1664867,4,159,1,round-robin,2,0.9915,0.992,ON,failed
1790492811.6102743,1790492818.5248857,9,233,1,round-robin,2,0.0,0.0,OFF,failed
1790492729.179222,,1,217,1,round-robin,2,0.0,0.0,OFF,unavailable
1790492730.3035202,,3,214,1,round-robin,2,0.9932,0.9924,OFF,unavailable
1790492814.613291,1790492822.5265083,7,232,1,round-robin,2,0.0,0.0,OFF,failed
1790492732.961914,,9,228,1,round-robin,2,0.9933,0.9937,OFF,unavailable
1790492733.2883477,,8,225,2,round-robin,2,0.9915,0.9925,OFF,unavailable
1790492734.5547163,,4,154,1,round-robin,2,0.9915,0.9933,OFF,unavailable
1790492816.214978,1790492827.6349623,1,223,2,round-robin,2,0.9937,0.9941,OFF,failed
1790492823.6194756,1790492829.201473,6,233,1,round-robin,2,0.0001,0.0,OFF,failed
1790492819.409614,1790492830.6284678,4,160,2,round-robin,2,0.9925,0.9938,OFF,success
1790492818.1798394,1790492831.2662008,5,230,1,round-robin,2,0.9933,0.99,OFF,failed
1790492821.7584627,1790492831.941984,9,234,2,round-robin,2,0.9938,0.9938,OFF,success
1790492824.627638,1790492834.3022366,10,230,1,round-robin,2,0.9926,0.9925,OFF,success
1790492825.747923,1790492835.7290142,7,233,2,round-robin,2,0.9938,0.9933,OFF,success
1790492832.4212844,1790492843.007734,6,234,2,round-robin,2,0.9938,0.9925,OFF,success
1790492833.843942,1790492843.2381823,4,161,1,round-robin,2,0.9815,0.99,OFF,success
1790492830.8712175,1790492844.0219696,1,224,1,round-robin,2,0.988,0.9899,OFF,failed
1790492835.1712456,1790492845.3605788,9,235,1,round-robin,2,0.9933,0.9933,OFF,success
1790492834.4889112,1790492846.0902495,5,231,2,round-robin,2,0.9909,0.9854,OFF,failed
1790492837.5222235,1790492848.127317,10,231,2,round-robin,2,0.9925,0.9938,OFF,success
1790492838.9548144,1790492849.9692316,7,234,1,round-robin,2,0.9901,0.9902,OFF,success
1790492765.575679,,3,216,2,round-robin,2,0.9938,0.9833,OFF,unavailable
1790492848.5887005,1790492859.3128543,9,236,2,round-robin,2,0.9933,0.9925,OFF,success
1790492848.9081419,1790492860.405817,8,233,2,round-robin,2,0.9862,0.9875,OFF,success
1790492776.8318703,,8,228,2,round-robin,2,0.9925,0.9926,OFF,unavailable
1790492868.6663923,1790492874.5432627,8,234,1,round-robin,2,0.993,0.9923,OFF,failed
1790492867.6643977,1790492874.634416,9,237,1,round-robin,2,0.0012,0.0284,OFF,failed
1790492930.1842313,1790492938.2337835,8,238,1,random,2,0.003,0.0029,OFF,failed
1790492931.1856525,1790492939.6847076,5,237,2,random,2,0.0,0.0,OFF,failed
1790492928.641606,1790492939.6849968,10,237,1,random,2,0.9933,0.9933,OFF,success
1790492929.5836542,1790492940.3977892,7,240,1,random,2,0.9933,0.9925,OFF,success
1790492931.0370066,1790492940.8864894,3,227,1,random,2,0.9914,0.9882,OFF,success
1790492935.4284945,1790492947.9907725,1,231,1,random,2,0.9914,0.9914,OFF,failed
1790492940.0275178,1790492950.0371087,2,228,2,random,2,0.8689,0.953,OFF,success
1790492940.5436828,1790492951.7532272,9,242,1,random,2,0.9943,0.9932,OFF,success
1790492941.4555752,1790492951.9959621,8,239,2,random,2,0.9933,0.9942,OFF,success
1790492940.2730381,1790492952.4549718,6,241,1,random,2,0.8689,0.9693,OFF,failed
1790492942.901595,1790492952.8683932,10,238,2,random,2,0.9933,0.0,OFF,success
1790492943.7234015,1790492955.0281897,7,241,2,random,2,0.9933,0.9925,OFF,success
1790492955.2704496,1790492967.7217853,8,240,2,random,2,0.8887,0.8689,ON,failed
1790492954.973054,1790492967.7494743,9,243,2,random,2,0.9943,0.9915,ON,failed
1790492961.1950188,1790492968.3364434,10,239,2,random,2,0.0,0.0,ON,failed
1790492961.193751,1790492968.566171,6,242,1,random,2,0.0,0.0,ON,failed
1790492963.1972322,1790492971.3364785,7,242,2,random,2,0.8965,0.5553,ON,failed
1790492971.762778,1790492982.203332,6,243,2,random,2,0.1612,0.3021,OFF,success
1790492977.2025115,1790492982.8823287,10,240,1,random,2,0.0058,0.5818,OFF,failed
1790492976.2008138,1790492983.0876632,8,241,1,random,2,0.9885,0.9875,OFF,failed
1790492977.2041636,1790492983.597392,5,240,2,random,2,0.3852,0.8535,OFF,failed
1790492974.5608103,1790492984.738403,7,243,1,random,2,0.9925,0.9925,OFF,success
1790492980.779733,1790492992.7091086,1,234,1,random,2,0.9914,0.9938,OFF,failed
1790492985.4194841,1790492996.4250405,6,244,2,random,2,0.8333,0.8804,OFF,success
1790492984.3646579,1790492996.8028812,2,231,1,random,2,0.9942,0.9925,OFF,failed
1790492986.3034084,1790492997.3467312,8,242,1,random,2,0.9943,0.9933,OFF,success
1790492986.825144,1790492997.869694,5,241,1,random,2,0.9942,0.9933,OFF,success
1790492987.945356,1790493000.0854979,7,244,2,random,2,0.9938,0.9925,OFF,failed
1790492995.9357266,1790493008.992605,1,235,1,random,2,0.9914,0.9915,OFF,failed
1790493000.5760539,1790493010.0222695,8,243,1,random,2,0.9925,0.9943,OFF,success
1790493001.146403,1790493011.7640483,5,242,2,random,2,0.9916,0.9926,OFF,success
1790493001.9799774,1790493012.1654503,4,172,1,random,2,0.9252,0.0058,OFF,success
1790493006.2160454,1790493012.2805495,9,246,2,random,2,0.9905,0.9891,OFF,failed
1790493002.4887824,1790493012.57118,3,232,2,random,2,0.993,0.9921,OFF,success
1790493000.0182502,1790493012.7779975,2,232,1,random,2,0.0,0.0,OFF,failed
1790493003.4220166,1790493014.6222968,7,245,2,random,2,0.9901,0.9925,OFF,success
1790493014.977814,1790493026.314461,5,243,1,random,2,0.8828,0.3836,OFF,success
1790493021.2243829,1790493028.2535102,3,233,2,random,2,0.989,0.9875,ON,failed
1790492942.9021876,,5,238,2,random,2,0.9145,0.0,OFF,unavailable
1790492944.1154416,,3,228,1,random,2,0.9915,0.9915,OFF,unavailable
1790492945.1893537,,4,168,1,random,2,0.0,0.9897,OFF,unavailable
1790493035.2301831,1790493041.955893,5,244,2,random,2,0.0,0.0,ON,failed
1790492951.2240787,,1,232,1,random,2,0.9937,0.9938,OFF,unavailable
1790493037.2322655,1790493044.4403956,3,234,1,random,2,0.989,0.0,ON,failed
1790492953.262122,,2,229,2,random,2,0.9925,0.9925,ON,unavailable
1790493045.385031,1790493055.8914065,7,248,1,random,2,0.008,0.0019,OFF,success
1790493046.8557124,1790493056.5333433,9,249,2,random,2,0.9933,0.9926,OFF,success
1790493045.902168,1790493056.8349657,10,245,1,random,2,0.0,0.0,OFF,success
1790493050.237537,1790493057.343726,2,235,1,random,2,0.0,0.0,OFF,failed
1790493051.2403057,1790493057.5272305,4,175,2,random,2,0.8689,0.0,OFF,failed
1790493050.2385528,1790493057.833163,5,245,1,random,2,0.989,0.9853,OFF,failed
1790493053.242924,1790493060.0915546,3,235,2,random,2,0.0,0.0,OFF,failed
1790493053.2435691,1790493060.9975736,6,248,1,random,2,0.8333,0.9925,OFF,failed
1790492970.9745197,,9,244,1,random,2,0.1102,0.0,OFF,unavailable
1790493056.6641457,1790493066.5397315,1,239,2,random,2,0.9913,0.9923,OFF,success
1790492972.9917698,,3,230,2,random,2,0.9914,0.9899,OFF,unavailable
1790493057.3800838,1790493069.0034516,8,247,2,random,2,0.9938,0.9933,OFF,failed
1790493059.1178744,1790493070.3227417,7,249,1,random,2,0.9915,0.9938,OFF,success
1790493065.2508886,1790493071.9881225,10,246,1,random,2,0.0,0.0,OFF,failed
1790493066.253716,1790493072.0711522,2,236,1,random,2,0.9868,0.9861,OFF,failed
1790492977.2031832,,4,170,2,random,2,0.0,0.0,OFF,unavailable
1790493059.7523127,1790493072.5828214,9,250,2,random,2,0.9914,0.9914,OFF,failed
1790493063.3152807,1790493073.0858004,3,236,2,random,2,0.9944,0.9932,OFF,success
1790493066.254908,1790493074.0326154,4,176,2,random,2,0.9911,0.9861,OFF,failed
1790493064.2256045,1790493074.1206307,6,249,1,random,2,0.9933,0.9937,OFF,success
1790493061.0555544,1790493074.2189662,5,246,2,random,2,0.9914,0.9936,OFF,failed
1790492986.108145,,10,241,2,random,2,0.9859,0.0,OFF,unavailable
1790493069.8682358,1790493079.4500816,1,240,1,random,2,0.9924,0.9932,OFF,success
1790493073.5434637,1790493083.5627875,7,250,2,random,2,0.9925,0.9942,OFF,success
1790493072.2210438,1790493083.6433175,8,248,2,random,2,0.9925,0.9914,OFF,failed
1790493075.2895434,1790493085.4171863,2,237,1,random,2,0.8181,0.0,OFF,success
1790493080.2609816,1790493087.2558303,10,247,2,random,2,0.8535,0.8535,OFF,failed
1790493081.262798,1790493087.4302938,9,251,1,random,2,0.9937,0.9943,OFF,failed
1790493081.2637022,1790493088.1462588,3,237,2,random,2,0.9926,0.9933,OFF,failed
1790493077.3274753,1790493088.558726,6,250,1,random,2,0.0008,0.9937,OFF,success
1790493082.2673037,1790493089.9143655,4,177,2,random,2,0.9937,0.9935,OFF,failed
1790492999.6075022,,6,245,1,random,2,0.0,0.9915,OFF,unavailable
1790493082.6777825,1790493094.1827574,1,241,1,random,2,0.9937,0.9933,OFF,success
1790493090.653448,1790493103.9120185,9,252,2,random,2,0.9933,0.9825,ON,failed
1790493097.2787666,1790493104.4293768,6,251,1,random,2,0.8692,0.9704,ON,failed
1790493012.211932,,1,236,2,random,2,0.9925,0.9915,OFF,unavailable
1790493013.2386985,,8,244,1,random,2,0.9933,0.9915,OFF,unavailable
1790493014.6054018,,10,243,1,random,2,0.9939,0.0001,OFF,unavailable
1790493016.0065813,,2,233,2,random,2,0.9938,0.9938,OFF,unavailable
1790493102.2833683,1790493109.2833214,1,242,1,random,2,0.9937,0.9901,ON,failed
1790493017.9547691,,7,246,2,random,2,0.9925,0.9925,OFF,unavailable
1790493020.2214758,,4,173,2,random,2,0.0,0.0,ON,unavailable
1790493021.2233858,,9,247,1,random,2,0.9938,0.9925,ON,unavailable
1790493112.2970793,1790493118.6879444,9,253,2,random,2,0.9943,0.9937,OFF,failed
1790493113.2992482,1790493119.075722,6,252,1,random,2,0.0,0.1964,OFF,failed
1790493112.5070608,1790493122.1703153,1,243,1,random,2,0.9911,0.9932,OFF,success
1790493115.0217242,1790493124.8232746,8,251,2,random,2,0.9938,0.9915,OFF,success
1790493118.0010817,1790493128.5046031,7,253,2,random,2,0.9925,0.9924,OFF,success
1790493119.4254036,1790493128.9046285,2,240,1,random,2,0.9933,0.9938,OFF,success
1790493123.6341548,1790493132.9357736,5,250,1,random,2,0.9932,0.9943,OFF,success
1790493122.2958417,1790493133.5161438,6,253,1,random,2,0.9909,0.9861,OFF,success
1790493127.3071215,1790493134.0212433,10,250,2,random,2,0.0,0.0,OFF,failed
1790493124.7534354,1790493134.5488808,4,180,1,random,2,0.9931,0.9915,OFF,success
1790493121.5958054,1790493134.939056,3,240,2,random,2,0.9936,0.9923,OFF,failed
1790493127.3063872,1790493135.2455819,9,254,2,random,2,0.9932,0.9897,OFF,failed
1790493125.391117,1790493136.4890609,1,244,1,random,2,0.9914,0.9899,OFF,success
1790493128.14926,1790493137.853586,8,252,1,random,2,0.9933,0.9925,OFF,success
1790493131.7182255,1790493141.6985865,7,254,1,random,2,0.9914,0.0004,OFF,success
1790493132.130119,1790493142.102018,2,241,1,random,2,0.9925,0.9939,OFF,success
1790493137.244113,1790493146.8185039,10,251,1,random,2,0.0,0.0102,OFF,success
1790493136.212948,1790493147.0553493,5,251,1,random,2,0.9926,0.0,OFF,success
1790493136.7359972,1790493148.0375516,6,254,1,random,2,0.9925,0.9915,OFF,success
1790493139.7013664,1790493149.3819988,1,245,1,random,2,0.9926,0.9938,OFF,success
1790493137.7784717,1790493149.8947618,4,181,2,random,2,0.9764,0.0,OFF,failed
1790493143.3148413,1790493150.7220557,3,241,1,random,2,0.9944,0.9938,OFF,failed
1790493141.1939547,1790493158.1095483,8,253,1,random,2,0.9938,0.9915,OFF,failed
1790493144.9211636,1790493158.1514685,7,255,1,random,2,0.9943,0.9938,OFF,success
1790493145.3299584,1790493158.1802611,2,242,1,random,2,0.9925,0.9933,OFF,success
1790493150.2440283,1790493160.5683506,5,252,1,random,2,0.9936,0.9899,OFF,success
1790493151.2182806,1790493161.288828,6,255,2,random,2,0.9915,0.9915,OFF,success
1790493150.0769866,1790493162.1776817,10,252,2,random,2,0.9896,0.0,OFF,failed
1790493161.1732311,1790493169.3696148,7,256,2,random,2,0.9939,0.9938,OFF,failed
1790493077.4663608,,5,247,1,random,2,0.9941,0.8807,OFF,unavailable
1790493086.8644607,,8,249,1,random,2,0.9879,0.9943,OFF,unavailable
1790493088.6318016,,2,238,1,random,2,0.9925,0.9925,ON,unavailable
1790493091.375452,,3,238,1,random,2,0.9915,0.9901,ON,unavailable
1790493178.3487067,1790493184.408761,7,257,1,random,2,0.0,0.0,ON,failed
1790493092.2738128,,7,251,2,random,2,0.9915,0.9926,ON,unavailable
1790493096.2771468,,10,248,1,random,2,0.991,0.9897,ON,unavailable
1790493098.2806876,,4,178,2,random,2,0.0003,0.0004,ON,unavailable
1790493187.354943,1790493195.7086408,9,258,1,random,2,0.0,0.0,OFF,failed
1790493189.3586745,1790493196.1029766,4,184,1,random,2,0.0,0.0,OFF,failed
1790493191.3607392,1790493198.2593777,3,244,1,random,2,0.0,0.0,OFF,failed
1790493189.0631256,1790493199.3529627,8,256,2,random,2,0.9915,0.9901,OFF,success
1790493187.6280346,1790493200.419789,7,258,1,random,2,0.99,0.9933,OFF,failed
1790493192.0346994,1790493202.5286262,5,255,1,random,2,0.9933,0.9914,OFF,success
1790493191.2356818,1790493203.9617994,2,245,2,random,2,0.9937,0.9941,OFF,failed
1790493196.231141,1790493206.519846,6,258,1,random,2,0.9931,0.9925,OFF,success
1790493251.8400855,1790493258.8810503,3,248,1,state-aware,2,0.9,0.0,OFF,failed
1790493251.4065266,1790493262.248577,7,262,2,state-aware,2,0.9931,0.9942,OFF,success
1790493252.3821962,1790493262.9566905,2,249,1,state-aware,2,0.9938,0.9933,OFF,success
1790493259.814443,1790493269.8075626,4,189,1,state-aware,2,0.9901,0.9882,OFF,success
1790493256.7566502,1790493270.3183663,6,262,1,state-aware,2,0.9915,0.9898,OFF,failed
1790493262.180054,1790493271.649493,1,253,1,state-aware,2,0.9914,0.9914,OFF,success
1790493260.4440966,1790493272.0657446,10,259,1,state-aware,2,0.9933,0.9914,OFF,success
1790493261.6027925,1790493273.5989327,9,263,1,state-aware,2,0.99,0.0001,OFF,failed
1790493267.8436751,1790493274.1117003,3,249,1,state-aware,2,0.9878,0.8804,OFF,failed
1790493265.059926,1790493274.9488215,5,260,2,state-aware,2,0.0,0.9915,OFF,success
1790493265.5856135,1790493276.4784439,7,263,1,state-aware,2,0.9915,0.9938,OFF,success
1790493271.8457956,1790493277.829311,2,250,2,state-aware,2,0.9942,0.9915,OFF,failed
1790493271.8475173,1790493278.3058221,8,261,2,state-aware,2,0.8073,0.8333,OFF,failed
1790493273.0261207,1790493284.032758,4,190,2,state-aware,2,0.0,0.9556,OFF,success
1790493278.850372,1790493284.9644575,6,263,2,state-aware,2,0.9932,0.9924,OFF,failed
1790493274.8776712,1790493286.705585,1,254,2,state-aware,2,0.05,0.9595,OFF,failed
1790493280.8522248,1790493287.3379185,10,260,2,state-aware,2,0.9933,0.9932,OFF,failed
1790493278.2576804,1790493291.509394,5,261,1,state-aware,2,0.9933,0.9915,OFF,failed
1790493299.8602436,1790493306.2626145,5,262,2,state-aware,2,0.0,0.0,ON,failed
1790493307.971824,1790493317.628814,3,252,2,state-aware,2,0.9855,0.9901,OFF,success
1790493309.489127,1790493319.3754365,5,263,1,state-aware,2,0.9938,0.9925,OFF,success
1790493309.8990524,1790493321.13097,2,253,1,state-aware,2,0.9915,0.9938,OFF,success
1790493310.4365668,1790493321.6201217,7,266,2,state-aware,2,0.9936,0.9937,OFF,success
1790493313.2744164,1790493323.3590128,8,264,1,state-aware,2,0.9901,0.9938,OFF,success
1790493321.0521336,1790493331.3463757,10,263,1,state-aware,2,0.0,0.0032,OFF,success
1790493322.6089199,1790493333.6987848,5,264,1,state-aware,2,0.9943,0.9924,OFF,success
1790493326.5838952,1790493338.004042,8,265,1,state-aware,2,0.9937,0.9938,OFF,success
1790493339.8724551,1790493346.6076946,10,264,1,state-aware,2,0.0,0.0,ON,failed
1790493340.8740807,1790493348.2448666,6,267,1,state-aware,2,0.7944,0.0002,ON,failed
1790493341.8762307,1790493349.2960057,5,265,2,state-aware,2,0.1105,0.6992,ON,failed
1790493346.8784077,1790493352.338113,8,266,2,state-aware,2,0.0041,0.4912,OFF,failed
1790493347.0633013,1790493358.2739835,4,195,2,state-aware,2,0.9901,0.9926,OFF,success
1790493348.703687,1790493358.419599,1,259,1,state-aware,2,0.9932,0.9941,OFF,success
1790493351.4744375,1790493361.6727848,6,268,2,state-aware,2,0.9944,0.9925,OFF,success
1790493349.829767,1790493362.8010387,10,265,2,state-aware,2,0.9924,0.9932,OFF,failed
1790493353.5145428,1790493363.1917946,7,269,1,state-aware,2,0.9915,0.9925,OFF,success
1790493357.88418,1790493365.2700188,9,269,1,state-aware,2,0.0,0.0004,OFF,failed
1790493358.8863308,1790493365.4513137,2,256,1,state-aware,2,0.9933,0.9926,OFF,failed
1790493355.5738125,1790493365.8658423,8,267,1,state-aware,2,0.9925,0.9925,OFF,success
1790493276.8131745,,9,264,1,state-aware,2,0.9879,0.0004,OFF,unavailable
1790493361.6490984,1790493372.0024967,1,260,1,state-aware,2,0.9853,0.9888,OFF,success
1790493279.6874545,,7,264,2,state-aware,2,0.9925,0.9933,OFF,unavailable
1790493281.053797,,2,251,1,state-aware,2,0.9915,0.9915,OFF,unavailable
1790493366.8897467,1790493374.4671383,4,196,1,state-aware,2,0.9899,0.9901,OFF,failed
1790493365.0093105,1790493376.1990848,6,269,1,state-aware,2,0.9944,0.1884,OFF,success
1790493367.2451203,1790493376.948219,3,256,2,state-aware,2,0.9932,0.9914,OFF,success
1790493366.4229171,1790493377.520622,7,270,1,state-aware,2,0.9932,0.9914,OFF,success
1790493366.0195804,1790493377.56035,10,266,1,state-aware,2,0.9855,0.9881,OFF,failed
1790493282.8543096,,3,250,2,state-aware,2,0.9932,0.9939,OFF,unavailable
1790493286.8572757,,8,262,1,state-aware,2,0.9806,0.9791,OFF,unavailable
1790493287.2534826,,4,191,2,state-aware,2,0.9916,0.9924,OFF,unavailable
1790493368.683108,1790493378.5606387,2,257,1,state-aware,2,0.0,0.0,OFF,success
1790493369.0767279,1790493380.08962,8,268,1,state-aware,2,0.9942,0.9938,OFF,success
1790493373.8941164,1790493381.6303875,9,270,2,state-aware,2,0.9896,0.9819,OFF,failed
1790493288.181313,,6,264,1,state-aware,2,0.9933,0.9925,ON,unavailable
1790493289.9381096,,1,255,1,state-aware,2,0.9901,0.99,ON,unavailable
1790493290.688551,,10,261,1,state-aware,2,0.9914,0.9933,ON,unavailable
1790493375.2223341,1790493385.3305883,1,261,1,state-aware,2,0.9914,0.9926,OFF,success
1790493379.4228096,1790493389.9217024,6,270,2,state-aware,2,0.9938,0.9932,OFF,success
1790493377.69722,1790493390.4391327,4,197,2,state-aware,2,0.994,0.9914,OFF,failed
1790493385.899034,1790493392.690766,3,257,2,state-aware,2,0.9938,0.9932,OFF,failed
1790493381.7834756,1790493393.4036927,2,258,2,state-aware,2,0.9916,0.9926,OFF,failed
1790493383.3194964,1790493393.6013935,8,269,1,state-aware,2,0.9939,0.9925,OFF,success
1790493384.8483276,1790493396.9904242,9,271,2,state-aware,2,0.9933,0.9915,OFF,failed
1790493384.3324168,1790493397.1808372,5,268,1,state-aware,2,0.9932,0.9931,OFF,failed
1790493388.6555026,1790493399.4868925,1,262,1,state-aware,2,0.9914,0.9925,OFF,success
1790493396.7230017,1790493408.86971,2,259,1,state-aware,2,0.0,0.0,OFF,failed
1790493401.9196165,1790493409.7007773,8,270,2,state-aware,2,0.4729,0.9925,OFF,failed
1790493318.5951943,,4,193,1,state-aware,2,0.0008,0.0002,OFF,unavailable
1790493320.3489861,,1,257,1,state-aware,2,0.9913,0.9899,OFF,unavailable
1790493405.9219594,1790493413.1748536,9,272,2,state-aware,2,0.9915,0.9932,ON,failed
1790493324.1592622,,2,254,1,state-aware,2,0.9933,0.9933,OFF,unavailable
1790493324.9530253,,7,267,1,state-aware,2,0.9915,0.9938,OFF,unavailable
1790493325.8674057,,3,253,2,state-aware,2,0.993,0.9913,OFF,unavailable
1790493417.9297464,1790493424.0213385,8,271,1,state-aware,2,0.8996,0.0004,ON,failed
1790493416.928039,1790493424.5343237,2,260,1,state-aware,2,0.0,0.0,ON,failed
1790493421.933524,1790493429.1346161,9,273,2,state-aware,2,0.0,0.0,ON,failed
1790493426.7756886,1790493436.6193738,7,274,2,state-aware,2,0.9902,0.9931,OFF,success
1790493429.939067,1790493438.361993,10,270,1,state-aware,2,0.0177,0.0139,OFF,failed
1790493432.9419503,1790493439.7945962,2,261,2,state-aware,2,0.985,0.989,OFF,failed
1790493433.721602,1790493443.275026,1,265,1,state-aware,2,0.9933,0.9938,OFF,success
1790493432.4564252,1790493443.5113845,9,274,1,state-aware,2,0.9933,0.9915,OFF,success
1790493439.832857,1790493451.7953446,7,275,2,state-aware,2,0.0004,0.0322,OFF,failed
1790493441.5794654,1790493452.0828807,10,271,2,state-aware,2,0.9879,0.8981,OFF,success
1790493357.8832748,,5,266,1,state-aware,2,0.8708,0.9677,OFF,unavailable
1790493445.9493673,1790493453.1058977,3,261,2,state-aware,2,0.9841,0.985,OFF,failed
1790493443.0355098,1790493453.2042441,2,262,1,state-aware,2,0.0,0.0008,OFF,success
1790493446.5053692,1790493457.0992777,1,266,1,state-aware,2,0.9938,0.9915,OFF,success
1790493446.7345395,1790493457.9017622,9,275,1,state-aware,2,0.9937,0.9943,OFF,success
1790493456.436164,1790493466.521188,2,263,1,state-aware,2,0.9942,0.9943,OFF,success
1790493457.9681256,1790493467.473363,8,274,1,state-aware,2,0.9938,0.9938,OFF,success
1790493455.8347566,1790493468.3555372,4,202,2,state-aware,2,0.892,0.9532,OFF,failed
1790493460.3194911,1790493469.9151084,1,267,1,state-aware,2,0.9933,0.9915,OFF,success
1790493380.7787519,,10,267,2,state-aware,2,0.9901,0.9915,OFF,unavailable
1790493385.8999124,,7,271,2,state-aware,2,0.9942,0.9937,OFF,unavailable
1790493474.9787192,1790493480.8941095,2,264,1,state-aware,2,0.9902,0.9916,ON,failed
1790493475.9806836,1790493482.3933556,8,275,1,state-aware,2,0.0002,0.0001,ON,failed
1790493475.981679,1790493483.0321422,6,276,2,state-aware,2,0.0,0.0,ON,failed
1790493476.984313,1790493484.030208,4,203,2,state-aware,2,0.0,0.0,ON,failed
1790493477.9861352,1790493485.4747741,1,268,1,state-aware,2,0.0004,0.0004,ON,failed
1790493393.1431465,,6,271,1,state-aware,2,0.9925,0.0016,OFF,unavailable
1790493393.6617324,,4,198,1,state-aware,2,0.9913,0.9909,OFF,unavailable
1790493395.9161968,,3,258,2,state-aware,2,0.9925,0.9941,OFF,unavailable
1790493400.3428245,,5,269,1,state-aware,2,0.8689,0.8689,OFF,unavailable
1790493402.7120197,,1,263,1,state-aware,2,0.9914,0.9938,OFF,unavailable
1790493485.6173935,1790493495.081666,8,276,1,state-aware,2,0.9944,0.9932,OFF,success
1790493486.2625098,1790493495.6042454,6,277,1,state-aware,2,0.9925,0.9933,OFF,success
1790493484.284836,1790493495.7286177,7,278,1,state-aware,2,0.9673,0.8839,OFF,failed
1790493489.9930174,1790493496.8305297,2,265,2,state-aware,2,0.9938,0.9914,OFF,failed
1790493489.9936962,1790493497.336722,10,274,2,state-aware,2,0.8535,0.8535,OFF,failed
1790493492.9969382,1790493499.490598,4,204,1,state-aware,2,0.9861,0.9875,OFF,failed
1790493488.701209,1790493499.9206712,1,269,2,state-aware,2,0.9931,0.9933,OFF,success
1790493492.998095,1790493500.2016146,3,264,2,state-aware,2,0.8743,0.9552,OFF,failed
1790493489.2003453,1790493500.3156343,5,275,1,state-aware,2,0.9933,0.9942,OFF,success
1790493492.0750499,1790493502.0527909,9,278,1,state-aware,2,0.9925,0.9924,OFF,success
1790493498.3059847,1790493507.7247345,8,277,1,state-aware,2,0.9926,0.9901,OFF,success
1790493500.559688,1790493511.5771294,10,275,2,state-aware,2,0.9941,0.9915,OFF,success
1790493504.0049467,1790493512.0771577,6,278,1,state-aware,2,0.9933,0.9915,OFF,failed
1790493498.9564366,1790493512.1802547,7,279,2,state-aware,2,0.9924,0.9925,OFF,failed
1790493500.0536957,1790493512.9131863,2,266,1,state-aware,2,0.9942,0.9925,OFF,failed
1790493503.5513241,1790493513.0472722,5,276,1,state-aware,2,0.9916,0.9933,OFF,success
1790493509.0112035,1790493514.2383127,1,270,2,state-aware,2,0.9819,0.9901,OFF,failed
1790493509.0119226,1790493515.7960167,3,265,1,state-aware,2,0.9878,0.9923,OFF,failed
1790493427.2505028,,8,272,2,state-aware,2,0.0,0.9868,OFF,unavailable
1790493510.9528382,1790493521.2907279,8,278,1,state-aware,2,0.9938,0.9925,OFF,success
1790493428.9373271,,4,200,2,state-aware,2,0.0,0.0,OFF,unavailable
1790493429.703377,,5,271,1,state-aware,2,0.9924,0.9924,OFF,unavailable
1790493515.395214,1790493527.644637,7,280,1,state-aware,2,0.9925,0.8896,ON,failed
1790493515.298575,1790493527.9815047,6,279,2,state-aware,2,0.0,0.9932,ON,failed
1790493522.0254455,1790493528.5735013,2,267,2,state-aware,2,0.9938,0.9932,ON,failed
1790493516.3280683,1790493529.592362,5,277,1,state-aware,2,0.9914,0.9933,ON,failed
1790493523.0274508,1790493530.106567,1,271,1,state-aware,2,0.9941,0.994,ON,failed
1790493524.0295072,1790493531.6470885,3,266,2,state-aware,2,0.0,0.4887,ON,failed
1790493530.0339139,1790493537.192221,8,279,1,state-aware,2,0.0082,0.0,OFF,failed
1790493445.948123,,6,274,2,state-aware,2,0.0008,0.0,OFF,unavailable
1790493584.508319,1790493591.1252947,4,210,1,ewma,2,0.0,0.0,OFF,failed
1790493586.7096195,1790493598.961506,8,283,1,ewma,2,0.9943,0.9943,OFF,failed
1790493590.253726,1790493601.9032347,6,284,1,ewma,2,0.9943,0.9942,OFF,failed
1790493593.7857308,1790493604.9639575,10,281,2,ewma,2,0.99,0.9901,OFF,success
1790493598.51184,1790493605.3886204,5,282,1,ewma,2,0.9921,0.993,OFF,failed
1790493598.5139444,1790493605.7042098,1,276,2,ewma,2,0.8974,0.8689,OFF,failed
1790493598.5128076,1790493606.2895346,2,272,1,ewma,2,0.0,0.0004,OFF,failed
1790493597.8443928,1790493610.082799,9,285,2,ewma,2,0.9932,0.9933,OFF,failed
1790493613.5238695,1790493619.9119842,10,282,2,ewma,2,0.0,0.0,ON,failed
1790493609.50965,1790493621.5528395,2,273,2,ewma,2,0.0,0.2001,OFF,failed
1790493613.309138,1790493625.871723,9,286,1,ewma,2,0.9932,0.9914,ON,failed
1790493628.5426645,1790493635.8920548,10,283,1,ewma,2,0.8689,0.8535,OFF,failed
1790493630.5335205,1790493636.3007448,2,274,2,ewma,2,0.0,0.0,OFF,failed
1790493629.531622,1790493636.4431431,7,287,1,ewma,2,0.8689,0.8535,OFF,failed
1790493634.5469632,1790493640.7055235,9,287,2,ewma,2,0.9932,0.9925,OFF,failed
1790493631.5445545,1790493641.2225287,8,286,2,ewma,2,0.9933,0.9938,OFF,success
1790493634.1971061,1790493645.2507474,6,287,2,ewma,2,0.9926,0.9916,OFF,success
1790493638.2289255,1790493647.8736002,1,279,1,ewma,2,0.9942,0.9914,OFF,success
1790493639.660701,1790493650.1208162,7,288,2,ewma,2,0.8333,0.8804,OFF,success
1790493639.1147256,1790493650.557889,10,284,2,ewma,2,0.9933,0.9938,OFF,failed
1790493644.549698,1790493651.654769,2,275,1,ewma,2,0.9129,0.8943,OFF,failed
1790493640.6476448,1790493652.3655465,4,214,2,ewma,2,0.9853,0.9858,OFF,failed
1790493645.5538726,1790493653.0954275,3,274,1,ewma,2,0.8805,0.9866,OFF,failed
1790493645.5544703,1790493653.1973102,5,285,2,ewma,2,0.9898,0.9915,OFF,failed
1790493644.4372435,1790493655.143871,8,287,2,ewma,2,0.9942,0.9933,OFF,success
1790493644.0352488,1790493655.7566078,9,288,1,ewma,2,0.9925,0.9915,OFF,failed
1790493648.465215,1790493659.4403884,6,288,2,ewma,2,0.9939,0.9925,OFF,success
1790493651.0961318,1790493660.6814632,1,280,1,ewma,2,0.9942,0.9925,OFF,success
1790493654.8850691,1790493665.2826788,2,276,1,ewma,2,0.9925,0.9925,OFF,success
1790493658.3672462,1790493670.8371499,8,288,2,ewma,2,0.9933,0.9941,OFF,failed
1790493582.5062258,,7,284,1,ewma,2,0.9149,0.8841,OFF,unavailable
1790493663.9019866,1790493675.008239,1,281,1,ewma,2,0.9942,0.9932,OFF,success
1790493594.3545368,,4,211,2,ewma,2,0.0,0.8106,OFF,unavailable
1790493683.5683897,1790493691.1951487,1,282,1,ewma,2,0.9942,0.9857,ON,failed
1790493600.5161524,,3,271,2,ewma,2,0.9839,0.989,OFF,unavailable
1790493602.2861133,,8,284,2,ewma,2,0.9926,0.9933,OFF,unavailable
1790493691.5721402,1790493698.3566098,4,217,1,ewma,2,0.0,0.0,OFF,failed
1790493605.125483,,6,285,2,ewma,2,0.9942,0.9915,OFF,unavailable
1790493690.1172023,1790493701.443782,9,291,1,ewma,2,0.9916,0.9939,OFF,failed
1790493608.9327843,,1,277,1,ewma,2,0.9913,0.9914,OFF,unavailable
1790493693.586209,1790493703.8061073,6,291,2,ewma,2,0.9926,0.9915,OFF,success
1790493694.4170501,1790493705.2159598,1,283,1,ewma,2,0.9932,0.9924,OFF,success
1790493697.9109442,1790493707.9916604,2,279,1,ewma,2,0.9925,0.9932,OFF,success
1790493613.524812,,5,283,2,ewma,2,0.9938,0.9925,ON,unavailable
1790493700.177587,1790493712.6045325,5,289,2,ewma,2,0.9933,0.9933,OFF,failed
1790493704.767758,1790493715.2471883,9,292,2,ewma,2,0.9926,0.9938,OFF,success
1790493653.3460639,,7,289,2,ewma,2,0.9925,0.9943,OFF,unavailable
1790493737.9211278,1790493748.3412905,6,294,2,ewma,2,0.9941,0.9937,OFF,success
1790493653.7843451,,10,285,1,ewma,2,0.9932,0.9938,OFF,unavailable
1790493655.4791775,,4,215,1,ewma,2,0.9942,0.9923,OFF,unavailable
1790493656.4135773,,5,286,1,ewma,2,0.0184,0.0016,OFF,unavailable
1790493738.3327792,1790493749.3792236,1,286,1,ewma,2,0.9924,0.9924,OFF,success
1790493742.5589578,1790493753.2424088,2,282,1,ewma,2,0.9914,0.9938,OFF,success
1790493658.9793026,,9,289,2,ewma,2,0.9938,0.9915,OFF,unavailable
1790493661.558185,,3,275,2,ewma,2,0.9899,0.9935,OFF,unavailable
1790493662.77106,,6,289,2,ewma,2,0.9938,0.9933,OFF,unavailable
1790493743.9714746,1790493756.254707,10,291,1,ewma,2,0.9932,0.994,OFF,failed
1790493747.242359,1790493759.413315,4,221,2,ewma,2,0.0016,0.9632,OFF,failed
1790493753.614865,1790493759.9165788,9,295,2,ewma,2,0.9885,0.9842,OFF,failed
1790493748.1660182,1790493760.2066891,5,292,1,ewma,2,0.0,0.9861,OFF,failed
1790493752.6128988,1790493760.7477167,3,281,2,ewma,2,0.9888,0.9629,OFF,failed
1790493750.6349552,1790493761.842604,8,294,2,ewma,2,0.9942,0.9942,OFF,success
1790493673.5626855,,2,277,1,ewma,2,0.6545,0.789,ON,unavailable
1790493759.4669695,1790493772.6860645,10,292,2,ewma,2,0.9913,0.9915,OFF,failed
1790493679.5660574,,8,289,2,ewma,2,0.0,0.0,ON,unavailable
1790493763.4233987,1790493774.6462226,5,293,1,ewma,2,0.2198,0.8981,ON,success
1790493767.6212857,1790493775.1513536,7,296,2,ewma,2,0.9808,0.9884,ON,failed
1790493763.1412208,1790493775.672831,9,296,2,ewma,2,0.9933,0.9925,ON,failed
1790493769.6235597,1790493776.075772,3,282,1,ewma,2,0.9923,0.9882,ON,failed
1790493770.6257708,1790493776.9159658,8,295,2,ewma,2,0.0,0.0,OFF,failed
1790493775.9146152,1790493786.0102806,10,293,1,ewma,2,0.9901,0.9933,OFF,success
1790493779.4070659,1790493789.1807494,3,283,2,ewma,2,0.9925,0.9901,OFF,success
1790493777.865869,1790493789.7082999,5,294,1,ewma,2,0.0,0.0,OFF,failed
1790493780.1424673,1790493790.6535263,8,296,2,ewma,2,0.9943,0.9942,OFF,success
1790493778.3665116,1790493791.4245324,7,297,2,ewma,2,0.9808,0.0,OFF,failed
1790493781.7584023,1790493791.74446,1,289,1,ewma,2,0.9881,0.9924,OFF,success
1790493786.6341722,1790493792.7986178,6,297,2,ewma,2,0.9875,0.854,OFF,failed
1790493699.2178633,,10,288,1,ewma,2,0.9924,0.9925,OFF,unavailable
1790493701.2966187,,7,292,2,ewma,2,0.0019,0.9911,OFF,unavailable
1790493784.3059356,1790493793.7138107,2,285,1,ewma,2,0.9937,0.9942,OFF,success
1790493703.8338885,,8,291,2,ewma,2,0.9942,0.9925,OFF,unavailable
1790493706.591486,,4,218,2,ewma,2,0.979,0.9632,OFF,unavailable
1790493707.0291064,,6,292,2,ewma,2,0.9933,0.9925,OFF,unavailable
1790493708.4409986,,1,284,1,ewma,2,0.9933,0.9941,OFF,unavailable
1790493789.2331936,1790493799.114373,10,294,1,ewma,2,0.9901,0.99,OFF,success
1790493792.406899,1790493803.516559,3,284,2,ewma,2,0.9942,0.9879,OFF,success
1790493711.2148688,,2,280,1,ewma,2,0.9925,0.9915,ON,unavailable
1790493794.2584434,1790493804.257158,4,224,1,ewma,2,0.0,0.0,OFF,success
1790493799.6409569,1790493805.299302,8,297,2,ewma,2,0.9933,0.9916,OFF,failed
1790493792.9306905,1790493805.6040816,5,295,1,ewma,2,0.9942,0.9933,OFF,failed
1790493799.6416326,1790493805.7787397,7,298,1,ewma,2,0.9808,0.0004,OFF,failed
1790493794.9674952,1790493806.319326,1,290,1,ewma,2,0.9942,0.9938,OFF,success
1790493795.998689,1790493807.7311006,6,298,2,ewma,2,0.9914,0.9923,OFF,failed
1790493796.944246,1790493808.7556684,2,286,1,ewma,2,0.9925,0.9938,OFF,failed
1790493721.5974808,,5,290,1,ewma,2,0.0,0.0,ON,unavailable
1790493722.5991485,,3,279,2,ewma,2,0.0,0.0,ON,unavailable
1790493806.7446208,1790493816.933144,3,285,2,ewma,2,0.9933,0.9925,OFF,success
1790493723.6009653,,9,293,2,ewma,2,0.0082,0.2385,ON,unavailable
1790493807.4800773,1790493820.0059078,4,225,1,ewma,2,0.9915,0.9926,OFF,failed
1790493814.6528983,1790493821.031983,7,299,2,ewma,2,0.7944,0.0029,ON,failed
1790493808.8279295,1790493821.7562275,5,296,2,ewma,2,0.9901,0.9898,ON,failed
1790493808.5263608,1790493821.8516047,8,298,2,ewma,2,0.0,0.9915,ON,failed
1790493816.6548069,1790493822.3627799,6,299,2,ewma,2,0.9881,0.9923,ON,failed
1790493810.8271377,1790493822.8621728,9,299,2,ewma,2,0.8535,0.909,ON,failed
1790493809.5500042,1790493823.009405,1,291,1,ewma,2,0.9933,0.9933,ON,failed
1790493817.6571503,1790493825.13127,2,287,1,ewma,2,0.0,0.0,OFF,failed
1790493825.6677337,1790493832.6267614,3,286,2,ewma,2,0.9933,0.9901,OFF,failed
1790493823.235561,1790493834.146342,4,226,1,ewma,2,0.9933,0.9901,OFF,success
1790493824.253345,1790493834.5455537,7,300,1,ewma,2,0.9933,0.9914,OFF,success
1790493825.0697773,1790493835.8683915,8,299,1,ewma,2,0.8943,0.8943,OFF,success
1790493826.196682,1790493836.4954126,9,300,1,ewma,2,0.9925,0.9915,OFF,success
1790493830.6717236,1790493837.4384348,5,297,1,ewma,2,0.9924,0.9937,OFF,failed
1790493830.6730342,1790493838.0296156,6,300,2,ewma,2,0.0,0.881,OFF,failed
1790493831.6752503,1790493838.1713204,1,292,1,ewma,2,0.9933,0.9901,OFF,failed
1790493828.3552508,1790493840.6928844,2,288,1,ewma,2,0.9933,0.9914,OFF,failed
1790493832.2361476,1790493841.6152012,10,297,1,ewma,2,0.9914,0.9932,OFF,success
1790493751.665083,,6,295,2,ewma,2,0.9943,0.9933,OFF,unavailable
1790493752.5963879,,1,287,1,ewma,2,0.9914,0.9916,OFF,unavailable
1790493756.4653895,,2,283,1,ewma,2,0.9925,0.9916,OFF,unavailable
1790493839.71527,1790493850.9339802,9,301,1,ewma,2,0.9931,0.9943,OFF,success
1790493841.3881195,1790493851.6458755,1,293,1,ewma,2,0.9901,0.9933,OFF,success
1790493762.7510388,,4,222,1,ewma,2,0.9841,0.9936,ON,unavailable
1790493843.914259,1790493854.831177,2,289,1,ewma,2,0.9942,0.9925,OFF,success
1790493844.938471,1790493856.459989,10,298,1,ewma,2,0.9915,0.9902,OFF,success
1790493859.6913877,1790493866.933447,1,294,1,ewma,2,0.0,0.0,ON,failed
1790493911.900971,1790493924.800062,4,232,1,state-aware,3,0.9937,0.9923,OFF,failed
1790493920.2252352,1790493927.0430386,3,292,2,state-aware,3,0.1493,0.179,ON,failed
1790493921.2268085,1790493928.1336172,9,306,2,state-aware,3,0.9,0.9904,ON,failed
1790493916.7208815,1790493928.551712,1,298,1,state-aware,3,0.9938,0.9915,ON,failed
1790493926.2291336,1790493933.403335,2,294,2,state-aware,3,0.0025,0.9839,ON,failed
1790493933.2317512,1790493987.2291424,4,233,1,state-aware,3,0.0,0.0,OFF,failed
1790493935.239162,1790493987.272754,3,293,2,state-aware,3,0.0,0.0,OFF,failed
1790493936.2411249,1790493987.3310382,9,307,2,state-aware,3,0.0,0.0,OFF,failed
1790493937.242617,1790493987.3389182,1,299,1,state-aware,3,0.0,0.0,OFF,failed
1790493934.3617246,1790493987.3527534,5,304,2,state-aware,3,0.9925,0.9933,OFF,success
1790493933.6583173,1790493987.3611927,6,307,1,state-aware,3,0.9924,0.9924,OFF,failed
1790493936.727838,1790493987.3692362,2,295,1,state-aware,3,0.9936,0.9933,OFF,success
1790493938.7417173,1790493987.3863199,10,304,1,state-aware,3,0.993,0.991,OFF,failed
1790493992.6938915,1790494004.224173,7,311,2,state-aware,3,0.0,0.0,OFF,failed
1790493994.4363973,1790494004.8370178,2,299,1,state-aware,3,0.9924,0.9933,OFF,success
1790493995.2430973,1790494005.3728244,1,303,1,state-aware,3,0.0,0.0004,OFF,success
1790493995.1602545,1790494005.7529662,6,311,1,state-aware,3,0.9925,0.0,OFF,success
1790493999.2774653,1790494006.3940187,3,297,1,state-aware,3,0.9942,0.8887,OFF,failed
1790493915.4176896,,7,306,1,state-aware,3,0.9915,0.9914,OFF,unavailable
1790493915.7931983,,8,305,1,state-aware,3,0.0,0.0,ON,unavailable
1790494000.2929983,1790494010.3837824,10,308,2,state-aware,3,0.9899,0.9914,OFF,success
1790494008.0633183,1790494018.2503245,2,300,1,state-aware,3,0.988,0.9933,OFF,success
1790494007.4487274,1790494018.785821,7,312,1,state-aware,3,0.9915,0.9925,OFF,success
1790494009.6265855,1790494019.2028556,3,298,1,state-aware,3,0.9915,0.9925,OFF,success
1790494008.5970805,1790494019.2736719,1,304,2,state-aware,3,0.0031,0.9921,OFF,success
1790494013.6059372,1790494023.4685047,10,309,2,state-aware,3,0.9901,0.9933,OFF,success
1790494021.4724994,1790494033.1381454,2,301,2,state-aware,3,0.96,0.9822,ON,failed
1790494022.0146108,1790494033.7189877,7,313,1,state-aware,3,0.9932,0.9932,ON,failed
1790494022.4927993,1790494035.1943254,1,305,2,state-aware,3,0.9923,0.9936,ON,failed
1790494027.3043296,1790494035.597887,3,299,1,state-aware,3,0.9932,0.9933,ON,failed
1790494032.3075883,1790494039.4389722,10,310,2,state-aware,3,0.8535,0.8963,OFF,failed
1790494036.3656607,1790494046.4330616,2,302,1,state-aware,3,0.9931,0.9933,OFF,success
1790494039.1965206,1790494049.2027247,8,313,2,state-aware,3,0.9933,0.9943,OFF,success
1790494036.9421785,1790494049.9130754,7,314,2,state-aware,3,0.9933,0.9925,OFF,failed
1790494040.3245606,1790494050.8183715,4,240,2,state-aware,3,0.9884,0.989,OFF,success
1790494044.3285015,1790494050.9548264,3,300,2,state-aware,3,0.9942,0.9933,OFF,failed
1790494039.836001,1790494051.9635022,6,314,2,state-aware,3,0.0,0.9925,OFF,failed
1790494045.3321226,1790494052.0458121,9,314,2,state-aware,3,0.7324,0.9481,OFF,failed
1790494042.6672463,1790494053.6030211,10,311,1,state-aware,3,0.9933,0.9938,OFF,success
1790494043.188529,1790494053.713374,5,311,1,state-aware,3,0.9942,0.9943,OFF,success
1790494049.6533115,1790494060.5492322,2,303,1,state-aware,3,0.9915,0.9915,OFF,success
1790494052.3973165,1790494061.8766782,8,314,1,state-aware,3,0.9933,0.9925,OFF,success
1790494053.1363761,1790494063.1029189,7,315,1,state-aware,3,0.0,0.0,OFF,success
1790494054.2374063,1790494063.744871,3,301,1,state-aware,3,0.9938,0.9938,OFF,success
1790494059.3378804,1790494065.7991884,4,241,2,state-aware,3,0.8905,0.8973,OFF,failed
1790494056.9348323,1790494066.817935,5,312,1,state-aware,3,0.99,0.9896,OFF,success
1790494060.3394,1790494067.2001166,6,315,2,state-aware,3,0.8689,0.9933,OFF,failed
1790494055.3854742,1790494068.1301763,9,315,1,state-aware,3,0.8535,0.8934,OFF,failed
1790494062.3417149,1790494069.6615846,10,312,1,state-aware,3,0.9901,0.9915,OFF,failed
1790494065.1008716,1790494077.844754,8,315,2,state-aware,3,0.9925,0.9925,OFF,failed
1790494066.939104,1790494080.2436433,3,302,1,state-aware,3,0.9933,0.9933,OFF,failed
1790494075.351929,1790494081.9447381,5,313,1,state-aware,3,0.0001,0.0,ON,failed
1790494071.347745,1790494082.0496428,9,316,1,state-aware,3,0.9924,0.9942,ON,success
1790493990.260976,,4,234,1,state-aware,3,0.9915,0.0,OFF,unavailable
1790493990.3032634,,3,294,1,state-aware,3,0.9933,0.0,OFF,unavailable
1790493990.3259034,,7,308,2,state-aware,3,0.0,0.0,OFF,unavailable
1790493990.3830802,,2,296,1,state-aware,3,0.9913,0.9933,OFF,unavailable
1790493990.3999815,,10,305,2,state-aware,3,0.9901,0.991,OFF,unavailable
1790493990.418477,,4,235,1,state-aware,3,0.9915,0.0,OFF,unavailable
1790493990.4398866,,7,309,2,state-aware,3,0.0,0.0,OFF,unavailable
1790493990.458243,,1,301,1,state-aware,3,0.0004,0.0,OFF,unavailable
1790493990.473051,,8,308,1,state-aware,3,0.872,0.0,OFF,unavailable
1790493990.491419,,2,297,1,state-aware,3,0.9913,0.9933,OFF,unavailable
1790493990.5100074,,5,306,1,state-aware,3,0.9921,0.9933,OFF,unavailable
1790493996.2710688,,9,308,1,state-aware,3,0.9896,0.0,OFF,unavailable
1790493996.271722,,1,300,1,state-aware,3,0.0,0.0004,OFF,unavailable
1790493996.2725048,,8,307,1,state-aware,3,0.872,0.0,OFF,unavailable
1790493996.27349,,5,305,2,state-aware,3,0.0,0.0055,OFF,unavailable
1790493996.2742188,,6,308,1,state-aware,3,0.9925,0.0,OFF,unavailable
1790493996.2749538,,3,295,1,state-aware,3,0.9942,0.8887,OFF,unavailable
1790493996.4816968,,5,308,2,state-aware,3,0.0,0.0055,OFF,unavailable
1790494086.357304,1790494093.7424717,8,316,2,state-aware,3,0.0,0.0002,OFF,failed
1790494088.3594077,1790494095.460007,3,303,1,state-aware,3,0.9933,0.0,OFF,failed
1790494090.3615959,1790494096.4258575,5,314,2,state-aware,3,0.0,0.1612,OFF,failed
1790494090.362299,1790494097.4070039,9,317,1,state-aware,3,0.2255,0.1102,OFF,failed
1790494011.0218086,,9,312,2,state-aware,3,0.0,0.0,OFF,unavailable
1790494011.4694288,,8,311,2,state-aware,3,0.9914,0.9925,OFF,unavailable
1790494095.449977,1790494105.289854,7,318,1,state-aware,3,0.0,0.0,OFF,success
1790494096.962824,1790494106.9328191,8,317,1,state-aware,3,0.9938,0.9932,OFF,success
1790494098.2097359,1790494107.9568434,4,244,2,state-aware,3,0.9938,0.9925,OFF,success
1790494097.77129,1790494108.1960368,1,310,2,state-aware,3,0.0002,0.4909,OFF,success
1790494099.7020283,1790494108.9912271,5,315,2,state-aware,3,0.0,0.99,OFF,success
1790494014.297898,,6,312,2,state-aware,3,0.9833,0.9883,OFF,unavailable
1790494014.299041,,4,238,1,state-aware,3,0.0,0.0,OFF,unavailable
1790494098.799253,1790494110.7518182,3,304,2,state-aware,3,0.9933,0.99,OFF,failed
1790494100.6387224,1790494111.8510182,9,318,1,state-aware,3,0.9932,0.9942,OFF,success
1790494105.3697248,1790494112.0573046,6,318,1,state-aware,3,0.9925,0.9822,OFF,failed
1790494102.2749102,1790494115.230284,10,315,2,state-aware,3,0.9941,0.9943,OFF,failed
1790494108.516733,1790494119.722576,7,319,1,state-aware,3,0.9915,0.9938,OFF,success
1790494111.182981,1790494120.5592496,4,245,2,state-aware,3,0.9938,0.9914,OFF,success
1790494111.4277947,1790494121.5610092,1,311,2,state-aware,3,0.9937,0.9933,OFF,success
1790494116.3760724,1790494122.3158915,2,307,1,state-aware,3,0.8887,0.8887,OFF,failed
1790494113.9672472,1790494123.825234,3,305,2,state-aware,3,0.9933,0.9915,OFF,success
1790494112.2255313,1790494124.3371003,5,316,2,state-aware,3,0.9942,0.9938,OFF,failed
1790494118.6658697,1790494128.6434774,10,316,1,state-aware,3,0.9942,0.9942,OFF,success
1790494122.8921096,1790494133.8940902,7,320,1,state-aware,3,0.9938,0.9925,OFF,success
1790494043.3264487,,1,306,2,state-aware,3,0.9915,0.9938,OFF,unavailable
1790494124.7892585,1790494134.3755538,1,312,2,state-aware,3,0.9901,0.99,OFF,success
1790494123.7758186,1790494137.148288,4,246,2,state-aware,3,0.9925,0.9932,OFF,failed
1790494127.163783,1790494140.2161145,3,306,2,state-aware,3,0.97,0.9705,ON,failed
1790494127.5606198,1790494140.7269788,5,317,1,state-aware,3,0.9933,0.9925,ON,failed
1790494137.3918905,1790494143.8926804,10,317,1,state-aware,3,0.0,0.0,OFF,failed
1790494142.397118,1790494149.644685,1,313,2,state-aware,3,0.051,0.0067,OFF,failed
1790494142.396099,1790494150.1850162,7,321,1,state-aware,3,0.0,0.0,OFF,failed
1790494145.4003048,1790494153.023271,4,247,1,state-aware,3,0.8689,0.8689,OFF,failed
1790494063.8736858,,2,304,1,state-aware,3,0.9932,0.9944,OFF,unavailable
1790494145.7081628,1790494155.1775057,9,321,1,state-aware,3,0.9938,0.9938,OFF,success
1790494148.403302,1790494155.67535,3,307,1,state-aware,3,0.99,0.9925,OFF,failed
1790494146.3484137,1790494156.2123458,6,321,2,state-aware,3,0.9926,0.9933,OFF,success
1790494149.4053729,1790494156.3980067,5,318,2,state-aware,3,0.9924,0.9925,OFF,failed
1790494147.1215646,1790494158.026081,10,318,2,state-aware,3,0.9926,0.9938,OFF,success
1790494066.3278737,,7,316,1,state-aware,3,0.9942,0.9938,OFF,unavailable
1790494068.47014,,1,308,2,state-aware,3,0.9924,0.9924,OFF,unavailable
1790494069.0254858,,4,242,2,state-aware,3,0.9915,0.9899,OFF,unavailable
1790494153.4100595,1790494163.971171,7,322,2,state-aware,3,0.9902,0.9914,OFF,success
1790494153.8808932,1790494164.175262,8,321,1,state-aware,3,0.9926,0.9926,OFF,success
1790494070.5358682,,6,316,1,state-aware,3,0.9925,0.9938,OFF,unavailable
1790494072.9050167,,10,313,2,state-aware,3,0.9925,0.9938,ON,unavailable
1790494154.7420964,1790494164.710377,2,310,1,state-aware,3,0.9932,0.9914,OFF,success
1790494152.8684864,1790494166.154178,1,314,2,state-aware,3,0.0,0.0,OFF,failed
1790494156.346769,1790494169.5973213,4,248,2,state-aware,3,0.9931,0.9943,OFF,failed
1790494161.2604313,1790494173.0065453,10,319,2,state-aware,3,0.9914,0.9938,OFF,failed
1790494174.4253685,1790494182.0846536,1,315,2,state-aware,3,0.0,0.0,ON,failed
1790494181.4322069,1790494188.337826,10,320,1,state-aware,3,0.8525,0.6193,ON,failed
1790494190.4476056,1790494196.6368916,1,316,2,state-aware,3,0.0,0.0,OFF,failed
1790494248.9270546,1790494256.8501391,2,316,2,random,3,0.0,0.0,UNKNOWN,failed
1790494261.9293358,1790494262.3711848,9,328,1,random,3,0.0,0.0,OFF,failed
1790494261.9301965,1790494262.8871002,10,325,1,random,3,0.9368,0.9839,OFF,failed
1790494261.9313428,1790494263.0946949,6,328,2,random,3,0.0,0.0002,OFF,failed
1790494255.8539722,1790494264.0123508,4,254,2,random,3,0.99,0.9932,OFF,failed
1790494255.8799217,1790494266.1934469,3,314,1,random,3,0.9933,0.9932,OFF,failed
1790494258.0152843,1790494268.5609148,7,329,2,random,3,0.9938,0.9938,OFF,success
1790494260.0697565,1790494269.9527543,2,317,2,random,3,0.9915,0.9915,OFF,success
1790494259.558853,1790494270.9172423,1,321,2,random,3,0.9932,0.9931,OFF,success
1790494261.915629,1790494272.7463043,8,328,1,random,3,0.9925,0.99,OFF,success
1790494264.0491204,1790494275.579862,5,326,2,random,3,0.9913,0.9924,OFF,failed
1790494265.8008358,1790494276.4164526,9,329,1,random,3,0.6678,0.0,OFF,success
1790494266.3189209,1790494276.912206,6,329,1,random,3,0.9908,0.9909,OFF,success
1790494271.935451,1790494277.253683,10,326,2,random,3,0.9368,0.0,OFF,failed
1790494267.241,1790494278.2502344,4,255,1,random,3,0.9932,0.9938,OFF,success
1790494269.409552,1790494280.298777,3,315,1,random,3,0.9933,0.9925,OFF,success
1790494273.1805751,1790494282.8562675,2,318,2,random,3,0.9925,0.9915,OFF,success
1790494271.8365421,1790494284.099883,7,330,1,random,3,0.9923,0.9914,OFF,failed
1790494274.1377869,1790494284.2939932,1,322,1,random,3,0.9941,0.9914,OFF,success
1790494275.9740496,1790494288.4857504,8,329,2,random,3,0.9925,0.9925,OFF,failed
1790494278.813932,1790494289.026937,5,327,2,random,3,0.9931,0.9924,OFF,success
1790494280.4778893,1790494290.140219,10,327,1,random,3,0.9931,0.9941,OFF,success
1790494279.6405694,1790494290.734393,9,330,1,random,3,0.9933,0.9915,OFF,success
1790494281.4638212,1790494291.8535204,4,256,1,random,3,0.9925,0.9942,OFF,success
1790494287.5412328,1790494298.722904,1,323,1,random,3,0.9896,0.9817,OFF,success
1790494293.9434285,1790494306.1072946,9,331,1,random,3,0.0,0.0,ON,failed
1790494306.9478185,1790494313.6774716,1,324,1,random,3,0.7698,0.7759,ON,failed
1790494314.9514363,1790494322.072704,9,332,1,random,3,0.0,0.0,OFF,failed
1790494316.9066987,1790494327.9101558,1,325,1,random,3,0.9931,0.9923,OFF,success
1790494318.1444016,1790494328.822329,7,333,2,random,3,0.9915,0.9925,OFF,success
1790494320.4155507,1790494329.8530133,5,330,1,random,3,0.9937,0.9943,OFF,success
1790494325.393626,1790494337.3532414,9,333,2,random,3,0.0,0.0173,OFF,failed
1790494345.9761016,1790494352.8924186,9,334,1,random,3,0.0,0.0,ON,failed
1790494261.9324155,,8,327,2,random,3,0.9925,0.99,OFF,unavailable
1790494355.4349997,1790494365.932532,4,261,2,random,3,0.9817,0.9929,OFF,success
1790494356.0841,1790494366.5187092,9,335,2,random,3,0.9915,0.9925,OFF,success
1790494356.7319546,1790494368.5839136,6,335,1,random,3,0.9932,0.9923,OFF,failed
1790494365.9866147,1790494372.2470794,7,336,2,random,3,0.9842,0.9896,OFF,failed
1790494364.9831052,1790494373.2799494,1,328,2,random,3,0.9937,0.9901,OFF,failed
1790494366.9889414,1790494373.6850307,3,321,1,random,3,0.0029,0.0016,OFF,failed
1790494366.989956,1790494374.1967568,2,324,1,random,3,0.9943,0.9937,OFF,failed
1790494363.0851548,1790494374.8305783,5,333,1,random,3,0.9942,0.9941,OFF,failed
1790494280.1400356,,6,330,1,random,3,0.9925,0.9932,OFF,unavailable
1790494283.626092,,3,316,2,random,3,0.9933,0.9933,OFF,unavailable
1790494369.2573676,1790494378.7411735,4,262,1,random,3,0.0,0.0,OFF,success
1790494367.499424,1790494379.551258,8,335,2,random,3,0.9925,0.9925,OFF,failed
1790494286.0770361,,2,319,2,random,3,0.9901,0.9901,OFF,unavailable
1790494368.8542504,1790494380.134953,10,333,1,random,3,0.9938,0.3877,OFF,success
1790494369.7492094,1790494380.6663036,9,336,1,random,3,0.9943,0.9925,OFF,success
1790494371.811505,1790494381.2557685,6,336,2,random,3,0.9931,0.9925,OFF,success
1790494291.840105,,8,330,1,random,3,0.0034,0.1924,OFF,unavailable
1790494292.2309263,,5,328,1,random,3,0.9924,0.9925,OFF,unavailable
1790494292.9409206,,7,331,2,random,3,0.9925,0.9915,ON,unavailable
1790494293.3559668,,10,328,2,random,3,0.9901,0.9933,ON,unavailable
1790494375.478038,1790494386.5824294,7,337,1,random,3,0.9933,0.9926,OFF,success
1790494295.1380162,,4,257,2,random,3,0.9941,0.9924,ON,unavailable
1790494382.7688222,1790494393.4405835,8,336,2,random,3,0.9583,0.5532,OFF,success
1790494388.9995244,1790494396.0305605,10,334,1,random,3,0.9901,0.9921,ON,failed
1790494384.4876225,1790494397.1686966,6,337,2,random,3,0.9925,0.9932,OFF,failed
1790494395.003753,1790494401.581221,7,338,1,random,3,0.0,0.0,ON,failed
1790494313.2184453,,3,318,2,random,3,0.9925,0.9913,OFF,unavailable
1790494402.0083447,1790494408.1086137,8,337,2,random,3,0.0,0.0,ON,failed
1790494315.9025393,,2,321,2,random,3,0.9925,0.9943,OFF,unavailable
1790494405.010991,1790494411.2664306,10,335,1,random,3,0.0723,0.6085,OFF,failed
1790494406.0131447,1790494412.8143122,6,338,1,random,3,0.0,0.0,OFF,failed
1790494321.9187152,,8,332,2,random,3,0.9899,0.7164,OFF,unavailable
1790494410.0256472,1790494417.3116462,7,339,1,random,3,0.0,0.0,OFF,failed
1790494407.117514,1790494417.9129004,2,327,1,random,3,0.9926,0.9915,OFF,success
1790494411.0270681,1790494418.7558055,5,336,1,random,3,0.8689,0.0,OFF,failed
1790494408.0397348,1790494419.8697488,3,324,1,random,3,0.9924,0.9914,OFF,failed
1790494327.9559574,,10,330,2,random,3,0.9914,0.9933,OFF,unavailable
1790494410.8120453,1790494422.1141531,4,265,1,random,3,0.0,0.0016,OFF,success
1790494412.1395667,1790494422.9919155,9,339,2,random,3,0.9938,0.9925,OFF,success
1790494417.0407524,1790494423.872662,8,338,2,random,3,0.9885,0.9868,OFF,failed
1790494330.9581685,,4,259,1,random,3,0.9901,0.99,OFF,unavailable
1790494330.9628665,,6,333,2,random,3,0.8395,0.9932,OFF,unavailable
1790494331.1341965,,1,326,2,random,3,0.9914,0.9931,OFF,unavailable
1790494332.0450335,,7,334,1,random,3,0.9882,0.9901,OFF,unavailable
1790494333.0882027,,5,331,1,random,3,0.9925,0.9925,ON,unavailable
1790494416.038887,1790494425.7061114,6,339,2,random,3,0.9938,0.9914,OFF,success
1790494414.589093,1790494425.9110994,10,336,2,random,3,0.9933,0.9916,OFF,success
1790494420.2233999,1790494430.1136417,1,332,2,random,3,0.0,0.9923,OFF,success
1790494421.14026,1790494430.9327662,2,328,2,random,3,0.9938,0.9914,OFF,success
1790494421.9835343,1790494434.0444245,5,337,2,random,3,0.9932,0.9913,OFF,failed
1790494427.0729327,1790494436.4636807,8,339,1,random,3,0.9944,0.9933,OFF,success
1790494425.9842944,1790494438.2082036,4,266,2,random,3,0.9915,0.9853,OFF,failed
1790494426.0220387,1790494438.61306,9,340,1,random,3,0.9933,0.9915,OFF,failed
1790494428.9224164,1790494440.345936,6,340,2,random,3,0.9664,0.9914,OFF,success
1790494429.1151345,1790494441.906094,10,337,2,random,3,0.9915,0.9352,OFF,failed
1790494433.3238158,1790494443.3157125,1,333,2,random,3,0.8943,0.8535,OFF,success
1790494434.1555343,1790494446.4924066,2,329,2,random,3,0.9926,0.9902,OFF,failed
1790494443.0636656,1790494448.9460907,5,338,1,random,3,0.9915,0.9925,OFF,failed
1790494439.688068,1790494450.0733929,8,340,1,random,3,0.9942,0.9915,OFF,success
1790494441.4327433,1790494450.899047,4,267,1,random,3,0.9902,0.99,OFF,success
1790494441.8241205,1790494453.2892375,9,341,2,random,3,0.9938,0.9943,OFF,success
1790494443.5770369,1790494453.5684662,6,341,1,random,3,0.9901,0.9915,OFF,success
1790494444.9375162,1790494455.9178667,10,338,1,random,3,0.9932,0.9943,OFF,success
1790494446.5482554,1790494456.9469209,1,334,1,random,3,0.9915,0.9915,OFF,success
1790494448.7869182,1790494460.5268686,7,342,2,random,3,0.9914,0.9915,OFF,failed
1790494452.2689543,1790494463.2899325,5,339,2,random,3,0.9916,0.9941,OFF,success
1790494456.7909455,1790494467.7864807,6,342,1,random,3,0.9867,0.9861,OFF,success
1790494376.4967587,,1,329,2,random,3,0.9933,0.9922,OFF,unavailable
1790494377.4281826,,2,325,2,random,3,0.9925,0.9925,OFF,unavailable
1790494378.0605054,,5,334,1,random,3,0.9941,0.9932,OFF,unavailable
1790494381.9632294,,4,263,2,random,3,0.99,0.9857,OFF,unavailable
1790494381.995311,,3,322,2,random,3,0.8896,0.8809,OFF,unavailable
1790494383.8897626,,9,337,1,random,3,0.9913,0.9942,OFF,unavailable
1790494472.0789335,1790494478.767357,5,340,1,random,3,0.0,0.0161,ON,failed
1790494476.1046743,1790494483.1966403,6,343,2,random,3,0.0003,0.0,ON,failed
1790494484.094819,1790494492.2996917,2,332,2,random,3,0.0,0.0,OFF,failed
1790494487.097339,1790494493.2914631,5,341,1,random,3,0.0,0.0,OFF,failed
1790494484.7759867,1790494494.0416834,8,343,2,random,3,0.9925,0.9924,OFF,success
1790494486.4737906,1790494497.286281,6,344,2,random,3,0.9901,0.9925,OFF,success
1790494485.1742644,1790494497.7985034,3,329,2,random,3,0.9941,0.9915,OFF,failed
1790494486.8991463,1790494498.241205,9,344,1,random,3,0.9924,0.994,OFF,success
1790494488.3236191,1790494499.5403209,10,341,1,random,3,0.9943,0.9933,OFF,success
1790494489.3371458,1790494502.0275095,1,337,1,random,3,0.9931,0.9923,OFF,failed
1790494495.523741,1790494504.9620235,2,333,1,random,3,0.9901,0.9882,OFF,success
1790494492.9518762,1790494505.990141,7,345,1,random,3,0.9924,0.9932,OFF,failed
1790494496.5172787,1790494506.6051981,5,342,1,random,3,0.9938,0.9925,OFF,success
1790494497.2569473,1790494507.4208987,8,344,1,random,3,0.9925,0.9932,OFF,success
1790494498.877974,1790494508.7559118,4,271,1,random,3,0.9926,0.9915,OFF,success
1790494500.6182833,1790494510.7975438,6,345,1,random,3,0.9821,0.03,OFF,success
1790494502.7642627,1790494512.8531988,10,342,2,random,3,0.9915,0.9933,OFF,success
1790494507.1120794,1790494513.3749137,9,345,1,random,3,0.9926,0.9933,OFF,failed
1790494506.1099133,1790494513.475022,3,330,1,random,3,0.7727,0.9002,OFF,failed
1790494420.5426087,,7,340,2,random,3,0.9867,0.9915,OFF,unavailable
1790494423.0977395,,3,325,2,random,3,0.9925,0.9914,OFF,unavailable
1790494505.2450416,1790494515.9651115,1,338,1,random,3,0.9924,0.9937,OFF,success
1790494509.2099147,1790494518.8787177,7,346,2,random,3,0.9915,0.9926,OFF,success
1790494508.1880054,1790494519.5067081,2,334,1,random,3,0.9944,0.9941,OFF,success
1790494509.8290563,1790494519.7111967,5,343,2,random,3,0.9925,0.9925,OFF,success
1790494511.977664,1790494521.7514317,4,272,2,random,3,0.9938,0.9938,OFF,success
1790494510.7516901,1790494523.0911858,8,345,2,random,3,0.9932,0.9924,OFF,failed
1790494522.1486087,1790494528.6484423,3,331,2,random,3,0.9921,0.9935,OFF,failed
1790494522.14321,1790494529.435266,9,346,1,random,3,0.9882,0.9464,OFF,failed
1790494585.5693455,1790494591.4899313,3,335,1,round-robin,3,0.0,0.0,OFF,failed
1790494589.5717204,1790494595.622872,2,339,1,round-robin,3,0.0,0.0,OFF,failed
1790494589.126993,1790494598.7573543,4,277,1,round-robin,3,0.9924,0.991,OFF,success
1790494588.764215,1790494599.8934233,8,350,1,round-robin,3,0.0038,0.9912,OFF,success
1790494590.9501457,1790494603.782713,6,351,1,round-robin,3,0.9881,0.9881,OFF,failed
1790494595.5445888,1790494606.3429956,1,344,1,round-robin,3,0.9915,0.9926,OFF,success
1790494598.3307612,1790494610.3267314,7,352,1,round-robin,3,0.0,0.0,OFF,failed
1790494601.9769773,1790494614.3282342,4,278,2,round-robin,3,0.9933,0.9926,OFF,failed
1790494622.5846446,1790494629.8939917,4,279,1,round-robin,3,0.0,0.0,ON,failed
1790494632.3933847,1790494642.588761,8,353,1,round-robin,3,0.9925,0.9915,OFF,success
1790494633.131576,1790494644.9860902,4,280,2,round-robin,3,0.9932,0.9915,OFF,failed
1790494638.7369533,1790494650.084201,6,354,1,round-robin,3,0.9915,0.9933,OFF,success
1790494639.4671922,1790494651.0871692,9,354,2,round-robin,3,0.9933,0.9933,OFF,failed
1790494640.1807718,1790494651.6033976,1,347,1,round-robin,3,0.9881,0.9933,OFF,success
1790494645.5950468,1790494653.2427883,3,339,1,round-robin,3,0.9925,0.9912,OFF,failed
1790494640.9020803,1790494653.2677221,10,351,2,round-robin,3,0.8333,0.9925,OFF,failed
1790494644.8953514,1790494656.4498415,7,355,1,round-robin,3,0.0,0.0,OFF,failed
1790494645.8116748,1790494657.0687773,8,354,2,round-robin,3,0.9933,0.9914,OFF,success
1790494646.5489726,1790494657.155647,5,352,2,round-robin,3,0.9916,0.9938,OFF,success
1790494648.3649335,1790494657.9493842,4,281,1,round-robin,3,0.9931,0.9924,OFF,success
1790494654.3401415,1790494663.8893435,9,355,1,round-robin,3,0.0,0.0,OFF,success
1790494653.3112564,1790494666.0348961,6,355,2,round-robin,3,0.9925,0.9933,OFF,failed
1790494654.8301966,1790494667.1588666,1,348,2,round-robin,3,0.9915,0.9938,OFF,failed
1790494661.6073706,1790494669.0196755,10,352,1,round-robin,3,0.9841,0.9915,OFF,failed
1790494656.4691617,1790494669.7146854,3,340,2,round-robin,3,0.9933,0.9931,OFF,failed
1790494660.476136,1790494670.3385718,5,353,1,round-robin,3,0.9941,0.8887,OFF,success
1790494660.2762673,1790494670.5676436,8,355,1,round-robin,3,0.88,0.9937,OFF,success
1790494659.7847183,1790494670.852542,7,356,2,round-robin,3,0.9916,0.9915,OFF,success
1790494661.7117481,1790494673.4134297,2,344,2,round-robin,3,0.991,0.9914,OFF,failed
1790494670.491937,1790494680.8858848,1,349,1,round-robin,3,0.9933,0.99,OFF,success
1790494672.2451632,1790494683.5931013,10,353,2,round-robin,3,0.9925,0.9942,OFF,success
1790494672.9364371,1790494683.970491,3,341,1,round-robin,3,0.9924,0.9925,OFF,success
1790494674.0814722,1790494684.987911,7,357,1,round-robin,3,0.993,0.9932,ON,success
1790494593.992243,,9,351,1,round-robin,3,0.9925,0.9925,OFF,unavailable
1790494594.7207053,,3,336,2,round-robin,3,0.9925,0.988,OFF,unavailable
1790494679.614191,1790494685.8172348,8,356,2,round-robin,3,0.0,0.9937,ON,failed
1790494673.5734808,1790494686.215402,5,354,2,round-robin,3,0.9933,0.0522,OFF,failed
1790494676.640713,1790494689.4247334,2,345,1,round-robin,3,0.0,0.0008,ON,failed
1790494596.7676384,,10,348,1,round-robin,3,0.9925,0.9915,OFF,unavailable
1790494600.9904385,,5,349,1,round-robin,3,0.9933,0.9915,OFF,unavailable
1790494603.1166475,,8,351,2,round-robin,3,0.9926,0.9925,OFF,unavailable
1790494604.5754952,,2,340,2,round-robin,3,0.8689,0.8689,ON,unavailable
1790494689.6252615,1790494696.2700505,1,350,2,round-robin,3,0.9933,0.9597,OFF,failed
1790494687.1976402,1790494697.5008428,3,342,2,round-robin,3,0.9941,0.9841,OFF,success
1790494688.2116902,1790494698.2957442,7,358,2,round-robin,3,0.9931,0.9938,OFF,success
1790494689.0453985,1790494698.533903,8,357,1,round-robin,3,0.9901,0.9925,OFF,success
1790494691.619603,1790494699.0487163,10,354,1,round-robin,3,0.0,0.0,OFF,failed
1790494607.0042088,,6,352,2,round-robin,3,0.9925,0.9925,ON,unavailable
1790494689.4451678,1790494701.396085,5,355,1,round-robin,3,0.9943,0.9925,OFF,failed
1790494614.5790977,,1,345,2,round-robin,3,0.0,0.0,ON,unavailable
1790494697.628387,1790494705.5936852,4,284,1,round-robin,3,0.8535,0.8535,OFF,failed
1790494692.7570376,1790494705.9911165,2,346,2,round-robin,3,0.0,0.0174,OFF,failed
1790494696.9127092,1790494707.83221,9,358,1,round-robin,3,0.9924,0.9941,OFF,success
1790494699.4945524,1790494708.96312,1,351,1,round-robin,3,0.9914,0.9915,OFF,success
1790494698.441462,1790494710.274966,6,358,2,round-robin,3,0.9937,0.9924,OFF,failed
1790494618.5816476,,7,353,2,round-robin,3,0.0005,0.0,ON,unavailable
1790494700.6979382,1790494710.8902438,3,343,1,round-robin,3,0.9932,0.9938,OFF,success
1790494701.8652086,1790494712.225314,8,358,2,round-robin,3,0.9941,0.9915,OFF,success
1790494702.2722826,1790494712.6463318,10,355,2,round-robin,3,0.9925,0.9942,OFF,success
1790494701.5255437,1790494713.8593154,7,359,1,round-robin,3,0.9925,0.9937,OFF,failed
1790494704.6206074,1790494714.2821782,5,356,2,round-robin,3,0.9925,0.9899,OFF,success
1790494709.220771,1790494718.8795478,2,347,1,round-robin,3,0.9925,0.9942,OFF,success
1790494708.816006,1790494721.126664,4,285,2,round-robin,3,0.9938,0.9899,OFF,failed
1790494712.2953432,1790494722.6018794,1,352,2,round-robin,3,0.9924,0.9941,OFF,success
1790494711.0588243,1790494723.6933167,9,359,2,round-robin,3,0.9938,0.9915,OFF,failed
1790494713.506002,1790494724.9254315,6,359,1,round-robin,3,0.9925,0.9941,OFF,failed
1790494715.8652408,1790494725.8413792,10,356,1,round-robin,3,0.9914,0.9942,OFF,success
1790494635.588207,,2,342,1,round-robin,3,0.0,0.3179,OFF,unavailable
1790494722.1076486,1790494733.009401,2,348,2,round-robin,3,0.9912,0.9925,OFF,success
1790494726.914731,1790494737.6562934,9,360,1,round-robin,3,0.9925,0.9937,ON,success
1790494725.825498,1790494738.33481,1,353,1,round-robin,3,0.9901,0.99,ON,failed
1790494728.1474853,1790494740.5961893,6,360,2,round-robin,3,0.9901,0.9915,ON,failed
1790494734.6412413,1790494741.6446247,10,357,2,round-robin,3,0.9914,0.8827,ON,failed
1790494741.6601012,1790494747.7769902,2,349,1,round-robin,3,0.3629,0.8547,OFF,failed
1790494740.8815367,1790494753.1864576,9,361,2,round-robin,3,0.9925,0.9942,OFF,failed
1790494741.585534,1790494753.490208,1,354,2,round-robin,3,0.9925,0.9925,OFF,failed
1790494744.2176516,1790494754.000379,8,361,2,round-robin,3,0.869,0.8944,OFF,success
1790494661.1751733,,4,282,2,round-robin,3,0.0,0.0,OFF,unavailable
1790494749.6497517,1790494756.477429,6,361,1,round-robin,3,0.9915,0.9938,OFF,failed
1790494750.6539698,1790494757.097279,3,346,1,round-robin,3,0.9881,0.989,OFF,failed
1790494747.8262534,1790494757.5868664,7,362,1,round-robin,3,0.9925,0.9938,OFF,success
1790494749.6504939,1790494758.1340249,10,358,1,round-robin,3,0.99,0.9827,OFF,failed
1790494750.6527784,1790494758.4264524,5,359,2,round-robin,3,0.0001,0.0016,OFF,failed
1790494667.117655,,9,356,2,round-robin,3,0.9925,0.9941,OFF,unavailable
1790494669.2543087,,6,356,1,round-robin,3,0.9932,0.9933,OFF,unavailable
1790494750.9975388,1790494761.8080983,2,350,2,round-robin,3,0.9924,0.9941,OFF,success
1790494752.7417347,1790494762.2975578,4,288,2,round-robin,3,0.9932,0.9938,OFF,success
1790494756.4055727,1790494765.7687194,9,362,1,round-robin,3,0.9925,0.9915,OFF,success
1790494756.704945,1790494766.9194949,1,355,1,round-robin,3,0.0,0.9323,OFF,success
1790494757.2292337,1790494768.443308,8,362,1,round-robin,3,0.9933,0.9938,OFF,failed
1790494759.8066924,1790494769.2589757,6,362,2,round-robin,3,0.9938,0.9933,OFF,success
1790494760.318046,1790494770.7995212,3,347,2,round-robin,3,0.9925,0.9779,OFF,success
1790494761.6498168,1790494771.4269257,5,360,1,round-robin,3,0.9922,0.9923,OFF,success
1790494765.6604393,1790494772.123514,7,363,2,round-robin,3,0.9925,0.9944,OFF,failed
1790494761.3606706,1790494772.6390533,10,359,2,round-robin,3,0.9901,0.9925,OFF,success
1790494765.5227914,1790494775.1309395,4,289,1,round-robin,3,0.9901,0.9901,OFF,success
1790494765.1298816,1790494775.832635,2,351,1,round-robin,3,0.9942,0.9925,OFF,success
1790494771.6631207,1790494782.69675,8,363,2,round-robin,3,0.9942,0.9925,OFF,success
1790494774.0240448,1790494784.9534676,3,348,1,round-robin,3,0.9933,0.9925,OFF,success
1790494775.356922,1790494788.5194013,7,364,1,round-robin,3,0.7012,0.0,OFF,failed
1790494784.675326,1790494790.9718378,2,352,2,round-robin,3,0.0,0.0,ON,failed
1790494793.681699,1790494801.0470736,3,349,2,round-robin,3,0.0,0.0,ON,failed
1790494796.6844738,1790494802.8580935,7,365,2,round-robin,3,0.0,0.0,ON,failed
1790494714.112915,,3,344,2,round-robin,3,0.9942,0.9914,OFF,unavailable
1790494715.4534094,,8,359,1,round-robin,3,0.8965,0.9915,OFF,unavailable
1790494799.6874497,1790494805.9214475,2,353,1,round-robin,3,0.0,0.0,OFF,failed
1790494717.089173,,7,360,2,round-robin,3,0.9938,0.9925,OFF,unavailable
1790494717.5990076,,5,357,1,round-robin,3,0.9938,0.9933,OFF,unavailable
1790494804.2726715,1790494813.7253613,3,350,1,round-robin,3,0.9925,0.9915,OFF,success
1790494724.3455908,,4,286,1,round-robin,3,0.9938,0.9925,OFF,unavailable
1790494804.6464288,1790494815.65007,5,363,1,round-robin,3,0.9932,0.9941,OFF,success
1790494806.081764,1790494815.9480124,7,366,1,round-robin,3,0.9925,0.9943,OFF,success
1790494807.3060963,1790494818.5337617,4,292,1,round-robin,3,0.9899,0.9901,OFF,success
1790494808.014824,1790494819.3695066,10,362,2,round-robin,3,0.9933,0.9942,OFF,failed
1790494809.135354,1790494819.983384,2,354,2,round-robin,3,0.9942,0.9937,OFF,success
1790494814.5711386,1790494823.8461735,9,366,1,round-robin,3,0.9914,0.9915,OFF,success
1790494816.953004,1790494827.426062,3,351,2,round-robin,3,0.9925,0.9913,OFF,success
1790494819.1756175,1790494832.4304345,7,367,2,round-robin,3,0.9912,0.9923,OFF,failed
1790494850.7237456,1790494856.3135374,8,368,1,round-robin,3,0.0,0.0,ON,failed
1790494769.0943747,,9,363,2,round-robin,3,0.9915,0.9915,OFF,unavailable
1790494770.1471496,,1,356,2,round-robin,3,0.9931,0.9923,OFF,unavailable
1790494905.2724445,1790494911.4932795,2,360,2,ewma,3,0.0,0.0,OFF,failed
1790494908.2742887,1790494920.4126575,3,357,2,ewma,3,0.9926,0.9925,OFF,failed
1790494913.0198643,1790494924.0805435,6,372,2,ewma,3,0.9913,0.9912,OFF,success
1790494912.7059994,1790494924.7007842,7,373,1,ewma,3,0.9942,0.9942,OFF,failed
1790494914.7190018,1790494925.2166924,2,361,1,ewma,3,0.9941,0.9933,OFF,success
1790494920.2778442,1790494927.8843527,5,370,1,ewma,3,0.9931,0.9931,OFF,failed
1790494915.752868,1790494928.4866922,10,369,2,ewma,3,0.9915,0.9926,OFF,failed
1790494925.282312,1790494932.6826608,1,366,2,ewma,3,0.9878,0.9862,OFF,failed
1790494925.281457,1790494933.2016203,9,373,2,ewma,3,0.0,0.4748,OFF,failed
1790494923.748287,1790494934.2424588,3,358,1,ewma,3,0.9938,0.9925,OFF,success
1790494929.3693004,1790494939.690204,4,300,1,ewma,3,0.9914,0.9925,ON,success
1790494931.8164196,1790494943.4534943,10,370,1,ewma,3,0.9914,0.9915,ON,success
1790494948.2932954,1790494954.1994424,4,301,1,ewma,3,0.0,0.0,ON,failed
1790494952.2953076,1790494959.3181648,10,371,1,ewma,3,0.9914,0.6075,OFF,failed
1790494956.926682,1790494967.3436296,6,375,2,ewma,3,0.9915,0.9925,OFF,success
1790494957.9457567,1790494967.91819,2,364,1,ewma,3,0.9915,0.9925,OFF,success
1790494957.424683,1790494969.8906727,4,302,2,ewma,3,0.0,0.0,OFF,failed
1790494960.8069475,1790494970.9918485,7,376,2,ewma,3,0.9899,0.9914,OFF,success
1790494961.9888234,1790494974.474853,5,373,2,ewma,3,0.0303,0.0,OFF,failed
1790494968.3012817,1790494975.1952496,10,372,1,ewma,3,0.9932,0.9736,OFF,failed
1790494966.9314578,1790494976.4030857,1,369,1,ewma,3,0.9924,0.9925,OFF,success
1790494964.991387,1790494978.163355,8,376,2,ewma,3,0.9925,0.9924,OFF,failed
1790494968.5038946,1790494978.392388,9,376,1,ewma,3,0.9925,0.9915,OFF,success
1790494970.5650835,1790494980.1024253,6,376,2,ewma,3,0.0,0.9901,OFF,success
1790494969.0893688,1790494980.409811,3,361,1,ewma,3,0.9915,0.9914,OFF,success
1790494974.2198372,1790494984.1982539,7,377,2,ewma,3,0.9938,0.9914,OFF,success
1790494971.1625671,1790494984.432423,2,365,1,ewma,3,0.9938,0.9933,OFF,failed
1790494979.6315558,1790494989.135898,1,370,1,ewma,3,0.9914,0.9924,OFF,success
1790494978.4068162,1790494991.0640202,10,373,2,ewma,3,0.9914,0.9937,OFF,failed
1790494989.3111362,1790494994.870659,3,362,1,ewma,3,0.9908,0.9071,ON,failed
1790494988.308711,1790494995.6059158,6,377,2,ewma,3,0.8689,0.9914,ON,failed
1790494993.3164828,1790494999.2540004,2,366,1,ewma,3,0.018,0.3659,ON,failed
1790494992.3129392,1790494999.7709002,7,378,2,ewma,3,0.0031,0.9914,ON,failed
1790494997.319235,1790495004.9958925,1,371,1,ewma,3,0.0,0.0,OFF,failed
1790494999.3213556,1790495006.0559492,10,374,1,ewma,3,0.0,0.0,OFF,failed
1790494998.0972445,1790495008.271224,3,363,1,ewma,3,0.9938,0.9925,OFF,success
1790494998.8305364,1790495008.674786,6,378,2,ewma,3,0.9931,0.9925,OFF,success
1790494920.5584667,,8,373,1,ewma,3,0.9941,0.9924,OFF,unavailable
1790495002.480115,1790495013.8935513,2,367,1,ewma,3,0.0001,0.0,OFF,failed
1790495008.3279068,1790495014.5428581,7,379,2,ewma,3,0.8546,0.9937,OFF,failed
1790495005.452733,1790495016.4674864,5,376,1,ewma,3,0.0,0.994,OFF,success
1790495008.2172976,1790495018.8174753,1,372,1,ewma,3,0.9901,0.9933,OFF,success
1790495009.3793852,1790495020.5702114,10,375,2,ewma,3,0.9895,0.9912,OFF,success
1790495011.3915713,1790495021.067502,8,379,1,ewma,3,0.9673,0.9933,OFF,success
1790494927.3085768,,6,373,2,ewma,3,0.9883,0.9926,OFF,unavailable
1790494927.8648343,,7,374,2,ewma,3,0.0002,0.0,OFF,unavailable
1790494928.4359312,,2,362,1,ewma,3,0.9901,0.9933,OFF,unavailable
1790494931.2084172,,5,371,2,ewma,3,0.9925,0.9926,ON,unavailable
1790495011.599428,1790495022.8203015,3,364,1,ewma,3,0.9933,0.8333,OFF,success
1790495011.8894203,1790495023.0116742,6,379,2,ewma,3,0.0008,0.1195,OFF,success
1790495017.1292763,1790495028.0705316,2,368,2,ewma,3,0.9943,0.9942,OFF,success
1790495023.3333602,1790495029.2888224,7,380,2,ewma,3,0.9878,0.9933,OFF,failed
1790495019.6780593,1790495030.2885823,5,377,1,ewma,3,0.0,0.0,OFF,success
1790495022.0453618,1790495031.5557892,1,373,1,ewma,3,0.9913,0.9899,OFF,success
1790495024.287812,1790495034.1689112,8,380,1,ewma,3,0.9925,0.9933,OFF,success
1790495023.7933621,1790495034.285866,10,376,2,ewma,3,0.9925,0.99,OFF,success
1790495026.2405148,1790495036.006843,6,380,2,ewma,3,0.9925,0.9907,OFF,success
1790494941.2867336,,1,367,1,ewma,3,0.8497,0.985,ON,unavailable
1790494941.2877755,,9,374,1,ewma,3,0.0,0.0,ON,unavailable
1790494942.2900615,,3,359,1,ewma,3,0.0,0.0,ON,unavailable
1790495026.7727566,1790495036.7346768,9,380,1,ewma,3,0.9915,0.9933,OFF,success
1790495034.8807516,1790495044.7288678,1,374,1,ewma,3,0.9925,0.9913,OFF,success
1790495037.398097,1790495050.9004478,8,381,1,ewma,3,0.7961,0.9938,ON,failed
1790495053.3677268,1790495059.459335,1,375,1,ewma,3,0.0,0.0,ON,failed
1790494973.0877516,,4,303,1,ewma,3,0.9942,0.9938,OFF,unavailable
1790495059.37234,1790495066.836949,8,382,1,ewma,3,0.0,0.0,OFF,failed
1790495062.3750153,1790495068.887941,3,367,1,ewma,3,0.0,0.0,OFF,failed
1790494977.7984896,,5,374,2,ewma,3,0.9932,0.9942,OFF,unavailable
1790495062.8000255,1790495072.675833,1,376,1,ewma,3,0.0,0.0,OFF,success
1790495063.22026,1790495073.488649,2,371,2,ewma,3,0.9925,0.9925,OFF,success
1790495068.3847678,1790495075.6477647,7,383,1,ewma,3,0.8535,0.9933,OFF,failed
1790494981.3863654,,8,377,1,ewma,3,0.9938,0.9925,OFF,unavailable
1790494981.6287444,,9,377,1,ewma,3,0.9853,0.9857,OFF,unavailable
1790495077.6788857,1790495087.9410453,5,381,1,ewma,3,0.9925,0.9925,OFF,success
1790495005.9574528,,4,305,1,ewma,3,0.9888,0.9885,OFF,unavailable
1790495096.3927677,1790495102.7077682,5,382,1,ewma,3,0.0,0.0302,ON,failed
1790495100.0685987,1790495111.198238,6,385,2,ewma,3,0.9937,0.9933,OFF,success
1790495104.3969846,1790495111.895844,8,385,1,ewma,3,0.3836,0.3011,OFF,failed
1790495102.1185951,1790495113.2282634,3,370,1,ewma,3,0.9944,0.994,OFF,success
1790495104.3710136,1790495115.4975305,9,385,1,ewma,3,0.9932,0.9942,OFF,success
1790495031.3468342,,3,365,1,ewma,3,0.9899,0.9911,OFF,unavailable
1790495031.3478436,,2,369,2,ewma,3,0.9938,0.9925,OFF,unavailable
1790495032.5128543,,7,381,1,ewma,3,0.9924,0.9925,OFF,unavailable
1790495033.50992,,5,378,1,ewma,3,0.9925,0.9941,OFF,unavailable
1790495035.44788,,4,307,1,ewma,3,0.9926,0.9938,OFF,unavailable
1790495037.4907463,,10,377,2,ewma,3,0.9933,0.927,ON,unavailable
1790495039.2322137,,6,381,2,ewma,3,0.99,0.9915,ON,unavailable
1790495039.9643712,,9,381,1,ewma,3,0.9923,0.9942,ON,unavailable
1790495118.7253072,1790495131.7610784,9,386,1,ewma,3,0.9925,0.9938,ON,failed
1790495140.4317315,1790495147.430469,9,387,1,ewma,3,0.0,0.0,OFF,failed
1790495141.4343963,1790495149.6943047,1,381,1,ewma,3,0.0,0.0,OFF,failed
1790495143.8955545,1790495155.8590128,10,384,2,ewma,3,0.9924,0.993,OFF,failed
1790495143.272462,1790495156.1351027,7,388,2,ewma,3,0.0954,0.985,OFF,failed
1790495065.8781414,,4,309,1,ewma,3,0.9933,0.9913,OFF,unavailable
1790495145.8743348,1790495156.6645105,3,373,1,ewma,3,0.9932,0.9914,OFF,success
1790495146.393243,1790495158.189286,6,388,2,ewma,3,0.987,0.9022,OFF,failed
1790495151.439695,1790495158.7201037,8,388,2,ewma,3,0.9081,0.9925,OFF,failed
1790495068.2100413,,10,379,2,ewma,3,0.99,0.9925,OFF,unavailable
1790495070.067473,,8,383,1,ewma,3,0.9855,0.4685,OFF,unavailable
1790495070.2643511,,6,383,2,ewma,3,0.9853,0.9819,OFF,unavailable
1790495150.6532958,1790495161.8755064,9,388,1,ewma,3,0.9925,0.9942,OFF,success
1790495153.6164255,1790495163.4059625,5,386,1,ewma,3,0.989,0.9895,OFF,success
1790495152.9230375,1790495164.0358236,1,382,1,ewma,3,0.0097,0.0002,OFF,success
1790495158.448157,1790495165.1550438,2,377,2,ewma,3,0.0,0.0,OFF,failed
1790495071.8118925,,9,383,1,ewma,3,0.97,0.7092,OFF,unavailable
1790495072.1134574,,3,368,1,ewma,3,0.993,0.9921,OFF,unavailable
1790495075.9095547,,1,377,1,ewma,3,0.9925,0.9925,OFF,unavailable
1790495159.0843737,1790495168.3207629,10,385,2,ewma,3,0.9925,0.9924,OFF,success
1790495159.8894818,1790495169.3486989,3,374,1,ewma,3,0.9944,0.9932,OFF,success
1790495159.3615308,1790495169.5528536,7,389,1,ewma,3,0.0,0.0,OFF,success
1790495161.4201465,1790495171.0044086,6,389,2,ewma,3,0.0,0.9811,OFF,success
1790495076.7463467,,2,372,2,ewma,3,0.9943,0.9938,OFF,unavailable
1790495078.8653955,,7,384,2,ewma,3,0.0,0.0,ON,unavailable
1790495167.4535818,1790495174.0596695,8,389,1,ewma,3,0.9894,0.9933,OFF,failed
1790495167.2565966,1790495176.7201118,1,383,1,ewma,3,0.9933,0.9933,OFF,success
1790495165.0961726,1790495177.5377984,9,389,1,ewma,3,0.9925,0.9926,OFF,failed
1790495166.6309693,1790495178.0489323,5,387,1,ewma,3,0.9933,0.9915,OFF,success
1790495168.4890795,1790495179.7066877,2,378,2,ewma,3,0.9912,0.9915,OFF,failed
1790495171.54388,1790495180.944033,10,386,2,ewma,3,0.9942,0.9914,OFF,success
1790495175.8429267,1790495186.6550477,4,316,1,ewma,3,0.9933,0.9925,OFF,success
1790495179.9428368,1790495189.8483074,1,384,1,ewma,3,0.9938,0.9942,OFF,success
1790495234.849041,1790495246.5515144,6,394,2,ewma,4,0.0,0.9,ON,failed
1790495234.3035398,1790495247.3737404,3,379,2,ewma,4,0.9933,0.9938,ON,failed
1790495234.8497596,1790495247.8832748,7,394,1,ewma,4,0.9,0.9649,ON,failed
1790495254.9781346,1790495257.6280174,2,383,2,ewma,4,0.0,0.0,OFF,failed
1790495250.5993779,1790495261.0251262,3,380,1,ewma,4,0.9925,0.9933,OFF,success
1790495249.7678998,1790495262.6297858,6,395,1,ewma,4,0.9924,0.9933,OFF,failed
1790495251.0999088,1790495264.3891435,7,395,2,ewma,4,0.8804,0.8944,OFF,failed
1790495255.644362,1790495266.5287511,1,389,2,ewma,4,0.9924,0.9922,OFF,success
1790495254.3870583,1790495267.6475735,5,393,2,ewma,4,0.9938,0.9925,OFF,failed
1790495257.68582,1790495267.7469778,8,395,1,ewma,4,0.9933,0.9924,OFF,success
1790495255.931968,1790495269.007069,9,395,2,ewma,4,0.9933,0.9932,OFF,failed
1790495260.225884,1790495271.9850962,10,392,2,ewma,4,0.9937,0.9925,OFF,success
1790495260.8514848,1790495273.9303958,2,384,1,ewma,4,0.9924,0.9933,OFF,failed
1790495264.243281,1790495275.4730535,3,381,1,ewma,4,0.9941,0.9925,OFF,failed
1790495265.6723194,1790495275.5756938,6,396,1,ewma,4,0.2086,0.9933,OFF,success
1790495265.6716933,1790495277.3747082,4,322,1,ewma,4,0.9,0.0492,OFF,success
1790495267.7164288,1790495279.1462774,7,396,2,ewma,4,0.9924,0.9924,OFF,success
1790495272.2297792,1790495281.5925953,9,396,1,ewma,4,0.9915,0.9901,OFF,success
1790495270.9742956,1790495282.2117097,8,396,1,ewma,4,0.8689,0.8887,OFF,success
1790495275.9896932,1790495283.7275329,5,394,1,ewma,4,0.9926,0.9941,OFF,failed
1790495275.2150424,1790495285.3636727,10,393,2,ewma,4,0.9925,0.9914,OFF,success
1790495277.1580875,1790495287.6427536,2,385,1,ewma,4,0.9925,0.9925,OFF,success
1790495278.7854927,1790495289.4628804,6,397,1,ewma,4,0.9879,0.9901,OFF,success
1790495278.747113,1790495289.8088827,3,382,1,ewma,4,0.9926,0.0109,OFF,success
1790495280.521001,1790495290.7212884,4,323,1,ewma,4,0.9915,0.9882,OFF,success
1790495282.1773307,1790495295.0945616,7,397,2,ewma,4,0.9915,0.9933,OFF,failed
1790495292.6892304,1790495307.098068,6,398,1,ewma,4,0.9901,0.9933,ON,failed
1790495304.001431,1790495309.9372413,7,398,2,ewma,4,0.0,0.8965,ON,failed
1790495316.005497,1790495320.8309906,6,399,1,ewma,4,0.0,0.0,OFF,failed
1790495316.8535802,1790495326.224228,9,399,1,ewma,4,0.8538,0.8535,OFF,success
1790495318.0088427,1790495326.7387636,7,399,1,ewma,4,0.1102,0.4833,OFF,failed
1790495317.14322,1790495327.6817317,8,399,1,ewma,4,0.9942,0.9932,OFF,success
1790495315.6305568,1790495329.0905704,1,393,2,ewma,4,0.9925,0.9938,OFF,failed
1790495316.5694904,1790495329.7062955,5,397,2,ewma,4,0.9937,0.9833,OFF,failed
1790495319.9321697,1790495330.7275403,10,396,2,ewma,4,0.9938,0.9915,OFF,success
1790495322.083108,1790495332.0892756,2,388,1,ewma,4,0.9941,0.9932,OFF,success
1790495324.2286391,1790495334.7362266,4,326,1,ewma,4,0.9868,0.9897,OFF,success
1790495329.0177128,1790495335.6605048,6,400,2,ewma,4,0.979,0.8267,OFF,failed
1790495329.0166345,1790495336.2600112,3,385,1,ewma,4,0.9842,0.9817,OFF,failed
1790495329.4511592,1790495339.1258457,9,400,1,ewma,4,0.0,0.0,OFF,success
1790495332.4161882,1790495342.7133946,1,394,1,ewma,4,0.9901,0.9926,OFF,success
1790495330.9097102,1790495344.1451588,8,400,1,ewma,4,0.9938,0.9915,OFF,failed
1790495333.0319998,1790495344.1569254,5,398,1,ewma,4,0.9938,0.9942,OFF,success
1790495333.9506893,1790495345.7775168,10,397,2,ewma,4,0.9926,0.9933,OFF,failed
1790495335.3094504,1790495346.3202157,2,389,1,ewma,4,0.9942,0.9925,OFF,success
1790495337.9660633,1790495347.4257832,4,327,1,ewma,4,0.9938,0.9926,OFF,success
1790495339.4888241,1790495350.083134,3,386,1,ewma,4,0.9932,0.9924,OFF,success
1790495345.9377406,1790495357.1463182,1,395,1,ewma,4,0.0,0.0053,OFF,success
1790495353.0408428,1790495359.9459622,5,399,1,ewma,4,0.9902,0.9902,ON,failed
1790495269.7374332,,1,390,2,ewma,4,0.9901,0.9926,OFF,unavailable
1790495366.0525312,1790495372.2054794,1,396,1,ewma,4,0.0,0.0,ON,failed
1790495367.0543363,1790495374.1676672,7,402,2,ewma,4,0.0001,0.0006,ON,failed
1790495368.0564086,1790495375.3989117,5,400,1,ewma,4,0.004,0.7093,OFF,failed
1790495286.9492958,,5,395,2,ewma,4,0.9925,0.9938,OFF,unavailable
1790495375.0603557,1790495381.9287505,6,403,1,ewma,4,0.0,0.0,OFF,failed
1790495288.589199,,10,394,2,ewma,4,0.9901,0.9882,OFF,unavailable
1790495289.9934328,,9,397,1,ewma,4,0.0,0.0,OFF,unavailable
1790495290.6737683,,2,386,1,ewma,4,0.9915,0.9925,ON,unavailable
1790495290.995083,,8,397,1,ewma,4,0.993,0.9931,ON,unavailable
1790495376.1578658,1790495385.5164948,8,403,1,ewma,4,0.9933,0.9916,OFF,success
1790495372.966911,1790495386.128467,9,403,1,ewma,4,0.9924,0.9932,OFF,success
1790495377.3889742,1790495386.7436495,7,403,1,ewma,4,0.9931,0.9943,OFF,success
1790495293.0325594,,3,383,1,ewma,4,0.9916,0.9925,ON,unavailable
1790495375.4296925,1790495387.1513696,1,397,1,ewma,4,0.9922,0.9941,OFF,success
1790495378.6200073,1790495391.673739,5,401,1,ewma,4,0.9925,0.9942,OFF,failed
1790495299.9987948,,4,324,1,ewma,4,0.9933,0.9924,ON,unavailable
1790495379.8299704,1790495392.2637372,2,392,1,ewma,4,0.9025,0.8804,OFF,success
1790495385.0743854,1790495392.473205,10,400,2,ewma,4,0.8689,0.8804,OFF,failed
1790495382.1721146,1790495394.0205283,4,330,1,ewma,4,0.9914,0.9915,OFF,failed
1790495384.1468995,1790495397.51148,3,389,1,ewma,4,0.9925,0.9901,OFF,failed
1790495385.1571856,1790495398.111494,6,404,2,ewma,4,0.9915,0.9915,OFF,failed
1790495388.7441254,1790495400.4595456,8,404,1,ewma,4,0.9938,0.9925,OFF,success
1790495407.087783,1790495413.2624137,6,405,1,ewma,4,0.9914,0.9915,ON,failed
1790495406.086488,1790495413.3934882,3,390,1,ewma,4,0.0,0.0,ON,failed
1790495409.0905824,1790495416.5438898,8,405,1,ewma,4,0.0,0.0,ON,failed
1790495335.033943,,7,400,2,ewma,4,0.9871,0.9932,OFF,unavailable
1790495422.0967283,1790495428.6247842,6,406,2,ewma,4,0.9937,0.9925,OFF,failed
1790495416.6184616,1790495429.1424968,3,391,2,ewma,4,0.9929,0.991,OFF,failed
1790495338.8988862,,6,401,1,ewma,4,0.9842,0.0,OFF,unavailable
1790495419.7631435,1790495432.2421846,8,406,1,ewma,4,0.9942,0.9926,OFF,failed
1790495421.2928095,1790495432.861151,1,400,1,ewma,4,0.9933,0.9925,OFF,failed
1790495421.8199558,1790495434.3932638,7,406,1,ewma,4,0.9942,0.9914,OFF,failed
1790495426.52484,1790495436.8212879,5,404,2,ewma,4,0.9911,0.9922,OFF,success
1790495342.3533173,,9,401,1,ewma,4,0.9925,0.9901,OFF,unavailable
1790495423.9583628,1790495437.0657556,10,403,1,ewma,4,0.9938,0.9924,OFF,failed
1790495426.8176208,1790495438.1432235,2,395,1,ewma,4,0.994,0.9922,OFF,failed
1790495428.7038355,1790495440.0008826,4,333,1,ewma,4,0.9925,0.9925,OFF,failed
1790495350.643523,,4,328,1,ewma,4,0.9942,0.9914,ON,unavailable
1790495432.3714907,1790495443.8021102,3,392,1,ewma,4,0.9931,0.9923,OFF,success
1790495431.849004,1790495445.162423,6,407,1,ewma,4,0.9925,0.5286,OFF,failed
1790495435.470812,1790495445.8324964,8,407,2,ewma,4,0.9925,0.9924,OFF,success
1790495353.0400598,,8,401,1,ewma,4,0.0,0.9915,ON,unavailable
1790495354.0433908,,10,398,2,ewma,4,0.0,0.0,ON,unavailable
1790495355.0455651,,2,390,1,ewma,4,0.9942,0.9932,ON,unavailable
1790495436.1650498,1790495447.574259,1,401,1,ewma,4,0.0,0.0008,OFF,failed
1790495440.3370457,1790495450.3353457,10,404,2,ewma,4,0.9933,0.9915,OFF,success
1790495437.7781591,1790495450.7431836,7,407,1,ewma,4,0.99,0.9914,OFF,failed
1790495359.048341,,3,387,1,ewma,4,0.0,0.0,ON,unavailable
1790495441.3678164,1790495452.5089839,2,396,1,ewma,4,0.9933,0.9933,OFF,success
1790495445.1349354,1790495453.0947456,5,405,2,ewma,4,0.9914,0.9925,OFF,failed
1790495443.212892,1790495456.3835578,4,334,1,ewma,4,0.9925,0.9925,OFF,failed
1790495448.1927555,1790495459.2497358,6,408,2,ewma,4,0.9933,0.9878,OFF,failed
1790495448.1548254,1790495459.7534583,3,393,1,ewma,4,0.0,0.0565,OFF,success
1790495449.0522757,1790495460.1743257,8,408,2,ewma,4,0.9941,0.9933,OFF,success
1790495452.4560635,1790495465.1871986,9,408,1,ewma,4,0.9931,0.9942,OFF,failed
1790495453.5678856,1790495465.2839324,10,405,2,ewma,4,0.9914,0.9914,OFF,success
1790495455.8421886,1790495468.2450898,2,397,1,ewma,4,0.9925,0.9925,OFF,failed
1790495459.605691,1790495471.6227956,4,335,2,ewma,4,0.9938,0.9938,OFF,failed
1790495389.9657428,,7,404,1,ewma,4,0.9913,0.9932,OFF,unavailable
1790495390.375409,,1,398,1,ewma,4,0.9914,0.9931,OFF,unavailable
1790495477.1507778,1790495483.6260705,2,398,1,ewma,4,0.9941,0.9256,ON,failed
1790495395.0021205,,5,402,2,ewma,4,0.0,0.0016,OFF,unavailable
1790495395.0785315,,9,404,1,ewma,4,0.9925,0.9941,OFF,unavailable
1790495395.6990848,,10,401,1,ewma,4,0.9925,0.9932,OFF,unavailable
1790495480.153787,1790495487.6338265,4,336,1,ewma,4,0.0,0.0,ON,failed
1790495397.2452097,,4,331,1,ewma,4,0.9933,0.9924,ON,unavailable
1790495401.082418,,2,393,1,ewma,4,0.0298,0.0,ON,unavailable
1790495488.1746776,1790495494.7806947,1,404,2,ewma,4,0.9925,0.9914,OFF,failed
1790495486.852123,1790495496.9616792,2,399,1,ewma,4,0.9942,0.9915,OFF,success
1790495488.3788304,1790495500.137927,5,408,2,ewma,4,0.9925,0.9925,OFF,success
1790495491.6700306,1790495502.3834593,4,337,2,ewma,4,0.9909,0.9897,OFF,failed
1790495494.4521873,1790495504.407595,6,411,1,ewma,4,0.9943,0.9924,OFF,success
1790495497.992469,1790495510.0424852,1,405,1,ewma,4,0.9925,0.9932,OFF,failed
1790495420.2975109,,9,406,1,ewma,4,0.9925,0.9924,OFF,unavailable
1790495500.1845,1790495512.7045727,2,400,1,ewma,4,0.0,0.0,OFF,success
1790495506.1904378,1790495513.1392848,7,411,1,ewma,4,0.9925,0.9926,ON,failed
1790495505.6095247,1790495518.1258197,4,338,1,ewma,4,0.9916,0.99,ON,failed
1790495513.1952922,1790495520.3790622,6,412,1,ewma,4,0.0161,0.0,ON,failed
1790495562.302952,1790495572.3954234,2,404,2,random,4,0.9929,0.9921,OFF,success
1790495566.6702487,1790495573.1126149,10,412,2,random,4,0.0,0.989,OFF,failed
1790495561.788832,1790495573.764641,1,409,2,random,4,0.9911,0.9839,OFF,success
1790495563.0127878,1790495575.3870776,9,415,1,random,4,0.9924,0.985,OFF,success
1790495568.6724744,1790495575.4055912,5,413,2,random,4,0.9911,0.9911,OFF,failed
1790495564.0737274,1790495577.2080626,7,415,2,random,4,0.9925,0.9925,OFF,failed
1790495567.636096,1790495577.6461372,4,342,2,random,4,0.9925,0.994,OFF,success
1790495570.2188036,1790495583.2892022,3,401,2,random,4,0.9941,0.9941,OFF,failed
1790495572.0323794,1790495584.7964904,6,416,2,random,4,0.9925,0.9933,OFF,failed
1790495573.2994606,1790495585.4040866,8,416,2,random,4,0.9,0.9925,OFF,failed
1790495575.7342026,1790495587.0417194,2,405,1,random,4,0.9925,0.9926,OFF,success
1790495576.982745,1790495588.7017274,1,410,1,random,4,0.9883,0.9926,OFF,failed
1790495584.6770337,1790495589.394243,9,416,1,random,4,0.9915,0.9932,OFF,failed
1790495584.6791205,1790495590.5179827,5,414,1,random,4,0.9937,0.9941,OFF,failed
1790495580.4308145,1790495591.1394644,7,416,1,random,4,0.9914,0.9929,OFF,success
1790495585.6798172,1790495593.3773391,4,343,2,random,4,0.9933,0.9942,OFF,failed
1790495594.6830442,1790495600.3761544,6,417,2,random,4,0.9914,0.9925,OFF,failed
1790495590.2611072,1790495602.623871,2,406,2,random,4,0.9901,0.9926,OFF,failed
1790495592.6076403,1790495604.891541,9,417,1,random,4,0.9915,0.9925,OFF,failed
1790495594.3583074,1790495606.599757,7,417,1,random,4,0.9932,0.9932,OFF,failed
1790495608.6871905,1790495616.1399632,6,418,1,random,4,0.004,0.9925,ON,failed
1790495610.6893458,1790495618.8114252,2,407,2,random,4,0.0,0.0,ON,failed
1790495612.6911747,1790495619.5200715,10,415,1,random,4,0.7122,0.8514,OFF,failed
1790495613.7046194,1790495620.3194032,9,418,1,random,4,0.0009,0.003,OFF,failed
1790495614.707563,1790495622.3692355,7,418,1,random,4,0.0,0.0,OFF,failed
1790495616.8058038,1790495627.4770398,3,404,1,random,4,0.9938,0.9925,OFF,success
1790495618.128455,1790495628.5022671,8,419,1,random,4,0.9942,0.9925,OFF,success
1790495619.360465,1790495629.026181,6,419,1,random,4,0.9914,0.9933,OFF,success
1790495621.8421762,1790495632.2270749,2,408,2,random,4,0.9915,0.9938,OFF,success
1790495623.5463674,1790495634.8656814,9,419,2,random,4,0.9937,0.9933,OFF,success
1790495622.7181966,1790495636.093381,10,416,1,random,4,0.9915,0.9914,OFF,failed
1790495625.5909135,1790495637.3399558,7,419,2,random,4,0.9938,0.9924,OFF,failed
1790495625.9361453,1790495638.0354135,4,346,2,random,4,0.9931,0.9938,OFF,failed
1790495630.8068194,1790495641.5439,3,405,2,random,4,0.9939,0.9915,OFF,success
1790495631.9661238,1790495642.0373607,8,420,1,random,4,0.9932,0.9932,OFF,success
1790495632.2418787,1790495642.7791862,6,420,1,random,4,0.9938,0.9856,OFF,success
1790495637.4639604,1790495649.8250859,5,418,2,random,4,0.9925,0.9932,OFF,failed
1790495641.2512221,1790495652.682168,4,347,1,random,4,0.9901,0.9925,OFF,success
1790495658.7284038,1790495666.314872,5,419,1,random,4,0.0,0.0,ON,failed
1790495576.32825,,10,413,2,random,4,0.9924,0.9899,OFF,unavailable
1790495660.7305372,1790495668.550161,4,348,2,random,4,0.0,0.0,ON,failed
1790495586.5122316,,3,402,2,random,4,0.9938,0.9914,OFF,unavailable
1790495670.734877,1790495678.0804563,2,411,1,random,4,0.0,0.0,OFF,failed
1790495674.7375739,1790495681.6780732,5,420,1,random,4,0.8804,0.8535,OFF,failed
1790495675.7395349,1790495682.2738702,10,419,1,random,4,0.0,0.0461,OFF,failed
1790495588.6148515,,8,417,1,random,4,0.9901,0.9925,OFF,unavailable
1790495591.9343016,,1,411,1,random,4,0.9892,0.8336,OFF,unavailable
1790495671.7812073,1790495683.1971667,4,349,2,random,4,0.9914,0.9933,OFF,success
1790495672.3072321,1790495684.644823,7,422,1,random,4,0.9933,0.9925,OFF,failed
1790495673.3213675,1790495685.2718322,3,408,1,random,4,0.9938,0.9938,OFF,failed
1790495676.9404995,1790495687.491628,8,423,1,random,4,0.9883,0.9933,OFF,success
1790495593.8467188,,5,415,1,random,4,0.9933,0.9915,OFF,unavailable
1790495596.7405407,,4,344,1,random,4,0.9938,0.9923,ON,unavailable
1790495677.4022348,1790495689.562764,6,423,2,random,4,0.99,0.9923,OFF,failed
1790495681.4061146,1790495693.0524795,2,412,2,random,4,0.99,0.9932,OFF,failed
1790495682.0222101,1790495693.5384195,9,423,2,random,4,0.9915,0.9901,OFF,success
1790495687.8712077,1790495697.2334096,7,423,2,random,4,0.9938,0.9933,OFF,success
1790495685.4997451,1790495698.1470962,10,420,2,random,4,0.9937,0.9941,OFF,failed
1790495688.4520123,1790495698.863311,3,409,2,random,4,0.9933,0.9932,OFF,success
1790495690.8239264,1790495703.0640671,8,424,2,random,4,0.9942,0.9925,OFF,success
1790495692.7767546,1790495704.2214572,6,424,1,random,4,0.9926,0.9854,OFF,failed
1790495696.2788575,1790495706.9401684,2,413,1,random,4,0.9914,0.9933,OFF,success
1790495696.7644622,1790495708.1839614,9,424,2,random,4,0.9925,0.9926,OFF,failed
1790495700.5557797,1790495712.711165,7,424,2,random,4,0.9926,0.9925,OFF,failed
1790495704.4859312,1790495714.4258716,10,421,2,random,4,0.9914,0.0,OFF,failed
1790495707.7693534,1790495714.6296043,3,410,1,random,4,0.8804,0.0,OFF,failed
1790495710.1619515,1790495722.8392358,2,414,2,random,4,0.9932,0.9932,OFF,failed
1790495714.3820245,1790495726.2195654,5,423,1,random,4,0.9929,0.992,OFF,success
1790495715.9440508,1790495727.1123872,7,425,1,random,4,0.9938,0.9925,OFF,success
1790495635.4412565,,2,409,1,random,4,0.9901,0.9902,OFF,unavailable
1790495637.4728346,,1,414,2,random,4,0.9938,0.9933,OFF,unavailable
1790495716.7249796,1790495729.17183,4,352,2,random,4,0.9937,0.9938,OFF,success
1790495638.0756378,,9,420,2,random,4,0.9933,0.9938,OFF,unavailable
1790495639.421639,,10,417,2,random,4,0.9914,0.9925,OFF,unavailable
1790495640.5625644,,7,420,2,random,4,0.9925,0.9915,OFF,unavailable
1790495644.7791977,,3,406,2,random,4,0.9942,0.9914,OFF,unavailable
1790495645.258969,,8,421,2,random,4,0.9938,0.9916,OFF,unavailable
1790495645.9857466,,6,421,2,random,4,0.9925,0.9933,OFF,unavailable
1790495731.781342,1790495738.586676,2,415,2,random,4,0.0,0.9857,ON,failed
1790495734.7844112,1790495741.975493,5,424,1,random,4,0.0,0.0,ON,failed
1790495735.7863045,1790495742.4929607,7,426,1,random,4,0.0,0.0,ON,failed
1790495737.7886705,1790495745.5535214,4,353,1,random,4,0.0004,0.0,ON,failed
1790495746.7937021,1790495754.062176,2,416,1,random,4,0.0,0.0,OFF,failed
1790495745.199759,1790495755.4194927,5,425,2,random,4,0.9925,0.9932,OFF,success
1790495748.8106923,1790495756.9303596,9,427,2,random,4,0.0,0.0,OFF,failed
1790495750.8126276,1790495757.3433325,7,427,2,random,4,0.8535,0.8333,OFF,failed
1790495748.2011657,1790495758.4784033,3,413,1,random,4,0.0,0.0,OFF,success
1790495753.8144646,1790495760.202539,4,354,1,random,4,0.8889,0.8887,OFF,failed
1790495750.2122214,1790495760.6388767,10,424,1,random,4,0.9934,0.9911,OFF,success
1790495753.1149595,1790495764.0899758,8,428,1,random,4,0.9941,0.9925,OFF,success
1790495753.735423,1790495765.971479,6,428,1,random,4,0.9915,0.9933,OFF,failed
1790495757.994559,1790495767.983596,1,422,2,random,4,0.9938,0.9899,OFF,success
1790495757.3782024,1790495768.425536,2,417,2,random,4,0.9921,0.993,OFF,success
1790495758.6504982,1790495769.2030878,5,426,2,random,4,0.9933,0.9925,OFF,success
1790495759.9612415,1790495771.5954876,9,428,2,random,4,0.9931,0.9931,OFF,success
1790495760.5627868,1790495771.765272,7,428,1,random,4,0.994,0.9914,OFF,success
1790495761.6955767,1790495773.3103952,3,414,2,random,4,0.9938,0.9901,OFF,failed
1790495763.8384526,1790495774.934427,10,425,1,random,4,0.9933,0.9938,OFF,success
1790495763.4257362,1790495776.487975,4,355,2,random,4,0.9938,0.9926,OFF,failed
1790495683.7643545,,1,417,1,random,4,0.9925,0.9925,OFF,unavailable
1790495684.9181895,,5,421,2,random,4,0.9933,0.9925,OFF,unavailable
1790495686.4165897,,4,350,2,random,4,0.9915,0.9925,OFF,unavailable
1790495767.3118756,1790495780.2988687,8,429,2,random,4,0.9942,0.9942,OFF,failed
1790495769.1969638,1790495780.3065097,6,429,2,random,4,0.9937,0.9925,OFF,success
1790495772.4524934,1790495782.8703828,5,427,1,random,4,0.9942,0.9943,OFF,success
1790495771.6480792,1790495783.0231822,2,418,1,random,4,0.9941,0.9941,OFF,failed
1790495771.2095368,1790495783.5506654,1,423,1,random,4,0.9916,0.9926,OFF,failed
1790495775.0199306,1790495785.092094,9,429,1,random,4,0.9915,0.9926,OFF,success
1790495775.191342,1790495785.514333,7,429,1,random,4,0.9894,0.9929,OFF,success
1790495776.5456562,1790495788.9790616,3,415,1,random,4,0.9925,0.9925,OFF,failed
1790495778.1097496,1790495789.3884609,10,426,1,random,4,0.9933,0.9925,OFF,success
1790495779.7138608,1790495791.126237,4,356,1,random,4,0.9933,0.9942,OFF,success
1790495783.3482556,1790495794.0921562,6,430,1,random,4,0.9937,0.9938,OFF,success
1790495789.8526866,1790495794.3287606,8,430,1,random,4,0.9944,0.9924,OFF,failed
1790495786.2501276,1790495796.8857403,2,419,1,random,4,0.8689,0.8876,OFF,success
1790495786.349946,1790495797.2767174,5,428,1,random,4,0.0,0.9902,OFF,success
1790495706.2827654,,8,425,1,random,4,0.9938,0.9926,OFF,unavailable
1790495707.4472606,,6,425,1,random,4,0.9915,0.9925,OFF,unavailable
1790495786.7735503,1790495798.9100466,1,424,2,random,4,0.9925,0.9902,OFF,failed
1790495788.737782,1790495802.3915138,7,430,1,random,4,0.9933,0.9901,OFF,failed
1790495711.4055738,,9,425,1,random,4,0.9915,0.9933,OFF,unavailable
1790495792.6150827,1790495805.0405767,10,427,2,random,4,0.99,0.9915,OFF,failed
1790495794.3486917,1790495805.7772,4,357,1,random,4,0.9901,0.9926,OFF,success
1790495712.7525797,,1,419,1,random,4,0.9914,0.9933,OFF,unavailable
1790495797.648892,1790495807.709256,8,431,2,random,4,0.9867,0.9877,OFF,success
1790495802.860145,1790495809.3545055,6,431,2,random,4,0.9882,0.9902,ON,failed
1790495717.9511752,,3,411,2,random,4,0.8689,0.8689,ON,unavailable
1790495800.1147454,1790495813.261894,2,420,2,random,4,0.9937,0.9941,ON,failed
1790495722.776666,,10,422,1,random,4,0.9901,0.9825,ON,unavailable
1790495813.8697603,1790495819.7829165,10,428,1,random,4,0.8764,0.6786,ON,failed
1790495813.8710968,1790495821.9590383,4,358,2,random,4,0.0,0.0,ON,failed
1790495815.8756921,1790495822.7947538,8,432,1,random,4,0.0,0.0,ON,failed
1790495817.8776722,1790495825.4535525,6,432,1,random,4,0.9898,0.9902,ON,failed
1790495821.8816466,1790495829.651646,2,421,2,random,4,0.0,0.0,OFF,failed
1790495827.8862414,1790495835.3965125,10,429,1,random,4,0.0101,0.6214,OFF,failed
1790495826.0185935,1790495836.6851683,8,433,2,random,4,0.9915,0.99,OFF,success
1790495825.1877391,1790495838.5400739,4,359,2,random,4,0.9941,0.9937,OFF,failed
1790495834.8911016,1790495840.494446,5,431,2,random,4,0.9937,0.9938,OFF,failed
1790495828.6821227,1790495841.8218274,6,433,2,random,4,0.0,0.0,OFF,failed
1790495833.165569,1790495843.8550491,1,427,1,random,4,0.9897,0.9877,OFF,success
1790495833.6792183,1790495845.1191483,9,433,2,random,4,0.9897,0.993,OFF,success
1790495832.87663,1790495845.4250987,2,422,1,random,4,0.9923,0.9929,OFF,failed
1790495834.9226682,1790495846.7373254,7,433,2,random,4,0.9881,0.9925,OFF,failed
1790495836.471796,1790495846.83893,3,419,1,random,4,0.9942,0.9913,OFF,success
1790495838.6195135,1790495849.4092667,10,430,1,random,4,0.9933,0.9931,OFF,success
1790495839.9544559,1790495849.802575,8,434,1,random,4,0.9938,0.9942,OFF,success
1790495892.5428944,1790495903.8692565,2,426,1,round-robin,4,0.0,0.2965,OFF,success
1790495899.6207323,1790495913.0822515,8,438,1,round-robin,4,0.9942,0.9939,OFF,failed
1790495901.1613774,1790495913.80775,4,364,1,round-robin,4,0.9938,0.994,ON,failed
1790495912.3317568,1790495918.8468251,2,427,2,round-robin,4,0.0,0.0,ON,failed
1790495921.334431,1790495927.9321496,8,439,2,round-robin,4,0.0282,0.2518,OFF,failed
1790495922.336453,1790495928.6799998,4,365,2,round-robin,4,0.0,0.8396,OFF,failed
1790495920.1992002,1790495930.630584,5,437,1,round-robin,4,0.9901,0.9915,OFF,success
1790495920.8149765,1790495931.0081203,1,433,2,round-robin,4,0.9916,0.9883,OFF,success
1790495922.0765364,1790495933.1526358,2,428,1,round-robin,4,0.9925,0.9942,OFF,success
1790495924.2389226,1790495934.202347,9,439,2,round-robin,4,0.0,0.0,OFF,success
1790495925.8308666,1790495935.840534,3,425,2,round-robin,4,0.9925,0.9937,OFF,success
1790495926.5436528,1790495937.1532295,7,439,2,round-robin,4,0.9941,0.9933,OFF,success
1790495931.1504881,1790495942.5743897,8,440,1,round-robin,4,0.9938,0.99,OFF,success
1790495931.8992164,1790495942.9787273,4,366,1,round-robin,4,0.994,0.9924,OFF,success
1790495930.6260183,1790495943.1967213,10,436,2,round-robin,4,0.9933,0.8558,OFF,failed
1790495934.2354863,1790495944.7696643,1,434,1,round-robin,4,0.9928,0.993,OFF,success
1790495933.845995,1790495946.0557663,5,438,2,round-robin,4,0.9915,0.9938,OFF,failed
1790495937.427899,1790495947.423967,9,440,1,round-robin,4,0.9915,0.9915,OFF,success
1790495939.066756,1790495948.4220061,3,426,1,round-robin,4,0.9933,0.9938,OFF,success
1790495936.378777,1790495950.1428945,2,429,2,round-robin,4,0.9932,0.9933,OFF,failed
1790495940.3623025,1790495951.708399,7,440,1,round-robin,4,0.8073,0.9431,OFF,success
1790495945.7953362,1790495957.3324847,8,441,2,round-robin,4,0.9938,0.9914,OFF,failed
1790495946.4045794,1790495958.556946,10,437,1,round-robin,4,0.9915,0.9885,OFF,failed
1790495947.9876819,1790495960.3924134,1,435,2,round-robin,4,0.9926,0.9933,OFF,failed
1790495950.4547005,1790495960.8907778,9,441,2,round-robin,4,0.9933,0.99,OFF,success
1790495951.6445737,1790495962.0368712,3,427,2,round-robin,4,0.9925,0.9937,OFF,success
1790495950.4128768,1790495962.5637386,5,439,1,round-robin,4,0.9933,0.9941,OFF,failed
1790495953.1733348,1790495965.9299679,2,430,1,round-robin,4,0.9933,0.9901,OFF,failed
1790495954.9347973,1790495966.4532266,7,441,2,round-robin,4,0.9925,0.9902,OFF,success
1790495956.0298283,1790495966.7649746,6,441,2,round-robin,4,0.9923,0.9933,OFF,success
1790495969.3525586,1790495976.475815,9,442,1,round-robin,4,0.9938,0.9925,OFF,failed
1790495975.3619113,1790495981.6959147,7,442,1,round-robin,4,0.9902,0.9901,ON,failed
1790495969.991179,1790495982.1437132,6,442,1,round-robin,4,0.9925,0.9933,ON,failed
1790495891.5599692,,1,431,1,round-robin,4,0.0031,0.9882,OFF,unavailable
1790495895.917822,,3,423,1,round-robin,4,0.9925,0.9915,OFF,unavailable
1790495896.5309393,,7,437,1,round-robin,4,0.9937,0.9925,OFF,unavailable
1790495897.326002,,6,437,1,round-robin,4,0.9878,0.9862,OFF,unavailable
1790495898.3278685,,9,437,1,round-robin,4,0.9878,0.9878,OFF,unavailable
1790495985.366055,1790495991.6296296,9,443,2,round-robin,4,0.0,0.0,OFF,failed
1790495899.9111462,,10,434,1,round-robin,4,0.9911,0.9925,ON,unavailable
1790495985.0212908,1790495995.415447,7,443,2,round-robin,4,0.9914,0.9938,OFF,success
1790495986.3838649,1790495997.2536912,6,443,2,round-robin,4,0.9925,0.9925,OFF,success
1790495990.168953,1790496000.0287356,10,440,1,round-robin,4,0.9925,0.9933,OFF,success
1790495992.6221561,1790496003.609864,8,444,2,round-robin,4,0.9933,0.9933,OFF,success
1790495992.021379,1790496003.6480498,4,370,1,round-robin,4,0.9915,0.9913,OFF,success
1790495995.0590627,1790496006.5760028,9,444,1,round-robin,4,0.1597,0.6744,OFF,failed
1790496000.3912637,1790496007.8060887,1,438,2,round-robin,4,0.9843,0.9819,OFF,failed
1790495996.2849996,1790496008.6203847,5,442,1,round-robin,4,0.9937,0.9938,OFF,failed
1790495998.6435156,1790496010.7767637,7,444,1,round-robin,4,0.9925,0.9925,OFF,failed
1790496000.2185185,1790496012.0094662,2,433,1,round-robin,4,0.9925,0.9915,OFF,failed
1790496000.4706926,1790496012.8302512,6,444,1,round-robin,4,0.9933,0.9925,OFF,failed
1790496003.2465003,1790496015.099772,10,441,2,round-robin,4,0.9937,0.9937,OFF,success
1790496006.6404717,1790496017.233045,8,445,1,round-robin,4,0.9933,0.9925,OFF,failed
1790496015.2311065,1790496025.6166146,2,434,2,round-robin,4,0.9915,0.99,OFF,success
1790496016.0533,1790496030.8585615,6,445,2,round-robin,4,0.9925,0.9925,OFF,failed
1790495946.2146902,,4,367,2,round-robin,4,0.0,0.8806,OFF,unavailable
1790496034.4069018,1790496040.0623622,2,435,1,round-robin,4,0.9937,0.9937,ON,failed
1790496039.4279435,1790496045.096332,6,446,1,round-robin,4,0.9915,0.0,ON,failed
1790496044.4315917,1790496051.3329864,9,447,1,round-robin,4,0.0,0.0,OFF,failed
1790495960.5569153,,8,442,1,round-robin,4,0.9933,0.9932,OFF,unavailable
1790495961.7784457,,10,438,2,round-robin,4,0.9914,0.9915,OFF,unavailable
1790496051.435074,1790496055.2449713,5,445,1,round-robin,4,0.0,0.0,OFF,failed
1790496048.4103355,1790496058.117399,6,447,2,round-robin,4,0.99,0.9926,OFF,success
1790496050.6828673,1790496060.2436707,10,444,2,round-robin,4,0.9915,0.0,OFF,success
1790496051.1072927,1790496062.6144037,8,448,1,round-robin,4,0.9941,0.9912,OFF,failed
1790496052.629936,1790496063.2187393,4,374,1,round-robin,4,0.9933,0.9899,OFF,success
1790495969.1467657,,2,431,2,round-robin,4,0.9461,0.0,OFF,unavailable
1790495969.3515887,,1,436,1,round-robin,4,0.994,0.9923,OFF,unavailable
1790495970.3557584,,3,428,1,round-robin,4,0.9916,0.9902,ON,unavailable
1790495971.3578556,,5,440,2,round-robin,4,0.9938,0.9938,ON,unavailable
1790496054.6568382,1790496065.2637005,9,448,2,round-robin,4,0.9923,0.992,OFF,success
1790496056.5230758,1790496067.3320408,3,434,2,round-robin,4,0.9925,0.9901,OFF,success
1790496057.4574308,1790496069.5764391,1,442,2,round-robin,4,0.9858,0.9697,OFF,success
1790496058.2759116,1790496070.692598,5,446,2,round-robin,4,0.9943,0.9931,OFF,failed
1790496061.3401124,1790496072.015069,6,448,1,round-robin,4,0.9925,0.9915,OFF,success
1790496064.4462733,1790496072.5500808,7,448,1,round-robin,4,0.0,0.0,OFF,failed
1790496063.4618912,1790496074.0632927,10,445,1,round-robin,4,0.9925,0.9938,OFF,success
1790496065.8454568,1790496076.20532,8,449,2,round-robin,4,0.994,0.9923,OFF,success
1790496071.4579792,1790496079.48471,4,375,2,round-robin,4,0.9925,0.9931,OFF,failed
1790496068.4854383,1790496079.8173733,9,449,1,round-robin,4,0.9924,0.9914,OFF,success
1790496072.607807,1790496082.9690833,1,443,1,round-robin,4,0.9933,0.9901,OFF,success
1790496070.5538719,1790496083.7808053,3,435,1,round-robin,4,0.9925,0.9915,OFF,failed
1790496074.1163294,1790496085.127084,2,438,1,round-robin,4,0.8336,0.8535,OFF,success
1790496079.462417,1790496085.8488052,5,447,1,round-robin,4,0.9926,0.9925,OFF,failed
1790496075.3433733,1790496087.1700401,6,449,2,round-robin,4,0.9932,0.9932,OFF,success
1790496075.7829432,1790496087.7078955,7,449,2,round-robin,4,0.9926,0.9938,OFF,failed
1790496077.285595,1790496088.1761053,10,446,2,round-robin,4,0.9914,0.9932,OFF,success
1790496079.5328503,1790496090.875087,8,450,1,round-robin,4,0.9926,0.9938,OFF,success
1790496082.8112488,1790496093.211323,4,376,1,round-robin,4,0.9933,0.9914,OFF,success
1790496083.04967,1790496093.9238434,9,450,2,round-robin,4,0.9932,0.9931,OFF,success
1790496006.6865857,,4,371,2,round-robin,4,0.9915,0.99,OFF,unavailable
1790496088.157798,1790496099.0485299,2,439,2,round-robin,4,0.9926,0.9925,OFF,success
1790496009.7891805,,9,445,2,round-robin,4,0.9932,0.9942,OFF,unavailable
1790496011.016054,,1,439,1,round-robin,4,0.9939,0.9915,OFF,unavailable
1790496093.9035473,1790496104.9735022,8,451,2,round-robin,4,0.9915,0.9938,OFF,failed
1790496013.9976783,,7,445,2,round-robin,4,0.9915,0.9926,OFF,unavailable
1790496017.3978822,,5,443,2,round-robin,4,0.9942,0.9926,ON,unavailable
1790496018.3166034,,10,442,1,round-robin,4,0.9933,0.9925,ON,unavailable
1790496107.4761186,1790496116.1508305,2,440,1,round-robin,4,0.0,0.0,ON,failed
1790496025.4023063,,8,446,2,round-robin,4,0.0,0.0,ON,unavailable
1790496113.4806495,1790496121.3926275,8,452,1,round-robin,4,0.0,0.0,OFF,failed
1790496123.4864564,1790496129.0920858,1,446,1,round-robin,4,0.7145,0.896,OFF,failed
1790496119.1819525,1790496130.1691327,2,441,2,round-robin,4,0.5769,0.0478,OFF,success
1790496119.9079664,1790496131.0141246,6,452,2,round-robin,4,0.9915,0.9915,OFF,success
1790496124.513549,1790496131.5251772,5,450,1,round-robin,4,0.9925,0.9925,OFF,failed
1790496121.7478776,1790496132.0589232,7,452,2,round-robin,4,0.9931,0.9942,OFF,success
1790496121.456992,1790496134.4613717,10,449,2,round-robin,4,0.9915,0.9915,OFF,failed
1790496124.6149285,1790496137.8610775,8,453,2,round-robin,4,0.9916,0.9933,OFF,failed
1790496128.370784,1790496140.754955,9,453,2,round-robin,4,0.9925,0.9938,OFF,failed
1790496127.6622407,1790496141.2316685,4,379,1,round-robin,4,0.9915,0.9914,OFF,failed
1790496132.3090777,1790496142.3621268,1,447,2,round-robin,4,0.9938,0.9924,OFF,success
1790496051.4358428,,2,436,2,round-robin,4,0.0,0.0,OFF,unavailable
1790496132.7953475,1790496143.3796763,3,439,1,round-robin,4,0.9936,0.994,OFF,success
1790496134.7500296,1790496145.127604,5,451,2,round-robin,4,0.0,0.9944,OFF,success
1790496133.3918123,1790496146.796707,2,442,1,round-robin,4,0.9915,0.9915,OFF,failed
1790496134.2385514,1790496147.313879,6,453,1,round-robin,4,0.9938,0.9925,OFF,failed
1790496135.2761016,1790496148.1335886,7,453,1,round-robin,4,0.9914,0.9925,OFF,failed
1790496137.6250978,1790496150.050216,10,450,1,round-robin,4,0.9879,0.9943,OFF,failed
1790496141.0825424,1790496152.5899568,8,454,1,round-robin,4,0.9933,0.9933,OFF,success
1790496143.980576,1790496153.5590217,9,454,1,round-robin,4,0.9924,0.9915,OFF,success
1790496150.5394251,1790496155.983749,4,380,2,round-robin,4,0.99,0.99,OFF,failed
1790496145.5916638,1790496157.3370621,1,448,1,round-robin,4,0.9933,0.9915,OFF,success
1790496146.60676,1790496158.0224745,3,440,2,round-robin,4,0.9915,0.9933,OFF,failed
1790496148.344305,1790496158.766551,5,452,1,round-robin,4,0.9938,0.9942,OFF,success
1790496150.0218732,1790496161.4128022,2,443,2,round-robin,4,0.9925,0.9925,OFF,failed
1790496150.7178624,1790496162.3294902,6,454,2,round-robin,4,0.0,0.9925,OFF,failed
1790496156.5520713,1790496163.0736837,7,454,2,round-robin,4,0.9914,0.9603,OFF,failed
1790496153.2623863,1790496165.701622,10,451,2,round-robin,4,0.9932,0.9943,OFF,success
1790496156.5895422,1790496168.465164,9,455,2,round-robin,4,0.9932,0.9942,OFF,success
1790496164.644266,1790496178.103723,2,444,1,round-robin,4,0.9915,0.9914,OFF,failed
1790496086.1923196,,1,444,2,round-robin,4,0.9942,0.9925,OFF,unavailable
1790496086.9991002,,3,436,2,round-robin,4,0.6089,0.7935,OFF,unavailable
1790496089.0815992,,5,448,2,round-robin,4,0.9925,0.9933,OFF,unavailable
1790496090.395158,,6,450,1,round-robin,4,0.9924,0.9915,OFF,unavailable
1790496090.9341047,,7,450,1,round-robin,4,0.9731,0.0,OFF,unavailable
1790496176.5787866,1790496183.4579794,9,456,1,round-robin,4,0.0,0.0,ON,failed
1790496236.9977448,1790496242.9259818,7,459,1,state-aware,4,0.0008,0.0006,OFF,failed
1790496243.000062,1790496248.7917593,5,458,1,state-aware,4,0.9908,0.9899,OFF,failed
1790496243.2993317,1790496255.212818,6,460,2,state-aware,4,0.9914,0.9942,OFF,failed
1790496244.2044303,1790496255.8473885,2,449,1,state-aware,4,0.9938,0.9938,OFF,success
1790496249.0237288,1790496259.5103502,9,461,2,state-aware,4,0.9925,0.9938,OFF,success
1790496246.1557014,1790496259.700207,7,460,2,state-aware,4,0.0,0.9913,OFF,failed
1790496246.670098,1790496260.0512633,10,457,2,state-aware,4,0.9925,0.9939,OFF,failed
1790496252.0157897,1790496261.665551,5,459,2,state-aware,4,0.9944,0.9938,OFF,success
1790496249.843693,1790496262.6807992,8,461,2,state-aware,4,0.9914,0.9916,OFF,failed
1790496252.899554,1790496264.5335898,4,387,2,state-aware,4,0.9914,0.9926,OFF,success
1790496253.7162678,1790496265.1425836,1,455,1,state-aware,4,0.9912,0.9805,OFF,success
1790496259.0183187,1790496265.867035,3,447,1,state-aware,4,0.8804,0.8804,OFF,failed
1790496258.4308496,1790496270.2748199,6,461,1,state-aware,4,0.9937,0.9924,OFF,failed
1790496259.0744627,1790496271.3850513,2,450,2,state-aware,4,0.9925,0.9926,OFF,failed
1790496263.275307,1790496274.7685535,10,458,1,state-aware,4,0.9933,0.9942,OFF,failed
1790496262.9336598,1790496275.5267859,9,462,2,state-aware,4,0.0002,0.9704,OFF,failed
1790496265.908713,1790496275.994773,8,462,1,state-aware,4,0.9914,0.9914,OFF,success
1790496268.0213673,1790496276.2011278,7,461,2,state-aware,4,0.8333,0.9932,OFF,failed
1790496264.886913,1790496277.8669925,5,460,2,state-aware,4,0.9925,0.9938,OFF,failed
1790496269.095821,1790496280.505799,3,448,2,state-aware,4,0.9925,0.9925,OFF,success
1790496274.6148257,1790496284.3097808,2,451,1,state-aware,4,0.9901,0.9926,OFF,success
1790496273.49855,1790496286.0642424,6,462,2,state-aware,4,0.9924,0.9932,OFF,failed
1790496278.7395256,1790496289.094554,9,463,1,state-aware,4,0.9915,0.9938,OFF,success
1790496281.0914207,1790496291.499022,5,461,1,state-aware,4,0.9942,0.9924,OFF,success
1790496287.5305738,1790496300.610198,2,452,1,state-aware,4,0.9933,0.9933,OFF,failed
1790496302.0353703,1790496308.6761615,4,390,2,state-aware,4,0.0001,0.0004,ON,failed
1790496309.0382476,1790496316.3618798,2,453,2,state-aware,4,0.9857,0.9464,OFF,failed
1790496227.994432,,1,453,1,state-aware,4,0.9809,0.9,ON,unavailable
1790496309.9769483,1790496319.447886,8,465,1,state-aware,4,0.9902,0.9855,OFF,success
1790496315.0682104,1790496321.594163,10,461,1,state-aware,4,0.6109,0.609,OFF,failed
1790496310.6583858,1790496321.8847568,7,464,1,state-aware,4,0.9932,0.9931,OFF,success
1790496311.8978496,1790496323.406795,4,391,1,state-aware,4,0.9914,0.9915,OFF,success
1790496313.5396602,1790496324.9493794,1,459,2,state-aware,4,0.9933,0.99,OFF,failed
1790496315.1640282,1790496327.5104136,3,451,2,state-aware,4,0.9932,0.9898,OFF,failed
1790496319.60121,1790496329.3458629,2,454,1,state-aware,4,0.9932,0.9932,OFF,success
1790496317.7177677,1790496330.7850578,6,465,1,state-aware,4,0.9924,0.9933,OFF,failed
1790496323.570582,1790496334.9864426,9,466,1,state-aware,4,0.9932,0.9933,OFF,success
1790496325.1120994,1790496335.8229175,7,465,1,state-aware,4,0.9833,0.0,OFF,success
1790496324.821036,1790496336.5193026,10,462,2,state-aware,4,0.9937,0.9932,OFF,failed
1790496330.834674,1790496342.568107,3,452,1,state-aware,4,0.9901,0.9933,OFF,failed
1790496332.5661814,1790496344.7090645,2,455,1,state-aware,4,0.9924,0.9938,ON,failed
1790496334.010016,1790496345.1108952,6,466,1,state-aware,4,0.9932,0.9925,ON,success
1790496343.0768363,1790496351.287237,9,467,1,state-aware,4,0.7605,0.5756,OFF,failed
1790496344.0788248,1790496351.858758,7,466,1,state-aware,4,0.0,0.0,OFF,failed
1790496345.0806596,1790496351.867847,10,463,1,state-aware,4,0.8333,0.7488,OFF,failed
1790496345.7995772,1790496355.7699475,3,453,2,state-aware,4,0.9915,0.9925,OFF,success
1790496347.9333498,1790496358.9306142,2,456,1,state-aware,4,0.9915,0.7953,OFF,success
1790496267.7601275,,4,388,1,state-aware,4,0.9932,0.9914,OFF,unavailable
1790496268.4671097,,1,456,2,state-aware,4,0.9931,0.9925,OFF,unavailable
1790496348.4372008,1790496359.4467187,6,467,2,state-aware,4,0.9911,0.9915,OFF,success
1790496351.4174914,1790496363.0413435,8,468,1,state-aware,4,0.993,0.9924,OFF,failed
1790496355.1874459,1790496364.489299,10,464,2,state-aware,4,0.9937,0.9932,OFF,success
1790496361.0869706,1790496366.6208098,7,467,1,state-aware,4,0.8689,0.0075,OFF,failed
1790496355.498362,1790496367.221291,5,466,1,state-aware,4,0.99,0.9925,OFF,success
1790496354.504947,1790496367.237265,9,468,2,state-aware,4,0.2749,0.9924,OFF,failed
1790496356.9638796,1790496368.1530075,4,394,1,state-aware,4,0.9925,0.9941,OFF,success
1790496277.9950414,,10,459,1,state-aware,4,0.9937,0.9925,OFF,unavailable
1790496358.992961,1790496369.7961402,3,454,2,state-aware,4,0.9901,0.9925,OFF,success
1790496358.2719052,1790496370.3329484,1,462,1,state-aware,4,0.9902,0.99,OFF,success
1790496362.2646558,1790496372.8653836,2,457,1,state-aware,4,0.9926,0.9262,OFF,success
1790496279.522082,,7,462,1,state-aware,4,0.9872,0.9922,OFF,unavailable
1790496283.7352576,,3,449,1,state-aware,4,0.9939,0.1543,OFF,unavailable
1790496362.66444,1790496375.5321057,6,468,2,state-aware,4,0.9923,0.9931,OFF,failed
1790496285.0263948,,8,463,1,state-aware,4,0.9914,0.99,OFF,unavailable
1790496367.7164104,1790496379.6367552,10,465,2,state-aware,4,0.9932,0.9938,OFF,failed
1790496376.0939872,1790496381.8841615,5,467,1,state-aware,4,0.0,0.0,OFF,failed
1790496375.0923407,1790496382.4924555,7,468,1,state-aware,4,0.9891,0.0075,OFF,failed
1790496289.2844877,,6,463,1,state-aware,4,0.9899,0.9914,ON,unavailable
1790496379.097928,1790496385.2873037,1,463,1,state-aware,4,0.9932,0.988,ON,failed
1790496378.0966597,1790496386.385807,3,455,2,state-aware,4,0.0,0.0,ON,failed
1790496376.1960905,1790496388.9406579,2,458,1,state-aware,4,0.9938,0.9938,OFF,failed
1790496298.0313618,,9,464,2,state-aware,4,0.0,0.0,ON,unavailable
1790496378.7526944,1790496390.1727796,6,469,1,state-aware,4,0.9916,0.9925,ON,failed
1790496300.0333397,,5,462,1,state-aware,4,0.0,0.0,ON,unavailable
1790496388.1030538,1790496395.5008848,10,466,2,state-aware,4,0.0,0.0,OFF,failed
1790496390.1061788,1790496397.1698022,5,468,1,state-aware,4,0.0,0.0,OFF,failed
1790496391.108377,1790496398.1595368,7,469,2,state-aware,4,0.9913,0.8713,OFF,failed
1790496389.6084094,1790496401.9411354,3,456,1,state-aware,4,0.9915,0.9924,OFF,success
1790496388.5135107,1790496401.9978848,1,464,2,state-aware,4,0.9933,0.988,OFF,failed
1790496392.1697257,1790496403.4116688,2,459,2,state-aware,4,0.9932,0.9938,OFF,success
1790496393.3860152,1790496407.494693,6,470,1,state-aware,4,0.9925,0.9925,OFF,failed
1790496395.5377605,1790496407.5329752,8,471,2,state-aware,4,0.9925,0.9924,OFF,success
1790496400.3969924,1790496412.595233,5,469,1,state-aware,4,0.0,0.0,OFF,failed
1790496401.386908,1790496413.6597443,7,470,2,state-aware,4,0.9915,0.9938,OFF,failed
1790496322.669417,,8,466,1,state-aware,4,0.9942,0.9938,OFF,unavailable
1790496403.0609984,1790496415.4843667,4,397,1,state-aware,4,0.9915,0.9881,OFF,failed
1790496325.5201726,,5,464,1,state-aware,4,0.9938,0.99,OFF,unavailable
1790496326.635234,,4,392,1,state-aware,4,0.9914,0.99,OFF,unavailable
1790496328.274229,,1,460,1,state-aware,4,0.9938,0.9938,OFF,unavailable
1790496406.6323934,1790496419.8023176,2,460,2,state-aware,4,0.9901,0.9916,OFF,failed
1790496424.1229181,1790496431.8515997,4,398,1,state-aware,4,0.0,0.0,ON,failed
1790496428.1264672,1790496434.9647255,2,461,1,state-aware,4,0.0,0.0,ON,failed
1790496440.139982,1790496446.8676188,4,399,2,state-aware,4,0.9825,0.985,OFF,failed
1790496435.7840374,1790496447.132543,1,467,1,state-aware,4,0.9938,0.9915,OFF,success
1790496438.1872659,1790496450.073022,2,462,2,state-aware,4,0.9938,0.9932,OFF,failed
1790496442.3532999,1790496454.393197,6,473,2,state-aware,4,0.99,0.9915,OFF,failed
1790496443.0790448,1790496455.5052447,8,474,2,state-aware,4,0.9915,0.9938,OFF,failed
1790496444.9072883,1790496456.342065,10,470,1,state-aware,4,0.9915,0.9933,OFF,failed
1790496446.7272182,1790496458.5808609,5,472,2,state-aware,4,0.9936,0.9939,OFF,failed
1790496366.267518,,8,469,2,state-aware,4,0.99,0.9926,OFF,unavailable
1790496453.1458106,1790496459.5023196,9,474,1,state-aware,4,0.985,0.9896,OFF,failed
1790496447.6971624,1790496459.8282976,7,473,1,state-aware,4,0.6095,0.0,OFF,failed
1790496449.86021,1790496460.1410997,3,460,1,state-aware,4,0.9931,0.9871,OFF,success
1790496450.3410933,1790496460.3236802,1,468,1,state-aware,4,0.9938,0.9915,OFF,success
1790496449.8985271,1790496463.086161,4,400,2,state-aware,4,0.9901,0.9925,OFF,failed
1790496370.4756007,,9,469,1,state-aware,4,0.9943,0.9943,OFF,unavailable
1790496371.486595,,4,395,1,state-aware,4,0.9926,0.982,OFF,unavailable
1790496453.3907712,1790496465.0527294,2,463,2,state-aware,4,0.9915,0.9882,OFF,success
1790496463.5457752,1790496473.5545654,1,469,1,state-aware,4,0.9913,0.9913,OFF,success
1790496468.245357,1790496480.2840695,2,464,2,state-aware,4,0.9915,0.9938,ON,failed
1790496398.7247152,,10,467,1,state-aware,4,0.9915,0.9915,OFF,unavailable
1790496482.160835,1790496489.4295921,1,470,1,state-aware,4,0.0002,0.0003,OFF,failed
1790496400.9696698,,9,471,1,state-aware,4,0.988,0.0,OFF,unavailable
1790496483.5104353,1790496496.2608893,2,465,1,state-aware,4,0.9924,0.9942,OFF,failed
1790496404.978367,,3,457,1,state-aware,4,0.9932,0.9923,OFF,unavailable
1790496405.0393605,,1,465,1,state-aware,4,0.9937,0.9913,OFF,unavailable
1790496488.8323371,1790496499.332734,8,477,1,state-aware,4,0.9942,0.9938,OFF,success
1790496495.1714993,1790496500.9738367,6,476,1,state-aware,4,0.9867,0.977,OFF,failed
1790496492.4604747,1790496502.0033991,1,471,1,state-aware,4,0.5547,0.017,OFF,success
1790496490.8928108,1790496503.0133913,10,473,2,state-aware,4,0.9926,0.9933,OFF,failed
1790496410.525428,,6,471,2,state-aware,4,0.99,0.9914,ON,unavailable
1790496410.5632045,,8,472,2,state-aware,4,0.9915,0.9915,ON,unavailable
1790496493.2408447,1790496504.2433765,7,476,1,state-aware,4,0.9875,0.0055,OFF,success
1790496498.1741538,1790496504.6743956,5,475,2,state-aware,4,0.8804,0.8689,OFF,failed
1790496422.1193676,,5,470,1,state-aware,4,0.0,0.0,ON,unavailable
1790496422.120039,,7,471,1,state-aware,4,0.9915,0.0,ON,unavailable
1790496553.9454336,1790496563.7421,5,479,2,random,5,0.99,0.9921,OFF,success
1790496558.6993728,1790496566.9157841,7,480,1,random,5,0.9,0.0016,OFF,failed
1790496556.8073518,1790496567.1440318,3,467,2,random,5,0.9915,0.9852,OFF,success
1790496558.7000825,1790496567.3503008,10,477,1,random,5,0.0,0.9,OFF,failed
1790496555.6902695,1790496567.5624883,9,481,2,random,5,0.9924,0.9915,OFF,success
1790496558.144155,1790496568.8810499,4,407,2,random,5,0.9942,0.9923,OFF,success
1790496563.41344,1790496576.5396597,2,470,2,random,5,0.9915,0.9915,OFF,failed
1790496566.974671,1790496579.6119144,5,480,1,random,5,0.9938,0.9925,OFF,failed
1790496575.7043903,1790496582.4100296,7,481,2,random,5,0.9914,0.99,ON,failed
1790496577.7081096,1790496585.7945533,4,408,1,random,5,0.0,0.0,ON,failed
1790496584.7111259,1790496592.518133,2,471,1,random,5,0.2265,0.7258,ON,failed
1790496588.7136354,1790496595.491331,5,481,2,random,5,0.0,0.0,ON,failed
1790496590.7158296,1790496597.6914515,7,482,2,random,5,0.7324,0.9682,ON,failed
1790496594.718059,1790496601.5279987,4,409,2,random,5,0.8804,0.8887,OFF,failed
1790496600.7352257,1790496607.6984537,2,472,1,random,5,0.9131,0.9811,OFF,failed
1790496600.7303452,1790496608.3205621,1,478,2,random,5,0.6981,0.9863,OFF,failed
1790496598.713222,1790496610.0302691,5,482,2,random,5,0.9938,0.9925,OFF,success
1790496600.6840122,1790496610.5409567,6,483,1,random,5,0.9924,0.9915,OFF,success
1790496600.730766,1790496610.946942,3,470,1,random,5,0.9899,0.9924,OFF,success
1790496606.740199,1790496612.2105784,7,483,2,random,5,0.9907,0.9915,OFF,failed
1790496601.9939847,1790496613.0055408,10,480,1,random,5,0.9915,0.9937,OFF,success
1790496601.0563896,1790496613.9213145,9,484,2,random,5,0.9932,0.9932,OFF,failed
1790496604.8480296,1790496618.1118805,4,410,2,random,5,0.9933,0.9937,OFF,failed
1790496611.5949209,1790496620.881006,1,479,1,random,5,0.9933,0.9902,OFF,success
1790496610.2023509,1790496622.2065668,8,485,2,random,5,0.9916,0.9915,OFF,failed
1790496610.9242654,1790496623.029521,2,473,2,random,5,0.9942,0.9925,OFF,failed
1790496614.2830474,1790496624.365456,3,471,1,random,5,0.9932,0.991,OFF,success
1790496613.2536044,1790496624.557658,5,483,1,random,5,0.9944,0.9944,OFF,success
1790496616.2292347,1790496626.1404061,10,481,2,random,5,0.9915,0.9882,OFF,success
1790496613.7646246,1790496626.9266021,6,484,1,random,5,0.0964,0.9881,OFF,failed
1790496617.1530025,1790496628.7837558,9,485,1,random,5,0.9925,0.9938,OFF,success
1790496615.437733,1790496628.8204765,7,484,2,random,5,0.9924,0.9933,OFF,failed
1790496626.265411,1790496637.9983294,2,474,1,random,5,0.9933,0.9915,OFF,success
1790496627.9083757,1790496639.9613786,5,484,2,random,5,0.9941,0.9937,OFF,failed
1790496631.817246,1790496643.0023637,9,486,2,random,5,0.9925,0.9938,ON,failed
1790496631.8433475,1790496643.444943,7,485,2,random,5,0.99,0.9915,ON,failed
1790496646.7518597,1790496654.203565,2,475,2,random,5,0.0,0.0,ON,failed
1790496648.7544842,1790496655.2852619,5,485,2,random,5,0.0,0.0,OFF,failed
1790496651.7564318,1790496657.8448412,9,487,1,random,5,0.0082,0.0,OFF,failed
1790496651.757723,1790496659.6857982,7,486,1,random,5,0.0,0.0,OFF,failed
1790496565.7378588,,8,482,1,random,5,0.9944,0.9933,OFF,unavailable
1790496566.3674986,,1,476,1,random,5,0.0,0.9265,OFF,unavailable
1790496651.4454865,1790496663.373827,4,413,2,random,5,0.9941,0.9923,OFF,failed
1790496570.3661084,,3,468,2,random,5,0.0279,0.9852,ON,unavailable
1790496570.786547,,9,482,1,random,5,0.9925,0.9925,ON,unavailable
1790496654.7278368,1790496667.9850082,1,482,2,random,5,0.9933,0.9914,OFF,failed
1790496657.2331996,1790496668.510029,2,476,2,random,5,0.9938,0.9925,OFF,failed
1790496657.1961918,1790496668.5943727,8,488,2,random,5,0.9931,0.9938,OFF,failed
1790496575.7055168,,10,478,2,random,5,0.0,0.8804,ON,unavailable
1790496658.6011426,1790496671.1582422,5,486,2,random,5,0.9943,0.9941,OFF,failed
1790496657.9887867,1790496671.1997936,3,474,1,random,5,0.9925,0.9877,OFF,failed
1790496660.643907,1790496671.2385135,10,484,2,random,5,0.0,0.0,OFF,success
1790496666.762163,1790496673.5138142,9,488,1,random,5,0.0467,0.0,OFF,failed
1790496661.192329,1790496674.133486,6,487,1,random,5,0.9901,0.9857,OFF,failed
1790496663.0203907,1790496675.5973656,7,487,2,random,5,0.9924,0.9937,OFF,failed
1790496666.607172,1790496679.8049114,4,414,2,random,5,0.9926,0.9915,OFF,failed
1790496674.1888027,1790496683.9635887,5,487,1,random,5,0.9933,0.9915,OFF,success
1790496671.2298102,1790496684.305238,1,483,1,random,5,0.0,0.0,OFF,failed
1790496671.817775,1790496684.7762847,8,489,1,random,5,0.9939,0.9916,OFF,success
1790496676.7659988,1790496684.8734746,2,477,2,random,5,0.9942,0.9933,OFF,failed
1790496674.256602,1790496684.9191124,10,485,1,random,5,0.9881,0.994,OFF,success
1790496678.8086762,1790496688.8821733,7,488,2,random,5,0.9931,0.9933,OFF,success
1790496683.7691357,1790496689.697889,9,489,1,random,5,0.9831,0.9891,OFF,failed
1790496677.3466165,1790496689.9007611,6,488,1,random,5,0.9938,0.9932,OFF,failed
1790496687.1845188,1790496701.1732547,5,488,2,random,5,0.9924,0.9942,OFF,failed
1790496692.1014776,1790496703.447523,7,489,2,random,5,0.9915,0.9925,ON,success
1790496621.3390548,,4,411,2,random,5,0.9942,0.9914,OFF,unavailable
1790496624.1063554,,1,480,2,random,5,0.9938,0.9914,OFF,unavailable
1790496709.783939,1790496716.5365396,5,489,1,random,5,0.0,0.0,ON,failed
1790496625.427644,,8,486,2,random,5,0.9925,0.9943,OFF,unavailable
1790496627.6777492,,3,472,2,random,5,0.9932,0.7124,OFF,unavailable
1790496629.3608937,,10,482,2,random,5,0.9932,0.9942,OFF,unavailable
1790496711.7865298,1790496721.137449,7,490,1,random,5,0.0081,0.0049,ON,failed
1790496630.1462502,,6,485,1,random,5,0.99,0.9901,ON,unavailable
1790496721.7916162,1790496728.3041685,8,492,1,random,5,0.028,0.0303,OFF,failed
1790496718.3137615,1790496731.2914803,3,478,1,random,5,0.9915,0.9899,OFF,success
1790496724.7936761,1790496731.3292348,1,486,2,random,5,0.0004,0.0,OFF,failed
1790496718.8642943,1790496731.9703305,2,480,2,random,5,0.9938,0.9941,OFF,failed
1790496722.2406816,1790496732.5972621,9,492,2,random,5,0.9915,0.9937,OFF,success
1790496724.7955778,1790496733.00692,5,490,1,random,5,0.8887,0.8804,OFF,failed
1790496724.168284,1790496734.9738548,7,491,2,random,5,0.0053,0.9938,OFF,failed
1790496725.3154528,1790496737.4108849,6,491,2,random,5,0.9932,0.9923,OFF,failed
1790496728.4545257,1790496741.2966647,4,418,2,random,5,0.9933,0.9923,OFF,success
1790496731.5269506,1790496742.033363,8,493,1,random,5,0.9942,0.9942,OFF,success
1790496734.3218513,1790496743.8625877,3,479,2,random,5,0.9925,0.9925,OFF,success
1790496734.383157,1790496744.5819905,1,487,2,random,5,0.9922,0.872,OFF,success
1790496735.9017932,1790496745.6042626,9,493,1,random,5,0.0004,0.9933,OFF,success
1790496735.135941,1790496746.2761085,2,481,1,random,5,0.9925,0.9942,OFF,success
1790496736.327782,1790496748.0647209,5,491,1,random,5,0.9931,0.9877,OFF,success
1790496738.183513,1790496749.9038157,7,492,1,random,5,0.9921,0.9933,OFF,success
1790496740.742607,1790496753.0863585,6,492,2,random,5,0.99,0.9901,OFF,failed
1790496744.327369,1790496756.8937416,4,419,2,random,5,0.9915,0.9914,OFF,failed
1790496745.3676188,1790496756.9682314,8,494,2,random,5,0.9925,0.9926,OFF,success
1790496747.8101842,1790496758.4166996,1,488,2,random,5,0.9938,0.9914,OFF,success
1790496749.3057694,1790496758.9165144,2,482,1,random,5,0.9925,0.9867,OFF,success
1790496747.095938,1790496759.531152,3,480,2,random,5,0.9933,0.9914,OFF,failed
1790496753.8128698,1790496761.4719253,9,494,2,random,5,0.9861,0.9925,OFF,failed
1790496751.2721076,1790496762.0298436,5,492,2,random,5,0.9932,0.9914,OFF,success
1790496674.236187,,3,475,1,random,5,0.9922,0.9892,OFF,unavailable
1790496753.1222382,1790496764.756632,7,493,2,random,5,0.9941,0.9926,OFF,success
1790496756.3043983,1790496767.6205647,6,493,1,random,5,0.9932,0.994,OFF,success
1790496762.756651,1790496774.190097,3,481,1,random,5,0.9933,0.9925,OFF,success
1790496683.0770762,,4,415,1,random,5,0.9915,0.9913,OFF,unavailable
1790496687.6052914,,1,484,2,random,5,0.0003,0.0,OFF,unavailable
1790496688.2041037,,8,490,2,random,5,0.9901,0.9932,OFF,unavailable
1790496693.1220918,,6,489,2,random,5,0.9943,0.9938,ON,unavailable
1790496693.7741227,,2,478,1,random,5,0.2109,0.0,ON,unavailable
1790496693.7747622,,10,486,2,random,5,0.9881,0.0,ON,unavailable
1790496698.7785997,,9,490,1,random,5,0.9924,0.9938,ON,unavailable
1790496767.9786851,1790496808.7039478,7,494,2,random,5,0.9925,0.9933,OFF,success
1790496770.8404922,1790496808.7409532,6,494,2,random,5,0.9925,0.9938,ON,failed
1790496782.8318648,1790496808.8509095,3,482,1,random,5,0.0016,0.1624,UNKNOWN,failed
1790496811.9236228,1790496815.6434467,6,496,1,random,5,0.9915,0.9938,OFF,failed
1790496811.9419835,1790496818.5115604,1,492,1,random,5,0.9902,0.0,OFF,failed
1790496811.9683478,1790496818.9212973,2,486,1,random,5,0.9933,0.8887,OFF,failed
1790496817.8522348,1790496819.3314486,3,484,2,random,5,0.8689,0.1624,OFF,failed
1790496811.9964523,1790496820.1508265,9,498,1,random,5,0.9932,0.9913,OFF,failed
1790496823.4026022,1790496833.8811784,9,499,1,random,5,0.9925,0.9925,OFF,success
1790496823.8812876,1790496834.5828984,8,499,2,random,5,0.0,0.0,OFF,success
1790496826.8678532,1790496834.697013,1,493,1,random,5,0.9932,0.8333,ON,failed
1790496822.5495086,1790496835.2023058,3,485,2,random,5,0.994,0.9925,OFF,failed
1790496822.2383652,1790496835.3293176,2,487,1,random,5,0.9925,0.9924,OFF,failed
1790496825.7610736,1790496837.3547726,10,495,2,random,5,0.9912,0.9935,ON,failed
1790496749.272622,,10,490,1,random,5,0.0,0.0008,OFF,unavailable
1790496889.413249,1790496895.5605204,2,491,1,round-robin,5,0.9,0.9748,OFF,failed
1790496889.369931,1790496900.0457196,7,502,1,round-robin,5,0.9924,0.9925,OFF,success
1790496900.4170337,1790496907.4908905,6,502,1,round-robin,5,0.0,0.0,OFF,failed
1790496904.4199421,1790496911.2920144,2,492,2,round-robin,5,0.0,0.0,OFF,failed
1790496903.2718377,1790496913.7649825,7,503,2,round-robin,5,0.9933,0.9933,OFF,success
1790496910.7180264,1790496920.5106862,6,503,2,round-robin,5,0.9914,0.9915,OFF,success
1790496912.2858074,1790496922.2502184,4,430,1,round-robin,5,0.9924,0.9923,OFF,success
1790496914.517315,1790496923.9783823,2,493,1,round-robin,5,0.9933,0.9932,OFF,success
1790496915.344612,1790496925.0162377,8,505,1,round-robin,5,0.9898,0.9888,OFF,success
1790496917.4240723,1790496925.6149764,1,499,2,round-robin,5,0.9902,0.9902,OFF,failed
1790496916.4600174,1790496926.447571,5,503,2,round-robin,5,0.9938,0.994,OFF,success
1790496913.5278237,1790496926.6516426,9,505,2,round-robin,5,0.9933,0.9914,OFF,failed
1790496915.052286,1790496926.664637,3,491,2,round-robin,5,0.994,0.9936,OFF,failed
1790496917.002329,1790496927.1648917,7,504,1,round-robin,5,0.9925,0.9925,OFF,success
1790496915.9561749,1790496928.327512,10,501,2,round-robin,5,0.9915,0.9882,OFF,failed
1790496923.7350867,1790496933.3104475,6,504,1,round-robin,5,0.9941,0.9914,OFF,success
1790496927.3040318,1790496936.790052,2,494,2,round-robin,5,0.9944,0.9932,OFF,success
1790496925.477844,1790496937.2009256,4,431,2,round-robin,5,0.9914,0.9915,OFF,failed
1790496930.074181,1790496940.3088634,9,506,1,round-robin,5,0.0316,0.0,OFF,success
1790496934.437344,1790496940.6807866,1,500,1,round-robin,5,0.9938,0.9932,OFF,failed
1790496931.6501312,1790496941.1926556,10,502,1,round-robin,5,0.9938,0.9932,OFF,success
1790496935.4401999,1790496942.132707,7,505,2,round-robin,5,0.9915,0.9938,OFF,failed
1790496935.439174,1790496942.2334883,3,492,1,round-robin,5,0.9938,0.9915,OFF,failed
1790496936.5357323,1790496949.0731506,6,505,2,round-robin,5,0.9901,0.9915,OFF,failed
1790496940.0102935,1790496952.6966538,2,495,1,round-robin,5,0.9926,0.9916,OFF,failed
1790496940.4418867,1790496953.210414,4,432,1,round-robin,5,0.9938,0.9932,OFF,failed
1790496943.9054625,1790496954.3158672,1,501,2,round-robin,5,0.0165,0.0,OFF,success
1790496944.4117362,1790496954.9065566,10,503,2,round-robin,5,0.985,0.9838,OFF,success
1790496943.5271618,1790496954.906884,9,507,2,round-robin,5,0.008,0.0001,OFF,success
1790496952.3021126,1790496965.2556489,6,506,1,round-robin,5,0.9901,0.99,OFF,failed
1790496958.1294246,1790496967.613195,10,504,1,round-robin,5,0.9938,0.993,ON,success
1790496955.9188652,1790496968.2336047,2,496,2,round-robin,5,0.9933,0.9915,ON,failed
1790496956.430279,1790496968.5351422,4,433,2,round-robin,5,0.9938,0.99,ON,failed
1790496957.5357606,1790496969.1468105,1,502,1,round-robin,5,0.8212,0.0265,ON,failed
1790496963.4480853,1790496970.9948273,9,508,1,round-robin,5,0.8563,0.0001,ON,failed
1790496883.714696,,1,497,1,round-robin,5,0.0,0.0,OFF,unavailable
1790496884.190275,,9,503,1,round-robin,5,0.9875,0.9931,OFF,unavailable
1790496885.8651838,,3,489,1,round-robin,5,0.8628,0.0032,OFF,unavailable
1790496886.4434087,,5,501,1,round-robin,5,0.9931,0.9924,OFF,unavailable
1790496886.6838355,,10,499,1,round-robin,5,0.9914,0.9933,OFF,unavailable
1790496973.457558,1790496980.9217834,6,507,2,round-robin,5,0.9896,0.9891,OFF,failed
1790496971.4553568,1790496981.0241933,2,497,1,round-robin,5,0.9932,0.9932,OFF,success
1790496971.7496252,1790496982.2543547,4,434,1,round-robin,5,0.9942,0.9942,OFF,success
1790496970.8290403,1790496983.281083,10,505,2,round-robin,5,0.9925,0.9943,OFF,failed
1790496974.9427395,1790496985.055999,8,509,1,round-robin,5,0.3657,0.0082,OFF,success
1790496974.3165176,1790496985.6313267,9,509,2,round-robin,5,0.9925,0.9932,OFF,success
1790496975.4731135,1790496985.8730009,3,495,1,round-robin,5,0.9937,0.9916,OFF,success
1790496976.605677,1790496988.6413825,5,507,2,round-robin,5,0.9913,0.9932,OFF,failed
1790496984.2500935,1790496994.850489,2,498,2,round-robin,5,0.8535,0.9463,OFF,success
1790496989.481751,1790496997.5119123,6,508,1,round-robin,5,0.9896,0.9923,OFF,failed
1790496988.275538,1790496998.024803,8,510,2,round-robin,5,0.9913,0.9933,OFF,success
1790496989.1058836,1790496998.6376607,3,496,2,round-robin,5,0.9902,0.9901,OFF,success
1790496994.4865673,1790497001.808388,9,510,1,round-robin,5,0.9925,0.9925,OFF,failed
1790496991.8630133,1790497002.264002,5,508,1,round-robin,5,0.9915,0.9938,OFF,success
1790497001.545685,1790497011.1537986,1,505,1,round-robin,5,0.8098,0.03,OFF,success
1790496998.0809286,1790497011.3622727,2,499,1,round-robin,5,0.9938,0.9938,OFF,failed
1790497005.2473795,1790497017.1902642,9,511,2,round-robin,5,0.9933,0.9924,OFF,failed
1790496928.2309976,,8,506,2,round-robin,5,0.8164,0.9157,OFF,unavailable
1790496929.77663,,5,504,1,round-robin,5,0.99,0.0,OFF,unavailable
1790497019.497342,1790497026.1872218,1,506,2,round-robin,5,0.0,0.0004,OFF,failed
1790497019.4979372,1790497027.716476,2,500,2,round-robin,5,0.9938,0.0,OFF,failed
1790497025.5021036,1790497033.7534132,9,512,1,round-robin,5,0.0,0.0,OFF,failed
1790496945.3554134,,7,506,1,round-robin,5,0.002,0.9556,OFF,unavailable
1790496945.556829,,3,493,2,round-robin,5,0.0,0.9915,OFF,unavailable
1790497029.4065547,1790497040.6255145,1,507,1,round-robin,5,0.9925,0.9915,OFF,success
1790497036.5139413,1790497042.5651877,3,499,2,round-robin,5,0.8804,0.8805,OFF,failed
1790497030.6370037,1790497043.2817562,6,511,1,round-robin,5,0.9925,0.9938,OFF,failed
1790497037.5159543,1790497044.3046937,4,438,1,round-robin,5,0.9938,0.9915,OFF,failed
1790497033.7182484,1790497044.8276181,5,511,1,round-robin,5,0.9899,0.9923,OFF,success
1790497037.0850987,1790497047.074705,9,513,2,round-robin,5,0.9925,0.9938,OFF,success
1790497043.8456898,1790497053.3430722,1,508,2,round-robin,5,0.9902,0.9882,OFF,success
1790497045.7886117,1790497056.0864458,3,500,1,round-robin,5,0.9941,0.9925,OFF,success
1790497047.53103,1790497056.894542,4,439,2,round-robin,5,0.9913,0.9932,OFF,success
1790497047.226649,1790497058.567298,8,514,2,round-robin,5,0.9915,0.9935,OFF,failed
1790497053.534791,1790497059.458618,5,512,2,round-robin,5,0.994,0.9881,OFF,failed
1790497046.49779,1790497059.6922486,6,512,2,round-robin,5,0.8804,0.8333,OFF,failed
1790497050.4017198,1790497062.2217543,9,514,1,round-robin,5,0.9914,0.988,OFF,failed
1790496972.378025,,1,503,2,round-robin,5,0.9938,0.9914,OFF,unavailable
1790496973.6225352,,7,508,2,round-robin,5,0.9925,0.9915,OFF,unavailable
1790497065.5394242,1790497071.8541973,4,440,1,round-robin,5,0.9925,0.9925,ON,failed
1790497068.5415547,1790497075.337747,5,513,1,round-robin,5,0.9914,0.9914,ON,failed
1790497070.5437624,1790497077.6879287,9,515,2,round-robin,5,0.9925,0.9912,ON,failed
1790496985.4796143,,4,435,2,round-robin,5,0.9926,0.9925,OFF,unavailable
1790496991.4841392,,10,506,1,round-robin,5,0.9925,0.0,OFF,unavailable
1790497080.5496519,1790497092.75777,4,441,2,round-robin,5,0.0,0.0,ON,failed
1790497083.5542285,1790497093.4440362,5,514,2,round-robin,5,0.0,0.0,ON,failed
1790497086.5572524,1790497093.463041,9,516,1,round-robin,5,0.0,0.0,UNKNOWN,failed
1790497000.7383933,,6,509,2,round-robin,5,0.9925,0.9925,OFF,unavailable
1790497001.8631327,,3,497,1,round-robin,5,0.9942,0.9941,OFF,unavailable
1790497095.7084858,1790497098.110413,1,511,2,round-robin,5,0.9931,0.9938,OFF,failed
1790497005.481126,,5,509,2,round-robin,5,0.9901,0.9916,OFF,unavailable
1790497006.4917126,,8,511,1,round-robin,5,0.7108,0.0,ON,unavailable
1790497095.776507,1790497101.9557767,4,442,1,round-robin,5,0.9932,0.9926,OFF,failed
1790497095.7397661,1790497102.4672277,8,517,2,round-robin,5,0.9932,0.9925,OFF,failed
1790497095.8000898,1790497103.282499,2,505,1,round-robin,5,0.9928,0.9944,OFF,failed
1790497095.823053,1790497103.8979347,3,503,1,round-robin,5,0.9924,0.9937,OFF,failed
1790497095.8565447,1790497105.126243,6,515,2,round-robin,5,0.9925,0.9938,OFF,failed
1790497095.8417013,1790497105.442736,7,516,1,round-robin,5,0.9901,0.2501,OFF,failed
1790497096.4581008,1790497106.355038,5,515,1,round-robin,5,0.9933,0.9915,OFF,failed
1790497096.476749,1790497107.8943655,9,517,2,round-robin,5,0.9883,0.9882,OFF,failed
1790497101.328237,1790497110.9726884,1,512,1,round-robin,5,0.9933,0.9901,OFF,success
1790497104.671403,1790497114.6529233,10,514,1,round-robin,5,0.9882,0.9915,OFF,success
1790497105.6912649,1790497115.6767476,8,518,1,round-robin,5,0.9915,0.9901,OFF,success
1790497105.1740284,1790497116.5081382,4,443,2,round-robin,5,0.9915,0.9914,OFF,failed
1790497107.1324072,1790497117.6187937,3,504,2,round-robin,5,0.9925,0.9924,OFF,success
1790497106.5155218,1790497118.035654,2,506,2,round-robin,5,0.9931,0.9941,OFF,failed
1790497108.3519242,1790497118.8796332,6,516,1,round-robin,5,0.9937,0.9912,OFF,success
1790497108.776119,1790497119.2613084,7,517,2,round-robin,5,0.9916,0.9938,OFF,success
1790497109.5863297,1790497119.3586023,5,516,2,round-robin,5,0.9915,0.9901,OFF,success
1790497111.1193206,1790497121.211549,9,518,1,round-robin,5,0.9925,0.9914,OFF,success
1790497030.9443295,,2,501,1,round-robin,5,0.8887,0.8887,OFF,unavailable
1790497031.7636533,,10,509,2,round-robin,5,0.9925,0.9914,OFF,unavailable
1790497032.4748461,,7,512,1,round-robin,5,0.8689,0.8333,OFF,unavailable
1790497114.186011,1790497127.046458,1,513,2,round-robin,5,0.9941,0.9923,OFF,failed
1790497119.7327163,1790497130.3232088,4,444,1,round-robin,5,0.9938,0.99,OFF,success
1790497118.9025433,1790497130.8610892,8,519,2,round-robin,5,0.9915,0.9939,OFF,failed
1790497117.880444,1790497131.1440938,10,515,2,round-robin,5,0.9915,0.9915,OFF,failed
1790497122.1048543,1790497131.4737823,6,517,2,round-robin,5,0.9941,0.9925,OFF,success
1790497121.3617065,1790497133.080515,2,507,1,round-robin,5,0.9924,0.9921,OFF,failed
1790497122.5914538,1790497133.482227,5,517,1,round-robin,5,0.9852,0.985,OFF,success
1790497127.595922,1790497134.517964,7,518,1,round-robin,5,0.9925,0.9916,OFF,failed
1790497124.4311228,1790497135.0316067,9,519,2,round-robin,5,0.9916,0.9915,OFF,success
1790497056.5733056,,1,509,1,round-robin,5,0.9933,0.9924,OFF,unavailable
1790497059.3080566,,3,501,2,round-robin,5,0.9925,0.9914,OFF,unavailable
1790497143.6116433,1790497151.1022518,7,519,2,round-robin,5,0.9883,0.9925,ON,failed
1790497060.7358477,,10,511,1,round-robin,5,0.9915,0.9915,OFF,unavailable
1790497061.7926207,,8,515,1,round-robin,5,0.9926,0.9941,OFF,unavailable
1790497062.0728848,,7,514,2,round-robin,5,0.9932,0.9932,OFF,unavailable
1790497062.9136167,,6,513,1,round-robin,5,0.9932,0.9912,ON,unavailable
1790497065.5397155,,2,503,2,round-robin,5,0.9872,0.2508,ON,unavailable
1790497159.622084,1790497167.5024216,7,520,1,round-robin,5,0.5473,0.4675,OFF,failed
1790497161.8506103,1790497171.7202332,1,516,2,round-robin,5,0.9938,0.9933,OFF,success
1790497162.3376415,1790497172.9215376,8,522,2,round-robin,5,0.9924,0.9931,OFF,success
1790497166.6233532,1790497176.0129256,2,510,1,round-robin,5,0.0,0.9465,OFF,success
1790497222.0588903,1790497228.9620187,7,524,2,state-aware,5,0.0,0.0,OFF,failed
1790497221.1149354,1790497231.9404097,1,520,1,state-aware,5,0.9942,0.9912,OFF,success
1790497221.621992,1790497234.5650926,8,526,2,state-aware,5,0.9938,0.9942,OFF,failed
1790497227.1450438,1790497237.8367085,2,514,1,state-aware,5,0.9926,0.9916,OFF,success
1790497227.6650717,1790497238.5701916,4,451,1,state-aware,5,0.9937,0.9914,OFF,success
1790497229.0903049,1790497239.788887,6,524,1,state-aware,5,0.0016,0.0008,OFF,success
1790497230.0112212,1790497240.6191576,5,524,2,state-aware,5,0.9942,0.9942,OFF,success
1790497231.4323626,1790497241.1221864,9,526,2,state-aware,5,0.9901,0.9938,OFF,success
1790497235.0741434,1790497242.0353847,3,512,1,state-aware,5,0.965,0.8689,OFF,failed
1790497232.1829176,1790497242.140403,7,525,1,state-aware,5,0.9925,0.9915,OFF,success
1790497235.1697006,1790497247.5733879,1,521,2,state-aware,5,0.9941,0.994,OFF,failed
1790497243.0169516,1790497252.6999426,6,525,2,state-aware,5,0.9944,0.9924,OFF,success
1790497241.1705282,1790497254.4314315,2,515,2,state-aware,5,0.9938,0.9933,OFF,failed
1790497243.8412035,1790497254.937858,5,525,1,state-aware,5,0.9925,0.9933,OFF,success
1790497244.3448014,1790497255.2439196,9,527,1,state-aware,5,0.9915,0.9933,OFF,success
1790497245.360924,1790497255.7593517,7,526,1,state-aware,5,0.9925,0.8546,OFF,success
1790497244.7476907,1790497257.4005387,10,523,2,state-aware,5,0.0,0.0,OFF,failed
1790497250.077965,1790497258.015893,3,513,1,state-aware,5,0.9921,0.8689,OFF,failed
1790497250.7861369,1790497260.8897705,1,522,1,state-aware,5,0.0,0.0,OFF,success
1790497255.9289944,1790497267.241568,6,526,1,state-aware,5,0.9933,0.9915,OFF,success
1790497257.6559823,1790497268.0533295,2,516,2,state-aware,5,0.611,0.9902,OFF,success
1790497258.457169,1790497268.5638406,9,528,1,state-aware,5,0.9936,0.9929,OFF,success
1790497258.9841752,1790497269.8785837,7,527,1,state-aware,5,0.9925,0.9925,OFF,success
1790497258.159673,1790497270.5091646,5,526,2,state-aware,5,0.0,0.0002,OFF,failed
1790497260.612499,1790497271.8689423,10,524,1,state-aware,5,0.9932,0.9943,OFF,success
1790497266.8126388,1790497277.2687383,8,529,1,state-aware,5,0.9941,0.9941,OFF,success
1790497271.2774084,1790497281.3661084,2,517,2,state-aware,5,0.0,0.0146,ON,success
1790497286.095003,1790497292.6673067,8,530,1,state-aware,5,0.9938,0.9933,ON,failed
1790497290.0978775,1790497296.3246899,2,518,2,state-aware,5,0.0,0.0,ON,failed
1790497299.101224,1790497306.652615,1,525,1,state-aware,5,0.9256,0.0001,OFF,failed
1790497295.9168246,1790497308.8332264,8,531,2,state-aware,5,0.9926,0.9925,OFF,failed
1790497299.5526085,1790497309.3205614,2,519,1,state-aware,5,0.9937,0.9937,OFF,success
1790497300.6654527,1790497310.3566322,6,529,2,state-aware,5,0.9933,0.9915,OFF,success
1790497303.0255501,1790497314.6423283,7,530,1,state-aware,5,0.9938,0.9915,OFF,failed
1790497302.5959437,1790497315.566893,9,531,2,state-aware,5,0.9932,0.9944,OFF,failed
1790497305.978487,1790497315.877977,10,527,2,state-aware,5,0.8489,0.9782,OFF,success
1790497306.4068682,1790497317.744746,5,529,2,state-aware,5,0.0016,0.0,OFF,failed
1790497311.1052787,1790497318.7423372,4,456,1,state-aware,5,0.9868,0.8535,OFF,failed
1790497312.107438,1790497319.2854724,3,517,2,state-aware,5,0.8887,0.9855,OFF,failed
1790497309.8794441,1790497320.5809178,1,526,2,state-aware,5,0.9938,0.9938,OFF,success
1790497312.544468,1790497322.4323466,2,520,1,state-aware,5,0.9944,0.9925,OFF,success
1790497312.0216174,1790497322.9381788,8,532,1,state-aware,5,0.9926,0.9939,OFF,success
1790497313.5861533,1790497324.1670787,6,530,1,state-aware,5,0.9938,0.9915,OFF,success
1790497318.786031,1790497329.415023,9,532,1,state-aware,5,0.9937,0.9939,OFF,success
1790497317.8691738,1790497329.9013731,7,531,2,state-aware,5,0.9922,0.9932,OFF,failed
1790497320.9651604,1790497330.4093595,5,530,1,state-aware,5,0.9931,0.9942,OFF,success
1790497237.791377,,8,527,1,state-aware,5,0.9925,0.9932,OFF,unavailable
1790497321.9711592,1790497331.773386,4,457,2,state-aware,5,0.9941,0.9914,OFF,success
1790497324.1120865,1790497332.0808082,10,528,1,state-aware,5,0.9802,0.8535,OFF,failed
1790497322.5178854,1790497334.5117955,3,518,2,state-aware,5,0.9942,0.9914,OFF,failed
1790497323.8071053,1790497334.835382,1,527,2,state-aware,5,0.9938,0.9925,OFF,success
1790497325.6605086,1790497335.1553328,2,521,1,state-aware,5,0.9942,0.9913,OFF,success
1790497326.1610045,1790497336.043727,8,533,1,state-aware,5,0.9938,0.9942,OFF,success
1790497241.7911444,,4,452,2,state-aware,5,0.9925,0.988,OFF,unavailable
1790497327.4998841,1790497337.2978845,6,531,2,state-aware,5,0.9938,0.9916,OFF,success
1790497332.642914,1790497342.1059396,9,533,1,state-aware,5,0.9926,0.9938,OFF,success
1790497338.6913147,1790497348.5374453,2,522,1,state-aware,5,0.9942,0.9931,OFF,success
1790497261.2415624,,3,514,2,state-aware,5,0.9942,0.9925,OFF,unavailable
1790497264.1103117,,1,523,1,state-aware,5,0.9925,0.9925,OFF,unavailable
1790497345.3323877,1790497356.5295682,9,534,1,state-aware,5,0.9913,0.9941,ON,success
1790497270.4553037,,6,527,2,state-aware,5,0.9942,0.9933,OFF,unavailable
1790497271.7916293,,9,529,2,state-aware,5,0.9932,0.9933,ON,unavailable
1790497273.1106813,,7,528,1,state-aware,5,0.9901,0.9901,ON,unavailable
1790497279.0905216,,5,527,1,state-aware,5,0.9867,0.99,ON,unavailable
1790497280.0922024,,10,525,1,state-aware,5,0.9932,0.0004,ON,unavailable
1790497365.13793,1790497371.5769522,9,535,1,state-aware,5,0.0,0.0,ON,failed
1790497368.1401849,1790497375.18006,7,534,1,state-aware,5,0.0,0.0016,OFF,failed
1790497369.1426115,1790497377.1408,5,533,1,state-aware,5,0.0,0.0,OFF,failed
1790497372.144773,1790497378.8368347,4,460,2,state-aware,5,0.3114,0.985,OFF,failed
1790497370.6004245,1790497381.3160505,6,534,1,state-aware,5,0.9933,0.9901,OFF,success
1790497374.8114529,1790497384.7880857,9,536,2,state-aware,5,0.9933,0.9914,OFF,success
1790497378.4067426,1790497389.8031228,7,535,2,state-aware,5,0.9901,0.9915,OFF,failed
1790497383.1259992,1790497392.571511,2,525,1,state-aware,5,0.9944,0.994,OFF,success
1790497382.0596523,1790497393.0722718,4,461,2,state-aware,5,0.0,0.9881,OFF,success
1790497382.390279,1790497393.0868862,10,532,2,state-aware,5,0.0,0.0,OFF,success
1790497388.1537554,1790497393.9044576,3,522,1,state-aware,5,0.9942,0.9937,OFF,failed
1790497383.8403397,1790497394.4320068,8,537,1,state-aware,5,0.9938,0.9924,OFF,success
1790497387.1527588,1790497395.154772,1,531,2,state-aware,5,0.0,0.9914,OFF,failed
1790497384.5443463,1790497396.6675928,6,535,1,state-aware,5,0.9942,0.9932,OFF,failed
1790497388.1129692,1790497400.4695985,9,537,2,state-aware,5,0.9901,0.9926,OFF,failed
1790497393.0172873,1790497404.0668228,7,536,1,state-aware,5,0.9901,0.0496,OFF,success
1790497397.6576269,1790497408.1332796,8,538,1,state-aware,5,0.9933,0.9925,OFF,success
1790497398.3839445,1790497408.562749,1,532,1,state-aware,5,0.9938,0.9924,OFF,success
1790497399.8892946,1790497413.2797248,6,536,2,state-aware,5,0.9942,0.9924,OFF,failed
1790497412.174052,1790497420.0145316,7,537,1,state-aware,5,0.0,0.0,ON,failed
1790497415.1769993,1790497421.0404692,5,536,1,state-aware,5,0.0,0.0,ON,failed
1790497417.1804936,1790497423.1086495,1,533,1,state-aware,5,0.0,0.0,OFF,failed
1790497333.1243699,,7,532,1,state-aware,5,0.9914,0.9925,OFF,unavailable
1790497333.6365297,,5,531,1,state-aware,5,0.9915,0.99,OFF,unavailable
1790497335.003493,,4,458,2,state-aware,5,0.9515,0.985,OFF,unavailable
1790497335.3057754,,10,529,2,state-aware,5,0.9924,0.9937,OFF,unavailable
1790497422.1844149,1790497429.9517105,6,537,1,state-aware,5,0.0096,0.003,OFF,failed
1790497337.7230854,,3,519,1,state-aware,5,0.9938,0.9914,OFF,unavailable
1790497338.070816,,1,528,2,state-aware,5,0.0,0.9915,OFF,unavailable
1790497339.2749465,,8,534,1,state-aware,5,0.9933,0.9933,OFF,unavailable
1790497340.5877125,,6,532,1,state-aware,5,0.9933,0.9932,OFF,unavailable
1790497423.2379308,1790497435.2741027,7,538,2,state-aware,5,0.9931,0.9938,OFF,failed
1790497424.2614794,1790497435.9913638,5,537,2,state-aware,5,0.9924,0.9924,OFF,failed
1790497426.4249525,1790497436.0899522,1,534,1,state-aware,5,0.0,0.0,OFF,success
1790497426.114307,1790497437.3253927,2,528,1,state-aware,5,0.0,0.0,OFF,success
1790497426.8490005,1790497437.8613536,10,535,2,state-aware,5,0.9912,0.993,OFF,success
1790497427.341353,1790497438.0321014,4,464,1,state-aware,5,0.9932,0.9898,OFF,success
1790497432.6830215,1790497443.9773974,9,540,2,state-aware,5,0.0,0.9896,OFF,success
1790497438.1943393,1790497446.13907,6,538,2,state-aware,5,0.9901,0.9853,OFF,failed
1790497438.4942079,1790497449.2398412,7,539,1,state-aware,5,0.994,0.9932,OFF,success
1790497439.3146942,1790497450.048585,1,535,1,state-aware,5,0.8943,0.8536,OFF,success
1790497357.1332934,,2,523,1,state-aware,5,0.9774,0.9915,ON,unavailable
1790497446.2107224,1790497452.6755502,10,536,2,state-aware,5,0.0,0.8963,OFF,failed
1790497442.1688225,1790497453.7306948,8,541,1,state-aware,5,0.9891,0.9868,OFF,success
1790497446.2117603,1790497454.149885,4,465,1,state-aware,5,0.9902,0.9899,OFF,failed
1790497447.2134495,1790497454.5196345,3,526,2,state-aware,5,0.99,0.9897,OFF,failed
1790497447.2006826,1790497458.1209116,9,541,1,state-aware,5,0.9925,0.9933,OFF,success
1790497449.3537831,1790497461.199326,6,539,2,state-aware,5,0.9937,0.9924,OFF,failed
1790497452.4568095,1790497462.20254,7,540,1,state-aware,5,0.9932,0.9937,OFF,success
1790497453.2754245,1790497464.3551407,1,536,1,state-aware,5,0.9938,0.9938,OFF,success
1790497456.008005,1790497465.988886,10,537,1,state-aware,5,0.9937,0.9938,OFF,success
1790497456.9520483,1790497467.0201995,8,542,1,state-aware,5,0.9933,0.9923,OFF,success
1790497463.22901,1790497470.30719,4,466,2,state-aware,5,0.9937,0.9933,OFF,failed
1790497457.7460065,1790497470.805998,3,527,1,state-aware,5,0.9938,0.9931,OFF,failed
1790497380.3709333,,5,534,1,state-aware,5,0.9915,0.9925,OFF,unavailable
1790497464.430269,1790497475.3165996,6,540,1,state-aware,5,0.9933,0.99,OFF,success
1790497465.431673,1790497476.843395,7,541,1,state-aware,5,0.9901,0.9914,OFF,success
1790497469.2142677,1790497478.9958434,10,538,1,state-aware,5,0.9937,0.9942,OFF,success
1790497470.441944,1790497482.1824257,2,531,2,state-aware,5,0.0,0.9782,OFF,failed
1790497475.2362018,1790497482.9745986,8,543,1,state-aware,5,0.9926,0.9902,ON,failed
1790497473.5355377,1790497486.0655158,4,467,1,state-aware,5,0.9925,0.9902,ON,failed
1790497474.027151,1790497486.3075485,3,528,2,state-aware,5,0.9941,0.9931,ON,failed
1790497397.1241148,,3,523,2,state-aware,5,0.9938,0.9914,OFF,unavailable
1790497485.24571,1790497493.2705326,7,542,1,state-aware,5,0.0,0.0,ON,failed
1790497487.2483385,1790497494.7969584,10,539,1,state-aware,5,0.0,0.0,ON,failed
1790497401.1653128,,2,526,1,state-aware,5,0.9938,0.9941,OFF,unavailable
1790497401.1661205,,4,462,2,state-aware,5,0.8689,0.9912,OFF,unavailable
1790497402.1683724,,10,533,2,state-aware,5,0.9867,0.9877,OFF,unavailable
1790497403.7030056,,9,538,1,state-aware,5,0.9925,0.9933,ON,unavailable
1790497490.2514534,1790497496.9095552,2,532,1,state-aware,5,0.0,0.0,ON,failed
1790497491.255048,1790497498.974759,8,544,1,state-aware,5,0.0035,0.0035,ON,failed
1790497494.2578743,1790497502.1374176,4,468,2,state-aware,5,0.8535,0.9246,ON,failed
1790497495.260349,1790497502.5897615,3,529,2,state-aware,5,0.0,0.0,OFF,failed
1790497545.4173577,1790497556.098719,1,542,2,ewma,5,0.9933,0.9882,OFF,success
1790497546.617807,1790497557.223917,5,545,2,ewma,5,0.9933,0.9915,OFF,success
1790497548.5624707,1790497559.5840065,3,533,2,ewma,5,0.9926,0.9902,OFF,success
1790497552.4591558,1790497562.2449973,9,548,1,ewma,5,0.9925,0.9933,OFF,success
1790497551.0516913,1790497564.2121937,8,548,2,ewma,5,0.9939,0.9942,OFF,failed
1790497554.220862,1790497564.7213998,4,472,1,ewma,5,0.9925,0.9911,OFF,success
1790497558.7120671,1790497568.8081672,6,546,1,ewma,5,0.9938,0.9925,OFF,success
1790497558.1067255,1790497569.3977234,7,547,2,ewma,5,0.9938,0.9925,OFF,success
1790497562.9125798,1790497573.5510905,3,534,2,ewma,5,0.9916,0.9901,OFF,success
1790497567.4379559,1790497577.8135946,8,549,1,ewma,5,0.0843,0.0253,OFF,success
1790497572.0297718,1790497584.798052,6,547,1,ewma,5,0.9869,0.0,ON,failed
1790497577.7483115,1790497585.2865677,7,548,2,ewma,5,0.9924,0.9932,ON,failed
1790497581.7509966,1790497589.6133273,3,535,2,ewma,5,0.0,0.0,ON,failed
1790497586.7537994,1790497594.2999716,8,550,1,ewma,5,0.8809,0.8666,OFF,failed
1790497589.0236769,1790497598.697851,5,548,2,ewma,5,0.9937,0.9938,OFF,success
1790497590.7629054,1790497600.4511044,1,545,2,ewma,5,0.9933,0.9913,OFF,success
1790497588.0220563,1790497600.544658,6,548,2,ewma,5,0.9915,0.1592,OFF,failed
1790497593.764821,1790497600.8459783,7,549,1,ewma,5,0.9915,0.9914,OFF,failed
1790497591.0977774,1790497601.3581808,10,546,1,ewma,5,0.9921,0.9937,OFF,success
1790497593.765555,1790497602.0081093,2,539,2,ewma,5,0.9933,0.9389,OFF,failed
1790497592.836342,1790497603.0341344,3,536,2,ewma,5,0.9941,0.9931,OFF,success
1790497594.6884718,1790497604.1283197,9,551,1,ewma,5,0.9937,0.9941,OFF,success
1790497597.530531,1790497608.1221495,8,551,1,ewma,5,0.9941,0.9926,OFF,success
1790497598.0669355,1790497608.447704,4,475,1,ewma,5,0.9938,0.9914,OFF,success
1790497603.7614121,1790497613.7531717,6,549,1,ewma,5,0.0,0.0,OFF,success
1790497601.9288847,1790497613.7815766,5,549,2,ewma,5,0.9925,0.9938,OFF,failed
1790497604.5914178,1790497614.2989523,10,547,1,ewma,5,0.9925,0.9942,OFF,success
1790497605.3435497,1790497614.7902346,2,540,1,ewma,5,0.9938,0.9925,OFF,success
1790497608.7722948,1790497615.5938044,1,546,2,ewma,5,0.9933,0.99,OFF,failed
1790497604.0695672,1790497615.7951598,7,550,2,ewma,5,0.0,0.0002,OFF,failed
1790497606.2592955,1790497618.4632688,3,537,2,ewma,5,0.9933,0.99,OFF,failed
1790497607.4620345,1790497620.4252965,9,552,1,ewma,5,0.9925,0.9938,OFF,failed
1790497611.680179,1790497621.6505027,4,476,1,ewma,5,0.9925,0.9925,OFF,success
1790497611.3470395,1790497622.2734566,8,552,1,ewma,5,0.9941,0.9941,OFF,success
1790497617.2136269,1790497626.8693042,5,550,2,ewma,5,0.8804,0.9103,OFF,success
1790497617.5285769,1790497627.6784437,10,548,1,ewma,5,0.9932,0.9943,OFF,success
1790497619.0151207,1790497628.7072282,7,551,1,ewma,5,0.992,0.9895,OFF,success
1790497618.015404,1790497629.2301707,2,541,1,ewma,5,0.9944,0.9944,OFF,success
1790497621.7788827,1790497629.747583,6,550,1,ewma,5,0.8887,0.8535,OFF,failed
1790497623.7809675,1790497631.4941742,1,547,2,ewma,5,0.9933,0.9901,OFF,failed
1790497623.652555,1790497633.7222867,9,553,1,ewma,5,0.9938,0.9942,OFF,success
1790497621.6857836,1790497634.33372,3,538,2,ewma,5,0.9938,0.9915,OFF,failed
1790497625.4982784,1790497635.4710598,8,553,1,ewma,5,0.9938,0.9942,OFF,success
1790497624.8686962,1790497635.9721715,4,477,1,ewma,5,0.9925,0.9925,OFF,success
1790497630.098141,1790497639.9547863,5,551,2,ewma,5,0.9932,0.9925,OFF,success
1790497631.9313009,1790497642.9404519,7,552,1,ewma,5,0.9933,0.9915,OFF,success
1790497632.9703574,1790497643.6742432,6,551,1,ewma,5,0.9933,0.9901,OFF,success
1790497636.9482317,1790497647.4386795,9,554,1,ewma,5,0.9926,0.9933,OFF,success
1790497637.561569,1790497648.185583,3,539,1,ewma,5,0.9933,0.9915,ON,success
1790497644.7916625,1790497650.438817,4,478,1,ewma,5,0.9925,0.9855,ON,failed
1790497643.789506,1790497651.4351761,8,554,1,ewma,5,0.9941,0.9933,ON,failed
1790497559.326001,,1,543,2,ewma,5,0.9942,0.9924,OFF,unavailable
1790497559.8393204,,2,537,1,ewma,5,0.9938,0.2533,OFF,unavailable
1790497560.4483225,,5,546,2,ewma,5,0.9933,0.9868,OFF,unavailable
1790497648.7950919,1790497655.833565,5,552,2,ewma,5,0.0,0.0,OFF,failed
1790497565.4789739,,9,549,1,ewma,5,0.9925,0.9933,OFF,unavailable
1790497565.7444866,,10,544,2,ewma,5,0.9878,0.9899,OFF,unavailable
1790497651.7974641,1790497657.9883926,7,553,1,ewma,5,0.0,0.0,OFF,failed
1790497651.7985759,1790497659.5641983,6,552,1,ewma,5,0.0007,0.0004,OFF,failed
1790497567.947907,,4,473,1,ewma,5,0.9933,0.9914,OFF,unavailable
1790497655.801807,1790497663.0384152,9,555,1,ewma,5,0.0,0.0,OFF,failed
1790497656.8036487,1790497663.6203604,3,540,1,ewma,5,0.0,0.0,OFF,failed
1790497654.6630602,1790497663.9489017,8,555,1,ewma,5,0.9938,0.9938,OFF,success
1790497653.6272404,1790497666.2201037,4,479,1,ewma,5,0.9915,0.9901,OFF,failed
1790497659.1696167,1790497669.5596879,5,553,2,ewma,5,0.9915,0.9916,OFF,success
1790497659.787909,1790497670.3897626,2,544,1,ewma,5,0.9938,0.9042,OFF,success
1790497662.7895775,1790497673.047482,6,553,1,ewma,5,0.9933,0.9915,OFF,success
1790497663.7722325,1790497674.7192595,1,550,1,ewma,5,0.9942,0.9924,OFF,success
1790497666.2691488,1790497676.7349296,9,556,1,ewma,5,0.1646,0.0,OFF,success
1790497667.2796862,1790497677.2396631,8,556,1,ewma,5,0.9933,0.9941,OFF,success
1790497666.8455331,1790497677.6405754,3,541,1,ewma,5,0.994,0.9919,OFF,success
1790497669.551325,1790497678.8839703,4,480,1,ewma,5,0.9916,0.9914,OFF,success
1790497673.6081605,1790497683.7914915,2,545,1,ewma,5,0.9943,0.9932,OFF,success
1790497672.9068823,1790497684.6066818,5,554,2,ewma,5,0.9931,0.9933,OFF,failed
1790497681.8127189,1790497687.6128912,6,554,1,ewma,5,0.9938,0.99,OFF,failed
1790497677.997009,1790497688.089568,1,551,1,ewma,5,0.9938,0.9925,OFF,success
1790497680.4628398,1790497691.3671083,8,557,1,ewma,5,0.9933,0.9944,OFF,success
1790497687.0182555,1790497696.9350495,2,546,1,ewma,5,0.9942,0.9938,OFF,success
1790497687.838676,1790497698.8911192,5,555,2,ewma,5,0.9925,0.9932,OFF,success
1790497690.4987514,1790497702.6715682,10,553,1,ewma,5,0.9914,0.9925,ON,failed
1790497690.8402462,1790497702.8411226,6,555,1,ewma,5,0.9942,0.0,ON,failed
1790497691.4573007,1790497703.0413227,7,556,1,ewma,5,0.9937,0.9916,ON,failed
1790497696.8442407,1790497703.2828429,1,552,1,ewma,5,0.9942,0.9925,ON,failed
1790497699.847611,1790497707.4756484,8,558,1,ewma,5,0.0,0.0,OFF,failed
1790497700.2680156,1790497711.3440847,2,547,1,ewma,5,0.9938,0.9939,OFF,success
1790497702.1113632,1790497712.3677328,5,556,2,ewma,5,0.9933,0.9933,OFF,success
1790497706.510693,1790497716.8776484,1,553,1,ewma,5,0.9933,0.9919,OFF,success
1790497710.8543508,1790497718.2006297,10,554,1,ewma,5,0.9924,0.9933,OFF,failed
1790497706.3611407,1790497718.9175954,7,557,1,ewma,5,0.0,0.8887,OFF,failed
1790497710.704135,1790497720.3791187,8,559,1,ewma,5,0.8101,0.8135,OFF,success
1790497710.0636091,1790497720.5450208,9,559,1,ewma,5,0.9931,0.9939,OFF,success
1790497630.9092512,,10,549,1,ewma,5,0.9932,0.9938,OFF,unavailable
1790497716.8603194,1790497723.5428915,4,483,1,ewma,5,0.9885,0.9817,OFF,failed
1790497714.5618935,1790497724.8901017,2,548,1,ewma,5,0.9933,0.9933,OFF,success
1790497632.454592,,2,542,1,ewma,5,0.9943,0.9941,OFF,unavailable
1790497634.684407,,1,548,1,ewma,5,0.9938,0.9933,OFF,unavailable
1790497715.5852416,1790497728.4362397,5,557,2,ewma,5,0.9933,0.9937,OFF,failed
1790497720.2101755,1790497731.423547,1,554,1,ewma,5,0.9925,0.9901,OFF,success
1790497721.4347496,1790497732.1273804,10,555,2,ewma,5,0.9937,0.9943,OFF,success
1790497722.1357424,1790497733.3532667,7,558,2,ewma,5,0.0,0.0,OFF,success
1790497723.977409,1790497734.992588,9,560,1,ewma,5,0.9925,0.9924,OFF,success
1790497728.885059,1790497735.3412163,8,560,1,ewma,5,0.9827,0.9806,OFF,failed
1790497726.7720191,1790497737.2485044,4,484,2,ewma,5,0.9926,0.9901,OFF,success
1790497728.1232939,1790497739.2318995,2,549,1,ewma,5,0.9938,0.9915,OFF,success
1790497731.597144,1790497743.2881105,5,558,2,ewma,5,0.9942,0.9914,OFF,failed
1790497734.649849,1790497747.197314,1,555,1,ewma,5,0.9933,0.99,OFF,failed
1790497736.583506,1790497747.7828934,7,559,2,ewma,5,0.9942,0.9932,OFF,success
1790497738.21223,1790497748.4048119,9,561,1,ewma,5,0.0301,0.0,OFF,success
1790497738.716337,1790497748.72847,8,561,1,ewma,5,0.9868,0.9902,OFF,success
1790497735.357748,1790497748.920755,10,556,2,ewma,5,0.9924,0.9925,OFF,failed
1790497742.8926554,1790497749.5389242,6,558,2,ewma,5,0.9933,0.9841,OFF,failed
1790497740.4741306,1790497750.7640908,4,485,2,ewma,5,0.9925,0.99,OFF,success
1790497743.894288,1790497751.1981883,3,546,1,ewma,5,0.0,0.99,OFF,failed
1790497661.2136772,,7,554,1,ewma,5,0.9933,0.9915,OFF,unavailable
1790497742.511471,1790497752.601398,2,550,1,ewma,5,0.9943,0.9931,OFF,success
1790497750.4155636,1790497760.4928133,1,556,1,ewma,5,0.9933,0.0,OFF,success
1790497755.9123428,1790497763.4613218,7,560,2,ewma,5,0.9914,0.9914,ON,failed
1790497754.4278615,1790497763.8648648,3,547,1,ewma,5,0.9944,0.9937,OFF,success
1790497757.9151657,1790497764.5845299,10,557,2,ewma,5,0.9901,0.9915,ON,failed
1790497752.7680817,1790497764.895051,6,559,1,ewma,5,0.9941,0.9932,OFF,failed
1790497753.9887648,1790497765.2050452,4,486,2,ewma,5,0.9901,0.9901,OFF,success
1790497755.8158133,1790497768.8729825,2,551,1,ewma,5,0.9933,0.9938,ON,failed
1790497679.9608839,,9,557,1,ewma,5,0.9916,0.9939,OFF,unavailable
1790497680.8970482,,3,542,1,ewma,5,0.9932,0.9924,OFF,unavailable
1790497768.9217825,1790497775.9799404,1,557,1,ewma,5,0.0,0.0,OFF,failed
1790497766.688113,1790497776.5657647,7,561,2,ewma,5,0.9914,0.9925,OFF,success
1790497682.106664,,4,481,1,ewma,5,0.9901,0.9914,OFF,unavailable
1790497767.0890596,1790497777.7250543,3,548,1,ewma,5,0.9939,0.9901,OFF,success
1790497767.8063943,1790497778.5147693,10,558,1,ewma,5,0.9926,0.9938,OFF,success
1790497768.4428046,1790497778.6129746,4,487,2,ewma,5,0.9925,0.9924,OFF,success
1790497768.1236439,1790497780.258979,6,560,2,ewma,5,0.9902,0.9886,OFF,failed
1790497772.1010678,1790497782.133398,2,552,1,ewma,5,0.9944,0.9941,OFF,success
1790497775.9004517,1790497787.5533898,5,561,1,ewma,5,0.9933,0.9915,OFF,failed
1790497779.7922726,1790497789.2925243,7,562,2,ewma,5,0.9916,0.9901,OFF,success
1790497779.315199,1790497789.6926641,1,558,1,ewma,5,0.9938,0.9897,OFF,success
1790497780.9582467,1790497790.4063256,3,549,1,ewma,5,0.9942,0.9926,OFF,success
1790497784.9310613,1790497791.7459536,9,564,1,ewma,5,0.8689,0.985,OFF,failed
1790497780.6131759,1790497792.1529975,8,564,1,ewma,5,0.9938,0.9938,OFF,success
1790497783.479281,1790497793.269853,6,561,1,ewma,5,0.9925,0.99,OFF,success
1790497781.8260555,1790497794.0820217,4,488,2,ewma,5,0.9882,0.9899,OFF,failed
1790497786.9332988,1790497794.5967379,10,559,1,ewma,5,0.9915,0.9916,OFF,failed
1790497785.4717457,1790497795.927768,2,553,1,ewma,5,0.9943,0.9937,OFF,success
1790497790.7329433,1790497800.2272158,5,562,2,ewma,5,0.9938,0.9915,OFF,success
1790497709.4432414,,3,544,1,ewma,5,0.9926,0.9915,OFF,unavailable
1790497792.5075583,1790497803.4976103,7,563,2,ewma,5,0.9915,0.9925,OFF,success
1790497792.9255466,1790497804.0279222,1,559,1,ewma,5,0.9933,0.9901,OFF,success
1790497794.9681358,1790497804.4165895,9,565,1,ewma,5,0.0,0.0,OFF,success
1790497793.627643,1790497804.973966,3,550,1,ewma,5,0.9942,0.9933,OFF,failed
1790497796.500416,1790497806.2945352,6,562,1,ewma,5,0.9916,0.9901,OFF,success
1790497711.8566515,,6,556,2,ewma,5,0.9915,0.0,OFF,unavailable
1790497795.385139,1790497806.8782036,8,565,1,ewma,5,0.9939,0.9925,OFF,success
1790497797.3070128,1790497807.3909256,4,489,2,ewma,5,0.9941,0.9924,OFF,success
1790497797.8231506,1790497807.9022899,10,560,1,ewma,5,0.9925,0.9902,OFF,success
1790497799.1498947,1790497810.1554885,2,554,1,ewma,5,0.9942,0.9913,OFF,success
1790497803.4452732,1790497815.8955617,5,563,2,ewma,5,0.9933,0.9916,OFF,failed
1790497806.8283327,1790497817.2248611,7,564,2,ewma,5,0.9925,0.9925,OFF,success
1790497807.2550128,1790497818.052259,1,560,1,ewma,5,0.9941,0.9924,OFF,success
1790497809.519483,1790497819.088411,6,563,1,ewma,5,0.0002,0.7401,OFF,success
1790497814.9497955,1790497822.2382514,8,566,1,ewma,5,0.9942,0.9925,OFF,failed
1790497820.4463058,1790497831.1908422,7,565,2,ewma,5,0.9936,0.9932,OFF,success
1790497822.3115501,1790497831.9638917,6,564,1,ewma,5,0.9921,0.9925,ON,success
1790497821.2811239,1790497832.8091037,1,561,1,ewma,5,0.1562,0.0,ON,failed
1790497746.5130935,,5,559,1,ewma,5,0.9943,0.9932,OFF,unavailable
1790497830.9604418,1790497837.212341,8,567,1,ewma,5,0.0,0.0,OFF,failed
1790497880.4415238,1790497890.6462367,6,568,2,ewma,6,0.0,0.0171,OFF,success
1790497886.457787,1790497892.512035,5,568,1,ewma,6,0.993,0.993,OFF,failed
1790497883.138751,1790497894.0498614,1,565,2,ewma,6,0.9938,0.99,OFF,success
1790497885.397999,1790497896.6261017,9,571,1,ewma,6,0.9915,0.9938,OFF,success
1790497887.516781,1790497898.015528,4,495,2,ewma,6,0.9914,0.9913,OFF,success
1790497887.0066962,1790497899.0429707,10,566,2,ewma,6,0.9925,0.9926,OFF,failed
1790497888.8464305,1790497900.2692997,8,571,2,ewma,6,0.9938,0.9915,OFF,failed
1790497892.0233815,1790497902.1008673,2,560,2,ewma,6,0.9936,0.9929,OFF,success
1790497893.8673859,1790497906.208719,6,569,2,ewma,6,0.9933,0.9915,OFF,failed
1790497896.0127697,1790497906.3385148,7,570,1,ewma,6,0.9915,0.9911,OFF,success
1790497895.7283866,1790497906.9212384,5,569,2,ewma,6,0.0,0.0,OFF,success
1790497897.3688955,1790497907.9902933,1,566,2,ewma,6,0.9943,0.9913,OFF,success
1790497899.8496249,1790497909.6106021,9,572,1,ewma,6,0.9933,0.9941,OFF,success
1790497902.2652292,1790497911.743927,10,567,1,ewma,6,0.9925,0.9942,OFF,success
1790497903.4934068,1790497912.761368,8,572,1,ewma,6,0.9944,0.9924,OFF,success
1790497905.3239756,1790497916.760499,2,561,2,ewma,6,0.9933,0.9901,OFF,failed
1790497909.5521119,1790497920.8692338,7,571,1,ewma,6,0.0528,0.0287,OFF,failed
1790497915.4695745,1790497923.3063393,5,570,2,ewma,6,0.99,0.9868,OFF,failed
1790497916.4712484,1790497923.516005,1,567,2,ewma,6,0.9942,0.9932,OFF,failed
1790497919.9863937,1790497931.7070067,2,562,1,ewma,6,0.9943,0.9932,OFF,success
1790497931.4768677,1790497939.690537,5,571,2,ewma,6,0.0,0.9868,ON,failed
1790497940.484852,1790497946.954506,2,563,1,ewma,6,0.3675,0.9915,ON,failed
1790497948.488679,1790497954.5402524,5,572,1,ewma,6,0.0,0.9912,OFF,failed
1790497950.183392,1790497960.2822726,2,564,1,ewma,6,0.9939,0.9939,OFF,success
1790497952.7515962,1790497963.2474313,7,574,2,ewma,6,0.9933,0.9925,OFF,success
1790497957.2824202,1790497967.137711,6,573,1,ewma,6,0.0,0.0,OFF,success
1790497957.7506163,1790497967.8544934,5,573,2,ewma,6,0.99,0.0,OFF,success
1790497964.504473,1790497971.3312635,1,570,2,ewma,6,0.8804,0.8333,OFF,failed
1790497960.823718,1790497971.4559987,9,576,1,ewma,6,0.9932,0.9933,OFF,success
1790497881.2985365,,3,556,2,ewma,6,0.0008,0.9,OFF,unavailable
1790497967.5074751,1790497973.317655,8,576,1,ewma,6,0.9905,0.989,OFF,failed
1790497966.5055676,1790497974.5152657,4,500,2,ewma,6,0.8887,0.9853,OFF,failed
1790497963.5022416,1790497974.9300394,2,565,1,ewma,6,0.9939,0.9914,OFF,success
1790497966.4620304,1790497976.3735175,7,575,2,ewma,6,0.9925,0.9932,OFF,success
1790497970.3623173,1790497980.7841902,6,574,1,ewma,6,0.9932,0.9925,OFF,success
1790497972.5054128,1790497982.7980516,10,572,1,ewma,6,0.9933,0.9932,OFF,success
1790497971.0770955,1790497983.2348816,5,574,2,ewma,6,0.9942,0.9943,OFF,failed
1790497976.5443666,1790497985.8772883,8,577,1,ewma,6,0.9942,0.9938,OFF,success
1790497980.515359,1790497986.3011177,3,562,2,ewma,6,0.8887,0.8535,OFF,failed
1790497980.5146036,1790497987.1405697,9,577,1,ewma,6,0.3667,0.0,OFF,failed
1790497974.661594,1790497987.7192237,1,571,1,ewma,6,0.0016,0.0016,OFF,failed
1790497983.517591,1790497990.278324,4,501,1,ewma,6,0.9855,0.9911,OFF,failed
1790497983.518827,1790497991.098221,2,566,1,ewma,6,0.9935,0.9924,OFF,failed
1790497979.595718,1790497991.608986,7,576,2,ewma,6,0.9932,0.9925,OFF,failed
1790497901.2387223,,4,496,2,ewma,6,0.9916,0.9902,OFF,unavailable
1790497984.0085773,1790497993.382952,6,575,1,ewma,6,0.9938,0.9924,OFF,success
1790497985.967505,1790497998.262239,10,573,1,ewma,6,0.9924,0.9933,OFF,failed
1790497989.0965664,1790497998.4963539,8,578,1,ewma,6,0.9943,0.9942,OFF,success
1790497986.4467225,1790497999.3186834,5,575,2,ewma,6,0.9942,0.9926,OFF,failed
1790497989.537516,1790497999.491441,3,563,1,ewma,6,0.9942,0.9915,OFF,success
1790497990.9443107,1790498002.6537137,1,572,2,ewma,6,0.9938,0.9899,OFF,failed
1790497990.3635287,1790498003.1847882,9,578,1,ewma,6,0.9932,0.9931,OFF,failed
1790497994.8371332,1790498005.6342535,7,577,2,ewma,6,0.9941,0.9932,OFF,success
1790497912.9183066,,9,573,1,ewma,6,0.9926,0.9916,OFF,unavailable
1790497914.4678905,,6,570,1,ewma,6,0.9923,0.9924,OFF,unavailable
1790497914.950691,,10,568,1,ewma,6,0.0,0.0787,OFF,unavailable
1790497915.9847484,,8,573,1,ewma,6,0.9925,0.9938,OFF,unavailable
1790497917.4728405,,3,558,1,ewma,6,0.8977,0.9862,OFF,unavailable
1790498002.720306,1790498013.6319478,3,564,1,ewma,6,0.9944,0.9925,OFF,success
1790498007.5460997,1790498015.3669891,5,576,2,ewma,6,0.9932,0.9942,ON,failed
1790498006.4077249,1790498016.812188,9,579,2,ewma,6,0.9933,0.9925,ON,success
1790498005.8714871,1790498017.3065965,1,573,1,ewma,6,0.9883,0.9855,ON,failed
1790497924.0811095,,7,572,2,ewma,6,0.9924,0.9924,ON,unavailable
1790498014.5503955,1790498021.205351,7,578,2,ewma,6,0.9941,0.0,OFF,failed
1790498016.8543773,1790498026.351365,3,565,1,ewma,6,0.9938,0.9925,OFF,success
1790497932.4790685,,1,568,2,ewma,6,0.0,0.0,ON,unavailable
1790497935.4817855,,4,498,2,ewma,6,0.0,0.0,ON,unavailable
1790498018.5910904,1790498029.6004434,5,577,1,ewma,6,0.9942,0.9933,OFF,success
1790498020.5369685,1790498030.3152287,1,574,2,ewma,6,0.9938,0.9938,OFF,success
1790498020.0378294,1790498031.956734,9,580,2,ewma,6,0.9932,0.9925,OFF,failed
1790498024.4246933,1790498035.1187801,7,579,2,ewma,6,0.2849,0.0,OFF,success
1790498029.5589895,1790498035.6594143,6,578,1,ewma,6,0.9925,0.9925,OFF,failed
1790498025.249522,1790498036.191513,4,504,2,ewma,6,0.9925,0.9932,OFF,success
1790498026.3721173,1790498036.6621852,2,569,1,ewma,6,0.9942,0.9925,OFF,success
1790498030.081835,1790498040.7808342,10,576,1,ewma,6,0.0145,0.9923,OFF,success
1790498029.5274918,1790498041.6100607,3,566,1,ewma,6,0.994,0.9942,OFF,failed
1790497948.489482,,10,570,1,ewma,6,0.0,0.0,OFF,unavailable
1790498032.9262497,1790498043.323401,5,578,1,ewma,6,0.9933,0.9926,OFF,success
1790498032.108036,1790498043.8493276,8,581,1,ewma,6,0.9933,0.9933,OFF,failed
1790498033.5481658,1790498046.9060469,1,575,2,ewma,6,0.9938,0.9925,OFF,failed
1790498038.3393018,1790498048.9773855,7,580,2,ewma,6,0.9933,0.9937,OFF,success
1790498039.5108373,1790498049.5693634,4,505,2,ewma,6,0.9915,0.9925,OFF,success
1790498044.0145307,1790498055.6429565,10,577,1,ewma,6,0.9915,0.9938,OFF,success
1790498046.5486014,1790498059.8096054,5,579,1,ewma,6,0.0008,0.0002,ON,failed
1790498064.58162,1790498070.2938347,10,578,1,ewma,6,0.0,0.4912,ON,failed
1790498068.5853822,1790498075.8869467,5,580,1,ewma,6,0.0,0.0,OFF,failed
1790498071.5881503,1790498078.340531,9,583,2,ewma,6,0.9914,0.9914,OFF,failed
1790498073.5897655,1790498079.5005655,6,581,1,ewma,6,0.0,0.0,OFF,failed
1790498073.5662384,1790498083.76542,10,579,1,ewma,6,0.9932,0.9942,OFF,success
1790498074.2990496,1790498084.5076547,3,569,1,ewma,6,0.9942,0.9915,OFF,success
1790497993.5019307,,4,502,2,ewma,6,0.9924,0.9924,OFF,unavailable
1790497996.588283,,6,576,1,ewma,6,0.9933,0.9925,OFF,unavailable
1790498077.9936936,1790498088.884944,8,584,1,ewma,6,0.9941,0.9931,OFF,success
1790498079.110774,1790498091.6480176,5,581,1,ewma,6,0.9942,0.9926,OFF,failed
1790497999.5422535,,2,567,1,ewma,6,0.9938,0.9933,OFF,unavailable
1790498001.490682,,10,574,1,ewma,6,0.9932,0.9926,OFF,unavailable
1790498001.7334368,,8,579,1,ewma,6,0.9944,0.9944,OFF,unavailable
1790498082.8956232,1790498093.0922282,1,578,2,ewma,6,0.9938,0.9901,OFF,success
1790498082.7165773,1790498094.1361609,6,582,2,ewma,6,0.9578,0.8804,OFF,success
1790498085.1391864,1790498094.424236,2,573,1,ewma,6,0.9944,0.9943,OFF,success
1790498081.5728393,1790498094.9607563,9,584,1,ewma,6,0.9915,0.9933,OFF,failed
1790498083.636805,1790498095.5427592,4,508,2,ewma,6,0.9937,0.9914,OFF,failed
1790498087.596759,1790498095.5649226,7,583,2,ewma,6,0.8336,0.8333,OFF,failed
1790498087.7294848,1790498097.5985065,3,570,1,ewma,6,0.9942,0.9926,OFF,success
1790498087.09387,1790498098.011183,10,580,1,ewma,6,0.9926,0.9939,OFF,success
1790498092.1021016,1790498102.730977,8,585,1,ewma,6,0.9944,0.9936,OFF,success
1790498094.9140341,1790498105.5974298,5,582,1,ewma,6,0.9938,0.9924,OFF,success
1790498096.3098872,1790498106.6128652,1,579,2,ewma,6,0.9926,0.9915,OFF,success
1790498097.3272054,1790498108.5665002,6,583,2,ewma,6,0.9925,0.9915,OFF,success
1790498097.6555967,1790498109.5041256,2,574,1,ewma,6,0.0,0.0034,OFF,failed
1790498098.7889252,1790498110.021817,7,584,2,ewma,6,0.988,0.9925,OFF,success
1790498103.6069005,1790498111.11742,9,585,2,ewma,6,0.9915,0.9915,OFF,failed
1790498100.8169873,1790498112.172142,3,571,1,ewma,6,0.99,0.99,OFF,success
1790498108.8297615,1790498118.4795105,5,583,1,ewma,6,0.9942,0.9932,OFF,success
1790498111.7900665,1790498124.9566195,6,584,2,ewma,6,0.9926,0.9882,ON,failed
1790498119.6375535,1790498126.594135,9,586,1,ewma,6,0.0,0.0,ON,failed
1790498035.1888185,,9,581,2,ewma,6,0.9902,0.9914,OFF,unavailable
1790498120.6395059,1790498127.699692,3,572,1,ewma,6,0.0081,0.0001,ON,failed
1790498038.8829734,,6,579,1,ewma,6,0.002,0.9767,OFF,unavailable
1790498039.8889554,,2,570,1,ewma,6,0.9938,0.9925,OFF,unavailable
1790498126.6442344,1790498134.382821,5,584,1,ewma,6,0.0,0.0,OFF,failed
1790498044.8374112,,3,567,1,ewma,6,0.9941,0.9925,OFF,unavailable
1790498047.100783,,8,582,1,ewma,6,0.9942,0.9916,ON,unavailable
1790498130.6243255,1790498140.0970776,4,511,2,ewma,6,0.0,0.9893,OFF,success
1790498129.8208292,1790498140.5211823,9,587,2,ewma,6,0.9925,0.9925,OFF,success
1790498133.6635175,1790498140.601593,6,585,2,ewma,6,0.9821,0.9923,OFF,failed
1790498131.4376357,1790498141.2141945,10,583,1,ewma,6,0.9932,0.9925,OFF,success
1790498130.9224923,1790498141.8320966,3,573,1,ewma,6,0.9938,0.9925,OFF,success
1790498136.755986,1790498147.288752,8,588,1,ewma,6,0.9944,0.9943,OFF,success
1790498055.5735443,,1,576,2,ewma,6,0.9262,0.9603,ON,unavailable
1790498137.5626957,1790498147.8611476,5,585,1,ewma,6,0.9933,0.9924,OFF,success
1790498138.587666,1790498148.3083055,1,582,2,ewma,6,0.9933,0.9932,OFF,success
1790498057.5761096,,7,581,2,ewma,6,0.0008,0.0005,ON,unavailable
1790498057.5770376,,4,506,2,ewma,6,0.0,0.0,ON,unavailable
1790498140.2520242,1790498152.601788,2,577,1,ewma,6,0.9938,0.9925,OFF,failed
1790498143.8217256,1790498153.8407717,6,586,1,ewma,6,0.9375,0.0,OFF,success
1790498144.442204,1790498154.3275657,10,584,1,ewma,6,0.9915,0.9915,OFF,success
1790498148.6730368,1790498154.8316107,9,588,2,ewma,6,0.9856,0.9925,OFF,failed
1790498145.056216,1790498154.9895434,3,574,1,ewma,6,0.9938,0.9915,OFF,success
1790498150.5211573,1790498160.3988814,8,589,1,ewma,6,0.9942,0.9932,OFF,success
1790498151.0872545,1790498162.3086712,5,586,1,ewma,6,0.9914,0.9932,OFF,success
1790498151.5011456,1790498162.6311586,1,583,2,ewma,6,0.9938,0.9914,OFF,success
1790498207.2234821,1790498216.6869898,4,516,2,random,6,0.9902,0.9901,OFF,success
1790498209.2712865,1790498218.7542825,8,593,2,random,6,0.9941,0.9933,OFF,success
1790498221.264371,1790498234.2993298,9,593,2,random,6,0.9914,0.9938,ON,failed
1790498222.0726044,1790498234.811378,8,594,1,random,6,0.9937,0.9926,ON,failed
1790498238.0368042,1790498247.6175725,8,595,2,random,6,0.0,0.0,OFF,success
1790498237.5218964,1790498248.141313,9,594,2,random,6,0.9925,0.9938,OFF,success
1790498239.980146,1790498250.8871768,1,589,2,random,6,0.9926,0.9881,OFF,success
1790498247.3573008,1790498259.295979,2,584,1,random,6,0.9938,0.9915,OFF,failed
1790498249.2990956,1790498259.9181585,10,591,1,random,6,0.9925,0.9943,OFF,success
1790498250.5283272,1790498260.7372499,6,593,1,random,6,0.9925,0.9915,OFF,success
1790498251.371663,1790498261.5378616,9,595,1,random,6,0.9882,0.9914,OFF,success
1790498250.8387895,1790498261.7384233,8,596,1,random,6,0.9915,0.9923,OFF,success
1790498250.035118,1790498263.274043,4,519,1,random,6,0.0,0.0,OFF,failed
1790498251.671645,1790498264.6053903,7,594,2,random,6,0.99,0.9925,OFF,failed
1790498259.1645222,1790498266.4365864,1,590,1,random,6,0.9941,0.9936,OFF,failed
1790498263.1448443,1790498273.4441633,10,592,1,random,6,0.989,0.9938,OFF,success
1790498262.631925,1790498274.8896408,2,585,2,random,6,0.9943,0.9926,OFF,failed
1790498263.9686964,1790498275.4885437,6,594,2,random,6,0.9933,0.9925,OFF,success
1790498265.0729043,1790498275.5891426,8,597,2,random,6,0.993,0.9936,OFF,success
1790498266.0960126,1790498276.269598,3,582,2,random,6,0.0,0.0,OFF,success
1790498270.167767,1790498276.6286407,9,596,1,random,6,0.9932,0.9942,OFF,failed
1790498272.1699364,1790498278.941417,4,520,1,random,6,0.8535,0.8073,OFF,failed
1790498267.767235,1790498279.136994,7,595,1,random,6,0.9915,0.9915,OFF,success
1790498269.6151466,1790498280.280246,1,591,2,random,6,0.0,0.0,OFF,success
1790498278.5194812,1790498289.4285965,6,595,1,random,6,0.9925,0.9914,OFF,success
1790498278.8112094,1790498291.5390663,8,598,1,random,6,0.9933,0.9901,OFF,failed
1790498286.181783,1790498297.2844107,5,595,2,random,6,0.9933,0.9901,OFF,success
1790498208.8363895,,5,590,2,random,6,0.9933,0.9932,OFF,unavailable
1790498210.7045584,,1,587,1,random,6,0.9942,0.9914,OFF,unavailable
1790498298.187508,1790498305.8002958,6,596,1,random,6,0.0,0.0,ON,failed
1790498306.1926923,1790498312.2576258,5,596,1,random,6,0.0082,0.002,OFF,failed
1790498218.172365,,2,582,1,random,6,0.9938,0.9901,OFF,unavailable
1790498218.6176486,,3,579,2,random,6,0.9938,0.9915,OFF,unavailable
1790498219.329022,,10,589,2,random,6,0.4891,0.9705,OFF,unavailable
1790498220.3339543,,6,591,2,random,6,0.9932,0.9899,ON,unavailable
1790498221.6394615,,7,592,1,random,6,0.9,0.0173,ON,unavailable
1790498225.1559317,,4,517,1,random,6,0.0,0.0,ON,unavailable
1790498307.976689,1790498318.2655652,10,595,1,random,6,0.9931,0.0,OFF,success
1790498308.493698,1790498319.190856,3,585,2,random,6,0.9939,0.9933,OFF,success
1790498310.9537294,1790498320.7428677,7,598,1,random,6,0.9938,0.9923,OFF,success
1790498309.0194364,1790498320.9251285,6,597,2,random,6,0.9937,0.9923,OFF,failed
1790498315.1991813,1790498322.2602782,2,588,1,random,6,0.9916,0.9933,OFF,failed
1790498312.589019,1790498322.7726083,1,594,2,random,6,0.9938,0.9924,OFF,success
1790498315.485528,1790498326.8654444,5,597,1,random,6,0.9938,0.9925,OFF,success
1790498324.1544356,1790498333.5221283,6,598,2,random,6,0.9916,0.9897,OFF,success
1790498325.4877841,1790498335.59805,2,589,2,random,6,0.0,0.0148,OFF,success
1790498329.2043567,1790498336.790126,7,599,1,random,6,0.9923,0.994,OFF,failed
1790498330.2052357,1790498338.0224848,8,601,2,random,6,0.0,0.7923,OFF,failed
1790498244.1604223,,5,592,1,random,6,0.9926,0.9915,OFF,unavailable
1790498328.2859063,1790498338.6484365,4,524,2,random,6,0.9914,0.9933,OFF,success
1790498330.0905948,1790498340.797684,5,598,1,random,6,0.9942,0.9941,OFF,success
1790498336.7515779,1790498349.4396834,6,599,1,random,6,0.9914,0.9925,ON,failed
1790498349.2195938,1790498356.6596482,5,599,1,random,6,0.2051,0.2533,ON,failed
1790498358.2241356,1790498365.1742663,6,600,2,random,6,0.0,0.0,OFF,failed
1790498359.2262795,1790498366.2899566,1,597,2,random,6,0.1392,0.0002,OFF,failed
1790498276.6846375,,10,593,2,random,6,0.9938,0.9942,OFF,unavailable
1790498359.888617,1790498370.5021114,5,600,2,random,6,0.9938,0.9925,OFF,success
1790498279.5346606,,3,583,2,random,6,0.9942,0.9933,OFF,unavailable
1790498279.8101888,,9,597,1,random,6,0.9937,0.9916,OFF,unavailable
1790498282.3994288,,7,596,1,random,6,0.9857,0.9925,OFF,unavailable
1790498283.1787195,,2,586,2,random,6,0.9939,0.9938,OFF,unavailable
1790498283.5011299,,1,592,2,random,6,0.9942,0.994,OFF,unavailable
1790498287.1831422,,4,521,1,random,6,0.9853,0.8073,ON,unavailable
1790498367.3777902,1790498379.3202665,3,589,1,random,6,0.9938,0.9914,OFF,success
1790498371.0630136,1790498381.8724878,7,602,1,random,6,0.9908,0.0124,OFF,success
1790498372.387477,1790498382.7082403,9,603,2,random,6,0.9933,0.9915,OFF,success
1790498373.7383976,1790498385.1619277,5,601,1,random,6,0.9942,0.9914,OFF,success
1790498300.1897771,,8,599,1,random,6,0.8968,0.7923,OFF,unavailable
1790498388.239262,1790498394.068716,3,590,2,random,6,0.9938,0.6075,OFF,failed
1790498390.2417922,1790498397.155952,7,603,2,random,6,0.0,0.0,OFF,failed
1790498391.2438798,1790498397.9380453,9,604,1,random,6,0.0,0.0,OFF,failed
1790498393.246192,1790498400.903404,5,602,2,random,6,0.9933,0.0,OFF,failed
1790498310.0424676,,9,599,2,random,6,0.9872,0.9898,OFF,unavailable
1790498396.5537539,1790498406.7797658,10,601,2,random,6,0.9929,0.9941,OFF,success
1790498398.1887918,1790498407.766105,2,594,2,random,6,0.9933,0.6074,OFF,success
1790498397.2636063,1790498408.9917266,3,591,2,random,6,0.9938,0.9915,OFF,failed
1790498399.3399572,1790498409.342609,6,603,2,random,6,0.9916,0.9926,OFF,success
1790498398.590479,1790498409.9779136,1,600,1,random,6,0.9933,0.9914,OFF,success
1790498400.360315,1790498410.357519,8,606,2,random,6,0.9846,0.9937,OFF,success
1790498401.1621778,1790498411.6545045,9,605,1,random,6,0.9933,0.9925,OFF,success
1790498400.4527998,1790498411.9617984,7,604,2,random,6,0.0,0.3028,OFF,failed
1790498321.5019343,,10,596,1,random,6,0.9932,0.9944,OFF,unavailable
1790498322.4137323,,3,586,1,random,6,0.9942,0.9925,OFF,unavailable
1790498402.294292,1790498413.4916584,4,529,2,random,6,0.9916,0.9926,OFF,success
1790498404.1286993,1790498414.4190156,5,603,1,random,6,0.9939,0.9926,OFF,success
1790498325.9994912,,1,595,1,random,6,0.9942,0.9924,OFF,unavailable
1790498410.990973,1790498420.6687906,2,595,1,random,6,0.9944,0.9925,OFF,success
1790498410.0053735,1790498422.105926,10,602,1,random,6,0.9925,0.9942,OFF,failed
1790498412.2233856,1790498423.1221335,3,592,1,random,6,0.9933,0.9915,OFF,success
1790498412.9666793,1790498423.833255,6,604,1,random,6,0.9925,0.9925,OFF,success
1790498413.0382023,1790498424.4932158,1,601,2,random,6,0.0,0.0,OFF,failed
1790498414.8664315,1790498426.0135055,9,606,1,random,6,0.9931,0.9938,OFF,success
1790498415.1697946,1790498426.0968826,7,605,1,random,6,0.9916,0.9927,OFF,success
1790498419.2732184,1790498426.6454785,8,607,2,random,6,0.9942,0.9933,OFF,failed
1790498416.7142992,1790498429.372139,4,530,1,random,6,0.9932,0.9937,OFF,failed
1790498427.0488725,1790498438.1038146,6,605,2,random,6,0.9933,0.9932,OFF,success
1790498344.2115548,,2,590,1,random,6,0.0,0.0,ON,unavailable
1790498345.2132585,,7,600,1,random,6,0.0,0.9926,ON,unavailable
1790498346.2152512,,8,602,2,random,6,0.0,0.0,ON,unavailable
1790498347.2171016,,4,525,1,random,6,0.0,0.0,ON,unavailable
1790498427.7072968,1790498440.2291179,1,602,2,random,6,0.9938,0.9915,ON,failed
1790498429.3275697,1790498441.4598074,7,606,2,random,6,0.9855,0.0322,ON,failed
1790498434.2898452,1790498441.6480072,9,607,2,random,6,0.9925,0.9925,ON,failed
1790498429.8688848,1790498442.002985,8,608,1,random,6,0.9938,0.9925,ON,failed
1790498438.2931907,1790498444.939885,4,531,2,random,6,0.4675,0.6192,OFF,failed
1790498443.472997,1790498453.7557185,1,603,1,random,6,0.9933,0.9915,OFF,success
1790498441.32101,1790498454.146307,6,606,2,random,6,0.9932,0.9925,OFF,failed
1790498445.2254539,1790498455.9119227,8,609,2,random,6,0.9938,0.9915,OFF,success
1790498450.3007789,1790498456.6525412,9,608,2,random,6,0.988,0.777,OFF,failed
1790498450.2999372,1790498457.223456,7,607,2,random,6,0.9767,0.8793,OFF,failed
1790498446.0168638,1790498457.2276583,5,606,2,random,6,0.9933,0.9925,OFF,success
1790498448.1594229,1790498459.6855555,4,532,1,random,6,0.9901,0.9925,OFF,failed
1790498368.9291654,,10,599,2,random,6,0.0,0.0,OFF,unavailable
1790498369.5201242,,1,598,1,random,6,0.9937,0.9896,OFF,unavailable
1790498371.3705306,,8,604,1,random,6,0.9939,0.9937,OFF,unavailable
1790498454.649381,1790498464.8934608,10,605,1,random,6,0.9937,0.9937,OFF,success
1790498460.3085518,1790498466.3672059,3,595,1,random,6,0.8692,0.0008,OFF,failed
1790498457.3998082,1790498466.8376424,6,607,1,random,6,0.9924,0.9912,OFF,success
1790498459.3068285,1790498467.3681908,2,598,2,random,6,0.9855,0.989,OFF,failed
1790498373.231997,,2,592,2,random,6,0.8887,0.8535,OFF,unavailable
1790498374.2260199,,4,527,1,random,6,0.9925,0.99,OFF,unavailable
1790498374.2333086,,6,601,2,random,6,0.8804,0.8887,OFF,unavailable
1790498459.1278949,1790498468.790349,8,610,2,random,6,0.9942,0.9925,OFF,success
1790498456.9672244,1790498469.7192357,1,604,2,random,6,0.9933,0.9925,OFF,failed
1790498459.8610058,1790498469.8482394,9,609,1,random,6,0.9932,0.9938,OFF,success
1790498460.5542154,1790498471.9740846,7,608,1,random,6,0.9767,0.3745,OFF,failed
1790498460.5549562,1790498473.2320378,5,607,2,random,6,0.5375,0.9925,OFF,failed
1790498462.900453,1790498475.6548436,4,533,1,random,6,0.9925,0.993,OFF,failed
1790498468.065477,1790498478.8338916,10,606,1,random,6,0.9915,0.9942,OFF,success
1790498470.0081284,1790498479.4578683,6,608,1,random,6,0.9914,0.9915,OFF,success
1790498470.5856917,1790498480.1892624,2,599,1,random,6,0.9938,0.9941,OFF,success
1790498472.0171556,1790498481.4782681,8,611,1,random,6,0.9939,0.9938,OFF,success
1790498469.4996552,1790498482.0349317,3,596,1,random,6,0.9942,0.9924,OFF,failed
1790498478.3191276,1790498485.0980768,1,605,2,random,6,0.9883,0.9915,OFF,failed
1790498478.320113,1790498486.3264349,9,610,2,random,6,0.0,0.0,OFF,failed
1790498483.4132779,1790498496.755335,2,600,2,random,6,0.9942,0.9925,OFF,failed
1790498485.2587106,1790498498.0861828,3,597,1,random,6,0.9942,0.9925,ON,failed
1790498545.805568,1790498551.4529212,4,538,2,state-aware,6,0.8407,0.9,ON,failed
1790498551.808242,1790498559.5264015,2,604,1,state-aware,6,0.0532,0.0,OFF,failed
1790498552.8099566,1790498560.1359417,8,616,2,state-aware,6,0.0092,0.0187,OFF,failed
1790498554.8879907,1790498566.2822087,4,539,1,state-aware,6,0.9871,0.9925,OFF,success
1790498554.8873003,1790498567.0194507,5,613,2,state-aware,6,0.9925,0.9938,OFF,failed
1790498561.5297196,1790498570.8936896,10,612,2,state-aware,6,0.9916,0.9926,OFF,success
1790498559.7794204,1790498571.3927279,6,614,1,state-aware,6,0.9915,0.9901,OFF,failed
1790498563.5686092,1790498573.9567006,3,602,1,state-aware,6,0.9944,0.9931,OFF,success
1790498568.8140516,1790498574.9014704,8,617,2,state-aware,6,0.0008,0.0,OFF,failed
1790498562.7500508,1790498575.1783946,2,605,2,state-aware,6,0.9942,0.9923,OFF,failed
1790498566.127793,1790498577.3473685,7,615,1,state-aware,6,0.9925,0.9919,OFF,success
1790498567.6600394,1790498578.6738765,1,611,1,state-aware,6,0.9942,0.9932,OFF,success
1790498567.0570438,1790498580.011028,9,616,2,state-aware,6,0.926,0.9465,OFF,failed
1790498569.6096249,1790498580.8427618,4,540,1,state-aware,6,0.9933,0.9899,OFF,success
1790498570.2446392,1790498581.4348907,5,614,1,state-aware,6,0.9937,0.9942,OFF,success
1790498574.654251,1790498584.2077672,6,615,2,state-aware,6,0.9925,0.9938,OFF,success
1790498574.1149693,1790498585.1136358,10,613,1,state-aware,6,0.9938,0.9942,OFF,success
1790498578.1357024,1790498587.9857001,8,618,1,state-aware,6,0.9936,0.9924,OFF,success
1790498578.4182205,1790498588.910379,2,606,1,state-aware,6,0.9941,0.9925,OFF,success
1790498577.184614,1790498589.428068,3,603,2,state-aware,6,0.9938,0.9933,OFF,failed
1790498581.989357,1790498592.5166109,1,612,2,state-aware,6,0.9933,0.9883,OFF,success
1790498580.6982846,1790498592.9077127,7,616,2,state-aware,6,0.9915,0.9916,OFF,failed
1790498584.6607757,1790498594.3423302,5,615,1,state-aware,6,0.9925,0.9938,OFF,success
1790498583.2300599,1790498594.8535087,9,617,1,state-aware,6,0.9925,0.9925,OFF,success
1790498587.5512788,1790498599.7674115,6,616,2,state-aware,6,0.9925,0.9914,OFF,failed
1790498607.8250918,1790498614.9545665,6,617,1,state-aware,6,0.9925,0.9932,ON,failed
1790498617.6405358,1790498628.8509843,10,616,2,state-aware,6,0.9901,0.9933,OFF,success
1790498618.2839966,1790498630.5896952,6,618,2,state-aware,6,0.9938,0.9914,OFF,failed
1790498620.6429207,1790498631.7237926,2,609,2,state-aware,6,0.9942,0.9942,OFF,success
1790498622.6572537,1790498632.7336485,3,606,1,state-aware,6,0.9938,0.9932,OFF,success
1790498624.592198,1790498635.190852,1,615,2,state-aware,6,0.7777,0.9914,OFF,success
1790498624.8124537,1790498635.8524308,7,619,1,state-aware,6,0.9861,0.9865,OFF,success
1790498626.4544275,1790498637.34239,5,618,1,state-aware,6,0.9915,0.9925,OFF,success
1790498628.5934155,1790498639.4992595,9,620,1,state-aware,6,0.9932,0.9937,OFF,success
1790498630.0475469,1790498641.9642675,4,544,1,state-aware,6,0.9938,0.99,OFF,failed
1790498632.1854236,1790498643.0874739,10,617,1,state-aware,6,0.9925,0.9933,OFF,success
1790498633.822774,1790498645.145486,6,619,1,state-aware,6,0.9932,0.9925,OFF,success
1790498635.9762383,1790498646.4929738,3,607,1,state-aware,6,0.9938,0.9938,OFF,success
1790498634.9425793,1790498647.5848248,2,610,2,state-aware,6,0.0016,0.9687,OFF,failed
1790498639.0712206,1790498648.493099,7,620,1,state-aware,6,0.9914,0.9899,OFF,success
1790498638.3588102,1790498649.012645,1,616,1,state-aware,6,0.9938,0.9938,OFF,success
1790498640.5714786,1790498651.9259238,5,619,1,state-aware,6,0.9938,0.9938,OFF,success
1790498642.7322242,1790498652.2992983,9,621,1,state-aware,6,0.9933,0.9938,OFF,success
1790498645.1942694,1790498657.009257,4,545,2,state-aware,6,0.9914,0.99,OFF,failed
1790498646.3062294,1790498657.308322,10,618,2,state-aware,6,0.9916,0.9933,OFF,success
1790498648.368048,1790498657.9295542,6,620,1,state-aware,6,0.9943,0.9933,OFF,success
1790498649.8177462,1790498660.4064007,3,608,1,state-aware,6,0.9938,0.9932,OFF,success
1790498650.3269153,1790498662.1263654,8,623,2,state-aware,6,0.0719,0.7163,OFF,failed
1790498652.1930108,1790498664.1801145,1,617,1,state-aware,6,0.9933,0.9901,OFF,failed
1790498655.2395616,1790498665.20291,5,620,1,state-aware,6,0.9937,0.9933,OFF,success
1790498655.6123781,1790498666.8410983,9,622,1,state-aware,6,0.9912,0.9896,OFF,success
1790498661.1587195,1790498672.2696867,6,621,1,state-aware,6,0.9938,0.9915,OFF,success
1790498660.232028,1790498673.5851827,4,546,1,state-aware,6,0.9883,0.99,OFF,failed
1790498663.7325168,1790498673.8320532,3,609,1,state-aware,6,0.9938,0.9933,OFF,success
1790498665.3415856,1790498677.9940894,8,624,2,state-aware,6,0.3018,0.7163,OFF,failed
1790498584.1728663,,4,541,1,state-aware,6,0.9932,0.9879,OFF,unavailable
1790498588.3830264,,10,614,2,state-aware,6,0.9914,0.9926,OFF,unavailable
1790498670.0639431,1790498682.9234755,9,623,1,state-aware,6,0.9925,0.9938,OFF,failed
1790498591.1450534,,8,619,1,state-aware,6,0.9926,0.9939,OFF,unavailable
1790498592.1397793,,2,607,2,state-aware,6,0.9941,0.9932,OFF,unavailable
1790498592.64448,,3,604,1,state-aware,6,0.9925,0.9915,OFF,unavailable
1790498680.8685253,1790498687.4221907,6,622,1,state-aware,6,0.0,0.0,ON,failed
1790498681.8703563,1790498688.3704486,4,547,1,state-aware,6,0.0016,0.0,OFF,failed
1790498595.9401875,,1,613,2,state-aware,6,0.7141,0.9937,OFF,unavailable
1790498596.1288242,,7,617,1,state-aware,6,0.9923,0.9932,OFF,unavailable
1790498597.5673656,,5,616,1,state-aware,6,0.9883,0.9915,ON,unavailable
1790498598.0903082,,9,618,2,state-aware,6,0.0062,0.0904,ON,unavailable
1790498681.871093,1790498688.9860034,3,610,1,state-aware,6,0.0,0.0,OFF,failed
1790498685.874274,1790498692.4364471,2,613,2,state-aware,6,0.0029,0.0054,OFF,failed
1790498686.8760412,1790498694.177096,8,625,1,state-aware,6,0.0,0.0,OFF,failed
1790498686.1415973,1790498697.97382,9,624,2,state-aware,6,0.9924,0.9941,OFF,failed
1790498689.8193796,1790498701.0541635,10,621,1,state-aware,6,0.9925,0.9938,OFF,success
1790498690.6773975,1790498702.9080112,6,623,2,state-aware,6,0.9941,0.9925,OFF,failed
1790498697.8816886,1790498704.0069845,3,611,2,state-aware,6,0.9885,0.9853,OFF,failed
1790498691.8080091,1790498705.040711,4,548,1,state-aware,6,0.0,0.0,OFF,failed
1790498696.402189,1790498705.6493146,1,620,2,state-aware,6,0.9938,0.9932,OFF,success
1790498697.4011877,1790498707.9050179,8,626,1,state-aware,6,0.9933,0.9925,OFF,success
1790498695.6657681,1790498708.621673,2,614,1,state-aware,6,0.9938,0.9925,OFF,failed
1790498698.8329945,1790498710.0934448,5,623,1,state-aware,6,0.9926,0.9932,OFF,success
1790498701.2969813,1790498711.4893417,9,625,1,state-aware,6,0.9933,0.9915,OFF,success
1790498621.7351959,,8,621,1,state-aware,6,0.9925,0.9938,OFF,unavailable
1790498716.8895721,1790498724.6339717,2,615,1,state-aware,6,0.9926,0.9915,ON,failed
1790498714.7113154,1790498725.6195505,9,626,1,state-aware,6,0.9915,0.9933,ON,success
1790498728.8458035,1790498738.7547343,9,627,1,state-aware,6,0.9901,0.9901,OFF,success
1790498732.8959157,1790498740.6581337,2,616,1,state-aware,6,0.0097,0.0076,OFF,failed
1790498732.73955,1790498742.2046633,10,624,2,state-aware,6,0.9914,0.9933,OFF,success
1790498651.7679732,,7,621,1,state-aware,6,0.9915,0.9926,OFF,unavailable
1790498736.525245,1790498747.8391855,6,626,1,state-aware,6,0.9942,0.9932,OFF,success
1790498735.216853,1790498748.2497768,3,614,1,state-aware,6,0.9942,0.9942,OFF,failed
1790498655.85946,,2,611,1,state-aware,6,0.9891,0.9932,OFF,unavailable
1790498739.6123474,1790498749.2689662,8,629,1,state-aware,6,0.9942,0.9942,OFF,success
1790498741.8849611,1790498751.4260137,9,628,1,state-aware,6,0.9938,0.9938,OFF,success
1790498740.1982603,1790498751.9359262,1,623,2,state-aware,6,0.0001,0.0008,OFF,failed
1790498740.6411026,1790498753.2633846,5,626,1,state-aware,6,0.9932,0.9911,OFF,failed
1790498743.9885032,1790498753.570505,2,617,2,state-aware,6,0.9936,0.991,OFF,success
1790498660.5386984,,10,619,1,state-aware,6,0.9925,0.9942,OFF,unavailable
1790498667.4090173,,1,618,2,state-aware,6,0.9942,0.9925,OFF,unavailable
1790498668.4625912,,5,621,1,state-aware,6,0.9942,0.9925,OFF,unavailable
1790498752.5007179,1790498762.9901402,8,630,1,state-aware,6,0.9925,0.9925,OFF,success
1790498754.645746,1790498767.0897832,9,629,1,state-aware,6,0.164,0.5214,OFF,failed
1790498755.1632726,1790498768.3384655,1,624,1,state-aware,6,0.9935,0.9912,ON,failed
1790498756.4919693,1790498769.681098,5,627,2,state-aware,6,0.9926,0.9915,ON,failed
1790498757.5417333,1790498770.5939357,7,628,1,state-aware,6,0.9924,0.9924,ON,failed
1790498771.919014,1790498778.957081,8,631,1,state-aware,6,0.9925,0.9915,OFF,failed
1790498770.3093066,1790498780.0945454,9,630,2,state-aware,6,0.9932,0.9941,OFF,success
1790498771.5537815,1790498782.3901463,1,625,2,state-aware,6,0.9943,0.9924,OFF,success
1790498775.9222076,1790498782.8677995,4,553,2,state-aware,6,0.9916,0.9901,OFF,failed
1790498772.860672,1790498783.3704095,5,628,1,state-aware,6,0.9901,0.9916,OFF,success
1790498774.4314044,1790498784.1984801,10,627,2,state-aware,6,0.9932,0.9933,OFF,success
1790498773.8208966,1790498786.7480288,7,629,2,state-aware,6,0.9913,0.9924,OFF,failed
1790498698.12309,,7,624,1,state-aware,6,0.9914,0.993,OFF,unavailable
1790498781.596187,1790498791.6658502,6,629,1,state-aware,6,0.0,0.0001,OFF,success
1790498781.0805728,1790498792.1124935,3,617,2,state-aware,6,0.9926,0.9915,OFF,success
1790498787.9290743,1790498793.2019582,8,632,1,state-aware,6,0.9933,0.9943,OFF,failed
1790498783.3204622,1790498795.8637214,9,631,2,state-aware,6,0.9915,0.9933,OFF,failed
1790498785.6655657,1790498796.687018,1,626,2,state-aware,6,0.9938,0.9914,OFF,success
1790498704.269854,,10,622,2,state-aware,6,0.9915,0.9933,OFF,unavailable
1790498706.1400955,,6,624,1,state-aware,6,0.9926,0.9925,OFF,unavailable
1790498707.1671343,,3,612,1,state-aware,6,0.9933,0.9933,OFF,unavailable
1790498708.256407,,4,549,2,state-aware,6,0.9933,0.9913,OFF,unavailable
1790498791.9326165,1790498799.7839582,5,629,1,state-aware,6,0.0,0.0,OFF,failed
1790498789.9801416,1790498800.8944156,7,630,1,state-aware,6,0.9933,0.9926,OFF,success
1790498708.8711598,,1,621,2,state-aware,6,0.9938,0.9933,OFF,unavailable
1790498711.1326327,,8,627,1,state-aware,6,0.9943,0.9944,OFF,unavailable
1790498713.3126051,,5,624,1,state-aware,6,0.9942,0.9944,ON,unavailable
1790498794.8950033,1790498805.5915735,6,630,1,state-aware,6,0.9938,0.9925,OFF,success
1790498795.4957013,1790498806.7181954,3,618,2,state-aware,6,0.9939,0.9915,OFF,failed
1790498796.5292761,1790498808.974765,8,633,1,state-aware,6,0.9933,0.9942,OFF,failed
1790498799.0850124,1790498812.1436987,9,632,1,state-aware,6,0.9915,0.9925,ON,failed
1790498804.94184,1790498812.55908,1,627,2,state-aware,6,0.9942,0.9914,ON,failed
1790498807.9448283,1790498815.8732433,5,630,1,state-aware,6,0.0094,0.017,OFF,failed
1790498808.9469123,1790498816.8463914,7,631,1,state-aware,6,0.7111,0.4911,OFF,failed
1790498809.9360812,1790498819.926424,3,619,1,state-aware,6,0.9938,0.9915,OFF,success
1790498813.9510174,1790498822.1168642,6,631,1,state-aware,6,0.0,0.0,OFF,failed
1790498812.3149714,1790498824.6425452,8,634,2,state-aware,6,0.9938,0.9933,OFF,failed
1790498815.365761,1790498826.0733263,9,633,2,state-aware,6,0.9815,0.9893,OFF,success
1790498818.340186,1790498827.9025428,2,622,2,state-aware,6,0.9943,0.9943,OFF,success
1790498820.9593544,1790498828.5170994,1,628,2,state-aware,6,0.9926,0.9932,OFF,failed
1790498819.0921235,1790498828.6216705,5,631,2,state-aware,6,0.9933,0.9932,OFF,success
1790498873.3161879,1790498885.401039,9,637,1,round-robin,6,0.9915,0.9938,ON,failed
1790498874.3940969,1790498887.2042966,8,638,1,round-robin,6,0.9933,0.9938,ON,failed
1790498893.4648876,1790498901.3366666,9,638,2,round-robin,6,0.6075,0.2409,UNKNOWN,failed
1790498895.466297,1790498901.8557458,8,639,2,round-robin,6,0.0974,0.0977,OFF,failed
1790498897.7195148,1790498904.4317276,1,633,1,round-robin,6,0.0,0.9922,OFF,failed
1790498903.4695897,1790498905.1282384,2,627,1,round-robin,6,0.9899,0.99,OFF,failed
1790498897.5620713,1790498905.671787,4,561,1,round-robin,6,0.9932,0.9924,OFF,failed
1790498897.5810988,1790498907.8213315,5,636,1,round-robin,6,0.9943,0.9933,OFF,failed
1790498897.6188366,1790498909.02915,6,637,2,round-robin,6,0.9901,0.9914,OFF,failed
1790498898.3309305,1790498909.2204998,10,635,1,round-robin,6,0.9933,0.9944,OFF,success
1790498897.789707,1790498909.4548635,7,637,1,round-robin,6,0.0962,0.0019,OFF,success
1790498897.6000304,1790498909.5257137,3,625,2,round-robin,6,0.9942,0.9933,OFF,failed
1790498904.562329,1790498914.074208,9,639,1,round-robin,6,0.9931,0.9925,OFF,success
1790498905.080263,1790498914.9451709,8,640,1,round-robin,6,0.9938,0.9925,OFF,success
1790498908.4584446,1790498918.6485577,2,628,2,round-robin,6,0.3666,0.9882,OFF,success
1790498914.4732285,1790498920.3948364,4,562,2,round-robin,6,0.9924,0.9925,OFF,failed
1790498907.6514425,1790498920.9325135,1,634,2,round-robin,6,0.9938,0.9914,OFF,failed
1790498911.1433778,1790498921.2084837,5,637,2,round-robin,6,0.9942,0.9932,OFF,success
1790498912.6728957,1790498923.041926,7,638,2,round-robin,6,0.078,0.6757,OFF,success
1790498917.475624,1790498924.0684826,6,638,1,round-robin,6,0.9933,0.9915,OFF,failed
1790498918.476964,1790498924.8081224,3,626,1,round-robin,6,0.9607,0.9933,OFF,failed
1790498918.1686635,1790498927.6519895,8,641,2,round-robin,6,0.9939,0.9939,OFF,success
1790498917.3497956,1790498930.006911,9,640,2,round-robin,6,0.9915,0.9915,OFF,failed
1790498921.9801369,1790498932.8764234,2,629,1,round-robin,6,0.9916,0.9938,OFF,success
1790498923.617753,1790498934.922759,4,563,1,round-robin,6,0.9915,0.9902,OFF,success
1790498924.4342365,1790498935.5600038,5,638,1,round-robin,6,0.9915,0.9925,OFF,success
1790498929.480927,1790498936.1743288,1,635,1,round-robin,6,0.9926,0.9914,OFF,failed
1790498926.2656126,1790498936.557677,7,639,1,round-robin,6,0.0,0.0,OFF,success
1790498928.0361056,1790498937.7952394,3,627,2,round-robin,6,0.9944,0.9937,OFF,success
1790498927.2936459,1790498939.8399806,6,639,2,round-robin,6,0.9938,0.9914,OFF,failed
1790498930.8807178,1790498941.6819766,8,642,1,round-robin,6,0.9942,0.9938,OFF,success
1790498933.233167,1790498944.9539804,9,641,1,round-robin,6,0.9925,0.9925,OFF,success
1790498936.1012106,1790498945.5747375,2,630,2,round-robin,6,0.9944,0.9931,OFF,success
1790498944.4874141,1790498951.51322,1,636,2,round-robin,6,0.9941,0.9941,ON,failed
1790498939.7910564,1790498952.6346939,7,640,2,round-robin,6,0.9882,0.9915,OFF,failed
1790498942.756996,1790498954.2132833,10,638,1,round-robin,6,0.9916,0.9938,ON,failed
1790498943.1652002,1790498954.8915982,6,640,1,round-robin,6,0.9942,0.9868,ON,success
1790498950.4913406,1790498956.7730343,8,643,2,round-robin,6,0.0979,0.3668,ON,failed
1790498953.4935286,1790498959.4383318,9,642,2,round-robin,6,0.3648,0.9915,ON,failed
1790498867.983215,,3,623,1,round-robin,6,0.9933,0.9926,OFF,unavailable
1790498868.8468747,,6,635,1,round-robin,6,0.99,0.9933,OFF,unavailable
1790498954.4957042,1790498961.4669843,2,631,1,round-robin,6,0.0,0.0,ON,failed
1790498960.4989026,1790498967.2849426,1,637,1,round-robin,6,0.0,0.0,OFF,failed
1790498961.5004818,1790498967.316089,7,641,1,round-robin,6,0.7088,0.3633,OFF,failed
1790498958.1160548,1790498968.530941,6,641,2,round-robin,6,0.9943,0.9931,OFF,success
1790498962.5023956,1790498970.4575546,10,639,2,round-robin,6,0.0,0.0,OFF,failed
1790498959.9932187,1790498970.784994,8,644,1,round-robin,6,0.9942,0.9938,OFF,success
1790498962.712523,1790498972.64232,9,643,1,round-robin,6,0.9932,0.9925,OFF,success
1790498964.6628897,1790498975.6668255,2,632,2,round-robin,6,0.994,0.9932,OFF,success
1790498966.7501347,1790498977.8290746,4,566,1,round-robin,6,0.9925,0.9882,OFF,success
1790498969.010605,1790498980.1871064,3,630,2,round-robin,6,0.9944,0.9914,OFF,success
1790498970.5403461,1790498982.0288882,7,642,2,round-robin,6,0.9916,0.9942,OFF,failed
1790498975.5093575,1790498982.1288602,1,638,2,round-robin,6,0.8943,0.8535,OFF,failed
1790498971.6830065,1790498982.1588037,6,642,1,round-robin,6,0.9933,0.9901,OFF,success
1790498976.5116868,1790498983.1590595,5,641,1,round-robin,6,0.8689,0.8804,OFF,failed
1790498973.6854196,1790498983.9067643,10,640,1,round-robin,6,0.9898,0.9911,OFF,success
1790498974.0148084,1790498985.9313302,8,645,2,round-robin,6,0.9933,0.9933,OFF,failed
1790498975.8970022,1790498988.003189,9,644,2,round-robin,6,0.9932,0.9924,OFF,failed
1790498978.9835958,1790498988.9012296,2,633,1,round-robin,6,0.9938,0.9938,OFF,success
1790498985.4523184,1790498997.685038,7,643,1,round-robin,6,0.9925,0.0,OFF,failed
1790498985.383114,1790498998.0120652,6,643,2,round-robin,6,0.9939,0.9938,OFF,failed
1790498989.147649,1790499000.673781,8,646,1,round-robin,6,0.9938,0.9933,OFF,success
1790498991.2279594,1790499004.3523903,9,645,1,round-robin,6,0.9901,0.99,ON,failed
1790498912.4525254,,10,636,2,round-robin,6,0.9901,0.9902,OFF,unavailable
1790499006.5372353,1790499012.779499,7,644,2,round-robin,6,0.9925,0.0,OFF,failed
1790499006.5383236,1790499013.2617474,6,644,1,round-robin,6,0.0055,0.0095,OFF,failed
1790499009.5389524,1790499016.539813,8,647,2,round-robin,6,0.9938,0.9942,OFF,failed
1790499012.5418353,1790499020.9296982,9,646,2,round-robin,6,0.0,0.0,OFF,failed
1790499015.5451074,1790499022.999673,4,569,1,round-robin,6,0.9751,0.979,OFF,failed
1790499013.0126889,1790499025.1834435,3,633,2,round-robin,6,0.9938,0.9925,OFF,failed
1790499015.5783687,1790499027.4901574,1,641,2,round-robin,6,0.9914,0.8333,OFF,failed
1790499016.7146533,1790499028.011486,5,644,1,round-robin,6,0.9942,0.9942,OFF,success
1790499021.5547636,1790499028.0117493,7,645,1,round-robin,6,0.9925,0.7324,OFF,failed
1790499016.710562,1790499029.3730986,6,645,2,round-robin,6,0.8958,0.991,OFF,failed
1790499019.7559724,1790499029.4391005,8,648,1,round-robin,6,0.9944,0.9944,OFF,success
1790498938.1472373,,4,564,2,round-robin,6,0.9915,0.9901,OFF,unavailable
1790499021.122141,1790499030.5674393,2,636,1,round-robin,6,0.9944,0.9933,OFF,success
1790498941.017852,,3,628,1,round-robin,6,0.9942,0.9925,OFF,unavailable
1790499024.1005075,1790499034.6992412,9,647,1,round-robin,6,0.9924,0.9913,OFF,success
1790499026.2213345,1790499035.8026762,4,570,2,round-robin,6,0.9901,0.9925,OFF,success
1790498944.4865382,,5,639,2,round-robin,6,0.0,0.0,ON,unavailable
1790499030.7140236,1790499041.5660465,1,642,1,round-robin,6,0.0,0.0,OFF,success
1790499032.6793768,1790499042.740065,8,649,2,round-robin,6,0.9939,0.9939,OFF,success
1790499037.5714784,1790499046.0364249,6,646,1,round-robin,6,0.9888,0.9924,ON,failed
1790499037.9241867,1790499049.0075047,9,648,2,round-robin,6,0.9914,0.9914,ON,success
1790499051.5794363,1790499058.2169392,8,650,1,round-robin,6,0.0161,0.0,ON,failed
1790499052.5811021,1790499059.795098,10,645,2,round-robin,6,0.0,0.0082,ON,failed
1790499054.5831196,1790499062.0255785,6,647,2,round-robin,6,0.0,0.0,ON,failed
1790499057.5855715,1790499064.710114,9,649,1,round-robin,6,0.9925,0.9941,OFF,failed
1790499062.589036,1790499070.0296504,3,636,2,round-robin,6,0.0,0.0,OFF,failed
1790499061.4387698,1790499071.8778343,8,651,2,round-robin,6,0.9938,0.9938,OFF,success
1790499062.2658923,1790499072.0406544,2,639,1,round-robin,6,0.9942,0.9925,OFF,success
1790499063.0723233,1790499072.4542034,10,646,1,round-robin,6,0.9932,0.9938,OFF,success
1790498981.0583432,,4,567,2,round-robin,6,0.9914,0.9915,OFF,unavailable
1790498983.4115863,,3,631,1,round-robin,6,0.9902,0.9902,OFF,unavailable
1790499065.2558794,1790499075.1192307,6,648,1,round-robin,6,0.9933,0.9915,OFF,success
1790499067.932727,1790499077.6739848,9,650,2,round-robin,6,0.9932,0.9932,OFF,success
1790498986.3818061,,5,642,2,round-robin,6,0.9942,0.9932,OFF,unavailable
1790498987.1199093,,10,641,2,round-robin,6,0.9932,0.9933,OFF,unavailable
1790498991.5174367,,1,639,1,round-robin,6,0.9804,0.8333,ON,unavailable
1790498992.1374366,,2,634,2,round-robin,6,0.9939,0.9915,ON,unavailable
1790499073.3165038,1790499084.8526366,3,637,1,round-robin,6,0.9943,0.9931,OFF,success
1790499080.8997035,1790499092.1178606,9,651,1,round-robin,6,0.9925,0.9925,OFF,success
1790499093.604978,1790499100.616822,3,638,2,round-robin,6,0.3675,0.1627,OFF,failed
1790499095.351744,1790499106.3749468,9,652,2,round-robin,6,0.9925,0.9933,OFF,success
1790499017.7313058,,10,643,1,round-robin,6,0.9925,0.9926,OFF,unavailable
1790499104.1504269,1790499113.939441,2,642,1,round-robin,6,0.9938,0.0,OFF,success
1790499105.3865106,1790499115.3647082,1,647,2,round-robin,6,0.8535,0.8335,OFF,success
1790499106.6068902,1790499116.3238835,5,650,2,round-robin,6,0.9916,0.9914,OFF,success
1790499109.6132424,1790499116.503725,10,649,1,round-robin,6,0.9933,0.9915,OFF,failed
1790499109.6142247,1790499117.005104,7,651,2,round-robin,6,0.9925,0.9931,OFF,failed
1790499108.1344233,1790499117.6157727,6,651,1,round-robin,6,0.9938,0.9932,OFF,success
1790499028.4014199,,3,634,1,round-robin,6,0.9933,0.9926,OFF,unavailable
1790499031.2358751,,5,645,2,round-robin,6,0.9807,0.9942,OFF,unavailable
1790499031.2364628,,7,646,2,round-robin,6,0.9915,0.9867,OFF,unavailable
1790499033.7967622,,2,637,2,round-robin,6,0.9942,0.9941,OFF,unavailable
1790499039.0280418,,4,571,1,round-robin,6,0.9901,0.9916,ON,unavailable
1790499118.5856447,1790499130.0343254,1,648,1,round-robin,6,0.9938,0.9914,OFF,success
1790499117.159309,1790499130.8682115,2,643,2,round-robin,6,0.0294,0.9852,OFF,failed
1790499124.6249206,1790499132.3566608,5,651,1,round-robin,6,0.9925,0.9933,ON,failed
1790499119.712406,1790499132.58694,10,650,2,round-robin,6,0.0,0.0,OFF,failed
1790499120.8568444,1790499134.2044504,6,652,2,round-robin,6,0.9942,0.9925,OFF,failed
1790499049.5770445,,1,643,2,round-robin,6,0.8804,0.0,ON,unavailable
1790499139.6348474,1790499145.6630757,2,644,1,round-robin,6,0.0001,0.0,OFF,failed
1790499138.6334622,1790499146.287705,1,649,2,round-robin,6,0.0,0.0,OFF,failed
1790499140.6371906,1790499147.2152534,5,652,2,round-robin,6,0.9842,0.8689,OFF,failed
1790499135.8088665,1790499148.4643137,10,651,1,round-robin,6,0.9918,0.9939,OFF,failed
1790499140.6377933,1790499148.5409636,3,641,2,round-robin,6,0.9343,0.0002,OFF,failed
1790499137.4417102,1790499148.784591,6,653,1,round-robin,6,0.9924,0.9931,OFF,success
1790499139.4649074,1790499150.3259308,9,655,2,round-robin,6,0.9925,0.9925,OFF,success
1790499149.5172772,1790499159.0808115,1,650,1,round-robin,6,0.9942,0.9924,OFF,success
1790499150.45315,1790499160.120192,5,653,1,round-robin,6,0.9925,0.9926,OFF,success
1790499215.161354,1790499220.870571,1,654,1,ewma,7,0.9,0.0346,ON,failed
1790499223.164096,1790499229.9928226,9,660,1,ewma,7,0.0,0.0,OFF,failed
1790499225.2222476,1790499234.7605643,1,655,2,ewma,7,0.9938,0.9913,OFF,success
1790499227.4623373,1790499237.8707669,2,650,2,ewma,7,0.9933,0.0,OFF,success
1790499226.756167,1790499238.9074621,8,662,1,ewma,7,0.9942,0.9932,OFF,failed
1790499228.2829509,1790499239.6842587,7,659,1,ewma,7,0.9924,0.9938,OFF,failed
1790499229.583231,1790499240.1367106,6,659,1,ewma,7,0.9933,0.9901,OFF,success
1790499235.1676655,1790499241.4297702,10,657,2,ewma,7,0.9769,0.9881,OFF,failed
1790499231.9576564,1790499241.967312,3,647,1,ewma,7,0.9926,0.9925,OFF,success
1790499233.3173578,1790499245.1974115,9,661,2,ewma,7,0.9912,0.9933,OFF,failed
1790499237.9359517,1790499250.746529,1,656,2,ewma,7,0.9938,0.99,OFF,failed
1790499241.1002338,1790499251.87186,2,651,2,ewma,7,0.9939,0.9925,OFF,success
1790499240.3621876,1790499252.8114371,5,659,1,ewma,7,0.0,0.0,OFF,success
1790499243.3637471,1790499254.044664,6,660,1,ewma,7,0.9901,0.9901,OFF,success
1790499242.9032314,1790499254.1372647,7,660,2,ewma,7,0.9925,0.9931,OFF,success
1790499244.6538937,1790499254.540488,10,658,1,ewma,7,0.9941,0.9942,OFF,success
1790499242.1319556,1790499255.1446962,8,663,2,ewma,7,0.9942,0.9933,OFF,failed
1790499245.1880898,1790499256.376237,3,648,1,ewma,7,0.9944,0.9925,OFF,success
1790499249.484402,1790499259.8815958,9,662,1,ewma,7,0.9932,0.9942,OFF,success
1790499255.0965586,1790499265.911073,2,652,2,ewma,7,0.9942,0.9943,OFF,success
1790499261.1802433,1790499267.6677363,4,585,1,ewma,7,0.8804,0.8804,OFF,failed
1790499262.183185,1790499270.5053108,6,661,1,ewma,7,0.9899,0.9914,ON,failed
1790499264.1852,1790499271.5437238,8,664,2,ewma,7,0.99,0.9926,ON,failed
1790499276.190929,1790499283.3383753,4,586,2,ewma,7,0.0,0.0,ON,failed
1790499279.193095,1790499284.8471951,6,662,1,ewma,7,0.0298,0.2833,ON,failed
1790499280.1950843,1790499287.9515953,8,665,1,ewma,7,0.7144,0.2255,ON,failed
1790499283.9018357,1790499293.3449776,1,659,2,ewma,7,0.0,0.99,OFF,success
1790499285.920184,1790499297.0081172,10,661,1,ewma,7,0.8887,0.0,OFF,success
1790499292.199498,1790499297.640296,4,587,2,ewma,7,0.9819,0.9853,OFF,failed
1790499288.079727,1790499300.0306082,6,663,2,ewma,7,0.9916,0.9915,OFF,success
1790499289.1982358,1790499300.0388198,7,663,2,ewma,7,0.9925,0.9926,OFF,success
1790499289.8174117,1790499300.4064426,3,651,1,ewma,7,0.9938,0.9915,OFF,success
1790499291.6873732,1790499301.2276094,8,666,1,ewma,7,0.9933,0.9902,OFF,success
1790499291.7239437,1790499303.0737183,9,665,1,ewma,7,0.9932,0.9925,OFF,success
1790499296.5596771,1790499306.4948783,1,660,2,ewma,7,0.9938,0.9925,OFF,success
1790499299.9965417,1790499310.5523973,2,655,2,ewma,7,0.897,0.9925,OFF,success
1790499300.051931,1790499313.7253995,10,662,1,ewma,7,0.8887,0.9933,OFF,failed
1790499303.6597016,1790499313.7667937,3,652,1,ewma,7,0.9933,0.9901,OFF,success
1790499300.849501,1790499313.7925165,4,588,1,ewma,7,0.9901,0.9916,OFF,failed
1790499308.204557,1790499314.0589135,5,663,1,ewma,7,0.9931,0.9912,OFF,failed
1790499308.2054439,1790499314.2753787,6,664,2,ewma,7,0.0,0.6077,OFF,failed
1790499303.0535831,1790499315.2981074,7,664,2,ewma,7,0.9872,0.985,OFF,failed
1790499304.4505959,1790499316.5831108,8,667,1,ewma,7,0.9944,0.9938,OFF,failed
1790499306.4089403,1790499317.85953,9,666,1,ewma,7,0.9914,0.99,OFF,success
1790499309.7194283,1790499320.6938891,1,661,2,ewma,7,0.9933,0.9915,OFF,success
1790499313.7868288,1790499326.5287075,2,656,2,ewma,7,0.9939,0.9925,OFF,failed
1790499316.7874527,1790499329.2827146,3,653,1,ewma,7,0.0,0.0016,OFF,success
1790499317.4866493,1790499331.4753892,6,665,2,ewma,7,0.9913,0.9925,OFF,failed
1790499329.7552156,1790499341.9214578,2,657,2,ewma,7,0.9944,0.9925,ON,success
1790499338.2181277,1790499344.3651912,3,654,1,ewma,7,0.0,0.0,ON,failed
1790499253.9675674,,1,657,2,ewma,7,0.9938,0.99,OFF,unavailable
1790499340.2207189,1790499347.1140308,6,666,1,ewma,7,0.0,0.0,ON,failed
1790499256.0405655,,5,660,1,ewma,7,0.8689,0.8804,OFF,unavailable
1790499257.7629526,,10,659,1,ewma,7,0.8765,0.0002,OFF,unavailable
1790499259.5921257,,3,649,1,ewma,7,0.9942,0.9915,OFF,unavailable
1790499263.0910892,,9,663,1,ewma,7,0.9925,0.9937,ON,unavailable
1790499263.1836703,,7,661,2,ewma,7,0.9925,0.0165,ON,unavailable
1790499350.2252154,1790499357.472603,2,658,2,ewma,7,0.7955,0.9256,ON,failed
1790499353.2276988,1790499359.1931255,3,655,1,ewma,7,0.0,0.8887,OFF,failed
1790499355.2300844,1790499362.6058803,6,667,2,ewma,7,0.0053,0.0029,OFF,failed
1790499358.2328026,1790499364.5188146,1,664,2,ewma,7,0.0,0.0,OFF,failed
1790499274.188356,,2,653,2,ewma,7,0.897,0.9246,ON,unavailable
1790499360.7024488,1790499371.6952288,2,659,2,ewma,7,0.9942,0.9941,OFF,success
1790499362.5160499,1790499373.134844,10,666,1,ewma,7,0.0158,0.3582,OFF,success
1790499367.246005,1790499374.972976,3,656,1,ewma,7,0.0,0.99,OFF,failed
1790499363.067696,1790499375.180498,7,668,2,ewma,7,0.9915,0.9914,OFF,failed
1790499364.4576237,1790499375.7218156,4,592,2,ewma,7,0.9924,0.9931,OFF,success
1790499371.2499561,1790499377.514915,6,668,1,ewma,7,0.0,0.2576,OFF,failed
1790499371.2488854,1790499378.7775705,5,667,2,ewma,7,0.8535,0.8887,OFF,failed
1790499366.6039112,1790499378.8120425,9,670,1,ewma,7,0.9937,0.9925,OFF,success
1790499372.252769,1790499378.8194573,8,671,1,ewma,7,0.8943,0.8535,OFF,failed
1790499367.7440386,1790499379.3706048,1,665,2,ewma,7,0.9942,0.9914,OFF,success
1790499376.3646646,1790499386.0252042,10,667,1,ewma,7,0.9901,0.9944,OFF,success
1790499378.3983254,1790499390.326397,7,669,2,ewma,7,0.0,0.9244,OFF,failed
1790499381.8453982,1790499392.8802147,8,672,2,ewma,7,0.9933,0.9901,OFF,success
1790499381.7664757,1790499393.4973211,6,669,2,ewma,7,0.9923,0.9923,OFF,failed
1790499382.7871497,1790499394.7280571,1,666,2,ewma,7,0.9941,0.9931,OFF,success
1790499401.2753623,1790499407.5351317,8,673,2,ewma,7,0.0556,0.0,ON,failed
1790499316.755662,,10,663,1,ewma,7,0.9925,0.9938,OFF,unavailable
1790499318.5674226,,7,665,2,ewma,7,0.9915,0.9915,OFF,unavailable
1790499319.7845936,,8,668,1,ewma,7,0.9944,0.9933,OFF,unavailable
1790499402.2771711,1790499410.2264218,6,670,1,ewma,7,0.0,0.0,ON,failed
1790499403.2794812,1790499410.6275558,1,667,2,ewma,7,0.0,0.0,ON,failed
1790499321.2302902,,9,667,1,ewma,7,0.9925,0.9938,OFF,unavailable
1790499322.210683,,4,589,1,ewma,7,0.0,0.0,OFF,unavailable
1790499322.213668,,5,664,2,ewma,7,0.9939,0.9925,OFF,unavailable
1790499323.9183652,,1,662,2,ewma,7,0.9933,0.9901,OFF,unavailable
1790499412.2841973,1790499419.1028726,2,662,2,ewma,7,0.0,0.0,OFF,failed
1790499416.2875564,1790499423.1973689,8,674,2,ewma,7,0.0,0.0,OFF,failed
1790499413.8539155,1790499423.727707,1,668,2,ewma,7,0.994,0.9894,OFF,success
1790499418.2898066,1790499426.2692375,6,671,2,ewma,7,0.0016,0.0004,OFF,failed
1790499419.8850577,1790499429.2380936,10,670,1,ewma,7,0.9915,0.9933,OFF,success
1790499422.3334002,1790499433.1400912,2,663,2,ewma,7,0.9925,0.9942,OFF,success
1790499424.5980344,1790499435.6855092,3,660,2,ewma,7,0.9939,0.9901,OFF,success
1790499427.564051,1790499437.4583056,5,671,1,ewma,7,0.9925,0.9938,OFF,success
1790499426.4194424,1790499438.0494087,8,675,2,ewma,7,0.9925,0.9942,OFF,success
1790499425.7089298,1790499438.2914736,7,672,1,ewma,7,0.8689,0.8,OFF,failed
1790499425.800305,1790499439.0659676,4,596,2,ewma,7,0.8689,0.9925,OFF,failed
1790499428.6723814,1790499439.6159961,9,674,1,ewma,7,0.9933,0.9937,OFF,success
1790499432.296763,1790499439.7859073,1,669,2,ewma,7,0.9938,0.9924,OFF,failed
1790499435.2996287,1790499441.0278947,6,672,1,ewma,7,0.9898,0.9855,OFF,failed
1790499432.5733187,1790499442.7617204,10,671,1,ewma,7,0.9915,0.9926,OFF,success
1790499436.355945,1790499447.685686,2,664,2,ewma,7,0.9932,0.9932,OFF,success
1790499438.9208694,1790499450.7400825,3,661,2,ewma,7,0.9942,0.9924,OFF,failed
1790499444.2437532,1790499455.4632404,6,673,2,ewma,7,0.9943,0.9932,OFF,success
1790499448.3081996,1790499455.768576,1,670,2,ewma,7,0.9938,0.9701,OFF,failed
1790499374.907216,,2,660,2,ewma,7,0.9938,0.9901,OFF,unavailable
1790499378.200473,,3,657,2,ewma,7,0.0296,0.9925,OFF,unavailable
1790499378.9399674,,4,593,2,ewma,7,0.9932,0.9914,OFF,unavailable
1790499464.3187432,1790499471.017025,6,674,2,ewma,7,0.9943,0.0,ON,failed
1790499465.3206842,1790499471.5262392,1,671,2,ewma,7,0.0008,0.0486,ON,failed
1790499381.8083832,,5,668,1,ewma,7,0.9942,0.9928,OFF,unavailable
1790499387.2673433,,9,671,1,ewma,7,0.9933,0.9915,ON,unavailable
1790499389.2519643,,10,668,1,ewma,7,0.9902,0.9933,ON,unavailable
1790499477.3288689,1790499483.5357997,5,674,1,ewma,7,0.9931,0.9942,OFF,failed
1790499474.2512858,1790499484.0480256,6,675,2,ewma,7,0.9932,0.992,OFF,success
1790499473.740256,1790499486.7911446,4,599,2,ewma,7,0.9936,0.9908,OFF,failed
1790499480.331844,1790499487.307588,1,672,1,ewma,7,0.989,0.9843,OFF,failed
1790499480.3330054,1790499487.7190793,10,674,1,ewma,7,0.9901,0.9817,OFF,failed
1790499399.273181,,7,670,1,ewma,7,0.0,0.0,ON,unavailable
1790499537.647689,1790499547.6413593,4,603,1,random,7,0.9926,0.9899,OFF,success
1790499542.8743613,1790499549.9772112,1,676,2,random,7,0.9878,0.9839,OFF,failed
1790499542.873436,1790499550.2800834,10,678,1,random,7,0.9,0.228,OFF,failed
1790499544.3001232,1790499556.839826,2,671,1,random,7,0.1643,0.9515,OFF,failed
1790499544.8417416,1790499557.341529,3,668,2,random,7,0.9938,0.9933,OFF,failed
1790499548.3865387,1790499557.8602788,8,683,1,random,7,0.9912,0.9817,OFF,success
1790499548.2087276,1790499559.028467,6,680,1,random,7,0.7019,0.0,OFF,success
1790499550.8661768,1790499561.1405401,4,604,2,random,7,0.9915,0.9932,OFF,success
1790499553.8768137,1790499561.3704593,7,680,2,random,7,0.9,0.8943,OFF,failed
1790499549.8237665,1790499562.9812386,9,682,1,random,7,0.9925,0.9932,OFF,failed
1790499553.70748,1790499564.4407997,10,679,1,random,7,0.992,0.9888,OFF,success
1790499553.2047837,1790499564.520236,1,677,2,random,7,0.9933,0.0009,OFF,success
1790499560.0645425,1790499569.984384,2,672,2,random,7,0.9942,0.9932,OFF,success
1790499562.2414086,1790499572.4040642,6,681,1,random,7,0.0,0.138,OFF,success
1790499560.5721054,1790499573.2214897,3,669,2,random,7,0.9933,0.9915,OFF,failed
1790499561.090375,1790499573.9293835,8,684,2,random,7,0.9938,0.9941,OFF,failed
1790499565.3076882,1790499575.679674,4,605,1,random,7,0.0,0.9925,OFF,success
1790499566.20824,1790499576.5988185,9,683,1,random,7,0.9937,0.9932,OFF,success
1790499583.8864977,1790499590.7334552,4,606,1,random,7,0.0,0.0,ON,failed
1790499585.88851,1790499591.5488102,9,684,1,random,7,0.8544,0.7133,ON,failed
1790499598.8922336,1790499605.067742,4,607,1,random,7,0.0,0.0,OFF,failed
1790499599.8940282,1790499607.627311,9,685,1,random,7,0.2213,0.0165,OFF,failed
1790499599.6927679,1790499611.1080985,10,682,2,random,7,0.9936,0.9941,OFF,success
1790499598.5684242,1790499611.4357626,1,680,2,random,7,0.9941,0.9924,OFF,failed
1790499603.889589,1790499614.3929722,2,675,2,random,7,0.9942,0.9925,OFF,success
1790499606.8594184,1790499618.5863712,8,687,2,random,7,0.9933,0.9938,OFF,success
1790499613.898501,1790499621.0454993,3,672,2,random,7,0.8943,0.8689,OFF,failed
1790499608.2831213,1790499621.4784858,4,608,2,random,7,0.8887,0.8804,OFF,failed
1790499614.3361878,1790499625.5558553,10,683,2,random,7,0.9915,0.9933,OFF,success
1790499614.6638923,1790499625.7587318,1,681,2,random,7,0.9938,0.9914,OFF,success
1790499626.9035637,1790499633.8807678,8,688,1,random,7,0.0,0.0,ON,failed
1790499629.905473,1790499636.7416325,3,673,2,random,7,0.8943,0.0,ON,failed
1790499548.919471,,5,679,1,random,7,0.9925,0.9915,OFF,unavailable
1790499635.9117692,1790499641.427097,1,682,2,random,7,0.0,0.0,OFF,failed
1790499643.9170861,1790499648.8056755,6,686,1,random,7,0.5438,0.0458,OFF,failed
1790499642.9152741,1790499649.4101148,8,689,2,random,7,0.0281,0.0,OFF,failed
1790499639.9693491,1790499650.44108,3,674,2,random,7,0.9933,0.9901,OFF,success
1790499640.365749,1790499650.8423297,5,685,1,random,7,0.0055,0.1473,OFF,success
1790499640.862591,1790499652.690511,7,686,2,random,7,0.9915,0.9916,OFF,failed
1790499643.0439358,1790499653.0959396,9,688,1,random,7,0.9931,0.9913,OFF,success
1790499644.7606127,1790499655.3809502,1,683,2,random,7,0.9931,0.0,OFF,success
1790499564.664706,,7,681,1,random,7,0.9862,0.9941,OFF,unavailable
1790499647.824262,1790499659.864306,2,678,2,random,7,0.9943,0.9931,OFF,failed
1790499567.755016,,1,678,2,random,7,0.9942,0.8804,OFF,unavailable
1790499653.6508126,1790499664.3573835,3,675,1,random,7,0.9933,0.0,OFF,success
1790499652.0307696,1790499665.2958329,6,687,1,random,7,0.9938,0.9931,OFF,failed
1790499652.6385295,1790499665.6974857,8,690,1,random,7,0.9937,0.9932,OFF,failed
1790499572.8827996,,10,680,2,random,7,0.9901,0.9931,OFF,unavailable
1790499574.036834,,2,673,1,random,7,0.9942,0.9915,OFF,unavailable
1790499575.618805,,6,682,2,random,7,0.9938,0.9925,ON,unavailable
1790499655.3331783,1790499666.2079089,4,611,1,random,7,0.0302,0.2503,OFF,success
1790499658.928767,1790499667.0340679,5,686,1,random,7,0.8821,0.9221,OFF,failed
1790499660.951097,1790499667.1260436,7,687,2,random,7,0.9933,0.9901,OFF,failed
1790499656.3156824,1790499668.0444887,9,689,1,random,7,0.9932,0.9933,OFF,success
1790499658.7223792,1790499668.8845067,1,684,2,random,7,0.9943,0.9915,OFF,success
1790499576.4351122,,3,670,1,random,7,0.9943,0.994,ON,unavailable
1790499577.0992255,,8,685,2,random,7,0.9915,0.9933,ON,unavailable
1790499661.0479991,1790499671.8651824,10,686,2,random,7,0.9882,0.9926,OFF,success
1790499663.0868545,1790499675.5449293,2,679,2,random,7,0.9933,0.9915,OFF,failed
1790499667.5847208,1790499678.5999427,3,676,1,random,7,0.9942,0.9932,OFF,success
1790499668.9156616,1790499679.4195151,8,691,2,random,7,0.9881,0.9867,OFF,success
1790499668.519628,1790499679.9637244,6,688,1,random,7,0.9926,0.9914,OFF,success
1790499670.3549187,1790499681.5814095,7,688,1,random,7,0.9901,0.9925,OFF,success
1790499675.9616873,1790499682.0824213,5,687,1,random,7,0.9869,0.9875,OFF,failed
1790499672.1088364,1790499682.1800928,1,685,2,random,7,0.9942,0.9924,OFF,success
1790499671.2771773,1790499682.7955883,9,690,1,random,7,0.9916,0.9933,OFF,success
1790499674.8958054,1790499685.4672952,10,687,2,random,7,0.9901,0.9933,OFF,success
1790499678.769446,1790499690.2640626,2,680,1,random,7,0.9943,0.9914,OFF,failed
1790499682.643342,1790499693.1752782,8,692,1,random,7,0.9916,0.9938,OFF,success
1790499683.2429917,1790499695.3886359,6,689,2,random,7,0.9933,0.9901,OFF,failed
1790499684.7924907,1790499696.2342775,7,689,2,random,7,0.9942,0.6075,OFF,failed
1790499690.9688752,1790499696.64679,5,688,2,random,7,0.9709,0.993,ON,failed
1790499685.5162578,1790499698.0885549,1,686,1,random,7,0.9894,0.9819,OFF,failed
1790499686.014703,1790499698.5863986,9,691,2,random,7,0.9915,0.9938,ON,failed
1790499693.9717066,1790499700.4148839,10,688,2,random,7,0.0,0.0,ON,failed
1790499607.4757738,,6,684,1,random,7,0.9925,0.9925,OFF,unavailable
1790499608.8070126,,5,683,2,random,7,0.9931,0.9931,OFF,unavailable
1790499610.8593097,,9,686,2,random,7,0.9923,0.9931,OFF,unavailable
1790499612.4903302,,7,684,1,random,7,0.9925,0.9932,OFF,unavailable
1790499698.974991,1790499706.665079,2,681,1,random,7,0.0,0.0,OFF,failed
1790499701.977044,1790499708.912388,8,693,1,random,7,0.0,0.0,OFF,failed
1790499699.4593604,1790499710.2377164,7,690,1,random,7,0.9925,0.0158,OFF,success
1790499698.6131353,1790499710.7684453,6,690,2,random,7,0.9944,0.9924,OFF,failed
1790499617.6140783,,2,676,1,random,7,0.9944,0.9933,ON,unavailable
1790499699.8624825,1790499711.2564106,5,689,1,random,7,0.9921,0.9915,OFF,success
1790499701.8151338,1790499711.452745,9,692,1,random,7,0.9925,0.9944,OFF,success
1790499701.3691862,1790499712.713134,1,687,2,random,7,0.9938,0.9924,OFF,success
1790499700.353188,1790499713.2079694,4,614,2,random,7,0.9932,0.9912,OFF,success
1790499703.62865,1790499714.6827912,10,689,2,random,7,0.9925,0.9933,OFF,success
1790499629.906417,,4,609,1,random,7,0.8789,0.829,ON,unavailable
1790499709.889162,1790499722.4235795,2,682,2,random,7,0.9938,0.9941,OFF,failed
1790499712.1254218,1790499723.4771576,8,694,1,random,7,0.0002,0.0,OFF,success
1790499713.4607155,1790499723.6534219,7,691,2,random,7,0.0001,0.0,OFF,success
1790499717.9904745,1790499724.8787403,3,679,2,random,7,0.9916,0.9915,OFF,failed
1790499633.9093652,,10,684,1,random,7,0.0016,0.0063,ON,unavailable
1790499713.9878516,1790499726.6235373,6,691,1,random,7,0.9259,0.9821,OFF,success
1790499716.0436683,1790499727.670925,1,688,2,random,7,0.9938,0.9925,OFF,failed
1790499714.6872337,1790499727.8540323,9,693,2,random,7,0.9912,0.9931,OFF,failed
1790499716.434853,1790499728.5712893,4,615,1,random,7,0.9925,0.9938,OFF,failed
1790499717.899969,1790499729.4881454,10,690,2,random,7,0.9914,0.9942,OFF,failed
1790499726.5079443,1790499738.8125436,8,695,1,random,7,0.9938,0.9931,OFF,failed
1790499725.6481147,1790499739.2214265,2,683,2,random,7,0.9938,0.9939,OFF,failed
1790499735.014823,1790499742.5206728,6,692,2,random,7,0.983,0.9874,OFF,failed
1790499737.0170286,1790499742.9064329,9,694,2,random,7,0.9933,0.9941,ON,failed
1790499732.702403,1790499745.9132175,10,691,1,random,7,0.9915,0.9926,OFF,failed
1790499751.028501,1790499758.370515,9,695,1,random,7,0.0,0.0,ON,failed
1790499669.4253433,,4,612,2,random,7,0.9923,0.9899,OFF,unavailable
1790499754.0315087,1790499761.5493443,10,692,2,random,7,0.0016,0.0276,ON,failed
1790499761.5957067,1790499772.5378013,9,696,1,random,7,0.8999,0.3438,OFF,success
1790499766.038198,1790499773.9362369,5,693,2,random,7,0.0,0.9925,OFF,failed
1790499761.678125,1790499774.848403,1,691,2,random,7,0.0,0.0,OFF,failed
1790499762.6030452,1790499775.8966968,4,618,1,random,7,0.9925,0.9914,OFF,failed
1790499681.8155847,,3,677,1,random,7,0.9942,0.9915,OFF,unavailable
1790499764.764899,1790499777.5197763,10,693,1,random,7,0.9919,0.994,OFF,failed
1790499775.589687,1790499786.3501291,2,686,1,random,7,0.9942,0.9925,OFF,success
1790499784.0466766,1790499786.6403105,9,697,1,random,7,0.1708,0.0,OFF,failed
1790499778.2970636,1790499787.1468964,8,698,2,random,7,0.8988,0.8535,OFF,failed
1790499776.5585377,1790499787.858238,6,695,1,random,7,0.9883,0.9901,OFF,success
1790499777.149627,1790499788.3857224,5,694,2,random,7,0.9933,0.9933,OFF,success
1790499778.3759027,1790499790.148422,1,692,2,random,7,0.9933,0.99,OFF,failed
1790499779.0915842,1790499790.7254126,4,619,2,random,7,0.9923,0.9931,OFF,success
1790499780.8259256,1790499792.1695585,10,694,1,random,7,0.9913,0.9938,OFF,success
1790499789.5819302,1790499799.572395,2,687,1,random,7,0.1893,0.8549,OFF,success
1790499790.375536,1790499800.3820777,8,699,1,random,7,0.9943,0.9942,OFF,success
1790499789.854832,1790499801.5825622,9,698,2,random,7,0.9842,0.9891,OFF,success
1790499795.0531442,1790499802.1073003,3,684,2,random,7,0.993,0.9898,OFF,failed
1790499791.0780594,1790499803.018885,6,696,1,random,7,0.0,0.0016,OFF,failed
1790499791.6164782,1790499804.7824063,5,695,2,random,7,0.9933,0.9916,OFF,failed
1790499799.0564857,1790499805.9184182,4,620,1,random,7,0.9915,0.9915,OFF,failed
1790499795.3843396,1790499806.940743,10,695,2,random,7,0.9915,0.9926,OFF,success
1790499719.9931796,,5,690,2,random,7,0.9901,0.9915,OFF,unavailable
1790499803.5727282,1790499815.3957632,8,700,1,random,7,0.9942,0.9925,OFF,success
1790499802.892529,1790499816.1315815,2,688,2,random,7,0.9938,0.9925,OFF,failed
1790499809.9732609,1790499820.1396995,10,696,1,random,7,0.9937,0.9944,OFF,success
1790499809.1307926,1790499820.243686,4,621,2,random,7,0.9924,0.9924,OFF,success
1790499727.0766203,,7,692,1,random,7,0.9868,0.9937,OFF,unavailable
1790499728.1083305,,3,680,2,random,7,0.9943,0.9925,OFF,unavailable
1790499730.7828333,,1,689,1,random,7,0.0096,0.0054,OFF,unavailable
1790499867.072961,1790499877.1855063,8,704,1,round-robin,7,0.9,0.9938,OFF,success
1790499867.1464958,1790499878.7971842,6,701,1,round-robin,7,0.9,0.9925,OFF,success
1790499867.1107342,1790499878.8047943,2,692,1,round-robin,7,0.9,0.8968,OFF,success
1790499869.0365727,1790499879.2010348,7,701,1,round-robin,7,0.9913,0.0,OFF,success
1790499867.163197,1790499879.3092332,3,689,1,round-robin,7,0.9,0.9938,OFF,success
1790499870.2710142,1790499880.1211164,1,698,1,round-robin,7,0.1959,0.0,OFF,success
1790499875.52516,1790499881.6442077,5,700,1,round-robin,7,0.0,0.005,OFF,failed
1790499876.5270922,1790499881.649817,10,700,1,round-robin,7,0.9878,0.8804,OFF,failed
1790499903.5370407,1790499910.6506855,9,705,2,round-robin,7,0.9862,0.9925,OFF,failed
1790499911.624825,1790499922.1155381,6,704,1,round-robin,7,0.2582,0.7333,OFF,failed
1790499917.5411172,1790499922.6244175,3,692,1,round-robin,7,0.9942,0.9932,OFF,failed
1790499912.5747676,1790499923.137735,7,704,1,round-robin,7,0.9925,0.9915,OFF,success
1790499917.5418832,1790499923.2408862,8,707,1,round-robin,7,0.99,0.9885,OFF,failed
1790499913.0498993,1790499923.5420735,2,695,1,round-robin,7,0.9926,0.9938,OFF,success
1790499911.8213587,1790499924.3602698,1,701,1,round-robin,7,0.9885,0.979,OFF,failed
1790499913.865953,1790499924.7791488,9,706,1,round-robin,7,0.9931,0.9937,OFF,success
1790499914.3688834,1790499925.1803024,10,703,1,round-robin,7,0.0,0.0055,OFF,success
1790499915.6203504,1790499925.8981612,5,703,1,round-robin,7,0.9915,0.9933,OFF,success
1790499930.550791,1790499937.484271,6,705,2,round-robin,7,0.9348,0.9917,OFF,failed
1790499931.5526476,1790499938.3919797,3,693,2,round-robin,7,0.9899,0.9881,OFF,failed
1790499926.771993,1790499938.800537,2,696,2,round-robin,7,0.9942,0.9943,OFF,failed
1790499926.362884,1790499939.2401059,7,705,2,round-robin,7,0.9925,0.0054,OFF,failed
1790499926.579364,1790499939.7658763,8,708,2,round-robin,7,0.0494,0.9885,OFF,failed
1790499927.6059237,1790499940.5879395,1,702,2,round-robin,7,0.9933,0.99,OFF,failed
1790499928.4090657,1790499940.5999577,10,704,2,round-robin,7,0.9922,0.9937,OFF,failed
1790499928.010742,1790499940.8557298,9,707,2,round-robin,7,0.9932,0.9942,OFF,failed
1790499929.1262574,1790499941.4631329,5,704,2,round-robin,7,0.9932,0.9933,OFF,failed
1790499930.6072974,1790499943.4094799,4,629,2,round-robin,7,0.9901,0.9925,OFF,failed
1790499941.621409,1790499952.4521906,3,694,1,round-robin,7,0.9938,0.99,OFF,success
1790499942.4803743,1790499953.5857298,7,706,1,round-robin,7,0.9938,0.9924,OFF,success
1790499942.0301824,1790499953.6115928,2,697,1,round-robin,7,0.9938,0.9916,OFF,success
1790499944.680375,1790499954.5991642,5,705,1,round-robin,7,0.9943,0.9941,OFF,success
1790499943.807005,1790499954.691789,8,709,1,round-robin,7,0.0,0.0,OFF,success
1790499943.7955875,1790499954.882283,10,705,1,round-robin,7,0.99,0.9926,OFF,success
1790499944.1698377,1790499955.9152431,9,708,1,round-robin,7,0.9925,0.9937,OFF,success
1790499949.5609474,1790499956.3167207,1,703,1,round-robin,7,0.9938,0.9899,OFF,failed
1790499867.4724512,,9,703,1,round-robin,7,0.9,0.9925,OFF,unavailable
1790499959.5412483,1790499971.8887732,1,704,2,round-robin,7,0.9933,0.99,ON,failed
1790499881.8353503,,2,693,2,round-robin,7,0.0,0.0,OFF,unavailable
1790499882.523621,,3,690,2,round-robin,7,0.9944,0.9942,OFF,unavailable
1790499883.3370466,,1,699,2,round-robin,7,0.9938,0.9915,OFF,unavailable
1790499884.6061819,,7,702,2,round-robin,7,0.8333,0.8689,OFF,unavailable
1790499884.6948528,,10,701,2,round-robin,7,0.8689,0.8689,OFF,unavailable
1790499885.4919877,,4,626,1,round-robin,7,0.9937,0.9931,OFF,unavailable
1790499885.5285177,,8,705,2,round-robin,7,0.9908,0.9942,OFF,unavailable
1790499890.5314538,,6,702,2,round-robin,7,0.989,0.9915,ON,unavailable
1790499891.5332463,,5,701,2,round-robin,7,0.8943,0.8705,ON,unavailable
1790499980.577738,1790499987.447673,1,705,1,round-robin,7,0.0,0.0,OFF,failed
1790499983.579936,1790499991.024735,4,632,2,round-robin,7,0.0,0.0,OFF,failed
1790499986.0781043,1790499996.6688855,7,709,1,round-robin,7,0.9915,0.9933,OFF,success
1790499986.3927245,1790499997.6847615,10,708,1,round-robin,7,0.9938,0.9926,OFF,success
1790499991.5957503,1790499998.290821,6,709,2,round-robin,7,0.0,0.0,OFF,failed
1790499989.3244145,1790500000.0443463,5,708,1,round-robin,7,0.9926,0.9933,OFF,success
1790499990.3475344,1790500000.552085,9,711,1,round-robin,7,0.9941,0.9916,OFF,success
1790499987.6900966,1790500000.7461717,3,697,1,round-robin,7,0.9943,0.9931,OFF,failed
1790499996.5991468,1790500003.2184582,8,712,1,round-robin,7,0.0,0.0,OFF,failed
1790499991.6187024,1790500003.760406,1,706,2,round-robin,7,0.9894,0.9841,OFF,failed
1790499994.356824,1790500006.9358902,4,633,1,round-robin,7,0.991,0.9901,OFF,failed
1790499999.8921025,1790500012.2317631,7,710,2,round-robin,7,0.9914,0.9913,OFF,success
1790500000.9124901,1790500013.5503833,10,709,2,round-robin,7,0.9548,0.6602,OFF,success
1790500008.604938,1790500014.918075,5,709,2,round-robin,7,0.0,0.0,OFF,failed
1790500006.9841614,1790500017.961685,1,707,1,round-robin,7,0.9938,0.9914,OFF,success
1790500020.6117508,1790500027.5016356,7,711,1,round-robin,7,0.0,0.96,ON,failed
1790500023.615703,1790500030.8958924,5,710,1,round-robin,7,0.0,0.0,ON,failed
1790499940.7139766,,6,706,1,round-robin,7,0.9932,0.9931,OFF,unavailable
1790500026.6182034,1790500033.8429987,1,708,2,round-robin,7,0.9883,0.9881,ON,failed
1790499946.62952,,4,630,1,round-robin,7,0.9942,0.9932,OFF,unavailable
1790500035.6277642,1790500042.8436716,7,712,2,round-robin,7,0.0,0.0,OFF,failed
1790500039.630281,1790500047.0338385,5,711,2,round-robin,7,0.0,0.0,OFF,failed
1790500040.6329858,1790500048.068111,2,703,2,round-robin,7,0.0,0.0,OFF,failed
1790500038.0739381,1790500048.7114165,8,715,1,round-robin,7,0.9941,0.9944,OFF,success
1790500037.0586793,1790500049.622348,1,709,1,round-robin,7,0.9938,0.9914,OFF,success
1790500039.5167923,1790500051.356845,4,636,1,round-robin,7,0.9914,0.9915,OFF,failed
1790499956.6065526,,7,707,2,round-robin,7,0.9938,0.8957,OFF,unavailable
1790499956.632244,,2,698,2,round-robin,7,0.0,0.0002,OFF,unavailable
1790499956.772554,,3,695,2,round-robin,7,0.0016,0.9938,OFF,unavailable
1790499958.1070178,,10,706,2,round-robin,7,0.9932,0.9942,OFF,unavailable
1790499959.1322014,,9,709,2,round-robin,7,0.9938,0.9944,OFF,unavailable
1790499963.5695536,,5,706,2,round-robin,7,0.9926,0.9926,ON,unavailable
1790499963.570576,,8,710,2,round-robin,7,0.0,0.0,ON,unavailable
1790500046.1744518,1790500056.774839,7,713,1,round-robin,7,0.9843,0.9857,OFF,success
1790500047.636594,1790500057.2843769,10,712,2,round-robin,7,0.9914,0.9915,OFF,success
1790500048.6647778,1790500058.3042862,3,701,1,round-robin,7,0.9933,0.9901,OFF,success
1790500051.6515882,1790500059.0615923,6,713,2,round-robin,7,0.9932,0.9943,OFF,failed
1790500050.247947,1790500059.6397357,5,712,1,round-robin,7,0.9942,0.9938,OFF,success
1790500051.7420287,1790500061.5824118,8,716,2,round-robin,7,0.9915,0.9915,OFF,success
1790500056.6552992,1790500063.026231,9,715,1,round-robin,7,0.8535,0.8535,OFF,failed
1790500058.6586564,1790500063.229409,1,710,2,round-robin,7,0.9944,0.9941,OFF,failed
1790500056.6562357,1790500064.4568894,2,704,1,round-robin,7,0.9888,0.9881,OFF,failed
1790500054.5815918,1790500065.978083,4,637,2,round-robin,7,0.9901,0.9914,OFF,success
1790500060.2025979,1790500070.5087872,7,714,2,round-robin,7,0.9818,0.0,OFF,success
1790500060.5275671,1790500071.7516954,10,713,1,round-robin,7,0.9452,0.9925,OFF,success
1790500062.3438907,1790500073.772385,6,714,1,round-robin,7,0.9942,0.9925,OFF,failed
1790500061.5222538,1790500074.489738,3,702,2,round-robin,7,0.9942,0.9925,OFF,failed
1790500062.8700445,1790500075.4314864,5,713,2,round-robin,7,0.9941,0.9937,OFF,failed
1790500064.8105242,1790500078.1725523,8,717,1,round-robin,7,0.9925,0.9942,OFF,failed
1790500066.4449263,1790500078.7816246,1,711,1,round-robin,7,0.9885,0.9805,OFF,success
1790500071.6703856,1790500079.197847,9,716,2,round-robin,7,0.9805,0.9833,OFF,failed
1790500067.8812134,1790500080.940061,2,705,2,round-robin,7,0.9938,0.9925,OFF,failed
1790500069.2017233,1790500081.4472284,4,638,1,round-robin,7,0.99,0.988,OFF,success
1790500074.9730406,1790500085.7750354,10,714,2,round-robin,7,0.9932,0.9925,OFF,success
1790500073.8250942,1790500086.1601121,7,715,1,round-robin,7,0.9901,0.9901,OFF,success
1790500076.996572,1790500089.3512938,6,715,2,round-robin,7,0.9925,0.9925,OFF,failed
1790500078.4607182,1790500090.0910187,5,714,1,round-robin,7,0.9925,0.9937,OFF,failed
1790500077.7126577,1790500091.0023623,3,703,1,round-robin,7,0.9902,0.9901,OFF,failed
1790500001.5135818,,6,710,1,round-robin,7,0.9937,0.9922,OFF,unavailable
1790500082.4130993,1790500092.612909,9,717,1,round-robin,7,0.9932,0.9925,OFF,success
1790500002.3475573,,2,701,1,round-robin,7,0.9938,0.9938,OFF,unavailable
1790500003.9827192,,3,698,2,round-robin,7,0.9942,0.9933,OFF,unavailable
1790500006.4472723,,8,713,2,round-robin,7,0.0,0.0,OFF,unavailable
1790500008.605719,,9,712,2,round-robin,7,0.9933,0.9941,OFF,unavailable
1790500010.157016,,4,634,2,round-robin,7,0.9925,0.9899,OFF,unavailable
1790500089.3791125,1790500101.936694,7,716,2,round-robin,7,0.9925,0.9915,OFF,failed
1790500094.231026,1790500106.9535053,3,704,2,round-robin,7,0.9916,0.9915,ON,failed
1790500100.6854215,1790500107.5768342,9,718,2,round-robin,7,0.9925,0.9915,ON,failed
1790500021.6133037,,10,710,1,round-robin,7,0.9548,0.0022,ON,unavailable
1790500110.690984,1790500117.6014729,7,717,1,round-robin,7,0.0,0.9915,OFF,failed
1790500115.6946168,1790500121.9298694,3,705,1,round-robin,7,0.97,0.9855,OFF,failed
1790500115.6972423,1790500122.2422333,9,719,1,round-robin,7,0.0,0.0,OFF,failed
1790500115.2875717,1790500126.5406651,2,708,2,round-robin,7,0.9942,0.9938,OFF,success
1790500116.9389026,1790500129.5859864,4,641,1,round-robin,7,0.9882,0.9881,OFF,success
1790500120.2376893,1790500132.4812305,10,717,2,round-robin,7,0.9932,0.9925,OFF,failed
1790500120.9203618,1790500133.2972908,7,718,2,round-robin,7,0.9942,0.9915,OFF,failed
1790500123.7955043,1790500134.8245053,6,718,2,round-robin,7,0.9933,0.9925,OFF,success
1790500125.1459615,1790500135.3557315,3,706,2,round-robin,7,0.8887,0.8333,OFF,success
1790500125.4384205,1790500136.0588558,9,720,2,round-robin,7,0.9931,0.9925,OFF,success
1790500126.4684525,1790500138.0157714,8,721,1,round-robin,7,0.9938,0.9901,OFF,success
1790500126.9848318,1790500138.0736756,1,715,1,round-robin,7,0.9933,0.9901,OFF,success
1790500129.762313,1790500140.1297812,2,709,1,round-robin,7,0.9942,0.9925,OFF,success
1790500132.616776,1790500143.8238778,4,642,2,round-robin,7,0.9901,0.9914,OFF,failed
1790500136.6200345,1790500147.0938392,7,719,1,round-robin,7,0.9938,0.99,OFF,success
1790500135.694384,1790500149.0381868,10,718,1,round-robin,7,0.9925,0.9924,OFF,failed
1790500143.712512,1790500149.8589227,3,707,1,round-robin,7,0.9904,0.9841,OFF,failed
1790500138.0506895,1790500150.0694134,6,719,1,round-robin,7,0.0004,0.0054,OFF,failed
1790500139.786674,1790500150.4761155,9,721,1,round-robin,7,0.9925,0.9913,OFF,success
1790500141.417203,1790500151.4927273,1,716,2,round-robin,7,0.9938,0.9915,OFF,success
1790500193.6205037,1790500206.2702625,4,646,2,state-aware,7,0.9882,0.99,OFF,success
1790500195.780835,1790500207.7307262,7,723,1,state-aware,7,0.9931,0.9914,OFF,success
1790500198.2424395,1790500208.8417706,6,723,2,state-aware,7,0.9915,0.9938,OFF,success
1790500199.921485,1790500209.3767955,3,711,1,state-aware,7,0.9933,0.9901,OFF,success
1790500201.2079613,1790500210.9303403,9,725,2,state-aware,7,0.9932,0.9938,OFF,success
1790500201.8360424,1790500212.2210927,1,720,1,state-aware,7,0.9933,0.9881,OFF,success
1790500199.5673094,1790500212.9413939,10,722,1,state-aware,7,0.9924,0.9923,OFF,failed
1790500202.241367,1790500213.040634,5,722,1,state-aware,7,0.9915,0.9915,OFF,success
1790500202.9575696,1790500213.789336,8,726,1,state-aware,7,0.9925,0.9925,OFF,success
1790500204.2759616,1790500215.0880222,2,714,2,state-aware,7,0.9915,0.9925,OFF,success
1790500221.1817205,1790500227.9138076,10,723,2,state-aware,7,0.9924,0.946,ON,failed
1790500216.2527573,1790500228.70934,5,723,2,state-aware,7,0.9613,0.9914,ON,failed
1790500215.674437,1790500228.913884,1,721,2,state-aware,7,0.9942,0.9924,OFF,failed
1790500218.3114648,1790500229.8394697,2,715,1,state-aware,7,0.9915,0.9938,ON,success
1790500217.0182052,1790500230.3494143,8,727,2,state-aware,7,0.9933,0.9943,ON,failed
1790500232.1336613,1790500243.2516766,1,722,1,state-aware,7,0.9943,0.9925,OFF,success
1790500236.1857371,1790500243.7618685,10,724,2,state-aware,7,0.0279,0.0279,OFF,failed
1790500237.1890485,1790500244.3769262,5,724,1,state-aware,7,0.9914,0.9926,OFF,failed
1790500233.577814,1790500245.7387712,8,728,1,state-aware,7,0.9926,0.9915,OFF,success
1790500233.0657473,1790500245.9009867,2,716,1,state-aware,7,0.9942,0.8968,OFF,success
1790500239.6345973,1790500249.0825515,4,649,1,state-aware,7,0.9867,0.9802,OFF,success
1790500242.0019317,1790500251.6470428,6,726,1,state-aware,7,0.9937,0.9932,OFF,success
1790500245.1924093,1790500252.4672108,7,726,2,state-aware,7,0.9805,0.979,OFF,failed
1790500242.9845817,1790500254.0020678,9,728,1,state-aware,7,0.9916,0.9925,OFF,success
1790500244.530876,1790500255.9487772,3,714,2,state-aware,7,0.9938,0.9925,OFF,success
1790500246.9903383,1790500256.4623637,10,725,1,state-aware,7,0.99,0.9912,OFF,success
1790500246.4656181,1790500257.7247286,1,723,1,state-aware,7,0.9915,0.9914,OFF,success
1790500249.1344664,1790500259.737475,2,717,2,state-aware,7,0.9938,0.9942,OFF,success
1790500247.6023374,1790500260.454432,5,725,2,state-aware,7,0.9925,0.9932,OFF,success
1790500254.2013962,1790500260.8787751,8,729,1,state-aware,7,0.9938,0.9915,OFF,failed
1790500252.3122544,1790500263.1524076,4,650,1,state-aware,7,0.9924,0.99,OFF,success
1790500255.6833363,1790500267.0373328,7,727,1,state-aware,7,0.9941,0.9914,OFF,success
1790500257.2283158,1790500267.625,9,729,1,state-aware,7,0.9942,0.9933,OFF,success
1790500259.170805,1790500269.4956162,3,715,1,state-aware,7,0.9938,0.9925,OFF,success
1790500259.6846204,1790500271.330945,10,726,1,state-aware,7,0.9914,0.9932,OFF,success
1790500261.057697,1790500271.5109437,1,724,1,state-aware,7,0.9941,0.9899,OFF,success
1790500263.0658925,1790500273.6730669,2,718,2,state-aware,7,0.9933,0.9938,OFF,success
1790500263.6760519,1790500274.991733,5,726,2,state-aware,7,0.9933,0.9942,OFF,success
1790500264.1110985,1790500275.4061785,8,730,2,state-aware,7,0.9938,0.9943,OFF,success
1790500266.3753605,1790500275.934386,4,651,2,state-aware,7,0.9882,0.9933,OFF,success
1790500270.2593865,1790500280.2179449,7,728,1,state-aware,7,0.9902,0.9901,OFF,success
1790500270.8377721,1790500282.2605839,9,730,1,state-aware,7,0.0,0.0,OFF,success
1790500272.710042,1790500283.0853393,3,716,2,state-aware,7,0.9938,0.9901,OFF,success
1790500276.9081295,1790500287.2807941,2,719,1,state-aware,7,0.9925,0.9925,OFF,success
1790500278.6337316,1790500290.4806423,8,731,1,state-aware,7,0.0,0.0166,OFF,failed
1790500283.441048,1790500295.281,7,729,1,state-aware,7,0.9932,0.9932,OFF,failed
1790500285.4927468,1790500298.3761282,9,731,2,state-aware,7,0.9939,0.9926,ON,failed
1790500209.4388833,,4,647,1,state-aware,7,0.9882,0.9901,OFF,unavailable
1790500210.9529948,,7,724,2,state-aware,7,0.9915,0.9915,OFF,unavailable
1790500212.0648582,,6,724,1,state-aware,7,0.9932,0.9932,OFF,unavailable
1790500296.2315943,1790500303.0785706,2,720,1,state-aware,7,0.9938,0.9925,ON,failed
1790500212.6052065,,3,712,2,state-aware,7,0.9944,0.9932,OFF,unavailable
1790500214.15664,,9,726,1,state-aware,7,0.9932,0.9942,OFF,unavailable
1790500304.2374454,1790500311.0428987,7,730,1,state-aware,7,0.0008,0.0008,ON,failed
1790500307.2396126,1790500314.1097674,9,732,1,state-aware,7,0.3668,0.0,OFF,failed
1790500311.2474773,1790500319.3344991,2,721,2,state-aware,7,0.8545,0.9821,OFF,failed
1790500310.2718315,1790500321.2795095,4,654,1,state-aware,7,0.9941,0.9914,OFF,success
1790500308.9405298,1790500321.8053684,5,729,2,state-aware,7,0.9941,0.9942,OFF,failed
1790500314.2679973,1790500325.17382,7,731,2,state-aware,7,0.9926,0.9901,OFF,success
1790500317.7272453,1790500328.8730004,10,730,1,state-aware,7,0.9925,0.9924,OFF,success
1790500317.3347912,1790500329.2052042,9,733,2,state-aware,7,0.9878,0.9833,OFF,failed
1790500322.2510896,1790500329.8110518,3,719,1,state-aware,7,0.9896,0.9868,OFF,failed
1790500319.1754735,1790500330.6399598,6,731,1,state-aware,7,0.8903,0.8707,OFF,failed
1790500324.253442,1790500330.7298815,1,728,1,state-aware,7,0.9933,0.99,OFF,failed
1790500322.6587586,1790500334.2146046,2,722,1,state-aware,7,0.9938,0.9924,OFF,failed
1790500330.2567687,1790500337.3649623,4,655,1,state-aware,7,0.0001,0.0008,OFF,failed
1790500325.0346558,1790500337.5602875,5,730,1,state-aware,7,0.9938,0.9925,OFF,failed
1790500330.2575352,1790500337.6649961,8,734,1,state-aware,7,0.0,0.0,OFF,failed
1790500332.0899653,1790500343.9359803,10,731,1,state-aware,7,0.0,0.0,OFF,failed
1790500254.867753,,6,727,1,state-aware,7,0.9933,0.9932,OFF,unavailable
1790500339.264554,1790500347.4074867,6,732,2,state-aware,7,0.9886,0.9844,ON,failed
1790500333.9481869,1790500347.4117389,1,729,2,state-aware,7,0.8887,0.9914,OFF,failed
1790500337.4367816,1790500349.347325,2,723,2,state-aware,7,0.9941,0.9924,OFF,failed
1790500346.2713685,1790500352.924267,8,735,2,state-aware,7,0.985,0.985,ON,failed
1790500340.8867228,1790500353.3337047,5,731,2,state-aware,7,0.0492,0.0168,ON,failed
1790500352.275622,1790500359.068464,10,732,2,state-aware,7,0.0,0.7741,OFF,failed
1790500350.6274726,1790500363.0719419,6,733,1,state-aware,7,0.994,0.8804,OFF,failed
1790500356.2772982,1790500363.2704167,1,730,2,state-aware,7,0.0038,0.9914,OFF,failed
1790500352.575471,1790500365.522764,2,724,1,state-aware,7,0.9942,0.9925,OFF,failed
1790500274.3623812,,10,727,1,state-aware,7,0.9925,0.9933,OFF,unavailable
1790500274.7318223,,1,725,1,state-aware,7,0.9942,0.9913,OFF,unavailable
1790500356.5569696,1790500367.77855,5,732,1,state-aware,7,0.8887,0.967,OFF,success
1790500356.167669,1790500368.6921968,8,736,2,state-aware,7,0.0,0.7943,OFF,failed
1790500359.3617694,1790500370.263597,7,734,2,state-aware,7,0.9942,0.9922,OFF,success
1790500361.7821507,1790500371.9929285,3,722,2,state-aware,7,0.9942,0.9925,OFF,success
1790500278.2217972,,5,727,2,state-aware,7,0.9942,0.9941,OFF,unavailable
1790500279.1692615,,4,652,1,state-aware,7,0.9916,0.9899,OFF,unavailable
1790500362.2932284,1790500375.1521263,10,733,1,state-aware,7,0.9923,0.9924,OFF,failed
1790500363.5238464,1790500376.5823903,9,736,1,state-aware,7,0.9932,0.9924,OFF,failed
1790500286.3122232,,3,717,1,state-aware,7,0.9938,0.99,ON,unavailable
1790500366.488945,1790500378.7243207,1,731,1,state-aware,7,0.994,0.992,OFF,failed
1790500371.298608,1790500379.3650126,6,734,2,state-aware,7,0.9942,0.9912,OFF,failed
1790500370.0659418,1790500379.861633,2,725,2,state-aware,7,0.9933,0.9901,OFF,success
1790500370.992104,1790500380.997087,5,733,2,state-aware,7,0.0,0.8122,OFF,success
1790500376.3197575,1790500382.6212003,4,658,2,state-aware,7,0.991,0.9892,OFF,failed
1790500371.9228637,1790500383.9468536,8,737,2,state-aware,7,0.9901,0.9925,OFF,failed
1790500373.4844382,1790500385.6244495,7,735,2,state-aware,7,0.9931,0.9901,OFF,failed
1790500375.3173838,1790500387.9346955,3,723,2,state-aware,7,0.9942,0.9914,OFF,failed
1790500379.5280356,1790500390.3912606,10,734,2,state-aware,7,0.9899,0.9914,OFF,success
1790500379.7904665,1790500391.3474987,9,737,2,state-aware,7,0.9914,0.9914,OFF,success
1790500299.2340868,,8,732,1,state-aware,7,0.0,0.0,ON,unavailable
1790500387.1745877,1790500398.1783822,8,738,1,state-aware,7,0.9937,0.9943,OFF,success
1790500394.574831,1790500404.6374233,9,738,2,state-aware,7,0.9933,0.9925,ON,success
1790500406.3335373,1790500414.9740806,8,739,1,state-aware,7,0.0,0.0,ON,failed
1790500413.3382254,1790500419.317206,9,739,2,state-aware,7,0.016,0.9821,OFF,failed
1790500328.392139,,7,732,2,state-aware,7,0.9933,0.9915,OFF,unavailable
1790500417.3417459,1790500423.312809,6,737,1,state-aware,7,0.0556,0.0265,OFF,failed
1790500420.3460126,1790500426.452255,4,661,2,state-aware,7,0.9842,0.9719,OFF,failed
1790500419.3442278,1790500426.9662797,1,734,1,state-aware,7,0.9933,0.9901,OFF,failed
1790500332.8417962,,3,720,2,state-aware,7,0.9938,0.9915,OFF,unavailable
1790500420.346912,1790500427.2650905,2,728,2,state-aware,7,0.0313,0.9938,OFF,failed
1790500417.6038826,1790500427.7784688,7,738,1,state-aware,7,0.9823,0.4875,OFF,success
1790500422.3511844,1790500428.0855203,5,736,1,state-aware,7,0.9896,0.9842,OFF,failed
1790500423.352694,1790500430.648978,8,740,1,state-aware,7,0.9875,0.9877,OFF,failed
1790500420.9803503,1790500431.178411,3,726,1,state-aware,7,0.9943,0.9932,OFF,success
1790500337.2618673,,9,734,1,state-aware,7,0.9931,0.991,OFF,unavailable
1790500422.550545,1790500433.536781,9,740,1,state-aware,7,0.9925,0.9925,OFF,success
1790500425.063544,1790500436.185652,10,737,2,state-aware,7,0.9925,0.9925,OFF,success
1790500426.6408508,1790500436.9327648,6,738,2,state-aware,7,0.994,0.9929,OFF,success
1790500346.268474,,4,656,2,state-aware,7,0.9833,0.979,ON,unavailable
1790500430.4914732,1790500441.5940442,2,729,2,state-aware,7,0.0009,0.0,OFF,success
1790500430.192126,1790500442.1196282,1,735,2,state-aware,7,0.9926,0.9901,OFF,failed
1790500429.680984,1790500442.3225267,4,662,1,state-aware,7,0.99,0.9915,OFF,failed
1790500436.3603654,1790500442.965183,5,737,2,state-aware,7,0.994,0.9934,OFF,failed
1790500430.997444,1790500443.1684475,7,739,1,state-aware,7,0.9823,0.0016,OFF,success
1790500434.403454,1790500443.9502485,3,727,1,state-aware,7,0.9939,0.9915,OFF,success
1790500436.7144117,1790500446.312895,9,741,1,state-aware,7,0.9915,0.9901,OFF,success
1790500433.8616815,1790500447.1366172,8,741,2,state-aware,7,0.9933,0.9937,OFF,failed
1790500440.3139732,1790500450.3098848,6,739,2,state-aware,7,0.9942,0.9915,OFF,success
1790500439.4106896,1790500450.9153535,10,738,2,state-aware,7,0.9914,0.9938,OFF,success
1790500447.1712976,1790500459.628996,3,728,1,state-aware,7,0.9944,0.9914,OFF,success
1790500453.522697,1790500464.8717725,6,740,2,state-aware,7,0.9933,0.9925,ON,success
1790500381.9416492,,1,732,1,state-aware,7,0.9943,0.9931,OFF,unavailable
1790500468.3821046,1790500474.6859362,3,729,1,state-aware,7,0.0161,0.0,ON,failed
1790500382.5808265,,6,735,1,state-aware,7,0.9942,0.9924,OFF,unavailable
1790500383.0874212,,2,726,2,state-aware,7,0.9933,0.9901,OFF,unavailable
1790500384.3219583,,5,734,1,state-aware,7,0.993,0.9933,OFF,unavailable
1790500385.854906,,4,659,2,state-aware,7,0.9898,0.9931,OFF,unavailable
1790500473.385895,1790500480.3300216,6,741,1,state-aware,7,0.9933,0.0553,OFF,failed
1790500388.850703,,7,736,2,state-aware,7,0.9943,0.9923,OFF,unavailable
1790500391.2564628,,3,724,1,state-aware,7,0.9944,0.9925,OFF,unavailable
1790500523.6619995,1790500533.6610413,3,733,1,round-robin,8,0.9831,0.9145,OFF,success
1790500522.541968,1790500534.466874,2,735,1,round-robin,8,0.8689,0.8896,OFF,success
1790500524.4717522,1790500535.1365712,9,747,1,round-robin,8,0.9925,0.9938,OFF,success
1790500528.901092,1790500536.9416559,7,745,1,round-robin,8,0.9878,0.1054,OFF,failed
1790500530.2360537,1790500540.2130587,8,747,1,round-robin,8,0.9925,0.9915,OFF,success
1790500530.8529713,1790500542.1781657,6,745,1,round-robin,8,0.9915,0.9933,OFF,success
1790500532.176534,1790500542.6691167,10,744,1,round-robin,8,0.9924,0.9938,OFF,success
1790500537.4225519,1790500548.2063498,1,742,1,round-robin,8,0.978,0.9833,OFF,success
1790500536.884594,1790500548.8188663,3,734,2,round-robin,8,0.0016,0.8834,OFF,success
1790500543.9043677,1790500551.0692503,2,736,2,round-robin,8,0.8887,0.8937,OFF,failed
1790500540.1471324,1790500551.9916255,7,746,2,round-robin,8,0.9943,0.9933,OFF,failed
1790500552.0444465,1790500565.3123527,3,735,1,round-robin,8,0.9941,0.9914,ON,failed
1790500560.9138298,1790500567.769054,7,747,1,round-robin,8,0.0279,0.0957,ON,failed
1790500573.9319408,1790500579.9489691,3,736,2,round-robin,8,0.1625,0.1624,OFF,failed
1790500575.9199016,1790500582.5009968,7,748,2,round-robin,8,0.0,0.0,OFF,failed
1790500574.5779338,1790500587.6342928,6,748,1,round-robin,8,0.9937,0.9937,OFF,failed
1790500577.0294995,1790500588.3461072,10,747,1,round-robin,8,0.99,0.9926,OFF,success
1790500583.1781487,1790500593.1598568,3,737,1,round-robin,8,0.9938,0.9915,OFF,success
1790500583.6843164,1790500594.3896463,9,751,1,round-robin,8,0.9915,0.9916,OFF,success
1790500585.7204168,1790500596.129674,7,749,1,round-robin,8,0.9931,0.9938,OFF,success
1790500585.2606232,1790500596.32957,2,739,2,round-robin,8,0.7877,0.9933,OFF,success
1790500591.9375799,1790500596.8385203,4,672,2,round-robin,8,0.8535,0.8073,OFF,failed
1790500586.5501068,1790500598.1022377,8,751,1,round-robin,8,0.9915,0.9933,OFF,success
1790500590.8486657,1790500601.1722212,6,749,2,round-robin,8,0.9925,0.9915,OFF,success
1790500591.6705868,1790500603.197767,10,748,2,round-robin,8,0.9924,0.9933,OFF,success
1790500602.9420304,1790500611.1227899,9,752,2,round-robin,8,0.0,0.0,OFF,failed
1790500601.3216295,1790500612.1339784,8,752,2,round-robin,8,0.9916,0.9933,OFF,success
1790500604.9446263,1790500612.6052885,7,750,2,round-robin,8,0.9915,0.9915,OFF,failed
1790500521.9298174,,4,668,1,round-robin,8,0.9925,0.9915,OFF,unavailable
1790500606.4142077,1790500616.531043,10,749,1,round-robin,8,0.9881,0.9914,OFF,success
1790500604.9389474,1790500617.3504262,6,750,1,round-robin,8,0.9915,0.9925,OFF,failed
1790500523.18297,,5,743,1,round-robin,8,0.9858,0.9924,OFF,unavailable
1790500620.9495873,1790500626.9776285,9,753,1,round-robin,8,0.9875,0.9896,ON,failed
1790500620.4828553,1790500632.5926368,6,751,2,round-robin,8,0.9931,0.9924,ON,success
1790500543.5344946,,8,748,2,round-robin,8,0.9933,0.9942,OFF,unavailable
1790500543.905486,,9,748,2,round-robin,8,0.9925,0.9943,OFF,unavailable
1790500545.4145517,,6,746,2,round-robin,8,0.9942,0.0,OFF,unavailable
1790500550.9086413,,10,745,2,round-robin,8,0.9882,0.9926,ON,unavailable
1790500551.4310572,,1,743,2,round-robin,8,0.9938,0.9925,ON,unavailable
1790500552.7629292,,5,745,2,round-robin,8,0.9605,0.9772,ON,unavailable
1790500635.9541821,1790500643.4337006,9,754,2,round-robin,8,0.0,0.0,OFF,failed
1790500635.6281655,1790500647.4358792,6,752,1,round-robin,8,0.9931,0.9912,OFF,failed
1790500559.9120562,,2,737,1,round-robin,8,0.0,0.0,ON,unavailable
1790500642.8716223,1790500652.9595628,3,741,1,round-robin,8,0.9941,0.9937,OFF,success
1790500643.387135,1790500653.4861379,5,751,1,round-robin,8,0.9925,0.9926,OFF,success
1790500649.9691715,1790500655.7238703,2,743,2,round-robin,8,0.0,0.0008,OFF,failed
1790500648.967472,1790500655.8605568,1,749,2,round-robin,8,0.8807,0.8536,OFF,failed
1790500649.9717777,1790500656.366056,4,676,2,round-robin,8,0.9833,0.9743,OFF,failed
1790500649.970446,1790500657.6720476,8,755,2,round-robin,8,0.0002,0.2057,OFF,failed
1790500647.071861,1790500658.9054852,7,753,2,round-robin,8,0.9943,0.9925,OFF,failed
1790500650.243666,1790500659.9246423,10,752,1,round-robin,8,0.9922,0.994,OFF,success
1790500659.0783362,1790500668.9412503,1,750,1,round-robin,8,0.2532,0.9818,OFF,success
1790500581.412688,,5,747,1,round-robin,8,0.9943,0.9932,OFF,unavailable
1790500581.6404412,,1,745,1,round-robin,8,0.9932,0.991,OFF,unavailable
1790500667.9889715,1790500675.9031863,10,753,2,round-robin,8,0.0,0.0,ON,failed
1790500596.374846,,3,738,2,round-robin,8,0.9938,0.9925,OFF,unavailable
1790500684.9976544,1790500691.570305,10,754,1,round-robin,8,0.8365,0.9509,OFF,failed
1790500679.977234,1790500691.767865,6,755,1,round-robin,8,0.9915,0.9914,OFF,failed
1790500599.5621686,,2,740,1,round-robin,8,0.4911,0.993,OFF,unavailable
1790500600.178352,,4,673,1,round-robin,8,0.9925,0.9899,OFF,unavailable
1790500686.1018093,1790500698.016213,3,744,1,round-robin,8,0.9933,0.9926,OFF,failed
1790500692.0011952,1790500699.5665567,5,754,1,round-robin,8,0.8903,0.8555,OFF,failed
1790500689.78802,1790500702.361147,2,746,2,round-robin,8,0.9937,0.9944,OFF,failed
1790500692.4451792,1790500703.7802632,8,758,2,round-robin,8,0.7949,0.9933,OFF,success
1790500693.0338013,1790500704.300249,7,756,2,round-robin,8,0.9941,0.9931,OFF,success
1790500694.980143,1790500704.714086,6,756,2,round-robin,8,0.9901,0.99,OFF,success
1790500694.6408632,1790500705.2914171,9,758,2,round-robin,8,0.9938,0.9925,OFF,success
1790500694.6013904,1790500705.523938,10,755,2,round-robin,8,0.9901,0.9925,OFF,success
1790500614.108956,,5,749,2,round-robin,8,0.0,0.0305,OFF,unavailable
1790500615.3528192,,8,753,1,round-robin,8,0.9938,0.9937,OFF,unavailable
1790500615.8319159,,7,751,1,round-robin,8,0.9923,0.9914,OFF,unavailable
1790500702.6000547,1790500712.6619718,5,755,2,round-robin,8,0.9925,0.9938,OFF,success
1790500619.8468938,,10,750,2,round-robin,8,0.9914,0.9925,ON,unavailable
1790500701.441707,1790500714.2036629,1,753,1,round-robin,8,0.0182,0.0098,OFF,failed
1790500707.007145,1790500714.5281985,3,745,2,round-robin,8,0.9933,0.9925,OFF,failed
1790500705.5868142,1790500716.5565794,2,747,1,round-robin,8,0.8838,0.9933,OFF,success
1790500706.9622052,1790500717.0661528,8,759,1,round-robin,8,0.9943,0.9941,OFF,success
1790500707.5276432,1790500717.6783335,7,757,1,round-robin,8,0.9933,0.0,OFF,success
1790500707.9305785,1790500718.086863,6,757,1,round-robin,8,0.9935,0.0,OFF,success
1790500708.512576,1790500719.3243828,9,759,1,round-robin,8,0.9915,0.9933,OFF,success
1790500708.8570588,1790500719.7620027,10,756,1,round-robin,8,0.9911,0.9938,OFF,success
1790500715.890387,1790500725.7791266,5,756,1,round-robin,8,0.9944,0.9942,OFF,success
1790500717.4265728,1790500729.5586095,1,754,2,round-robin,8,0.9933,0.99,OFF,failed
1790500717.7614954,1790500730.0030246,3,746,1,round-robin,8,0.9941,0.9937,OFF,failed
1790500720.2932332,1790500730.688144,8,760,2,round-robin,8,0.9939,0.9933,OFF,success
1790500719.892264,1790500731.0310197,2,748,2,round-robin,8,0.0,0.9673,OFF,success
1790500721.4164195,1790500732.5629063,6,758,2,round-robin,8,0.9914,0.9867,OFF,success
1790500720.9082763,1790500732.6009595,7,758,2,round-robin,8,0.1778,0.9908,OFF,success
1790500726.0153637,1790500733.44536,4,681,1,round-robin,8,0.9914,0.979,OFF,failed
1790500722.9875453,1790500734.8862152,10,757,2,round-robin,8,0.9925,0.9915,OFF,success
1790500722.5478082,1790500735.0827465,9,760,2,round-robin,8,0.9933,0.9915,OFF,success
1790500646.7668455,,9,755,1,round-robin,8,0.9941,0.994,OFF,unavailable
1790500650.7628405,,6,753,2,round-robin,8,0.9938,0.9937,OFF,unavailable
1790500738.0222197,1790500746.1427312,1,755,1,round-robin,8,0.9902,0.9932,ON,failed
1790500735.5937786,1790500747.5846395,6,759,1,round-robin,8,0.9933,0.9901,ON,success
1790500656.1894228,,3,742,2,round-robin,8,0.9938,0.0,OFF,unavailable
1790500656.7059047,,5,752,2,round-robin,8,0.9933,0.9943,OFF,unavailable
1790500659.5880196,,4,677,1,round-robin,8,0.9924,0.988,ON,unavailable
1790500660.8904161,,8,756,1,round-robin,8,0.9938,0.9944,ON,unavailable
1790500662.1295805,,7,754,1,round-robin,8,0.9942,0.9932,ON,unavailable
1790500663.985889,,2,744,1,round-robin,8,0.8804,0.9826,ON,unavailable
1790500757.0337818,1790500761.6257029,6,760,2,round-robin,8,0.016,0.9597,ON,failed
1790500755.0314527,1790500761.8183284,1,756,2,round-robin,8,0.0,0.0,ON,failed
1790500676.9930303,,1,751,2,round-robin,8,0.27,0.992,OFF,unavailable
1790500762.6074142,1790500772.8169787,2,751,2,round-robin,8,0.9919,0.9903,OFF,success
1790500768.0391748,1790500775.3300805,8,763,2,round-robin,8,0.869,0.9926,OFF,failed
1790500765.0365965,1790500775.8471344,1,757,1,round-robin,8,0.9894,0.979,OFF,success
1790500770.0419443,1790500776.397579,3,749,1,round-robin,8,0.9936,0.993,OFF,failed
1790500770.0429196,1790500777.0722766,6,761,1,round-robin,8,0.0002,0.0051,OFF,failed
1790500767.712802,1790500778.0993528,10,760,2,round-robin,8,0.9924,0.9929,OFF,success
1790500768.0071912,1790500778.1981192,4,684,1,round-robin,8,0.9914,0.991,OFF,success
1790500767.1945648,1790500778.7231004,7,761,2,round-robin,8,0.016,0.0,OFF,success
1790500769.2405171,1790500780.3421562,9,763,2,round-robin,8,0.9915,0.9925,OFF,success
1790500691.639555,,4,679,2,round-robin,8,0.9916,0.99,OFF,unavailable
1790500774.5674841,1790500785.687557,5,760,1,round-robin,8,0.9932,0.9932,OFF,success
1790500777.1214638,1790500788.0286815,2,752,1,round-robin,8,0.9942,0.9941,OFF,success
1790500779.621778,1790500789.875569,3,750,2,round-robin,8,0.9933,0.9926,OFF,success
1790500784.0517585,1790500790.1849208,1,758,2,round-robin,8,0.9933,0.9915,OFF,failed
1790500784.0505397,1790500790.7026715,8,764,1,round-robin,8,0.9875,0.9926,OFF,failed
1790500780.2975664,1790500793.2555258,6,762,2,round-robin,8,0.9941,0.9924,OFF,failed
1790500787.054704,1790500793.4857316,10,761,1,round-robin,8,0.9925,0.9933,OFF,failed
1790500781.4136934,1790500794.0816526,4,685,2,round-robin,8,0.9931,0.9914,OFF,failed
1790500781.9522045,1790500794.8258562,7,762,1,round-robin,8,0.9914,0.9937,OFF,failed
1790500783.5613415,1790500795.9010494,9,764,1,round-robin,8,0.9915,0.9915,OFF,failed
1790500791.255634,1790500802.0641036,2,753,2,round-robin,8,0.9942,0.9914,OFF,success
1790500788.9099169,1790500802.5934122,5,761,2,round-robin,8,0.9938,0.9932,OFF,failed
1790500798.046865,1790500807.7289126,7,763,2,round-robin,8,0.9932,0.9924,OFF,success
1790500858.635749,1790500864.7316391,5,765,2,state-aware,8,0.9809,0.9878,OFF,failed
1790500856.5101793,1790500867.0908244,3,755,2,state-aware,8,0.0,0.9936,OFF,success
1790500857.6101847,1790500870.7658694,8,769,2,state-aware,8,0.9933,0.9943,OFF,failed
1790500861.2021813,1790500871.377899,9,769,1,state-aware,8,0.9941,0.9925,OFF,success
1790500873.6478324,1790500879.3741057,5,766,2,state-aware,8,0.0,0.0,OFF,failed
1790500875.6498134,1790500882.536997,3,756,2,state-aware,8,0.0,0.0,OFF,failed
1790500874.1044307,1790500885.212404,8,770,1,state-aware,8,0.9937,0.9942,OFF,success
1790500874.5531695,1790500886.4281063,9,770,2,state-aware,8,0.9933,0.9942,OFF,failed
1790500882.6025145,1790500895.1549037,5,767,1,state-aware,8,0.9901,0.9915,OFF,failed
1790500886.000402,1790500895.9819567,7,769,1,state-aware,8,0.9913,0.9897,OFF,success
1790500887.197806,1790500897.2990732,1,765,1,state-aware,8,0.9938,0.99,OFF,success
1790500885.2591772,1790500897.8172867,2,759,1,state-aware,8,0.994,0.9935,OFF,failed
1790500885.8001227,1790500898.7669723,3,757,2,state-aware,8,0.0,0.9842,OFF,failed
1790500893.658519,1790500899.6787894,4,692,1,state-aware,8,0.9582,0.9425,OFF,failed
1790500887.708082,1790500900.0735211,6,769,2,state-aware,8,0.0,0.9812,OFF,failed
1790500889.5905797,1790500900.5590355,9,771,1,state-aware,8,0.9933,0.9924,OFF,success
1790500895.6607533,1790500901.519162,10,768,2,state-aware,8,0.9872,0.9881,OFF,failed
1790500898.3804042,1790500908.0517354,5,768,1,state-aware,8,0.9943,0.9925,OFF,success
1790500899.2031577,1790500910.6328661,7,770,2,state-aware,8,0.9914,0.9925,OFF,success
1790500902.0856102,1790500911.8886292,3,758,1,state-aware,8,0.9942,0.9914,OFF,success
1790500900.5239182,1790500912.3684666,1,766,2,state-aware,8,0.0,0.9914,OFF,failed
1790500921.6715345,1790500928.554994,1,767,1,state-aware,8,0.0,0.0,ON,failed
1790500924.6741922,1790500930.8062377,8,773,1,state-aware,8,0.0,0.0,ON,failed
1790500931.7767253,1790500941.0136237,1,768,2,state-aware,8,0.9933,0.9901,OFF,success
1790500932.9808784,1790500943.0031204,6,772,1,state-aware,8,0.9939,0.9926,OFF,success
1790500853.1278203,,2,757,2,state-aware,8,0.9902,0.9922,OFF,unavailable
1790500933.5238564,1790500944.2860422,9,774,1,state-aware,8,0.9881,0.9901,OFF,success
1790500934.4442983,1790500944.8230572,10,771,1,state-aware,8,0.9937,0.9942,OFF,success
1790500932.3063846,1790500945.55517,2,762,2,state-aware,8,0.9942,0.9932,OFF,failed
1790500934.0089798,1790500946.3472335,8,774,2,state-aware,8,0.9943,0.9932,OFF,failed
1790500935.6357713,1790500947.4732351,4,695,2,state-aware,8,0.9938,0.9923,OFF,success
1790500855.141222,,1,763,2,state-aware,8,0.9916,0.9932,OFF,unavailable
1790500856.7095408,,7,767,1,state-aware,8,0.0059,0.0,OFF,unavailable
1790500940.8589084,1790500950.8492303,5,771,1,state-aware,8,0.9944,0.9938,OFF,success
1790500858.6365278,,6,767,2,state-aware,8,0.0041,0.9883,OFF,unavailable
1790500859.174827,,4,690,1,state-aware,8,0.9937,0.9924,OFF,unavailable
1790500862.6404674,,10,766,2,state-aware,8,0.9809,0.989,ON,unavailable
1790500945.4835844,1790500955.9979804,3,761,1,state-aware,8,0.9944,0.9938,OFF,success
1790500947.3162441,1790500958.6484892,9,775,1,state-aware,8,0.9915,0.9926,OFF,success
1790500954.0785,1790500964.7812529,5,772,1,state-aware,8,0.9942,0.9937,OFF,success
1790500964.692098,1790500970.9272761,3,762,2,state-aware,8,0.0,0.9822,ON,failed
1790500966.6940742,1790500973.9877465,9,776,2,state-aware,8,0.4875,0.9926,ON,failed
1790500888.443937,,8,771,1,state-aware,8,0.9933,0.9925,OFF,unavailable
1790500973.6976912,1790500980.7804232,5,773,1,state-aware,8,0.9926,0.0,OFF,failed
1790500974.1537695,1790500986.3908772,3,763,1,state-aware,8,0.9938,0.9925,OFF,success
1790500977.3431115,1790500986.6931632,2,765,1,state-aware,8,0.989,0.9286,OFF,success
1790500976.6133533,1790500987.713554,6,775,1,state-aware,8,0.9942,0.9925,OFF,success
1790500976.6547756,1790500988.255123,1,771,2,state-aware,8,0.9941,0.9912,OFF,failed
1790500981.5062494,1790500992.4271417,4,698,2,state-aware,8,0.9937,0.9924,OFF,success
1790500901.0434608,,2,760,2,state-aware,8,0.9933,0.9901,OFF,unavailable
1790500903.3057177,,6,770,2,state-aware,8,0.0,0.0,OFF,unavailable
1790500904.7390156,,10,769,1,state-aware,8,0.9931,0.9941,OFF,unavailable
1790500908.6653295,,4,693,1,state-aware,8,0.0008,0.003,OFF,unavailable
1790500908.6661985,,9,772,1,state-aware,8,0.9915,0.9925,OFF,unavailable
1790500911.8067539,,5,769,1,state-aware,8,0.9901,0.9916,OFF,unavailable
1790500989.6128,1790501005.1492734,3,764,1,state-aware,8,0.9942,0.9932,ON,success
1790500989.918508,1790501005.1914468,2,766,2,state-aware,8,0.9941,0.9932,ON,failed
1790500996.7182202,1790501005.2342243,1,772,2,state-aware,8,0.0,0.0,ON,failed
1790500990.9469433,1790501005.2512143,6,776,1,state-aware,8,0.0082,0.002,ON,failed
1790501000.7212741,1790501007.159723,4,699,1,state-aware,8,0.9916,0.0,ON,failed
1790500914.8810744,,7,771,1,state-aware,8,0.9925,0.9925,ON,unavailable
1790500914.9732027,,3,759,1,state-aware,8,0.9938,0.9916,ON,unavailable
1790501008.1799488,1790501016.2846231,3,765,1,state-aware,8,0.9942,0.9883,OFF,failed
1790501008.222503,1790501017.761439,2,767,1,state-aware,8,0.9941,0.9902,OFF,failed
1790501009.1852345,1790501018.950243,8,779,2,state-aware,8,0.0,0.9933,OFF,success
1790501008.4307854,1790501019.1649911,7,777,2,state-aware,8,0.9882,0.9925,OFF,success
1790501008.2648184,1790501019.2495956,6,777,2,state-aware,8,0.0082,0.9842,OFF,success
1790501010.376569,1790501020.5848892,4,700,2,state-aware,8,0.9916,0.9921,OFF,success
1790501008.2834513,1790501020.7796614,9,779,1,state-aware,8,0.9615,0.9938,OFF,failed
1790501009.7965763,1790501021.237719,10,776,1,state-aware,8,0.9924,0.9943,OFF,success
1790501015.612232,1790501027.0347779,5,776,2,state-aware,8,0.9941,0.9931,OFF,failed
1790501019.5096228,1790501029.089745,3,766,1,state-aware,8,0.9941,0.9923,OFF,success
1790501021.8721883,1790501032.6965754,1,774,2,state-aware,8,0.0,0.0,OFF,success
1790501020.9998612,1790501032.7974746,2,768,2,state-aware,8,0.9944,0.9932,OFF,failed
1790501022.4795825,1790501033.2948194,6,778,1,state-aware,8,0.9812,0.8689,OFF,success
1790501024.4657428,1790501034.2050607,10,777,1,state-aware,8,0.9925,0.9915,OFF,success
1790501024.0020092,1790501034.240325,9,780,1,state-aware,8,0.986,0.9933,OFF,success
1790501027.7319605,1790501035.026176,7,778,1,state-aware,8,0.9944,0.0302,OFF,failed
1790501028.7343004,1790501035.8443487,4,701,2,state-aware,8,0.9926,0.99,OFF,failed
1790500944.2625635,,1,769,2,state-aware,8,0.9938,0.9924,OFF,unavailable
1790500947.2645311,,7,773,1,state-aware,8,0.9901,0.0,OFF,unavailable
1790500948.0327451,,10,772,1,state-aware,8,0.9924,0.9942,OFF,unavailable
1790501030.2493322,1790501041.6849813,5,777,1,state-aware,8,0.9932,0.9932,OFF,success
1790500948.8801985,,2,763,1,state-aware,8,0.9938,0.9901,OFF,unavailable
1790500949.5582938,,8,775,1,state-aware,8,0.9938,0.9932,OFF,unavailable
1790500952.6856275,,6,773,1,state-aware,8,0.994,0.9915,OFF,unavailable
1790501032.3120403,1790501045.170568,3,767,1,state-aware,8,0.9938,0.9925,OFF,failed
1790501036.5331197,1790501046.08975,6,779,2,state-aware,8,0.9938,0.9915,OFF,success
1790501037.4732625,1790501047.1127882,9,781,1,state-aware,8,0.9901,0.8888,OFF,success
1790501040.740379,1790501048.33742,1,775,1,state-aware,8,0.8887,0.8535,OFF,failed
1790501036.0240195,1790501048.5399556,2,769,1,state-aware,8,0.8887,0.8336,OFF,failed
1790500956.6885436,,4,696,2,state-aware,8,0.9933,0.9933,ON,unavailable
1790501042.7429998,1790501048.975891,10,778,1,state-aware,8,0.9901,0.9937,OFF,failed
1790501038.2422588,1790501049.4676886,7,779,2,state-aware,8,0.0004,0.0479,OFF,success
1790501044.9060235,1790501056.0155733,5,778,1,state-aware,8,0.9944,0.9933,OFF,success
1790501049.3118083,1790501061.368142,6,780,2,state-aware,8,0.9944,0.9933,OFF,failed
1790501051.7611322,1790501064.1067412,1,776,2,state-aware,8,0.0001,0.958,ON,failed
1790501051.8635397,1790501064.6383755,2,770,1,state-aware,8,0.951,0.8541,ON,failed
1790501057.765911,1790501065.017401,10,779,1,state-aware,8,0.0,0.0001,ON,failed
1790501057.766952,1790501065.7448208,7,780,2,state-aware,8,0.8536,0.8834,ON,failed
1790501053.9090393,1790501066.672232,8,782,1,state-aware,8,0.9926,0.9925,ON,failed
1790501064.7716908,1790501071.275487,5,779,1,state-aware,8,0.0002,0.0002,OFF,failed
1790500980.721167,,8,777,1,state-aware,8,0.9938,0.9915,OFF,unavailable
1790500982.7062948,,7,775,1,state-aware,8,0.9882,0.8333,OFF,unavailable
1790500982.7071023,,9,777,1,state-aware,8,0.9615,0.0,OFF,unavailable
1790500982.7078218,,10,774,1,state-aware,8,0.9924,0.0559,OFF,unavailable
1790501069.7969515,1790501077.420425,6,781,1,state-aware,8,0.0,0.0,OFF,failed
1790501067.8600733,1790501077.7643316,2,771,1,state-aware,8,0.9937,0.0884,OFF,success
1790501067.33012,1790501078.3441021,1,777,2,state-aware,8,0.0,0.0,OFF,success
1790500984.099469,,5,774,2,state-aware,8,0.9937,0.9932,OFF,unavailable
1790501068.9737608,1790501079.3641355,7,781,1,state-aware,8,0.9938,0.9914,OFF,success
1790501073.8002522,1790501081.5429235,10,780,2,state-aware,8,0.8535,0.8805,OFF,failed
1790501069.8986773,1790501081.818984,8,783,2,state-aware,8,0.9926,0.9925,OFF,failed
1790501074.4983253,1790501084.7031188,5,780,1,state-aware,8,0.9942,0.9914,OFF,success
1790501079.2089727,1790501089.0956008,3,770,1,state-aware,8,0.9941,0.9923,OFF,success
1790501079.9693356,1790501090.727307,9,784,1,state-aware,8,0.9901,0.9915,OFF,success
1790501080.6462908,1790501090.829304,6,782,2,state-aware,8,0.9938,0.99,OFF,success
1790501081.559397,1790501091.8598645,1,778,1,state-aware,8,0.993,0.9896,OFF,success
1790501081.0797415,1790501092.6741927,2,772,2,state-aware,8,0.9943,0.9931,OFF,failed
1790501082.7799876,1790501093.6957986,4,705,2,state-aware,8,0.9881,0.979,OFF,success
1790501085.0448763,1790501094.73421,8,784,1,state-aware,8,0.9933,0.9901,OFF,success
1790501087.8228195,1790501095.1253974,7,782,1,state-aware,8,0.9926,0.9925,OFF,failed
1790501084.72251,1790501095.9450157,10,781,1,state-aware,8,0.6088,0.0,OFF,failed
1790501088.0464814,1790501097.4802423,5,781,1,state-aware,8,0.9941,0.9933,OFF,success
1790501092.3113708,1790501101.9829848,3,771,1,state-aware,8,0.9938,0.9925,OFF,success
1790501094.0494192,1790501104.250136,6,783,1,state-aware,8,0.9938,0.8918,OFF,success
1790501093.9500585,1790501104.8471444,9,785,2,state-aware,8,0.0,0.9915,OFF,success
1790501095.8973541,1790501106.3021183,2,773,1,state-aware,8,0.9941,0.9944,OFF,success
1790501095.0854547,1790501106.900015,1,779,1,state-aware,8,0.9933,0.9882,OFF,failed
1790501097.9541764,1790501107.7581904,8,785,1,state-aware,8,0.9933,0.9925,OFF,success
1790501096.9223418,1790501108.3626833,4,706,2,state-aware,8,0.9925,0.988,OFF,success
1790501098.4635723,1790501109.392051,7,783,2,state-aware,8,0.9925,0.9899,OFF,success
1790501099.2627413,1790501109.9787803,10,782,2,state-aware,8,0.9914,0.9937,OFF,success
1790501018.72738,,1,773,1,state-aware,8,0.9931,0.9892,OFF,unavailable
1790501027.7312999,,8,780,1,state-aware,8,0.9226,0.9933,OFF,unavailable
1790501115.8423698,1790501122.985773,1,780,2,state-aware,8,0.9938,0.9913,ON,failed
1790501113.2060738,1790501123.1745322,10,783,2,state-aware,8,0.9898,0.9938,ON,success
1790501111.596979,1790501124.7322788,4,707,2,state-aware,8,0.9926,0.9901,ON,failed
1790501039.07101,,4,702,2,state-aware,8,0.9926,0.9881,OFF,unavailable
1790501131.8524916,1790501138.338554,10,784,2,state-aware,8,0.0,0.0,OFF,failed
1790501048.5052218,,3,768,1,state-aware,8,0.9941,0.9914,OFF,unavailable
1790501131.8515558,1790501139.0812843,1,781,1,state-aware,8,0.9857,0.0,OFF,failed
1790501132.8545191,1790501139.7576613,4,708,2,state-aware,8,0.0001,0.9901,OFF,failed
1790501134.8571956,1790501142.2302077,5,784,1,state-aware,8,0.0,0.0,OFF,failed
1790501050.34205,,9,782,1,state-aware,8,0.9932,0.9938,OFF,unavailable
1790501190.2602232,1790501197.1141374,2,779,2,random,8,0.0,0.0,OFF,failed
1790501195.3290975,1790501205.5453808,6,790,2,random,8,0.9933,0.9931,OFF,success
1790501197.3930657,1790501206.9448764,3,778,2,random,8,0.9942,0.9933,OFF,success
1790501199.7416854,1790501210.6447418,9,792,2,random,8,0.9925,0.9914,OFF,success
1790501200.3457334,1790501210.7327838,2,780,1,random,8,0.9938,0.9926,OFF,success
1790501201.47592,1790501211.2497785,1,786,2,random,8,0.9938,0.0294,OFF,success
1790501202.082751,1790501211.753705,10,789,1,random,8,0.99,0.9932,OFF,success
1790501202.5186133,1790501213.0813117,7,790,1,random,8,0.9914,0.9914,OFF,success
1790501204.2287686,1790501213.9063823,4,713,1,random,8,0.9924,0.9932,OFF,success
1790501205.6528382,1790501215.6900554,8,792,1,random,8,0.0,0.0,OFF,success
1790501208.8158636,1790501219.5370169,6,791,2,random,8,0.9925,0.9915,OFF,success
1790501214.4705963,1790501225.8163345,1,787,2,random,8,0.9942,0.99,OFF,success
1790501216.2694116,1790501229.9848957,7,791,2,random,8,0.9933,0.9901,ON,failed
1790501217.134148,1790501230.5193546,4,714,2,random,8,0.9914,0.9881,ON,failed
1790501224.2743268,1790501232.1251178,8,793,1,random,8,0.985,0.9833,ON,failed
1790501228.277364,1790501234.8212357,6,792,1,random,8,0.0,0.0,ON,failed
1790501234.2801697,1790501240.9724903,1,788,2,random,8,0.97,0.0,ON,failed
1790501238.2825732,1790501245.8530273,7,792,1,random,8,0.9933,0.0545,OFF,failed
1790501239.2844522,1790501246.5574298,4,715,1,random,8,0.0,0.0,OFF,failed
1790501240.2865343,1790501248.515276,8,794,1,random,8,0.0,0.0,OFF,failed
1790501243.2889369,1790501250.4633331,6,793,1,random,8,0.0,0.0,OFF,failed
1790501243.3507326,1790501254.863872,2,783,1,random,8,0.9933,0.99,OFF,success
1790501244.167953,1790501255.477404,1,789,1,random,8,0.9942,0.9912,OFF,success
1790501249.2914968,1790501255.9808223,10,792,1,random,8,0.9914,0.8783,OFF,failed
1790501245.4936917,1790501258.161994,9,795,1,random,8,0.9915,0.9915,OFF,failed
1790501249.0764043,1790501258.6492698,7,793,1,random,8,0.9933,0.9924,OFF,success
1790501249.7819676,1790501259.680183,4,716,2,random,8,0.9938,0.9899,OFF,success
1790501251.7406683,1790501261.729841,8,795,2,random,8,0.0,0.0,OFF,success
1790501252.1594975,1790501263.3623965,5,792,2,random,8,0.9933,0.9933,OFF,success
1790501259.2947164,1790501266.2499669,6,794,2,random,8,0.8689,0.8804,OFF,failed
1790501258.0889325,1790501270.2260642,2,784,2,random,8,0.9943,0.9925,OFF,failed
1790501258.6855552,1790501271.555279,1,790,2,random,8,0.9944,0.9924,OFF,failed
1790501259.2426178,1790501272.475071,10,793,1,random,8,0.9916,0.9925,OFF,failed
1790501261.470294,1790501273.4237587,9,796,2,random,8,0.9932,0.9932,OFF,failed
1790501262.9067452,1790501273.80081,4,717,2,random,8,0.9926,0.9855,OFF,success
1790501261.867727,1790501275.0626893,7,794,2,random,8,0.9944,0.9938,OFF,failed
1790501266.5795696,1790501278.0052874,5,793,1,random,8,0.9915,0.9915,OFF,success
1790501269.485653,1790501280.6887155,6,795,1,random,8,0.9899,0.9867,OFF,success
1790501274.30085,1790501281.3768911,3,783,2,random,8,0.9893,0.9889,OFF,failed
1790501191.2557755,,5,788,1,random,8,0.9933,0.9938,OFF,unavailable
1790501275.6935492,1790501289.068188,10,794,2,random,8,0.9925,0.9942,ON,failed
1790501277.137314,1790501290.8022664,4,718,2,random,8,0.9938,0.9899,ON,failed
1790501286.3082414,1790501293.7738233,5,794,2,random,8,0.0,0.0,ON,failed
1790501289.31076,1790501295.4463322,6,796,1,random,8,0.0,0.0,ON,failed
1790501290.3138583,1790501296.1500285,3,784,2,random,8,0.0,0.0,ON,failed
1790501210.17122,,3,779,2,random,8,0.9942,0.9942,OFF,unavailable
1790501213.9641955,,2,781,1,random,8,0.8991,0.9855,OFF,unavailable
1790501214.98534,,10,790,2,random,8,0.9913,0.9933,OFF,unavailable
1790501219.2716968,,9,793,1,random,8,0.9925,0.9925,ON,unavailable
1790501297.317225,1790501314.805199,10,795,2,random,8,0.7324,0.6192,OFF,failed
1790501298.66721,1790501314.872662,6,797,2,random,8,0.9943,0.9932,OFF,success
1790501302.3216033,1790501314.8914163,5,795,1,random,8,0.0,0.0,OFF,failed
1790501299.374865,1790501314.9088528,3,785,2,random,8,0.9943,0.9924,OFF,success
1790501303.551061,1790501314.9276218,2,787,1,random,8,0.9915,0.9942,OFF,success
1790501304.8739052,1790501317.656925,1,793,2,random,8,0.9938,0.9932,OFF,failed
1790501317.7935536,1790501319.406597,9,799,2,random,8,0.9925,0.9926,OFF,failed
1790501317.835515,1790501320.0836806,10,796,2,random,8,0.9932,0.9941,OFF,failed
1790501317.8729675,1790501322.1492538,7,797,1,random,8,0.9896,0.9915,OFF,failed
1790501317.8861904,1790501324.5909994,6,798,1,random,8,0.9925,0.9925,OFF,failed
1790501317.9053798,1790501325.5119758,5,796,2,random,8,0.9924,0.9924,OFF,failed
1790501317.9223666,1790501326.5640721,3,786,1,random,8,0.9933,0.9901,OFF,failed
1790501318.0583315,1790501328.999289,2,788,1,random,8,0.9915,0.9925,OFF,success
1790501320.8744957,1790501330.956988,1,794,1,random,8,0.9933,0.9901,OFF,success
1790501323.31271,1790501332.90695,10,797,2,random,8,0.9926,0.9933,OFF,success
1790501322.616677,1790501334.111118,9,800,2,random,8,0.9914,0.9933,OFF,failed
1790501325.362013,1790501337.596177,7,798,2,random,8,0.9925,0.9933,OFF,failed
1790501332.3278704,1790501342.5157804,2,789,2,random,8,0.9925,0.9926,OFF,success
1790501337.3390002,1790501349.8978503,9,801,1,random,8,0.0,0.0,OFF,failed
1790501340.9166665,1790501350.8032901,7,799,2,random,8,0.9933,0.0,ON,success
1790501351.3455546,1790501357.2636733,2,790,1,random,8,0.0,0.0,OFF,failed
1790501265.0721269,,8,796,1,random,8,0.994,0.9921,OFF,unavailable
1790501273.4508035,,2,785,2,random,8,0.9938,0.9926,OFF,unavailable
1790501358.3501692,1790501365.0656745,9,802,1,random,8,0.0,0.0,OFF,failed
1790501354.0304098,1790501365.247051,7,800,2,random,8,0.9925,0.9932,OFF,success
1790501357.555285,1790501368.141511,6,801,1,random,8,0.9933,0.9915,OFF,success
1790501274.7697062,,1,791,2,random,8,0.9933,0.9915,ON,unavailable
1790501276.640991,,9,797,2,random,8,0.9523,0.9881,ON,unavailable
1790501357.0066605,1790501370.1884096,4,723,2,random,8,0.9915,0.9925,OFF,failed
1790501358.7725384,1790501371.897328,3,789,2,random,8,0.9938,0.9925,OFF,failed
1790501365.3548048,1790501372.406521,5,799,2,random,8,0.0,0.0,OFF,failed
1790501366.3572721,1790501372.5088696,2,791,1,random,8,0.9817,0.986,OFF,failed
1790501363.8819506,1790501374.2627401,1,797,2,random,8,0.9942,0.9925,OFF,success
1790501283.305223,,7,795,1,random,8,0.0,0.9606,ON,unavailable
1790501365.6003323,1790501376.607095,10,800,2,random,8,0.9932,0.9933,OFF,success
1790501368.5019577,1790501379.2798796,7,801,2,random,8,0.8689,0.0,OFF,success
1790501374.3888776,1790501380.4952986,8,803,2,random,8,0.9938,0.9925,OFF,failed
1790501371.330492,1790501381.2224033,6,802,1,random,8,0.9933,0.9901,OFF,success
1790501373.361054,1790501381.6521034,9,803,2,random,8,0.0,0.0,OFF,failed
1790501373.4152951,1790501383.265162,4,724,1,random,8,0.9932,0.99,OFF,success
1790501375.1159723,1790501385.309325,3,790,1,random,8,0.9933,0.0,OFF,success
1790501377.4831927,1790501388.1814537,1,798,1,random,8,0.9933,0.9881,OFF,success
1790501375.7248712,1790501388.4179647,2,792,2,random,8,0.9925,0.9925,OFF,failed
1790501381.3693068,1790501388.7947192,5,800,2,random,8,0.8804,0.8689,OFF,failed
1790501379.835546,1790501390.3374763,10,801,2,random,8,0.9932,0.9938,OFF,success
1790501382.5033152,1790501392.5876307,7,802,2,random,8,0.9942,0.9915,OFF,success
1790501299.3191047,,4,719,2,random,8,0.0,0.9899,OFF,unavailable
1790501383.7276375,1790501395.1657434,8,804,2,random,8,0.9943,0.9933,OFF,success
1790501384.4516366,1790501395.208081,6,803,2,random,8,0.9942,0.9925,OFF,success
1790501384.877749,1790501395.3302066,9,804,1,random,8,0.9925,0.9915,OFF,success
1790501386.4957066,1790501397.2944522,4,725,2,random,8,0.9938,0.9914,OFF,success
1790501391.4049375,1790501401.527223,1,799,1,random,8,0.9933,0.9881,OFF,success
1790501388.5270526,1790501401.9972167,3,791,2,random,8,0.9944,0.9925,OFF,failed
1790501391.6994863,1790501402.2241318,2,793,1,random,8,0.8948,0.9928,OFF,success
1790501393.5647497,1790501403.8451183,10,802,1,random,8,0.9901,0.9933,OFF,success
1790501392.0154235,1790501404.6003633,5,801,1,random,8,0.9906,0.9922,OFF,failed
1790501395.9076068,1790501406.2028522,7,803,1,random,8,0.9925,0.9915,OFF,success
1790501398.1966252,1790501409.3915963,8,805,1,random,8,0.9942,0.9938,OFF,success
1790501398.5491803,1790501409.9880633,9,805,1,random,8,0.9782,0.985,OFF,success
1790501404.3800511,1790501410.521291,6,804,2,random,8,0.9942,0.9925,OFF,failed
1790501405.4425132,1790501415.719939,2,794,2,random,8,0.9937,0.9925,OFF,success
1790501324.8449845,,8,800,1,random,8,0.9942,0.9932,OFF,unavailable
1790501326.0778751,,4,721,1,random,8,0.9926,0.9925,OFF,unavailable
1790501327.8163912,,6,799,2,random,8,0.9915,0.9915,OFF,unavailable
1790501328.8413522,,5,797,1,random,8,0.9915,0.9901,OFF,unavailable
1790501409.4243486,1790501421.3712227,7,804,2,random,8,0.9924,0.9932,ON,failed
1790501329.7962403,,3,787,1,random,8,0.9942,0.9932,OFF,unavailable
1790501334.18222,,1,795,1,random,8,0.9942,0.9925,OFF,unavailable
1790501418.3993917,1790501425.6573129,9,806,1,random,8,0.0,0.0,ON,failed
1790501336.1366487,,10,798,2,random,8,0.994,0.9925,OFF,unavailable
1790501429.4090235,1790501437.1274297,7,805,1,random,8,0.0,0.2526,ON,failed
1790501434.4131544,1790501440.9283955,9,807,2,random,8,0.0,0.0,OFF,failed
1790501435.9532192,1790501445.9241085,3,794,2,random,8,0.9931,0.9679,OFF,success
1790501441.4181557,1790501447.6700108,10,805,1,random,8,0.9932,0.9916,OFF,failed
1790501437.2135017,1790501447.708805,1,802,1,random,8,0.9925,0.9924,OFF,success
1790501440.342329,1790501453.4064035,7,806,2,random,8,0.9941,0.9942,OFF,failed
1790501444.9570558,1790501456.3729172,6,807,1,random,8,0.9942,0.9924,OFF,failed
1790501449.4276068,1790501456.5079303,9,808,2,random,8,0.9819,0.9853,OFF,failed
1790501450.429611,1790501457.4410388,8,808,1,random,8,0.9896,0.9842,OFF,failed
1790501445.6752694,1790501458.0168722,4,729,2,random,8,0.9933,0.9901,OFF,failed
1790501448.6376233,1790501459.066763,2,797,2,random,8,0.9932,0.9924,OFF,success
1790501449.194485,1790501459.450863,3,795,1,random,8,0.9942,0.9932,OFF,success
1790501450.9384673,1790501460.3692722,1,803,2,random,8,0.9937,0.8535,OFF,success
1790501456.434145,1790501462.41089,10,806,2,random,8,0.9933,0.9925,OFF,failed
1790501453.2846267,1790501465.6891909,5,805,1,random,8,0.9933,0.9933,OFF,failed
1790501515.8033662,1790501529.2753742,5,809,2,ewma,8,0.9915,0.9938,ON,failed
1790501523.920851,1790501529.804222,7,811,1,ewma,8,0.0,0.0,OFF,failed
1790501526.9222977,1790501533.474546,8,813,2,ewma,8,0.0,0.0,OFF,failed
1790501530.924939,1790501537.306509,10,811,2,ewma,8,0.0,0.0,OFF,failed
1790501532.502589,1790501541.7740078,5,810,1,ewma,8,0.9938,0.9925,OFF,success
1790501538.8574636,1790501549.3881533,9,814,1,ewma,8,0.9913,0.9924,OFF,success
1790501544.9282486,1790501552.9647365,1,809,2,ewma,8,0.0,0.9878,ON,failed
1790501545.9298792,1790501553.057819,2,803,1,ewma,8,0.1612,0.681,ON,failed
1790501557.933946,1790501564.504255,9,815,1,ewma,8,0.0001,0.0,ON,failed
1790501561.935946,1790501567.812521,1,810,1,ewma,8,0.0,0.3579,OFF,failed
1790501561.937185,1790501568.404925,2,804,2,ewma,8,0.0,0.0,OFF,failed
1790501565.3902228,1790501576.6984375,8,816,1,ewma,8,0.9938,0.9914,OFF,failed
1790501567.734606,1790501577.4347446,9,816,2,ewma,8,0.9924,0.9941,OFF,success
1790501568.4328444,1790501578.0139701,6,815,1,ewma,8,0.9238,0.0,OFF,success
1790501565.7869143,1790501578.6388164,7,814,2,ewma,8,0.9915,0.9901,OFF,failed
1790501568.8506,1790501579.349364,10,814,1,ewma,8,0.9933,0.9938,OFF,success
1790501569.369166,1790501580.0921333,4,737,1,ewma,8,0.9937,0.9932,OFF,success
1790501571.6254034,1790501580.9883657,2,805,1,ewma,8,0.9933,0.9932,OFF,success
1790501571.1135821,1790501581.6284006,1,811,1,ewma,8,0.9944,0.994,OFF,success
1790501573.0539415,1790501583.4497602,3,803,1,ewma,8,0.9942,0.9932,OFF,success
1790501574.115745,1790501584.7831106,5,813,1,ewma,8,0.9925,0.9925,OFF,success
1790501581.2745168,1790501591.1188865,6,816,1,ewma,8,0.9933,0.9925,OFF,success
1790501583.4142773,1790501595.968385,4,738,1,ewma,8,0.9933,0.9914,OFF,failed
1790501584.8581474,1790501597.4799364,1,812,1,ewma,8,0.9942,0.9913,ON,failed
1790501586.7796342,1790501598.709559,3,804,1,ewma,8,0.9933,0.9883,ON,failed
1790501599.9602845,1790501606.9179935,6,817,1,ewma,8,0.0,0.0,ON,failed
1790501604.9630506,1790501611.20027,4,739,2,ewma,8,0.9925,0.9925,ON,failed
1790501605.966586,1790501612.3302395,1,813,1,ewma,8,0.0,0.0,ON,failed
1790501606.9682724,1790501613.5583203,3,805,2,ewma,8,0.4875,0.605,OFF,failed
1790501610.1329403,1790501620.0037057,6,818,1,ewma,8,0.9926,0.9941,OFF,success
1790501611.2508862,1790501621.1277008,10,817,1,ewma,8,0.9932,0.9924,OFF,success
1790501612.6841948,1790501623.2739809,8,819,2,ewma,8,0.9933,0.9916,OFF,success
1790501612.0742896,1790501623.3095005,7,817,1,ewma,8,0.9932,0.9924,OFF,success
1790501614.4251835,1790501624.5417104,4,740,1,ewma,8,0.9901,0.99,OFF,success
1790501533.0292966,,7,812,2,ewma,8,0.9938,0.9901,OFF,unavailable
1790501615.6752136,1790501626.559732,2,808,1,ewma,8,0.9924,0.9942,OFF,success
1790501617.8304539,1790501628.7135549,5,816,1,ewma,8,0.9925,0.9933,OFF,success
1790501620.9765892,1790501629.220433,1,814,2,ewma,8,0.8887,0.8333,OFF,failed
1790501535.9864793,,6,813,2,ewma,8,0.9932,0.9924,OFF,unavailable
1790501536.6986115,,8,814,1,ewma,8,0.9942,0.9932,OFF,unavailable
1790501539.5624888,,4,735,1,ewma,8,0.9926,0.9855,OFF,unavailable
1790501623.8314784,1790501633.826787,9,820,2,ewma,8,0.9925,0.9938,OFF,success
1790501624.4604585,1790501634.3579197,10,818,1,ewma,8,0.9915,0.9916,OFF,success
1790501540.5744257,,10,812,1,ewma,8,0.9878,0.9931,OFF,unavailable
1790501623.2320988,1790501635.9793,6,819,1,ewma,8,0.9942,0.9915,OFF,failed
1790501631.9806902,1790501638.0537097,8,820,2,ewma,8,0.9915,0.9916,OFF,failed
1790501627.8695292,1790501638.4701412,4,741,1,ewma,8,0.9912,0.9874,OFF,success
1790501626.6296194,1790501639.1548467,7,818,1,ewma,8,0.9932,0.0004,OFF,failed
1790501545.000897,,5,811,1,ewma,8,0.9933,0.9925,ON,unavailable
1790501629.7758548,1790501640.1764405,2,809,1,ewma,8,0.8437,0.9687,OFF,success
1790501637.9841478,1790501644.1949992,1,815,1,ewma,8,0.9885,0.979,OFF,failed
1790501637.591225,1790501650.7212782,10,819,1,ewma,8,0.9915,0.9925,OFF,failed
1790501639.210944,1790501651.859572,6,820,1,ewma,8,0.9938,0.9915,OFF,failed
1790501645.8591886,1790501657.7937145,3,808,1,ewma,8,0.9938,0.9914,ON,failed
1790501659.0018623,1790501666.2932436,10,820,1,ewma,8,0.9915,0.9925,ON,failed
1790501660.0037756,1790501667.3401124,6,821,2,ewma,8,0.0977,0.9914,ON,failed
1790501579.9154217,,8,817,1,ewma,8,0.9933,0.9915,OFF,unavailable
1790501666.0075777,1790501673.055113,3,809,2,ewma,8,0.0,0.0,OFF,failed
1790501580.6584718,,9,817,2,ewma,8,0.0,0.9938,OFF,unavailable
1790501581.8642373,,7,815,1,ewma,8,0.9938,0.9932,OFF,unavailable
1790501582.5763571,,10,815,1,ewma,8,0.99,0.9944,OFF,unavailable
1790501584.2157247,,2,806,1,ewma,8,0.9925,0.9915,OFF,unavailable
1790501668.598003,1790501678.888143,9,823,2,ewma,8,0.9925,0.9938,OFF,success
1790501669.6236732,1790501679.5061436,10,821,1,ewma,8,0.9901,0.9925,OFF,success
1790501670.568714,1790501680.1384478,6,822,1,ewma,8,0.9941,0.9931,OFF,success
1790501672.1093898,1790501681.7900007,7,821,1,ewma,8,0.9916,0.9915,OFF,success
1790501671.2449138,1790501682.3615782,8,823,2,ewma,8,0.9938,0.9932,OFF,success
1790501592.9567163,,5,814,1,ewma,8,0.8534,0.9603,ON,unavailable
1790501675.1490653,1790501684.9486473,2,812,1,ewma,8,0.9932,0.9932,OFF,success
1790501682.7296543,1790501693.7462246,10,822,1,ewma,8,0.2839,0.0082,OFF,success
1790501682.2135842,1790501695.0558972,9,824,2,ewma,8,0.9901,0.9933,OFF,failed
1790501683.3195798,1790501695.7855153,6,823,1,ewma,8,0.9942,0.9925,OFF,failed
1790501685.0123472,1790501697.0992165,7,822,1,ewma,8,0.9915,0.9901,ON,failed
1790501685.6875668,1790501699.3648071,8,824,2,ewma,8,0.9933,0.9924,ON,failed
1790501693.0205927,1790501700.7185426,2,813,1,ewma,8,0.162,0.0506,OFF,failed
1790501696.9818113,1790501706.4711645,10,823,1,ewma,8,0.9915,0.9926,OFF,success
1790501698.2963414,1790501707.6779804,9,825,2,ewma,8,0.9933,0.9938,OFF,success
1790501616.7812667,,3,806,1,ewma,8,0.9932,0.9924,OFF,unavailable
1790501700.4588335,1790501710.3155847,7,823,1,ewma,8,0.9938,0.9925,OFF,success
1790501699.016734,1790501712.2978733,6,824,1,ewma,8,0.9942,0.9925,OFF,failed
1790501708.0286417,1790501714.6141894,8,825,2,ewma,8,0.994,0.9933,OFF,failed
1790501707.026866,1790501715.1321652,4,746,1,ewma,8,0.0,0.0,OFF,failed
1790501704.7447507,1790501716.1820955,3,812,1,ewma,8,0.9915,0.9925,OFF,success
1790501707.2923017,1790501718.7181199,5,822,1,ewma,8,0.9932,0.9915,OFF,success
1790501711.0231984,1790501722.6074207,9,826,2,ewma,8,0.9932,0.9941,OFF,success
1790501713.5569403,1790501724.0380728,7,824,1,ewma,8,0.9915,0.9915,OFF,success
1790501636.983035,,5,817,1,ewma,8,0.9925,0.9938,OFF,unavailable
1790501637.055073,,9,821,2,ewma,8,0.9915,0.791,OFF,unavailable
1790501724.0536146,1790501730.4987743,4,747,1,ewma,8,0.9833,0.9817,ON,failed
1790501717.838501,1790501731.206951,8,826,1,ewma,8,0.0,0.162,ON,failed
1790501725.0400805,1790501731.3062878,3,813,1,ewma,8,0.9855,0.8534,ON,failed
1790501727.056061,1790501733.2868328,5,823,1,ewma,8,0.0,0.0,ON,failed
1790501641.3872523,,8,821,2,ewma,8,0.0,0.8261,OFF,unavailable
1790501642.3802738,,7,819,1,ewma,8,0.9915,0.9914,OFF,unavailable
1790501643.40817,,2,810,1,ewma,8,0.9925,0.9925,ON,unavailable
1790501731.059413,1790501737.5599217,9,827,2,ewma,8,0.5208,0.9603,OFF,failed
1790501732.061546,1790501739.8385105,7,825,1,ewma,8,0.0165,0.0096,OFF,failed
1790501646.995496,,4,742,1,ewma,8,0.9914,0.9923,ON,unavailable
1790501652.998964,,1,816,2,ewma,8,0.6051,0.1503,ON,unavailable
1790501739.0653322,1790501745.846084,4,748,1,ewma,8,0.99,0.9878,OFF,failed
1790501740.0738025,1790501745.9527063,8,827,2,ewma,8,0.1102,0.0001,OFF,failed
1790501736.51119,1790501746.184057,5,824,1,ewma,8,0.9942,0.9932,OFF,success
1790501739.0662057,1790501746.6955173,2,816,1,ewma,8,0.7949,0.9933,OFF,failed
1790501740.0745025,1790501747.4045417,3,814,1,ewma,8,0.9933,0.9897,OFF,failed
1790501739.0500257,1790501748.618316,10,826,1,ewma,8,0.9924,0.9942,OFF,success
1790501740.8818266,1790501750.7548218,9,828,2,ewma,8,0.9925,0.9933,OFF,success
1790501743.2728722,1790501753.9520555,7,826,1,ewma,8,0.9924,0.9931,OFF,success
1790501743.6748345,1790501757.1446211,6,827,2,ewma,8,0.9938,0.9915,OFF,failed
1790501749.1777375,1790501760.0052626,8,828,1,ewma,8,0.8804,0.9096,OFF,success
1790501749.4926915,1790501760.486512,5,825,1,ewma,8,0.99,0.9915,OFF,success
1790501754.084821,1790501760.8384206,4,749,2,ewma,8,0.9924,0.9912,OFF,failed
1790501749.9176114,1790501761.544871,2,817,1,ewma,8,0.0,0.0041,OFF,success
1790501671.568781,,4,744,1,ewma,8,0.0,0.9898,OFF,unavailable
1790501757.1743217,1790501766.5528936,7,827,1,ewma,8,0.9914,0.9914,OFF,success
1790501676.2951994,,3,810,1,ewma,8,0.9915,0.99,OFF,unavailable
1790501678.1027281,,5,820,1,ewma,8,0.9924,0.9938,OFF,unavailable
1790501678.6287222,,1,818,2,ewma,8,0.9938,0.9915,OFF,unavailable
1790501769.0951943,1790501775.6753752,5,826,1,ewma,8,0.9924,0.9941,ON,failed
1790501769.0967207,1790501776.5667403,4,750,1,ewma,8,0.0,0.0,ON,failed
1790501770.0990658,1790501776.8990993,2,818,1,ewma,8,0.9898,0.9904,ON,failed
1790501785.1139195,1790501791.4070778,4,751,2,ewma,8,0.0,0.0,OFF,failed
1790501784.1102126,1790501791.754449,5,827,1,ewma,8,0.9701,0.9822,ON,failed
1790501785.1150768,1790501792.4484608,2,819,1,ewma,8,0.0,0.0007,OFF,failed
1790501787.1180131,1790501793.086908,3,817,1,ewma,8,0.0,0.0,OFF,failed
1790501703.945074,,2,814,1,ewma,8,0.9938,0.9938,OFF,unavailable
1790501707.722397,,1,820,2,ewma,8,0.9938,0.9914,OFF,unavailable
1790501709.691019,,10,824,1,ewma,8,0.9925,0.9938,OFF,unavailable
1790501789.6318357,1790501800.5360134,6,830,1,ewma,8,0.9944,0.9932,OFF,success
1790501794.7087867,1790501804.2357059,4,752,1,ewma,8,0.9528,0.9503,OFF,success
1790501794.0325553,1790501804.955625,8,831,1,ewma,8,0.6111,0.9768,OFF,success
1790501795.6667705,1790501805.2403786,2,820,2,ewma,8,0.9938,0.9943,OFF,success
