exp,dp,rho,tau,tx_prob,obs_noise,dp_dn,flip,seed,policy,delivery,agree
E7,0.0,1.0,0,1.0,0.0,0.0,0,0,random,0.613250,0.485498
E7,0.0,1.0,0,1.0,0.0,0.0,0,0,round-robin,0.614750,0.493064
E7,0.0,1.0,0,1.0,0.0,0.0,0,0,oracle,0.715250,1.000000
E7,0.0,1.0,0,1.0,0.0,0.0,0,0,snr-greedy,0.675250,0.798235
E7,0.0,1.0,0,1.0,0.0,0.0,0,0,snr-greedy-loss,0.705500,0.950820
E7,0.0,1.0,0,1.0,0.0,0.0,0,0,snr-mean,0.631500,0.577554
E7,0.0,1.0,0,1.0,0.0,0.0,0,0,belief,0.711750,0.982346
E7,0.0,1.0,0,1.0,0.0,0.0,0,0,belief-pred,0.711750,0.982346
E7,0.0,1.0,0,1.0,0.0,0.0,0,0,ewma,0.621000,0.524590
E7,0.0,1.0,0,1.0,0.0,0.0,0,0,blend-paper,0.658500,0.713745
E7,0.0,1.0,0,1.0,0.0,0.0,0,0,saf-adaptive,0.711750,0.982346
E7,0.0,1.0,0,1.0,0.0,0.0,0,1,random,0.616250,0.511323
E7,0.0,1.0,0,1.0,0.0,0.0,0,1,round-robin,0.612500,0.493445
E7,0.0,1.0,0,1.0,0.0,0.0,0,1,oracle,0.718750,1.000000
E7,0.0,1.0,0,1.0,0.0,0.0,0,1,snr-greedy,0.687500,0.851013
E7,0.0,1.0,0,1.0,0.0,0.0,0,1,snr-greedy-loss,0.711250,0.964243
E7,0.0,1.0,0,1.0,0.0,0.0,0,1,snr-mean,0.637750,0.613826
E7,0.0,1.0,0,1.0,0.0,0.0,0,1,belief,0.713750,0.976162
E7,0.0,1.0,0,1.0,0.0,0.0,0,1,belief-pred,0.713750,0.976162
E7,0.0,1.0,0,1.0,0.0,0.0,0,1,ewma,0.616250,0.511323
E7,0.0,1.0,0,1.0,0.0,0.0,0,1,blend-paper,0.659750,0.718713
E7,0.0,1.0,0,1.0,0.0,0.0,0,1,saf-adaptive,0.713750,0.976162
E7,0.0,1.0,0,1.0,0.0,0.0,0,2,random,0.614750,0.493011
E7,0.0,1.0,0,1.0,0.0,0.0,0,2,round-robin,0.617250,0.505718
E7,0.0,1.0,0,1.0,0.0,0.0,0,2,oracle,0.714500,1.000000
E7,0.0,1.0,0,1.0,0.0,0.0,0,2,snr-greedy,0.681250,0.831004
E7,0.0,1.0,0,1.0,0.0,0.0,0,2,snr-greedy-loss,0.707250,0.963151
E7,0.0,1.0,0,1.0,0.0,0.0,0,2,snr-mean,0.634500,0.593393
E7,0.0,1.0,0,1.0,0.0,0.0,0,2,belief,0.710500,0.979670
E7,0.0,1.0,0,1.0,0.0,0.0,0,2,belief-pred,0.710500,0.979670
E7,0.0,1.0,0,1.0,0.0,0.0,0,2,ewma,0.616750,0.503177
E7,0.0,1.0,0,1.0,0.0,0.0,0,2,blend-paper,0.658500,0.715375
E7,0.0,1.0,0,1.0,0.0,0.0,0,2,saf-adaptive,0.710750,0.980940
E7,0.0,1.0,0,1.0,0.0,0.0,0,3,random,0.603250,0.483436
E7,0.0,1.0,0,1.0,0.0,0.0,0,3,round-robin,0.609000,0.511656
E7,0.0,1.0,0,1.0,0.0,0.0,0,3,oracle,0.708500,1.000000
E7,0.0,1.0,0,1.0,0.0,0.0,0,3,snr-greedy,0.674750,0.834356
E7,0.0,1.0,0,1.0,0.0,0.0,0,3,snr-greedy-loss,0.698250,0.949693
E7,0.0,1.0,0,1.0,0.0,0.0,0,3,snr-mean,0.624500,0.587730
E7,0.0,1.0,0,1.0,0.0,0.0,0,3,belief,0.704000,0.977914
E7,0.0,1.0,0,1.0,0.0,0.0,0,3,belief-pred,0.704000,0.977914
E7,0.0,1.0,0,1.0,0.0,0.0,0,3,ewma,0.616000,0.546012
E7,0.0,1.0,0,1.0,0.0,0.0,0,3,blend-paper,0.643750,0.682209
E7,0.0,1.0,0,1.0,0.0,0.0,0,3,saf-adaptive,0.704250,0.979141
E7,0.0,1.0,0,1.0,0.0,0.0,0,4,random,0.605500,0.518834
E7,0.0,1.0,0,1.0,0.0,0.0,0,4,round-robin,0.601500,0.499392
E7,0.0,1.0,0,1.0,0.0,0.0,0,4,oracle,0.704500,1.000000
E7,0.0,1.0,0,1.0,0.0,0.0,0,4,snr-greedy,0.669250,0.828676
E7,0.0,1.0,0,1.0,0.0,0.0,0,4,snr-greedy-loss,0.694000,0.948967
E7,0.0,1.0,0,1.0,0.0,0.0,0,4,snr-mean,0.611000,0.545565
E7,0.0,1.0,0,1.0,0.0,0.0,0,4,belief,0.700500,0.980559
E7,0.0,1.0,0,1.0,0.0,0.0,0,4,belief-pred,0.700500,0.980559
E7,0.0,1.0,0,1.0,0.0,0.0,0,4,ewma,0.602000,0.501823
E7,0.0,1.0,0,1.0,0.0,0.0,0,4,blend-paper,0.640500,0.688943
E7,0.0,1.0,0,1.0,0.0,0.0,0,4,saf-adaptive,0.700500,0.980559
E7,0.0,1.0,0,1.0,0.0,0.0,0,5,random,0.619000,0.506748
E7,0.0,1.0,0,1.0,0.0,0.0,0,5,round-robin,0.618500,0.504294
E7,0.0,1.0,0,1.0,0.0,0.0,0,5,oracle,0.719500,1.000000
E7,0.0,1.0,0,1.0,0.0,0.0,0,5,snr-greedy,0.686250,0.836810
E7,0.0,1.0,0,1.0,0.0,0.0,0,5,snr-greedy-loss,0.713500,0.970552
E7,0.0,1.0,0,1.0,0.0,0.0,0,5,snr-mean,0.624500,0.533742
E7,0.0,1.0,0,1.0,0.0,0.0,0,5,belief,0.715500,0.980368
E7,0.0,1.0,0,1.0,0.0,0.0,0,5,belief-pred,0.715500,0.980368
E7,0.0,1.0,0,1.0,0.0,0.0,0,5,ewma,0.622500,0.523926
E7,0.0,1.0,0,1.0,0.0,0.0,0,5,blend-paper,0.657000,0.693252
E7,0.0,1.0,0,1.0,0.0,0.0,0,5,saf-adaptive,0.715500,0.980368
E7,0.0,1.0,0,1.0,0.0,0.0,0,6,random,0.615250,0.524941
E7,0.0,1.0,0,1.0,0.0,0.0,0,6,round-robin,0.610750,0.503563
E7,0.0,1.0,0,1.0,0.0,0.0,0,6,oracle,0.715250,1.000000
E7,0.0,1.0,0,1.0,0.0,0.0,0,6,snr-greedy,0.681750,0.840855
E7,0.0,1.0,0,1.0,0.0,0.0,0,6,snr-greedy-loss,0.708500,0.967933
E7,0.0,1.0,0,1.0,0.0,0.0,0,6,snr-mean,0.629000,0.590261
E7,0.0,1.0,0,1.0,0.0,0.0,0,6,belief,0.710750,0.978622
E7,0.0,1.0,0,1.0,0.0,0.0,0,6,belief-pred,0.710750,0.978622
E7,0.0,1.0,0,1.0,0.0,0.0,0,6,ewma,0.606000,0.480998
E7,0.0,1.0,0,1.0,0.0,0.0,0,6,blend-paper,0.655500,0.716152
E7,0.0,1.0,0,1.0,0.0,0.0,0,6,saf-adaptive,0.710750,0.978622
E7,0.0,1.0,0,1.0,0.0,0.0,0,7,random,0.618500,0.514612
E7,0.0,1.0,0,1.0,0.0,0.0,0,7,round-robin,0.617750,0.510801
E7,0.0,1.0,0,1.0,0.0,0.0,0,7,oracle,0.714000,1.000000
E7,0.0,1.0,0,1.0,0.0,0.0,0,7,snr-greedy,0.672750,0.790343
E7,0.0,1.0,0,1.0,0.0,0.0,0,7,snr-greedy-loss,0.706250,0.960610
E7,0.0,1.0,0,1.0,0.0,0.0,0,7,snr-mean,0.630750,0.576874
E7,0.0,1.0,0,1.0,0.0,0.0,0,7,belief,0.710000,0.979670
E7,0.0,1.0,0,1.0,0.0,0.0,0,7,belief-pred,0.710000,0.979670
E7,0.0,1.0,0,1.0,0.0,0.0,0,7,ewma,0.620250,0.523507
E7,0.0,1.0,0,1.0,0.0,0.0,0,7,blend-paper,0.654000,0.695044
E7,0.0,1.0,0,1.0,0.0,0.0,0,7,saf-adaptive,0.710000,0.979670
E7,0.0,1.0,0,1.0,0.0,0.0,0,8,random,0.615000,0.501263
E7,0.0,1.0,0,1.0,0.0,0.0,0,8,round-robin,0.617750,0.515152
E7,0.0,1.0,0,1.0,0.0,0.0,0,8,oracle,0.713750,1.000000
E7,0.0,1.0,0,1.0,0.0,0.0,0,8,snr-greedy,0.677500,0.816919
E7,0.0,1.0,0,1.0,0.0,0.0,0,8,snr-greedy-loss,0.703000,0.945707
E7,0.0,1.0,0,1.0,0.0,0.0,0,8,snr-mean,0.632000,0.587121
E7,0.0,1.0,0,1.0,0.0,0.0,0,8,belief,0.709500,0.978535
E7,0.0,1.0,0,1.0,0.0,0.0,0,8,belief-pred,0.709500,0.978535
E7,0.0,1.0,0,1.0,0.0,0.0,0,8,ewma,0.623000,0.541667
E7,0.0,1.0,0,1.0,0.0,0.0,0,8,blend-paper,0.659000,0.723485
E7,0.0,1.0,0,1.0,0.0,0.0,0,8,saf-adaptive,0.709500,0.978535
E7,0.0,1.0,0,1.0,0.0,0.0,0,9,random,0.601750,0.471611
E7,0.0,1.0,0,1.0,0.0,0.0,0,9,round-robin,0.607750,0.499421
E7,0.0,1.0,0,1.0,0.0,0.0,0,9,oracle,0.715750,1.000000
E7,0.0,1.0,0,1.0,0.0,0.0,0,9,snr-greedy,0.684250,0.853998
E7,0.0,1.0,0,1.0,0.0,0.0,0,9,snr-greedy-loss,0.708500,0.966396
E7,0.0,1.0,0,1.0,0.0,0.0,0,9,snr-mean,0.626500,0.586327
E7,0.0,1.0,0,1.0,0.0,0.0,0,9,belief,0.712250,0.983778
E7,0.0,1.0,0,1.0,0.0,0.0,0,9,belief-pred,0.712250,0.983778
E7,0.0,1.0,0,1.0,0.0,0.0,0,9,ewma,0.618000,0.546929
E7,0.0,1.0,0,1.0,0.0,0.0,0,9,blend-paper,0.655000,0.718424
E7,0.0,1.0,0,1.0,0.0,0.0,0,9,saf-adaptive,0.712250,0.983778
E7,0.0,1.0,0,1.0,0.0,0.0,0,10,random,0.612000,0.513806
E7,0.0,1.0,0,1.0,0.0,0.0,0,10,round-robin,0.606750,0.488595
E7,0.0,1.0,0,1.0,0.0,0.0,0,10,oracle,0.713250,1.000000
E7,0.0,1.0,0,1.0,0.0,0.0,0,10,snr-greedy,0.675000,0.816327
E7,0.0,1.0,0,1.0,0.0,0.0,0,10,snr-greedy-loss,0.702500,0.948379
E7,0.0,1.0,0,1.0,0.0,0.0,0,10,snr-mean,0.626250,0.582233
E7,0.0,1.0,0,1.0,0.0,0.0,0,10,belief,0.708750,0.978391
E7,0.0,1.0,0,1.0,0.0,0.0,0,10,belief-pred,0.708750,0.978391
E7,0.0,1.0,0,1.0,0.0,0.0,0,10,ewma,0.607250,0.490996
E7,0.0,1.0,0,1.0,0.0,0.0,0,10,blend-paper,0.646750,0.680672
E7,0.0,1.0,0,1.0,0.0,0.0,0,10,saf-adaptive,0.708750,0.978391
E7,0.0,1.0,0,1.0,0.0,0.0,0,11,random,0.618500,0.510612
E7,0.0,1.0,0,1.0,0.0,0.0,0,11,round-robin,0.616000,0.498127
E7,0.0,1.0,0,1.0,0.0,0.0,0,11,oracle,0.716500,1.000000
E7,0.0,1.0,0,1.0,0.0,0.0,0,11,snr-greedy,0.685000,0.842697
E7,0.0,1.0,0,1.0,0.0,0.0,0,11,snr-greedy-loss,0.709250,0.963795
E7,0.0,1.0,0,1.0,0.0,0.0,0,11,snr-mean,0.635750,0.596754
E7,0.0,1.0,0,1.0,0.0,0.0,0,11,belief,0.712500,0.980025
E7,0.0,1.0,0,1.0,0.0,0.0,0,11,belief-pred,0.712500,0.980025
E7,0.0,1.0,0,1.0,0.0,0.0,0,11,ewma,0.617500,0.505618
E7,0.0,1.0,0,1.0,0.0,0.0,0,11,blend-paper,0.654250,0.689139
E7,0.0,1.0,0,1.0,0.0,0.0,0,11,saf-adaptive,0.712500,0.980025
E7,0.0,1.0,0,1.0,0.0,0.0,0,12,random,0.626500,0.504660
E7,0.0,1.0,0,1.0,0.0,0.0,0,12,round-robin,0.624000,0.491345
E7,0.0,1.0,0,1.0,0.0,0.0,0,12,oracle,0.719500,1.000000
E7,0.0,1.0,0,1.0,0.0,0.0,0,12,snr-greedy,0.685250,0.817577
E7,0.0,1.0,0,1.0,0.0,0.0,0,12,snr-greedy-loss,0.711000,0.954727
E7,0.0,1.0,0,1.0,0.0,0.0,0,12,snr-mean,0.642250,0.588549
E7,0.0,1.0,0,1.0,0.0,0.0,0,12,belief,0.717000,0.986684
E7,0.0,1.0,0,1.0,0.0,0.0,0,12,belief-pred,0.717000,0.986684
E7,0.0,1.0,0,1.0,0.0,0.0,0,12,ewma,0.628250,0.513981
E7,0.0,1.0,0,1.0,0.0,0.0,0,12,blend-paper,0.662250,0.695073
E7,0.0,1.0,0,1.0,0.0,0.0,0,12,saf-adaptive,0.717000,0.986684
E7,0.0,1.0,0,1.0,0.0,0.0,0,13,random,0.611500,0.492556
E7,0.0,1.0,0,1.0,0.0,0.0,0,13,round-robin,0.612000,0.495037
E7,0.0,1.0,0,1.0,0.0,0.0,0,13,oracle,0.713750,1.000000
E7,0.0,1.0,0,1.0,0.0,0.0,0,13,snr-greedy,0.677000,0.817618
E7,0.0,1.0,0,1.0,0.0,0.0,0,13,snr-greedy-loss,0.705250,0.957816
E7,0.0,1.0,0,1.0,0.0,0.0,0,13,snr-mean,0.623500,0.552109
E7,0.0,1.0,0,1.0,0.0,0.0,0,13,belief,0.707500,0.968983
E7,0.0,1.0,0,1.0,0.0,0.0,0,13,belief-pred,0.707500,0.968983
E7,0.0,1.0,0,1.0,0.0,0.0,0,13,ewma,0.615750,0.513648
E7,0.0,1.0,0,1.0,0.0,0.0,0,13,blend-paper,0.658000,0.723325
E7,0.0,1.0,0,1.0,0.0,0.0,0,13,saf-adaptive,0.707500,0.968983
E7,0.0,1.0,0,1.0,0.0,0.0,0,14,random,0.616750,0.484157
E7,0.0,1.0,0,1.0,0.0,0.0,0,14,round-robin,0.618750,0.494297
E7,0.0,1.0,0,1.0,0.0,0.0,0,14,oracle,0.718500,1.000000
E7,0.0,1.0,0,1.0,0.0,0.0,0,14,snr-greedy,0.687500,0.842839
E7,0.0,1.0,0,1.0,0.0,0.0,0,14,snr-greedy-loss,0.711500,0.964512
E7,0.0,1.0,0,1.0,0.0,0.0,0,14,snr-mean,0.640000,0.602028
E7,0.0,1.0,0,1.0,0.0,0.0,0,14,belief,0.714250,0.978454
E7,0.0,1.0,0,1.0,0.0,0.0,0,14,belief-pred,0.714250,0.978454
E7,0.0,1.0,0,1.0,0.0,0.0,0,14,ewma,0.629500,0.548796
E7,0.0,1.0,0,1.0,0.0,0.0,0,14,blend-paper,0.659250,0.699620
E7,0.0,1.0,0,1.0,0.0,0.0,0,14,saf-adaptive,0.714250,0.978454
E7,0.0,1.0,0,1.0,0.0,0.0,0,15,random,0.615000,0.489415
E7,0.0,1.0,0,1.0,0.0,0.0,0,15,round-robin,0.616250,0.495641
E7,0.0,1.0,0,1.0,0.0,0.0,0,15,oracle,0.717500,1.000000
E7,0.0,1.0,0,1.0,0.0,0.0,0,15,snr-greedy,0.684000,0.833126
E7,0.0,1.0,0,1.0,0.0,0.0,0,15,snr-greedy-loss,0.708000,0.952677
E7,0.0,1.0,0,1.0,0.0,0.0,0,15,snr-mean,0.636000,0.594022
E7,0.0,1.0,0,1.0,0.0,0.0,0,15,belief,0.713250,0.978829
E7,0.0,1.0,0,1.0,0.0,0.0,0,15,belief-pred,0.713250,0.978829
E7,0.0,1.0,0,1.0,0.0,0.0,0,15,ewma,0.613750,0.483188
E7,0.0,1.0,0,1.0,0.0,0.0,0,15,blend-paper,0.649750,0.662516
E7,0.0,1.0,0,1.0,0.0,0.0,0,15,saf-adaptive,0.713250,0.978829
E7,0.0,1.0,0,1.0,0.0,0.0,0,16,random,0.609750,0.504391
E7,0.0,1.0,0,1.0,0.0,0.0,0,16,round-robin,0.607750,0.494354
E7,0.0,1.0,0,1.0,0.0,0.0,0,16,oracle,0.708500,1.000000
E7,0.0,1.0,0,1.0,0.0,0.0,0,16,snr-greedy,0.675750,0.835634
E7,0.0,1.0,0,1.0,0.0,0.0,0,16,snr-greedy-loss,0.699750,0.956085
E7,0.0,1.0,0,1.0,0.0,0.0,0,16,snr-mean,0.619500,0.553325
E7,0.0,1.0,0,1.0,0.0,0.0,0,16,belief,0.704500,0.979925
E7,0.0,1.0,0,1.0,0.0,0.0,0,16,belief-pred,0.704500,0.979925
E7,0.0,1.0,0,1.0,0.0,0.0,0,16,ewma,0.604750,0.479297
E7,0.0,1.0,0,1.0,0.0,0.0,0,16,blend-paper,0.646750,0.690088
E7,0.0,1.0,0,1.0,0.0,0.0,0,16,saf-adaptive,0.704250,0.978670
E7,0.0,1.0,0,1.0,0.0,0.0,0,17,random,0.612750,0.501926
E7,0.0,1.0,0,1.0,0.0,0.0,0,17,round-robin,0.614000,0.508344
E7,0.0,1.0,0,1.0,0.0,0.0,0,17,oracle,0.709750,1.000000
E7,0.0,1.0,0,1.0,0.0,0.0,0,17,snr-greedy,0.678500,0.839538
E7,0.0,1.0,0,1.0,0.0,0.0,0,17,snr-greedy-loss,0.700750,0.953787
E7,0.0,1.0,0,1.0,0.0,0.0,0,17,snr-mean,0.628500,0.582798
E7,0.0,1.0,0,1.0,0.0,0.0,0,17,belief,0.704500,0.973042
E7,0.0,1.0,0,1.0,0.0,0.0,0,17,belief-pred,0.704500,0.973042
E7,0.0,1.0,0,1.0,0.0,0.0,0,17,ewma,0.616750,0.522465
E7,0.0,1.0,0,1.0,0.0,0.0,0,17,blend-paper,0.646000,0.672657
E7,0.0,1.0,0,1.0,0.0,0.0,0,17,saf-adaptive,0.704500,0.973042
E7,0.0,1.0,0,1.0,0.0,0.0,0,18,random,0.604750,0.462324
E7,0.0,1.0,0,1.0,0.0,0.0,0,18,round-robin,0.614250,0.510856
E7,0.0,1.0,0,1.0,0.0,0.0,0,18,oracle,0.710000,1.000000
E7,0.0,1.0,0,1.0,0.0,0.0,0,18,snr-greedy,0.677750,0.835249
E7,0.0,1.0,0,1.0,0.0,0.0,0,18,snr-greedy-loss,0.703000,0.964240
E7,0.0,1.0,0,1.0,0.0,0.0,0,18,snr-mean,0.625000,0.565773
E7,0.0,1.0,0,1.0,0.0,0.0,0,18,belief,0.707000,0.984674
E7,0.0,1.0,0,1.0,0.0,0.0,0,18,belief-pred,0.707000,0.984674
E7,0.0,1.0,0,1.0,0.0,0.0,0,18,ewma,0.623500,0.558110
E7,0.0,1.0,0,1.0,0.0,0.0,0,18,blend-paper,0.649000,0.688378
E7,0.0,1.0,0,1.0,0.0,0.0,0,18,saf-adaptive,0.707000,0.984674
E7,0.0,1.0,0,1.0,0.0,0.0,0,19,random,0.608750,0.487715
E7,0.0,1.0,0,1.0,0.0,0.0,0,19,round-robin,0.609000,0.488943
E7,0.0,1.0,0,1.0,0.0,0.0,0,19,oracle,0.713000,1.000000
E7,0.0,1.0,0,1.0,0.0,0.0,0,19,snr-greedy,0.679750,0.836609
E7,0.0,1.0,0,1.0,0.0,0.0,0,19,snr-greedy-loss,0.706000,0.965602
E7,0.0,1.0,0,1.0,0.0,0.0,0,19,snr-mean,0.621000,0.547912
E7,0.0,1.0,0,1.0,0.0,0.0,0,19,belief,0.710000,0.985258
E7,0.0,1.0,0,1.0,0.0,0.0,0,19,belief-pred,0.710000,0.985258
E7,0.0,1.0,0,1.0,0.0,0.0,0,19,ewma,0.611750,0.502457
E7,0.0,1.0,0,1.0,0.0,0.0,0,19,blend-paper,0.652000,0.700246
E7,0.0,1.0,0,1.0,0.0,0.0,0,19,saf-adaptive,0.710000,0.985258
E7,0.0,1.0,0,1.0,0.0,0.0,0,20,random,0.615500,0.502545
E7,0.0,1.0,0,1.0,0.0,0.0,0,20,round-robin,0.616750,0.508906
E7,0.0,1.0,0,1.0,0.0,0.0,0,20,oracle,0.713250,1.000000
E7,0.0,1.0,0,1.0,0.0,0.0,0,20,snr-greedy,0.676250,0.811705
E7,0.0,1.0,0,1.0,0.0,0.0,0,20,snr-greedy-loss,0.702000,0.942748
E7,0.0,1.0,0,1.0,0.0,0.0,0,20,snr-mean,0.619250,0.521628
E7,0.0,1.0,0,1.0,0.0,0.0,0,20,belief,0.706250,0.964377
E7,0.0,1.0,0,1.0,0.0,0.0,0,20,belief-pred,0.706250,0.964377
E7,0.0,1.0,0,1.0,0.0,0.0,0,20,ewma,0.622750,0.539440
E7,0.0,1.0,0,1.0,0.0,0.0,0,20,blend-paper,0.656000,0.708651
E7,0.0,1.0,0,1.0,0.0,0.0,0,20,saf-adaptive,0.706250,0.964377
E7,0.0,1.0,0,1.0,0.0,0.0,0,21,random,0.611250,0.509434
E7,0.0,1.0,0,1.0,0.0,0.0,0,21,round-robin,0.609750,0.501887
E7,0.0,1.0,0,1.0,0.0,0.0,0,21,oracle,0.708750,1.000000
E7,0.0,1.0,0,1.0,0.0,0.0,0,21,snr-greedy,0.679250,0.851572
E7,0.0,1.0,0,1.0,0.0,0.0,0,21,snr-greedy-loss,0.701000,0.961006
E7,0.0,1.0,0,1.0,0.0,0.0,0,21,snr-mean,0.630750,0.607547
E7,0.0,1.0,0,1.0,0.0,0.0,0,21,belief,0.706500,0.988679
E7,0.0,1.0,0,1.0,0.0,0.0,0,21,belief-pred,0.706500,0.988679
E7,0.0,1.0,0,1.0,0.0,0.0,0,21,ewma,0.609500,0.500629
E7,0.0,1.0,0,1.0,0.0,0.0,0,21,blend-paper,0.645500,0.681761
E7,0.0,1.0,0,1.0,0.0,0.0,0,21,saf-adaptive,0.706250,0.987421
E7,0.0,1.0,0,1.0,0.0,0.0,0,22,random,0.608750,0.507353
E7,0.0,1.0,0,1.0,0.0,0.0,0,22,round-robin,0.607250,0.500000
E7,0.0,1.0,0,1.0,0.0,0.0,0,22,oracle,0.709250,1.000000
E7,0.0,1.0,0,1.0,0.0,0.0,0,22,snr-greedy,0.677250,0.843137
E7,0.0,1.0,0,1.0,0.0,0.0,0,22,snr-greedy-loss,0.702250,0.965686
E7,0.0,1.0,0,1.0,0.0,0.0,0,22,snr-mean,0.611500,0.520833
E7,0.0,1.0,0,1.0,0.0,0.0,0,22,belief,0.705500,0.981618
E7,0.0,1.0,0,1.0,0.0,0.0,0,22,belief-pred,0.705500,0.981618
E7,0.0,1.0,0,1.0,0.0,0.0,0,22,ewma,0.612750,0.526961
E7,0.0,1.0,0,1.0,0.0,0.0,0,22,blend-paper,0.645750,0.688725
E7,0.0,1.0,0,1.0,0.0,0.0,0,22,saf-adaptive,0.705500,0.981618
E7,0.0,1.0,0,1.0,0.0,0.0,0,23,random,0.614500,0.504459
E7,0.0,1.0,0,1.0,0.0,0.0,0,23,round-robin,0.614000,0.501911
E7,0.0,1.0,0,1.0,0.0,0.0,0,23,oracle,0.711750,1.000000
E7,0.0,1.0,0,1.0,0.0,0.0,0,23,snr-greedy,0.680500,0.840764
E7,0.0,1.0,0,1.0,0.0,0.0,0,23,snr-greedy-loss,0.702250,0.951592
E7,0.0,1.0,0,1.0,0.0,0.0,0,23,snr-mean,0.630000,0.583439
E7,0.0,1.0,0,1.0,0.0,0.0,0,23,belief,0.707000,0.975796
E7,0.0,1.0,0,1.0,0.0,0.0,0,23,belief-pred,0.707000,0.975796
E7,0.0,1.0,0,1.0,0.0,0.0,0,23,ewma,0.614500,0.504459
E7,0.0,1.0,0,1.0,0.0,0.0,0,23,blend-paper,0.652250,0.696815
E7,0.0,1.0,0,1.0,0.0,0.0,0,23,saf-adaptive,0.707000,0.975796
E7,0.0,1.0,0,1.0,0.0,0.0,0,24,random,0.615250,0.487773
E7,0.0,1.0,0,1.0,0.0,0.0,0,24,round-robin,0.619250,0.508366
E7,0.0,1.0,0,1.0,0.0,0.0,0,24,oracle,0.714750,1.000000
E7,0.0,1.0,0,1.0,0.0,0.0,0,24,snr-greedy,0.680000,0.821107
E7,0.0,1.0,0,1.0,0.0,0.0,0,24,snr-greedy-loss,0.708250,0.966538
E7,0.0,1.0,0,1.0,0.0,0.0,0,24,snr-mean,0.638000,0.604891
E7,0.0,1.0,0,1.0,0.0,0.0,0,24,belief,0.711000,0.980695
E7,0.0,1.0,0,1.0,0.0,0.0,0,24,belief-pred,0.711000,0.980695
E7,0.0,1.0,0,1.0,0.0,0.0,0,24,ewma,0.617000,0.496782
E7,0.0,1.0,0,1.0,0.0,0.0,0,24,blend-paper,0.659750,0.716860
E7,0.0,1.0,0,1.0,0.0,0.0,0,24,saf-adaptive,0.711000,0.980695
E7,0.0,1.0,0,1.0,0.0,0.0,0,25,random,0.615500,0.505115
E7,0.0,1.0,0,1.0,0.0,0.0,0,25,round-robin,0.613250,0.493606
E7,0.0,1.0,0,1.0,0.0,0.0,0,25,oracle,0.712250,1.000000
E7,0.0,1.0,0,1.0,0.0,0.0,0,25,snr-greedy,0.679500,0.832481
E7,0.0,1.0,0,1.0,0.0,0.0,0,25,snr-greedy-loss,0.702250,0.948849
E7,0.0,1.0,0,1.0,0.0,0.0,0,25,snr-mean,0.633500,0.597187
E7,0.0,1.0,0,1.0,0.0,0.0,0,25,belief,0.708500,0.980818
E7,0.0,1.0,0,1.0,0.0,0.0,0,25,belief-pred,0.708500,0.980818
E7,0.0,1.0,0,1.0,0.0,0.0,0,25,ewma,0.623000,0.543478
E7,0.0,1.0,0,1.0,0.0,0.0,0,25,blend-paper,0.658750,0.726343
E7,0.0,1.0,0,1.0,0.0,0.0,0,25,saf-adaptive,0.708250,0.979540
E7,0.0,1.0,0,1.0,0.0,0.0,0,26,random,0.610250,0.497455
E7,0.0,1.0,0,1.0,0.0,0.0,0,26,round-robin,0.612750,0.510178
E7,0.0,1.0,0,1.0,0.0,0.0,0,26,oracle,0.709000,1.000000
E7,0.0,1.0,0,1.0,0.0,0.0,0,26,snr-greedy,0.678750,0.846056
E7,0.0,1.0,0,1.0,0.0,0.0,0,26,snr-greedy-loss,0.698250,0.945293
E7,0.0,1.0,0,1.0,0.0,0.0,0,26,snr-mean,0.618500,0.539440
E7,0.0,1.0,0,1.0,0.0,0.0,0,26,belief,0.704000,0.974555
E7,0.0,1.0,0,1.0,0.0,0.0,0,26,belief-pred,0.704000,0.974555
E7,0.0,1.0,0,1.0,0.0,0.0,0,26,ewma,0.614750,0.520356
E7,0.0,1.0,0,1.0,0.0,0.0,0,26,blend-paper,0.649250,0.695929
E7,0.0,1.0,0,1.0,0.0,0.0,0,26,saf-adaptive,0.704000,0.974555
E7,0.0,1.0,0,1.0,0.0,0.0,0,27,random,0.613000,0.499371
E7,0.0,1.0,0,1.0,0.0,0.0,0,27,round-robin,0.615500,0.511950
E7,0.0,1.0,0,1.0,0.0,0.0,0,27,oracle,0.712500,1.000000
E7,0.0,1.0,0,1.0,0.0,0.0,0,27,snr-greedy,0.678750,0.830189
E7,0.0,1.0,0,1.0,0.0,0.0,0,27,snr-greedy-loss,0.704000,0.957233
E7,0.0,1.0,0,1.0,0.0,0.0,0,27,snr-mean,0.628750,0.578616
E7,0.0,1.0,0,1.0,0.0,0.0,0,27,belief,0.708000,0.977358
E7,0.0,1.0,0,1.0,0.0,0.0,0,27,belief-pred,0.708000,0.977358
E7,0.0,1.0,0,1.0,0.0,0.0,0,27,ewma,0.627500,0.572327
E7,0.0,1.0,0,1.0,0.0,0.0,0,27,blend-paper,0.654250,0.706918
E7,0.0,1.0,0,1.0,0.0,0.0,0,27,saf-adaptive,0.708000,0.977358
E7,0.0,1.0,0,1.0,0.0,0.0,0,28,random,0.606750,0.483617
E7,0.0,1.0,0,1.0,0.0,0.0,0,28,round-robin,0.607250,0.486239
E7,0.0,1.0,0,1.0,0.0,0.0,0,28,oracle,0.705250,1.000000
E7,0.0,1.0,0,1.0,0.0,0.0,0,28,snr-greedy,0.668000,0.804718
E7,0.0,1.0,0,1.0,0.0,0.0,0,28,snr-greedy-loss,0.697000,0.956750
E7,0.0,1.0,0,1.0,0.0,0.0,0,28,snr-mean,0.621750,0.562254
E7,0.0,1.0,0,1.0,0.0,0.0,0,28,belief,0.700500,0.975098
E7,0.0,1.0,0,1.0,0.0,0.0,0,28,belief-pred,0.700500,0.975098
E7,0.0,1.0,0,1.0,0.0,0.0,0,28,ewma,0.610750,0.504587
E7,0.0,1.0,0,1.0,0.0,0.0,0,28,blend-paper,0.645250,0.685452
E7,0.0,1.0,0,1.0,0.0,0.0,0,28,saf-adaptive,0.700500,0.975098
E7,0.0,1.0,0,1.0,0.0,0.0,0,29,random,0.615500,0.478488
E7,0.0,1.0,0,1.0,0.0,0.0,0,29,round-robin,0.617500,0.488918
E7,0.0,1.0,0,1.0,0.0,0.0,0,29,oracle,0.715500,1.000000
E7,0.0,1.0,0,1.0,0.0,0.0,0,29,snr-greedy,0.687000,0.851369
E7,0.0,1.0,0,1.0,0.0,0.0,0,29,snr-greedy-loss,0.708250,0.962190
E7,0.0,1.0,0,1.0,0.0,0.0,0,29,snr-mean,0.640250,0.607562
E7,0.0,1.0,0,1.0,0.0,0.0,0,29,belief,0.712250,0.983051
E7,0.0,1.0,0,1.0,0.0,0.0,0,29,belief-pred,0.712250,0.983051
E7,0.0,1.0,0,1.0,0.0,0.0,0,29,ewma,0.624250,0.524120
E7,0.0,1.0,0,1.0,0.0,0.0,0,29,blend-paper,0.657250,0.696219
E7,0.0,1.0,0,1.0,0.0,0.0,0,29,saf-adaptive,0.712250,0.983051
E7,0.0,1.0,0,1.0,0.0,0.0,0,30,random,0.608000,0.496741
E7,0.0,1.0,0,1.0,0.0,0.0,0,30,round-robin,0.609750,0.505867
E7,0.0,1.0,0,1.0,0.0,0.0,0,30,oracle,0.704500,1.000000
E7,0.0,1.0,0,1.0,0.0,0.0,0,30,snr-greedy,0.670500,0.822686
E7,0.0,1.0,0,1.0,0.0,0.0,0,30,snr-greedy-loss,0.697250,0.962190
E7,0.0,1.0,0,1.0,0.0,0.0,0,30,snr-mean,0.622500,0.572360
E7,0.0,1.0,0,1.0,0.0,0.0,0,30,belief,0.700500,0.979140
E7,0.0,1.0,0,1.0,0.0,0.0,0,30,belief-pred,0.700500,0.979140
E7,0.0,1.0,0,1.0,0.0,0.0,0,30,ewma,0.604250,0.477184
E7,0.0,1.0,0,1.0,0.0,0.0,0,30,blend-paper,0.643000,0.679270
E7,0.0,1.0,0,1.0,0.0,0.0,0,30,saf-adaptive,0.700250,0.977836
E7,0.0,1.0,0,1.0,0.0,0.0,0,31,random,0.607750,0.481061
E7,0.0,1.0,0,1.0,0.0,0.0,0,31,round-robin,0.613500,0.510101
E7,0.0,1.0,0,1.0,0.0,0.0,0,31,oracle,0.710500,1.000000
E7,0.0,1.0,0,1.0,0.0,0.0,0,31,snr-greedy,0.678000,0.835859
E7,0.0,1.0,0,1.0,0.0,0.0,0,31,snr-greedy-loss,0.700750,0.950758
E7,0.0,1.0,0,1.0,0.0,0.0,0,31,snr-mean,0.621000,0.547980
E7,0.0,1.0,0,1.0,0.0,0.0,0,31,belief,0.706000,0.977273
E7,0.0,1.0,0,1.0,0.0,0.0,0,31,belief-pred,0.706000,0.977273
E7,0.0,1.0,0,1.0,0.0,0.0,0,31,ewma,0.606750,0.476010
E7,0.0,1.0,0,1.0,0.0,0.0,0,31,blend-paper,0.647000,0.679293
E7,0.0,1.0,0,1.0,0.0,0.0,0,31,saf-adaptive,0.706000,0.977273
E7,0.0,1.0,0,1.0,0.0,0.0,0,32,random,0.623000,0.507134
E7,0.0,1.0,0,1.0,0.0,0.0,0,32,round-robin,0.619000,0.486381
E7,0.0,1.0,0,1.0,0.0,0.0,0,32,oracle,0.718000,1.000000
E7,0.0,1.0,0,1.0,0.0,0.0,0,32,snr-greedy,0.685500,0.831388
E7,0.0,1.0,0,1.0,0.0,0.0,0,32,snr-greedy-loss,0.710750,0.962387
E7,0.0,1.0,0,1.0,0.0,0.0,0,32,snr-mean,0.634500,0.566796
E7,0.0,1.0,0,1.0,0.0,0.0,0,32,belief,0.713250,0.975357
E7,0.0,1.0,0,1.0,0.0,0.0,0,32,belief-pred,0.713250,0.975357
E7,0.0,1.0,0,1.0,0.0,0.0,0,32,ewma,0.626500,0.525292
E7,0.0,1.0,0,1.0,0.0,0.0,0,32,blend-paper,0.658500,0.691310
E7,0.0,1.0,0,1.0,0.0,0.0,0,32,saf-adaptive,0.713250,0.975357
E7,0.0,1.0,0,1.0,0.0,0.0,0,33,random,0.613000,0.525485
E7,0.0,1.0,0,1.0,0.0,0.0,0,33,round-robin,0.610750,0.514563
E7,0.0,1.0,0,1.0,0.0,0.0,0,33,oracle,0.710750,1.000000
E7,0.0,1.0,0,1.0,0.0,0.0,0,33,snr-greedy,0.676000,0.831311
E7,0.0,1.0,0,1.0,0.0,0.0,0,33,snr-greedy-loss,0.703000,0.962379
E7,0.0,1.0,0,1.0,0.0,0.0,0,33,snr-mean,0.611750,0.519417
E7,0.0,1.0,0,1.0,0.0,0.0,0,33,belief,0.706500,0.979369
E7,0.0,1.0,0,1.0,0.0,0.0,0,33,belief-pred,0.706500,0.979369
E7,0.0,1.0,0,1.0,0.0,0.0,0,33,ewma,0.617750,0.548544
E7,0.0,1.0,0,1.0,0.0,0.0,0,33,blend-paper,0.647250,0.691748
E7,0.0,1.0,0,1.0,0.0,0.0,0,33,saf-adaptive,0.706500,0.979369
E7,0.0,1.0,0,1.0,0.0,0.0,0,34,random,0.610500,0.498123
E7,0.0,1.0,0,1.0,0.0,0.0,0,34,round-robin,0.613750,0.514393
E7,0.0,1.0,0,1.0,0.0,0.0,0,34,oracle,0.710750,1.000000
E7,0.0,1.0,0,1.0,0.0,0.0,0,34,snr-greedy,0.676250,0.827284
E7,0.0,1.0,0,1.0,0.0,0.0,0,34,snr-greedy-loss,0.703000,0.961202
E7,0.0,1.0,0,1.0,0.0,0.0,0,34,snr-mean,0.629750,0.594493
E7,0.0,1.0,0,1.0,0.0,0.0,0,34,belief,0.706750,0.979975
E7,0.0,1.0,0,1.0,0.0,0.0,0,34,belief-pred,0.706750,0.979975
E7,0.0,1.0,0,1.0,0.0,0.0,0,34,ewma,0.624000,0.565707
E7,0.0,1.0,0,1.0,0.0,0.0,0,34,blend-paper,0.654000,0.715895
E7,0.0,1.0,0,1.0,0.0,0.0,0,34,saf-adaptive,0.706750,0.979975
E7,0.0,1.0,0,1.0,0.0,0.0,0,35,random,0.615750,0.480469
E7,0.0,1.0,0,1.0,0.0,0.0,0,35,round-robin,0.622000,0.513021
E7,0.0,1.0,0,1.0,0.0,0.0,0,35,oracle,0.715500,1.000000
E7,0.0,1.0,0,1.0,0.0,0.0,0,35,snr-greedy,0.682000,0.825521
E7,0.0,1.0,0,1.0,0.0,0.0,0,35,snr-greedy-loss,0.707500,0.958333
E7,0.0,1.0,0,1.0,0.0,0.0,0,35,snr-mean,0.635250,0.582031
E7,0.0,1.0,0,1.0,0.0,0.0,0,35,belief,0.710750,0.975260
E7,0.0,1.0,0,1.0,0.0,0.0,0,35,belief-pred,0.710750,0.975260
E7,0.0,1.0,0,1.0,0.0,0.0,0,35,ewma,0.627750,0.542969
E7,0.0,1.0,0,1.0,0.0,0.0,0,35,blend-paper,0.651000,0.664062
E7,0.0,1.0,0,1.0,0.0,0.0,0,35,saf-adaptive,0.710250,0.972656
E7,0.0,1.0,0,1.0,0.0,0.0,0,36,random,0.613250,0.495507
E7,0.0,1.0,0,1.0,0.0,0.0,0,36,round-robin,0.611000,0.483954
E7,0.0,1.0,0,1.0,0.0,0.0,0,36,oracle,0.711500,1.000000
E7,0.0,1.0,0,1.0,0.0,0.0,0,36,snr-greedy,0.675000,0.812580
E7,0.0,1.0,0,1.0,0.0,0.0,0,36,snr-greedy-loss,0.702750,0.955071
E7,0.0,1.0,0,1.0,0.0,0.0,0,36,snr-mean,0.624500,0.553273
E7,0.0,1.0,0,1.0,0.0,0.0,0,36,belief,0.707500,0.979461
E7,0.0,1.0,0,1.0,0.0,0.0,0,36,belief-pred,0.707500,0.979461
E7,0.0,1.0,0,1.0,0.0,0.0,0,36,ewma,0.618500,0.522465
E7,0.0,1.0,0,1.0,0.0,0.0,0,36,blend-paper,0.655750,0.713736
E7,0.0,1.0,0,1.0,0.0,0.0,0,36,saf-adaptive,0.707500,0.979461
E7,0.0,1.0,0,1.0,0.0,0.0,0,37,random,0.620750,0.538363
E7,0.0,1.0,0,1.0,0.0,0.0,0,37,round-robin,0.613750,0.502558
E7,0.0,1.0,0,1.0,0.0,0.0,0,37,oracle,0.711000,1.000000
E7,0.0,1.0,0,1.0,0.0,0.0,0,37,snr-greedy,0.680750,0.845269
E7,0.0,1.0,0,1.0,0.0,0.0,0,37,snr-greedy-loss,0.703000,0.959079
E7,0.0,1.0,0,1.0,0.0,0.0,0,37,snr-mean,0.633000,0.601023
E7,0.0,1.0,0,1.0,0.0,0.0,0,37,belief,0.708250,0.985934
E7,0.0,1.0,0,1.0,0.0,0.0,0,37,belief-pred,0.708250,0.985934
E7,0.0,1.0,0,1.0,0.0,0.0,0,37,ewma,0.620000,0.534527
E7,0.0,1.0,0,1.0,0.0,0.0,0,37,blend-paper,0.653000,0.703325
E7,0.0,1.0,0,1.0,0.0,0.0,0,37,saf-adaptive,0.708250,0.985934
E7,0.0,1.0,0,1.0,0.0,0.0,0,38,random,0.620000,0.480149
E7,0.0,1.0,0,1.0,0.0,0.0,0,38,round-robin,0.622250,0.491315
E7,0.0,1.0,0,1.0,0.0,0.0,0,38,oracle,0.724750,1.000000
E7,0.0,1.0,0,1.0,0.0,0.0,0,38,snr-greedy,0.689250,0.823821
E7,0.0,1.0,0,1.0,0.0,0.0,0,38,snr-greedy-loss,0.718000,0.966501
E7,0.0,1.0,0,1.0,0.0,0.0,0,38,snr-mean,0.635250,0.555831
E7,0.0,1.0,0,1.0,0.0,0.0,0,38,belief,0.721750,0.985112
E7,0.0,1.0,0,1.0,0.0,0.0,0,38,belief-pred,0.721750,0.985112
E7,0.0,1.0,0,1.0,0.0,0.0,0,38,ewma,0.623250,0.496278
E7,0.0,1.0,0,1.0,0.0,0.0,0,38,blend-paper,0.666250,0.709677
E7,0.0,1.0,0,1.0,0.0,0.0,0,38,saf-adaptive,0.721750,0.985112
E7,0.0,1.0,0,1.0,0.0,0.0,0,39,random,0.620000,0.508844
E7,0.0,1.0,0,1.0,0.0,0.0,0,39,round-robin,0.615750,0.485714
E7,0.0,1.0,0,1.0,0.0,0.0,0,39,oracle,0.710250,1.000000
E7,0.0,1.0,0,1.0,0.0,0.0,0,39,snr-greedy,0.677250,0.820408
E7,0.0,1.0,0,1.0,0.0,0.0,0,39,snr-greedy-loss,0.699750,0.942857
E7,0.0,1.0,0,1.0,0.0,0.0,0,39,snr-mean,0.632000,0.574150
E7,0.0,1.0,0,1.0,0.0,0.0,0,39,belief,0.707000,0.982313
E7,0.0,1.0,0,1.0,0.0,0.0,0,39,belief-pred,0.707000,0.982313
E7,0.0,1.0,0,1.0,0.0,0.0,0,39,ewma,0.626750,0.545578
E7,0.0,1.0,0,1.0,0.0,0.0,0,39,blend-paper,0.661000,0.731973
E7,0.0,1.0,0,1.0,0.0,0.0,0,39,saf-adaptive,0.706750,0.980952
E7,0.0,1.0,0,1.0,0.0,0.0,0,40,random,0.606500,0.500000
E7,0.0,1.0,0,1.0,0.0,0.0,0,40,round-robin,0.606500,0.500000
E7,0.0,1.0,0,1.0,0.0,0.0,0,40,oracle,0.711750,1.000000
E7,0.0,1.0,0,1.0,0.0,0.0,0,40,snr-greedy,0.675000,0.825416
E7,0.0,1.0,0,1.0,0.0,0.0,0,40,snr-greedy-loss,0.705000,0.967933
E7,0.0,1.0,0,1.0,0.0,0.0,0,40,snr-mean,0.621500,0.571259
E7,0.0,1.0,0,1.0,0.0,0.0,0,40,belief,0.709250,0.988124
E7,0.0,1.0,0,1.0,0.0,0.0,0,40,belief-pred,0.709250,0.988124
E7,0.0,1.0,0,1.0,0.0,0.0,0,40,ewma,0.614250,0.536817
E7,0.0,1.0,0,1.0,0.0,0.0,0,40,blend-paper,0.647750,0.695962
E7,0.0,1.0,0,1.0,0.0,0.0,0,40,saf-adaptive,0.709250,0.988124
E7,0.0,1.0,0,1.0,0.0,0.0,0,41,random,0.599500,0.479319
E7,0.0,1.0,0,1.0,0.0,0.0,0,41,round-robin,0.603000,0.496350
E7,0.0,1.0,0,1.0,0.0,0.0,0,41,oracle,0.706500,1.000000
E7,0.0,1.0,0,1.0,0.0,0.0,0,41,snr-greedy,0.673500,0.839416
E7,0.0,1.0,0,1.0,0.0,0.0,0,41,snr-greedy-loss,0.699250,0.964720
E7,0.0,1.0,0,1.0,0.0,0.0,0,41,snr-mean,0.627750,0.616788
E7,0.0,1.0,0,1.0,0.0,0.0,0,41,belief,0.703000,0.982968
E7,0.0,1.0,0,1.0,0.0,0.0,0,41,belief-pred,0.703000,0.982968
E7,0.0,1.0,0,1.0,0.0,0.0,0,41,ewma,0.612250,0.541363
E7,0.0,1.0,0,1.0,0.0,0.0,0,41,blend-paper,0.652750,0.738443
E7,0.0,1.0,0,1.0,0.0,0.0,0,41,saf-adaptive,0.703000,0.982968
E7,0.0,1.0,0,1.0,0.0,0.0,0,42,random,0.606500,0.515513
E7,0.0,1.0,0,1.0,0.0,0.0,0,42,round-robin,0.601750,0.492840
E7,0.0,1.0,0,1.0,0.0,0.0,0,42,oracle,0.708000,1.000000
E7,0.0,1.0,0,1.0,0.0,0.0,0,42,snr-greedy,0.678250,0.857995
E7,0.0,1.0,0,1.0,0.0,0.0,0,42,snr-greedy-loss,0.700250,0.963007
E7,0.0,1.0,0,1.0,0.0,0.0,0,42,snr-mean,0.621500,0.587112
E7,0.0,1.0,0,1.0,0.0,0.0,0,42,belief,0.704500,0.983294
E7,0.0,1.0,0,1.0,0.0,0.0,0,42,belief-pred,0.704500,0.983294
E7,0.0,1.0,0,1.0,0.0,0.0,0,42,ewma,0.612000,0.541766
E7,0.0,1.0,0,1.0,0.0,0.0,0,42,blend-paper,0.653750,0.741050
E7,0.0,1.0,0,1.0,0.0,0.0,0,42,saf-adaptive,0.704500,0.983294
E7,0.0,1.0,0,1.0,0.0,0.0,0,43,random,0.606000,0.492519
E7,0.0,1.0,0,1.0,0.0,0.0,0,43,round-robin,0.607250,0.498753
E7,0.0,1.0,0,1.0,0.0,0.0,0,43,oracle,0.707750,1.000000
E7,0.0,1.0,0,1.0,0.0,0.0,0,43,snr-greedy,0.675250,0.837905
E7,0.0,1.0,0,1.0,0.0,0.0,0,43,snr-greedy-loss,0.698250,0.952618
E7,0.0,1.0,0,1.0,0.0,0.0,0,43,snr-mean,0.617500,0.549875
E7,0.0,1.0,0,1.0,0.0,0.0,0,43,belief,0.704000,0.981297
E7,0.0,1.0,0,1.0,0.0,0.0,0,43,belief-pred,0.704000,0.981297
E7,0.0,1.0,0,1.0,0.0,0.0,0,43,ewma,0.618750,0.556110
E7,0.0,1.0,0,1.0,0.0,0.0,0,43,blend-paper,0.659750,0.760599
E7,0.0,1.0,0,1.0,0.0,0.0,0,43,saf-adaptive,0.704000,0.981297
E7,0.0,1.0,0,1.0,0.0,0.0,0,44,random,0.610000,0.487212
E7,0.0,1.0,0,1.0,0.0,0.0,0,44,round-robin,0.613500,0.505115
E7,0.0,1.0,0,1.0,0.0,0.0,0,44,oracle,0.710250,1.000000
E7,0.0,1.0,0,1.0,0.0,0.0,0,44,snr-greedy,0.674250,0.815857
E7,0.0,1.0,0,1.0,0.0,0.0,0,44,snr-greedy-loss,0.702500,0.960358
E7,0.0,1.0,0,1.0,0.0,0.0,0,44,snr-mean,0.624500,0.561381
E7,0.0,1.0,0,1.0,0.0,0.0,0,44,belief,0.705500,0.975703
E7,0.0,1.0,0,1.0,0.0,0.0,0,44,belief-pred,0.705500,0.975703
E7,0.0,1.0,0,1.0,0.0,0.0,0,44,ewma,0.618750,0.531969
E7,0.0,1.0,0,1.0,0.0,0.0,0,44,blend-paper,0.649000,0.686701
E7,0.0,1.0,0,1.0,0.0,0.0,0,44,saf-adaptive,0.705500,0.975703
E7,0.0,1.0,0,1.0,0.0,0.0,0,45,random,0.603250,0.496305
E7,0.0,1.0,0,1.0,0.0,0.0,0,45,round-robin,0.604750,0.503695
E7,0.0,1.0,0,1.0,0.0,0.0,0,45,oracle,0.705500,1.000000
E7,0.0,1.0,0,1.0,0.0,0.0,0,45,snr-greedy,0.672000,0.834975
E7,0.0,1.0,0,1.0,0.0,0.0,0,45,snr-greedy-loss,0.699750,0.971675
E7,0.0,1.0,0,1.0,0.0,0.0,0,45,snr-mean,0.621250,0.584975
E7,0.0,1.0,0,1.0,0.0,0.0,0,45,belief,0.702750,0.986453
E7,0.0,1.0,0,1.0,0.0,0.0,0,45,belief-pred,0.702750,0.986453
E7,0.0,1.0,0,1.0,0.0,0.0,0,45,ewma,0.606000,0.509852
E7,0.0,1.0,0,1.0,0.0,0.0,0,45,blend-paper,0.636000,0.657635
E7,0.0,1.0,0,1.0,0.0,0.0,0,45,saf-adaptive,0.702750,0.986453
E7,0.0,1.0,0,1.0,0.0,0.0,0,46,random,0.612000,0.494354
E7,0.0,1.0,0,1.0,0.0,0.0,0,46,round-robin,0.608250,0.475533
E7,0.0,1.0,0,1.0,0.0,0.0,0,46,oracle,0.712750,1.000000
E7,0.0,1.0,0,1.0,0.0,0.0,0,46,snr-greedy,0.681000,0.840652
E7,0.0,1.0,0,1.0,0.0,0.0,0,46,snr-greedy-loss,0.706000,0.966123
E7,0.0,1.0,0,1.0,0.0,0.0,0,46,snr-mean,0.629000,0.579674
E7,0.0,1.0,0,1.0,0.0,0.0,0,46,belief,0.709000,0.981179
E7,0.0,1.0,0,1.0,0.0,0.0,0,46,belief-pred,0.709000,0.981179
E7,0.0,1.0,0,1.0,0.0,0.0,0,46,ewma,0.618250,0.525721
E7,0.0,1.0,0,1.0,0.0,0.0,0,46,blend-paper,0.659750,0.734003
E7,0.0,1.0,0,1.0,0.0,0.0,0,46,saf-adaptive,0.709000,0.981179
E7,0.0,1.0,0,1.0,0.0,0.0,0,47,random,0.609250,0.471814
E7,0.0,1.0,0,1.0,0.0,0.0,0,47,round-robin,0.616500,0.507353
E7,0.0,1.0,0,1.0,0.0,0.0,0,47,oracle,0.717000,1.000000
E7,0.0,1.0,0,1.0,0.0,0.0,0,47,snr-greedy,0.689250,0.863971
E7,0.0,1.0,0,1.0,0.0,0.0,0,47,snr-greedy-loss,0.707750,0.954657
E7,0.0,1.0,0,1.0,0.0,0.0,0,47,snr-mean,0.634750,0.596814
E7,0.0,1.0,0,1.0,0.0,0.0,0,47,belief,0.714250,0.986520
E7,0.0,1.0,0,1.0,0.0,0.0,0,47,belief-pred,0.714250,0.986520
E7,0.0,1.0,0,1.0,0.0,0.0,0,47,ewma,0.616250,0.506127
E7,0.0,1.0,0,1.0,0.0,0.0,0,47,blend-paper,0.659500,0.718137
E7,0.0,1.0,0,1.0,0.0,0.0,0,47,saf-adaptive,0.714500,0.987745
E7,0.0,1.0,0,1.0,0.0,0.0,0,48,random,0.616000,0.526316
E7,0.0,1.0,0,1.0,0.0,0.0,0,48,round-robin,0.610500,0.500000
E7,0.0,1.0,0,1.0,0.0,0.0,0,48,oracle,0.715000,1.000000
E7,0.0,1.0,0,1.0,0.0,0.0,0,48,snr-greedy,0.685250,0.857656
E7,0.0,1.0,0,1.0,0.0,0.0,0,48,snr-greedy-loss,0.708000,0.966507
E7,0.0,1.0,0,1.0,0.0,0.0,0,48,snr-mean,0.620000,0.545455
E7,0.0,1.0,0,1.0,0.0,0.0,0,48,belief,0.710750,0.979665
E7,0.0,1.0,0,1.0,0.0,0.0,0,48,belief-pred,0.710750,0.979665
E7,0.0,1.0,0,1.0,0.0,0.0,0,48,ewma,0.607000,0.483254
E7,0.0,1.0,0,1.0,0.0,0.0,0,48,blend-paper,0.656500,0.720096
E7,0.0,1.0,0,1.0,0.0,0.0,0,48,saf-adaptive,0.710750,0.979665
E7,0.0,1.0,0,1.0,0.0,0.0,0,49,random,0.618750,0.532143
E7,0.0,1.0,0,1.0,0.0,0.0,0,49,round-robin,0.613250,0.505952
E7,0.0,1.0,0,1.0,0.0,0.0,0,49,oracle,0.717000,1.000000
E7,0.0,1.0,0,1.0,0.0,0.0,0,49,snr-greedy,0.681250,0.829762
E7,0.0,1.0,0,1.0,0.0,0.0,0,49,snr-greedy-loss,0.707500,0.954762
E7,0.0,1.0,0,1.0,0.0,0.0,0,49,snr-mean,0.625000,0.561905
E7,0.0,1.0,0,1.0,0.0,0.0,0,49,belief,0.712750,0.979762
E7,0.0,1.0,0,1.0,0.0,0.0,0,49,belief-pred,0.712750,0.979762
E7,0.0,1.0,0,1.0,0.0,0.0,0,49,ewma,0.617750,0.527381
E7,0.0,1.0,0,1.0,0.0,0.0,0,49,blend-paper,0.652750,0.694048
E7,0.0,1.0,0,1.0,0.0,0.0,0,49,saf-adaptive,0.712750,0.979762
E7,0.0,1.0,1,1.0,0.0,0.0,0,0,random,0.613250,0.485498
E7,0.0,1.0,1,1.0,0.0,0.0,0,0,round-robin,0.614750,0.493064
E7,0.0,1.0,1,1.0,0.0,0.0,0,0,oracle,0.715250,1.000000
E7,0.0,1.0,1,1.0,0.0,0.0,0,0,snr-greedy,0.641000,0.625473
E7,0.0,1.0,1,1.0,0.0,0.0,0,0,snr-greedy-loss,0.654500,0.693569
E7,0.0,1.0,1,1.0,0.0,0.0,0,0,snr-mean,0.625000,0.544767
E7,0.0,1.0,1,1.0,0.0,0.0,0,0,belief,0.654000,0.691047
E7,0.0,1.0,1,1.0,0.0,0.0,0,0,belief-pred,0.655500,0.698613
E7,0.0,1.0,1,1.0,0.0,0.0,0,0,ewma,0.619750,0.518285
E7,0.0,1.0,1,1.0,0.0,0.0,0,0,blend-paper,0.634000,0.590164
E7,0.0,1.0,1,1.0,0.0,0.0,0,0,saf-adaptive,0.655500,0.698613
E7,0.0,1.0,1,1.0,0.0,0.0,0,1,random,0.616250,0.511323
E7,0.0,1.0,1,1.0,0.0,0.0,0,1,round-robin,0.612500,0.493445
E7,0.0,1.0,1,1.0,0.0,0.0,0,1,oracle,0.718750,1.000000
E7,0.0,1.0,1,1.0,0.0,0.0,0,1,snr-greedy,0.648000,0.662694
E7,0.0,1.0,1,1.0,0.0,0.0,0,1,snr-greedy-loss,0.660250,0.721097
E7,0.0,1.0,1,1.0,0.0,0.0,0,1,snr-mean,0.626500,0.560191
E7,0.0,1.0,1,1.0,0.0,0.0,0,1,belief,0.659500,0.717521
E7,0.0,1.0,1,1.0,0.0,0.0,0,1,belief-pred,0.661000,0.724672
E7,0.0,1.0,1,1.0,0.0,0.0,0,1,ewma,0.614750,0.504172
E7,0.0,1.0,1,1.0,0.0,0.0,0,1,blend-paper,0.630000,0.576877
E7,0.0,1.0,1,1.0,0.0,0.0,0,1,saf-adaptive,0.661000,0.724672
E7,0.0,1.0,1,1.0,0.0,0.0,0,2,random,0.614750,0.493011
E7,0.0,1.0,1,1.0,0.0,0.0,0,2,round-robin,0.617250,0.505718
E7,0.0,1.0,1,1.0,0.0,0.0,0,2,oracle,0.714500,1.000000
E7,0.0,1.0,1,1.0,0.0,0.0,0,2,snr-greedy,0.647000,0.656925
E7,0.0,1.0,1,1.0,0.0,0.0,0,2,snr-greedy-loss,0.658250,0.714104
E7,0.0,1.0,1,1.0,0.0,0.0,0,2,snr-mean,0.625500,0.547649
E7,0.0,1.0,1,1.0,0.0,0.0,0,2,belief,0.659250,0.719187
E7,0.0,1.0,1,1.0,0.0,0.0,0,2,belief-pred,0.653750,0.691233
E7,0.0,1.0,1,1.0,0.0,0.0,0,2,ewma,0.614750,0.493011
E7,0.0,1.0,1,1.0,0.0,0.0,0,2,blend-paper,0.631500,0.578145
E7,0.0,1.0,1,1.0,0.0,0.0,0,2,saf-adaptive,0.653500,0.689962
E7,0.0,1.0,1,1.0,0.0,0.0,0,3,random,0.603250,0.483436
E7,0.0,1.0,1,1.0,0.0,0.0,0,3,round-robin,0.609000,0.511656
E7,0.0,1.0,1,1.0,0.0,0.0,0,3,oracle,0.708500,1.000000
E7,0.0,1.0,1,1.0,0.0,0.0,0,3,snr-greedy,0.639750,0.662577
E7,0.0,1.0,1,1.0,0.0,0.0,0,3,snr-greedy-loss,0.650250,0.714110
E7,0.0,1.0,1,1.0,0.0,0.0,0,3,snr-mean,0.612250,0.527607
E7,0.0,1.0,1,1.0,0.0,0.0,0,3,belief,0.650750,0.716564
E7,0.0,1.0,1,1.0,0.0,0.0,0,3,belief-pred,0.650500,0.715337
E7,0.0,1.0,1,1.0,0.0,0.0,0,3,ewma,0.604500,0.489571
E7,0.0,1.0,1,1.0,0.0,0.0,0,3,blend-paper,0.619500,0.563190
E7,0.0,1.0,1,1.0,0.0,0.0,0,3,saf-adaptive,0.650250,0.714110
E7,0.0,1.0,1,1.0,0.0,0.0,0,4,random,0.605500,0.518834
E7,0.0,1.0,1,1.0,0.0,0.0,0,4,round-robin,0.601500,0.499392
E7,0.0,1.0,1,1.0,0.0,0.0,0,4,oracle,0.704500,1.000000
E7,0.0,1.0,1,1.0,0.0,0.0,0,4,snr-greedy,0.627000,0.623329
E7,0.0,1.0,1,1.0,0.0,0.0,0,4,snr-greedy-loss,0.639000,0.681652
E7,0.0,1.0,1,1.0,0.0,0.0,0,4,snr-mean,0.604250,0.512758
E7,0.0,1.0,1,1.0,0.0,0.0,0,4,belief,0.643000,0.701094
E7,0.0,1.0,1,1.0,0.0,0.0,0,4,belief-pred,0.638750,0.680437
E7,0.0,1.0,1,1.0,0.0,0.0,0,4,ewma,0.599750,0.490887
E7,0.0,1.0,1,1.0,0.0,0.0,0,4,blend-paper,0.618750,0.583232
E7,0.0,1.0,1,1.0,0.0,0.0,0,4,saf-adaptive,0.638750,0.680437
E7,0.0,1.0,1,1.0,0.0,0.0,0,5,random,0.619000,0.506748
E7,0.0,1.0,1,1.0,0.0,0.0,0,5,round-robin,0.618500,0.504294
E7,0.0,1.0,1,1.0,0.0,0.0,0,5,oracle,0.719500,1.000000
E7,0.0,1.0,1,1.0,0.0,0.0,0,5,snr-greedy,0.647750,0.647853
E7,0.0,1.0,1,1.0,0.0,0.0,0,5,snr-greedy-loss,0.662250,0.719018
E7,0.0,1.0,1,1.0,0.0,0.0,0,5,snr-mean,0.614250,0.483436
E7,0.0,1.0,1,1.0,0.0,0.0,0,5,belief,0.662750,0.721472
E7,0.0,1.0,1,1.0,0.0,0.0,0,5,belief-pred,0.653000,0.673620
E7,0.0,1.0,1,1.0,0.0,0.0,0,5,ewma,0.624750,0.534969
E7,0.0,1.0,1,1.0,0.0,0.0,0,5,blend-paper,0.635750,0.588957
E7,0.0,1.0,1,1.0,0.0,0.0,0,5,saf-adaptive,0.653000,0.673620
E7,0.0,1.0,1,1.0,0.0,0.0,0,6,random,0.615250,0.524941
E7,0.0,1.0,1,1.0,0.0,0.0,0,6,round-robin,0.610750,0.503563
E7,0.0,1.0,1,1.0,0.0,0.0,0,6,oracle,0.715250,1.000000
E7,0.0,1.0,1,1.0,0.0,0.0,0,6,snr-greedy,0.639500,0.640143
E7,0.0,1.0,1,1.0,0.0,0.0,0,6,snr-greedy-loss,0.652000,0.699525
E7,0.0,1.0,1,1.0,0.0,0.0,0,6,snr-mean,0.621750,0.555819
E7,0.0,1.0,1,1.0,0.0,0.0,0,6,belief,0.654000,0.709026
E7,0.0,1.0,1,1.0,0.0,0.0,0,6,belief-pred,0.651750,0.698337
E7,0.0,1.0,1,1.0,0.0,0.0,0,6,ewma,0.603750,0.470309
E7,0.0,1.0,1,1.0,0.0,0.0,0,6,blend-paper,0.629750,0.593824
E7,0.0,1.0,1,1.0,0.0,0.0,0,6,saf-adaptive,0.651750,0.698337
E7,0.0,1.0,1,1.0,0.0,0.0,0,7,random,0.618500,0.514612
E7,0.0,1.0,1,1.0,0.0,0.0,0,7,round-robin,0.617750,0.510801
E7,0.0,1.0,1,1.0,0.0,0.0,0,7,oracle,0.714000,1.000000
E7,0.0,1.0,1,1.0,0.0,0.0,0,7,snr-greedy,0.636500,0.606099
E7,0.0,1.0,1,1.0,0.0,0.0,0,7,snr-greedy-loss,0.653750,0.693774
E7,0.0,1.0,1,1.0,0.0,0.0,0,7,snr-mean,0.621000,0.527319
E7,0.0,1.0,1,1.0,0.0,0.0,0,7,belief,0.653000,0.689962
E7,0.0,1.0,1,1.0,0.0,0.0,0,7,belief-pred,0.654250,0.696315
E7,0.0,1.0,1,1.0,0.0,0.0,0,7,ewma,0.616750,0.505718
E7,0.0,1.0,1,1.0,0.0,0.0,0,7,blend-paper,0.622750,0.536213
E7,0.0,1.0,1,1.0,0.0,0.0,0,7,saf-adaptive,0.654750,0.698856
E7,0.0,1.0,1,1.0,0.0,0.0,0,8,random,0.615000,0.501263
E7,0.0,1.0,1,1.0,0.0,0.0,0,8,round-robin,0.617750,0.515152
E7,0.0,1.0,1,1.0,0.0,0.0,0,8,oracle,0.713750,1.000000
E7,0.0,1.0,1,1.0,0.0,0.0,0,8,snr-greedy,0.645500,0.655303
E7,0.0,1.0,1,1.0,0.0,0.0,0,8,snr-greedy-loss,0.655250,0.704545
E7,0.0,1.0,1,1.0,0.0,0.0,0,8,snr-mean,0.627500,0.564394
E7,0.0,1.0,1,1.0,0.0,0.0,0,8,belief,0.657000,0.713384
E7,0.0,1.0,1,1.0,0.0,0.0,0,8,belief-pred,0.657750,0.717172
E7,0.0,1.0,1,1.0,0.0,0.0,0,8,ewma,0.628250,0.568182
E7,0.0,1.0,1,1.0,0.0,0.0,0,8,blend-paper,0.629500,0.574495
E7,0.0,1.0,1,1.0,0.0,0.0,0,8,saf-adaptive,0.657750,0.717172
E7,0.0,1.0,1,1.0,0.0,0.0,0,9,random,0.601750,0.471611
E7,0.0,1.0,1,1.0,0.0,0.0,0,9,round-robin,0.607750,0.499421
E7,0.0,1.0,1,1.0,0.0,0.0,0,9,oracle,0.715750,1.000000
E7,0.0,1.0,1,1.0,0.0,0.0,0,9,snr-greedy,0.646500,0.679027
E7,0.0,1.0,1,1.0,0.0,0.0,0,9,snr-greedy-loss,0.657250,0.728853
E7,0.0,1.0,1,1.0,0.0,0.0,0,9,snr-mean,0.620750,0.559676
E7,0.0,1.0,1,1.0,0.0,0.0,0,9,belief,0.657250,0.728853
E7,0.0,1.0,1,1.0,0.0,0.0,0,9,belief-pred,0.659000,0.736964
E7,0.0,1.0,1,1.0,0.0,0.0,0,9,ewma,0.615500,0.535342
E7,0.0,1.0,1,1.0,0.0,0.0,0,9,blend-paper,0.632500,0.614137
E7,0.0,1.0,1,1.0,0.0,0.0,0,9,saf-adaptive,0.659000,0.736964
E7,0.0,1.0,1,1.0,0.0,0.0,0,10,random,0.612000,0.513806
E7,0.0,1.0,1,1.0,0.0,0.0,0,10,round-robin,0.606750,0.488595
E7,0.0,1.0,1,1.0,0.0,0.0,0,10,oracle,0.713250,1.000000
E7,0.0,1.0,1,1.0,0.0,0.0,0,10,snr-greedy,0.635500,0.626651
E7,0.0,1.0,1,1.0,0.0,0.0,0,10,snr-greedy-loss,0.643750,0.666267
E7,0.0,1.0,1,1.0,0.0,0.0,0,10,snr-mean,0.614750,0.527011
E7,0.0,1.0,1,1.0,0.0,0.0,0,10,belief,0.651750,0.704682
E7,0.0,1.0,1,1.0,0.0,0.0,0,10,belief-pred,0.647500,0.684274
E7,0.0,1.0,1,1.0,0.0,0.0,0,10,ewma,0.605750,0.483794
E7,0.0,1.0,1,1.0,0.0,0.0,0,10,blend-paper,0.623750,0.570228
E7,0.0,1.0,1,1.0,0.0,0.0,0,10,saf-adaptive,0.647500,0.684274
E7,0.0,1.0,1,1.0,0.0,0.0,0,11,random,0.618500,0.510612
E7,0.0,1.0,1,1.0,0.0,0.0,0,11,round-robin,0.616000,0.498127
E7,0.0,1.0,1,1.0,0.0,0.0,0,11,oracle,0.716500,1.000000
E7,0.0,1.0,1,1.0,0.0,0.0,0,11,snr-greedy,0.654250,0.689139
E7,0.0,1.0,1,1.0,0.0,0.0,0,11,snr-greedy-loss,0.665750,0.746567
E7,0.0,1.0,1,1.0,0.0,0.0,0,11,snr-mean,0.628250,0.559301
E7,0.0,1.0,1,1.0,0.0,0.0,0,11,belief,0.661000,0.722846
E7,0.0,1.0,1,1.0,0.0,0.0,0,11,belief-pred,0.663500,0.735331
E7,0.0,1.0,1,1.0,0.0,0.0,0,11,ewma,0.614000,0.488140
E7,0.0,1.0,1,1.0,0.0,0.0,0,11,blend-paper,0.634500,0.590512
E7,0.0,1.0,1,1.0,0.0,0.0,0,11,saf-adaptive,0.663250,0.734082
E7,0.0,1.0,1,1.0,0.0,0.0,0,12,random,0.626500,0.504660
E7,0.0,1.0,1,1.0,0.0,0.0,0,12,round-robin,0.624000,0.491345
E7,0.0,1.0,1,1.0,0.0,0.0,0,12,oracle,0.719500,1.000000
E7,0.0,1.0,1,1.0,0.0,0.0,0,12,snr-greedy,0.655250,0.657790
E7,0.0,1.0,1,1.0,0.0,0.0,0,12,snr-greedy-loss,0.665500,0.712383
E7,0.0,1.0,1,1.0,0.0,0.0,0,12,snr-mean,0.637750,0.564581
E7,0.0,1.0,1,1.0,0.0,0.0,0,12,belief,0.666500,0.717710
E7,0.0,1.0,1,1.0,0.0,0.0,0,12,belief-pred,0.666750,0.719041
E7,0.0,1.0,1,1.0,0.0,0.0,0,12,ewma,0.626500,0.504660
E7,0.0,1.0,1,1.0,0.0,0.0,0,12,blend-paper,0.650000,0.629827
E7,0.0,1.0,1,1.0,0.0,0.0,0,12,saf-adaptive,0.667000,0.720373
E7,0.0,1.0,1,1.0,0.0,0.0,0,13,random,0.611500,0.492556
E7,0.0,1.0,1,1.0,0.0,0.0,0,13,round-robin,0.612000,0.495037
E7,0.0,1.0,1,1.0,0.0,0.0,0,13,oracle,0.713750,1.000000
E7,0.0,1.0,1,1.0,0.0,0.0,0,13,snr-greedy,0.641500,0.641439
E7,0.0,1.0,1,1.0,0.0,0.0,0,13,snr-greedy-loss,0.654500,0.705955
E7,0.0,1.0,1,1.0,0.0,0.0,0,13,snr-mean,0.614500,0.507444
E7,0.0,1.0,1,1.0,0.0,0.0,0,13,belief,0.658000,0.723325
E7,0.0,1.0,1,1.0,0.0,0.0,0,13,belief-pred,0.655500,0.710918
E7,0.0,1.0,1,1.0,0.0,0.0,0,13,ewma,0.606500,0.467742
E7,0.0,1.0,1,1.0,0.0,0.0,0,13,blend-paper,0.626750,0.568238
E7,0.0,1.0,1,1.0,0.0,0.0,0,13,saf-adaptive,0.655250,0.709677
E7,0.0,1.0,1,1.0,0.0,0.0,0,14,random,0.616750,0.484157
E7,0.0,1.0,1,1.0,0.0,0.0,0,14,round-robin,0.618750,0.494297
E7,0.0,1.0,1,1.0,0.0,0.0,0,14,oracle,0.718500,1.000000
E7,0.0,1.0,1,1.0,0.0,0.0,0,14,snr-greedy,0.653500,0.670469
E7,0.0,1.0,1,1.0,0.0,0.0,0,14,snr-greedy-loss,0.661500,0.711027
E7,0.0,1.0,1,1.0,0.0,0.0,0,14,snr-mean,0.632500,0.564005
E7,0.0,1.0,1,1.0,0.0,0.0,0,14,belief,0.663750,0.722433
E7,0.0,1.0,1,1.0,0.0,0.0,0,14,belief-pred,0.662500,0.716096
E7,0.0,1.0,1,1.0,0.0,0.0,0,14,ewma,0.619500,0.498099
E7,0.0,1.0,1,1.0,0.0,0.0,0,14,blend-paper,0.641500,0.609632
E7,0.0,1.0,1,1.0,0.0,0.0,0,14,saf-adaptive,0.662500,0.716096
E7,0.0,1.0,1,1.0,0.0,0.0,0,15,random,0.615000,0.489415
E7,0.0,1.0,1,1.0,0.0,0.0,0,15,round-robin,0.616250,0.495641
E7,0.0,1.0,1,1.0,0.0,0.0,0,15,oracle,0.717500,1.000000
E7,0.0,1.0,1,1.0,0.0,0.0,0,15,snr-greedy,0.652250,0.674969
E7,0.0,1.0,1,1.0,0.0,0.0,0,15,snr-greedy-loss,0.661250,0.719801
E7,0.0,1.0,1,1.0,0.0,0.0,0,15,snr-mean,0.627250,0.550436
E7,0.0,1.0,1,1.0,0.0,0.0,0,15,belief,0.664250,0.734745
E7,0.0,1.0,1,1.0,0.0,0.0,0,15,belief-pred,0.662000,0.723537
E7,0.0,1.0,1,1.0,0.0,0.0,0,15,ewma,0.611750,0.473225
E7,0.0,1.0,1,1.0,0.0,0.0,0,15,blend-paper,0.619000,0.509340
E7,0.0,1.0,1,1.0,0.0,0.0,0,15,saf-adaptive,0.662500,0.726027
E7,0.0,1.0,1,1.0,0.0,0.0,0,16,random,0.609750,0.504391
E7,0.0,1.0,1,1.0,0.0,0.0,0,16,round-robin,0.607750,0.494354
E7,0.0,1.0,1,1.0,0.0,0.0,0,16,oracle,0.708500,1.000000
E7,0.0,1.0,1,1.0,0.0,0.0,0,16,snr-greedy,0.638000,0.646173
E7,0.0,1.0,1,1.0,0.0,0.0,0,16,snr-greedy-loss,0.652250,0.717691
E7,0.0,1.0,1,1.0,0.0,0.0,0,16,snr-mean,0.611000,0.510665
E7,0.0,1.0,1,1.0,0.0,0.0,0,16,belief,0.657250,0.742785
E7,0.0,1.0,1,1.0,0.0,0.0,0,16,belief-pred,0.654500,0.728984
E7,0.0,1.0,1,1.0,0.0,0.0,0,16,ewma,0.610750,0.509410
E7,0.0,1.0,1,1.0,0.0,0.0,0,16,blend-paper,0.625250,0.582183
E7,0.0,1.0,1,1.0,0.0,0.0,0,16,saf-adaptive,0.653750,0.725220
E7,0.0,1.0,1,1.0,0.0,0.0,0,17,random,0.612750,0.501926
E7,0.0,1.0,1,1.0,0.0,0.0,0,17,round-robin,0.614000,0.508344
E7,0.0,1.0,1,1.0,0.0,0.0,0,17,oracle,0.709750,1.000000
E7,0.0,1.0,1,1.0,0.0,0.0,0,17,snr-greedy,0.641250,0.648267
E7,0.0,1.0,1,1.0,0.0,0.0,0,17,snr-greedy-loss,0.647250,0.679076
E7,0.0,1.0,1,1.0,0.0,0.0,0,17,snr-mean,0.617250,0.525032
E7,0.0,1.0,1,1.0,0.0,0.0,0,17,belief,0.652000,0.703466
E7,0.0,1.0,1,1.0,0.0,0.0,0,17,belief-pred,0.650000,0.693196
E7,0.0,1.0,1,1.0,0.0,0.0,0,17,ewma,0.612750,0.501926
E7,0.0,1.0,1,1.0,0.0,0.0,0,17,blend-paper,0.626750,0.573813
E7,0.0,1.0,1,1.0,0.0,0.0,0,17,saf-adaptive,0.650000,0.693196
E7,0.0,1.0,1,1.0,0.0,0.0,0,18,random,0.604750,0.462324
E7,0.0,1.0,1,1.0,0.0,0.0,0,18,round-robin,0.614250,0.510856
E7,0.0,1.0,1,1.0,0.0,0.0,0,18,oracle,0.710000,1.000000
E7,0.0,1.0,1,1.0,0.0,0.0,0,18,snr-greedy,0.638250,0.633461
E7,0.0,1.0,1,1.0,0.0,0.0,0,18,snr-greedy-loss,0.648750,0.687101
E7,0.0,1.0,1,1.0,0.0,0.0,0,18,snr-mean,0.615500,0.517241
E7,0.0,1.0,1,1.0,0.0,0.0,0,18,belief,0.654500,0.716475
E7,0.0,1.0,1,1.0,0.0,0.0,0,18,belief-pred,0.657250,0.730524
E7,0.0,1.0,1,1.0,0.0,0.0,0,18,ewma,0.627000,0.575990
E7,0.0,1.0,1,1.0,0.0,0.0,0,18,blend-paper,0.635250,0.618135
E7,0.0,1.0,1,1.0,0.0,0.0,0,18,saf-adaptive,0.657000,0.729246
E7,0.0,1.0,1,1.0,0.0,0.0,0,19,random,0.608750,0.487715
E7,0.0,1.0,1,1.0,0.0,0.0,0,19,round-robin,0.609000,0.488943
E7,0.0,1.0,1,1.0,0.0,0.0,0,19,oracle,0.713000,1.000000
E7,0.0,1.0,1,1.0,0.0,0.0,0,19,snr-greedy,0.642250,0.652334
E7,0.0,1.0,1,1.0,0.0,0.0,0,19,snr-greedy-loss,0.655250,0.716216
E7,0.0,1.0,1,1.0,0.0,0.0,0,19,snr-mean,0.613250,0.509828
E7,0.0,1.0,1,1.0,0.0,0.0,0,19,belief,0.660000,0.739558
E7,0.0,1.0,1,1.0,0.0,0.0,0,19,belief-pred,0.659500,0.737101
E7,0.0,1.0,1,1.0,0.0,0.0,0,19,ewma,0.616750,0.527027
E7,0.0,1.0,1,1.0,0.0,0.0,0,19,blend-paper,0.634000,0.611794
E7,0.0,1.0,1,1.0,0.0,0.0,0,19,saf-adaptive,0.659750,0.738329
E7,0.0,1.0,1,1.0,0.0,0.0,0,20,random,0.615500,0.502545
E7,0.0,1.0,1,1.0,0.0,0.0,0,20,round-robin,0.616750,0.508906
E7,0.0,1.0,1,1.0,0.0,0.0,0,20,oracle,0.713250,1.000000
E7,0.0,1.0,1,1.0,0.0,0.0,0,20,snr-greedy,0.640750,0.631043
E7,0.0,1.0,1,1.0,0.0,0.0,0,20,snr-greedy-loss,0.650500,0.680662
E7,0.0,1.0,1,1.0,0.0,0.0,0,20,snr-mean,0.609250,0.470738
E7,0.0,1.0,1,1.0,0.0,0.0,0,20,belief,0.654750,0.702290
E7,0.0,1.0,1,1.0,0.0,0.0,0,20,belief-pred,0.651500,0.685751
E7,0.0,1.0,1,1.0,0.0,0.0,0,20,ewma,0.619750,0.524173
E7,0.0,1.0,1,1.0,0.0,0.0,0,20,blend-paper,0.632750,0.590331
E7,0.0,1.0,1,1.0,0.0,0.0,0,20,saf-adaptive,0.651500,0.685751
E7,0.0,1.0,1,1.0,0.0,0.0,0,21,random,0.611250,0.509434
E7,0.0,1.0,1,1.0,0.0,0.0,0,21,round-robin,0.609750,0.501887
E7,0.0,1.0,1,1.0,0.0,0.0,0,21,oracle,0.708750,1.000000
E7,0.0,1.0,1,1.0,0.0,0.0,0,21,snr-greedy,0.643500,0.671698
E7,0.0,1.0,1,1.0,0.0,0.0,0,21,snr-greedy-loss,0.652500,0.716981
E7,0.0,1.0,1,1.0,0.0,0.0,0,21,snr-mean,0.621000,0.558491
E7,0.0,1.0,1,1.0,0.0,0.0,0,21,belief,0.654500,0.727044
E7,0.0,1.0,1,1.0,0.0,0.0,0,21,belief-pred,0.652250,0.715723
E7,0.0,1.0,1,1.0,0.0,0.0,0,21,ewma,0.611250,0.509434
E7,0.0,1.0,1,1.0,0.0,0.0,0,21,blend-paper,0.617000,0.538365
E7,0.0,1.0,1,1.0,0.0,0.0,0,21,saf-adaptive,0.652500,0.716981
E7,0.0,1.0,1,1.0,0.0,0.0,0,22,random,0.608750,0.507353
E7,0.0,1.0,1,1.0,0.0,0.0,0,22,round-robin,0.607250,0.500000
E7,0.0,1.0,1,1.0,0.0,0.0,0,22,oracle,0.709250,1.000000
E7,0.0,1.0,1,1.0,0.0,0.0,0,22,snr-greedy,0.637750,0.649510
E7,0.0,1.0,1,1.0,0.0,0.0,0,22,snr-greedy-loss,0.651500,0.716912
E7,0.0,1.0,1,1.0,0.0,0.0,0,22,snr-mean,0.604000,0.484069
E7,0.0,1.0,1,1.0,0.0,0.0,0,22,belief,0.651500,0.716912
E7,0.0,1.0,1,1.0,0.0,0.0,0,22,belief-pred,0.648500,0.702206
E7,0.0,1.0,1,1.0,0.0,0.0,0,22,ewma,0.608250,0.504902
E7,0.0,1.0,1,1.0,0.0,0.0,0,22,blend-paper,0.623250,0.578431
E7,0.0,1.0,1,1.0,0.0,0.0,0,22,saf-adaptive,0.647500,0.697304
E7,0.0,1.0,1,1.0,0.0,0.0,0,23,random,0.614500,0.504459
E7,0.0,1.0,1,1.0,0.0,0.0,0,23,round-robin,0.614000,0.501911
E7,0.0,1.0,1,1.0,0.0,0.0,0,23,oracle,0.711750,1.000000
E7,0.0,1.0,1,1.0,0.0,0.0,0,23,snr-greedy,0.651250,0.691720
E7,0.0,1.0,1,1.0,0.0,0.0,0,23,snr-greedy-loss,0.657500,0.723567
E7,0.0,1.0,1,1.0,0.0,0.0,0,23,snr-mean,0.625750,0.561783
E7,0.0,1.0,1,1.0,0.0,0.0,0,23,belief,0.658500,0.728662
E7,0.0,1.0,1,1.0,0.0,0.0,0,23,belief-pred,0.659750,0.735032
E7,0.0,1.0,1,1.0,0.0,0.0,0,23,ewma,0.619500,0.529936
E7,0.0,1.0,1,1.0,0.0,0.0,0,23,blend-paper,0.628750,0.577070
E7,0.0,1.0,1,1.0,0.0,0.0,0,23,saf-adaptive,0.659500,0.733758
E7,0.0,1.0,1,1.0,0.0,0.0,0,24,random,0.615250,0.487773
E7,0.0,1.0,1,1.0,0.0,0.0,0,24,round-robin,0.619250,0.508366
E7,0.0,1.0,1,1.0,0.0,0.0,0,24,oracle,0.714750,1.000000
E7,0.0,1.0,1,1.0,0.0,0.0,0,24,snr-greedy,0.646500,0.648649
E7,0.0,1.0,1,1.0,0.0,0.0,0,24,snr-greedy-loss,0.662750,0.732304
E7,0.0,1.0,1,1.0,0.0,0.0,0,24,snr-mean,0.632750,0.577864
E7,0.0,1.0,1,1.0,0.0,0.0,0,24,belief,0.661000,0.723295
E7,0.0,1.0,1,1.0,0.0,0.0,0,24,belief-pred,0.659000,0.712999
E7,0.0,1.0,1,1.0,0.0,0.0,0,24,ewma,0.624000,0.532819
E7,0.0,1.0,1,1.0,0.0,0.0,0,24,blend-paper,0.630750,0.567568
E7,0.0,1.0,1,1.0,0.0,0.0,0,24,saf-adaptive,0.658750,0.711712
E7,0.0,1.0,1,1.0,0.0,0.0,0,25,random,0.615500,0.505115
E7,0.0,1.0,1,1.0,0.0,0.0,0,25,round-robin,0.613250,0.493606
E7,0.0,1.0,1,1.0,0.0,0.0,0,25,oracle,0.712250,1.000000
E7,0.0,1.0,1,1.0,0.0,0.0,0,25,snr-greedy,0.646750,0.664962
E7,0.0,1.0,1,1.0,0.0,0.0,0,25,snr-greedy-loss,0.657250,0.718670
E7,0.0,1.0,1,1.0,0.0,0.0,0,25,snr-mean,0.621750,0.537084
E7,0.0,1.0,1,1.0,0.0,0.0,0,25,belief,0.658250,0.723785
E7,0.0,1.0,1,1.0,0.0,0.0,0,25,belief-pred,0.659250,0.728900
E7,0.0,1.0,1,1.0,0.0,0.0,0,25,ewma,0.609750,0.475703
E7,0.0,1.0,1,1.0,0.0,0.0,0,25,blend-paper,0.632250,0.590793
E7,0.0,1.0,1,1.0,0.0,0.0,0,25,saf-adaptive,0.659250,0.728900
E7,0.0,1.0,1,1.0,0.0,0.0,0,26,random,0.610250,0.497455
E7,0.0,1.0,1,1.0,0.0,0.0,0,26,round-robin,0.612750,0.510178
E7,0.0,1.0,1,1.0,0.0,0.0,0,26,oracle,0.709000,1.000000
E7,0.0,1.0,1,1.0,0.0,0.0,0,26,snr-greedy,0.646250,0.680662
E7,0.0,1.0,1,1.0,0.0,0.0,0,26,snr-greedy-loss,0.651250,0.706107
E7,0.0,1.0,1,1.0,0.0,0.0,0,26,snr-mean,0.614500,0.519084
E7,0.0,1.0,1,1.0,0.0,0.0,0,26,belief,0.652250,0.711196
E7,0.0,1.0,1,1.0,0.0,0.0,0,26,belief-pred,0.651750,0.708651
E7,0.0,1.0,1,1.0,0.0,0.0,0,26,ewma,0.612000,0.506361
E7,0.0,1.0,1,1.0,0.0,0.0,0,26,blend-paper,0.626000,0.577608
E7,0.0,1.0,1,1.0,0.0,0.0,0,26,saf-adaptive,0.651250,0.706107
E7,0.0,1.0,1,1.0,0.0,0.0,0,27,random,0.613000,0.499371
E7,0.0,1.0,1,1.0,0.0,0.0,0,27,round-robin,0.615500,0.511950
E7,0.0,1.0,1,1.0,0.0,0.0,0,27,oracle,0.712500,1.000000
E7,0.0,1.0,1,1.0,0.0,0.0,0,27,snr-greedy,0.648000,0.675472
E7,0.0,1.0,1,1.0,0.0,0.0,0,27,snr-greedy-loss,0.661750,0.744654
E7,0.0,1.0,1,1.0,0.0,0.0,0,27,snr-mean,0.619500,0.532075
E7,0.0,1.0,1,1.0,0.0,0.0,0,27,belief,0.659000,0.730818
E7,0.0,1.0,1,1.0,0.0,0.0,0,27,belief-pred,0.657250,0.722013
E7,0.0,1.0,1,1.0,0.0,0.0,0,27,ewma,0.623750,0.553459
E7,0.0,1.0,1,1.0,0.0,0.0,0,27,blend-paper,0.628000,0.574843
E7,0.0,1.0,1,1.0,0.0,0.0,0,27,saf-adaptive,0.657500,0.723270
E7,0.0,1.0,1,1.0,0.0,0.0,0,28,random,0.606750,0.483617
E7,0.0,1.0,1,1.0,0.0,0.0,0,28,round-robin,0.607250,0.486239
E7,0.0,1.0,1,1.0,0.0,0.0,0,28,oracle,0.705250,1.000000
E7,0.0,1.0,1,1.0,0.0,0.0,0,28,snr-greedy,0.632750,0.619921
E7,0.0,1.0,1,1.0,0.0,0.0,0,28,snr-greedy-loss,0.643750,0.677588
E7,0.0,1.0,1,1.0,0.0,0.0,0,28,snr-mean,0.618250,0.543906
E7,0.0,1.0,1,1.0,0.0,0.0,0,28,belief,0.648750,0.703801
E7,0.0,1.0,1,1.0,0.0,0.0,0,28,belief-pred,0.648500,0.702490
E7,0.0,1.0,1,1.0,0.0,0.0,0,28,ewma,0.612500,0.513761
E7,0.0,1.0,1,1.0,0.0,0.0,0,28,blend-paper,0.623500,0.571429
E7,0.0,1.0,1,1.0,0.0,0.0,0,28,saf-adaptive,0.648750,0.703801
E7,0.0,1.0,1,1.0,0.0,0.0,0,29,random,0.615500,0.478488
E7,0.0,1.0,1,1.0,0.0,0.0,0,29,round-robin,0.617500,0.488918
E7,0.0,1.0,1,1.0,0.0,0.0,0,29,oracle,0.715500,1.000000
E7,0.0,1.0,1,1.0,0.0,0.0,0,29,snr-greedy,0.654500,0.681877
E7,0.0,1.0,1,1.0,0.0,0.0,0,29,snr-greedy-loss,0.662750,0.724902
E7,0.0,1.0,1,1.0,0.0,0.0,0,29,snr-mean,0.634250,0.576271
E7,0.0,1.0,1,1.0,0.0,0.0,0,29,belief,0.660250,0.711864
E7,0.0,1.0,1,1.0,0.0,0.0,0,29,belief-pred,0.662250,0.722295
E7,0.0,1.0,1,1.0,0.0,0.0,0,29,ewma,0.633250,0.571056
E7,0.0,1.0,1,1.0,0.0,0.0,0,29,blend-paper,0.637250,0.591917
E7,0.0,1.0,1,1.0,0.0,0.0,0,29,saf-adaptive,0.662000,0.720991
E7,0.0,1.0,1,1.0,0.0,0.0,0,30,random,0.608000,0.496741
E7,0.0,1.0,1,1.0,0.0,0.0,0,30,round-robin,0.609750,0.505867
E7,0.0,1.0,1,1.0,0.0,0.0,0,30,oracle,0.704500,1.000000
E7,0.0,1.0,1,1.0,0.0,0.0,0,30,snr-greedy,0.637000,0.647979
E7,0.0,1.0,1,1.0,0.0,0.0,0,30,snr-greedy-loss,0.645000,0.689700
E7,0.0,1.0,1,1.0,0.0,0.0,0,30,snr-mean,0.614250,0.529335
E7,0.0,1.0,1,1.0,0.0,0.0,0,30,belief,0.645750,0.693611
E7,0.0,1.0,1,1.0,0.0,0.0,0,30,belief-pred,0.643250,0.680574
E7,0.0,1.0,1,1.0,0.0,0.0,0,30,ewma,0.600250,0.456323
E7,0.0,1.0,1,1.0,0.0,0.0,0,30,blend-paper,0.614000,0.528031
E7,0.0,1.0,1,1.0,0.0,0.0,0,30,saf-adaptive,0.643500,0.681877
E7,0.0,1.0,1,1.0,0.0,0.0,0,31,random,0.607750,0.481061
E7,0.0,1.0,1,1.0,0.0,0.0,0,31,round-robin,0.613500,0.510101
E7,0.0,1.0,1,1.0,0.0,0.0,0,31,oracle,0.710500,1.000000
E7,0.0,1.0,1,1.0,0.0,0.0,0,31,snr-greedy,0.640750,0.647727
E7,0.0,1.0,1,1.0,0.0,0.0,0,31,snr-greedy-loss,0.653500,0.712121
E7,0.0,1.0,1,1.0,0.0,0.0,0,31,snr-mean,0.612500,0.505051
E7,0.0,1.0,1,1.0,0.0,0.0,0,31,belief,0.655750,0.723485
E7,0.0,1.0,1,1.0,0.0,0.0,0,31,belief-pred,0.654250,0.715909
E7,0.0,1.0,1,1.0,0.0,0.0,0,31,ewma,0.609750,0.491162
E7,0.0,1.0,1,1.0,0.0,0.0,0,31,blend-paper,0.625500,0.570707
E7,0.0,1.0,1,1.0,0.0,0.0,0,31,saf-adaptive,0.653750,0.713384
E7,0.0,1.0,1,1.0,0.0,0.0,0,32,random,0.623000,0.507134
E7,0.0,1.0,1,1.0,0.0,0.0,0,32,round-robin,0.619000,0.486381
E7,0.0,1.0,1,1.0,0.0,0.0,0,32,oracle,0.718000,1.000000
E7,0.0,1.0,1,1.0,0.0,0.0,0,32,snr-greedy,0.649500,0.644617
E7,0.0,1.0,1,1.0,0.0,0.0,0,32,snr-greedy-loss,0.662750,0.713359
E7,0.0,1.0,1,1.0,0.0,0.0,0,32,snr-mean,0.627750,0.531777
E7,0.0,1.0,1,1.0,0.0,0.0,0,32,belief,0.661250,0.705577
E7,0.0,1.0,1,1.0,0.0,0.0,0,32,belief-pred,0.662750,0.713359
E7,0.0,1.0,1,1.0,0.0,0.0,0,32,ewma,0.621250,0.498054
E7,0.0,1.0,1,1.0,0.0,0.0,0,32,blend-paper,0.632750,0.557717
E7,0.0,1.0,1,1.0,0.0,0.0,0,32,saf-adaptive,0.662750,0.713359
E7,0.0,1.0,1,1.0,0.0,0.0,0,33,random,0.613000,0.525485
E7,0.0,1.0,1,1.0,0.0,0.0,0,33,round-robin,0.610750,0.514563
E7,0.0,1.0,1,1.0,0.0,0.0,0,33,oracle,0.710750,1.000000
E7,0.0,1.0,1,1.0,0.0,0.0,0,33,snr-greedy,0.637250,0.643204
E7,0.0,1.0,1,1.0,0.0,0.0,0,33,snr-greedy-loss,0.646750,0.689320
E7,0.0,1.0,1,1.0,0.0,0.0,0,33,snr-mean,0.605500,0.489078
E7,0.0,1.0,1,1.0,0.0,0.0,0,33,belief,0.651500,0.712379
E7,0.0,1.0,1,1.0,0.0,0.0,0,33,belief-pred,0.647250,0.691748
E7,0.0,1.0,1,1.0,0.0,0.0,0,33,ewma,0.618750,0.553398
E7,0.0,1.0,1,1.0,0.0,0.0,0,33,blend-paper,0.629000,0.603155
E7,0.0,1.0,1,1.0,0.0,0.0,0,33,saf-adaptive,0.647250,0.691748
E7,0.0,1.0,1,1.0,0.0,0.0,0,34,random,0.610500,0.498123
E7,0.0,1.0,1,1.0,0.0,0.0,0,34,round-robin,0.613750,0.514393
E7,0.0,1.0,1,1.0,0.0,0.0,0,34,oracle,0.710750,1.000000
E7,0.0,1.0,1,1.0,0.0,0.0,0,34,snr-greedy,0.637500,0.633292
E7,0.0,1.0,1,1.0,0.0,0.0,0,34,snr-greedy-loss,0.652750,0.709637
E7,0.0,1.0,1,1.0,0.0,0.0,0,34,snr-mean,0.625250,0.571965
E7,0.0,1.0,1,1.0,0.0,0.0,0,34,belief,0.651500,0.703379
E7,0.0,1.0,1,1.0,0.0,0.0,0,34,belief-pred,0.656000,0.725907
E7,0.0,1.0,1,1.0,0.0,0.0,0,34,ewma,0.615000,0.520651
E7,0.0,1.0,1,1.0,0.0,0.0,0,34,blend-paper,0.627500,0.583229
E7,0.0,1.0,1,1.0,0.0,0.0,0,34,saf-adaptive,0.656000,0.725907
E7,0.0,1.0,1,1.0,0.0,0.0,0,35,random,0.615750,0.480469
E7,0.0,1.0,1,1.0,0.0,0.0,0,35,round-robin,0.622000,0.513021
E7,0.0,1.0,1,1.0,0.0,0.0,0,35,oracle,0.715500,1.000000
E7,0.0,1.0,1,1.0,0.0,0.0,0,35,snr-greedy,0.652750,0.673177
E7,0.0,1.0,1,1.0,0.0,0.0,0,35,snr-greedy-loss,0.665500,0.739583
E7,0.0,1.0,1,1.0,0.0,0.0,0,35,snr-mean,0.627750,0.542969
E7,0.0,1.0,1,1.0,0.0,0.0,0,35,belief,0.663750,0.730469
E7,0.0,1.0,1,1.0,0.0,0.0,0,35,belief-pred,0.662500,0.723958
E7,0.0,1.0,1,1.0,0.0,0.0,0,35,ewma,0.624750,0.527344
E7,0.0,1.0,1,1.0,0.0,0.0,0,35,blend-paper,0.631750,0.563802
E7,0.0,1.0,1,1.0,0.0,0.0,0,35,saf-adaptive,0.661000,0.716146
E7,0.0,1.0,1,1.0,0.0,0.0,0,36,random,0.613250,0.495507
E7,0.0,1.0,1,1.0,0.0,0.0,0,36,round-robin,0.611000,0.483954
E7,0.0,1.0,1,1.0,0.0,0.0,0,36,oracle,0.711500,1.000000
E7,0.0,1.0,1,1.0,0.0,0.0,0,36,snr-greedy,0.643000,0.648267
E7,0.0,1.0,1,1.0,0.0,0.0,0,36,snr-greedy-loss,0.655750,0.713736
E7,0.0,1.0,1,1.0,0.0,0.0,0,36,snr-mean,0.618250,0.521181
E7,0.0,1.0,1,1.0,0.0,0.0,0,36,belief,0.656500,0.717587
E7,0.0,1.0,1,1.0,0.0,0.0,0,36,belief-pred,0.654500,0.707317
E7,0.0,1.0,1,1.0,0.0,0.0,0,36,ewma,0.619750,0.528883
E7,0.0,1.0,1,1.0,0.0,0.0,0,36,blend-paper,0.634000,0.602054
E7,0.0,1.0,1,1.0,0.0,0.0,0,36,saf-adaptive,0.654500,0.707317
E7,0.0,1.0,1,1.0,0.0,0.0,0,37,random,0.620750,0.538363
E7,0.0,1.0,1,1.0,0.0,0.0,0,37,round-robin,0.613750,0.502558
E7,0.0,1.0,1,1.0,0.0,0.0,0,37,oracle,0.711000,1.000000
E7,0.0,1.0,1,1.0,0.0,0.0,0,37,snr-greedy,0.640500,0.639386
E7,0.0,1.0,1,1.0,0.0,0.0,0,37,snr-greedy-loss,0.654500,0.710997
E7,0.0,1.0,1,1.0,0.0,0.0,0,37,snr-mean,0.625250,0.561381
E7,0.0,1.0,1,1.0,0.0,0.0,0,37,belief,0.655500,0.716113
E7,0.0,1.0,1,1.0,0.0,0.0,0,37,belief-pred,0.660000,0.739130
E7,0.0,1.0,1,1.0,0.0,0.0,0,37,ewma,0.623500,0.552430
E7,0.0,1.0,1,1.0,0.0,0.0,0,37,blend-paper,0.643000,0.652174
E7,0.0,1.0,1,1.0,0.0,0.0,0,37,saf-adaptive,0.660000,0.739130
E7,0.0,1.0,1,1.0,0.0,0.0,0,38,random,0.620000,0.480149
E7,0.0,1.0,1,1.0,0.0,0.0,0,38,round-robin,0.622250,0.491315
E7,0.0,1.0,1,1.0,0.0,0.0,0,38,oracle,0.724750,1.000000
E7,0.0,1.0,1,1.0,0.0,0.0,0,38,snr-greedy,0.654000,0.648883
E7,0.0,1.0,1,1.0,0.0,0.0,0,38,snr-greedy-loss,0.666000,0.708437
E7,0.0,1.0,1,1.0,0.0,0.0,0,38,snr-mean,0.626250,0.511166
E7,0.0,1.0,1,1.0,0.0,0.0,0,38,belief,0.665500,0.705955
E7,0.0,1.0,1,1.0,0.0,0.0,0,38,belief-pred,0.664250,0.699752
E7,0.0,1.0,1,1.0,0.0,0.0,0,38,ewma,0.622000,0.490074
E7,0.0,1.0,1,1.0,0.0,0.0,0,38,blend-paper,0.642000,0.589330
E7,0.0,1.0,1,1.0,0.0,0.0,0,38,saf-adaptive,0.664500,0.700993
E7,0.0,1.0,1,1.0,0.0,0.0,0,39,random,0.620000,0.508844
E7,0.0,1.0,1,1.0,0.0,0.0,0,39,round-robin,0.615750,0.485714
E7,0.0,1.0,1,1.0,0.0,0.0,0,39,oracle,0.710250,1.000000
E7,0.0,1.0,1,1.0,0.0,0.0,0,39,snr-greedy,0.645500,0.647619
E7,0.0,1.0,1,1.0,0.0,0.0,0,39,snr-greedy-loss,0.657500,0.712925
E7,0.0,1.0,1,1.0,0.0,0.0,0,39,snr-mean,0.627500,0.549660
E7,0.0,1.0,1,1.0,0.0,0.0,0,39,belief,0.661500,0.734694
E7,0.0,1.0,1,1.0,0.0,0.0,0,39,belief-pred,0.662000,0.737415
E7,0.0,1.0,1,1.0,0.0,0.0,0,39,ewma,0.624500,0.533333
E7,0.0,1.0,1,1.0,0.0,0.0,0,39,blend-paper,0.643000,0.634014
E7,0.0,1.0,1,1.0,0.0,0.0,0,39,saf-adaptive,0.662000,0.737415
E7,0.0,1.0,1,1.0,0.0,0.0,0,40,random,0.606500,0.500000
E7,0.0,1.0,1,1.0,0.0,0.0,0,40,round-robin,0.606500,0.500000
E7,0.0,1.0,1,1.0,0.0,0.0,0,40,oracle,0.711750,1.000000
E7,0.0,1.0,1,1.0,0.0,0.0,0,40,snr-greedy,0.635250,0.636580
E7,0.0,1.0,1,1.0,0.0,0.0,0,40,snr-greedy-loss,0.652750,0.719715
E7,0.0,1.0,1,1.0,0.0,0.0,0,40,snr-mean,0.616750,0.548694
E7,0.0,1.0,1,1.0,0.0,0.0,0,40,belief,0.657500,0.742280
E7,0.0,1.0,1,1.0,0.0,0.0,0,40,belief-pred,0.656000,0.735154
E7,0.0,1.0,1,1.0,0.0,0.0,0,40,ewma,0.612000,0.526128
E7,0.0,1.0,1,1.0,0.0,0.0,0,40,blend-paper,0.623500,0.580760
E7,0.0,1.0,1,1.0,0.0,0.0,0,40,saf-adaptive,0.656000,0.735154
E7,0.0,1.0,1,1.0,0.0,0.0,0,41,random,0.599500,0.479319
E7,0.0,1.0,1,1.0,0.0,0.0,0,41,round-robin,0.603000,0.496350
E7,0.0,1.0,1,1.0,0.0,0.0,0,41,oracle,0.706500,1.000000
E7,0.0,1.0,1,1.0,0.0,0.0,0,41,snr-greedy,0.638000,0.666667
E7,0.0,1.0,1,1.0,0.0,0.0,0,41,snr-greedy-loss,0.653500,0.742092
E7,0.0,1.0,1,1.0,0.0,0.0,0,41,snr-mean,0.620500,0.581509
E7,0.0,1.0,1,1.0,0.0,0.0,0,41,belief,0.655750,0.753041
E7,0.0,1.0,1,1.0,0.0,0.0,0,41,belief-pred,0.656250,0.755474
E7,0.0,1.0,1,1.0,0.0,0.0,0,41,ewma,0.604000,0.501217
E7,0.0,1.0,1,1.0,0.0,0.0,0,41,blend-paper,0.627000,0.613139
E7,0.0,1.0,1,1.0,0.0,0.0,0,41,saf-adaptive,0.656000,0.754258
E7,0.0,1.0,1,1.0,0.0,0.0,0,42,random,0.606500,0.515513
E7,0.0,1.0,1,1.0,0.0,0.0,0,42,round-robin,0.601750,0.492840
E7,0.0,1.0,1,1.0,0.0,0.0,0,42,oracle,0.708000,1.000000
E7,0.0,1.0,1,1.0,0.0,0.0,0,42,snr-greedy,0.641250,0.681384
E7,0.0,1.0,1,1.0,0.0,0.0,0,42,snr-greedy-loss,0.646000,0.704057
E7,0.0,1.0,1,1.0,0.0,0.0,0,42,snr-mean,0.613750,0.550119
E7,0.0,1.0,1,1.0,0.0,0.0,0,42,belief,0.646750,0.707637
E7,0.0,1.0,1,1.0,0.0,0.0,0,42,belief-pred,0.646750,0.707637
E7,0.0,1.0,1,1.0,0.0,0.0,0,42,ewma,0.603000,0.498807
E7,0.0,1.0,1,1.0,0.0,0.0,0,42,blend-paper,0.624250,0.600239
E7,0.0,1.0,1,1.0,0.0,0.0,0,42,saf-adaptive,0.646750,0.707637
E7,0.0,1.0,1,1.0,0.0,0.0,0,43,random,0.606000,0.492519
E7,0.0,1.0,1,1.0,0.0,0.0,0,43,round-robin,0.607250,0.498753
E7,0.0,1.0,1,1.0,0.0,0.0,0,43,oracle,0.707750,1.000000
E7,0.0,1.0,1,1.0,0.0,0.0,0,43,snr-greedy,0.640500,0.664589
E7,0.0,1.0,1,1.0,0.0,0.0,0,43,snr-greedy-loss,0.649500,0.709476
E7,0.0,1.0,1,1.0,0.0,0.0,0,43,snr-mean,0.609000,0.507481
E7,0.0,1.0,1,1.0,0.0,0.0,0,43,belief,0.655500,0.739401
E7,0.0,1.0,1,1.0,0.0,0.0,0,43,belief-pred,0.652250,0.723192
E7,0.0,1.0,1,1.0,0.0,0.0,0,43,ewma,0.615000,0.537406
E7,0.0,1.0,1,1.0,0.0,0.0,0,43,blend-paper,0.627000,0.597257
E7,0.0,1.0,1,1.0,0.0,0.0,0,43,saf-adaptive,0.652250,0.723192
E7,0.0,1.0,1,1.0,0.0,0.0,0,44,random,0.610000,0.487212
E7,0.0,1.0,1,1.0,0.0,0.0,0,44,round-robin,0.613500,0.505115
E7,0.0,1.0,1,1.0,0.0,0.0,0,44,oracle,0.710250,1.000000
E7,0.0,1.0,1,1.0,0.0,0.0,0,44,snr-greedy,0.638000,0.630435
E7,0.0,1.0,1,1.0,0.0,0.0,0,44,snr-greedy-loss,0.647000,0.676471
E7,0.0,1.0,1,1.0,0.0,0.0,0,44,snr-mean,0.614750,0.511509
E7,0.0,1.0,1,1.0,0.0,0.0,0,44,belief,0.653250,0.708440
E7,0.0,1.0,1,1.0,0.0,0.0,0,44,belief-pred,0.649000,0.686701
E7,0.0,1.0,1,1.0,0.0,0.0,0,44,ewma,0.618750,0.531969
E7,0.0,1.0,1,1.0,0.0,0.0,0,44,blend-paper,0.631000,0.594629
E7,0.0,1.0,1,1.0,0.0,0.0,0,44,saf-adaptive,0.648750,0.685422
E7,0.0,1.0,1,1.0,0.0,0.0,0,45,random,0.603250,0.496305
E7,0.0,1.0,1,1.0,0.0,0.0,0,45,round-robin,0.604750,0.503695
E7,0.0,1.0,1,1.0,0.0,0.0,0,45,oracle,0.705500,1.000000
E7,0.0,1.0,1,1.0,0.0,0.0,0,45,snr-greedy,0.632750,0.641626
E7,0.0,1.0,1,1.0,0.0,0.0,0,45,snr-greedy-loss,0.643250,0.693350
E7,0.0,1.0,1,1.0,0.0,0.0,0,45,snr-mean,0.615500,0.556650
E7,0.0,1.0,1,1.0,0.0,0.0,0,45,belief,0.644750,0.700739
E7,0.0,1.0,1,1.0,0.0,0.0,0,45,belief-pred,0.643250,0.693350
E7,0.0,1.0,1,1.0,0.0,0.0,0,45,ewma,0.607000,0.514778
E7,0.0,1.0,1,1.0,0.0,0.0,0,45,blend-paper,0.618000,0.568966
E7,0.0,1.0,1,1.0,0.0,0.0,0,45,saf-adaptive,0.643000,0.692118
E7,0.0,1.0,1,1.0,0.0,0.0,0,46,random,0.612000,0.494354
E7,0.0,1.0,1,1.0,0.0,0.0,0,46,round-robin,0.608250,0.475533
E7,0.0,1.0,1,1.0,0.0,0.0,0,46,oracle,0.712750,1.000000
E7,0.0,1.0,1,1.0,0.0,0.0,0,46,snr-greedy,0.644000,0.654956
E7,0.0,1.0,1,1.0,0.0,0.0,0,46,snr-greedy-loss,0.654000,0.705144
E7,0.0,1.0,1,1.0,0.0,0.0,0,46,snr-mean,0.625250,0.560853
E7,0.0,1.0,1,1.0,0.0,0.0,0,46,belief,0.656000,0.715182
E7,0.0,1.0,1,1.0,0.0,0.0,0,46,belief-pred,0.653000,0.700125
E7,0.0,1.0,1,1.0,0.0,0.0,0,46,ewma,0.618000,0.524467
E7,0.0,1.0,1,1.0,0.0,0.0,0,46,blend-paper,0.628500,0.577164
E7,0.0,1.0,1,1.0,0.0,0.0,0,46,saf-adaptive,0.652750,0.698871
E7,0.0,1.0,1,1.0,0.0,0.0,0,47,random,0.609250,0.471814
E7,0.0,1.0,1,1.0,0.0,0.0,0,47,round-robin,0.616500,0.507353
E7,0.0,1.0,1,1.0,0.0,0.0,0,47,oracle,0.717000,1.000000
E7,0.0,1.0,1,1.0,0.0,0.0,0,47,snr-greedy,0.650250,0.672794
E7,0.0,1.0,1,1.0,0.0,0.0,0,47,snr-greedy-loss,0.657500,0.708333
E7,0.0,1.0,1,1.0,0.0,0.0,0,47,snr-mean,0.628250,0.564951
E7,0.0,1.0,1,1.0,0.0,0.0,0,47,belief,0.660500,0.723039
E7,0.0,1.0,1,1.0,0.0,0.0,0,47,belief-pred,0.661750,0.729167
E7,0.0,1.0,1,1.0,0.0,0.0,0,47,ewma,0.633000,0.588235
E7,0.0,1.0,1,1.0,0.0,0.0,0,47,blend-paper,0.638000,0.612745
E7,0.0,1.0,1,1.0,0.0,0.0,0,47,saf-adaptive,0.661750,0.729167
E7,0.0,1.0,1,1.0,0.0,0.0,0,48,random,0.616000,0.526316
E7,0.0,1.0,1,1.0,0.0,0.0,0,48,round-robin,0.610500,0.500000
E7,0.0,1.0,1,1.0,0.0,0.0,0,48,oracle,0.715000,1.000000
E7,0.0,1.0,1,1.0,0.0,0.0,0,48,snr-greedy,0.643000,0.655502
E7,0.0,1.0,1,1.0,0.0,0.0,0,48,snr-greedy-loss,0.653750,0.706938
E7,0.0,1.0,1,1.0,0.0,0.0,0,48,snr-mean,0.611000,0.502392
E7,0.0,1.0,1,1.0,0.0,0.0,0,48,belief,0.660250,0.738038
E7,0.0,1.0,1,1.0,0.0,0.0,0,48,belief-pred,0.656000,0.717703
E7,0.0,1.0,1,1.0,0.0,0.0,0,48,ewma,0.609000,0.492823
E7,0.0,1.0,1,1.0,0.0,0.0,0,48,blend-paper,0.625500,0.571770
E7,0.0,1.0,1,1.0,0.0,0.0,0,48,saf-adaptive,0.656000,0.717703
E7,0.0,1.0,1,1.0,0.0,0.0,0,49,random,0.618750,0.532143
E7,0.0,1.0,1,1.0,0.0,0.0,0,49,round-robin,0.613250,0.505952
E7,0.0,1.0,1,1.0,0.0,0.0,0,49,oracle,0.717000,1.000000
E7,0.0,1.0,1,1.0,0.0,0.0,0,49,snr-greedy,0.642250,0.644048
E7,0.0,1.0,1,1.0,0.0,0.0,0,49,snr-greedy-loss,0.656000,0.709524
E7,0.0,1.0,1,1.0,0.0,0.0,0,49,snr-mean,0.618250,0.529762
E7,0.0,1.0,1,1.0,0.0,0.0,0,49,belief,0.656250,0.710714
E7,0.0,1.0,1,1.0,0.0,0.0,0,49,belief-pred,0.657750,0.717857
E7,0.0,1.0,1,1.0,0.0,0.0,0,49,ewma,0.619500,0.535714
E7,0.0,1.0,1,1.0,0.0,0.0,0,49,blend-paper,0.627000,0.571429
E7,0.0,1.0,1,1.0,0.0,0.0,0,49,saf-adaptive,0.658250,0.720238
E7,0.0,1.0,2,1.0,0.0,0.0,0,0,random,0.613250,0.485498
E7,0.0,1.0,2,1.0,0.0,0.0,0,0,round-robin,0.614750,0.493064
E7,0.0,1.0,2,1.0,0.0,0.0,0,0,oracle,0.715250,1.000000
E7,0.0,1.0,2,1.0,0.0,0.0,0,0,snr-greedy,0.631500,0.577554
E7,0.0,1.0,2,1.0,0.0,0.0,0,0,snr-greedy-loss,0.637250,0.606557
E7,0.0,1.0,2,1.0,0.0,0.0,0,0,snr-mean,0.621000,0.524590
E7,0.0,1.0,2,1.0,0.0,0.0,0,0,belief,0.630250,0.571248
E7,0.0,1.0,2,1.0,0.0,0.0,0,0,belief-pred,0.633000,0.585120
E7,0.0,1.0,2,1.0,0.0,0.0,0,0,ewma,0.619750,0.518285
E7,0.0,1.0,2,1.0,0.0,0.0,0,0,blend-paper,0.625500,0.547289
E7,0.0,1.0,2,1.0,0.0,0.0,0,0,saf-adaptive,0.632500,0.582598
E7,0.0,1.0,2,1.0,0.0,0.0,0,1,random,0.616250,0.511323
E7,0.0,1.0,2,1.0,0.0,0.0,0,1,round-robin,0.612500,0.493445
E7,0.0,1.0,2,1.0,0.0,0.0,0,1,oracle,0.718750,1.000000
E7,0.0,1.0,2,1.0,0.0,0.0,0,1,snr-greedy,0.624500,0.550656
E7,0.0,1.0,2,1.0,0.0,0.0,0,1,snr-greedy-loss,0.629750,0.575685
E7,0.0,1.0,2,1.0,0.0,0.0,0,1,snr-mean,0.621000,0.533969
E7,0.0,1.0,2,1.0,0.0,0.0,0,1,belief,0.634500,0.598331
E7,0.0,1.0,2,1.0,0.0,0.0,0,1,belief-pred,0.634500,0.598331
E7,0.0,1.0,2,1.0,0.0,0.0,0,1,ewma,0.618250,0.520858
E7,0.0,1.0,2,1.0,0.0,0.0,0,1,blend-paper,0.631000,0.581645
E7,0.0,1.0,2,1.0,0.0,0.0,0,1,saf-adaptive,0.634000,0.595948
E7,0.0,1.0,2,1.0,0.0,0.0,0,2,random,0.614750,0.493011
E7,0.0,1.0,2,1.0,0.0,0.0,0,2,round-robin,0.617250,0.505718
E7,0.0,1.0,2,1.0,0.0,0.0,0,2,oracle,0.714500,1.000000
E7,0.0,1.0,2,1.0,0.0,0.0,0,2,snr-greedy,0.630250,0.571792
E7,0.0,1.0,2,1.0,0.0,0.0,0,2,snr-greedy-loss,0.635000,0.595934
E7,0.0,1.0,2,1.0,0.0,0.0,0,2,snr-mean,0.622500,0.532402
E7,0.0,1.0,2,1.0,0.0,0.0,0,2,belief,0.636000,0.601017
E7,0.0,1.0,2,1.0,0.0,0.0,0,2,belief-pred,0.633000,0.585769
E7,0.0,1.0,2,1.0,0.0,0.0,0,2,ewma,0.621250,0.526048
E7,0.0,1.0,2,1.0,0.0,0.0,0,2,blend-paper,0.622750,0.533672
E7,0.0,1.0,2,1.0,0.0,0.0,0,2,saf-adaptive,0.633000,0.585769
E7,0.0,1.0,2,1.0,0.0,0.0,0,3,random,0.603250,0.483436
E7,0.0,1.0,2,1.0,0.0,0.0,0,3,round-robin,0.609000,0.511656
E7,0.0,1.0,2,1.0,0.0,0.0,0,3,oracle,0.708500,1.000000
E7,0.0,1.0,2,1.0,0.0,0.0,0,3,snr-greedy,0.619000,0.560736
E7,0.0,1.0,2,1.0,0.0,0.0,0,3,snr-greedy-loss,0.625750,0.593865
E7,0.0,1.0,2,1.0,0.0,0.0,0,3,snr-mean,0.605250,0.493252
E7,0.0,1.0,2,1.0,0.0,0.0,0,3,belief,0.623250,0.581595
E7,0.0,1.0,2,1.0,0.0,0.0,0,3,belief-pred,0.621750,0.574233
E7,0.0,1.0,2,1.0,0.0,0.0,0,3,ewma,0.603500,0.484663
E7,0.0,1.0,2,1.0,0.0,0.0,0,3,blend-paper,0.614000,0.536196
E7,0.0,1.0,2,1.0,0.0,0.0,0,3,saf-adaptive,0.621750,0.574233
E7,0.0,1.0,2,1.0,0.0,0.0,0,4,random,0.605500,0.518834
E7,0.0,1.0,2,1.0,0.0,0.0,0,4,round-robin,0.601500,0.499392
E7,0.0,1.0,2,1.0,0.0,0.0,0,4,oracle,0.704500,1.000000
E7,0.0,1.0,2,1.0,0.0,0.0,0,4,snr-greedy,0.612750,0.554070
E7,0.0,1.0,2,1.0,0.0,0.0,0,4,snr-greedy-loss,0.614750,0.563791
E7,0.0,1.0,2,1.0,0.0,0.0,0,4,snr-mean,0.599250,0.488457
E7,0.0,1.0,2,1.0,0.0,0.0,0,4,belief,0.618750,0.583232
E7,0.0,1.0,2,1.0,0.0,0.0,0,4,belief-pred,0.616250,0.571081
E7,0.0,1.0,2,1.0,0.0,0.0,0,4,ewma,0.598500,0.484812
E7,0.0,1.0,2,1.0,0.0,0.0,0,4,blend-paper,0.615750,0.568651
E7,0.0,1.0,2,1.0,0.0,0.0,0,4,saf-adaptive,0.616500,0.572296
E7,0.0,1.0,2,1.0,0.0,0.0,0,5,random,0.619000,0.506748
E7,0.0,1.0,2,1.0,0.0,0.0,0,5,round-robin,0.618500,0.504294
E7,0.0,1.0,2,1.0,0.0,0.0,0,5,oracle,0.719500,1.000000
E7,0.0,1.0,2,1.0,0.0,0.0,0,5,snr-greedy,0.627500,0.548466
E7,0.0,1.0,2,1.0,0.0,0.0,0,5,snr-greedy-loss,0.633250,0.576687
E7,0.0,1.0,2,1.0,0.0,0.0,0,5,snr-mean,0.609500,0.460123
E7,0.0,1.0,2,1.0,0.0,0.0,0,5,belief,0.634500,0.582822
E7,0.0,1.0,2,1.0,0.0,0.0,0,5,belief-pred,0.626250,0.542331
E7,0.0,1.0,2,1.0,0.0,0.0,0,5,ewma,0.621750,0.520245
E7,0.0,1.0,2,1.0,0.0,0.0,0,5,blend-paper,0.625500,0.538650
E7,0.0,1.0,2,1.0,0.0,0.0,0,5,saf-adaptive,0.626500,0.543558
E7,0.0,1.0,2,1.0,0.0,0.0,0,6,random,0.615250,0.524941
E7,0.0,1.0,2,1.0,0.0,0.0,0,6,round-robin,0.610750,0.503563
E7,0.0,1.0,2,1.0,0.0,0.0,0,6,oracle,0.715250,1.000000
E7,0.0,1.0,2,1.0,0.0,0.0,0,6,snr-greedy,0.616750,0.532067
E7,0.0,1.0,2,1.0,0.0,0.0,0,6,snr-greedy-loss,0.626500,0.578385
E7,0.0,1.0,2,1.0,0.0,0.0,0,6,snr-mean,0.618500,0.540380
E7,0.0,1.0,2,1.0,0.0,0.0,0,6,belief,0.629000,0.590261
E7,0.0,1.0,2,1.0,0.0,0.0,0,6,belief-pred,0.630500,0.597387
E7,0.0,1.0,2,1.0,0.0,0.0,0,6,ewma,0.603000,0.466746
E7,0.0,1.0,2,1.0,0.0,0.0,0,6,blend-paper,0.623750,0.565321
E7,0.0,1.0,2,1.0,0.0,0.0,0,6,saf-adaptive,0.628000,0.585511
E7,0.0,1.0,2,1.0,0.0,0.0,0,7,random,0.618500,0.514612
E7,0.0,1.0,2,1.0,0.0,0.0,0,7,round-robin,0.617750,0.510801
E7,0.0,1.0,2,1.0,0.0,0.0,0,7,oracle,0.714000,1.000000
E7,0.0,1.0,2,1.0,0.0,0.0,0,7,snr-greedy,0.621000,0.527319
E7,0.0,1.0,2,1.0,0.0,0.0,0,7,snr-greedy-loss,0.629750,0.571792
E7,0.0,1.0,2,1.0,0.0,0.0,0,7,snr-mean,0.616750,0.505718
E7,0.0,1.0,2,1.0,0.0,0.0,0,7,belief,0.632250,0.584498
E7,0.0,1.0,2,1.0,0.0,0.0,0,7,belief-pred,0.629500,0.570521
E7,0.0,1.0,2,1.0,0.0,0.0,0,7,ewma,0.609500,0.468869
E7,0.0,1.0,2,1.0,0.0,0.0,0,7,blend-paper,0.620000,0.522236
E7,0.0,1.0,2,1.0,0.0,0.0,0,7,saf-adaptive,0.629750,0.571792
E7,0.0,1.0,2,1.0,0.0,0.0,0,8,random,0.615000,0.501263
E7,0.0,1.0,2,1.0,0.0,0.0,0,8,round-robin,0.617750,0.515152
E7,0.0,1.0,2,1.0,0.0,0.0,0,8,oracle,0.713750,1.000000
E7,0.0,1.0,2,1.0,0.0,0.0,0,8,snr-greedy,0.625250,0.553030
E7,0.0,1.0,2,1.0,0.0,0.0,0,8,snr-greedy-loss,0.632000,0.587121
E7,0.0,1.0,2,1.0,0.0,0.0,0,8,snr-mean,0.625000,0.551768
E7,0.0,1.0,2,1.0,0.0,0.0,0,8,belief,0.631000,0.582071
E7,0.0,1.0,2,1.0,0.0,0.0,0,8,belief-pred,0.636500,0.609848
E7,0.0,1.0,2,1.0,0.0,0.0,0,8,ewma,0.611000,0.481061
E7,0.0,1.0,2,1.0,0.0,0.0,0,8,blend-paper,0.633000,0.592172
E7,0.0,1.0,2,1.0,0.0,0.0,0,8,saf-adaptive,0.636500,0.609848
E7,0.0,1.0,2,1.0,0.0,0.0,0,9,random,0.601750,0.471611
E7,0.0,1.0,2,1.0,0.0,0.0,0,9,round-robin,0.607750,0.499421
E7,0.0,1.0,2,1.0,0.0,0.0,0,9,oracle,0.715750,1.000000
E7,0.0,1.0,2,1.0,0.0,0.0,0,9,snr-greedy,0.633250,0.617613
E7,0.0,1.0,2,1.0,0.0,0.0,0,9,snr-greedy-loss,0.634250,0.622248
E7,0.0,1.0,2,1.0,0.0,0.0,0,9,snr-mean,0.617500,0.544612
E7,0.0,1.0,2,1.0,0.0,0.0,0,9,belief,0.634750,0.624565
E7,0.0,1.0,2,1.0,0.0,0.0,0,9,belief-pred,0.631500,0.609502
E7,0.0,1.0,2,1.0,0.0,0.0,0,9,ewma,0.619250,0.552723
E7,0.0,1.0,2,1.0,0.0,0.0,0,9,blend-paper,0.620750,0.559676
E7,0.0,1.0,2,1.0,0.0,0.0,0,9,saf-adaptive,0.631500,0.609502
E7,0.0,1.0,2,1.0,0.0,0.0,0,10,random,0.612000,0.513806
E7,0.0,1.0,2,1.0,0.0,0.0,0,10,round-robin,0.606750,0.488595
E7,0.0,1.0,2,1.0,0.0,0.0,0,10,oracle,0.713250,1.000000
E7,0.0,1.0,2,1.0,0.0,0.0,0,10,snr-greedy,0.618000,0.542617
E7,0.0,1.0,2,1.0,0.0,0.0,0,10,snr-greedy-loss,0.621250,0.558223
E7,0.0,1.0,2,1.0,0.0,0.0,0,10,snr-mean,0.609750,0.503001
E7,0.0,1.0,2,1.0,0.0,0.0,0,10,belief,0.627500,0.588235
E7,0.0,1.0,2,1.0,0.0,0.0,0,10,belief-pred,0.618500,0.545018
E7,0.0,1.0,2,1.0,0.0,0.0,0,10,ewma,0.611000,0.509004
E7,0.0,1.0,2,1.0,0.0,0.0,0,10,blend-paper,0.616250,0.534214
E7,0.0,1.0,2,1.0,0.0,0.0,0,10,saf-adaptive,0.618500,0.545018
E7,0.0,1.0,2,1.0,0.0,0.0,0,11,random,0.618500,0.510612
E7,0.0,1.0,2,1.0,0.0,0.0,0,11,round-robin,0.616000,0.498127
E7,0.0,1.0,2,1.0,0.0,0.0,0,11,oracle,0.716500,1.000000
E7,0.0,1.0,2,1.0,0.0,0.0,0,11,snr-greedy,0.634250,0.589263
E7,0.0,1.0,2,1.0,0.0,0.0,0,11,snr-greedy-loss,0.636750,0.601748
E7,0.0,1.0,2,1.0,0.0,0.0,0,11,snr-mean,0.626250,0.549313
E7,0.0,1.0,2,1.0,0.0,0.0,0,11,belief,0.635500,0.595506
E7,0.0,1.0,2,1.0,0.0,0.0,0,11,belief-pred,0.641000,0.622971
E7,0.0,1.0,2,1.0,0.0,0.0,0,11,ewma,0.618000,0.508115
E7,0.0,1.0,2,1.0,0.0,0.0,0,11,blend-paper,0.629500,0.565543
E7,0.0,1.0,2,1.0,0.0,0.0,0,11,saf-adaptive,0.640750,0.621723
E7,0.0,1.0,2,1.0,0.0,0.0,0,12,random,0.626500,0.504660
E7,0.0,1.0,2,1.0,0.0,0.0,0,12,round-robin,0.624000,0.491345
E7,0.0,1.0,2,1.0,0.0,0.0,0,12,oracle,0.719500,1.000000
E7,0.0,1.0,2,1.0,0.0,0.0,0,12,snr-greedy,0.638500,0.568575
E7,0.0,1.0,2,1.0,0.0,0.0,0,12,snr-greedy-loss,0.643250,0.593875
E7,0.0,1.0,2,1.0,0.0,0.0,0,12,snr-mean,0.635000,0.549933
E7,0.0,1.0,2,1.0,0.0,0.0,0,12,belief,0.643750,0.596538
E7,0.0,1.0,2,1.0,0.0,0.0,0,12,belief-pred,0.647000,0.613848
E7,0.0,1.0,2,1.0,0.0,0.0,0,12,ewma,0.628250,0.513981
E7,0.0,1.0,2,1.0,0.0,0.0,0,12,blend-paper,0.636000,0.555260
E7,0.0,1.0,2,1.0,0.0,0.0,0,12,saf-adaptive,0.646750,0.612517
E7,0.0,1.0,2,1.0,0.0,0.0,0,13,random,0.611500,0.492556
E7,0.0,1.0,2,1.0,0.0,0.0,0,13,round-robin,0.612000,0.495037
E7,0.0,1.0,2,1.0,0.0,0.0,0,13,oracle,0.713750,1.000000
E7,0.0,1.0,2,1.0,0.0,0.0,0,13,snr-greedy,0.625250,0.560794
E7,0.0,1.0,2,1.0,0.0,0.0,0,13,snr-greedy-loss,0.633000,0.599256
E7,0.0,1.0,2,1.0,0.0,0.0,0,13,snr-mean,0.612250,0.496278
E7,0.0,1.0,2,1.0,0.0,0.0,0,13,belief,0.630500,0.586849
E7,0.0,1.0,2,1.0,0.0,0.0,0,13,belief-pred,0.629250,0.580645
E7,0.0,1.0,2,1.0,0.0,0.0,0,13,ewma,0.616000,0.514888
E7,0.0,1.0,2,1.0,0.0,0.0,0,13,blend-paper,0.619750,0.533499
E7,0.0,1.0,2,1.0,0.0,0.0,0,13,saf-adaptive,0.629250,0.580645
E7,0.0,1.0,2,1.0,0.0,0.0,0,14,random,0.616750,0.484157
E7,0.0,1.0,2,1.0,0.0,0.0,0,14,round-robin,0.618750,0.494297
E7,0.0,1.0,2,1.0,0.0,0.0,0,14,oracle,0.718500,1.000000
E7,0.0,1.0,2,1.0,0.0,0.0,0,14,snr-greedy,0.638000,0.591888
E7,0.0,1.0,2,1.0,0.0,0.0,0,14,snr-greedy-loss,0.637750,0.590621
E7,0.0,1.0,2,1.0,0.0,0.0,0,14,snr-mean,0.627500,0.538657
E7,0.0,1.0,2,1.0,0.0,0.0,0,14,belief,0.639500,0.599493
E7,0.0,1.0,2,1.0,0.0,0.0,0,14,belief-pred,0.638750,0.595691
E7,0.0,1.0,2,1.0,0.0,0.0,0,14,ewma,0.620250,0.501901
E7,0.0,1.0,2,1.0,0.0,0.0,0,14,blend-paper,0.631750,0.560203
E7,0.0,1.0,2,1.0,0.0,0.0,0,14,saf-adaptive,0.638500,0.594423
E7,0.0,1.0,2,1.0,0.0,0.0,0,15,random,0.615000,0.489415
E7,0.0,1.0,2,1.0,0.0,0.0,0,15,round-robin,0.616250,0.495641
E7,0.0,1.0,2,1.0,0.0,0.0,0,15,oracle,0.717500,1.000000
E7,0.0,1.0,2,1.0,0.0,0.0,0,15,snr-greedy,0.630750,0.567870
E7,0.0,1.0,2,1.0,0.0,0.0,0,15,snr-greedy-loss,0.631750,0.572852
E7,0.0,1.0,2,1.0,0.0,0.0,0,15,snr-mean,0.624000,0.534247
E7,0.0,1.0,2,1.0,0.0,0.0,0,15,belief,0.634500,0.586550
E7,0.0,1.0,2,1.0,0.0,0.0,0,15,belief-pred,0.639000,0.608966
E7,0.0,1.0,2,1.0,0.0,0.0,0,15,ewma,0.611250,0.470735
E7,0.0,1.0,2,1.0,0.0,0.0,0,15,blend-paper,0.616000,0.494396
E7,0.0,1.0,2,1.0,0.0,0.0,0,15,saf-adaptive,0.639750,0.612702
E7,0.0,1.0,2,1.0,0.0,0.0,0,16,random,0.609750,0.504391
E7,0.0,1.0,2,1.0,0.0,0.0,0,16,round-robin,0.607750,0.494354
E7,0.0,1.0,2,1.0,0.0,0.0,0,16,oracle,0.708500,1.000000
E7,0.0,1.0,2,1.0,0.0,0.0,0,16,snr-greedy,0.626500,0.588457
E7,0.0,1.0,2,1.0,0.0,0.0,0,16,snr-greedy-loss,0.634500,0.628607
E7,0.0,1.0,2,1.0,0.0,0.0,0,16,snr-mean,0.608000,0.495609
E7,0.0,1.0,2,1.0,0.0,0.0,0,16,belief,0.636000,0.636136
E7,0.0,1.0,2,1.0,0.0,0.0,0,16,belief-pred,0.630000,0.606023
E7,0.0,1.0,2,1.0,0.0,0.0,0,16,ewma,0.606250,0.486826
E7,0.0,1.0,2,1.0,0.0,0.0,0,16,blend-paper,0.615750,0.534504
E7,0.0,1.0,2,1.0,0.0,0.0,0,16,saf-adaptive,0.629500,0.603513
E7,0.0,1.0,2,1.0,0.0,0.0,0,17,random,0.612750,0.501926
E7,0.0,1.0,2,1.0,0.0,0.0,0,17,round-robin,0.614000,0.508344
E7,0.0,1.0,2,1.0,0.0,0.0,0,17,oracle,0.709750,1.000000
E7,0.0,1.0,2,1.0,0.0,0.0,0,17,snr-greedy,0.624500,0.562259
E7,0.0,1.0,2,1.0,0.0,0.0,0,17,snr-greedy-loss,0.630000,0.590501
E7,0.0,1.0,2,1.0,0.0,0.0,0,17,snr-mean,0.611750,0.496791
E7,0.0,1.0,2,1.0,0.0,0.0,0,17,belief,0.629500,0.587933
E7,0.0,1.0,2,1.0,0.0,0.0,0,17,belief-pred,0.625250,0.566110
E7,0.0,1.0,2,1.0,0.0,0.0,0,17,ewma,0.608750,0.481386
E7,0.0,1.0,2,1.0,0.0,0.0,0,17,blend-paper,0.612500,0.500642
E7,0.0,1.0,2,1.0,0.0,0.0,0,17,saf-adaptive,0.625500,0.567394
E7,0.0,1.0,2,1.0,0.0,0.0,0,18,random,0.604750,0.462324
E7,0.0,1.0,2,1.0,0.0,0.0,0,18,round-robin,0.614250,0.510856
E7,0.0,1.0,2,1.0,0.0,0.0,0,18,oracle,0.710000,1.000000
E7,0.0,1.0,2,1.0,0.0,0.0,0,18,snr-greedy,0.622000,0.550447
E7,0.0,1.0,2,1.0,0.0,0.0,0,18,snr-greedy-loss,0.626250,0.572158
E7,0.0,1.0,2,1.0,0.0,0.0,0,18,snr-mean,0.612500,0.501916
E7,0.0,1.0,2,1.0,0.0,0.0,0,18,belief,0.633250,0.607918
E7,0.0,1.0,2,1.0,0.0,0.0,0,18,belief-pred,0.632500,0.604087
E7,0.0,1.0,2,1.0,0.0,0.0,0,18,ewma,0.627500,0.578544
E7,0.0,1.0,2,1.0,0.0,0.0,0,18,blend-paper,0.623250,0.556833
E7,0.0,1.0,2,1.0,0.0,0.0,0,18,saf-adaptive,0.632500,0.604087
E7,0.0,1.0,2,1.0,0.0,0.0,0,19,random,0.608750,0.487715
E7,0.0,1.0,2,1.0,0.0,0.0,0,19,round-robin,0.609000,0.488943
E7,0.0,1.0,2,1.0,0.0,0.0,0,19,oracle,0.713000,1.000000
E7,0.0,1.0,2,1.0,0.0,0.0,0,19,snr-greedy,0.630750,0.595823
E7,0.0,1.0,2,1.0,0.0,0.0,0,19,snr-greedy-loss,0.639500,0.638821
E7,0.0,1.0,2,1.0,0.0,0.0,0,19,snr-mean,0.611000,0.498771
E7,0.0,1.0,2,1.0,0.0,0.0,0,19,belief,0.642000,0.651106
E7,0.0,1.0,2,1.0,0.0,0.0,0,19,belief-pred,0.639750,0.640049
E7,0.0,1.0,2,1.0,0.0,0.0,0,19,ewma,0.607750,0.482801
E7,0.0,1.0,2,1.0,0.0,0.0,0,19,blend-paper,0.622750,0.556511
E7,0.0,1.0,2,1.0,0.0,0.0,0,19,saf-adaptive,0.640000,0.641278
E7,0.0,1.0,2,1.0,0.0,0.0,0,20,random,0.615500,0.502545
E7,0.0,1.0,2,1.0,0.0,0.0,0,20,round-robin,0.616750,0.508906
E7,0.0,1.0,2,1.0,0.0,0.0,0,20,oracle,0.713250,1.000000
E7,0.0,1.0,2,1.0,0.0,0.0,0,20,snr-greedy,0.627750,0.564885
E7,0.0,1.0,2,1.0,0.0,0.0,0,20,snr-greedy-loss,0.632250,0.587786
E7,0.0,1.0,2,1.0,0.0,0.0,0,20,snr-mean,0.602500,0.436387
E7,0.0,1.0,2,1.0,0.0,0.0,0,20,belief,0.636500,0.609415
E7,0.0,1.0,2,1.0,0.0,0.0,0,20,belief-pred,0.623750,0.544529
E7,0.0,1.0,2,1.0,0.0,0.0,0,20,ewma,0.620000,0.525445
E7,0.0,1.0,2,1.0,0.0,0.0,0,20,blend-paper,0.622000,0.535623
E7,0.0,1.0,2,1.0,0.0,0.0,0,20,saf-adaptive,0.623500,0.543257
E7,0.0,1.0,2,1.0,0.0,0.0,0,21,random,0.611250,0.509434
E7,0.0,1.0,2,1.0,0.0,0.0,0,21,round-robin,0.609750,0.501887
E7,0.0,1.0,2,1.0,0.0,0.0,0,21,oracle,0.708750,1.000000
E7,0.0,1.0,2,1.0,0.0,0.0,0,21,snr-greedy,0.628250,0.594969
E7,0.0,1.0,2,1.0,0.0,0.0,0,21,snr-greedy-loss,0.631250,0.610063
E7,0.0,1.0,2,1.0,0.0,0.0,0,21,snr-mean,0.616500,0.535849
E7,0.0,1.0,2,1.0,0.0,0.0,0,21,belief,0.629000,0.598742
E7,0.0,1.0,2,1.0,0.0,0.0,0,21,belief-pred,0.629250,0.600000
E7,0.0,1.0,2,1.0,0.0,0.0,0,21,ewma,0.604500,0.475472
E7,0.0,1.0,2,1.0,0.0,0.0,0,21,blend-paper,0.613750,0.522013
E7,0.0,1.0,2,1.0,0.0,0.0,0,21,saf-adaptive,0.630000,0.603774
E7,0.0,1.0,2,1.0,0.0,0.0,0,22,random,0.608750,0.507353
E7,0.0,1.0,2,1.0,0.0,0.0,0,22,round-robin,0.607250,0.500000
E7,0.0,1.0,2,1.0,0.0,0.0,0,22,oracle,0.709250,1.000000
E7,0.0,1.0,2,1.0,0.0,0.0,0,22,snr-greedy,0.619250,0.558824
E7,0.0,1.0,2,1.0,0.0,0.0,0,22,snr-greedy-loss,0.626750,0.595588
E7,0.0,1.0,2,1.0,0.0,0.0,0,22,snr-mean,0.600500,0.466912
E7,0.0,1.0,2,1.0,0.0,0.0,0,22,belief,0.624250,0.583333
E7,0.0,1.0,2,1.0,0.0,0.0,0,22,belief-pred,0.622000,0.572304
E7,0.0,1.0,2,1.0,0.0,0.0,0,22,ewma,0.613750,0.531863
E7,0.0,1.0,2,1.0,0.0,0.0,0,22,blend-paper,0.620250,0.563725
E7,0.0,1.0,2,1.0,0.0,0.0,0,22,saf-adaptive,0.622250,0.573529
E7,0.0,1.0,2,1.0,0.0,0.0,0,23,random,0.614500,0.504459
E7,0.0,1.0,2,1.0,0.0,0.0,0,23,round-robin,0.614000,0.501911
E7,0.0,1.0,2,1.0,0.0,0.0,0,23,oracle,0.711750,1.000000
E7,0.0,1.0,2,1.0,0.0,0.0,0,23,snr-greedy,0.633250,0.600000
E7,0.0,1.0,2,1.0,0.0,0.0,0,23,snr-greedy-loss,0.637500,0.621656
E7,0.0,1.0,2,1.0,0.0,0.0,0,23,snr-mean,0.624250,0.554140
E7,0.0,1.0,2,1.0,0.0,0.0,0,23,belief,0.634000,0.603822
E7,0.0,1.0,2,1.0,0.0,0.0,0,23,belief-pred,0.635000,0.608917
E7,0.0,1.0,2,1.0,0.0,0.0,0,23,ewma,0.622000,0.542675
E7,0.0,1.0,2,1.0,0.0,0.0,0,23,blend-paper,0.619500,0.529936
E7,0.0,1.0,2,1.0,0.0,0.0,0,23,saf-adaptive,0.634750,0.607643
E7,0.0,1.0,2,1.0,0.0,0.0,0,24,random,0.615250,0.487773
E7,0.0,1.0,2,1.0,0.0,0.0,0,24,round-robin,0.619250,0.508366
E7,0.0,1.0,2,1.0,0.0,0.0,0,24,oracle,0.714750,1.000000
E7,0.0,1.0,2,1.0,0.0,0.0,0,24,snr-greedy,0.629000,0.558559
E7,0.0,1.0,2,1.0,0.0,0.0,0,24,snr-greedy-loss,0.636000,0.594595
E7,0.0,1.0,2,1.0,0.0,0.0,0,24,snr-mean,0.630500,0.566281
E7,0.0,1.0,2,1.0,0.0,0.0,0,24,belief,0.629750,0.562420
E7,0.0,1.0,2,1.0,0.0,0.0,0,24,belief-pred,0.638000,0.604891
E7,0.0,1.0,2,1.0,0.0,0.0,0,24,ewma,0.614000,0.481338
E7,0.0,1.0,2,1.0,0.0,0.0,0,24,blend-paper,0.620250,0.513514
E7,0.0,1.0,2,1.0,0.0,0.0,0,24,saf-adaptive,0.638000,0.604891
E7,0.0,1.0,2,1.0,0.0,0.0,0,25,random,0.615500,0.505115
E7,0.0,1.0,2,1.0,0.0,0.0,0,25,round-robin,0.613250,0.493606
E7,0.0,1.0,2,1.0,0.0,0.0,0,25,oracle,0.712250,1.000000
E7,0.0,1.0,2,1.0,0.0,0.0,0,25,snr-greedy,0.630250,0.580563
E7,0.0,1.0,2,1.0,0.0,0.0,0,25,snr-greedy-loss,0.636000,0.609974
E7,0.0,1.0,2,1.0,0.0,0.0,0,25,snr-mean,0.617000,0.512788
E7,0.0,1.0,2,1.0,0.0,0.0,0,25,belief,0.635750,0.608696
E7,0.0,1.0,2,1.0,0.0,0.0,0,25,belief-pred,0.637250,0.616368
E7,0.0,1.0,2,1.0,0.0,0.0,0,25,ewma,0.614500,0.500000
E7,0.0,1.0,2,1.0,0.0,0.0,0,25,blend-paper,0.627250,0.565217
E7,0.0,1.0,2,1.0,0.0,0.0,0,25,saf-adaptive,0.636500,0.612532
E7,0.0,1.0,2,1.0,0.0,0.0,0,26,random,0.610250,0.497455
E7,0.0,1.0,2,1.0,0.0,0.0,0,26,round-robin,0.612750,0.510178
E7,0.0,1.0,2,1.0,0.0,0.0,0,26,oracle,0.709000,1.000000
E7,0.0,1.0,2,1.0,0.0,0.0,0,26,snr-greedy,0.627250,0.583969
E7,0.0,1.0,2,1.0,0.0,0.0,0,26,snr-greedy-loss,0.628500,0.590331
E7,0.0,1.0,2,1.0,0.0,0.0,0,26,snr-mean,0.611250,0.502545
E7,0.0,1.0,2,1.0,0.0,0.0,0,26,belief,0.627750,0.586514
E7,0.0,1.0,2,1.0,0.0,0.0,0,26,belief-pred,0.625250,0.573791
E7,0.0,1.0,2,1.0,0.0,0.0,0,26,ewma,0.610250,0.497455
E7,0.0,1.0,2,1.0,0.0,0.0,0,26,blend-paper,0.616500,0.529262
E7,0.0,1.0,2,1.0,0.0,0.0,0,26,saf-adaptive,0.624500,0.569975
E7,0.0,1.0,2,1.0,0.0,0.0,0,27,random,0.613000,0.499371
E7,0.0,1.0,2,1.0,0.0,0.0,0,27,round-robin,0.615500,0.511950
E7,0.0,1.0,2,1.0,0.0,0.0,0,27,oracle,0.712500,1.000000
E7,0.0,1.0,2,1.0,0.0,0.0,0,27,snr-greedy,0.634000,0.605031
E7,0.0,1.0,2,1.0,0.0,0.0,0,27,snr-greedy-loss,0.640750,0.638994
E7,0.0,1.0,2,1.0,0.0,0.0,0,27,snr-mean,0.615500,0.511950
E7,0.0,1.0,2,1.0,0.0,0.0,0,27,belief,0.640500,0.637736
E7,0.0,1.0,2,1.0,0.0,0.0,0,27,belief-pred,0.634750,0.608805
E7,0.0,1.0,2,1.0,0.0,0.0,0,27,ewma,0.624000,0.554717
E7,0.0,1.0,2,1.0,0.0,0.0,0,27,blend-paper,0.622250,0.545912
E7,0.0,1.0,2,1.0,0.0,0.0,0,27,saf-adaptive,0.635250,0.611321
E7,0.0,1.0,2,1.0,0.0,0.0,0,28,random,0.606750,0.483617
E7,0.0,1.0,2,1.0,0.0,0.0,0,28,round-robin,0.607250,0.486239
E7,0.0,1.0,2,1.0,0.0,0.0,0,28,oracle,0.705250,1.000000
E7,0.0,1.0,2,1.0,0.0,0.0,0,28,snr-greedy,0.624750,0.577982
E7,0.0,1.0,2,1.0,0.0,0.0,0,28,snr-greedy-loss,0.626000,0.584535
E7,0.0,1.0,2,1.0,0.0,0.0,0,28,snr-mean,0.617000,0.537353
E7,0.0,1.0,2,1.0,0.0,0.0,0,28,belief,0.630500,0.608126
E7,0.0,1.0,2,1.0,0.0,0.0,0,28,belief-pred,0.626000,0.584535
E7,0.0,1.0,2,1.0,0.0,0.0,0,28,ewma,0.616750,0.536042
E7,0.0,1.0,2,1.0,0.0,0.0,0,28,blend-paper,0.617750,0.541284
E7,0.0,1.0,2,1.0,0.0,0.0,0,28,saf-adaptive,0.625750,0.583224
E7,0.0,1.0,2,1.0,0.0,0.0,0,29,random,0.615500,0.478488
E7,0.0,1.0,2,1.0,0.0,0.0,0,29,round-robin,0.617500,0.488918
E7,0.0,1.0,2,1.0,0.0,0.0,0,29,oracle,0.715500,1.000000
E7,0.0,1.0,2,1.0,0.0,0.0,0,29,snr-greedy,0.636000,0.585398
E7,0.0,1.0,2,1.0,0.0,0.0,0,29,snr-greedy-loss,0.637500,0.593220
E7,0.0,1.0,2,1.0,0.0,0.0,0,29,snr-mean,0.630750,0.558018
E7,0.0,1.0,2,1.0,0.0,0.0,0,29,belief,0.640250,0.607562
E7,0.0,1.0,2,1.0,0.0,0.0,0,29,belief-pred,0.643250,0.623207
E7,0.0,1.0,2,1.0,0.0,0.0,0,29,ewma,0.631500,0.561930
E7,0.0,1.0,2,1.0,0.0,0.0,0,29,blend-paper,0.638000,0.595828
E7,0.0,1.0,2,1.0,0.0,0.0,0,29,saf-adaptive,0.642750,0.620600
E7,0.0,1.0,2,1.0,0.0,0.0,0,30,random,0.608000,0.496741
E7,0.0,1.0,2,1.0,0.0,0.0,0,30,round-robin,0.609750,0.505867
E7,0.0,1.0,2,1.0,0.0,0.0,0,30,oracle,0.704500,1.000000
E7,0.0,1.0,2,1.0,0.0,0.0,0,30,snr-greedy,0.621250,0.565841
E7,0.0,1.0,2,1.0,0.0,0.0,0,30,snr-greedy-loss,0.623750,0.578879
E7,0.0,1.0,2,1.0,0.0,0.0,0,30,snr-mean,0.611500,0.514993
E7,0.0,1.0,2,1.0,0.0,0.0,0,30,belief,0.620750,0.563233
E7,0.0,1.0,2,1.0,0.0,0.0,0,30,belief-pred,0.621000,0.564537
E7,0.0,1.0,2,1.0,0.0,0.0,0,30,ewma,0.603250,0.471969
E7,0.0,1.0,2,1.0,0.0,0.0,0,30,blend-paper,0.607500,0.494133
E7,0.0,1.0,2,1.0,0.0,0.0,0,30,saf-adaptive,0.621250,0.565841
E7,0.0,1.0,2,1.0,0.0,0.0,0,31,random,0.607750,0.481061
E7,0.0,1.0,2,1.0,0.0,0.0,0,31,round-robin,0.613500,0.510101
E7,0.0,1.0,2,1.0,0.0,0.0,0,31,oracle,0.710500,1.000000
E7,0.0,1.0,2,1.0,0.0,0.0,0,31,snr-greedy,0.623250,0.559343
E7,0.0,1.0,2,1.0,0.0,0.0,0,31,snr-greedy-loss,0.630500,0.595960
E7,0.0,1.0,2,1.0,0.0,0.0,0,31,snr-mean,0.608250,0.483586
E7,0.0,1.0,2,1.0,0.0,0.0,0,31,belief,0.631500,0.601010
E7,0.0,1.0,2,1.0,0.0,0.0,0,31,belief-pred,0.629500,0.590909
E7,0.0,1.0,2,1.0,0.0,0.0,0,31,ewma,0.612500,0.505051
E7,0.0,1.0,2,1.0,0.0,0.0,0,31,blend-paper,0.620000,0.542929
E7,0.0,1.0,2,1.0,0.0,0.0,0,31,saf-adaptive,0.630250,0.594697
E7,0.0,1.0,2,1.0,0.0,0.0,0,32,random,0.623000,0.507134
E7,0.0,1.0,2,1.0,0.0,0.0,0,32,round-robin,0.619000,0.486381
E7,0.0,1.0,2,1.0,0.0,0.0,0,32,oracle,0.718000,1.000000
E7,0.0,1.0,2,1.0,0.0,0.0,0,32,snr-greedy,0.636000,0.574578
E7,0.0,1.0,2,1.0,0.0,0.0,0,32,snr-greedy-loss,0.639250,0.591440
E7,0.0,1.0,2,1.0,0.0,0.0,0,32,snr-mean,0.624000,0.512322
E7,0.0,1.0,2,1.0,0.0,0.0,0,32,belief,0.640250,0.596628
E7,0.0,1.0,2,1.0,0.0,0.0,0,32,belief-pred,0.637500,0.582361
E7,0.0,1.0,2,1.0,0.0,0.0,0,32,ewma,0.630250,0.544747
E7,0.0,1.0,2,1.0,0.0,0.0,0,32,blend-paper,0.622250,0.503243
E7,0.0,1.0,2,1.0,0.0,0.0,0,32,saf-adaptive,0.636750,0.578470
E7,0.0,1.0,2,1.0,0.0,0.0,0,33,random,0.613000,0.525485
E7,0.0,1.0,2,1.0,0.0,0.0,0,33,round-robin,0.610750,0.514563
E7,0.0,1.0,2,1.0,0.0,0.0,0,33,oracle,0.710750,1.000000
E7,0.0,1.0,2,1.0,0.0,0.0,0,33,snr-greedy,0.625500,0.586165
E7,0.0,1.0,2,1.0,0.0,0.0,0,33,snr-greedy-loss,0.628750,0.601942
E7,0.0,1.0,2,1.0,0.0,0.0,0,33,snr-mean,0.602500,0.474515
E7,0.0,1.0,2,1.0,0.0,0.0,0,33,belief,0.627000,0.593447
E7,0.0,1.0,2,1.0,0.0,0.0,0,33,belief-pred,0.622500,0.571602
E7,0.0,1.0,2,1.0,0.0,0.0,0,33,ewma,0.619750,0.558252
E7,0.0,1.0,2,1.0,0.0,0.0,0,33,blend-paper,0.619000,0.554612
E7,0.0,1.0,2,1.0,0.0,0.0,0,33,saf-adaptive,0.622250,0.570388
E7,0.0,1.0,2,1.0,0.0,0.0,0,34,random,0.610500,0.498123
E7,0.0,1.0,2,1.0,0.0,0.0,0,34,round-robin,0.613750,0.514393
E7,0.0,1.0,2,1.0,0.0,0.0,0,34,oracle,0.710750,1.000000
E7,0.0,1.0,2,1.0,0.0,0.0,0,34,snr-greedy,0.617500,0.533166
E7,0.0,1.0,2,1.0,0.0,0.0,0,34,snr-greedy-loss,0.627750,0.584481
E7,0.0,1.0,2,1.0,0.0,0.0,0,34,snr-mean,0.622500,0.558198
E7,0.0,1.0,2,1.0,0.0,0.0,0,34,belief,0.627500,0.583229
E7,0.0,1.0,2,1.0,0.0,0.0,0,34,belief-pred,0.630500,0.598248
E7,0.0,1.0,2,1.0,0.0,0.0,0,34,ewma,0.619250,0.541927
E7,0.0,1.0,2,1.0,0.0,0.0,0,34,blend-paper,0.619500,0.543179
E7,0.0,1.0,2,1.0,0.0,0.0,0,34,saf-adaptive,0.630250,0.596996
E7,0.0,1.0,2,1.0,0.0,0.0,0,35,random,0.615750,0.480469
E7,0.0,1.0,2,1.0,0.0,0.0,0,35,round-robin,0.622000,0.513021
E7,0.0,1.0,2,1.0,0.0,0.0,0,35,oracle,0.715500,1.000000
E7,0.0,1.0,2,1.0,0.0,0.0,0,35,snr-greedy,0.632000,0.565104
E7,0.0,1.0,2,1.0,0.0,0.0,0,35,snr-greedy-loss,0.638750,0.600260
E7,0.0,1.0,2,1.0,0.0,0.0,0,35,snr-mean,0.624500,0.526042
E7,0.0,1.0,2,1.0,0.0,0.0,0,35,belief,0.639250,0.602865
E7,0.0,1.0,2,1.0,0.0,0.0,0,35,belief-pred,0.641750,0.615885
E7,0.0,1.0,2,1.0,0.0,0.0,0,35,ewma,0.616750,0.485677
E7,0.0,1.0,2,1.0,0.0,0.0,0,35,blend-paper,0.628750,0.548177
E7,0.0,1.0,2,1.0,0.0,0.0,0,35,saf-adaptive,0.641000,0.611979
E7,0.0,1.0,2,1.0,0.0,0.0,0,36,random,0.613250,0.495507
E7,0.0,1.0,2,1.0,0.0,0.0,0,36,round-robin,0.611000,0.483954
E7,0.0,1.0,2,1.0,0.0,0.0,0,36,oracle,0.711500,1.000000
E7,0.0,1.0,2,1.0,0.0,0.0,0,36,snr-greedy,0.623250,0.546855
E7,0.0,1.0,2,1.0,0.0,0.0,0,36,snr-greedy-loss,0.628500,0.573813
E7,0.0,1.0,2,1.0,0.0,0.0,0,36,snr-mean,0.614500,0.501926
E7,0.0,1.0,2,1.0,0.0,0.0,0,36,belief,0.627250,0.567394
E7,0.0,1.0,2,1.0,0.0,0.0,0,36,belief-pred,0.625250,0.557125
E7,0.0,1.0,2,1.0,0.0,0.0,0,36,ewma,0.612250,0.490372
E7,0.0,1.0,2,1.0,0.0,0.0,0,36,blend-paper,0.621500,0.537869
E7,0.0,1.0,2,1.0,0.0,0.0,0,36,saf-adaptive,0.625250,0.557125
E7,0.0,1.0,2,1.0,0.0,0.0,0,37,random,0.620750,0.538363
E7,0.0,1.0,2,1.0,0.0,0.0,0,37,round-robin,0.613750,0.502558
E7,0.0,1.0,2,1.0,0.0,0.0,0,37,oracle,0.711000,1.000000
E7,0.0,1.0,2,1.0,0.0,0.0,0,37,snr-greedy,0.627000,0.570332
E7,0.0,1.0,2,1.0,0.0,0.0,0,37,snr-greedy-loss,0.634750,0.609974
E7,0.0,1.0,2,1.0,0.0,0.0,0,37,snr-mean,0.624500,0.557545
E7,0.0,1.0,2,1.0,0.0,0.0,0,37,belief,0.633500,0.603581
E7,0.0,1.0,2,1.0,0.0,0.0,0,37,belief-pred,0.637000,0.621483
E7,0.0,1.0,2,1.0,0.0,0.0,0,37,ewma,0.625250,0.561381
E7,0.0,1.0,2,1.0,0.0,0.0,0,37,blend-paper,0.631250,0.592072
E7,0.0,1.0,2,1.0,0.0,0.0,0,37,saf-adaptive,0.637000,0.621483
E7,0.0,1.0,2,1.0,0.0,0.0,0,38,random,0.620000,0.480149
E7,0.0,1.0,2,1.0,0.0,0.0,0,38,round-robin,0.622250,0.491315
E7,0.0,1.0,2,1.0,0.0,0.0,0,38,oracle,0.724750,1.000000
E7,0.0,1.0,2,1.0,0.0,0.0,0,38,snr-greedy,0.634500,0.552109
E7,0.0,1.0,2,1.0,0.0,0.0,0,38,snr-greedy-loss,0.641250,0.585608
E7,0.0,1.0,2,1.0,0.0,0.0,0,38,snr-mean,0.623250,0.496278
E7,0.0,1.0,2,1.0,0.0,0.0,0,38,belief,0.637750,0.568238
E7,0.0,1.0,2,1.0,0.0,0.0,0,38,belief-pred,0.634250,0.550868
E7,0.0,1.0,2,1.0,0.0,0.0,0,38,ewma,0.620250,0.481390
E7,0.0,1.0,2,1.0,0.0,0.0,0,38,blend-paper,0.629750,0.528536
E7,0.0,1.0,2,1.0,0.0,0.0,0,38,saf-adaptive,0.634500,0.552109
E7,0.0,1.0,2,1.0,0.0,0.0,0,39,random,0.620000,0.508844
E7,0.0,1.0,2,1.0,0.0,0.0,0,39,round-robin,0.615750,0.485714
E7,0.0,1.0,2,1.0,0.0,0.0,0,39,oracle,0.710250,1.000000
E7,0.0,1.0,2,1.0,0.0,0.0,0,39,snr-greedy,0.630750,0.567347
E7,0.0,1.0,2,1.0,0.0,0.0,0,39,snr-greedy-loss,0.637750,0.605442
E7,0.0,1.0,2,1.0,0.0,0.0,0,39,snr-mean,0.625750,0.540136
E7,0.0,1.0,2,1.0,0.0,0.0,0,39,belief,0.639250,0.613605
E7,0.0,1.0,2,1.0,0.0,0.0,0,39,belief-pred,0.635250,0.591837
E7,0.0,1.0,2,1.0,0.0,0.0,0,39,ewma,0.623250,0.526531
E7,0.0,1.0,2,1.0,0.0,0.0,0,39,blend-paper,0.635000,0.590476
E7,0.0,1.0,2,1.0,0.0,0.0,0,39,saf-adaptive,0.634750,0.589116
E7,0.0,1.0,2,1.0,0.0,0.0,0,40,random,0.606500,0.500000
E7,0.0,1.0,2,1.0,0.0,0.0,0,40,round-robin,0.606500,0.500000
E7,0.0,1.0,2,1.0,0.0,0.0,0,40,oracle,0.711750,1.000000
E7,0.0,1.0,2,1.0,0.0,0.0,0,40,snr-greedy,0.615000,0.540380
E7,0.0,1.0,2,1.0,0.0,0.0,0,40,snr-greedy-loss,0.623750,0.581948
E7,0.0,1.0,2,1.0,0.0,0.0,0,40,snr-mean,0.615750,0.543943
E7,0.0,1.0,2,1.0,0.0,0.0,0,40,belief,0.626000,0.592637
E7,0.0,1.0,2,1.0,0.0,0.0,0,40,belief-pred,0.630000,0.611639
E7,0.0,1.0,2,1.0,0.0,0.0,0,40,ewma,0.612750,0.529691
E7,0.0,1.0,2,1.0,0.0,0.0,0,40,blend-paper,0.614500,0.538005
E7,0.0,1.0,2,1.0,0.0,0.0,0,40,saf-adaptive,0.630000,0.611639
E7,0.0,1.0,2,1.0,0.0,0.0,0,41,random,0.599500,0.479319
E7,0.0,1.0,2,1.0,0.0,0.0,0,41,round-robin,0.603000,0.496350
E7,0.0,1.0,2,1.0,0.0,0.0,0,41,oracle,0.706500,1.000000
E7,0.0,1.0,2,1.0,0.0,0.0,0,41,snr-greedy,0.618000,0.569343
E7,0.0,1.0,2,1.0,0.0,0.0,0,41,snr-greedy-loss,0.626500,0.610706
E7,0.0,1.0,2,1.0,0.0,0.0,0,41,snr-mean,0.616750,0.563260
E7,0.0,1.0,2,1.0,0.0,0.0,0,41,belief,0.629750,0.626521
E7,0.0,1.0,2,1.0,0.0,0.0,0,41,belief-pred,0.631750,0.636253
E7,0.0,1.0,2,1.0,0.0,0.0,0,41,ewma,0.603000,0.496350
E7,0.0,1.0,2,1.0,0.0,0.0,0,41,blend-paper,0.609750,0.529197
E7,0.0,1.0,2,1.0,0.0,0.0,0,41,saf-adaptive,0.632000,0.637470
E7,0.0,1.0,2,1.0,0.0,0.0,0,42,random,0.606500,0.515513
E7,0.0,1.0,2,1.0,0.0,0.0,0,42,round-robin,0.601750,0.492840
E7,0.0,1.0,2,1.0,0.0,0.0,0,42,oracle,0.708000,1.000000
E7,0.0,1.0,2,1.0,0.0,0.0,0,42,snr-greedy,0.620000,0.579952
E7,0.0,1.0,2,1.0,0.0,0.0,0,42,snr-greedy-loss,0.619000,0.575179
E7,0.0,1.0,2,1.0,0.0,0.0,0,42,snr-mean,0.611500,0.539379
E7,0.0,1.0,2,1.0,0.0,0.0,0,42,belief,0.626750,0.612172
E7,0.0,1.0,2,1.0,0.0,0.0,0,42,belief-pred,0.624000,0.599045
E7,0.0,1.0,2,1.0,0.0,0.0,0,42,ewma,0.602000,0.494033
E7,0.0,1.0,2,1.0,0.0,0.0,0,42,blend-paper,0.616750,0.564439
E7,0.0,1.0,2,1.0,0.0,0.0,0,42,saf-adaptive,0.624000,0.599045
E7,0.0,1.0,2,1.0,0.0,0.0,0,43,random,0.606000,0.492519
E7,0.0,1.0,2,1.0,0.0,0.0,0,43,round-robin,0.607250,0.498753
E7,0.0,1.0,2,1.0,0.0,0.0,0,43,oracle,0.707750,1.000000
E7,0.0,1.0,2,1.0,0.0,0.0,0,43,snr-greedy,0.623250,0.578554
E7,0.0,1.0,2,1.0,0.0,0.0,0,43,snr-greedy-loss,0.630000,0.612219
E7,0.0,1.0,2,1.0,0.0,0.0,0,43,snr-mean,0.603500,0.480050
E7,0.0,1.0,2,1.0,0.0,0.0,0,43,belief,0.630750,0.615960
E7,0.0,1.0,2,1.0,0.0,0.0,0,43,belief-pred,0.629500,0.609726
E7,0.0,1.0,2,1.0,0.0,0.0,0,43,ewma,0.615500,0.539900
E7,0.0,1.0,2,1.0,0.0,0.0,0,43,blend-paper,0.624750,0.586035
E7,0.0,1.0,2,1.0,0.0,0.0,0,43,saf-adaptive,0.629500,0.609726
E7,0.0,1.0,2,1.0,0.0,0.0,0,44,random,0.610000,0.487212
E7,0.0,1.0,2,1.0,0.0,0.0,0,44,round-robin,0.613500,0.505115
E7,0.0,1.0,2,1.0,0.0,0.0,0,44,oracle,0.710250,1.000000
E7,0.0,1.0,2,1.0,0.0,0.0,0,44,snr-greedy,0.626250,0.570332
E7,0.0,1.0,2,1.0,0.0,0.0,0,44,snr-greedy-loss,0.629000,0.584399
E7,0.0,1.0,2,1.0,0.0,0.0,0,44,snr-mean,0.610000,0.487212
E7,0.0,1.0,2,1.0,0.0,0.0,0,44,belief,0.635000,0.615090
E7,0.0,1.0,2,1.0,0.0,0.0,0,44,belief-pred,0.631000,0.594629
E7,0.0,1.0,2,1.0,0.0,0.0,0,44,ewma,0.614000,0.507673
E7,0.0,1.0,2,1.0,0.0,0.0,0,44,blend-paper,0.619000,0.533248
E7,0.0,1.0,2,1.0,0.0,0.0,0,44,saf-adaptive,0.631000,0.594629
E7,0.0,1.0,2,1.0,0.0,0.0,0,45,random,0.603250,0.496305
E7,0.0,1.0,2,1.0,0.0,0.0,0,45,round-robin,0.604750,0.503695
E7,0.0,1.0,2,1.0,0.0,0.0,0,45,oracle,0.705500,1.000000
E7,0.0,1.0,2,1.0,0.0,0.0,0,45,snr-greedy,0.617000,0.564039
E7,0.0,1.0,2,1.0,0.0,0.0,0,45,snr-greedy-loss,0.616500,0.561576
E7,0.0,1.0,2,1.0,0.0,0.0,0,45,snr-mean,0.612000,0.539409
E7,0.0,1.0,2,1.0,0.0,0.0,0,45,belief,0.620500,0.581281
E7,0.0,1.0,2,1.0,0.0,0.0,0,45,belief-pred,0.617000,0.564039
E7,0.0,1.0,2,1.0,0.0,0.0,0,45,ewma,0.602500,0.492611
E7,0.0,1.0,2,1.0,0.0,0.0,0,45,blend-paper,0.608000,0.519704
E7,0.0,1.0,2,1.0,0.0,0.0,0,45,saf-adaptive,0.616500,0.561576
E7,0.0,1.0,2,1.0,0.0,0.0,0,46,random,0.612000,0.494354
E7,0.0,1.0,2,1.0,0.0,0.0,0,46,round-robin,0.608250,0.475533
E7,0.0,1.0,2,1.0,0.0,0.0,0,46,oracle,0.712750,1.000000
E7,0.0,1.0,2,1.0,0.0,0.0,0,46,snr-greedy,0.629000,0.579674
E7,0.0,1.0,2,1.0,0.0,0.0,0,46,snr-greedy-loss,0.631750,0.593476
E7,0.0,1.0,2,1.0,0.0,0.0,0,46,snr-mean,0.623000,0.549561
E7,0.0,1.0,2,1.0,0.0,0.0,0,46,belief,0.632500,0.597240
E7,0.0,1.0,2,1.0,0.0,0.0,0,46,belief-pred,0.631500,0.592221
E7,0.0,1.0,2,1.0,0.0,0.0,0,46,ewma,0.620000,0.534504
E7,0.0,1.0,2,1.0,0.0,0.0,0,46,blend-paper,0.621250,0.540778
E7,0.0,1.0,2,1.0,0.0,0.0,0,46,saf-adaptive,0.631000,0.589711
E7,0.0,1.0,2,1.0,0.0,0.0,0,47,random,0.609250,0.471814
E7,0.0,1.0,2,1.0,0.0,0.0,0,47,round-robin,0.616500,0.507353
E7,0.0,1.0,2,1.0,0.0,0.0,0,47,oracle,0.717000,1.000000
E7,0.0,1.0,2,1.0,0.0,0.0,0,47,snr-greedy,0.634750,0.596814
E7,0.0,1.0,2,1.0,0.0,0.0,0,47,snr-greedy-loss,0.632750,0.587010
E7,0.0,1.0,2,1.0,0.0,0.0,0,47,snr-mean,0.625500,0.551471
E7,0.0,1.0,2,1.0,0.0,0.0,0,47,belief,0.635750,0.601716
E7,0.0,1.0,2,1.0,0.0,0.0,0,47,belief-pred,0.635500,0.600490
E7,0.0,1.0,2,1.0,0.0,0.0,0,47,ewma,0.623250,0.540441
E7,0.0,1.0,2,1.0,0.0,0.0,0,47,blend-paper,0.629500,0.571078
E7,0.0,1.0,2,1.0,0.0,0.0,0,47,saf-adaptive,0.635000,0.598039
E7,0.0,1.0,2,1.0,0.0,0.0,0,48,random,0.616000,0.526316
E7,0.0,1.0,2,1.0,0.0,0.0,0,48,round-robin,0.610500,0.500000
E7,0.0,1.0,2,1.0,0.0,0.0,0,48,oracle,0.715000,1.000000
E7,0.0,1.0,2,1.0,0.0,0.0,0,48,snr-greedy,0.629250,0.589713
E7,0.0,1.0,2,1.0,0.0,0.0,0,48,snr-greedy-loss,0.635750,0.620813
E7,0.0,1.0,2,1.0,0.0,0.0,0,48,snr-mean,0.606250,0.479665
E7,0.0,1.0,2,1.0,0.0,0.0,0,48,belief,0.634500,0.614833
E7,0.0,1.0,2,1.0,0.0,0.0,0,48,belief-pred,0.631500,0.600478
E7,0.0,1.0,2,1.0,0.0,0.0,0,48,ewma,0.607000,0.483254
E7,0.0,1.0,2,1.0,0.0,0.0,0,48,blend-paper,0.621750,0.553828
E7,0.0,1.0,2,1.0,0.0,0.0,0,48,saf-adaptive,0.631500,0.600478
E7,0.0,1.0,2,1.0,0.0,0.0,0,49,random,0.618750,0.532143
E7,0.0,1.0,2,1.0,0.0,0.0,0,49,round-robin,0.613250,0.505952
E7,0.0,1.0,2,1.0,0.0,0.0,0,49,oracle,0.717000,1.000000
E7,0.0,1.0,2,1.0,0.0,0.0,0,49,snr-greedy,0.627500,0.573810
E7,0.0,1.0,2,1.0,0.0,0.0,0,49,snr-greedy-loss,0.635750,0.613095
E7,0.0,1.0,2,1.0,0.0,0.0,0,49,snr-mean,0.616500,0.521429
E7,0.0,1.0,2,1.0,0.0,0.0,0,49,belief,0.634750,0.608333
E7,0.0,1.0,2,1.0,0.0,0.0,0,49,belief-pred,0.634000,0.604762
E7,0.0,1.0,2,1.0,0.0,0.0,0,49,ewma,0.612500,0.502381
E7,0.0,1.0,2,1.0,0.0,0.0,0,49,blend-paper,0.619500,0.535714
E7,0.0,1.0,2,1.0,0.0,0.0,0,49,saf-adaptive,0.634000,0.604762
E7,0.0,1.0,4,1.0,0.0,0.0,0,0,random,0.613250,0.485498
E7,0.0,1.0,4,1.0,0.0,0.0,0,0,round-robin,0.614750,0.493064
E7,0.0,1.0,4,1.0,0.0,0.0,0,0,oracle,0.715250,1.000000
E7,0.0,1.0,4,1.0,0.0,0.0,0,0,snr-greedy,0.624750,0.543506
E7,0.0,1.0,4,1.0,0.0,0.0,0,0,snr-greedy-loss,0.625500,0.547289
E7,0.0,1.0,4,1.0,0.0,0.0,0,0,snr-mean,0.619250,0.515763
E7,0.0,1.0,4,1.0,0.0,0.0,0,0,belief,0.624500,0.542245
E7,0.0,1.0,4,1.0,0.0,0.0,0,0,belief-pred,0.620750,0.523329
E7,0.0,1.0,4,1.0,0.0,0.0,0,0,ewma,0.616750,0.503153
E7,0.0,1.0,4,1.0,0.0,0.0,0,0,blend-paper,0.620750,0.523329
E7,0.0,1.0,4,1.0,0.0,0.0,0,0,saf-adaptive,0.620750,0.523329
E7,0.0,1.0,4,1.0,0.0,0.0,0,1,random,0.616250,0.511323
E7,0.0,1.0,4,1.0,0.0,0.0,0,1,round-robin,0.612500,0.493445
E7,0.0,1.0,4,1.0,0.0,0.0,0,1,oracle,0.718750,1.000000
E7,0.0,1.0,4,1.0,0.0,0.0,0,1,snr-greedy,0.608000,0.471990
E7,0.0,1.0,4,1.0,0.0,0.0,0,1,snr-greedy-loss,0.611250,0.487485
E7,0.0,1.0,4,1.0,0.0,0.0,0,1,snr-mean,0.618000,0.519666
E7,0.0,1.0,4,1.0,0.0,0.0,0,1,belief,0.610750,0.485101
E7,0.0,1.0,4,1.0,0.0,0.0,0,1,belief-pred,0.617250,0.516091
E7,0.0,1.0,4,1.0,0.0,0.0,0,1,ewma,0.606750,0.466031
E7,0.0,1.0,4,1.0,0.0,0.0,0,1,blend-paper,0.621750,0.537545
E7,0.0,1.0,4,1.0,0.0,0.0,0,1,saf-adaptive,0.617250,0.516091
E7,0.0,1.0,4,1.0,0.0,0.0,0,2,random,0.614750,0.493011
E7,0.0,1.0,4,1.0,0.0,0.0,0,2,round-robin,0.617250,0.505718
E7,0.0,1.0,4,1.0,0.0,0.0,0,2,oracle,0.714500,1.000000
E7,0.0,1.0,4,1.0,0.0,0.0,0,2,snr-greedy,0.622000,0.529860
E7,0.0,1.0,4,1.0,0.0,0.0,0,2,snr-greedy-loss,0.619000,0.514612
E7,0.0,1.0,4,1.0,0.0,0.0,0,2,snr-mean,0.619750,0.518424
E7,0.0,1.0,4,1.0,0.0,0.0,0,2,belief,0.623000,0.534943
E7,0.0,1.0,4,1.0,0.0,0.0,0,2,belief-pred,0.618500,0.512071
E7,0.0,1.0,4,1.0,0.0,0.0,0,2,ewma,0.616250,0.500635
E7,0.0,1.0,4,1.0,0.0,0.0,0,2,blend-paper,0.610750,0.472681
E7,0.0,1.0,4,1.0,0.0,0.0,0,2,saf-adaptive,0.619000,0.514612
E7,0.0,1.0,4,1.0,0.0,0.0,0,3,random,0.603250,0.483436
E7,0.0,1.0,4,1.0,0.0,0.0,0,3,round-robin,0.609000,0.511656
E7,0.0,1.0,4,1.0,0.0,0.0,0,3,oracle,0.708500,1.000000
E7,0.0,1.0,4,1.0,0.0,0.0,0,3,snr-greedy,0.606750,0.500613
E7,0.0,1.0,4,1.0,0.0,0.0,0,3,snr-greedy-loss,0.602500,0.479755
E7,0.0,1.0,4,1.0,0.0,0.0,0,3,snr-mean,0.601750,0.476074
E7,0.0,1.0,4,1.0,0.0,0.0,0,3,belief,0.606500,0.499387
E7,0.0,1.0,4,1.0,0.0,0.0,0,3,belief-pred,0.604750,0.490798
E7,0.0,1.0,4,1.0,0.0,0.0,0,3,ewma,0.606000,0.496933
E7,0.0,1.0,4,1.0,0.0,0.0,0,3,blend-paper,0.606000,0.496933
E7,0.0,1.0,4,1.0,0.0,0.0,0,3,saf-adaptive,0.603750,0.485890
E7,0.0,1.0,4,1.0,0.0,0.0,0,4,random,0.605500,0.518834
E7,0.0,1.0,4,1.0,0.0,0.0,0,4,round-robin,0.601500,0.499392
E7,0.0,1.0,4,1.0,0.0,0.0,0,4,oracle,0.704500,1.000000
E7,0.0,1.0,4,1.0,0.0,0.0,0,4,snr-greedy,0.607250,0.527339
E7,0.0,1.0,4,1.0,0.0,0.0,0,4,snr-greedy-loss,0.608750,0.534629
E7,0.0,1.0,4,1.0,0.0,0.0,0,4,snr-mean,0.595500,0.470231
E7,0.0,1.0,4,1.0,0.0,0.0,0,4,belief,0.604000,0.511543
E7,0.0,1.0,4,1.0,0.0,0.0,0,4,belief-pred,0.598500,0.484812
E7,0.0,1.0,4,1.0,0.0,0.0,0,4,ewma,0.602500,0.504253
E7,0.0,1.0,4,1.0,0.0,0.0,0,4,blend-paper,0.607500,0.528554
E7,0.0,1.0,4,1.0,0.0,0.0,0,4,saf-adaptive,0.599000,0.487242
E7,0.0,1.0,4,1.0,0.0,0.0,0,5,random,0.619000,0.506748
E7,0.0,1.0,4,1.0,0.0,0.0,0,5,round-robin,0.618500,0.504294
E7,0.0,1.0,4,1.0,0.0,0.0,0,5,oracle,0.719500,1.000000
E7,0.0,1.0,4,1.0,0.0,0.0,0,5,snr-greedy,0.619500,0.509202
E7,0.0,1.0,4,1.0,0.0,0.0,0,5,snr-greedy-loss,0.619000,0.506748
E7,0.0,1.0,4,1.0,0.0,0.0,0,5,snr-mean,0.609000,0.457669
E7,0.0,1.0,4,1.0,0.0,0.0,0,5,belief,0.617000,0.496933
E7,0.0,1.0,4,1.0,0.0,0.0,0,5,belief-pred,0.609750,0.461350
E7,0.0,1.0,4,1.0,0.0,0.0,0,5,ewma,0.613750,0.480982
E7,0.0,1.0,4,1.0,0.0,0.0,0,5,blend-paper,0.616750,0.495706
E7,0.0,1.0,4,1.0,0.0,0.0,0,5,saf-adaptive,0.609500,0.460123
E7,0.0,1.0,4,1.0,0.0,0.0,0,6,random,0.615250,0.524941
E7,0.0,1.0,4,1.0,0.0,0.0,0,6,round-robin,0.610750,0.503563
E7,0.0,1.0,4,1.0,0.0,0.0,0,6,oracle,0.715250,1.000000
E7,0.0,1.0,4,1.0,0.0,0.0,0,6,snr-greedy,0.614000,0.519002
E7,0.0,1.0,4,1.0,0.0,0.0,0,6,snr-greedy-loss,0.616250,0.529691
E7,0.0,1.0,4,1.0,0.0,0.0,0,6,snr-mean,0.619500,0.545131
E7,0.0,1.0,4,1.0,0.0,0.0,0,6,belief,0.616250,0.529691
E7,0.0,1.0,4,1.0,0.0,0.0,0,6,belief-pred,0.619750,0.546318
E7,0.0,1.0,4,1.0,0.0,0.0,0,6,ewma,0.616500,0.530879
E7,0.0,1.0,4,1.0,0.0,0.0,0,6,blend-paper,0.615250,0.524941
E7,0.0,1.0,4,1.0,0.0,0.0,0,6,saf-adaptive,0.619000,0.542755
E7,0.0,1.0,4,1.0,0.0,0.0,0,7,random,0.618500,0.514612
E7,0.0,1.0,4,1.0,0.0,0.0,0,7,round-robin,0.617750,0.510801
E7,0.0,1.0,4,1.0,0.0,0.0,0,7,oracle,0.714000,1.000000
E7,0.0,1.0,4,1.0,0.0,0.0,0,7,snr-greedy,0.617750,0.510801
E7,0.0,1.0,4,1.0,0.0,0.0,0,7,snr-greedy-loss,0.621500,0.529860
E7,0.0,1.0,4,1.0,0.0,0.0,0,7,snr-mean,0.614500,0.494282
E7,0.0,1.0,4,1.0,0.0,0.0,0,7,belief,0.618000,0.512071
E7,0.0,1.0,4,1.0,0.0,0.0,0,7,belief-pred,0.617500,0.509530
E7,0.0,1.0,4,1.0,0.0,0.0,0,7,ewma,0.619500,0.519695
E7,0.0,1.0,4,1.0,0.0,0.0,0,7,blend-paper,0.615750,0.500635
E7,0.0,1.0,4,1.0,0.0,0.0,0,7,saf-adaptive,0.616250,0.503177
E7,0.0,1.0,4,1.0,0.0,0.0,0,8,random,0.615000,0.501263
E7,0.0,1.0,4,1.0,0.0,0.0,0,8,round-robin,0.617750,0.515152
E7,0.0,1.0,4,1.0,0.0,0.0,0,8,oracle,0.713750,1.000000
E7,0.0,1.0,4,1.0,0.0,0.0,0,8,snr-greedy,0.622500,0.539141
E7,0.0,1.0,4,1.0,0.0,0.0,0,8,snr-greedy-loss,0.624750,0.550505
E7,0.0,1.0,4,1.0,0.0,0.0,0,8,snr-mean,0.623500,0.544192
E7,0.0,1.0,4,1.0,0.0,0.0,0,8,belief,0.623000,0.541667
E7,0.0,1.0,4,1.0,0.0,0.0,0,8,belief-pred,0.618000,0.516414
E7,0.0,1.0,4,1.0,0.0,0.0,0,8,ewma,0.619750,0.525253
E7,0.0,1.0,4,1.0,0.0,0.0,0,8,blend-paper,0.618250,0.517677
E7,0.0,1.0,4,1.0,0.0,0.0,0,8,saf-adaptive,0.617750,0.515152
E7,0.0,1.0,4,1.0,0.0,0.0,0,9,random,0.601750,0.471611
E7,0.0,1.0,4,1.0,0.0,0.0,0,9,round-robin,0.607750,0.499421
E7,0.0,1.0,4,1.0,0.0,0.0,0,9,oracle,0.715750,1.000000
E7,0.0,1.0,4,1.0,0.0,0.0,0,9,snr-greedy,0.619750,0.555041
E7,0.0,1.0,4,1.0,0.0,0.0,0,9,snr-greedy-loss,0.616750,0.541136
E7,0.0,1.0,4,1.0,0.0,0.0,0,9,snr-mean,0.614500,0.530707
E7,0.0,1.0,4,1.0,0.0,0.0,0,9,belief,0.617250,0.543453
E7,0.0,1.0,4,1.0,0.0,0.0,0,9,belief-pred,0.616500,0.539977
E7,0.0,1.0,4,1.0,0.0,0.0,0,9,ewma,0.606250,0.492468
E7,0.0,1.0,4,1.0,0.0,0.0,0,9,blend-paper,0.615250,0.534183
E7,0.0,1.0,4,1.0,0.0,0.0,0,9,saf-adaptive,0.616750,0.541136
E7,0.0,1.0,4,1.0,0.0,0.0,0,10,random,0.612000,0.513806
E7,0.0,1.0,4,1.0,0.0,0.0,0,10,round-robin,0.606750,0.488595
E7,0.0,1.0,4,1.0,0.0,0.0,0,10,oracle,0.713250,1.000000
E7,0.0,1.0,4,1.0,0.0,0.0,0,10,snr-greedy,0.614000,0.523409
E7,0.0,1.0,4,1.0,0.0,0.0,0,10,snr-greedy-loss,0.614750,0.527011
E7,0.0,1.0,4,1.0,0.0,0.0,0,10,snr-mean,0.609750,0.503001
E7,0.0,1.0,4,1.0,0.0,0.0,0,10,belief,0.613750,0.522209
E7,0.0,1.0,4,1.0,0.0,0.0,0,10,belief-pred,0.609250,0.500600
E7,0.0,1.0,4,1.0,0.0,0.0,0,10,ewma,0.612250,0.515006
E7,0.0,1.0,4,1.0,0.0,0.0,0,10,blend-paper,0.608750,0.498199
E7,0.0,1.0,4,1.0,0.0,0.0,0,10,saf-adaptive,0.608250,0.495798
E7,0.0,1.0,4,1.0,0.0,0.0,0,11,random,0.618500,0.510612
E7,0.0,1.0,4,1.0,0.0,0.0,0,11,round-robin,0.616000,0.498127
E7,0.0,1.0,4,1.0,0.0,0.0,0,11,oracle,0.716500,1.000000
E7,0.0,1.0,4,1.0,0.0,0.0,0,11,snr-greedy,0.620500,0.520599
E7,0.0,1.0,4,1.0,0.0,0.0,0,11,snr-greedy-loss,0.617500,0.505618
E7,0.0,1.0,4,1.0,0.0,0.0,0,11,snr-mean,0.622000,0.528090
E7,0.0,1.0,4,1.0,0.0,0.0,0,11,belief,0.621000,0.523096
E7,0.0,1.0,4,1.0,0.0,0.0,0,11,belief-pred,0.624750,0.541823
E7,0.0,1.0,4,1.0,0.0,0.0,0,11,ewma,0.618000,0.508115
E7,0.0,1.0,4,1.0,0.0,0.0,0,11,blend-paper,0.619000,0.513109
E7,0.0,1.0,4,1.0,0.0,0.0,0,11,saf-adaptive,0.624000,0.538077
E7,0.0,1.0,4,1.0,0.0,0.0,0,12,random,0.626500,0.504660
E7,0.0,1.0,4,1.0,0.0,0.0,0,12,round-robin,0.624000,0.491345
E7,0.0,1.0,4,1.0,0.0,0.0,0,12,oracle,0.719500,1.000000
E7,0.0,1.0,4,1.0,0.0,0.0,0,12,snr-greedy,0.624250,0.492676
E7,0.0,1.0,4,1.0,0.0,0.0,0,12,snr-greedy-loss,0.626750,0.505992
E7,0.0,1.0,4,1.0,0.0,0.0,0,12,snr-mean,0.633500,0.541944
E7,0.0,1.0,4,1.0,0.0,0.0,0,12,belief,0.631500,0.531292
E7,0.0,1.0,4,1.0,0.0,0.0,0,12,belief-pred,0.633500,0.541944
E7,0.0,1.0,4,1.0,0.0,0.0,0,12,ewma,0.625750,0.500666
E7,0.0,1.0,4,1.0,0.0,0.0,0,12,blend-paper,0.626250,0.503329
E7,0.0,1.0,4,1.0,0.0,0.0,0,12,saf-adaptive,0.633000,0.539281
E7,0.0,1.0,4,1.0,0.0,0.0,0,13,random,0.611500,0.492556
E7,0.0,1.0,4,1.0,0.0,0.0,0,13,round-robin,0.612000,0.495037
E7,0.0,1.0,4,1.0,0.0,0.0,0,13,oracle,0.713750,1.000000
E7,0.0,1.0,4,1.0,0.0,0.0,0,13,snr-greedy,0.612250,0.496278
E7,0.0,1.0,4,1.0,0.0,0.0,0,13,snr-greedy-loss,0.612500,0.497519
E7,0.0,1.0,4,1.0,0.0,0.0,0,13,snr-mean,0.612000,0.495037
E7,0.0,1.0,4,1.0,0.0,0.0,0,13,belief,0.612250,0.496278
E7,0.0,1.0,4,1.0,0.0,0.0,0,13,belief-pred,0.616000,0.514888
E7,0.0,1.0,4,1.0,0.0,0.0,0,13,ewma,0.617250,0.521092
E7,0.0,1.0,4,1.0,0.0,0.0,0,13,blend-paper,0.614750,0.508685
E7,0.0,1.0,4,1.0,0.0,0.0,0,13,saf-adaptive,0.616500,0.517370
E7,0.0,1.0,4,1.0,0.0,0.0,0,14,random,0.616750,0.484157
E7,0.0,1.0,4,1.0,0.0,0.0,0,14,round-robin,0.618750,0.494297
E7,0.0,1.0,4,1.0,0.0,0.0,0,14,oracle,0.718500,1.000000
E7,0.0,1.0,4,1.0,0.0,0.0,0,14,snr-greedy,0.627000,0.536122
E7,0.0,1.0,4,1.0,0.0,0.0,0,14,snr-greedy-loss,0.628500,0.543726
E7,0.0,1.0,4,1.0,0.0,0.0,0,14,snr-mean,0.624000,0.520913
E7,0.0,1.0,4,1.0,0.0,0.0,0,14,belief,0.627250,0.537389
E7,0.0,1.0,4,1.0,0.0,0.0,0,14,belief-pred,0.625750,0.529785
E7,0.0,1.0,4,1.0,0.0,0.0,0,14,ewma,0.618250,0.491762
E7,0.0,1.0,4,1.0,0.0,0.0,0,14,blend-paper,0.623750,0.519645
E7,0.0,1.0,4,1.0,0.0,0.0,0,14,saf-adaptive,0.621750,0.509506
E7,0.0,1.0,4,1.0,0.0,0.0,0,15,random,0.615000,0.489415
E7,0.0,1.0,4,1.0,0.0,0.0,0,15,round-robin,0.616250,0.495641
E7,0.0,1.0,4,1.0,0.0,0.0,0,15,oracle,0.717500,1.000000
E7,0.0,1.0,4,1.0,0.0,0.0,0,15,snr-greedy,0.613250,0.480697
E7,0.0,1.0,4,1.0,0.0,0.0,0,15,snr-greedy-loss,0.615000,0.489415
E7,0.0,1.0,4,1.0,0.0,0.0,0,15,snr-mean,0.622500,0.526775
E7,0.0,1.0,4,1.0,0.0,0.0,0,15,belief,0.613750,0.483188
E7,0.0,1.0,4,1.0,0.0,0.0,0,15,belief-pred,0.623500,0.531756
E7,0.0,1.0,4,1.0,0.0,0.0,0,15,ewma,0.613000,0.479452
E7,0.0,1.0,4,1.0,0.0,0.0,0,15,blend-paper,0.608000,0.454545
E7,0.0,1.0,4,1.0,0.0,0.0,0,15,saf-adaptive,0.624500,0.536737
E7,0.0,1.0,4,1.0,0.0,0.0,0,16,random,0.609750,0.504391
E7,0.0,1.0,4,1.0,0.0,0.0,0,16,round-robin,0.607750,0.494354
E7,0.0,1.0,4,1.0,0.0,0.0,0,16,oracle,0.708500,1.000000
E7,0.0,1.0,4,1.0,0.0,0.0,0,16,snr-greedy,0.612250,0.516939
E7,0.0,1.0,4,1.0,0.0,0.0,0,16,snr-greedy-loss,0.615500,0.533250
E7,0.0,1.0,4,1.0,0.0,0.0,0,16,snr-mean,0.602500,0.468005
E7,0.0,1.0,4,1.0,0.0,0.0,0,16,belief,0.617250,0.542033
E7,0.0,1.0,4,1.0,0.0,0.0,0,16,belief-pred,0.608250,0.496863
E7,0.0,1.0,4,1.0,0.0,0.0,0,16,ewma,0.604250,0.476788
E7,0.0,1.0,4,1.0,0.0,0.0,0,16,blend-paper,0.610750,0.509410
E7,0.0,1.0,4,1.0,0.0,0.0,0,16,saf-adaptive,0.607500,0.493099
E7,0.0,1.0,4,1.0,0.0,0.0,0,17,random,0.612750,0.501926
E7,0.0,1.0,4,1.0,0.0,0.0,0,17,round-robin,0.614000,0.508344
E7,0.0,1.0,4,1.0,0.0,0.0,0,17,oracle,0.709750,1.000000
E7,0.0,1.0,4,1.0,0.0,0.0,0,17,snr-greedy,0.616000,0.518614
E7,0.0,1.0,4,1.0,0.0,0.0,0,17,snr-greedy-loss,0.619000,0.534018
E7,0.0,1.0,4,1.0,0.0,0.0,0,17,snr-mean,0.610750,0.491656
E7,0.0,1.0,4,1.0,0.0,0.0,0,17,belief,0.614750,0.512195
E7,0.0,1.0,4,1.0,0.0,0.0,0,17,belief-pred,0.612000,0.498074
E7,0.0,1.0,4,1.0,0.0,0.0,0,17,ewma,0.609000,0.482670
E7,0.0,1.0,4,1.0,0.0,0.0,0,17,blend-paper,0.613000,0.503209
E7,0.0,1.0,4,1.0,0.0,0.0,0,17,saf-adaptive,0.612000,0.498074
E7,0.0,1.0,4,1.0,0.0,0.0,0,18,random,0.604750,0.462324
E7,0.0,1.0,4,1.0,0.0,0.0,0,18,round-robin,0.614250,0.510856
E7,0.0,1.0,4,1.0,0.0,0.0,0,18,oracle,0.710000,1.000000
E7,0.0,1.0,4,1.0,0.0,0.0,0,18,snr-greedy,0.616250,0.521073
E7,0.0,1.0,4,1.0,0.0,0.0,0,18,snr-greedy-loss,0.619750,0.538953
E7,0.0,1.0,4,1.0,0.0,0.0,0,18,snr-mean,0.609000,0.484036
E7,0.0,1.0,4,1.0,0.0,0.0,0,18,belief,0.620750,0.544061
E7,0.0,1.0,4,1.0,0.0,0.0,0,18,belief-pred,0.619250,0.536398
E7,0.0,1.0,4,1.0,0.0,0.0,0,18,ewma,0.616500,0.522350
E7,0.0,1.0,4,1.0,0.0,0.0,0,18,blend-paper,0.625500,0.568327
E7,0.0,1.0,4,1.0,0.0,0.0,0,18,saf-adaptive,0.618750,0.533844
E7,0.0,1.0,4,1.0,0.0,0.0,0,19,random,0.608750,0.487715
E7,0.0,1.0,4,1.0,0.0,0.0,0,19,round-robin,0.609000,0.488943
E7,0.0,1.0,4,1.0,0.0,0.0,0,19,oracle,0.713000,1.000000
E7,0.0,1.0,4,1.0,0.0,0.0,0,19,snr-greedy,0.611250,0.500000
E7,0.0,1.0,4,1.0,0.0,0.0,0,19,snr-greedy-loss,0.616250,0.524570
E7,0.0,1.0,4,1.0,0.0,0.0,0,19,snr-mean,0.608250,0.485258
E7,0.0,1.0,4,1.0,0.0,0.0,0,19,belief,0.612500,0.506143
E7,0.0,1.0,4,1.0,0.0,0.0,0,19,belief-pred,0.611250,0.500000
E7,0.0,1.0,4,1.0,0.0,0.0,0,19,ewma,0.614500,0.515971
E7,0.0,1.0,4,1.0,0.0,0.0,0,19,blend-paper,0.613750,0.512285
E7,0.0,1.0,4,1.0,0.0,0.0,0,19,saf-adaptive,0.610750,0.497543
E7,0.0,1.0,4,1.0,0.0,0.0,0,20,random,0.615500,0.502545
E7,0.0,1.0,4,1.0,0.0,0.0,0,20,round-robin,0.616750,0.508906
E7,0.0,1.0,4,1.0,0.0,0.0,0,20,oracle,0.713250,1.000000
E7,0.0,1.0,4,1.0,0.0,0.0,0,20,snr-greedy,0.621250,0.531807
E7,0.0,1.0,4,1.0,0.0,0.0,0,20,snr-greedy-loss,0.620000,0.525445
E7,0.0,1.0,4,1.0,0.0,0.0,0,20,snr-mean,0.599750,0.422392
E7,0.0,1.0,4,1.0,0.0,0.0,0,20,belief,0.615500,0.502545
E7,0.0,1.0,4,1.0,0.0,0.0,0,20,belief-pred,0.597250,0.409669
E7,0.0,1.0,4,1.0,0.0,0.0,0,20,ewma,0.613000,0.489822
E7,0.0,1.0,4,1.0,0.0,0.0,0,20,blend-paper,0.615500,0.502545
E7,0.0,1.0,4,1.0,0.0,0.0,0,20,saf-adaptive,0.601000,0.428753
E7,0.0,1.0,4,1.0,0.0,0.0,0,21,random,0.611250,0.509434
E7,0.0,1.0,4,1.0,0.0,0.0,0,21,round-robin,0.609750,0.501887
E7,0.0,1.0,4,1.0,0.0,0.0,0,21,oracle,0.708750,1.000000
E7,0.0,1.0,4,1.0,0.0,0.0,0,21,snr-greedy,0.621000,0.558491
E7,0.0,1.0,4,1.0,0.0,0.0,0,21,snr-greedy-loss,0.619500,0.550943
E7,0.0,1.0,4,1.0,0.0,0.0,0,21,snr-mean,0.612500,0.515723
E7,0.0,1.0,4,1.0,0.0,0.0,0,21,belief,0.615000,0.528302
E7,0.0,1.0,4,1.0,0.0,0.0,0,21,belief-pred,0.610750,0.506918
E7,0.0,1.0,4,1.0,0.0,0.0,0,21,ewma,0.610500,0.505660
E7,0.0,1.0,4,1.0,0.0,0.0,0,21,blend-paper,0.607500,0.490566
E7,0.0,1.0,4,1.0,0.0,0.0,0,21,saf-adaptive,0.611750,0.511950
E7,0.0,1.0,4,1.0,0.0,0.0,0,22,random,0.608750,0.507353
E7,0.0,1.0,4,1.0,0.0,0.0,0,22,round-robin,0.607250,0.500000
E7,0.0,1.0,4,1.0,0.0,0.0,0,22,oracle,0.709250,1.000000
E7,0.0,1.0,4,1.0,0.0,0.0,0,22,snr-greedy,0.609250,0.509804
E7,0.0,1.0,4,1.0,0.0,0.0,0,22,snr-greedy-loss,0.609000,0.508578
E7,0.0,1.0,4,1.0,0.0,0.0,0,22,snr-mean,0.599000,0.459559
E7,0.0,1.0,4,1.0,0.0,0.0,0,22,belief,0.611500,0.520833
E7,0.0,1.0,4,1.0,0.0,0.0,0,22,belief-pred,0.602750,0.477941
E7,0.0,1.0,4,1.0,0.0,0.0,0,22,ewma,0.608500,0.506127
E7,0.0,1.0,4,1.0,0.0,0.0,0,22,blend-paper,0.613500,0.530637
E7,0.0,1.0,4,1.0,0.0,0.0,0,22,saf-adaptive,0.602500,0.476716
E7,0.0,1.0,4,1.0,0.0,0.0,0,23,random,0.614500,0.504459
E7,0.0,1.0,4,1.0,0.0,0.0,0,23,round-robin,0.614000,0.501911
E7,0.0,1.0,4,1.0,0.0,0.0,0,23,oracle,0.711750,1.000000
E7,0.0,1.0,4,1.0,0.0,0.0,0,23,snr-greedy,0.613250,0.498089
E7,0.0,1.0,4,1.0,0.0,0.0,0,23,snr-greedy-loss,0.612750,0.495541
E7,0.0,1.0,4,1.0,0.0,0.0,0,23,snr-mean,0.622250,0.543949
E7,0.0,1.0,4,1.0,0.0,0.0,0,23,belief,0.616250,0.513376
E7,0.0,1.0,4,1.0,0.0,0.0,0,23,belief-pred,0.623500,0.550318
E7,0.0,1.0,4,1.0,0.0,0.0,0,23,ewma,0.620000,0.532484
E7,0.0,1.0,4,1.0,0.0,0.0,0,23,blend-paper,0.612250,0.492994
E7,0.0,1.0,4,1.0,0.0,0.0,0,23,saf-adaptive,0.622750,0.546497
E7,0.0,1.0,4,1.0,0.0,0.0,0,24,random,0.615250,0.487773
E7,0.0,1.0,4,1.0,0.0,0.0,0,24,round-robin,0.619250,0.508366
E7,0.0,1.0,4,1.0,0.0,0.0,0,24,oracle,0.714750,1.000000
E7,0.0,1.0,4,1.0,0.0,0.0,0,24,snr-greedy,0.614500,0.483912
E7,0.0,1.0,4,1.0,0.0,0.0,0,24,snr-greedy-loss,0.615750,0.490347
E7,0.0,1.0,4,1.0,0.0,0.0,0,24,snr-mean,0.627250,0.549550
E7,0.0,1.0,4,1.0,0.0,0.0,0,24,belief,0.617500,0.499356
E7,0.0,1.0,4,1.0,0.0,0.0,0,24,belief-pred,0.628750,0.557272
E7,0.0,1.0,4,1.0,0.0,0.0,0,24,ewma,0.615250,0.487773
E7,0.0,1.0,4,1.0,0.0,0.0,0,24,blend-paper,0.620000,0.512227
E7,0.0,1.0,4,1.0,0.0,0.0,0,24,saf-adaptive,0.628250,0.554698
E7,0.0,1.0,4,1.0,0.0,0.0,0,25,random,0.615500,0.505115
E7,0.0,1.0,4,1.0,0.0,0.0,0,25,round-robin,0.613250,0.493606
E7,0.0,1.0,4,1.0,0.0,0.0,0,25,oracle,0.712250,1.000000
E7,0.0,1.0,4,1.0,0.0,0.0,0,25,snr-greedy,0.617000,0.512788
E7,0.0,1.0,4,1.0,0.0,0.0,0,25,snr-greedy-loss,0.618000,0.517903
E7,0.0,1.0,4,1.0,0.0,0.0,0,25,snr-mean,0.614250,0.498721
E7,0.0,1.0,4,1.0,0.0,0.0,0,25,belief,0.620750,0.531969
E7,0.0,1.0,4,1.0,0.0,0.0,0,25,belief-pred,0.623000,0.543478
E7,0.0,1.0,4,1.0,0.0,0.0,0,25,ewma,0.619750,0.526854
E7,0.0,1.0,4,1.0,0.0,0.0,0,25,blend-paper,0.617750,0.516624
E7,0.0,1.0,4,1.0,0.0,0.0,0,25,saf-adaptive,0.623000,0.543478
E7,0.0,1.0,4,1.0,0.0,0.0,0,26,random,0.610250,0.497455
E7,0.0,1.0,4,1.0,0.0,0.0,0,26,round-robin,0.612750,0.510178
E7,0.0,1.0,4,1.0,0.0,0.0,0,26,oracle,0.709000,1.000000
E7,0.0,1.0,4,1.0,0.0,0.0,0,26,snr-greedy,0.611000,0.501272
E7,0.0,1.0,4,1.0,0.0,0.0,0,26,snr-greedy-loss,0.610500,0.498728
E7,0.0,1.0,4,1.0,0.0,0.0,0,26,snr-mean,0.607000,0.480916
E7,0.0,1.0,4,1.0,0.0,0.0,0,26,belief,0.612250,0.507634
E7,0.0,1.0,4,1.0,0.0,0.0,0,26,belief-pred,0.609500,0.493639
E7,0.0,1.0,4,1.0,0.0,0.0,0,26,ewma,0.611750,0.505089
E7,0.0,1.0,4,1.0,0.0,0.0,0,26,blend-paper,0.615750,0.525445
E7,0.0,1.0,4,1.0,0.0,0.0,0,26,saf-adaptive,0.610500,0.498728
E7,0.0,1.0,4,1.0,0.0,0.0,0,27,random,0.613000,0.499371
E7,0.0,1.0,4,1.0,0.0,0.0,0,27,round-robin,0.615500,0.511950
E7,0.0,1.0,4,1.0,0.0,0.0,0,27,oracle,0.712500,1.000000
E7,0.0,1.0,4,1.0,0.0,0.0,0,27,snr-greedy,0.623250,0.550943
E7,0.0,1.0,4,1.0,0.0,0.0,0,27,snr-greedy-loss,0.624250,0.555975
E7,0.0,1.0,4,1.0,0.0,0.0,0,27,snr-mean,0.613000,0.499371
E7,0.0,1.0,4,1.0,0.0,0.0,0,27,belief,0.625000,0.559748
E7,0.0,1.0,4,1.0,0.0,0.0,0,27,belief-pred,0.619750,0.533333
E7,0.0,1.0,4,1.0,0.0,0.0,0,27,ewma,0.612500,0.496855
E7,0.0,1.0,4,1.0,0.0,0.0,0,27,blend-paper,0.611500,0.491824
E7,0.0,1.0,4,1.0,0.0,0.0,0,27,saf-adaptive,0.620500,0.537107
E7,0.0,1.0,4,1.0,0.0,0.0,0,28,random,0.606750,0.483617
E7,0.0,1.0,4,1.0,0.0,0.0,0,28,round-robin,0.607250,0.486239
E7,0.0,1.0,4,1.0,0.0,0.0,0,28,oracle,0.705250,1.000000
E7,0.0,1.0,4,1.0,0.0,0.0,0,28,snr-greedy,0.615250,0.528178
E7,0.0,1.0,4,1.0,0.0,0.0,0,28,snr-greedy-loss,0.617250,0.538663
E7,0.0,1.0,4,1.0,0.0,0.0,0,28,snr-mean,0.614750,0.525557
E7,0.0,1.0,4,1.0,0.0,0.0,0,28,belief,0.617000,0.537353
E7,0.0,1.0,4,1.0,0.0,0.0,0,28,belief-pred,0.606750,0.483617
E7,0.0,1.0,4,1.0,0.0,0.0,0,28,ewma,0.609750,0.499345
E7,0.0,1.0,4,1.0,0.0,0.0,0,28,blend-paper,0.619500,0.550459
E7,0.0,1.0,4,1.0,0.0,0.0,0,28,saf-adaptive,0.606250,0.480996
E7,0.0,1.0,4,1.0,0.0,0.0,0,29,random,0.615500,0.478488
E7,0.0,1.0,4,1.0,0.0,0.0,0,29,round-robin,0.617500,0.488918
E7,0.0,1.0,4,1.0,0.0,0.0,0,29,oracle,0.715500,1.000000
E7,0.0,1.0,4,1.0,0.0,0.0,0,29,snr-greedy,0.627750,0.542373
E7,0.0,1.0,4,1.0,0.0,0.0,0,29,snr-greedy-loss,0.627750,0.542373
E7,0.0,1.0,4,1.0,0.0,0.0,0,29,snr-mean,0.626000,0.533246
E7,0.0,1.0,4,1.0,0.0,0.0,0,29,belief,0.628500,0.546284
E7,0.0,1.0,4,1.0,0.0,0.0,0,29,belief-pred,0.628000,0.543677
E7,0.0,1.0,4,1.0,0.0,0.0,0,29,ewma,0.622000,0.512386
E7,0.0,1.0,4,1.0,0.0,0.0,0,29,blend-paper,0.625500,0.530639
E7,0.0,1.0,4,1.0,0.0,0.0,0,29,saf-adaptive,0.629000,0.548892
E7,0.0,1.0,4,1.0,0.0,0.0,0,30,random,0.608000,0.496741
E7,0.0,1.0,4,1.0,0.0,0.0,0,30,round-robin,0.609750,0.505867
E7,0.0,1.0,4,1.0,0.0,0.0,0,30,oracle,0.704500,1.000000
E7,0.0,1.0,4,1.0,0.0,0.0,0,30,snr-greedy,0.611000,0.512386
E7,0.0,1.0,4,1.0,0.0,0.0,0,30,snr-greedy-loss,0.610500,0.509778
E7,0.0,1.0,4,1.0,0.0,0.0,0,30,snr-mean,0.609750,0.505867
E7,0.0,1.0,4,1.0,0.0,0.0,0,30,belief,0.613750,0.526728
E7,0.0,1.0,4,1.0,0.0,0.0,0,30,belief-pred,0.606250,0.487614
E7,0.0,1.0,4,1.0,0.0,0.0,0,30,ewma,0.605500,0.483703
E7,0.0,1.0,4,1.0,0.0,0.0,0,30,blend-paper,0.601750,0.464146
E7,0.0,1.0,4,1.0,0.0,0.0,0,30,saf-adaptive,0.606500,0.488918
E7,0.0,1.0,4,1.0,0.0,0.0,0,31,random,0.607750,0.481061
E7,0.0,1.0,4,1.0,0.0,0.0,0,31,round-robin,0.613500,0.510101
E7,0.0,1.0,4,1.0,0.0,0.0,0,31,oracle,0.710500,1.000000
E7,0.0,1.0,4,1.0,0.0,0.0,0,31,snr-greedy,0.614000,0.512626
E7,0.0,1.0,4,1.0,0.0,0.0,0,31,snr-greedy-loss,0.617750,0.531566
E7,0.0,1.0,4,1.0,0.0,0.0,0,31,snr-mean,0.604000,0.462121
E7,0.0,1.0,4,1.0,0.0,0.0,0,31,belief,0.618500,0.535354
E7,0.0,1.0,4,1.0,0.0,0.0,0,31,belief-pred,0.612750,0.506313
E7,0.0,1.0,4,1.0,0.0,0.0,0,31,ewma,0.607500,0.479798
E7,0.0,1.0,4,1.0,0.0,0.0,0,31,blend-paper,0.605250,0.468434
E7,0.0,1.0,4,1.0,0.0,0.0,0,31,saf-adaptive,0.613000,0.507576
E7,0.0,1.0,4,1.0,0.0,0.0,0,32,random,0.623000,0.507134
E7,0.0,1.0,4,1.0,0.0,0.0,0,32,round-robin,0.619000,0.486381
E7,0.0,1.0,4,1.0,0.0,0.0,0,32,oracle,0.718000,1.000000
E7,0.0,1.0,4,1.0,0.0,0.0,0,32,snr-greedy,0.627000,0.527886
E7,0.0,1.0,4,1.0,0.0,0.0,0,32,snr-greedy-loss,0.628250,0.534371
E7,0.0,1.0,4,1.0,0.0,0.0,0,32,snr-mean,0.622000,0.501946
E7,0.0,1.0,4,1.0,0.0,0.0,0,32,belief,0.632250,0.555123
E7,0.0,1.0,4,1.0,0.0,0.0,0,32,belief-pred,0.622250,0.503243
E7,0.0,1.0,4,1.0,0.0,0.0,0,32,ewma,0.624000,0.512322
E7,0.0,1.0,4,1.0,0.0,0.0,0,32,blend-paper,0.613250,0.456550
E7,0.0,1.0,4,1.0,0.0,0.0,0,32,saf-adaptive,0.622250,0.503243
E7,0.0,1.0,4,1.0,0.0,0.0,0,33,random,0.613000,0.525485
E7,0.0,1.0,4,1.0,0.0,0.0,0,33,round-robin,0.610750,0.514563
E7,0.0,1.0,4,1.0,0.0,0.0,0,33,oracle,0.710750,1.000000
E7,0.0,1.0,4,1.0,0.0,0.0,0,33,snr-greedy,0.616500,0.542476
E7,0.0,1.0,4,1.0,0.0,0.0,0,33,snr-greedy-loss,0.615000,0.535194
E7,0.0,1.0,4,1.0,0.0,0.0,0,33,snr-mean,0.600750,0.466019
E7,0.0,1.0,4,1.0,0.0,0.0,0,33,belief,0.614000,0.530340
E7,0.0,1.0,4,1.0,0.0,0.0,0,33,belief-pred,0.606750,0.495146
E7,0.0,1.0,4,1.0,0.0,0.0,0,33,ewma,0.619250,0.555825
E7,0.0,1.0,4,1.0,0.0,0.0,0,33,blend-paper,0.616500,0.542476
E7,0.0,1.0,4,1.0,0.0,0.0,0,33,saf-adaptive,0.606750,0.495146
E7,0.0,1.0,4,1.0,0.0,0.0,0,34,random,0.610500,0.498123
E7,0.0,1.0,4,1.0,0.0,0.0,0,34,round-robin,0.613750,0.514393
E7,0.0,1.0,4,1.0,0.0,0.0,0,34,oracle,0.710750,1.000000
E7,0.0,1.0,4,1.0,0.0,0.0,0,34,snr-greedy,0.614750,0.519399
E7,0.0,1.0,4,1.0,0.0,0.0,0,34,snr-greedy-loss,0.614500,0.518148
E7,0.0,1.0,4,1.0,0.0,0.0,0,34,snr-mean,0.619000,0.540676
E7,0.0,1.0,4,1.0,0.0,0.0,0,34,belief,0.616500,0.528160
E7,0.0,1.0,4,1.0,0.0,0.0,0,34,belief-pred,0.619250,0.541927
E7,0.0,1.0,4,1.0,0.0,0.0,0,34,ewma,0.615250,0.521902
E7,0.0,1.0,4,1.0,0.0,0.0,0,34,blend-paper,0.616000,0.525657
E7,0.0,1.0,4,1.0,0.0,0.0,0,34,saf-adaptive,0.619000,0.540676
E7,0.0,1.0,4,1.0,0.0,0.0,0,35,random,0.615750,0.480469
E7,0.0,1.0,4,1.0,0.0,0.0,0,35,round-robin,0.622000,0.513021
E7,0.0,1.0,4,1.0,0.0,0.0,0,35,oracle,0.715500,1.000000
E7,0.0,1.0,4,1.0,0.0,0.0,0,35,snr-greedy,0.626250,0.535156
E7,0.0,1.0,4,1.0,0.0,0.0,0,35,snr-greedy-loss,0.633500,0.572917
E7,0.0,1.0,4,1.0,0.0,0.0,0,35,snr-mean,0.621000,0.507812
E7,0.0,1.0,4,1.0,0.0,0.0,0,35,belief,0.629750,0.553385
E7,0.0,1.0,4,1.0,0.0,0.0,0,35,belief-pred,0.623250,0.519531
E7,0.0,1.0,4,1.0,0.0,0.0,0,35,ewma,0.623250,0.519531
E7,0.0,1.0,4,1.0,0.0,0.0,0,35,blend-paper,0.620750,0.506510
E7,0.0,1.0,4,1.0,0.0,0.0,0,35,saf-adaptive,0.624500,0.526042
E7,0.0,1.0,4,1.0,0.0,0.0,0,36,random,0.613250,0.495507
E7,0.0,1.0,4,1.0,0.0,0.0,0,36,round-robin,0.611000,0.483954
E7,0.0,1.0,4,1.0,0.0,0.0,0,36,oracle,0.711500,1.000000
E7,0.0,1.0,4,1.0,0.0,0.0,0,36,snr-greedy,0.617750,0.518614
E7,0.0,1.0,4,1.0,0.0,0.0,0,36,snr-greedy-loss,0.624500,0.553273
E7,0.0,1.0,4,1.0,0.0,0.0,0,36,snr-mean,0.613750,0.498074
E7,0.0,1.0,4,1.0,0.0,0.0,0,36,belief,0.618250,0.521181
E7,0.0,1.0,4,1.0,0.0,0.0,0,36,belief-pred,0.610500,0.481386
E7,0.0,1.0,4,1.0,0.0,0.0,0,36,ewma,0.614750,0.503209
E7,0.0,1.0,4,1.0,0.0,0.0,0,36,blend-paper,0.614750,0.503209
E7,0.0,1.0,4,1.0,0.0,0.0,0,36,saf-adaptive,0.610500,0.481386
E7,0.0,1.0,4,1.0,0.0,0.0,0,37,random,0.620750,0.538363
E7,0.0,1.0,4,1.0,0.0,0.0,0,37,round-robin,0.613750,0.502558
E7,0.0,1.0,4,1.0,0.0,0.0,0,37,oracle,0.711000,1.000000
E7,0.0,1.0,4,1.0,0.0,0.0,0,37,snr-greedy,0.614500,0.506394
E7,0.0,1.0,4,1.0,0.0,0.0,0,37,snr-greedy-loss,0.618500,0.526854
E7,0.0,1.0,4,1.0,0.0,0.0,0,37,snr-mean,0.624000,0.554987
E7,0.0,1.0,4,1.0,0.0,0.0,0,37,belief,0.618000,0.524297
E7,0.0,1.0,4,1.0,0.0,0.0,0,37,belief-pred,0.621000,0.539642
E7,0.0,1.0,4,1.0,0.0,0.0,0,37,ewma,0.620750,0.538363
E7,0.0,1.0,4,1.0,0.0,0.0,0,37,blend-paper,0.619750,0.533248
E7,0.0,1.0,4,1.0,0.0,0.0,0,37,saf-adaptive,0.621000,0.539642
E7,0.0,1.0,4,1.0,0.0,0.0,0,38,random,0.620000,0.480149
E7,0.0,1.0,4,1.0,0.0,0.0,0,38,round-robin,0.622250,0.491315
E7,0.0,1.0,4,1.0,0.0,0.0,0,38,oracle,0.724750,1.000000
E7,0.0,1.0,4,1.0,0.0,0.0,0,38,snr-greedy,0.623000,0.495037
E7,0.0,1.0,4,1.0,0.0,0.0,0,38,snr-greedy-loss,0.624500,0.502481
E7,0.0,1.0,4,1.0,0.0,0.0,0,38,snr-mean,0.624000,0.500000
E7,0.0,1.0,4,1.0,0.0,0.0,0,38,belief,0.627750,0.518610
E7,0.0,1.0,4,1.0,0.0,0.0,0,38,belief-pred,0.615000,0.455335
E7,0.0,1.0,4,1.0,0.0,0.0,0,38,ewma,0.625500,0.507444
E7,0.0,1.0,4,1.0,0.0,0.0,0,38,blend-paper,0.620500,0.482630
E7,0.0,1.0,4,1.0,0.0,0.0,0,38,saf-adaptive,0.615000,0.455335
E7,0.0,1.0,4,1.0,0.0,0.0,0,39,random,0.620000,0.508844
E7,0.0,1.0,4,1.0,0.0,0.0,0,39,round-robin,0.615750,0.485714
E7,0.0,1.0,4,1.0,0.0,0.0,0,39,oracle,0.710250,1.000000
E7,0.0,1.0,4,1.0,0.0,0.0,0,39,snr-greedy,0.619500,0.506122
E7,0.0,1.0,4,1.0,0.0,0.0,0,39,snr-greedy-loss,0.620250,0.510204
E7,0.0,1.0,4,1.0,0.0,0.0,0,39,snr-mean,0.624000,0.530612
E7,0.0,1.0,4,1.0,0.0,0.0,0,39,belief,0.619000,0.503401
E7,0.0,1.0,4,1.0,0.0,0.0,0,39,belief-pred,0.623000,0.525170
E7,0.0,1.0,4,1.0,0.0,0.0,0,39,ewma,0.625000,0.536054
E7,0.0,1.0,4,1.0,0.0,0.0,0,39,blend-paper,0.620250,0.510204
E7,0.0,1.0,4,1.0,0.0,0.0,0,39,saf-adaptive,0.624000,0.530612
E7,0.0,1.0,4,1.0,0.0,0.0,0,40,random,0.606500,0.500000
E7,0.0,1.0,4,1.0,0.0,0.0,0,40,round-robin,0.606500,0.500000
E7,0.0,1.0,4,1.0,0.0,0.0,0,40,oracle,0.711750,1.000000
E7,0.0,1.0,4,1.0,0.0,0.0,0,40,snr-greedy,0.601750,0.477435
E7,0.0,1.0,4,1.0,0.0,0.0,0,40,snr-greedy-loss,0.604500,0.490499
E7,0.0,1.0,4,1.0,0.0,0.0,0,40,snr-mean,0.615000,0.540380
E7,0.0,1.0,4,1.0,0.0,0.0,0,40,belief,0.601750,0.477435
E7,0.0,1.0,4,1.0,0.0,0.0,0,40,belief-pred,0.613500,0.533254
E7,0.0,1.0,4,1.0,0.0,0.0,0,40,ewma,0.617250,0.551069
E7,0.0,1.0,4,1.0,0.0,0.0,0,40,blend-paper,0.614500,0.538005
E7,0.0,1.0,4,1.0,0.0,0.0,0,40,saf-adaptive,0.613500,0.533254
E7,0.0,1.0,4,1.0,0.0,0.0,0,41,random,0.599500,0.479319
E7,0.0,1.0,4,1.0,0.0,0.0,0,41,round-robin,0.603000,0.496350
E7,0.0,1.0,4,1.0,0.0,0.0,0,41,oracle,0.706500,1.000000
E7,0.0,1.0,4,1.0,0.0,0.0,0,41,snr-greedy,0.607750,0.519465
E7,0.0,1.0,4,1.0,0.0,0.0,0,41,snr-greedy-loss,0.608000,0.520681
E7,0.0,1.0,4,1.0,0.0,0.0,0,41,snr-mean,0.611250,0.536496
E7,0.0,1.0,4,1.0,0.0,0.0,0,41,belief,0.607000,0.515815
E7,0.0,1.0,4,1.0,0.0,0.0,0,41,belief-pred,0.612000,0.540146
E7,0.0,1.0,4,1.0,0.0,0.0,0,41,ewma,0.613750,0.548662
E7,0.0,1.0,4,1.0,0.0,0.0,0,41,blend-paper,0.611250,0.536496
E7,0.0,1.0,4,1.0,0.0,0.0,0,41,saf-adaptive,0.611500,0.537713
E7,0.0,1.0,4,1.0,0.0,0.0,0,42,random,0.606500,0.515513
E7,0.0,1.0,4,1.0,0.0,0.0,0,42,round-robin,0.601750,0.492840
E7,0.0,1.0,4,1.0,0.0,0.0,0,42,oracle,0.708000,1.000000
E7,0.0,1.0,4,1.0,0.0,0.0,0,42,snr-greedy,0.608250,0.523866
E7,0.0,1.0,4,1.0,0.0,0.0,0,42,snr-greedy-loss,0.608000,0.522673
E7,0.0,1.0,4,1.0,0.0,0.0,0,42,snr-mean,0.608250,0.523866
E7,0.0,1.0,4,1.0,0.0,0.0,0,42,belief,0.608250,0.523866
E7,0.0,1.0,4,1.0,0.0,0.0,0,42,belief-pred,0.606000,0.513126
E7,0.0,1.0,4,1.0,0.0,0.0,0,42,ewma,0.601250,0.490453
E7,0.0,1.0,4,1.0,0.0,0.0,0,42,blend-paper,0.611500,0.539379
E7,0.0,1.0,4,1.0,0.0,0.0,0,42,saf-adaptive,0.606250,0.514320
E7,0.0,1.0,4,1.0,0.0,0.0,0,43,random,0.606000,0.492519
E7,0.0,1.0,4,1.0,0.0,0.0,0,43,round-robin,0.607250,0.498753
E7,0.0,1.0,4,1.0,0.0,0.0,0,43,oracle,0.707750,1.000000
E7,0.0,1.0,4,1.0,0.0,0.0,0,43,snr-greedy,0.607750,0.501247
E7,0.0,1.0,4,1.0,0.0,0.0,0,43,snr-greedy-loss,0.608000,0.502494
E7,0.0,1.0,4,1.0,0.0,0.0,0,43,snr-mean,0.600000,0.462594
E7,0.0,1.0,4,1.0,0.0,0.0,0,43,belief,0.608750,0.506234
E7,0.0,1.0,4,1.0,0.0,0.0,0,43,belief-pred,0.602000,0.472569
E7,0.0,1.0,4,1.0,0.0,0.0,0,43,ewma,0.609000,0.507481
E7,0.0,1.0,4,1.0,0.0,0.0,0,43,blend-paper,0.615250,0.538653
E7,0.0,1.0,4,1.0,0.0,0.0,0,43,saf-adaptive,0.602250,0.473815
E7,0.0,1.0,4,1.0,0.0,0.0,0,44,random,0.610000,0.487212
E7,0.0,1.0,4,1.0,0.0,0.0,0,44,round-robin,0.613500,0.505115
E7,0.0,1.0,4,1.0,0.0,0.0,0,44,oracle,0.710250,1.000000
E7,0.0,1.0,4,1.0,0.0,0.0,0,44,snr-greedy,0.617000,0.523018
E7,0.0,1.0,4,1.0,0.0,0.0,0,44,snr-greedy-loss,0.616000,0.517903
E7,0.0,1.0,4,1.0,0.0,0.0,0,44,snr-mean,0.607750,0.475703
E7,0.0,1.0,4,1.0,0.0,0.0,0,44,belief,0.614000,0.507673
E7,0.0,1.0,4,1.0,0.0,0.0,0,44,belief-pred,0.608250,0.478261
E7,0.0,1.0,4,1.0,0.0,0.0,0,44,ewma,0.610500,0.489770
E7,0.0,1.0,4,1.0,0.0,0.0,0,44,blend-paper,0.617750,0.526854
E7,0.0,1.0,4,1.0,0.0,0.0,0,44,saf-adaptive,0.609500,0.484655
E7,0.0,1.0,4,1.0,0.0,0.0,0,45,random,0.603250,0.496305
E7,0.0,1.0,4,1.0,0.0,0.0,0,45,round-robin,0.604750,0.503695
E7,0.0,1.0,4,1.0,0.0,0.0,0,45,oracle,0.705500,1.000000
E7,0.0,1.0,4,1.0,0.0,0.0,0,45,snr-greedy,0.602500,0.492611
E7,0.0,1.0,4,1.0,0.0,0.0,0,45,snr-greedy-loss,0.603000,0.495074
E7,0.0,1.0,4,1.0,0.0,0.0,0,45,snr-mean,0.610500,0.532020
E7,0.0,1.0,4,1.0,0.0,0.0,0,45,belief,0.601000,0.485222
E7,0.0,1.0,4,1.0,0.0,0.0,0,45,belief-pred,0.602500,0.492611
E7,0.0,1.0,4,1.0,0.0,0.0,0,45,ewma,0.598750,0.474138
E7,0.0,1.0,4,1.0,0.0,0.0,0,45,blend-paper,0.604000,0.500000
E7,0.0,1.0,4,1.0,0.0,0.0,0,45,saf-adaptive,0.602250,0.491379
E7,0.0,1.0,4,1.0,0.0,0.0,0,46,random,0.612000,0.494354
E7,0.0,1.0,4,1.0,0.0,0.0,0,46,round-robin,0.608250,0.475533
E7,0.0,1.0,4,1.0,0.0,0.0,0,46,oracle,0.712750,1.000000
E7,0.0,1.0,4,1.0,0.0,0.0,0,46,snr-greedy,0.616250,0.515684
E7,0.0,1.0,4,1.0,0.0,0.0,0,46,snr-greedy-loss,0.614250,0.505646
E7,0.0,1.0,4,1.0,0.0,0.0,0,46,snr-mean,0.621250,0.540778
E7,0.0,1.0,4,1.0,0.0,0.0,0,46,belief,0.616500,0.516939
E7,0.0,1.0,4,1.0,0.0,0.0,0,46,belief-pred,0.617750,0.523212
E7,0.0,1.0,4,1.0,0.0,0.0,0,46,ewma,0.618500,0.526976
E7,0.0,1.0,4,1.0,0.0,0.0,0,46,blend-paper,0.614500,0.506901
E7,0.0,1.0,4,1.0,0.0,0.0,0,46,saf-adaptive,0.617250,0.520703
E7,0.0,1.0,4,1.0,0.0,0.0,0,47,random,0.609250,0.471814
E7,0.0,1.0,4,1.0,0.0,0.0,0,47,round-robin,0.616500,0.507353
E7,0.0,1.0,4,1.0,0.0,0.0,0,47,oracle,0.717000,1.000000
E7,0.0,1.0,4,1.0,0.0,0.0,0,47,snr-greedy,0.626250,0.555147
E7,0.0,1.0,4,1.0,0.0,0.0,0,47,snr-greedy-loss,0.622250,0.535539
E7,0.0,1.0,4,1.0,0.0,0.0,0,47,snr-mean,0.622500,0.536765
E7,0.0,1.0,4,1.0,0.0,0.0,0,47,belief,0.621250,0.530637
E7,0.0,1.0,4,1.0,0.0,0.0,0,47,belief-pred,0.621750,0.533088
E7,0.0,1.0,4,1.0,0.0,0.0,0,47,ewma,0.628750,0.567402
E7,0.0,1.0,4,1.0,0.0,0.0,0,47,blend-paper,0.627000,0.558824
E7,0.0,1.0,4,1.0,0.0,0.0,0,47,saf-adaptive,0.620750,0.528186
E7,0.0,1.0,4,1.0,0.0,0.0,0,48,random,0.616000,0.526316
E7,0.0,1.0,4,1.0,0.0,0.0,0,48,round-robin,0.610500,0.500000
E7,0.0,1.0,4,1.0,0.0,0.0,0,48,oracle,0.715000,1.000000
E7,0.0,1.0,4,1.0,0.0,0.0,0,48,snr-greedy,0.619000,0.540670
E7,0.0,1.0,4,1.0,0.0,0.0,0,48,snr-greedy-loss,0.618750,0.539474
E7,0.0,1.0,4,1.0,0.0,0.0,0,48,snr-mean,0.606250,0.479665
E7,0.0,1.0,4,1.0,0.0,0.0,0,48,belief,0.614750,0.520335
E7,0.0,1.0,4,1.0,0.0,0.0,0,48,belief-pred,0.608250,0.489234
E7,0.0,1.0,4,1.0,0.0,0.0,0,48,ewma,0.611000,0.502392
E7,0.0,1.0,4,1.0,0.0,0.0,0,48,blend-paper,0.614750,0.520335
E7,0.0,1.0,4,1.0,0.0,0.0,0,48,saf-adaptive,0.608500,0.490431
E7,0.0,1.0,4,1.0,0.0,0.0,0,49,random,0.618750,0.532143
E7,0.0,1.0,4,1.0,0.0,0.0,0,49,round-robin,0.613250,0.505952
E7,0.0,1.0,4,1.0,0.0,0.0,0,49,oracle,0.717000,1.000000
E7,0.0,1.0,4,1.0,0.0,0.0,0,49,snr-greedy,0.608500,0.483333
E7,0.0,1.0,4,1.0,0.0,0.0,0,49,snr-greedy-loss,0.610500,0.492857
E7,0.0,1.0,4,1.0,0.0,0.0,0,49,snr-mean,0.615250,0.515476
E7,0.0,1.0,4,1.0,0.0,0.0,0,49,belief,0.611000,0.495238
E7,0.0,1.0,4,1.0,0.0,0.0,0,49,belief-pred,0.613750,0.508333
E7,0.0,1.0,4,1.0,0.0,0.0,0,49,ewma,0.612000,0.500000
E7,0.0,1.0,4,1.0,0.0,0.0,0,49,blend-paper,0.607750,0.479762
E7,0.0,1.0,4,1.0,0.0,0.0,0,49,saf-adaptive,0.611750,0.498810
E7,0.0,1.0,8,1.0,0.0,0.0,0,0,random,0.613250,0.485498
E7,0.0,1.0,8,1.0,0.0,0.0,0,0,round-robin,0.614750,0.493064
E7,0.0,1.0,8,1.0,0.0,0.0,0,0,oracle,0.715250,1.000000
E7,0.0,1.0,8,1.0,0.0,0.0,0,0,snr-greedy,0.616750,0.503153
E7,0.0,1.0,8,1.0,0.0,0.0,0,0,snr-greedy-loss,0.620750,0.523329
E7,0.0,1.0,8,1.0,0.0,0.0,0,0,snr-mean,0.619250,0.515763
E7,0.0,1.0,8,1.0,0.0,0.0,0,0,belief,0.623250,0.535939
E7,0.0,1.0,8,1.0,0.0,0.0,0,0,belief-pred,0.623250,0.535939
E7,0.0,1.0,8,1.0,0.0,0.0,0,0,ewma,0.624500,0.542245
E7,0.0,1.0,8,1.0,0.0,0.0,0,0,blend-paper,0.620750,0.523329
E7,0.0,1.0,8,1.0,0.0,0.0,0,0,saf-adaptive,0.623250,0.535939
E7,0.0,1.0,8,1.0,0.0,0.0,0,1,random,0.616250,0.511323
E7,0.0,1.0,8,1.0,0.0,0.0,0,1,round-robin,0.612500,0.493445
E7,0.0,1.0,8,1.0,0.0,0.0,0,1,oracle,0.718750,1.000000
E7,0.0,1.0,8,1.0,0.0,0.0,0,1,snr-greedy,0.612750,0.494636
E7,0.0,1.0,8,1.0,0.0,0.0,0,1,snr-greedy-loss,0.611250,0.487485
E7,0.0,1.0,8,1.0,0.0,0.0,0,1,snr-mean,0.620250,0.530393
E7,0.0,1.0,8,1.0,0.0,0.0,0,1,belief,0.607500,0.469607
E7,0.0,1.0,8,1.0,0.0,0.0,0,1,belief-pred,0.619500,0.526818
E7,0.0,1.0,8,1.0,0.0,0.0,0,1,ewma,0.623250,0.544696
E7,0.0,1.0,8,1.0,0.0,0.0,0,1,blend-paper,0.619250,0.525626
E7,0.0,1.0,8,1.0,0.0,0.0,0,1,saf-adaptive,0.619250,0.525626
E7,0.0,1.0,8,1.0,0.0,0.0,0,2,random,0.614750,0.493011
E7,0.0,1.0,8,1.0,0.0,0.0,0,2,round-robin,0.617250,0.505718
E7,0.0,1.0,8,1.0,0.0,0.0,0,2,oracle,0.714500,1.000000
E7,0.0,1.0,8,1.0,0.0,0.0,0,2,snr-greedy,0.617750,0.508259
E7,0.0,1.0,8,1.0,0.0,0.0,0,2,snr-greedy-loss,0.622750,0.533672
E7,0.0,1.0,8,1.0,0.0,0.0,0,2,snr-mean,0.624000,0.540025
E7,0.0,1.0,8,1.0,0.0,0.0,0,2,belief,0.621750,0.528590
E7,0.0,1.0,8,1.0,0.0,0.0,0,2,belief-pred,0.618750,0.513342
E7,0.0,1.0,8,1.0,0.0,0.0,0,2,ewma,0.613250,0.485388
E7,0.0,1.0,8,1.0,0.0,0.0,0,2,blend-paper,0.618750,0.513342
E7,0.0,1.0,8,1.0,0.0,0.0,0,2,saf-adaptive,0.617500,0.506989
E7,0.0,1.0,8,1.0,0.0,0.0,0,3,random,0.603250,0.483436
E7,0.0,1.0,8,1.0,0.0,0.0,0,3,round-robin,0.609000,0.511656
E7,0.0,1.0,8,1.0,0.0,0.0,0,3,oracle,0.708500,1.000000
E7,0.0,1.0,8,1.0,0.0,0.0,0,3,snr-greedy,0.605750,0.495706
E7,0.0,1.0,8,1.0,0.0,0.0,0,3,snr-greedy-loss,0.607250,0.503067
E7,0.0,1.0,8,1.0,0.0,0.0,0,3,snr-mean,0.601000,0.472393
E7,0.0,1.0,8,1.0,0.0,0.0,0,3,belief,0.604500,0.489571
E7,0.0,1.0,8,1.0,0.0,0.0,0,3,belief-pred,0.602500,0.479755
E7,0.0,1.0,8,1.0,0.0,0.0,0,3,ewma,0.613750,0.534969
E7,0.0,1.0,8,1.0,0.0,0.0,0,3,blend-paper,0.611000,0.521472
E7,0.0,1.0,8,1.0,0.0,0.0,0,3,saf-adaptive,0.602500,0.479755
E7,0.0,1.0,8,1.0,0.0,0.0,0,4,random,0.605500,0.518834
E7,0.0,1.0,8,1.0,0.0,0.0,0,4,round-robin,0.601500,0.499392
E7,0.0,1.0,8,1.0,0.0,0.0,0,4,oracle,0.704500,1.000000
E7,0.0,1.0,8,1.0,0.0,0.0,0,4,snr-greedy,0.601000,0.496962
E7,0.0,1.0,8,1.0,0.0,0.0,0,4,snr-greedy-loss,0.601500,0.499392
E7,0.0,1.0,8,1.0,0.0,0.0,0,4,snr-mean,0.595000,0.467801
E7,0.0,1.0,8,1.0,0.0,0.0,0,4,belief,0.602250,0.503038
E7,0.0,1.0,8,1.0,0.0,0.0,0,4,belief-pred,0.593500,0.460510
E7,0.0,1.0,8,1.0,0.0,0.0,0,4,ewma,0.597000,0.477521
E7,0.0,1.0,8,1.0,0.0,0.0,0,4,blend-paper,0.602500,0.504253
E7,0.0,1.0,8,1.0,0.0,0.0,0,4,saf-adaptive,0.593250,0.459295
E7,0.0,1.0,8,1.0,0.0,0.0,0,5,random,0.619000,0.506748
E7,0.0,1.0,8,1.0,0.0,0.0,0,5,round-robin,0.618500,0.504294
E7,0.0,1.0,8,1.0,0.0,0.0,0,5,oracle,0.719500,1.000000
E7,0.0,1.0,8,1.0,0.0,0.0,0,5,snr-greedy,0.617500,0.499387
E7,0.0,1.0,8,1.0,0.0,0.0,0,5,snr-greedy-loss,0.620000,0.511656
E7,0.0,1.0,8,1.0,0.0,0.0,0,5,snr-mean,0.607250,0.449080
E7,0.0,1.0,8,1.0,0.0,0.0,0,5,belief,0.620750,0.515337
E7,0.0,1.0,8,1.0,0.0,0.0,0,5,belief-pred,0.609000,0.457669
E7,0.0,1.0,8,1.0,0.0,0.0,0,5,ewma,0.617500,0.499387
E7,0.0,1.0,8,1.0,0.0,0.0,0,5,blend-paper,0.615750,0.490798
E7,0.0,1.0,8,1.0,0.0,0.0,0,5,saf-adaptive,0.609000,0.457669
E7,0.0,1.0,8,1.0,0.0,0.0,0,6,random,0.615250,0.524941
E7,0.0,1.0,8,1.0,0.0,0.0,0,6,round-robin,0.610750,0.503563
E7,0.0,1.0,8,1.0,0.0,0.0,0,6,oracle,0.715250,1.000000
E7,0.0,1.0,8,1.0,0.0,0.0,0,6,snr-greedy,0.615000,0.523753
E7,0.0,1.0,8,1.0,0.0,0.0,0,6,snr-greedy-loss,0.614500,0.521378
E7,0.0,1.0,8,1.0,0.0,0.0,0,6,snr-mean,0.621000,0.552257
E7,0.0,1.0,8,1.0,0.0,0.0,0,6,belief,0.618000,0.538005
E7,0.0,1.0,8,1.0,0.0,0.0,0,6,belief-pred,0.618250,0.539192
E7,0.0,1.0,8,1.0,0.0,0.0,0,6,ewma,0.614250,0.520190
E7,0.0,1.0,8,1.0,0.0,0.0,0,6,blend-paper,0.618000,0.538005
E7,0.0,1.0,8,1.0,0.0,0.0,0,6,saf-adaptive,0.618750,0.541568
E7,0.0,1.0,8,1.0,0.0,0.0,0,7,random,0.618500,0.514612
E7,0.0,1.0,8,1.0,0.0,0.0,0,7,round-robin,0.617750,0.510801
E7,0.0,1.0,8,1.0,0.0,0.0,0,7,oracle,0.714000,1.000000
E7,0.0,1.0,8,1.0,0.0,0.0,0,7,snr-greedy,0.618750,0.515883
E7,0.0,1.0,8,1.0,0.0,0.0,0,7,snr-greedy-loss,0.620000,0.522236
E7,0.0,1.0,8,1.0,0.0,0.0,0,7,snr-mean,0.616000,0.501906
E7,0.0,1.0,8,1.0,0.0,0.0,0,7,belief,0.618750,0.515883
E7,0.0,1.0,8,1.0,0.0,0.0,0,7,belief-pred,0.622250,0.533672
E7,0.0,1.0,8,1.0,0.0,0.0,0,7,ewma,0.611750,0.480305
E7,0.0,1.0,8,1.0,0.0,0.0,0,7,blend-paper,0.609500,0.468869
E7,0.0,1.0,8,1.0,0.0,0.0,0,7,saf-adaptive,0.621750,0.531131
E7,0.0,1.0,8,1.0,0.0,0.0,0,8,random,0.615000,0.501263
E7,0.0,1.0,8,1.0,0.0,0.0,0,8,round-robin,0.617750,0.515152
E7,0.0,1.0,8,1.0,0.0,0.0,0,8,oracle,0.713750,1.000000
E7,0.0,1.0,8,1.0,0.0,0.0,0,8,snr-greedy,0.621750,0.535354
E7,0.0,1.0,8,1.0,0.0,0.0,0,8,snr-greedy-loss,0.617000,0.511364
E7,0.0,1.0,8,1.0,0.0,0.0,0,8,snr-mean,0.622500,0.539141
E7,0.0,1.0,8,1.0,0.0,0.0,0,8,belief,0.618500,0.518939
E7,0.0,1.0,8,1.0,0.0,0.0,0,8,belief-pred,0.615000,0.501263
E7,0.0,1.0,8,1.0,0.0,0.0,0,8,ewma,0.623750,0.545455
E7,0.0,1.0,8,1.0,0.0,0.0,0,8,blend-paper,0.614000,0.496212
E7,0.0,1.0,8,1.0,0.0,0.0,0,8,saf-adaptive,0.615000,0.501263
E7,0.0,1.0,8,1.0,0.0,0.0,0,9,random,0.601750,0.471611
E7,0.0,1.0,8,1.0,0.0,0.0,0,9,round-robin,0.607750,0.499421
E7,0.0,1.0,8,1.0,0.0,0.0,0,9,oracle,0.715750,1.000000
E7,0.0,1.0,8,1.0,0.0,0.0,0,9,snr-greedy,0.611750,0.517961
E7,0.0,1.0,8,1.0,0.0,0.0,0,9,snr-greedy-loss,0.609750,0.508691
E7,0.0,1.0,8,1.0,0.0,0.0,0,9,snr-mean,0.611250,0.515643
E7,0.0,1.0,8,1.0,0.0,0.0,0,9,belief,0.609250,0.506373
E7,0.0,1.0,8,1.0,0.0,0.0,0,9,belief-pred,0.617000,0.542294
E7,0.0,1.0,8,1.0,0.0,0.0,0,9,ewma,0.614750,0.531866
E7,0.0,1.0,8,1.0,0.0,0.0,0,9,blend-paper,0.609750,0.508691
E7,0.0,1.0,8,1.0,0.0,0.0,0,9,saf-adaptive,0.617500,0.544612
E7,0.0,1.0,8,1.0,0.0,0.0,0,10,random,0.612000,0.513806
E7,0.0,1.0,8,1.0,0.0,0.0,0,10,round-robin,0.606750,0.488595
E7,0.0,1.0,8,1.0,0.0,0.0,0,10,oracle,0.713250,1.000000
E7,0.0,1.0,8,1.0,0.0,0.0,0,10,snr-greedy,0.605500,0.482593
E7,0.0,1.0,8,1.0,0.0,0.0,0,10,snr-greedy-loss,0.603000,0.470588
E7,0.0,1.0,8,1.0,0.0,0.0,0,10,snr-mean,0.609500,0.501801
E7,0.0,1.0,8,1.0,0.0,0.0,0,10,belief,0.607750,0.493397
E7,0.0,1.0,8,1.0,0.0,0.0,0,10,belief-pred,0.604250,0.476591
E7,0.0,1.0,8,1.0,0.0,0.0,0,10,ewma,0.612250,0.515006
E7,0.0,1.0,8,1.0,0.0,0.0,0,10,blend-paper,0.611250,0.510204
E7,0.0,1.0,8,1.0,0.0,0.0,0,10,saf-adaptive,0.603750,0.474190
E7,0.0,1.0,8,1.0,0.0,0.0,0,11,random,0.618500,0.510612
E7,0.0,1.0,8,1.0,0.0,0.0,0,11,round-robin,0.616000,0.498127
E7,0.0,1.0,8,1.0,0.0,0.0,0,11,oracle,0.716500,1.000000
E7,0.0,1.0,8,1.0,0.0,0.0,0,11,snr-greedy,0.612750,0.481898
E7,0.0,1.0,8,1.0,0.0,0.0,0,11,snr-greedy-loss,0.618000,0.508115
E7,0.0,1.0,8,1.0,0.0,0.0,0,11,snr-mean,0.623750,0.536829
E7,0.0,1.0,8,1.0,0.0,0.0,0,11,belief,0.621750,0.526841
E7,0.0,1.0,8,1.0,0.0,0.0,0,11,belief-pred,0.625500,0.545568
E7,0.0,1.0,8,1.0,0.0,0.0,0,11,ewma,0.609000,0.463171
E7,0.0,1.0,8,1.0,0.0,0.0,0,11,blend-paper,0.609000,0.463171
E7,0.0,1.0,8,1.0,0.0,0.0,0,11,saf-adaptive,0.625500,0.545568
E7,0.0,1.0,8,1.0,0.0,0.0,0,12,random,0.626500,0.504660
E7,0.0,1.0,8,1.0,0.0,0.0,0,12,round-robin,0.624000,0.491345
E7,0.0,1.0,8,1.0,0.0,0.0,0,12,oracle,0.719500,1.000000
E7,0.0,1.0,8,1.0,0.0,0.0,0,12,snr-greedy,0.628750,0.516644
E7,0.0,1.0,8,1.0,0.0,0.0,0,12,snr-greedy-loss,0.627250,0.508655
E7,0.0,1.0,8,1.0,0.0,0.0,0,12,snr-mean,0.633250,0.540613
E7,0.0,1.0,8,1.0,0.0,0.0,0,12,belief,0.630250,0.524634
E7,0.0,1.0,8,1.0,0.0,0.0,0,12,belief-pred,0.634500,0.547270
E7,0.0,1.0,8,1.0,0.0,0.0,0,12,ewma,0.621000,0.475366
E7,0.0,1.0,8,1.0,0.0,0.0,0,12,blend-paper,0.621750,0.479361
E7,0.0,1.0,8,1.0,0.0,0.0,0,12,saf-adaptive,0.634000,0.544607
E7,0.0,1.0,8,1.0,0.0,0.0,0,13,random,0.611500,0.492556
E7,0.0,1.0,8,1.0,0.0,0.0,0,13,round-robin,0.612000,0.495037
E7,0.0,1.0,8,1.0,0.0,0.0,0,13,oracle,0.713750,1.000000
E7,0.0,1.0,8,1.0,0.0,0.0,0,13,snr-greedy,0.616250,0.516129
E7,0.0,1.0,8,1.0,0.0,0.0,0,13,snr-greedy-loss,0.617000,0.519851
E7,0.0,1.0,8,1.0,0.0,0.0,0,13,snr-mean,0.610000,0.485112
E7,0.0,1.0,8,1.0,0.0,0.0,0,13,belief,0.616500,0.517370
E7,0.0,1.0,8,1.0,0.0,0.0,0,13,belief-pred,0.612500,0.497519
E7,0.0,1.0,8,1.0,0.0,0.0,0,13,ewma,0.613500,0.502481
E7,0.0,1.0,8,1.0,0.0,0.0,0,13,blend-paper,0.610500,0.487593
E7,0.0,1.0,8,1.0,0.0,0.0,0,13,saf-adaptive,0.612000,0.495037
E7,0.0,1.0,8,1.0,0.0,0.0,0,14,random,0.616750,0.484157
E7,0.0,1.0,8,1.0,0.0,0.0,0,14,round-robin,0.618750,0.494297
E7,0.0,1.0,8,1.0,0.0,0.0,0,14,oracle,0.718500,1.000000
E7,0.0,1.0,8,1.0,0.0,0.0,0,14,snr-greedy,0.621250,0.506971
E7,0.0,1.0,8,1.0,0.0,0.0,0,14,snr-greedy-loss,0.619250,0.496831
E7,0.0,1.0,8,1.0,0.0,0.0,0,14,snr-mean,0.619750,0.499366
E7,0.0,1.0,8,1.0,0.0,0.0,0,14,belief,0.616250,0.481622
E7,0.0,1.0,8,1.0,0.0,0.0,0,14,belief-pred,0.618250,0.491762
E7,0.0,1.0,8,1.0,0.0,0.0,0,14,ewma,0.616500,0.482890
E7,0.0,1.0,8,1.0,0.0,0.0,0,14,blend-paper,0.614500,0.472750
E7,0.0,1.0,8,1.0,0.0,0.0,0,14,saf-adaptive,0.617000,0.485425
E7,0.0,1.0,8,1.0,0.0,0.0,0,15,random,0.615000,0.489415
E7,0.0,1.0,8,1.0,0.0,0.0,0,15,round-robin,0.616250,0.495641
E7,0.0,1.0,8,1.0,0.0,0.0,0,15,oracle,0.717500,1.000000
E7,0.0,1.0,8,1.0,0.0,0.0,0,15,snr-greedy,0.617000,0.499377
E7,0.0,1.0,8,1.0,0.0,0.0,0,15,snr-greedy-loss,0.611000,0.469489
E7,0.0,1.0,8,1.0,0.0,0.0,0,15,snr-mean,0.621750,0.523039
E7,0.0,1.0,8,1.0,0.0,0.0,0,15,belief,0.612000,0.474471
E7,0.0,1.0,8,1.0,0.0,0.0,0,15,belief-pred,0.623500,0.531756
E7,0.0,1.0,8,1.0,0.0,0.0,0,15,ewma,0.610000,0.464508
E7,0.0,1.0,8,1.0,0.0,0.0,0,15,blend-paper,0.612750,0.478207
E7,0.0,1.0,8,1.0,0.0,0.0,0,15,saf-adaptive,0.622000,0.524284
E7,0.0,1.0,8,1.0,0.0,0.0,0,16,random,0.609750,0.504391
E7,0.0,1.0,8,1.0,0.0,0.0,0,16,round-robin,0.607750,0.494354
E7,0.0,1.0,8,1.0,0.0,0.0,0,16,oracle,0.708500,1.000000
E7,0.0,1.0,8,1.0,0.0,0.0,0,16,snr-greedy,0.610750,0.509410
E7,0.0,1.0,8,1.0,0.0,0.0,0,16,snr-greedy-loss,0.609500,0.503137
E7,0.0,1.0,8,1.0,0.0,0.0,0,16,snr-mean,0.599000,0.450439
E7,0.0,1.0,8,1.0,0.0,0.0,0,16,belief,0.609250,0.501882
E7,0.0,1.0,8,1.0,0.0,0.0,0,16,belief-pred,0.607250,0.491844
E7,0.0,1.0,8,1.0,0.0,0.0,0,16,ewma,0.610250,0.506901
E7,0.0,1.0,8,1.0,0.0,0.0,0,16,blend-paper,0.611250,0.511920
E7,0.0,1.0,8,1.0,0.0,0.0,0,16,saf-adaptive,0.607500,0.493099
E7,0.0,1.0,8,1.0,0.0,0.0,0,17,random,0.612750,0.501926
E7,0.0,1.0,8,1.0,0.0,0.0,0,17,round-robin,0.614000,0.508344
E7,0.0,1.0,8,1.0,0.0,0.0,0,17,oracle,0.709750,1.000000
E7,0.0,1.0,8,1.0,0.0,0.0,0,17,snr-greedy,0.611500,0.495507
E7,0.0,1.0,8,1.0,0.0,0.0,0,17,snr-greedy-loss,0.611750,0.496791
E7,0.0,1.0,8,1.0,0.0,0.0,0,17,snr-mean,0.606000,0.467266
E7,0.0,1.0,8,1.0,0.0,0.0,0,17,belief,0.611500,0.495507
E7,0.0,1.0,8,1.0,0.0,0.0,0,17,belief-pred,0.607000,0.472401
E7,0.0,1.0,8,1.0,0.0,0.0,0,17,ewma,0.613250,0.504493
E7,0.0,1.0,8,1.0,0.0,0.0,0,17,blend-paper,0.608250,0.478819
E7,0.0,1.0,8,1.0,0.0,0.0,0,17,saf-adaptive,0.607250,0.473684
E7,0.0,1.0,8,1.0,0.0,0.0,0,18,random,0.604750,0.462324
E7,0.0,1.0,8,1.0,0.0,0.0,0,18,round-robin,0.614250,0.510856
E7,0.0,1.0,8,1.0,0.0,0.0,0,18,oracle,0.710000,1.000000
E7,0.0,1.0,8,1.0,0.0,0.0,0,18,snr-greedy,0.609250,0.485313
E7,0.0,1.0,8,1.0,0.0,0.0,0,18,snr-greedy-loss,0.612750,0.503193
E7,0.0,1.0,8,1.0,0.0,0.0,0,18,snr-mean,0.608000,0.478927
E7,0.0,1.0,8,1.0,0.0,0.0,0,18,belief,0.611500,0.496807
E7,0.0,1.0,8,1.0,0.0,0.0,0,18,belief-pred,0.613000,0.504470
E7,0.0,1.0,8,1.0,0.0,0.0,0,18,ewma,0.618250,0.531290
E7,0.0,1.0,8,1.0,0.0,0.0,0,18,blend-paper,0.623250,0.556833
E7,0.0,1.0,8,1.0,0.0,0.0,0,18,saf-adaptive,0.612500,0.501916
E7,0.0,1.0,8,1.0,0.0,0.0,0,19,random,0.608750,0.487715
E7,0.0,1.0,8,1.0,0.0,0.0,0,19,round-robin,0.609000,0.488943
E7,0.0,1.0,8,1.0,0.0,0.0,0,19,oracle,0.713000,1.000000
E7,0.0,1.0,8,1.0,0.0,0.0,0,19,snr-greedy,0.613500,0.511057
E7,0.0,1.0,8,1.0,0.0,0.0,0,19,snr-greedy-loss,0.611250,0.500000
E7,0.0,1.0,8,1.0,0.0,0.0,0,19,snr-mean,0.609500,0.491400
E7,0.0,1.0,8,1.0,0.0,0.0,0,19,belief,0.608000,0.484029
E7,0.0,1.0,8,1.0,0.0,0.0,0,19,belief-pred,0.611250,0.500000
E7,0.0,1.0,8,1.0,0.0,0.0,0,19,ewma,0.616000,0.523342
E7,0.0,1.0,8,1.0,0.0,0.0,0,19,blend-paper,0.604500,0.466830
E7,0.0,1.0,8,1.0,0.0,0.0,0,19,saf-adaptive,0.611000,0.498771
E7,0.0,1.0,8,1.0,0.0,0.0,0,20,random,0.615500,0.502545
E7,0.0,1.0,8,1.0,0.0,0.0,0,20,round-robin,0.616750,0.508906
E7,0.0,1.0,8,1.0,0.0,0.0,0,20,oracle,0.713250,1.000000
E7,0.0,1.0,8,1.0,0.0,0.0,0,20,snr-greedy,0.611500,0.482188
E7,0.0,1.0,8,1.0,0.0,0.0,0,20,snr-greedy-loss,0.611500,0.482188
E7,0.0,1.0,8,1.0,0.0,0.0,0,20,snr-mean,0.598250,0.414758
E7,0.0,1.0,8,1.0,0.0,0.0,0,20,belief,0.607000,0.459288
E7,0.0,1.0,8,1.0,0.0,0.0,0,20,belief-pred,0.597750,0.412214
E7,0.0,1.0,8,1.0,0.0,0.0,0,20,ewma,0.612500,0.487277
E7,0.0,1.0,8,1.0,0.0,0.0,0,20,blend-paper,0.613000,0.489822
E7,0.0,1.0,8,1.0,0.0,0.0,0,20,saf-adaptive,0.598250,0.414758
E7,0.0,1.0,8,1.0,0.0,0.0,0,21,random,0.611250,0.509434
E7,0.0,1.0,8,1.0,0.0,0.0,0,21,round-robin,0.609750,0.501887
E7,0.0,1.0,8,1.0,0.0,0.0,0,21,oracle,0.708750,1.000000
E7,0.0,1.0,8,1.0,0.0,0.0,0,21,snr-greedy,0.617500,0.540881
E7,0.0,1.0,8,1.0,0.0,0.0,0,21,snr-greedy-loss,0.610750,0.506918
E7,0.0,1.0,8,1.0,0.0,0.0,0,21,snr-mean,0.611500,0.510692
E7,0.0,1.0,8,1.0,0.0,0.0,0,21,belief,0.615750,0.532075
E7,0.0,1.0,8,1.0,0.0,0.0,0,21,belief-pred,0.605000,0.477987
E7,0.0,1.0,8,1.0,0.0,0.0,0,21,ewma,0.604500,0.475472
E7,0.0,1.0,8,1.0,0.0,0.0,0,21,blend-paper,0.602000,0.462893
E7,0.0,1.0,8,1.0,0.0,0.0,0,21,saf-adaptive,0.604500,0.475472
E7,0.0,1.0,8,1.0,0.0,0.0,0,22,random,0.608750,0.507353
E7,0.0,1.0,8,1.0,0.0,0.0,0,22,round-robin,0.607250,0.500000
E7,0.0,1.0,8,1.0,0.0,0.0,0,22,oracle,0.709250,1.000000
E7,0.0,1.0,8,1.0,0.0,0.0,0,22,snr-greedy,0.617250,0.549020
E7,0.0,1.0,8,1.0,0.0,0.0,0,22,snr-greedy-loss,0.615500,0.540441
E7,0.0,1.0,8,1.0,0.0,0.0,0,22,snr-mean,0.595750,0.443627
E7,0.0,1.0,8,1.0,0.0,0.0,0,22,belief,0.608250,0.504902
E7,0.0,1.0,8,1.0,0.0,0.0,0,22,belief-pred,0.595750,0.443627
E7,0.0,1.0,8,1.0,0.0,0.0,0,22,ewma,0.607000,0.498775
E7,0.0,1.0,8,1.0,0.0,0.0,0,22,blend-paper,0.606250,0.495098
E7,0.0,1.0,8,1.0,0.0,0.0,0,22,saf-adaptive,0.595750,0.443627
E7,0.0,1.0,8,1.0,0.0,0.0,0,23,random,0.614500,0.504459
E7,0.0,1.0,8,1.0,0.0,0.0,0,23,round-robin,0.614000,0.501911
E7,0.0,1.0,8,1.0,0.0,0.0,0,23,oracle,0.711750,1.000000
E7,0.0,1.0,8,1.0,0.0,0.0,0,23,snr-greedy,0.612250,0.492994
E7,0.0,1.0,8,1.0,0.0,0.0,0,23,snr-greedy-loss,0.613500,0.499363
E7,0.0,1.0,8,1.0,0.0,0.0,0,23,snr-mean,0.621250,0.538854
E7,0.0,1.0,8,1.0,0.0,0.0,0,23,belief,0.618000,0.522293
E7,0.0,1.0,8,1.0,0.0,0.0,0,23,belief-pred,0.625250,0.559236
E7,0.0,1.0,8,1.0,0.0,0.0,0,23,ewma,0.617500,0.519745
E7,0.0,1.0,8,1.0,0.0,0.0,0,23,blend-paper,0.620750,0.536306
E7,0.0,1.0,8,1.0,0.0,0.0,0,23,saf-adaptive,0.625000,0.557962
E7,0.0,1.0,8,1.0,0.0,0.0,0,24,random,0.615250,0.487773
E7,0.0,1.0,8,1.0,0.0,0.0,0,24,round-robin,0.619250,0.508366
E7,0.0,1.0,8,1.0,0.0,0.0,0,24,oracle,0.714750,1.000000
E7,0.0,1.0,8,1.0,0.0,0.0,0,24,snr-greedy,0.619000,0.507079
E7,0.0,1.0,8,1.0,0.0,0.0,0,24,snr-greedy-loss,0.618750,0.505792
E7,0.0,1.0,8,1.0,0.0,0.0,0,24,snr-mean,0.627000,0.548263
E7,0.0,1.0,8,1.0,0.0,0.0,0,24,belief,0.619000,0.507079
E7,0.0,1.0,8,1.0,0.0,0.0,0,24,belief-pred,0.625500,0.540541
E7,0.0,1.0,8,1.0,0.0,0.0,0,24,ewma,0.608750,0.454311
E7,0.0,1.0,8,1.0,0.0,0.0,0,24,blend-paper,0.614500,0.483912
E7,0.0,1.0,8,1.0,0.0,0.0,0,24,saf-adaptive,0.624500,0.535393
E7,0.0,1.0,8,1.0,0.0,0.0,0,25,random,0.615500,0.505115
E7,0.0,1.0,8,1.0,0.0,0.0,0,25,round-robin,0.613250,0.493606
E7,0.0,1.0,8,1.0,0.0,0.0,0,25,oracle,0.712250,1.000000
E7,0.0,1.0,8,1.0,0.0,0.0,0,25,snr-greedy,0.617750,0.516624
E7,0.0,1.0,8,1.0,0.0,0.0,0,25,snr-greedy-loss,0.614750,0.501279
E7,0.0,1.0,8,1.0,0.0,0.0,0,25,snr-mean,0.618500,0.520460
E7,0.0,1.0,8,1.0,0.0,0.0,0,25,belief,0.615000,0.502558
E7,0.0,1.0,8,1.0,0.0,0.0,0,25,belief-pred,0.621500,0.535806
E7,0.0,1.0,8,1.0,0.0,0.0,0,25,ewma,0.612500,0.489770
E7,0.0,1.0,8,1.0,0.0,0.0,0,25,blend-paper,0.611000,0.482097
E7,0.0,1.0,8,1.0,0.0,0.0,0,25,saf-adaptive,0.621250,0.534527
E7,0.0,1.0,8,1.0,0.0,0.0,0,26,random,0.610250,0.497455
E7,0.0,1.0,8,1.0,0.0,0.0,0,26,round-robin,0.612750,0.510178
E7,0.0,1.0,8,1.0,0.0,0.0,0,26,oracle,0.709000,1.000000
E7,0.0,1.0,8,1.0,0.0,0.0,0,26,snr-greedy,0.605500,0.473282
E7,0.0,1.0,8,1.0,0.0,0.0,0,26,snr-greedy-loss,0.604750,0.469466
E7,0.0,1.0,8,1.0,0.0,0.0,0,26,snr-mean,0.610000,0.496183
E7,0.0,1.0,8,1.0,0.0,0.0,0,26,belief,0.607500,0.483461
E7,0.0,1.0,8,1.0,0.0,0.0,0,26,belief-pred,0.610500,0.498728
E7,0.0,1.0,8,1.0,0.0,0.0,0,26,ewma,0.604750,0.469466
E7,0.0,1.0,8,1.0,0.0,0.0,0,26,blend-paper,0.604250,0.466921
E7,0.0,1.0,8,1.0,0.0,0.0,0,26,saf-adaptive,0.611000,0.501272
E7,0.0,1.0,8,1.0,0.0,0.0,0,27,random,0.613000,0.499371
E7,0.0,1.0,8,1.0,0.0,0.0,0,27,round-robin,0.615500,0.511950
E7,0.0,1.0,8,1.0,0.0,0.0,0,27,oracle,0.712500,1.000000
E7,0.0,1.0,8,1.0,0.0,0.0,0,27,snr-greedy,0.608750,0.477987
E7,0.0,1.0,8,1.0,0.0,0.0,0,27,snr-greedy-loss,0.610750,0.488050
E7,0.0,1.0,8,1.0,0.0,0.0,0,27,snr-mean,0.615500,0.511950
E7,0.0,1.0,8,1.0,0.0,0.0,0,27,belief,0.612750,0.498113
E7,0.0,1.0,8,1.0,0.0,0.0,0,27,belief-pred,0.616250,0.515723
E7,0.0,1.0,8,1.0,0.0,0.0,0,27,ewma,0.613500,0.501887
E7,0.0,1.0,8,1.0,0.0,0.0,0,27,blend-paper,0.615500,0.511950
E7,0.0,1.0,8,1.0,0.0,0.0,0,27,saf-adaptive,0.616750,0.518239
E7,0.0,1.0,8,1.0,0.0,0.0,0,28,random,0.606750,0.483617
E7,0.0,1.0,8,1.0,0.0,0.0,0,28,round-robin,0.607250,0.486239
E7,0.0,1.0,8,1.0,0.0,0.0,0,28,oracle,0.705250,1.000000
E7,0.0,1.0,8,1.0,0.0,0.0,0,28,snr-greedy,0.619000,0.547837
E7,0.0,1.0,8,1.0,0.0,0.0,0,28,snr-greedy-loss,0.619750,0.551769
E7,0.0,1.0,8,1.0,0.0,0.0,0,28,snr-mean,0.613500,0.519004
E7,0.0,1.0,8,1.0,0.0,0.0,0,28,belief,0.620750,0.557012
E7,0.0,1.0,8,1.0,0.0,0.0,0,28,belief-pred,0.603250,0.465269
E7,0.0,1.0,8,1.0,0.0,0.0,0,28,ewma,0.613000,0.516383
E7,0.0,1.0,8,1.0,0.0,0.0,0,28,blend-paper,0.616000,0.532110
E7,0.0,1.0,8,1.0,0.0,0.0,0,28,saf-adaptive,0.603250,0.465269
E7,0.0,1.0,8,1.0,0.0,0.0,0,29,random,0.615500,0.478488
E7,0.0,1.0,8,1.0,0.0,0.0,0,29,round-robin,0.617500,0.488918
E7,0.0,1.0,8,1.0,0.0,0.0,0,29,oracle,0.715500,1.000000
E7,0.0,1.0,8,1.0,0.0,0.0,0,29,snr-greedy,0.622750,0.516297
E7,0.0,1.0,8,1.0,0.0,0.0,0,29,snr-greedy-loss,0.622500,0.514993
E7,0.0,1.0,8,1.0,0.0,0.0,0,29,snr-mean,0.623750,0.521512
E7,0.0,1.0,8,1.0,0.0,0.0,0,29,belief,0.626250,0.534550
E7,0.0,1.0,8,1.0,0.0,0.0,0,29,belief-pred,0.620500,0.504563
E7,0.0,1.0,8,1.0,0.0,0.0,0,29,ewma,0.623250,0.518905
E7,0.0,1.0,8,1.0,0.0,0.0,0,29,blend-paper,0.626000,0.533246
E7,0.0,1.0,8,1.0,0.0,0.0,0,29,saf-adaptive,0.619500,0.499348
E7,0.0,1.0,8,1.0,0.0,0.0,0,30,random,0.608000,0.496741
E7,0.0,1.0,8,1.0,0.0,0.0,0,30,round-robin,0.609750,0.505867
E7,0.0,1.0,8,1.0,0.0,0.0,0,30,oracle,0.704500,1.000000
E7,0.0,1.0,8,1.0,0.0,0.0,0,30,snr-greedy,0.608500,0.499348
E7,0.0,1.0,8,1.0,0.0,0.0,0,30,snr-greedy-loss,0.609500,0.504563
E7,0.0,1.0,8,1.0,0.0,0.0,0,30,snr-mean,0.607500,0.494133
E7,0.0,1.0,8,1.0,0.0,0.0,0,30,belief,0.611000,0.512386
E7,0.0,1.0,8,1.0,0.0,0.0,0,30,belief-pred,0.602750,0.469361
E7,0.0,1.0,8,1.0,0.0,0.0,0,30,ewma,0.607750,0.495437
E7,0.0,1.0,8,1.0,0.0,0.0,0,30,blend-paper,0.610000,0.507171
E7,0.0,1.0,8,1.0,0.0,0.0,0,30,saf-adaptive,0.603000,0.470665
E7,0.0,1.0,8,1.0,0.0,0.0,0,31,random,0.607750,0.481061
E7,0.0,1.0,8,1.0,0.0,0.0,0,31,round-robin,0.613500,0.510101
E7,0.0,1.0,8,1.0,0.0,0.0,0,31,oracle,0.710500,1.000000
E7,0.0,1.0,8,1.0,0.0,0.0,0,31,snr-greedy,0.609750,0.491162
E7,0.0,1.0,8,1.0,0.0,0.0,0,31,snr-greedy-loss,0.610000,0.492424
E7,0.0,1.0,8,1.0,0.0,0.0,0,31,snr-mean,0.602250,0.453283
E7,0.0,1.0,8,1.0,0.0,0.0,0,31,belief,0.612250,0.503788
E7,0.0,1.0,8,1.0,0.0,0.0,0,31,belief-pred,0.612000,0.502525
E7,0.0,1.0,8,1.0,0.0,0.0,0,31,ewma,0.618000,0.532828
E7,0.0,1.0,8,1.0,0.0,0.0,0,31,blend-paper,0.616000,0.522727
E7,0.0,1.0,8,1.0,0.0,0.0,0,31,saf-adaptive,0.611000,0.497475
E7,0.0,1.0,8,1.0,0.0,0.0,0,32,random,0.623000,0.507134
E7,0.0,1.0,8,1.0,0.0,0.0,0,32,round-robin,0.619000,0.486381
E7,0.0,1.0,8,1.0,0.0,0.0,0,32,oracle,0.718000,1.000000
E7,0.0,1.0,8,1.0,0.0,0.0,0,32,snr-greedy,0.625250,0.518807
E7,0.0,1.0,8,1.0,0.0,0.0,0,32,snr-greedy-loss,0.623500,0.509728
E7,0.0,1.0,8,1.0,0.0,0.0,0,32,snr-mean,0.621750,0.500649
E7,0.0,1.0,8,1.0,0.0,0.0,0,32,belief,0.620750,0.495460
E7,0.0,1.0,8,1.0,0.0,0.0,0,32,belief-pred,0.617000,0.476005
E7,0.0,1.0,8,1.0,0.0,0.0,0,32,ewma,0.620000,0.491569
E7,0.0,1.0,8,1.0,0.0,0.0,0,32,blend-paper,0.617750,0.479896
E7,0.0,1.0,8,1.0,0.0,0.0,0,32,saf-adaptive,0.617000,0.476005
E7,0.0,1.0,8,1.0,0.0,0.0,0,33,random,0.613000,0.525485
E7,0.0,1.0,8,1.0,0.0,0.0,0,33,round-robin,0.610750,0.514563
E7,0.0,1.0,8,1.0,0.0,0.0,0,33,oracle,0.710750,1.000000
E7,0.0,1.0,8,1.0,0.0,0.0,0,33,snr-greedy,0.610500,0.513350
E7,0.0,1.0,8,1.0,0.0,0.0,0,33,snr-greedy-loss,0.610250,0.512136
E7,0.0,1.0,8,1.0,0.0,0.0,0,33,snr-mean,0.600000,0.462379
E7,0.0,1.0,8,1.0,0.0,0.0,0,33,belief,0.609000,0.506068
E7,0.0,1.0,8,1.0,0.0,0.0,0,33,belief-pred,0.604500,0.484223
E7,0.0,1.0,8,1.0,0.0,0.0,0,33,ewma,0.606500,0.493932
E7,0.0,1.0,8,1.0,0.0,0.0,0,33,blend-paper,0.612250,0.521845
E7,0.0,1.0,8,1.0,0.0,0.0,0,33,saf-adaptive,0.604750,0.485437
E7,0.0,1.0,8,1.0,0.0,0.0,0,34,random,0.610500,0.498123
E7,0.0,1.0,8,1.0,0.0,0.0,0,34,round-robin,0.613750,0.514393
E7,0.0,1.0,8,1.0,0.0,0.0,0,34,oracle,0.710750,1.000000
E7,0.0,1.0,8,1.0,0.0,0.0,0,34,snr-greedy,0.616500,0.528160
E7,0.0,1.0,8,1.0,0.0,0.0,0,34,snr-greedy-loss,0.611250,0.501877
E7,0.0,1.0,8,1.0,0.0,0.0,0,34,snr-mean,0.611250,0.501877
E7,0.0,1.0,8,1.0,0.0,0.0,0,34,belief,0.607500,0.483104
E7,0.0,1.0,8,1.0,0.0,0.0,0,34,belief-pred,0.612750,0.509387
E7,0.0,1.0,8,1.0,0.0,0.0,0,34,ewma,0.613250,0.511890
E7,0.0,1.0,8,1.0,0.0,0.0,0,34,blend-paper,0.610500,0.498123
E7,0.0,1.0,8,1.0,0.0,0.0,0,34,saf-adaptive,0.613000,0.510638
E7,0.0,1.0,8,1.0,0.0,0.0,0,35,random,0.615750,0.480469
E7,0.0,1.0,8,1.0,0.0,0.0,0,35,round-robin,0.622000,0.513021
E7,0.0,1.0,8,1.0,0.0,0.0,0,35,oracle,0.715500,1.000000
E7,0.0,1.0,8,1.0,0.0,0.0,0,35,snr-greedy,0.620250,0.503906
E7,0.0,1.0,8,1.0,0.0,0.0,0,35,snr-greedy-loss,0.622750,0.516927
E7,0.0,1.0,8,1.0,0.0,0.0,0,35,snr-mean,0.620750,0.506510
E7,0.0,1.0,8,1.0,0.0,0.0,0,35,belief,0.618250,0.493490
E7,0.0,1.0,8,1.0,0.0,0.0,0,35,belief-pred,0.615250,0.477865
E7,0.0,1.0,8,1.0,0.0,0.0,0,35,ewma,0.617500,0.489583
E7,0.0,1.0,8,1.0,0.0,0.0,0,35,blend-paper,0.618000,0.492188
E7,0.0,1.0,8,1.0,0.0,0.0,0,35,saf-adaptive,0.614750,0.475260
E7,0.0,1.0,8,1.0,0.0,0.0,0,36,random,0.613250,0.495507
E7,0.0,1.0,8,1.0,0.0,0.0,0,36,round-robin,0.611000,0.483954
E7,0.0,1.0,8,1.0,0.0,0.0,0,36,oracle,0.711500,1.000000
E7,0.0,1.0,8,1.0,0.0,0.0,0,36,snr-greedy,0.619000,0.525032
E7,0.0,1.0,8,1.0,0.0,0.0,0,36,snr-greedy-loss,0.615500,0.507060
E7,0.0,1.0,8,1.0,0.0,0.0,0,36,snr-mean,0.612250,0.490372
E7,0.0,1.0,8,1.0,0.0,0.0,0,36,belief,0.622000,0.540436
E7,0.0,1.0,8,1.0,0.0,0.0,0,36,belief-pred,0.606500,0.460847
E7,0.0,1.0,8,1.0,0.0,0.0,0,36,ewma,0.611250,0.485237
E7,0.0,1.0,8,1.0,0.0,0.0,0,36,blend-paper,0.612000,0.489089
E7,0.0,1.0,8,1.0,0.0,0.0,0,36,saf-adaptive,0.606500,0.460847
E7,0.0,1.0,8,1.0,0.0,0.0,0,37,random,0.620750,0.538363
E7,0.0,1.0,8,1.0,0.0,0.0,0,37,round-robin,0.613750,0.502558
E7,0.0,1.0,8,1.0,0.0,0.0,0,37,oracle,0.711000,1.000000
E7,0.0,1.0,8,1.0,0.0,0.0,0,37,snr-greedy,0.612750,0.497442
E7,0.0,1.0,8,1.0,0.0,0.0,0,37,snr-greedy-loss,0.611500,0.491049
E7,0.0,1.0,8,1.0,0.0,0.0,0,37,snr-mean,0.623000,0.549872
E7,0.0,1.0,8,1.0,0.0,0.0,0,37,belief,0.612000,0.493606
E7,0.0,1.0,8,1.0,0.0,0.0,0,37,belief-pred,0.619250,0.530691
E7,0.0,1.0,8,1.0,0.0,0.0,0,37,ewma,0.626250,0.566496
E7,0.0,1.0,8,1.0,0.0,0.0,0,37,blend-paper,0.615250,0.510230
E7,0.0,1.0,8,1.0,0.0,0.0,0,37,saf-adaptive,0.619250,0.530691
E7,0.0,1.0,8,1.0,0.0,0.0,0,38,random,0.620000,0.480149
E7,0.0,1.0,8,1.0,0.0,0.0,0,38,round-robin,0.622250,0.491315
E7,0.0,1.0,8,1.0,0.0,0.0,0,38,oracle,0.724750,1.000000
E7,0.0,1.0,8,1.0,0.0,0.0,0,38,snr-greedy,0.613000,0.445409
E7,0.0,1.0,8,1.0,0.0,0.0,0,38,snr-greedy-loss,0.611750,0.439206
E7,0.0,1.0,8,1.0,0.0,0.0,0,38,snr-mean,0.617750,0.468983
E7,0.0,1.0,8,1.0,0.0,0.0,0,38,belief,0.615500,0.457816
E7,0.0,1.0,8,1.0,0.0,0.0,0,38,belief-pred,0.614250,0.451613
E7,0.0,1.0,8,1.0,0.0,0.0,0,38,ewma,0.617250,0.466501
E7,0.0,1.0,8,1.0,0.0,0.0,0,38,blend-paper,0.614750,0.454094
E7,0.0,1.0,8,1.0,0.0,0.0,0,38,saf-adaptive,0.614250,0.451613
E7,0.0,1.0,8,1.0,0.0,0.0,0,39,random,0.620000,0.508844
E7,0.0,1.0,8,1.0,0.0,0.0,0,39,round-robin,0.615750,0.485714
E7,0.0,1.0,8,1.0,0.0,0.0,0,39,oracle,0.710250,1.000000
E7,0.0,1.0,8,1.0,0.0,0.0,0,39,snr-greedy,0.621000,0.514286
E7,0.0,1.0,8,1.0,0.0,0.0,0,39,snr-greedy-loss,0.623500,0.527891
E7,0.0,1.0,8,1.0,0.0,0.0,0,39,snr-mean,0.625500,0.538776
E7,0.0,1.0,8,1.0,0.0,0.0,0,39,belief,0.621750,0.518367
E7,0.0,1.0,8,1.0,0.0,0.0,0,39,belief-pred,0.624500,0.533333
E7,0.0,1.0,8,1.0,0.0,0.0,0,39,ewma,0.624500,0.533333
E7,0.0,1.0,8,1.0,0.0,0.0,0,39,blend-paper,0.619750,0.507483
E7,0.0,1.0,8,1.0,0.0,0.0,0,39,saf-adaptive,0.625250,0.537415
E7,0.0,1.0,8,1.0,0.0,0.0,0,40,random,0.606500,0.500000
E7,0.0,1.0,8,1.0,0.0,0.0,0,40,round-robin,0.606500,0.500000
E7,0.0,1.0,8,1.0,0.0,0.0,0,40,oracle,0.711750,1.000000
E7,0.0,1.0,8,1.0,0.0,0.0,0,40,snr-greedy,0.601000,0.473872
E7,0.0,1.0,8,1.0,0.0,0.0,0,40,snr-greedy-loss,0.601750,0.477435
E7,0.0,1.0,8,1.0,0.0,0.0,0,40,snr-mean,0.614750,0.539192
E7,0.0,1.0,8,1.0,0.0,0.0,0,40,belief,0.605250,0.494062
E7,0.0,1.0,8,1.0,0.0,0.0,0,40,belief-pred,0.619250,0.560570
E7,0.0,1.0,8,1.0,0.0,0.0,0,40,ewma,0.608750,0.510689
E7,0.0,1.0,8,1.0,0.0,0.0,0,40,blend-paper,0.610750,0.520190
E7,0.0,1.0,8,1.0,0.0,0.0,0,40,saf-adaptive,0.618750,0.558195
E7,0.0,1.0,8,1.0,0.0,0.0,0,41,random,0.599500,0.479319
E7,0.0,1.0,8,1.0,0.0,0.0,0,41,round-robin,0.603000,0.496350
E7,0.0,1.0,8,1.0,0.0,0.0,0,41,oracle,0.706500,1.000000
E7,0.0,1.0,8,1.0,0.0,0.0,0,41,snr-greedy,0.606750,0.514599
E7,0.0,1.0,8,1.0,0.0,0.0,0,41,snr-greedy-loss,0.605500,0.508516
E7,0.0,1.0,8,1.0,0.0,0.0,0,41,snr-mean,0.610500,0.532847
E7,0.0,1.0,8,1.0,0.0,0.0,0,41,belief,0.602750,0.495134
E7,0.0,1.0,8,1.0,0.0,0.0,0,41,belief-pred,0.615250,0.555961
E7,0.0,1.0,8,1.0,0.0,0.0,0,41,ewma,0.607250,0.517032
E7,0.0,1.0,8,1.0,0.0,0.0,0,41,blend-paper,0.607000,0.515815
E7,0.0,1.0,8,1.0,0.0,0.0,0,41,saf-adaptive,0.614500,0.552311
E7,0.0,1.0,8,1.0,0.0,0.0,0,42,random,0.606500,0.515513
E7,0.0,1.0,8,1.0,0.0,0.0,0,42,round-robin,0.601750,0.492840
E7,0.0,1.0,8,1.0,0.0,0.0,0,42,oracle,0.708000,1.000000
E7,0.0,1.0,8,1.0,0.0,0.0,0,42,snr-greedy,0.607500,0.520286
E7,0.0,1.0,8,1.0,0.0,0.0,0,42,snr-greedy-loss,0.608000,0.522673
E7,0.0,1.0,8,1.0,0.0,0.0,0,42,snr-mean,0.605750,0.511933
E7,0.0,1.0,8,1.0,0.0,0.0,0,42,belief,0.605750,0.511933
E7,0.0,1.0,8,1.0,0.0,0.0,0,42,belief-pred,0.606250,0.514320
E7,0.0,1.0,8,1.0,0.0,0.0,0,42,ewma,0.602500,0.496420
E7,0.0,1.0,8,1.0,0.0,0.0,0,42,blend-paper,0.605750,0.511933
E7,0.0,1.0,8,1.0,0.0,0.0,0,42,saf-adaptive,0.606000,0.513126
E7,0.0,1.0,8,1.0,0.0,0.0,0,43,random,0.606000,0.492519
E7,0.0,1.0,8,1.0,0.0,0.0,0,43,round-robin,0.607250,0.498753
E7,0.0,1.0,8,1.0,0.0,0.0,0,43,oracle,0.707750,1.000000
E7,0.0,1.0,8,1.0,0.0,0.0,0,43,snr-greedy,0.609000,0.507481
E7,0.0,1.0,8,1.0,0.0,0.0,0,43,snr-greedy-loss,0.607750,0.501247
E7,0.0,1.0,8,1.0,0.0,0.0,0,43,snr-mean,0.601500,0.470075
E7,0.0,1.0,8,1.0,0.0,0.0,0,43,belief,0.610500,0.514963
E7,0.0,1.0,8,1.0,0.0,0.0,0,43,belief-pred,0.602250,0.473815
E7,0.0,1.0,8,1.0,0.0,0.0,0,43,ewma,0.611250,0.518703
E7,0.0,1.0,8,1.0,0.0,0.0,0,43,blend-paper,0.610500,0.514963
E7,0.0,1.0,8,1.0,0.0,0.0,0,43,saf-adaptive,0.602000,0.472569
E7,0.0,1.0,8,1.0,0.0,0.0,0,44,random,0.610000,0.487212
E7,0.0,1.0,8,1.0,0.0,0.0,0,44,round-robin,0.613500,0.505115
E7,0.0,1.0,8,1.0,0.0,0.0,0,44,oracle,0.710250,1.000000
E7,0.0,1.0,8,1.0,0.0,0.0,0,44,snr-greedy,0.613000,0.502558
E7,0.0,1.0,8,1.0,0.0,0.0,0,44,snr-greedy-loss,0.614000,0.507673
E7,0.0,1.0,8,1.0,0.0,0.0,0,44,snr-mean,0.603000,0.451407
E7,0.0,1.0,8,1.0,0.0,0.0,0,44,belief,0.610500,0.489770
E7,0.0,1.0,8,1.0,0.0,0.0,0,44,belief-pred,0.599750,0.434783
E7,0.0,1.0,8,1.0,0.0,0.0,0,44,ewma,0.599000,0.430946
E7,0.0,1.0,8,1.0,0.0,0.0,0,44,blend-paper,0.614000,0.507673
E7,0.0,1.0,8,1.0,0.0,0.0,0,44,saf-adaptive,0.599750,0.434783
E7,0.0,1.0,8,1.0,0.0,0.0,0,45,random,0.603250,0.496305
E7,0.0,1.0,8,1.0,0.0,0.0,0,45,round-robin,0.604750,0.503695
E7,0.0,1.0,8,1.0,0.0,0.0,0,45,oracle,0.705500,1.000000
E7,0.0,1.0,8,1.0,0.0,0.0,0,45,snr-greedy,0.604000,0.500000
E7,0.0,1.0,8,1.0,0.0,0.0,0,45,snr-greedy-loss,0.599750,0.479064
E7,0.0,1.0,8,1.0,0.0,0.0,0,45,snr-mean,0.609500,0.527094
E7,0.0,1.0,8,1.0,0.0,0.0,0,45,belief,0.599500,0.477833
E7,0.0,1.0,8,1.0,0.0,0.0,0,45,belief-pred,0.603750,0.498768
E7,0.0,1.0,8,1.0,0.0,0.0,0,45,ewma,0.607000,0.514778
E7,0.0,1.0,8,1.0,0.0,0.0,0,45,blend-paper,0.598500,0.472906
E7,0.0,1.0,8,1.0,0.0,0.0,0,45,saf-adaptive,0.603250,0.496305
E7,0.0,1.0,8,1.0,0.0,0.0,0,46,random,0.612000,0.494354
E7,0.0,1.0,8,1.0,0.0,0.0,0,46,round-robin,0.608250,0.475533
E7,0.0,1.0,8,1.0,0.0,0.0,0,46,oracle,0.712750,1.000000
E7,0.0,1.0,8,1.0,0.0,0.0,0,46,snr-greedy,0.612500,0.496863
E7,0.0,1.0,8,1.0,0.0,0.0,0,46,snr-greedy-loss,0.610250,0.485571
E7,0.0,1.0,8,1.0,0.0,0.0,0,46,snr-mean,0.616500,0.516939
E7,0.0,1.0,8,1.0,0.0,0.0,0,46,belief,0.616750,0.518193
E7,0.0,1.0,8,1.0,0.0,0.0,0,46,belief-pred,0.612750,0.498118
E7,0.0,1.0,8,1.0,0.0,0.0,0,46,ewma,0.608500,0.476788
E7,0.0,1.0,8,1.0,0.0,0.0,0,46,blend-paper,0.613250,0.500627
E7,0.0,1.0,8,1.0,0.0,0.0,0,46,saf-adaptive,0.613250,0.500627
E7,0.0,1.0,8,1.0,0.0,0.0,0,47,random,0.609250,0.471814
E7,0.0,1.0,8,1.0,0.0,0.0,0,47,round-robin,0.616500,0.507353
E7,0.0,1.0,8,1.0,0.0,0.0,0,47,oracle,0.717000,1.000000
E7,0.0,1.0,8,1.0,0.0,0.0,0,47,snr-greedy,0.622750,0.537990
E7,0.0,1.0,8,1.0,0.0,0.0,0,47,snr-greedy-loss,0.621500,0.531863
E7,0.0,1.0,8,1.0,0.0,0.0,0,47,snr-mean,0.617500,0.512255
E7,0.0,1.0,8,1.0,0.0,0.0,0,47,belief,0.620250,0.525735
E7,0.0,1.0,8,1.0,0.0,0.0,0,47,belief-pred,0.615500,0.502451
E7,0.0,1.0,8,1.0,0.0,0.0,0,47,ewma,0.621000,0.529412
E7,0.0,1.0,8,1.0,0.0,0.0,0,47,blend-paper,0.628750,0.567402
E7,0.0,1.0,8,1.0,0.0,0.0,0,47,saf-adaptive,0.615750,0.503676
E7,0.0,1.0,8,1.0,0.0,0.0,0,48,random,0.616000,0.526316
E7,0.0,1.0,8,1.0,0.0,0.0,0,48,round-robin,0.610500,0.500000
E7,0.0,1.0,8,1.0,0.0,0.0,0,48,oracle,0.715000,1.000000
E7,0.0,1.0,8,1.0,0.0,0.0,0,48,snr-greedy,0.615500,0.523923
E7,0.0,1.0,8,1.0,0.0,0.0,0,48,snr-greedy-loss,0.613750,0.515550
E7,0.0,1.0,8,1.0,0.0,0.0,0,48,snr-mean,0.605500,0.476077
E7,0.0,1.0,8,1.0,0.0,0.0,0,48,belief,0.614250,0.517943
E7,0.0,1.0,8,1.0,0.0,0.0,0,48,belief-pred,0.603250,0.465311
E7,0.0,1.0,8,1.0,0.0,0.0,0,48,ewma,0.602500,0.461722
E7,0.0,1.0,8,1.0,0.0,0.0,0,48,blend-paper,0.605000,0.473684
E7,0.0,1.0,8,1.0,0.0,0.0,0,48,saf-adaptive,0.603500,0.466507
E7,0.0,1.0,8,1.0,0.0,0.0,0,49,random,0.618750,0.532143
E7,0.0,1.0,8,1.0,0.0,0.0,0,49,round-robin,0.613250,0.505952
E7,0.0,1.0,8,1.0,0.0,0.0,0,49,oracle,0.717000,1.000000
E7,0.0,1.0,8,1.0,0.0,0.0,0,49,snr-greedy,0.609250,0.486905
E7,0.0,1.0,8,1.0,0.0,0.0,0,49,snr-greedy-loss,0.608000,0.480952
E7,0.0,1.0,8,1.0,0.0,0.0,0,49,snr-mean,0.614000,0.509524
E7,0.0,1.0,8,1.0,0.0,0.0,0,49,belief,0.606250,0.472619
E7,0.0,1.0,8,1.0,0.0,0.0,0,49,belief-pred,0.612500,0.502381
E7,0.0,1.0,8,1.0,0.0,0.0,0,49,ewma,0.618250,0.529762
E7,0.0,1.0,8,1.0,0.0,0.0,0,49,blend-paper,0.606750,0.475000
E7,0.0,1.0,8,1.0,0.0,0.0,0,49,saf-adaptive,0.615250,0.515476
E7,0.0,1.0,16,1.0,0.0,0.0,0,0,random,0.613250,0.485498
E7,0.0,1.0,16,1.0,0.0,0.0,0,0,round-robin,0.614750,0.493064
E7,0.0,1.0,16,1.0,0.0,0.0,0,0,oracle,0.715250,1.000000
E7,0.0,1.0,16,1.0,0.0,0.0,0,0,snr-greedy,0.617500,0.506936
E7,0.0,1.0,16,1.0,0.0,0.0,0,0,snr-greedy-loss,0.618750,0.513241
E7,0.0,1.0,16,1.0,0.0,0.0,0,0,snr-mean,0.625250,0.546028
E7,0.0,1.0,16,1.0,0.0,0.0,0,0,belief,0.621750,0.528373
E7,0.0,1.0,16,1.0,0.0,0.0,0,0,belief-pred,0.622250,0.530895
E7,0.0,1.0,16,1.0,0.0,0.0,0,0,ewma,0.617500,0.506936
E7,0.0,1.0,16,1.0,0.0,0.0,0,0,blend-paper,0.619000,0.514502
E7,0.0,1.0,16,1.0,0.0,0.0,0,0,saf-adaptive,0.622250,0.530895
E7,0.0,1.0,16,1.0,0.0,0.0,0,1,random,0.616250,0.511323
E7,0.0,1.0,16,1.0,0.0,0.0,0,1,round-robin,0.612500,0.493445
E7,0.0,1.0,16,1.0,0.0,0.0,0,1,oracle,0.718750,1.000000
E7,0.0,1.0,16,1.0,0.0,0.0,0,1,snr-greedy,0.610250,0.482718
E7,0.0,1.0,16,1.0,0.0,0.0,0,1,snr-greedy-loss,0.611250,0.487485
E7,0.0,1.0,16,1.0,0.0,0.0,0,1,snr-mean,0.621500,0.536353
E7,0.0,1.0,16,1.0,0.0,0.0,0,1,belief,0.614500,0.502980
E7,0.0,1.0,16,1.0,0.0,0.0,0,1,belief-pred,0.623250,0.544696
E7,0.0,1.0,16,1.0,0.0,0.0,0,1,ewma,0.618500,0.522050
E7,0.0,1.0,16,1.0,0.0,0.0,0,1,blend-paper,0.610000,0.481526
E7,0.0,1.0,16,1.0,0.0,0.0,0,1,saf-adaptive,0.623250,0.544696
E7,0.0,1.0,16,1.0,0.0,0.0,0,2,random,0.614750,0.493011
E7,0.0,1.0,16,1.0,0.0,0.0,0,2,round-robin,0.617250,0.505718
E7,0.0,1.0,16,1.0,0.0,0.0,0,2,oracle,0.714500,1.000000
E7,0.0,1.0,16,1.0,0.0,0.0,0,2,snr-greedy,0.619250,0.515883
E7,0.0,1.0,16,1.0,0.0,0.0,0,2,snr-greedy-loss,0.618000,0.509530
E7,0.0,1.0,16,1.0,0.0,0.0,0,2,snr-mean,0.623250,0.536213
E7,0.0,1.0,16,1.0,0.0,0.0,0,2,belief,0.617250,0.505718
E7,0.0,1.0,16,1.0,0.0,0.0,0,2,belief-pred,0.617250,0.505718
E7,0.0,1.0,16,1.0,0.0,0.0,0,2,ewma,0.617250,0.505718
E7,0.0,1.0,16,1.0,0.0,0.0,0,2,blend-paper,0.610000,0.468869
E7,0.0,1.0,16,1.0,0.0,0.0,0,2,saf-adaptive,0.617250,0.505718
E7,0.0,1.0,16,1.0,0.0,0.0,0,3,random,0.603250,0.483436
E7,0.0,1.0,16,1.0,0.0,0.0,0,3,round-robin,0.609000,0.511656
E7,0.0,1.0,16,1.0,0.0,0.0,0,3,oracle,0.708500,1.000000
E7,0.0,1.0,16,1.0,0.0,0.0,0,3,snr-greedy,0.601000,0.472393
E7,0.0,1.0,16,1.0,0.0,0.0,0,3,snr-greedy-loss,0.603250,0.483436
E7,0.0,1.0,16,1.0,0.0,0.0,0,3,snr-mean,0.602500,0.479755
E7,0.0,1.0,16,1.0,0.0,0.0,0,3,belief,0.606250,0.498160
E7,0.0,1.0,16,1.0,0.0,0.0,0,3,belief-pred,0.608750,0.510429
E7,0.0,1.0,16,1.0,0.0,0.0,0,3,ewma,0.612000,0.526380
E7,0.0,1.0,16,1.0,0.0,0.0,0,3,blend-paper,0.610500,0.519018
E7,0.0,1.0,16,1.0,0.0,0.0,0,3,saf-adaptive,0.609250,0.512883
E7,0.0,1.0,16,1.0,0.0,0.0,0,4,random,0.605500,0.518834
E7,0.0,1.0,16,1.0,0.0,0.0,0,4,round-robin,0.601500,0.499392
E7,0.0,1.0,16,1.0,0.0,0.0,0,4,oracle,0.704500,1.000000
E7,0.0,1.0,16,1.0,0.0,0.0,0,4,snr-greedy,0.596500,0.475091
E7,0.0,1.0,16,1.0,0.0,0.0,0,4,snr-greedy-loss,0.597750,0.481166
E7,0.0,1.0,16,1.0,0.0,0.0,0,4,snr-mean,0.593000,0.458080
E7,0.0,1.0,16,1.0,0.0,0.0,0,4,belief,0.599750,0.490887
E7,0.0,1.0,16,1.0,0.0,0.0,0,4,belief-pred,0.596500,0.475091
E7,0.0,1.0,16,1.0,0.0,0.0,0,4,ewma,0.600000,0.492102
E7,0.0,1.0,16,1.0,0.0,0.0,0,4,blend-paper,0.599250,0.488457
E7,0.0,1.0,16,1.0,0.0,0.0,0,4,saf-adaptive,0.597000,0.477521
E7,0.0,1.0,16,1.0,0.0,0.0,0,5,random,0.619000,0.506748
E7,0.0,1.0,16,1.0,0.0,0.0,0,5,round-robin,0.618500,0.504294
E7,0.0,1.0,16,1.0,0.0,0.0,0,5,oracle,0.719500,1.000000
E7,0.0,1.0,16,1.0,0.0,0.0,0,5,snr-greedy,0.612750,0.476074
E7,0.0,1.0,16,1.0,0.0,0.0,0,5,snr-greedy-loss,0.614000,0.482209
E7,0.0,1.0,16,1.0,0.0,0.0,0,5,snr-mean,0.607750,0.451534
E7,0.0,1.0,16,1.0,0.0,0.0,0,5,belief,0.614500,0.484663
E7,0.0,1.0,16,1.0,0.0,0.0,0,5,belief-pred,0.611000,0.467485
E7,0.0,1.0,16,1.0,0.0,0.0,0,5,ewma,0.615000,0.487117
E7,0.0,1.0,16,1.0,0.0,0.0,0,5,blend-paper,0.620250,0.512883
E7,0.0,1.0,16,1.0,0.0,0.0,0,5,saf-adaptive,0.611000,0.467485
E7,0.0,1.0,16,1.0,0.0,0.0,0,6,random,0.615250,0.524941
E7,0.0,1.0,16,1.0,0.0,0.0,0,6,round-robin,0.610750,0.503563
E7,0.0,1.0,16,1.0,0.0,0.0,0,6,oracle,0.715250,1.000000
E7,0.0,1.0,16,1.0,0.0,0.0,0,6,snr-greedy,0.607750,0.489311
E7,0.0,1.0,16,1.0,0.0,0.0,0,6,snr-greedy-loss,0.611000,0.504751
E7,0.0,1.0,16,1.0,0.0,0.0,0,6,snr-mean,0.620500,0.549881
E7,0.0,1.0,16,1.0,0.0,0.0,0,6,belief,0.606750,0.484561
E7,0.0,1.0,16,1.0,0.0,0.0,0,6,belief-pred,0.616500,0.530879
E7,0.0,1.0,16,1.0,0.0,0.0,0,6,ewma,0.615750,0.527316
E7,0.0,1.0,16,1.0,0.0,0.0,0,6,blend-paper,0.614750,0.522565
E7,0.0,1.0,16,1.0,0.0,0.0,0,6,saf-adaptive,0.615750,0.527316
E7,0.0,1.0,16,1.0,0.0,0.0,0,7,random,0.618500,0.514612
E7,0.0,1.0,16,1.0,0.0,0.0,0,7,round-robin,0.617750,0.510801
E7,0.0,1.0,16,1.0,0.0,0.0,0,7,oracle,0.714000,1.000000
E7,0.0,1.0,16,1.0,0.0,0.0,0,7,snr-greedy,0.619000,0.517154
E7,0.0,1.0,16,1.0,0.0,0.0,0,7,snr-greedy-loss,0.615000,0.496823
E7,0.0,1.0,16,1.0,0.0,0.0,0,7,snr-mean,0.618500,0.514612
E7,0.0,1.0,16,1.0,0.0,0.0,0,7,belief,0.620250,0.523507
E7,0.0,1.0,16,1.0,0.0,0.0,0,7,belief-pred,0.622250,0.533672
E7,0.0,1.0,16,1.0,0.0,0.0,0,7,ewma,0.617250,0.508259
E7,0.0,1.0,16,1.0,0.0,0.0,0,7,blend-paper,0.620500,0.524778
E7,0.0,1.0,16,1.0,0.0,0.0,0,7,saf-adaptive,0.622500,0.534943
E7,0.0,1.0,16,1.0,0.0,0.0,0,8,random,0.615000,0.501263
E7,0.0,1.0,16,1.0,0.0,0.0,0,8,round-robin,0.617750,0.515152
E7,0.0,1.0,16,1.0,0.0,0.0,0,8,oracle,0.713750,1.000000
E7,0.0,1.0,16,1.0,0.0,0.0,0,8,snr-greedy,0.610500,0.478535
E7,0.0,1.0,16,1.0,0.0,0.0,0,8,snr-greedy-loss,0.611000,0.481061
E7,0.0,1.0,16,1.0,0.0,0.0,0,8,snr-mean,0.621750,0.535354
E7,0.0,1.0,16,1.0,0.0,0.0,0,8,belief,0.616250,0.507576
E7,0.0,1.0,16,1.0,0.0,0.0,0,8,belief-pred,0.620000,0.526515
E7,0.0,1.0,16,1.0,0.0,0.0,0,8,ewma,0.620500,0.529040
E7,0.0,1.0,16,1.0,0.0,0.0,0,8,blend-paper,0.616000,0.506313
E7,0.0,1.0,16,1.0,0.0,0.0,0,8,saf-adaptive,0.619500,0.523990
E7,0.0,1.0,16,1.0,0.0,0.0,0,9,random,0.601750,0.471611
E7,0.0,1.0,16,1.0,0.0,0.0,0,9,round-robin,0.607750,0.499421
E7,0.0,1.0,16,1.0,0.0,0.0,0,9,oracle,0.715750,1.000000
E7,0.0,1.0,16,1.0,0.0,0.0,0,9,snr-greedy,0.602500,0.475087
E7,0.0,1.0,16,1.0,0.0,0.0,0,9,snr-greedy-loss,0.602250,0.473928
E7,0.0,1.0,16,1.0,0.0,0.0,0,9,snr-mean,0.612500,0.521437
E7,0.0,1.0,16,1.0,0.0,0.0,0,9,belief,0.600000,0.463499
E7,0.0,1.0,16,1.0,0.0,0.0,0,9,belief-pred,0.618000,0.546929
E7,0.0,1.0,16,1.0,0.0,0.0,0,9,ewma,0.619500,0.553882
E7,0.0,1.0,16,1.0,0.0,0.0,0,9,blend-paper,0.616250,0.538818
E7,0.0,1.0,16,1.0,0.0,0.0,0,9,saf-adaptive,0.618250,0.548088
E7,0.0,1.0,16,1.0,0.0,0.0,0,10,random,0.612000,0.513806
E7,0.0,1.0,16,1.0,0.0,0.0,0,10,round-robin,0.606750,0.488595
E7,0.0,1.0,16,1.0,0.0,0.0,0,10,oracle,0.713250,1.000000
E7,0.0,1.0,16,1.0,0.0,0.0,0,10,snr-greedy,0.610000,0.504202
E7,0.0,1.0,16,1.0,0.0,0.0,0,10,snr-greedy-loss,0.613250,0.519808
E7,0.0,1.0,16,1.0,0.0,0.0,0,10,snr-mean,0.602250,0.466987
E7,0.0,1.0,16,1.0,0.0,0.0,0,10,belief,0.606000,0.484994
E7,0.0,1.0,16,1.0,0.0,0.0,0,10,belief-pred,0.599000,0.451381
E7,0.0,1.0,16,1.0,0.0,0.0,0,10,ewma,0.608500,0.496999
E7,0.0,1.0,16,1.0,0.0,0.0,0,10,blend-paper,0.608500,0.496999
E7,0.0,1.0,16,1.0,0.0,0.0,0,10,saf-adaptive,0.601500,0.463385
E7,0.0,1.0,16,1.0,0.0,0.0,0,11,random,0.618500,0.510612
E7,0.0,1.0,16,1.0,0.0,0.0,0,11,round-robin,0.616000,0.498127
E7,0.0,1.0,16,1.0,0.0,0.0,0,11,oracle,0.716500,1.000000
E7,0.0,1.0,16,1.0,0.0,0.0,0,11,snr-greedy,0.620500,0.520599
E7,0.0,1.0,16,1.0,0.0,0.0,0,11,snr-greedy-loss,0.622250,0.529338
E7,0.0,1.0,16,1.0,0.0,0.0,0,11,snr-mean,0.625500,0.545568
E7,0.0,1.0,16,1.0,0.0,0.0,0,11,belief,0.620000,0.518102
E7,0.0,1.0,16,1.0,0.0,0.0,0,11,belief-pred,0.628750,0.561798
E7,0.0,1.0,16,1.0,0.0,0.0,0,11,ewma,0.622250,0.529338
E7,0.0,1.0,16,1.0,0.0,0.0,0,11,blend-paper,0.616750,0.501873
E7,0.0,1.0,16,1.0,0.0,0.0,0,11,saf-adaptive,0.629000,0.563046
E7,0.0,1.0,16,1.0,0.0,0.0,0,12,random,0.626500,0.504660
E7,0.0,1.0,16,1.0,0.0,0.0,0,12,round-robin,0.624000,0.491345
E7,0.0,1.0,16,1.0,0.0,0.0,0,12,oracle,0.719500,1.000000
E7,0.0,1.0,16,1.0,0.0,0.0,0,12,snr-greedy,0.623000,0.486019
E7,0.0,1.0,16,1.0,0.0,0.0,0,12,snr-greedy-loss,0.624500,0.494008
E7,0.0,1.0,16,1.0,0.0,0.0,0,12,snr-mean,0.631500,0.531292
E7,0.0,1.0,16,1.0,0.0,0.0,0,12,belief,0.622250,0.482024
E7,0.0,1.0,16,1.0,0.0,0.0,0,12,belief-pred,0.631250,0.529960
E7,0.0,1.0,16,1.0,0.0,0.0,0,12,ewma,0.616250,0.450067
E7,0.0,1.0,16,1.0,0.0,0.0,0,12,blend-paper,0.618000,0.459387
E7,0.0,1.0,16,1.0,0.0,0.0,0,12,saf-adaptive,0.631500,0.531292
E7,0.0,1.0,16,1.0,0.0,0.0,0,13,random,0.611500,0.492556
E7,0.0,1.0,16,1.0,0.0,0.0,0,13,round-robin,0.612000,0.495037
E7,0.0,1.0,16,1.0,0.0,0.0,0,13,oracle,0.713750,1.000000
E7,0.0,1.0,16,1.0,0.0,0.0,0,13,snr-greedy,0.613750,0.503722
E7,0.0,1.0,16,1.0,0.0,0.0,0,13,snr-greedy-loss,0.614250,0.506203
E7,0.0,1.0,16,1.0,0.0,0.0,0,13,snr-mean,0.610000,0.485112
E7,0.0,1.0,16,1.0,0.0,0.0,0,13,belief,0.613250,0.501241
E7,0.0,1.0,16,1.0,0.0,0.0,0,13,belief-pred,0.613500,0.502481
E7,0.0,1.0,16,1.0,0.0,0.0,0,13,ewma,0.614000,0.504963
E7,0.0,1.0,16,1.0,0.0,0.0,0,13,blend-paper,0.618250,0.526055
E7,0.0,1.0,16,1.0,0.0,0.0,0,13,saf-adaptive,0.613500,0.502481
E7,0.0,1.0,16,1.0,0.0,0.0,0,14,random,0.616750,0.484157
E7,0.0,1.0,16,1.0,0.0,0.0,0,14,round-robin,0.618750,0.494297
E7,0.0,1.0,16,1.0,0.0,0.0,0,14,oracle,0.718500,1.000000
E7,0.0,1.0,16,1.0,0.0,0.0,0,14,snr-greedy,0.611250,0.456274
E7,0.0,1.0,16,1.0,0.0,0.0,0,14,snr-greedy-loss,0.615000,0.475285
E7,0.0,1.0,16,1.0,0.0,0.0,0,14,snr-mean,0.623250,0.517110
E7,0.0,1.0,16,1.0,0.0,0.0,0,14,belief,0.613750,0.468948
E7,0.0,1.0,16,1.0,0.0,0.0,0,14,belief-pred,0.621750,0.509506
E7,0.0,1.0,16,1.0,0.0,0.0,0,14,ewma,0.615250,0.476553
E7,0.0,1.0,16,1.0,0.0,0.0,0,14,blend-paper,0.625250,0.527250
E7,0.0,1.0,16,1.0,0.0,0.0,0,14,saf-adaptive,0.620500,0.503169
E7,0.0,1.0,16,1.0,0.0,0.0,0,15,random,0.615000,0.489415
E7,0.0,1.0,16,1.0,0.0,0.0,0,15,round-robin,0.616250,0.495641
E7,0.0,1.0,16,1.0,0.0,0.0,0,15,oracle,0.717500,1.000000
E7,0.0,1.0,16,1.0,0.0,0.0,0,15,snr-greedy,0.619750,0.513076
E7,0.0,1.0,16,1.0,0.0,0.0,0,15,snr-greedy-loss,0.619250,0.510585
E7,0.0,1.0,16,1.0,0.0,0.0,0,15,snr-mean,0.619750,0.513076
E7,0.0,1.0,16,1.0,0.0,0.0,0,15,belief,0.612750,0.478207
E7,0.0,1.0,16,1.0,0.0,0.0,0,15,belief-pred,0.621000,0.519303
E7,0.0,1.0,16,1.0,0.0,0.0,0,15,ewma,0.613250,0.480697
E7,0.0,1.0,16,1.0,0.0,0.0,0,15,blend-paper,0.613750,0.483188
E7,0.0,1.0,16,1.0,0.0,0.0,0,15,saf-adaptive,0.620250,0.515567
E7,0.0,1.0,16,1.0,0.0,0.0,0,16,random,0.609750,0.504391
E7,0.0,1.0,16,1.0,0.0,0.0,0,16,round-robin,0.607750,0.494354
E7,0.0,1.0,16,1.0,0.0,0.0,0,16,oracle,0.708500,1.000000
E7,0.0,1.0,16,1.0,0.0,0.0,0,16,snr-greedy,0.607500,0.493099
E7,0.0,1.0,16,1.0,0.0,0.0,0,16,snr-greedy-loss,0.606250,0.486826
E7,0.0,1.0,16,1.0,0.0,0.0,0,16,snr-mean,0.599250,0.451694
E7,0.0,1.0,16,1.0,0.0,0.0,0,16,belief,0.602000,0.465496
E7,0.0,1.0,16,1.0,0.0,0.0,0,16,belief-pred,0.607000,0.490590
E7,0.0,1.0,16,1.0,0.0,0.0,0,16,ewma,0.609500,0.503137
E7,0.0,1.0,16,1.0,0.0,0.0,0,16,blend-paper,0.603000,0.470514
E7,0.0,1.0,16,1.0,0.0,0.0,0,16,saf-adaptive,0.606750,0.489335
E7,0.0,1.0,16,1.0,0.0,0.0,0,17,random,0.612750,0.501926
E7,0.0,1.0,16,1.0,0.0,0.0,0,17,round-robin,0.614000,0.508344
E7,0.0,1.0,16,1.0,0.0,0.0,0,17,oracle,0.709750,1.000000
E7,0.0,1.0,16,1.0,0.0,0.0,0,17,snr-greedy,0.611000,0.492940
E7,0.0,1.0,16,1.0,0.0,0.0,0,17,snr-greedy-loss,0.613750,0.507060
E7,0.0,1.0,16,1.0,0.0,0.0,0,17,snr-mean,0.606750,0.471117
E7,0.0,1.0,16,1.0,0.0,0.0,0,17,belief,0.611000,0.492940
E7,0.0,1.0,16,1.0,0.0,0.0,0,17,belief-pred,0.609750,0.486521
E7,0.0,1.0,16,1.0,0.0,0.0,0,17,ewma,0.607000,0.472401
E7,0.0,1.0,16,1.0,0.0,0.0,0,17,blend-paper,0.612250,0.499358
E7,0.0,1.0,16,1.0,0.0,0.0,0,17,saf-adaptive,0.610250,0.489089
E7,0.0,1.0,16,1.0,0.0,0.0,0,18,random,0.604750,0.462324
E7,0.0,1.0,16,1.0,0.0,0.0,0,18,round-robin,0.614250,0.510856
E7,0.0,1.0,16,1.0,0.0,0.0,0,18,oracle,0.710000,1.000000
E7,0.0,1.0,16,1.0,0.0,0.0,0,18,snr-greedy,0.614750,0.513410
E7,0.0,1.0,16,1.0,0.0,0.0,0,18,snr-greedy-loss,0.617250,0.526181
E7,0.0,1.0,16,1.0,0.0,0.0,0,18,snr-mean,0.609250,0.485313
E7,0.0,1.0,16,1.0,0.0,0.0,0,18,belief,0.615500,0.517241
E7,0.0,1.0,16,1.0,0.0,0.0,0,18,belief-pred,0.610000,0.489144
E7,0.0,1.0,16,1.0,0.0,0.0,0,18,ewma,0.617500,0.527458
E7,0.0,1.0,16,1.0,0.0,0.0,0,18,blend-paper,0.623250,0.556833
E7,0.0,1.0,16,1.0,0.0,0.0,0,18,saf-adaptive,0.610000,0.489144
E7,0.0,1.0,16,1.0,0.0,0.0,0,19,random,0.608750,0.487715
E7,0.0,1.0,16,1.0,0.0,0.0,0,19,round-robin,0.609000,0.488943
E7,0.0,1.0,16,1.0,0.0,0.0,0,19,oracle,0.713000,1.000000
E7,0.0,1.0,16,1.0,0.0,0.0,0,19,snr-greedy,0.613500,0.511057
E7,0.0,1.0,16,1.0,0.0,0.0,0,19,snr-greedy-loss,0.618000,0.533170
E7,0.0,1.0,16,1.0,0.0,0.0,0,19,snr-mean,0.608500,0.486486
E7,0.0,1.0,16,1.0,0.0,0.0,0,19,belief,0.620250,0.544226
E7,0.0,1.0,16,1.0,0.0,0.0,0,19,belief-pred,0.614500,0.515971
E7,0.0,1.0,16,1.0,0.0,0.0,0,19,ewma,0.609500,0.491400
E7,0.0,1.0,16,1.0,0.0,0.0,0,19,blend-paper,0.619000,0.538084
E7,0.0,1.0,16,1.0,0.0,0.0,0,19,saf-adaptive,0.614500,0.515971
E7,0.0,1.0,16,1.0,0.0,0.0,0,20,random,0.615500,0.502545
E7,0.0,1.0,16,1.0,0.0,0.0,0,20,round-robin,0.616750,0.508906
E7,0.0,1.0,16,1.0,0.0,0.0,0,20,oracle,0.713250,1.000000
E7,0.0,1.0,16,1.0,0.0,0.0,0,20,snr-greedy,0.619500,0.522901
E7,0.0,1.0,16,1.0,0.0,0.0,0,20,snr-greedy-loss,0.615250,0.501272
E7,0.0,1.0,16,1.0,0.0,0.0,0,20,snr-mean,0.597750,0.412214
E7,0.0,1.0,16,1.0,0.0,0.0,0,20,belief,0.616250,0.506361
E7,0.0,1.0,16,1.0,0.0,0.0,0,20,belief-pred,0.600750,0.427481
E7,0.0,1.0,16,1.0,0.0,0.0,0,20,ewma,0.615750,0.503817
E7,0.0,1.0,16,1.0,0.0,0.0,0,20,blend-paper,0.615000,0.500000
E7,0.0,1.0,16,1.0,0.0,0.0,0,20,saf-adaptive,0.600750,0.427481
E7,0.0,1.0,16,1.0,0.0,0.0,0,21,random,0.611250,0.509434
E7,0.0,1.0,16,1.0,0.0,0.0,0,21,round-robin,0.609750,0.501887
E7,0.0,1.0,16,1.0,0.0,0.0,0,21,oracle,0.708750,1.000000
E7,0.0,1.0,16,1.0,0.0,0.0,0,21,snr-greedy,0.602500,0.465409
E7,0.0,1.0,16,1.0,0.0,0.0,0,21,snr-greedy-loss,0.604250,0.474214
E7,0.0,1.0,16,1.0,0.0,0.0,0,21,snr-mean,0.612750,0.516981
E7,0.0,1.0,16,1.0,0.0,0.0,0,21,belief,0.608000,0.493082
E7,0.0,1.0,16,1.0,0.0,0.0,0,21,belief-pred,0.606500,0.485535
E7,0.0,1.0,16,1.0,0.0,0.0,0,21,ewma,0.608500,0.495597
E7,0.0,1.0,16,1.0,0.0,0.0,0,21,blend-paper,0.609750,0.501887
E7,0.0,1.0,16,1.0,0.0,0.0,0,21,saf-adaptive,0.608750,0.496855
E7,0.0,1.0,16,1.0,0.0,0.0,0,22,random,0.608750,0.507353
E7,0.0,1.0,16,1.0,0.0,0.0,0,22,round-robin,0.607250,0.500000
E7,0.0,1.0,16,1.0,0.0,0.0,0,22,oracle,0.709250,1.000000
E7,0.0,1.0,16,1.0,0.0,0.0,0,22,snr-greedy,0.606250,0.495098
E7,0.0,1.0,16,1.0,0.0,0.0,0,22,snr-greedy-loss,0.604500,0.486520
E7,0.0,1.0,16,1.0,0.0,0.0,0,22,snr-mean,0.599000,0.459559
E7,0.0,1.0,16,1.0,0.0,0.0,0,22,belief,0.605500,0.491422
E7,0.0,1.0,16,1.0,0.0,0.0,0,22,belief-pred,0.595500,0.442402
E7,0.0,1.0,16,1.0,0.0,0.0,0,22,ewma,0.603000,0.479167
E7,0.0,1.0,16,1.0,0.0,0.0,0,22,blend-paper,0.603000,0.479167
E7,0.0,1.0,16,1.0,0.0,0.0,0,22,saf-adaptive,0.597000,0.449755
E7,0.0,1.0,16,1.0,0.0,0.0,0,23,random,0.614500,0.504459
E7,0.0,1.0,16,1.0,0.0,0.0,0,23,round-robin,0.614000,0.501911
E7,0.0,1.0,16,1.0,0.0,0.0,0,23,oracle,0.711750,1.000000
E7,0.0,1.0,16,1.0,0.0,0.0,0,23,snr-greedy,0.615500,0.509554
E7,0.0,1.0,16,1.0,0.0,0.0,0,23,snr-greedy-loss,0.614000,0.501911
E7,0.0,1.0,16,1.0,0.0,0.0,0,23,snr-mean,0.621750,0.541401
E7,0.0,1.0,16,1.0,0.0,0.0,0,23,belief,0.614500,0.504459
E7,0.0,1.0,16,1.0,0.0,0.0,0,23,belief-pred,0.624000,0.552866
E7,0.0,1.0,16,1.0,0.0,0.0,0,23,ewma,0.622250,0.543949
E7,0.0,1.0,16,1.0,0.0,0.0,0,23,blend-paper,0.625000,0.557962
E7,0.0,1.0,16,1.0,0.0,0.0,0,23,saf-adaptive,0.624750,0.556688
E7,0.0,1.0,16,1.0,0.0,0.0,0,24,random,0.615250,0.487773
E7,0.0,1.0,16,1.0,0.0,0.0,0,24,round-robin,0.619250,0.508366
E7,0.0,1.0,16,1.0,0.0,0.0,0,24,oracle,0.714750,1.000000
E7,0.0,1.0,16,1.0,0.0,0.0,0,24,snr-greedy,0.611500,0.468468
E7,0.0,1.0,16,1.0,0.0,0.0,0,24,snr-greedy-loss,0.611000,0.465894
E7,0.0,1.0,16,1.0,0.0,0.0,0,24,snr-mean,0.625000,0.537967
E7,0.0,1.0,16,1.0,0.0,0.0,0,24,belief,0.613250,0.477477
E7,0.0,1.0,16,1.0,0.0,0.0,0,24,belief-pred,0.624250,0.534106
E7,0.0,1.0,16,1.0,0.0,0.0,0,24,ewma,0.619500,0.509653
E7,0.0,1.0,16,1.0,0.0,0.0,0,24,blend-paper,0.612500,0.473616
E7,0.0,1.0,16,1.0,0.0,0.0,0,24,saf-adaptive,0.624000,0.532819
E7,0.0,1.0,16,1.0,0.0,0.0,0,25,random,0.615500,0.505115
E7,0.0,1.0,16,1.0,0.0,0.0,0,25,round-robin,0.613250,0.493606
E7,0.0,1.0,16,1.0,0.0,0.0,0,25,oracle,0.712250,1.000000
E7,0.0,1.0,16,1.0,0.0,0.0,0,25,snr-greedy,0.614250,0.498721
E7,0.0,1.0,16,1.0,0.0,0.0,0,25,snr-greedy-loss,0.612500,0.489770
E7,0.0,1.0,16,1.0,0.0,0.0,0,25,snr-mean,0.618500,0.520460
E7,0.0,1.0,16,1.0,0.0,0.0,0,25,belief,0.613500,0.494885
E7,0.0,1.0,16,1.0,0.0,0.0,0,25,belief-pred,0.625000,0.553708
E7,0.0,1.0,16,1.0,0.0,0.0,0,25,ewma,0.611500,0.484655
E7,0.0,1.0,16,1.0,0.0,0.0,0,25,blend-paper,0.617500,0.515345
E7,0.0,1.0,16,1.0,0.0,0.0,0,25,saf-adaptive,0.624500,0.551151
E7,0.0,1.0,16,1.0,0.0,0.0,0,26,random,0.610250,0.497455
E7,0.0,1.0,16,1.0,0.0,0.0,0,26,round-robin,0.612750,0.510178
E7,0.0,1.0,16,1.0,0.0,0.0,0,26,oracle,0.709000,1.000000
E7,0.0,1.0,16,1.0,0.0,0.0,0,26,snr-greedy,0.611750,0.505089
E7,0.0,1.0,16,1.0,0.0,0.0,0,26,snr-greedy-loss,0.609250,0.492366
E7,0.0,1.0,16,1.0,0.0,0.0,0,26,snr-mean,0.609500,0.493639
E7,0.0,1.0,16,1.0,0.0,0.0,0,26,belief,0.610750,0.500000
E7,0.0,1.0,16,1.0,0.0,0.0,0,26,belief-pred,0.610750,0.500000
E7,0.0,1.0,16,1.0,0.0,0.0,0,26,ewma,0.612000,0.506361
E7,0.0,1.0,16,1.0,0.0,0.0,0,26,blend-paper,0.610750,0.500000
E7,0.0,1.0,16,1.0,0.0,0.0,0,26,saf-adaptive,0.610500,0.498728
E7,0.0,1.0,16,1.0,0.0,0.0,0,27,random,0.613000,0.499371
E7,0.0,1.0,16,1.0,0.0,0.0,0,27,round-robin,0.615500,0.511950
E7,0.0,1.0,16,1.0,0.0,0.0,0,27,oracle,0.712500,1.000000
E7,0.0,1.0,16,1.0,0.0,0.0,0,27,snr-greedy,0.615500,0.511950
E7,0.0,1.0,16,1.0,0.0,0.0,0,27,snr-greedy-loss,0.614000,0.504403
E7,0.0,1.0,16,1.0,0.0,0.0,0,27,snr-mean,0.611500,0.491824
E7,0.0,1.0,16,1.0,0.0,0.0,0,27,belief,0.614250,0.505660
E7,0.0,1.0,16,1.0,0.0,0.0,0,27,belief-pred,0.614750,0.508176
E7,0.0,1.0,16,1.0,0.0,0.0,0,27,ewma,0.610000,0.484277
E7,0.0,1.0,16,1.0,0.0,0.0,0,27,blend-paper,0.612750,0.498113
E7,0.0,1.0,16,1.0,0.0,0.0,0,27,saf-adaptive,0.614750,0.508176
E7,0.0,1.0,16,1.0,0.0,0.0,0,28,random,0.606750,0.483617
E7,0.0,1.0,16,1.0,0.0,0.0,0,28,round-robin,0.607250,0.486239
E7,0.0,1.0,16,1.0,0.0,0.0,0,28,oracle,0.705250,1.000000
E7,0.0,1.0,16,1.0,0.0,0.0,0,28,snr-greedy,0.608000,0.490170
E7,0.0,1.0,16,1.0,0.0,0.0,0,28,snr-greedy-loss,0.609250,0.496723
E7,0.0,1.0,16,1.0,0.0,0.0,0,28,snr-mean,0.609000,0.495413
E7,0.0,1.0,16,1.0,0.0,0.0,0,28,belief,0.611000,0.505898
E7,0.0,1.0,16,1.0,0.0,0.0,0,28,belief-pred,0.600500,0.450852
E7,0.0,1.0,16,1.0,0.0,0.0,0,28,ewma,0.606500,0.482307
E7,0.0,1.0,16,1.0,0.0,0.0,0,28,blend-paper,0.613500,0.519004
E7,0.0,1.0,16,1.0,0.0,0.0,0,28,saf-adaptive,0.600250,0.449541
E7,0.0,1.0,16,1.0,0.0,0.0,0,29,random,0.615500,0.478488
E7,0.0,1.0,16,1.0,0.0,0.0,0,29,round-robin,0.617500,0.488918
E7,0.0,1.0,16,1.0,0.0,0.0,0,29,oracle,0.715500,1.000000
E7,0.0,1.0,16,1.0,0.0,0.0,0,29,snr-greedy,0.619750,0.500652
E7,0.0,1.0,16,1.0,0.0,0.0,0,29,snr-greedy-loss,0.620250,0.503259
E7,0.0,1.0,16,1.0,0.0,0.0,0,29,snr-mean,0.627500,0.541069
E7,0.0,1.0,16,1.0,0.0,0.0,0,29,belief,0.615750,0.479791
E7,0.0,1.0,16,1.0,0.0,0.0,0,29,belief-pred,0.619500,0.499348
E7,0.0,1.0,16,1.0,0.0,0.0,0,29,ewma,0.625000,0.528031
E7,0.0,1.0,16,1.0,0.0,0.0,0,29,blend-paper,0.619000,0.496741
E7,0.0,1.0,16,1.0,0.0,0.0,0,29,saf-adaptive,0.619000,0.496741
E7,0.0,1.0,16,1.0,0.0,0.0,0,30,random,0.608000,0.496741
E7,0.0,1.0,16,1.0,0.0,0.0,0,30,round-robin,0.609750,0.505867
E7,0.0,1.0,16,1.0,0.0,0.0,0,30,oracle,0.704500,1.000000
E7,0.0,1.0,16,1.0,0.0,0.0,0,30,snr-greedy,0.607500,0.494133
E7,0.0,1.0,16,1.0,0.0,0.0,0,30,snr-greedy-loss,0.609750,0.505867
E7,0.0,1.0,16,1.0,0.0,0.0,0,30,snr-mean,0.604000,0.475880
E7,0.0,1.0,16,1.0,0.0,0.0,0,30,belief,0.604250,0.477184
E7,0.0,1.0,16,1.0,0.0,0.0,0,30,belief-pred,0.603500,0.473272
E7,0.0,1.0,16,1.0,0.0,0.0,0,30,ewma,0.600750,0.458931
E7,0.0,1.0,16,1.0,0.0,0.0,0,30,blend-paper,0.603500,0.473272
E7,0.0,1.0,16,1.0,0.0,0.0,0,30,saf-adaptive,0.604750,0.479791
E7,0.0,1.0,16,1.0,0.0,0.0,0,31,random,0.607750,0.481061
E7,0.0,1.0,16,1.0,0.0,0.0,0,31,round-robin,0.613500,0.510101
E7,0.0,1.0,16,1.0,0.0,0.0,0,31,oracle,0.710500,1.000000
E7,0.0,1.0,16,1.0,0.0,0.0,0,31,snr-greedy,0.610500,0.494949
E7,0.0,1.0,16,1.0,0.0,0.0,0,31,snr-greedy-loss,0.614250,0.513889
E7,0.0,1.0,16,1.0,0.0,0.0,0,31,snr-mean,0.605250,0.468434
E7,0.0,1.0,16,1.0,0.0,0.0,0,31,belief,0.613250,0.508838
E7,0.0,1.0,16,1.0,0.0,0.0,0,31,belief-pred,0.612500,0.505051
E7,0.0,1.0,16,1.0,0.0,0.0,0,31,ewma,0.616750,0.526515
E7,0.0,1.0,16,1.0,0.0,0.0,0,31,blend-paper,0.620500,0.545455
E7,0.0,1.0,16,1.0,0.0,0.0,0,31,saf-adaptive,0.612250,0.503788
E7,0.0,1.0,16,1.0,0.0,0.0,0,32,random,0.623000,0.507134
E7,0.0,1.0,16,1.0,0.0,0.0,0,32,round-robin,0.619000,0.486381
E7,0.0,1.0,16,1.0,0.0,0.0,0,32,oracle,0.718000,1.000000
E7,0.0,1.0,16,1.0,0.0,0.0,0,32,snr-greedy,0.618750,0.485084
E7,0.0,1.0,16,1.0,0.0,0.0,0,32,snr-greedy-loss,0.618500,0.483787
E7,0.0,1.0,16,1.0,0.0,0.0,0,32,snr-mean,0.620250,0.492866
E7,0.0,1.0,16,1.0,0.0,0.0,0,32,belief,0.617750,0.479896
E7,0.0,1.0,16,1.0,0.0,0.0,0,32,belief-pred,0.619750,0.490272
E7,0.0,1.0,16,1.0,0.0,0.0,0,32,ewma,0.620250,0.492866
E7,0.0,1.0,16,1.0,0.0,0.0,0,32,blend-paper,0.612500,0.452659
E7,0.0,1.0,16,1.0,0.0,0.0,0,32,saf-adaptive,0.619750,0.490272
E7,0.0,1.0,16,1.0,0.0,0.0,0,33,random,0.613000,0.525485
E7,0.0,1.0,16,1.0,0.0,0.0,0,33,round-robin,0.610750,0.514563
E7,0.0,1.0,16,1.0,0.0,0.0,0,33,oracle,0.710750,1.000000
E7,0.0,1.0,16,1.0,0.0,0.0,0,33,snr-greedy,0.612250,0.521845
E7,0.0,1.0,16,1.0,0.0,0.0,0,33,snr-greedy-loss,0.612500,0.523058
E7,0.0,1.0,16,1.0,0.0,0.0,0,33,snr-mean,0.594750,0.436893
E7,0.0,1.0,16,1.0,0.0,0.0,0,33,belief,0.616500,0.542476
E7,0.0,1.0,16,1.0,0.0,0.0,0,33,belief-pred,0.601750,0.470874
E7,0.0,1.0,16,1.0,0.0,0.0,0,33,ewma,0.608000,0.501214
E7,0.0,1.0,16,1.0,0.0,0.0,0,33,blend-paper,0.602500,0.474515
E7,0.0,1.0,16,1.0,0.0,0.0,0,33,saf-adaptive,0.601750,0.470874
E7,0.0,1.0,16,1.0,0.0,0.0,0,34,random,0.610500,0.498123
E7,0.0,1.0,16,1.0,0.0,0.0,0,34,round-robin,0.613750,0.514393
E7,0.0,1.0,16,1.0,0.0,0.0,0,34,oracle,0.710750,1.000000
E7,0.0,1.0,16,1.0,0.0,0.0,0,34,snr-greedy,0.615000,0.520651
E7,0.0,1.0,16,1.0,0.0,0.0,0,34,snr-greedy-loss,0.615750,0.524406
E7,0.0,1.0,16,1.0,0.0,0.0,0,34,snr-mean,0.609250,0.491865
E7,0.0,1.0,16,1.0,0.0,0.0,0,34,belief,0.616000,0.525657
E7,0.0,1.0,16,1.0,0.0,0.0,0,34,belief-pred,0.612750,0.509387
E7,0.0,1.0,16,1.0,0.0,0.0,0,34,ewma,0.613250,0.511890
E7,0.0,1.0,16,1.0,0.0,0.0,0,34,blend-paper,0.616000,0.525657
E7,0.0,1.0,16,1.0,0.0,0.0,0,34,saf-adaptive,0.612750,0.509387
E7,0.0,1.0,16,1.0,0.0,0.0,0,35,random,0.615750,0.480469
E7,0.0,1.0,16,1.0,0.0,0.0,0,35,round-robin,0.622000,0.513021
E7,0.0,1.0,16,1.0,0.0,0.0,0,35,oracle,0.715500,1.000000
E7,0.0,1.0,16,1.0,0.0,0.0,0,35,snr-greedy,0.615000,0.476562
E7,0.0,1.0,16,1.0,0.0,0.0,0,35,snr-greedy-loss,0.617250,0.488281
E7,0.0,1.0,16,1.0,0.0,0.0,0,35,snr-mean,0.624000,0.523438
E7,0.0,1.0,16,1.0,0.0,0.0,0,35,belief,0.613250,0.467448
E7,0.0,1.0,16,1.0,0.0,0.0,0,35,belief-pred,0.618750,0.496094
E7,0.0,1.0,16,1.0,0.0,0.0,0,35,ewma,0.621750,0.511719
E7,0.0,1.0,16,1.0,0.0,0.0,0,35,blend-paper,0.615500,0.479167
E7,0.0,1.0,16,1.0,0.0,0.0,0,35,saf-adaptive,0.618500,0.494792
E7,0.0,1.0,16,1.0,0.0,0.0,0,36,random,0.613250,0.495507
E7,0.0,1.0,16,1.0,0.0,0.0,0,36,round-robin,0.611000,0.483954
E7,0.0,1.0,16,1.0,0.0,0.0,0,36,oracle,0.711500,1.000000
E7,0.0,1.0,16,1.0,0.0,0.0,0,36,snr-greedy,0.608750,0.472401
E7,0.0,1.0,16,1.0,0.0,0.0,0,36,snr-greedy-loss,0.607750,0.467266
E7,0.0,1.0,16,1.0,0.0,0.0,0,36,snr-mean,0.609750,0.477535
E7,0.0,1.0,16,1.0,0.0,0.0,0,36,belief,0.605000,0.453145
E7,0.0,1.0,16,1.0,0.0,0.0,0,36,belief-pred,0.604000,0.448010
E7,0.0,1.0,16,1.0,0.0,0.0,0,36,ewma,0.613000,0.494223
E7,0.0,1.0,16,1.0,0.0,0.0,0,36,blend-paper,0.607000,0.463415
E7,0.0,1.0,16,1.0,0.0,0.0,0,36,saf-adaptive,0.605000,0.453145
E7,0.0,1.0,16,1.0,0.0,0.0,0,37,random,0.620750,0.538363
E7,0.0,1.0,16,1.0,0.0,0.0,0,37,round-robin,0.613750,0.502558
E7,0.0,1.0,16,1.0,0.0,0.0,0,37,oracle,0.711000,1.000000
E7,0.0,1.0,16,1.0,0.0,0.0,0,37,snr-greedy,0.616750,0.517903
E7,0.0,1.0,16,1.0,0.0,0.0,0,37,snr-greedy-loss,0.617750,0.523018
E7,0.0,1.0,16,1.0,0.0,0.0,0,37,snr-mean,0.619750,0.533248
E7,0.0,1.0,16,1.0,0.0,0.0,0,37,belief,0.615000,0.508951
E7,0.0,1.0,16,1.0,0.0,0.0,0,37,belief-pred,0.622500,0.547315
E7,0.0,1.0,16,1.0,0.0,0.0,0,37,ewma,0.621250,0.540921
E7,0.0,1.0,16,1.0,0.0,0.0,0,37,blend-paper,0.620750,0.538363
E7,0.0,1.0,16,1.0,0.0,0.0,0,37,saf-adaptive,0.622500,0.547315
E7,0.0,1.0,16,1.0,0.0,0.0,0,38,random,0.620000,0.480149
E7,0.0,1.0,16,1.0,0.0,0.0,0,38,round-robin,0.622250,0.491315
E7,0.0,1.0,16,1.0,0.0,0.0,0,38,oracle,0.724750,1.000000
E7,0.0,1.0,16,1.0,0.0,0.0,0,38,snr-greedy,0.629500,0.527295
E7,0.0,1.0,16,1.0,0.0,0.0,0,38,snr-greedy-loss,0.625250,0.506203
E7,0.0,1.0,16,1.0,0.0,0.0,0,38,snr-mean,0.618500,0.472705
E7,0.0,1.0,16,1.0,0.0,0.0,0,38,belief,0.626500,0.512407
E7,0.0,1.0,16,1.0,0.0,0.0,0,38,belief-pred,0.617500,0.467742
E7,0.0,1.0,16,1.0,0.0,0.0,0,38,ewma,0.618750,0.473945
E7,0.0,1.0,16,1.0,0.0,0.0,0,38,blend-paper,0.623500,0.497519
E7,0.0,1.0,16,1.0,0.0,0.0,0,38,saf-adaptive,0.617250,0.466501
E7,0.0,1.0,16,1.0,0.0,0.0,0,39,random,0.620000,0.508844
E7,0.0,1.0,16,1.0,0.0,0.0,0,39,round-robin,0.615750,0.485714
E7,0.0,1.0,16,1.0,0.0,0.0,0,39,oracle,0.710250,1.000000
E7,0.0,1.0,16,1.0,0.0,0.0,0,39,snr-greedy,0.617750,0.496599
E7,0.0,1.0,16,1.0,0.0,0.0,0,39,snr-greedy-loss,0.616750,0.491156
E7,0.0,1.0,16,1.0,0.0,0.0,0,39,snr-mean,0.625500,0.538776
E7,0.0,1.0,16,1.0,0.0,0.0,0,39,belief,0.623750,0.529252
E7,0.0,1.0,16,1.0,0.0,0.0,0,39,belief-pred,0.627500,0.549660
E7,0.0,1.0,16,1.0,0.0,0.0,0,39,ewma,0.624750,0.534694
E7,0.0,1.0,16,1.0,0.0,0.0,0,39,blend-paper,0.623500,0.527891
E7,0.0,1.0,16,1.0,0.0,0.0,0,39,saf-adaptive,0.628250,0.553741
E7,0.0,1.0,16,1.0,0.0,0.0,0,40,random,0.606500,0.500000
E7,0.0,1.0,16,1.0,0.0,0.0,0,40,round-robin,0.606500,0.500000
E7,0.0,1.0,16,1.0,0.0,0.0,0,40,oracle,0.711750,1.000000
E7,0.0,1.0,16,1.0,0.0,0.0,0,40,snr-greedy,0.604500,0.490499
E7,0.0,1.0,16,1.0,0.0,0.0,0,40,snr-greedy-loss,0.606750,0.501188
E7,0.0,1.0,16,1.0,0.0,0.0,0,40,snr-mean,0.615250,0.541568
E7,0.0,1.0,16,1.0,0.0,0.0,0,40,belief,0.613250,0.532067
E7,0.0,1.0,16,1.0,0.0,0.0,0,40,belief-pred,0.619250,0.560570
E7,0.0,1.0,16,1.0,0.0,0.0,0,40,ewma,0.602500,0.480998
E7,0.0,1.0,16,1.0,0.0,0.0,0,40,blend-paper,0.607250,0.503563
E7,0.0,1.0,16,1.0,0.0,0.0,0,40,saf-adaptive,0.619250,0.560570
E7,0.0,1.0,16,1.0,0.0,0.0,0,41,random,0.599500,0.479319
E7,0.0,1.0,16,1.0,0.0,0.0,0,41,round-robin,0.603000,0.496350
E7,0.0,1.0,16,1.0,0.0,0.0,0,41,oracle,0.706500,1.000000
E7,0.0,1.0,16,1.0,0.0,0.0,0,41,snr-greedy,0.609750,0.529197
E7,0.0,1.0,16,1.0,0.0,0.0,0,41,snr-greedy-loss,0.611500,0.537713
E7,0.0,1.0,16,1.0,0.0,0.0,0,41,snr-mean,0.616250,0.560827
E7,0.0,1.0,16,1.0,0.0,0.0,0,41,belief,0.612750,0.543796
E7,0.0,1.0,16,1.0,0.0,0.0,0,41,belief-pred,0.619000,0.574209
E7,0.0,1.0,16,1.0,0.0,0.0,0,41,ewma,0.610500,0.532847
E7,0.0,1.0,16,1.0,0.0,0.0,0,41,blend-paper,0.613250,0.546229
E7,0.0,1.0,16,1.0,0.0,0.0,0,41,saf-adaptive,0.619250,0.575426
E7,0.0,1.0,16,1.0,0.0,0.0,0,42,random,0.606500,0.515513
E7,0.0,1.0,16,1.0,0.0,0.0,0,42,round-robin,0.601750,0.492840
E7,0.0,1.0,16,1.0,0.0,0.0,0,42,oracle,0.708000,1.000000
E7,0.0,1.0,16,1.0,0.0,0.0,0,42,snr-greedy,0.599500,0.482100
E7,0.0,1.0,16,1.0,0.0,0.0,0,42,snr-greedy-loss,0.599500,0.482100
E7,0.0,1.0,16,1.0,0.0,0.0,0,42,snr-mean,0.608500,0.525060
E7,0.0,1.0,16,1.0,0.0,0.0,0,42,belief,0.597750,0.473747
E7,0.0,1.0,16,1.0,0.0,0.0,0,42,belief-pred,0.603750,0.502387
E7,0.0,1.0,16,1.0,0.0,0.0,0,42,ewma,0.610250,0.533413
E7,0.0,1.0,16,1.0,0.0,0.0,0,42,blend-paper,0.608000,0.522673
E7,0.0,1.0,16,1.0,0.0,0.0,0,42,saf-adaptive,0.605250,0.509547
E7,0.0,1.0,16,1.0,0.0,0.0,0,43,random,0.606000,0.492519
E7,0.0,1.0,16,1.0,0.0,0.0,0,43,round-robin,0.607250,0.498753
E7,0.0,1.0,16,1.0,0.0,0.0,0,43,oracle,0.707750,1.000000
E7,0.0,1.0,16,1.0,0.0,0.0,0,43,snr-greedy,0.597750,0.451372
E7,0.0,1.0,16,1.0,0.0,0.0,0,43,snr-greedy-loss,0.601250,0.468828
E7,0.0,1.0,16,1.0,0.0,0.0,0,43,snr-mean,0.601000,0.467581
E7,0.0,1.0,16,1.0,0.0,0.0,0,43,belief,0.601750,0.471322
E7,0.0,1.0,16,1.0,0.0,0.0,0,43,belief-pred,0.597250,0.448878
E7,0.0,1.0,16,1.0,0.0,0.0,0,43,ewma,0.610750,0.516209
E7,0.0,1.0,16,1.0,0.0,0.0,0,43,blend-paper,0.608500,0.504988
E7,0.0,1.0,16,1.0,0.0,0.0,0,43,saf-adaptive,0.597750,0.451372
E7,0.0,1.0,16,1.0,0.0,0.0,0,44,random,0.610000,0.487212
E7,0.0,1.0,16,1.0,0.0,0.0,0,44,round-robin,0.613500,0.505115
E7,0.0,1.0,16,1.0,0.0,0.0,0,44,oracle,0.710250,1.000000
E7,0.0,1.0,16,1.0,0.0,0.0,0,44,snr-greedy,0.609500,0.484655
E7,0.0,1.0,16,1.0,0.0,0.0,0,44,snr-greedy-loss,0.609500,0.484655
E7,0.0,1.0,16,1.0,0.0,0.0,0,44,snr-mean,0.604250,0.457801
E7,0.0,1.0,16,1.0,0.0,0.0,0,44,belief,0.604750,0.460358
E7,0.0,1.0,16,1.0,0.0,0.0,0,44,belief-pred,0.605750,0.465473
E7,0.0,1.0,16,1.0,0.0,0.0,0,44,ewma,0.608000,0.476982
E7,0.0,1.0,16,1.0,0.0,0.0,0,44,blend-paper,0.604250,0.457801
E7,0.0,1.0,16,1.0,0.0,0.0,0,44,saf-adaptive,0.603250,0.452685
E7,0.0,1.0,16,1.0,0.0,0.0,0,45,random,0.603250,0.496305
E7,0.0,1.0,16,1.0,0.0,0.0,0,45,round-robin,0.604750,0.503695
E7,0.0,1.0,16,1.0,0.0,0.0,0,45,oracle,0.705500,1.000000
E7,0.0,1.0,16,1.0,0.0,0.0,0,45,snr-greedy,0.597750,0.469212
E7,0.0,1.0,16,1.0,0.0,0.0,0,45,snr-greedy-loss,0.596000,0.460591
E7,0.0,1.0,16,1.0,0.0,0.0,0,45,snr-mean,0.610500,0.532020
E7,0.0,1.0,16,1.0,0.0,0.0,0,45,belief,0.595500,0.458128
E7,0.0,1.0,16,1.0,0.0,0.0,0,45,belief-pred,0.607250,0.516010
E7,0.0,1.0,16,1.0,0.0,0.0,0,45,ewma,0.601000,0.485222
E7,0.0,1.0,16,1.0,0.0,0.0,0,45,blend-paper,0.603000,0.495074
E7,0.0,1.0,16,1.0,0.0,0.0,0,45,saf-adaptive,0.607250,0.516010
E7,0.0,1.0,16,1.0,0.0,0.0,0,46,random,0.612000,0.494354
E7,0.0,1.0,16,1.0,0.0,0.0,0,46,round-robin,0.608250,0.475533
E7,0.0,1.0,16,1.0,0.0,0.0,0,46,oracle,0.712750,1.000000
E7,0.0,1.0,16,1.0,0.0,0.0,0,46,snr-greedy,0.617750,0.523212
E7,0.0,1.0,16,1.0,0.0,0.0,0,46,snr-greedy-loss,0.613000,0.499373
E7,0.0,1.0,16,1.0,0.0,0.0,0,46,snr-mean,0.613000,0.499373
E7,0.0,1.0,16,1.0,0.0,0.0,0,46,belief,0.611250,0.490590
E7,0.0,1.0,16,1.0,0.0,0.0,0,46,belief-pred,0.611000,0.489335
E7,0.0,1.0,16,1.0,0.0,0.0,0,46,ewma,0.604000,0.454203
E7,0.0,1.0,16,1.0,0.0,0.0,0,46,blend-paper,0.614750,0.508156
E7,0.0,1.0,16,1.0,0.0,0.0,0,46,saf-adaptive,0.611500,0.491844
E7,0.0,1.0,16,1.0,0.0,0.0,0,47,random,0.609250,0.471814
E7,0.0,1.0,16,1.0,0.0,0.0,0,47,round-robin,0.616500,0.507353
E7,0.0,1.0,16,1.0,0.0,0.0,0,47,oracle,0.717000,1.000000
E7,0.0,1.0,16,1.0,0.0,0.0,0,47,snr-greedy,0.621000,0.529412
E7,0.0,1.0,16,1.0,0.0,0.0,0,47,snr-greedy-loss,0.619250,0.520833
E7,0.0,1.0,16,1.0,0.0,0.0,0,47,snr-mean,0.620000,0.524510
E7,0.0,1.0,16,1.0,0.0,0.0,0,47,belief,0.621750,0.533088
E7,0.0,1.0,16,1.0,0.0,0.0,0,47,belief-pred,0.606750,0.459559
E7,0.0,1.0,16,1.0,0.0,0.0,0,47,ewma,0.616250,0.506127
E7,0.0,1.0,16,1.0,0.0,0.0,0,47,blend-paper,0.614250,0.496324
E7,0.0,1.0,16,1.0,0.0,0.0,0,47,saf-adaptive,0.606500,0.458333
E7,0.0,1.0,16,1.0,0.0,0.0,0,48,random,0.616000,0.526316
E7,0.0,1.0,16,1.0,0.0,0.0,0,48,round-robin,0.610500,0.500000
E7,0.0,1.0,16,1.0,0.0,0.0,0,48,oracle,0.715000,1.000000
E7,0.0,1.0,16,1.0,0.0,0.0,0,48,snr-greedy,0.609000,0.492823
E7,0.0,1.0,16,1.0,0.0,0.0,0,48,snr-greedy-loss,0.611250,0.503589
E7,0.0,1.0,16,1.0,0.0,0.0,0,48,snr-mean,0.604500,0.471292
E7,0.0,1.0,16,1.0,0.0,0.0,0,48,belief,0.607250,0.484450
E7,0.0,1.0,16,1.0,0.0,0.0,0,48,belief-pred,0.598000,0.440191
E7,0.0,1.0,16,1.0,0.0,0.0,0,48,ewma,0.603250,0.465311
E7,0.0,1.0,16,1.0,0.0,0.0,0,48,blend-paper,0.611500,0.504785
E7,0.0,1.0,16,1.0,0.0,0.0,0,48,saf-adaptive,0.598000,0.440191
E7,0.0,1.0,16,1.0,0.0,0.0,0,49,random,0.618750,0.532143
E7,0.0,1.0,16,1.0,0.0,0.0,0,49,round-robin,0.613250,0.505952
E7,0.0,1.0,16,1.0,0.0,0.0,0,49,oracle,0.717000,1.000000
E7,0.0,1.0,16,1.0,0.0,0.0,0,49,snr-greedy,0.612250,0.501190
E7,0.0,1.0,16,1.0,0.0,0.0,0,49,snr-greedy-loss,0.613500,0.507143
E7,0.0,1.0,16,1.0,0.0,0.0,0,49,snr-mean,0.615000,0.514286
E7,0.0,1.0,16,1.0,0.0,0.0,0,49,belief,0.615500,0.516667
E7,0.0,1.0,16,1.0,0.0,0.0,0,49,belief-pred,0.621250,0.544048
E7,0.0,1.0,16,1.0,0.0,0.0,0,49,ewma,0.613250,0.505952
E7,0.0,1.0,16,1.0,0.0,0.0,0,49,blend-paper,0.612250,0.501190
E7,0.0,1.0,16,1.0,0.0,0.0,0,49,saf-adaptive,0.621750,0.546429
E7,0.2,1.0,0,1.0,0.0,0.2,0,0,random,0.560000,0.493952
E7,0.2,1.0,0,1.0,0.0,0.2,0,0,round-robin,0.559500,0.491935
E7,0.2,1.0,0,1.0,0.0,0.2,0,0,oracle,0.685500,1.000000
E7,0.2,1.0,0,1.0,0.0,0.2,0,0,snr-greedy,0.637000,0.804435
E7,0.2,1.0,0,1.0,0.0,0.2,0,0,snr-greedy-loss,0.673500,0.951613
E7,0.2,1.0,0,1.0,0.0,0.2,0,0,snr-mean,0.619750,0.734879
E7,0.2,1.0,0,1.0,0.0,0.2,0,0,belief,0.679500,0.975806
E7,0.2,1.0,0,1.0,0.0,0.2,0,0,belief-pred,0.679500,0.975806
E7,0.2,1.0,0,1.0,0.0,0.2,0,0,ewma,0.600750,0.658266
E7,0.2,1.0,0,1.0,0.0,0.2,0,0,blend-paper,0.620000,0.735887
E7,0.2,1.0,0,1.0,0.0,0.2,0,0,saf-adaptive,0.679500,0.975806
E7,0.2,1.0,0,1.0,0.0,0.2,0,1,random,0.565000,0.491919
E7,0.2,1.0,0,1.0,0.0,0.2,0,1,round-robin,0.567250,0.501010
E7,0.2,1.0,0,1.0,0.0,0.2,0,1,oracle,0.690750,1.000000
E7,0.2,1.0,0,1.0,0.0,0.2,0,1,snr-greedy,0.650500,0.837374
E7,0.2,1.0,0,1.0,0.0,0.2,0,1,snr-greedy-loss,0.682000,0.964646
E7,0.2,1.0,0,1.0,0.0,0.2,0,1,snr-mean,0.613000,0.685859
E7,0.2,1.0,0,1.0,0.0,0.2,0,1,belief,0.684750,0.975758
E7,0.2,1.0,0,1.0,0.0,0.2,0,1,belief-pred,0.684750,0.975758
E7,0.2,1.0,0,1.0,0.0,0.2,0,1,ewma,0.597750,0.624242
E7,0.2,1.0,0,1.0,0.0,0.2,0,1,blend-paper,0.620000,0.714141
E7,0.2,1.0,0,1.0,0.0,0.2,0,1,saf-adaptive,0.684750,0.975758
E7,0.2,1.0,0,1.0,0.0,0.2,0,2,random,0.565750,0.522059
E7,0.2,1.0,0,1.0,0.0,0.2,0,2,round-robin,0.562000,0.506303
E7,0.2,1.0,0,1.0,0.0,0.2,0,2,oracle,0.679500,1.000000
E7,0.2,1.0,0,1.0,0.0,0.2,0,2,snr-greedy,0.639750,0.832983
E7,0.2,1.0,0,1.0,0.0,0.2,0,2,snr-greedy-loss,0.669000,0.955882
E7,0.2,1.0,0,1.0,0.0,0.2,0,2,snr-mean,0.618750,0.744748
E7,0.2,1.0,0,1.0,0.0,0.2,0,2,belief,0.673000,0.972689
E7,0.2,1.0,0,1.0,0.0,0.2,0,2,belief-pred,0.673000,0.972689
E7,0.2,1.0,0,1.0,0.0,0.2,0,2,ewma,0.597250,0.654412
E7,0.2,1.0,0,1.0,0.0,0.2,0,2,blend-paper,0.622500,0.760504
E7,0.2,1.0,0,1.0,0.0,0.2,0,2,saf-adaptive,0.673000,0.972689
E7,0.2,1.0,0,1.0,0.0,0.2,0,3,random,0.544750,0.452703
E7,0.2,1.0,0,1.0,0.0,0.2,0,3,round-robin,0.560000,0.511583
E7,0.2,1.0,0,1.0,0.0,0.2,0,3,oracle,0.686500,1.000000
E7,0.2,1.0,0,1.0,0.0,0.2,0,3,snr-greedy,0.641750,0.827220
E7,0.2,1.0,0,1.0,0.0,0.2,0,3,snr-greedy-loss,0.673500,0.949807
E7,0.2,1.0,0,1.0,0.0,0.2,0,3,snr-mean,0.608500,0.698842
E7,0.2,1.0,0,1.0,0.0,0.2,0,3,belief,0.680750,0.977799
E7,0.2,1.0,0,1.0,0.0,0.2,0,3,belief-pred,0.680750,0.977799
E7,0.2,1.0,0,1.0,0.0,0.2,0,3,ewma,0.574250,0.566602
E7,0.2,1.0,0,1.0,0.0,0.2,0,3,blend-paper,0.620500,0.745174
E7,0.2,1.0,0,1.0,0.0,0.2,0,3,saf-adaptive,0.680750,0.977799
E7,0.2,1.0,0,1.0,0.0,0.2,0,4,random,0.561000,0.510331
E7,0.2,1.0,0,1.0,0.0,0.2,0,4,round-robin,0.554750,0.484504
E7,0.2,1.0,0,1.0,0.0,0.2,0,4,oracle,0.679500,1.000000
E7,0.2,1.0,0,1.0,0.0,0.2,0,4,snr-greedy,0.636750,0.823347
E7,0.2,1.0,0,1.0,0.0,0.2,0,4,snr-greedy-loss,0.667000,0.948347
E7,0.2,1.0,0,1.0,0.0,0.2,0,4,snr-mean,0.602500,0.681818
E7,0.2,1.0,0,1.0,0.0,0.2,0,4,belief,0.673000,0.973140
E7,0.2,1.0,0,1.0,0.0,0.2,0,4,belief-pred,0.673000,0.973140
E7,0.2,1.0,0,1.0,0.0,0.2,0,4,ewma,0.566750,0.534091
E7,0.2,1.0,0,1.0,0.0,0.2,0,4,blend-paper,0.604250,0.689050
E7,0.2,1.0,0,1.0,0.0,0.2,0,4,saf-adaptive,0.673000,0.973140
E7,0.2,1.0,0,1.0,0.0,0.2,0,5,random,0.563000,0.507128
E7,0.2,1.0,0,1.0,0.0,0.2,0,5,round-robin,0.560250,0.495927
E7,0.2,1.0,0,1.0,0.0,0.2,0,5,oracle,0.684000,1.000000
E7,0.2,1.0,0,1.0,0.0,0.2,0,5,snr-greedy,0.644250,0.838086
E7,0.2,1.0,0,1.0,0.0,0.2,0,5,snr-greedy-loss,0.674250,0.960285
E7,0.2,1.0,0,1.0,0.0,0.2,0,5,snr-mean,0.611750,0.705703
E7,0.2,1.0,0,1.0,0.0,0.2,0,5,belief,0.677250,0.972505
E7,0.2,1.0,0,1.0,0.0,0.2,0,5,belief-pred,0.677250,0.972505
E7,0.2,1.0,0,1.0,0.0,0.2,0,5,ewma,0.586000,0.600815
E7,0.2,1.0,0,1.0,0.0,0.2,0,5,blend-paper,0.624750,0.758656
E7,0.2,1.0,0,1.0,0.0,0.2,0,5,saf-adaptive,0.677250,0.972505
E7,0.2,1.0,0,1.0,0.0,0.2,0,6,random,0.563250,0.525994
E7,0.2,1.0,0,1.0,0.0,0.2,0,6,round-robin,0.560750,0.515800
E7,0.2,1.0,0,1.0,0.0,0.2,0,6,oracle,0.679500,1.000000
E7,0.2,1.0,0,1.0,0.0,0.2,0,6,snr-greedy,0.641250,0.844037
E7,0.2,1.0,0,1.0,0.0,0.2,0,6,snr-greedy-loss,0.671000,0.965341
E7,0.2,1.0,0,1.0,0.0,0.2,0,6,snr-mean,0.601500,0.681957
E7,0.2,1.0,0,1.0,0.0,0.2,0,6,belief,0.673250,0.974516
E7,0.2,1.0,0,1.0,0.0,0.2,0,6,belief-pred,0.673250,0.974516
E7,0.2,1.0,0,1.0,0.0,0.2,0,6,ewma,0.559500,0.510703
E7,0.2,1.0,0,1.0,0.0,0.2,0,6,blend-paper,0.608500,0.710499
E7,0.2,1.0,0,1.0,0.0,0.2,0,6,saf-adaptive,0.673250,0.974516
E7,0.2,1.0,0,1.0,0.0,0.2,0,7,random,0.568250,0.490066
E7,0.2,1.0,0,1.0,0.0,0.2,0,7,round-robin,0.572250,0.507726
E7,0.2,1.0,0,1.0,0.0,0.2,0,7,oracle,0.683750,1.000000
E7,0.2,1.0,0,1.0,0.0,0.2,0,7,snr-greedy,0.641000,0.811258
E7,0.2,1.0,0,1.0,0.0,0.2,0,7,snr-greedy-loss,0.676500,0.967991
E7,0.2,1.0,0,1.0,0.0,0.2,0,7,snr-mean,0.615500,0.698675
E7,0.2,1.0,0,1.0,0.0,0.2,0,7,belief,0.679750,0.982340
E7,0.2,1.0,0,1.0,0.0,0.2,0,7,belief-pred,0.679750,0.982340
E7,0.2,1.0,0,1.0,0.0,0.2,0,7,ewma,0.571500,0.504415
E7,0.2,1.0,0,1.0,0.0,0.2,0,7,blend-paper,0.621250,0.724062
E7,0.2,1.0,0,1.0,0.0,0.2,0,7,saf-adaptive,0.679750,0.982340
E7,0.2,1.0,0,1.0,0.0,0.2,0,8,random,0.566750,0.480263
E7,0.2,1.0,0,1.0,0.0,0.2,0,8,round-robin,0.573500,0.509868
E7,0.2,1.0,0,1.0,0.0,0.2,0,8,oracle,0.685250,1.000000
E7,0.2,1.0,0,1.0,0.0,0.2,0,8,snr-greedy,0.642750,0.813596
E7,0.2,1.0,0,1.0,0.0,0.2,0,8,snr-greedy-loss,0.675250,0.956140
E7,0.2,1.0,0,1.0,0.0,0.2,0,8,snr-mean,0.606000,0.652412
E7,0.2,1.0,0,1.0,0.0,0.2,0,8,belief,0.679000,0.972588
E7,0.2,1.0,0,1.0,0.0,0.2,0,8,belief-pred,0.679000,0.972588
E7,0.2,1.0,0,1.0,0.0,0.2,0,8,ewma,0.599250,0.622807
E7,0.2,1.0,0,1.0,0.0,0.2,0,8,blend-paper,0.623750,0.730263
E7,0.2,1.0,0,1.0,0.0,0.2,0,8,saf-adaptive,0.679000,0.972588
E7,0.2,1.0,0,1.0,0.0,0.2,0,9,random,0.567250,0.526474
E7,0.2,1.0,0,1.0,0.0,0.2,0,9,round-robin,0.561250,0.502498
E7,0.2,1.0,0,1.0,0.0,0.2,0,9,oracle,0.685750,1.000000
E7,0.2,1.0,0,1.0,0.0,0.2,0,9,snr-greedy,0.650750,0.860140
E7,0.2,1.0,0,1.0,0.0,0.2,0,9,snr-greedy-loss,0.678250,0.970030
E7,0.2,1.0,0,1.0,0.0,0.2,0,9,snr-mean,0.610000,0.697303
E7,0.2,1.0,0,1.0,0.0,0.2,0,9,belief,0.681250,0.982018
E7,0.2,1.0,0,1.0,0.0,0.2,0,9,belief-pred,0.681250,0.982018
E7,0.2,1.0,0,1.0,0.0,0.2,0,9,ewma,0.585000,0.597403
E7,0.2,1.0,0,1.0,0.0,0.2,0,9,blend-paper,0.626500,0.763237
E7,0.2,1.0,0,1.0,0.0,0.2,0,9,saf-adaptive,0.681250,0.982018
E7,0.2,1.0,0,1.0,0.0,0.2,0,10,random,0.556000,0.489858
E7,0.2,1.0,0,1.0,0.0,0.2,0,10,round-robin,0.557500,0.495943
E7,0.2,1.0,0,1.0,0.0,0.2,0,10,oracle,0.681750,1.000000
E7,0.2,1.0,0,1.0,0.0,0.2,0,10,snr-greedy,0.639750,0.829615
E7,0.2,1.0,0,1.0,0.0,0.2,0,10,snr-greedy-loss,0.670750,0.955375
E7,0.2,1.0,0,1.0,0.0,0.2,0,10,snr-mean,0.612250,0.718053
E7,0.2,1.0,0,1.0,0.0,0.2,0,10,belief,0.676000,0.976673
E7,0.2,1.0,0,1.0,0.0,0.2,0,10,belief-pred,0.676000,0.976673
E7,0.2,1.0,0,1.0,0.0,0.2,0,10,ewma,0.572500,0.556795
E7,0.2,1.0,0,1.0,0.0,0.2,0,10,blend-paper,0.612250,0.718053
E7,0.2,1.0,0,1.0,0.0,0.2,0,10,saf-adaptive,0.675750,0.975659
E7,0.2,1.0,0,1.0,0.0,0.2,0,11,random,0.565000,0.507821
E7,0.2,1.0,0,1.0,0.0,0.2,0,11,round-robin,0.564500,0.505735
E7,0.2,1.0,0,1.0,0.0,0.2,0,11,oracle,0.683000,1.000000
E7,0.2,1.0,0,1.0,0.0,0.2,0,11,snr-greedy,0.643250,0.834202
E7,0.2,1.0,0,1.0,0.0,0.2,0,11,snr-greedy-loss,0.674750,0.965589
E7,0.2,1.0,0,1.0,0.0,0.2,0,11,snr-mean,0.605250,0.675704
E7,0.2,1.0,0,1.0,0.0,0.2,0,11,belief,0.677000,0.974974
E7,0.2,1.0,0,1.0,0.0,0.2,0,11,belief-pred,0.677000,0.974974
E7,0.2,1.0,0,1.0,0.0,0.2,0,11,ewma,0.574000,0.545360
E7,0.2,1.0,0,1.0,0.0,0.2,0,11,blend-paper,0.611250,0.700730
E7,0.2,1.0,0,1.0,0.0,0.2,0,11,saf-adaptive,0.677000,0.974974
E7,0.2,1.0,0,1.0,0.0,0.2,0,12,random,0.566500,0.502533
E7,0.2,1.0,0,1.0,0.0,0.2,0,12,round-robin,0.561250,0.481256
E7,0.2,1.0,0,1.0,0.0,0.2,0,12,oracle,0.689250,1.000000
E7,0.2,1.0,0,1.0,0.0,0.2,0,12,snr-greedy,0.648250,0.833840
E7,0.2,1.0,0,1.0,0.0,0.2,0,12,snr-greedy-loss,0.678250,0.955420
E7,0.2,1.0,0,1.0,0.0,0.2,0,12,snr-mean,0.619250,0.716312
E7,0.2,1.0,0,1.0,0.0,0.2,0,12,belief,0.683250,0.975684
E7,0.2,1.0,0,1.0,0.0,0.2,0,12,belief-pred,0.683250,0.975684
E7,0.2,1.0,0,1.0,0.0,0.2,0,12,ewma,0.584750,0.576494
E7,0.2,1.0,0,1.0,0.0,0.2,0,12,blend-paper,0.624500,0.737589
E7,0.2,1.0,0,1.0,0.0,0.2,0,12,saf-adaptive,0.683250,0.975684
E7,0.2,1.0,0,1.0,0.0,0.2,0,13,random,0.554250,0.483087
E7,0.2,1.0,0,1.0,0.0,0.2,0,13,round-robin,0.562250,0.516913
E7,0.2,1.0,0,1.0,0.0,0.2,0,13,oracle,0.676500,1.000000
E7,0.2,1.0,0,1.0,0.0,0.2,0,13,snr-greedy,0.634750,0.823467
E7,0.2,1.0,0,1.0,0.0,0.2,0,13,snr-greedy-loss,0.667500,0.961945
E7,0.2,1.0,0,1.0,0.0,0.2,0,13,snr-mean,0.603500,0.691332
E7,0.2,1.0,0,1.0,0.0,0.2,0,13,belief,0.671000,0.976744
E7,0.2,1.0,0,1.0,0.0,0.2,0,13,belief-pred,0.671000,0.976744
E7,0.2,1.0,0,1.0,0.0,0.2,0,13,ewma,0.581000,0.596195
E7,0.2,1.0,0,1.0,0.0,0.2,0,13,blend-paper,0.615750,0.743129
E7,0.2,1.0,0,1.0,0.0,0.2,0,13,saf-adaptive,0.671000,0.976744
E7,0.2,1.0,0,1.0,0.0,0.2,0,14,random,0.575500,0.500000
E7,0.2,1.0,0,1.0,0.0,0.2,0,14,round-robin,0.573250,0.490506
E7,0.2,1.0,0,1.0,0.0,0.2,0,14,oracle,0.694000,1.000000
E7,0.2,1.0,0,1.0,0.0,0.2,0,14,snr-greedy,0.654500,0.833333
E7,0.2,1.0,0,1.0,0.0,0.2,0,14,snr-greedy-loss,0.684750,0.960970
E7,0.2,1.0,0,1.0,0.0,0.2,0,14,snr-mean,0.624750,0.707806
E7,0.2,1.0,0,1.0,0.0,0.2,0,14,belief,0.689000,0.978903
E7,0.2,1.0,0,1.0,0.0,0.2,0,14,belief-pred,0.689000,0.978903
E7,0.2,1.0,0,1.0,0.0,0.2,0,14,ewma,0.600750,0.606540
E7,0.2,1.0,0,1.0,0.0,0.2,0,14,blend-paper,0.639250,0.768987
E7,0.2,1.0,0,1.0,0.0,0.2,0,14,saf-adaptive,0.689000,0.978903
E7,0.2,1.0,0,1.0,0.0,0.2,0,15,random,0.554000,0.485963
E7,0.2,1.0,0,1.0,0.0,0.2,0,15,round-robin,0.555750,0.492740
E7,0.2,1.0,0,1.0,0.0,0.2,0,15,oracle,0.686750,1.000000
E7,0.2,1.0,0,1.0,0.0,0.2,0,15,snr-greedy,0.643750,0.833495
E7,0.2,1.0,0,1.0,0.0,0.2,0,15,snr-greedy-loss,0.674000,0.950629
E7,0.2,1.0,0,1.0,0.0,0.2,0,15,snr-mean,0.618750,0.736689
E7,0.2,1.0,0,1.0,0.0,0.2,0,15,belief,0.680750,0.976767
E7,0.2,1.0,0,1.0,0.0,0.2,0,15,belief-pred,0.680750,0.976767
E7,0.2,1.0,0,1.0,0.0,0.2,0,15,ewma,0.582250,0.595353
E7,0.2,1.0,0,1.0,0.0,0.2,0,15,blend-paper,0.610500,0.704743
E7,0.2,1.0,0,1.0,0.0,0.2,0,15,saf-adaptive,0.680750,0.976767
E7,0.2,1.0,0,1.0,0.0,0.2,0,16,random,0.556500,0.482795
E7,0.2,1.0,0,1.0,0.0,0.2,0,16,round-robin,0.559250,0.494265
E7,0.2,1.0,0,1.0,0.0,0.2,0,16,oracle,0.680500,1.000000
E7,0.2,1.0,0,1.0,0.0,0.2,0,16,snr-greedy,0.640750,0.834202
E7,0.2,1.0,0,1.0,0.0,0.2,0,16,snr-greedy-loss,0.673000,0.968717
E7,0.2,1.0,0,1.0,0.0,0.2,0,16,snr-mean,0.599500,0.662148
E7,0.2,1.0,0,1.0,0.0,0.2,0,16,belief,0.675250,0.978102
E7,0.2,1.0,0,1.0,0.0,0.2,0,16,belief-pred,0.675250,0.978102
E7,0.2,1.0,0,1.0,0.0,0.2,0,16,ewma,0.576000,0.564129
E7,0.2,1.0,0,1.0,0.0,0.2,0,16,blend-paper,0.610750,0.709072
E7,0.2,1.0,0,1.0,0.0,0.2,0,16,saf-adaptive,0.675250,0.978102
E7,0.2,1.0,0,1.0,0.0,0.2,0,17,random,0.567000,0.509414
E7,0.2,1.0,0,1.0,0.0,0.2,0,17,round-robin,0.566000,0.505230
E7,0.2,1.0,0,1.0,0.0,0.2,0,17,oracle,0.684250,1.000000
E7,0.2,1.0,0,1.0,0.0,0.2,0,17,snr-greedy,0.645500,0.837866
E7,0.2,1.0,0,1.0,0.0,0.2,0,17,snr-greedy-loss,0.672250,0.949791
E7,0.2,1.0,0,1.0,0.0,0.2,0,17,snr-mean,0.615750,0.713389
E7,0.2,1.0,0,1.0,0.0,0.2,0,17,belief,0.677500,0.971757
E7,0.2,1.0,0,1.0,0.0,0.2,0,17,belief-pred,0.677500,0.971757
E7,0.2,1.0,0,1.0,0.0,0.2,0,17,ewma,0.584500,0.582636
E7,0.2,1.0,0,1.0,0.0,0.2,0,17,blend-paper,0.615250,0.711297
E7,0.2,1.0,0,1.0,0.0,0.2,0,17,saf-adaptive,0.677500,0.971757
E7,0.2,1.0,0,1.0,0.0,0.2,0,18,random,0.544750,0.466229
E7,0.2,1.0,0,1.0,0.0,0.2,0,18,round-robin,0.554250,0.501876
E7,0.2,1.0,0,1.0,0.0,0.2,0,18,oracle,0.687000,1.000000
E7,0.2,1.0,0,1.0,0.0,0.2,0,18,snr-greedy,0.647750,0.852720
E7,0.2,1.0,0,1.0,0.0,0.2,0,18,snr-greedy-loss,0.675250,0.955910
E7,0.2,1.0,0,1.0,0.0,0.2,0,18,snr-mean,0.616000,0.733583
E7,0.2,1.0,0,1.0,0.0,0.2,0,18,belief,0.681000,0.977486
E7,0.2,1.0,0,1.0,0.0,0.2,0,18,belief-pred,0.681000,0.977486
E7,0.2,1.0,0,1.0,0.0,0.2,0,18,ewma,0.586500,0.622889
E7,0.2,1.0,0,1.0,0.0,0.2,0,18,blend-paper,0.620750,0.751407
E7,0.2,1.0,0,1.0,0.0,0.2,0,18,saf-adaptive,0.681000,0.977486
E7,0.2,1.0,0,1.0,0.0,0.2,0,19,random,0.558750,0.496970
E7,0.2,1.0,0,1.0,0.0,0.2,0,19,round-robin,0.558000,0.493939
E7,0.2,1.0,0,1.0,0.0,0.2,0,19,oracle,0.683250,1.000000
E7,0.2,1.0,0,1.0,0.0,0.2,0,19,snr-greedy,0.642250,0.834343
E7,0.2,1.0,0,1.0,0.0,0.2,0,19,snr-greedy-loss,0.671750,0.953535
E7,0.2,1.0,0,1.0,0.0,0.2,0,19,snr-mean,0.608750,0.698990
E7,0.2,1.0,0,1.0,0.0,0.2,0,19,belief,0.676500,0.972727
E7,0.2,1.0,0,1.0,0.0,0.2,0,19,belief-pred,0.676500,0.972727
E7,0.2,1.0,0,1.0,0.0,0.2,0,19,ewma,0.565500,0.524242
E7,0.2,1.0,0,1.0,0.0,0.2,0,19,blend-paper,0.609250,0.701010
E7,0.2,1.0,0,1.0,0.0,0.2,0,19,saf-adaptive,0.676500,0.972727
E7,0.2,1.0,0,1.0,0.0,0.2,0,20,random,0.563000,0.501010
E7,0.2,1.0,0,1.0,0.0,0.2,0,20,round-robin,0.566500,0.515152
E7,0.2,1.0,0,1.0,0.0,0.2,0,20,oracle,0.686500,1.000000
E7,0.2,1.0,0,1.0,0.0,0.2,0,20,snr-greedy,0.646500,0.838384
E7,0.2,1.0,0,1.0,0.0,0.2,0,20,snr-greedy-loss,0.674000,0.949495
E7,0.2,1.0,0,1.0,0.0,0.2,0,20,snr-mean,0.607250,0.679798
E7,0.2,1.0,0,1.0,0.0,0.2,0,20,belief,0.678500,0.967677
E7,0.2,1.0,0,1.0,0.0,0.2,0,20,belief-pred,0.678500,0.967677
E7,0.2,1.0,0,1.0,0.0,0.2,0,20,ewma,0.578500,0.563636
E7,0.2,1.0,0,1.0,0.0,0.2,0,20,blend-paper,0.612750,0.702020
E7,0.2,1.0,0,1.0,0.0,0.2,0,20,saf-adaptive,0.678500,0.967677
E7,0.2,1.0,0,1.0,0.0,0.2,0,21,random,0.557750,0.506931
E7,0.2,1.0,0,1.0,0.0,0.2,0,21,round-robin,0.557250,0.504950
E7,0.2,1.0,0,1.0,0.0,0.2,0,21,oracle,0.682250,1.000000
E7,0.2,1.0,0,1.0,0.0,0.2,0,21,snr-greedy,0.640000,0.832673
E7,0.2,1.0,0,1.0,0.0,0.2,0,21,snr-greedy-loss,0.673500,0.965347
E7,0.2,1.0,0,1.0,0.0,0.2,0,21,snr-mean,0.594000,0.650495
E7,0.2,1.0,0,1.0,0.0,0.2,0,21,belief,0.677000,0.979208
E7,0.2,1.0,0,1.0,0.0,0.2,0,21,belief-pred,0.677000,0.979208
E7,0.2,1.0,0,1.0,0.0,0.2,0,21,ewma,0.574250,0.572277
E7,0.2,1.0,0,1.0,0.0,0.2,0,21,blend-paper,0.611000,0.717822
E7,0.2,1.0,0,1.0,0.0,0.2,0,21,saf-adaptive,0.677000,0.979208
E7,0.2,1.0,0,1.0,0.0,0.2,0,22,random,0.567750,0.486911
E7,0.2,1.0,0,1.0,0.0,0.2,0,22,round-robin,0.567500,0.485864
E7,0.2,1.0,0,1.0,0.0,0.2,0,22,oracle,0.690250,1.000000
E7,0.2,1.0,0,1.0,0.0,0.2,0,22,snr-greedy,0.657000,0.860733
E7,0.2,1.0,0,1.0,0.0,0.2,0,22,snr-greedy-loss,0.680500,0.959162
E7,0.2,1.0,0,1.0,0.0,0.2,0,22,snr-mean,0.608250,0.656545
E7,0.2,1.0,0,1.0,0.0,0.2,0,22,belief,0.685500,0.980105
E7,0.2,1.0,0,1.0,0.0,0.2,0,22,belief-pred,0.685500,0.980105
E7,0.2,1.0,0,1.0,0.0,0.2,0,22,ewma,0.594250,0.597906
E7,0.2,1.0,0,1.0,0.0,0.2,0,22,blend-paper,0.628250,0.740314
E7,0.2,1.0,0,1.0,0.0,0.2,0,22,saf-adaptive,0.685500,0.980105
E7,0.2,1.0,0,1.0,0.0,0.2,0,23,random,0.558000,0.492739
E7,0.2,1.0,0,1.0,0.0,0.2,0,23,round-robin,0.556000,0.484440
E7,0.2,1.0,0,1.0,0.0,0.2,0,23,oracle,0.680250,1.000000
E7,0.2,1.0,0,1.0,0.0,0.2,0,23,snr-greedy,0.636500,0.818465
E7,0.2,1.0,0,1.0,0.0,0.2,0,23,snr-greedy-loss,0.667000,0.945021
E7,0.2,1.0,0,1.0,0.0,0.2,0,23,snr-mean,0.605750,0.690871
E7,0.2,1.0,0,1.0,0.0,0.2,0,23,belief,0.672500,0.967842
E7,0.2,1.0,0,1.0,0.0,0.2,0,23,belief-pred,0.672500,0.967842
E7,0.2,1.0,0,1.0,0.0,0.2,0,23,ewma,0.579750,0.582988
E7,0.2,1.0,0,1.0,0.0,0.2,0,23,blend-paper,0.618000,0.741701
E7,0.2,1.0,0,1.0,0.0,0.2,0,23,saf-adaptive,0.672500,0.967842
E7,0.2,1.0,0,1.0,0.0,0.2,0,24,random,0.554500,0.492110
E7,0.2,1.0,0,1.0,0.0,0.2,0,24,round-robin,0.553750,0.489152
E7,0.2,1.0,0,1.0,0.0,0.2,0,24,oracle,0.683250,1.000000
E7,0.2,1.0,0,1.0,0.0,0.2,0,24,snr-greedy,0.637500,0.819527
E7,0.2,1.0,0,1.0,0.0,0.2,0,24,snr-greedy-loss,0.673500,0.961538
E7,0.2,1.0,0,1.0,0.0,0.2,0,24,snr-mean,0.606000,0.695266
E7,0.2,1.0,0,1.0,0.0,0.2,0,24,belief,0.677500,0.977318
E7,0.2,1.0,0,1.0,0.0,0.2,0,24,belief-pred,0.677500,0.977318
E7,0.2,1.0,0,1.0,0.0,0.2,0,24,ewma,0.585000,0.612426
E7,0.2,1.0,0,1.0,0.0,0.2,0,24,blend-paper,0.607500,0.701183
E7,0.2,1.0,0,1.0,0.0,0.2,0,24,saf-adaptive,0.677500,0.977318
E7,0.2,1.0,0,1.0,0.0,0.2,0,25,random,0.559500,0.489861
E7,0.2,1.0,0,1.0,0.0,0.2,0,25,round-robin,0.560500,0.494130
E7,0.2,1.0,0,1.0,0.0,0.2,0,25,oracle,0.679000,1.000000
E7,0.2,1.0,0,1.0,0.0,0.2,0,25,snr-greedy,0.635500,0.814301
E7,0.2,1.0,0,1.0,0.0,0.2,0,25,snr-greedy-loss,0.668500,0.955176
E7,0.2,1.0,0,1.0,0.0,0.2,0,25,snr-mean,0.603750,0.678762
E7,0.2,1.0,0,1.0,0.0,0.2,0,25,belief,0.674000,0.978655
E7,0.2,1.0,0,1.0,0.0,0.2,0,25,belief-pred,0.674000,0.978655
E7,0.2,1.0,0,1.0,0.0,0.2,0,25,ewma,0.576750,0.563501
E7,0.2,1.0,0,1.0,0.0,0.2,0,25,blend-paper,0.613750,0.721451
E7,0.2,1.0,0,1.0,0.0,0.2,0,25,saf-adaptive,0.674000,0.978655
E7,0.2,1.0,0,1.0,0.0,0.2,0,26,random,0.571000,0.514940
E7,0.2,1.0,0,1.0,0.0,0.2,0,26,round-robin,0.570750,0.513944
E7,0.2,1.0,0,1.0,0.0,0.2,0,26,oracle,0.692750,1.000000
E7,0.2,1.0,0,1.0,0.0,0.2,0,26,snr-greedy,0.650500,0.831673
E7,0.2,1.0,0,1.0,0.0,0.2,0,26,snr-greedy-loss,0.679500,0.947211
E7,0.2,1.0,0,1.0,0.0,0.2,0,26,snr-mean,0.619000,0.706175
E7,0.2,1.0,0,1.0,0.0,0.2,0,26,belief,0.687000,0.977092
E7,0.2,1.0,0,1.0,0.0,0.2,0,26,belief-pred,0.687000,0.977092
E7,0.2,1.0,0,1.0,0.0,0.2,0,26,ewma,0.594000,0.606574
E7,0.2,1.0,0,1.0,0.0,0.2,0,26,blend-paper,0.616250,0.695219
E7,0.2,1.0,0,1.0,0.0,0.2,0,26,saf-adaptive,0.687000,0.977092
E7,0.2,1.0,0,1.0,0.0,0.2,0,27,random,0.560000,0.494461
E7,0.2,1.0,0,1.0,0.0,0.2,0,27,round-robin,0.561500,0.500504
E7,0.2,1.0,0,1.0,0.0,0.2,0,27,oracle,0.685500,1.000000
E7,0.2,1.0,0,1.0,0.0,0.2,0,27,snr-greedy,0.636750,0.803625
E7,0.2,1.0,0,1.0,0.0,0.2,0,27,snr-greedy-loss,0.675000,0.957704
E7,0.2,1.0,0,1.0,0.0,0.2,0,27,snr-mean,0.607750,0.686808
E7,0.2,1.0,0,1.0,0.0,0.2,0,27,belief,0.679250,0.974824
E7,0.2,1.0,0,1.0,0.0,0.2,0,27,belief-pred,0.679250,0.974824
E7,0.2,1.0,0,1.0,0.0,0.2,0,27,ewma,0.587250,0.604230
E7,0.2,1.0,0,1.0,0.0,0.2,0,27,blend-paper,0.619750,0.735146
E7,0.2,1.0,0,1.0,0.0,0.2,0,27,saf-adaptive,0.679250,0.974824
E7,0.2,1.0,0,1.0,0.0,0.2,0,28,random,0.567500,0.510053
E7,0.2,1.0,0,1.0,0.0,0.2,0,28,round-robin,0.566750,0.506878
E7,0.2,1.0,0,1.0,0.0,0.2,0,28,oracle,0.683250,1.000000
E7,0.2,1.0,0,1.0,0.0,0.2,0,28,snr-greedy,0.640750,0.820106
E7,0.2,1.0,0,1.0,0.0,0.2,0,28,snr-greedy-loss,0.674750,0.964021
E7,0.2,1.0,0,1.0,0.0,0.2,0,28,snr-mean,0.609500,0.687831
E7,0.2,1.0,0,1.0,0.0,0.2,0,28,belief,0.678750,0.980952
E7,0.2,1.0,0,1.0,0.0,0.2,0,28,belief-pred,0.678750,0.980952
E7,0.2,1.0,0,1.0,0.0,0.2,0,28,ewma,0.577250,0.551323
E7,0.2,1.0,0,1.0,0.0,0.2,0,28,blend-paper,0.617500,0.721693
E7,0.2,1.0,0,1.0,0.0,0.2,0,28,saf-adaptive,0.678750,0.980952
E7,0.2,1.0,0,1.0,0.0,0.2,0,29,random,0.563750,0.477131
E7,0.2,1.0,0,1.0,0.0,0.2,0,29,round-robin,0.565250,0.483368
E7,0.2,1.0,0,1.0,0.0,0.2,0,29,oracle,0.689500,1.000000
E7,0.2,1.0,0,1.0,0.0,0.2,0,29,snr-greedy,0.647500,0.825364
E7,0.2,1.0,0,1.0,0.0,0.2,0,29,snr-greedy-loss,0.678000,0.952183
E7,0.2,1.0,0,1.0,0.0,0.2,0,29,snr-mean,0.613250,0.682952
E7,0.2,1.0,0,1.0,0.0,0.2,0,29,belief,0.683500,0.975052
E7,0.2,1.0,0,1.0,0.0,0.2,0,29,belief-pred,0.683500,0.975052
E7,0.2,1.0,0,1.0,0.0,0.2,0,29,ewma,0.585500,0.567568
E7,0.2,1.0,0,1.0,0.0,0.2,0,29,blend-paper,0.629250,0.749480
E7,0.2,1.0,0,1.0,0.0,0.2,0,29,saf-adaptive,0.683500,0.975052
E7,0.2,1.0,0,1.0,0.0,0.2,0,30,random,0.554000,0.502478
E7,0.2,1.0,0,1.0,0.0,0.2,0,30,round-robin,0.552250,0.495540
E7,0.2,1.0,0,1.0,0.0,0.2,0,30,oracle,0.679500,1.000000
E7,0.2,1.0,0,1.0,0.0,0.2,0,30,snr-greedy,0.638750,0.838454
E7,0.2,1.0,0,1.0,0.0,0.2,0,30,snr-greedy-loss,0.669250,0.959366
E7,0.2,1.0,0,1.0,0.0,0.2,0,30,snr-mean,0.602000,0.692765
E7,0.2,1.0,0,1.0,0.0,0.2,0,30,belief,0.672750,0.973241
E7,0.2,1.0,0,1.0,0.0,0.2,0,30,belief-pred,0.672750,0.973241
E7,0.2,1.0,0,1.0,0.0,0.2,0,30,ewma,0.573250,0.578791
E7,0.2,1.0,0,1.0,0.0,0.2,0,30,blend-paper,0.613500,0.738355
E7,0.2,1.0,0,1.0,0.0,0.2,0,30,saf-adaptive,0.672500,0.972250
E7,0.2,1.0,0,1.0,0.0,0.2,0,31,random,0.561250,0.498483
E7,0.2,1.0,0,1.0,0.0,0.2,0,31,round-robin,0.561250,0.498483
E7,0.2,1.0,0,1.0,0.0,0.2,0,31,oracle,0.685250,1.000000
E7,0.2,1.0,0,1.0,0.0,0.2,0,31,snr-greedy,0.646500,0.843276
E7,0.2,1.0,0,1.0,0.0,0.2,0,31,snr-greedy-loss,0.675500,0.960566
E7,0.2,1.0,0,1.0,0.0,0.2,0,31,snr-mean,0.611000,0.699697
E7,0.2,1.0,0,1.0,0.0,0.2,0,31,belief,0.680250,0.979778
E7,0.2,1.0,0,1.0,0.0,0.2,0,31,belief-pred,0.680250,0.979778
E7,0.2,1.0,0,1.0,0.0,0.2,0,31,ewma,0.586250,0.599596
E7,0.2,1.0,0,1.0,0.0,0.2,0,31,blend-paper,0.613250,0.708797
E7,0.2,1.0,0,1.0,0.0,0.2,0,31,saf-adaptive,0.680250,0.979778
E7,0.2,1.0,0,1.0,0.0,0.2,0,32,random,0.557500,0.480652
E7,0.2,1.0,0,1.0,0.0,0.2,0,32,round-robin,0.558250,0.483707
E7,0.2,1.0,0,1.0,0.0,0.2,0,32,oracle,0.685000,1.000000
E7,0.2,1.0,0,1.0,0.0,0.2,0,32,snr-greedy,0.645500,0.839104
E7,0.2,1.0,0,1.0,0.0,0.2,0,32,snr-greedy-loss,0.675500,0.961303
E7,0.2,1.0,0,1.0,0.0,0.2,0,32,snr-mean,0.619250,0.732179
E7,0.2,1.0,0,1.0,0.0,0.2,0,32,belief,0.678250,0.972505
E7,0.2,1.0,0,1.0,0.0,0.2,0,32,belief-pred,0.678250,0.972505
E7,0.2,1.0,0,1.0,0.0,0.2,0,32,ewma,0.577750,0.563136
E7,0.2,1.0,0,1.0,0.0,0.2,0,32,blend-paper,0.594500,0.631365
E7,0.2,1.0,0,1.0,0.0,0.2,0,32,saf-adaptive,0.678250,0.972505
E7,0.2,1.0,0,1.0,0.0,0.2,0,33,random,0.568250,0.516684
E7,0.2,1.0,0,1.0,0.0,0.2,0,33,round-robin,0.561750,0.490394
E7,0.2,1.0,0,1.0,0.0,0.2,0,33,oracle,0.687750,1.000000
E7,0.2,1.0,0,1.0,0.0,0.2,0,33,snr-greedy,0.641250,0.811931
E7,0.2,1.0,0,1.0,0.0,0.2,0,33,snr-greedy-loss,0.678250,0.961577
E7,0.2,1.0,0,1.0,0.0,0.2,0,33,snr-mean,0.607000,0.673407
E7,0.2,1.0,0,1.0,0.0,0.2,0,33,belief,0.682000,0.976744
E7,0.2,1.0,0,1.0,0.0,0.2,0,33,belief-pred,0.682000,0.976744
E7,0.2,1.0,0,1.0,0.0,0.2,0,33,ewma,0.584000,0.580384
E7,0.2,1.0,0,1.0,0.0,0.2,0,33,blend-paper,0.611500,0.691608
E7,0.2,1.0,0,1.0,0.0,0.2,0,33,saf-adaptive,0.682000,0.976744
E7,0.2,1.0,0,1.0,0.0,0.2,0,34,random,0.561250,0.509824
E7,0.2,1.0,0,1.0,0.0,0.2,0,34,round-robin,0.557500,0.494312
E7,0.2,1.0,0,1.0,0.0,0.2,0,34,oracle,0.679750,1.000000
E7,0.2,1.0,0,1.0,0.0,0.2,0,34,snr-greedy,0.640000,0.835574
E7,0.2,1.0,0,1.0,0.0,0.2,0,34,snr-greedy-loss,0.670000,0.959669
E7,0.2,1.0,0,1.0,0.0,0.2,0,34,snr-mean,0.594000,0.645295
E7,0.2,1.0,0,1.0,0.0,0.2,0,34,belief,0.674250,0.977249
E7,0.2,1.0,0,1.0,0.0,0.2,0,34,belief-pred,0.674250,0.977249
E7,0.2,1.0,0,1.0,0.0,0.2,0,34,ewma,0.570750,0.549121
E7,0.2,1.0,0,1.0,0.0,0.2,0,34,blend-paper,0.607750,0.702172
E7,0.2,1.0,0,1.0,0.0,0.2,0,34,saf-adaptive,0.674250,0.977249
E7,0.2,1.0,0,1.0,0.0,0.2,0,35,random,0.567250,0.491803
E7,0.2,1.0,0,1.0,0.0,0.2,0,35,round-robin,0.570000,0.503074
E7,0.2,1.0,0,1.0,0.0,0.2,0,35,oracle,0.691250,1.000000
E7,0.2,1.0,0,1.0,0.0,0.2,0,35,snr-greedy,0.652000,0.839139
E7,0.2,1.0,0,1.0,0.0,0.2,0,35,snr-greedy-loss,0.681750,0.961066
E7,0.2,1.0,0,1.0,0.0,0.2,0,35,snr-mean,0.617000,0.695697
E7,0.2,1.0,0,1.0,0.0,0.2,0,35,belief,0.685750,0.977459
E7,0.2,1.0,0,1.0,0.0,0.2,0,35,belief-pred,0.685750,0.977459
E7,0.2,1.0,0,1.0,0.0,0.2,0,35,ewma,0.588000,0.576844
E7,0.2,1.0,0,1.0,0.0,0.2,0,35,blend-paper,0.627750,0.739754
E7,0.2,1.0,0,1.0,0.0,0.2,0,35,saf-adaptive,0.685500,0.976434
E7,0.2,1.0,0,1.0,0.0,0.2,0,36,random,0.566250,0.498419
E7,0.2,1.0,0,1.0,0.0,0.2,0,36,round-robin,0.568500,0.507903
E7,0.2,1.0,0,1.0,0.0,0.2,0,36,oracle,0.685250,1.000000
E7,0.2,1.0,0,1.0,0.0,0.2,0,36,snr-greedy,0.640000,0.809273
E7,0.2,1.0,0,1.0,0.0,0.2,0,36,snr-greedy-loss,0.674250,0.953635
E7,0.2,1.0,0,1.0,0.0,0.2,0,36,snr-mean,0.605250,0.662803
E7,0.2,1.0,0,1.0,0.0,0.2,0,36,belief,0.680500,0.979979
E7,0.2,1.0,0,1.0,0.0,0.2,0,36,belief-pred,0.680500,0.979979
E7,0.2,1.0,0,1.0,0.0,0.2,0,36,ewma,0.596500,0.625922
E7,0.2,1.0,0,1.0,0.0,0.2,0,36,blend-paper,0.619250,0.721812
E7,0.2,1.0,0,1.0,0.0,0.2,0,36,saf-adaptive,0.680500,0.979979
E7,0.2,1.0,0,1.0,0.0,0.2,0,37,random,0.574750,0.529472
E7,0.2,1.0,0,1.0,0.0,0.2,0,37,round-robin,0.568250,0.503049
E7,0.2,1.0,0,1.0,0.0,0.2,0,37,oracle,0.690500,1.000000
E7,0.2,1.0,0,1.0,0.0,0.2,0,37,snr-greedy,0.652000,0.843496
E7,0.2,1.0,0,1.0,0.0,0.2,0,37,snr-greedy-loss,0.678250,0.950203
E7,0.2,1.0,0,1.0,0.0,0.2,0,37,snr-mean,0.627250,0.742886
E7,0.2,1.0,0,1.0,0.0,0.2,0,37,belief,0.686500,0.983740
E7,0.2,1.0,0,1.0,0.0,0.2,0,37,belief-pred,0.686500,0.983740
E7,0.2,1.0,0,1.0,0.0,0.2,0,37,ewma,0.605250,0.653455
E7,0.2,1.0,0,1.0,0.0,0.2,0,37,blend-paper,0.620750,0.716463
E7,0.2,1.0,0,1.0,0.0,0.2,0,37,saf-adaptive,0.686500,0.983740
E7,0.2,1.0,0,1.0,0.0,0.2,0,38,random,0.571750,0.497972
E7,0.2,1.0,0,1.0,0.0,0.2,0,38,round-robin,0.576500,0.517241
E7,0.2,1.0,0,1.0,0.0,0.2,0,38,oracle,0.695500,1.000000
E7,0.2,1.0,0,1.0,0.0,0.2,0,38,snr-greedy,0.649000,0.811359
E7,0.2,1.0,0,1.0,0.0,0.2,0,38,snr-greedy-loss,0.685500,0.959432
E7,0.2,1.0,0,1.0,0.0,0.2,0,38,snr-mean,0.616500,0.679513
E7,0.2,1.0,0,1.0,0.0,0.2,0,38,belief,0.689750,0.976673
E7,0.2,1.0,0,1.0,0.0,0.2,0,38,belief-pred,0.689750,0.976673
E7,0.2,1.0,0,1.0,0.0,0.2,0,38,ewma,0.589750,0.570994
E7,0.2,1.0,0,1.0,0.0,0.2,0,38,blend-paper,0.628500,0.728195
E7,0.2,1.0,0,1.0,0.0,0.2,0,38,saf-adaptive,0.689750,0.976673
E7,0.2,1.0,0,1.0,0.0,0.2,0,39,random,0.563000,0.495992
E7,0.2,1.0,0,1.0,0.0,0.2,0,39,round-robin,0.564500,0.502004
E7,0.2,1.0,0,1.0,0.0,0.2,0,39,oracle,0.688750,1.000000
E7,0.2,1.0,0,1.0,0.0,0.2,0,39,snr-greedy,0.641000,0.808617
E7,0.2,1.0,0,1.0,0.0,0.2,0,39,snr-greedy-loss,0.675750,0.947896
E7,0.2,1.0,0,1.0,0.0,0.2,0,39,snr-mean,0.617250,0.713427
E7,0.2,1.0,0,1.0,0.0,0.2,0,39,belief,0.683000,0.976954
E7,0.2,1.0,0,1.0,0.0,0.2,0,39,belief-pred,0.683000,0.976954
E7,0.2,1.0,0,1.0,0.0,0.2,0,39,ewma,0.582000,0.572144
E7,0.2,1.0,0,1.0,0.0,0.2,0,39,blend-paper,0.625250,0.745491
E7,0.2,1.0,0,1.0,0.0,0.2,0,39,saf-adaptive,0.683000,0.976954
E7,0.2,1.0,0,1.0,0.0,0.2,0,40,random,0.562250,0.533804
E7,0.2,1.0,0,1.0,0.0,0.2,0,40,round-robin,0.554500,0.502523
E7,0.2,1.0,0,1.0,0.0,0.2,0,40,oracle,0.677750,1.000000
E7,0.2,1.0,0,1.0,0.0,0.2,0,40,snr-greedy,0.640500,0.849647
E7,0.2,1.0,0,1.0,0.0,0.2,0,40,snr-greedy-loss,0.668250,0.961655
E7,0.2,1.0,0,1.0,0.0,0.2,0,40,snr-mean,0.586250,0.630676
E7,0.2,1.0,0,1.0,0.0,0.2,0,40,belief,0.672250,0.977800
E7,0.2,1.0,0,1.0,0.0,0.2,0,40,belief-pred,0.672250,0.977800
E7,0.2,1.0,0,1.0,0.0,0.2,0,40,ewma,0.571250,0.570131
E7,0.2,1.0,0,1.0,0.0,0.2,0,40,blend-paper,0.608000,0.718466
E7,0.2,1.0,0,1.0,0.0,0.2,0,40,saf-adaptive,0.672250,0.977800
E7,0.2,1.0,0,1.0,0.0,0.2,0,41,random,0.553500,0.473738
E7,0.2,1.0,0,1.0,0.0,0.2,0,41,round-robin,0.559000,0.496395
E7,0.2,1.0,0,1.0,0.0,0.2,0,41,oracle,0.681250,1.000000
E7,0.2,1.0,0,1.0,0.0,0.2,0,41,snr-greedy,0.642750,0.841401
E7,0.2,1.0,0,1.0,0.0,0.2,0,41,snr-greedy-loss,0.673000,0.966014
E7,0.2,1.0,0,1.0,0.0,0.2,0,41,snr-mean,0.592750,0.635427
E7,0.2,1.0,0,1.0,0.0,0.2,0,41,belief,0.675250,0.975283
E7,0.2,1.0,0,1.0,0.0,0.2,0,41,belief-pred,0.675250,0.975283
E7,0.2,1.0,0,1.0,0.0,0.2,0,41,ewma,0.580500,0.584964
E7,0.2,1.0,0,1.0,0.0,0.2,0,41,blend-paper,0.620500,0.749743
E7,0.2,1.0,0,1.0,0.0,0.2,0,41,saf-adaptive,0.675250,0.975283
E7,0.2,1.0,0,1.0,0.0,0.2,0,42,random,0.552500,0.510978
E7,0.2,1.0,0,1.0,0.0,0.2,0,42,round-robin,0.546750,0.488024
E7,0.2,1.0,0,1.0,0.0,0.2,0,42,oracle,0.675000,1.000000
E7,0.2,1.0,0,1.0,0.0,0.2,0,42,snr-greedy,0.634750,0.839321
E7,0.2,1.0,0,1.0,0.0,0.2,0,42,snr-greedy-loss,0.664750,0.959082
E7,0.2,1.0,0,1.0,0.0,0.2,0,42,snr-mean,0.592750,0.671657
E7,0.2,1.0,0,1.0,0.0,0.2,0,42,belief,0.670000,0.980040
E7,0.2,1.0,0,1.0,0.0,0.2,0,42,belief-pred,0.670000,0.980040
E7,0.2,1.0,0,1.0,0.0,0.2,0,42,ewma,0.583750,0.635729
E7,0.2,1.0,0,1.0,0.0,0.2,0,42,blend-paper,0.614000,0.756487
E7,0.2,1.0,0,1.0,0.0,0.2,0,42,saf-adaptive,0.670000,0.980040
E7,0.2,1.0,0,1.0,0.0,0.2,0,43,random,0.562750,0.506694
E7,0.2,1.0,0,1.0,0.0,0.2,0,43,round-robin,0.561000,0.499485
E7,0.2,1.0,0,1.0,0.0,0.2,0,43,oracle,0.682500,1.000000
E7,0.2,1.0,0,1.0,0.0,0.2,0,43,snr-greedy,0.640250,0.825953
E7,0.2,1.0,0,1.0,0.0,0.2,0,43,snr-greedy-loss,0.673500,0.962925
E7,0.2,1.0,0,1.0,0.0,0.2,0,43,snr-mean,0.607000,0.688980
E7,0.2,1.0,0,1.0,0.0,0.2,0,43,belief,0.678250,0.982492
E7,0.2,1.0,0,1.0,0.0,0.2,0,43,belief-pred,0.678250,0.982492
E7,0.2,1.0,0,1.0,0.0,0.2,0,43,ewma,0.571500,0.542739
E7,0.2,1.0,0,1.0,0.0,0.2,0,43,blend-paper,0.613750,0.716787
E7,0.2,1.0,0,1.0,0.0,0.2,0,43,saf-adaptive,0.678250,0.982492
E7,0.2,1.0,0,1.0,0.0,0.2,0,44,random,0.566750,0.501577
E7,0.2,1.0,0,1.0,0.0,0.2,0,44,round-robin,0.569500,0.513144
E7,0.2,1.0,0,1.0,0.0,0.2,0,44,oracle,0.685250,1.000000
E7,0.2,1.0,0,1.0,0.0,0.2,0,44,snr-greedy,0.646750,0.838065
E7,0.2,1.0,0,1.0,0.0,0.2,0,44,snr-greedy-loss,0.673500,0.950578
E7,0.2,1.0,0,1.0,0.0,0.2,0,44,snr-mean,0.613000,0.696109
E7,0.2,1.0,0,1.0,0.0,0.2,0,44,belief,0.678250,0.970557
E7,0.2,1.0,0,1.0,0.0,0.2,0,44,belief-pred,0.678250,0.970557
E7,0.2,1.0,0,1.0,0.0,0.2,0,44,ewma,0.589750,0.598318
E7,0.2,1.0,0,1.0,0.0,0.2,0,44,blend-paper,0.623000,0.738170
E7,0.2,1.0,0,1.0,0.0,0.2,0,44,saf-adaptive,0.678250,0.970557
E7,0.2,1.0,0,1.0,0.0,0.2,0,45,random,0.558250,0.508565
E7,0.2,1.0,0,1.0,0.0,0.2,0,45,round-robin,0.557000,0.503212
E7,0.2,1.0,0,1.0,0.0,0.2,0,45,oracle,0.673000,1.000000
E7,0.2,1.0,0,1.0,0.0,0.2,0,45,snr-greedy,0.633500,0.830835
E7,0.2,1.0,0,1.0,0.0,0.2,0,45,snr-greedy-loss,0.666250,0.971092
E7,0.2,1.0,0,1.0,0.0,0.2,0,45,snr-mean,0.600750,0.690578
E7,0.2,1.0,0,1.0,0.0,0.2,0,45,belief,0.669750,0.986081
E7,0.2,1.0,0,1.0,0.0,0.2,0,45,belief-pred,0.669750,0.986081
E7,0.2,1.0,0,1.0,0.0,0.2,0,45,ewma,0.579000,0.597430
E7,0.2,1.0,0,1.0,0.0,0.2,0,45,blend-paper,0.604000,0.704497
E7,0.2,1.0,0,1.0,0.0,0.2,0,45,saf-adaptive,0.669500,0.985011
E7,0.2,1.0,0,1.0,0.0,0.2,0,46,random,0.560000,0.504124
E7,0.2,1.0,0,1.0,0.0,0.2,0,46,round-robin,0.557500,0.493814
E7,0.2,1.0,0,1.0,0.0,0.2,0,46,oracle,0.680250,1.000000
E7,0.2,1.0,0,1.0,0.0,0.2,0,46,snr-greedy,0.644750,0.853608
E7,0.2,1.0,0,1.0,0.0,0.2,0,46,snr-greedy-loss,0.673000,0.970103
E7,0.2,1.0,0,1.0,0.0,0.2,0,46,snr-mean,0.601250,0.674227
E7,0.2,1.0,0,1.0,0.0,0.2,0,46,belief,0.674750,0.977320
E7,0.2,1.0,0,1.0,0.0,0.2,0,46,belief-pred,0.674750,0.977320
E7,0.2,1.0,0,1.0,0.0,0.2,0,46,ewma,0.570500,0.547423
E7,0.2,1.0,0,1.0,0.0,0.2,0,46,blend-paper,0.618000,0.743299
E7,0.2,1.0,0,1.0,0.0,0.2,0,46,saf-adaptive,0.674750,0.977320
E7,0.2,1.0,0,1.0,0.0,0.2,0,47,random,0.565500,0.503992
E7,0.2,1.0,0,1.0,0.0,0.2,0,47,round-robin,0.566500,0.507984
E7,0.2,1.0,0,1.0,0.0,0.2,0,47,oracle,0.689750,1.000000
E7,0.2,1.0,0,1.0,0.0,0.2,0,47,snr-greedy,0.653000,0.853293
E7,0.2,1.0,0,1.0,0.0,0.2,0,47,snr-greedy-loss,0.678000,0.953094
E7,0.2,1.0,0,1.0,0.0,0.2,0,47,snr-mean,0.615250,0.702595
E7,0.2,1.0,0,1.0,0.0,0.2,0,47,belief,0.685000,0.981038
E7,0.2,1.0,0,1.0,0.0,0.2,0,47,belief-pred,0.685000,0.981038
E7,0.2,1.0,0,1.0,0.0,0.2,0,47,ewma,0.582000,0.569860
E7,0.2,1.0,0,1.0,0.0,0.2,0,47,blend-paper,0.623500,0.735529
E7,0.2,1.0,0,1.0,0.0,0.2,0,47,saf-adaptive,0.685250,0.982036
E7,0.2,1.0,0,1.0,0.0,0.2,0,48,random,0.560750,0.504683
E7,0.2,1.0,0,1.0,0.0,0.2,0,48,round-robin,0.555500,0.482830
E7,0.2,1.0,0,1.0,0.0,0.2,0,48,oracle,0.679750,1.000000
E7,0.2,1.0,0,1.0,0.0,0.2,0,48,snr-greedy,0.637250,0.823101
E7,0.2,1.0,0,1.0,0.0,0.2,0,48,snr-greedy-loss,0.673000,0.971904
E7,0.2,1.0,0,1.0,0.0,0.2,0,48,snr-mean,0.609250,0.706556
E7,0.2,1.0,0,1.0,0.0,0.2,0,48,belief,0.675750,0.983351
E7,0.2,1.0,0,1.0,0.0,0.2,0,48,belief-pred,0.675750,0.983351
E7,0.2,1.0,0,1.0,0.0,0.2,0,48,ewma,0.572000,0.551509
E7,0.2,1.0,0,1.0,0.0,0.2,0,48,blend-paper,0.615250,0.731530
E7,0.2,1.0,0,1.0,0.0,0.2,0,48,saf-adaptive,0.675500,0.982310
E7,0.2,1.0,0,1.0,0.0,0.2,0,49,random,0.561500,0.513402
E7,0.2,1.0,0,1.0,0.0,0.2,0,49,round-robin,0.561750,0.514433
E7,0.2,1.0,0,1.0,0.0,0.2,0,49,oracle,0.679500,1.000000
E7,0.2,1.0,0,1.0,0.0,0.2,0,49,snr-greedy,0.634750,0.815464
E7,0.2,1.0,0,1.0,0.0,0.2,0,49,snr-greedy-loss,0.669500,0.958763
E7,0.2,1.0,0,1.0,0.0,0.2,0,49,snr-mean,0.598000,0.663918
E7,0.2,1.0,0,1.0,0.0,0.2,0,49,belief,0.674250,0.978351
E7,0.2,1.0,0,1.0,0.0,0.2,0,49,belief-pred,0.674250,0.978351
E7,0.2,1.0,0,1.0,0.0,0.2,0,49,ewma,0.575750,0.572165
E7,0.2,1.0,0,1.0,0.0,0.2,0,49,blend-paper,0.608000,0.705155
E7,0.2,1.0,0,1.0,0.0,0.2,0,49,saf-adaptive,0.674250,0.978351
E7,0.2,1.0,1,1.0,0.0,0.2,0,0,random,0.560000,0.493952
E7,0.2,1.0,1,1.0,0.0,0.2,0,0,round-robin,0.559500,0.491935
E7,0.2,1.0,1,1.0,0.0,0.2,0,0,oracle,0.685500,1.000000
E7,0.2,1.0,1,1.0,0.0,0.2,0,0,snr-greedy,0.586000,0.598790
E7,0.2,1.0,1,1.0,0.0,0.2,0,0,snr-greedy-loss,0.599000,0.651210
E7,0.2,1.0,1,1.0,0.0,0.2,0,0,snr-mean,0.615000,0.715726
E7,0.2,1.0,1,1.0,0.0,0.2,0,0,belief,0.608750,0.690524
E7,0.2,1.0,1,1.0,0.0,0.2,0,0,belief-pred,0.628000,0.768145
E7,0.2,1.0,1,1.0,0.0,0.2,0,0,ewma,0.591250,0.619960
E7,0.2,1.0,1,1.0,0.0,0.2,0,0,blend-paper,0.602250,0.664315
E7,0.2,1.0,1,1.0,0.0,0.2,0,0,saf-adaptive,0.628000,0.768145
E7,0.2,1.0,1,1.0,0.0,0.2,0,1,random,0.565000,0.491919
E7,0.2,1.0,1,1.0,0.0,0.2,0,1,round-robin,0.567250,0.501010
E7,0.2,1.0,1,1.0,0.0,0.2,0,1,oracle,0.690750,1.000000
E7,0.2,1.0,1,1.0,0.0,0.2,0,1,snr-greedy,0.599500,0.631313
E7,0.2,1.0,1,1.0,0.0,0.2,0,1,snr-greedy-loss,0.611750,0.680808
E7,0.2,1.0,1,1.0,0.0,0.2,0,1,snr-mean,0.605500,0.655556
E7,0.2,1.0,1,1.0,0.0,0.2,0,1,belief,0.615250,0.694949
E7,0.2,1.0,1,1.0,0.0,0.2,0,1,belief-pred,0.623000,0.726263
E7,0.2,1.0,1,1.0,0.0,0.2,0,1,ewma,0.593000,0.605051
E7,0.2,1.0,1,1.0,0.0,0.2,0,1,blend-paper,0.599250,0.630303
E7,0.2,1.0,1,1.0,0.0,0.2,0,1,saf-adaptive,0.623250,0.727273
E7,0.2,1.0,1,1.0,0.0,0.2,0,2,random,0.565750,0.522059
E7,0.2,1.0,1,1.0,0.0,0.2,0,2,round-robin,0.562000,0.506303
E7,0.2,1.0,1,1.0,0.0,0.2,0,2,oracle,0.679500,1.000000
E7,0.2,1.0,1,1.0,0.0,0.2,0,2,snr-greedy,0.592750,0.635504
E7,0.2,1.0,1,1.0,0.0,0.2,0,2,snr-greedy-loss,0.603000,0.678571
E7,0.2,1.0,1,1.0,0.0,0.2,0,2,snr-mean,0.616250,0.734244
E7,0.2,1.0,1,1.0,0.0,0.2,0,2,belief,0.604750,0.685924
E7,0.2,1.0,1,1.0,0.0,0.2,0,2,belief-pred,0.626250,0.776261
E7,0.2,1.0,1,1.0,0.0,0.2,0,2,ewma,0.593750,0.639706
E7,0.2,1.0,1,1.0,0.0,0.2,0,2,blend-paper,0.594250,0.641807
E7,0.2,1.0,1,1.0,0.0,0.2,0,2,saf-adaptive,0.626000,0.775210
E7,0.2,1.0,1,1.0,0.0,0.2,0,3,random,0.544750,0.452703
E7,0.2,1.0,1,1.0,0.0,0.2,0,3,round-robin,0.560000,0.511583
E7,0.2,1.0,1,1.0,0.0,0.2,0,3,oracle,0.686500,1.000000
E7,0.2,1.0,1,1.0,0.0,0.2,0,3,snr-greedy,0.590250,0.628378
E7,0.2,1.0,1,1.0,0.0,0.2,0,3,snr-greedy-loss,0.600500,0.667954
E7,0.2,1.0,1,1.0,0.0,0.2,0,3,snr-mean,0.600500,0.667954
E7,0.2,1.0,1,1.0,0.0,0.2,0,3,belief,0.604500,0.683398
E7,0.2,1.0,1,1.0,0.0,0.2,0,3,belief-pred,0.619500,0.741313
E7,0.2,1.0,1,1.0,0.0,0.2,0,3,ewma,0.571500,0.555985
E7,0.2,1.0,1,1.0,0.0,0.2,0,3,blend-paper,0.588000,0.619691
E7,0.2,1.0,1,1.0,0.0,0.2,0,3,saf-adaptive,0.619000,0.739382
E7,0.2,1.0,1,1.0,0.0,0.2,0,4,random,0.561000,0.510331
E7,0.2,1.0,1,1.0,0.0,0.2,0,4,round-robin,0.554750,0.484504
E7,0.2,1.0,1,1.0,0.0,0.2,0,4,oracle,0.679500,1.000000
E7,0.2,1.0,1,1.0,0.0,0.2,0,4,snr-greedy,0.580750,0.591942
E7,0.2,1.0,1,1.0,0.0,0.2,0,4,snr-greedy-loss,0.593500,0.644628
E7,0.2,1.0,1,1.0,0.0,0.2,0,4,snr-mean,0.595500,0.652893
E7,0.2,1.0,1,1.0,0.0,0.2,0,4,belief,0.602500,0.681818
E7,0.2,1.0,1,1.0,0.0,0.2,0,4,belief-pred,0.616000,0.737603
E7,0.2,1.0,1,1.0,0.0,0.2,0,4,ewma,0.571250,0.552686
E7,0.2,1.0,1,1.0,0.0,0.2,0,4,blend-paper,0.588250,0.622934
E7,0.2,1.0,1,1.0,0.0,0.2,0,4,saf-adaptive,0.616000,0.737603
E7,0.2,1.0,1,1.0,0.0,0.2,0,5,random,0.563000,0.507128
E7,0.2,1.0,1,1.0,0.0,0.2,0,5,round-robin,0.560250,0.495927
E7,0.2,1.0,1,1.0,0.0,0.2,0,5,oracle,0.684000,1.000000
E7,0.2,1.0,1,1.0,0.0,0.2,0,5,snr-greedy,0.595250,0.638493
E7,0.2,1.0,1,1.0,0.0,0.2,0,5,snr-greedy-loss,0.607250,0.687373
E7,0.2,1.0,1,1.0,0.0,0.2,0,5,snr-mean,0.608750,0.693483
E7,0.2,1.0,1,1.0,0.0,0.2,0,5,belief,0.614250,0.715886
E7,0.2,1.0,1,1.0,0.0,0.2,0,5,belief-pred,0.622500,0.749491
E7,0.2,1.0,1,1.0,0.0,0.2,0,5,ewma,0.594000,0.633401
E7,0.2,1.0,1,1.0,0.0,0.2,0,5,blend-paper,0.594250,0.634420
E7,0.2,1.0,1,1.0,0.0,0.2,0,5,saf-adaptive,0.622750,0.750509
E7,0.2,1.0,1,1.0,0.0,0.2,0,6,random,0.563250,0.525994
E7,0.2,1.0,1,1.0,0.0,0.2,0,6,round-robin,0.560750,0.515800
E7,0.2,1.0,1,1.0,0.0,0.2,0,6,oracle,0.679500,1.000000
E7,0.2,1.0,1,1.0,0.0,0.2,0,6,snr-greedy,0.587750,0.625892
E7,0.2,1.0,1,1.0,0.0,0.2,0,6,snr-greedy-loss,0.595250,0.656473
E7,0.2,1.0,1,1.0,0.0,0.2,0,6,snr-mean,0.596500,0.661570
E7,0.2,1.0,1,1.0,0.0,0.2,0,6,belief,0.601000,0.679918
E7,0.2,1.0,1,1.0,0.0,0.2,0,6,belief-pred,0.612000,0.724771
E7,0.2,1.0,1,1.0,0.0,0.2,0,6,ewma,0.568750,0.548420
E7,0.2,1.0,1,1.0,0.0,0.2,0,6,blend-paper,0.592500,0.645260
E7,0.2,1.0,1,1.0,0.0,0.2,0,6,saf-adaptive,0.612000,0.724771
E7,0.2,1.0,1,1.0,0.0,0.2,0,7,random,0.568250,0.490066
E7,0.2,1.0,1,1.0,0.0,0.2,0,7,round-robin,0.572250,0.507726
E7,0.2,1.0,1,1.0,0.0,0.2,0,7,oracle,0.683750,1.000000
E7,0.2,1.0,1,1.0,0.0,0.2,0,7,snr-greedy,0.596500,0.614790
E7,0.2,1.0,1,1.0,0.0,0.2,0,7,snr-greedy-loss,0.608500,0.667770
E7,0.2,1.0,1,1.0,0.0,0.2,0,7,snr-mean,0.611000,0.678808
E7,0.2,1.0,1,1.0,0.0,0.2,0,7,belief,0.609500,0.672185
E7,0.2,1.0,1,1.0,0.0,0.2,0,7,belief-pred,0.618750,0.713024
E7,0.2,1.0,1,1.0,0.0,0.2,0,7,ewma,0.576250,0.525386
E7,0.2,1.0,1,1.0,0.0,0.2,0,7,blend-paper,0.593250,0.600442
E7,0.2,1.0,1,1.0,0.0,0.2,0,7,saf-adaptive,0.617000,0.705298
E7,0.2,1.0,1,1.0,0.0,0.2,0,8,random,0.566750,0.480263
E7,0.2,1.0,1,1.0,0.0,0.2,0,8,round-robin,0.573500,0.509868
E7,0.2,1.0,1,1.0,0.0,0.2,0,8,oracle,0.685250,1.000000
E7,0.2,1.0,1,1.0,0.0,0.2,0,8,snr-greedy,0.598250,0.618421
E7,0.2,1.0,1,1.0,0.0,0.2,0,8,snr-greedy-loss,0.615750,0.695175
E7,0.2,1.0,1,1.0,0.0,0.2,0,8,snr-mean,0.600250,0.627193
E7,0.2,1.0,1,1.0,0.0,0.2,0,8,belief,0.615500,0.694079
E7,0.2,1.0,1,1.0,0.0,0.2,0,8,belief-pred,0.624500,0.733553
E7,0.2,1.0,1,1.0,0.0,0.2,0,8,ewma,0.573000,0.507675
E7,0.2,1.0,1,1.0,0.0,0.2,0,8,blend-paper,0.599000,0.621711
E7,0.2,1.0,1,1.0,0.0,0.2,0,8,saf-adaptive,0.624500,0.733553
E7,0.2,1.0,1,1.0,0.0,0.2,0,9,random,0.567250,0.526474
E7,0.2,1.0,1,1.0,0.0,0.2,0,9,round-robin,0.561250,0.502498
E7,0.2,1.0,1,1.0,0.0,0.2,0,9,oracle,0.685750,1.000000
E7,0.2,1.0,1,1.0,0.0,0.2,0,9,snr-greedy,0.609250,0.694306
E7,0.2,1.0,1,1.0,0.0,0.2,0,9,snr-greedy-loss,0.611250,0.702298
E7,0.2,1.0,1,1.0,0.0,0.2,0,9,snr-mean,0.606250,0.682318
E7,0.2,1.0,1,1.0,0.0,0.2,0,9,belief,0.620750,0.740260
E7,0.2,1.0,1,1.0,0.0,0.2,0,9,belief-pred,0.630000,0.777223
E7,0.2,1.0,1,1.0,0.0,0.2,0,9,ewma,0.573500,0.551449
E7,0.2,1.0,1,1.0,0.0,0.2,0,9,blend-paper,0.592000,0.625375
E7,0.2,1.0,1,1.0,0.0,0.2,0,9,saf-adaptive,0.629250,0.774226
E7,0.2,1.0,1,1.0,0.0,0.2,0,10,random,0.556000,0.489858
E7,0.2,1.0,1,1.0,0.0,0.2,0,10,round-robin,0.557500,0.495943
E7,0.2,1.0,1,1.0,0.0,0.2,0,10,oracle,0.681750,1.000000
E7,0.2,1.0,1,1.0,0.0,0.2,0,10,snr-greedy,0.589750,0.626775
E7,0.2,1.0,1,1.0,0.0,0.2,0,10,snr-greedy-loss,0.597250,0.657201
E7,0.2,1.0,1,1.0,0.0,0.2,0,10,snr-mean,0.606000,0.692698
E7,0.2,1.0,1,1.0,0.0,0.2,0,10,belief,0.605500,0.690669
E7,0.2,1.0,1,1.0,0.0,0.2,0,10,belief-pred,0.619750,0.748479
E7,0.2,1.0,1,1.0,0.0,0.2,0,10,ewma,0.570500,0.548682
E7,0.2,1.0,1,1.0,0.0,0.2,0,10,blend-paper,0.586000,0.611562
E7,0.2,1.0,1,1.0,0.0,0.2,0,10,saf-adaptive,0.619500,0.747465
E7,0.2,1.0,1,1.0,0.0,0.2,0,11,random,0.565000,0.507821
E7,0.2,1.0,1,1.0,0.0,0.2,0,11,round-robin,0.564500,0.505735
E7,0.2,1.0,1,1.0,0.0,0.2,0,11,oracle,0.683000,1.000000
E7,0.2,1.0,1,1.0,0.0,0.2,0,11,snr-greedy,0.601500,0.660063
E7,0.2,1.0,1,1.0,0.0,0.2,0,11,snr-greedy-loss,0.607500,0.685089
E7,0.2,1.0,1,1.0,0.0,0.2,0,11,snr-mean,0.601000,0.657977
E7,0.2,1.0,1,1.0,0.0,0.2,0,11,belief,0.613500,0.710115
E7,0.2,1.0,1,1.0,0.0,0.2,0,11,belief-pred,0.624750,0.757039
E7,0.2,1.0,1,1.0,0.0,0.2,0,11,ewma,0.582000,0.578728
E7,0.2,1.0,1,1.0,0.0,0.2,0,11,blend-paper,0.577250,0.558916
E7,0.2,1.0,1,1.0,0.0,0.2,0,11,saf-adaptive,0.624500,0.755996
E7,0.2,1.0,1,1.0,0.0,0.2,0,12,random,0.566500,0.502533
E7,0.2,1.0,1,1.0,0.0,0.2,0,12,round-robin,0.561250,0.481256
E7,0.2,1.0,1,1.0,0.0,0.2,0,12,oracle,0.689250,1.000000
E7,0.2,1.0,1,1.0,0.0,0.2,0,12,snr-greedy,0.596750,0.625127
E7,0.2,1.0,1,1.0,0.0,0.2,0,12,snr-greedy-loss,0.604750,0.657548
E7,0.2,1.0,1,1.0,0.0,0.2,0,12,snr-mean,0.614500,0.697062
E7,0.2,1.0,1,1.0,0.0,0.2,0,12,belief,0.612250,0.687943
E7,0.2,1.0,1,1.0,0.0,0.2,0,12,belief-pred,0.630500,0.761905
E7,0.2,1.0,1,1.0,0.0,0.2,0,12,ewma,0.562500,0.486322
E7,0.2,1.0,1,1.0,0.0,0.2,0,12,blend-paper,0.598250,0.631206
E7,0.2,1.0,1,1.0,0.0,0.2,0,12,saf-adaptive,0.629750,0.758865
E7,0.2,1.0,1,1.0,0.0,0.2,0,13,random,0.554250,0.483087
E7,0.2,1.0,1,1.0,0.0,0.2,0,13,round-robin,0.562250,0.516913
E7,0.2,1.0,1,1.0,0.0,0.2,0,13,oracle,0.676500,1.000000
E7,0.2,1.0,1,1.0,0.0,0.2,0,13,snr-greedy,0.592000,0.642706
E7,0.2,1.0,1,1.0,0.0,0.2,0,13,snr-greedy-loss,0.602500,0.687104
E7,0.2,1.0,1,1.0,0.0,0.2,0,13,snr-mean,0.599250,0.673362
E7,0.2,1.0,1,1.0,0.0,0.2,0,13,belief,0.607500,0.708245
E7,0.2,1.0,1,1.0,0.0,0.2,0,13,belief-pred,0.620500,0.763214
E7,0.2,1.0,1,1.0,0.0,0.2,0,13,ewma,0.583750,0.607822
E7,0.2,1.0,1,1.0,0.0,0.2,0,13,blend-paper,0.581750,0.599366
E7,0.2,1.0,1,1.0,0.0,0.2,0,13,saf-adaptive,0.619250,0.757928
E7,0.2,1.0,1,1.0,0.0,0.2,0,14,random,0.575500,0.500000
E7,0.2,1.0,1,1.0,0.0,0.2,0,14,round-robin,0.573250,0.490506
E7,0.2,1.0,1,1.0,0.0,0.2,0,14,oracle,0.694000,1.000000
E7,0.2,1.0,1,1.0,0.0,0.2,0,14,snr-greedy,0.608750,0.640295
E7,0.2,1.0,1,1.0,0.0,0.2,0,14,snr-greedy-loss,0.615000,0.666667
E7,0.2,1.0,1,1.0,0.0,0.2,0,14,snr-mean,0.619250,0.684599
E7,0.2,1.0,1,1.0,0.0,0.2,0,14,belief,0.620500,0.689873
E7,0.2,1.0,1,1.0,0.0,0.2,0,14,belief-pred,0.634000,0.746835
E7,0.2,1.0,1,1.0,0.0,0.2,0,14,ewma,0.588000,0.552743
E7,0.2,1.0,1,1.0,0.0,0.2,0,14,blend-paper,0.617250,0.676160
E7,0.2,1.0,1,1.0,0.0,0.2,0,14,saf-adaptive,0.634250,0.747890
E7,0.2,1.0,1,1.0,0.0,0.2,0,15,random,0.554000,0.485963
E7,0.2,1.0,1,1.0,0.0,0.2,0,15,round-robin,0.555750,0.492740
E7,0.2,1.0,1,1.0,0.0,0.2,0,15,oracle,0.686750,1.000000
E7,0.2,1.0,1,1.0,0.0,0.2,0,15,snr-greedy,0.593750,0.639884
E7,0.2,1.0,1,1.0,0.0,0.2,0,15,snr-greedy-loss,0.601000,0.667957
E7,0.2,1.0,1,1.0,0.0,0.2,0,15,snr-mean,0.613750,0.717328
E7,0.2,1.0,1,1.0,0.0,0.2,0,15,belief,0.610500,0.704743
E7,0.2,1.0,1,1.0,0.0,0.2,0,15,belief-pred,0.618250,0.734753
E7,0.2,1.0,1,1.0,0.0,0.2,0,15,ewma,0.584750,0.605034
E7,0.2,1.0,1,1.0,0.0,0.2,0,15,blend-paper,0.589750,0.624395
E7,0.2,1.0,1,1.0,0.0,0.2,0,15,saf-adaptive,0.618750,0.736689
E7,0.2,1.0,1,1.0,0.0,0.2,0,16,random,0.556500,0.482795
E7,0.2,1.0,1,1.0,0.0,0.2,0,16,round-robin,0.559250,0.494265
E7,0.2,1.0,1,1.0,0.0,0.2,0,16,oracle,0.680500,1.000000
E7,0.2,1.0,1,1.0,0.0,0.2,0,16,snr-greedy,0.589000,0.618352
E7,0.2,1.0,1,1.0,0.0,0.2,0,16,snr-greedy-loss,0.601000,0.668405
E7,0.2,1.0,1,1.0,0.0,0.2,0,16,snr-mean,0.591750,0.629823
E7,0.2,1.0,1,1.0,0.0,0.2,0,16,belief,0.604750,0.684046
E7,0.2,1.0,1,1.0,0.0,0.2,0,16,belief-pred,0.616000,0.730970
E7,0.2,1.0,1,1.0,0.0,0.2,0,16,ewma,0.566000,0.522419
E7,0.2,1.0,1,1.0,0.0,0.2,0,16,blend-paper,0.584250,0.598540
E7,0.2,1.0,1,1.0,0.0,0.2,0,16,saf-adaptive,0.615250,0.727842
E7,0.2,1.0,1,1.0,0.0,0.2,0,17,random,0.567000,0.509414
E7,0.2,1.0,1,1.0,0.0,0.2,0,17,round-robin,0.566000,0.505230
E7,0.2,1.0,1,1.0,0.0,0.2,0,17,oracle,0.684250,1.000000
E7,0.2,1.0,1,1.0,0.0,0.2,0,17,snr-greedy,0.597000,0.634937
E7,0.2,1.0,1,1.0,0.0,0.2,0,17,snr-greedy-loss,0.604750,0.667364
E7,0.2,1.0,1,1.0,0.0,0.2,0,17,snr-mean,0.609750,0.688285
E7,0.2,1.0,1,1.0,0.0,0.2,0,17,belief,0.604750,0.667364
E7,0.2,1.0,1,1.0,0.0,0.2,0,17,belief-pred,0.623500,0.745816
E7,0.2,1.0,1,1.0,0.0,0.2,0,17,ewma,0.589250,0.602510
E7,0.2,1.0,1,1.0,0.0,0.2,0,17,blend-paper,0.585500,0.586820
E7,0.2,1.0,1,1.0,0.0,0.2,0,17,saf-adaptive,0.623500,0.745816
E7,0.2,1.0,1,1.0,0.0,0.2,0,18,random,0.544750,0.466229
E7,0.2,1.0,1,1.0,0.0,0.2,0,18,round-robin,0.554250,0.501876
E7,0.2,1.0,1,1.0,0.0,0.2,0,18,oracle,0.687000,1.000000
E7,0.2,1.0,1,1.0,0.0,0.2,0,18,snr-greedy,0.592000,0.643527
E7,0.2,1.0,1,1.0,0.0,0.2,0,18,snr-greedy-loss,0.602250,0.681989
E7,0.2,1.0,1,1.0,0.0,0.2,0,18,snr-mean,0.609000,0.707317
E7,0.2,1.0,1,1.0,0.0,0.2,0,18,belief,0.612500,0.720450
E7,0.2,1.0,1,1.0,0.0,0.2,0,18,belief-pred,0.626250,0.772045
E7,0.2,1.0,1,1.0,0.0,0.2,0,18,ewma,0.581250,0.603189
E7,0.2,1.0,1,1.0,0.0,0.2,0,18,blend-paper,0.596500,0.660413
E7,0.2,1.0,1,1.0,0.0,0.2,0,18,saf-adaptive,0.626250,0.772045
E7,0.2,1.0,1,1.0,0.0,0.2,0,19,random,0.558750,0.496970
E7,0.2,1.0,1,1.0,0.0,0.2,0,19,round-robin,0.558000,0.493939
E7,0.2,1.0,1,1.0,0.0,0.2,0,19,oracle,0.683250,1.000000
E7,0.2,1.0,1,1.0,0.0,0.2,0,19,snr-greedy,0.593000,0.635354
E7,0.2,1.0,1,1.0,0.0,0.2,0,19,snr-greedy-loss,0.605000,0.683838
E7,0.2,1.0,1,1.0,0.0,0.2,0,19,snr-mean,0.605500,0.685859
E7,0.2,1.0,1,1.0,0.0,0.2,0,19,belief,0.606750,0.690909
E7,0.2,1.0,1,1.0,0.0,0.2,0,19,belief-pred,0.616250,0.729293
E7,0.2,1.0,1,1.0,0.0,0.2,0,19,ewma,0.555000,0.481818
E7,0.2,1.0,1,1.0,0.0,0.2,0,19,blend-paper,0.582500,0.592929
E7,0.2,1.0,1,1.0,0.0,0.2,0,19,saf-adaptive,0.616500,0.730303
E7,0.2,1.0,1,1.0,0.0,0.2,0,20,random,0.563000,0.501010
E7,0.2,1.0,1,1.0,0.0,0.2,0,20,round-robin,0.566500,0.515152
E7,0.2,1.0,1,1.0,0.0,0.2,0,20,oracle,0.686500,1.000000
E7,0.2,1.0,1,1.0,0.0,0.2,0,20,snr-greedy,0.597000,0.638384
E7,0.2,1.0,1,1.0,0.0,0.2,0,20,snr-greedy-loss,0.607750,0.681818
E7,0.2,1.0,1,1.0,0.0,0.2,0,20,snr-mean,0.605000,0.670707
E7,0.2,1.0,1,1.0,0.0,0.2,0,20,belief,0.617500,0.721212
E7,0.2,1.0,1,1.0,0.0,0.2,0,20,belief-pred,0.626000,0.755556
E7,0.2,1.0,1,1.0,0.0,0.2,0,20,ewma,0.582000,0.577778
E7,0.2,1.0,1,1.0,0.0,0.2,0,20,blend-paper,0.598500,0.644444
E7,0.2,1.0,1,1.0,0.0,0.2,0,20,saf-adaptive,0.626000,0.755556
E7,0.2,1.0,1,1.0,0.0,0.2,0,21,random,0.557750,0.506931
E7,0.2,1.0,1,1.0,0.0,0.2,0,21,round-robin,0.557250,0.504950
E7,0.2,1.0,1,1.0,0.0,0.2,0,21,oracle,0.682250,1.000000
E7,0.2,1.0,1,1.0,0.0,0.2,0,21,snr-greedy,0.586000,0.618812
E7,0.2,1.0,1,1.0,0.0,0.2,0,21,snr-greedy-loss,0.602750,0.685149
E7,0.2,1.0,1,1.0,0.0,0.2,0,21,snr-mean,0.588250,0.627723
E7,0.2,1.0,1,1.0,0.0,0.2,0,21,belief,0.604750,0.693069
E7,0.2,1.0,1,1.0,0.0,0.2,0,21,belief-pred,0.616750,0.740594
E7,0.2,1.0,1,1.0,0.0,0.2,0,21,ewma,0.574000,0.571287
E7,0.2,1.0,1,1.0,0.0,0.2,0,21,blend-paper,0.581000,0.599010
E7,0.2,1.0,1,1.0,0.0,0.2,0,21,saf-adaptive,0.617250,0.742574
E7,0.2,1.0,1,1.0,0.0,0.2,0,22,random,0.567750,0.486911
E7,0.2,1.0,1,1.0,0.0,0.2,0,22,round-robin,0.567500,0.485864
E7,0.2,1.0,1,1.0,0.0,0.2,0,22,oracle,0.690250,1.000000
E7,0.2,1.0,1,1.0,0.0,0.2,0,22,snr-greedy,0.600750,0.625131
E7,0.2,1.0,1,1.0,0.0,0.2,0,22,snr-greedy-loss,0.609500,0.661780
E7,0.2,1.0,1,1.0,0.0,0.2,0,22,snr-mean,0.601250,0.627225
E7,0.2,1.0,1,1.0,0.0,0.2,0,22,belief,0.614750,0.683770
E7,0.2,1.0,1,1.0,0.0,0.2,0,22,belief-pred,0.625000,0.726702
E7,0.2,1.0,1,1.0,0.0,0.2,0,22,ewma,0.582750,0.549738
E7,0.2,1.0,1,1.0,0.0,0.2,0,22,blend-paper,0.595000,0.601047
E7,0.2,1.0,1,1.0,0.0,0.2,0,22,saf-adaptive,0.625500,0.728796
E7,0.2,1.0,1,1.0,0.0,0.2,0,23,random,0.558000,0.492739
E7,0.2,1.0,1,1.0,0.0,0.2,0,23,round-robin,0.556000,0.484440
E7,0.2,1.0,1,1.0,0.0,0.2,0,23,oracle,0.680250,1.000000
E7,0.2,1.0,1,1.0,0.0,0.2,0,23,snr-greedy,0.590750,0.628631
E7,0.2,1.0,1,1.0,0.0,0.2,0,23,snr-greedy-loss,0.599250,0.663900
E7,0.2,1.0,1,1.0,0.0,0.2,0,23,snr-mean,0.601750,0.674274
E7,0.2,1.0,1,1.0,0.0,0.2,0,23,belief,0.609750,0.707469
E7,0.2,1.0,1,1.0,0.0,0.2,0,23,belief-pred,0.622000,0.758299
E7,0.2,1.0,1,1.0,0.0,0.2,0,23,ewma,0.581750,0.591286
E7,0.2,1.0,1,1.0,0.0,0.2,0,23,blend-paper,0.592500,0.635892
E7,0.2,1.0,1,1.0,0.0,0.2,0,23,saf-adaptive,0.622000,0.758299
E7,0.2,1.0,1,1.0,0.0,0.2,0,24,random,0.554500,0.492110
E7,0.2,1.0,1,1.0,0.0,0.2,0,24,round-robin,0.553750,0.489152
E7,0.2,1.0,1,1.0,0.0,0.2,0,24,oracle,0.683250,1.000000
E7,0.2,1.0,1,1.0,0.0,0.2,0,24,snr-greedy,0.585500,0.614398
E7,0.2,1.0,1,1.0,0.0,0.2,0,24,snr-greedy-loss,0.601250,0.676529
E7,0.2,1.0,1,1.0,0.0,0.2,0,24,snr-mean,0.600500,0.673570
E7,0.2,1.0,1,1.0,0.0,0.2,0,24,belief,0.605000,0.691321
E7,0.2,1.0,1,1.0,0.0,0.2,0,24,belief-pred,0.619250,0.747535
E7,0.2,1.0,1,1.0,0.0,0.2,0,24,ewma,0.577250,0.581854
E7,0.2,1.0,1,1.0,0.0,0.2,0,24,blend-paper,0.580500,0.594675
E7,0.2,1.0,1,1.0,0.0,0.2,0,24,saf-adaptive,0.619250,0.747535
E7,0.2,1.0,1,1.0,0.0,0.2,0,25,random,0.559500,0.489861
E7,0.2,1.0,1,1.0,0.0,0.2,0,25,round-robin,0.560500,0.494130
E7,0.2,1.0,1,1.0,0.0,0.2,0,25,oracle,0.679000,1.000000
E7,0.2,1.0,1,1.0,0.0,0.2,0,25,snr-greedy,0.589750,0.618997
E7,0.2,1.0,1,1.0,0.0,0.2,0,25,snr-greedy-loss,0.603500,0.677695
E7,0.2,1.0,1,1.0,0.0,0.2,0,25,snr-mean,0.597500,0.652081
E7,0.2,1.0,1,1.0,0.0,0.2,0,25,belief,0.603250,0.676628
E7,0.2,1.0,1,1.0,0.0,0.2,0,25,belief-pred,0.612000,0.713981
E7,0.2,1.0,1,1.0,0.0,0.2,0,25,ewma,0.577500,0.566702
E7,0.2,1.0,1,1.0,0.0,0.2,0,25,blend-paper,0.586500,0.605123
E7,0.2,1.0,1,1.0,0.0,0.2,0,25,saf-adaptive,0.612000,0.713981
E7,0.2,1.0,1,1.0,0.0,0.2,0,26,random,0.571000,0.514940
E7,0.2,1.0,1,1.0,0.0,0.2,0,26,round-robin,0.570750,0.513944
E7,0.2,1.0,1,1.0,0.0,0.2,0,26,oracle,0.692750,1.000000
E7,0.2,1.0,1,1.0,0.0,0.2,0,26,snr-greedy,0.600500,0.632470
E7,0.2,1.0,1,1.0,0.0,0.2,0,26,snr-greedy-loss,0.612000,0.678287
E7,0.2,1.0,1,1.0,0.0,0.2,0,26,snr-mean,0.611750,0.677291
E7,0.2,1.0,1,1.0,0.0,0.2,0,26,belief,0.622750,0.721116
E7,0.2,1.0,1,1.0,0.0,0.2,0,26,belief-pred,0.634250,0.766932
E7,0.2,1.0,1,1.0,0.0,0.2,0,26,ewma,0.600750,0.633466
E7,0.2,1.0,1,1.0,0.0,0.2,0,26,blend-paper,0.581750,0.557769
E7,0.2,1.0,1,1.0,0.0,0.2,0,26,saf-adaptive,0.634000,0.765936
E7,0.2,1.0,1,1.0,0.0,0.2,0,27,random,0.560000,0.494461
E7,0.2,1.0,1,1.0,0.0,0.2,0,27,round-robin,0.561500,0.500504
E7,0.2,1.0,1,1.0,0.0,0.2,0,27,oracle,0.685500,1.000000
E7,0.2,1.0,1,1.0,0.0,0.2,0,27,snr-greedy,0.589500,0.613293
E7,0.2,1.0,1,1.0,0.0,0.2,0,27,snr-greedy-loss,0.608750,0.690836
E7,0.2,1.0,1,1.0,0.0,0.2,0,27,snr-mean,0.603250,0.668681
E7,0.2,1.0,1,1.0,0.0,0.2,0,27,belief,0.611500,0.701913
E7,0.2,1.0,1,1.0,0.0,0.2,0,27,belief-pred,0.622500,0.746224
E7,0.2,1.0,1,1.0,0.0,0.2,0,27,ewma,0.577750,0.565962
E7,0.2,1.0,1,1.0,0.0,0.2,0,27,blend-paper,0.593500,0.629406
E7,0.2,1.0,1,1.0,0.0,0.2,0,27,saf-adaptive,0.621750,0.743202
E7,0.2,1.0,1,1.0,0.0,0.2,0,28,random,0.567500,0.510053
E7,0.2,1.0,1,1.0,0.0,0.2,0,28,round-robin,0.566750,0.506878
E7,0.2,1.0,1,1.0,0.0,0.2,0,28,oracle,0.683250,1.000000
E7,0.2,1.0,1,1.0,0.0,0.2,0,28,snr-greedy,0.590750,0.608466
E7,0.2,1.0,1,1.0,0.0,0.2,0,28,snr-greedy-loss,0.603500,0.662434
E7,0.2,1.0,1,1.0,0.0,0.2,0,28,snr-mean,0.606500,0.675132
E7,0.2,1.0,1,1.0,0.0,0.2,0,28,belief,0.609750,0.688889
E7,0.2,1.0,1,1.0,0.0,0.2,0,28,belief-pred,0.623000,0.744974
E7,0.2,1.0,1,1.0,0.0,0.2,0,28,ewma,0.571500,0.526984
E7,0.2,1.0,1,1.0,0.0,0.2,0,28,blend-paper,0.589500,0.603175
E7,0.2,1.0,1,1.0,0.0,0.2,0,28,saf-adaptive,0.622250,0.741799
E7,0.2,1.0,1,1.0,0.0,0.2,0,29,random,0.563750,0.477131
E7,0.2,1.0,1,1.0,0.0,0.2,0,29,round-robin,0.565250,0.483368
E7,0.2,1.0,1,1.0,0.0,0.2,0,29,oracle,0.689500,1.000000
E7,0.2,1.0,1,1.0,0.0,0.2,0,29,snr-greedy,0.605750,0.651767
E7,0.2,1.0,1,1.0,0.0,0.2,0,29,snr-greedy-loss,0.616500,0.696466
E7,0.2,1.0,1,1.0,0.0,0.2,0,29,snr-mean,0.607500,0.659044
E7,0.2,1.0,1,1.0,0.0,0.2,0,29,belief,0.613750,0.685031
E7,0.2,1.0,1,1.0,0.0,0.2,0,29,belief-pred,0.627500,0.742204
E7,0.2,1.0,1,1.0,0.0,0.2,0,29,ewma,0.597000,0.615385
E7,0.2,1.0,1,1.0,0.0,0.2,0,29,blend-paper,0.604000,0.644491
E7,0.2,1.0,1,1.0,0.0,0.2,0,29,saf-adaptive,0.627750,0.743243
E7,0.2,1.0,1,1.0,0.0,0.2,0,30,random,0.554000,0.502478
E7,0.2,1.0,1,1.0,0.0,0.2,0,30,round-robin,0.552250,0.495540
E7,0.2,1.0,1,1.0,0.0,0.2,0,30,oracle,0.679500,1.000000
E7,0.2,1.0,1,1.0,0.0,0.2,0,30,snr-greedy,0.588250,0.638256
E7,0.2,1.0,1,1.0,0.0,0.2,0,30,snr-greedy-loss,0.599500,0.682854
E7,0.2,1.0,1,1.0,0.0,0.2,0,30,snr-mean,0.594000,0.661051
E7,0.2,1.0,1,1.0,0.0,0.2,0,30,belief,0.605250,0.705649
E7,0.2,1.0,1,1.0,0.0,0.2,0,30,belief-pred,0.616250,0.749257
E7,0.2,1.0,1,1.0,0.0,0.2,0,30,ewma,0.581000,0.609514
E7,0.2,1.0,1,1.0,0.0,0.2,0,30,blend-paper,0.591000,0.649158
E7,0.2,1.0,1,1.0,0.0,0.2,0,30,saf-adaptive,0.616000,0.748266
E7,0.2,1.0,1,1.0,0.0,0.2,0,31,random,0.561250,0.498483
E7,0.2,1.0,1,1.0,0.0,0.2,0,31,round-robin,0.561250,0.498483
E7,0.2,1.0,1,1.0,0.0,0.2,0,31,oracle,0.685250,1.000000
E7,0.2,1.0,1,1.0,0.0,0.2,0,31,snr-greedy,0.595500,0.637007
E7,0.2,1.0,1,1.0,0.0,0.2,0,31,snr-greedy-loss,0.608000,0.687563
E7,0.2,1.0,1,1.0,0.0,0.2,0,31,snr-mean,0.602250,0.664307
E7,0.2,1.0,1,1.0,0.0,0.2,0,31,belief,0.612500,0.705763
E7,0.2,1.0,1,1.0,0.0,0.2,0,31,belief-pred,0.625750,0.759353
E7,0.2,1.0,1,1.0,0.0,0.2,0,31,ewma,0.591750,0.621840
E7,0.2,1.0,1,1.0,0.0,0.2,0,31,blend-paper,0.598500,0.649141
E7,0.2,1.0,1,1.0,0.0,0.2,0,31,saf-adaptive,0.624500,0.754297
E7,0.2,1.0,1,1.0,0.0,0.2,0,32,random,0.557500,0.480652
E7,0.2,1.0,1,1.0,0.0,0.2,0,32,round-robin,0.558250,0.483707
E7,0.2,1.0,1,1.0,0.0,0.2,0,32,oracle,0.685000,1.000000
E7,0.2,1.0,1,1.0,0.0,0.2,0,32,snr-greedy,0.595750,0.636456
E7,0.2,1.0,1,1.0,0.0,0.2,0,32,snr-greedy-loss,0.607250,0.683299
E7,0.2,1.0,1,1.0,0.0,0.2,0,32,snr-mean,0.613500,0.708758
E7,0.2,1.0,1,1.0,0.0,0.2,0,32,belief,0.609500,0.692464
E7,0.2,1.0,1,1.0,0.0,0.2,0,32,belief-pred,0.626000,0.759674
E7,0.2,1.0,1,1.0,0.0,0.2,0,32,ewma,0.585500,0.594705
E7,0.2,1.0,1,1.0,0.0,0.2,0,32,blend-paper,0.592250,0.622200
E7,0.2,1.0,1,1.0,0.0,0.2,0,32,saf-adaptive,0.626250,0.760692
E7,0.2,1.0,1,1.0,0.0,0.2,0,33,random,0.568250,0.516684
E7,0.2,1.0,1,1.0,0.0,0.2,0,33,round-robin,0.561750,0.490394
E7,0.2,1.0,1,1.0,0.0,0.2,0,33,oracle,0.687750,1.000000
E7,0.2,1.0,1,1.0,0.0,0.2,0,33,snr-greedy,0.588750,0.599596
E7,0.2,1.0,1,1.0,0.0,0.2,0,33,snr-greedy-loss,0.604250,0.662285
E7,0.2,1.0,1,1.0,0.0,0.2,0,33,snr-mean,0.601750,0.652174
E7,0.2,1.0,1,1.0,0.0,0.2,0,33,belief,0.611000,0.689585
E7,0.2,1.0,1,1.0,0.0,0.2,0,33,belief-pred,0.624250,0.743175
E7,0.2,1.0,1,1.0,0.0,0.2,0,33,ewma,0.592500,0.614762
E7,0.2,1.0,1,1.0,0.0,0.2,0,33,blend-paper,0.600750,0.648129
E7,0.2,1.0,1,1.0,0.0,0.2,0,33,saf-adaptive,0.624500,0.744186
E7,0.2,1.0,1,1.0,0.0,0.2,0,34,random,0.561250,0.509824
E7,0.2,1.0,1,1.0,0.0,0.2,0,34,round-robin,0.557500,0.494312
E7,0.2,1.0,1,1.0,0.0,0.2,0,34,oracle,0.679750,1.000000
E7,0.2,1.0,1,1.0,0.0,0.2,0,34,snr-greedy,0.584000,0.603930
E7,0.2,1.0,1,1.0,0.0,0.2,0,34,snr-greedy-loss,0.598500,0.663909
E7,0.2,1.0,1,1.0,0.0,0.2,0,34,snr-mean,0.587250,0.617373
E7,0.2,1.0,1,1.0,0.0,0.2,0,34,belief,0.598750,0.664943
E7,0.2,1.0,1,1.0,0.0,0.2,0,34,belief-pred,0.610500,0.713547
E7,0.2,1.0,1,1.0,0.0,0.2,0,34,ewma,0.565750,0.528438
E7,0.2,1.0,1,1.0,0.0,0.2,0,34,blend-paper,0.579250,0.584281
E7,0.2,1.0,1,1.0,0.0,0.2,0,34,saf-adaptive,0.610500,0.713547
E7,0.2,1.0,1,1.0,0.0,0.2,0,35,random,0.567250,0.491803
E7,0.2,1.0,1,1.0,0.0,0.2,0,35,round-robin,0.570000,0.503074
E7,0.2,1.0,1,1.0,0.0,0.2,0,35,oracle,0.691250,1.000000
E7,0.2,1.0,1,1.0,0.0,0.2,0,35,snr-greedy,0.606250,0.651639
E7,0.2,1.0,1,1.0,0.0,0.2,0,35,snr-greedy-loss,0.619750,0.706967
E7,0.2,1.0,1,1.0,0.0,0.2,0,35,snr-mean,0.611000,0.671107
E7,0.2,1.0,1,1.0,0.0,0.2,0,35,belief,0.619250,0.704918
E7,0.2,1.0,1,1.0,0.0,0.2,0,35,belief-pred,0.628500,0.742828
E7,0.2,1.0,1,1.0,0.0,0.2,0,35,ewma,0.579000,0.539959
E7,0.2,1.0,1,1.0,0.0,0.2,0,35,blend-paper,0.595250,0.606557
E7,0.2,1.0,1,1.0,0.0,0.2,0,35,saf-adaptive,0.625000,0.728484
E7,0.2,1.0,1,1.0,0.0,0.2,0,36,random,0.566250,0.498419
E7,0.2,1.0,1,1.0,0.0,0.2,0,36,round-robin,0.568500,0.507903
E7,0.2,1.0,1,1.0,0.0,0.2,0,36,oracle,0.685250,1.000000
E7,0.2,1.0,1,1.0,0.0,0.2,0,36,snr-greedy,0.591500,0.604847
E7,0.2,1.0,1,1.0,0.0,0.2,0,36,snr-greedy-loss,0.608250,0.675448
E7,0.2,1.0,1,1.0,0.0,0.2,0,36,snr-mean,0.599000,0.636459
E7,0.2,1.0,1,1.0,0.0,0.2,0,36,belief,0.611250,0.688093
E7,0.2,1.0,1,1.0,0.0,0.2,0,36,belief-pred,0.627500,0.756586
E7,0.2,1.0,1,1.0,0.0,0.2,0,36,ewma,0.597500,0.630137
E7,0.2,1.0,1,1.0,0.0,0.2,0,36,blend-paper,0.595500,0.621707
E7,0.2,1.0,1,1.0,0.0,0.2,0,36,saf-adaptive,0.627500,0.756586
E7,0.2,1.0,1,1.0,0.0,0.2,0,37,random,0.574750,0.529472
E7,0.2,1.0,1,1.0,0.0,0.2,0,37,round-robin,0.568250,0.503049
E7,0.2,1.0,1,1.0,0.0,0.2,0,37,oracle,0.690500,1.000000
E7,0.2,1.0,1,1.0,0.0,0.2,0,37,snr-greedy,0.596000,0.615854
E7,0.2,1.0,1,1.0,0.0,0.2,0,37,snr-greedy-loss,0.615000,0.693089
E7,0.2,1.0,1,1.0,0.0,0.2,0,37,snr-mean,0.619750,0.712398
E7,0.2,1.0,1,1.0,0.0,0.2,0,37,belief,0.620000,0.713415
E7,0.2,1.0,1,1.0,0.0,0.2,0,37,belief-pred,0.634750,0.773374
E7,0.2,1.0,1,1.0,0.0,0.2,0,37,ewma,0.596750,0.618902
E7,0.2,1.0,1,1.0,0.0,0.2,0,37,blend-paper,0.599000,0.628049
E7,0.2,1.0,1,1.0,0.0,0.2,0,37,saf-adaptive,0.634750,0.773374
E7,0.2,1.0,1,1.0,0.0,0.2,0,38,random,0.571750,0.497972
E7,0.2,1.0,1,1.0,0.0,0.2,0,38,round-robin,0.576500,0.517241
E7,0.2,1.0,1,1.0,0.0,0.2,0,38,oracle,0.695500,1.000000
E7,0.2,1.0,1,1.0,0.0,0.2,0,38,snr-greedy,0.598750,0.607505
E7,0.2,1.0,1,1.0,0.0,0.2,0,38,snr-greedy-loss,0.609250,0.650101
E7,0.2,1.0,1,1.0,0.0,0.2,0,38,snr-mean,0.610500,0.655172
E7,0.2,1.0,1,1.0,0.0,0.2,0,38,belief,0.618750,0.688641
E7,0.2,1.0,1,1.0,0.0,0.2,0,38,belief-pred,0.629250,0.731237
E7,0.2,1.0,1,1.0,0.0,0.2,0,38,ewma,0.587750,0.562880
E7,0.2,1.0,1,1.0,0.0,0.2,0,38,blend-paper,0.597250,0.601420
E7,0.2,1.0,1,1.0,0.0,0.2,0,38,saf-adaptive,0.629250,0.731237
E7,0.2,1.0,1,1.0,0.0,0.2,0,39,random,0.563000,0.495992
E7,0.2,1.0,1,1.0,0.0,0.2,0,39,round-robin,0.564500,0.502004
E7,0.2,1.0,1,1.0,0.0,0.2,0,39,oracle,0.688750,1.000000
E7,0.2,1.0,1,1.0,0.0,0.2,0,39,snr-greedy,0.596750,0.631263
E7,0.2,1.0,1,1.0,0.0,0.2,0,39,snr-greedy-loss,0.615500,0.706413
E7,0.2,1.0,1,1.0,0.0,0.2,0,39,snr-mean,0.613500,0.698397
E7,0.2,1.0,1,1.0,0.0,0.2,0,39,belief,0.616750,0.711423
E7,0.2,1.0,1,1.0,0.0,0.2,0,39,belief-pred,0.628750,0.759519
E7,0.2,1.0,1,1.0,0.0,0.2,0,39,ewma,0.585750,0.587174
E7,0.2,1.0,1,1.0,0.0,0.2,0,39,blend-paper,0.601000,0.648297
E7,0.2,1.0,1,1.0,0.0,0.2,0,39,saf-adaptive,0.628750,0.759519
E7,0.2,1.0,1,1.0,0.0,0.2,0,40,random,0.562250,0.533804
E7,0.2,1.0,1,1.0,0.0,0.2,0,40,round-robin,0.554500,0.502523
E7,0.2,1.0,1,1.0,0.0,0.2,0,40,oracle,0.677750,1.000000
E7,0.2,1.0,1,1.0,0.0,0.2,0,40,snr-greedy,0.585750,0.628658
E7,0.2,1.0,1,1.0,0.0,0.2,0,40,snr-greedy-loss,0.599750,0.685166
E7,0.2,1.0,1,1.0,0.0,0.2,0,40,snr-mean,0.583000,0.617558
E7,0.2,1.0,1,1.0,0.0,0.2,0,40,belief,0.603500,0.700303
E7,0.2,1.0,1,1.0,0.0,0.2,0,40,belief-pred,0.617250,0.755802
E7,0.2,1.0,1,1.0,0.0,0.2,0,40,ewma,0.570750,0.568113
E7,0.2,1.0,1,1.0,0.0,0.2,0,40,blend-paper,0.578000,0.597376
E7,0.2,1.0,1,1.0,0.0,0.2,0,40,saf-adaptive,0.617250,0.755802
E7,0.2,1.0,1,1.0,0.0,0.2,0,41,random,0.553500,0.473738
E7,0.2,1.0,1,1.0,0.0,0.2,0,41,round-robin,0.559000,0.496395
E7,0.2,1.0,1,1.0,0.0,0.2,0,41,oracle,0.681250,1.000000
E7,0.2,1.0,1,1.0,0.0,0.2,0,41,snr-greedy,0.597250,0.653965
E7,0.2,1.0,1,1.0,0.0,0.2,0,41,snr-greedy-loss,0.611250,0.711637
E7,0.2,1.0,1,1.0,0.0,0.2,0,41,snr-mean,0.585500,0.605561
E7,0.2,1.0,1,1.0,0.0,0.2,0,41,belief,0.611000,0.710608
E7,0.2,1.0,1,1.0,0.0,0.2,0,41,belief-pred,0.615000,0.727085
E7,0.2,1.0,1,1.0,0.0,0.2,0,41,ewma,0.576500,0.568486
E7,0.2,1.0,1,1.0,0.0,0.2,0,41,blend-paper,0.596750,0.651905
E7,0.2,1.0,1,1.0,0.0,0.2,0,41,saf-adaptive,0.615000,0.727085
E7,0.2,1.0,1,1.0,0.0,0.2,0,42,random,0.552500,0.510978
E7,0.2,1.0,1,1.0,0.0,0.2,0,42,round-robin,0.546750,0.488024
E7,0.2,1.0,1,1.0,0.0,0.2,0,42,oracle,0.675000,1.000000
E7,0.2,1.0,1,1.0,0.0,0.2,0,42,snr-greedy,0.588500,0.654691
E7,0.2,1.0,1,1.0,0.0,0.2,0,42,snr-greedy-loss,0.595250,0.681637
E7,0.2,1.0,1,1.0,0.0,0.2,0,42,snr-mean,0.585750,0.643713
E7,0.2,1.0,1,1.0,0.0,0.2,0,42,belief,0.599000,0.696607
E7,0.2,1.0,1,1.0,0.0,0.2,0,42,belief-pred,0.611000,0.744511
E7,0.2,1.0,1,1.0,0.0,0.2,0,42,ewma,0.573000,0.592814
E7,0.2,1.0,1,1.0,0.0,0.2,0,42,blend-paper,0.583750,0.635729
E7,0.2,1.0,1,1.0,0.0,0.2,0,42,saf-adaptive,0.611500,0.746507
E7,0.2,1.0,1,1.0,0.0,0.2,0,43,random,0.562750,0.506694
E7,0.2,1.0,1,1.0,0.0,0.2,0,43,round-robin,0.561000,0.499485
E7,0.2,1.0,1,1.0,0.0,0.2,0,43,oracle,0.682500,1.000000
E7,0.2,1.0,1,1.0,0.0,0.2,0,43,snr-greedy,0.592750,0.630278
E7,0.2,1.0,1,1.0,0.0,0.2,0,43,snr-greedy-loss,0.610500,0.703399
E7,0.2,1.0,1,1.0,0.0,0.2,0,43,snr-mean,0.600500,0.662204
E7,0.2,1.0,1,1.0,0.0,0.2,0,43,belief,0.615500,0.723996
E7,0.2,1.0,1,1.0,0.0,0.2,0,43,belief-pred,0.624000,0.759011
E7,0.2,1.0,1,1.0,0.0,0.2,0,43,ewma,0.573000,0.548919
E7,0.2,1.0,1,1.0,0.0,0.2,0,43,blend-paper,0.581750,0.584964
E7,0.2,1.0,1,1.0,0.0,0.2,0,43,saf-adaptive,0.623750,0.757981
E7,0.2,1.0,1,1.0,0.0,0.2,0,44,random,0.566750,0.501577
E7,0.2,1.0,1,1.0,0.0,0.2,0,44,round-robin,0.569500,0.513144
E7,0.2,1.0,1,1.0,0.0,0.2,0,44,oracle,0.685250,1.000000
E7,0.2,1.0,1,1.0,0.0,0.2,0,44,snr-greedy,0.596750,0.627760
E7,0.2,1.0,1,1.0,0.0,0.2,0,44,snr-greedy-loss,0.603500,0.656151
E7,0.2,1.0,1,1.0,0.0,0.2,0,44,snr-mean,0.606750,0.669821
E7,0.2,1.0,1,1.0,0.0,0.2,0,44,belief,0.611750,0.690852
E7,0.2,1.0,1,1.0,0.0,0.2,0,44,belief-pred,0.623750,0.741325
E7,0.2,1.0,1,1.0,0.0,0.2,0,44,ewma,0.587500,0.588854
E7,0.2,1.0,1,1.0,0.0,0.2,0,44,blend-paper,0.598500,0.635121
E7,0.2,1.0,1,1.0,0.0,0.2,0,44,saf-adaptive,0.623500,0.740273
E7,0.2,1.0,1,1.0,0.0,0.2,0,45,random,0.558250,0.508565
E7,0.2,1.0,1,1.0,0.0,0.2,0,45,round-robin,0.557000,0.503212
E7,0.2,1.0,1,1.0,0.0,0.2,0,45,oracle,0.673000,1.000000
E7,0.2,1.0,1,1.0,0.0,0.2,0,45,snr-greedy,0.582000,0.610278
E7,0.2,1.0,1,1.0,0.0,0.2,0,45,snr-greedy-loss,0.595500,0.668094
E7,0.2,1.0,1,1.0,0.0,0.2,0,45,snr-mean,0.597000,0.674518
E7,0.2,1.0,1,1.0,0.0,0.2,0,45,belief,0.597750,0.677730
E7,0.2,1.0,1,1.0,0.0,0.2,0,45,belief-pred,0.609250,0.726981
E7,0.2,1.0,1,1.0,0.0,0.2,0,45,ewma,0.582000,0.610278
E7,0.2,1.0,1,1.0,0.0,0.2,0,45,blend-paper,0.577250,0.589936
E7,0.2,1.0,1,1.0,0.0,0.2,0,45,saf-adaptive,0.608500,0.723769
E7,0.2,1.0,1,1.0,0.0,0.2,0,46,random,0.560000,0.504124
E7,0.2,1.0,1,1.0,0.0,0.2,0,46,round-robin,0.557500,0.493814
E7,0.2,1.0,1,1.0,0.0,0.2,0,46,oracle,0.680250,1.000000
E7,0.2,1.0,1,1.0,0.0,0.2,0,46,snr-greedy,0.592750,0.639175
E7,0.2,1.0,1,1.0,0.0,0.2,0,46,snr-greedy-loss,0.598250,0.661856
E7,0.2,1.0,1,1.0,0.0,0.2,0,46,snr-mean,0.593500,0.642268
E7,0.2,1.0,1,1.0,0.0,0.2,0,46,belief,0.606750,0.696907
E7,0.2,1.0,1,1.0,0.0,0.2,0,46,belief-pred,0.612750,0.721649
E7,0.2,1.0,1,1.0,0.0,0.2,0,46,ewma,0.575750,0.569072
E7,0.2,1.0,1,1.0,0.0,0.2,0,46,blend-paper,0.593000,0.640206
E7,0.2,1.0,1,1.0,0.0,0.2,0,46,saf-adaptive,0.611750,0.717526
E7,0.2,1.0,1,1.0,0.0,0.2,0,47,random,0.565500,0.503992
E7,0.2,1.0,1,1.0,0.0,0.2,0,47,round-robin,0.566500,0.507984
E7,0.2,1.0,1,1.0,0.0,0.2,0,47,oracle,0.689750,1.000000
E7,0.2,1.0,1,1.0,0.0,0.2,0,47,snr-greedy,0.601250,0.646707
E7,0.2,1.0,1,1.0,0.0,0.2,0,47,snr-greedy-loss,0.610250,0.682635
E7,0.2,1.0,1,1.0,0.0,0.2,0,47,snr-mean,0.612500,0.691617
E7,0.2,1.0,1,1.0,0.0,0.2,0,47,belief,0.615500,0.703593
E7,0.2,1.0,1,1.0,0.0,0.2,0,47,belief-pred,0.627500,0.751497
E7,0.2,1.0,1,1.0,0.0,0.2,0,47,ewma,0.576250,0.546906
E7,0.2,1.0,1,1.0,0.0,0.2,0,47,blend-paper,0.587750,0.592814
E7,0.2,1.0,1,1.0,0.0,0.2,0,47,saf-adaptive,0.627000,0.749501
E7,0.2,1.0,1,1.0,0.0,0.2,0,48,random,0.560750,0.504683
E7,0.2,1.0,1,1.0,0.0,0.2,0,48,round-robin,0.555500,0.482830
E7,0.2,1.0,1,1.0,0.0,0.2,0,48,oracle,0.679750,1.000000
E7,0.2,1.0,1,1.0,0.0,0.2,0,48,snr-greedy,0.586250,0.610822
E7,0.2,1.0,1,1.0,0.0,0.2,0,48,snr-greedy-loss,0.603000,0.680541
E7,0.2,1.0,1,1.0,0.0,0.2,0,48,snr-mean,0.604250,0.685744
E7,0.2,1.0,1,1.0,0.0,0.2,0,48,belief,0.605750,0.691988
E7,0.2,1.0,1,1.0,0.0,0.2,0,48,belief-pred,0.614250,0.727367
E7,0.2,1.0,1,1.0,0.0,0.2,0,48,ewma,0.578250,0.577523
E7,0.2,1.0,1,1.0,0.0,0.2,0,48,blend-paper,0.586750,0.612903
E7,0.2,1.0,1,1.0,0.0,0.2,0,48,saf-adaptive,0.614250,0.727367
E7,0.2,1.0,1,1.0,0.0,0.2,0,49,random,0.561500,0.513402
E7,0.2,1.0,1,1.0,0.0,0.2,0,49,round-robin,0.561750,0.514433
E7,0.2,1.0,1,1.0,0.0,0.2,0,49,oracle,0.679500,1.000000
E7,0.2,1.0,1,1.0,0.0,0.2,0,49,snr-greedy,0.587500,0.620619
E7,0.2,1.0,1,1.0,0.0,0.2,0,49,snr-greedy-loss,0.597500,0.661856
E7,0.2,1.0,1,1.0,0.0,0.2,0,49,snr-mean,0.591250,0.636082
E7,0.2,1.0,1,1.0,0.0,0.2,0,49,belief,0.602000,0.680412
E7,0.2,1.0,1,1.0,0.0,0.2,0,49,belief-pred,0.615500,0.736082
E7,0.2,1.0,1,1.0,0.0,0.2,0,49,ewma,0.568500,0.542268
E7,0.2,1.0,1,1.0,0.0,0.2,0,49,blend-paper,0.587750,0.621649
E7,0.2,1.0,1,1.0,0.0,0.2,0,49,saf-adaptive,0.615750,0.737113
E7,0.2,1.0,2,1.0,0.0,0.2,0,0,random,0.560000,0.493952
E7,0.2,1.0,2,1.0,0.0,0.2,0,0,round-robin,0.559500,0.491935
E7,0.2,1.0,2,1.0,0.0,0.2,0,0,oracle,0.685500,1.000000
E7,0.2,1.0,2,1.0,0.0,0.2,0,0,snr-greedy,0.574750,0.553427
E7,0.2,1.0,2,1.0,0.0,0.2,0,0,snr-greedy-loss,0.580000,0.574597
E7,0.2,1.0,2,1.0,0.0,0.2,0,0,snr-mean,0.612500,0.705645
E7,0.2,1.0,2,1.0,0.0,0.2,0,0,belief,0.587750,0.605847
E7,0.2,1.0,2,1.0,0.0,0.2,0,0,belief-pred,0.612500,0.705645
E7,0.2,1.0,2,1.0,0.0,0.2,0,0,ewma,0.589250,0.611895
E7,0.2,1.0,2,1.0,0.0,0.2,0,0,blend-paper,0.596500,0.641129
E7,0.2,1.0,2,1.0,0.0,0.2,0,0,saf-adaptive,0.613000,0.707661
E7,0.2,1.0,2,1.0,0.0,0.2,0,1,random,0.565000,0.491919
E7,0.2,1.0,2,1.0,0.0,0.2,0,1,round-robin,0.567250,0.501010
E7,0.2,1.0,2,1.0,0.0,0.2,0,1,oracle,0.690750,1.000000
E7,0.2,1.0,2,1.0,0.0,0.2,0,1,snr-greedy,0.580750,0.555556
E7,0.2,1.0,2,1.0,0.0,0.2,0,1,snr-greedy-loss,0.587250,0.581818
E7,0.2,1.0,2,1.0,0.0,0.2,0,1,snr-mean,0.605250,0.654545
E7,0.2,1.0,2,1.0,0.0,0.2,0,1,belief,0.589750,0.591919
E7,0.2,1.0,2,1.0,0.0,0.2,0,1,belief-pred,0.604250,0.650505
E7,0.2,1.0,2,1.0,0.0,0.2,0,1,ewma,0.582750,0.563636
E7,0.2,1.0,2,1.0,0.0,0.2,0,1,blend-paper,0.592500,0.603030
E7,0.2,1.0,2,1.0,0.0,0.2,0,1,saf-adaptive,0.603000,0.645455
E7,0.2,1.0,2,1.0,0.0,0.2,0,2,random,0.565750,0.522059
E7,0.2,1.0,2,1.0,0.0,0.2,0,2,round-robin,0.562000,0.506303
E7,0.2,1.0,2,1.0,0.0,0.2,0,2,oracle,0.679500,1.000000
E7,0.2,1.0,2,1.0,0.0,0.2,0,2,snr-greedy,0.575750,0.564076
E7,0.2,1.0,2,1.0,0.0,0.2,0,2,snr-greedy-loss,0.579500,0.579832
E7,0.2,1.0,2,1.0,0.0,0.2,0,2,snr-mean,0.614750,0.727941
E7,0.2,1.0,2,1.0,0.0,0.2,0,2,belief,0.582500,0.592437
E7,0.2,1.0,2,1.0,0.0,0.2,0,2,belief-pred,0.609750,0.706933
E7,0.2,1.0,2,1.0,0.0,0.2,0,2,ewma,0.570500,0.542017
E7,0.2,1.0,2,1.0,0.0,0.2,0,2,blend-paper,0.598500,0.659664
E7,0.2,1.0,2,1.0,0.0,0.2,0,2,saf-adaptive,0.609750,0.706933
E7,0.2,1.0,2,1.0,0.0,0.2,0,3,random,0.544750,0.452703
E7,0.2,1.0,2,1.0,0.0,0.2,0,3,round-robin,0.560000,0.511583
E7,0.2,1.0,2,1.0,0.0,0.2,0,3,oracle,0.686500,1.000000
E7,0.2,1.0,2,1.0,0.0,0.2,0,3,snr-greedy,0.577250,0.578185
E7,0.2,1.0,2,1.0,0.0,0.2,0,3,snr-greedy-loss,0.579750,0.587838
E7,0.2,1.0,2,1.0,0.0,0.2,0,3,snr-mean,0.596250,0.651544
E7,0.2,1.0,2,1.0,0.0,0.2,0,3,belief,0.580000,0.588803
E7,0.2,1.0,2,1.0,0.0,0.2,0,3,belief-pred,0.596750,0.653475
E7,0.2,1.0,2,1.0,0.0,0.2,0,3,ewma,0.573000,0.561776
E7,0.2,1.0,2,1.0,0.0,0.2,0,3,blend-paper,0.584750,0.607143
E7,0.2,1.0,2,1.0,0.0,0.2,0,3,saf-adaptive,0.597000,0.654440
E7,0.2,1.0,2,1.0,0.0,0.2,0,4,random,0.561000,0.510331
E7,0.2,1.0,2,1.0,0.0,0.2,0,4,round-robin,0.554750,0.484504
E7,0.2,1.0,2,1.0,0.0,0.2,0,4,oracle,0.679500,1.000000
E7,0.2,1.0,2,1.0,0.0,0.2,0,4,snr-greedy,0.566750,0.534091
E7,0.2,1.0,2,1.0,0.0,0.2,0,4,snr-greedy-loss,0.574250,0.565083
E7,0.2,1.0,2,1.0,0.0,0.2,0,4,snr-mean,0.594000,0.646694
E7,0.2,1.0,2,1.0,0.0,0.2,0,4,belief,0.583500,0.603306
E7,0.2,1.0,2,1.0,0.0,0.2,0,4,belief-pred,0.601500,0.677686
E7,0.2,1.0,2,1.0,0.0,0.2,0,4,ewma,0.568250,0.540289
E7,0.2,1.0,2,1.0,0.0,0.2,0,4,blend-paper,0.573000,0.559917
E7,0.2,1.0,2,1.0,0.0,0.2,0,4,saf-adaptive,0.602250,0.680785
E7,0.2,1.0,2,1.0,0.0,0.2,0,5,random,0.563000,0.507128
E7,0.2,1.0,2,1.0,0.0,0.2,0,5,round-robin,0.560250,0.495927
E7,0.2,1.0,2,1.0,0.0,0.2,0,5,oracle,0.684000,1.000000
E7,0.2,1.0,2,1.0,0.0,0.2,0,5,snr-greedy,0.583500,0.590631
E7,0.2,1.0,2,1.0,0.0,0.2,0,5,snr-greedy-loss,0.587250,0.605906
E7,0.2,1.0,2,1.0,0.0,0.2,0,5,snr-mean,0.608500,0.692464
E7,0.2,1.0,2,1.0,0.0,0.2,0,5,belief,0.593000,0.629328
E7,0.2,1.0,2,1.0,0.0,0.2,0,5,belief-pred,0.599750,0.656823
E7,0.2,1.0,2,1.0,0.0,0.2,0,5,ewma,0.582750,0.587576
E7,0.2,1.0,2,1.0,0.0,0.2,0,5,blend-paper,0.577250,0.565173
E7,0.2,1.0,2,1.0,0.0,0.2,0,5,saf-adaptive,0.600500,0.659878
E7,0.2,1.0,2,1.0,0.0,0.2,0,6,random,0.563250,0.525994
E7,0.2,1.0,2,1.0,0.0,0.2,0,6,round-robin,0.560750,0.515800
E7,0.2,1.0,2,1.0,0.0,0.2,0,6,oracle,0.679500,1.000000
E7,0.2,1.0,2,1.0,0.0,0.2,0,6,snr-greedy,0.572500,0.563710
E7,0.2,1.0,2,1.0,0.0,0.2,0,6,snr-greedy-loss,0.575000,0.573904
E7,0.2,1.0,2,1.0,0.0,0.2,0,6,snr-mean,0.593750,0.650357
E7,0.2,1.0,2,1.0,0.0,0.2,0,6,belief,0.581750,0.601427
E7,0.2,1.0,2,1.0,0.0,0.2,0,6,belief-pred,0.595500,0.657492
E7,0.2,1.0,2,1.0,0.0,0.2,0,6,ewma,0.572000,0.561672
E7,0.2,1.0,2,1.0,0.0,0.2,0,6,blend-paper,0.565750,0.536188
E7,0.2,1.0,2,1.0,0.0,0.2,0,6,saf-adaptive,0.594750,0.654434
E7,0.2,1.0,2,1.0,0.0,0.2,0,7,random,0.568250,0.490066
E7,0.2,1.0,2,1.0,0.0,0.2,0,7,round-robin,0.572250,0.507726
E7,0.2,1.0,2,1.0,0.0,0.2,0,7,oracle,0.683750,1.000000
E7,0.2,1.0,2,1.0,0.0,0.2,0,7,snr-greedy,0.583750,0.558499
E7,0.2,1.0,2,1.0,0.0,0.2,0,7,snr-greedy-loss,0.590000,0.586093
E7,0.2,1.0,2,1.0,0.0,0.2,0,7,snr-mean,0.608250,0.666667
E7,0.2,1.0,2,1.0,0.0,0.2,0,7,belief,0.591250,0.591611
E7,0.2,1.0,2,1.0,0.0,0.2,0,7,belief-pred,0.607000,0.661148
E7,0.2,1.0,2,1.0,0.0,0.2,0,7,ewma,0.574500,0.517660
E7,0.2,1.0,2,1.0,0.0,0.2,0,7,blend-paper,0.580750,0.545254
E7,0.2,1.0,2,1.0,0.0,0.2,0,7,saf-adaptive,0.606250,0.657837
E7,0.2,1.0,2,1.0,0.0,0.2,0,8,random,0.566750,0.480263
E7,0.2,1.0,2,1.0,0.0,0.2,0,8,round-robin,0.573500,0.509868
E7,0.2,1.0,2,1.0,0.0,0.2,0,8,oracle,0.685250,1.000000
E7,0.2,1.0,2,1.0,0.0,0.2,0,8,snr-greedy,0.577500,0.527412
E7,0.2,1.0,2,1.0,0.0,0.2,0,8,snr-greedy-loss,0.588750,0.576754
E7,0.2,1.0,2,1.0,0.0,0.2,0,8,snr-mean,0.597250,0.614035
E7,0.2,1.0,2,1.0,0.0,0.2,0,8,belief,0.590000,0.582237
E7,0.2,1.0,2,1.0,0.0,0.2,0,8,belief-pred,0.607500,0.658991
E7,0.2,1.0,2,1.0,0.0,0.2,0,8,ewma,0.573000,0.507675
E7,0.2,1.0,2,1.0,0.0,0.2,0,8,blend-paper,0.587250,0.570175
E7,0.2,1.0,2,1.0,0.0,0.2,0,8,saf-adaptive,0.607500,0.658991
E7,0.2,1.0,2,1.0,0.0,0.2,0,9,random,0.567250,0.526474
E7,0.2,1.0,2,1.0,0.0,0.2,0,9,round-robin,0.561250,0.502498
E7,0.2,1.0,2,1.0,0.0,0.2,0,9,oracle,0.685750,1.000000
E7,0.2,1.0,2,1.0,0.0,0.2,0,9,snr-greedy,0.597250,0.646354
E7,0.2,1.0,2,1.0,0.0,0.2,0,9,snr-greedy-loss,0.597500,0.647353
E7,0.2,1.0,2,1.0,0.0,0.2,0,9,snr-mean,0.603750,0.672328
E7,0.2,1.0,2,1.0,0.0,0.2,0,9,belief,0.598750,0.652348
E7,0.2,1.0,2,1.0,0.0,0.2,0,9,belief-pred,0.613000,0.709291
E7,0.2,1.0,2,1.0,0.0,0.2,0,9,ewma,0.573000,0.549451
E7,0.2,1.0,2,1.0,0.0,0.2,0,9,blend-paper,0.584250,0.594406
E7,0.2,1.0,2,1.0,0.0,0.2,0,9,saf-adaptive,0.613000,0.709291
E7,0.2,1.0,2,1.0,0.0,0.2,0,10,random,0.556000,0.489858
E7,0.2,1.0,2,1.0,0.0,0.2,0,10,round-robin,0.557500,0.495943
E7,0.2,1.0,2,1.0,0.0,0.2,0,10,oracle,0.681750,1.000000
E7,0.2,1.0,2,1.0,0.0,0.2,0,10,snr-greedy,0.569250,0.543611
E7,0.2,1.0,2,1.0,0.0,0.2,0,10,snr-greedy-loss,0.574750,0.565923
E7,0.2,1.0,2,1.0,0.0,0.2,0,10,snr-mean,0.604250,0.685598
E7,0.2,1.0,2,1.0,0.0,0.2,0,10,belief,0.579750,0.586207
E7,0.2,1.0,2,1.0,0.0,0.2,0,10,belief-pred,0.601750,0.675456
E7,0.2,1.0,2,1.0,0.0,0.2,0,10,ewma,0.576250,0.572008
E7,0.2,1.0,2,1.0,0.0,0.2,0,10,blend-paper,0.577500,0.577079
E7,0.2,1.0,2,1.0,0.0,0.2,0,10,saf-adaptive,0.602500,0.678499
E7,0.2,1.0,2,1.0,0.0,0.2,0,11,random,0.565000,0.507821
E7,0.2,1.0,2,1.0,0.0,0.2,0,11,round-robin,0.564500,0.505735
E7,0.2,1.0,2,1.0,0.0,0.2,0,11,oracle,0.683000,1.000000
E7,0.2,1.0,2,1.0,0.0,0.2,0,11,snr-greedy,0.582500,0.580813
E7,0.2,1.0,2,1.0,0.0,0.2,0,11,snr-greedy-loss,0.584250,0.588113
E7,0.2,1.0,2,1.0,0.0,0.2,0,11,snr-mean,0.600000,0.653806
E7,0.2,1.0,2,1.0,0.0,0.2,0,11,belief,0.590500,0.614181
E7,0.2,1.0,2,1.0,0.0,0.2,0,11,belief-pred,0.606500,0.680918
E7,0.2,1.0,2,1.0,0.0,0.2,0,11,ewma,0.564750,0.506778
E7,0.2,1.0,2,1.0,0.0,0.2,0,11,blend-paper,0.583500,0.584984
E7,0.2,1.0,2,1.0,0.0,0.2,0,11,saf-adaptive,0.606000,0.678832
E7,0.2,1.0,2,1.0,0.0,0.2,0,12,random,0.566500,0.502533
E7,0.2,1.0,2,1.0,0.0,0.2,0,12,round-robin,0.561250,0.481256
E7,0.2,1.0,2,1.0,0.0,0.2,0,12,oracle,0.689250,1.000000
E7,0.2,1.0,2,1.0,0.0,0.2,0,12,snr-greedy,0.577500,0.547112
E7,0.2,1.0,2,1.0,0.0,0.2,0,12,snr-greedy-loss,0.582250,0.566363
E7,0.2,1.0,2,1.0,0.0,0.2,0,12,snr-mean,0.612500,0.688956
E7,0.2,1.0,2,1.0,0.0,0.2,0,12,belief,0.590250,0.598784
E7,0.2,1.0,2,1.0,0.0,0.2,0,12,belief-pred,0.610000,0.678825
E7,0.2,1.0,2,1.0,0.0,0.2,0,12,ewma,0.558500,0.470111
E7,0.2,1.0,2,1.0,0.0,0.2,0,12,blend-paper,0.592250,0.606890
E7,0.2,1.0,2,1.0,0.0,0.2,0,12,saf-adaptive,0.609000,0.674772
E7,0.2,1.0,2,1.0,0.0,0.2,0,13,random,0.554250,0.483087
E7,0.2,1.0,2,1.0,0.0,0.2,0,13,round-robin,0.562250,0.516913
E7,0.2,1.0,2,1.0,0.0,0.2,0,13,oracle,0.676500,1.000000
E7,0.2,1.0,2,1.0,0.0,0.2,0,13,snr-greedy,0.573250,0.563425
E7,0.2,1.0,2,1.0,0.0,0.2,0,13,snr-greedy-loss,0.579000,0.587738
E7,0.2,1.0,2,1.0,0.0,0.2,0,13,snr-mean,0.598750,0.671247
E7,0.2,1.0,2,1.0,0.0,0.2,0,13,belief,0.582750,0.603594
E7,0.2,1.0,2,1.0,0.0,0.2,0,13,belief-pred,0.601000,0.680761
E7,0.2,1.0,2,1.0,0.0,0.2,0,13,ewma,0.564750,0.527484
E7,0.2,1.0,2,1.0,0.0,0.2,0,13,blend-paper,0.573750,0.565539
E7,0.2,1.0,2,1.0,0.0,0.2,0,13,saf-adaptive,0.600750,0.679704
E7,0.2,1.0,2,1.0,0.0,0.2,0,14,random,0.575500,0.500000
E7,0.2,1.0,2,1.0,0.0,0.2,0,14,round-robin,0.573250,0.490506
E7,0.2,1.0,2,1.0,0.0,0.2,0,14,oracle,0.694000,1.000000
E7,0.2,1.0,2,1.0,0.0,0.2,0,14,snr-greedy,0.589000,0.556962
E7,0.2,1.0,2,1.0,0.0,0.2,0,14,snr-greedy-loss,0.593250,0.574895
E7,0.2,1.0,2,1.0,0.0,0.2,0,14,snr-mean,0.616250,0.671941
E7,0.2,1.0,2,1.0,0.0,0.2,0,14,belief,0.601250,0.608650
E7,0.2,1.0,2,1.0,0.0,0.2,0,14,belief-pred,0.621500,0.694093
E7,0.2,1.0,2,1.0,0.0,0.2,0,14,ewma,0.593000,0.573840
E7,0.2,1.0,2,1.0,0.0,0.2,0,14,blend-paper,0.611500,0.651899
E7,0.2,1.0,2,1.0,0.0,0.2,0,14,saf-adaptive,0.620250,0.688819
E7,0.2,1.0,2,1.0,0.0,0.2,0,15,random,0.554000,0.485963
E7,0.2,1.0,2,1.0,0.0,0.2,0,15,round-robin,0.555750,0.492740
E7,0.2,1.0,2,1.0,0.0,0.2,0,15,oracle,0.686750,1.000000
E7,0.2,1.0,2,1.0,0.0,0.2,0,15,snr-greedy,0.581250,0.591481
E7,0.2,1.0,2,1.0,0.0,0.2,0,15,snr-greedy-loss,0.579750,0.585673
E7,0.2,1.0,2,1.0,0.0,0.2,0,15,snr-mean,0.612000,0.710552
E7,0.2,1.0,2,1.0,0.0,0.2,0,15,belief,0.593500,0.638916
E7,0.2,1.0,2,1.0,0.0,0.2,0,15,belief-pred,0.604500,0.681510
E7,0.2,1.0,2,1.0,0.0,0.2,0,15,ewma,0.572250,0.556631
E7,0.2,1.0,2,1.0,0.0,0.2,0,15,blend-paper,0.586500,0.611810
E7,0.2,1.0,2,1.0,0.0,0.2,0,15,saf-adaptive,0.604000,0.679574
E7,0.2,1.0,2,1.0,0.0,0.2,0,16,random,0.556500,0.482795
E7,0.2,1.0,2,1.0,0.0,0.2,0,16,round-robin,0.559250,0.494265
E7,0.2,1.0,2,1.0,0.0,0.2,0,16,oracle,0.680500,1.000000
E7,0.2,1.0,2,1.0,0.0,0.2,0,16,snr-greedy,0.575500,0.562044
E7,0.2,1.0,2,1.0,0.0,0.2,0,16,snr-greedy-loss,0.578500,0.574557
E7,0.2,1.0,2,1.0,0.0,0.2,0,16,snr-mean,0.589500,0.620438
E7,0.2,1.0,2,1.0,0.0,0.2,0,16,belief,0.583500,0.595412
E7,0.2,1.0,2,1.0,0.0,0.2,0,16,belief-pred,0.596250,0.648592
E7,0.2,1.0,2,1.0,0.0,0.2,0,16,ewma,0.565500,0.520334
E7,0.2,1.0,2,1.0,0.0,0.2,0,16,blend-paper,0.577000,0.568300
E7,0.2,1.0,2,1.0,0.0,0.2,0,16,saf-adaptive,0.596000,0.647550
E7,0.2,1.0,2,1.0,0.0,0.2,0,17,random,0.567000,0.509414
E7,0.2,1.0,2,1.0,0.0,0.2,0,17,round-robin,0.566000,0.505230
E7,0.2,1.0,2,1.0,0.0,0.2,0,17,oracle,0.684250,1.000000
E7,0.2,1.0,2,1.0,0.0,0.2,0,17,snr-greedy,0.579250,0.560669
E7,0.2,1.0,2,1.0,0.0,0.2,0,17,snr-greedy-loss,0.584250,0.581590
E7,0.2,1.0,2,1.0,0.0,0.2,0,17,snr-mean,0.608500,0.683054
E7,0.2,1.0,2,1.0,0.0,0.2,0,17,belief,0.586250,0.589958
E7,0.2,1.0,2,1.0,0.0,0.2,0,17,belief-pred,0.603750,0.663180
E7,0.2,1.0,2,1.0,0.0,0.2,0,17,ewma,0.581750,0.571130
E7,0.2,1.0,2,1.0,0.0,0.2,0,17,blend-paper,0.593000,0.618201
E7,0.2,1.0,2,1.0,0.0,0.2,0,17,saf-adaptive,0.604000,0.664226
E7,0.2,1.0,2,1.0,0.0,0.2,0,18,random,0.544750,0.466229
E7,0.2,1.0,2,1.0,0.0,0.2,0,18,round-robin,0.554250,0.501876
E7,0.2,1.0,2,1.0,0.0,0.2,0,18,oracle,0.687000,1.000000
E7,0.2,1.0,2,1.0,0.0,0.2,0,18,snr-greedy,0.575250,0.580675
E7,0.2,1.0,2,1.0,0.0,0.2,0,18,snr-greedy-loss,0.580250,0.599437
E7,0.2,1.0,2,1.0,0.0,0.2,0,18,snr-mean,0.607500,0.701689
E7,0.2,1.0,2,1.0,0.0,0.2,0,18,belief,0.585000,0.617261
E7,0.2,1.0,2,1.0,0.0,0.2,0,18,belief-pred,0.608250,0.704503
E7,0.2,1.0,2,1.0,0.0,0.2,0,18,ewma,0.589000,0.632270
E7,0.2,1.0,2,1.0,0.0,0.2,0,18,blend-paper,0.590750,0.638837
E7,0.2,1.0,2,1.0,0.0,0.2,0,18,saf-adaptive,0.608750,0.706379
E7,0.2,1.0,2,1.0,0.0,0.2,0,19,random,0.558750,0.496970
E7,0.2,1.0,2,1.0,0.0,0.2,0,19,round-robin,0.558000,0.493939
E7,0.2,1.0,2,1.0,0.0,0.2,0,19,oracle,0.683250,1.000000
E7,0.2,1.0,2,1.0,0.0,0.2,0,19,snr-greedy,0.578000,0.574747
E7,0.2,1.0,2,1.0,0.0,0.2,0,19,snr-greedy-loss,0.587250,0.612121
E7,0.2,1.0,2,1.0,0.0,0.2,0,19,snr-mean,0.603750,0.678788
E7,0.2,1.0,2,1.0,0.0,0.2,0,19,belief,0.585000,0.603030
E7,0.2,1.0,2,1.0,0.0,0.2,0,19,belief-pred,0.601000,0.667677
E7,0.2,1.0,2,1.0,0.0,0.2,0,19,ewma,0.557750,0.492929
E7,0.2,1.0,2,1.0,0.0,0.2,0,19,blend-paper,0.574000,0.558586
E7,0.2,1.0,2,1.0,0.0,0.2,0,19,saf-adaptive,0.601250,0.668687
E7,0.2,1.0,2,1.0,0.0,0.2,0,20,random,0.563000,0.501010
E7,0.2,1.0,2,1.0,0.0,0.2,0,20,round-robin,0.566500,0.515152
E7,0.2,1.0,2,1.0,0.0,0.2,0,20,oracle,0.686500,1.000000
E7,0.2,1.0,2,1.0,0.0,0.2,0,20,snr-greedy,0.577750,0.560606
E7,0.2,1.0,2,1.0,0.0,0.2,0,20,snr-greedy-loss,0.587000,0.597980
E7,0.2,1.0,2,1.0,0.0,0.2,0,20,snr-mean,0.601750,0.657576
E7,0.2,1.0,2,1.0,0.0,0.2,0,20,belief,0.594000,0.626263
E7,0.2,1.0,2,1.0,0.0,0.2,0,20,belief-pred,0.606500,0.676768
E7,0.2,1.0,2,1.0,0.0,0.2,0,20,ewma,0.582500,0.579798
E7,0.2,1.0,2,1.0,0.0,0.2,0,20,blend-paper,0.582500,0.579798
E7,0.2,1.0,2,1.0,0.0,0.2,0,20,saf-adaptive,0.606250,0.675758
E7,0.2,1.0,2,1.0,0.0,0.2,0,21,random,0.557750,0.506931
E7,0.2,1.0,2,1.0,0.0,0.2,0,21,round-robin,0.557250,0.504950
E7,0.2,1.0,2,1.0,0.0,0.2,0,21,oracle,0.682250,1.000000
E7,0.2,1.0,2,1.0,0.0,0.2,0,21,snr-greedy,0.571750,0.562376
E7,0.2,1.0,2,1.0,0.0,0.2,0,21,snr-greedy-loss,0.580500,0.597030
E7,0.2,1.0,2,1.0,0.0,0.2,0,21,snr-mean,0.585000,0.614851
E7,0.2,1.0,2,1.0,0.0,0.2,0,21,belief,0.581250,0.600000
E7,0.2,1.0,2,1.0,0.0,0.2,0,21,belief-pred,0.596250,0.659406
E7,0.2,1.0,2,1.0,0.0,0.2,0,21,ewma,0.572500,0.565347
E7,0.2,1.0,2,1.0,0.0,0.2,0,21,blend-paper,0.578500,0.589109
E7,0.2,1.0,2,1.0,0.0,0.2,0,21,saf-adaptive,0.597000,0.662376
E7,0.2,1.0,2,1.0,0.0,0.2,0,22,random,0.567750,0.486911
E7,0.2,1.0,2,1.0,0.0,0.2,0,22,round-robin,0.567500,0.485864
E7,0.2,1.0,2,1.0,0.0,0.2,0,22,oracle,0.690250,1.000000
E7,0.2,1.0,2,1.0,0.0,0.2,0,22,snr-greedy,0.591000,0.584293
E7,0.2,1.0,2,1.0,0.0,0.2,0,22,snr-greedy-loss,0.592500,0.590576
E7,0.2,1.0,2,1.0,0.0,0.2,0,22,snr-mean,0.600750,0.625131
E7,0.2,1.0,2,1.0,0.0,0.2,0,22,belief,0.596750,0.608377
E7,0.2,1.0,2,1.0,0.0,0.2,0,22,belief-pred,0.608000,0.655497
E7,0.2,1.0,2,1.0,0.0,0.2,0,22,ewma,0.586250,0.564398
E7,0.2,1.0,2,1.0,0.0,0.2,0,22,blend-paper,0.587000,0.567539
E7,0.2,1.0,2,1.0,0.0,0.2,0,22,saf-adaptive,0.608000,0.655497
E7,0.2,1.0,2,1.0,0.0,0.2,0,23,random,0.558000,0.492739
E7,0.2,1.0,2,1.0,0.0,0.2,0,23,round-robin,0.556000,0.484440
E7,0.2,1.0,2,1.0,0.0,0.2,0,23,oracle,0.680250,1.000000
E7,0.2,1.0,2,1.0,0.0,0.2,0,23,snr-greedy,0.572750,0.553942
E7,0.2,1.0,2,1.0,0.0,0.2,0,23,snr-greedy-loss,0.581000,0.588174
E7,0.2,1.0,2,1.0,0.0,0.2,0,23,snr-mean,0.600250,0.668050
E7,0.2,1.0,2,1.0,0.0,0.2,0,23,belief,0.587250,0.614108
E7,0.2,1.0,2,1.0,0.0,0.2,0,23,belief-pred,0.603000,0.679461
E7,0.2,1.0,2,1.0,0.0,0.2,0,23,ewma,0.585250,0.605809
E7,0.2,1.0,2,1.0,0.0,0.2,0,23,blend-paper,0.585250,0.605809
E7,0.2,1.0,2,1.0,0.0,0.2,0,23,saf-adaptive,0.603250,0.680498
E7,0.2,1.0,2,1.0,0.0,0.2,0,24,random,0.554500,0.492110
E7,0.2,1.0,2,1.0,0.0,0.2,0,24,round-robin,0.553750,0.489152
E7,0.2,1.0,2,1.0,0.0,0.2,0,24,oracle,0.683250,1.000000
E7,0.2,1.0,2,1.0,0.0,0.2,0,24,snr-greedy,0.566750,0.540434
E7,0.2,1.0,2,1.0,0.0,0.2,0,24,snr-greedy-loss,0.575000,0.572978
E7,0.2,1.0,2,1.0,0.0,0.2,0,24,snr-mean,0.598750,0.666667
E7,0.2,1.0,2,1.0,0.0,0.2,0,24,belief,0.577750,0.583826
E7,0.2,1.0,2,1.0,0.0,0.2,0,24,belief-pred,0.601500,0.677515
E7,0.2,1.0,2,1.0,0.0,0.2,0,24,ewma,0.577750,0.583826
E7,0.2,1.0,2,1.0,0.0,0.2,0,24,blend-paper,0.577500,0.582840
E7,0.2,1.0,2,1.0,0.0,0.2,0,24,saf-adaptive,0.601000,0.675542
E7,0.2,1.0,2,1.0,0.0,0.2,0,25,random,0.559500,0.489861
E7,0.2,1.0,2,1.0,0.0,0.2,0,25,round-robin,0.560500,0.494130
E7,0.2,1.0,2,1.0,0.0,0.2,0,25,oracle,0.679000,1.000000
E7,0.2,1.0,2,1.0,0.0,0.2,0,25,snr-greedy,0.572750,0.546425
E7,0.2,1.0,2,1.0,0.0,0.2,0,25,snr-greedy-loss,0.576750,0.563501
E7,0.2,1.0,2,1.0,0.0,0.2,0,25,snr-mean,0.594750,0.640342
E7,0.2,1.0,2,1.0,0.0,0.2,0,25,belief,0.580250,0.578442
E7,0.2,1.0,2,1.0,0.0,0.2,0,25,belief-pred,0.592250,0.629669
E7,0.2,1.0,2,1.0,0.0,0.2,0,25,ewma,0.563750,0.508004
E7,0.2,1.0,2,1.0,0.0,0.2,0,25,blend-paper,0.577750,0.567769
E7,0.2,1.0,2,1.0,0.0,0.2,0,25,saf-adaptive,0.592250,0.629669
E7,0.2,1.0,2,1.0,0.0,0.2,0,26,random,0.571000,0.514940
E7,0.2,1.0,2,1.0,0.0,0.2,0,26,round-robin,0.570750,0.513944
E7,0.2,1.0,2,1.0,0.0,0.2,0,26,oracle,0.692750,1.000000
E7,0.2,1.0,2,1.0,0.0,0.2,0,26,snr-greedy,0.585000,0.570717
E7,0.2,1.0,2,1.0,0.0,0.2,0,26,snr-greedy-loss,0.592750,0.601594
E7,0.2,1.0,2,1.0,0.0,0.2,0,26,snr-mean,0.609250,0.667331
E7,0.2,1.0,2,1.0,0.0,0.2,0,26,belief,0.599000,0.626494
E7,0.2,1.0,2,1.0,0.0,0.2,0,26,belief-pred,0.617250,0.699203
E7,0.2,1.0,2,1.0,0.0,0.2,0,26,ewma,0.578500,0.544821
E7,0.2,1.0,2,1.0,0.0,0.2,0,26,blend-paper,0.567250,0.500000
E7,0.2,1.0,2,1.0,0.0,0.2,0,26,saf-adaptive,0.617750,0.701195
E7,0.2,1.0,2,1.0,0.0,0.2,0,27,random,0.560000,0.494461
E7,0.2,1.0,2,1.0,0.0,0.2,0,27,round-robin,0.561500,0.500504
E7,0.2,1.0,2,1.0,0.0,0.2,0,27,oracle,0.685500,1.000000
E7,0.2,1.0,2,1.0,0.0,0.2,0,27,snr-greedy,0.578250,0.567976
E7,0.2,1.0,2,1.0,0.0,0.2,0,27,snr-greedy-loss,0.584750,0.594159
E7,0.2,1.0,2,1.0,0.0,0.2,0,27,snr-mean,0.603500,0.669688
E7,0.2,1.0,2,1.0,0.0,0.2,0,27,belief,0.587750,0.606244
E7,0.2,1.0,2,1.0,0.0,0.2,0,27,belief-pred,0.607500,0.685801
E7,0.2,1.0,2,1.0,0.0,0.2,0,27,ewma,0.571250,0.539778
E7,0.2,1.0,2,1.0,0.0,0.2,0,27,blend-paper,0.575750,0.557905
E7,0.2,1.0,2,1.0,0.0,0.2,0,27,saf-adaptive,0.604750,0.674723
E7,0.2,1.0,2,1.0,0.0,0.2,0,28,random,0.567500,0.510053
E7,0.2,1.0,2,1.0,0.0,0.2,0,28,round-robin,0.566750,0.506878
E7,0.2,1.0,2,1.0,0.0,0.2,0,28,oracle,0.683250,1.000000
E7,0.2,1.0,2,1.0,0.0,0.2,0,28,snr-greedy,0.577750,0.553439
E7,0.2,1.0,2,1.0,0.0,0.2,0,28,snr-greedy-loss,0.583750,0.578836
E7,0.2,1.0,2,1.0,0.0,0.2,0,28,snr-mean,0.604750,0.667725
E7,0.2,1.0,2,1.0,0.0,0.2,0,28,belief,0.590250,0.606349
E7,0.2,1.0,2,1.0,0.0,0.2,0,28,belief-pred,0.603250,0.661376
E7,0.2,1.0,2,1.0,0.0,0.2,0,28,ewma,0.585250,0.585185
E7,0.2,1.0,2,1.0,0.0,0.2,0,28,blend-paper,0.582250,0.572487
E7,0.2,1.0,2,1.0,0.0,0.2,0,28,saf-adaptive,0.602750,0.659259
E7,0.2,1.0,2,1.0,0.0,0.2,0,29,random,0.563750,0.477131
E7,0.2,1.0,2,1.0,0.0,0.2,0,29,round-robin,0.565250,0.483368
E7,0.2,1.0,2,1.0,0.0,0.2,0,29,oracle,0.689500,1.000000
E7,0.2,1.0,2,1.0,0.0,0.2,0,29,snr-greedy,0.586250,0.570686
E7,0.2,1.0,2,1.0,0.0,0.2,0,29,snr-greedy-loss,0.589750,0.585239
E7,0.2,1.0,2,1.0,0.0,0.2,0,29,snr-mean,0.605000,0.648649
E7,0.2,1.0,2,1.0,0.0,0.2,0,29,belief,0.591500,0.592516
E7,0.2,1.0,2,1.0,0.0,0.2,0,29,belief-pred,0.605750,0.651767
E7,0.2,1.0,2,1.0,0.0,0.2,0,29,ewma,0.586000,0.569647
E7,0.2,1.0,2,1.0,0.0,0.2,0,29,blend-paper,0.594500,0.604990
E7,0.2,1.0,2,1.0,0.0,0.2,0,29,saf-adaptive,0.606000,0.652807
E7,0.2,1.0,2,1.0,0.0,0.2,0,30,random,0.554000,0.502478
E7,0.2,1.0,2,1.0,0.0,0.2,0,30,round-robin,0.552250,0.495540
E7,0.2,1.0,2,1.0,0.0,0.2,0,30,oracle,0.679500,1.000000
E7,0.2,1.0,2,1.0,0.0,0.2,0,30,snr-greedy,0.572500,0.575818
E7,0.2,1.0,2,1.0,0.0,0.2,0,30,snr-greedy-loss,0.576500,0.591675
E7,0.2,1.0,2,1.0,0.0,0.2,0,30,snr-mean,0.592750,0.656095
E7,0.2,1.0,2,1.0,0.0,0.2,0,30,belief,0.577500,0.595639
E7,0.2,1.0,2,1.0,0.0,0.2,0,30,belief-pred,0.596500,0.670961
E7,0.2,1.0,2,1.0,0.0,0.2,0,30,ewma,0.577250,0.594648
E7,0.2,1.0,2,1.0,0.0,0.2,0,30,blend-paper,0.580000,0.605550
E7,0.2,1.0,2,1.0,0.0,0.2,0,30,saf-adaptive,0.597000,0.672944
E7,0.2,1.0,2,1.0,0.0,0.2,0,31,random,0.561250,0.498483
E7,0.2,1.0,2,1.0,0.0,0.2,0,31,round-robin,0.561250,0.498483
E7,0.2,1.0,2,1.0,0.0,0.2,0,31,oracle,0.685250,1.000000
E7,0.2,1.0,2,1.0,0.0,0.2,0,31,snr-greedy,0.581250,0.579373
E7,0.2,1.0,2,1.0,0.0,0.2,0,31,snr-greedy-loss,0.585000,0.594540
E7,0.2,1.0,2,1.0,0.0,0.2,0,31,snr-mean,0.600000,0.655207
E7,0.2,1.0,2,1.0,0.0,0.2,0,31,belief,0.591500,0.620829
E7,0.2,1.0,2,1.0,0.0,0.2,0,31,belief-pred,0.610250,0.696663
E7,0.2,1.0,2,1.0,0.0,0.2,0,31,ewma,0.598750,0.650152
E7,0.2,1.0,2,1.0,0.0,0.2,0,31,blend-paper,0.597000,0.643074
E7,0.2,1.0,2,1.0,0.0,0.2,0,31,saf-adaptive,0.610750,0.698686
E7,0.2,1.0,2,1.0,0.0,0.2,0,32,random,0.557500,0.480652
E7,0.2,1.0,2,1.0,0.0,0.2,0,32,round-robin,0.558250,0.483707
E7,0.2,1.0,2,1.0,0.0,0.2,0,32,oracle,0.685000,1.000000
E7,0.2,1.0,2,1.0,0.0,0.2,0,32,snr-greedy,0.582250,0.581466
E7,0.2,1.0,2,1.0,0.0,0.2,0,32,snr-greedy-loss,0.584000,0.588595
E7,0.2,1.0,2,1.0,0.0,0.2,0,32,snr-mean,0.610000,0.694501
E7,0.2,1.0,2,1.0,0.0,0.2,0,32,belief,0.591250,0.618126
E7,0.2,1.0,2,1.0,0.0,0.2,0,32,belief-pred,0.610500,0.696538
E7,0.2,1.0,2,1.0,0.0,0.2,0,32,ewma,0.578000,0.564155
E7,0.2,1.0,2,1.0,0.0,0.2,0,32,blend-paper,0.588500,0.606925
E7,0.2,1.0,2,1.0,0.0,0.2,0,32,saf-adaptive,0.610250,0.695519
E7,0.2,1.0,2,1.0,0.0,0.2,0,33,random,0.568250,0.516684
E7,0.2,1.0,2,1.0,0.0,0.2,0,33,round-robin,0.561750,0.490394
E7,0.2,1.0,2,1.0,0.0,0.2,0,33,oracle,0.687750,1.000000
E7,0.2,1.0,2,1.0,0.0,0.2,0,33,snr-greedy,0.582250,0.573306
E7,0.2,1.0,2,1.0,0.0,0.2,0,33,snr-greedy-loss,0.585500,0.586451
E7,0.2,1.0,2,1.0,0.0,0.2,0,33,snr-mean,0.600750,0.648129
E7,0.2,1.0,2,1.0,0.0,0.2,0,33,belief,0.592250,0.613751
E7,0.2,1.0,2,1.0,0.0,0.2,0,33,belief-pred,0.605500,0.667341
E7,0.2,1.0,2,1.0,0.0,0.2,0,33,ewma,0.594750,0.623862
E7,0.2,1.0,2,1.0,0.0,0.2,0,33,blend-paper,0.593500,0.618807
E7,0.2,1.0,2,1.0,0.0,0.2,0,33,saf-adaptive,0.605500,0.667341
E7,0.2,1.0,2,1.0,0.0,0.2,0,34,random,0.561250,0.509824
E7,0.2,1.0,2,1.0,0.0,0.2,0,34,round-robin,0.557500,0.494312
E7,0.2,1.0,2,1.0,0.0,0.2,0,34,oracle,0.679750,1.000000
E7,0.2,1.0,2,1.0,0.0,0.2,0,34,snr-greedy,0.569000,0.541882
E7,0.2,1.0,2,1.0,0.0,0.2,0,34,snr-greedy-loss,0.578750,0.582213
E7,0.2,1.0,2,1.0,0.0,0.2,0,34,snr-mean,0.585500,0.610134
E7,0.2,1.0,2,1.0,0.0,0.2,0,34,belief,0.578000,0.579111
E7,0.2,1.0,2,1.0,0.0,0.2,0,34,belief-pred,0.591750,0.635988
E7,0.2,1.0,2,1.0,0.0,0.2,0,34,ewma,0.562000,0.512927
E7,0.2,1.0,2,1.0,0.0,0.2,0,34,blend-paper,0.570500,0.548087
E7,0.2,1.0,2,1.0,0.0,0.2,0,34,saf-adaptive,0.591750,0.635988
E7,0.2,1.0,2,1.0,0.0,0.2,0,35,random,0.567250,0.491803
E7,0.2,1.0,2,1.0,0.0,0.2,0,35,round-robin,0.570000,0.503074
E7,0.2,1.0,2,1.0,0.0,0.2,0,35,oracle,0.691250,1.000000
E7,0.2,1.0,2,1.0,0.0,0.2,0,35,snr-greedy,0.583750,0.559426
E7,0.2,1.0,2,1.0,0.0,0.2,0,35,snr-greedy-loss,0.595250,0.606557
E7,0.2,1.0,2,1.0,0.0,0.2,0,35,snr-mean,0.608500,0.660861
E7,0.2,1.0,2,1.0,0.0,0.2,0,35,belief,0.595000,0.605533
E7,0.2,1.0,2,1.0,0.0,0.2,0,35,belief-pred,0.609000,0.662910
E7,0.2,1.0,2,1.0,0.0,0.2,0,35,ewma,0.594500,0.603484
E7,0.2,1.0,2,1.0,0.0,0.2,0,35,blend-paper,0.592250,0.594262
E7,0.2,1.0,2,1.0,0.0,0.2,0,35,saf-adaptive,0.607750,0.657787
E7,0.2,1.0,2,1.0,0.0,0.2,0,36,random,0.566250,0.498419
E7,0.2,1.0,2,1.0,0.0,0.2,0,36,round-robin,0.568500,0.507903
E7,0.2,1.0,2,1.0,0.0,0.2,0,36,oracle,0.685250,1.000000
E7,0.2,1.0,2,1.0,0.0,0.2,0,36,snr-greedy,0.581000,0.560590
E7,0.2,1.0,2,1.0,0.0,0.2,0,36,snr-greedy-loss,0.585250,0.578504
E7,0.2,1.0,2,1.0,0.0,0.2,0,36,snr-mean,0.596250,0.624868
E7,0.2,1.0,2,1.0,0.0,0.2,0,36,belief,0.586500,0.583772
E7,0.2,1.0,2,1.0,0.0,0.2,0,36,belief-pred,0.604500,0.659642
E7,0.2,1.0,2,1.0,0.0,0.2,0,36,ewma,0.586500,0.583772
E7,0.2,1.0,2,1.0,0.0,0.2,0,36,blend-paper,0.592500,0.609062
E7,0.2,1.0,2,1.0,0.0,0.2,0,36,saf-adaptive,0.604750,0.660695
E7,0.2,1.0,2,1.0,0.0,0.2,0,37,random,0.574750,0.529472
E7,0.2,1.0,2,1.0,0.0,0.2,0,37,round-robin,0.568250,0.503049
E7,0.2,1.0,2,1.0,0.0,0.2,0,37,oracle,0.690500,1.000000
E7,0.2,1.0,2,1.0,0.0,0.2,0,37,snr-greedy,0.579750,0.549797
E7,0.2,1.0,2,1.0,0.0,0.2,0,37,snr-greedy-loss,0.589250,0.588415
E7,0.2,1.0,2,1.0,0.0,0.2,0,37,snr-mean,0.616750,0.700203
E7,0.2,1.0,2,1.0,0.0,0.2,0,37,belief,0.594000,0.607724
E7,0.2,1.0,2,1.0,0.0,0.2,0,37,belief-pred,0.619250,0.710366
E7,0.2,1.0,2,1.0,0.0,0.2,0,37,ewma,0.593000,0.603659
E7,0.2,1.0,2,1.0,0.0,0.2,0,37,blend-paper,0.588250,0.584350
E7,0.2,1.0,2,1.0,0.0,0.2,0,37,saf-adaptive,0.619250,0.710366
E7,0.2,1.0,2,1.0,0.0,0.2,0,38,random,0.571750,0.497972
E7,0.2,1.0,2,1.0,0.0,0.2,0,38,round-robin,0.576500,0.517241
E7,0.2,1.0,2,1.0,0.0,0.2,0,38,oracle,0.695500,1.000000
E7,0.2,1.0,2,1.0,0.0,0.2,0,38,snr-greedy,0.573500,0.505071
E7,0.2,1.0,2,1.0,0.0,0.2,0,38,snr-greedy-loss,0.580500,0.533469
E7,0.2,1.0,2,1.0,0.0,0.2,0,38,snr-mean,0.607000,0.640974
E7,0.2,1.0,2,1.0,0.0,0.2,0,38,belief,0.589750,0.570994
E7,0.2,1.0,2,1.0,0.0,0.2,0,38,belief-pred,0.614500,0.671400
E7,0.2,1.0,2,1.0,0.0,0.2,0,38,ewma,0.585750,0.554767
E7,0.2,1.0,2,1.0,0.0,0.2,0,38,blend-paper,0.576750,0.518256
E7,0.2,1.0,2,1.0,0.0,0.2,0,38,saf-adaptive,0.614500,0.671400
E7,0.2,1.0,2,1.0,0.0,0.2,0,39,random,0.563000,0.495992
E7,0.2,1.0,2,1.0,0.0,0.2,0,39,round-robin,0.564500,0.502004
E7,0.2,1.0,2,1.0,0.0,0.2,0,39,oracle,0.688750,1.000000
E7,0.2,1.0,2,1.0,0.0,0.2,0,39,snr-greedy,0.584750,0.583166
E7,0.2,1.0,2,1.0,0.0,0.2,0,39,snr-greedy-loss,0.594250,0.621242
E7,0.2,1.0,2,1.0,0.0,0.2,0,39,snr-mean,0.610250,0.685371
E7,0.2,1.0,2,1.0,0.0,0.2,0,39,belief,0.589750,0.603206
E7,0.2,1.0,2,1.0,0.0,0.2,0,39,belief-pred,0.614000,0.700401
E7,0.2,1.0,2,1.0,0.0,0.2,0,39,ewma,0.574500,0.542084
E7,0.2,1.0,2,1.0,0.0,0.2,0,39,blend-paper,0.582250,0.573146
E7,0.2,1.0,2,1.0,0.0,0.2,0,39,saf-adaptive,0.614000,0.700401
E7,0.2,1.0,2,1.0,0.0,0.2,0,40,random,0.562250,0.533804
E7,0.2,1.0,2,1.0,0.0,0.2,0,40,round-robin,0.554500,0.502523
E7,0.2,1.0,2,1.0,0.0,0.2,0,40,oracle,0.677750,1.000000
E7,0.2,1.0,2,1.0,0.0,0.2,0,40,snr-greedy,0.567750,0.556004
E7,0.2,1.0,2,1.0,0.0,0.2,0,40,snr-greedy-loss,0.574750,0.584258
E7,0.2,1.0,2,1.0,0.0,0.2,0,40,snr-mean,0.583000,0.617558
E7,0.2,1.0,2,1.0,0.0,0.2,0,40,belief,0.576250,0.590313
E7,0.2,1.0,2,1.0,0.0,0.2,0,40,belief-pred,0.590500,0.647830
E7,0.2,1.0,2,1.0,0.0,0.2,0,40,ewma,0.559000,0.520686
E7,0.2,1.0,2,1.0,0.0,0.2,0,40,blend-paper,0.577250,0.594349
E7,0.2,1.0,2,1.0,0.0,0.2,0,40,saf-adaptive,0.590750,0.648840
E7,0.2,1.0,2,1.0,0.0,0.2,0,41,random,0.553500,0.473738
E7,0.2,1.0,2,1.0,0.0,0.2,0,41,round-robin,0.559000,0.496395
E7,0.2,1.0,2,1.0,0.0,0.2,0,41,oracle,0.681250,1.000000
E7,0.2,1.0,2,1.0,0.0,0.2,0,41,snr-greedy,0.571750,0.548919
E7,0.2,1.0,2,1.0,0.0,0.2,0,41,snr-greedy-loss,0.577000,0.570546
E7,0.2,1.0,2,1.0,0.0,0.2,0,41,snr-mean,0.581250,0.588054
E7,0.2,1.0,2,1.0,0.0,0.2,0,41,belief,0.583250,0.596292
E7,0.2,1.0,2,1.0,0.0,0.2,0,41,belief-pred,0.591000,0.628218
E7,0.2,1.0,2,1.0,0.0,0.2,0,41,ewma,0.570000,0.541710
E7,0.2,1.0,2,1.0,0.0,0.2,0,41,blend-paper,0.570500,0.543769
E7,0.2,1.0,2,1.0,0.0,0.2,0,41,saf-adaptive,0.590500,0.626159
E7,0.2,1.0,2,1.0,0.0,0.2,0,42,random,0.552500,0.510978
E7,0.2,1.0,2,1.0,0.0,0.2,0,42,round-robin,0.546750,0.488024
E7,0.2,1.0,2,1.0,0.0,0.2,0,42,oracle,0.675000,1.000000
E7,0.2,1.0,2,1.0,0.0,0.2,0,42,snr-greedy,0.566750,0.567864
E7,0.2,1.0,2,1.0,0.0,0.2,0,42,snr-greedy-loss,0.569750,0.579840
E7,0.2,1.0,2,1.0,0.0,0.2,0,42,snr-mean,0.584500,0.638723
E7,0.2,1.0,2,1.0,0.0,0.2,0,42,belief,0.577750,0.611776
E7,0.2,1.0,2,1.0,0.0,0.2,0,42,belief-pred,0.590250,0.661677
E7,0.2,1.0,2,1.0,0.0,0.2,0,42,ewma,0.575500,0.602794
E7,0.2,1.0,2,1.0,0.0,0.2,0,42,blend-paper,0.580250,0.621756
E7,0.2,1.0,2,1.0,0.0,0.2,0,42,saf-adaptive,0.590250,0.661677
E7,0.2,1.0,2,1.0,0.0,0.2,0,43,random,0.562750,0.506694
E7,0.2,1.0,2,1.0,0.0,0.2,0,43,round-robin,0.561000,0.499485
E7,0.2,1.0,2,1.0,0.0,0.2,0,43,oracle,0.682500,1.000000
E7,0.2,1.0,2,1.0,0.0,0.2,0,43,snr-greedy,0.577750,0.568486
E7,0.2,1.0,2,1.0,0.0,0.2,0,43,snr-greedy-loss,0.587500,0.608651
E7,0.2,1.0,2,1.0,0.0,0.2,0,43,snr-mean,0.597000,0.647786
E7,0.2,1.0,2,1.0,0.0,0.2,0,43,belief,0.590750,0.622039
E7,0.2,1.0,2,1.0,0.0,0.2,0,43,belief-pred,0.603000,0.672503
E7,0.2,1.0,2,1.0,0.0,0.2,0,43,ewma,0.575500,0.559217
E7,0.2,1.0,2,1.0,0.0,0.2,0,43,blend-paper,0.589500,0.616890
E7,0.2,1.0,2,1.0,0.0,0.2,0,43,saf-adaptive,0.603500,0.674562
E7,0.2,1.0,2,1.0,0.0,0.2,0,44,random,0.566750,0.501577
E7,0.2,1.0,2,1.0,0.0,0.2,0,44,round-robin,0.569500,0.513144
E7,0.2,1.0,2,1.0,0.0,0.2,0,44,oracle,0.685250,1.000000
E7,0.2,1.0,2,1.0,0.0,0.2,0,44,snr-greedy,0.582000,0.565720
E7,0.2,1.0,2,1.0,0.0,0.2,0,44,snr-greedy-loss,0.585750,0.581493
E7,0.2,1.0,2,1.0,0.0,0.2,0,44,snr-mean,0.604500,0.660358
E7,0.2,1.0,2,1.0,0.0,0.2,0,44,belief,0.595750,0.623554
E7,0.2,1.0,2,1.0,0.0,0.2,0,44,belief-pred,0.608750,0.678233
E7,0.2,1.0,2,1.0,0.0,0.2,0,44,ewma,0.596250,0.625657
E7,0.2,1.0,2,1.0,0.0,0.2,0,44,blend-paper,0.593000,0.611987
E7,0.2,1.0,2,1.0,0.0,0.2,0,44,saf-adaptive,0.608250,0.676130
E7,0.2,1.0,2,1.0,0.0,0.2,0,45,random,0.558250,0.508565
E7,0.2,1.0,2,1.0,0.0,0.2,0,45,round-robin,0.557000,0.503212
E7,0.2,1.0,2,1.0,0.0,0.2,0,45,oracle,0.673000,1.000000
E7,0.2,1.0,2,1.0,0.0,0.2,0,45,snr-greedy,0.566500,0.543897
E7,0.2,1.0,2,1.0,0.0,0.2,0,45,snr-greedy-loss,0.571000,0.563169
E7,0.2,1.0,2,1.0,0.0,0.2,0,45,snr-mean,0.594750,0.664882
E7,0.2,1.0,2,1.0,0.0,0.2,0,45,belief,0.572750,0.570664
E7,0.2,1.0,2,1.0,0.0,0.2,0,45,belief-pred,0.591750,0.652034
E7,0.2,1.0,2,1.0,0.0,0.2,0,45,ewma,0.564000,0.533191
E7,0.2,1.0,2,1.0,0.0,0.2,0,45,blend-paper,0.573000,0.571734
E7,0.2,1.0,2,1.0,0.0,0.2,0,45,saf-adaptive,0.592500,0.655246
E7,0.2,1.0,2,1.0,0.0,0.2,0,46,random,0.560000,0.504124
E7,0.2,1.0,2,1.0,0.0,0.2,0,46,round-robin,0.557500,0.493814
E7,0.2,1.0,2,1.0,0.0,0.2,0,46,oracle,0.680250,1.000000
E7,0.2,1.0,2,1.0,0.0,0.2,0,46,snr-greedy,0.579000,0.582474
E7,0.2,1.0,2,1.0,0.0,0.2,0,46,snr-greedy-loss,0.579250,0.583505
E7,0.2,1.0,2,1.0,0.0,0.2,0,46,snr-mean,0.592750,0.639175
E7,0.2,1.0,2,1.0,0.0,0.2,0,46,belief,0.584500,0.605155
E7,0.2,1.0,2,1.0,0.0,0.2,0,46,belief-pred,0.599000,0.664948
E7,0.2,1.0,2,1.0,0.0,0.2,0,46,ewma,0.566000,0.528866
E7,0.2,1.0,2,1.0,0.0,0.2,0,46,blend-paper,0.591250,0.632990
E7,0.2,1.0,2,1.0,0.0,0.2,0,46,saf-adaptive,0.597000,0.656701
E7,0.2,1.0,2,1.0,0.0,0.2,0,47,random,0.565500,0.503992
E7,0.2,1.0,2,1.0,0.0,0.2,0,47,round-robin,0.566500,0.507984
E7,0.2,1.0,2,1.0,0.0,0.2,0,47,oracle,0.689750,1.000000
E7,0.2,1.0,2,1.0,0.0,0.2,0,47,snr-greedy,0.585250,0.582834
E7,0.2,1.0,2,1.0,0.0,0.2,0,47,snr-greedy-loss,0.584000,0.577844
E7,0.2,1.0,2,1.0,0.0,0.2,0,47,snr-mean,0.612000,0.689621
E7,0.2,1.0,2,1.0,0.0,0.2,0,47,belief,0.588500,0.595808
E7,0.2,1.0,2,1.0,0.0,0.2,0,47,belief-pred,0.608250,0.674651
E7,0.2,1.0,2,1.0,0.0,0.2,0,47,ewma,0.573000,0.533932
E7,0.2,1.0,2,1.0,0.0,0.2,0,47,blend-paper,0.577500,0.551896
E7,0.2,1.0,2,1.0,0.0,0.2,0,47,saf-adaptive,0.608000,0.673653
E7,0.2,1.0,2,1.0,0.0,0.2,0,48,random,0.560750,0.504683
E7,0.2,1.0,2,1.0,0.0,0.2,0,48,round-robin,0.555500,0.482830
E7,0.2,1.0,2,1.0,0.0,0.2,0,48,oracle,0.679750,1.000000
E7,0.2,1.0,2,1.0,0.0,0.2,0,48,snr-greedy,0.578250,0.577523
E7,0.2,1.0,2,1.0,0.0,0.2,0,48,snr-greedy-loss,0.583750,0.600416
E7,0.2,1.0,2,1.0,0.0,0.2,0,48,snr-mean,0.602000,0.676379
E7,0.2,1.0,2,1.0,0.0,0.2,0,48,belief,0.588250,0.619147
E7,0.2,1.0,2,1.0,0.0,0.2,0,48,belief-pred,0.602250,0.677419
E7,0.2,1.0,2,1.0,0.0,0.2,0,48,ewma,0.575000,0.563996
E7,0.2,1.0,2,1.0,0.0,0.2,0,48,blend-paper,0.582000,0.593132
E7,0.2,1.0,2,1.0,0.0,0.2,0,48,saf-adaptive,0.602500,0.678460
E7,0.2,1.0,2,1.0,0.0,0.2,0,49,random,0.561500,0.513402
E7,0.2,1.0,2,1.0,0.0,0.2,0,49,round-robin,0.561750,0.514433
E7,0.2,1.0,2,1.0,0.0,0.2,0,49,oracle,0.679500,1.000000
E7,0.2,1.0,2,1.0,0.0,0.2,0,49,snr-greedy,0.577500,0.579381
E7,0.2,1.0,2,1.0,0.0,0.2,0,49,snr-greedy-loss,0.583000,0.602062
E7,0.2,1.0,2,1.0,0.0,0.2,0,49,snr-mean,0.587750,0.621649
E7,0.2,1.0,2,1.0,0.0,0.2,0,49,belief,0.583750,0.605155
E7,0.2,1.0,2,1.0,0.0,0.2,0,49,belief-pred,0.595250,0.652577
E7,0.2,1.0,2,1.0,0.0,0.2,0,49,ewma,0.561750,0.514433
E7,0.2,1.0,2,1.0,0.0,0.2,0,49,blend-paper,0.578750,0.584536
E7,0.2,1.0,2,1.0,0.0,0.2,0,49,saf-adaptive,0.595250,0.652577
E7,0.2,1.0,4,1.0,0.0,0.2,0,0,random,0.560000,0.493952
E7,0.2,1.0,4,1.0,0.0,0.2,0,0,round-robin,0.559500,0.491935
E7,0.2,1.0,4,1.0,0.0,0.2,0,0,oracle,0.685500,1.000000
E7,0.2,1.0,4,1.0,0.0,0.2,0,0,snr-greedy,0.579250,0.571573
E7,0.2,1.0,4,1.0,0.0,0.2,0,0,snr-greedy-loss,0.579000,0.570565
E7,0.2,1.0,4,1.0,0.0,0.2,0,0,snr-mean,0.611750,0.702621
E7,0.2,1.0,4,1.0,0.0,0.2,0,0,belief,0.585000,0.594758
E7,0.2,1.0,4,1.0,0.0,0.2,0,0,belief-pred,0.615750,0.718750
E7,0.2,1.0,4,1.0,0.0,0.2,0,0,ewma,0.574000,0.550403
E7,0.2,1.0,4,1.0,0.0,0.2,0,0,blend-paper,0.586750,0.601815
E7,0.2,1.0,4,1.0,0.0,0.2,0,0,saf-adaptive,0.615500,0.717742
E7,0.2,1.0,4,1.0,0.0,0.2,0,1,random,0.565000,0.491919
E7,0.2,1.0,4,1.0,0.0,0.2,0,1,round-robin,0.567250,0.501010
E7,0.2,1.0,4,1.0,0.0,0.2,0,1,oracle,0.690750,1.000000
E7,0.2,1.0,4,1.0,0.0,0.2,0,1,snr-greedy,0.576500,0.538384
E7,0.2,1.0,4,1.0,0.0,0.2,0,1,snr-greedy-loss,0.574750,0.531313
E7,0.2,1.0,4,1.0,0.0,0.2,0,1,snr-mean,0.602250,0.642424
E7,0.2,1.0,4,1.0,0.0,0.2,0,1,belief,0.581000,0.556566
E7,0.2,1.0,4,1.0,0.0,0.2,0,1,belief-pred,0.604250,0.650505
E7,0.2,1.0,4,1.0,0.0,0.2,0,1,ewma,0.592500,0.603030
E7,0.2,1.0,4,1.0,0.0,0.2,0,1,blend-paper,0.585750,0.575758
E7,0.2,1.0,4,1.0,0.0,0.2,0,1,saf-adaptive,0.606250,0.658586
E7,0.2,1.0,4,1.0,0.0,0.2,0,2,random,0.565750,0.522059
E7,0.2,1.0,4,1.0,0.0,0.2,0,2,round-robin,0.562000,0.506303
E7,0.2,1.0,4,1.0,0.0,0.2,0,2,oracle,0.679500,1.000000
E7,0.2,1.0,4,1.0,0.0,0.2,0,2,snr-greedy,0.576000,0.565126
E7,0.2,1.0,4,1.0,0.0,0.2,0,2,snr-greedy-loss,0.577000,0.569328
E7,0.2,1.0,4,1.0,0.0,0.2,0,2,snr-mean,0.614750,0.727941
E7,0.2,1.0,4,1.0,0.0,0.2,0,2,belief,0.577500,0.571429
E7,0.2,1.0,4,1.0,0.0,0.2,0,2,belief-pred,0.614750,0.727941
E7,0.2,1.0,4,1.0,0.0,0.2,0,2,ewma,0.591750,0.631303
E7,0.2,1.0,4,1.0,0.0,0.2,0,2,blend-paper,0.578000,0.573529
E7,0.2,1.0,4,1.0,0.0,0.2,0,2,saf-adaptive,0.613000,0.720588
E7,0.2,1.0,4,1.0,0.0,0.2,0,3,random,0.544750,0.452703
E7,0.2,1.0,4,1.0,0.0,0.2,0,3,round-robin,0.560000,0.511583
E7,0.2,1.0,4,1.0,0.0,0.2,0,3,oracle,0.686500,1.000000
E7,0.2,1.0,4,1.0,0.0,0.2,0,3,snr-greedy,0.563500,0.525097
E7,0.2,1.0,4,1.0,0.0,0.2,0,3,snr-greedy-loss,0.562000,0.519305
E7,0.2,1.0,4,1.0,0.0,0.2,0,3,snr-mean,0.595750,0.649614
E7,0.2,1.0,4,1.0,0.0,0.2,0,3,belief,0.568750,0.545367
E7,0.2,1.0,4,1.0,0.0,0.2,0,3,belief-pred,0.597000,0.654440
E7,0.2,1.0,4,1.0,0.0,0.2,0,3,ewma,0.582000,0.596525
E7,0.2,1.0,4,1.0,0.0,0.2,0,3,blend-paper,0.574500,0.567568
E7,0.2,1.0,4,1.0,0.0,0.2,0,3,saf-adaptive,0.595250,0.647683
E7,0.2,1.0,4,1.0,0.0,0.2,0,4,random,0.561000,0.510331
E7,0.2,1.0,4,1.0,0.0,0.2,0,4,round-robin,0.554750,0.484504
E7,0.2,1.0,4,1.0,0.0,0.2,0,4,oracle,0.679500,1.000000
E7,0.2,1.0,4,1.0,0.0,0.2,0,4,snr-greedy,0.563500,0.520661
E7,0.2,1.0,4,1.0,0.0,0.2,0,4,snr-greedy-loss,0.573250,0.560950
E7,0.2,1.0,4,1.0,0.0,0.2,0,4,snr-mean,0.589750,0.629132
E7,0.2,1.0,4,1.0,0.0,0.2,0,4,belief,0.574000,0.564050
E7,0.2,1.0,4,1.0,0.0,0.2,0,4,belief-pred,0.596500,0.657025
E7,0.2,1.0,4,1.0,0.0,0.2,0,4,ewma,0.571000,0.551653
E7,0.2,1.0,4,1.0,0.0,0.2,0,4,blend-paper,0.561750,0.513430
E7,0.2,1.0,4,1.0,0.0,0.2,0,4,saf-adaptive,0.596250,0.655992
E7,0.2,1.0,4,1.0,0.0,0.2,0,5,random,0.563000,0.507128
E7,0.2,1.0,4,1.0,0.0,0.2,0,5,round-robin,0.560250,0.495927
E7,0.2,1.0,4,1.0,0.0,0.2,0,5,oracle,0.684000,1.000000
E7,0.2,1.0,4,1.0,0.0,0.2,0,5,snr-greedy,0.568000,0.527495
E7,0.2,1.0,4,1.0,0.0,0.2,0,5,snr-greedy-loss,0.572250,0.544807
E7,0.2,1.0,4,1.0,0.0,0.2,0,5,snr-mean,0.607750,0.689409
E7,0.2,1.0,4,1.0,0.0,0.2,0,5,belief,0.577500,0.566191
E7,0.2,1.0,4,1.0,0.0,0.2,0,5,belief-pred,0.601000,0.661914
E7,0.2,1.0,4,1.0,0.0,0.2,0,5,ewma,0.587500,0.606925
E7,0.2,1.0,4,1.0,0.0,0.2,0,5,blend-paper,0.570750,0.538697
E7,0.2,1.0,4,1.0,0.0,0.2,0,5,saf-adaptive,0.600750,0.660896
E7,0.2,1.0,4,1.0,0.0,0.2,0,6,random,0.563250,0.525994
E7,0.2,1.0,4,1.0,0.0,0.2,0,6,round-robin,0.560750,0.515800
E7,0.2,1.0,4,1.0,0.0,0.2,0,6,oracle,0.679500,1.000000
E7,0.2,1.0,4,1.0,0.0,0.2,0,6,snr-greedy,0.566500,0.539246
E7,0.2,1.0,4,1.0,0.0,0.2,0,6,snr-greedy-loss,0.568000,0.545362
E7,0.2,1.0,4,1.0,0.0,0.2,0,6,snr-mean,0.593750,0.650357
E7,0.2,1.0,4,1.0,0.0,0.2,0,6,belief,0.573750,0.568807
E7,0.2,1.0,4,1.0,0.0,0.2,0,6,belief-pred,0.592000,0.643221
E7,0.2,1.0,4,1.0,0.0,0.2,0,6,ewma,0.583500,0.608563
E7,0.2,1.0,4,1.0,0.0,0.2,0,6,blend-paper,0.578000,0.586137
E7,0.2,1.0,4,1.0,0.0,0.2,0,6,saf-adaptive,0.593250,0.648318
E7,0.2,1.0,4,1.0,0.0,0.2,0,7,random,0.568250,0.490066
E7,0.2,1.0,4,1.0,0.0,0.2,0,7,round-robin,0.572250,0.507726
E7,0.2,1.0,4,1.0,0.0,0.2,0,7,oracle,0.683750,1.000000
E7,0.2,1.0,4,1.0,0.0,0.2,0,7,snr-greedy,0.576500,0.526490
E7,0.2,1.0,4,1.0,0.0,0.2,0,7,snr-greedy-loss,0.582250,0.551876
E7,0.2,1.0,4,1.0,0.0,0.2,0,7,snr-mean,0.606500,0.658940
E7,0.2,1.0,4,1.0,0.0,0.2,0,7,belief,0.585500,0.566225
E7,0.2,1.0,4,1.0,0.0,0.2,0,7,belief-pred,0.608000,0.665563
E7,0.2,1.0,4,1.0,0.0,0.2,0,7,ewma,0.565500,0.477925
E7,0.2,1.0,4,1.0,0.0,0.2,0,7,blend-paper,0.578000,0.533113
E7,0.2,1.0,4,1.0,0.0,0.2,0,7,saf-adaptive,0.606250,0.657837
E7,0.2,1.0,4,1.0,0.0,0.2,0,8,random,0.566750,0.480263
E7,0.2,1.0,4,1.0,0.0,0.2,0,8,round-robin,0.573500,0.509868
E7,0.2,1.0,4,1.0,0.0,0.2,0,8,oracle,0.685250,1.000000
E7,0.2,1.0,4,1.0,0.0,0.2,0,8,snr-greedy,0.580250,0.539474
E7,0.2,1.0,4,1.0,0.0,0.2,0,8,snr-greedy-loss,0.585250,0.561404
E7,0.2,1.0,4,1.0,0.0,0.2,0,8,snr-mean,0.595000,0.604167
E7,0.2,1.0,4,1.0,0.0,0.2,0,8,belief,0.581250,0.543860
E7,0.2,1.0,4,1.0,0.0,0.2,0,8,belief-pred,0.604750,0.646930
E7,0.2,1.0,4,1.0,0.0,0.2,0,8,ewma,0.573500,0.509868
E7,0.2,1.0,4,1.0,0.0,0.2,0,8,blend-paper,0.581250,0.543860
E7,0.2,1.0,4,1.0,0.0,0.2,0,8,saf-adaptive,0.604750,0.646930
E7,0.2,1.0,4,1.0,0.0,0.2,0,9,random,0.567250,0.526474
E7,0.2,1.0,4,1.0,0.0,0.2,0,9,round-robin,0.561250,0.502498
E7,0.2,1.0,4,1.0,0.0,0.2,0,9,oracle,0.685750,1.000000
E7,0.2,1.0,4,1.0,0.0,0.2,0,9,snr-greedy,0.576750,0.564436
E7,0.2,1.0,4,1.0,0.0,0.2,0,9,snr-greedy-loss,0.578750,0.572428
E7,0.2,1.0,4,1.0,0.0,0.2,0,9,snr-mean,0.601250,0.662338
E7,0.2,1.0,4,1.0,0.0,0.2,0,9,belief,0.585500,0.599401
E7,0.2,1.0,4,1.0,0.0,0.2,0,9,belief-pred,0.606000,0.681319
E7,0.2,1.0,4,1.0,0.0,0.2,0,9,ewma,0.561750,0.504496
E7,0.2,1.0,4,1.0,0.0,0.2,0,9,blend-paper,0.581000,0.581419
E7,0.2,1.0,4,1.0,0.0,0.2,0,9,saf-adaptive,0.603250,0.670330
E7,0.2,1.0,4,1.0,0.0,0.2,0,10,random,0.556000,0.489858
E7,0.2,1.0,4,1.0,0.0,0.2,0,10,round-robin,0.557500,0.495943
E7,0.2,1.0,4,1.0,0.0,0.2,0,10,oracle,0.681750,1.000000
E7,0.2,1.0,4,1.0,0.0,0.2,0,10,snr-greedy,0.565250,0.527383
E7,0.2,1.0,4,1.0,0.0,0.2,0,10,snr-greedy-loss,0.566500,0.532454
E7,0.2,1.0,4,1.0,0.0,0.2,0,10,snr-mean,0.604000,0.684584
E7,0.2,1.0,4,1.0,0.0,0.2,0,10,belief,0.569250,0.543611
E7,0.2,1.0,4,1.0,0.0,0.2,0,10,belief-pred,0.601750,0.675456
E7,0.2,1.0,4,1.0,0.0,0.2,0,10,ewma,0.572000,0.554767
E7,0.2,1.0,4,1.0,0.0,0.2,0,10,blend-paper,0.569250,0.543611
E7,0.2,1.0,4,1.0,0.0,0.2,0,10,saf-adaptive,0.603750,0.683570
E7,0.2,1.0,4,1.0,0.0,0.2,0,11,random,0.565000,0.507821
E7,0.2,1.0,4,1.0,0.0,0.2,0,11,round-robin,0.564500,0.505735
E7,0.2,1.0,4,1.0,0.0,0.2,0,11,oracle,0.683000,1.000000
E7,0.2,1.0,4,1.0,0.0,0.2,0,11,snr-greedy,0.566500,0.514077
E7,0.2,1.0,4,1.0,0.0,0.2,0,11,snr-greedy-loss,0.570000,0.528676
E7,0.2,1.0,4,1.0,0.0,0.2,0,11,snr-mean,0.597250,0.642336
E7,0.2,1.0,4,1.0,0.0,0.2,0,11,belief,0.574500,0.547445
E7,0.2,1.0,4,1.0,0.0,0.2,0,11,belief-pred,0.605250,0.675704
E7,0.2,1.0,4,1.0,0.0,0.2,0,11,ewma,0.566500,0.514077
E7,0.2,1.0,4,1.0,0.0,0.2,0,11,blend-paper,0.568750,0.523462
E7,0.2,1.0,4,1.0,0.0,0.2,0,11,saf-adaptive,0.603250,0.667362
E7,0.2,1.0,4,1.0,0.0,0.2,0,12,random,0.566500,0.502533
E7,0.2,1.0,4,1.0,0.0,0.2,0,12,round-robin,0.561250,0.481256
E7,0.2,1.0,4,1.0,0.0,0.2,0,12,oracle,0.689250,1.000000
E7,0.2,1.0,4,1.0,0.0,0.2,0,12,snr-greedy,0.579750,0.556231
E7,0.2,1.0,4,1.0,0.0,0.2,0,12,snr-greedy-loss,0.579750,0.556231
E7,0.2,1.0,4,1.0,0.0,0.2,0,12,snr-mean,0.610750,0.681864
E7,0.2,1.0,4,1.0,0.0,0.2,0,12,belief,0.589250,0.594732
E7,0.2,1.0,4,1.0,0.0,0.2,0,12,belief-pred,0.614000,0.695035
E7,0.2,1.0,4,1.0,0.0,0.2,0,12,ewma,0.591250,0.602837
E7,0.2,1.0,4,1.0,0.0,0.2,0,12,blend-paper,0.587750,0.588652
E7,0.2,1.0,4,1.0,0.0,0.2,0,12,saf-adaptive,0.611250,0.683891
E7,0.2,1.0,4,1.0,0.0,0.2,0,13,random,0.554250,0.483087
E7,0.2,1.0,4,1.0,0.0,0.2,0,13,round-robin,0.562250,0.516913
E7,0.2,1.0,4,1.0,0.0,0.2,0,13,oracle,0.676500,1.000000
E7,0.2,1.0,4,1.0,0.0,0.2,0,13,snr-greedy,0.560750,0.510571
E7,0.2,1.0,4,1.0,0.0,0.2,0,13,snr-greedy-loss,0.564500,0.526427
E7,0.2,1.0,4,1.0,0.0,0.2,0,13,snr-mean,0.598250,0.669133
E7,0.2,1.0,4,1.0,0.0,0.2,0,13,belief,0.568000,0.541226
E7,0.2,1.0,4,1.0,0.0,0.2,0,13,belief-pred,0.597000,0.663848
E7,0.2,1.0,4,1.0,0.0,0.2,0,13,ewma,0.570500,0.551797
E7,0.2,1.0,4,1.0,0.0,0.2,0,13,blend-paper,0.562000,0.515856
E7,0.2,1.0,4,1.0,0.0,0.2,0,13,saf-adaptive,0.597000,0.663848
E7,0.2,1.0,4,1.0,0.0,0.2,0,14,random,0.575500,0.500000
E7,0.2,1.0,4,1.0,0.0,0.2,0,14,round-robin,0.573250,0.490506
E7,0.2,1.0,4,1.0,0.0,0.2,0,14,oracle,0.694000,1.000000
E7,0.2,1.0,4,1.0,0.0,0.2,0,14,snr-greedy,0.589250,0.558017
E7,0.2,1.0,4,1.0,0.0,0.2,0,14,snr-greedy-loss,0.596250,0.587553
E7,0.2,1.0,4,1.0,0.0,0.2,0,14,snr-mean,0.616250,0.671941
E7,0.2,1.0,4,1.0,0.0,0.2,0,14,belief,0.595000,0.582278
E7,0.2,1.0,4,1.0,0.0,0.2,0,14,belief-pred,0.623500,0.702532
E7,0.2,1.0,4,1.0,0.0,0.2,0,14,ewma,0.582250,0.528481
E7,0.2,1.0,4,1.0,0.0,0.2,0,14,blend-paper,0.599750,0.602321
E7,0.2,1.0,4,1.0,0.0,0.2,0,14,saf-adaptive,0.622750,0.699367
E7,0.2,1.0,4,1.0,0.0,0.2,0,15,random,0.554000,0.485963
E7,0.2,1.0,4,1.0,0.0,0.2,0,15,round-robin,0.555750,0.492740
E7,0.2,1.0,4,1.0,0.0,0.2,0,15,oracle,0.686750,1.000000
E7,0.2,1.0,4,1.0,0.0,0.2,0,15,snr-greedy,0.567500,0.538238
E7,0.2,1.0,4,1.0,0.0,0.2,0,15,snr-greedy-loss,0.573750,0.562439
E7,0.2,1.0,4,1.0,0.0,0.2,0,15,snr-mean,0.610500,0.704743
E7,0.2,1.0,4,1.0,0.0,0.2,0,15,belief,0.579250,0.583737
E7,0.2,1.0,4,1.0,0.0,0.2,0,15,belief-pred,0.608500,0.696999
E7,0.2,1.0,4,1.0,0.0,0.2,0,15,ewma,0.577250,0.575992
E7,0.2,1.0,4,1.0,0.0,0.2,0,15,blend-paper,0.589000,0.621491
E7,0.2,1.0,4,1.0,0.0,0.2,0,15,saf-adaptive,0.608750,0.697967
E7,0.2,1.0,4,1.0,0.0,0.2,0,16,random,0.556500,0.482795
E7,0.2,1.0,4,1.0,0.0,0.2,0,16,round-robin,0.559250,0.494265
E7,0.2,1.0,4,1.0,0.0,0.2,0,16,oracle,0.680500,1.000000
E7,0.2,1.0,4,1.0,0.0,0.2,0,16,snr-greedy,0.568000,0.530761
E7,0.2,1.0,4,1.0,0.0,0.2,0,16,snr-greedy-loss,0.573000,0.551616
E7,0.2,1.0,4,1.0,0.0,0.2,0,16,snr-mean,0.590250,0.623566
E7,0.2,1.0,4,1.0,0.0,0.2,0,16,belief,0.575250,0.561001
E7,0.2,1.0,4,1.0,0.0,0.2,0,16,belief-pred,0.590000,0.622523
E7,0.2,1.0,4,1.0,0.0,0.2,0,16,ewma,0.569000,0.534932
E7,0.2,1.0,4,1.0,0.0,0.2,0,16,blend-paper,0.583500,0.595412
E7,0.2,1.0,4,1.0,0.0,0.2,0,16,saf-adaptive,0.590250,0.623566
E7,0.2,1.0,4,1.0,0.0,0.2,0,17,random,0.567000,0.509414
E7,0.2,1.0,4,1.0,0.0,0.2,0,17,round-robin,0.566000,0.505230
E7,0.2,1.0,4,1.0,0.0,0.2,0,17,oracle,0.684250,1.000000
E7,0.2,1.0,4,1.0,0.0,0.2,0,17,snr-greedy,0.573500,0.536611
E7,0.2,1.0,4,1.0,0.0,0.2,0,17,snr-greedy-loss,0.577500,0.553347
E7,0.2,1.0,4,1.0,0.0,0.2,0,17,snr-mean,0.606500,0.674686
E7,0.2,1.0,4,1.0,0.0,0.2,0,17,belief,0.577250,0.552301
E7,0.2,1.0,4,1.0,0.0,0.2,0,17,belief-pred,0.611750,0.696653
E7,0.2,1.0,4,1.0,0.0,0.2,0,17,ewma,0.574250,0.539749
E7,0.2,1.0,4,1.0,0.0,0.2,0,17,blend-paper,0.578000,0.555439
E7,0.2,1.0,4,1.0,0.0,0.2,0,17,saf-adaptive,0.611250,0.694561
E7,0.2,1.0,4,1.0,0.0,0.2,0,18,random,0.544750,0.466229
E7,0.2,1.0,4,1.0,0.0,0.2,0,18,round-robin,0.554250,0.501876
E7,0.2,1.0,4,1.0,0.0,0.2,0,18,oracle,0.687000,1.000000
E7,0.2,1.0,4,1.0,0.0,0.2,0,18,snr-greedy,0.567000,0.549719
E7,0.2,1.0,4,1.0,0.0,0.2,0,18,snr-greedy-loss,0.572000,0.568480
E7,0.2,1.0,4,1.0,0.0,0.2,0,18,snr-mean,0.605500,0.694184
E7,0.2,1.0,4,1.0,0.0,0.2,0,18,belief,0.577250,0.588180
E7,0.2,1.0,4,1.0,0.0,0.2,0,18,belief-pred,0.612000,0.718574
E7,0.2,1.0,4,1.0,0.0,0.2,0,18,ewma,0.589000,0.632270
E7,0.2,1.0,4,1.0,0.0,0.2,0,18,blend-paper,0.583750,0.612570
E7,0.2,1.0,4,1.0,0.0,0.2,0,18,saf-adaptive,0.611750,0.717636
E7,0.2,1.0,4,1.0,0.0,0.2,0,19,random,0.558750,0.496970
E7,0.2,1.0,4,1.0,0.0,0.2,0,19,round-robin,0.558000,0.493939
E7,0.2,1.0,4,1.0,0.0,0.2,0,19,oracle,0.683250,1.000000
E7,0.2,1.0,4,1.0,0.0,0.2,0,19,snr-greedy,0.567750,0.533333
E7,0.2,1.0,4,1.0,0.0,0.2,0,19,snr-greedy-loss,0.573500,0.556566
E7,0.2,1.0,4,1.0,0.0,0.2,0,19,snr-mean,0.602250,0.672727
E7,0.2,1.0,4,1.0,0.0,0.2,0,19,belief,0.567750,0.533333
E7,0.2,1.0,4,1.0,0.0,0.2,0,19,belief-pred,0.598750,0.658586
E7,0.2,1.0,4,1.0,0.0,0.2,0,19,ewma,0.570250,0.543434
E7,0.2,1.0,4,1.0,0.0,0.2,0,19,blend-paper,0.567750,0.533333
E7,0.2,1.0,4,1.0,0.0,0.2,0,19,saf-adaptive,0.598750,0.658586
E7,0.2,1.0,4,1.0,0.0,0.2,0,20,random,0.563000,0.501010
E7,0.2,1.0,4,1.0,0.0,0.2,0,20,round-robin,0.566500,0.515152
E7,0.2,1.0,4,1.0,0.0,0.2,0,20,oracle,0.686500,1.000000
E7,0.2,1.0,4,1.0,0.0,0.2,0,20,snr-greedy,0.573750,0.544444
E7,0.2,1.0,4,1.0,0.0,0.2,0,20,snr-greedy-loss,0.570000,0.529293
E7,0.2,1.0,4,1.0,0.0,0.2,0,20,snr-mean,0.597750,0.641414
E7,0.2,1.0,4,1.0,0.0,0.2,0,20,belief,0.569500,0.527273
E7,0.2,1.0,4,1.0,0.0,0.2,0,20,belief-pred,0.602500,0.660606
E7,0.2,1.0,4,1.0,0.0,0.2,0,20,ewma,0.574750,0.548485
E7,0.2,1.0,4,1.0,0.0,0.2,0,20,blend-paper,0.577250,0.558586
E7,0.2,1.0,4,1.0,0.0,0.2,0,20,saf-adaptive,0.602250,0.659596
E7,0.2,1.0,4,1.0,0.0,0.2,0,21,random,0.557750,0.506931
E7,0.2,1.0,4,1.0,0.0,0.2,0,21,round-robin,0.557250,0.504950
E7,0.2,1.0,4,1.0,0.0,0.2,0,21,oracle,0.682250,1.000000
E7,0.2,1.0,4,1.0,0.0,0.2,0,21,snr-greedy,0.567750,0.546535
E7,0.2,1.0,4,1.0,0.0,0.2,0,21,snr-greedy-loss,0.571250,0.560396
E7,0.2,1.0,4,1.0,0.0,0.2,0,21,snr-mean,0.583250,0.607921
E7,0.2,1.0,4,1.0,0.0,0.2,0,21,belief,0.570250,0.556436
E7,0.2,1.0,4,1.0,0.0,0.2,0,21,belief-pred,0.588500,0.628713
E7,0.2,1.0,4,1.0,0.0,0.2,0,21,ewma,0.583500,0.608911
E7,0.2,1.0,4,1.0,0.0,0.2,0,21,blend-paper,0.575750,0.578218
E7,0.2,1.0,4,1.0,0.0,0.2,0,21,saf-adaptive,0.588000,0.626733
E7,0.2,1.0,4,1.0,0.0,0.2,0,22,random,0.567750,0.486911
E7,0.2,1.0,4,1.0,0.0,0.2,0,22,round-robin,0.567500,0.485864
E7,0.2,1.0,4,1.0,0.0,0.2,0,22,oracle,0.690250,1.000000
E7,0.2,1.0,4,1.0,0.0,0.2,0,22,snr-greedy,0.576500,0.523560
E7,0.2,1.0,4,1.0,0.0,0.2,0,22,snr-greedy-loss,0.577250,0.526702
E7,0.2,1.0,4,1.0,0.0,0.2,0,22,snr-mean,0.600000,0.621990
E7,0.2,1.0,4,1.0,0.0,0.2,0,22,belief,0.580250,0.539267
E7,0.2,1.0,4,1.0,0.0,0.2,0,22,belief-pred,0.600000,0.621990
E7,0.2,1.0,4,1.0,0.0,0.2,0,22,ewma,0.573750,0.512042
E7,0.2,1.0,4,1.0,0.0,0.2,0,22,blend-paper,0.580500,0.540314
E7,0.2,1.0,4,1.0,0.0,0.2,0,22,saf-adaptive,0.600000,0.621990
E7,0.2,1.0,4,1.0,0.0,0.2,0,23,random,0.558000,0.492739
E7,0.2,1.0,4,1.0,0.0,0.2,0,23,round-robin,0.556000,0.484440
E7,0.2,1.0,4,1.0,0.0,0.2,0,23,oracle,0.680250,1.000000
E7,0.2,1.0,4,1.0,0.0,0.2,0,23,snr-greedy,0.566000,0.525934
E7,0.2,1.0,4,1.0,0.0,0.2,0,23,snr-greedy-loss,0.565000,0.521784
E7,0.2,1.0,4,1.0,0.0,0.2,0,23,snr-mean,0.599000,0.662863
E7,0.2,1.0,4,1.0,0.0,0.2,0,23,belief,0.572500,0.552905
E7,0.2,1.0,4,1.0,0.0,0.2,0,23,belief-pred,0.602500,0.677386
E7,0.2,1.0,4,1.0,0.0,0.2,0,23,ewma,0.577000,0.571577
E7,0.2,1.0,4,1.0,0.0,0.2,0,23,blend-paper,0.578000,0.575726
E7,0.2,1.0,4,1.0,0.0,0.2,0,23,saf-adaptive,0.602500,0.677386
E7,0.2,1.0,4,1.0,0.0,0.2,0,24,random,0.554500,0.492110
E7,0.2,1.0,4,1.0,0.0,0.2,0,24,round-robin,0.553750,0.489152
E7,0.2,1.0,4,1.0,0.0,0.2,0,24,oracle,0.683250,1.000000
E7,0.2,1.0,4,1.0,0.0,0.2,0,24,snr-greedy,0.556250,0.499014
E7,0.2,1.0,4,1.0,0.0,0.2,0,24,snr-greedy-loss,0.564250,0.530572
E7,0.2,1.0,4,1.0,0.0,0.2,0,24,snr-mean,0.599250,0.668639
E7,0.2,1.0,4,1.0,0.0,0.2,0,24,belief,0.570000,0.553254
E7,0.2,1.0,4,1.0,0.0,0.2,0,24,belief-pred,0.601750,0.678501
E7,0.2,1.0,4,1.0,0.0,0.2,0,24,ewma,0.568250,0.546351
E7,0.2,1.0,4,1.0,0.0,0.2,0,24,blend-paper,0.556750,0.500986
E7,0.2,1.0,4,1.0,0.0,0.2,0,24,saf-adaptive,0.602000,0.679487
E7,0.2,1.0,4,1.0,0.0,0.2,0,25,random,0.559500,0.489861
E7,0.2,1.0,4,1.0,0.0,0.2,0,25,round-robin,0.560500,0.494130
E7,0.2,1.0,4,1.0,0.0,0.2,0,25,oracle,0.679000,1.000000
E7,0.2,1.0,4,1.0,0.0,0.2,0,25,snr-greedy,0.566000,0.517609
E7,0.2,1.0,4,1.0,0.0,0.2,0,25,snr-greedy-loss,0.567500,0.524013
E7,0.2,1.0,4,1.0,0.0,0.2,0,25,snr-mean,0.593750,0.636073
E7,0.2,1.0,4,1.0,0.0,0.2,0,25,belief,0.571750,0.542156
E7,0.2,1.0,4,1.0,0.0,0.2,0,25,belief-pred,0.596250,0.646745
E7,0.2,1.0,4,1.0,0.0,0.2,0,25,ewma,0.568500,0.528282
E7,0.2,1.0,4,1.0,0.0,0.2,0,25,blend-paper,0.575250,0.557097
E7,0.2,1.0,4,1.0,0.0,0.2,0,25,saf-adaptive,0.596000,0.645678
E7,0.2,1.0,4,1.0,0.0,0.2,0,26,random,0.571000,0.514940
E7,0.2,1.0,4,1.0,0.0,0.2,0,26,round-robin,0.570750,0.513944
E7,0.2,1.0,4,1.0,0.0,0.2,0,26,oracle,0.692750,1.000000
E7,0.2,1.0,4,1.0,0.0,0.2,0,26,snr-greedy,0.572250,0.519920
E7,0.2,1.0,4,1.0,0.0,0.2,0,26,snr-greedy-loss,0.576000,0.534861
E7,0.2,1.0,4,1.0,0.0,0.2,0,26,snr-mean,0.606250,0.655378
E7,0.2,1.0,4,1.0,0.0,0.2,0,26,belief,0.585750,0.573705
E7,0.2,1.0,4,1.0,0.0,0.2,0,26,belief-pred,0.616250,0.695219
E7,0.2,1.0,4,1.0,0.0,0.2,0,26,ewma,0.579250,0.547809
E7,0.2,1.0,4,1.0,0.0,0.2,0,26,blend-paper,0.581000,0.554781
E7,0.2,1.0,4,1.0,0.0,0.2,0,26,saf-adaptive,0.615750,0.693227
E7,0.2,1.0,4,1.0,0.0,0.2,0,27,random,0.560000,0.494461
E7,0.2,1.0,4,1.0,0.0,0.2,0,27,round-robin,0.561500,0.500504
E7,0.2,1.0,4,1.0,0.0,0.2,0,27,oracle,0.685500,1.000000
E7,0.2,1.0,4,1.0,0.0,0.2,0,27,snr-greedy,0.570750,0.537764
E7,0.2,1.0,4,1.0,0.0,0.2,0,27,snr-greedy-loss,0.571500,0.540785
E7,0.2,1.0,4,1.0,0.0,0.2,0,27,snr-mean,0.602000,0.663646
E7,0.2,1.0,4,1.0,0.0,0.2,0,27,belief,0.580750,0.578046
E7,0.2,1.0,4,1.0,0.0,0.2,0,27,belief-pred,0.607000,0.683787
E7,0.2,1.0,4,1.0,0.0,0.2,0,27,ewma,0.583500,0.589124
E7,0.2,1.0,4,1.0,0.0,0.2,0,27,blend-paper,0.571000,0.538771
E7,0.2,1.0,4,1.0,0.0,0.2,0,27,saf-adaptive,0.606250,0.680765
E7,0.2,1.0,4,1.0,0.0,0.2,0,28,random,0.567500,0.510053
E7,0.2,1.0,4,1.0,0.0,0.2,0,28,round-robin,0.566750,0.506878
E7,0.2,1.0,4,1.0,0.0,0.2,0,28,oracle,0.683250,1.000000
E7,0.2,1.0,4,1.0,0.0,0.2,0,28,snr-greedy,0.580750,0.566138
E7,0.2,1.0,4,1.0,0.0,0.2,0,28,snr-greedy-loss,0.580250,0.564021
E7,0.2,1.0,4,1.0,0.0,0.2,0,28,snr-mean,0.602750,0.659259
E7,0.2,1.0,4,1.0,0.0,0.2,0,28,belief,0.587250,0.593651
E7,0.2,1.0,4,1.0,0.0,0.2,0,28,belief-pred,0.605500,0.670899
E7,0.2,1.0,4,1.0,0.0,0.2,0,28,ewma,0.569000,0.516402
E7,0.2,1.0,4,1.0,0.0,0.2,0,28,blend-paper,0.583250,0.576720
E7,0.2,1.0,4,1.0,0.0,0.2,0,28,saf-adaptive,0.604500,0.666667
E7,0.2,1.0,4,1.0,0.0,0.2,0,29,random,0.563750,0.477131
E7,0.2,1.0,4,1.0,0.0,0.2,0,29,round-robin,0.565250,0.483368
E7,0.2,1.0,4,1.0,0.0,0.2,0,29,oracle,0.689500,1.000000
E7,0.2,1.0,4,1.0,0.0,0.2,0,29,snr-greedy,0.576250,0.529106
E7,0.2,1.0,4,1.0,0.0,0.2,0,29,snr-greedy-loss,0.581500,0.550936
E7,0.2,1.0,4,1.0,0.0,0.2,0,29,snr-mean,0.600500,0.629938
E7,0.2,1.0,4,1.0,0.0,0.2,0,29,belief,0.581250,0.549896
E7,0.2,1.0,4,1.0,0.0,0.2,0,29,belief-pred,0.607750,0.660083
E7,0.2,1.0,4,1.0,0.0,0.2,0,29,ewma,0.569000,0.498960
E7,0.2,1.0,4,1.0,0.0,0.2,0,29,blend-paper,0.586250,0.570686
E7,0.2,1.0,4,1.0,0.0,0.2,0,29,saf-adaptive,0.605750,0.651767
E7,0.2,1.0,4,1.0,0.0,0.2,0,30,random,0.554000,0.502478
E7,0.2,1.0,4,1.0,0.0,0.2,0,30,round-robin,0.552250,0.495540
E7,0.2,1.0,4,1.0,0.0,0.2,0,30,oracle,0.679500,1.000000
E7,0.2,1.0,4,1.0,0.0,0.2,0,30,snr-greedy,0.557000,0.514371
E7,0.2,1.0,4,1.0,0.0,0.2,0,30,snr-greedy-loss,0.563000,0.538157
E7,0.2,1.0,4,1.0,0.0,0.2,0,30,snr-mean,0.589000,0.641229
E7,0.2,1.0,4,1.0,0.0,0.2,0,30,belief,0.572000,0.573835
E7,0.2,1.0,4,1.0,0.0,0.2,0,30,belief-pred,0.599750,0.683845
E7,0.2,1.0,4,1.0,0.0,0.2,0,30,ewma,0.577250,0.594648
E7,0.2,1.0,4,1.0,0.0,0.2,0,30,blend-paper,0.583000,0.617443
E7,0.2,1.0,4,1.0,0.0,0.2,0,30,saf-adaptive,0.600000,0.684836
E7,0.2,1.0,4,1.0,0.0,0.2,0,31,random,0.561250,0.498483
E7,0.2,1.0,4,1.0,0.0,0.2,0,31,round-robin,0.561250,0.498483
E7,0.2,1.0,4,1.0,0.0,0.2,0,31,oracle,0.685250,1.000000
E7,0.2,1.0,4,1.0,0.0,0.2,0,31,snr-greedy,0.573000,0.546006
E7,0.2,1.0,4,1.0,0.0,0.2,0,31,snr-greedy-loss,0.575750,0.557128
E7,0.2,1.0,4,1.0,0.0,0.2,0,31,snr-mean,0.597750,0.646107
E7,0.2,1.0,4,1.0,0.0,0.2,0,31,belief,0.581500,0.580384
E7,0.2,1.0,4,1.0,0.0,0.2,0,31,belief-pred,0.608000,0.687563
E7,0.2,1.0,4,1.0,0.0,0.2,0,31,ewma,0.585750,0.597573
E7,0.2,1.0,4,1.0,0.0,0.2,0,31,blend-paper,0.582000,0.582406
E7,0.2,1.0,4,1.0,0.0,0.2,0,31,saf-adaptive,0.608250,0.688574
E7,0.2,1.0,4,1.0,0.0,0.2,0,32,random,0.557500,0.480652
E7,0.2,1.0,4,1.0,0.0,0.2,0,32,round-robin,0.558250,0.483707
E7,0.2,1.0,4,1.0,0.0,0.2,0,32,oracle,0.685000,1.000000
E7,0.2,1.0,4,1.0,0.0,0.2,0,32,snr-greedy,0.572500,0.541752
E7,0.2,1.0,4,1.0,0.0,0.2,0,32,snr-greedy-loss,0.577250,0.561100
E7,0.2,1.0,4,1.0,0.0,0.2,0,32,snr-mean,0.609250,0.691446
E7,0.2,1.0,4,1.0,0.0,0.2,0,32,belief,0.583750,0.587576
E7,0.2,1.0,4,1.0,0.0,0.2,0,32,belief-pred,0.612250,0.703666
E7,0.2,1.0,4,1.0,0.0,0.2,0,32,ewma,0.590000,0.613035
E7,0.2,1.0,4,1.0,0.0,0.2,0,32,blend-paper,0.583000,0.584521
E7,0.2,1.0,4,1.0,0.0,0.2,0,32,saf-adaptive,0.612000,0.702648
E7,0.2,1.0,4,1.0,0.0,0.2,0,33,random,0.568250,0.516684
E7,0.2,1.0,4,1.0,0.0,0.2,0,33,round-robin,0.561750,0.490394
E7,0.2,1.0,4,1.0,0.0,0.2,0,33,oracle,0.687750,1.000000
E7,0.2,1.0,4,1.0,0.0,0.2,0,33,snr-greedy,0.574000,0.539939
E7,0.2,1.0,4,1.0,0.0,0.2,0,33,snr-greedy-loss,0.579000,0.560162
E7,0.2,1.0,4,1.0,0.0,0.2,0,33,snr-mean,0.601250,0.650152
E7,0.2,1.0,4,1.0,0.0,0.2,0,33,belief,0.587500,0.594540
E7,0.2,1.0,4,1.0,0.0,0.2,0,33,belief-pred,0.608500,0.679474
E7,0.2,1.0,4,1.0,0.0,0.2,0,33,ewma,0.597500,0.634985
E7,0.2,1.0,4,1.0,0.0,0.2,0,33,blend-paper,0.595000,0.624874
E7,0.2,1.0,4,1.0,0.0,0.2,0,33,saf-adaptive,0.608500,0.679474
E7,0.2,1.0,4,1.0,0.0,0.2,0,34,random,0.561250,0.509824
E7,0.2,1.0,4,1.0,0.0,0.2,0,34,round-robin,0.557500,0.494312
E7,0.2,1.0,4,1.0,0.0,0.2,0,34,oracle,0.679750,1.000000
E7,0.2,1.0,4,1.0,0.0,0.2,0,34,snr-greedy,0.563500,0.519131
E7,0.2,1.0,4,1.0,0.0,0.2,0,34,snr-greedy-loss,0.565750,0.528438
E7,0.2,1.0,4,1.0,0.0,0.2,0,34,snr-mean,0.582750,0.598759
E7,0.2,1.0,4,1.0,0.0,0.2,0,34,belief,0.566250,0.530507
E7,0.2,1.0,4,1.0,0.0,0.2,0,34,belief-pred,0.587750,0.619442
E7,0.2,1.0,4,1.0,0.0,0.2,0,34,ewma,0.544250,0.439504
E7,0.2,1.0,4,1.0,0.0,0.2,0,34,blend-paper,0.566500,0.531541
E7,0.2,1.0,4,1.0,0.0,0.2,0,34,saf-adaptive,0.588000,0.620476
E7,0.2,1.0,4,1.0,0.0,0.2,0,35,random,0.567250,0.491803
E7,0.2,1.0,4,1.0,0.0,0.2,0,35,round-robin,0.570000,0.503074
E7,0.2,1.0,4,1.0,0.0,0.2,0,35,oracle,0.691250,1.000000
E7,0.2,1.0,4,1.0,0.0,0.2,0,35,snr-greedy,0.574250,0.520492
E7,0.2,1.0,4,1.0,0.0,0.2,0,35,snr-greedy-loss,0.581750,0.551230
E7,0.2,1.0,4,1.0,0.0,0.2,0,35,snr-mean,0.605750,0.649590
E7,0.2,1.0,4,1.0,0.0,0.2,0,35,belief,0.583500,0.558402
E7,0.2,1.0,4,1.0,0.0,0.2,0,35,belief-pred,0.612500,0.677254
E7,0.2,1.0,4,1.0,0.0,0.2,0,35,ewma,0.588750,0.579918
E7,0.2,1.0,4,1.0,0.0,0.2,0,35,blend-paper,0.593250,0.598361
E7,0.2,1.0,4,1.0,0.0,0.2,0,35,saf-adaptive,0.609000,0.662910
E7,0.2,1.0,4,1.0,0.0,0.2,0,36,random,0.566250,0.498419
E7,0.2,1.0,4,1.0,0.0,0.2,0,36,round-robin,0.568500,0.507903
E7,0.2,1.0,4,1.0,0.0,0.2,0,36,oracle,0.685250,1.000000
E7,0.2,1.0,4,1.0,0.0,0.2,0,36,snr-greedy,0.574750,0.534247
E7,0.2,1.0,4,1.0,0.0,0.2,0,36,snr-greedy-loss,0.576000,0.539515
E7,0.2,1.0,4,1.0,0.0,0.2,0,36,snr-mean,0.596250,0.624868
E7,0.2,1.0,4,1.0,0.0,0.2,0,36,belief,0.577500,0.545838
E7,0.2,1.0,4,1.0,0.0,0.2,0,36,belief-pred,0.603000,0.653319
E7,0.2,1.0,4,1.0,0.0,0.2,0,36,ewma,0.588500,0.592202
E7,0.2,1.0,4,1.0,0.0,0.2,0,36,blend-paper,0.584000,0.573235
E7,0.2,1.0,4,1.0,0.0,0.2,0,36,saf-adaptive,0.602750,0.652266
E7,0.2,1.0,4,1.0,0.0,0.2,0,37,random,0.574750,0.529472
E7,0.2,1.0,4,1.0,0.0,0.2,0,37,round-robin,0.568250,0.503049
E7,0.2,1.0,4,1.0,0.0,0.2,0,37,oracle,0.690500,1.000000
E7,0.2,1.0,4,1.0,0.0,0.2,0,37,snr-greedy,0.574000,0.526423
E7,0.2,1.0,4,1.0,0.0,0.2,0,37,snr-greedy-loss,0.583000,0.563008
E7,0.2,1.0,4,1.0,0.0,0.2,0,37,snr-mean,0.618000,0.705285
E7,0.2,1.0,4,1.0,0.0,0.2,0,37,belief,0.583250,0.564024
E7,0.2,1.0,4,1.0,0.0,0.2,0,37,belief-pred,0.620000,0.713415
E7,0.2,1.0,4,1.0,0.0,0.2,0,37,ewma,0.602000,0.640244
E7,0.2,1.0,4,1.0,0.0,0.2,0,37,blend-paper,0.593750,0.606707
E7,0.2,1.0,4,1.0,0.0,0.2,0,37,saf-adaptive,0.620000,0.713415
E7,0.2,1.0,4,1.0,0.0,0.2,0,38,random,0.571750,0.497972
E7,0.2,1.0,4,1.0,0.0,0.2,0,38,round-robin,0.576500,0.517241
E7,0.2,1.0,4,1.0,0.0,0.2,0,38,oracle,0.695500,1.000000
E7,0.2,1.0,4,1.0,0.0,0.2,0,38,snr-greedy,0.573000,0.503043
E7,0.2,1.0,4,1.0,0.0,0.2,0,38,snr-greedy-loss,0.573000,0.503043
E7,0.2,1.0,4,1.0,0.0,0.2,0,38,snr-mean,0.605250,0.633874
E7,0.2,1.0,4,1.0,0.0,0.2,0,38,belief,0.578500,0.525355
E7,0.2,1.0,4,1.0,0.0,0.2,0,38,belief-pred,0.613500,0.667343
E7,0.2,1.0,4,1.0,0.0,0.2,0,38,ewma,0.581500,0.537525
E7,0.2,1.0,4,1.0,0.0,0.2,0,38,blend-paper,0.572000,0.498986
E7,0.2,1.0,4,1.0,0.0,0.2,0,38,saf-adaptive,0.613500,0.667343
E7,0.2,1.0,4,1.0,0.0,0.2,0,39,random,0.563000,0.495992
E7,0.2,1.0,4,1.0,0.0,0.2,0,39,round-robin,0.564500,0.502004
E7,0.2,1.0,4,1.0,0.0,0.2,0,39,oracle,0.688750,1.000000
E7,0.2,1.0,4,1.0,0.0,0.2,0,39,snr-greedy,0.570500,0.526052
E7,0.2,1.0,4,1.0,0.0,0.2,0,39,snr-greedy-loss,0.575000,0.544088
E7,0.2,1.0,4,1.0,0.0,0.2,0,39,snr-mean,0.608750,0.679359
E7,0.2,1.0,4,1.0,0.0,0.2,0,39,belief,0.571000,0.528056
E7,0.2,1.0,4,1.0,0.0,0.2,0,39,belief-pred,0.613500,0.698397
E7,0.2,1.0,4,1.0,0.0,0.2,0,39,ewma,0.596750,0.631263
E7,0.2,1.0,4,1.0,0.0,0.2,0,39,blend-paper,0.583000,0.576152
E7,0.2,1.0,4,1.0,0.0,0.2,0,39,saf-adaptive,0.612750,0.695391
E7,0.2,1.0,4,1.0,0.0,0.2,0,40,random,0.562250,0.533804
E7,0.2,1.0,4,1.0,0.0,0.2,0,40,round-robin,0.554500,0.502523
E7,0.2,1.0,4,1.0,0.0,0.2,0,40,oracle,0.677750,1.000000
E7,0.2,1.0,4,1.0,0.0,0.2,0,40,snr-greedy,0.555750,0.507568
E7,0.2,1.0,4,1.0,0.0,0.2,0,40,snr-greedy-loss,0.558500,0.518668
E7,0.2,1.0,4,1.0,0.0,0.2,0,40,snr-mean,0.584250,0.622603
E7,0.2,1.0,4,1.0,0.0,0.2,0,40,belief,0.557250,0.513623
E7,0.2,1.0,4,1.0,0.0,0.2,0,40,belief-pred,0.588500,0.639758
E7,0.2,1.0,4,1.0,0.0,0.2,0,40,ewma,0.552000,0.492432
E7,0.2,1.0,4,1.0,0.0,0.2,0,40,blend-paper,0.563000,0.536831
E7,0.2,1.0,4,1.0,0.0,0.2,0,40,saf-adaptive,0.588750,0.640767
E7,0.2,1.0,4,1.0,0.0,0.2,0,41,random,0.553500,0.473738
E7,0.2,1.0,4,1.0,0.0,0.2,0,41,round-robin,0.559000,0.496395
E7,0.2,1.0,4,1.0,0.0,0.2,0,41,oracle,0.681250,1.000000
E7,0.2,1.0,4,1.0,0.0,0.2,0,41,snr-greedy,0.565500,0.523172
E7,0.2,1.0,4,1.0,0.0,0.2,0,41,snr-greedy-loss,0.567750,0.532441
E7,0.2,1.0,4,1.0,0.0,0.2,0,41,snr-mean,0.577750,0.573635
E7,0.2,1.0,4,1.0,0.0,0.2,0,41,belief,0.573000,0.554068
E7,0.2,1.0,4,1.0,0.0,0.2,0,41,belief-pred,0.586500,0.609681
E7,0.2,1.0,4,1.0,0.0,0.2,0,41,ewma,0.570000,0.541710
E7,0.2,1.0,4,1.0,0.0,0.2,0,41,blend-paper,0.574750,0.561277
E7,0.2,1.0,4,1.0,0.0,0.2,0,41,saf-adaptive,0.586750,0.610711
E7,0.2,1.0,4,1.0,0.0,0.2,0,42,random,0.552500,0.510978
E7,0.2,1.0,4,1.0,0.0,0.2,0,42,round-robin,0.546750,0.488024
E7,0.2,1.0,4,1.0,0.0,0.2,0,42,oracle,0.675000,1.000000
E7,0.2,1.0,4,1.0,0.0,0.2,0,42,snr-greedy,0.557500,0.530938
E7,0.2,1.0,4,1.0,0.0,0.2,0,42,snr-greedy-loss,0.563000,0.552894
E7,0.2,1.0,4,1.0,0.0,0.2,0,42,snr-mean,0.582750,0.631737
E7,0.2,1.0,4,1.0,0.0,0.2,0,42,belief,0.565750,0.563872
E7,0.2,1.0,4,1.0,0.0,0.2,0,42,belief-pred,0.584750,0.639721
E7,0.2,1.0,4,1.0,0.0,0.2,0,42,ewma,0.584250,0.637725
E7,0.2,1.0,4,1.0,0.0,0.2,0,42,blend-paper,0.586750,0.647705
E7,0.2,1.0,4,1.0,0.0,0.2,0,42,saf-adaptive,0.585500,0.642715
E7,0.2,1.0,4,1.0,0.0,0.2,0,43,random,0.562750,0.506694
E7,0.2,1.0,4,1.0,0.0,0.2,0,43,round-robin,0.561000,0.499485
E7,0.2,1.0,4,1.0,0.0,0.2,0,43,oracle,0.682500,1.000000
E7,0.2,1.0,4,1.0,0.0,0.2,0,43,snr-greedy,0.566000,0.520082
E7,0.2,1.0,4,1.0,0.0,0.2,0,43,snr-greedy-loss,0.567250,0.525232
E7,0.2,1.0,4,1.0,0.0,0.2,0,43,snr-mean,0.593500,0.633368
E7,0.2,1.0,4,1.0,0.0,0.2,0,43,belief,0.573750,0.552008
E7,0.2,1.0,4,1.0,0.0,0.2,0,43,belief-pred,0.596250,0.644696
E7,0.2,1.0,4,1.0,0.0,0.2,0,43,ewma,0.570000,0.536560
E7,0.2,1.0,4,1.0,0.0,0.2,0,43,blend-paper,0.572000,0.544799
E7,0.2,1.0,4,1.0,0.0,0.2,0,43,saf-adaptive,0.597250,0.648816
E7,0.2,1.0,4,1.0,0.0,0.2,0,44,random,0.566750,0.501577
E7,0.2,1.0,4,1.0,0.0,0.2,0,44,round-robin,0.569500,0.513144
E7,0.2,1.0,4,1.0,0.0,0.2,0,44,oracle,0.685250,1.000000
E7,0.2,1.0,4,1.0,0.0,0.2,0,44,snr-greedy,0.579500,0.555205
E7,0.2,1.0,4,1.0,0.0,0.2,0,44,snr-greedy-loss,0.582500,0.567823
E7,0.2,1.0,4,1.0,0.0,0.2,0,44,snr-mean,0.604750,0.661409
E7,0.2,1.0,4,1.0,0.0,0.2,0,44,belief,0.585500,0.580442
E7,0.2,1.0,4,1.0,0.0,0.2,0,44,belief-pred,0.611750,0.690852
E7,0.2,1.0,4,1.0,0.0,0.2,0,44,ewma,0.584250,0.575184
E7,0.2,1.0,4,1.0,0.0,0.2,0,44,blend-paper,0.594500,0.618297
E7,0.2,1.0,4,1.0,0.0,0.2,0,44,saf-adaptive,0.612000,0.691903
E7,0.2,1.0,4,1.0,0.0,0.2,0,45,random,0.558250,0.508565
E7,0.2,1.0,4,1.0,0.0,0.2,0,45,round-robin,0.557000,0.503212
E7,0.2,1.0,4,1.0,0.0,0.2,0,45,oracle,0.673000,1.000000
E7,0.2,1.0,4,1.0,0.0,0.2,0,45,snr-greedy,0.558500,0.509636
E7,0.2,1.0,4,1.0,0.0,0.2,0,45,snr-greedy-loss,0.558250,0.508565
E7,0.2,1.0,4,1.0,0.0,0.2,0,45,snr-mean,0.594500,0.663812
E7,0.2,1.0,4,1.0,0.0,0.2,0,45,belief,0.567000,0.546039
E7,0.2,1.0,4,1.0,0.0,0.2,0,45,belief-pred,0.592250,0.654176
E7,0.2,1.0,4,1.0,0.0,0.2,0,45,ewma,0.562250,0.525696
E7,0.2,1.0,4,1.0,0.0,0.2,0,45,blend-paper,0.562500,0.526767
E7,0.2,1.0,4,1.0,0.0,0.2,0,45,saf-adaptive,0.591750,0.652034
E7,0.2,1.0,4,1.0,0.0,0.2,0,46,random,0.560000,0.504124
E7,0.2,1.0,4,1.0,0.0,0.2,0,46,round-robin,0.557500,0.493814
E7,0.2,1.0,4,1.0,0.0,0.2,0,46,oracle,0.680250,1.000000
E7,0.2,1.0,4,1.0,0.0,0.2,0,46,snr-greedy,0.569750,0.544330
E7,0.2,1.0,4,1.0,0.0,0.2,0,46,snr-greedy-loss,0.569750,0.544330
E7,0.2,1.0,4,1.0,0.0,0.2,0,46,snr-mean,0.591000,0.631959
E7,0.2,1.0,4,1.0,0.0,0.2,0,46,belief,0.577750,0.577320
E7,0.2,1.0,4,1.0,0.0,0.2,0,46,belief-pred,0.597000,0.656701
E7,0.2,1.0,4,1.0,0.0,0.2,0,46,ewma,0.573250,0.558763
E7,0.2,1.0,4,1.0,0.0,0.2,0,46,blend-paper,0.584500,0.605155
E7,0.2,1.0,4,1.0,0.0,0.2,0,46,saf-adaptive,0.596000,0.652577
E7,0.2,1.0,4,1.0,0.0,0.2,0,47,random,0.565500,0.503992
E7,0.2,1.0,4,1.0,0.0,0.2,0,47,round-robin,0.566500,0.507984
E7,0.2,1.0,4,1.0,0.0,0.2,0,47,oracle,0.689750,1.000000
E7,0.2,1.0,4,1.0,0.0,0.2,0,47,snr-greedy,0.576000,0.545908
E7,0.2,1.0,4,1.0,0.0,0.2,0,47,snr-greedy-loss,0.580000,0.561876
E7,0.2,1.0,4,1.0,0.0,0.2,0,47,snr-mean,0.609250,0.678643
E7,0.2,1.0,4,1.0,0.0,0.2,0,47,belief,0.582500,0.571856
E7,0.2,1.0,4,1.0,0.0,0.2,0,47,belief-pred,0.610000,0.681637
E7,0.2,1.0,4,1.0,0.0,0.2,0,47,ewma,0.574750,0.540918
E7,0.2,1.0,4,1.0,0.0,0.2,0,47,blend-paper,0.577750,0.552894
E7,0.2,1.0,4,1.0,0.0,0.2,0,47,saf-adaptive,0.609750,0.680639
E7,0.2,1.0,4,1.0,0.0,0.2,0,48,random,0.560750,0.504683
E7,0.2,1.0,4,1.0,0.0,0.2,0,48,round-robin,0.555500,0.482830
E7,0.2,1.0,4,1.0,0.0,0.2,0,48,oracle,0.679750,1.000000
E7,0.2,1.0,4,1.0,0.0,0.2,0,48,snr-greedy,0.577250,0.573361
E7,0.2,1.0,4,1.0,0.0,0.2,0,48,snr-greedy-loss,0.578750,0.579605
E7,0.2,1.0,4,1.0,0.0,0.2,0,48,snr-mean,0.602750,0.679501
E7,0.2,1.0,4,1.0,0.0,0.2,0,48,belief,0.578250,0.577523
E7,0.2,1.0,4,1.0,0.0,0.2,0,48,belief-pred,0.601500,0.674298
E7,0.2,1.0,4,1.0,0.0,0.2,0,48,ewma,0.570250,0.544225
E7,0.2,1.0,4,1.0,0.0,0.2,0,48,blend-paper,0.577500,0.574402
E7,0.2,1.0,4,1.0,0.0,0.2,0,48,saf-adaptive,0.601000,0.672216
E7,0.2,1.0,4,1.0,0.0,0.2,0,49,random,0.561500,0.513402
E7,0.2,1.0,4,1.0,0.0,0.2,0,49,round-robin,0.561750,0.514433
E7,0.2,1.0,4,1.0,0.0,0.2,0,49,oracle,0.679500,1.000000
E7,0.2,1.0,4,1.0,0.0,0.2,0,49,snr-greedy,0.562750,0.518557
E7,0.2,1.0,4,1.0,0.0,0.2,0,49,snr-greedy-loss,0.577250,0.578351
E7,0.2,1.0,4,1.0,0.0,0.2,0,49,snr-mean,0.585500,0.612371
E7,0.2,1.0,4,1.0,0.0,0.2,0,49,belief,0.574500,0.567010
E7,0.2,1.0,4,1.0,0.0,0.2,0,49,belief-pred,0.585250,0.611340
E7,0.2,1.0,4,1.0,0.0,0.2,0,49,ewma,0.554750,0.485567
E7,0.2,1.0,4,1.0,0.0,0.2,0,49,blend-paper,0.572750,0.559794
E7,0.2,1.0,4,1.0,0.0,0.2,0,49,saf-adaptive,0.583500,0.604124
E7,0.2,1.0,8,1.0,0.0,0.2,0,0,random,0.560000,0.493952
E7,0.2,1.0,8,1.0,0.0,0.2,0,0,round-robin,0.559500,0.491935
E7,0.2,1.0,8,1.0,0.0,0.2,0,0,oracle,0.685500,1.000000
E7,0.2,1.0,8,1.0,0.0,0.2,0,0,snr-greedy,0.573250,0.547379
E7,0.2,1.0,8,1.0,0.0,0.2,0,0,snr-greedy-loss,0.572250,0.543347
E7,0.2,1.0,8,1.0,0.0,0.2,0,0,snr-mean,0.610500,0.697581
E7,0.2,1.0,8,1.0,0.0,0.2,0,0,belief,0.578500,0.568548
E7,0.2,1.0,8,1.0,0.0,0.2,0,0,belief-pred,0.615750,0.718750
E7,0.2,1.0,8,1.0,0.0,0.2,0,0,ewma,0.591750,0.621976
E7,0.2,1.0,8,1.0,0.0,0.2,0,0,blend-paper,0.588000,0.606855
E7,0.2,1.0,8,1.0,0.0,0.2,0,0,saf-adaptive,0.615250,0.716734
E7,0.2,1.0,8,1.0,0.0,0.2,0,1,random,0.565000,0.491919
E7,0.2,1.0,8,1.0,0.0,0.2,0,1,round-robin,0.567250,0.501010
E7,0.2,1.0,8,1.0,0.0,0.2,0,1,oracle,0.690750,1.000000
E7,0.2,1.0,8,1.0,0.0,0.2,0,1,snr-greedy,0.572250,0.521212
E7,0.2,1.0,8,1.0,0.0,0.2,0,1,snr-greedy-loss,0.573500,0.526263
E7,0.2,1.0,8,1.0,0.0,0.2,0,1,snr-mean,0.601750,0.640404
E7,0.2,1.0,8,1.0,0.0,0.2,0,1,belief,0.576250,0.537374
E7,0.2,1.0,8,1.0,0.0,0.2,0,1,belief-pred,0.602000,0.641414
E7,0.2,1.0,8,1.0,0.0,0.2,0,1,ewma,0.590250,0.593939
E7,0.2,1.0,8,1.0,0.0,0.2,0,1,blend-paper,0.587000,0.580808
E7,0.2,1.0,8,1.0,0.0,0.2,0,1,saf-adaptive,0.602500,0.643434
E7,0.2,1.0,8,1.0,0.0,0.2,0,2,random,0.565750,0.522059
E7,0.2,1.0,8,1.0,0.0,0.2,0,2,round-robin,0.562000,0.506303
E7,0.2,1.0,8,1.0,0.0,0.2,0,2,oracle,0.679500,1.000000
E7,0.2,1.0,8,1.0,0.0,0.2,0,2,snr-greedy,0.572500,0.550420
E7,0.2,1.0,8,1.0,0.0,0.2,0,2,snr-greedy-loss,0.579750,0.580882
E7,0.2,1.0,8,1.0,0.0,0.2,0,2,snr-mean,0.614500,0.726891
E7,0.2,1.0,8,1.0,0.0,0.2,0,2,belief,0.585750,0.606092
E7,0.2,1.0,8,1.0,0.0,0.2,0,2,belief-pred,0.614000,0.724790
E7,0.2,1.0,8,1.0,0.0,0.2,0,2,ewma,0.593500,0.638655
E7,0.2,1.0,8,1.0,0.0,0.2,0,2,blend-paper,0.591500,0.630252
E7,0.2,1.0,8,1.0,0.0,0.2,0,2,saf-adaptive,0.616250,0.734244
E7,0.2,1.0,8,1.0,0.0,0.2,0,3,random,0.544750,0.452703
E7,0.2,1.0,8,1.0,0.0,0.2,0,3,round-robin,0.560000,0.511583
E7,0.2,1.0,8,1.0,0.0,0.2,0,3,oracle,0.686500,1.000000
E7,0.2,1.0,8,1.0,0.0,0.2,0,3,snr-greedy,0.565500,0.532819
E7,0.2,1.0,8,1.0,0.0,0.2,0,3,snr-greedy-loss,0.569250,0.547297
E7,0.2,1.0,8,1.0,0.0,0.2,0,3,snr-mean,0.596000,0.650579
E7,0.2,1.0,8,1.0,0.0,0.2,0,3,belief,0.568750,0.545367
E7,0.2,1.0,8,1.0,0.0,0.2,0,3,belief-pred,0.593000,0.638996
E7,0.2,1.0,8,1.0,0.0,0.2,0,3,ewma,0.578000,0.581081
E7,0.2,1.0,8,1.0,0.0,0.2,0,3,blend-paper,0.569500,0.548263
E7,0.2,1.0,8,1.0,0.0,0.2,0,3,saf-adaptive,0.590000,0.627413
E7,0.2,1.0,8,1.0,0.0,0.2,0,4,random,0.561000,0.510331
E7,0.2,1.0,8,1.0,0.0,0.2,0,4,round-robin,0.554750,0.484504
E7,0.2,1.0,8,1.0,0.0,0.2,0,4,oracle,0.679500,1.000000
E7,0.2,1.0,8,1.0,0.0,0.2,0,4,snr-greedy,0.553750,0.480372
E7,0.2,1.0,8,1.0,0.0,0.2,0,4,snr-greedy-loss,0.561250,0.511364
E7,0.2,1.0,8,1.0,0.0,0.2,0,4,snr-mean,0.591500,0.636364
E7,0.2,1.0,8,1.0,0.0,0.2,0,4,belief,0.566250,0.532025
E7,0.2,1.0,8,1.0,0.0,0.2,0,4,belief-pred,0.598750,0.666322
E7,0.2,1.0,8,1.0,0.0,0.2,0,4,ewma,0.575750,0.571281
E7,0.2,1.0,8,1.0,0.0,0.2,0,4,blend-paper,0.564000,0.522727
E7,0.2,1.0,8,1.0,0.0,0.2,0,4,saf-adaptive,0.598250,0.664256
E7,0.2,1.0,8,1.0,0.0,0.2,0,5,random,0.563000,0.507128
E7,0.2,1.0,8,1.0,0.0,0.2,0,5,round-robin,0.560250,0.495927
E7,0.2,1.0,8,1.0,0.0,0.2,0,5,oracle,0.684000,1.000000
E7,0.2,1.0,8,1.0,0.0,0.2,0,5,snr-greedy,0.569500,0.533605
E7,0.2,1.0,8,1.0,0.0,0.2,0,5,snr-greedy-loss,0.574500,0.553971
E7,0.2,1.0,8,1.0,0.0,0.2,0,5,snr-mean,0.607250,0.687373
E7,0.2,1.0,8,1.0,0.0,0.2,0,5,belief,0.576000,0.560081
E7,0.2,1.0,8,1.0,0.0,0.2,0,5,belief-pred,0.600500,0.659878
E7,0.2,1.0,8,1.0,0.0,0.2,0,5,ewma,0.583750,0.591650
E7,0.2,1.0,8,1.0,0.0,0.2,0,5,blend-paper,0.584500,0.594705
E7,0.2,1.0,8,1.0,0.0,0.2,0,5,saf-adaptive,0.600250,0.658859
E7,0.2,1.0,8,1.0,0.0,0.2,0,6,random,0.563250,0.525994
E7,0.2,1.0,8,1.0,0.0,0.2,0,6,round-robin,0.560750,0.515800
E7,0.2,1.0,8,1.0,0.0,0.2,0,6,oracle,0.679500,1.000000
E7,0.2,1.0,8,1.0,0.0,0.2,0,6,snr-greedy,0.567000,0.541284
E7,0.2,1.0,8,1.0,0.0,0.2,0,6,snr-greedy-loss,0.568500,0.547401
E7,0.2,1.0,8,1.0,0.0,0.2,0,6,snr-mean,0.591000,0.639144
E7,0.2,1.0,8,1.0,0.0,0.2,0,6,belief,0.572500,0.563710
E7,0.2,1.0,8,1.0,0.0,0.2,0,6,belief-pred,0.593250,0.648318
E7,0.2,1.0,8,1.0,0.0,0.2,0,6,ewma,0.579000,0.590214
E7,0.2,1.0,8,1.0,0.0,0.2,0,6,blend-paper,0.580500,0.596330
E7,0.2,1.0,8,1.0,0.0,0.2,0,6,saf-adaptive,0.593750,0.650357
E7,0.2,1.0,8,1.0,0.0,0.2,0,7,random,0.568250,0.490066
E7,0.2,1.0,8,1.0,0.0,0.2,0,7,round-robin,0.572250,0.507726
E7,0.2,1.0,8,1.0,0.0,0.2,0,7,oracle,0.683750,1.000000
E7,0.2,1.0,8,1.0,0.0,0.2,0,7,snr-greedy,0.570500,0.500000
E7,0.2,1.0,8,1.0,0.0,0.2,0,7,snr-greedy-loss,0.572750,0.509934
E7,0.2,1.0,8,1.0,0.0,0.2,0,7,snr-mean,0.606750,0.660044
E7,0.2,1.0,8,1.0,0.0,0.2,0,7,belief,0.580000,0.541943
E7,0.2,1.0,8,1.0,0.0,0.2,0,7,belief-pred,0.605250,0.653422
E7,0.2,1.0,8,1.0,0.0,0.2,0,7,ewma,0.575000,0.519868
E7,0.2,1.0,8,1.0,0.0,0.2,0,7,blend-paper,0.578000,0.533113
E7,0.2,1.0,8,1.0,0.0,0.2,0,7,saf-adaptive,0.605500,0.654525
E7,0.2,1.0,8,1.0,0.0,0.2,0,8,random,0.566750,0.480263
E7,0.2,1.0,8,1.0,0.0,0.2,0,8,round-robin,0.573500,0.509868
E7,0.2,1.0,8,1.0,0.0,0.2,0,8,oracle,0.685250,1.000000
E7,0.2,1.0,8,1.0,0.0,0.2,0,8,snr-greedy,0.578750,0.532895
E7,0.2,1.0,8,1.0,0.0,0.2,0,8,snr-greedy-loss,0.575750,0.519737
E7,0.2,1.0,8,1.0,0.0,0.2,0,8,snr-mean,0.596250,0.609649
E7,0.2,1.0,8,1.0,0.0,0.2,0,8,belief,0.580750,0.541667
E7,0.2,1.0,8,1.0,0.0,0.2,0,8,belief-pred,0.604750,0.646930
E7,0.2,1.0,8,1.0,0.0,0.2,0,8,ewma,0.591250,0.587719
E7,0.2,1.0,8,1.0,0.0,0.2,0,8,blend-paper,0.586250,0.565789
E7,0.2,1.0,8,1.0,0.0,0.2,0,8,saf-adaptive,0.605000,0.648026
E7,0.2,1.0,8,1.0,0.0,0.2,0,9,random,0.567250,0.526474
E7,0.2,1.0,8,1.0,0.0,0.2,0,9,round-robin,0.561250,0.502498
E7,0.2,1.0,8,1.0,0.0,0.2,0,9,oracle,0.685750,1.000000
E7,0.2,1.0,8,1.0,0.0,0.2,0,9,snr-greedy,0.563750,0.512488
E7,0.2,1.0,8,1.0,0.0,0.2,0,9,snr-greedy-loss,0.568750,0.532468
E7,0.2,1.0,8,1.0,0.0,0.2,0,9,snr-mean,0.600500,0.659341
E7,0.2,1.0,8,1.0,0.0,0.2,0,9,belief,0.568000,0.529471
E7,0.2,1.0,8,1.0,0.0,0.2,0,9,belief-pred,0.601500,0.663337
E7,0.2,1.0,8,1.0,0.0,0.2,0,9,ewma,0.590750,0.620380
E7,0.2,1.0,8,1.0,0.0,0.2,0,9,blend-paper,0.572750,0.548452
E7,0.2,1.0,8,1.0,0.0,0.2,0,9,saf-adaptive,0.602000,0.665335
E7,0.2,1.0,8,1.0,0.0,0.2,0,10,random,0.556000,0.489858
E7,0.2,1.0,8,1.0,0.0,0.2,0,10,round-robin,0.557500,0.495943
E7,0.2,1.0,8,1.0,0.0,0.2,0,10,oracle,0.681750,1.000000
E7,0.2,1.0,8,1.0,0.0,0.2,0,10,snr-greedy,0.557250,0.494929
E7,0.2,1.0,8,1.0,0.0,0.2,0,10,snr-greedy-loss,0.559500,0.504057
E7,0.2,1.0,8,1.0,0.0,0.2,0,10,snr-mean,0.603000,0.680527
E7,0.2,1.0,8,1.0,0.0,0.2,0,10,belief,0.566750,0.533469
E7,0.2,1.0,8,1.0,0.0,0.2,0,10,belief-pred,0.603250,0.681542
E7,0.2,1.0,8,1.0,0.0,0.2,0,10,ewma,0.574250,0.563895
E7,0.2,1.0,8,1.0,0.0,0.2,0,10,blend-paper,0.576500,0.573022
E7,0.2,1.0,8,1.0,0.0,0.2,0,10,saf-adaptive,0.604250,0.685598
E7,0.2,1.0,8,1.0,0.0,0.2,0,11,random,0.565000,0.507821
E7,0.2,1.0,8,1.0,0.0,0.2,0,11,round-robin,0.564500,0.505735
E7,0.2,1.0,8,1.0,0.0,0.2,0,11,oracle,0.683000,1.000000
E7,0.2,1.0,8,1.0,0.0,0.2,0,11,snr-greedy,0.563500,0.501564
E7,0.2,1.0,8,1.0,0.0,0.2,0,11,snr-greedy-loss,0.571500,0.534932
E7,0.2,1.0,8,1.0,0.0,0.2,0,11,snr-mean,0.596000,0.637122
E7,0.2,1.0,8,1.0,0.0,0.2,0,11,belief,0.572250,0.538060
E7,0.2,1.0,8,1.0,0.0,0.2,0,11,belief-pred,0.602750,0.665276
E7,0.2,1.0,8,1.0,0.0,0.2,0,11,ewma,0.550000,0.445255
E7,0.2,1.0,8,1.0,0.0,0.2,0,11,blend-paper,0.582000,0.578728
E7,0.2,1.0,8,1.0,0.0,0.2,0,11,saf-adaptive,0.603250,0.667362
E7,0.2,1.0,8,1.0,0.0,0.2,0,12,random,0.566500,0.502533
E7,0.2,1.0,8,1.0,0.0,0.2,0,12,round-robin,0.561250,0.481256
E7,0.2,1.0,8,1.0,0.0,0.2,0,12,oracle,0.689250,1.000000
E7,0.2,1.0,8,1.0,0.0,0.2,0,12,snr-greedy,0.571250,0.521783
E7,0.2,1.0,8,1.0,0.0,0.2,0,12,snr-greedy-loss,0.575500,0.539007
E7,0.2,1.0,8,1.0,0.0,0.2,0,12,snr-mean,0.609000,0.674772
E7,0.2,1.0,8,1.0,0.0,0.2,0,12,belief,0.584250,0.574468
E7,0.2,1.0,8,1.0,0.0,0.2,0,12,belief-pred,0.612250,0.687943
E7,0.2,1.0,8,1.0,0.0,0.2,0,12,ewma,0.590750,0.600811
E7,0.2,1.0,8,1.0,0.0,0.2,0,12,blend-paper,0.588250,0.590679
E7,0.2,1.0,8,1.0,0.0,0.2,0,12,saf-adaptive,0.608250,0.671733
E7,0.2,1.0,8,1.0,0.0,0.2,0,13,random,0.554250,0.483087
E7,0.2,1.0,8,1.0,0.0,0.2,0,13,round-robin,0.562250,0.516913
E7,0.2,1.0,8,1.0,0.0,0.2,0,13,oracle,0.676500,1.000000
E7,0.2,1.0,8,1.0,0.0,0.2,0,13,snr-greedy,0.565250,0.529598
E7,0.2,1.0,8,1.0,0.0,0.2,0,13,snr-greedy-loss,0.565500,0.530655
E7,0.2,1.0,8,1.0,0.0,0.2,0,13,snr-mean,0.597750,0.667019
E7,0.2,1.0,8,1.0,0.0,0.2,0,13,belief,0.569500,0.547569
E7,0.2,1.0,8,1.0,0.0,0.2,0,13,belief-pred,0.596250,0.660677
E7,0.2,1.0,8,1.0,0.0,0.2,0,13,ewma,0.568500,0.543340
E7,0.2,1.0,8,1.0,0.0,0.2,0,13,blend-paper,0.565750,0.531712
E7,0.2,1.0,8,1.0,0.0,0.2,0,13,saf-adaptive,0.596500,0.661734
E7,0.2,1.0,8,1.0,0.0,0.2,0,14,random,0.575500,0.500000
E7,0.2,1.0,8,1.0,0.0,0.2,0,14,round-robin,0.573250,0.490506
E7,0.2,1.0,8,1.0,0.0,0.2,0,14,oracle,0.694000,1.000000
E7,0.2,1.0,8,1.0,0.0,0.2,0,14,snr-greedy,0.584000,0.535865
E7,0.2,1.0,8,1.0,0.0,0.2,0,14,snr-greedy-loss,0.583000,0.531646
E7,0.2,1.0,8,1.0,0.0,0.2,0,14,snr-mean,0.614750,0.665612
E7,0.2,1.0,8,1.0,0.0,0.2,0,14,belief,0.584000,0.535865
E7,0.2,1.0,8,1.0,0.0,0.2,0,14,belief-pred,0.621500,0.694093
E7,0.2,1.0,8,1.0,0.0,0.2,0,14,ewma,0.593500,0.575949
E7,0.2,1.0,8,1.0,0.0,0.2,0,14,blend-paper,0.598000,0.594937
E7,0.2,1.0,8,1.0,0.0,0.2,0,14,saf-adaptive,0.617750,0.678270
E7,0.2,1.0,8,1.0,0.0,0.2,0,15,random,0.554000,0.485963
E7,0.2,1.0,8,1.0,0.0,0.2,0,15,round-robin,0.555750,0.492740
E7,0.2,1.0,8,1.0,0.0,0.2,0,15,oracle,0.686750,1.000000
E7,0.2,1.0,8,1.0,0.0,0.2,0,15,snr-greedy,0.567750,0.539206
E7,0.2,1.0,8,1.0,0.0,0.2,0,15,snr-greedy-loss,0.571750,0.554695
E7,0.2,1.0,8,1.0,0.0,0.2,0,15,snr-mean,0.611250,0.707648
E7,0.2,1.0,8,1.0,0.0,0.2,0,15,belief,0.575750,0.570184
E7,0.2,1.0,8,1.0,0.0,0.2,0,15,belief-pred,0.608000,0.695063
E7,0.2,1.0,8,1.0,0.0,0.2,0,15,ewma,0.575750,0.570184
E7,0.2,1.0,8,1.0,0.0,0.2,0,15,blend-paper,0.591500,0.631171
E7,0.2,1.0,8,1.0,0.0,0.2,0,15,saf-adaptive,0.609750,0.701839
E7,0.2,1.0,8,1.0,0.0,0.2,0,16,random,0.556500,0.482795
E7,0.2,1.0,8,1.0,0.0,0.2,0,16,round-robin,0.559250,0.494265
E7,0.2,1.0,8,1.0,0.0,0.2,0,16,oracle,0.680500,1.000000
E7,0.2,1.0,8,1.0,0.0,0.2,0,16,snr-greedy,0.566500,0.524505
E7,0.2,1.0,8,1.0,0.0,0.2,0,16,snr-greedy-loss,0.569750,0.538060
E7,0.2,1.0,8,1.0,0.0,0.2,0,16,snr-mean,0.590000,0.622523
E7,0.2,1.0,8,1.0,0.0,0.2,0,16,belief,0.569750,0.538060
E7,0.2,1.0,8,1.0,0.0,0.2,0,16,belief-pred,0.590000,0.622523
E7,0.2,1.0,8,1.0,0.0,0.2,0,16,ewma,0.578500,0.574557
E7,0.2,1.0,8,1.0,0.0,0.2,0,16,blend-paper,0.578000,0.572471
E7,0.2,1.0,8,1.0,0.0,0.2,0,16,saf-adaptive,0.589750,0.621481
E7,0.2,1.0,8,1.0,0.0,0.2,0,17,random,0.567000,0.509414
E7,0.2,1.0,8,1.0,0.0,0.2,0,17,round-robin,0.566000,0.505230
E7,0.2,1.0,8,1.0,0.0,0.2,0,17,oracle,0.684250,1.000000
E7,0.2,1.0,8,1.0,0.0,0.2,0,17,snr-greedy,0.568750,0.516736
E7,0.2,1.0,8,1.0,0.0,0.2,0,17,snr-greedy-loss,0.572000,0.530335
E7,0.2,1.0,8,1.0,0.0,0.2,0,17,snr-mean,0.607250,0.677824
E7,0.2,1.0,8,1.0,0.0,0.2,0,17,belief,0.573500,0.536611
E7,0.2,1.0,8,1.0,0.0,0.2,0,17,belief-pred,0.611000,0.693515
E7,0.2,1.0,8,1.0,0.0,0.2,0,17,ewma,0.589500,0.603556
E7,0.2,1.0,8,1.0,0.0,0.2,0,17,blend-paper,0.588000,0.597280
E7,0.2,1.0,8,1.0,0.0,0.2,0,17,saf-adaptive,0.611500,0.695607
E7,0.2,1.0,8,1.0,0.0,0.2,0,18,random,0.544750,0.466229
E7,0.2,1.0,8,1.0,0.0,0.2,0,18,round-robin,0.554250,0.501876
E7,0.2,1.0,8,1.0,0.0,0.2,0,18,oracle,0.687000,1.000000
E7,0.2,1.0,8,1.0,0.0,0.2,0,18,snr-greedy,0.557250,0.513133
E7,0.2,1.0,8,1.0,0.0,0.2,0,18,snr-greedy-loss,0.563000,0.534709
E7,0.2,1.0,8,1.0,0.0,0.2,0,18,snr-mean,0.604500,0.690432
E7,0.2,1.0,8,1.0,0.0,0.2,0,18,belief,0.569000,0.557223
E7,0.2,1.0,8,1.0,0.0,0.2,0,18,belief-pred,0.606250,0.696998
E7,0.2,1.0,8,1.0,0.0,0.2,0,18,ewma,0.590000,0.636023
E7,0.2,1.0,8,1.0,0.0,0.2,0,18,blend-paper,0.592000,0.643527
E7,0.2,1.0,8,1.0,0.0,0.2,0,18,saf-adaptive,0.607000,0.699812
E7,0.2,1.0,8,1.0,0.0,0.2,0,19,random,0.558750,0.496970
E7,0.2,1.0,8,1.0,0.0,0.2,0,19,round-robin,0.558000,0.493939
E7,0.2,1.0,8,1.0,0.0,0.2,0,19,oracle,0.683250,1.000000
E7,0.2,1.0,8,1.0,0.0,0.2,0,19,snr-greedy,0.564000,0.518182
E7,0.2,1.0,8,1.0,0.0,0.2,0,19,snr-greedy-loss,0.565250,0.523232
E7,0.2,1.0,8,1.0,0.0,0.2,0,19,snr-mean,0.601250,0.668687
E7,0.2,1.0,8,1.0,0.0,0.2,0,19,belief,0.565500,0.524242
E7,0.2,1.0,8,1.0,0.0,0.2,0,19,belief-pred,0.600500,0.665657
E7,0.2,1.0,8,1.0,0.0,0.2,0,19,ewma,0.579750,0.581818
E7,0.2,1.0,8,1.0,0.0,0.2,0,19,blend-paper,0.583250,0.595960
E7,0.2,1.0,8,1.0,0.0,0.2,0,19,saf-adaptive,0.599000,0.659596
E7,0.2,1.0,8,1.0,0.0,0.2,0,20,random,0.563000,0.501010
E7,0.2,1.0,8,1.0,0.0,0.2,0,20,round-robin,0.566500,0.515152
E7,0.2,1.0,8,1.0,0.0,0.2,0,20,oracle,0.686500,1.000000
E7,0.2,1.0,8,1.0,0.0,0.2,0,20,snr-greedy,0.570750,0.532323
E7,0.2,1.0,8,1.0,0.0,0.2,0,20,snr-greedy-loss,0.568000,0.521212
E7,0.2,1.0,8,1.0,0.0,0.2,0,20,snr-mean,0.594500,0.628283
E7,0.2,1.0,8,1.0,0.0,0.2,0,20,belief,0.570250,0.530303
E7,0.2,1.0,8,1.0,0.0,0.2,0,20,belief-pred,0.600500,0.652525
E7,0.2,1.0,8,1.0,0.0,0.2,0,20,ewma,0.581500,0.575758
E7,0.2,1.0,8,1.0,0.0,0.2,0,20,blend-paper,0.575000,0.549495
E7,0.2,1.0,8,1.0,0.0,0.2,0,20,saf-adaptive,0.600250,0.651515
E7,0.2,1.0,8,1.0,0.0,0.2,0,21,random,0.557750,0.506931
E7,0.2,1.0,8,1.0,0.0,0.2,0,21,round-robin,0.557250,0.504950
E7,0.2,1.0,8,1.0,0.0,0.2,0,21,oracle,0.682250,1.000000
E7,0.2,1.0,8,1.0,0.0,0.2,0,21,snr-greedy,0.566250,0.540594
E7,0.2,1.0,8,1.0,0.0,0.2,0,21,snr-greedy-loss,0.563500,0.529703
E7,0.2,1.0,8,1.0,0.0,0.2,0,21,snr-mean,0.582250,0.603960
E7,0.2,1.0,8,1.0,0.0,0.2,0,21,belief,0.567750,0.546535
E7,0.2,1.0,8,1.0,0.0,0.2,0,21,belief-pred,0.583250,0.607921
E7,0.2,1.0,8,1.0,0.0,0.2,0,21,ewma,0.567750,0.546535
E7,0.2,1.0,8,1.0,0.0,0.2,0,21,blend-paper,0.557750,0.506931
E7,0.2,1.0,8,1.0,0.0,0.2,0,21,saf-adaptive,0.584250,0.611881
E7,0.2,1.0,8,1.0,0.0,0.2,0,22,random,0.567750,0.486911
E7,0.2,1.0,8,1.0,0.0,0.2,0,22,round-robin,0.567500,0.485864
E7,0.2,1.0,8,1.0,0.0,0.2,0,22,oracle,0.690250,1.000000
E7,0.2,1.0,8,1.0,0.0,0.2,0,22,snr-greedy,0.581750,0.545550
E7,0.2,1.0,8,1.0,0.0,0.2,0,22,snr-greedy-loss,0.584250,0.556021
E7,0.2,1.0,8,1.0,0.0,0.2,0,22,snr-mean,0.595750,0.604188
E7,0.2,1.0,8,1.0,0.0,0.2,0,22,belief,0.580250,0.539267
E7,0.2,1.0,8,1.0,0.0,0.2,0,22,belief-pred,0.598000,0.613613
E7,0.2,1.0,8,1.0,0.0,0.2,0,22,ewma,0.580250,0.539267
E7,0.2,1.0,8,1.0,0.0,0.2,0,22,blend-paper,0.578500,0.531937
E7,0.2,1.0,8,1.0,0.0,0.2,0,22,saf-adaptive,0.597750,0.612565
E7,0.2,1.0,8,1.0,0.0,0.2,0,23,random,0.558000,0.492739
E7,0.2,1.0,8,1.0,0.0,0.2,0,23,round-robin,0.556000,0.484440
E7,0.2,1.0,8,1.0,0.0,0.2,0,23,oracle,0.680250,1.000000
E7,0.2,1.0,8,1.0,0.0,0.2,0,23,snr-greedy,0.559000,0.496888
E7,0.2,1.0,8,1.0,0.0,0.2,0,23,snr-greedy-loss,0.561000,0.505187
E7,0.2,1.0,8,1.0,0.0,0.2,0,23,snr-mean,0.596500,0.652490
E7,0.2,1.0,8,1.0,0.0,0.2,0,23,belief,0.570500,0.544606
E7,0.2,1.0,8,1.0,0.0,0.2,0,23,belief-pred,0.602500,0.677386
E7,0.2,1.0,8,1.0,0.0,0.2,0,23,ewma,0.581000,0.588174
E7,0.2,1.0,8,1.0,0.0,0.2,0,23,blend-paper,0.575750,0.566390
E7,0.2,1.0,8,1.0,0.0,0.2,0,23,saf-adaptive,0.603000,0.679461
E7,0.2,1.0,8,1.0,0.0,0.2,0,24,random,0.554500,0.492110
E7,0.2,1.0,8,1.0,0.0,0.2,0,24,round-robin,0.553750,0.489152
E7,0.2,1.0,8,1.0,0.0,0.2,0,24,oracle,0.683250,1.000000
E7,0.2,1.0,8,1.0,0.0,0.2,0,24,snr-greedy,0.564000,0.529586
E7,0.2,1.0,8,1.0,0.0,0.2,0,24,snr-greedy-loss,0.565750,0.536489
E7,0.2,1.0,8,1.0,0.0,0.2,0,24,snr-mean,0.597500,0.661736
E7,0.2,1.0,8,1.0,0.0,0.2,0,24,belief,0.569250,0.550296
E7,0.2,1.0,8,1.0,0.0,0.2,0,24,belief-pred,0.600000,0.671598
E7,0.2,1.0,8,1.0,0.0,0.2,0,24,ewma,0.584500,0.610454
E7,0.2,1.0,8,1.0,0.0,0.2,0,24,blend-paper,0.574500,0.571006
E7,0.2,1.0,8,1.0,0.0,0.2,0,24,saf-adaptive,0.599000,0.667653
E7,0.2,1.0,8,1.0,0.0,0.2,0,25,random,0.559500,0.489861
E7,0.2,1.0,8,1.0,0.0,0.2,0,25,round-robin,0.560500,0.494130
E7,0.2,1.0,8,1.0,0.0,0.2,0,25,oracle,0.679000,1.000000
E7,0.2,1.0,8,1.0,0.0,0.2,0,25,snr-greedy,0.566500,0.519744
E7,0.2,1.0,8,1.0,0.0,0.2,0,25,snr-greedy-loss,0.565000,0.513340
E7,0.2,1.0,8,1.0,0.0,0.2,0,25,snr-mean,0.592000,0.628602
E7,0.2,1.0,8,1.0,0.0,0.2,0,25,belief,0.567000,0.521878
E7,0.2,1.0,8,1.0,0.0,0.2,0,25,belief-pred,0.596750,0.648879
E7,0.2,1.0,8,1.0,0.0,0.2,0,25,ewma,0.565500,0.515475
E7,0.2,1.0,8,1.0,0.0,0.2,0,25,blend-paper,0.578500,0.570971
E7,0.2,1.0,8,1.0,0.0,0.2,0,25,saf-adaptive,0.597250,0.651014
E7,0.2,1.0,8,1.0,0.0,0.2,0,26,random,0.571000,0.514940
E7,0.2,1.0,8,1.0,0.0,0.2,0,26,round-robin,0.570750,0.513944
E7,0.2,1.0,8,1.0,0.0,0.2,0,26,oracle,0.692750,1.000000
E7,0.2,1.0,8,1.0,0.0,0.2,0,26,snr-greedy,0.574250,0.527888
E7,0.2,1.0,8,1.0,0.0,0.2,0,26,snr-greedy-loss,0.581000,0.554781
E7,0.2,1.0,8,1.0,0.0,0.2,0,26,snr-mean,0.605000,0.650398
E7,0.2,1.0,8,1.0,0.0,0.2,0,26,belief,0.587750,0.581673
E7,0.2,1.0,8,1.0,0.0,0.2,0,26,belief-pred,0.615500,0.692231
E7,0.2,1.0,8,1.0,0.0,0.2,0,26,ewma,0.574750,0.529880
E7,0.2,1.0,8,1.0,0.0,0.2,0,26,blend-paper,0.583750,0.565737
E7,0.2,1.0,8,1.0,0.0,0.2,0,26,saf-adaptive,0.615750,0.693227
E7,0.2,1.0,8,1.0,0.0,0.2,0,27,random,0.560000,0.494461
E7,0.2,1.0,8,1.0,0.0,0.2,0,27,round-robin,0.561500,0.500504
E7,0.2,1.0,8,1.0,0.0,0.2,0,27,oracle,0.685500,1.000000
E7,0.2,1.0,8,1.0,0.0,0.2,0,27,snr-greedy,0.558500,0.488419
E7,0.2,1.0,8,1.0,0.0,0.2,0,27,snr-greedy-loss,0.563250,0.507553
E7,0.2,1.0,8,1.0,0.0,0.2,0,27,snr-mean,0.600000,0.655589
E7,0.2,1.0,8,1.0,0.0,0.2,0,27,belief,0.570500,0.536757
E7,0.2,1.0,8,1.0,0.0,0.2,0,27,belief-pred,0.605000,0.675730
E7,0.2,1.0,8,1.0,0.0,0.2,0,27,ewma,0.578750,0.569990
E7,0.2,1.0,8,1.0,0.0,0.2,0,27,blend-paper,0.583000,0.587110
E7,0.2,1.0,8,1.0,0.0,0.2,0,27,saf-adaptive,0.605250,0.676737
E7,0.2,1.0,8,1.0,0.0,0.2,0,28,random,0.567500,0.510053
E7,0.2,1.0,8,1.0,0.0,0.2,0,28,round-robin,0.566750,0.506878
E7,0.2,1.0,8,1.0,0.0,0.2,0,28,oracle,0.683250,1.000000
E7,0.2,1.0,8,1.0,0.0,0.2,0,28,snr-greedy,0.573250,0.534392
E7,0.2,1.0,8,1.0,0.0,0.2,0,28,snr-greedy-loss,0.577000,0.550265
E7,0.2,1.0,8,1.0,0.0,0.2,0,28,snr-mean,0.599750,0.646561
E7,0.2,1.0,8,1.0,0.0,0.2,0,28,belief,0.580750,0.566138
E7,0.2,1.0,8,1.0,0.0,0.2,0,28,belief-pred,0.603250,0.661376
E7,0.2,1.0,8,1.0,0.0,0.2,0,28,ewma,0.576500,0.548148
E7,0.2,1.0,8,1.0,0.0,0.2,0,28,blend-paper,0.573000,0.533333
E7,0.2,1.0,8,1.0,0.0,0.2,0,28,saf-adaptive,0.601750,0.655026
E7,0.2,1.0,8,1.0,0.0,0.2,0,29,random,0.563750,0.477131
E7,0.2,1.0,8,1.0,0.0,0.2,0,29,round-robin,0.565250,0.483368
E7,0.2,1.0,8,1.0,0.0,0.2,0,29,oracle,0.689500,1.000000
E7,0.2,1.0,8,1.0,0.0,0.2,0,29,snr-greedy,0.577500,0.534304
E7,0.2,1.0,8,1.0,0.0,0.2,0,29,snr-greedy-loss,0.574750,0.522869
E7,0.2,1.0,8,1.0,0.0,0.2,0,29,snr-mean,0.599000,0.623701
E7,0.2,1.0,8,1.0,0.0,0.2,0,29,belief,0.581250,0.549896
E7,0.2,1.0,8,1.0,0.0,0.2,0,29,belief-pred,0.604250,0.645530
E7,0.2,1.0,8,1.0,0.0,0.2,0,29,ewma,0.586500,0.571726
E7,0.2,1.0,8,1.0,0.0,0.2,0,29,blend-paper,0.580000,0.544699
E7,0.2,1.0,8,1.0,0.0,0.2,0,29,saf-adaptive,0.605000,0.648649
E7,0.2,1.0,8,1.0,0.0,0.2,0,30,random,0.554000,0.502478
E7,0.2,1.0,8,1.0,0.0,0.2,0,30,round-robin,0.552250,0.495540
E7,0.2,1.0,8,1.0,0.0,0.2,0,30,oracle,0.679500,1.000000
E7,0.2,1.0,8,1.0,0.0,0.2,0,30,snr-greedy,0.561000,0.530228
E7,0.2,1.0,8,1.0,0.0,0.2,0,30,snr-greedy-loss,0.564500,0.544103
E7,0.2,1.0,8,1.0,0.0,0.2,0,30,snr-mean,0.586250,0.630327
E7,0.2,1.0,8,1.0,0.0,0.2,0,30,belief,0.565000,0.546085
E7,0.2,1.0,8,1.0,0.0,0.2,0,30,belief-pred,0.595750,0.667988
E7,0.2,1.0,8,1.0,0.0,0.2,0,30,ewma,0.579000,0.601586
E7,0.2,1.0,8,1.0,0.0,0.2,0,30,blend-paper,0.571000,0.569871
E7,0.2,1.0,8,1.0,0.0,0.2,0,30,saf-adaptive,0.595750,0.667988
E7,0.2,1.0,8,1.0,0.0,0.2,0,31,random,0.561250,0.498483
E7,0.2,1.0,8,1.0,0.0,0.2,0,31,round-robin,0.561250,0.498483
E7,0.2,1.0,8,1.0,0.0,0.2,0,31,oracle,0.685250,1.000000
E7,0.2,1.0,8,1.0,0.0,0.2,0,31,snr-greedy,0.568250,0.526795
E7,0.2,1.0,8,1.0,0.0,0.2,0,31,snr-greedy-loss,0.571250,0.538928
E7,0.2,1.0,8,1.0,0.0,0.2,0,31,snr-mean,0.596000,0.639029
E7,0.2,1.0,8,1.0,0.0,0.2,0,31,belief,0.574000,0.550051
E7,0.2,1.0,8,1.0,0.0,0.2,0,31,belief-pred,0.607000,0.683519
E7,0.2,1.0,8,1.0,0.0,0.2,0,31,ewma,0.584000,0.590495
E7,0.2,1.0,8,1.0,0.0,0.2,0,31,blend-paper,0.586750,0.601618
E7,0.2,1.0,8,1.0,0.0,0.2,0,31,saf-adaptive,0.606500,0.681496
E7,0.2,1.0,8,1.0,0.0,0.2,0,32,random,0.557500,0.480652
E7,0.2,1.0,8,1.0,0.0,0.2,0,32,round-robin,0.558250,0.483707
E7,0.2,1.0,8,1.0,0.0,0.2,0,32,oracle,0.685000,1.000000
E7,0.2,1.0,8,1.0,0.0,0.2,0,32,snr-greedy,0.575750,0.554990
E7,0.2,1.0,8,1.0,0.0,0.2,0,32,snr-greedy-loss,0.574750,0.550916
E7,0.2,1.0,8,1.0,0.0,0.2,0,32,snr-mean,0.607500,0.684318
E7,0.2,1.0,8,1.0,0.0,0.2,0,32,belief,0.576500,0.558045
E7,0.2,1.0,8,1.0,0.0,0.2,0,32,belief-pred,0.608000,0.686354
E7,0.2,1.0,8,1.0,0.0,0.2,0,32,ewma,0.570250,0.532587
E7,0.2,1.0,8,1.0,0.0,0.2,0,32,blend-paper,0.572500,0.541752
E7,0.2,1.0,8,1.0,0.0,0.2,0,32,saf-adaptive,0.606000,0.678208
E7,0.2,1.0,8,1.0,0.0,0.2,0,33,random,0.568250,0.516684
E7,0.2,1.0,8,1.0,0.0,0.2,0,33,round-robin,0.561750,0.490394
E7,0.2,1.0,8,1.0,0.0,0.2,0,33,oracle,0.687750,1.000000
E7,0.2,1.0,8,1.0,0.0,0.2,0,33,snr-greedy,0.568500,0.517695
E7,0.2,1.0,8,1.0,0.0,0.2,0,33,snr-greedy-loss,0.569750,0.522750
E7,0.2,1.0,8,1.0,0.0,0.2,0,33,snr-mean,0.600000,0.645096
E7,0.2,1.0,8,1.0,0.0,0.2,0,33,belief,0.573750,0.538928
E7,0.2,1.0,8,1.0,0.0,0.2,0,33,belief-pred,0.608000,0.677452
E7,0.2,1.0,8,1.0,0.0,0.2,0,33,ewma,0.590250,0.605662
E7,0.2,1.0,8,1.0,0.0,0.2,0,33,blend-paper,0.591750,0.611729
E7,0.2,1.0,8,1.0,0.0,0.2,0,33,saf-adaptive,0.608750,0.680485
E7,0.2,1.0,8,1.0,0.0,0.2,0,34,random,0.561250,0.509824
E7,0.2,1.0,8,1.0,0.0,0.2,0,34,round-robin,0.557500,0.494312
E7,0.2,1.0,8,1.0,0.0,0.2,0,34,oracle,0.679750,1.000000
E7,0.2,1.0,8,1.0,0.0,0.2,0,34,snr-greedy,0.567250,0.534643
E7,0.2,1.0,8,1.0,0.0,0.2,0,34,snr-greedy-loss,0.572250,0.555326
E7,0.2,1.0,8,1.0,0.0,0.2,0,34,snr-mean,0.583500,0.601861
E7,0.2,1.0,8,1.0,0.0,0.2,0,34,belief,0.576500,0.572906
E7,0.2,1.0,8,1.0,0.0,0.2,0,34,belief-pred,0.586750,0.615305
E7,0.2,1.0,8,1.0,0.0,0.2,0,34,ewma,0.571000,0.550155
E7,0.2,1.0,8,1.0,0.0,0.2,0,34,blend-paper,0.571250,0.551189
E7,0.2,1.0,8,1.0,0.0,0.2,0,34,saf-adaptive,0.587000,0.616339
E7,0.2,1.0,8,1.0,0.0,0.2,0,35,random,0.567250,0.491803
E7,0.2,1.0,8,1.0,0.0,0.2,0,35,round-robin,0.570000,0.503074
E7,0.2,1.0,8,1.0,0.0,0.2,0,35,oracle,0.691250,1.000000
E7,0.2,1.0,8,1.0,0.0,0.2,0,35,snr-greedy,0.575750,0.526639
E7,0.2,1.0,8,1.0,0.0,0.2,0,35,snr-greedy-loss,0.580750,0.547131
E7,0.2,1.0,8,1.0,0.0,0.2,0,35,snr-mean,0.607000,0.654713
E7,0.2,1.0,8,1.0,0.0,0.2,0,35,belief,0.582500,0.554303
E7,0.2,1.0,8,1.0,0.0,0.2,0,35,belief-pred,0.611750,0.674180
E7,0.2,1.0,8,1.0,0.0,0.2,0,35,ewma,0.573000,0.515369
E7,0.2,1.0,8,1.0,0.0,0.2,0,35,blend-paper,0.589750,0.584016
E7,0.2,1.0,8,1.0,0.0,0.2,0,35,saf-adaptive,0.605000,0.646516
E7,0.2,1.0,8,1.0,0.0,0.2,0,36,random,0.566250,0.498419
E7,0.2,1.0,8,1.0,0.0,0.2,0,36,round-robin,0.568500,0.507903
E7,0.2,1.0,8,1.0,0.0,0.2,0,36,oracle,0.685250,1.000000
E7,0.2,1.0,8,1.0,0.0,0.2,0,36,snr-greedy,0.576500,0.541623
E7,0.2,1.0,8,1.0,0.0,0.2,0,36,snr-greedy-loss,0.577000,0.543730
E7,0.2,1.0,8,1.0,0.0,0.2,0,36,snr-mean,0.598750,0.635406
E7,0.2,1.0,8,1.0,0.0,0.2,0,36,belief,0.580250,0.557429
E7,0.2,1.0,8,1.0,0.0,0.2,0,36,belief-pred,0.602250,0.650158
E7,0.2,1.0,8,1.0,0.0,0.2,0,36,ewma,0.592750,0.610116
E7,0.2,1.0,8,1.0,0.0,0.2,0,36,blend-paper,0.582750,0.567966
E7,0.2,1.0,8,1.0,0.0,0.2,0,36,saf-adaptive,0.602500,0.651212
E7,0.2,1.0,8,1.0,0.0,0.2,0,37,random,0.574750,0.529472
E7,0.2,1.0,8,1.0,0.0,0.2,0,37,round-robin,0.568250,0.503049
E7,0.2,1.0,8,1.0,0.0,0.2,0,37,oracle,0.690500,1.000000
E7,0.2,1.0,8,1.0,0.0,0.2,0,37,snr-greedy,0.573750,0.525407
E7,0.2,1.0,8,1.0,0.0,0.2,0,37,snr-greedy-loss,0.575000,0.530488
E7,0.2,1.0,8,1.0,0.0,0.2,0,37,snr-mean,0.617500,0.703252
E7,0.2,1.0,8,1.0,0.0,0.2,0,37,belief,0.579000,0.546748
E7,0.2,1.0,8,1.0,0.0,0.2,0,37,belief-pred,0.620750,0.716463
E7,0.2,1.0,8,1.0,0.0,0.2,0,37,ewma,0.602000,0.640244
E7,0.2,1.0,8,1.0,0.0,0.2,0,37,blend-paper,0.589750,0.590447
E7,0.2,1.0,8,1.0,0.0,0.2,0,37,saf-adaptive,0.620750,0.716463
E7,0.2,1.0,8,1.0,0.0,0.2,0,38,random,0.571750,0.497972
E7,0.2,1.0,8,1.0,0.0,0.2,0,38,round-robin,0.576500,0.517241
E7,0.2,1.0,8,1.0,0.0,0.2,0,38,oracle,0.695500,1.000000
E7,0.2,1.0,8,1.0,0.0,0.2,0,38,snr-greedy,0.571750,0.497972
E7,0.2,1.0,8,1.0,0.0,0.2,0,38,snr-greedy-loss,0.571750,0.497972
E7,0.2,1.0,8,1.0,0.0,0.2,0,38,snr-mean,0.605750,0.635903
E7,0.2,1.0,8,1.0,0.0,0.2,0,38,belief,0.580250,0.532454
E7,0.2,1.0,8,1.0,0.0,0.2,0,38,belief-pred,0.611250,0.658215
E7,0.2,1.0,8,1.0,0.0,0.2,0,38,ewma,0.589500,0.569980
E7,0.2,1.0,8,1.0,0.0,0.2,0,38,blend-paper,0.574750,0.510142
E7,0.2,1.0,8,1.0,0.0,0.2,0,38,saf-adaptive,0.610750,0.656187
E7,0.2,1.0,8,1.0,0.0,0.2,0,39,random,0.563000,0.495992
E7,0.2,1.0,8,1.0,0.0,0.2,0,39,round-robin,0.564500,0.502004
E7,0.2,1.0,8,1.0,0.0,0.2,0,39,oracle,0.688750,1.000000
E7,0.2,1.0,8,1.0,0.0,0.2,0,39,snr-greedy,0.570500,0.526052
E7,0.2,1.0,8,1.0,0.0,0.2,0,39,snr-greedy-loss,0.572750,0.535070
E7,0.2,1.0,8,1.0,0.0,0.2,0,39,snr-mean,0.610500,0.686373
E7,0.2,1.0,8,1.0,0.0,0.2,0,39,belief,0.569750,0.523046
E7,0.2,1.0,8,1.0,0.0,0.2,0,39,belief-pred,0.613250,0.697395
E7,0.2,1.0,8,1.0,0.0,0.2,0,39,ewma,0.587000,0.592184
E7,0.2,1.0,8,1.0,0.0,0.2,0,39,blend-paper,0.577500,0.554108
E7,0.2,1.0,8,1.0,0.0,0.2,0,39,saf-adaptive,0.611000,0.688377
E7,0.2,1.0,8,1.0,0.0,0.2,0,40,random,0.562250,0.533804
E7,0.2,1.0,8,1.0,0.0,0.2,0,40,round-robin,0.554500,0.502523
E7,0.2,1.0,8,1.0,0.0,0.2,0,40,oracle,0.677750,1.000000
E7,0.2,1.0,8,1.0,0.0,0.2,0,40,snr-greedy,0.555250,0.505550
E7,0.2,1.0,8,1.0,0.0,0.2,0,40,snr-greedy-loss,0.555250,0.505550
E7,0.2,1.0,8,1.0,0.0,0.2,0,40,snr-mean,0.582000,0.613522
E7,0.2,1.0,8,1.0,0.0,0.2,0,40,belief,0.551250,0.489405
E7,0.2,1.0,8,1.0,0.0,0.2,0,40,belief-pred,0.586500,0.631685
E7,0.2,1.0,8,1.0,0.0,0.2,0,40,ewma,0.556000,0.508577
E7,0.2,1.0,8,1.0,0.0,0.2,0,40,blend-paper,0.566500,0.550959
E7,0.2,1.0,8,1.0,0.0,0.2,0,40,saf-adaptive,0.586000,0.629667
E7,0.2,1.0,8,1.0,0.0,0.2,0,41,random,0.553500,0.473738
E7,0.2,1.0,8,1.0,0.0,0.2,0,41,round-robin,0.559000,0.496395
E7,0.2,1.0,8,1.0,0.0,0.2,0,41,oracle,0.681250,1.000000
E7,0.2,1.0,8,1.0,0.0,0.2,0,41,snr-greedy,0.563500,0.514933
E7,0.2,1.0,8,1.0,0.0,0.2,0,41,snr-greedy-loss,0.565250,0.522142
E7,0.2,1.0,8,1.0,0.0,0.2,0,41,snr-mean,0.579000,0.578785
E7,0.2,1.0,8,1.0,0.0,0.2,0,41,belief,0.564500,0.519053
E7,0.2,1.0,8,1.0,0.0,0.2,0,41,belief-pred,0.586250,0.608651
E7,0.2,1.0,8,1.0,0.0,0.2,0,41,ewma,0.565500,0.523172
E7,0.2,1.0,8,1.0,0.0,0.2,0,41,blend-paper,0.565500,0.523172
E7,0.2,1.0,8,1.0,0.0,0.2,0,41,saf-adaptive,0.583500,0.597322
E7,0.2,1.0,8,1.0,0.0,0.2,0,42,random,0.552500,0.510978
E7,0.2,1.0,8,1.0,0.0,0.2,0,42,round-robin,0.546750,0.488024
E7,0.2,1.0,8,1.0,0.0,0.2,0,42,oracle,0.675000,1.000000
E7,0.2,1.0,8,1.0,0.0,0.2,0,42,snr-greedy,0.560250,0.541916
E7,0.2,1.0,8,1.0,0.0,0.2,0,42,snr-greedy-loss,0.562000,0.548902
E7,0.2,1.0,8,1.0,0.0,0.2,0,42,snr-mean,0.581250,0.625749
E7,0.2,1.0,8,1.0,0.0,0.2,0,42,belief,0.562500,0.550898
E7,0.2,1.0,8,1.0,0.0,0.2,0,42,belief-pred,0.584750,0.639721
E7,0.2,1.0,8,1.0,0.0,0.2,0,42,ewma,0.561500,0.546906
E7,0.2,1.0,8,1.0,0.0,0.2,0,42,blend-paper,0.565250,0.561876
E7,0.2,1.0,8,1.0,0.0,0.2,0,42,saf-adaptive,0.585500,0.642715
E7,0.2,1.0,8,1.0,0.0,0.2,0,43,random,0.562750,0.506694
E7,0.2,1.0,8,1.0,0.0,0.2,0,43,round-robin,0.561000,0.499485
E7,0.2,1.0,8,1.0,0.0,0.2,0,43,oracle,0.682500,1.000000
E7,0.2,1.0,8,1.0,0.0,0.2,0,43,snr-greedy,0.561000,0.499485
E7,0.2,1.0,8,1.0,0.0,0.2,0,43,snr-greedy-loss,0.564750,0.514933
E7,0.2,1.0,8,1.0,0.0,0.2,0,43,snr-mean,0.593250,0.632338
E7,0.2,1.0,8,1.0,0.0,0.2,0,43,belief,0.569000,0.532441
E7,0.2,1.0,8,1.0,0.0,0.2,0,43,belief-pred,0.593000,0.631308
E7,0.2,1.0,8,1.0,0.0,0.2,0,43,ewma,0.583000,0.590113
E7,0.2,1.0,8,1.0,0.0,0.2,0,43,blend-paper,0.571000,0.540680
E7,0.2,1.0,8,1.0,0.0,0.2,0,43,saf-adaptive,0.591250,0.624099
E7,0.2,1.0,8,1.0,0.0,0.2,0,44,random,0.566750,0.501577
E7,0.2,1.0,8,1.0,0.0,0.2,0,44,round-robin,0.569500,0.513144
E7,0.2,1.0,8,1.0,0.0,0.2,0,44,oracle,0.685250,1.000000
E7,0.2,1.0,8,1.0,0.0,0.2,0,44,snr-greedy,0.575000,0.536278
E7,0.2,1.0,8,1.0,0.0,0.2,0,44,snr-greedy-loss,0.573500,0.529968
E7,0.2,1.0,8,1.0,0.0,0.2,0,44,snr-mean,0.601000,0.645636
E7,0.2,1.0,8,1.0,0.0,0.2,0,44,belief,0.574000,0.532072
E7,0.2,1.0,8,1.0,0.0,0.2,0,44,belief-pred,0.607250,0.671924
E7,0.2,1.0,8,1.0,0.0,0.2,0,44,ewma,0.577000,0.544690
E7,0.2,1.0,8,1.0,0.0,0.2,0,44,blend-paper,0.589750,0.598318
E7,0.2,1.0,8,1.0,0.0,0.2,0,44,saf-adaptive,0.607000,0.670873
E7,0.2,1.0,8,1.0,0.0,0.2,0,45,random,0.558250,0.508565
E7,0.2,1.0,8,1.0,0.0,0.2,0,45,round-robin,0.557000,0.503212
E7,0.2,1.0,8,1.0,0.0,0.2,0,45,oracle,0.673000,1.000000
E7,0.2,1.0,8,1.0,0.0,0.2,0,45,snr-greedy,0.560000,0.516060
E7,0.2,1.0,8,1.0,0.0,0.2,0,45,snr-greedy-loss,0.561750,0.523555
E7,0.2,1.0,8,1.0,0.0,0.2,0,45,snr-mean,0.593500,0.659529
E7,0.2,1.0,8,1.0,0.0,0.2,0,45,belief,0.565250,0.538544
E7,0.2,1.0,8,1.0,0.0,0.2,0,45,belief-pred,0.589500,0.642398
E7,0.2,1.0,8,1.0,0.0,0.2,0,45,ewma,0.555500,0.496788
E7,0.2,1.0,8,1.0,0.0,0.2,0,45,blend-paper,0.561000,0.520343
E7,0.2,1.0,8,1.0,0.0,0.2,0,45,saf-adaptive,0.589750,0.643469
E7,0.2,1.0,8,1.0,0.0,0.2,0,46,random,0.560000,0.504124
E7,0.2,1.0,8,1.0,0.0,0.2,0,46,round-robin,0.557500,0.493814
E7,0.2,1.0,8,1.0,0.0,0.2,0,46,oracle,0.680250,1.000000
E7,0.2,1.0,8,1.0,0.0,0.2,0,46,snr-greedy,0.565250,0.525773
E7,0.2,1.0,8,1.0,0.0,0.2,0,46,snr-greedy-loss,0.566000,0.528866
E7,0.2,1.0,8,1.0,0.0,0.2,0,46,snr-mean,0.588250,0.620619
E7,0.2,1.0,8,1.0,0.0,0.2,0,46,belief,0.579500,0.584536
E7,0.2,1.0,8,1.0,0.0,0.2,0,46,belief-pred,0.592000,0.636082
E7,0.2,1.0,8,1.0,0.0,0.2,0,46,ewma,0.579500,0.584536
E7,0.2,1.0,8,1.0,0.0,0.2,0,46,blend-paper,0.585750,0.610309
E7,0.2,1.0,8,1.0,0.0,0.2,0,46,saf-adaptive,0.591750,0.635052
E7,0.2,1.0,8,1.0,0.0,0.2,0,47,random,0.565500,0.503992
E7,0.2,1.0,8,1.0,0.0,0.2,0,47,round-robin,0.566500,0.507984
E7,0.2,1.0,8,1.0,0.0,0.2,0,47,oracle,0.689750,1.000000
E7,0.2,1.0,8,1.0,0.0,0.2,0,47,snr-greedy,0.575000,0.541916
E7,0.2,1.0,8,1.0,0.0,0.2,0,47,snr-greedy-loss,0.577000,0.549900
E7,0.2,1.0,8,1.0,0.0,0.2,0,47,snr-mean,0.609250,0.678643
E7,0.2,1.0,8,1.0,0.0,0.2,0,47,belief,0.578250,0.554890
E7,0.2,1.0,8,1.0,0.0,0.2,0,47,belief-pred,0.604250,0.658683
E7,0.2,1.0,8,1.0,0.0,0.2,0,47,ewma,0.576000,0.545908
E7,0.2,1.0,8,1.0,0.0,0.2,0,47,blend-paper,0.583250,0.574850
E7,0.2,1.0,8,1.0,0.0,0.2,0,47,saf-adaptive,0.603250,0.654691
E7,0.2,1.0,8,1.0,0.0,0.2,0,48,random,0.560750,0.504683
E7,0.2,1.0,8,1.0,0.0,0.2,0,48,round-robin,0.555500,0.482830
E7,0.2,1.0,8,1.0,0.0,0.2,0,48,oracle,0.679750,1.000000
E7,0.2,1.0,8,1.0,0.0,0.2,0,48,snr-greedy,0.566000,0.526535
E7,0.2,1.0,8,1.0,0.0,0.2,0,48,snr-greedy-loss,0.565250,0.523413
E7,0.2,1.0,8,1.0,0.0,0.2,0,48,snr-mean,0.602750,0.679501
E7,0.2,1.0,8,1.0,0.0,0.2,0,48,belief,0.571250,0.548387
E7,0.2,1.0,8,1.0,0.0,0.2,0,48,belief-pred,0.599500,0.665973
E7,0.2,1.0,8,1.0,0.0,0.2,0,48,ewma,0.565750,0.525494
E7,0.2,1.0,8,1.0,0.0,0.2,0,48,blend-paper,0.577250,0.573361
E7,0.2,1.0,8,1.0,0.0,0.2,0,48,saf-adaptive,0.599000,0.663892
E7,0.2,1.0,8,1.0,0.0,0.2,0,49,random,0.561500,0.513402
E7,0.2,1.0,8,1.0,0.0,0.2,0,49,round-robin,0.561750,0.514433
E7,0.2,1.0,8,1.0,0.0,0.2,0,49,oracle,0.679500,1.000000
E7,0.2,1.0,8,1.0,0.0,0.2,0,49,snr-greedy,0.556750,0.493814
E7,0.2,1.0,8,1.0,0.0,0.2,0,49,snr-greedy-loss,0.552500,0.476289
E7,0.2,1.0,8,1.0,0.0,0.2,0,49,snr-mean,0.582500,0.600000
E7,0.2,1.0,8,1.0,0.0,0.2,0,49,belief,0.558500,0.501031
E7,0.2,1.0,8,1.0,0.0,0.2,0,49,belief-pred,0.582750,0.601031
E7,0.2,1.0,8,1.0,0.0,0.2,0,49,ewma,0.575000,0.569072
E7,0.2,1.0,8,1.0,0.0,0.2,0,49,blend-paper,0.554750,0.485567
E7,0.2,1.0,8,1.0,0.0,0.2,0,49,saf-adaptive,0.582250,0.598969
E7,0.2,1.0,16,1.0,0.0,0.2,0,0,random,0.560000,0.493952
E7,0.2,1.0,16,1.0,0.0,0.2,0,0,round-robin,0.559500,0.491935
E7,0.2,1.0,16,1.0,0.0,0.2,0,0,oracle,0.685500,1.000000
E7,0.2,1.0,16,1.0,0.0,0.2,0,0,snr-greedy,0.568750,0.529234
E7,0.2,1.0,16,1.0,0.0,0.2,0,0,snr-greedy-loss,0.571250,0.539315
E7,0.2,1.0,16,1.0,0.0,0.2,0,0,snr-mean,0.609250,0.692540
E7,0.2,1.0,16,1.0,0.0,0.2,0,0,belief,0.577250,0.563508
E7,0.2,1.0,16,1.0,0.0,0.2,0,0,belief-pred,0.610500,0.697581
E7,0.2,1.0,16,1.0,0.0,0.2,0,0,ewma,0.587000,0.602823
E7,0.2,1.0,16,1.0,0.0,0.2,0,0,blend-paper,0.591250,0.619960
E7,0.2,1.0,16,1.0,0.0,0.2,0,0,saf-adaptive,0.610750,0.698589
E7,0.2,1.0,16,1.0,0.0,0.2,0,1,random,0.565000,0.491919
E7,0.2,1.0,16,1.0,0.0,0.2,0,1,round-robin,0.567250,0.501010
E7,0.2,1.0,16,1.0,0.0,0.2,0,1,oracle,0.690750,1.000000
E7,0.2,1.0,16,1.0,0.0,0.2,0,1,snr-greedy,0.568500,0.506061
E7,0.2,1.0,16,1.0,0.0,0.2,0,1,snr-greedy-loss,0.575000,0.532323
E7,0.2,1.0,16,1.0,0.0,0.2,0,1,snr-mean,0.604250,0.650505
E7,0.2,1.0,16,1.0,0.0,0.2,0,1,belief,0.577250,0.541414
E7,0.2,1.0,16,1.0,0.0,0.2,0,1,belief-pred,0.606250,0.658586
E7,0.2,1.0,16,1.0,0.0,0.2,0,1,ewma,0.581750,0.559596
E7,0.2,1.0,16,1.0,0.0,0.2,0,1,blend-paper,0.586500,0.578788
E7,0.2,1.0,16,1.0,0.0,0.2,0,1,saf-adaptive,0.605500,0.655556
E7,0.2,1.0,16,1.0,0.0,0.2,0,2,random,0.565750,0.522059
E7,0.2,1.0,16,1.0,0.0,0.2,0,2,round-robin,0.562000,0.506303
E7,0.2,1.0,16,1.0,0.0,0.2,0,2,oracle,0.679500,1.000000
E7,0.2,1.0,16,1.0,0.0,0.2,0,2,snr-greedy,0.562750,0.509454
E7,0.2,1.0,16,1.0,0.0,0.2,0,2,snr-greedy-loss,0.562250,0.507353
E7,0.2,1.0,16,1.0,0.0,0.2,0,2,snr-mean,0.610500,0.710084
E7,0.2,1.0,16,1.0,0.0,0.2,0,2,belief,0.569000,0.535714
E7,0.2,1.0,16,1.0,0.0,0.2,0,2,belief-pred,0.611250,0.713235
E7,0.2,1.0,16,1.0,0.0,0.2,0,2,ewma,0.583250,0.595588
E7,0.2,1.0,16,1.0,0.0,0.2,0,2,blend-paper,0.584750,0.601891
E7,0.2,1.0,16,1.0,0.0,0.2,0,2,saf-adaptive,0.610250,0.709034
E7,0.2,1.0,16,1.0,0.0,0.2,0,3,random,0.544750,0.452703
E7,0.2,1.0,16,1.0,0.0,0.2,0,3,round-robin,0.560000,0.511583
E7,0.2,1.0,16,1.0,0.0,0.2,0,3,oracle,0.686500,1.000000
E7,0.2,1.0,16,1.0,0.0,0.2,0,3,snr-greedy,0.562500,0.521236
E7,0.2,1.0,16,1.0,0.0,0.2,0,3,snr-greedy-loss,0.562000,0.519305
E7,0.2,1.0,16,1.0,0.0,0.2,0,3,snr-mean,0.592250,0.636100
E7,0.2,1.0,16,1.0,0.0,0.2,0,3,belief,0.568250,0.543436
E7,0.2,1.0,16,1.0,0.0,0.2,0,3,belief-pred,0.596500,0.652510
E7,0.2,1.0,16,1.0,0.0,0.2,0,3,ewma,0.559750,0.510618
E7,0.2,1.0,16,1.0,0.0,0.2,0,3,blend-paper,0.560500,0.513514
E7,0.2,1.0,16,1.0,0.0,0.2,0,3,saf-adaptive,0.594750,0.645753
E7,0.2,1.0,16,1.0,0.0,0.2,0,4,random,0.561000,0.510331
E7,0.2,1.0,16,1.0,0.0,0.2,0,4,round-robin,0.554750,0.484504
E7,0.2,1.0,16,1.0,0.0,0.2,0,4,oracle,0.679500,1.000000
E7,0.2,1.0,16,1.0,0.0,0.2,0,4,snr-greedy,0.566000,0.530992
E7,0.2,1.0,16,1.0,0.0,0.2,0,4,snr-greedy-loss,0.570500,0.549587
E7,0.2,1.0,16,1.0,0.0,0.2,0,4,snr-mean,0.591750,0.637397
E7,0.2,1.0,16,1.0,0.0,0.2,0,4,belief,0.572000,0.555785
E7,0.2,1.0,16,1.0,0.0,0.2,0,4,belief-pred,0.596750,0.658058
E7,0.2,1.0,16,1.0,0.0,0.2,0,4,ewma,0.568000,0.539256
E7,0.2,1.0,16,1.0,0.0,0.2,0,4,blend-paper,0.574750,0.567149
E7,0.2,1.0,16,1.0,0.0,0.2,0,4,saf-adaptive,0.596750,0.658058
E7,0.2,1.0,16,1.0,0.0,0.2,0,5,random,0.563000,0.507128
E7,0.2,1.0,16,1.0,0.0,0.2,0,5,round-robin,0.560250,0.495927
E7,0.2,1.0,16,1.0,0.0,0.2,0,5,oracle,0.684000,1.000000
E7,0.2,1.0,16,1.0,0.0,0.2,0,5,snr-greedy,0.571750,0.542770
E7,0.2,1.0,16,1.0,0.0,0.2,0,5,snr-greedy-loss,0.576000,0.560081
E7,0.2,1.0,16,1.0,0.0,0.2,0,5,snr-mean,0.604000,0.674134
E7,0.2,1.0,16,1.0,0.0,0.2,0,5,belief,0.577250,0.565173
E7,0.2,1.0,16,1.0,0.0,0.2,0,5,belief-pred,0.599250,0.654786
E7,0.2,1.0,16,1.0,0.0,0.2,0,5,ewma,0.566250,0.520367
E7,0.2,1.0,16,1.0,0.0,0.2,0,5,blend-paper,0.582250,0.585540
E7,0.2,1.0,16,1.0,0.0,0.2,0,5,saf-adaptive,0.599250,0.654786
E7,0.2,1.0,16,1.0,0.0,0.2,0,6,random,0.563250,0.525994
E7,0.2,1.0,16,1.0,0.0,0.2,0,6,round-robin,0.560750,0.515800
E7,0.2,1.0,16,1.0,0.0,0.2,0,6,oracle,0.679500,1.000000
E7,0.2,1.0,16,1.0,0.0,0.2,0,6,snr-greedy,0.563000,0.524975
E7,0.2,1.0,16,1.0,0.0,0.2,0,6,snr-greedy-loss,0.563500,0.527013
E7,0.2,1.0,16,1.0,0.0,0.2,0,6,snr-mean,0.586750,0.621814
E7,0.2,1.0,16,1.0,0.0,0.2,0,6,belief,0.565250,0.534149
E7,0.2,1.0,16,1.0,0.0,0.2,0,6,belief-pred,0.591750,0.642202
E7,0.2,1.0,16,1.0,0.0,0.2,0,6,ewma,0.570250,0.554536
E7,0.2,1.0,16,1.0,0.0,0.2,0,6,blend-paper,0.569250,0.550459
E7,0.2,1.0,16,1.0,0.0,0.2,0,6,saf-adaptive,0.591250,0.640163
E7,0.2,1.0,16,1.0,0.0,0.2,0,7,random,0.568250,0.490066
E7,0.2,1.0,16,1.0,0.0,0.2,0,7,round-robin,0.572250,0.507726
E7,0.2,1.0,16,1.0,0.0,0.2,0,7,oracle,0.683750,1.000000
E7,0.2,1.0,16,1.0,0.0,0.2,0,7,snr-greedy,0.568750,0.492274
E7,0.2,1.0,16,1.0,0.0,0.2,0,7,snr-greedy-loss,0.572500,0.508830
E7,0.2,1.0,16,1.0,0.0,0.2,0,7,snr-mean,0.605250,0.653422
E7,0.2,1.0,16,1.0,0.0,0.2,0,7,belief,0.579500,0.539735
E7,0.2,1.0,16,1.0,0.0,0.2,0,7,belief-pred,0.606000,0.656733
E7,0.2,1.0,16,1.0,0.0,0.2,0,7,ewma,0.584750,0.562914
E7,0.2,1.0,16,1.0,0.0,0.2,0,7,blend-paper,0.582000,0.550773
E7,0.2,1.0,16,1.0,0.0,0.2,0,7,saf-adaptive,0.605500,0.654525
E7,0.2,1.0,16,1.0,0.0,0.2,0,8,random,0.566750,0.480263
E7,0.2,1.0,16,1.0,0.0,0.2,0,8,round-robin,0.573500,0.509868
E7,0.2,1.0,16,1.0,0.0,0.2,0,8,oracle,0.685250,1.000000
E7,0.2,1.0,16,1.0,0.0,0.2,0,8,snr-greedy,0.572250,0.504386
E7,0.2,1.0,16,1.0,0.0,0.2,0,8,snr-greedy-loss,0.579500,0.536184
E7,0.2,1.0,16,1.0,0.0,0.2,0,8,snr-mean,0.589750,0.581140
E7,0.2,1.0,16,1.0,0.0,0.2,0,8,belief,0.580250,0.539474
E7,0.2,1.0,16,1.0,0.0,0.2,0,8,belief-pred,0.599750,0.625000
E7,0.2,1.0,16,1.0,0.0,0.2,0,8,ewma,0.583000,0.551535
E7,0.2,1.0,16,1.0,0.0,0.2,0,8,blend-paper,0.591500,0.588816
E7,0.2,1.0,16,1.0,0.0,0.2,0,8,saf-adaptive,0.599500,0.623904
E7,0.2,1.0,16,1.0,0.0,0.2,0,9,random,0.567250,0.526474
E7,0.2,1.0,16,1.0,0.0,0.2,0,9,round-robin,0.561250,0.502498
E7,0.2,1.0,16,1.0,0.0,0.2,0,9,oracle,0.685750,1.000000
E7,0.2,1.0,16,1.0,0.0,0.2,0,9,snr-greedy,0.569750,0.536464
E7,0.2,1.0,16,1.0,0.0,0.2,0,9,snr-greedy-loss,0.566250,0.522478
E7,0.2,1.0,16,1.0,0.0,0.2,0,9,snr-mean,0.595250,0.638362
E7,0.2,1.0,16,1.0,0.0,0.2,0,9,belief,0.572750,0.548452
E7,0.2,1.0,16,1.0,0.0,0.2,0,9,belief-pred,0.596500,0.643357
E7,0.2,1.0,16,1.0,0.0,0.2,0,9,ewma,0.578250,0.570430
E7,0.2,1.0,16,1.0,0.0,0.2,0,9,blend-paper,0.578500,0.571429
E7,0.2,1.0,16,1.0,0.0,0.2,0,9,saf-adaptive,0.596000,0.641359
E7,0.2,1.0,16,1.0,0.0,0.2,0,10,random,0.556000,0.489858
E7,0.2,1.0,16,1.0,0.0,0.2,0,10,round-robin,0.557500,0.495943
E7,0.2,1.0,16,1.0,0.0,0.2,0,10,oracle,0.681750,1.000000
E7,0.2,1.0,16,1.0,0.0,0.2,0,10,snr-greedy,0.562250,0.515213
E7,0.2,1.0,16,1.0,0.0,0.2,0,10,snr-greedy-loss,0.561000,0.510142
E7,0.2,1.0,16,1.0,0.0,0.2,0,10,snr-mean,0.602250,0.677485
E7,0.2,1.0,16,1.0,0.0,0.2,0,10,belief,0.574000,0.562880
E7,0.2,1.0,16,1.0,0.0,0.2,0,10,belief-pred,0.603750,0.683570
E7,0.2,1.0,16,1.0,0.0,0.2,0,10,ewma,0.568250,0.539554
E7,0.2,1.0,16,1.0,0.0,0.2,0,10,blend-paper,0.568500,0.540568
E7,0.2,1.0,16,1.0,0.0,0.2,0,10,saf-adaptive,0.603250,0.681542
E7,0.2,1.0,16,1.0,0.0,0.2,0,11,random,0.565000,0.507821
E7,0.2,1.0,16,1.0,0.0,0.2,0,11,round-robin,0.564500,0.505735
E7,0.2,1.0,16,1.0,0.0,0.2,0,11,oracle,0.683000,1.000000
E7,0.2,1.0,16,1.0,0.0,0.2,0,11,snr-greedy,0.567000,0.516163
E7,0.2,1.0,16,1.0,0.0,0.2,0,11,snr-greedy-loss,0.575500,0.551616
E7,0.2,1.0,16,1.0,0.0,0.2,0,11,snr-mean,0.596000,0.637122
E7,0.2,1.0,16,1.0,0.0,0.2,0,11,belief,0.577750,0.561001
E7,0.2,1.0,16,1.0,0.0,0.2,0,11,belief-pred,0.602750,0.665276
E7,0.2,1.0,16,1.0,0.0,0.2,0,11,ewma,0.572750,0.540146
E7,0.2,1.0,16,1.0,0.0,0.2,0,11,blend-paper,0.578250,0.563087
E7,0.2,1.0,16,1.0,0.0,0.2,0,11,saf-adaptive,0.598750,0.648592
E7,0.2,1.0,16,1.0,0.0,0.2,0,12,random,0.566500,0.502533
E7,0.2,1.0,16,1.0,0.0,0.2,0,12,round-robin,0.561250,0.481256
E7,0.2,1.0,16,1.0,0.0,0.2,0,12,oracle,0.689250,1.000000
E7,0.2,1.0,16,1.0,0.0,0.2,0,12,snr-greedy,0.575250,0.537994
E7,0.2,1.0,16,1.0,0.0,0.2,0,12,snr-greedy-loss,0.577250,0.546099
E7,0.2,1.0,16,1.0,0.0,0.2,0,12,snr-mean,0.603250,0.651469
E7,0.2,1.0,16,1.0,0.0,0.2,0,12,belief,0.578250,0.550152
E7,0.2,1.0,16,1.0,0.0,0.2,0,12,belief-pred,0.607750,0.669706
E7,0.2,1.0,16,1.0,0.0,0.2,0,12,ewma,0.573750,0.531915
E7,0.2,1.0,16,1.0,0.0,0.2,0,12,blend-paper,0.580500,0.559271
E7,0.2,1.0,16,1.0,0.0,0.2,0,12,saf-adaptive,0.607750,0.669706
E7,0.2,1.0,16,1.0,0.0,0.2,0,13,random,0.554250,0.483087
E7,0.2,1.0,16,1.0,0.0,0.2,0,13,round-robin,0.562250,0.516913
E7,0.2,1.0,16,1.0,0.0,0.2,0,13,oracle,0.676500,1.000000
E7,0.2,1.0,16,1.0,0.0,0.2,0,13,snr-greedy,0.563500,0.522199
E7,0.2,1.0,16,1.0,0.0,0.2,0,13,snr-greedy-loss,0.563250,0.521142
E7,0.2,1.0,16,1.0,0.0,0.2,0,13,snr-mean,0.594750,0.654334
E7,0.2,1.0,16,1.0,0.0,0.2,0,13,belief,0.561000,0.511628
E7,0.2,1.0,16,1.0,0.0,0.2,0,13,belief-pred,0.594000,0.651163
E7,0.2,1.0,16,1.0,0.0,0.2,0,13,ewma,0.579750,0.590909
E7,0.2,1.0,16,1.0,0.0,0.2,0,13,blend-paper,0.570250,0.550740
E7,0.2,1.0,16,1.0,0.0,0.2,0,13,saf-adaptive,0.594750,0.654334
E7,0.2,1.0,16,1.0,0.0,0.2,0,14,random,0.575500,0.500000
E7,0.2,1.0,16,1.0,0.0,0.2,0,14,round-robin,0.573250,0.490506
E7,0.2,1.0,16,1.0,0.0,0.2,0,14,oracle,0.694000,1.000000
E7,0.2,1.0,16,1.0,0.0,0.2,0,14,snr-greedy,0.584000,0.535865
E7,0.2,1.0,16,1.0,0.0,0.2,0,14,snr-greedy-loss,0.582750,0.530591
E7,0.2,1.0,16,1.0,0.0,0.2,0,14,snr-mean,0.618000,0.679325
E7,0.2,1.0,16,1.0,0.0,0.2,0,14,belief,0.591000,0.565401
E7,0.2,1.0,16,1.0,0.0,0.2,0,14,belief-pred,0.620750,0.690928
E7,0.2,1.0,16,1.0,0.0,0.2,0,14,ewma,0.597250,0.591772
E7,0.2,1.0,16,1.0,0.0,0.2,0,14,blend-paper,0.606250,0.629747
E7,0.2,1.0,16,1.0,0.0,0.2,0,14,saf-adaptive,0.619500,0.685654
E7,0.2,1.0,16,1.0,0.0,0.2,0,15,random,0.554000,0.485963
E7,0.2,1.0,16,1.0,0.0,0.2,0,15,round-robin,0.555750,0.492740
E7,0.2,1.0,16,1.0,0.0,0.2,0,15,oracle,0.686750,1.000000
E7,0.2,1.0,16,1.0,0.0,0.2,0,15,snr-greedy,0.571750,0.554695
E7,0.2,1.0,16,1.0,0.0,0.2,0,15,snr-greedy-loss,0.570750,0.550823
E7,0.2,1.0,16,1.0,0.0,0.2,0,15,snr-mean,0.605250,0.684414
E7,0.2,1.0,16,1.0,0.0,0.2,0,15,belief,0.573500,0.561471
E7,0.2,1.0,16,1.0,0.0,0.2,0,15,belief-pred,0.603250,0.676670
E7,0.2,1.0,16,1.0,0.0,0.2,0,15,ewma,0.588250,0.618587
E7,0.2,1.0,16,1.0,0.0,0.2,0,15,blend-paper,0.580250,0.587609
E7,0.2,1.0,16,1.0,0.0,0.2,0,15,saf-adaptive,0.603500,0.677638
E7,0.2,1.0,16,1.0,0.0,0.2,0,16,random,0.556500,0.482795
E7,0.2,1.0,16,1.0,0.0,0.2,0,16,round-robin,0.559250,0.494265
E7,0.2,1.0,16,1.0,0.0,0.2,0,16,oracle,0.680500,1.000000
E7,0.2,1.0,16,1.0,0.0,0.2,0,16,snr-greedy,0.571500,0.545360
E7,0.2,1.0,16,1.0,0.0,0.2,0,16,snr-greedy-loss,0.569000,0.534932
E7,0.2,1.0,16,1.0,0.0,0.2,0,16,snr-mean,0.586000,0.605839
E7,0.2,1.0,16,1.0,0.0,0.2,0,16,belief,0.572500,0.549531
E7,0.2,1.0,16,1.0,0.0,0.2,0,16,belief-pred,0.589250,0.619395
E7,0.2,1.0,16,1.0,0.0,0.2,0,16,ewma,0.561250,0.502607
E7,0.2,1.0,16,1.0,0.0,0.2,0,16,blend-paper,0.571500,0.545360
E7,0.2,1.0,16,1.0,0.0,0.2,0,16,saf-adaptive,0.587250,0.611053
E7,0.2,1.0,16,1.0,0.0,0.2,0,17,random,0.567000,0.509414
E7,0.2,1.0,16,1.0,0.0,0.2,0,17,round-robin,0.566000,0.505230
E7,0.2,1.0,16,1.0,0.0,0.2,0,17,oracle,0.684250,1.000000
E7,0.2,1.0,16,1.0,0.0,0.2,0,17,snr-greedy,0.561250,0.485356
E7,0.2,1.0,16,1.0,0.0,0.2,0,17,snr-greedy-loss,0.567500,0.511506
E7,0.2,1.0,16,1.0,0.0,0.2,0,17,snr-mean,0.600500,0.649582
E7,0.2,1.0,16,1.0,0.0,0.2,0,17,belief,0.570750,0.525105
E7,0.2,1.0,16,1.0,0.0,0.2,0,17,belief-pred,0.607750,0.679916
E7,0.2,1.0,16,1.0,0.0,0.2,0,17,ewma,0.586250,0.589958
E7,0.2,1.0,16,1.0,0.0,0.2,0,17,blend-paper,0.583000,0.576360
E7,0.2,1.0,16,1.0,0.0,0.2,0,17,saf-adaptive,0.605000,0.668410
E7,0.2,1.0,16,1.0,0.0,0.2,0,18,random,0.544750,0.466229
E7,0.2,1.0,16,1.0,0.0,0.2,0,18,round-robin,0.554250,0.501876
E7,0.2,1.0,16,1.0,0.0,0.2,0,18,oracle,0.687000,1.000000
E7,0.2,1.0,16,1.0,0.0,0.2,0,18,snr-greedy,0.561250,0.528143
E7,0.2,1.0,16,1.0,0.0,0.2,0,18,snr-greedy-loss,0.562750,0.533771
E7,0.2,1.0,16,1.0,0.0,0.2,0,18,snr-mean,0.601750,0.680113
E7,0.2,1.0,16,1.0,0.0,0.2,0,18,belief,0.566750,0.548780
E7,0.2,1.0,16,1.0,0.0,0.2,0,18,belief-pred,0.605250,0.693246
E7,0.2,1.0,16,1.0,0.0,0.2,0,18,ewma,0.585250,0.618199
E7,0.2,1.0,16,1.0,0.0,0.2,0,18,blend-paper,0.585500,0.619137
E7,0.2,1.0,16,1.0,0.0,0.2,0,18,saf-adaptive,0.605500,0.694184
E7,0.2,1.0,16,1.0,0.0,0.2,0,19,random,0.558750,0.496970
E7,0.2,1.0,16,1.0,0.0,0.2,0,19,round-robin,0.558000,0.493939
E7,0.2,1.0,16,1.0,0.0,0.2,0,19,oracle,0.683250,1.000000
E7,0.2,1.0,16,1.0,0.0,0.2,0,19,snr-greedy,0.575500,0.564646
E7,0.2,1.0,16,1.0,0.0,0.2,0,19,snr-greedy-loss,0.577500,0.572727
E7,0.2,1.0,16,1.0,0.0,0.2,0,19,snr-mean,0.602500,0.673737
E7,0.2,1.0,16,1.0,0.0,0.2,0,19,belief,0.578750,0.577778
E7,0.2,1.0,16,1.0,0.0,0.2,0,19,belief-pred,0.600750,0.666667
E7,0.2,1.0,16,1.0,0.0,0.2,0,19,ewma,0.580750,0.585859
E7,0.2,1.0,16,1.0,0.0,0.2,0,19,blend-paper,0.589000,0.619192
E7,0.2,1.0,16,1.0,0.0,0.2,0,19,saf-adaptive,0.601000,0.667677
E7,0.2,1.0,16,1.0,0.0,0.2,0,20,random,0.563000,0.501010
E7,0.2,1.0,16,1.0,0.0,0.2,0,20,round-robin,0.566500,0.515152
E7,0.2,1.0,16,1.0,0.0,0.2,0,20,oracle,0.686500,1.000000
E7,0.2,1.0,16,1.0,0.0,0.2,0,20,snr-greedy,0.564250,0.506061
E7,0.2,1.0,16,1.0,0.0,0.2,0,20,snr-greedy-loss,0.567250,0.518182
E7,0.2,1.0,16,1.0,0.0,0.2,0,20,snr-mean,0.592750,0.621212
E7,0.2,1.0,16,1.0,0.0,0.2,0,20,belief,0.568500,0.523232
E7,0.2,1.0,16,1.0,0.0,0.2,0,20,belief-pred,0.598500,0.644444
E7,0.2,1.0,16,1.0,0.0,0.2,0,20,ewma,0.568250,0.522222
E7,0.2,1.0,16,1.0,0.0,0.2,0,20,blend-paper,0.574500,0.547475
E7,0.2,1.0,16,1.0,0.0,0.2,0,20,saf-adaptive,0.599000,0.646465
E7,0.2,1.0,16,1.0,0.0,0.2,0,21,random,0.557750,0.506931
E7,0.2,1.0,16,1.0,0.0,0.2,0,21,round-robin,0.557250,0.504950
E7,0.2,1.0,16,1.0,0.0,0.2,0,21,oracle,0.682250,1.000000
E7,0.2,1.0,16,1.0,0.0,0.2,0,21,snr-greedy,0.549250,0.473267
E7,0.2,1.0,16,1.0,0.0,0.2,0,21,snr-greedy-loss,0.553750,0.491089
E7,0.2,1.0,16,1.0,0.0,0.2,0,21,snr-mean,0.577750,0.586139
E7,0.2,1.0,16,1.0,0.0,0.2,0,21,belief,0.559500,0.513861
E7,0.2,1.0,16,1.0,0.0,0.2,0,21,belief-pred,0.584750,0.613861
E7,0.2,1.0,16,1.0,0.0,0.2,0,21,ewma,0.566500,0.541584
E7,0.2,1.0,16,1.0,0.0,0.2,0,21,blend-paper,0.557500,0.505941
E7,0.2,1.0,16,1.0,0.0,0.2,0,21,saf-adaptive,0.584000,0.610891
E7,0.2,1.0,16,1.0,0.0,0.2,0,22,random,0.567750,0.486911
E7,0.2,1.0,16,1.0,0.0,0.2,0,22,round-robin,0.567500,0.485864
E7,0.2,1.0,16,1.0,0.0,0.2,0,22,oracle,0.690250,1.000000
E7,0.2,1.0,16,1.0,0.0,0.2,0,22,snr-greedy,0.575250,0.518325
E7,0.2,1.0,16,1.0,0.0,0.2,0,22,snr-greedy-loss,0.576250,0.522513
E7,0.2,1.0,16,1.0,0.0,0.2,0,22,snr-mean,0.590250,0.581152
E7,0.2,1.0,16,1.0,0.0,0.2,0,22,belief,0.579500,0.536126
E7,0.2,1.0,16,1.0,0.0,0.2,0,22,belief-pred,0.595750,0.604188
E7,0.2,1.0,16,1.0,0.0,0.2,0,22,ewma,0.574750,0.516230
E7,0.2,1.0,16,1.0,0.0,0.2,0,22,blend-paper,0.580250,0.539267
E7,0.2,1.0,16,1.0,0.0,0.2,0,22,saf-adaptive,0.595250,0.602094
E7,0.2,1.0,16,1.0,0.0,0.2,0,23,random,0.558000,0.492739
E7,0.2,1.0,16,1.0,0.0,0.2,0,23,round-robin,0.556000,0.484440
E7,0.2,1.0,16,1.0,0.0,0.2,0,23,oracle,0.680250,1.000000
E7,0.2,1.0,16,1.0,0.0,0.2,0,23,snr-greedy,0.560250,0.502075
E7,0.2,1.0,16,1.0,0.0,0.2,0,23,snr-greedy-loss,0.560250,0.502075
E7,0.2,1.0,16,1.0,0.0,0.2,0,23,snr-mean,0.596250,0.651452
E7,0.2,1.0,16,1.0,0.0,0.2,0,23,belief,0.565750,0.524896
E7,0.2,1.0,16,1.0,0.0,0.2,0,23,belief-pred,0.600000,0.667012
E7,0.2,1.0,16,1.0,0.0,0.2,0,23,ewma,0.582000,0.592324
E7,0.2,1.0,16,1.0,0.0,0.2,0,23,blend-paper,0.581000,0.588174
E7,0.2,1.0,16,1.0,0.0,0.2,0,23,saf-adaptive,0.598750,0.661826
E7,0.2,1.0,16,1.0,0.0,0.2,0,24,random,0.554500,0.492110
E7,0.2,1.0,16,1.0,0.0,0.2,0,24,round-robin,0.553750,0.489152
E7,0.2,1.0,16,1.0,0.0,0.2,0,24,oracle,0.683250,1.000000
E7,0.2,1.0,16,1.0,0.0,0.2,0,24,snr-greedy,0.563000,0.525641
E7,0.2,1.0,16,1.0,0.0,0.2,0,24,snr-greedy-loss,0.565500,0.535503
E7,0.2,1.0,16,1.0,0.0,0.2,0,24,snr-mean,0.596000,0.655819
E7,0.2,1.0,16,1.0,0.0,0.2,0,24,belief,0.568750,0.548323
E7,0.2,1.0,16,1.0,0.0,0.2,0,24,belief-pred,0.597000,0.659763
E7,0.2,1.0,16,1.0,0.0,0.2,0,24,ewma,0.582250,0.601578
E7,0.2,1.0,16,1.0,0.0,0.2,0,24,blend-paper,0.578500,0.586785
E7,0.2,1.0,16,1.0,0.0,0.2,0,24,saf-adaptive,0.596250,0.656805
E7,0.2,1.0,16,1.0,0.0,0.2,0,25,random,0.559500,0.489861
E7,0.2,1.0,16,1.0,0.0,0.2,0,25,round-robin,0.560500,0.494130
E7,0.2,1.0,16,1.0,0.0,0.2,0,25,oracle,0.679000,1.000000
E7,0.2,1.0,16,1.0,0.0,0.2,0,25,snr-greedy,0.560250,0.493063
E7,0.2,1.0,16,1.0,0.0,0.2,0,25,snr-greedy-loss,0.564000,0.509072
E7,0.2,1.0,16,1.0,0.0,0.2,0,25,snr-mean,0.593000,0.632871
E7,0.2,1.0,16,1.0,0.0,0.2,0,25,belief,0.565000,0.513340
E7,0.2,1.0,16,1.0,0.0,0.2,0,25,belief-pred,0.595750,0.644610
E7,0.2,1.0,16,1.0,0.0,0.2,0,25,ewma,0.584000,0.594450
E7,0.2,1.0,16,1.0,0.0,0.2,0,25,blend-paper,0.582250,0.586980
E7,0.2,1.0,16,1.0,0.0,0.2,0,25,saf-adaptive,0.596000,0.645678
E7,0.2,1.0,16,1.0,0.0,0.2,0,26,random,0.571000,0.514940
E7,0.2,1.0,16,1.0,0.0,0.2,0,26,round-robin,0.570750,0.513944
E7,0.2,1.0,16,1.0,0.0,0.2,0,26,oracle,0.692750,1.000000
E7,0.2,1.0,16,1.0,0.0,0.2,0,26,snr-greedy,0.577250,0.539841
E7,0.2,1.0,16,1.0,0.0,0.2,0,26,snr-greedy-loss,0.576500,0.536853
E7,0.2,1.0,16,1.0,0.0,0.2,0,26,snr-mean,0.602250,0.639442
E7,0.2,1.0,16,1.0,0.0,0.2,0,26,belief,0.580250,0.551793
E7,0.2,1.0,16,1.0,0.0,0.2,0,26,belief-pred,0.613000,0.682271
E7,0.2,1.0,16,1.0,0.0,0.2,0,26,ewma,0.576250,0.535857
E7,0.2,1.0,16,1.0,0.0,0.2,0,26,blend-paper,0.582500,0.560757
E7,0.2,1.0,16,1.0,0.0,0.2,0,26,saf-adaptive,0.613000,0.682271
E7,0.2,1.0,16,1.0,0.0,0.2,0,27,random,0.560000,0.494461
E7,0.2,1.0,16,1.0,0.0,0.2,0,27,round-robin,0.561500,0.500504
E7,0.2,1.0,16,1.0,0.0,0.2,0,27,oracle,0.685500,1.000000
E7,0.2,1.0,16,1.0,0.0,0.2,0,27,snr-greedy,0.576000,0.558912
E7,0.2,1.0,16,1.0,0.0,0.2,0,27,snr-greedy-loss,0.577750,0.565962
E7,0.2,1.0,16,1.0,0.0,0.2,0,27,snr-mean,0.599000,0.651561
E7,0.2,1.0,16,1.0,0.0,0.2,0,27,belief,0.581250,0.580060
E7,0.2,1.0,16,1.0,0.0,0.2,0,27,belief-pred,0.604250,0.672709
E7,0.2,1.0,16,1.0,0.0,0.2,0,27,ewma,0.576250,0.559919
E7,0.2,1.0,16,1.0,0.0,0.2,0,27,blend-paper,0.570750,0.537764
E7,0.2,1.0,16,1.0,0.0,0.2,0,27,saf-adaptive,0.603250,0.668681
E7,0.2,1.0,16,1.0,0.0,0.2,0,28,random,0.567500,0.510053
E7,0.2,1.0,16,1.0,0.0,0.2,0,28,round-robin,0.566750,0.506878
E7,0.2,1.0,16,1.0,0.0,0.2,0,28,oracle,0.683250,1.000000
E7,0.2,1.0,16,1.0,0.0,0.2,0,28,snr-greedy,0.562500,0.488889
E7,0.2,1.0,16,1.0,0.0,0.2,0,28,snr-greedy-loss,0.566750,0.506878
E7,0.2,1.0,16,1.0,0.0,0.2,0,28,snr-mean,0.598500,0.641270
E7,0.2,1.0,16,1.0,0.0,0.2,0,28,belief,0.574000,0.537566
E7,0.2,1.0,16,1.0,0.0,0.2,0,28,belief-pred,0.601000,0.651852
E7,0.2,1.0,16,1.0,0.0,0.2,0,28,ewma,0.577500,0.552381
E7,0.2,1.0,16,1.0,0.0,0.2,0,28,blend-paper,0.583500,0.577778
E7,0.2,1.0,16,1.0,0.0,0.2,0,28,saf-adaptive,0.593750,0.621164
E7,0.2,1.0,16,1.0,0.0,0.2,0,29,random,0.563750,0.477131
E7,0.2,1.0,16,1.0,0.0,0.2,0,29,round-robin,0.565250,0.483368
E7,0.2,1.0,16,1.0,0.0,0.2,0,29,oracle,0.689500,1.000000
E7,0.2,1.0,16,1.0,0.0,0.2,0,29,snr-greedy,0.574250,0.520790
E7,0.2,1.0,16,1.0,0.0,0.2,0,29,snr-greedy-loss,0.576000,0.528067
E7,0.2,1.0,16,1.0,0.0,0.2,0,29,snr-mean,0.600750,0.630977
E7,0.2,1.0,16,1.0,0.0,0.2,0,29,belief,0.577250,0.533264
E7,0.2,1.0,16,1.0,0.0,0.2,0,29,belief-pred,0.602000,0.636175
E7,0.2,1.0,16,1.0,0.0,0.2,0,29,ewma,0.594500,0.604990
E7,0.2,1.0,16,1.0,0.0,0.2,0,29,blend-paper,0.592500,0.596674
E7,0.2,1.0,16,1.0,0.0,0.2,0,29,saf-adaptive,0.601500,0.634096
E7,0.2,1.0,16,1.0,0.0,0.2,0,30,random,0.554000,0.502478
E7,0.2,1.0,16,1.0,0.0,0.2,0,30,round-robin,0.552250,0.495540
E7,0.2,1.0,16,1.0,0.0,0.2,0,30,oracle,0.679500,1.000000
E7,0.2,1.0,16,1.0,0.0,0.2,0,30,snr-greedy,0.558250,0.519326
E7,0.2,1.0,16,1.0,0.0,0.2,0,30,snr-greedy-loss,0.560250,0.527255
E7,0.2,1.0,16,1.0,0.0,0.2,0,30,snr-mean,0.586000,0.629336
E7,0.2,1.0,16,1.0,0.0,0.2,0,30,belief,0.559500,0.524281
E7,0.2,1.0,16,1.0,0.0,0.2,0,30,belief-pred,0.593750,0.660059
E7,0.2,1.0,16,1.0,0.0,0.2,0,30,ewma,0.568250,0.558969
E7,0.2,1.0,16,1.0,0.0,0.2,0,30,blend-paper,0.566000,0.550050
E7,0.2,1.0,16,1.0,0.0,0.2,0,30,saf-adaptive,0.594750,0.664024
E7,0.2,1.0,16,1.0,0.0,0.2,0,31,random,0.561250,0.498483
E7,0.2,1.0,16,1.0,0.0,0.2,0,31,round-robin,0.561250,0.498483
E7,0.2,1.0,16,1.0,0.0,0.2,0,31,oracle,0.685250,1.000000
E7,0.2,1.0,16,1.0,0.0,0.2,0,31,snr-greedy,0.567250,0.522750
E7,0.2,1.0,16,1.0,0.0,0.2,0,31,snr-greedy-loss,0.569000,0.529828
E7,0.2,1.0,16,1.0,0.0,0.2,0,31,snr-mean,0.595500,0.637007
E7,0.2,1.0,16,1.0,0.0,0.2,0,31,belief,0.577750,0.565217
E7,0.2,1.0,16,1.0,0.0,0.2,0,31,belief-pred,0.603500,0.669363
E7,0.2,1.0,16,1.0,0.0,0.2,0,31,ewma,0.578500,0.568251
E7,0.2,1.0,16,1.0,0.0,0.2,0,31,blend-paper,0.584500,0.592518
E7,0.2,1.0,16,1.0,0.0,0.2,0,31,saf-adaptive,0.603500,0.669363
E7,0.2,1.0,16,1.0,0.0,0.2,0,32,random,0.557500,0.480652
E7,0.2,1.0,16,1.0,0.0,0.2,0,32,round-robin,0.558250,0.483707
E7,0.2,1.0,16,1.0,0.0,0.2,0,32,oracle,0.685000,1.000000
E7,0.2,1.0,16,1.0,0.0,0.2,0,32,snr-greedy,0.571750,0.538697
E7,0.2,1.0,16,1.0,0.0,0.2,0,32,snr-greedy-loss,0.574000,0.547862
E7,0.2,1.0,16,1.0,0.0,0.2,0,32,snr-mean,0.603750,0.669043
E7,0.2,1.0,16,1.0,0.0,0.2,0,32,belief,0.577750,0.563136
E7,0.2,1.0,16,1.0,0.0,0.2,0,32,belief-pred,0.606000,0.678208
E7,0.2,1.0,16,1.0,0.0,0.2,0,32,ewma,0.581000,0.576375
E7,0.2,1.0,16,1.0,0.0,0.2,0,32,blend-paper,0.576750,0.559063
E7,0.2,1.0,16,1.0,0.0,0.2,0,32,saf-adaptive,0.605250,0.675153
E7,0.2,1.0,16,1.0,0.0,0.2,0,33,random,0.568250,0.516684
E7,0.2,1.0,16,1.0,0.0,0.2,0,33,round-robin,0.561750,0.490394
E7,0.2,1.0,16,1.0,0.0,0.2,0,33,oracle,0.687750,1.000000
E7,0.2,1.0,16,1.0,0.0,0.2,0,33,snr-greedy,0.569250,0.520728
E7,0.2,1.0,16,1.0,0.0,0.2,0,33,snr-greedy-loss,0.572250,0.532861
E7,0.2,1.0,16,1.0,0.0,0.2,0,33,snr-mean,0.595500,0.626896
E7,0.2,1.0,16,1.0,0.0,0.2,0,33,belief,0.579500,0.562184
E7,0.2,1.0,16,1.0,0.0,0.2,0,33,belief-pred,0.602250,0.654196
E7,0.2,1.0,16,1.0,0.0,0.2,0,33,ewma,0.590000,0.604651
E7,0.2,1.0,16,1.0,0.0,0.2,0,33,blend-paper,0.580750,0.567240
E7,0.2,1.0,16,1.0,0.0,0.2,0,33,saf-adaptive,0.603000,0.657230
E7,0.2,1.0,16,1.0,0.0,0.2,0,34,random,0.561250,0.509824
E7,0.2,1.0,16,1.0,0.0,0.2,0,34,round-robin,0.557500,0.494312
E7,0.2,1.0,16,1.0,0.0,0.2,0,34,oracle,0.679750,1.000000
E7,0.2,1.0,16,1.0,0.0,0.2,0,34,snr-greedy,0.561750,0.511892
E7,0.2,1.0,16,1.0,0.0,0.2,0,34,snr-greedy-loss,0.564250,0.522234
E7,0.2,1.0,16,1.0,0.0,0.2,0,34,snr-mean,0.583000,0.599793
E7,0.2,1.0,16,1.0,0.0,0.2,0,34,belief,0.564000,0.521200
E7,0.2,1.0,16,1.0,0.0,0.2,0,34,belief-pred,0.586500,0.614271
E7,0.2,1.0,16,1.0,0.0,0.2,0,34,ewma,0.566500,0.531541
E7,0.2,1.0,16,1.0,0.0,0.2,0,34,blend-paper,0.561750,0.511892
E7,0.2,1.0,16,1.0,0.0,0.2,0,34,saf-adaptive,0.586750,0.615305
E7,0.2,1.0,16,1.0,0.0,0.2,0,35,random,0.567250,0.491803
E7,0.2,1.0,16,1.0,0.0,0.2,0,35,round-robin,0.570000,0.503074
E7,0.2,1.0,16,1.0,0.0,0.2,0,35,oracle,0.691250,1.000000
E7,0.2,1.0,16,1.0,0.0,0.2,0,35,snr-greedy,0.574500,0.521516
E7,0.2,1.0,16,1.0,0.0,0.2,0,35,snr-greedy-loss,0.578250,0.536885
E7,0.2,1.0,16,1.0,0.0,0.2,0,35,snr-mean,0.605750,0.649590
E7,0.2,1.0,16,1.0,0.0,0.2,0,35,belief,0.582500,0.554303
E7,0.2,1.0,16,1.0,0.0,0.2,0,35,belief-pred,0.609750,0.665984
E7,0.2,1.0,16,1.0,0.0,0.2,0,35,ewma,0.589250,0.581967
E7,0.2,1.0,16,1.0,0.0,0.2,0,35,blend-paper,0.593500,0.599385
E7,0.2,1.0,16,1.0,0.0,0.2,0,35,saf-adaptive,0.608500,0.660861
E7,0.2,1.0,16,1.0,0.0,0.2,0,36,random,0.566250,0.498419
E7,0.2,1.0,16,1.0,0.0,0.2,0,36,round-robin,0.568500,0.507903
E7,0.2,1.0,16,1.0,0.0,0.2,0,36,oracle,0.685250,1.000000
E7,0.2,1.0,16,1.0,0.0,0.2,0,36,snr-greedy,0.576750,0.542677
E7,0.2,1.0,16,1.0,0.0,0.2,0,36,snr-greedy-loss,0.576250,0.540569
E7,0.2,1.0,16,1.0,0.0,0.2,0,36,snr-mean,0.595750,0.622761
E7,0.2,1.0,16,1.0,0.0,0.2,0,36,belief,0.577250,0.544784
E7,0.2,1.0,16,1.0,0.0,0.2,0,36,belief-pred,0.600000,0.640674
E7,0.2,1.0,16,1.0,0.0,0.2,0,36,ewma,0.578000,0.547945
E7,0.2,1.0,16,1.0,0.0,0.2,0,36,blend-paper,0.587000,0.585880
E7,0.2,1.0,16,1.0,0.0,0.2,0,36,saf-adaptive,0.600000,0.640674
E7,0.2,1.0,16,1.0,0.0,0.2,0,37,random,0.574750,0.529472
E7,0.2,1.0,16,1.0,0.0,0.2,0,37,round-robin,0.568250,0.503049
E7,0.2,1.0,16,1.0,0.0,0.2,0,37,oracle,0.690500,1.000000
E7,0.2,1.0,16,1.0,0.0,0.2,0,37,snr-greedy,0.579500,0.548780
E7,0.2,1.0,16,1.0,0.0,0.2,0,37,snr-greedy-loss,0.582500,0.560976
E7,0.2,1.0,16,1.0,0.0,0.2,0,37,snr-mean,0.616250,0.698171
E7,0.2,1.0,16,1.0,0.0,0.2,0,37,belief,0.584250,0.568089
E7,0.2,1.0,16,1.0,0.0,0.2,0,37,belief-pred,0.615250,0.694106
E7,0.2,1.0,16,1.0,0.0,0.2,0,37,ewma,0.598500,0.626016
E7,0.2,1.0,16,1.0,0.0,0.2,0,37,blend-paper,0.595250,0.612805
E7,0.2,1.0,16,1.0,0.0,0.2,0,37,saf-adaptive,0.615250,0.694106
E7,0.2,1.0,16,1.0,0.0,0.2,0,38,random,0.571750,0.497972
E7,0.2,1.0,16,1.0,0.0,0.2,0,38,round-robin,0.576500,0.517241
E7,0.2,1.0,16,1.0,0.0,0.2,0,38,oracle,0.695500,1.000000
E7,0.2,1.0,16,1.0,0.0,0.2,0,38,snr-greedy,0.577500,0.521298
E7,0.2,1.0,16,1.0,0.0,0.2,0,38,snr-greedy-loss,0.576500,0.517241
E7,0.2,1.0,16,1.0,0.0,0.2,0,38,snr-mean,0.604500,0.630832
E7,0.2,1.0,16,1.0,0.0,0.2,0,38,belief,0.584000,0.547667
E7,0.2,1.0,16,1.0,0.0,0.2,0,38,belief-pred,0.609500,0.651116
E7,0.2,1.0,16,1.0,0.0,0.2,0,38,ewma,0.594250,0.589249
E7,0.2,1.0,16,1.0,0.0,0.2,0,38,blend-paper,0.591000,0.576065
E7,0.2,1.0,16,1.0,0.0,0.2,0,38,saf-adaptive,0.609750,0.652130
E7,0.2,1.0,16,1.0,0.0,0.2,0,39,random,0.563000,0.495992
E7,0.2,1.0,16,1.0,0.0,0.2,0,39,round-robin,0.564500,0.502004
E7,0.2,1.0,16,1.0,0.0,0.2,0,39,oracle,0.688750,1.000000
E7,0.2,1.0,16,1.0,0.0,0.2,0,39,snr-greedy,0.564500,0.502004
E7,0.2,1.0,16,1.0,0.0,0.2,0,39,snr-greedy-loss,0.566500,0.510020
E7,0.2,1.0,16,1.0,0.0,0.2,0,39,snr-mean,0.606000,0.668337
E7,0.2,1.0,16,1.0,0.0,0.2,0,39,belief,0.572500,0.534068
E7,0.2,1.0,16,1.0,0.0,0.2,0,39,belief-pred,0.608000,0.676353
E7,0.2,1.0,16,1.0,0.0,0.2,0,39,ewma,0.577500,0.554108
E7,0.2,1.0,16,1.0,0.0,0.2,0,39,blend-paper,0.591500,0.610220
E7,0.2,1.0,16,1.0,0.0,0.2,0,39,saf-adaptive,0.607000,0.672345
E7,0.2,1.0,16,1.0,0.0,0.2,0,40,random,0.562250,0.533804
E7,0.2,1.0,16,1.0,0.0,0.2,0,40,round-robin,0.554500,0.502523
E7,0.2,1.0,16,1.0,0.0,0.2,0,40,oracle,0.677750,1.000000
E7,0.2,1.0,16,1.0,0.0,0.2,0,40,snr-greedy,0.562250,0.533804
E7,0.2,1.0,16,1.0,0.0,0.2,0,40,snr-greedy-loss,0.568250,0.558022
E7,0.2,1.0,16,1.0,0.0,0.2,0,40,snr-mean,0.582500,0.615540
E7,0.2,1.0,16,1.0,0.0,0.2,0,40,belief,0.570000,0.565086
E7,0.2,1.0,16,1.0,0.0,0.2,0,40,belief-pred,0.584750,0.624622
E7,0.2,1.0,16,1.0,0.0,0.2,0,40,ewma,0.554500,0.502523
E7,0.2,1.0,16,1.0,0.0,0.2,0,40,blend-paper,0.566250,0.549950
E7,0.2,1.0,16,1.0,0.0,0.2,0,40,saf-adaptive,0.585250,0.626640
E7,0.2,1.0,16,1.0,0.0,0.2,0,41,random,0.553500,0.473738
E7,0.2,1.0,16,1.0,0.0,0.2,0,41,round-robin,0.559000,0.496395
E7,0.2,1.0,16,1.0,0.0,0.2,0,41,oracle,0.681250,1.000000
E7,0.2,1.0,16,1.0,0.0,0.2,0,41,snr-greedy,0.552750,0.470649
E7,0.2,1.0,16,1.0,0.0,0.2,0,41,snr-greedy-loss,0.560250,0.501545
E7,0.2,1.0,16,1.0,0.0,0.2,0,41,snr-mean,0.578750,0.577755
E7,0.2,1.0,16,1.0,0.0,0.2,0,41,belief,0.560500,0.502575
E7,0.2,1.0,16,1.0,0.0,0.2,0,41,belief-pred,0.578750,0.577755
E7,0.2,1.0,16,1.0,0.0,0.2,0,41,ewma,0.583250,0.596292
E7,0.2,1.0,16,1.0,0.0,0.2,0,41,blend-paper,0.574750,0.561277
E7,0.2,1.0,16,1.0,0.0,0.2,0,41,saf-adaptive,0.581250,0.588054
E7,0.2,1.0,16,1.0,0.0,0.2,0,42,random,0.552500,0.510978
E7,0.2,1.0,16,1.0,0.0,0.2,0,42,round-robin,0.546750,0.488024
E7,0.2,1.0,16,1.0,0.0,0.2,0,42,oracle,0.675000,1.000000
E7,0.2,1.0,16,1.0,0.0,0.2,0,42,snr-greedy,0.555500,0.522954
E7,0.2,1.0,16,1.0,0.0,0.2,0,42,snr-greedy-loss,0.558250,0.533932
E7,0.2,1.0,16,1.0,0.0,0.2,0,42,snr-mean,0.579000,0.616766
E7,0.2,1.0,16,1.0,0.0,0.2,0,42,belief,0.563250,0.553892
E7,0.2,1.0,16,1.0,0.0,0.2,0,42,belief-pred,0.582000,0.628743
E7,0.2,1.0,16,1.0,0.0,0.2,0,42,ewma,0.578500,0.614770
E7,0.2,1.0,16,1.0,0.0,0.2,0,42,blend-paper,0.574750,0.599800
E7,0.2,1.0,16,1.0,0.0,0.2,0,42,saf-adaptive,0.582750,0.631737
E7,0.2,1.0,16,1.0,0.0,0.2,0,43,random,0.562750,0.506694
E7,0.2,1.0,16,1.0,0.0,0.2,0,43,round-robin,0.561000,0.499485
E7,0.2,1.0,16,1.0,0.0,0.2,0,43,oracle,0.682500,1.000000
E7,0.2,1.0,16,1.0,0.0,0.2,0,43,snr-greedy,0.568000,0.528321
E7,0.2,1.0,16,1.0,0.0,0.2,0,43,snr-greedy-loss,0.572000,0.544799
E7,0.2,1.0,16,1.0,0.0,0.2,0,43,snr-mean,0.588250,0.611740
E7,0.2,1.0,16,1.0,0.0,0.2,0,43,belief,0.577500,0.567456
E7,0.2,1.0,16,1.0,0.0,0.2,0,43,belief-pred,0.590250,0.619979
E7,0.2,1.0,16,1.0,0.0,0.2,0,43,ewma,0.581750,0.584964
E7,0.2,1.0,16,1.0,0.0,0.2,0,43,blend-paper,0.582250,0.587024
E7,0.2,1.0,16,1.0,0.0,0.2,0,43,saf-adaptive,0.589250,0.615860
E7,0.2,1.0,16,1.0,0.0,0.2,0,44,random,0.566750,0.501577
E7,0.2,1.0,16,1.0,0.0,0.2,0,44,round-robin,0.569500,0.513144
E7,0.2,1.0,16,1.0,0.0,0.2,0,44,oracle,0.685250,1.000000
E7,0.2,1.0,16,1.0,0.0,0.2,0,44,snr-greedy,0.575250,0.537329
E7,0.2,1.0,16,1.0,0.0,0.2,0,44,snr-greedy-loss,0.574250,0.533123
E7,0.2,1.0,16,1.0,0.0,0.2,0,44,snr-mean,0.597000,0.628812
E7,0.2,1.0,16,1.0,0.0,0.2,0,44,belief,0.581250,0.562566
E7,0.2,1.0,16,1.0,0.0,0.2,0,44,belief-pred,0.608750,0.678233
E7,0.2,1.0,16,1.0,0.0,0.2,0,44,ewma,0.575750,0.539432
E7,0.2,1.0,16,1.0,0.0,0.2,0,44,blend-paper,0.585750,0.581493
E7,0.2,1.0,16,1.0,0.0,0.2,0,44,saf-adaptive,0.606750,0.669821
E7,0.2,1.0,16,1.0,0.0,0.2,0,45,random,0.558250,0.508565
E7,0.2,1.0,16,1.0,0.0,0.2,0,45,round-robin,0.557000,0.503212
E7,0.2,1.0,16,1.0,0.0,0.2,0,45,oracle,0.673000,1.000000
E7,0.2,1.0,16,1.0,0.0,0.2,0,45,snr-greedy,0.555250,0.495717
E7,0.2,1.0,16,1.0,0.0,0.2,0,45,snr-greedy-loss,0.559750,0.514989
E7,0.2,1.0,16,1.0,0.0,0.2,0,45,snr-mean,0.590750,0.647752
E7,0.2,1.0,16,1.0,0.0,0.2,0,45,belief,0.559250,0.512848
E7,0.2,1.0,16,1.0,0.0,0.2,0,45,belief-pred,0.588250,0.637045
E7,0.2,1.0,16,1.0,0.0,0.2,0,45,ewma,0.559000,0.511777
E7,0.2,1.0,16,1.0,0.0,0.2,0,45,blend-paper,0.562000,0.524625
E7,0.2,1.0,16,1.0,0.0,0.2,0,45,saf-adaptive,0.589250,0.641328
E7,0.2,1.0,16,1.0,0.0,0.2,0,46,random,0.560000,0.504124
E7,0.2,1.0,16,1.0,0.0,0.2,0,46,round-robin,0.557500,0.493814
E7,0.2,1.0,16,1.0,0.0,0.2,0,46,oracle,0.680250,1.000000
E7,0.2,1.0,16,1.0,0.0,0.2,0,46,snr-greedy,0.573750,0.560825
E7,0.2,1.0,16,1.0,0.0,0.2,0,46,snr-greedy-loss,0.565500,0.526804
E7,0.2,1.0,16,1.0,0.0,0.2,0,46,snr-mean,0.580750,0.589691
E7,0.2,1.0,16,1.0,0.0,0.2,0,46,belief,0.572250,0.554639
E7,0.2,1.0,16,1.0,0.0,0.2,0,46,belief-pred,0.584750,0.606186
E7,0.2,1.0,16,1.0,0.0,0.2,0,46,ewma,0.566000,0.528866
E7,0.2,1.0,16,1.0,0.0,0.2,0,46,blend-paper,0.576250,0.571134
E7,0.2,1.0,16,1.0,0.0,0.2,0,46,saf-adaptive,0.584250,0.604124
E7,0.2,1.0,16,1.0,0.0,0.2,0,47,random,0.565500,0.503992
E7,0.2,1.0,16,1.0,0.0,0.2,0,47,round-robin,0.566500,0.507984
E7,0.2,1.0,16,1.0,0.0,0.2,0,47,oracle,0.689750,1.000000
E7,0.2,1.0,16,1.0,0.0,0.2,0,47,snr-greedy,0.571000,0.525948
E7,0.2,1.0,16,1.0,0.0,0.2,0,47,snr-greedy-loss,0.574250,0.538922
E7,0.2,1.0,16,1.0,0.0,0.2,0,47,snr-mean,0.606250,0.666667
E7,0.2,1.0,16,1.0,0.0,0.2,0,47,belief,0.576500,0.547904
E7,0.2,1.0,16,1.0,0.0,0.2,0,47,belief-pred,0.602750,0.652695
E7,0.2,1.0,16,1.0,0.0,0.2,0,47,ewma,0.566750,0.508982
E7,0.2,1.0,16,1.0,0.0,0.2,0,47,blend-paper,0.572750,0.532934
E7,0.2,1.0,16,1.0,0.0,0.2,0,47,saf-adaptive,0.602750,0.652695
E7,0.2,1.0,16,1.0,0.0,0.2,0,48,random,0.560750,0.504683
E7,0.2,1.0,16,1.0,0.0,0.2,0,48,round-robin,0.555500,0.482830
E7,0.2,1.0,16,1.0,0.0,0.2,0,48,oracle,0.679750,1.000000
E7,0.2,1.0,16,1.0,0.0,0.2,0,48,snr-greedy,0.565500,0.524454
E7,0.2,1.0,16,1.0,0.0,0.2,0,48,snr-greedy-loss,0.568250,0.535900
E7,0.2,1.0,16,1.0,0.0,0.2,0,48,snr-mean,0.596500,0.653486
E7,0.2,1.0,16,1.0,0.0,0.2,0,48,belief,0.569500,0.541103
E7,0.2,1.0,16,1.0,0.0,0.2,0,48,belief-pred,0.594750,0.646202
E7,0.2,1.0,16,1.0,0.0,0.2,0,48,ewma,0.580750,0.587929
E7,0.2,1.0,16,1.0,0.0,0.2,0,48,blend-paper,0.576500,0.570239
E7,0.2,1.0,16,1.0,0.0,0.2,0,48,saf-adaptive,0.595750,0.650364
E7,0.2,1.0,16,1.0,0.0,0.2,0,49,random,0.561500,0.513402
E7,0.2,1.0,16,1.0,0.0,0.2,0,49,round-robin,0.561750,0.514433
E7,0.2,1.0,16,1.0,0.0,0.2,0,49,oracle,0.679500,1.000000
E7,0.2,1.0,16,1.0,0.0,0.2,0,49,snr-greedy,0.566000,0.531959
E7,0.2,1.0,16,1.0,0.0,0.2,0,49,snr-greedy-loss,0.566250,0.532990
E7,0.2,1.0,16,1.0,0.0,0.2,0,49,snr-mean,0.584750,0.609278
E7,0.2,1.0,16,1.0,0.0,0.2,0,49,belief,0.570500,0.550515
E7,0.2,1.0,16,1.0,0.0,0.2,0,49,belief-pred,0.588000,0.622680
E7,0.2,1.0,16,1.0,0.0,0.2,0,49,ewma,0.565250,0.528866
E7,0.2,1.0,16,1.0,0.0,0.2,0,49,blend-paper,0.564250,0.524742
E7,0.2,1.0,16,1.0,0.0,0.2,0,49,saf-adaptive,0.588000,0.622680
E8,0.2,1.0,0,1.0,0.0,0.2,0,0,random,0.560000,0.493952
E8,0.2,1.0,0,1.0,0.0,0.2,0,0,round-robin,0.559500,0.491935
E8,0.2,1.0,0,1.0,0.0,0.2,0,0,oracle,0.685500,1.000000
E8,0.2,1.0,0,1.0,0.0,0.2,0,0,snr-greedy,0.637000,0.804435
E8,0.2,1.0,0,1.0,0.0,0.2,0,0,snr-greedy-loss,0.673500,0.951613
E8,0.2,1.0,0,1.0,0.0,0.2,0,0,snr-mean,0.619750,0.734879
E8,0.2,1.0,0,1.0,0.0,0.2,0,0,belief,0.679500,0.975806
E8,0.2,1.0,0,1.0,0.0,0.2,0,0,belief-pred,0.679500,0.975806
E8,0.2,1.0,0,1.0,0.0,0.2,0,0,ewma,0.600750,0.658266
E8,0.2,1.0,0,1.0,0.0,0.2,0,0,blend-paper,0.620000,0.735887
E8,0.2,1.0,0,1.0,0.0,0.2,0,0,saf-adaptive,0.679500,0.975806
E8,0.2,1.0,0,1.0,0.0,0.2,0,1,random,0.565000,0.491919
E8,0.2,1.0,0,1.0,0.0,0.2,0,1,round-robin,0.567250,0.501010
E8,0.2,1.0,0,1.0,0.0,0.2,0,1,oracle,0.690750,1.000000
E8,0.2,1.0,0,1.0,0.0,0.2,0,1,snr-greedy,0.650500,0.837374
E8,0.2,1.0,0,1.0,0.0,0.2,0,1,snr-greedy-loss,0.682000,0.964646
E8,0.2,1.0,0,1.0,0.0,0.2,0,1,snr-mean,0.613000,0.685859
E8,0.2,1.0,0,1.0,0.0,0.2,0,1,belief,0.684750,0.975758
E8,0.2,1.0,0,1.0,0.0,0.2,0,1,belief-pred,0.684750,0.975758
E8,0.2,1.0,0,1.0,0.0,0.2,0,1,ewma,0.597750,0.624242
E8,0.2,1.0,0,1.0,0.0,0.2,0,1,blend-paper,0.620000,0.714141
E8,0.2,1.0,0,1.0,0.0,0.2,0,1,saf-adaptive,0.684750,0.975758
E8,0.2,1.0,0,1.0,0.0,0.2,0,2,random,0.565750,0.522059
E8,0.2,1.0,0,1.0,0.0,0.2,0,2,round-robin,0.562000,0.506303
E8,0.2,1.0,0,1.0,0.0,0.2,0,2,oracle,0.679500,1.000000
E8,0.2,1.0,0,1.0,0.0,0.2,0,2,snr-greedy,0.639750,0.832983
E8,0.2,1.0,0,1.0,0.0,0.2,0,2,snr-greedy-loss,0.669000,0.955882
E8,0.2,1.0,0,1.0,0.0,0.2,0,2,snr-mean,0.618750,0.744748
E8,0.2,1.0,0,1.0,0.0,0.2,0,2,belief,0.673000,0.972689
E8,0.2,1.0,0,1.0,0.0,0.2,0,2,belief-pred,0.673000,0.972689
E8,0.2,1.0,0,1.0,0.0,0.2,0,2,ewma,0.597250,0.654412
E8,0.2,1.0,0,1.0,0.0,0.2,0,2,blend-paper,0.622500,0.760504
E8,0.2,1.0,0,1.0,0.0,0.2,0,2,saf-adaptive,0.673000,0.972689
E8,0.2,1.0,0,1.0,0.0,0.2,0,3,random,0.544750,0.452703
E8,0.2,1.0,0,1.0,0.0,0.2,0,3,round-robin,0.560000,0.511583
E8,0.2,1.0,0,1.0,0.0,0.2,0,3,oracle,0.686500,1.000000
E8,0.2,1.0,0,1.0,0.0,0.2,0,3,snr-greedy,0.641750,0.827220
E8,0.2,1.0,0,1.0,0.0,0.2,0,3,snr-greedy-loss,0.673500,0.949807
E8,0.2,1.0,0,1.0,0.0,0.2,0,3,snr-mean,0.608500,0.698842
E8,0.2,1.0,0,1.0,0.0,0.2,0,3,belief,0.680750,0.977799
E8,0.2,1.0,0,1.0,0.0,0.2,0,3,belief-pred,0.680750,0.977799
E8,0.2,1.0,0,1.0,0.0,0.2,0,3,ewma,0.574250,0.566602
E8,0.2,1.0,0,1.0,0.0,0.2,0,3,blend-paper,0.620500,0.745174
E8,0.2,1.0,0,1.0,0.0,0.2,0,3,saf-adaptive,0.680750,0.977799
E8,0.2,1.0,0,1.0,0.0,0.2,0,4,random,0.561000,0.510331
E8,0.2,1.0,0,1.0,0.0,0.2,0,4,round-robin,0.554750,0.484504
E8,0.2,1.0,0,1.0,0.0,0.2,0,4,oracle,0.679500,1.000000
E8,0.2,1.0,0,1.0,0.0,0.2,0,4,snr-greedy,0.636750,0.823347
E8,0.2,1.0,0,1.0,0.0,0.2,0,4,snr-greedy-loss,0.667000,0.948347
E8,0.2,1.0,0,1.0,0.0,0.2,0,4,snr-mean,0.602500,0.681818
E8,0.2,1.0,0,1.0,0.0,0.2,0,4,belief,0.673000,0.973140
E8,0.2,1.0,0,1.0,0.0,0.2,0,4,belief-pred,0.673000,0.973140
E8,0.2,1.0,0,1.0,0.0,0.2,0,4,ewma,0.566750,0.534091
E8,0.2,1.0,0,1.0,0.0,0.2,0,4,blend-paper,0.604250,0.689050
E8,0.2,1.0,0,1.0,0.0,0.2,0,4,saf-adaptive,0.673000,0.973140
E8,0.2,1.0,0,1.0,0.0,0.2,0,5,random,0.563000,0.507128
E8,0.2,1.0,0,1.0,0.0,0.2,0,5,round-robin,0.560250,0.495927
E8,0.2,1.0,0,1.0,0.0,0.2,0,5,oracle,0.684000,1.000000
E8,0.2,1.0,0,1.0,0.0,0.2,0,5,snr-greedy,0.644250,0.838086
E8,0.2,1.0,0,1.0,0.0,0.2,0,5,snr-greedy-loss,0.674250,0.960285
E8,0.2,1.0,0,1.0,0.0,0.2,0,5,snr-mean,0.611750,0.705703
E8,0.2,1.0,0,1.0,0.0,0.2,0,5,belief,0.677250,0.972505
E8,0.2,1.0,0,1.0,0.0,0.2,0,5,belief-pred,0.677250,0.972505
E8,0.2,1.0,0,1.0,0.0,0.2,0,5,ewma,0.586000,0.600815
E8,0.2,1.0,0,1.0,0.0,0.2,0,5,blend-paper,0.624750,0.758656
E8,0.2,1.0,0,1.0,0.0,0.2,0,5,saf-adaptive,0.677250,0.972505
E8,0.2,1.0,0,1.0,0.0,0.2,0,6,random,0.563250,0.525994
E8,0.2,1.0,0,1.0,0.0,0.2,0,6,round-robin,0.560750,0.515800
E8,0.2,1.0,0,1.0,0.0,0.2,0,6,oracle,0.679500,1.000000
E8,0.2,1.0,0,1.0,0.0,0.2,0,6,snr-greedy,0.641250,0.844037
E8,0.2,1.0,0,1.0,0.0,0.2,0,6,snr-greedy-loss,0.671000,0.965341
E8,0.2,1.0,0,1.0,0.0,0.2,0,6,snr-mean,0.601500,0.681957
E8,0.2,1.0,0,1.0,0.0,0.2,0,6,belief,0.673250,0.974516
E8,0.2,1.0,0,1.0,0.0,0.2,0,6,belief-pred,0.673250,0.974516
E8,0.2,1.0,0,1.0,0.0,0.2,0,6,ewma,0.559500,0.510703
E8,0.2,1.0,0,1.0,0.0,0.2,0,6,blend-paper,0.608500,0.710499
E8,0.2,1.0,0,1.0,0.0,0.2,0,6,saf-adaptive,0.673250,0.974516
E8,0.2,1.0,0,1.0,0.0,0.2,0,7,random,0.568250,0.490066
E8,0.2,1.0,0,1.0,0.0,0.2,0,7,round-robin,0.572250,0.507726
E8,0.2,1.0,0,1.0,0.0,0.2,0,7,oracle,0.683750,1.000000
E8,0.2,1.0,0,1.0,0.0,0.2,0,7,snr-greedy,0.641000,0.811258
E8,0.2,1.0,0,1.0,0.0,0.2,0,7,snr-greedy-loss,0.676500,0.967991
E8,0.2,1.0,0,1.0,0.0,0.2,0,7,snr-mean,0.615500,0.698675
E8,0.2,1.0,0,1.0,0.0,0.2,0,7,belief,0.679750,0.982340
E8,0.2,1.0,0,1.0,0.0,0.2,0,7,belief-pred,0.679750,0.982340
E8,0.2,1.0,0,1.0,0.0,0.2,0,7,ewma,0.571500,0.504415
E8,0.2,1.0,0,1.0,0.0,0.2,0,7,blend-paper,0.621250,0.724062
E8,0.2,1.0,0,1.0,0.0,0.2,0,7,saf-adaptive,0.679750,0.982340
E8,0.2,1.0,0,1.0,0.0,0.2,0,8,random,0.566750,0.480263
E8,0.2,1.0,0,1.0,0.0,0.2,0,8,round-robin,0.573500,0.509868
E8,0.2,1.0,0,1.0,0.0,0.2,0,8,oracle,0.685250,1.000000
E8,0.2,1.0,0,1.0,0.0,0.2,0,8,snr-greedy,0.642750,0.813596
E8,0.2,1.0,0,1.0,0.0,0.2,0,8,snr-greedy-loss,0.675250,0.956140
E8,0.2,1.0,0,1.0,0.0,0.2,0,8,snr-mean,0.606000,0.652412
E8,0.2,1.0,0,1.0,0.0,0.2,0,8,belief,0.679000,0.972588
E8,0.2,1.0,0,1.0,0.0,0.2,0,8,belief-pred,0.679000,0.972588
E8,0.2,1.0,0,1.0,0.0,0.2,0,8,ewma,0.599250,0.622807
E8,0.2,1.0,0,1.0,0.0,0.2,0,8,blend-paper,0.623750,0.730263
E8,0.2,1.0,0,1.0,0.0,0.2,0,8,saf-adaptive,0.679000,0.972588
E8,0.2,1.0,0,1.0,0.0,0.2,0,9,random,0.567250,0.526474
E8,0.2,1.0,0,1.0,0.0,0.2,0,9,round-robin,0.561250,0.502498
E8,0.2,1.0,0,1.0,0.0,0.2,0,9,oracle,0.685750,1.000000
E8,0.2,1.0,0,1.0,0.0,0.2,0,9,snr-greedy,0.650750,0.860140
E8,0.2,1.0,0,1.0,0.0,0.2,0,9,snr-greedy-loss,0.678250,0.970030
E8,0.2,1.0,0,1.0,0.0,0.2,0,9,snr-mean,0.610000,0.697303
E8,0.2,1.0,0,1.0,0.0,0.2,0,9,belief,0.681250,0.982018
E8,0.2,1.0,0,1.0,0.0,0.2,0,9,belief-pred,0.681250,0.982018
E8,0.2,1.0,0,1.0,0.0,0.2,0,9,ewma,0.585000,0.597403
E8,0.2,1.0,0,1.0,0.0,0.2,0,9,blend-paper,0.626500,0.763237
E8,0.2,1.0,0,1.0,0.0,0.2,0,9,saf-adaptive,0.681250,0.982018
E8,0.2,1.0,0,1.0,0.0,0.2,0,10,random,0.556000,0.489858
E8,0.2,1.0,0,1.0,0.0,0.2,0,10,round-robin,0.557500,0.495943
E8,0.2,1.0,0,1.0,0.0,0.2,0,10,oracle,0.681750,1.000000
E8,0.2,1.0,0,1.0,0.0,0.2,0,10,snr-greedy,0.639750,0.829615
E8,0.2,1.0,0,1.0,0.0,0.2,0,10,snr-greedy-loss,0.670750,0.955375
E8,0.2,1.0,0,1.0,0.0,0.2,0,10,snr-mean,0.612250,0.718053
E8,0.2,1.0,0,1.0,0.0,0.2,0,10,belief,0.676000,0.976673
E8,0.2,1.0,0,1.0,0.0,0.2,0,10,belief-pred,0.676000,0.976673
E8,0.2,1.0,0,1.0,0.0,0.2,0,10,ewma,0.572500,0.556795
E8,0.2,1.0,0,1.0,0.0,0.2,0,10,blend-paper,0.612250,0.718053
E8,0.2,1.0,0,1.0,0.0,0.2,0,10,saf-adaptive,0.675750,0.975659
E8,0.2,1.0,0,1.0,0.0,0.2,0,11,random,0.565000,0.507821
E8,0.2,1.0,0,1.0,0.0,0.2,0,11,round-robin,0.564500,0.505735
E8,0.2,1.0,0,1.0,0.0,0.2,0,11,oracle,0.683000,1.000000
E8,0.2,1.0,0,1.0,0.0,0.2,0,11,snr-greedy,0.643250,0.834202
E8,0.2,1.0,0,1.0,0.0,0.2,0,11,snr-greedy-loss,0.674750,0.965589
E8,0.2,1.0,0,1.0,0.0,0.2,0,11,snr-mean,0.605250,0.675704
E8,0.2,1.0,0,1.0,0.0,0.2,0,11,belief,0.677000,0.974974
E8,0.2,1.0,0,1.0,0.0,0.2,0,11,belief-pred,0.677000,0.974974
E8,0.2,1.0,0,1.0,0.0,0.2,0,11,ewma,0.574000,0.545360
E8,0.2,1.0,0,1.0,0.0,0.2,0,11,blend-paper,0.611250,0.700730
E8,0.2,1.0,0,1.0,0.0,0.2,0,11,saf-adaptive,0.677000,0.974974
E8,0.2,1.0,0,1.0,0.0,0.2,0,12,random,0.566500,0.502533
E8,0.2,1.0,0,1.0,0.0,0.2,0,12,round-robin,0.561250,0.481256
E8,0.2,1.0,0,1.0,0.0,0.2,0,12,oracle,0.689250,1.000000
E8,0.2,1.0,0,1.0,0.0,0.2,0,12,snr-greedy,0.648250,0.833840
E8,0.2,1.0,0,1.0,0.0,0.2,0,12,snr-greedy-loss,0.678250,0.955420
E8,0.2,1.0,0,1.0,0.0,0.2,0,12,snr-mean,0.619250,0.716312
E8,0.2,1.0,0,1.0,0.0,0.2,0,12,belief,0.683250,0.975684
E8,0.2,1.0,0,1.0,0.0,0.2,0,12,belief-pred,0.683250,0.975684
E8,0.2,1.0,0,1.0,0.0,0.2,0,12,ewma,0.584750,0.576494
E8,0.2,1.0,0,1.0,0.0,0.2,0,12,blend-paper,0.624500,0.737589
E8,0.2,1.0,0,1.0,0.0,0.2,0,12,saf-adaptive,0.683250,0.975684
E8,0.2,1.0,0,1.0,0.0,0.2,0,13,random,0.554250,0.483087
E8,0.2,1.0,0,1.0,0.0,0.2,0,13,round-robin,0.562250,0.516913
E8,0.2,1.0,0,1.0,0.0,0.2,0,13,oracle,0.676500,1.000000
E8,0.2,1.0,0,1.0,0.0,0.2,0,13,snr-greedy,0.634750,0.823467
E8,0.2,1.0,0,1.0,0.0,0.2,0,13,snr-greedy-loss,0.667500,0.961945
E8,0.2,1.0,0,1.0,0.0,0.2,0,13,snr-mean,0.603500,0.691332
E8,0.2,1.0,0,1.0,0.0,0.2,0,13,belief,0.671000,0.976744
E8,0.2,1.0,0,1.0,0.0,0.2,0,13,belief-pred,0.671000,0.976744
E8,0.2,1.0,0,1.0,0.0,0.2,0,13,ewma,0.581000,0.596195
E8,0.2,1.0,0,1.0,0.0,0.2,0,13,blend-paper,0.615750,0.743129
E8,0.2,1.0,0,1.0,0.0,0.2,0,13,saf-adaptive,0.671000,0.976744
E8,0.2,1.0,0,1.0,0.0,0.2,0,14,random,0.575500,0.500000
E8,0.2,1.0,0,1.0,0.0,0.2,0,14,round-robin,0.573250,0.490506
E8,0.2,1.0,0,1.0,0.0,0.2,0,14,oracle,0.694000,1.000000
E8,0.2,1.0,0,1.0,0.0,0.2,0,14,snr-greedy,0.654500,0.833333
E8,0.2,1.0,0,1.0,0.0,0.2,0,14,snr-greedy-loss,0.684750,0.960970
E8,0.2,1.0,0,1.0,0.0,0.2,0,14,snr-mean,0.624750,0.707806
E8,0.2,1.0,0,1.0,0.0,0.2,0,14,belief,0.689000,0.978903
E8,0.2,1.0,0,1.0,0.0,0.2,0,14,belief-pred,0.689000,0.978903
E8,0.2,1.0,0,1.0,0.0,0.2,0,14,ewma,0.600750,0.606540
E8,0.2,1.0,0,1.0,0.0,0.2,0,14,blend-paper,0.639250,0.768987
E8,0.2,1.0,0,1.0,0.0,0.2,0,14,saf-adaptive,0.689000,0.978903
E8,0.2,1.0,0,1.0,0.0,0.2,0,15,random,0.554000,0.485963
E8,0.2,1.0,0,1.0,0.0,0.2,0,15,round-robin,0.555750,0.492740
E8,0.2,1.0,0,1.0,0.0,0.2,0,15,oracle,0.686750,1.000000
E8,0.2,1.0,0,1.0,0.0,0.2,0,15,snr-greedy,0.643750,0.833495
E8,0.2,1.0,0,1.0,0.0,0.2,0,15,snr-greedy-loss,0.674000,0.950629
E8,0.2,1.0,0,1.0,0.0,0.2,0,15,snr-mean,0.618750,0.736689
E8,0.2,1.0,0,1.0,0.0,0.2,0,15,belief,0.680750,0.976767
E8,0.2,1.0,0,1.0,0.0,0.2,0,15,belief-pred,0.680750,0.976767
E8,0.2,1.0,0,1.0,0.0,0.2,0,15,ewma,0.582250,0.595353
E8,0.2,1.0,0,1.0,0.0,0.2,0,15,blend-paper,0.610500,0.704743
E8,0.2,1.0,0,1.0,0.0,0.2,0,15,saf-adaptive,0.680750,0.976767
E8,0.2,1.0,0,1.0,0.0,0.2,0,16,random,0.556500,0.482795
E8,0.2,1.0,0,1.0,0.0,0.2,0,16,round-robin,0.559250,0.494265
E8,0.2,1.0,0,1.0,0.0,0.2,0,16,oracle,0.680500,1.000000
E8,0.2,1.0,0,1.0,0.0,0.2,0,16,snr-greedy,0.640750,0.834202
E8,0.2,1.0,0,1.0,0.0,0.2,0,16,snr-greedy-loss,0.673000,0.968717
E8,0.2,1.0,0,1.0,0.0,0.2,0,16,snr-mean,0.599500,0.662148
E8,0.2,1.0,0,1.0,0.0,0.2,0,16,belief,0.675250,0.978102
E8,0.2,1.0,0,1.0,0.0,0.2,0,16,belief-pred,0.675250,0.978102
E8,0.2,1.0,0,1.0,0.0,0.2,0,16,ewma,0.576000,0.564129
E8,0.2,1.0,0,1.0,0.0,0.2,0,16,blend-paper,0.610750,0.709072
E8,0.2,1.0,0,1.0,0.0,0.2,0,16,saf-adaptive,0.675250,0.978102
E8,0.2,1.0,0,1.0,0.0,0.2,0,17,random,0.567000,0.509414
E8,0.2,1.0,0,1.0,0.0,0.2,0,17,round-robin,0.566000,0.505230
E8,0.2,1.0,0,1.0,0.0,0.2,0,17,oracle,0.684250,1.000000
E8,0.2,1.0,0,1.0,0.0,0.2,0,17,snr-greedy,0.645500,0.837866
E8,0.2,1.0,0,1.0,0.0,0.2,0,17,snr-greedy-loss,0.672250,0.949791
E8,0.2,1.0,0,1.0,0.0,0.2,0,17,snr-mean,0.615750,0.713389
E8,0.2,1.0,0,1.0,0.0,0.2,0,17,belief,0.677500,0.971757
E8,0.2,1.0,0,1.0,0.0,0.2,0,17,belief-pred,0.677500,0.971757
E8,0.2,1.0,0,1.0,0.0,0.2,0,17,ewma,0.584500,0.582636
E8,0.2,1.0,0,1.0,0.0,0.2,0,17,blend-paper,0.615250,0.711297
E8,0.2,1.0,0,1.0,0.0,0.2,0,17,saf-adaptive,0.677500,0.971757
E8,0.2,1.0,0,1.0,0.0,0.2,0,18,random,0.544750,0.466229
E8,0.2,1.0,0,1.0,0.0,0.2,0,18,round-robin,0.554250,0.501876
E8,0.2,1.0,0,1.0,0.0,0.2,0,18,oracle,0.687000,1.000000
E8,0.2,1.0,0,1.0,0.0,0.2,0,18,snr-greedy,0.647750,0.852720
E8,0.2,1.0,0,1.0,0.0,0.2,0,18,snr-greedy-loss,0.675250,0.955910
E8,0.2,1.0,0,1.0,0.0,0.2,0,18,snr-mean,0.616000,0.733583
E8,0.2,1.0,0,1.0,0.0,0.2,0,18,belief,0.681000,0.977486
E8,0.2,1.0,0,1.0,0.0,0.2,0,18,belief-pred,0.681000,0.977486
E8,0.2,1.0,0,1.0,0.0,0.2,0,18,ewma,0.586500,0.622889
E8,0.2,1.0,0,1.0,0.0,0.2,0,18,blend-paper,0.620750,0.751407
E8,0.2,1.0,0,1.0,0.0,0.2,0,18,saf-adaptive,0.681000,0.977486
E8,0.2,1.0,0,1.0,0.0,0.2,0,19,random,0.558750,0.496970
E8,0.2,1.0,0,1.0,0.0,0.2,0,19,round-robin,0.558000,0.493939
E8,0.2,1.0,0,1.0,0.0,0.2,0,19,oracle,0.683250,1.000000
E8,0.2,1.0,0,1.0,0.0,0.2,0,19,snr-greedy,0.642250,0.834343
E8,0.2,1.0,0,1.0,0.0,0.2,0,19,snr-greedy-loss,0.671750,0.953535
E8,0.2,1.0,0,1.0,0.0,0.2,0,19,snr-mean,0.608750,0.698990
E8,0.2,1.0,0,1.0,0.0,0.2,0,19,belief,0.676500,0.972727
E8,0.2,1.0,0,1.0,0.0,0.2,0,19,belief-pred,0.676500,0.972727
E8,0.2,1.0,0,1.0,0.0,0.2,0,19,ewma,0.565500,0.524242
E8,0.2,1.0,0,1.0,0.0,0.2,0,19,blend-paper,0.609250,0.701010
E8,0.2,1.0,0,1.0,0.0,0.2,0,19,saf-adaptive,0.676500,0.972727
E8,0.2,1.0,0,1.0,0.0,0.2,0,20,random,0.563000,0.501010
E8,0.2,1.0,0,1.0,0.0,0.2,0,20,round-robin,0.566500,0.515152
E8,0.2,1.0,0,1.0,0.0,0.2,0,20,oracle,0.686500,1.000000
E8,0.2,1.0,0,1.0,0.0,0.2,0,20,snr-greedy,0.646500,0.838384
E8,0.2,1.0,0,1.0,0.0,0.2,0,20,snr-greedy-loss,0.674000,0.949495
E8,0.2,1.0,0,1.0,0.0,0.2,0,20,snr-mean,0.607250,0.679798
E8,0.2,1.0,0,1.0,0.0,0.2,0,20,belief,0.678500,0.967677
E8,0.2,1.0,0,1.0,0.0,0.2,0,20,belief-pred,0.678500,0.967677
E8,0.2,1.0,0,1.0,0.0,0.2,0,20,ewma,0.578500,0.563636
E8,0.2,1.0,0,1.0,0.0,0.2,0,20,blend-paper,0.612750,0.702020
E8,0.2,1.0,0,1.0,0.0,0.2,0,20,saf-adaptive,0.678500,0.967677
E8,0.2,1.0,0,1.0,0.0,0.2,0,21,random,0.557750,0.506931
E8,0.2,1.0,0,1.0,0.0,0.2,0,21,round-robin,0.557250,0.504950
E8,0.2,1.0,0,1.0,0.0,0.2,0,21,oracle,0.682250,1.000000
E8,0.2,1.0,0,1.0,0.0,0.2,0,21,snr-greedy,0.640000,0.832673
E8,0.2,1.0,0,1.0,0.0,0.2,0,21,snr-greedy-loss,0.673500,0.965347
E8,0.2,1.0,0,1.0,0.0,0.2,0,21,snr-mean,0.594000,0.650495
E8,0.2,1.0,0,1.0,0.0,0.2,0,21,belief,0.677000,0.979208
E8,0.2,1.0,0,1.0,0.0,0.2,0,21,belief-pred,0.677000,0.979208
E8,0.2,1.0,0,1.0,0.0,0.2,0,21,ewma,0.574250,0.572277
E8,0.2,1.0,0,1.0,0.0,0.2,0,21,blend-paper,0.611000,0.717822
E8,0.2,1.0,0,1.0,0.0,0.2,0,21,saf-adaptive,0.677000,0.979208
E8,0.2,1.0,0,1.0,0.0,0.2,0,22,random,0.567750,0.486911
E8,0.2,1.0,0,1.0,0.0,0.2,0,22,round-robin,0.567500,0.485864
E8,0.2,1.0,0,1.0,0.0,0.2,0,22,oracle,0.690250,1.000000
E8,0.2,1.0,0,1.0,0.0,0.2,0,22,snr-greedy,0.657000,0.860733
E8,0.2,1.0,0,1.0,0.0,0.2,0,22,snr-greedy-loss,0.680500,0.959162
E8,0.2,1.0,0,1.0,0.0,0.2,0,22,snr-mean,0.608250,0.656545
E8,0.2,1.0,0,1.0,0.0,0.2,0,22,belief,0.685500,0.980105
E8,0.2,1.0,0,1.0,0.0,0.2,0,22,belief-pred,0.685500,0.980105
E8,0.2,1.0,0,1.0,0.0,0.2,0,22,ewma,0.594250,0.597906
E8,0.2,1.0,0,1.0,0.0,0.2,0,22,blend-paper,0.628250,0.740314
E8,0.2,1.0,0,1.0,0.0,0.2,0,22,saf-adaptive,0.685500,0.980105
E8,0.2,1.0,0,1.0,0.0,0.2,0,23,random,0.558000,0.492739
E8,0.2,1.0,0,1.0,0.0,0.2,0,23,round-robin,0.556000,0.484440
E8,0.2,1.0,0,1.0,0.0,0.2,0,23,oracle,0.680250,1.000000
E8,0.2,1.0,0,1.0,0.0,0.2,0,23,snr-greedy,0.636500,0.818465
E8,0.2,1.0,0,1.0,0.0,0.2,0,23,snr-greedy-loss,0.667000,0.945021
E8,0.2,1.0,0,1.0,0.0,0.2,0,23,snr-mean,0.605750,0.690871
E8,0.2,1.0,0,1.0,0.0,0.2,0,23,belief,0.672500,0.967842
E8,0.2,1.0,0,1.0,0.0,0.2,0,23,belief-pred,0.672500,0.967842
E8,0.2,1.0,0,1.0,0.0,0.2,0,23,ewma,0.579750,0.582988
E8,0.2,1.0,0,1.0,0.0,0.2,0,23,blend-paper,0.618000,0.741701
E8,0.2,1.0,0,1.0,0.0,0.2,0,23,saf-adaptive,0.672500,0.967842
E8,0.2,1.0,0,1.0,0.0,0.2,0,24,random,0.554500,0.492110
E8,0.2,1.0,0,1.0,0.0,0.2,0,24,round-robin,0.553750,0.489152
E8,0.2,1.0,0,1.0,0.0,0.2,0,24,oracle,0.683250,1.000000
E8,0.2,1.0,0,1.0,0.0,0.2,0,24,snr-greedy,0.637500,0.819527
E8,0.2,1.0,0,1.0,0.0,0.2,0,24,snr-greedy-loss,0.673500,0.961538
E8,0.2,1.0,0,1.0,0.0,0.2,0,24,snr-mean,0.606000,0.695266
E8,0.2,1.0,0,1.0,0.0,0.2,0,24,belief,0.677500,0.977318
E8,0.2,1.0,0,1.0,0.0,0.2,0,24,belief-pred,0.677500,0.977318
E8,0.2,1.0,0,1.0,0.0,0.2,0,24,ewma,0.585000,0.612426
E8,0.2,1.0,0,1.0,0.0,0.2,0,24,blend-paper,0.607500,0.701183
E8,0.2,1.0,0,1.0,0.0,0.2,0,24,saf-adaptive,0.677500,0.977318
E8,0.2,1.0,0,1.0,0.0,0.2,0,25,random,0.559500,0.489861
E8,0.2,1.0,0,1.0,0.0,0.2,0,25,round-robin,0.560500,0.494130
E8,0.2,1.0,0,1.0,0.0,0.2,0,25,oracle,0.679000,1.000000
E8,0.2,1.0,0,1.0,0.0,0.2,0,25,snr-greedy,0.635500,0.814301
E8,0.2,1.0,0,1.0,0.0,0.2,0,25,snr-greedy-loss,0.668500,0.955176
E8,0.2,1.0,0,1.0,0.0,0.2,0,25,snr-mean,0.603750,0.678762
E8,0.2,1.0,0,1.0,0.0,0.2,0,25,belief,0.674000,0.978655
E8,0.2,1.0,0,1.0,0.0,0.2,0,25,belief-pred,0.674000,0.978655
E8,0.2,1.0,0,1.0,0.0,0.2,0,25,ewma,0.576750,0.563501
E8,0.2,1.0,0,1.0,0.0,0.2,0,25,blend-paper,0.613750,0.721451
E8,0.2,1.0,0,1.0,0.0,0.2,0,25,saf-adaptive,0.674000,0.978655
E8,0.2,1.0,0,1.0,0.0,0.2,0,26,random,0.571000,0.514940
E8,0.2,1.0,0,1.0,0.0,0.2,0,26,round-robin,0.570750,0.513944
E8,0.2,1.0,0,1.0,0.0,0.2,0,26,oracle,0.692750,1.000000
E8,0.2,1.0,0,1.0,0.0,0.2,0,26,snr-greedy,0.650500,0.831673
E8,0.2,1.0,0,1.0,0.0,0.2,0,26,snr-greedy-loss,0.679500,0.947211
E8,0.2,1.0,0,1.0,0.0,0.2,0,26,snr-mean,0.619000,0.706175
E8,0.2,1.0,0,1.0,0.0,0.2,0,26,belief,0.687000,0.977092
E8,0.2,1.0,0,1.0,0.0,0.2,0,26,belief-pred,0.687000,0.977092
E8,0.2,1.0,0,1.0,0.0,0.2,0,26,ewma,0.594000,0.606574
E8,0.2,1.0,0,1.0,0.0,0.2,0,26,blend-paper,0.616250,0.695219
E8,0.2,1.0,0,1.0,0.0,0.2,0,26,saf-adaptive,0.687000,0.977092
E8,0.2,1.0,0,1.0,0.0,0.2,0,27,random,0.560000,0.494461
E8,0.2,1.0,0,1.0,0.0,0.2,0,27,round-robin,0.561500,0.500504
E8,0.2,1.0,0,1.0,0.0,0.2,0,27,oracle,0.685500,1.000000
E8,0.2,1.0,0,1.0,0.0,0.2,0,27,snr-greedy,0.636750,0.803625
E8,0.2,1.0,0,1.0,0.0,0.2,0,27,snr-greedy-loss,0.675000,0.957704
E8,0.2,1.0,0,1.0,0.0,0.2,0,27,snr-mean,0.607750,0.686808
E8,0.2,1.0,0,1.0,0.0,0.2,0,27,belief,0.679250,0.974824
E8,0.2,1.0,0,1.0,0.0,0.2,0,27,belief-pred,0.679250,0.974824
E8,0.2,1.0,0,1.0,0.0,0.2,0,27,ewma,0.587250,0.604230
E8,0.2,1.0,0,1.0,0.0,0.2,0,27,blend-paper,0.619750,0.735146
E8,0.2,1.0,0,1.0,0.0,0.2,0,27,saf-adaptive,0.679250,0.974824
E8,0.2,1.0,0,1.0,0.0,0.2,0,28,random,0.567500,0.510053
E8,0.2,1.0,0,1.0,0.0,0.2,0,28,round-robin,0.566750,0.506878
E8,0.2,1.0,0,1.0,0.0,0.2,0,28,oracle,0.683250,1.000000
E8,0.2,1.0,0,1.0,0.0,0.2,0,28,snr-greedy,0.640750,0.820106
E8,0.2,1.0,0,1.0,0.0,0.2,0,28,snr-greedy-loss,0.674750,0.964021
E8,0.2,1.0,0,1.0,0.0,0.2,0,28,snr-mean,0.609500,0.687831
E8,0.2,1.0,0,1.0,0.0,0.2,0,28,belief,0.678750,0.980952
E8,0.2,1.0,0,1.0,0.0,0.2,0,28,belief-pred,0.678750,0.980952
E8,0.2,1.0,0,1.0,0.0,0.2,0,28,ewma,0.577250,0.551323
E8,0.2,1.0,0,1.0,0.0,0.2,0,28,blend-paper,0.617500,0.721693
E8,0.2,1.0,0,1.0,0.0,0.2,0,28,saf-adaptive,0.678750,0.980952
E8,0.2,1.0,0,1.0,0.0,0.2,0,29,random,0.563750,0.477131
E8,0.2,1.0,0,1.0,0.0,0.2,0,29,round-robin,0.565250,0.483368
E8,0.2,1.0,0,1.0,0.0,0.2,0,29,oracle,0.689500,1.000000
E8,0.2,1.0,0,1.0,0.0,0.2,0,29,snr-greedy,0.647500,0.825364
E8,0.2,1.0,0,1.0,0.0,0.2,0,29,snr-greedy-loss,0.678000,0.952183
E8,0.2,1.0,0,1.0,0.0,0.2,0,29,snr-mean,0.613250,0.682952
E8,0.2,1.0,0,1.0,0.0,0.2,0,29,belief,0.683500,0.975052
E8,0.2,1.0,0,1.0,0.0,0.2,0,29,belief-pred,0.683500,0.975052
E8,0.2,1.0,0,1.0,0.0,0.2,0,29,ewma,0.585500,0.567568
E8,0.2,1.0,0,1.0,0.0,0.2,0,29,blend-paper,0.629250,0.749480
E8,0.2,1.0,0,1.0,0.0,0.2,0,29,saf-adaptive,0.683500,0.975052
E8,0.2,1.0,0,1.0,0.0,0.2,0,30,random,0.554000,0.502478
E8,0.2,1.0,0,1.0,0.0,0.2,0,30,round-robin,0.552250,0.495540
E8,0.2,1.0,0,1.0,0.0,0.2,0,30,oracle,0.679500,1.000000
E8,0.2,1.0,0,1.0,0.0,0.2,0,30,snr-greedy,0.638750,0.838454
E8,0.2,1.0,0,1.0,0.0,0.2,0,30,snr-greedy-loss,0.669250,0.959366
E8,0.2,1.0,0,1.0,0.0,0.2,0,30,snr-mean,0.602000,0.692765
E8,0.2,1.0,0,1.0,0.0,0.2,0,30,belief,0.672750,0.973241
E8,0.2,1.0,0,1.0,0.0,0.2,0,30,belief-pred,0.672750,0.973241
E8,0.2,1.0,0,1.0,0.0,0.2,0,30,ewma,0.573250,0.578791
E8,0.2,1.0,0,1.0,0.0,0.2,0,30,blend-paper,0.613500,0.738355
E8,0.2,1.0,0,1.0,0.0,0.2,0,30,saf-adaptive,0.672500,0.972250
E8,0.2,1.0,0,1.0,0.0,0.2,0,31,random,0.561250,0.498483
E8,0.2,1.0,0,1.0,0.0,0.2,0,31,round-robin,0.561250,0.498483
E8,0.2,1.0,0,1.0,0.0,0.2,0,31,oracle,0.685250,1.000000
E8,0.2,1.0,0,1.0,0.0,0.2,0,31,snr-greedy,0.646500,0.843276
E8,0.2,1.0,0,1.0,0.0,0.2,0,31,snr-greedy-loss,0.675500,0.960566
E8,0.2,1.0,0,1.0,0.0,0.2,0,31,snr-mean,0.611000,0.699697
E8,0.2,1.0,0,1.0,0.0,0.2,0,31,belief,0.680250,0.979778
E8,0.2,1.0,0,1.0,0.0,0.2,0,31,belief-pred,0.680250,0.979778
E8,0.2,1.0,0,1.0,0.0,0.2,0,31,ewma,0.586250,0.599596
E8,0.2,1.0,0,1.0,0.0,0.2,0,31,blend-paper,0.613250,0.708797
E8,0.2,1.0,0,1.0,0.0,0.2,0,31,saf-adaptive,0.680250,0.979778
E8,0.2,1.0,0,1.0,0.0,0.2,0,32,random,0.557500,0.480652
E8,0.2,1.0,0,1.0,0.0,0.2,0,32,round-robin,0.558250,0.483707
E8,0.2,1.0,0,1.0,0.0,0.2,0,32,oracle,0.685000,1.000000
E8,0.2,1.0,0,1.0,0.0,0.2,0,32,snr-greedy,0.645500,0.839104
E8,0.2,1.0,0,1.0,0.0,0.2,0,32,snr-greedy-loss,0.675500,0.961303
E8,0.2,1.0,0,1.0,0.0,0.2,0,32,snr-mean,0.619250,0.732179
E8,0.2,1.0,0,1.0,0.0,0.2,0,32,belief,0.678250,0.972505
E8,0.2,1.0,0,1.0,0.0,0.2,0,32,belief-pred,0.678250,0.972505
E8,0.2,1.0,0,1.0,0.0,0.2,0,32,ewma,0.577750,0.563136
E8,0.2,1.0,0,1.0,0.0,0.2,0,32,blend-paper,0.594500,0.631365
E8,0.2,1.0,0,1.0,0.0,0.2,0,32,saf-adaptive,0.678250,0.972505
E8,0.2,1.0,0,1.0,0.0,0.2,0,33,random,0.568250,0.516684
E8,0.2,1.0,0,1.0,0.0,0.2,0,33,round-robin,0.561750,0.490394
E8,0.2,1.0,0,1.0,0.0,0.2,0,33,oracle,0.687750,1.000000
E8,0.2,1.0,0,1.0,0.0,0.2,0,33,snr-greedy,0.641250,0.811931
E8,0.2,1.0,0,1.0,0.0,0.2,0,33,snr-greedy-loss,0.678250,0.961577
E8,0.2,1.0,0,1.0,0.0,0.2,0,33,snr-mean,0.607000,0.673407
E8,0.2,1.0,0,1.0,0.0,0.2,0,33,belief,0.682000,0.976744
E8,0.2,1.0,0,1.0,0.0,0.2,0,33,belief-pred,0.682000,0.976744
E8,0.2,1.0,0,1.0,0.0,0.2,0,33,ewma,0.584000,0.580384
E8,0.2,1.0,0,1.0,0.0,0.2,0,33,blend-paper,0.611500,0.691608
E8,0.2,1.0,0,1.0,0.0,0.2,0,33,saf-adaptive,0.682000,0.976744
E8,0.2,1.0,0,1.0,0.0,0.2,0,34,random,0.561250,0.509824
E8,0.2,1.0,0,1.0,0.0,0.2,0,34,round-robin,0.557500,0.494312
E8,0.2,1.0,0,1.0,0.0,0.2,0,34,oracle,0.679750,1.000000
E8,0.2,1.0,0,1.0,0.0,0.2,0,34,snr-greedy,0.640000,0.835574
E8,0.2,1.0,0,1.0,0.0,0.2,0,34,snr-greedy-loss,0.670000,0.959669
E8,0.2,1.0,0,1.0,0.0,0.2,0,34,snr-mean,0.594000,0.645295
E8,0.2,1.0,0,1.0,0.0,0.2,0,34,belief,0.674250,0.977249
E8,0.2,1.0,0,1.0,0.0,0.2,0,34,belief-pred,0.674250,0.977249
E8,0.2,1.0,0,1.0,0.0,0.2,0,34,ewma,0.570750,0.549121
E8,0.2,1.0,0,1.0,0.0,0.2,0,34,blend-paper,0.607750,0.702172
E8,0.2,1.0,0,1.0,0.0,0.2,0,34,saf-adaptive,0.674250,0.977249
E8,0.2,1.0,0,1.0,0.0,0.2,0,35,random,0.567250,0.491803
E8,0.2,1.0,0,1.0,0.0,0.2,0,35,round-robin,0.570000,0.503074
E8,0.2,1.0,0,1.0,0.0,0.2,0,35,oracle,0.691250,1.000000
E8,0.2,1.0,0,1.0,0.0,0.2,0,35,snr-greedy,0.652000,0.839139
E8,0.2,1.0,0,1.0,0.0,0.2,0,35,snr-greedy-loss,0.681750,0.961066
E8,0.2,1.0,0,1.0,0.0,0.2,0,35,snr-mean,0.617000,0.695697
E8,0.2,1.0,0,1.0,0.0,0.2,0,35,belief,0.685750,0.977459
E8,0.2,1.0,0,1.0,0.0,0.2,0,35,belief-pred,0.685750,0.977459
E8,0.2,1.0,0,1.0,0.0,0.2,0,35,ewma,0.588000,0.576844
E8,0.2,1.0,0,1.0,0.0,0.2,0,35,blend-paper,0.627750,0.739754
E8,0.2,1.0,0,1.0,0.0,0.2,0,35,saf-adaptive,0.685500,0.976434
E8,0.2,1.0,0,1.0,0.0,0.2,0,36,random,0.566250,0.498419
E8,0.2,1.0,0,1.0,0.0,0.2,0,36,round-robin,0.568500,0.507903
E8,0.2,1.0,0,1.0,0.0,0.2,0,36,oracle,0.685250,1.000000
E8,0.2,1.0,0,1.0,0.0,0.2,0,36,snr-greedy,0.640000,0.809273
E8,0.2,1.0,0,1.0,0.0,0.2,0,36,snr-greedy-loss,0.674250,0.953635
E8,0.2,1.0,0,1.0,0.0,0.2,0,36,snr-mean,0.605250,0.662803
E8,0.2,1.0,0,1.0,0.0,0.2,0,36,belief,0.680500,0.979979
E8,0.2,1.0,0,1.0,0.0,0.2,0,36,belief-pred,0.680500,0.979979
E8,0.2,1.0,0,1.0,0.0,0.2,0,36,ewma,0.596500,0.625922
E8,0.2,1.0,0,1.0,0.0,0.2,0,36,blend-paper,0.619250,0.721812
E8,0.2,1.0,0,1.0,0.0,0.2,0,36,saf-adaptive,0.680500,0.979979
E8,0.2,1.0,0,1.0,0.0,0.2,0,37,random,0.574750,0.529472
E8,0.2,1.0,0,1.0,0.0,0.2,0,37,round-robin,0.568250,0.503049
E8,0.2,1.0,0,1.0,0.0,0.2,0,37,oracle,0.690500,1.000000
E8,0.2,1.0,0,1.0,0.0,0.2,0,37,snr-greedy,0.652000,0.843496
E8,0.2,1.0,0,1.0,0.0,0.2,0,37,snr-greedy-loss,0.678250,0.950203
E8,0.2,1.0,0,1.0,0.0,0.2,0,37,snr-mean,0.627250,0.742886
E8,0.2,1.0,0,1.0,0.0,0.2,0,37,belief,0.686500,0.983740
E8,0.2,1.0,0,1.0,0.0,0.2,0,37,belief-pred,0.686500,0.983740
E8,0.2,1.0,0,1.0,0.0,0.2,0,37,ewma,0.605250,0.653455
E8,0.2,1.0,0,1.0,0.0,0.2,0,37,blend-paper,0.620750,0.716463
E8,0.2,1.0,0,1.0,0.0,0.2,0,37,saf-adaptive,0.686500,0.983740
E8,0.2,1.0,0,1.0,0.0,0.2,0,38,random,0.571750,0.497972
E8,0.2,1.0,0,1.0,0.0,0.2,0,38,round-robin,0.576500,0.517241
E8,0.2,1.0,0,1.0,0.0,0.2,0,38,oracle,0.695500,1.000000
E8,0.2,1.0,0,1.0,0.0,0.2,0,38,snr-greedy,0.649000,0.811359
E8,0.2,1.0,0,1.0,0.0,0.2,0,38,snr-greedy-loss,0.685500,0.959432
E8,0.2,1.0,0,1.0,0.0,0.2,0,38,snr-mean,0.616500,0.679513
E8,0.2,1.0,0,1.0,0.0,0.2,0,38,belief,0.689750,0.976673
E8,0.2,1.0,0,1.0,0.0,0.2,0,38,belief-pred,0.689750,0.976673
E8,0.2,1.0,0,1.0,0.0,0.2,0,38,ewma,0.589750,0.570994
E8,0.2,1.0,0,1.0,0.0,0.2,0,38,blend-paper,0.628500,0.728195
E8,0.2,1.0,0,1.0,0.0,0.2,0,38,saf-adaptive,0.689750,0.976673
E8,0.2,1.0,0,1.0,0.0,0.2,0,39,random,0.563000,0.495992
E8,0.2,1.0,0,1.0,0.0,0.2,0,39,round-robin,0.564500,0.502004
E8,0.2,1.0,0,1.0,0.0,0.2,0,39,oracle,0.688750,1.000000
E8,0.2,1.0,0,1.0,0.0,0.2,0,39,snr-greedy,0.641000,0.808617
E8,0.2,1.0,0,1.0,0.0,0.2,0,39,snr-greedy-loss,0.675750,0.947896
E8,0.2,1.0,0,1.0,0.0,0.2,0,39,snr-mean,0.617250,0.713427
E8,0.2,1.0,0,1.0,0.0,0.2,0,39,belief,0.683000,0.976954
E8,0.2,1.0,0,1.0,0.0,0.2,0,39,belief-pred,0.683000,0.976954
E8,0.2,1.0,0,1.0,0.0,0.2,0,39,ewma,0.582000,0.572144
E8,0.2,1.0,0,1.0,0.0,0.2,0,39,blend-paper,0.625250,0.745491
E8,0.2,1.0,0,1.0,0.0,0.2,0,39,saf-adaptive,0.683000,0.976954
E8,0.2,1.0,0,1.0,0.0,0.2,0,40,random,0.562250,0.533804
E8,0.2,1.0,0,1.0,0.0,0.2,0,40,round-robin,0.554500,0.502523
E8,0.2,1.0,0,1.0,0.0,0.2,0,40,oracle,0.677750,1.000000
E8,0.2,1.0,0,1.0,0.0,0.2,0,40,snr-greedy,0.640500,0.849647
E8,0.2,1.0,0,1.0,0.0,0.2,0,40,snr-greedy-loss,0.668250,0.961655
E8,0.2,1.0,0,1.0,0.0,0.2,0,40,snr-mean,0.586250,0.630676
E8,0.2,1.0,0,1.0,0.0,0.2,0,40,belief,0.672250,0.977800
E8,0.2,1.0,0,1.0,0.0,0.2,0,40,belief-pred,0.672250,0.977800
E8,0.2,1.0,0,1.0,0.0,0.2,0,40,ewma,0.571250,0.570131
E8,0.2,1.0,0,1.0,0.0,0.2,0,40,blend-paper,0.608000,0.718466
E8,0.2,1.0,0,1.0,0.0,0.2,0,40,saf-adaptive,0.672250,0.977800
E8,0.2,1.0,0,1.0,0.0,0.2,0,41,random,0.553500,0.473738
E8,0.2,1.0,0,1.0,0.0,0.2,0,41,round-robin,0.559000,0.496395
E8,0.2,1.0,0,1.0,0.0,0.2,0,41,oracle,0.681250,1.000000
E8,0.2,1.0,0,1.0,0.0,0.2,0,41,snr-greedy,0.642750,0.841401
E8,0.2,1.0,0,1.0,0.0,0.2,0,41,snr-greedy-loss,0.673000,0.966014
E8,0.2,1.0,0,1.0,0.0,0.2,0,41,snr-mean,0.592750,0.635427
E8,0.2,1.0,0,1.0,0.0,0.2,0,41,belief,0.675250,0.975283
E8,0.2,1.0,0,1.0,0.0,0.2,0,41,belief-pred,0.675250,0.975283
E8,0.2,1.0,0,1.0,0.0,0.2,0,41,ewma,0.580500,0.584964
E8,0.2,1.0,0,1.0,0.0,0.2,0,41,blend-paper,0.620500,0.749743
E8,0.2,1.0,0,1.0,0.0,0.2,0,41,saf-adaptive,0.675250,0.975283
E8,0.2,1.0,0,1.0,0.0,0.2,0,42,random,0.552500,0.510978
E8,0.2,1.0,0,1.0,0.0,0.2,0,42,round-robin,0.546750,0.488024
E8,0.2,1.0,0,1.0,0.0,0.2,0,42,oracle,0.675000,1.000000
E8,0.2,1.0,0,1.0,0.0,0.2,0,42,snr-greedy,0.634750,0.839321
E8,0.2,1.0,0,1.0,0.0,0.2,0,42,snr-greedy-loss,0.664750,0.959082
E8,0.2,1.0,0,1.0,0.0,0.2,0,42,snr-mean,0.592750,0.671657
E8,0.2,1.0,0,1.0,0.0,0.2,0,42,belief,0.670000,0.980040
E8,0.2,1.0,0,1.0,0.0,0.2,0,42,belief-pred,0.670000,0.980040
E8,0.2,1.0,0,1.0,0.0,0.2,0,42,ewma,0.583750,0.635729
E8,0.2,1.0,0,1.0,0.0,0.2,0,42,blend-paper,0.614000,0.756487
E8,0.2,1.0,0,1.0,0.0,0.2,0,42,saf-adaptive,0.670000,0.980040
E8,0.2,1.0,0,1.0,0.0,0.2,0,43,random,0.562750,0.506694
E8,0.2,1.0,0,1.0,0.0,0.2,0,43,round-robin,0.561000,0.499485
E8,0.2,1.0,0,1.0,0.0,0.2,0,43,oracle,0.682500,1.000000
E8,0.2,1.0,0,1.0,0.0,0.2,0,43,snr-greedy,0.640250,0.825953
E8,0.2,1.0,0,1.0,0.0,0.2,0,43,snr-greedy-loss,0.673500,0.962925
E8,0.2,1.0,0,1.0,0.0,0.2,0,43,snr-mean,0.607000,0.688980
E8,0.2,1.0,0,1.0,0.0,0.2,0,43,belief,0.678250,0.982492
E8,0.2,1.0,0,1.0,0.0,0.2,0,43,belief-pred,0.678250,0.982492
E8,0.2,1.0,0,1.0,0.0,0.2,0,43,ewma,0.571500,0.542739
E8,0.2,1.0,0,1.0,0.0,0.2,0,43,blend-paper,0.613750,0.716787
E8,0.2,1.0,0,1.0,0.0,0.2,0,43,saf-adaptive,0.678250,0.982492
E8,0.2,1.0,0,1.0,0.0,0.2,0,44,random,0.566750,0.501577
E8,0.2,1.0,0,1.0,0.0,0.2,0,44,round-robin,0.569500,0.513144
E8,0.2,1.0,0,1.0,0.0,0.2,0,44,oracle,0.685250,1.000000
E8,0.2,1.0,0,1.0,0.0,0.2,0,44,snr-greedy,0.646750,0.838065
E8,0.2,1.0,0,1.0,0.0,0.2,0,44,snr-greedy-loss,0.673500,0.950578
E8,0.2,1.0,0,1.0,0.0,0.2,0,44,snr-mean,0.613000,0.696109
E8,0.2,1.0,0,1.0,0.0,0.2,0,44,belief,0.678250,0.970557
E8,0.2,1.0,0,1.0,0.0,0.2,0,44,belief-pred,0.678250,0.970557
E8,0.2,1.0,0,1.0,0.0,0.2,0,44,ewma,0.589750,0.598318
E8,0.2,1.0,0,1.0,0.0,0.2,0,44,blend-paper,0.623000,0.738170
E8,0.2,1.0,0,1.0,0.0,0.2,0,44,saf-adaptive,0.678250,0.970557
E8,0.2,1.0,0,1.0,0.0,0.2,0,45,random,0.558250,0.508565
E8,0.2,1.0,0,1.0,0.0,0.2,0,45,round-robin,0.557000,0.503212
E8,0.2,1.0,0,1.0,0.0,0.2,0,45,oracle,0.673000,1.000000
E8,0.2,1.0,0,1.0,0.0,0.2,0,45,snr-greedy,0.633500,0.830835
E8,0.2,1.0,0,1.0,0.0,0.2,0,45,snr-greedy-loss,0.666250,0.971092
E8,0.2,1.0,0,1.0,0.0,0.2,0,45,snr-mean,0.600750,0.690578
E8,0.2,1.0,0,1.0,0.0,0.2,0,45,belief,0.669750,0.986081
E8,0.2,1.0,0,1.0,0.0,0.2,0,45,belief-pred,0.669750,0.986081
E8,0.2,1.0,0,1.0,0.0,0.2,0,45,ewma,0.579000,0.597430
E8,0.2,1.0,0,1.0,0.0,0.2,0,45,blend-paper,0.604000,0.704497
E8,0.2,1.0,0,1.0,0.0,0.2,0,45,saf-adaptive,0.669500,0.985011
E8,0.2,1.0,0,1.0,0.0,0.2,0,46,random,0.560000,0.504124
E8,0.2,1.0,0,1.0,0.0,0.2,0,46,round-robin,0.557500,0.493814
E8,0.2,1.0,0,1.0,0.0,0.2,0,46,oracle,0.680250,1.000000
E8,0.2,1.0,0,1.0,0.0,0.2,0,46,snr-greedy,0.644750,0.853608
E8,0.2,1.0,0,1.0,0.0,0.2,0,46,snr-greedy-loss,0.673000,0.970103
E8,0.2,1.0,0,1.0,0.0,0.2,0,46,snr-mean,0.601250,0.674227
E8,0.2,1.0,0,1.0,0.0,0.2,0,46,belief,0.674750,0.977320
E8,0.2,1.0,0,1.0,0.0,0.2,0,46,belief-pred,0.674750,0.977320
E8,0.2,1.0,0,1.0,0.0,0.2,0,46,ewma,0.570500,0.547423
E8,0.2,1.0,0,1.0,0.0,0.2,0,46,blend-paper,0.618000,0.743299
E8,0.2,1.0,0,1.0,0.0,0.2,0,46,saf-adaptive,0.674750,0.977320
E8,0.2,1.0,0,1.0,0.0,0.2,0,47,random,0.565500,0.503992
E8,0.2,1.0,0,1.0,0.0,0.2,0,47,round-robin,0.566500,0.507984
E8,0.2,1.0,0,1.0,0.0,0.2,0,47,oracle,0.689750,1.000000
E8,0.2,1.0,0,1.0,0.0,0.2,0,47,snr-greedy,0.653000,0.853293
E8,0.2,1.0,0,1.0,0.0,0.2,0,47,snr-greedy-loss,0.678000,0.953094
E8,0.2,1.0,0,1.0,0.0,0.2,0,47,snr-mean,0.615250,0.702595
E8,0.2,1.0,0,1.0,0.0,0.2,0,47,belief,0.685000,0.981038
E8,0.2,1.0,0,1.0,0.0,0.2,0,47,belief-pred,0.685000,0.981038
E8,0.2,1.0,0,1.0,0.0,0.2,0,47,ewma,0.582000,0.569860
E8,0.2,1.0,0,1.0,0.0,0.2,0,47,blend-paper,0.623500,0.735529
E8,0.2,1.0,0,1.0,0.0,0.2,0,47,saf-adaptive,0.685250,0.982036
E8,0.2,1.0,0,1.0,0.0,0.2,0,48,random,0.560750,0.504683
E8,0.2,1.0,0,1.0,0.0,0.2,0,48,round-robin,0.555500,0.482830
E8,0.2,1.0,0,1.0,0.0,0.2,0,48,oracle,0.679750,1.000000
E8,0.2,1.0,0,1.0,0.0,0.2,0,48,snr-greedy,0.637250,0.823101
E8,0.2,1.0,0,1.0,0.0,0.2,0,48,snr-greedy-loss,0.673000,0.971904
E8,0.2,1.0,0,1.0,0.0,0.2,0,48,snr-mean,0.609250,0.706556
E8,0.2,1.0,0,1.0,0.0,0.2,0,48,belief,0.675750,0.983351
E8,0.2,1.0,0,1.0,0.0,0.2,0,48,belief-pred,0.675750,0.983351
E8,0.2,1.0,0,1.0,0.0,0.2,0,48,ewma,0.572000,0.551509
E8,0.2,1.0,0,1.0,0.0,0.2,0,48,blend-paper,0.615250,0.731530
E8,0.2,1.0,0,1.0,0.0,0.2,0,48,saf-adaptive,0.675500,0.982310
E8,0.2,1.0,0,1.0,0.0,0.2,0,49,random,0.561500,0.513402
E8,0.2,1.0,0,1.0,0.0,0.2,0,49,round-robin,0.561750,0.514433
E8,0.2,1.0,0,1.0,0.0,0.2,0,49,oracle,0.679500,1.000000
E8,0.2,1.0,0,1.0,0.0,0.2,0,49,snr-greedy,0.634750,0.815464
E8,0.2,1.0,0,1.0,0.0,0.2,0,49,snr-greedy-loss,0.669500,0.958763
E8,0.2,1.0,0,1.0,0.0,0.2,0,49,snr-mean,0.598000,0.663918
E8,0.2,1.0,0,1.0,0.0,0.2,0,49,belief,0.674250,0.978351
E8,0.2,1.0,0,1.0,0.0,0.2,0,49,belief-pred,0.674250,0.978351
E8,0.2,1.0,0,1.0,0.0,0.2,0,49,ewma,0.575750,0.572165
E8,0.2,1.0,0,1.0,0.0,0.2,0,49,blend-paper,0.608000,0.705155
E8,0.2,1.0,0,1.0,0.0,0.2,0,49,saf-adaptive,0.674250,0.978351
E8,0.2,1.0,0,0.5,0.0,0.2,0,0,random,0.560000,0.493952
E8,0.2,1.0,0,0.5,0.0,0.2,0,0,round-robin,0.559500,0.491935
E8,0.2,1.0,0,0.5,0.0,0.2,0,0,oracle,0.685500,1.000000
E8,0.2,1.0,0,0.5,0.0,0.2,0,0,snr-greedy,0.610500,0.697581
E8,0.2,1.0,0,0.5,0.0,0.2,0,0,snr-greedy-loss,0.630000,0.776210
E8,0.2,1.0,0,0.5,0.0,0.2,0,0,snr-mean,0.604500,0.673387
E8,0.2,1.0,0,0.5,0.0,0.2,0,0,belief,0.640250,0.817540
E8,0.2,1.0,0,0.5,0.0,0.2,0,0,belief-pred,0.647750,0.847782
E8,0.2,1.0,0,0.5,0.0,0.2,0,0,ewma,0.600750,0.658266
E8,0.2,1.0,0,0.5,0.0,0.2,0,0,blend-paper,0.597500,0.645161
E8,0.2,1.0,0,0.5,0.0,0.2,0,0,saf-adaptive,0.648250,0.849798
E8,0.2,1.0,0,0.5,0.0,0.2,0,1,random,0.565000,0.491919
E8,0.2,1.0,0,0.5,0.0,0.2,0,1,round-robin,0.567250,0.501010
E8,0.2,1.0,0,0.5,0.0,0.2,0,1,oracle,0.690750,1.000000
E8,0.2,1.0,0,0.5,0.0,0.2,0,1,snr-greedy,0.615000,0.693939
E8,0.2,1.0,0,0.5,0.0,0.2,0,1,snr-greedy-loss,0.639000,0.790909
E8,0.2,1.0,0,0.5,0.0,0.2,0,1,snr-mean,0.608000,0.665657
E8,0.2,1.0,0,0.5,0.0,0.2,0,1,belief,0.644000,0.811111
E8,0.2,1.0,0,0.5,0.0,0.2,0,1,belief-pred,0.646750,0.822222
E8,0.2,1.0,0,0.5,0.0,0.2,0,1,ewma,0.597750,0.624242
E8,0.2,1.0,0,0.5,0.0,0.2,0,1,blend-paper,0.600000,0.633333
E8,0.2,1.0,0,0.5,0.0,0.2,0,1,saf-adaptive,0.646750,0.822222
E8,0.2,1.0,0,0.5,0.0,0.2,0,2,random,0.565750,0.522059
E8,0.2,1.0,0,0.5,0.0,0.2,0,2,round-robin,0.562000,0.506303
E8,0.2,1.0,0,0.5,0.0,0.2,0,2,oracle,0.679500,1.000000
E8,0.2,1.0,0,0.5,0.0,0.2,0,2,snr-greedy,0.614500,0.726891
E8,0.2,1.0,0,0.5,0.0,0.2,0,2,snr-greedy-loss,0.628750,0.786765
E8,0.2,1.0,0,0.5,0.0,0.2,0,2,snr-mean,0.613000,0.720588
E8,0.2,1.0,0,0.5,0.0,0.2,0,2,belief,0.633750,0.807773
E8,0.2,1.0,0,0.5,0.0,0.2,0,2,belief-pred,0.642500,0.844538
E8,0.2,1.0,0,0.5,0.0,0.2,0,2,ewma,0.597250,0.654412
E8,0.2,1.0,0,0.5,0.0,0.2,0,2,blend-paper,0.612250,0.717437
E8,0.2,1.0,0,0.5,0.0,0.2,0,2,saf-adaptive,0.642000,0.842437
E8,0.2,1.0,0,0.5,0.0,0.2,0,3,random,0.544750,0.452703
E8,0.2,1.0,0,0.5,0.0,0.2,0,3,round-robin,0.560000,0.511583
E8,0.2,1.0,0,0.5,0.0,0.2,0,3,oracle,0.686500,1.000000
E8,0.2,1.0,0,0.5,0.0,0.2,0,3,snr-greedy,0.605750,0.688224
E8,0.2,1.0,0,0.5,0.0,0.2,0,3,snr-greedy-loss,0.629250,0.778958
E8,0.2,1.0,0,0.5,0.0,0.2,0,3,snr-mean,0.601000,0.669884
E8,0.2,1.0,0,0.5,0.0,0.2,0,3,belief,0.638500,0.814672
E8,0.2,1.0,0,0.5,0.0,0.2,0,3,belief-pred,0.642750,0.831081
E8,0.2,1.0,0,0.5,0.0,0.2,0,3,ewma,0.574250,0.566602
E8,0.2,1.0,0,0.5,0.0,0.2,0,3,blend-paper,0.592000,0.635135
E8,0.2,1.0,0,0.5,0.0,0.2,0,3,saf-adaptive,0.641500,0.826255
E8,0.2,1.0,0,0.5,0.0,0.2,0,4,random,0.561000,0.510331
E8,0.2,1.0,0,0.5,0.0,0.2,0,4,round-robin,0.554750,0.484504
E8,0.2,1.0,0,0.5,0.0,0.2,0,4,oracle,0.679500,1.000000
E8,0.2,1.0,0,0.5,0.0,0.2,0,4,snr-greedy,0.600000,0.671488
E8,0.2,1.0,0,0.5,0.0,0.2,0,4,snr-greedy-loss,0.623750,0.769628
E8,0.2,1.0,0,0.5,0.0,0.2,0,4,snr-mean,0.595500,0.652893
E8,0.2,1.0,0,0.5,0.0,0.2,0,4,belief,0.627750,0.786157
E8,0.2,1.0,0,0.5,0.0,0.2,0,4,belief-pred,0.637000,0.824380
E8,0.2,1.0,0,0.5,0.0,0.2,0,4,ewma,0.566750,0.534091
E8,0.2,1.0,0,0.5,0.0,0.2,0,4,blend-paper,0.588250,0.622934
E8,0.2,1.0,0,0.5,0.0,0.2,0,4,saf-adaptive,0.637250,0.825413
E8,0.2,1.0,0,0.5,0.0,0.2,0,5,random,0.563000,0.507128
E8,0.2,1.0,0,0.5,0.0,0.2,0,5,round-robin,0.560250,0.495927
E8,0.2,1.0,0,0.5,0.0,0.2,0,5,oracle,0.684000,1.000000
E8,0.2,1.0,0,0.5,0.0,0.2,0,5,snr-greedy,0.616000,0.723014
E8,0.2,1.0,0,0.5,0.0,0.2,0,5,snr-greedy-loss,0.636250,0.805499
E8,0.2,1.0,0,0.5,0.0,0.2,0,5,snr-mean,0.609750,0.697556
E8,0.2,1.0,0,0.5,0.0,0.2,0,5,belief,0.641500,0.826884
E8,0.2,1.0,0,0.5,0.0,0.2,0,5,belief-pred,0.646250,0.846232
E8,0.2,1.0,0,0.5,0.0,0.2,0,5,ewma,0.586000,0.600815
E8,0.2,1.0,0,0.5,0.0,0.2,0,5,blend-paper,0.598250,0.650713
E8,0.2,1.0,0,0.5,0.0,0.2,0,5,saf-adaptive,0.646750,0.848269
E8,0.2,1.0,0,0.5,0.0,0.2,0,6,random,0.563250,0.525994
E8,0.2,1.0,0,0.5,0.0,0.2,0,6,round-robin,0.560750,0.515800
E8,0.2,1.0,0,0.5,0.0,0.2,0,6,oracle,0.679500,1.000000
E8,0.2,1.0,0,0.5,0.0,0.2,0,6,snr-greedy,0.610000,0.716616
E8,0.2,1.0,0,0.5,0.0,0.2,0,6,snr-greedy-loss,0.629500,0.796126
E8,0.2,1.0,0,0.5,0.0,0.2,0,6,snr-mean,0.599000,0.671764
E8,0.2,1.0,0,0.5,0.0,0.2,0,6,belief,0.632500,0.808359
E8,0.2,1.0,0,0.5,0.0,0.2,0,6,belief-pred,0.641750,0.846075
E8,0.2,1.0,0,0.5,0.0,0.2,0,6,ewma,0.559500,0.510703
E8,0.2,1.0,0,0.5,0.0,0.2,0,6,blend-paper,0.587250,0.623853
E8,0.2,1.0,0,0.5,0.0,0.2,0,6,saf-adaptive,0.642250,0.848114
E8,0.2,1.0,0,0.5,0.0,0.2,0,7,random,0.568250,0.490066
E8,0.2,1.0,0,0.5,0.0,0.2,0,7,round-robin,0.572250,0.507726
E8,0.2,1.0,0,0.5,0.0,0.2,0,7,oracle,0.683750,1.000000
E8,0.2,1.0,0,0.5,0.0,0.2,0,7,snr-greedy,0.613500,0.689845
E8,0.2,1.0,0,0.5,0.0,0.2,0,7,snr-greedy-loss,0.633500,0.778146
E8,0.2,1.0,0,0.5,0.0,0.2,0,7,snr-mean,0.606750,0.660044
E8,0.2,1.0,0,0.5,0.0,0.2,0,7,belief,0.636000,0.789183
E8,0.2,1.0,0,0.5,0.0,0.2,0,7,belief-pred,0.638750,0.801325
E8,0.2,1.0,0,0.5,0.0,0.2,0,7,ewma,0.571500,0.504415
E8,0.2,1.0,0,0.5,0.0,0.2,0,7,blend-paper,0.595750,0.611479
E8,0.2,1.0,0,0.5,0.0,0.2,0,7,saf-adaptive,0.639250,0.803532
E8,0.2,1.0,0,0.5,0.0,0.2,0,8,random,0.566750,0.480263
E8,0.2,1.0,0,0.5,0.0,0.2,0,8,round-robin,0.573500,0.509868
E8,0.2,1.0,0,0.5,0.0,0.2,0,8,oracle,0.685250,1.000000
E8,0.2,1.0,0,0.5,0.0,0.2,0,8,snr-greedy,0.611750,0.677632
E8,0.2,1.0,0,0.5,0.0,0.2,0,8,snr-greedy-loss,0.639250,0.798246
E8,0.2,1.0,0,0.5,0.0,0.2,0,8,snr-mean,0.610750,0.673246
E8,0.2,1.0,0,0.5,0.0,0.2,0,8,belief,0.641500,0.808114
E8,0.2,1.0,0,0.5,0.0,0.2,0,8,belief-pred,0.652000,0.854167
E8,0.2,1.0,0,0.5,0.0,0.2,0,8,ewma,0.599250,0.622807
E8,0.2,1.0,0,0.5,0.0,0.2,0,8,blend-paper,0.610000,0.669956
E8,0.2,1.0,0,0.5,0.0,0.2,0,8,saf-adaptive,0.651750,0.853070
E8,0.2,1.0,0,0.5,0.0,0.2,0,9,random,0.567250,0.526474
E8,0.2,1.0,0,0.5,0.0,0.2,0,9,round-robin,0.561250,0.502498
E8,0.2,1.0,0,0.5,0.0,0.2,0,9,oracle,0.685750,1.000000
E8,0.2,1.0,0,0.5,0.0,0.2,0,9,snr-greedy,0.619000,0.733267
E8,0.2,1.0,0,0.5,0.0,0.2,0,9,snr-greedy-loss,0.638500,0.811189
E8,0.2,1.0,0,0.5,0.0,0.2,0,9,snr-mean,0.610000,0.697303
E8,0.2,1.0,0,0.5,0.0,0.2,0,9,belief,0.646500,0.843157
E8,0.2,1.0,0,0.5,0.0,0.2,0,9,belief-pred,0.652000,0.865135
E8,0.2,1.0,0,0.5,0.0,0.2,0,9,ewma,0.585000,0.597403
E8,0.2,1.0,0,0.5,0.0,0.2,0,9,blend-paper,0.606750,0.684316
E8,0.2,1.0,0,0.5,0.0,0.2,0,9,saf-adaptive,0.651750,0.864136
E8,0.2,1.0,0,0.5,0.0,0.2,0,10,random,0.556000,0.489858
E8,0.2,1.0,0,0.5,0.0,0.2,0,10,round-robin,0.557500,0.495943
E8,0.2,1.0,0,0.5,0.0,0.2,0,10,oracle,0.681750,1.000000
E8,0.2,1.0,0,0.5,0.0,0.2,0,10,snr-greedy,0.603500,0.682556
E8,0.2,1.0,0,0.5,0.0,0.2,0,10,snr-greedy-loss,0.630500,0.792089
E8,0.2,1.0,0,0.5,0.0,0.2,0,10,snr-mean,0.607250,0.697769
E8,0.2,1.0,0,0.5,0.0,0.2,0,10,belief,0.632750,0.801217
E8,0.2,1.0,0,0.5,0.0,0.2,0,10,belief-pred,0.642750,0.841785
E8,0.2,1.0,0,0.5,0.0,0.2,0,10,ewma,0.572500,0.556795
E8,0.2,1.0,0,0.5,0.0,0.2,0,10,blend-paper,0.597250,0.657201
E8,0.2,1.0,0,0.5,0.0,0.2,0,10,saf-adaptive,0.641500,0.836714
E8,0.2,1.0,0,0.5,0.0,0.2,0,11,random,0.565000,0.507821
E8,0.2,1.0,0,0.5,0.0,0.2,0,11,round-robin,0.564500,0.505735
E8,0.2,1.0,0,0.5,0.0,0.2,0,11,oracle,0.683000,1.000000
E8,0.2,1.0,0,0.5,0.0,0.2,0,11,snr-greedy,0.610250,0.696559
E8,0.2,1.0,0,0.5,0.0,0.2,0,11,snr-greedy-loss,0.634000,0.795620
E8,0.2,1.0,0,0.5,0.0,0.2,0,11,snr-mean,0.603750,0.669447
E8,0.2,1.0,0,0.5,0.0,0.2,0,11,belief,0.637000,0.808133
E8,0.2,1.0,0,0.5,0.0,0.2,0,11,belief-pred,0.642750,0.832117
E8,0.2,1.0,0,0.5,0.0,0.2,0,11,ewma,0.574000,0.545360
E8,0.2,1.0,0,0.5,0.0,0.2,0,11,blend-paper,0.586250,0.596455
E8,0.2,1.0,0,0.5,0.0,0.2,0,11,saf-adaptive,0.643000,0.833160
E8,0.2,1.0,0,0.5,0.0,0.2,0,12,random,0.566500,0.502533
E8,0.2,1.0,0,0.5,0.0,0.2,0,12,round-robin,0.561250,0.481256
E8,0.2,1.0,0,0.5,0.0,0.2,0,12,oracle,0.689250,1.000000
E8,0.2,1.0,0,0.5,0.0,0.2,0,12,snr-greedy,0.613500,0.693009
E8,0.2,1.0,0,0.5,0.0,0.2,0,12,snr-greedy-loss,0.632750,0.771023
E8,0.2,1.0,0,0.5,0.0,0.2,0,12,snr-mean,0.610250,0.679838
E8,0.2,1.0,0,0.5,0.0,0.2,0,12,belief,0.641000,0.804458
E8,0.2,1.0,0,0.5,0.0,0.2,0,12,belief-pred,0.649000,0.836879
E8,0.2,1.0,0,0.5,0.0,0.2,0,12,ewma,0.584750,0.576494
E8,0.2,1.0,0,0.5,0.0,0.2,0,12,blend-paper,0.603250,0.651469
E8,0.2,1.0,0,0.5,0.0,0.2,0,12,saf-adaptive,0.649250,0.837893
E8,0.2,1.0,0,0.5,0.0,0.2,0,13,random,0.554250,0.483087
E8,0.2,1.0,0,0.5,0.0,0.2,0,13,round-robin,0.562250,0.516913
E8,0.2,1.0,0,0.5,0.0,0.2,0,13,oracle,0.676500,1.000000
E8,0.2,1.0,0,0.5,0.0,0.2,0,13,snr-greedy,0.608750,0.713531
E8,0.2,1.0,0,0.5,0.0,0.2,0,13,snr-greedy-loss,0.627000,0.790698
E8,0.2,1.0,0,0.5,0.0,0.2,0,13,snr-mean,0.598500,0.670190
E8,0.2,1.0,0,0.5,0.0,0.2,0,13,belief,0.632000,0.811839
E8,0.2,1.0,0,0.5,0.0,0.2,0,13,belief-pred,0.639500,0.843552
E8,0.2,1.0,0,0.5,0.0,0.2,0,13,ewma,0.581000,0.596195
E8,0.2,1.0,0,0.5,0.0,0.2,0,13,blend-paper,0.601000,0.680761
E8,0.2,1.0,0,0.5,0.0,0.2,0,13,saf-adaptive,0.639750,0.844609
E8,0.2,1.0,0,0.5,0.0,0.2,0,14,random,0.575500,0.500000
E8,0.2,1.0,0,0.5,0.0,0.2,0,14,round-robin,0.573250,0.490506
E8,0.2,1.0,0,0.5,0.0,0.2,0,14,oracle,0.694000,1.000000
E8,0.2,1.0,0,0.5,0.0,0.2,0,14,snr-greedy,0.629250,0.726793
E8,0.2,1.0,0,0.5,0.0,0.2,0,14,snr-greedy-loss,0.648000,0.805907
E8,0.2,1.0,0,0.5,0.0,0.2,0,14,snr-mean,0.616000,0.670886
E8,0.2,1.0,0,0.5,0.0,0.2,0,14,belief,0.652250,0.823840
E8,0.2,1.0,0,0.5,0.0,0.2,0,14,belief-pred,0.658250,0.849156
E8,0.2,1.0,0,0.5,0.0,0.2,0,14,ewma,0.600750,0.606540
E8,0.2,1.0,0,0.5,0.0,0.2,0,14,blend-paper,0.621250,0.693038
E8,0.2,1.0,0,0.5,0.0,0.2,0,14,saf-adaptive,0.658500,0.850211
E8,0.2,1.0,0,0.5,0.0,0.2,0,15,random,0.554000,0.485963
E8,0.2,1.0,0,0.5,0.0,0.2,0,15,round-robin,0.555750,0.492740
E8,0.2,1.0,0,0.5,0.0,0.2,0,15,oracle,0.686750,1.000000
E8,0.2,1.0,0,0.5,0.0,0.2,0,15,snr-greedy,0.616500,0.727977
E8,0.2,1.0,0,0.5,0.0,0.2,0,15,snr-greedy-loss,0.633250,0.792836
E8,0.2,1.0,0,0.5,0.0,0.2,0,15,snr-mean,0.613750,0.717328
E8,0.2,1.0,0,0.5,0.0,0.2,0,15,belief,0.638250,0.812197
E8,0.2,1.0,0,0.5,0.0,0.2,0,15,belief-pred,0.643750,0.833495
E8,0.2,1.0,0,0.5,0.0,0.2,0,15,ewma,0.582250,0.595353
E8,0.2,1.0,0,0.5,0.0,0.2,0,15,blend-paper,0.604500,0.681510
E8,0.2,1.0,0,0.5,0.0,0.2,0,15,saf-adaptive,0.644500,0.836399
E8,0.2,1.0,0,0.5,0.0,0.2,0,16,random,0.556500,0.482795
E8,0.2,1.0,0,0.5,0.0,0.2,0,16,round-robin,0.559250,0.494265
E8,0.2,1.0,0,0.5,0.0,0.2,0,16,oracle,0.680500,1.000000
E8,0.2,1.0,0,0.5,0.0,0.2,0,16,snr-greedy,0.613250,0.719499
E8,0.2,1.0,0,0.5,0.0,0.2,0,16,snr-greedy-loss,0.634750,0.809176
E8,0.2,1.0,0,0.5,0.0,0.2,0,16,snr-mean,0.597250,0.652763
E8,0.2,1.0,0,0.5,0.0,0.2,0,16,belief,0.634250,0.807091
E8,0.2,1.0,0,0.5,0.0,0.2,0,16,belief-pred,0.643500,0.845673
E8,0.2,1.0,0,0.5,0.0,0.2,0,16,ewma,0.576000,0.564129
E8,0.2,1.0,0,0.5,0.0,0.2,0,16,blend-paper,0.590500,0.624609
E8,0.2,1.0,0,0.5,0.0,0.2,0,16,saf-adaptive,0.643750,0.846715
E8,0.2,1.0,0,0.5,0.0,0.2,0,17,random,0.567000,0.509414
E8,0.2,1.0,0,0.5,0.0,0.2,0,17,round-robin,0.566000,0.505230
E8,0.2,1.0,0,0.5,0.0,0.2,0,17,oracle,0.684250,1.000000
E8,0.2,1.0,0,0.5,0.0,0.2,0,17,snr-greedy,0.612750,0.700837
E8,0.2,1.0,0,0.5,0.0,0.2,0,17,snr-greedy-loss,0.626250,0.757322
E8,0.2,1.0,0,0.5,0.0,0.2,0,17,snr-mean,0.608250,0.682008
E8,0.2,1.0,0,0.5,0.0,0.2,0,17,belief,0.637000,0.802301
E8,0.2,1.0,0,0.5,0.0,0.2,0,17,belief-pred,0.641000,0.819038
E8,0.2,1.0,0,0.5,0.0,0.2,0,17,ewma,0.584500,0.582636
E8,0.2,1.0,0,0.5,0.0,0.2,0,17,blend-paper,0.594750,0.625523
E8,0.2,1.0,0,0.5,0.0,0.2,0,17,saf-adaptive,0.641000,0.819038
E8,0.2,1.0,0,0.5,0.0,0.2,0,18,random,0.544750,0.466229
E8,0.2,1.0,0,0.5,0.0,0.2,0,18,round-robin,0.554250,0.501876
E8,0.2,1.0,0,0.5,0.0,0.2,0,18,oracle,0.687000,1.000000
E8,0.2,1.0,0,0.5,0.0,0.2,0,18,snr-greedy,0.603750,0.687617
E8,0.2,1.0,0,0.5,0.0,0.2,0,18,snr-greedy-loss,0.629000,0.782364
E8,0.2,1.0,0,0.5,0.0,0.2,0,18,snr-mean,0.610750,0.713884
E8,0.2,1.0,0,0.5,0.0,0.2,0,18,belief,0.631750,0.792683
E8,0.2,1.0,0,0.5,0.0,0.2,0,18,belief-pred,0.647250,0.850844
E8,0.2,1.0,0,0.5,0.0,0.2,0,18,ewma,0.586500,0.622889
E8,0.2,1.0,0,0.5,0.0,0.2,0,18,blend-paper,0.600750,0.676360
E8,0.2,1.0,0,0.5,0.0,0.2,0,18,saf-adaptive,0.647250,0.850844
E8,0.2,1.0,0,0.5,0.0,0.2,0,19,random,0.558750,0.496970
E8,0.2,1.0,0,0.5,0.0,0.2,0,19,round-robin,0.558000,0.493939
E8,0.2,1.0,0,0.5,0.0,0.2,0,19,oracle,0.683250,1.000000
E8,0.2,1.0,0,0.5,0.0,0.2,0,19,snr-greedy,0.604000,0.679798
E8,0.2,1.0,0,0.5,0.0,0.2,0,19,snr-greedy-loss,0.630500,0.786869
E8,0.2,1.0,0,0.5,0.0,0.2,0,19,snr-mean,0.592500,0.633333
E8,0.2,1.0,0,0.5,0.0,0.2,0,19,belief,0.629500,0.782828
E8,0.2,1.0,0,0.5,0.0,0.2,0,19,belief-pred,0.636500,0.811111
E8,0.2,1.0,0,0.5,0.0,0.2,0,19,ewma,0.565500,0.524242
E8,0.2,1.0,0,0.5,0.0,0.2,0,19,blend-paper,0.599000,0.659596
E8,0.2,1.0,0,0.5,0.0,0.2,0,19,saf-adaptive,0.637000,0.813131
E8,0.2,1.0,0,0.5,0.0,0.2,0,20,random,0.563000,0.501010
E8,0.2,1.0,0,0.5,0.0,0.2,0,20,round-robin,0.566500,0.515152
E8,0.2,1.0,0,0.5,0.0,0.2,0,20,oracle,0.686500,1.000000
E8,0.2,1.0,0,0.5,0.0,0.2,0,20,snr-greedy,0.614000,0.707071
E8,0.2,1.0,0,0.5,0.0,0.2,0,20,snr-greedy-loss,0.632750,0.782828
E8,0.2,1.0,0,0.5,0.0,0.2,0,20,snr-mean,0.595000,0.630303
E8,0.2,1.0,0,0.5,0.0,0.2,0,20,belief,0.640750,0.815152
E8,0.2,1.0,0,0.5,0.0,0.2,0,20,belief-pred,0.645750,0.835354
E8,0.2,1.0,0,0.5,0.0,0.2,0,20,ewma,0.578500,0.563636
E8,0.2,1.0,0,0.5,0.0,0.2,0,20,blend-paper,0.599250,0.647475
E8,0.2,1.0,0,0.5,0.0,0.2,0,20,saf-adaptive,0.646750,0.839394
E8,0.2,1.0,0,0.5,0.0,0.2,0,21,random,0.557750,0.506931
E8,0.2,1.0,0,0.5,0.0,0.2,0,21,round-robin,0.557250,0.504950
E8,0.2,1.0,0,0.5,0.0,0.2,0,21,oracle,0.682250,1.000000
E8,0.2,1.0,0,0.5,0.0,0.2,0,21,snr-greedy,0.610250,0.714851
E8,0.2,1.0,0,0.5,0.0,0.2,0,21,snr-greedy-loss,0.635000,0.812871
E8,0.2,1.0,0,0.5,0.0,0.2,0,21,snr-mean,0.585750,0.617822
E8,0.2,1.0,0,0.5,0.0,0.2,0,21,belief,0.635750,0.815842
E8,0.2,1.0,0,0.5,0.0,0.2,0,21,belief-pred,0.638000,0.824752
E8,0.2,1.0,0,0.5,0.0,0.2,0,21,ewma,0.574250,0.572277
E8,0.2,1.0,0,0.5,0.0,0.2,0,21,blend-paper,0.589750,0.633663
E8,0.2,1.0,0,0.5,0.0,0.2,0,21,saf-adaptive,0.638250,0.825743
E8,0.2,1.0,0,0.5,0.0,0.2,0,22,random,0.567750,0.486911
E8,0.2,1.0,0,0.5,0.0,0.2,0,22,round-robin,0.567500,0.485864
E8,0.2,1.0,0,0.5,0.0,0.2,0,22,oracle,0.690250,1.000000
E8,0.2,1.0,0,0.5,0.0,0.2,0,22,snr-greedy,0.618750,0.700524
E8,0.2,1.0,0,0.5,0.0,0.2,0,22,snr-greedy-loss,0.639750,0.788482
E8,0.2,1.0,0,0.5,0.0,0.2,0,22,snr-mean,0.608000,0.655497
E8,0.2,1.0,0,0.5,0.0,0.2,0,22,belief,0.640750,0.792670
E8,0.2,1.0,0,0.5,0.0,0.2,0,22,belief-pred,0.644000,0.806283
E8,0.2,1.0,0,0.5,0.0,0.2,0,22,ewma,0.594250,0.597906
E8,0.2,1.0,0,0.5,0.0,0.2,0,22,blend-paper,0.607750,0.654450
E8,0.2,1.0,0,0.5,0.0,0.2,0,22,saf-adaptive,0.644500,0.808377
E8,0.2,1.0,0,0.5,0.0,0.2,0,23,random,0.558000,0.492739
E8,0.2,1.0,0,0.5,0.0,0.2,0,23,round-robin,0.556000,0.484440
E8,0.2,1.0,0,0.5,0.0,0.2,0,23,oracle,0.680250,1.000000
E8,0.2,1.0,0,0.5,0.0,0.2,0,23,snr-greedy,0.600500,0.669087
E8,0.2,1.0,0,0.5,0.0,0.2,0,23,snr-greedy-loss,0.627250,0.780083
E8,0.2,1.0,0,0.5,0.0,0.2,0,23,snr-mean,0.599000,0.662863
E8,0.2,1.0,0,0.5,0.0,0.2,0,23,belief,0.633750,0.807054
E8,0.2,1.0,0,0.5,0.0,0.2,0,23,belief-pred,0.640000,0.832988
E8,0.2,1.0,0,0.5,0.0,0.2,0,23,ewma,0.579750,0.582988
E8,0.2,1.0,0,0.5,0.0,0.2,0,23,blend-paper,0.599000,0.662863
E8,0.2,1.0,0,0.5,0.0,0.2,0,23,saf-adaptive,0.640000,0.832988
E8,0.2,1.0,0,0.5,0.0,0.2,0,24,random,0.554500,0.492110
E8,0.2,1.0,0,0.5,0.0,0.2,0,24,round-robin,0.553750,0.489152
E8,0.2,1.0,0,0.5,0.0,0.2,0,24,oracle,0.683250,1.000000
E8,0.2,1.0,0,0.5,0.0,0.2,0,24,snr-greedy,0.608750,0.706114
E8,0.2,1.0,0,0.5,0.0,0.2,0,24,snr-greedy-loss,0.632000,0.797830
E8,0.2,1.0,0,0.5,0.0,0.2,0,24,snr-mean,0.606250,0.696252
E8,0.2,1.0,0,0.5,0.0,0.2,0,24,belief,0.637500,0.819527
E8,0.2,1.0,0,0.5,0.0,0.2,0,24,belief-pred,0.645250,0.850099
E8,0.2,1.0,0,0.5,0.0,0.2,0,24,ewma,0.585000,0.612426
E8,0.2,1.0,0,0.5,0.0,0.2,0,24,blend-paper,0.593750,0.646943
E8,0.2,1.0,0,0.5,0.0,0.2,0,24,saf-adaptive,0.646000,0.853057
E8,0.2,1.0,0,0.5,0.0,0.2,0,25,random,0.559500,0.489861
E8,0.2,1.0,0,0.5,0.0,0.2,0,25,round-robin,0.560500,0.494130
E8,0.2,1.0,0,0.5,0.0,0.2,0,25,oracle,0.679000,1.000000
E8,0.2,1.0,0,0.5,0.0,0.2,0,25,snr-greedy,0.604000,0.679829
E8,0.2,1.0,0,0.5,0.0,0.2,0,25,snr-greedy-loss,0.623750,0.764141
E8,0.2,1.0,0,0.5,0.0,0.2,0,25,snr-mean,0.590500,0.622199
E8,0.2,1.0,0,0.5,0.0,0.2,0,25,belief,0.622250,0.757737
E8,0.2,1.0,0,0.5,0.0,0.2,0,25,belief-pred,0.632000,0.799360
E8,0.2,1.0,0,0.5,0.0,0.2,0,25,ewma,0.576750,0.563501
E8,0.2,1.0,0,0.5,0.0,0.2,0,25,blend-paper,0.591250,0.625400
E8,0.2,1.0,0,0.5,0.0,0.2,0,25,saf-adaptive,0.633000,0.803629
E8,0.2,1.0,0,0.5,0.0,0.2,0,26,random,0.571000,0.514940
E8,0.2,1.0,0,0.5,0.0,0.2,0,26,round-robin,0.570750,0.513944
E8,0.2,1.0,0,0.5,0.0,0.2,0,26,oracle,0.692750,1.000000
E8,0.2,1.0,0,0.5,0.0,0.2,0,26,snr-greedy,0.618750,0.705179
E8,0.2,1.0,0,0.5,0.0,0.2,0,26,snr-greedy-loss,0.636500,0.775896
E8,0.2,1.0,0,0.5,0.0,0.2,0,26,snr-mean,0.610000,0.670319
E8,0.2,1.0,0,0.5,0.0,0.2,0,26,belief,0.645250,0.810757
E8,0.2,1.0,0,0.5,0.0,0.2,0,26,belief-pred,0.658000,0.861554
E8,0.2,1.0,0,0.5,0.0,0.2,0,26,ewma,0.594000,0.606574
E8,0.2,1.0,0,0.5,0.0,0.2,0,26,blend-paper,0.605500,0.652390
E8,0.2,1.0,0,0.5,0.0,0.2,0,26,saf-adaptive,0.658000,0.861554
E8,0.2,1.0,0,0.5,0.0,0.2,0,27,random,0.560000,0.494461
E8,0.2,1.0,0,0.5,0.0,0.2,0,27,round-robin,0.561500,0.500504
E8,0.2,1.0,0,0.5,0.0,0.2,0,27,oracle,0.685500,1.000000
E8,0.2,1.0,0,0.5,0.0,0.2,0,27,snr-greedy,0.612250,0.704935
E8,0.2,1.0,0,0.5,0.0,0.2,0,27,snr-greedy-loss,0.634250,0.793555
E8,0.2,1.0,0,0.5,0.0,0.2,0,27,snr-mean,0.605750,0.678751
E8,0.2,1.0,0,0.5,0.0,0.2,0,27,belief,0.643250,0.829809
E8,0.2,1.0,0,0.5,0.0,0.2,0,27,belief-pred,0.649500,0.854985
E8,0.2,1.0,0,0.5,0.0,0.2,0,27,ewma,0.587250,0.604230
E8,0.2,1.0,0,0.5,0.0,0.2,0,27,blend-paper,0.600750,0.658610
E8,0.2,1.0,0,0.5,0.0,0.2,0,27,saf-adaptive,0.649000,0.852971
E8,0.2,1.0,0,0.5,0.0,0.2,0,28,random,0.567500,0.510053
E8,0.2,1.0,0,0.5,0.0,0.2,0,28,round-robin,0.566750,0.506878
E8,0.2,1.0,0,0.5,0.0,0.2,0,28,oracle,0.683250,1.000000
E8,0.2,1.0,0,0.5,0.0,0.2,0,28,snr-greedy,0.608000,0.681481
E8,0.2,1.0,0,0.5,0.0,0.2,0,28,snr-greedy-loss,0.628000,0.766138
E8,0.2,1.0,0,0.5,0.0,0.2,0,28,snr-mean,0.596500,0.632804
E8,0.2,1.0,0,0.5,0.0,0.2,0,28,belief,0.631250,0.779894
E8,0.2,1.0,0,0.5,0.0,0.2,0,28,belief-pred,0.637250,0.805291
E8,0.2,1.0,0,0.5,0.0,0.2,0,28,ewma,0.577250,0.551323
E8,0.2,1.0,0,0.5,0.0,0.2,0,28,blend-paper,0.594000,0.622222
E8,0.2,1.0,0,0.5,0.0,0.2,0,28,saf-adaptive,0.637250,0.805291
E8,0.2,1.0,0,0.5,0.0,0.2,0,29,random,0.563750,0.477131
E8,0.2,1.0,0,0.5,0.0,0.2,0,29,round-robin,0.565250,0.483368
E8,0.2,1.0,0,0.5,0.0,0.2,0,29,oracle,0.689500,1.000000
E8,0.2,1.0,0,0.5,0.0,0.2,0,29,snr-greedy,0.621000,0.715177
E8,0.2,1.0,0,0.5,0.0,0.2,0,29,snr-greedy-loss,0.642250,0.803534
E8,0.2,1.0,0,0.5,0.0,0.2,0,29,snr-mean,0.601750,0.635135
E8,0.2,1.0,0,0.5,0.0,0.2,0,29,belief,0.644000,0.810811
E8,0.2,1.0,0,0.5,0.0,0.2,0,29,belief-pred,0.654250,0.853430
E8,0.2,1.0,0,0.5,0.0,0.2,0,29,ewma,0.585500,0.567568
E8,0.2,1.0,0,0.5,0.0,0.2,0,29,blend-paper,0.613500,0.683992
E8,0.2,1.0,0,0.5,0.0,0.2,0,29,saf-adaptive,0.654750,0.855509
E8,0.2,1.0,0,0.5,0.0,0.2,0,30,random,0.554000,0.502478
E8,0.2,1.0,0,0.5,0.0,0.2,0,30,round-robin,0.552250,0.495540
E8,0.2,1.0,0,0.5,0.0,0.2,0,30,oracle,0.679500,1.000000
E8,0.2,1.0,0,0.5,0.0,0.2,0,30,snr-greedy,0.605500,0.706640
E8,0.2,1.0,0,0.5,0.0,0.2,0,30,snr-greedy-loss,0.624750,0.782953
E8,0.2,1.0,0,0.5,0.0,0.2,0,30,snr-mean,0.591750,0.652131
E8,0.2,1.0,0,0.5,0.0,0.2,0,30,belief,0.630250,0.804757
E8,0.2,1.0,0,0.5,0.0,0.2,0,30,belief-pred,0.637250,0.832507
E8,0.2,1.0,0,0.5,0.0,0.2,0,30,ewma,0.573250,0.578791
E8,0.2,1.0,0,0.5,0.0,0.2,0,30,blend-paper,0.591750,0.652131
E8,0.2,1.0,0,0.5,0.0,0.2,0,30,saf-adaptive,0.637250,0.832507
E8,0.2,1.0,0,0.5,0.0,0.2,0,31,random,0.561250,0.498483
E8,0.2,1.0,0,0.5,0.0,0.2,0,31,round-robin,0.561250,0.498483
E8,0.2,1.0,0,0.5,0.0,0.2,0,31,oracle,0.685250,1.000000
E8,0.2,1.0,0,0.5,0.0,0.2,0,31,snr-greedy,0.616500,0.721941
E8,0.2,1.0,0,0.5,0.0,0.2,0,31,snr-greedy-loss,0.635000,0.796764
E8,0.2,1.0,0,0.5,0.0,0.2,0,31,snr-mean,0.607500,0.685541
E8,0.2,1.0,0,0.5,0.0,0.2,0,31,belief,0.636750,0.803842
E8,0.2,1.0,0,0.5,0.0,0.2,0,31,belief-pred,0.650750,0.860465
E8,0.2,1.0,0,0.5,0.0,0.2,0,31,ewma,0.586250,0.599596
E8,0.2,1.0,0,0.5,0.0,0.2,0,31,blend-paper,0.598750,0.650152
E8,0.2,1.0,0,0.5,0.0,0.2,0,31,saf-adaptive,0.650000,0.857432
E8,0.2,1.0,0,0.5,0.0,0.2,0,32,random,0.557500,0.480652
E8,0.2,1.0,0,0.5,0.0,0.2,0,32,round-robin,0.558250,0.483707
E8,0.2,1.0,0,0.5,0.0,0.2,0,32,oracle,0.685000,1.000000
E8,0.2,1.0,0,0.5,0.0,0.2,0,32,snr-greedy,0.609500,0.692464
E8,0.2,1.0,0,0.5,0.0,0.2,0,32,snr-greedy-loss,0.631500,0.782077
E8,0.2,1.0,0,0.5,0.0,0.2,0,32,snr-mean,0.610000,0.694501
E8,0.2,1.0,0,0.5,0.0,0.2,0,32,belief,0.635000,0.796334
E8,0.2,1.0,0,0.5,0.0,0.2,0,32,belief-pred,0.647500,0.847251
E8,0.2,1.0,0,0.5,0.0,0.2,0,32,ewma,0.577750,0.563136
E8,0.2,1.0,0,0.5,0.0,0.2,0,32,blend-paper,0.582500,0.582485
E8,0.2,1.0,0,0.5,0.0,0.2,0,32,saf-adaptive,0.647500,0.847251
E8,0.2,1.0,0,0.5,0.0,0.2,0,33,random,0.568250,0.516684
E8,0.2,1.0,0,0.5,0.0,0.2,0,33,round-robin,0.561750,0.490394
E8,0.2,1.0,0,0.5,0.0,0.2,0,33,oracle,0.687750,1.000000
E8,0.2,1.0,0,0.5,0.0,0.2,0,33,snr-greedy,0.615750,0.708797
E8,0.2,1.0,0,0.5,0.0,0.2,0,33,snr-greedy-loss,0.638500,0.800809
E8,0.2,1.0,0,0.5,0.0,0.2,0,33,snr-mean,0.605000,0.665319
E8,0.2,1.0,0,0.5,0.0,0.2,0,33,belief,0.640500,0.808898
E8,0.2,1.0,0,0.5,0.0,0.2,0,33,belief-pred,0.649000,0.843276
E8,0.2,1.0,0,0.5,0.0,0.2,0,33,ewma,0.584000,0.580384
E8,0.2,1.0,0,0.5,0.0,0.2,0,33,blend-paper,0.602000,0.653185
E8,0.2,1.0,0,0.5,0.0,0.2,0,33,saf-adaptive,0.648750,0.842265
E8,0.2,1.0,0,0.5,0.0,0.2,0,34,random,0.561250,0.509824
E8,0.2,1.0,0,0.5,0.0,0.2,0,34,round-robin,0.557500,0.494312
E8,0.2,1.0,0,0.5,0.0,0.2,0,34,oracle,0.679750,1.000000
E8,0.2,1.0,0,0.5,0.0,0.2,0,34,snr-greedy,0.613750,0.726991
E8,0.2,1.0,0,0.5,0.0,0.2,0,34,snr-greedy-loss,0.628500,0.788004
E8,0.2,1.0,0,0.5,0.0,0.2,0,34,snr-mean,0.581000,0.591520
E8,0.2,1.0,0,0.5,0.0,0.2,0,34,belief,0.629750,0.793175
E8,0.2,1.0,0,0.5,0.0,0.2,0,34,belief-pred,0.636000,0.819028
E8,0.2,1.0,0,0.5,0.0,0.2,0,34,ewma,0.570750,0.549121
E8,0.2,1.0,0,0.5,0.0,0.2,0,34,blend-paper,0.588750,0.623578
E8,0.2,1.0,0,0.5,0.0,0.2,0,34,saf-adaptive,0.636000,0.819028
E8,0.2,1.0,0,0.5,0.0,0.2,0,35,random,0.567250,0.491803
E8,0.2,1.0,0,0.5,0.0,0.2,0,35,round-robin,0.570000,0.503074
E8,0.2,1.0,0,0.5,0.0,0.2,0,35,oracle,0.691250,1.000000
E8,0.2,1.0,0,0.5,0.0,0.2,0,35,snr-greedy,0.622000,0.716189
E8,0.2,1.0,0,0.5,0.0,0.2,0,35,snr-greedy-loss,0.644750,0.809426
E8,0.2,1.0,0,0.5,0.0,0.2,0,35,snr-mean,0.613500,0.681352
E8,0.2,1.0,0,0.5,0.0,0.2,0,35,belief,0.647000,0.818648
E8,0.2,1.0,0,0.5,0.0,0.2,0,35,belief-pred,0.654500,0.849385
E8,0.2,1.0,0,0.5,0.0,0.2,0,35,ewma,0.588000,0.576844
E8,0.2,1.0,0,0.5,0.0,0.2,0,35,blend-paper,0.606750,0.653689
E8,0.2,1.0,0,0.5,0.0,0.2,0,35,saf-adaptive,0.654250,0.848361
E8,0.2,1.0,0,0.5,0.0,0.2,0,36,random,0.566250,0.498419
E8,0.2,1.0,0,0.5,0.0,0.2,0,36,round-robin,0.568500,0.507903
E8,0.2,1.0,0,0.5,0.0,0.2,0,36,oracle,0.685250,1.000000
E8,0.2,1.0,0,0.5,0.0,0.2,0,36,snr-greedy,0.610250,0.683878
E8,0.2,1.0,0,0.5,0.0,0.2,0,36,snr-greedy-loss,0.630000,0.767123
E8,0.2,1.0,0,0.5,0.0,0.2,0,36,snr-mean,0.597500,0.630137
E8,0.2,1.0,0,0.5,0.0,0.2,0,36,belief,0.630750,0.770285
E8,0.2,1.0,0,0.5,0.0,0.2,0,36,belief-pred,0.641500,0.815595
E8,0.2,1.0,0,0.5,0.0,0.2,0,36,ewma,0.596500,0.625922
E8,0.2,1.0,0,0.5,0.0,0.2,0,36,blend-paper,0.600500,0.642782
E8,0.2,1.0,0,0.5,0.0,0.2,0,36,saf-adaptive,0.641500,0.815595
E8,0.2,1.0,0,0.5,0.0,0.2,0,37,random,0.574750,0.529472
E8,0.2,1.0,0,0.5,0.0,0.2,0,37,round-robin,0.568250,0.503049
E8,0.2,1.0,0,0.5,0.0,0.2,0,37,oracle,0.690500,1.000000
E8,0.2,1.0,0,0.5,0.0,0.2,0,37,snr-greedy,0.629000,0.750000
E8,0.2,1.0,0,0.5,0.0,0.2,0,37,snr-greedy-loss,0.647000,0.823171
E8,0.2,1.0,0,0.5,0.0,0.2,0,37,snr-mean,0.620750,0.716463
E8,0.2,1.0,0,0.5,0.0,0.2,0,37,belief,0.650750,0.838415
E8,0.2,1.0,0,0.5,0.0,0.2,0,37,belief-pred,0.659750,0.875000
E8,0.2,1.0,0,0.5,0.0,0.2,0,37,ewma,0.605250,0.653455
E8,0.2,1.0,0,0.5,0.0,0.2,0,37,blend-paper,0.608250,0.665650
E8,0.2,1.0,0,0.5,0.0,0.2,0,37,saf-adaptive,0.660500,0.878049
E8,0.2,1.0,0,0.5,0.0,0.2,0,38,random,0.571750,0.497972
E8,0.2,1.0,0,0.5,0.0,0.2,0,38,round-robin,0.576500,0.517241
E8,0.2,1.0,0,0.5,0.0,0.2,0,38,oracle,0.695500,1.000000
E8,0.2,1.0,0,0.5,0.0,0.2,0,38,snr-greedy,0.610000,0.653144
E8,0.2,1.0,0,0.5,0.0,0.2,0,38,snr-greedy-loss,0.640000,0.774848
E8,0.2,1.0,0,0.5,0.0,0.2,0,38,snr-mean,0.612000,0.661258
E8,0.2,1.0,0,0.5,0.0,0.2,0,38,belief,0.647750,0.806288
E8,0.2,1.0,0,0.5,0.0,0.2,0,38,belief-pred,0.656500,0.841785
E8,0.2,1.0,0,0.5,0.0,0.2,0,38,ewma,0.589750,0.570994
E8,0.2,1.0,0,0.5,0.0,0.2,0,38,blend-paper,0.605750,0.635903
E8,0.2,1.0,0,0.5,0.0,0.2,0,38,saf-adaptive,0.656750,0.842799
E8,0.2,1.0,0,0.5,0.0,0.2,0,39,random,0.563000,0.495992
E8,0.2,1.0,0,0.5,0.0,0.2,0,39,round-robin,0.564500,0.502004
E8,0.2,1.0,0,0.5,0.0,0.2,0,39,oracle,0.688750,1.000000
E8,0.2,1.0,0,0.5,0.0,0.2,0,39,snr-greedy,0.608500,0.678357
E8,0.2,1.0,0,0.5,0.0,0.2,0,39,snr-greedy-loss,0.634750,0.783567
E8,0.2,1.0,0,0.5,0.0,0.2,0,39,snr-mean,0.614500,0.702405
E8,0.2,1.0,0,0.5,0.0,0.2,0,39,belief,0.639750,0.803607
E8,0.2,1.0,0,0.5,0.0,0.2,0,39,belief-pred,0.648250,0.837675
E8,0.2,1.0,0,0.5,0.0,0.2,0,39,ewma,0.582000,0.572144
E8,0.2,1.0,0,0.5,0.0,0.2,0,39,blend-paper,0.599750,0.643287
E8,0.2,1.0,0,0.5,0.0,0.2,0,39,saf-adaptive,0.648250,0.837675
E8,0.2,1.0,0,0.5,0.0,0.2,0,40,random,0.562250,0.533804
E8,0.2,1.0,0,0.5,0.0,0.2,0,40,round-robin,0.554500,0.502523
E8,0.2,1.0,0,0.5,0.0,0.2,0,40,oracle,0.677750,1.000000
E8,0.2,1.0,0,0.5,0.0,0.2,0,40,snr-greedy,0.599750,0.685166
E8,0.2,1.0,0,0.5,0.0,0.2,0,40,snr-greedy-loss,0.622750,0.778002
E8,0.2,1.0,0,0.5,0.0,0.2,0,40,snr-mean,0.583000,0.617558
E8,0.2,1.0,0,0.5,0.0,0.2,0,40,belief,0.620500,0.768920
E8,0.2,1.0,0,0.5,0.0,0.2,0,40,belief-pred,0.631750,0.814329
E8,0.2,1.0,0,0.5,0.0,0.2,0,40,ewma,0.571250,0.570131
E8,0.2,1.0,0,0.5,0.0,0.2,0,40,blend-paper,0.588500,0.639758
E8,0.2,1.0,0,0.5,0.0,0.2,0,40,saf-adaptive,0.631750,0.814329
E8,0.2,1.0,0,0.5,0.0,0.2,0,41,random,0.553500,0.473738
E8,0.2,1.0,0,0.5,0.0,0.2,0,41,round-robin,0.559000,0.496395
E8,0.2,1.0,0,0.5,0.0,0.2,0,41,oracle,0.681250,1.000000
E8,0.2,1.0,0,0.5,0.0,0.2,0,41,snr-greedy,0.610500,0.708548
E8,0.2,1.0,0,0.5,0.0,0.2,0,41,snr-greedy-loss,0.633500,0.803296
E8,0.2,1.0,0,0.5,0.0,0.2,0,41,snr-mean,0.595750,0.647786
E8,0.2,1.0,0,0.5,0.0,0.2,0,41,belief,0.638750,0.824923
E8,0.2,1.0,0,0.5,0.0,0.2,0,41,belief-pred,0.643000,0.842430
E8,0.2,1.0,0,0.5,0.0,0.2,0,41,ewma,0.580500,0.584964
E8,0.2,1.0,0,0.5,0.0,0.2,0,41,blend-paper,0.596750,0.651905
E8,0.2,1.0,0,0.5,0.0,0.2,0,41,saf-adaptive,0.643000,0.842430
E8,0.2,1.0,0,0.5,0.0,0.2,0,42,random,0.552500,0.510978
E8,0.2,1.0,0,0.5,0.0,0.2,0,42,round-robin,0.546750,0.488024
E8,0.2,1.0,0,0.5,0.0,0.2,0,42,oracle,0.675000,1.000000
E8,0.2,1.0,0,0.5,0.0,0.2,0,42,snr-greedy,0.599000,0.696607
E8,0.2,1.0,0,0.5,0.0,0.2,0,42,snr-greedy-loss,0.623000,0.792415
E8,0.2,1.0,0,0.5,0.0,0.2,0,42,snr-mean,0.587750,0.651697
E8,0.2,1.0,0,0.5,0.0,0.2,0,42,belief,0.624250,0.797405
E8,0.2,1.0,0,0.5,0.0,0.2,0,42,belief-pred,0.631500,0.826347
E8,0.2,1.0,0,0.5,0.0,0.2,0,42,ewma,0.583750,0.635729
E8,0.2,1.0,0,0.5,0.0,0.2,0,42,blend-paper,0.596500,0.686627
E8,0.2,1.0,0,0.5,0.0,0.2,0,42,saf-adaptive,0.631750,0.827345
E8,0.2,1.0,0,0.5,0.0,0.2,0,43,random,0.562750,0.506694
E8,0.2,1.0,0,0.5,0.0,0.2,0,43,round-robin,0.561000,0.499485
E8,0.2,1.0,0,0.5,0.0,0.2,0,43,oracle,0.682500,1.000000
E8,0.2,1.0,0,0.5,0.0,0.2,0,43,snr-greedy,0.607500,0.691040
E8,0.2,1.0,0,0.5,0.0,0.2,0,43,snr-greedy-loss,0.632500,0.794027
E8,0.2,1.0,0,0.5,0.0,0.2,0,43,snr-mean,0.604250,0.677652
E8,0.2,1.0,0,0.5,0.0,0.2,0,43,belief,0.637750,0.815654
E8,0.2,1.0,0,0.5,0.0,0.2,0,43,belief-pred,0.647000,0.853759
E8,0.2,1.0,0,0.5,0.0,0.2,0,43,ewma,0.571500,0.542739
E8,0.2,1.0,0,0.5,0.0,0.2,0,43,blend-paper,0.597000,0.647786
E8,0.2,1.0,0,0.5,0.0,0.2,0,43,saf-adaptive,0.647000,0.853759
E8,0.2,1.0,0,0.5,0.0,0.2,0,44,random,0.566750,0.501577
E8,0.2,1.0,0,0.5,0.0,0.2,0,44,round-robin,0.569500,0.513144
E8,0.2,1.0,0,0.5,0.0,0.2,0,44,oracle,0.685250,1.000000
E8,0.2,1.0,0,0.5,0.0,0.2,0,44,snr-greedy,0.613500,0.698212
E8,0.2,1.0,0,0.5,0.0,0.2,0,44,snr-greedy-loss,0.634500,0.786540
E8,0.2,1.0,0,0.5,0.0,0.2,0,44,snr-mean,0.605250,0.663512
E8,0.2,1.0,0,0.5,0.0,0.2,0,44,belief,0.641750,0.817035
E8,0.2,1.0,0,0.5,0.0,0.2,0,44,belief-pred,0.650750,0.854890
E8,0.2,1.0,0,0.5,0.0,0.2,0,44,ewma,0.589750,0.598318
E8,0.2,1.0,0,0.5,0.0,0.2,0,44,blend-paper,0.607000,0.670873
E8,0.2,1.0,0,0.5,0.0,0.2,0,44,saf-adaptive,0.650750,0.854890
E8,0.2,1.0,0,0.5,0.0,0.2,0,45,random,0.558250,0.508565
E8,0.2,1.0,0,0.5,0.0,0.2,0,45,round-robin,0.557000,0.503212
E8,0.2,1.0,0,0.5,0.0,0.2,0,45,oracle,0.673000,1.000000
E8,0.2,1.0,0,0.5,0.0,0.2,0,45,snr-greedy,0.597750,0.677730
E8,0.2,1.0,0,0.5,0.0,0.2,0,45,snr-greedy-loss,0.618500,0.766595
E8,0.2,1.0,0,0.5,0.0,0.2,0,45,snr-mean,0.589250,0.641328
E8,0.2,1.0,0,0.5,0.0,0.2,0,45,belief,0.625250,0.795503
E8,0.2,1.0,0,0.5,0.0,0.2,0,45,belief-pred,0.633500,0.830835
E8,0.2,1.0,0,0.5,0.0,0.2,0,45,ewma,0.579000,0.597430
E8,0.2,1.0,0,0.5,0.0,0.2,0,45,blend-paper,0.579750,0.600642
E8,0.2,1.0,0,0.5,0.0,0.2,0,45,saf-adaptive,0.633750,0.831906
E8,0.2,1.0,0,0.5,0.0,0.2,0,46,random,0.560000,0.504124
E8,0.2,1.0,0,0.5,0.0,0.2,0,46,round-robin,0.557500,0.493814
E8,0.2,1.0,0,0.5,0.0,0.2,0,46,oracle,0.680250,1.000000
E8,0.2,1.0,0,0.5,0.0,0.2,0,46,snr-greedy,0.608250,0.703093
E8,0.2,1.0,0,0.5,0.0,0.2,0,46,snr-greedy-loss,0.632000,0.801031
E8,0.2,1.0,0,0.5,0.0,0.2,0,46,snr-mean,0.597250,0.657732
E8,0.2,1.0,0,0.5,0.0,0.2,0,46,belief,0.635750,0.816495
E8,0.2,1.0,0,0.5,0.0,0.2,0,46,belief-pred,0.637250,0.822680
E8,0.2,1.0,0,0.5,0.0,0.2,0,46,ewma,0.570500,0.547423
E8,0.2,1.0,0,0.5,0.0,0.2,0,46,blend-paper,0.609500,0.708247
E8,0.2,1.0,0,0.5,0.0,0.2,0,46,saf-adaptive,0.637250,0.822680
E8,0.2,1.0,0,0.5,0.0,0.2,0,47,random,0.565500,0.503992
E8,0.2,1.0,0,0.5,0.0,0.2,0,47,round-robin,0.566500,0.507984
E8,0.2,1.0,0,0.5,0.0,0.2,0,47,oracle,0.689750,1.000000
E8,0.2,1.0,0,0.5,0.0,0.2,0,47,snr-greedy,0.622000,0.729541
E8,0.2,1.0,0,0.5,0.0,0.2,0,47,snr-greedy-loss,0.639500,0.799401
E8,0.2,1.0,0,0.5,0.0,0.2,0,47,snr-mean,0.614500,0.699601
E8,0.2,1.0,0,0.5,0.0,0.2,0,47,belief,0.645000,0.821357
E8,0.2,1.0,0,0.5,0.0,0.2,0,47,belief-pred,0.651250,0.846307
E8,0.2,1.0,0,0.5,0.0,0.2,0,47,ewma,0.582000,0.569860
E8,0.2,1.0,0,0.5,0.0,0.2,0,47,blend-paper,0.595500,0.623752
E8,0.2,1.0,0,0.5,0.0,0.2,0,47,saf-adaptive,0.651250,0.846307
E8,0.2,1.0,0,0.5,0.0,0.2,0,48,random,0.560750,0.504683
E8,0.2,1.0,0,0.5,0.0,0.2,0,48,round-robin,0.555500,0.482830
E8,0.2,1.0,0,0.5,0.0,0.2,0,48,oracle,0.679750,1.000000
E8,0.2,1.0,0,0.5,0.0,0.2,0,48,snr-greedy,0.609000,0.705515
E8,0.2,1.0,0,0.5,0.0,0.2,0,48,snr-greedy-loss,0.627250,0.781478
E8,0.2,1.0,0,0.5,0.0,0.2,0,48,snr-mean,0.593000,0.638918
E8,0.2,1.0,0,0.5,0.0,0.2,0,48,belief,0.629000,0.788762
E8,0.2,1.0,0,0.5,0.0,0.2,0,48,belief-pred,0.636250,0.818939
E8,0.2,1.0,0,0.5,0.0,0.2,0,48,ewma,0.572000,0.551509
E8,0.2,1.0,0,0.5,0.0,0.2,0,48,blend-paper,0.592250,0.635796
E8,0.2,1.0,0,0.5,0.0,0.2,0,48,saf-adaptive,0.636000,0.817898
E8,0.2,1.0,0,0.5,0.0,0.2,0,49,random,0.561500,0.513402
E8,0.2,1.0,0,0.5,0.0,0.2,0,49,round-robin,0.561750,0.514433
E8,0.2,1.0,0,0.5,0.0,0.2,0,49,oracle,0.679500,1.000000
E8,0.2,1.0,0,0.5,0.0,0.2,0,49,snr-greedy,0.605000,0.692784
E8,0.2,1.0,0,0.5,0.0,0.2,0,49,snr-greedy-loss,0.634000,0.812371
E8,0.2,1.0,0,0.5,0.0,0.2,0,49,snr-mean,0.590250,0.631959
E8,0.2,1.0,0,0.5,0.0,0.2,0,49,belief,0.636750,0.823711
E8,0.2,1.0,0,0.5,0.0,0.2,0,49,belief-pred,0.638750,0.831959
E8,0.2,1.0,0,0.5,0.0,0.2,0,49,ewma,0.575750,0.572165
E8,0.2,1.0,0,0.5,0.0,0.2,0,49,blend-paper,0.583750,0.605155
E8,0.2,1.0,0,0.5,0.0,0.2,0,49,saf-adaptive,0.639250,0.834021
E8,0.2,1.0,0,0.25,0.0,0.2,0,0,random,0.560000,0.493952
E8,0.2,1.0,0,0.25,0.0,0.2,0,0,round-robin,0.559500,0.491935
E8,0.2,1.0,0,0.25,0.0,0.2,0,0,oracle,0.685500,1.000000
E8,0.2,1.0,0,0.25,0.0,0.2,0,0,snr-greedy,0.589750,0.613911
E8,0.2,1.0,0,0.25,0.0,0.2,0,0,snr-greedy-loss,0.602500,0.665323
E8,0.2,1.0,0,0.25,0.0,0.2,0,0,snr-mean,0.582500,0.584677
E8,0.2,1.0,0,0.25,0.0,0.2,0,0,belief,0.608250,0.688508
E8,0.2,1.0,0,0.25,0.0,0.2,0,0,belief-pred,0.625000,0.756048
E8,0.2,1.0,0,0.25,0.0,0.2,0,0,ewma,0.600750,0.658266
E8,0.2,1.0,0,0.25,0.0,0.2,0,0,blend-paper,0.598250,0.648185
E8,0.2,1.0,0,0.25,0.0,0.2,0,0,saf-adaptive,0.625250,0.757056
E8,0.2,1.0,0,0.25,0.0,0.2,0,1,random,0.565000,0.491919
E8,0.2,1.0,0,0.25,0.0,0.2,0,1,round-robin,0.567250,0.501010
E8,0.2,1.0,0,0.25,0.0,0.2,0,1,oracle,0.690750,1.000000
E8,0.2,1.0,0,0.25,0.0,0.2,0,1,snr-greedy,0.591250,0.597980
E8,0.2,1.0,0,0.25,0.0,0.2,0,1,snr-greedy-loss,0.603000,0.645455
E8,0.2,1.0,0,0.25,0.0,0.2,0,1,snr-mean,0.605250,0.654545
E8,0.2,1.0,0,0.25,0.0,0.2,0,1,belief,0.612000,0.681818
E8,0.2,1.0,0,0.25,0.0,0.2,0,1,belief-pred,0.629000,0.750505
E8,0.2,1.0,0,0.25,0.0,0.2,0,1,ewma,0.597750,0.624242
E8,0.2,1.0,0,0.25,0.0,0.2,0,1,blend-paper,0.591750,0.600000
E8,0.2,1.0,0,0.25,0.0,0.2,0,1,saf-adaptive,0.630000,0.754545
E8,0.2,1.0,0,0.25,0.0,0.2,0,2,random,0.565750,0.522059
E8,0.2,1.0,0,0.25,0.0,0.2,0,2,round-robin,0.562000,0.506303
E8,0.2,1.0,0,0.25,0.0,0.2,0,2,oracle,0.679500,1.000000
E8,0.2,1.0,0,0.25,0.0,0.2,0,2,snr-greedy,0.596000,0.649160
E8,0.2,1.0,0,0.25,0.0,0.2,0,2,snr-greedy-loss,0.611250,0.713235
E8,0.2,1.0,0,0.25,0.0,0.2,0,2,snr-mean,0.600000,0.665966
E8,0.2,1.0,0,0.25,0.0,0.2,0,2,belief,0.612500,0.718487
E8,0.2,1.0,0,0.25,0.0,0.2,0,2,belief-pred,0.628250,0.784664
E8,0.2,1.0,0,0.25,0.0,0.2,0,2,ewma,0.597250,0.654412
E8,0.2,1.0,0,0.25,0.0,0.2,0,2,blend-paper,0.595750,0.648109
E8,0.2,1.0,0,0.25,0.0,0.2,0,2,saf-adaptive,0.628000,0.783613
E8,0.2,1.0,0,0.25,0.0,0.2,0,3,random,0.544750,0.452703
E8,0.2,1.0,0,0.25,0.0,0.2,0,3,round-robin,0.560000,0.511583
E8,0.2,1.0,0,0.25,0.0,0.2,0,3,oracle,0.686500,1.000000
E8,0.2,1.0,0,0.25,0.0,0.2,0,3,snr-greedy,0.584750,0.607143
E8,0.2,1.0,0,0.25,0.0,0.2,0,3,snr-greedy-loss,0.598750,0.661197
E8,0.2,1.0,0,0.25,0.0,0.2,0,3,snr-mean,0.585250,0.609073
E8,0.2,1.0,0,0.25,0.0,0.2,0,3,belief,0.606250,0.690154
E8,0.2,1.0,0,0.25,0.0,0.2,0,3,belief-pred,0.612500,0.714286
E8,0.2,1.0,0,0.25,0.0,0.2,0,3,ewma,0.574250,0.566602
E8,0.2,1.0,0,0.25,0.0,0.2,0,3,blend-paper,0.588500,0.621622
E8,0.2,1.0,0,0.25,0.0,0.2,0,3,saf-adaptive,0.614000,0.720077
E8,0.2,1.0,0,0.25,0.0,0.2,0,4,random,0.561000,0.510331
E8,0.2,1.0,0,0.25,0.0,0.2,0,4,round-robin,0.554750,0.484504
E8,0.2,1.0,0,0.25,0.0,0.2,0,4,oracle,0.679500,1.000000
E8,0.2,1.0,0,0.25,0.0,0.2,0,4,snr-greedy,0.577250,0.577479
E8,0.2,1.0,0,0.25,0.0,0.2,0,4,snr-greedy-loss,0.603250,0.684917
E8,0.2,1.0,0,0.25,0.0,0.2,0,4,snr-mean,0.594500,0.648760
E8,0.2,1.0,0,0.25,0.0,0.2,0,4,belief,0.602500,0.681818
E8,0.2,1.0,0,0.25,0.0,0.2,0,4,belief-pred,0.613750,0.728306
E8,0.2,1.0,0,0.25,0.0,0.2,0,4,ewma,0.566750,0.534091
E8,0.2,1.0,0,0.25,0.0,0.2,0,4,blend-paper,0.585000,0.609504
E8,0.2,1.0,0,0.25,0.0,0.2,0,4,saf-adaptive,0.614250,0.730372
E8,0.2,1.0,0,0.25,0.0,0.2,0,5,random,0.563000,0.507128
E8,0.2,1.0,0,0.25,0.0,0.2,0,5,round-robin,0.560250,0.495927
E8,0.2,1.0,0,0.25,0.0,0.2,0,5,oracle,0.684000,1.000000
E8,0.2,1.0,0,0.25,0.0,0.2,0,5,snr-greedy,0.592250,0.626273
E8,0.2,1.0,0,0.25,0.0,0.2,0,5,snr-greedy-loss,0.608750,0.693483
E8,0.2,1.0,0,0.25,0.0,0.2,0,5,snr-mean,0.598750,0.652749
E8,0.2,1.0,0,0.25,0.0,0.2,0,5,belief,0.609250,0.695519
E8,0.2,1.0,0,0.25,0.0,0.2,0,5,belief-pred,0.627250,0.768839
E8,0.2,1.0,0,0.25,0.0,0.2,0,5,ewma,0.586000,0.600815
E8,0.2,1.0,0,0.25,0.0,0.2,0,5,blend-paper,0.592750,0.628310
E8,0.2,1.0,0,0.25,0.0,0.2,0,5,saf-adaptive,0.627750,0.770876
E8,0.2,1.0,0,0.25,0.0,0.2,0,6,random,0.563250,0.525994
E8,0.2,1.0,0,0.25,0.0,0.2,0,6,round-robin,0.560750,0.515800
E8,0.2,1.0,0,0.25,0.0,0.2,0,6,oracle,0.679500,1.000000
E8,0.2,1.0,0,0.25,0.0,0.2,0,6,snr-greedy,0.594750,0.654434
E8,0.2,1.0,0,0.25,0.0,0.2,0,6,snr-greedy-loss,0.598750,0.670744
E8,0.2,1.0,0,0.25,0.0,0.2,0,6,snr-mean,0.602250,0.685015
E8,0.2,1.0,0,0.25,0.0,0.2,0,6,belief,0.602000,0.683996
E8,0.2,1.0,0,0.25,0.0,0.2,0,6,belief-pred,0.620000,0.757390
E8,0.2,1.0,0,0.25,0.0,0.2,0,6,ewma,0.559500,0.510703
E8,0.2,1.0,0,0.25,0.0,0.2,0,6,blend-paper,0.583000,0.606524
E8,0.2,1.0,0,0.25,0.0,0.2,0,6,saf-adaptive,0.622000,0.765545
E8,0.2,1.0,0,0.25,0.0,0.2,0,7,random,0.568250,0.490066
E8,0.2,1.0,0,0.25,0.0,0.2,0,7,round-robin,0.572250,0.507726
E8,0.2,1.0,0,0.25,0.0,0.2,0,7,oracle,0.683750,1.000000
E8,0.2,1.0,0,0.25,0.0,0.2,0,7,snr-greedy,0.600750,0.633554
E8,0.2,1.0,0,0.25,0.0,0.2,0,7,snr-greedy-loss,0.616000,0.700883
E8,0.2,1.0,0,0.25,0.0,0.2,0,7,snr-mean,0.600250,0.631347
E8,0.2,1.0,0,0.25,0.0,0.2,0,7,belief,0.612750,0.686534
E8,0.2,1.0,0,0.25,0.0,0.2,0,7,belief-pred,0.617000,0.705298
E8,0.2,1.0,0,0.25,0.0,0.2,0,7,ewma,0.571500,0.504415
E8,0.2,1.0,0,0.25,0.0,0.2,0,7,blend-paper,0.593000,0.599338
E8,0.2,1.0,0,0.25,0.0,0.2,0,7,saf-adaptive,0.617500,0.707506
E8,0.2,1.0,0,0.25,0.0,0.2,0,8,random,0.566750,0.480263
E8,0.2,1.0,0,0.25,0.0,0.2,0,8,round-robin,0.573500,0.509868
E8,0.2,1.0,0,0.25,0.0,0.2,0,8,oracle,0.685250,1.000000
E8,0.2,1.0,0,0.25,0.0,0.2,0,8,snr-greedy,0.587750,0.572368
E8,0.2,1.0,0,0.25,0.0,0.2,0,8,snr-greedy-loss,0.604750,0.646930
E8,0.2,1.0,0,0.25,0.0,0.2,0,8,snr-mean,0.595000,0.604167
E8,0.2,1.0,0,0.25,0.0,0.2,0,8,belief,0.605000,0.648026
E8,0.2,1.0,0,0.25,0.0,0.2,0,8,belief-pred,0.623000,0.726974
E8,0.2,1.0,0,0.25,0.0,0.2,0,8,ewma,0.599250,0.622807
E8,0.2,1.0,0,0.25,0.0,0.2,0,8,blend-paper,0.604750,0.646930
E8,0.2,1.0,0,0.25,0.0,0.2,0,8,saf-adaptive,0.622750,0.725877
E8,0.2,1.0,0,0.25,0.0,0.2,0,9,random,0.567250,0.526474
E8,0.2,1.0,0,0.25,0.0,0.2,0,9,round-robin,0.561250,0.502498
E8,0.2,1.0,0,0.25,0.0,0.2,0,9,oracle,0.685750,1.000000
E8,0.2,1.0,0,0.25,0.0,0.2,0,9,snr-greedy,0.600250,0.658342
E8,0.2,1.0,0,0.25,0.0,0.2,0,9,snr-greedy-loss,0.611250,0.702298
E8,0.2,1.0,0,0.25,0.0,0.2,0,9,snr-mean,0.599500,0.655345
E8,0.2,1.0,0,0.25,0.0,0.2,0,9,belief,0.619250,0.734266
E8,0.2,1.0,0,0.25,0.0,0.2,0,9,belief-pred,0.629000,0.773227
E8,0.2,1.0,0,0.25,0.0,0.2,0,9,ewma,0.585000,0.597403
E8,0.2,1.0,0,0.25,0.0,0.2,0,9,blend-paper,0.595250,0.638362
E8,0.2,1.0,0,0.25,0.0,0.2,0,9,saf-adaptive,0.629000,0.773227
E8,0.2,1.0,0,0.25,0.0,0.2,0,10,random,0.556000,0.489858
E8,0.2,1.0,0,0.25,0.0,0.2,0,10,round-robin,0.557500,0.495943
E8,0.2,1.0,0,0.25,0.0,0.2,0,10,oracle,0.681750,1.000000
E8,0.2,1.0,0,0.25,0.0,0.2,0,10,snr-greedy,0.591250,0.632860
E8,0.2,1.0,0,0.25,0.0,0.2,0,10,snr-greedy-loss,0.608500,0.702840
E8,0.2,1.0,0,0.25,0.0,0.2,0,10,snr-mean,0.605000,0.688641
E8,0.2,1.0,0,0.25,0.0,0.2,0,10,belief,0.607500,0.698783
E8,0.2,1.0,0,0.25,0.0,0.2,0,10,belief-pred,0.623250,0.762677
E8,0.2,1.0,0,0.25,0.0,0.2,0,10,ewma,0.572500,0.556795
E8,0.2,1.0,0,0.25,0.0,0.2,0,10,blend-paper,0.590000,0.627789
E8,0.2,1.0,0,0.25,0.0,0.2,0,10,saf-adaptive,0.622000,0.757606
E8,0.2,1.0,0,0.25,0.0,0.2,0,11,random,0.565000,0.507821
E8,0.2,1.0,0,0.25,0.0,0.2,0,11,round-robin,0.564500,0.505735
E8,0.2,1.0,0,0.25,0.0,0.2,0,11,oracle,0.683000,1.000000
E8,0.2,1.0,0,0.25,0.0,0.2,0,11,snr-greedy,0.591750,0.619395
E8,0.2,1.0,0,0.25,0.0,0.2,0,11,snr-greedy-loss,0.603000,0.666319
E8,0.2,1.0,0,0.25,0.0,0.2,0,11,snr-mean,0.595500,0.635036
E8,0.2,1.0,0,0.25,0.0,0.2,0,11,belief,0.599750,0.652763
E8,0.2,1.0,0,0.25,0.0,0.2,0,11,belief-pred,0.623000,0.749739
E8,0.2,1.0,0,0.25,0.0,0.2,0,11,ewma,0.574000,0.545360
E8,0.2,1.0,0,0.25,0.0,0.2,0,11,blend-paper,0.580750,0.573514
E8,0.2,1.0,0,0.25,0.0,0.2,0,11,saf-adaptive,0.623000,0.749739
E8,0.2,1.0,0,0.25,0.0,0.2,0,12,random,0.566500,0.502533
E8,0.2,1.0,0,0.25,0.0,0.2,0,12,round-robin,0.561250,0.481256
E8,0.2,1.0,0,0.25,0.0,0.2,0,12,oracle,0.689250,1.000000
E8,0.2,1.0,0,0.25,0.0,0.2,0,12,snr-greedy,0.597000,0.626140
E8,0.2,1.0,0,0.25,0.0,0.2,0,12,snr-greedy-loss,0.610250,0.679838
E8,0.2,1.0,0,0.25,0.0,0.2,0,12,snr-mean,0.605000,0.658561
E8,0.2,1.0,0,0.25,0.0,0.2,0,12,belief,0.615750,0.702128
E8,0.2,1.0,0,0.25,0.0,0.2,0,12,belief-pred,0.630500,0.761905
E8,0.2,1.0,0,0.25,0.0,0.2,0,12,ewma,0.584750,0.576494
E8,0.2,1.0,0,0.25,0.0,0.2,0,12,blend-paper,0.592500,0.607903
E8,0.2,1.0,0,0.25,0.0,0.2,0,12,saf-adaptive,0.630250,0.760892
E8,0.2,1.0,0,0.25,0.0,0.2,0,13,random,0.554250,0.483087
E8,0.2,1.0,0,0.25,0.0,0.2,0,13,round-robin,0.562250,0.516913
E8,0.2,1.0,0,0.25,0.0,0.2,0,13,oracle,0.676500,1.000000
E8,0.2,1.0,0,0.25,0.0,0.2,0,13,snr-greedy,0.594000,0.651163
E8,0.2,1.0,0,0.25,0.0,0.2,0,13,snr-greedy-loss,0.601750,0.683932
E8,0.2,1.0,0,0.25,0.0,0.2,0,13,snr-mean,0.598250,0.669133
E8,0.2,1.0,0,0.25,0.0,0.2,0,13,belief,0.602750,0.688161
E8,0.2,1.0,0,0.25,0.0,0.2,0,13,belief-pred,0.615250,0.741015
E8,0.2,1.0,0,0.25,0.0,0.2,0,13,ewma,0.581000,0.596195
E8,0.2,1.0,0,0.25,0.0,0.2,0,13,blend-paper,0.587500,0.623679
E8,0.2,1.0,0,0.25,0.0,0.2,0,13,saf-adaptive,0.615750,0.743129
E8,0.2,1.0,0,0.25,0.0,0.2,0,14,random,0.575500,0.500000
E8,0.2,1.0,0,0.25,0.0,0.2,0,14,round-robin,0.573250,0.490506
E8,0.2,1.0,0,0.25,0.0,0.2,0,14,oracle,0.694000,1.000000
E8,0.2,1.0,0,0.25,0.0,0.2,0,14,snr-greedy,0.602500,0.613924
E8,0.2,1.0,0,0.25,0.0,0.2,0,14,snr-greedy-loss,0.614250,0.663502
E8,0.2,1.0,0,0.25,0.0,0.2,0,14,snr-mean,0.605750,0.627637
E8,0.2,1.0,0,0.25,0.0,0.2,0,14,belief,0.617750,0.678270
E8,0.2,1.0,0,0.25,0.0,0.2,0,14,belief-pred,0.626000,0.713080
E8,0.2,1.0,0,0.25,0.0,0.2,0,14,ewma,0.600750,0.606540
E8,0.2,1.0,0,0.25,0.0,0.2,0,14,blend-paper,0.615500,0.668776
E8,0.2,1.0,0,0.25,0.0,0.2,0,14,saf-adaptive,0.626250,0.714135
E8,0.2,1.0,0,0.25,0.0,0.2,0,15,random,0.554000,0.485963
E8,0.2,1.0,0,0.25,0.0,0.2,0,15,round-robin,0.555750,0.492740
E8,0.2,1.0,0,0.25,0.0,0.2,0,15,oracle,0.686750,1.000000
E8,0.2,1.0,0,0.25,0.0,0.2,0,15,snr-greedy,0.597000,0.652469
E8,0.2,1.0,0,0.25,0.0,0.2,0,15,snr-greedy-loss,0.604750,0.682478
E8,0.2,1.0,0,0.25,0.0,0.2,0,15,snr-mean,0.607750,0.694095
E8,0.2,1.0,0,0.25,0.0,0.2,0,15,belief,0.605750,0.686350
E8,0.2,1.0,0,0.25,0.0,0.2,0,15,belief-pred,0.618000,0.733785
E8,0.2,1.0,0,0.25,0.0,0.2,0,15,ewma,0.582250,0.595353
E8,0.2,1.0,0,0.25,0.0,0.2,0,15,blend-paper,0.599750,0.663117
E8,0.2,1.0,0,0.25,0.0,0.2,0,15,saf-adaptive,0.618250,0.734753
E8,0.2,1.0,0,0.25,0.0,0.2,0,16,random,0.556500,0.482795
E8,0.2,1.0,0,0.25,0.0,0.2,0,16,round-robin,0.559250,0.494265
E8,0.2,1.0,0,0.25,0.0,0.2,0,16,oracle,0.680500,1.000000
E8,0.2,1.0,0,0.25,0.0,0.2,0,16,snr-greedy,0.578250,0.573514
E8,0.2,1.0,0,0.25,0.0,0.2,0,16,snr-greedy-loss,0.599750,0.663191
E8,0.2,1.0,0,0.25,0.0,0.2,0,16,snr-mean,0.584500,0.599583
E8,0.2,1.0,0,0.25,0.0,0.2,0,16,belief,0.597000,0.651721
E8,0.2,1.0,0,0.25,0.0,0.2,0,16,belief-pred,0.612750,0.717414
E8,0.2,1.0,0,0.25,0.0,0.2,0,16,ewma,0.576000,0.564129
E8,0.2,1.0,0,0.25,0.0,0.2,0,16,blend-paper,0.586500,0.607925
E8,0.2,1.0,0,0.25,0.0,0.2,0,16,saf-adaptive,0.612000,0.714286
E8,0.2,1.0,0,0.25,0.0,0.2,0,17,random,0.567000,0.509414
E8,0.2,1.0,0,0.25,0.0,0.2,0,17,round-robin,0.566000,0.505230
E8,0.2,1.0,0,0.25,0.0,0.2,0,17,oracle,0.684250,1.000000
E8,0.2,1.0,0,0.25,0.0,0.2,0,17,snr-greedy,0.591750,0.612971
E8,0.2,1.0,0,0.25,0.0,0.2,0,17,snr-greedy-loss,0.607000,0.676778
E8,0.2,1.0,0,0.25,0.0,0.2,0,17,snr-mean,0.606000,0.672594
E8,0.2,1.0,0,0.25,0.0,0.2,0,17,belief,0.613750,0.705021
E8,0.2,1.0,0,0.25,0.0,0.2,0,17,belief-pred,0.623250,0.744770
E8,0.2,1.0,0,0.25,0.0,0.2,0,17,ewma,0.584500,0.582636
E8,0.2,1.0,0,0.25,0.0,0.2,0,17,blend-paper,0.582500,0.574268
E8,0.2,1.0,0,0.25,0.0,0.2,0,17,saf-adaptive,0.623500,0.745816
E8,0.2,1.0,0,0.25,0.0,0.2,0,18,random,0.544750,0.466229
E8,0.2,1.0,0,0.25,0.0,0.2,0,18,round-robin,0.554250,0.501876
E8,0.2,1.0,0,0.25,0.0,0.2,0,18,oracle,0.687000,1.000000
E8,0.2,1.0,0,0.25,0.0,0.2,0,18,snr-greedy,0.582250,0.606942
E8,0.2,1.0,0,0.25,0.0,0.2,0,18,snr-greedy-loss,0.596750,0.661351
E8,0.2,1.0,0,0.25,0.0,0.2,0,18,snr-mean,0.602000,0.681051
E8,0.2,1.0,0,0.25,0.0,0.2,0,18,belief,0.602000,0.681051
E8,0.2,1.0,0,0.25,0.0,0.2,0,18,belief-pred,0.620500,0.750469
E8,0.2,1.0,0,0.25,0.0,0.2,0,18,ewma,0.586500,0.622889
E8,0.2,1.0,0,0.25,0.0,0.2,0,18,blend-paper,0.595250,0.655722
E8,0.2,1.0,0,0.25,0.0,0.2,0,18,saf-adaptive,0.619500,0.746717
E8,0.2,1.0,0,0.25,0.0,0.2,0,19,random,0.558750,0.496970
E8,0.2,1.0,0,0.25,0.0,0.2,0,19,round-robin,0.558000,0.493939
E8,0.2,1.0,0,0.25,0.0,0.2,0,19,oracle,0.683250,1.000000
E8,0.2,1.0,0,0.25,0.0,0.2,0,19,snr-greedy,0.588250,0.616162
E8,0.2,1.0,0,0.25,0.0,0.2,0,19,snr-greedy-loss,0.603250,0.676768
E8,0.2,1.0,0,0.25,0.0,0.2,0,19,snr-mean,0.585000,0.603030
E8,0.2,1.0,0,0.25,0.0,0.2,0,19,belief,0.598500,0.657576
E8,0.2,1.0,0,0.25,0.0,0.2,0,19,belief-pred,0.604250,0.680808
E8,0.2,1.0,0,0.25,0.0,0.2,0,19,ewma,0.565500,0.524242
E8,0.2,1.0,0,0.25,0.0,0.2,0,19,blend-paper,0.587250,0.612121
E8,0.2,1.0,0,0.25,0.0,0.2,0,19,saf-adaptive,0.605750,0.686869
E8,0.2,1.0,0,0.25,0.0,0.2,0,20,random,0.563000,0.501010
E8,0.2,1.0,0,0.25,0.0,0.2,0,20,round-robin,0.566500,0.515152
E8,0.2,1.0,0,0.25,0.0,0.2,0,20,oracle,0.686500,1.000000
E8,0.2,1.0,0,0.25,0.0,0.2,0,20,snr-greedy,0.596000,0.634343
E8,0.2,1.0,0,0.25,0.0,0.2,0,20,snr-greedy-loss,0.609500,0.688889
E8,0.2,1.0,0,0.25,0.0,0.2,0,20,snr-mean,0.590250,0.611111
E8,0.2,1.0,0,0.25,0.0,0.2,0,20,belief,0.613750,0.706061
E8,0.2,1.0,0,0.25,0.0,0.2,0,20,belief-pred,0.620000,0.731313
E8,0.2,1.0,0,0.25,0.0,0.2,0,20,ewma,0.578500,0.563636
E8,0.2,1.0,0,0.25,0.0,0.2,0,20,blend-paper,0.586000,0.593939
E8,0.2,1.0,0,0.25,0.0,0.2,0,20,saf-adaptive,0.621250,0.736364
E8,0.2,1.0,0,0.25,0.0,0.2,0,21,random,0.557750,0.506931
E8,0.2,1.0,0,0.25,0.0,0.2,0,21,round-robin,0.557250,0.504950
E8,0.2,1.0,0,0.25,0.0,0.2,0,21,oracle,0.682250,1.000000
E8,0.2,1.0,0,0.25,0.0,0.2,0,21,snr-greedy,0.582500,0.604950
E8,0.2,1.0,0,0.25,0.0,0.2,0,21,snr-greedy-loss,0.599500,0.672277
E8,0.2,1.0,0,0.25,0.0,0.2,0,21,snr-mean,0.587000,0.622772
E8,0.2,1.0,0,0.25,0.0,0.2,0,21,belief,0.600750,0.677228
E8,0.2,1.0,0,0.25,0.0,0.2,0,21,belief-pred,0.611000,0.717822
E8,0.2,1.0,0,0.25,0.0,0.2,0,21,ewma,0.574250,0.572277
E8,0.2,1.0,0,0.25,0.0,0.2,0,21,blend-paper,0.590000,0.634653
E8,0.2,1.0,0,0.25,0.0,0.2,0,21,saf-adaptive,0.613750,0.728713
E8,0.2,1.0,0,0.25,0.0,0.2,0,22,random,0.567750,0.486911
E8,0.2,1.0,0,0.25,0.0,0.2,0,22,round-robin,0.567500,0.485864
E8,0.2,1.0,0,0.25,0.0,0.2,0,22,oracle,0.690250,1.000000
E8,0.2,1.0,0,0.25,0.0,0.2,0,22,snr-greedy,0.593000,0.592670
E8,0.2,1.0,0,0.25,0.0,0.2,0,22,snr-greedy-loss,0.604000,0.638743
E8,0.2,1.0,0,0.25,0.0,0.2,0,22,snr-mean,0.601500,0.628272
E8,0.2,1.0,0,0.25,0.0,0.2,0,22,belief,0.606750,0.650262
E8,0.2,1.0,0,0.25,0.0,0.2,0,22,belief-pred,0.624750,0.725654
E8,0.2,1.0,0,0.25,0.0,0.2,0,22,ewma,0.594250,0.597906
E8,0.2,1.0,0,0.25,0.0,0.2,0,22,blend-paper,0.590750,0.583246
E8,0.2,1.0,0,0.25,0.0,0.2,0,22,saf-adaptive,0.626250,0.731937
E8,0.2,1.0,0,0.25,0.0,0.2,0,23,random,0.558000,0.492739
E8,0.2,1.0,0,0.25,0.0,0.2,0,23,round-robin,0.556000,0.484440
E8,0.2,1.0,0,0.25,0.0,0.2,0,23,oracle,0.680250,1.000000
E8,0.2,1.0,0,0.25,0.0,0.2,0,23,snr-greedy,0.595500,0.648340
E8,0.2,1.0,0,0.25,0.0,0.2,0,23,snr-greedy-loss,0.601750,0.674274
E8,0.2,1.0,0,0.25,0.0,0.2,0,23,snr-mean,0.603000,0.679461
E8,0.2,1.0,0,0.25,0.0,0.2,0,23,belief,0.608000,0.700207
E8,0.2,1.0,0,0.25,0.0,0.2,0,23,belief-pred,0.623000,0.762448
E8,0.2,1.0,0,0.25,0.0,0.2,0,23,ewma,0.579750,0.582988
E8,0.2,1.0,0,0.25,0.0,0.2,0,23,blend-paper,0.595000,0.646266
E8,0.2,1.0,0,0.25,0.0,0.2,0,23,saf-adaptive,0.623000,0.762448
E8,0.2,1.0,0,0.25,0.0,0.2,0,24,random,0.554500,0.492110
E8,0.2,1.0,0,0.25,0.0,0.2,0,24,round-robin,0.553750,0.489152
E8,0.2,1.0,0,0.25,0.0,0.2,0,24,oracle,0.683250,1.000000
E8,0.2,1.0,0,0.25,0.0,0.2,0,24,snr-greedy,0.591000,0.636095
E8,0.2,1.0,0,0.25,0.0,0.2,0,24,snr-greedy-loss,0.598250,0.664694
E8,0.2,1.0,0,0.25,0.0,0.2,0,24,snr-mean,0.597500,0.661736
E8,0.2,1.0,0,0.25,0.0,0.2,0,24,belief,0.605250,0.692308
E8,0.2,1.0,0,0.25,0.0,0.2,0,24,belief-pred,0.620500,0.752465
E8,0.2,1.0,0,0.25,0.0,0.2,0,24,ewma,0.585000,0.612426
E8,0.2,1.0,0,0.25,0.0,0.2,0,24,blend-paper,0.588500,0.626233
E8,0.2,1.0,0,0.25,0.0,0.2,0,24,saf-adaptive,0.620750,0.753452
E8,0.2,1.0,0,0.25,0.0,0.2,0,25,random,0.559500,0.489861
E8,0.2,1.0,0,0.25,0.0,0.2,0,25,round-robin,0.560500,0.494130
E8,0.2,1.0,0,0.25,0.0,0.2,0,25,oracle,0.679000,1.000000
E8,0.2,1.0,0,0.25,0.0,0.2,0,25,snr-greedy,0.590000,0.620064
E8,0.2,1.0,0,0.25,0.0,0.2,0,25,snr-greedy-loss,0.597250,0.651014
E8,0.2,1.0,0,0.25,0.0,0.2,0,25,snr-mean,0.592750,0.631804
E8,0.2,1.0,0,0.25,0.0,0.2,0,25,belief,0.602500,0.673426
E8,0.2,1.0,0,0.25,0.0,0.2,0,25,belief-pred,0.608000,0.696905
E8,0.2,1.0,0,0.25,0.0,0.2,0,25,ewma,0.576750,0.563501
E8,0.2,1.0,0,0.25,0.0,0.2,0,25,blend-paper,0.582000,0.585912
E8,0.2,1.0,0,0.25,0.0,0.2,0,25,saf-adaptive,0.608250,0.697972
E8,0.2,1.0,0,0.25,0.0,0.2,0,26,random,0.571000,0.514940
E8,0.2,1.0,0,0.25,0.0,0.2,0,26,round-robin,0.570750,0.513944
E8,0.2,1.0,0,0.25,0.0,0.2,0,26,oracle,0.692750,1.000000
E8,0.2,1.0,0,0.25,0.0,0.2,0,26,snr-greedy,0.593250,0.603586
E8,0.2,1.0,0,0.25,0.0,0.2,0,26,snr-greedy-loss,0.610750,0.673307
E8,0.2,1.0,0,0.25,0.0,0.2,0,26,snr-mean,0.591500,0.596614
E8,0.2,1.0,0,0.25,0.0,0.2,0,26,belief,0.612500,0.680279
E8,0.2,1.0,0,0.25,0.0,0.2,0,26,belief-pred,0.622000,0.718127
E8,0.2,1.0,0,0.25,0.0,0.2,0,26,ewma,0.594000,0.606574
E8,0.2,1.0,0,0.25,0.0,0.2,0,26,blend-paper,0.588000,0.582669
E8,0.2,1.0,0,0.25,0.0,0.2,0,26,saf-adaptive,0.622000,0.718127
E8,0.2,1.0,0,0.25,0.0,0.2,0,27,random,0.560000,0.494461
E8,0.2,1.0,0,0.25,0.0,0.2,0,27,round-robin,0.561500,0.500504
E8,0.2,1.0,0,0.25,0.0,0.2,0,27,oracle,0.685500,1.000000
E8,0.2,1.0,0,0.25,0.0,0.2,0,27,snr-greedy,0.585500,0.597180
E8,0.2,1.0,0,0.25,0.0,0.2,0,27,snr-greedy-loss,0.604000,0.671702
E8,0.2,1.0,0,0.25,0.0,0.2,0,27,snr-mean,0.589250,0.612286
E8,0.2,1.0,0,0.25,0.0,0.2,0,27,belief,0.605500,0.677744
E8,0.2,1.0,0,0.25,0.0,0.2,0,27,belief-pred,0.619000,0.732125
E8,0.2,1.0,0,0.25,0.0,0.2,0,27,ewma,0.587250,0.604230
E8,0.2,1.0,0,0.25,0.0,0.2,0,27,blend-paper,0.586750,0.602216
E8,0.2,1.0,0,0.25,0.0,0.2,0,27,saf-adaptive,0.618500,0.730111
E8,0.2,1.0,0,0.25,0.0,0.2,0,28,random,0.567500,0.510053
E8,0.2,1.0,0,0.25,0.0,0.2,0,28,round-robin,0.566750,0.506878
E8,0.2,1.0,0,0.25,0.0,0.2,0,28,oracle,0.683250,1.000000
E8,0.2,1.0,0,0.25,0.0,0.2,0,28,snr-greedy,0.594000,0.622222
E8,0.2,1.0,0,0.25,0.0,0.2,0,28,snr-greedy-loss,0.601000,0.651852
E8,0.2,1.0,0,0.25,0.0,0.2,0,28,snr-mean,0.598000,0.639153
E8,0.2,1.0,0,0.25,0.0,0.2,0,28,belief,0.606000,0.673016
E8,0.2,1.0,0,0.25,0.0,0.2,0,28,belief-pred,0.619750,0.731217
E8,0.2,1.0,0,0.25,0.0,0.2,0,28,ewma,0.577250,0.551323
E8,0.2,1.0,0,0.25,0.0,0.2,0,28,blend-paper,0.586750,0.591534
E8,0.2,1.0,0,0.25,0.0,0.2,0,28,saf-adaptive,0.618750,0.726984
E8,0.2,1.0,0,0.25,0.0,0.2,0,29,random,0.563750,0.477131
E8,0.2,1.0,0,0.25,0.0,0.2,0,29,round-robin,0.565250,0.483368
E8,0.2,1.0,0,0.25,0.0,0.2,0,29,oracle,0.689500,1.000000
E8,0.2,1.0,0,0.25,0.0,0.2,0,29,snr-greedy,0.604750,0.647609
E8,0.2,1.0,0,0.25,0.0,0.2,0,29,snr-greedy-loss,0.613750,0.685031
E8,0.2,1.0,0,0.25,0.0,0.2,0,29,snr-mean,0.598500,0.621622
E8,0.2,1.0,0,0.25,0.0,0.2,0,29,belief,0.612000,0.677755
E8,0.2,1.0,0,0.25,0.0,0.2,0,29,belief-pred,0.626750,0.739085
E8,0.2,1.0,0,0.25,0.0,0.2,0,29,ewma,0.585500,0.567568
E8,0.2,1.0,0,0.25,0.0,0.2,0,29,blend-paper,0.597500,0.617464
E8,0.2,1.0,0,0.25,0.0,0.2,0,29,saf-adaptive,0.627750,0.743243
E8,0.2,1.0,0,0.25,0.0,0.2,0,30,random,0.554000,0.502478
E8,0.2,1.0,0,0.25,0.0,0.2,0,30,round-robin,0.552250,0.495540
E8,0.2,1.0,0,0.25,0.0,0.2,0,30,oracle,0.679500,1.000000
E8,0.2,1.0,0,0.25,0.0,0.2,0,30,snr-greedy,0.586000,0.629336
E8,0.2,1.0,0,0.25,0.0,0.2,0,30,snr-greedy-loss,0.594000,0.661051
E8,0.2,1.0,0,0.25,0.0,0.2,0,30,snr-mean,0.589000,0.641229
E8,0.2,1.0,0,0.25,0.0,0.2,0,30,belief,0.604250,0.701685
E8,0.2,1.0,0,0.25,0.0,0.2,0,30,belief-pred,0.619750,0.763132
E8,0.2,1.0,0,0.25,0.0,0.2,0,30,ewma,0.573250,0.578791
E8,0.2,1.0,0,0.25,0.0,0.2,0,30,blend-paper,0.578000,0.597621
E8,0.2,1.0,0,0.25,0.0,0.2,0,30,saf-adaptive,0.620000,0.764123
E8,0.2,1.0,0,0.25,0.0,0.2,0,31,random,0.561250,0.498483
E8,0.2,1.0,0,0.25,0.0,0.2,0,31,round-robin,0.561250,0.498483
E8,0.2,1.0,0,0.25,0.0,0.2,0,31,oracle,0.685250,1.000000
E8,0.2,1.0,0,0.25,0.0,0.2,0,31,snr-greedy,0.600750,0.658241
E8,0.2,1.0,0,0.25,0.0,0.2,0,31,snr-greedy-loss,0.608000,0.687563
E8,0.2,1.0,0,0.25,0.0,0.2,0,31,snr-mean,0.594750,0.633974
E8,0.2,1.0,0,0.25,0.0,0.2,0,31,belief,0.613000,0.707786
E8,0.2,1.0,0,0.25,0.0,0.2,0,31,belief-pred,0.625000,0.756320
E8,0.2,1.0,0,0.25,0.0,0.2,0,31,ewma,0.586250,0.599596
E8,0.2,1.0,0,0.25,0.0,0.2,0,31,blend-paper,0.595500,0.637007
E8,0.2,1.0,0,0.25,0.0,0.2,0,31,saf-adaptive,0.625250,0.757331
E8,0.2,1.0,0,0.25,0.0,0.2,0,32,random,0.557500,0.480652
E8,0.2,1.0,0,0.25,0.0,0.2,0,32,round-robin,0.558250,0.483707
E8,0.2,1.0,0,0.25,0.0,0.2,0,32,oracle,0.685000,1.000000
E8,0.2,1.0,0,0.25,0.0,0.2,0,32,snr-greedy,0.589250,0.609980
E8,0.2,1.0,0,0.25,0.0,0.2,0,32,snr-greedy-loss,0.603250,0.667006
E8,0.2,1.0,0,0.25,0.0,0.2,0,32,snr-mean,0.596500,0.639511
E8,0.2,1.0,0,0.25,0.0,0.2,0,32,belief,0.604750,0.673116
E8,0.2,1.0,0,0.25,0.0,0.2,0,32,belief-pred,0.617500,0.725051
E8,0.2,1.0,0,0.25,0.0,0.2,0,32,ewma,0.577750,0.563136
E8,0.2,1.0,0,0.25,0.0,0.2,0,32,blend-paper,0.573750,0.546843
E8,0.2,1.0,0,0.25,0.0,0.2,0,32,saf-adaptive,0.618750,0.730143
E8,0.2,1.0,0,0.25,0.0,0.2,0,33,random,0.568250,0.516684
E8,0.2,1.0,0,0.25,0.0,0.2,0,33,round-robin,0.561750,0.490394
E8,0.2,1.0,0,0.25,0.0,0.2,0,33,oracle,0.687750,1.000000
E8,0.2,1.0,0,0.25,0.0,0.2,0,33,snr-greedy,0.596750,0.631951
E8,0.2,1.0,0,0.25,0.0,0.2,0,33,snr-greedy-loss,0.619500,0.723964
E8,0.2,1.0,0,0.25,0.0,0.2,0,33,snr-mean,0.599500,0.643074
E8,0.2,1.0,0,0.25,0.0,0.2,0,33,belief,0.614750,0.704752
E8,0.2,1.0,0,0.25,0.0,0.2,0,33,belief-pred,0.627250,0.755308
E8,0.2,1.0,0,0.25,0.0,0.2,0,33,ewma,0.584000,0.580384
E8,0.2,1.0,0,0.25,0.0,0.2,0,33,blend-paper,0.589000,0.600607
E8,0.2,1.0,0,0.25,0.0,0.2,0,33,saf-adaptive,0.627000,0.754297
E8,0.2,1.0,0,0.25,0.0,0.2,0,34,random,0.561250,0.509824
E8,0.2,1.0,0,0.25,0.0,0.2,0,34,round-robin,0.557500,0.494312
E8,0.2,1.0,0,0.25,0.0,0.2,0,34,oracle,0.679750,1.000000
E8,0.2,1.0,0,0.25,0.0,0.2,0,34,snr-greedy,0.595500,0.651499
E8,0.2,1.0,0,0.25,0.0,0.2,0,34,snr-greedy-loss,0.605500,0.692865
E8,0.2,1.0,0,0.25,0.0,0.2,0,34,snr-mean,0.569500,0.543950
E8,0.2,1.0,0,0.25,0.0,0.2,0,34,belief,0.608000,0.703206
E8,0.2,1.0,0,0.25,0.0,0.2,0,34,belief-pred,0.606250,0.695967
E8,0.2,1.0,0,0.25,0.0,0.2,0,34,ewma,0.570750,0.549121
E8,0.2,1.0,0,0.25,0.0,0.2,0,34,blend-paper,0.577250,0.576008
E8,0.2,1.0,0,0.25,0.0,0.2,0,34,saf-adaptive,0.606000,0.694933
E8,0.2,1.0,0,0.25,0.0,0.2,0,35,random,0.567250,0.491803
E8,0.2,1.0,0,0.25,0.0,0.2,0,35,round-robin,0.570000,0.503074
E8,0.2,1.0,0,0.25,0.0,0.2,0,35,oracle,0.691250,1.000000
E8,0.2,1.0,0,0.25,0.0,0.2,0,35,snr-greedy,0.594250,0.602459
E8,0.2,1.0,0,0.25,0.0,0.2,0,35,snr-greedy-loss,0.605750,0.649590
E8,0.2,1.0,0,0.25,0.0,0.2,0,35,snr-mean,0.604750,0.645492
E8,0.2,1.0,0,0.25,0.0,0.2,0,35,belief,0.613750,0.682377
E8,0.2,1.0,0,0.25,0.0,0.2,0,35,belief-pred,0.634750,0.768443
E8,0.2,1.0,0,0.25,0.0,0.2,0,35,ewma,0.588000,0.576844
E8,0.2,1.0,0,0.25,0.0,0.2,0,35,blend-paper,0.593750,0.600410
E8,0.2,1.0,0,0.25,0.0,0.2,0,35,saf-adaptive,0.634500,0.767418
E8,0.2,1.0,0,0.25,0.0,0.2,0,36,random,0.566250,0.498419
E8,0.2,1.0,0,0.25,0.0,0.2,0,36,round-robin,0.568500,0.507903
E8,0.2,1.0,0,0.25,0.0,0.2,0,36,oracle,0.685250,1.000000
E8,0.2,1.0,0,0.25,0.0,0.2,0,36,snr-greedy,0.585500,0.579557
E8,0.2,1.0,0,0.25,0.0,0.2,0,36,snr-greedy-loss,0.597000,0.628030
E8,0.2,1.0,0,0.25,0.0,0.2,0,36,snr-mean,0.587250,0.586934
E8,0.2,1.0,0,0.25,0.0,0.2,0,36,belief,0.601250,0.645943
E8,0.2,1.0,0,0.25,0.0,0.2,0,36,belief-pred,0.610500,0.684932
E8,0.2,1.0,0,0.25,0.0,0.2,0,36,ewma,0.596500,0.625922
E8,0.2,1.0,0,0.25,0.0,0.2,0,36,blend-paper,0.585750,0.580611
E8,0.2,1.0,0,0.25,0.0,0.2,0,36,saf-adaptive,0.612250,0.692308
E8,0.2,1.0,0,0.25,0.0,0.2,0,37,random,0.574750,0.529472
E8,0.2,1.0,0,0.25,0.0,0.2,0,37,round-robin,0.568250,0.503049
E8,0.2,1.0,0,0.25,0.0,0.2,0,37,oracle,0.690500,1.000000
E8,0.2,1.0,0,0.25,0.0,0.2,0,37,snr-greedy,0.591500,0.597561
E8,0.2,1.0,0,0.25,0.0,0.2,0,37,snr-greedy-loss,0.611250,0.677846
E8,0.2,1.0,0,0.25,0.0,0.2,0,37,snr-mean,0.604750,0.651423
E8,0.2,1.0,0,0.25,0.0,0.2,0,37,belief,0.618000,0.705285
E8,0.2,1.0,0,0.25,0.0,0.2,0,37,belief-pred,0.638250,0.787602
E8,0.2,1.0,0,0.25,0.0,0.2,0,37,ewma,0.605250,0.653455
E8,0.2,1.0,0,0.25,0.0,0.2,0,37,blend-paper,0.603500,0.646341
E8,0.2,1.0,0,0.25,0.0,0.2,0,37,saf-adaptive,0.640250,0.795732
E8,0.2,1.0,0,0.25,0.0,0.2,0,38,random,0.571750,0.497972
E8,0.2,1.0,0,0.25,0.0,0.2,0,38,round-robin,0.576500,0.517241
E8,0.2,1.0,0,0.25,0.0,0.2,0,38,oracle,0.695500,1.000000
E8,0.2,1.0,0,0.25,0.0,0.2,0,38,snr-greedy,0.596000,0.596349
E8,0.2,1.0,0,0.25,0.0,0.2,0,38,snr-greedy-loss,0.609250,0.650101
E8,0.2,1.0,0,0.25,0.0,0.2,0,38,snr-mean,0.611500,0.659229
E8,0.2,1.0,0,0.25,0.0,0.2,0,38,belief,0.616500,0.679513
E8,0.2,1.0,0,0.25,0.0,0.2,0,38,belief-pred,0.631500,0.740365
E8,0.2,1.0,0,0.25,0.0,0.2,0,38,ewma,0.589750,0.570994
E8,0.2,1.0,0,0.25,0.0,0.2,0,38,blend-paper,0.605500,0.634888
E8,0.2,1.0,0,0.25,0.0,0.2,0,38,saf-adaptive,0.632000,0.742394
E8,0.2,1.0,0,0.25,0.0,0.2,0,39,random,0.563000,0.495992
E8,0.2,1.0,0,0.25,0.0,0.2,0,39,round-robin,0.564500,0.502004
E8,0.2,1.0,0,0.25,0.0,0.2,0,39,oracle,0.688750,1.000000
E8,0.2,1.0,0,0.25,0.0,0.2,0,39,snr-greedy,0.587250,0.593186
E8,0.2,1.0,0,0.25,0.0,0.2,0,39,snr-greedy-loss,0.610250,0.685371
E8,0.2,1.0,0,0.25,0.0,0.2,0,39,snr-mean,0.611250,0.689379
E8,0.2,1.0,0,0.25,0.0,0.2,0,39,belief,0.608750,0.679359
E8,0.2,1.0,0,0.25,0.0,0.2,0,39,belief-pred,0.629250,0.761523
E8,0.2,1.0,0,0.25,0.0,0.2,0,39,ewma,0.582000,0.572144
E8,0.2,1.0,0,0.25,0.0,0.2,0,39,blend-paper,0.594500,0.622244
E8,0.2,1.0,0,0.25,0.0,0.2,0,39,saf-adaptive,0.629750,0.763527
E8,0.2,1.0,0,0.25,0.0,0.2,0,40,random,0.562250,0.533804
E8,0.2,1.0,0,0.25,0.0,0.2,0,40,round-robin,0.554500,0.502523
E8,0.2,1.0,0,0.25,0.0,0.2,0,40,oracle,0.677750,1.000000
E8,0.2,1.0,0,0.25,0.0,0.2,0,40,snr-greedy,0.577250,0.594349
E8,0.2,1.0,0,0.25,0.0,0.2,0,40,snr-greedy-loss,0.597500,0.676085
E8,0.2,1.0,0,0.25,0.0,0.2,0,40,snr-mean,0.561250,0.529768
E8,0.2,1.0,0,0.25,0.0,0.2,0,40,belief,0.588000,0.637740
E8,0.2,1.0,0,0.25,0.0,0.2,0,40,belief-pred,0.593750,0.660949
E8,0.2,1.0,0,0.25,0.0,0.2,0,40,ewma,0.571250,0.570131
E8,0.2,1.0,0,0.25,0.0,0.2,0,40,blend-paper,0.569500,0.563068
E8,0.2,1.0,0,0.25,0.0,0.2,0,40,saf-adaptive,0.593750,0.660949
E8,0.2,1.0,0,0.25,0.0,0.2,0,41,random,0.553500,0.473738
E8,0.2,1.0,0,0.25,0.0,0.2,0,41,round-robin,0.559000,0.496395
E8,0.2,1.0,0,0.25,0.0,0.2,0,41,oracle,0.681250,1.000000
E8,0.2,1.0,0,0.25,0.0,0.2,0,41,snr-greedy,0.589250,0.621009
E8,0.2,1.0,0,0.25,0.0,0.2,0,41,snr-greedy-loss,0.604750,0.684861
E8,0.2,1.0,0,0.25,0.0,0.2,0,41,snr-mean,0.588750,0.618950
E8,0.2,1.0,0,0.25,0.0,0.2,0,41,belief,0.604750,0.684861
E8,0.2,1.0,0,0.25,0.0,0.2,0,41,belief-pred,0.617250,0.736354
E8,0.2,1.0,0,0.25,0.0,0.2,0,41,ewma,0.580500,0.584964
E8,0.2,1.0,0,0.25,0.0,0.2,0,41,blend-paper,0.583750,0.598352
E8,0.2,1.0,0,0.25,0.0,0.2,0,41,saf-adaptive,0.617500,0.737384
E8,0.2,1.0,0,0.25,0.0,0.2,0,42,random,0.552500,0.510978
E8,0.2,1.0,0,0.25,0.0,0.2,0,42,round-robin,0.546750,0.488024
E8,0.2,1.0,0,0.25,0.0,0.2,0,42,oracle,0.675000,1.000000
E8,0.2,1.0,0,0.25,0.0,0.2,0,42,snr-greedy,0.590000,0.660679
E8,0.2,1.0,0,0.25,0.0,0.2,0,42,snr-greedy-loss,0.599750,0.699601
E8,0.2,1.0,0,0.25,0.0,0.2,0,42,snr-mean,0.580250,0.621756
E8,0.2,1.0,0,0.25,0.0,0.2,0,42,belief,0.597500,0.690619
E8,0.2,1.0,0,0.25,0.0,0.2,0,42,belief-pred,0.608750,0.735529
E8,0.2,1.0,0,0.25,0.0,0.2,0,42,ewma,0.583750,0.635729
E8,0.2,1.0,0,0.25,0.0,0.2,0,42,blend-paper,0.576250,0.605788
E8,0.2,1.0,0,0.25,0.0,0.2,0,42,saf-adaptive,0.610500,0.742515
E8,0.2,1.0,0,0.25,0.0,0.2,0,43,random,0.562750,0.506694
E8,0.2,1.0,0,0.25,0.0,0.2,0,43,round-robin,0.561000,0.499485
E8,0.2,1.0,0,0.25,0.0,0.2,0,43,oracle,0.682500,1.000000
E8,0.2,1.0,0,0.25,0.0,0.2,0,43,snr-greedy,0.596000,0.643666
E8,0.2,1.0,0,0.25,0.0,0.2,0,43,snr-greedy-loss,0.608500,0.695160
E8,0.2,1.0,0,0.25,0.0,0.2,0,43,snr-mean,0.599250,0.657055
E8,0.2,1.0,0,0.25,0.0,0.2,0,43,belief,0.614250,0.718847
E8,0.2,1.0,0,0.25,0.0,0.2,0,43,belief-pred,0.622000,0.750772
E8,0.2,1.0,0,0.25,0.0,0.2,0,43,ewma,0.571500,0.542739
E8,0.2,1.0,0,0.25,0.0,0.2,0,43,blend-paper,0.586250,0.603502
E8,0.2,1.0,0,0.25,0.0,0.2,0,43,saf-adaptive,0.621500,0.748713
E8,0.2,1.0,0,0.25,0.0,0.2,0,44,random,0.566750,0.501577
E8,0.2,1.0,0,0.25,0.0,0.2,0,44,round-robin,0.569500,0.513144
E8,0.2,1.0,0,0.25,0.0,0.2,0,44,oracle,0.685250,1.000000
E8,0.2,1.0,0,0.25,0.0,0.2,0,44,snr-greedy,0.597250,0.629863
E8,0.2,1.0,0,0.25,0.0,0.2,0,44,snr-greedy-loss,0.610750,0.686646
E8,0.2,1.0,0,0.25,0.0,0.2,0,44,snr-mean,0.594250,0.617245
E8,0.2,1.0,0,0.25,0.0,0.2,0,44,belief,0.611250,0.688749
E8,0.2,1.0,0,0.25,0.0,0.2,0,44,belief-pred,0.626750,0.753943
E8,0.2,1.0,0,0.25,0.0,0.2,0,44,ewma,0.589750,0.598318
E8,0.2,1.0,0,0.25,0.0,0.2,0,44,blend-paper,0.611750,0.690852
E8,0.2,1.0,0,0.25,0.0,0.2,0,44,saf-adaptive,0.626000,0.750789
E8,0.2,1.0,0,0.25,0.0,0.2,0,45,random,0.558250,0.508565
E8,0.2,1.0,0,0.25,0.0,0.2,0,45,round-robin,0.557000,0.503212
E8,0.2,1.0,0,0.25,0.0,0.2,0,45,oracle,0.673000,1.000000
E8,0.2,1.0,0,0.25,0.0,0.2,0,45,snr-greedy,0.582750,0.613490
E8,0.2,1.0,0,0.25,0.0,0.2,0,45,snr-greedy-loss,0.594500,0.663812
E8,0.2,1.0,0,0.25,0.0,0.2,0,45,snr-mean,0.584750,0.622056
E8,0.2,1.0,0,0.25,0.0,0.2,0,45,belief,0.599250,0.684154
E8,0.2,1.0,0,0.25,0.0,0.2,0,45,belief-pred,0.613750,0.746253
E8,0.2,1.0,0,0.25,0.0,0.2,0,45,ewma,0.579000,0.597430
E8,0.2,1.0,0,0.25,0.0,0.2,0,45,blend-paper,0.576250,0.585653
E8,0.2,1.0,0,0.25,0.0,0.2,0,45,saf-adaptive,0.615500,0.753747
E8,0.2,1.0,0,0.25,0.0,0.2,0,46,random,0.560000,0.504124
E8,0.2,1.0,0,0.25,0.0,0.2,0,46,round-robin,0.557500,0.493814
E8,0.2,1.0,0,0.25,0.0,0.2,0,46,oracle,0.680250,1.000000
E8,0.2,1.0,0,0.25,0.0,0.2,0,46,snr-greedy,0.597500,0.658763
E8,0.2,1.0,0,0.25,0.0,0.2,0,46,snr-greedy-loss,0.603500,0.683505
E8,0.2,1.0,0,0.25,0.0,0.2,0,46,snr-mean,0.593500,0.642268
E8,0.2,1.0,0,0.25,0.0,0.2,0,46,belief,0.606500,0.695876
E8,0.2,1.0,0,0.25,0.0,0.2,0,46,belief-pred,0.611750,0.717526
E8,0.2,1.0,0,0.25,0.0,0.2,0,46,ewma,0.570500,0.547423
E8,0.2,1.0,0,0.25,0.0,0.2,0,46,blend-paper,0.585250,0.608247
E8,0.2,1.0,0,0.25,0.0,0.2,0,46,saf-adaptive,0.611000,0.714433
E8,0.2,1.0,0,0.25,0.0,0.2,0,47,random,0.565500,0.503992
E8,0.2,1.0,0,0.25,0.0,0.2,0,47,round-robin,0.566500,0.507984
E8,0.2,1.0,0,0.25,0.0,0.2,0,47,oracle,0.689750,1.000000
E8,0.2,1.0,0,0.25,0.0,0.2,0,47,snr-greedy,0.605500,0.663673
E8,0.2,1.0,0,0.25,0.0,0.2,0,47,snr-greedy-loss,0.612250,0.690619
E8,0.2,1.0,0,0.25,0.0,0.2,0,47,snr-mean,0.605500,0.663673
E8,0.2,1.0,0,0.25,0.0,0.2,0,47,belief,0.611750,0.688623
E8,0.2,1.0,0,0.25,0.0,0.2,0,47,belief-pred,0.627000,0.749501
E8,0.2,1.0,0,0.25,0.0,0.2,0,47,ewma,0.582000,0.569860
E8,0.2,1.0,0,0.25,0.0,0.2,0,47,blend-paper,0.588000,0.593812
E8,0.2,1.0,0,0.25,0.0,0.2,0,47,saf-adaptive,0.627000,0.749501
E8,0.2,1.0,0,0.25,0.0,0.2,0,48,random,0.560750,0.504683
E8,0.2,1.0,0,0.25,0.0,0.2,0,48,round-robin,0.555500,0.482830
E8,0.2,1.0,0,0.25,0.0,0.2,0,48,oracle,0.679750,1.000000
E8,0.2,1.0,0,0.25,0.0,0.2,0,48,snr-greedy,0.585000,0.605619
E8,0.2,1.0,0,0.25,0.0,0.2,0,48,snr-greedy-loss,0.602500,0.678460
E8,0.2,1.0,0,0.25,0.0,0.2,0,48,snr-mean,0.582750,0.596254
E8,0.2,1.0,0,0.25,0.0,0.2,0,48,belief,0.603750,0.683663
E8,0.2,1.0,0,0.25,0.0,0.2,0,48,belief-pred,0.608000,0.701353
E8,0.2,1.0,0,0.25,0.0,0.2,0,48,ewma,0.572000,0.551509
E8,0.2,1.0,0,0.25,0.0,0.2,0,48,blend-paper,0.582000,0.593132
E8,0.2,1.0,0,0.25,0.0,0.2,0,48,saf-adaptive,0.606500,0.695109
E8,0.2,1.0,0,0.25,0.0,0.2,0,49,random,0.561500,0.513402
E8,0.2,1.0,0,0.25,0.0,0.2,0,49,round-robin,0.561750,0.514433
E8,0.2,1.0,0,0.25,0.0,0.2,0,49,oracle,0.679500,1.000000
E8,0.2,1.0,0,0.25,0.0,0.2,0,49,snr-greedy,0.587000,0.618557
E8,0.2,1.0,0,0.25,0.0,0.2,0,49,snr-greedy-loss,0.606750,0.700000
E8,0.2,1.0,0,0.25,0.0,0.2,0,49,snr-mean,0.587250,0.619588
E8,0.2,1.0,0,0.25,0.0,0.2,0,49,belief,0.603500,0.686598
E8,0.2,1.0,0,0.25,0.0,0.2,0,49,belief-pred,0.616250,0.739175
E8,0.2,1.0,0,0.25,0.0,0.2,0,49,ewma,0.575750,0.572165
E8,0.2,1.0,0,0.25,0.0,0.2,0,49,blend-paper,0.576750,0.576289
E8,0.2,1.0,0,0.25,0.0,0.2,0,49,saf-adaptive,0.615500,0.736082
E8,0.2,1.0,0,0.1,0.0,0.2,0,0,random,0.560000,0.493952
E8,0.2,1.0,0,0.1,0.0,0.2,0,0,round-robin,0.559500,0.491935
E8,0.2,1.0,0,0.1,0.0,0.2,0,0,oracle,0.685500,1.000000
E8,0.2,1.0,0,0.1,0.0,0.2,0,0,snr-greedy,0.585000,0.594758
E8,0.2,1.0,0,0.1,0.0,0.2,0,0,snr-greedy-loss,0.590500,0.616935
E8,0.2,1.0,0,0.1,0.0,0.2,0,0,snr-mean,0.564500,0.512097
E8,0.2,1.0,0,0.1,0.0,0.2,0,0,belief,0.586500,0.600806
E8,0.2,1.0,0,0.1,0.0,0.2,0,0,belief-pred,0.619500,0.733871
E8,0.2,1.0,0,0.1,0.0,0.2,0,0,ewma,0.600750,0.658266
E8,0.2,1.0,0,0.1,0.0,0.2,0,0,blend-paper,0.584250,0.591734
E8,0.2,1.0,0,0.1,0.0,0.2,0,0,saf-adaptive,0.620750,0.738911
E8,0.2,1.0,0,0.1,0.0,0.2,0,1,random,0.565000,0.491919
E8,0.2,1.0,0,0.1,0.0,0.2,0,1,round-robin,0.567250,0.501010
E8,0.2,1.0,0,0.1,0.0,0.2,0,1,oracle,0.690750,1.000000
E8,0.2,1.0,0,0.1,0.0,0.2,0,1,snr-greedy,0.574500,0.530303
E8,0.2,1.0,0,0.1,0.0,0.2,0,1,snr-greedy-loss,0.585500,0.574747
E8,0.2,1.0,0,0.1,0.0,0.2,0,1,snr-mean,0.600250,0.634343
E8,0.2,1.0,0,0.1,0.0,0.2,0,1,belief,0.589750,0.591919
E8,0.2,1.0,0,0.1,0.0,0.2,0,1,belief-pred,0.609000,0.669697
E8,0.2,1.0,0,0.1,0.0,0.2,0,1,ewma,0.597750,0.624242
E8,0.2,1.0,0,0.1,0.0,0.2,0,1,blend-paper,0.597250,0.622222
E8,0.2,1.0,0,0.1,0.0,0.2,0,1,saf-adaptive,0.610750,0.676768
E8,0.2,1.0,0,0.1,0.0,0.2,0,2,random,0.565750,0.522059
E8,0.2,1.0,0,0.1,0.0,0.2,0,2,round-robin,0.562000,0.506303
E8,0.2,1.0,0,0.1,0.0,0.2,0,2,oracle,0.679500,1.000000
E8,0.2,1.0,0,0.1,0.0,0.2,0,2,snr-greedy,0.579500,0.579832
E8,0.2,1.0,0,0.1,0.0,0.2,0,2,snr-greedy-loss,0.588750,0.618697
E8,0.2,1.0,0,0.1,0.0,0.2,0,2,snr-mean,0.579250,0.578782
E8,0.2,1.0,0,0.1,0.0,0.2,0,2,belief,0.591000,0.628151
E8,0.2,1.0,0,0.1,0.0,0.2,0,2,belief-pred,0.616750,0.736345
E8,0.2,1.0,0,0.1,0.0,0.2,0,2,ewma,0.597250,0.654412
E8,0.2,1.0,0,0.1,0.0,0.2,0,2,blend-paper,0.596500,0.651261
E8,0.2,1.0,0,0.1,0.0,0.2,0,2,saf-adaptive,0.615750,0.732143
E8,0.2,1.0,0,0.1,0.0,0.2,0,3,random,0.544750,0.452703
E8,0.2,1.0,0,0.1,0.0,0.2,0,3,round-robin,0.560000,0.511583
E8,0.2,1.0,0,0.1,0.0,0.2,0,3,oracle,0.686500,1.000000
E8,0.2,1.0,0,0.1,0.0,0.2,0,3,snr-greedy,0.556000,0.496139
E8,0.2,1.0,0,0.1,0.0,0.2,0,3,snr-greedy-loss,0.566750,0.537645
E8,0.2,1.0,0,0.1,0.0,0.2,0,3,snr-mean,0.557000,0.500000
E8,0.2,1.0,0,0.1,0.0,0.2,0,3,belief,0.572750,0.560811
E8,0.2,1.0,0,0.1,0.0,0.2,0,3,belief-pred,0.579500,0.586873
E8,0.2,1.0,0,0.1,0.0,0.2,0,3,ewma,0.574250,0.566602
E8,0.2,1.0,0,0.1,0.0,0.2,0,3,blend-paper,0.583250,0.601351
E8,0.2,1.0,0,0.1,0.0,0.2,0,3,saf-adaptive,0.584500,0.606178
E8,0.2,1.0,0,0.1,0.0,0.2,0,4,random,0.561000,0.510331
E8,0.2,1.0,0,0.1,0.0,0.2,0,4,round-robin,0.554750,0.484504
E8,0.2,1.0,0,0.1,0.0,0.2,0,4,oracle,0.679500,1.000000
E8,0.2,1.0,0,0.1,0.0,0.2,0,4,snr-greedy,0.569750,0.546488
E8,0.2,1.0,0,0.1,0.0,0.2,0,4,snr-greedy-loss,0.584500,0.607438
E8,0.2,1.0,0,0.1,0.0,0.2,0,4,snr-mean,0.581500,0.595041
E8,0.2,1.0,0,0.1,0.0,0.2,0,4,belief,0.581250,0.594008
E8,0.2,1.0,0,0.1,0.0,0.2,0,4,belief-pred,0.605250,0.693182
E8,0.2,1.0,0,0.1,0.0,0.2,0,4,ewma,0.566750,0.534091
E8,0.2,1.0,0,0.1,0.0,0.2,0,4,blend-paper,0.574250,0.565083
E8,0.2,1.0,0,0.1,0.0,0.2,0,4,saf-adaptive,0.605000,0.692149
E8,0.2,1.0,0,0.1,0.0,0.2,0,5,random,0.563000,0.507128
E8,0.2,1.0,0,0.1,0.0,0.2,0,5,round-robin,0.560250,0.495927
E8,0.2,1.0,0,0.1,0.0,0.2,0,5,oracle,0.684000,1.000000
E8,0.2,1.0,0,0.1,0.0,0.2,0,5,snr-greedy,0.578750,0.571283
E8,0.2,1.0,0,0.1,0.0,0.2,0,5,snr-greedy-loss,0.584500,0.594705
E8,0.2,1.0,0,0.1,0.0,0.2,0,5,snr-mean,0.591250,0.622200
E8,0.2,1.0,0,0.1,0.0,0.2,0,5,belief,0.583250,0.589613
E8,0.2,1.0,0,0.1,0.0,0.2,0,5,belief-pred,0.602000,0.665988
E8,0.2,1.0,0,0.1,0.0,0.2,0,5,ewma,0.586000,0.600815
E8,0.2,1.0,0,0.1,0.0,0.2,0,5,blend-paper,0.575750,0.559063
E8,0.2,1.0,0,0.1,0.0,0.2,0,5,saf-adaptive,0.604250,0.675153
E8,0.2,1.0,0,0.1,0.0,0.2,0,6,random,0.563250,0.525994
E8,0.2,1.0,0,0.1,0.0,0.2,0,6,round-robin,0.560750,0.515800
E8,0.2,1.0,0,0.1,0.0,0.2,0,6,oracle,0.679500,1.000000
E8,0.2,1.0,0,0.1,0.0,0.2,0,6,snr-greedy,0.577000,0.582059
E8,0.2,1.0,0,0.1,0.0,0.2,0,6,snr-greedy-loss,0.574750,0.572885
E8,0.2,1.0,0,0.1,0.0,0.2,0,6,snr-mean,0.577000,0.582059
E8,0.2,1.0,0,0.1,0.0,0.2,0,6,belief,0.573250,0.566769
E8,0.2,1.0,0,0.1,0.0,0.2,0,6,belief-pred,0.590250,0.636086
E8,0.2,1.0,0,0.1,0.0,0.2,0,6,ewma,0.559500,0.510703
E8,0.2,1.0,0,0.1,0.0,0.2,0,6,blend-paper,0.574000,0.569827
E8,0.2,1.0,0,0.1,0.0,0.2,0,6,saf-adaptive,0.592000,0.643221
E8,0.2,1.0,0,0.1,0.0,0.2,0,7,random,0.568250,0.490066
E8,0.2,1.0,0,0.1,0.0,0.2,0,7,round-robin,0.572250,0.507726
E8,0.2,1.0,0,0.1,0.0,0.2,0,7,oracle,0.683750,1.000000
E8,0.2,1.0,0,0.1,0.0,0.2,0,7,snr-greedy,0.581500,0.548565
E8,0.2,1.0,0,0.1,0.0,0.2,0,7,snr-greedy-loss,0.593000,0.599338
E8,0.2,1.0,0,0.1,0.0,0.2,0,7,snr-mean,0.580750,0.545254
E8,0.2,1.0,0,0.1,0.0,0.2,0,7,belief,0.591250,0.591611
E8,0.2,1.0,0,0.1,0.0,0.2,0,7,belief-pred,0.599000,0.625828
E8,0.2,1.0,0,0.1,0.0,0.2,0,7,ewma,0.571500,0.504415
E8,0.2,1.0,0,0.1,0.0,0.2,0,7,blend-paper,0.583750,0.558499
E8,0.2,1.0,0,0.1,0.0,0.2,0,7,saf-adaptive,0.598000,0.621413
E8,0.2,1.0,0,0.1,0.0,0.2,0,8,random,0.566750,0.480263
E8,0.2,1.0,0,0.1,0.0,0.2,0,8,round-robin,0.573500,0.509868
E8,0.2,1.0,0,0.1,0.0,0.2,0,8,oracle,0.685250,1.000000
E8,0.2,1.0,0,0.1,0.0,0.2,0,8,snr-greedy,0.589750,0.581140
E8,0.2,1.0,0,0.1,0.0,0.2,0,8,snr-greedy-loss,0.596250,0.609649
E8,0.2,1.0,0,0.1,0.0,0.2,0,8,snr-mean,0.599000,0.621711
E8,0.2,1.0,0,0.1,0.0,0.2,0,8,belief,0.586500,0.566886
E8,0.2,1.0,0,0.1,0.0,0.2,0,8,belief-pred,0.605500,0.650219
E8,0.2,1.0,0,0.1,0.0,0.2,0,8,ewma,0.599250,0.622807
E8,0.2,1.0,0,0.1,0.0,0.2,0,8,blend-paper,0.601250,0.631579
E8,0.2,1.0,0,0.1,0.0,0.2,0,8,saf-adaptive,0.604750,0.646930
E8,0.2,1.0,0,0.1,0.0,0.2,0,9,random,0.567250,0.526474
E8,0.2,1.0,0,0.1,0.0,0.2,0,9,round-robin,0.561250,0.502498
E8,0.2,1.0,0,0.1,0.0,0.2,0,9,oracle,0.685750,1.000000
E8,0.2,1.0,0,0.1,0.0,0.2,0,9,snr-greedy,0.579250,0.574426
E8,0.2,1.0,0,0.1,0.0,0.2,0,9,snr-greedy-loss,0.576500,0.563437
E8,0.2,1.0,0,0.1,0.0,0.2,0,9,snr-mean,0.578750,0.572428
E8,0.2,1.0,0,0.1,0.0,0.2,0,9,belief,0.590000,0.617383
E8,0.2,1.0,0,0.1,0.0,0.2,0,9,belief-pred,0.611250,0.702298
E8,0.2,1.0,0,0.1,0.0,0.2,0,9,ewma,0.585000,0.597403
E8,0.2,1.0,0,0.1,0.0,0.2,0,9,blend-paper,0.591000,0.621379
E8,0.2,1.0,0,0.1,0.0,0.2,0,9,saf-adaptive,0.609750,0.696304
E8,0.2,1.0,0,0.1,0.0,0.2,0,10,random,0.556000,0.489858
E8,0.2,1.0,0,0.1,0.0,0.2,0,10,round-robin,0.557500,0.495943
E8,0.2,1.0,0,0.1,0.0,0.2,0,10,oracle,0.681750,1.000000
E8,0.2,1.0,0,0.1,0.0,0.2,0,10,snr-greedy,0.580250,0.588235
E8,0.2,1.0,0,0.1,0.0,0.2,0,10,snr-greedy-loss,0.582750,0.598377
E8,0.2,1.0,0,0.1,0.0,0.2,0,10,snr-mean,0.595000,0.648073
E8,0.2,1.0,0,0.1,0.0,0.2,0,10,belief,0.587500,0.617647
E8,0.2,1.0,0,0.1,0.0,0.2,0,10,belief-pred,0.608000,0.700811
E8,0.2,1.0,0,0.1,0.0,0.2,0,10,ewma,0.572500,0.556795
E8,0.2,1.0,0,0.1,0.0,0.2,0,10,blend-paper,0.583750,0.602434
E8,0.2,1.0,0,0.1,0.0,0.2,0,10,saf-adaptive,0.609500,0.706897
E8,0.2,1.0,0,0.1,0.0,0.2,0,11,random,0.565000,0.507821
E8,0.2,1.0,0,0.1,0.0,0.2,0,11,round-robin,0.564500,0.505735
E8,0.2,1.0,0,0.1,0.0,0.2,0,11,oracle,0.683000,1.000000
E8,0.2,1.0,0,0.1,0.0,0.2,0,11,snr-greedy,0.561500,0.493222
E8,0.2,1.0,0,0.1,0.0,0.2,0,11,snr-greedy-loss,0.574250,0.546403
E8,0.2,1.0,0,0.1,0.0,0.2,0,11,snr-mean,0.578500,0.564129
E8,0.2,1.0,0,0.1,0.0,0.2,0,11,belief,0.577500,0.559958
E8,0.2,1.0,0,0.1,0.0,0.2,0,11,belief-pred,0.601750,0.661105
E8,0.2,1.0,0,0.1,0.0,0.2,0,11,ewma,0.574000,0.545360
E8,0.2,1.0,0,0.1,0.0,0.2,0,11,blend-paper,0.569250,0.525547
E8,0.2,1.0,0,0.1,0.0,0.2,0,11,saf-adaptive,0.600000,0.653806
E8,0.2,1.0,0,0.1,0.0,0.2,0,12,random,0.566500,0.502533
E8,0.2,1.0,0,0.1,0.0,0.2,0,12,round-robin,0.561250,0.481256
E8,0.2,1.0,0,0.1,0.0,0.2,0,12,oracle,0.689250,1.000000
E8,0.2,1.0,0,0.1,0.0,0.2,0,12,snr-greedy,0.582250,0.566363
E8,0.2,1.0,0,0.1,0.0,0.2,0,12,snr-greedy-loss,0.591250,0.602837
E8,0.2,1.0,0,0.1,0.0,0.2,0,12,snr-mean,0.587500,0.587639
E8,0.2,1.0,0,0.1,0.0,0.2,0,12,belief,0.589000,0.593718
E8,0.2,1.0,0,0.1,0.0,0.2,0,12,belief-pred,0.593500,0.611955
E8,0.2,1.0,0,0.1,0.0,0.2,0,12,ewma,0.584750,0.576494
E8,0.2,1.0,0,0.1,0.0,0.2,0,12,blend-paper,0.591750,0.604863
E8,0.2,1.0,0,0.1,0.0,0.2,0,12,saf-adaptive,0.593000,0.609929
E8,0.2,1.0,0,0.1,0.0,0.2,0,13,random,0.554250,0.483087
E8,0.2,1.0,0,0.1,0.0,0.2,0,13,round-robin,0.562250,0.516913
E8,0.2,1.0,0,0.1,0.0,0.2,0,13,oracle,0.676500,1.000000
E8,0.2,1.0,0,0.1,0.0,0.2,0,13,snr-greedy,0.581000,0.596195
E8,0.2,1.0,0,0.1,0.0,0.2,0,13,snr-greedy-loss,0.581750,0.599366
E8,0.2,1.0,0,0.1,0.0,0.2,0,13,snr-mean,0.593250,0.647992
E8,0.2,1.0,0,0.1,0.0,0.2,0,13,belief,0.578250,0.584567
E8,0.2,1.0,0,0.1,0.0,0.2,0,13,belief-pred,0.603000,0.689218
E8,0.2,1.0,0,0.1,0.0,0.2,0,13,ewma,0.581000,0.596195
E8,0.2,1.0,0,0.1,0.0,0.2,0,13,blend-paper,0.574250,0.567653
E8,0.2,1.0,0,0.1,0.0,0.2,0,13,saf-adaptive,0.603750,0.692389
E8,0.2,1.0,0,0.1,0.0,0.2,0,14,random,0.575500,0.500000
E8,0.2,1.0,0,0.1,0.0,0.2,0,14,round-robin,0.573250,0.490506
E8,0.2,1.0,0,0.1,0.0,0.2,0,14,oracle,0.694000,1.000000
E8,0.2,1.0,0,0.1,0.0,0.2,0,14,snr-greedy,0.590500,0.563291
E8,0.2,1.0,0,0.1,0.0,0.2,0,14,snr-greedy-loss,0.601250,0.608650
E8,0.2,1.0,0,0.1,0.0,0.2,0,14,snr-mean,0.595250,0.583333
E8,0.2,1.0,0,0.1,0.0,0.2,0,14,belief,0.597250,0.591772
E8,0.2,1.0,0,0.1,0.0,0.2,0,14,belief-pred,0.619750,0.686709
E8,0.2,1.0,0,0.1,0.0,0.2,0,14,ewma,0.600750,0.606540
E8,0.2,1.0,0,0.1,0.0,0.2,0,14,blend-paper,0.601000,0.607595
E8,0.2,1.0,0,0.1,0.0,0.2,0,14,saf-adaptive,0.620750,0.690928
E8,0.2,1.0,0,0.1,0.0,0.2,0,15,random,0.554000,0.485963
E8,0.2,1.0,0,0.1,0.0,0.2,0,15,round-robin,0.555750,0.492740
E8,0.2,1.0,0,0.1,0.0,0.2,0,15,oracle,0.686750,1.000000
E8,0.2,1.0,0,0.1,0.0,0.2,0,15,snr-greedy,0.572000,0.555663
E8,0.2,1.0,0,0.1,0.0,0.2,0,15,snr-greedy-loss,0.572000,0.555663
E8,0.2,1.0,0,0.1,0.0,0.2,0,15,snr-mean,0.596250,0.649564
E8,0.2,1.0,0,0.1,0.0,0.2,0,15,belief,0.569750,0.546951
E8,0.2,1.0,0,0.1,0.0,0.2,0,15,belief-pred,0.595750,0.647628
E8,0.2,1.0,0,0.1,0.0,0.2,0,15,ewma,0.582250,0.595353
E8,0.2,1.0,0,0.1,0.0,0.2,0,15,blend-paper,0.581000,0.590513
E8,0.2,1.0,0,0.1,0.0,0.2,0,15,saf-adaptive,0.599000,0.660213
E8,0.2,1.0,0,0.1,0.0,0.2,0,16,random,0.556500,0.482795
E8,0.2,1.0,0,0.1,0.0,0.2,0,16,round-robin,0.559250,0.494265
E8,0.2,1.0,0,0.1,0.0,0.2,0,16,oracle,0.680500,1.000000
E8,0.2,1.0,0,0.1,0.0,0.2,0,16,snr-greedy,0.575500,0.562044
E8,0.2,1.0,0,0.1,0.0,0.2,0,16,snr-greedy-loss,0.581250,0.586027
E8,0.2,1.0,0,0.1,0.0,0.2,0,16,snr-mean,0.579500,0.578728
E8,0.2,1.0,0,0.1,0.0,0.2,0,16,belief,0.581000,0.584984
E8,0.2,1.0,0,0.1,0.0,0.2,0,16,belief-pred,0.593250,0.636079
E8,0.2,1.0,0,0.1,0.0,0.2,0,16,ewma,0.576000,0.564129
E8,0.2,1.0,0,0.1,0.0,0.2,0,16,blend-paper,0.573750,0.554745
E8,0.2,1.0,0,0.1,0.0,0.2,0,16,saf-adaptive,0.593250,0.636079
E8,0.2,1.0,0,0.1,0.0,0.2,0,17,random,0.567000,0.509414
E8,0.2,1.0,0,0.1,0.0,0.2,0,17,round-robin,0.566000,0.505230
E8,0.2,1.0,0,0.1,0.0,0.2,0,17,oracle,0.684250,1.000000
E8,0.2,1.0,0,0.1,0.0,0.2,0,17,snr-greedy,0.576000,0.547071
E8,0.2,1.0,0,0.1,0.0,0.2,0,17,snr-greedy-loss,0.588750,0.600418
E8,0.2,1.0,0,0.1,0.0,0.2,0,17,snr-mean,0.597750,0.638075
E8,0.2,1.0,0,0.1,0.0,0.2,0,17,belief,0.590250,0.606695
E8,0.2,1.0,0,0.1,0.0,0.2,0,17,belief-pred,0.600250,0.648536
E8,0.2,1.0,0,0.1,0.0,0.2,0,17,ewma,0.584500,0.582636
E8,0.2,1.0,0,0.1,0.0,0.2,0,17,blend-paper,0.583500,0.578452
E8,0.2,1.0,0,0.1,0.0,0.2,0,17,saf-adaptive,0.601250,0.652720
E8,0.2,1.0,0,0.1,0.0,0.2,0,18,random,0.544750,0.466229
E8,0.2,1.0,0,0.1,0.0,0.2,0,18,round-robin,0.554250,0.501876
E8,0.2,1.0,0,0.1,0.0,0.2,0,18,oracle,0.687000,1.000000
E8,0.2,1.0,0,0.1,0.0,0.2,0,18,snr-greedy,0.566250,0.546904
E8,0.2,1.0,0,0.1,0.0,0.2,0,18,snr-greedy-loss,0.571000,0.564728
E8,0.2,1.0,0,0.1,0.0,0.2,0,18,snr-mean,0.596000,0.658537
E8,0.2,1.0,0,0.1,0.0,0.2,0,18,belief,0.572750,0.571295
E8,0.2,1.0,0,0.1,0.0,0.2,0,18,belief-pred,0.609000,0.707317
E8,0.2,1.0,0,0.1,0.0,0.2,0,18,ewma,0.586500,0.622889
E8,0.2,1.0,0,0.1,0.0,0.2,0,18,blend-paper,0.599500,0.671670
E8,0.2,1.0,0,0.1,0.0,0.2,0,18,saf-adaptive,0.610750,0.713884
E8,0.2,1.0,0,0.1,0.0,0.2,0,19,random,0.558750,0.496970
E8,0.2,1.0,0,0.1,0.0,0.2,0,19,round-robin,0.558000,0.493939
E8,0.2,1.0,0,0.1,0.0,0.2,0,19,oracle,0.683250,1.000000
E8,0.2,1.0,0,0.1,0.0,0.2,0,19,snr-greedy,0.576500,0.568687
E8,0.2,1.0,0,0.1,0.0,0.2,0,19,snr-greedy-loss,0.579500,0.580808
E8,0.2,1.0,0,0.1,0.0,0.2,0,19,snr-mean,0.578250,0.575758
E8,0.2,1.0,0,0.1,0.0,0.2,0,19,belief,0.579000,0.578788
E8,0.2,1.0,0,0.1,0.0,0.2,0,19,belief-pred,0.578750,0.577778
E8,0.2,1.0,0,0.1,0.0,0.2,0,19,ewma,0.565500,0.524242
E8,0.2,1.0,0,0.1,0.0,0.2,0,19,blend-paper,0.566000,0.526263
E8,0.2,1.0,0,0.1,0.0,0.2,0,19,saf-adaptive,0.580000,0.582828
E8,0.2,1.0,0,0.1,0.0,0.2,0,20,random,0.563000,0.501010
E8,0.2,1.0,0,0.1,0.0,0.2,0,20,round-robin,0.566500,0.515152
E8,0.2,1.0,0,0.1,0.0,0.2,0,20,oracle,0.686500,1.000000
E8,0.2,1.0,0,0.1,0.0,0.2,0,20,snr-greedy,0.584500,0.587879
E8,0.2,1.0,0,0.1,0.0,0.2,0,20,snr-greedy-loss,0.589250,0.607071
E8,0.2,1.0,0,0.1,0.0,0.2,0,20,snr-mean,0.585500,0.591919
E8,0.2,1.0,0,0.1,0.0,0.2,0,20,belief,0.593000,0.622222
E8,0.2,1.0,0,0.1,0.0,0.2,0,20,belief-pred,0.610250,0.691919
E8,0.2,1.0,0,0.1,0.0,0.2,0,20,ewma,0.578500,0.563636
E8,0.2,1.0,0,0.1,0.0,0.2,0,20,blend-paper,0.582250,0.578788
E8,0.2,1.0,0,0.1,0.0,0.2,0,20,saf-adaptive,0.612500,0.701010
E8,0.2,1.0,0,0.1,0.0,0.2,0,21,random,0.557750,0.506931
E8,0.2,1.0,0,0.1,0.0,0.2,0,21,round-robin,0.557250,0.504950
E8,0.2,1.0,0,0.1,0.0,0.2,0,21,oracle,0.682250,1.000000
E8,0.2,1.0,0,0.1,0.0,0.2,0,21,snr-greedy,0.558500,0.509901
E8,0.2,1.0,0,0.1,0.0,0.2,0,21,snr-greedy-loss,0.567250,0.544554
E8,0.2,1.0,0,0.1,0.0,0.2,0,21,snr-mean,0.564750,0.534653
E8,0.2,1.0,0,0.1,0.0,0.2,0,21,belief,0.573750,0.570297
E8,0.2,1.0,0,0.1,0.0,0.2,0,21,belief-pred,0.584000,0.610891
E8,0.2,1.0,0,0.1,0.0,0.2,0,21,ewma,0.574250,0.572277
E8,0.2,1.0,0,0.1,0.0,0.2,0,21,blend-paper,0.579000,0.591089
E8,0.2,1.0,0,0.1,0.0,0.2,0,21,saf-adaptive,0.587000,0.622772
E8,0.2,1.0,0,0.1,0.0,0.2,0,22,random,0.567750,0.486911
E8,0.2,1.0,0,0.1,0.0,0.2,0,22,round-robin,0.567500,0.485864
E8,0.2,1.0,0,0.1,0.0,0.2,0,22,oracle,0.690250,1.000000
E8,0.2,1.0,0,0.1,0.0,0.2,0,22,snr-greedy,0.591250,0.585340
E8,0.2,1.0,0,0.1,0.0,0.2,0,22,snr-greedy-loss,0.590750,0.583246
E8,0.2,1.0,0,0.1,0.0,0.2,0,22,snr-mean,0.598500,0.615707
E8,0.2,1.0,0,0.1,0.0,0.2,0,22,belief,0.586500,0.565445
E8,0.2,1.0,0,0.1,0.0,0.2,0,22,belief-pred,0.609000,0.659686
E8,0.2,1.0,0,0.1,0.0,0.2,0,22,ewma,0.594250,0.597906
E8,0.2,1.0,0,0.1,0.0,0.2,0,22,blend-paper,0.587500,0.569634
E8,0.2,1.0,0,0.1,0.0,0.2,0,22,saf-adaptive,0.611000,0.668063
E8,0.2,1.0,0,0.1,0.0,0.2,0,23,random,0.558000,0.492739
E8,0.2,1.0,0,0.1,0.0,0.2,0,23,round-robin,0.556000,0.484440
E8,0.2,1.0,0,0.1,0.0,0.2,0,23,oracle,0.680250,1.000000
E8,0.2,1.0,0,0.1,0.0,0.2,0,23,snr-greedy,0.579250,0.580913
E8,0.2,1.0,0,0.1,0.0,0.2,0,23,snr-greedy-loss,0.584750,0.603734
E8,0.2,1.0,0,0.1,0.0,0.2,0,23,snr-mean,0.582750,0.595436
E8,0.2,1.0,0,0.1,0.0,0.2,0,23,belief,0.582750,0.595436
E8,0.2,1.0,0,0.1,0.0,0.2,0,23,belief-pred,0.587750,0.616183
E8,0.2,1.0,0,0.1,0.0,0.2,0,23,ewma,0.579750,0.582988
E8,0.2,1.0,0,0.1,0.0,0.2,0,23,blend-paper,0.583000,0.596473
E8,0.2,1.0,0,0.1,0.0,0.2,0,23,saf-adaptive,0.588000,0.617220
E8,0.2,1.0,0,0.1,0.0,0.2,0,24,random,0.554500,0.492110
E8,0.2,1.0,0,0.1,0.0,0.2,0,24,round-robin,0.553750,0.489152
E8,0.2,1.0,0,0.1,0.0,0.2,0,24,oracle,0.683250,1.000000
E8,0.2,1.0,0,0.1,0.0,0.2,0,24,snr-greedy,0.576250,0.577909
E8,0.2,1.0,0,0.1,0.0,0.2,0,24,snr-greedy-loss,0.574250,0.570020
E8,0.2,1.0,0,0.1,0.0,0.2,0,24,snr-mean,0.585250,0.613412
E8,0.2,1.0,0,0.1,0.0,0.2,0,24,belief,0.581000,0.596647
E8,0.2,1.0,0,0.1,0.0,0.2,0,24,belief-pred,0.605000,0.691321
E8,0.2,1.0,0,0.1,0.0,0.2,0,24,ewma,0.585000,0.612426
E8,0.2,1.0,0,0.1,0.0,0.2,0,24,blend-paper,0.576250,0.577909
E8,0.2,1.0,0,0.1,0.0,0.2,0,24,saf-adaptive,0.607000,0.699211
E8,0.2,1.0,0,0.1,0.0,0.2,0,25,random,0.559500,0.489861
E8,0.2,1.0,0,0.1,0.0,0.2,0,25,round-robin,0.560500,0.494130
E8,0.2,1.0,0,0.1,0.0,0.2,0,25,oracle,0.679000,1.000000
E8,0.2,1.0,0,0.1,0.0,0.2,0,25,snr-greedy,0.570500,0.536820
E8,0.2,1.0,0,0.1,0.0,0.2,0,25,snr-greedy-loss,0.574750,0.554963
E8,0.2,1.0,0,0.1,0.0,0.2,0,25,snr-mean,0.577750,0.567769
E8,0.2,1.0,0,0.1,0.0,0.2,0,25,belief,0.579750,0.576307
E8,0.2,1.0,0,0.1,0.0,0.2,0,25,belief-pred,0.590000,0.620064
E8,0.2,1.0,0,0.1,0.0,0.2,0,25,ewma,0.576750,0.563501
E8,0.2,1.0,0,0.1,0.0,0.2,0,25,blend-paper,0.580750,0.580576
E8,0.2,1.0,0,0.1,0.0,0.2,0,25,saf-adaptive,0.590250,0.621131
E8,0.2,1.0,0,0.1,0.0,0.2,0,26,random,0.571000,0.514940
E8,0.2,1.0,0,0.1,0.0,0.2,0,26,round-robin,0.570750,0.513944
E8,0.2,1.0,0,0.1,0.0,0.2,0,26,oracle,0.692750,1.000000
E8,0.2,1.0,0,0.1,0.0,0.2,0,26,snr-greedy,0.588500,0.584661
E8,0.2,1.0,0,0.1,0.0,0.2,0,26,snr-greedy-loss,0.597250,0.619522
E8,0.2,1.0,0,0.1,0.0,0.2,0,26,snr-mean,0.584000,0.566733
E8,0.2,1.0,0,0.1,0.0,0.2,0,26,belief,0.599000,0.626494
E8,0.2,1.0,0,0.1,0.0,0.2,0,26,belief-pred,0.606000,0.654382
E8,0.2,1.0,0,0.1,0.0,0.2,0,26,ewma,0.594000,0.606574
E8,0.2,1.0,0,0.1,0.0,0.2,0,26,blend-paper,0.587000,0.578685
E8,0.2,1.0,0,0.1,0.0,0.2,0,26,saf-adaptive,0.608500,0.664343
E8,0.2,1.0,0,0.1,0.0,0.2,0,27,random,0.560000,0.494461
E8,0.2,1.0,0,0.1,0.0,0.2,0,27,round-robin,0.561500,0.500504
E8,0.2,1.0,0,0.1,0.0,0.2,0,27,oracle,0.685500,1.000000
E8,0.2,1.0,0,0.1,0.0,0.2,0,27,snr-greedy,0.576250,0.559919
E8,0.2,1.0,0,0.1,0.0,0.2,0,27,snr-greedy-loss,0.586750,0.602216
E8,0.2,1.0,0,0.1,0.0,0.2,0,27,snr-mean,0.586250,0.600201
E8,0.2,1.0,0,0.1,0.0,0.2,0,27,belief,0.579000,0.570997
E8,0.2,1.0,0,0.1,0.0,0.2,0,27,belief-pred,0.592000,0.623364
E8,0.2,1.0,0,0.1,0.0,0.2,0,27,ewma,0.587250,0.604230
E8,0.2,1.0,0,0.1,0.0,0.2,0,27,blend-paper,0.577500,0.564955
E8,0.2,1.0,0,0.1,0.0,0.2,0,27,saf-adaptive,0.592250,0.624371
E8,0.2,1.0,0,0.1,0.0,0.2,0,28,random,0.567500,0.510053
E8,0.2,1.0,0,0.1,0.0,0.2,0,28,round-robin,0.566750,0.506878
E8,0.2,1.0,0,0.1,0.0,0.2,0,28,oracle,0.683250,1.000000
E8,0.2,1.0,0,0.1,0.0,0.2,0,28,snr-greedy,0.572250,0.530159
E8,0.2,1.0,0,0.1,0.0,0.2,0,28,snr-greedy-loss,0.577000,0.550265
E8,0.2,1.0,0,0.1,0.0,0.2,0,28,snr-mean,0.584250,0.580952
E8,0.2,1.0,0,0.1,0.0,0.2,0,28,belief,0.575750,0.544974
E8,0.2,1.0,0,0.1,0.0,0.2,0,28,belief-pred,0.600500,0.649735
E8,0.2,1.0,0,0.1,0.0,0.2,0,28,ewma,0.577250,0.551323
E8,0.2,1.0,0,0.1,0.0,0.2,0,28,blend-paper,0.590000,0.605291
E8,0.2,1.0,0,0.1,0.0,0.2,0,28,saf-adaptive,0.600250,0.648677
E8,0.2,1.0,0,0.1,0.0,0.2,0,29,random,0.563750,0.477131
E8,0.2,1.0,0,0.1,0.0,0.2,0,29,round-robin,0.565250,0.483368
E8,0.2,1.0,0,0.1,0.0,0.2,0,29,oracle,0.689500,1.000000
E8,0.2,1.0,0,0.1,0.0,0.2,0,29,snr-greedy,0.579000,0.540541
E8,0.2,1.0,0,0.1,0.0,0.2,0,29,snr-greedy-loss,0.590500,0.588358
E8,0.2,1.0,0,0.1,0.0,0.2,0,29,snr-mean,0.589250,0.583160
E8,0.2,1.0,0,0.1,0.0,0.2,0,29,belief,0.587000,0.573805
E8,0.2,1.0,0,0.1,0.0,0.2,0,29,belief-pred,0.603500,0.642412
E8,0.2,1.0,0,0.1,0.0,0.2,0,29,ewma,0.585500,0.567568
E8,0.2,1.0,0,0.1,0.0,0.2,0,29,blend-paper,0.599500,0.625780
E8,0.2,1.0,0,0.1,0.0,0.2,0,29,saf-adaptive,0.605750,0.651767
E8,0.2,1.0,0,0.1,0.0,0.2,0,30,random,0.554000,0.502478
E8,0.2,1.0,0,0.1,0.0,0.2,0,30,round-robin,0.552250,0.495540
E8,0.2,1.0,0,0.1,0.0,0.2,0,30,oracle,0.679500,1.000000
E8,0.2,1.0,0,0.1,0.0,0.2,0,30,snr-greedy,0.557750,0.517344
E8,0.2,1.0,0,0.1,0.0,0.2,0,30,snr-greedy-loss,0.573750,0.580773
E8,0.2,1.0,0,0.1,0.0,0.2,0,30,snr-mean,0.557250,0.515362
E8,0.2,1.0,0,0.1,0.0,0.2,0,30,belief,0.575000,0.585728
E8,0.2,1.0,0,0.1,0.0,0.2,0,30,belief-pred,0.581750,0.612488
E8,0.2,1.0,0,0.1,0.0,0.2,0,30,ewma,0.573250,0.578791
E8,0.2,1.0,0,0.1,0.0,0.2,0,30,blend-paper,0.573500,0.579782
E8,0.2,1.0,0,0.1,0.0,0.2,0,30,saf-adaptive,0.583250,0.618434
E8,0.2,1.0,0,0.1,0.0,0.2,0,31,random,0.561250,0.498483
E8,0.2,1.0,0,0.1,0.0,0.2,0,31,round-robin,0.561250,0.498483
E8,0.2,1.0,0,0.1,0.0,0.2,0,31,oracle,0.685250,1.000000
E8,0.2,1.0,0,0.1,0.0,0.2,0,31,snr-greedy,0.586750,0.601618
E8,0.2,1.0,0,0.1,0.0,0.2,0,31,snr-greedy-loss,0.589750,0.613751
E8,0.2,1.0,0,0.1,0.0,0.2,0,31,snr-mean,0.590750,0.617796
E8,0.2,1.0,0,0.1,0.0,0.2,0,31,belief,0.588500,0.608696
E8,0.2,1.0,0,0.1,0.0,0.2,0,31,belief-pred,0.604000,0.671385
E8,0.2,1.0,0,0.1,0.0,0.2,0,31,ewma,0.586250,0.599596
E8,0.2,1.0,0,0.1,0.0,0.2,0,31,blend-paper,0.586750,0.601618
E8,0.2,1.0,0,0.1,0.0,0.2,0,31,saf-adaptive,0.604750,0.674419
E8,0.2,1.0,0,0.1,0.0,0.2,0,32,random,0.557500,0.480652
E8,0.2,1.0,0,0.1,0.0,0.2,0,32,round-robin,0.558250,0.483707
E8,0.2,1.0,0,0.1,0.0,0.2,0,32,oracle,0.685000,1.000000
E8,0.2,1.0,0,0.1,0.0,0.2,0,32,snr-greedy,0.571500,0.537678
E8,0.2,1.0,0,0.1,0.0,0.2,0,32,snr-greedy-loss,0.578000,0.564155
E8,0.2,1.0,0,0.1,0.0,0.2,0,32,snr-mean,0.573000,0.543788
E8,0.2,1.0,0,0.1,0.0,0.2,0,32,belief,0.580500,0.574338
E8,0.2,1.0,0,0.1,0.0,0.2,0,32,belief-pred,0.594500,0.631365
E8,0.2,1.0,0,0.1,0.0,0.2,0,32,ewma,0.577750,0.563136
E8,0.2,1.0,0,0.1,0.0,0.2,0,32,blend-paper,0.582000,0.580448
E8,0.2,1.0,0,0.1,0.0,0.2,0,32,saf-adaptive,0.597750,0.644603
E8,0.2,1.0,0,0.1,0.0,0.2,0,33,random,0.568250,0.516684
E8,0.2,1.0,0,0.1,0.0,0.2,0,33,round-robin,0.561750,0.490394
E8,0.2,1.0,0,0.1,0.0,0.2,0,33,oracle,0.687750,1.000000
E8,0.2,1.0,0,0.1,0.0,0.2,0,33,snr-greedy,0.587750,0.595551
E8,0.2,1.0,0,0.1,0.0,0.2,0,33,snr-greedy-loss,0.596250,0.629929
E8,0.2,1.0,0,0.1,0.0,0.2,0,33,snr-mean,0.580500,0.566229
E8,0.2,1.0,0,0.1,0.0,0.2,0,33,belief,0.590750,0.607685
E8,0.2,1.0,0,0.1,0.0,0.2,0,33,belief-pred,0.600250,0.646107
E8,0.2,1.0,0,0.1,0.0,0.2,0,33,ewma,0.584000,0.580384
E8,0.2,1.0,0,0.1,0.0,0.2,0,33,blend-paper,0.591750,0.611729
E8,0.2,1.0,0,0.1,0.0,0.2,0,33,saf-adaptive,0.603500,0.659252
E8,0.2,1.0,0,0.1,0.0,0.2,0,34,random,0.561250,0.509824
E8,0.2,1.0,0,0.1,0.0,0.2,0,34,round-robin,0.557500,0.494312
E8,0.2,1.0,0,0.1,0.0,0.2,0,34,oracle,0.679750,1.000000
E8,0.2,1.0,0,0.1,0.0,0.2,0,34,snr-greedy,0.572000,0.554292
E8,0.2,1.0,0,0.1,0.0,0.2,0,34,snr-greedy-loss,0.578250,0.580145
E8,0.2,1.0,0,0.1,0.0,0.2,0,34,snr-mean,0.564000,0.521200
E8,0.2,1.0,0,0.1,0.0,0.2,0,34,belief,0.578000,0.579111
E8,0.2,1.0,0,0.1,0.0,0.2,0,34,belief-pred,0.581000,0.591520
E8,0.2,1.0,0,0.1,0.0,0.2,0,34,ewma,0.570750,0.549121
E8,0.2,1.0,0,0.1,0.0,0.2,0,34,blend-paper,0.578500,0.581179
E8,0.2,1.0,0,0.1,0.0,0.2,0,34,saf-adaptive,0.584000,0.603930
E8,0.2,1.0,0,0.1,0.0,0.2,0,35,random,0.567250,0.491803
E8,0.2,1.0,0,0.1,0.0,0.2,0,35,round-robin,0.570000,0.503074
E8,0.2,1.0,0,0.1,0.0,0.2,0,35,oracle,0.691250,1.000000
E8,0.2,1.0,0,0.1,0.0,0.2,0,35,snr-greedy,0.576000,0.527664
E8,0.2,1.0,0,0.1,0.0,0.2,0,35,snr-greedy-loss,0.585500,0.566598
E8,0.2,1.0,0,0.1,0.0,0.2,0,35,snr-mean,0.584750,0.563525
E8,0.2,1.0,0,0.1,0.0,0.2,0,35,belief,0.586000,0.568648
E8,0.2,1.0,0,0.1,0.0,0.2,0,35,belief-pred,0.596750,0.612705
E8,0.2,1.0,0,0.1,0.0,0.2,0,35,ewma,0.588000,0.576844
E8,0.2,1.0,0,0.1,0.0,0.2,0,35,blend-paper,0.587500,0.574795
E8,0.2,1.0,0,0.1,0.0,0.2,0,35,saf-adaptive,0.598250,0.618852
E8,0.2,1.0,0,0.1,0.0,0.2,0,36,random,0.566250,0.498419
E8,0.2,1.0,0,0.1,0.0,0.2,0,36,round-robin,0.568500,0.507903
E8,0.2,1.0,0,0.1,0.0,0.2,0,36,oracle,0.685250,1.000000
E8,0.2,1.0,0,0.1,0.0,0.2,0,36,snr-greedy,0.573500,0.528978
E8,0.2,1.0,0,0.1,0.0,0.2,0,36,snr-greedy-loss,0.583000,0.569020
E8,0.2,1.0,0,0.1,0.0,0.2,0,36,snr-mean,0.580000,0.556375
E8,0.2,1.0,0,0.1,0.0,0.2,0,36,belief,0.583500,0.571128
E8,0.2,1.0,0,0.1,0.0,0.2,0,36,belief-pred,0.595750,0.622761
E8,0.2,1.0,0,0.1,0.0,0.2,0,36,ewma,0.596500,0.625922
E8,0.2,1.0,0,0.1,0.0,0.2,0,36,blend-paper,0.588250,0.591149
E8,0.2,1.0,0,0.1,0.0,0.2,0,36,saf-adaptive,0.597250,0.629083
E8,0.2,1.0,0,0.1,0.0,0.2,0,37,random,0.574750,0.529472
E8,0.2,1.0,0,0.1,0.0,0.2,0,37,round-robin,0.568250,0.503049
E8,0.2,1.0,0,0.1,0.0,0.2,0,37,oracle,0.690500,1.000000
E8,0.2,1.0,0,0.1,0.0,0.2,0,37,snr-greedy,0.580250,0.551829
E8,0.2,1.0,0,0.1,0.0,0.2,0,37,snr-greedy-loss,0.585500,0.573171
E8,0.2,1.0,0,0.1,0.0,0.2,0,37,snr-mean,0.604000,0.648374
E8,0.2,1.0,0,0.1,0.0,0.2,0,37,belief,0.594000,0.607724
E8,0.2,1.0,0,0.1,0.0,0.2,0,37,belief-pred,0.615250,0.694106
E8,0.2,1.0,0,0.1,0.0,0.2,0,37,ewma,0.605250,0.653455
E8,0.2,1.0,0,0.1,0.0,0.2,0,37,blend-paper,0.595250,0.612805
E8,0.2,1.0,0,0.1,0.0,0.2,0,37,saf-adaptive,0.616250,0.698171
E8,0.2,1.0,0,0.1,0.0,0.2,0,38,random,0.571750,0.497972
E8,0.2,1.0,0,0.1,0.0,0.2,0,38,round-robin,0.576500,0.517241
E8,0.2,1.0,0,0.1,0.0,0.2,0,38,oracle,0.695500,1.000000
E8,0.2,1.0,0,0.1,0.0,0.2,0,38,snr-greedy,0.586000,0.555781
E8,0.2,1.0,0,0.1,0.0,0.2,0,38,snr-greedy-loss,0.601000,0.616633
E8,0.2,1.0,0,0.1,0.0,0.2,0,38,snr-mean,0.590750,0.575051
E8,0.2,1.0,0,0.1,0.0,0.2,0,38,belief,0.595500,0.594320
E8,0.2,1.0,0,0.1,0.0,0.2,0,38,belief-pred,0.611250,0.658215
E8,0.2,1.0,0,0.1,0.0,0.2,0,38,ewma,0.589750,0.570994
E8,0.2,1.0,0,0.1,0.0,0.2,0,38,blend-paper,0.600250,0.613590
E8,0.2,1.0,0,0.1,0.0,0.2,0,38,saf-adaptive,0.614000,0.669371
E8,0.2,1.0,0,0.1,0.0,0.2,0,39,random,0.563000,0.495992
E8,0.2,1.0,0,0.1,0.0,0.2,0,39,round-robin,0.564500,0.502004
E8,0.2,1.0,0,0.1,0.0,0.2,0,39,oracle,0.688750,1.000000
E8,0.2,1.0,0,0.1,0.0,0.2,0,39,snr-greedy,0.572750,0.535070
E8,0.2,1.0,0,0.1,0.0,0.2,0,39,snr-greedy-loss,0.583000,0.576152
E8,0.2,1.0,0,0.1,0.0,0.2,0,39,snr-mean,0.592750,0.615230
E8,0.2,1.0,0,0.1,0.0,0.2,0,39,belief,0.574000,0.540080
E8,0.2,1.0,0,0.1,0.0,0.2,0,39,belief-pred,0.599000,0.640281
E8,0.2,1.0,0,0.1,0.0,0.2,0,39,ewma,0.582000,0.572144
E8,0.2,1.0,0,0.1,0.0,0.2,0,39,blend-paper,0.596500,0.630261
E8,0.2,1.0,0,0.1,0.0,0.2,0,39,saf-adaptive,0.600750,0.647295
E8,0.2,1.0,0,0.1,0.0,0.2,0,40,random,0.562250,0.533804
E8,0.2,1.0,0,0.1,0.0,0.2,0,40,round-robin,0.554500,0.502523
E8,0.2,1.0,0,0.1,0.0,0.2,0,40,oracle,0.677750,1.000000
E8,0.2,1.0,0,0.1,0.0,0.2,0,40,snr-greedy,0.560500,0.526741
E8,0.2,1.0,0,0.1,0.0,0.2,0,40,snr-greedy-loss,0.568000,0.557013
E8,0.2,1.0,0,0.1,0.0,0.2,0,40,snr-mean,0.551000,0.488396
E8,0.2,1.0,0,0.1,0.0,0.2,0,40,belief,0.564750,0.543895
E8,0.2,1.0,0,0.1,0.0,0.2,0,40,belief-pred,0.561250,0.529768
E8,0.2,1.0,0,0.1,0.0,0.2,0,40,ewma,0.571250,0.570131
E8,0.2,1.0,0,0.1,0.0,0.2,0,40,blend-paper,0.581750,0.612513
E8,0.2,1.0,0,0.1,0.0,0.2,0,40,saf-adaptive,0.567000,0.552977
E8,0.2,1.0,0,0.1,0.0,0.2,0,41,random,0.553500,0.473738
E8,0.2,1.0,0,0.1,0.0,0.2,0,41,round-robin,0.559000,0.496395
E8,0.2,1.0,0,0.1,0.0,0.2,0,41,oracle,0.681250,1.000000
E8,0.2,1.0,0,0.1,0.0,0.2,0,41,snr-greedy,0.576500,0.568486
E8,0.2,1.0,0,0.1,0.0,0.2,0,41,snr-greedy-loss,0.579250,0.579815
E8,0.2,1.0,0,0.1,0.0,0.2,0,41,snr-mean,0.586750,0.610711
E8,0.2,1.0,0,0.1,0.0,0.2,0,41,belief,0.579000,0.578785
E8,0.2,1.0,0,0.1,0.0,0.2,0,41,belief-pred,0.601750,0.672503
E8,0.2,1.0,0,0.1,0.0,0.2,0,41,ewma,0.580500,0.584964
E8,0.2,1.0,0,0.1,0.0,0.2,0,41,blend-paper,0.574750,0.561277
E8,0.2,1.0,0,0.1,0.0,0.2,0,41,saf-adaptive,0.603250,0.678682
E8,0.2,1.0,0,0.1,0.0,0.2,0,42,random,0.552500,0.510978
E8,0.2,1.0,0,0.1,0.0,0.2,0,42,round-robin,0.546750,0.488024
E8,0.2,1.0,0,0.1,0.0,0.2,0,42,oracle,0.675000,1.000000
E8,0.2,1.0,0,0.1,0.0,0.2,0,42,snr-greedy,0.567250,0.569860
E8,0.2,1.0,0,0.1,0.0,0.2,0,42,snr-greedy-loss,0.589000,0.656687
E8,0.2,1.0,0,0.1,0.0,0.2,0,42,snr-mean,0.564750,0.559880
E8,0.2,1.0,0,0.1,0.0,0.2,0,42,belief,0.577250,0.609780
E8,0.2,1.0,0,0.1,0.0,0.2,0,42,belief-pred,0.593000,0.672655
E8,0.2,1.0,0,0.1,0.0,0.2,0,42,ewma,0.583750,0.635729
E8,0.2,1.0,0,0.1,0.0,0.2,0,42,blend-paper,0.578000,0.612774
E8,0.2,1.0,0,0.1,0.0,0.2,0,42,saf-adaptive,0.598000,0.692615
E8,0.2,1.0,0,0.1,0.0,0.2,0,43,random,0.562750,0.506694
E8,0.2,1.0,0,0.1,0.0,0.2,0,43,round-robin,0.561000,0.499485
E8,0.2,1.0,0,0.1,0.0,0.2,0,43,oracle,0.682500,1.000000
E8,0.2,1.0,0,0.1,0.0,0.2,0,43,snr-greedy,0.585500,0.600412
E8,0.2,1.0,0,0.1,0.0,0.2,0,43,snr-greedy-loss,0.590500,0.621009
E8,0.2,1.0,0,0.1,0.0,0.2,0,43,snr-mean,0.574250,0.554068
E8,0.2,1.0,0,0.1,0.0,0.2,0,43,belief,0.591250,0.624099
E8,0.2,1.0,0,0.1,0.0,0.2,0,43,belief-pred,0.591750,0.626159
E8,0.2,1.0,0,0.1,0.0,0.2,0,43,ewma,0.571500,0.542739
E8,0.2,1.0,0,0.1,0.0,0.2,0,43,blend-paper,0.581750,0.584964
E8,0.2,1.0,0,0.1,0.0,0.2,0,43,saf-adaptive,0.594250,0.636457
E8,0.2,1.0,0,0.1,0.0,0.2,0,44,random,0.566750,0.501577
E8,0.2,1.0,0,0.1,0.0,0.2,0,44,round-robin,0.569500,0.513144
E8,0.2,1.0,0,0.1,0.0,0.2,0,44,oracle,0.685250,1.000000
E8,0.2,1.0,0,0.1,0.0,0.2,0,44,snr-greedy,0.584500,0.576236
E8,0.2,1.0,0,0.1,0.0,0.2,0,44,snr-greedy-loss,0.594000,0.616193
E8,0.2,1.0,0,0.1,0.0,0.2,0,44,snr-mean,0.589750,0.598318
E8,0.2,1.0,0,0.1,0.0,0.2,0,44,belief,0.596750,0.627760
E8,0.2,1.0,0,0.1,0.0,0.2,0,44,belief-pred,0.609250,0.680336
E8,0.2,1.0,0,0.1,0.0,0.2,0,44,ewma,0.589750,0.598318
E8,0.2,1.0,0,0.1,0.0,0.2,0,44,blend-paper,0.598000,0.633018
E8,0.2,1.0,0,0.1,0.0,0.2,0,44,saf-adaptive,0.609750,0.682440
E8,0.2,1.0,0,0.1,0.0,0.2,0,45,random,0.558250,0.508565
E8,0.2,1.0,0,0.1,0.0,0.2,0,45,round-robin,0.557000,0.503212
E8,0.2,1.0,0,0.1,0.0,0.2,0,45,oracle,0.673000,1.000000
E8,0.2,1.0,0,0.1,0.0,0.2,0,45,snr-greedy,0.574750,0.579229
E8,0.2,1.0,0,0.1,0.0,0.2,0,45,snr-greedy-loss,0.577250,0.589936
E8,0.2,1.0,0,0.1,0.0,0.2,0,45,snr-mean,0.583750,0.617773
E8,0.2,1.0,0,0.1,0.0,0.2,0,45,belief,0.576500,0.586724
E8,0.2,1.0,0,0.1,0.0,0.2,0,45,belief-pred,0.596000,0.670236
E8,0.2,1.0,0,0.1,0.0,0.2,0,45,ewma,0.579000,0.597430
E8,0.2,1.0,0,0.1,0.0,0.2,0,45,blend-paper,0.573750,0.574946
E8,0.2,1.0,0,0.1,0.0,0.2,0,45,saf-adaptive,0.598250,0.679872
E8,0.2,1.0,0,0.1,0.0,0.2,0,46,random,0.560000,0.504124
E8,0.2,1.0,0,0.1,0.0,0.2,0,46,round-robin,0.557500,0.493814
E8,0.2,1.0,0,0.1,0.0,0.2,0,46,oracle,0.680250,1.000000
E8,0.2,1.0,0,0.1,0.0,0.2,0,46,snr-greedy,0.586750,0.614433
E8,0.2,1.0,0,0.1,0.0,0.2,0,46,snr-greedy-loss,0.590500,0.629897
E8,0.2,1.0,0,0.1,0.0,0.2,0,46,snr-mean,0.586500,0.613402
E8,0.2,1.0,0,0.1,0.0,0.2,0,46,belief,0.583500,0.601031
E8,0.2,1.0,0,0.1,0.0,0.2,0,46,belief-pred,0.599750,0.668041
E8,0.2,1.0,0,0.1,0.0,0.2,0,46,ewma,0.570500,0.547423
E8,0.2,1.0,0,0.1,0.0,0.2,0,46,blend-paper,0.583000,0.598969
E8,0.2,1.0,0,0.1,0.0,0.2,0,46,saf-adaptive,0.598500,0.662887
E8,0.2,1.0,0,0.1,0.0,0.2,0,47,random,0.565500,0.503992
E8,0.2,1.0,0,0.1,0.0,0.2,0,47,round-robin,0.566500,0.507984
E8,0.2,1.0,0,0.1,0.0,0.2,0,47,oracle,0.689750,1.000000
E8,0.2,1.0,0,0.1,0.0,0.2,0,47,snr-greedy,0.586500,0.587824
E8,0.2,1.0,0,0.1,0.0,0.2,0,47,snr-greedy-loss,0.587000,0.589820
E8,0.2,1.0,0,0.1,0.0,0.2,0,47,snr-mean,0.600250,0.642715
E8,0.2,1.0,0,0.1,0.0,0.2,0,47,belief,0.584500,0.579840
E8,0.2,1.0,0,0.1,0.0,0.2,0,47,belief-pred,0.604000,0.657685
E8,0.2,1.0,0,0.1,0.0,0.2,0,47,ewma,0.582000,0.569860
E8,0.2,1.0,0,0.1,0.0,0.2,0,47,blend-paper,0.580500,0.563872
E8,0.2,1.0,0,0.1,0.0,0.2,0,47,saf-adaptive,0.605000,0.661677
E8,0.2,1.0,0,0.1,0.0,0.2,0,48,random,0.560750,0.504683
E8,0.2,1.0,0,0.1,0.0,0.2,0,48,round-robin,0.555500,0.482830
E8,0.2,1.0,0,0.1,0.0,0.2,0,48,oracle,0.679750,1.000000
E8,0.2,1.0,0,0.1,0.0,0.2,0,48,snr-greedy,0.586750,0.612903
E8,0.2,1.0,0,0.1,0.0,0.2,0,48,snr-greedy-loss,0.590500,0.628512
E8,0.2,1.0,0,0.1,0.0,0.2,0,48,snr-mean,0.576750,0.571280
E8,0.2,1.0,0,0.1,0.0,0.2,0,48,belief,0.588500,0.620187
E8,0.2,1.0,0,0.1,0.0,0.2,0,48,belief-pred,0.599000,0.663892
E8,0.2,1.0,0,0.1,0.0,0.2,0,48,ewma,0.572000,0.551509
E8,0.2,1.0,0,0.1,0.0,0.2,0,48,blend-paper,0.574250,0.560874
E8,0.2,1.0,0,0.1,0.0,0.2,0,48,saf-adaptive,0.598250,0.660770
E8,0.2,1.0,0,0.1,0.0,0.2,0,49,random,0.561500,0.513402
E8,0.2,1.0,0,0.1,0.0,0.2,0,49,round-robin,0.561750,0.514433
E8,0.2,1.0,0,0.1,0.0,0.2,0,49,oracle,0.679500,1.000000
E8,0.2,1.0,0,0.1,0.0,0.2,0,49,snr-greedy,0.578250,0.582474
E8,0.2,1.0,0,0.1,0.0,0.2,0,49,snr-greedy-loss,0.584500,0.608247
E8,0.2,1.0,0,0.1,0.0,0.2,0,49,snr-mean,0.586500,0.616495
E8,0.2,1.0,0,0.1,0.0,0.2,0,49,belief,0.590500,0.632990
E8,0.2,1.0,0,0.1,0.0,0.2,0,49,belief-pred,0.594750,0.650515
E8,0.2,1.0,0,0.1,0.0,0.2,0,49,ewma,0.575750,0.572165
E8,0.2,1.0,0,0.1,0.0,0.2,0,49,blend-paper,0.577250,0.578351
E8,0.2,1.0,0,0.1,0.0,0.2,0,49,saf-adaptive,0.595000,0.651546
E9,0.2,1.0,0,1.0,0.0,0.2,0,0,random,0.560000,0.493952
E9,0.2,1.0,0,1.0,0.0,0.2,0,0,round-robin,0.559500,0.491935
E9,0.2,1.0,0,1.0,0.0,0.2,0,0,oracle,0.685500,1.000000
E9,0.2,1.0,0,1.0,0.0,0.2,0,0,snr-greedy,0.637000,0.804435
E9,0.2,1.0,0,1.0,0.0,0.2,0,0,snr-greedy-loss,0.673500,0.951613
E9,0.2,1.0,0,1.0,0.0,0.2,0,0,snr-mean,0.619750,0.734879
E9,0.2,1.0,0,1.0,0.0,0.2,0,0,belief,0.679500,0.975806
E9,0.2,1.0,0,1.0,0.0,0.2,0,0,belief-pred,0.679500,0.975806
E9,0.2,1.0,0,1.0,0.0,0.2,0,0,ewma,0.600750,0.658266
E9,0.2,1.0,0,1.0,0.0,0.2,0,0,blend-paper,0.620000,0.735887
E9,0.2,1.0,0,1.0,0.0,0.2,0,0,saf-adaptive,0.679500,0.975806
E9,0.2,1.0,0,1.0,0.0,0.2,0,0,belief-matched,0.679500,0.975806
E9,0.2,1.0,0,1.0,0.0,0.2,0,1,random,0.565000,0.491919
E9,0.2,1.0,0,1.0,0.0,0.2,0,1,round-robin,0.567250,0.501010
E9,0.2,1.0,0,1.0,0.0,0.2,0,1,oracle,0.690750,1.000000
E9,0.2,1.0,0,1.0,0.0,0.2,0,1,snr-greedy,0.650500,0.837374
E9,0.2,1.0,0,1.0,0.0,0.2,0,1,snr-greedy-loss,0.682000,0.964646
E9,0.2,1.0,0,1.0,0.0,0.2,0,1,snr-mean,0.613000,0.685859
E9,0.2,1.0,0,1.0,0.0,0.2,0,1,belief,0.684750,0.975758
E9,0.2,1.0,0,1.0,0.0,0.2,0,1,belief-pred,0.684750,0.975758
E9,0.2,1.0,0,1.0,0.0,0.2,0,1,ewma,0.597750,0.624242
E9,0.2,1.0,0,1.0,0.0,0.2,0,1,blend-paper,0.620000,0.714141
E9,0.2,1.0,0,1.0,0.0,0.2,0,1,saf-adaptive,0.684750,0.975758
E9,0.2,1.0,0,1.0,0.0,0.2,0,1,belief-matched,0.684750,0.975758
E9,0.2,1.0,0,1.0,0.0,0.2,0,2,random,0.565750,0.522059
E9,0.2,1.0,0,1.0,0.0,0.2,0,2,round-robin,0.562000,0.506303
E9,0.2,1.0,0,1.0,0.0,0.2,0,2,oracle,0.679500,1.000000
E9,0.2,1.0,0,1.0,0.0,0.2,0,2,snr-greedy,0.639750,0.832983
E9,0.2,1.0,0,1.0,0.0,0.2,0,2,snr-greedy-loss,0.669000,0.955882
E9,0.2,1.0,0,1.0,0.0,0.2,0,2,snr-mean,0.618750,0.744748
E9,0.2,1.0,0,1.0,0.0,0.2,0,2,belief,0.673000,0.972689
E9,0.2,1.0,0,1.0,0.0,0.2,0,2,belief-pred,0.673000,0.972689
E9,0.2,1.0,0,1.0,0.0,0.2,0,2,ewma,0.597250,0.654412
E9,0.2,1.0,0,1.0,0.0,0.2,0,2,blend-paper,0.622500,0.760504
E9,0.2,1.0,0,1.0,0.0,0.2,0,2,saf-adaptive,0.673000,0.972689
E9,0.2,1.0,0,1.0,0.0,0.2,0,2,belief-matched,0.673000,0.972689
E9,0.2,1.0,0,1.0,0.0,0.2,0,3,random,0.544750,0.452703
E9,0.2,1.0,0,1.0,0.0,0.2,0,3,round-robin,0.560000,0.511583
E9,0.2,1.0,0,1.0,0.0,0.2,0,3,oracle,0.686500,1.000000
E9,0.2,1.0,0,1.0,0.0,0.2,0,3,snr-greedy,0.641750,0.827220
E9,0.2,1.0,0,1.0,0.0,0.2,0,3,snr-greedy-loss,0.673500,0.949807
E9,0.2,1.0,0,1.0,0.0,0.2,0,3,snr-mean,0.608500,0.698842
E9,0.2,1.0,0,1.0,0.0,0.2,0,3,belief,0.680750,0.977799
E9,0.2,1.0,0,1.0,0.0,0.2,0,3,belief-pred,0.680750,0.977799
E9,0.2,1.0,0,1.0,0.0,0.2,0,3,ewma,0.574250,0.566602
E9,0.2,1.0,0,1.0,0.0,0.2,0,3,blend-paper,0.620500,0.745174
E9,0.2,1.0,0,1.0,0.0,0.2,0,3,saf-adaptive,0.680750,0.977799
E9,0.2,1.0,0,1.0,0.0,0.2,0,3,belief-matched,0.680750,0.977799
E9,0.2,1.0,0,1.0,0.0,0.2,0,4,random,0.561000,0.510331
E9,0.2,1.0,0,1.0,0.0,0.2,0,4,round-robin,0.554750,0.484504
E9,0.2,1.0,0,1.0,0.0,0.2,0,4,oracle,0.679500,1.000000
E9,0.2,1.0,0,1.0,0.0,0.2,0,4,snr-greedy,0.636750,0.823347
E9,0.2,1.0,0,1.0,0.0,0.2,0,4,snr-greedy-loss,0.667000,0.948347
E9,0.2,1.0,0,1.0,0.0,0.2,0,4,snr-mean,0.602500,0.681818
E9,0.2,1.0,0,1.0,0.0,0.2,0,4,belief,0.673000,0.973140
E9,0.2,1.0,0,1.0,0.0,0.2,0,4,belief-pred,0.673000,0.973140
E9,0.2,1.0,0,1.0,0.0,0.2,0,4,ewma,0.566750,0.534091
E9,0.2,1.0,0,1.0,0.0,0.2,0,4,blend-paper,0.604250,0.689050
E9,0.2,1.0,0,1.0,0.0,0.2,0,4,saf-adaptive,0.673000,0.973140
E9,0.2,1.0,0,1.0,0.0,0.2,0,4,belief-matched,0.673000,0.973140
E9,0.2,1.0,0,1.0,0.0,0.2,0,5,random,0.563000,0.507128
E9,0.2,1.0,0,1.0,0.0,0.2,0,5,round-robin,0.560250,0.495927
E9,0.2,1.0,0,1.0,0.0,0.2,0,5,oracle,0.684000,1.000000
E9,0.2,1.0,0,1.0,0.0,0.2,0,5,snr-greedy,0.644250,0.838086
E9,0.2,1.0,0,1.0,0.0,0.2,0,5,snr-greedy-loss,0.674250,0.960285
E9,0.2,1.0,0,1.0,0.0,0.2,0,5,snr-mean,0.611750,0.705703
E9,0.2,1.0,0,1.0,0.0,0.2,0,5,belief,0.677250,0.972505
E9,0.2,1.0,0,1.0,0.0,0.2,0,5,belief-pred,0.677250,0.972505
E9,0.2,1.0,0,1.0,0.0,0.2,0,5,ewma,0.586000,0.600815
E9,0.2,1.0,0,1.0,0.0,0.2,0,5,blend-paper,0.624750,0.758656
E9,0.2,1.0,0,1.0,0.0,0.2,0,5,saf-adaptive,0.677250,0.972505
E9,0.2,1.0,0,1.0,0.0,0.2,0,5,belief-matched,0.677250,0.972505
E9,0.2,1.0,0,1.0,0.0,0.2,0,6,random,0.563250,0.525994
E9,0.2,1.0,0,1.0,0.0,0.2,0,6,round-robin,0.560750,0.515800
E9,0.2,1.0,0,1.0,0.0,0.2,0,6,oracle,0.679500,1.000000
E9,0.2,1.0,0,1.0,0.0,0.2,0,6,snr-greedy,0.641250,0.844037
E9,0.2,1.0,0,1.0,0.0,0.2,0,6,snr-greedy-loss,0.671000,0.965341
E9,0.2,1.0,0,1.0,0.0,0.2,0,6,snr-mean,0.601500,0.681957
E9,0.2,1.0,0,1.0,0.0,0.2,0,6,belief,0.673250,0.974516
E9,0.2,1.0,0,1.0,0.0,0.2,0,6,belief-pred,0.673250,0.974516
E9,0.2,1.0,0,1.0,0.0,0.2,0,6,ewma,0.559500,0.510703
E9,0.2,1.0,0,1.0,0.0,0.2,0,6,blend-paper,0.608500,0.710499
E9,0.2,1.0,0,1.0,0.0,0.2,0,6,saf-adaptive,0.673250,0.974516
E9,0.2,1.0,0,1.0,0.0,0.2,0,6,belief-matched,0.673250,0.974516
E9,0.2,1.0,0,1.0,0.0,0.2,0,7,random,0.568250,0.490066
E9,0.2,1.0,0,1.0,0.0,0.2,0,7,round-robin,0.572250,0.507726
E9,0.2,1.0,0,1.0,0.0,0.2,0,7,oracle,0.683750,1.000000
E9,0.2,1.0,0,1.0,0.0,0.2,0,7,snr-greedy,0.641000,0.811258
E9,0.2,1.0,0,1.0,0.0,0.2,0,7,snr-greedy-loss,0.676500,0.967991
E9,0.2,1.0,0,1.0,0.0,0.2,0,7,snr-mean,0.615500,0.698675
E9,0.2,1.0,0,1.0,0.0,0.2,0,7,belief,0.679750,0.982340
E9,0.2,1.0,0,1.0,0.0,0.2,0,7,belief-pred,0.679750,0.982340
E9,0.2,1.0,0,1.0,0.0,0.2,0,7,ewma,0.571500,0.504415
E9,0.2,1.0,0,1.0,0.0,0.2,0,7,blend-paper,0.621250,0.724062
E9,0.2,1.0,0,1.0,0.0,0.2,0,7,saf-adaptive,0.679750,0.982340
E9,0.2,1.0,0,1.0,0.0,0.2,0,7,belief-matched,0.679750,0.982340
E9,0.2,1.0,0,1.0,0.0,0.2,0,8,random,0.566750,0.480263
E9,0.2,1.0,0,1.0,0.0,0.2,0,8,round-robin,0.573500,0.509868
E9,0.2,1.0,0,1.0,0.0,0.2,0,8,oracle,0.685250,1.000000
E9,0.2,1.0,0,1.0,0.0,0.2,0,8,snr-greedy,0.642750,0.813596
E9,0.2,1.0,0,1.0,0.0,0.2,0,8,snr-greedy-loss,0.675250,0.956140
E9,0.2,1.0,0,1.0,0.0,0.2,0,8,snr-mean,0.606000,0.652412
E9,0.2,1.0,0,1.0,0.0,0.2,0,8,belief,0.679000,0.972588
E9,0.2,1.0,0,1.0,0.0,0.2,0,8,belief-pred,0.679000,0.972588
E9,0.2,1.0,0,1.0,0.0,0.2,0,8,ewma,0.599250,0.622807
E9,0.2,1.0,0,1.0,0.0,0.2,0,8,blend-paper,0.623750,0.730263
E9,0.2,1.0,0,1.0,0.0,0.2,0,8,saf-adaptive,0.679000,0.972588
E9,0.2,1.0,0,1.0,0.0,0.2,0,8,belief-matched,0.679000,0.972588
E9,0.2,1.0,0,1.0,0.0,0.2,0,9,random,0.567250,0.526474
E9,0.2,1.0,0,1.0,0.0,0.2,0,9,round-robin,0.561250,0.502498
E9,0.2,1.0,0,1.0,0.0,0.2,0,9,oracle,0.685750,1.000000
E9,0.2,1.0,0,1.0,0.0,0.2,0,9,snr-greedy,0.650750,0.860140
E9,0.2,1.0,0,1.0,0.0,0.2,0,9,snr-greedy-loss,0.678250,0.970030
E9,0.2,1.0,0,1.0,0.0,0.2,0,9,snr-mean,0.610000,0.697303
E9,0.2,1.0,0,1.0,0.0,0.2,0,9,belief,0.681250,0.982018
E9,0.2,1.0,0,1.0,0.0,0.2,0,9,belief-pred,0.681250,0.982018
E9,0.2,1.0,0,1.0,0.0,0.2,0,9,ewma,0.585000,0.597403
E9,0.2,1.0,0,1.0,0.0,0.2,0,9,blend-paper,0.626500,0.763237
E9,0.2,1.0,0,1.0,0.0,0.2,0,9,saf-adaptive,0.681250,0.982018
E9,0.2,1.0,0,1.0,0.0,0.2,0,9,belief-matched,0.681250,0.982018
E9,0.2,1.0,0,1.0,0.0,0.2,0,10,random,0.556000,0.489858
E9,0.2,1.0,0,1.0,0.0,0.2,0,10,round-robin,0.557500,0.495943
E9,0.2,1.0,0,1.0,0.0,0.2,0,10,oracle,0.681750,1.000000
E9,0.2,1.0,0,1.0,0.0,0.2,0,10,snr-greedy,0.639750,0.829615
E9,0.2,1.0,0,1.0,0.0,0.2,0,10,snr-greedy-loss,0.670750,0.955375
E9,0.2,1.0,0,1.0,0.0,0.2,0,10,snr-mean,0.612250,0.718053
E9,0.2,1.0,0,1.0,0.0,0.2,0,10,belief,0.676000,0.976673
E9,0.2,1.0,0,1.0,0.0,0.2,0,10,belief-pred,0.676000,0.976673
E9,0.2,1.0,0,1.0,0.0,0.2,0,10,ewma,0.572500,0.556795
E9,0.2,1.0,0,1.0,0.0,0.2,0,10,blend-paper,0.612250,0.718053
E9,0.2,1.0,0,1.0,0.0,0.2,0,10,saf-adaptive,0.675750,0.975659
E9,0.2,1.0,0,1.0,0.0,0.2,0,10,belief-matched,0.676000,0.976673
E9,0.2,1.0,0,1.0,0.0,0.2,0,11,random,0.565000,0.507821
E9,0.2,1.0,0,1.0,0.0,0.2,0,11,round-robin,0.564500,0.505735
E9,0.2,1.0,0,1.0,0.0,0.2,0,11,oracle,0.683000,1.000000
E9,0.2,1.0,0,1.0,0.0,0.2,0,11,snr-greedy,0.643250,0.834202
E9,0.2,1.0,0,1.0,0.0,0.2,0,11,snr-greedy-loss,0.674750,0.965589
E9,0.2,1.0,0,1.0,0.0,0.2,0,11,snr-mean,0.605250,0.675704
E9,0.2,1.0,0,1.0,0.0,0.2,0,11,belief,0.677000,0.974974
E9,0.2,1.0,0,1.0,0.0,0.2,0,11,belief-pred,0.677000,0.974974
E9,0.2,1.0,0,1.0,0.0,0.2,0,11,ewma,0.574000,0.545360
E9,0.2,1.0,0,1.0,0.0,0.2,0,11,blend-paper,0.611250,0.700730
E9,0.2,1.0,0,1.0,0.0,0.2,0,11,saf-adaptive,0.677000,0.974974
E9,0.2,1.0,0,1.0,0.0,0.2,0,11,belief-matched,0.677000,0.974974
E9,0.2,1.0,0,1.0,0.0,0.2,0,12,random,0.566500,0.502533
E9,0.2,1.0,0,1.0,0.0,0.2,0,12,round-robin,0.561250,0.481256
E9,0.2,1.0,0,1.0,0.0,0.2,0,12,oracle,0.689250,1.000000
E9,0.2,1.0,0,1.0,0.0,0.2,0,12,snr-greedy,0.648250,0.833840
E9,0.2,1.0,0,1.0,0.0,0.2,0,12,snr-greedy-loss,0.678250,0.955420
E9,0.2,1.0,0,1.0,0.0,0.2,0,12,snr-mean,0.619250,0.716312
E9,0.2,1.0,0,1.0,0.0,0.2,0,12,belief,0.683250,0.975684
E9,0.2,1.0,0,1.0,0.0,0.2,0,12,belief-pred,0.683250,0.975684
E9,0.2,1.0,0,1.0,0.0,0.2,0,12,ewma,0.584750,0.576494
E9,0.2,1.0,0,1.0,0.0,0.2,0,12,blend-paper,0.624500,0.737589
E9,0.2,1.0,0,1.0,0.0,0.2,0,12,saf-adaptive,0.683250,0.975684
E9,0.2,1.0,0,1.0,0.0,0.2,0,12,belief-matched,0.683250,0.975684
E9,0.2,1.0,0,1.0,0.0,0.2,0,13,random,0.554250,0.483087
E9,0.2,1.0,0,1.0,0.0,0.2,0,13,round-robin,0.562250,0.516913
E9,0.2,1.0,0,1.0,0.0,0.2,0,13,oracle,0.676500,1.000000
E9,0.2,1.0,0,1.0,0.0,0.2,0,13,snr-greedy,0.634750,0.823467
E9,0.2,1.0,0,1.0,0.0,0.2,0,13,snr-greedy-loss,0.667500,0.961945
E9,0.2,1.0,0,1.0,0.0,0.2,0,13,snr-mean,0.603500,0.691332
E9,0.2,1.0,0,1.0,0.0,0.2,0,13,belief,0.671000,0.976744
E9,0.2,1.0,0,1.0,0.0,0.2,0,13,belief-pred,0.671000,0.976744
E9,0.2,1.0,0,1.0,0.0,0.2,0,13,ewma,0.581000,0.596195
E9,0.2,1.0,0,1.0,0.0,0.2,0,13,blend-paper,0.615750,0.743129
E9,0.2,1.0,0,1.0,0.0,0.2,0,13,saf-adaptive,0.671000,0.976744
E9,0.2,1.0,0,1.0,0.0,0.2,0,13,belief-matched,0.671000,0.976744
E9,0.2,1.0,0,1.0,0.0,0.2,0,14,random,0.575500,0.500000
E9,0.2,1.0,0,1.0,0.0,0.2,0,14,round-robin,0.573250,0.490506
E9,0.2,1.0,0,1.0,0.0,0.2,0,14,oracle,0.694000,1.000000
E9,0.2,1.0,0,1.0,0.0,0.2,0,14,snr-greedy,0.654500,0.833333
E9,0.2,1.0,0,1.0,0.0,0.2,0,14,snr-greedy-loss,0.684750,0.960970
E9,0.2,1.0,0,1.0,0.0,0.2,0,14,snr-mean,0.624750,0.707806
E9,0.2,1.0,0,1.0,0.0,0.2,0,14,belief,0.689000,0.978903
E9,0.2,1.0,0,1.0,0.0,0.2,0,14,belief-pred,0.689000,0.978903
E9,0.2,1.0,0,1.0,0.0,0.2,0,14,ewma,0.600750,0.606540
E9,0.2,1.0,0,1.0,0.0,0.2,0,14,blend-paper,0.639250,0.768987
E9,0.2,1.0,0,1.0,0.0,0.2,0,14,saf-adaptive,0.689000,0.978903
E9,0.2,1.0,0,1.0,0.0,0.2,0,14,belief-matched,0.689000,0.978903
E9,0.2,1.0,0,1.0,0.0,0.2,0,15,random,0.554000,0.485963
E9,0.2,1.0,0,1.0,0.0,0.2,0,15,round-robin,0.555750,0.492740
E9,0.2,1.0,0,1.0,0.0,0.2,0,15,oracle,0.686750,1.000000
E9,0.2,1.0,0,1.0,0.0,0.2,0,15,snr-greedy,0.643750,0.833495
E9,0.2,1.0,0,1.0,0.0,0.2,0,15,snr-greedy-loss,0.674000,0.950629
E9,0.2,1.0,0,1.0,0.0,0.2,0,15,snr-mean,0.618750,0.736689
E9,0.2,1.0,0,1.0,0.0,0.2,0,15,belief,0.680750,0.976767
E9,0.2,1.0,0,1.0,0.0,0.2,0,15,belief-pred,0.680750,0.976767
E9,0.2,1.0,0,1.0,0.0,0.2,0,15,ewma,0.582250,0.595353
E9,0.2,1.0,0,1.0,0.0,0.2,0,15,blend-paper,0.610500,0.704743
E9,0.2,1.0,0,1.0,0.0,0.2,0,15,saf-adaptive,0.680750,0.976767
E9,0.2,1.0,0,1.0,0.0,0.2,0,15,belief-matched,0.680750,0.976767
E9,0.2,1.0,0,1.0,0.0,0.2,0,16,random,0.556500,0.482795
E9,0.2,1.0,0,1.0,0.0,0.2,0,16,round-robin,0.559250,0.494265
E9,0.2,1.0,0,1.0,0.0,0.2,0,16,oracle,0.680500,1.000000
E9,0.2,1.0,0,1.0,0.0,0.2,0,16,snr-greedy,0.640750,0.834202
E9,0.2,1.0,0,1.0,0.0,0.2,0,16,snr-greedy-loss,0.673000,0.968717
E9,0.2,1.0,0,1.0,0.0,0.2,0,16,snr-mean,0.599500,0.662148
E9,0.2,1.0,0,1.0,0.0,0.2,0,16,belief,0.675250,0.978102
E9,0.2,1.0,0,1.0,0.0,0.2,0,16,belief-pred,0.675250,0.978102
E9,0.2,1.0,0,1.0,0.0,0.2,0,16,ewma,0.576000,0.564129
E9,0.2,1.0,0,1.0,0.0,0.2,0,16,blend-paper,0.610750,0.709072
E9,0.2,1.0,0,1.0,0.0,0.2,0,16,saf-adaptive,0.675250,0.978102
E9,0.2,1.0,0,1.0,0.0,0.2,0,16,belief-matched,0.675250,0.978102
E9,0.2,1.0,0,1.0,0.0,0.2,0,17,random,0.567000,0.509414
E9,0.2,1.0,0,1.0,0.0,0.2,0,17,round-robin,0.566000,0.505230
E9,0.2,1.0,0,1.0,0.0,0.2,0,17,oracle,0.684250,1.000000
E9,0.2,1.0,0,1.0,0.0,0.2,0,17,snr-greedy,0.645500,0.837866
E9,0.2,1.0,0,1.0,0.0,0.2,0,17,snr-greedy-loss,0.672250,0.949791
E9,0.2,1.0,0,1.0,0.0,0.2,0,17,snr-mean,0.615750,0.713389
E9,0.2,1.0,0,1.0,0.0,0.2,0,17,belief,0.677500,0.971757
E9,0.2,1.0,0,1.0,0.0,0.2,0,17,belief-pred,0.677500,0.971757
E9,0.2,1.0,0,1.0,0.0,0.2,0,17,ewma,0.584500,0.582636
E9,0.2,1.0,0,1.0,0.0,0.2,0,17,blend-paper,0.615250,0.711297
E9,0.2,1.0,0,1.0,0.0,0.2,0,17,saf-adaptive,0.677500,0.971757
E9,0.2,1.0,0,1.0,0.0,0.2,0,17,belief-matched,0.677500,0.971757
E9,0.2,1.0,0,1.0,0.0,0.2,0,18,random,0.544750,0.466229
E9,0.2,1.0,0,1.0,0.0,0.2,0,18,round-robin,0.554250,0.501876
E9,0.2,1.0,0,1.0,0.0,0.2,0,18,oracle,0.687000,1.000000
E9,0.2,1.0,0,1.0,0.0,0.2,0,18,snr-greedy,0.647750,0.852720
E9,0.2,1.0,0,1.0,0.0,0.2,0,18,snr-greedy-loss,0.675250,0.955910
E9,0.2,1.0,0,1.0,0.0,0.2,0,18,snr-mean,0.616000,0.733583
E9,0.2,1.0,0,1.0,0.0,0.2,0,18,belief,0.681000,0.977486
E9,0.2,1.0,0,1.0,0.0,0.2,0,18,belief-pred,0.681000,0.977486
E9,0.2,1.0,0,1.0,0.0,0.2,0,18,ewma,0.586500,0.622889
E9,0.2,1.0,0,1.0,0.0,0.2,0,18,blend-paper,0.620750,0.751407
E9,0.2,1.0,0,1.0,0.0,0.2,0,18,saf-adaptive,0.681000,0.977486
E9,0.2,1.0,0,1.0,0.0,0.2,0,18,belief-matched,0.681000,0.977486
E9,0.2,1.0,0,1.0,0.0,0.2,0,19,random,0.558750,0.496970
E9,0.2,1.0,0,1.0,0.0,0.2,0,19,round-robin,0.558000,0.493939
E9,0.2,1.0,0,1.0,0.0,0.2,0,19,oracle,0.683250,1.000000
E9,0.2,1.0,0,1.0,0.0,0.2,0,19,snr-greedy,0.642250,0.834343
E9,0.2,1.0,0,1.0,0.0,0.2,0,19,snr-greedy-loss,0.671750,0.953535
E9,0.2,1.0,0,1.0,0.0,0.2,0,19,snr-mean,0.608750,0.698990
E9,0.2,1.0,0,1.0,0.0,0.2,0,19,belief,0.676500,0.972727
E9,0.2,1.0,0,1.0,0.0,0.2,0,19,belief-pred,0.676500,0.972727
E9,0.2,1.0,0,1.0,0.0,0.2,0,19,ewma,0.565500,0.524242
E9,0.2,1.0,0,1.0,0.0,0.2,0,19,blend-paper,0.609250,0.701010
E9,0.2,1.0,0,1.0,0.0,0.2,0,19,saf-adaptive,0.676500,0.972727
E9,0.2,1.0,0,1.0,0.0,0.2,0,19,belief-matched,0.676500,0.972727
E9,0.2,1.0,0,1.0,0.0,0.2,0,20,random,0.563000,0.501010
E9,0.2,1.0,0,1.0,0.0,0.2,0,20,round-robin,0.566500,0.515152
E9,0.2,1.0,0,1.0,0.0,0.2,0,20,oracle,0.686500,1.000000
E9,0.2,1.0,0,1.0,0.0,0.2,0,20,snr-greedy,0.646500,0.838384
E9,0.2,1.0,0,1.0,0.0,0.2,0,20,snr-greedy-loss,0.674000,0.949495
E9,0.2,1.0,0,1.0,0.0,0.2,0,20,snr-mean,0.607250,0.679798
E9,0.2,1.0,0,1.0,0.0,0.2,0,20,belief,0.678500,0.967677
E9,0.2,1.0,0,1.0,0.0,0.2,0,20,belief-pred,0.678500,0.967677
E9,0.2,1.0,0,1.0,0.0,0.2,0,20,ewma,0.578500,0.563636
E9,0.2,1.0,0,1.0,0.0,0.2,0,20,blend-paper,0.612750,0.702020
E9,0.2,1.0,0,1.0,0.0,0.2,0,20,saf-adaptive,0.678500,0.967677
E9,0.2,1.0,0,1.0,0.0,0.2,0,20,belief-matched,0.678500,0.967677
E9,0.2,1.0,0,1.0,0.0,0.2,0,21,random,0.557750,0.506931
E9,0.2,1.0,0,1.0,0.0,0.2,0,21,round-robin,0.557250,0.504950
E9,0.2,1.0,0,1.0,0.0,0.2,0,21,oracle,0.682250,1.000000
E9,0.2,1.0,0,1.0,0.0,0.2,0,21,snr-greedy,0.640000,0.832673
E9,0.2,1.0,0,1.0,0.0,0.2,0,21,snr-greedy-loss,0.673500,0.965347
E9,0.2,1.0,0,1.0,0.0,0.2,0,21,snr-mean,0.594000,0.650495
E9,0.2,1.0,0,1.0,0.0,0.2,0,21,belief,0.677000,0.979208
E9,0.2,1.0,0,1.0,0.0,0.2,0,21,belief-pred,0.677000,0.979208
E9,0.2,1.0,0,1.0,0.0,0.2,0,21,ewma,0.574250,0.572277
E9,0.2,1.0,0,1.0,0.0,0.2,0,21,blend-paper,0.611000,0.717822
E9,0.2,1.0,0,1.0,0.0,0.2,0,21,saf-adaptive,0.677000,0.979208
E9,0.2,1.0,0,1.0,0.0,0.2,0,21,belief-matched,0.677000,0.979208
E9,0.2,1.0,0,1.0,0.0,0.2,0,22,random,0.567750,0.486911
E9,0.2,1.0,0,1.0,0.0,0.2,0,22,round-robin,0.567500,0.485864
E9,0.2,1.0,0,1.0,0.0,0.2,0,22,oracle,0.690250,1.000000
E9,0.2,1.0,0,1.0,0.0,0.2,0,22,snr-greedy,0.657000,0.860733
E9,0.2,1.0,0,1.0,0.0,0.2,0,22,snr-greedy-loss,0.680500,0.959162
E9,0.2,1.0,0,1.0,0.0,0.2,0,22,snr-mean,0.608250,0.656545
E9,0.2,1.0,0,1.0,0.0,0.2,0,22,belief,0.685500,0.980105
E9,0.2,1.0,0,1.0,0.0,0.2,0,22,belief-pred,0.685500,0.980105
E9,0.2,1.0,0,1.0,0.0,0.2,0,22,ewma,0.594250,0.597906
E9,0.2,1.0,0,1.0,0.0,0.2,0,22,blend-paper,0.628250,0.740314
E9,0.2,1.0,0,1.0,0.0,0.2,0,22,saf-adaptive,0.685500,0.980105
E9,0.2,1.0,0,1.0,0.0,0.2,0,22,belief-matched,0.685500,0.980105
E9,0.2,1.0,0,1.0,0.0,0.2,0,23,random,0.558000,0.492739
E9,0.2,1.0,0,1.0,0.0,0.2,0,23,round-robin,0.556000,0.484440
E9,0.2,1.0,0,1.0,0.0,0.2,0,23,oracle,0.680250,1.000000
E9,0.2,1.0,0,1.0,0.0,0.2,0,23,snr-greedy,0.636500,0.818465
E9,0.2,1.0,0,1.0,0.0,0.2,0,23,snr-greedy-loss,0.667000,0.945021
E9,0.2,1.0,0,1.0,0.0,0.2,0,23,snr-mean,0.605750,0.690871
E9,0.2,1.0,0,1.0,0.0,0.2,0,23,belief,0.672500,0.967842
E9,0.2,1.0,0,1.0,0.0,0.2,0,23,belief-pred,0.672500,0.967842
E9,0.2,1.0,0,1.0,0.0,0.2,0,23,ewma,0.579750,0.582988
E9,0.2,1.0,0,1.0,0.0,0.2,0,23,blend-paper,0.618000,0.741701
E9,0.2,1.0,0,1.0,0.0,0.2,0,23,saf-adaptive,0.672500,0.967842
E9,0.2,1.0,0,1.0,0.0,0.2,0,23,belief-matched,0.672500,0.967842
E9,0.2,1.0,0,1.0,0.0,0.2,0,24,random,0.554500,0.492110
E9,0.2,1.0,0,1.0,0.0,0.2,0,24,round-robin,0.553750,0.489152
E9,0.2,1.0,0,1.0,0.0,0.2,0,24,oracle,0.683250,1.000000
E9,0.2,1.0,0,1.0,0.0,0.2,0,24,snr-greedy,0.637500,0.819527
E9,0.2,1.0,0,1.0,0.0,0.2,0,24,snr-greedy-loss,0.673500,0.961538
E9,0.2,1.0,0,1.0,0.0,0.2,0,24,snr-mean,0.606000,0.695266
E9,0.2,1.0,0,1.0,0.0,0.2,0,24,belief,0.677500,0.977318
E9,0.2,1.0,0,1.0,0.0,0.2,0,24,belief-pred,0.677500,0.977318
E9,0.2,1.0,0,1.0,0.0,0.2,0,24,ewma,0.585000,0.612426
E9,0.2,1.0,0,1.0,0.0,0.2,0,24,blend-paper,0.607500,0.701183
E9,0.2,1.0,0,1.0,0.0,0.2,0,24,saf-adaptive,0.677500,0.977318
E9,0.2,1.0,0,1.0,0.0,0.2,0,24,belief-matched,0.677500,0.977318
E9,0.2,1.0,0,1.0,0.0,0.2,0,25,random,0.559500,0.489861
E9,0.2,1.0,0,1.0,0.0,0.2,0,25,round-robin,0.560500,0.494130
E9,0.2,1.0,0,1.0,0.0,0.2,0,25,oracle,0.679000,1.000000
E9,0.2,1.0,0,1.0,0.0,0.2,0,25,snr-greedy,0.635500,0.814301
E9,0.2,1.0,0,1.0,0.0,0.2,0,25,snr-greedy-loss,0.668500,0.955176
E9,0.2,1.0,0,1.0,0.0,0.2,0,25,snr-mean,0.603750,0.678762
E9,0.2,1.0,0,1.0,0.0,0.2,0,25,belief,0.674000,0.978655
E9,0.2,1.0,0,1.0,0.0,0.2,0,25,belief-pred,0.674000,0.978655
E9,0.2,1.0,0,1.0,0.0,0.2,0,25,ewma,0.576750,0.563501
E9,0.2,1.0,0,1.0,0.0,0.2,0,25,blend-paper,0.613750,0.721451
E9,0.2,1.0,0,1.0,0.0,0.2,0,25,saf-adaptive,0.674000,0.978655
E9,0.2,1.0,0,1.0,0.0,0.2,0,25,belief-matched,0.674000,0.978655
E9,0.2,1.0,0,1.0,0.0,0.2,0,26,random,0.571000,0.514940
E9,0.2,1.0,0,1.0,0.0,0.2,0,26,round-robin,0.570750,0.513944
E9,0.2,1.0,0,1.0,0.0,0.2,0,26,oracle,0.692750,1.000000
E9,0.2,1.0,0,1.0,0.0,0.2,0,26,snr-greedy,0.650500,0.831673
E9,0.2,1.0,0,1.0,0.0,0.2,0,26,snr-greedy-loss,0.679500,0.947211
E9,0.2,1.0,0,1.0,0.0,0.2,0,26,snr-mean,0.619000,0.706175
E9,0.2,1.0,0,1.0,0.0,0.2,0,26,belief,0.687000,0.977092
E9,0.2,1.0,0,1.0,0.0,0.2,0,26,belief-pred,0.687000,0.977092
E9,0.2,1.0,0,1.0,0.0,0.2,0,26,ewma,0.594000,0.606574
E9,0.2,1.0,0,1.0,0.0,0.2,0,26,blend-paper,0.616250,0.695219
E9,0.2,1.0,0,1.0,0.0,0.2,0,26,saf-adaptive,0.687000,0.977092
E9,0.2,1.0,0,1.0,0.0,0.2,0,26,belief-matched,0.687000,0.977092
E9,0.2,1.0,0,1.0,0.0,0.2,0,27,random,0.560000,0.494461
E9,0.2,1.0,0,1.0,0.0,0.2,0,27,round-robin,0.561500,0.500504
E9,0.2,1.0,0,1.0,0.0,0.2,0,27,oracle,0.685500,1.000000
E9,0.2,1.0,0,1.0,0.0,0.2,0,27,snr-greedy,0.636750,0.803625
E9,0.2,1.0,0,1.0,0.0,0.2,0,27,snr-greedy-loss,0.675000,0.957704
E9,0.2,1.0,0,1.0,0.0,0.2,0,27,snr-mean,0.607750,0.686808
E9,0.2,1.0,0,1.0,0.0,0.2,0,27,belief,0.679250,0.974824
E9,0.2,1.0,0,1.0,0.0,0.2,0,27,belief-pred,0.679250,0.974824
E9,0.2,1.0,0,1.0,0.0,0.2,0,27,ewma,0.587250,0.604230
E9,0.2,1.0,0,1.0,0.0,0.2,0,27,blend-paper,0.619750,0.735146
E9,0.2,1.0,0,1.0,0.0,0.2,0,27,saf-adaptive,0.679250,0.974824
E9,0.2,1.0,0,1.0,0.0,0.2,0,27,belief-matched,0.679250,0.974824
E9,0.2,1.0,0,1.0,0.0,0.2,0,28,random,0.567500,0.510053
E9,0.2,1.0,0,1.0,0.0,0.2,0,28,round-robin,0.566750,0.506878
E9,0.2,1.0,0,1.0,0.0,0.2,0,28,oracle,0.683250,1.000000
E9,0.2,1.0,0,1.0,0.0,0.2,0,28,snr-greedy,0.640750,0.820106
E9,0.2,1.0,0,1.0,0.0,0.2,0,28,snr-greedy-loss,0.674750,0.964021
E9,0.2,1.0,0,1.0,0.0,0.2,0,28,snr-mean,0.609500,0.687831
E9,0.2,1.0,0,1.0,0.0,0.2,0,28,belief,0.678750,0.980952
E9,0.2,1.0,0,1.0,0.0,0.2,0,28,belief-pred,0.678750,0.980952
E9,0.2,1.0,0,1.0,0.0,0.2,0,28,ewma,0.577250,0.551323
E9,0.2,1.0,0,1.0,0.0,0.2,0,28,blend-paper,0.617500,0.721693
E9,0.2,1.0,0,1.0,0.0,0.2,0,28,saf-adaptive,0.678750,0.980952
E9,0.2,1.0,0,1.0,0.0,0.2,0,28,belief-matched,0.678750,0.980952
E9,0.2,1.0,0,1.0,0.0,0.2,0,29,random,0.563750,0.477131
E9,0.2,1.0,0,1.0,0.0,0.2,0,29,round-robin,0.565250,0.483368
E9,0.2,1.0,0,1.0,0.0,0.2,0,29,oracle,0.689500,1.000000
E9,0.2,1.0,0,1.0,0.0,0.2,0,29,snr-greedy,0.647500,0.825364
E9,0.2,1.0,0,1.0,0.0,0.2,0,29,snr-greedy-loss,0.678000,0.952183
E9,0.2,1.0,0,1.0,0.0,0.2,0,29,snr-mean,0.613250,0.682952
E9,0.2,1.0,0,1.0,0.0,0.2,0,29,belief,0.683500,0.975052
E9,0.2,1.0,0,1.0,0.0,0.2,0,29,belief-pred,0.683500,0.975052
E9,0.2,1.0,0,1.0,0.0,0.2,0,29,ewma,0.585500,0.567568
E9,0.2,1.0,0,1.0,0.0,0.2,0,29,blend-paper,0.629250,0.749480
E9,0.2,1.0,0,1.0,0.0,0.2,0,29,saf-adaptive,0.683500,0.975052
E9,0.2,1.0,0,1.0,0.0,0.2,0,29,belief-matched,0.683500,0.975052
E9,0.2,1.0,0,1.0,0.0,0.2,0,30,random,0.554000,0.502478
E9,0.2,1.0,0,1.0,0.0,0.2,0,30,round-robin,0.552250,0.495540
E9,0.2,1.0,0,1.0,0.0,0.2,0,30,oracle,0.679500,1.000000
E9,0.2,1.0,0,1.0,0.0,0.2,0,30,snr-greedy,0.638750,0.838454
E9,0.2,1.0,0,1.0,0.0,0.2,0,30,snr-greedy-loss,0.669250,0.959366
E9,0.2,1.0,0,1.0,0.0,0.2,0,30,snr-mean,0.602000,0.692765
E9,0.2,1.0,0,1.0,0.0,0.2,0,30,belief,0.672750,0.973241
E9,0.2,1.0,0,1.0,0.0,0.2,0,30,belief-pred,0.672750,0.973241
E9,0.2,1.0,0,1.0,0.0,0.2,0,30,ewma,0.573250,0.578791
E9,0.2,1.0,0,1.0,0.0,0.2,0,30,blend-paper,0.613500,0.738355
E9,0.2,1.0,0,1.0,0.0,0.2,0,30,saf-adaptive,0.672500,0.972250
E9,0.2,1.0,0,1.0,0.0,0.2,0,30,belief-matched,0.672750,0.973241
E9,0.2,1.0,0,1.0,0.0,0.2,0,31,random,0.561250,0.498483
E9,0.2,1.0,0,1.0,0.0,0.2,0,31,round-robin,0.561250,0.498483
E9,0.2,1.0,0,1.0,0.0,0.2,0,31,oracle,0.685250,1.000000
E9,0.2,1.0,0,1.0,0.0,0.2,0,31,snr-greedy,0.646500,0.843276
E9,0.2,1.0,0,1.0,0.0,0.2,0,31,snr-greedy-loss,0.675500,0.960566
E9,0.2,1.0,0,1.0,0.0,0.2,0,31,snr-mean,0.611000,0.699697
E9,0.2,1.0,0,1.0,0.0,0.2,0,31,belief,0.680250,0.979778
E9,0.2,1.0,0,1.0,0.0,0.2,0,31,belief-pred,0.680250,0.979778
E9,0.2,1.0,0,1.0,0.0,0.2,0,31,ewma,0.586250,0.599596
E9,0.2,1.0,0,1.0,0.0,0.2,0,31,blend-paper,0.613250,0.708797
E9,0.2,1.0,0,1.0,0.0,0.2,0,31,saf-adaptive,0.680250,0.979778
E9,0.2,1.0,0,1.0,0.0,0.2,0,31,belief-matched,0.680250,0.979778
E9,0.2,1.0,0,1.0,0.0,0.2,0,32,random,0.557500,0.480652
E9,0.2,1.0,0,1.0,0.0,0.2,0,32,round-robin,0.558250,0.483707
E9,0.2,1.0,0,1.0,0.0,0.2,0,32,oracle,0.685000,1.000000
E9,0.2,1.0,0,1.0,0.0,0.2,0,32,snr-greedy,0.645500,0.839104
E9,0.2,1.0,0,1.0,0.0,0.2,0,32,snr-greedy-loss,0.675500,0.961303
E9,0.2,1.0,0,1.0,0.0,0.2,0,32,snr-mean,0.619250,0.732179
E9,0.2,1.0,0,1.0,0.0,0.2,0,32,belief,0.678250,0.972505
E9,0.2,1.0,0,1.0,0.0,0.2,0,32,belief-pred,0.678250,0.972505
E9,0.2,1.0,0,1.0,0.0,0.2,0,32,ewma,0.577750,0.563136
E9,0.2,1.0,0,1.0,0.0,0.2,0,32,blend-paper,0.594500,0.631365
E9,0.2,1.0,0,1.0,0.0,0.2,0,32,saf-adaptive,0.678250,0.972505
E9,0.2,1.0,0,1.0,0.0,0.2,0,32,belief-matched,0.678250,0.972505
E9,0.2,1.0,0,1.0,0.0,0.2,0,33,random,0.568250,0.516684
E9,0.2,1.0,0,1.0,0.0,0.2,0,33,round-robin,0.561750,0.490394
E9,0.2,1.0,0,1.0,0.0,0.2,0,33,oracle,0.687750,1.000000
E9,0.2,1.0,0,1.0,0.0,0.2,0,33,snr-greedy,0.641250,0.811931
E9,0.2,1.0,0,1.0,0.0,0.2,0,33,snr-greedy-loss,0.678250,0.961577
E9,0.2,1.0,0,1.0,0.0,0.2,0,33,snr-mean,0.607000,0.673407
E9,0.2,1.0,0,1.0,0.0,0.2,0,33,belief,0.682000,0.976744
E9,0.2,1.0,0,1.0,0.0,0.2,0,33,belief-pred,0.682000,0.976744
E9,0.2,1.0,0,1.0,0.0,0.2,0,33,ewma,0.584000,0.580384
E9,0.2,1.0,0,1.0,0.0,0.2,0,33,blend-paper,0.611500,0.691608
E9,0.2,1.0,0,1.0,0.0,0.2,0,33,saf-adaptive,0.682000,0.976744
E9,0.2,1.0,0,1.0,0.0,0.2,0,33,belief-matched,0.682000,0.976744
E9,0.2,1.0,0,1.0,0.0,0.2,0,34,random,0.561250,0.509824
E9,0.2,1.0,0,1.0,0.0,0.2,0,34,round-robin,0.557500,0.494312
E9,0.2,1.0,0,1.0,0.0,0.2,0,34,oracle,0.679750,1.000000
E9,0.2,1.0,0,1.0,0.0,0.2,0,34,snr-greedy,0.640000,0.835574
E9,0.2,1.0,0,1.0,0.0,0.2,0,34,snr-greedy-loss,0.670000,0.959669
E9,0.2,1.0,0,1.0,0.0,0.2,0,34,snr-mean,0.594000,0.645295
E9,0.2,1.0,0,1.0,0.0,0.2,0,34,belief,0.674250,0.977249
E9,0.2,1.0,0,1.0,0.0,0.2,0,34,belief-pred,0.674250,0.977249
E9,0.2,1.0,0,1.0,0.0,0.2,0,34,ewma,0.570750,0.549121
E9,0.2,1.0,0,1.0,0.0,0.2,0,34,blend-paper,0.607750,0.702172
E9,0.2,1.0,0,1.0,0.0,0.2,0,34,saf-adaptive,0.674250,0.977249
E9,0.2,1.0,0,1.0,0.0,0.2,0,34,belief-matched,0.674250,0.977249
E9,0.2,1.0,0,1.0,0.0,0.2,0,35,random,0.567250,0.491803
E9,0.2,1.0,0,1.0,0.0,0.2,0,35,round-robin,0.570000,0.503074
E9,0.2,1.0,0,1.0,0.0,0.2,0,35,oracle,0.691250,1.000000
E9,0.2,1.0,0,1.0,0.0,0.2,0,35,snr-greedy,0.652000,0.839139
E9,0.2,1.0,0,1.0,0.0,0.2,0,35,snr-greedy-loss,0.681750,0.961066
E9,0.2,1.0,0,1.0,0.0,0.2,0,35,snr-mean,0.617000,0.695697
E9,0.2,1.0,0,1.0,0.0,0.2,0,35,belief,0.685750,0.977459
E9,0.2,1.0,0,1.0,0.0,0.2,0,35,belief-pred,0.685750,0.977459
E9,0.2,1.0,0,1.0,0.0,0.2,0,35,ewma,0.588000,0.576844
E9,0.2,1.0,0,1.0,0.0,0.2,0,35,blend-paper,0.627750,0.739754
E9,0.2,1.0,0,1.0,0.0,0.2,0,35,saf-adaptive,0.685500,0.976434
E9,0.2,1.0,0,1.0,0.0,0.2,0,35,belief-matched,0.685750,0.977459
E9,0.2,1.0,0,1.0,0.0,0.2,0,36,random,0.566250,0.498419
E9,0.2,1.0,0,1.0,0.0,0.2,0,36,round-robin,0.568500,0.507903
E9,0.2,1.0,0,1.0,0.0,0.2,0,36,oracle,0.685250,1.000000
E9,0.2,1.0,0,1.0,0.0,0.2,0,36,snr-greedy,0.640000,0.809273
E9,0.2,1.0,0,1.0,0.0,0.2,0,36,snr-greedy-loss,0.674250,0.953635
E9,0.2,1.0,0,1.0,0.0,0.2,0,36,snr-mean,0.605250,0.662803
E9,0.2,1.0,0,1.0,0.0,0.2,0,36,belief,0.680500,0.979979
E9,0.2,1.0,0,1.0,0.0,0.2,0,36,belief-pred,0.680500,0.979979
E9,0.2,1.0,0,1.0,0.0,0.2,0,36,ewma,0.596500,0.625922
E9,0.2,1.0,0,1.0,0.0,0.2,0,36,blend-paper,0.619250,0.721812
E9,0.2,1.0,0,1.0,0.0,0.2,0,36,saf-adaptive,0.680500,0.979979
E9,0.2,1.0,0,1.0,0.0,0.2,0,36,belief-matched,0.680500,0.979979
E9,0.2,1.0,0,1.0,0.0,0.2,0,37,random,0.574750,0.529472
E9,0.2,1.0,0,1.0,0.0,0.2,0,37,round-robin,0.568250,0.503049
E9,0.2,1.0,0,1.0,0.0,0.2,0,37,oracle,0.690500,1.000000
E9,0.2,1.0,0,1.0,0.0,0.2,0,37,snr-greedy,0.652000,0.843496
E9,0.2,1.0,0,1.0,0.0,0.2,0,37,snr-greedy-loss,0.678250,0.950203
E9,0.2,1.0,0,1.0,0.0,0.2,0,37,snr-mean,0.627250,0.742886
E9,0.2,1.0,0,1.0,0.0,0.2,0,37,belief,0.686500,0.983740
E9,0.2,1.0,0,1.0,0.0,0.2,0,37,belief-pred,0.686500,0.983740
E9,0.2,1.0,0,1.0,0.0,0.2,0,37,ewma,0.605250,0.653455
E9,0.2,1.0,0,1.0,0.0,0.2,0,37,blend-paper,0.620750,0.716463
E9,0.2,1.0,0,1.0,0.0,0.2,0,37,saf-adaptive,0.686500,0.983740
E9,0.2,1.0,0,1.0,0.0,0.2,0,37,belief-matched,0.686500,0.983740
E9,0.2,1.0,0,1.0,0.0,0.2,0,38,random,0.571750,0.497972
E9,0.2,1.0,0,1.0,0.0,0.2,0,38,round-robin,0.576500,0.517241
E9,0.2,1.0,0,1.0,0.0,0.2,0,38,oracle,0.695500,1.000000
E9,0.2,1.0,0,1.0,0.0,0.2,0,38,snr-greedy,0.649000,0.811359
E9,0.2,1.0,0,1.0,0.0,0.2,0,38,snr-greedy-loss,0.685500,0.959432
E9,0.2,1.0,0,1.0,0.0,0.2,0,38,snr-mean,0.616500,0.679513
E9,0.2,1.0,0,1.0,0.0,0.2,0,38,belief,0.689750,0.976673
E9,0.2,1.0,0,1.0,0.0,0.2,0,38,belief-pred,0.689750,0.976673
E9,0.2,1.0,0,1.0,0.0,0.2,0,38,ewma,0.589750,0.570994
E9,0.2,1.0,0,1.0,0.0,0.2,0,38,blend-paper,0.628500,0.728195
E9,0.2,1.0,0,1.0,0.0,0.2,0,38,saf-adaptive,0.689750,0.976673
E9,0.2,1.0,0,1.0,0.0,0.2,0,38,belief-matched,0.689750,0.976673
E9,0.2,1.0,0,1.0,0.0,0.2,0,39,random,0.563000,0.495992
E9,0.2,1.0,0,1.0,0.0,0.2,0,39,round-robin,0.564500,0.502004
E9,0.2,1.0,0,1.0,0.0,0.2,0,39,oracle,0.688750,1.000000
E9,0.2,1.0,0,1.0,0.0,0.2,0,39,snr-greedy,0.641000,0.808617
E9,0.2,1.0,0,1.0,0.0,0.2,0,39,snr-greedy-loss,0.675750,0.947896
E9,0.2,1.0,0,1.0,0.0,0.2,0,39,snr-mean,0.617250,0.713427
E9,0.2,1.0,0,1.0,0.0,0.2,0,39,belief,0.683000,0.976954
E9,0.2,1.0,0,1.0,0.0,0.2,0,39,belief-pred,0.683000,0.976954
E9,0.2,1.0,0,1.0,0.0,0.2,0,39,ewma,0.582000,0.572144
E9,0.2,1.0,0,1.0,0.0,0.2,0,39,blend-paper,0.625250,0.745491
E9,0.2,1.0,0,1.0,0.0,0.2,0,39,saf-adaptive,0.683000,0.976954
E9,0.2,1.0,0,1.0,0.0,0.2,0,39,belief-matched,0.683000,0.976954
E9,0.2,1.0,0,1.0,0.0,0.2,0,40,random,0.562250,0.533804
E9,0.2,1.0,0,1.0,0.0,0.2,0,40,round-robin,0.554500,0.502523
E9,0.2,1.0,0,1.0,0.0,0.2,0,40,oracle,0.677750,1.000000
E9,0.2,1.0,0,1.0,0.0,0.2,0,40,snr-greedy,0.640500,0.849647
E9,0.2,1.0,0,1.0,0.0,0.2,0,40,snr-greedy-loss,0.668250,0.961655
E9,0.2,1.0,0,1.0,0.0,0.2,0,40,snr-mean,0.586250,0.630676
E9,0.2,1.0,0,1.0,0.0,0.2,0,40,belief,0.672250,0.977800
E9,0.2,1.0,0,1.0,0.0,0.2,0,40,belief-pred,0.672250,0.977800
E9,0.2,1.0,0,1.0,0.0,0.2,0,40,ewma,0.571250,0.570131
E9,0.2,1.0,0,1.0,0.0,0.2,0,40,blend-paper,0.608000,0.718466
E9,0.2,1.0,0,1.0,0.0,0.2,0,40,saf-adaptive,0.672250,0.977800
E9,0.2,1.0,0,1.0,0.0,0.2,0,40,belief-matched,0.672250,0.977800
E9,0.2,1.0,0,1.0,0.0,0.2,0,41,random,0.553500,0.473738
E9,0.2,1.0,0,1.0,0.0,0.2,0,41,round-robin,0.559000,0.496395
E9,0.2,1.0,0,1.0,0.0,0.2,0,41,oracle,0.681250,1.000000
E9,0.2,1.0,0,1.0,0.0,0.2,0,41,snr-greedy,0.642750,0.841401
E9,0.2,1.0,0,1.0,0.0,0.2,0,41,snr-greedy-loss,0.673000,0.966014
E9,0.2,1.0,0,1.0,0.0,0.2,0,41,snr-mean,0.592750,0.635427
E9,0.2,1.0,0,1.0,0.0,0.2,0,41,belief,0.675250,0.975283
E9,0.2,1.0,0,1.0,0.0,0.2,0,41,belief-pred,0.675250,0.975283
E9,0.2,1.0,0,1.0,0.0,0.2,0,41,ewma,0.580500,0.584964
E9,0.2,1.0,0,1.0,0.0,0.2,0,41,blend-paper,0.620500,0.749743
E9,0.2,1.0,0,1.0,0.0,0.2,0,41,saf-adaptive,0.675250,0.975283
E9,0.2,1.0,0,1.0,0.0,0.2,0,41,belief-matched,0.675250,0.975283
E9,0.2,1.0,0,1.0,0.0,0.2,0,42,random,0.552500,0.510978
E9,0.2,1.0,0,1.0,0.0,0.2,0,42,round-robin,0.546750,0.488024
E9,0.2,1.0,0,1.0,0.0,0.2,0,42,oracle,0.675000,1.000000
E9,0.2,1.0,0,1.0,0.0,0.2,0,42,snr-greedy,0.634750,0.839321
E9,0.2,1.0,0,1.0,0.0,0.2,0,42,snr-greedy-loss,0.664750,0.959082
E9,0.2,1.0,0,1.0,0.0,0.2,0,42,snr-mean,0.592750,0.671657
E9,0.2,1.0,0,1.0,0.0,0.2,0,42,belief,0.670000,0.980040
E9,0.2,1.0,0,1.0,0.0,0.2,0,42,belief-pred,0.670000,0.980040
E9,0.2,1.0,0,1.0,0.0,0.2,0,42,ewma,0.583750,0.635729
E9,0.2,1.0,0,1.0,0.0,0.2,0,42,blend-paper,0.614000,0.756487
E9,0.2,1.0,0,1.0,0.0,0.2,0,42,saf-adaptive,0.670000,0.980040
E9,0.2,1.0,0,1.0,0.0,0.2,0,42,belief-matched,0.670000,0.980040
E9,0.2,1.0,0,1.0,0.0,0.2,0,43,random,0.562750,0.506694
E9,0.2,1.0,0,1.0,0.0,0.2,0,43,round-robin,0.561000,0.499485
E9,0.2,1.0,0,1.0,0.0,0.2,0,43,oracle,0.682500,1.000000
E9,0.2,1.0,0,1.0,0.0,0.2,0,43,snr-greedy,0.640250,0.825953
E9,0.2,1.0,0,1.0,0.0,0.2,0,43,snr-greedy-loss,0.673500,0.962925
E9,0.2,1.0,0,1.0,0.0,0.2,0,43,snr-mean,0.607000,0.688980
E9,0.2,1.0,0,1.0,0.0,0.2,0,43,belief,0.678250,0.982492
E9,0.2,1.0,0,1.0,0.0,0.2,0,43,belief-pred,0.678250,0.982492
E9,0.2,1.0,0,1.0,0.0,0.2,0,43,ewma,0.571500,0.542739
E9,0.2,1.0,0,1.0,0.0,0.2,0,43,blend-paper,0.613750,0.716787
E9,0.2,1.0,0,1.0,0.0,0.2,0,43,saf-adaptive,0.678250,0.982492
E9,0.2,1.0,0,1.0,0.0,0.2,0,43,belief-matched,0.678250,0.982492
E9,0.2,1.0,0,1.0,0.0,0.2,0,44,random,0.566750,0.501577
E9,0.2,1.0,0,1.0,0.0,0.2,0,44,round-robin,0.569500,0.513144
E9,0.2,1.0,0,1.0,0.0,0.2,0,44,oracle,0.685250,1.000000
E9,0.2,1.0,0,1.0,0.0,0.2,0,44,snr-greedy,0.646750,0.838065
E9,0.2,1.0,0,1.0,0.0,0.2,0,44,snr-greedy-loss,0.673500,0.950578
E9,0.2,1.0,0,1.0,0.0,0.2,0,44,snr-mean,0.613000,0.696109
E9,0.2,1.0,0,1.0,0.0,0.2,0,44,belief,0.678250,0.970557
E9,0.2,1.0,0,1.0,0.0,0.2,0,44,belief-pred,0.678250,0.970557
E9,0.2,1.0,0,1.0,0.0,0.2,0,44,ewma,0.589750,0.598318
E9,0.2,1.0,0,1.0,0.0,0.2,0,44,blend-paper,0.623000,0.738170
E9,0.2,1.0,0,1.0,0.0,0.2,0,44,saf-adaptive,0.678250,0.970557
E9,0.2,1.0,0,1.0,0.0,0.2,0,44,belief-matched,0.678250,0.970557
E9,0.2,1.0,0,1.0,0.0,0.2,0,45,random,0.558250,0.508565
E9,0.2,1.0,0,1.0,0.0,0.2,0,45,round-robin,0.557000,0.503212
E9,0.2,1.0,0,1.0,0.0,0.2,0,45,oracle,0.673000,1.000000
E9,0.2,1.0,0,1.0,0.0,0.2,0,45,snr-greedy,0.633500,0.830835
E9,0.2,1.0,0,1.0,0.0,0.2,0,45,snr-greedy-loss,0.666250,0.971092
E9,0.2,1.0,0,1.0,0.0,0.2,0,45,snr-mean,0.600750,0.690578
E9,0.2,1.0,0,1.0,0.0,0.2,0,45,belief,0.669750,0.986081
E9,0.2,1.0,0,1.0,0.0,0.2,0,45,belief-pred,0.669750,0.986081
E9,0.2,1.0,0,1.0,0.0,0.2,0,45,ewma,0.579000,0.597430
E9,0.2,1.0,0,1.0,0.0,0.2,0,45,blend-paper,0.604000,0.704497
E9,0.2,1.0,0,1.0,0.0,0.2,0,45,saf-adaptive,0.669500,0.985011
E9,0.2,1.0,0,1.0,0.0,0.2,0,45,belief-matched,0.669750,0.986081
E9,0.2,1.0,0,1.0,0.0,0.2,0,46,random,0.560000,0.504124
E9,0.2,1.0,0,1.0,0.0,0.2,0,46,round-robin,0.557500,0.493814
E9,0.2,1.0,0,1.0,0.0,0.2,0,46,oracle,0.680250,1.000000
E9,0.2,1.0,0,1.0,0.0,0.2,0,46,snr-greedy,0.644750,0.853608
E9,0.2,1.0,0,1.0,0.0,0.2,0,46,snr-greedy-loss,0.673000,0.970103
E9,0.2,1.0,0,1.0,0.0,0.2,0,46,snr-mean,0.601250,0.674227
E9,0.2,1.0,0,1.0,0.0,0.2,0,46,belief,0.674750,0.977320
E9,0.2,1.0,0,1.0,0.0,0.2,0,46,belief-pred,0.674750,0.977320
E9,0.2,1.0,0,1.0,0.0,0.2,0,46,ewma,0.570500,0.547423
E9,0.2,1.0,0,1.0,0.0,0.2,0,46,blend-paper,0.618000,0.743299
E9,0.2,1.0,0,1.0,0.0,0.2,0,46,saf-adaptive,0.674750,0.977320
E9,0.2,1.0,0,1.0,0.0,0.2,0,46,belief-matched,0.674750,0.977320
E9,0.2,1.0,0,1.0,0.0,0.2,0,47,random,0.565500,0.503992
E9,0.2,1.0,0,1.0,0.0,0.2,0,47,round-robin,0.566500,0.507984
E9,0.2,1.0,0,1.0,0.0,0.2,0,47,oracle,0.689750,1.000000
E9,0.2,1.0,0,1.0,0.0,0.2,0,47,snr-greedy,0.653000,0.853293
E9,0.2,1.0,0,1.0,0.0,0.2,0,47,snr-greedy-loss,0.678000,0.953094
E9,0.2,1.0,0,1.0,0.0,0.2,0,47,snr-mean,0.615250,0.702595
E9,0.2,1.0,0,1.0,0.0,0.2,0,47,belief,0.685000,0.981038
E9,0.2,1.0,0,1.0,0.0,0.2,0,47,belief-pred,0.685000,0.981038
E9,0.2,1.0,0,1.0,0.0,0.2,0,47,ewma,0.582000,0.569860
E9,0.2,1.0,0,1.0,0.0,0.2,0,47,blend-paper,0.623500,0.735529
E9,0.2,1.0,0,1.0,0.0,0.2,0,47,saf-adaptive,0.685250,0.982036
E9,0.2,1.0,0,1.0,0.0,0.2,0,47,belief-matched,0.685000,0.981038
E9,0.2,1.0,0,1.0,0.0,0.2,0,48,random,0.560750,0.504683
E9,0.2,1.0,0,1.0,0.0,0.2,0,48,round-robin,0.555500,0.482830
E9,0.2,1.0,0,1.0,0.0,0.2,0,48,oracle,0.679750,1.000000
E9,0.2,1.0,0,1.0,0.0,0.2,0,48,snr-greedy,0.637250,0.823101
E9,0.2,1.0,0,1.0,0.0,0.2,0,48,snr-greedy-loss,0.673000,0.971904
E9,0.2,1.0,0,1.0,0.0,0.2,0,48,snr-mean,0.609250,0.706556
E9,0.2,1.0,0,1.0,0.0,0.2,0,48,belief,0.675750,0.983351
E9,0.2,1.0,0,1.0,0.0,0.2,0,48,belief-pred,0.675750,0.983351
E9,0.2,1.0,0,1.0,0.0,0.2,0,48,ewma,0.572000,0.551509
E9,0.2,1.0,0,1.0,0.0,0.2,0,48,blend-paper,0.615250,0.731530
E9,0.2,1.0,0,1.0,0.0,0.2,0,48,saf-adaptive,0.675500,0.982310
E9,0.2,1.0,0,1.0,0.0,0.2,0,48,belief-matched,0.675750,0.983351
E9,0.2,1.0,0,1.0,0.0,0.2,0,49,random,0.561500,0.513402
E9,0.2,1.0,0,1.0,0.0,0.2,0,49,round-robin,0.561750,0.514433
E9,0.2,1.0,0,1.0,0.0,0.2,0,49,oracle,0.679500,1.000000
E9,0.2,1.0,0,1.0,0.0,0.2,0,49,snr-greedy,0.634750,0.815464
E9,0.2,1.0,0,1.0,0.0,0.2,0,49,snr-greedy-loss,0.669500,0.958763
E9,0.2,1.0,0,1.0,0.0,0.2,0,49,snr-mean,0.598000,0.663918
E9,0.2,1.0,0,1.0,0.0,0.2,0,49,belief,0.674250,0.978351
E9,0.2,1.0,0,1.0,0.0,0.2,0,49,belief-pred,0.674250,0.978351
E9,0.2,1.0,0,1.0,0.0,0.2,0,49,ewma,0.575750,0.572165
E9,0.2,1.0,0,1.0,0.0,0.2,0,49,blend-paper,0.608000,0.705155
E9,0.2,1.0,0,1.0,0.0,0.2,0,49,saf-adaptive,0.674250,0.978351
E9,0.2,1.0,0,1.0,0.0,0.2,0,49,belief-matched,0.674250,0.978351
E9,0.2,1.0,0,1.0,1.0,0.2,0,0,random,0.560000,0.493952
E9,0.2,1.0,0,1.0,1.0,0.2,0,0,round-robin,0.559500,0.491935
E9,0.2,1.0,0,1.0,1.0,0.2,0,0,oracle,0.685500,1.000000
E9,0.2,1.0,0,1.0,1.0,0.2,0,0,snr-greedy,0.636250,0.801411
E9,0.2,1.0,0,1.0,1.0,0.2,0,0,snr-greedy-loss,0.672750,0.948589
E9,0.2,1.0,0,1.0,1.0,0.2,0,0,snr-mean,0.621000,0.739919
E9,0.2,1.0,0,1.0,1.0,0.2,0,0,belief,0.678500,0.971774
E9,0.2,1.0,0,1.0,1.0,0.2,0,0,belief-pred,0.678500,0.971774
E9,0.2,1.0,0,1.0,1.0,0.2,0,0,ewma,0.595250,0.636089
E9,0.2,1.0,0,1.0,1.0,0.2,0,0,blend-paper,0.622500,0.745968
E9,0.2,1.0,0,1.0,1.0,0.2,0,0,saf-adaptive,0.678500,0.971774
E9,0.2,1.0,0,1.0,1.0,0.2,0,0,belief-matched,0.678750,0.972782
E9,0.2,1.0,0,1.0,1.0,0.2,0,1,random,0.565000,0.491919
E9,0.2,1.0,0,1.0,1.0,0.2,0,1,round-robin,0.567250,0.501010
E9,0.2,1.0,0,1.0,1.0,0.2,0,1,oracle,0.690750,1.000000
E9,0.2,1.0,0,1.0,1.0,0.2,0,1,snr-greedy,0.650750,0.838384
E9,0.2,1.0,0,1.0,1.0,0.2,0,1,snr-greedy-loss,0.682250,0.965657
E9,0.2,1.0,0,1.0,1.0,0.2,0,1,snr-mean,0.614750,0.692929
E9,0.2,1.0,0,1.0,1.0,0.2,0,1,belief,0.684500,0.974747
E9,0.2,1.0,0,1.0,1.0,0.2,0,1,belief-pred,0.684500,0.974747
E9,0.2,1.0,0,1.0,1.0,0.2,0,1,ewma,0.587000,0.580808
E9,0.2,1.0,0,1.0,1.0,0.2,0,1,blend-paper,0.619000,0.710101
E9,0.2,1.0,0,1.0,1.0,0.2,0,1,saf-adaptive,0.684500,0.974747
E9,0.2,1.0,0,1.0,1.0,0.2,0,1,belief-matched,0.685250,0.977778
E9,0.2,1.0,0,1.0,1.0,0.2,0,2,random,0.565750,0.522059
E9,0.2,1.0,0,1.0,1.0,0.2,0,2,round-robin,0.562000,0.506303
E9,0.2,1.0,0,1.0,1.0,0.2,0,2,oracle,0.679500,1.000000
E9,0.2,1.0,0,1.0,1.0,0.2,0,2,snr-greedy,0.640500,0.836134
E9,0.2,1.0,0,1.0,1.0,0.2,0,2,snr-greedy-loss,0.668250,0.952731
E9,0.2,1.0,0,1.0,1.0,0.2,0,2,snr-mean,0.617000,0.737395
E9,0.2,1.0,0,1.0,1.0,0.2,0,2,belief,0.672000,0.968487
E9,0.2,1.0,0,1.0,1.0,0.2,0,2,belief-pred,0.672000,0.968487
E9,0.2,1.0,0,1.0,1.0,0.2,0,2,ewma,0.585500,0.605042
E9,0.2,1.0,0,1.0,1.0,0.2,0,2,blend-paper,0.620750,0.753151
E9,0.2,1.0,0,1.0,1.0,0.2,0,2,saf-adaptive,0.672000,0.968487
E9,0.2,1.0,0,1.0,1.0,0.2,0,2,belief-matched,0.673250,0.973739
E9,0.2,1.0,0,1.0,1.0,0.2,0,3,random,0.544750,0.452703
E9,0.2,1.0,0,1.0,1.0,0.2,0,3,round-robin,0.560000,0.511583
E9,0.2,1.0,0,1.0,1.0,0.2,0,3,oracle,0.686500,1.000000
E9,0.2,1.0,0,1.0,1.0,0.2,0,3,snr-greedy,0.638000,0.812741
E9,0.2,1.0,0,1.0,1.0,0.2,0,3,snr-greedy-loss,0.671750,0.943050
E9,0.2,1.0,0,1.0,1.0,0.2,0,3,snr-mean,0.608250,0.697876
E9,0.2,1.0,0,1.0,1.0,0.2,0,3,belief,0.677500,0.965251
E9,0.2,1.0,0,1.0,1.0,0.2,0,3,belief-pred,0.677500,0.965251
E9,0.2,1.0,0,1.0,1.0,0.2,0,3,ewma,0.564000,0.527027
E9,0.2,1.0,0,1.0,1.0,0.2,0,3,blend-paper,0.624000,0.758687
E9,0.2,1.0,0,1.0,1.0,0.2,0,3,saf-adaptive,0.678000,0.967181
E9,0.2,1.0,0,1.0,1.0,0.2,0,3,belief-matched,0.678250,0.968147
E9,0.2,1.0,0,1.0,1.0,0.2,0,4,random,0.561000,0.510331
E9,0.2,1.0,0,1.0,1.0,0.2,0,4,round-robin,0.554750,0.484504
E9,0.2,1.0,0,1.0,1.0,0.2,0,4,oracle,0.679500,1.000000
E9,0.2,1.0,0,1.0,1.0,0.2,0,4,snr-greedy,0.632500,0.805785
E9,0.2,1.0,0,1.0,1.0,0.2,0,4,snr-greedy-loss,0.666500,0.946281
E9,0.2,1.0,0,1.0,1.0,0.2,0,4,snr-mean,0.600750,0.674587
E9,0.2,1.0,0,1.0,1.0,0.2,0,4,belief,0.671750,0.967975
E9,0.2,1.0,0,1.0,1.0,0.2,0,4,belief-pred,0.671750,0.967975
E9,0.2,1.0,0,1.0,1.0,0.2,0,4,ewma,0.580500,0.590909
E9,0.2,1.0,0,1.0,1.0,0.2,0,4,blend-paper,0.612250,0.722107
E9,0.2,1.0,0,1.0,1.0,0.2,0,4,saf-adaptive,0.671750,0.967975
E9,0.2,1.0,0,1.0,1.0,0.2,0,4,belief-matched,0.671500,0.966942
E9,0.2,1.0,0,1.0,1.0,0.2,0,5,random,0.563000,0.507128
E9,0.2,1.0,0,1.0,1.0,0.2,0,5,round-robin,0.560250,0.495927
E9,0.2,1.0,0,1.0,1.0,0.2,0,5,oracle,0.684000,1.000000
E9,0.2,1.0,0,1.0,1.0,0.2,0,5,snr-greedy,0.642000,0.828921
E9,0.2,1.0,0,1.0,1.0,0.2,0,5,snr-greedy-loss,0.672250,0.952138
E9,0.2,1.0,0,1.0,1.0,0.2,0,5,snr-mean,0.611250,0.703666
E9,0.2,1.0,0,1.0,1.0,0.2,0,5,belief,0.677000,0.971487
E9,0.2,1.0,0,1.0,1.0,0.2,0,5,belief-pred,0.677000,0.971487
E9,0.2,1.0,0,1.0,1.0,0.2,0,5,ewma,0.576500,0.562118
E9,0.2,1.0,0,1.0,1.0,0.2,0,5,blend-paper,0.614500,0.716904
E9,0.2,1.0,0,1.0,1.0,0.2,0,5,saf-adaptive,0.677250,0.972505
E9,0.2,1.0,0,1.0,1.0,0.2,0,5,belief-matched,0.677500,0.973523
E9,0.2,1.0,0,1.0,1.0,0.2,0,6,random,0.563250,0.525994
E9,0.2,1.0,0,1.0,1.0,0.2,0,6,round-robin,0.560750,0.515800
E9,0.2,1.0,0,1.0,1.0,0.2,0,6,oracle,0.679500,1.000000
E9,0.2,1.0,0,1.0,1.0,0.2,0,6,snr-greedy,0.642000,0.847095
E9,0.2,1.0,0,1.0,1.0,0.2,0,6,snr-greedy-loss,0.669000,0.957187
E9,0.2,1.0,0,1.0,1.0,0.2,0,6,snr-mean,0.602000,0.683996
E9,0.2,1.0,0,1.0,1.0,0.2,0,6,belief,0.672750,0.972477
E9,0.2,1.0,0,1.0,1.0,0.2,0,6,belief-pred,0.672750,0.972477
E9,0.2,1.0,0,1.0,1.0,0.2,0,6,ewma,0.575500,0.575943
E9,0.2,1.0,0,1.0,1.0,0.2,0,6,blend-paper,0.613500,0.730887
E9,0.2,1.0,0,1.0,1.0,0.2,0,6,saf-adaptive,0.672750,0.972477
E9,0.2,1.0,0,1.0,1.0,0.2,0,6,belief-matched,0.672750,0.972477
E9,0.2,1.0,0,1.0,1.0,0.2,0,7,random,0.568250,0.490066
E9,0.2,1.0,0,1.0,1.0,0.2,0,7,round-robin,0.572250,0.507726
E9,0.2,1.0,0,1.0,1.0,0.2,0,7,oracle,0.683750,1.000000
E9,0.2,1.0,0,1.0,1.0,0.2,0,7,snr-greedy,0.641000,0.811258
E9,0.2,1.0,0,1.0,1.0,0.2,0,7,snr-greedy-loss,0.674750,0.960265
E9,0.2,1.0,0,1.0,1.0,0.2,0,7,snr-mean,0.613000,0.687638
E9,0.2,1.0,0,1.0,1.0,0.2,0,7,belief,0.676000,0.965784
E9,0.2,1.0,0,1.0,1.0,0.2,0,7,belief-pred,0.676000,0.965784
E9,0.2,1.0,0,1.0,1.0,0.2,0,7,ewma,0.591250,0.591611
E9,0.2,1.0,0,1.0,1.0,0.2,0,7,blend-paper,0.617500,0.707506
E9,0.2,1.0,0,1.0,1.0,0.2,0,7,saf-adaptive,0.676000,0.965784
E9,0.2,1.0,0,1.0,1.0,0.2,0,7,belief-matched,0.677000,0.970199
E9,0.2,1.0,0,1.0,1.0,0.2,0,8,random,0.566750,0.480263
E9,0.2,1.0,0,1.0,1.0,0.2,0,8,round-robin,0.573500,0.509868
E9,0.2,1.0,0,1.0,1.0,0.2,0,8,oracle,0.685250,1.000000
E9,0.2,1.0,0,1.0,1.0,0.2,0,8,snr-greedy,0.639750,0.800439
E9,0.2,1.0,0,1.0,1.0,0.2,0,8,snr-greedy-loss,0.673750,0.949561
E9,0.2,1.0,0,1.0,1.0,0.2,0,8,snr-mean,0.600500,0.628289
E9,0.2,1.0,0,1.0,1.0,0.2,0,8,belief,0.677000,0.963816
E9,0.2,1.0,0,1.0,1.0,0.2,0,8,belief-pred,0.677000,0.963816
E9,0.2,1.0,0,1.0,1.0,0.2,0,8,ewma,0.589250,0.578947
E9,0.2,1.0,0,1.0,1.0,0.2,0,8,blend-paper,0.617750,0.703947
E9,0.2,1.0,0,1.0,1.0,0.2,0,8,saf-adaptive,0.677000,0.963816
E9,0.2,1.0,0,1.0,1.0,0.2,0,8,belief-matched,0.677000,0.963816
E9,0.2,1.0,0,1.0,1.0,0.2,0,9,random,0.567250,0.526474
E9,0.2,1.0,0,1.0,1.0,0.2,0,9,round-robin,0.561250,0.502498
E9,0.2,1.0,0,1.0,1.0,0.2,0,9,oracle,0.685750,1.000000
E9,0.2,1.0,0,1.0,1.0,0.2,0,9,snr-greedy,0.648000,0.849151
E9,0.2,1.0,0,1.0,1.0,0.2,0,9,snr-greedy-loss,0.676750,0.964036
E9,0.2,1.0,0,1.0,1.0,0.2,0,9,snr-mean,0.606250,0.682318
E9,0.2,1.0,0,1.0,1.0,0.2,0,9,belief,0.679500,0.975025
E9,0.2,1.0,0,1.0,1.0,0.2,0,9,belief-pred,0.679500,0.975025
E9,0.2,1.0,0,1.0,1.0,0.2,0,9,ewma,0.579250,0.574426
E9,0.2,1.0,0,1.0,1.0,0.2,0,9,blend-paper,0.622250,0.746254
E9,0.2,1.0,0,1.0,1.0,0.2,0,9,saf-adaptive,0.679500,0.975025
E9,0.2,1.0,0,1.0,1.0,0.2,0,9,belief-matched,0.679250,0.974026
E9,0.2,1.0,0,1.0,1.0,0.2,0,10,random,0.556000,0.489858
E9,0.2,1.0,0,1.0,1.0,0.2,0,10,round-robin,0.557500,0.495943
E9,0.2,1.0,0,1.0,1.0,0.2,0,10,oracle,0.681750,1.000000
E9,0.2,1.0,0,1.0,1.0,0.2,0,10,snr-greedy,0.643750,0.845842
E9,0.2,1.0,0,1.0,1.0,0.2,0,10,snr-greedy-loss,0.670500,0.954361
E9,0.2,1.0,0,1.0,1.0,0.2,0,10,snr-mean,0.612750,0.720081
E9,0.2,1.0,0,1.0,1.0,0.2,0,10,belief,0.674250,0.969574
E9,0.2,1.0,0,1.0,1.0,0.2,0,10,belief-pred,0.674250,0.969574
E9,0.2,1.0,0,1.0,1.0,0.2,0,10,ewma,0.580500,0.589249
E9,0.2,1.0,0,1.0,1.0,0.2,0,10,blend-paper,0.607250,0.697769
E9,0.2,1.0,0,1.0,1.0,0.2,0,10,saf-adaptive,0.674250,0.969574
E9,0.2,1.0,0,1.0,1.0,0.2,0,10,belief-matched,0.674000,0.968560
E9,0.2,1.0,0,1.0,1.0,0.2,0,11,random,0.565000,0.507821
E9,0.2,1.0,0,1.0,1.0,0.2,0,11,round-robin,0.564500,0.505735
E9,0.2,1.0,0,1.0,1.0,0.2,0,11,oracle,0.683000,1.000000
E9,0.2,1.0,0,1.0,1.0,0.2,0,11,snr-greedy,0.640750,0.823775
E9,0.2,1.0,0,1.0,1.0,0.2,0,11,snr-greedy-loss,0.673750,0.961418
E9,0.2,1.0,0,1.0,1.0,0.2,0,11,snr-mean,0.607500,0.685089
E9,0.2,1.0,0,1.0,1.0,0.2,0,11,belief,0.675000,0.966632
E9,0.2,1.0,0,1.0,1.0,0.2,0,11,belief-pred,0.675000,0.966632
E9,0.2,1.0,0,1.0,1.0,0.2,0,11,ewma,0.574000,0.545360
E9,0.2,1.0,0,1.0,1.0,0.2,0,11,blend-paper,0.609750,0.694473
E9,0.2,1.0,0,1.0,1.0,0.2,0,11,saf-adaptive,0.675000,0.966632
E9,0.2,1.0,0,1.0,1.0,0.2,0,11,belief-matched,0.674750,0.965589
E9,0.2,1.0,0,1.0,1.0,0.2,0,12,random,0.566500,0.502533
E9,0.2,1.0,0,1.0,1.0,0.2,0,12,round-robin,0.561250,0.481256
E9,0.2,1.0,0,1.0,1.0,0.2,0,12,oracle,0.689250,1.000000
E9,0.2,1.0,0,1.0,1.0,0.2,0,12,snr-greedy,0.643500,0.814590
E9,0.2,1.0,0,1.0,1.0,0.2,0,12,snr-greedy-loss,0.675750,0.945289
E9,0.2,1.0,0,1.0,1.0,0.2,0,12,snr-mean,0.620500,0.721378
E9,0.2,1.0,0,1.0,1.0,0.2,0,12,belief,0.679750,0.961499
E9,0.2,1.0,0,1.0,1.0,0.2,0,12,belief-pred,0.679750,0.961499
E9,0.2,1.0,0,1.0,1.0,0.2,0,12,ewma,0.582750,0.568389
E9,0.2,1.0,0,1.0,1.0,0.2,0,12,blend-paper,0.622250,0.728470
E9,0.2,1.0,0,1.0,1.0,0.2,0,12,saf-adaptive,0.679750,0.961499
E9,0.2,1.0,0,1.0,1.0,0.2,0,12,belief-matched,0.681000,0.966565
E9,0.2,1.0,0,1.0,1.0,0.2,0,13,random,0.554250,0.483087
E9,0.2,1.0,0,1.0,1.0,0.2,0,13,round-robin,0.562250,0.516913
E9,0.2,1.0,0,1.0,1.0,0.2,0,13,oracle,0.676500,1.000000
E9,0.2,1.0,0,1.0,1.0,0.2,0,13,snr-greedy,0.632250,0.812896
E9,0.2,1.0,0,1.0,1.0,0.2,0,13,snr-greedy-loss,0.666000,0.955603
E9,0.2,1.0,0,1.0,1.0,0.2,0,13,snr-mean,0.603250,0.690275
E9,0.2,1.0,0,1.0,1.0,0.2,0,13,belief,0.670750,0.975687
E9,0.2,1.0,0,1.0,1.0,0.2,0,13,belief-pred,0.670750,0.975687
E9,0.2,1.0,0,1.0,1.0,0.2,0,13,ewma,0.573000,0.562368
E9,0.2,1.0,0,1.0,1.0,0.2,0,13,blend-paper,0.610750,0.721987
E9,0.2,1.0,0,1.0,1.0,0.2,0,13,saf-adaptive,0.670750,0.975687
E9,0.2,1.0,0,1.0,1.0,0.2,0,13,belief-matched,0.670000,0.972516
E9,0.2,1.0,0,1.0,1.0,0.2,0,14,random,0.575500,0.500000
E9,0.2,1.0,0,1.0,1.0,0.2,0,14,round-robin,0.573250,0.490506
E9,0.2,1.0,0,1.0,1.0,0.2,0,14,oracle,0.694000,1.000000
E9,0.2,1.0,0,1.0,1.0,0.2,0,14,snr-greedy,0.652750,0.825949
E9,0.2,1.0,0,1.0,1.0,0.2,0,14,snr-greedy-loss,0.684000,0.957806
E9,0.2,1.0,0,1.0,1.0,0.2,0,14,snr-mean,0.627000,0.717300
E9,0.2,1.0,0,1.0,1.0,0.2,0,14,belief,0.686500,0.968354
E9,0.2,1.0,0,1.0,1.0,0.2,0,14,belief-pred,0.686500,0.968354
E9,0.2,1.0,0,1.0,1.0,0.2,0,14,ewma,0.604000,0.620253
E9,0.2,1.0,0,1.0,1.0,0.2,0,14,blend-paper,0.638250,0.764768
E9,0.2,1.0,0,1.0,1.0,0.2,0,14,saf-adaptive,0.686500,0.968354
E9,0.2,1.0,0,1.0,1.0,0.2,0,14,belief-matched,0.686750,0.969409
E9,0.2,1.0,0,1.0,1.0,0.2,0,15,random,0.554000,0.485963
E9,0.2,1.0,0,1.0,1.0,0.2,0,15,round-robin,0.555750,0.492740
E9,0.2,1.0,0,1.0,1.0,0.2,0,15,oracle,0.686750,1.000000
E9,0.2,1.0,0,1.0,1.0,0.2,0,15,snr-greedy,0.642750,0.829622
E9,0.2,1.0,0,1.0,1.0,0.2,0,15,snr-greedy-loss,0.674750,0.953533
E9,0.2,1.0,0,1.0,1.0,0.2,0,15,snr-mean,0.617750,0.732817
E9,0.2,1.0,0,1.0,1.0,0.2,0,15,belief,0.678000,0.966118
E9,0.2,1.0,0,1.0,1.0,0.2,0,15,belief-pred,0.678000,0.966118
E9,0.2,1.0,0,1.0,1.0,0.2,0,15,ewma,0.599750,0.663117
E9,0.2,1.0,0,1.0,1.0,0.2,0,15,blend-paper,0.620500,0.743466
E9,0.2,1.0,0,1.0,1.0,0.2,0,15,saf-adaptive,0.678000,0.966118
E9,0.2,1.0,0,1.0,1.0,0.2,0,15,belief-matched,0.679000,0.969990
E9,0.2,1.0,0,1.0,1.0,0.2,0,16,random,0.556500,0.482795
E9,0.2,1.0,0,1.0,1.0,0.2,0,16,round-robin,0.559250,0.494265
E9,0.2,1.0,0,1.0,1.0,0.2,0,16,oracle,0.680500,1.000000
E9,0.2,1.0,0,1.0,1.0,0.2,0,16,snr-greedy,0.637000,0.818561
E9,0.2,1.0,0,1.0,1.0,0.2,0,16,snr-greedy-loss,0.671500,0.962461
E9,0.2,1.0,0,1.0,1.0,0.2,0,16,snr-mean,0.599500,0.662148
E9,0.2,1.0,0,1.0,1.0,0.2,0,16,belief,0.674500,0.974974
E9,0.2,1.0,0,1.0,1.0,0.2,0,16,belief-pred,0.674500,0.974974
E9,0.2,1.0,0,1.0,1.0,0.2,0,16,ewma,0.565500,0.520334
E9,0.2,1.0,0,1.0,1.0,0.2,0,16,blend-paper,0.606000,0.689260
E9,0.2,1.0,0,1.0,1.0,0.2,0,16,saf-adaptive,0.674500,0.974974
E9,0.2,1.0,0,1.0,1.0,0.2,0,16,belief-matched,0.674250,0.973931
E9,0.2,1.0,0,1.0,1.0,0.2,0,17,random,0.567000,0.509414
E9,0.2,1.0,0,1.0,1.0,0.2,0,17,round-robin,0.566000,0.505230
E9,0.2,1.0,0,1.0,1.0,0.2,0,17,oracle,0.684250,1.000000
E9,0.2,1.0,0,1.0,1.0,0.2,0,17,snr-greedy,0.645750,0.838912
E9,0.2,1.0,0,1.0,1.0,0.2,0,17,snr-greedy-loss,0.671750,0.947699
E9,0.2,1.0,0,1.0,1.0,0.2,0,17,snr-mean,0.615250,0.711297
E9,0.2,1.0,0,1.0,1.0,0.2,0,17,belief,0.677250,0.970711
E9,0.2,1.0,0,1.0,1.0,0.2,0,17,belief-pred,0.677250,0.970711
E9,0.2,1.0,0,1.0,1.0,0.2,0,17,ewma,0.580000,0.563808
E9,0.2,1.0,0,1.0,1.0,0.2,0,17,blend-paper,0.614750,0.709205
E9,0.2,1.0,0,1.0,1.0,0.2,0,17,saf-adaptive,0.677250,0.970711
E9,0.2,1.0,0,1.0,1.0,0.2,0,17,belief-matched,0.677000,0.969665
E9,0.2,1.0,0,1.0,1.0,0.2,0,18,random,0.544750,0.466229
E9,0.2,1.0,0,1.0,1.0,0.2,0,18,round-robin,0.554250,0.501876
E9,0.2,1.0,0,1.0,1.0,0.2,0,18,oracle,0.687000,1.000000
E9,0.2,1.0,0,1.0,1.0,0.2,0,18,snr-greedy,0.647000,0.849906
E9,0.2,1.0,0,1.0,1.0,0.2,0,18,snr-greedy-loss,0.673500,0.949343
E9,0.2,1.0,0,1.0,1.0,0.2,0,18,snr-mean,0.614500,0.727955
E9,0.2,1.0,0,1.0,1.0,0.2,0,18,belief,0.680250,0.974672
E9,0.2,1.0,0,1.0,1.0,0.2,0,18,belief-pred,0.680250,0.974672
E9,0.2,1.0,0,1.0,1.0,0.2,0,18,ewma,0.586250,0.621951
E9,0.2,1.0,0,1.0,1.0,0.2,0,18,blend-paper,0.610750,0.713884
E9,0.2,1.0,0,1.0,1.0,0.2,0,18,saf-adaptive,0.680250,0.974672
E9,0.2,1.0,0,1.0,1.0,0.2,0,18,belief-matched,0.680750,0.976548
E9,0.2,1.0,0,1.0,1.0,0.2,0,19,random,0.558750,0.496970
E9,0.2,1.0,0,1.0,1.0,0.2,0,19,round-robin,0.558000,0.493939
E9,0.2,1.0,0,1.0,1.0,0.2,0,19,oracle,0.683250,1.000000
E9,0.2,1.0,0,1.0,1.0,0.2,0,19,snr-greedy,0.642750,0.836364
E9,0.2,1.0,0,1.0,1.0,0.2,0,19,snr-greedy-loss,0.672000,0.954545
E9,0.2,1.0,0,1.0,1.0,0.2,0,19,snr-mean,0.608500,0.697980
E9,0.2,1.0,0,1.0,1.0,0.2,0,19,belief,0.675000,0.966667
E9,0.2,1.0,0,1.0,1.0,0.2,0,19,belief-pred,0.675000,0.966667
E9,0.2,1.0,0,1.0,1.0,0.2,0,19,ewma,0.582000,0.590909
E9,0.2,1.0,0,1.0,1.0,0.2,0,19,blend-paper,0.611000,0.708081
E9,0.2,1.0,0,1.0,1.0,0.2,0,19,saf-adaptive,0.675000,0.966667
E9,0.2,1.0,0,1.0,1.0,0.2,0,19,belief-matched,0.675500,0.968687
E9,0.2,1.0,0,1.0,1.0,0.2,0,20,random,0.563000,0.501010
E9,0.2,1.0,0,1.0,1.0,0.2,0,20,round-robin,0.566500,0.515152
E9,0.2,1.0,0,1.0,1.0,0.2,0,20,oracle,0.686500,1.000000
E9,0.2,1.0,0,1.0,1.0,0.2,0,20,snr-greedy,0.647250,0.841414
E9,0.2,1.0,0,1.0,1.0,0.2,0,20,snr-greedy-loss,0.674000,0.949495
E9,0.2,1.0,0,1.0,1.0,0.2,0,20,snr-mean,0.607500,0.680808
E9,0.2,1.0,0,1.0,1.0,0.2,0,20,belief,0.677750,0.964646
E9,0.2,1.0,0,1.0,1.0,0.2,0,20,belief-pred,0.677750,0.964646
E9,0.2,1.0,0,1.0,1.0,0.2,0,20,ewma,0.583000,0.581818
E9,0.2,1.0,0,1.0,1.0,0.2,0,20,blend-paper,0.610750,0.693939
E9,0.2,1.0,0,1.0,1.0,0.2,0,20,saf-adaptive,0.677750,0.964646
E9,0.2,1.0,0,1.0,1.0,0.2,0,20,belief-matched,0.677250,0.962626
E9,0.2,1.0,0,1.0,1.0,0.2,0,21,random,0.557750,0.506931
E9,0.2,1.0,0,1.0,1.0,0.2,0,21,round-robin,0.557250,0.504950
E9,0.2,1.0,0,1.0,1.0,0.2,0,21,oracle,0.682250,1.000000
E9,0.2,1.0,0,1.0,1.0,0.2,0,21,snr-greedy,0.638500,0.826733
E9,0.2,1.0,0,1.0,1.0,0.2,0,21,snr-greedy-loss,0.672250,0.960396
E9,0.2,1.0,0,1.0,1.0,0.2,0,21,snr-mean,0.596750,0.661386
E9,0.2,1.0,0,1.0,1.0,0.2,0,21,belief,0.673250,0.964356
E9,0.2,1.0,0,1.0,1.0,0.2,0,21,belief-pred,0.673250,0.964356
E9,0.2,1.0,0,1.0,1.0,0.2,0,21,ewma,0.582000,0.602970
E9,0.2,1.0,0,1.0,1.0,0.2,0,21,blend-paper,0.607750,0.704950
E9,0.2,1.0,0,1.0,1.0,0.2,0,21,saf-adaptive,0.673250,0.964356
E9,0.2,1.0,0,1.0,1.0,0.2,0,21,belief-matched,0.674250,0.968317
E9,0.2,1.0,0,1.0,1.0,0.2,0,22,random,0.567750,0.486911
E9,0.2,1.0,0,1.0,1.0,0.2,0,22,round-robin,0.567500,0.485864
E9,0.2,1.0,0,1.0,1.0,0.2,0,22,oracle,0.690250,1.000000
E9,0.2,1.0,0,1.0,1.0,0.2,0,22,snr-greedy,0.655000,0.852356
E9,0.2,1.0,0,1.0,1.0,0.2,0,22,snr-greedy-loss,0.678500,0.950785
E9,0.2,1.0,0,1.0,1.0,0.2,0,22,snr-mean,0.603500,0.636649
E9,0.2,1.0,0,1.0,1.0,0.2,0,22,belief,0.682250,0.966492
E9,0.2,1.0,0,1.0,1.0,0.2,0,22,belief-pred,0.682250,0.966492
E9,0.2,1.0,0,1.0,1.0,0.2,0,22,ewma,0.569000,0.492147
E9,0.2,1.0,0,1.0,1.0,0.2,0,22,blend-paper,0.620000,0.705759
E9,0.2,1.0,0,1.0,1.0,0.2,0,22,saf-adaptive,0.682250,0.966492
E9,0.2,1.0,0,1.0,1.0,0.2,0,22,belief-matched,0.682250,0.966492
E9,0.2,1.0,0,1.0,1.0,0.2,0,23,random,0.558000,0.492739
E9,0.2,1.0,0,1.0,1.0,0.2,0,23,round-robin,0.556000,0.484440
E9,0.2,1.0,0,1.0,1.0,0.2,0,23,oracle,0.680250,1.000000
E9,0.2,1.0,0,1.0,1.0,0.2,0,23,snr-greedy,0.636250,0.817427
E9,0.2,1.0,0,1.0,1.0,0.2,0,23,snr-greedy-loss,0.666250,0.941909
E9,0.2,1.0,0,1.0,1.0,0.2,0,23,snr-mean,0.605750,0.690871
E9,0.2,1.0,0,1.0,1.0,0.2,0,23,belief,0.671750,0.964730
E9,0.2,1.0,0,1.0,1.0,0.2,0,23,belief-pred,0.671750,0.964730
E9,0.2,1.0,0,1.0,1.0,0.2,0,23,ewma,0.596750,0.653527
E9,0.2,1.0,0,1.0,1.0,0.2,0,23,blend-paper,0.620000,0.750000
E9,0.2,1.0,0,1.0,1.0,0.2,0,23,saf-adaptive,0.671750,0.964730
E9,0.2,1.0,0,1.0,1.0,0.2,0,23,belief-matched,0.671750,0.964730
E9,0.2,1.0,0,1.0,1.0,0.2,0,24,random,0.554500,0.492110
E9,0.2,1.0,0,1.0,1.0,0.2,0,24,round-robin,0.553750,0.489152
E9,0.2,1.0,0,1.0,1.0,0.2,0,24,oracle,0.683250,1.000000
E9,0.2,1.0,0,1.0,1.0,0.2,0,24,snr-greedy,0.633750,0.804734
E9,0.2,1.0,0,1.0,1.0,0.2,0,24,snr-greedy-loss,0.673000,0.959566
E9,0.2,1.0,0,1.0,1.0,0.2,0,24,snr-mean,0.608000,0.703156
E9,0.2,1.0,0,1.0,1.0,0.2,0,24,belief,0.674750,0.966469
E9,0.2,1.0,0,1.0,1.0,0.2,0,24,belief-pred,0.674750,0.966469
E9,0.2,1.0,0,1.0,1.0,0.2,0,24,ewma,0.589750,0.631164
E9,0.2,1.0,0,1.0,1.0,0.2,0,24,blend-paper,0.612000,0.718935
E9,0.2,1.0,0,1.0,1.0,0.2,0,24,saf-adaptive,0.674500,0.965483
E9,0.2,1.0,0,1.0,1.0,0.2,0,24,belief-matched,0.675500,0.969428
E9,0.2,1.0,0,1.0,1.0,0.2,0,25,random,0.559500,0.489861
E9,0.2,1.0,0,1.0,1.0,0.2,0,25,round-robin,0.560500,0.494130
E9,0.2,1.0,0,1.0,1.0,0.2,0,25,oracle,0.679000,1.000000
E9,0.2,1.0,0,1.0,1.0,0.2,0,25,snr-greedy,0.635000,0.812166
E9,0.2,1.0,0,1.0,1.0,0.2,0,25,snr-greedy-loss,0.667500,0.950907
E9,0.2,1.0,0,1.0,1.0,0.2,0,25,snr-mean,0.603500,0.677695
E9,0.2,1.0,0,1.0,1.0,0.2,0,25,belief,0.672750,0.973319
E9,0.2,1.0,0,1.0,1.0,0.2,0,25,belief-pred,0.672750,0.973319
E9,0.2,1.0,0,1.0,1.0,0.2,0,25,ewma,0.564500,0.511206
E9,0.2,1.0,0,1.0,1.0,0.2,0,25,blend-paper,0.610000,0.705443
E9,0.2,1.0,0,1.0,1.0,0.2,0,25,saf-adaptive,0.672750,0.973319
E9,0.2,1.0,0,1.0,1.0,0.2,0,25,belief-matched,0.672750,0.973319
E9,0.2,1.0,0,1.0,1.0,0.2,0,26,random,0.571000,0.514940
E9,0.2,1.0,0,1.0,1.0,0.2,0,26,round-robin,0.570750,0.513944
E9,0.2,1.0,0,1.0,1.0,0.2,0,26,oracle,0.692750,1.000000
E9,0.2,1.0,0,1.0,1.0,0.2,0,26,snr-greedy,0.650000,0.829681
E9,0.2,1.0,0,1.0,1.0,0.2,0,26,snr-greedy-loss,0.679500,0.947211
E9,0.2,1.0,0,1.0,1.0,0.2,0,26,snr-mean,0.614000,0.686255
E9,0.2,1.0,0,1.0,1.0,0.2,0,26,belief,0.685000,0.969124
E9,0.2,1.0,0,1.0,1.0,0.2,0,26,belief-pred,0.685000,0.969124
E9,0.2,1.0,0,1.0,1.0,0.2,0,26,ewma,0.598500,0.624502
E9,0.2,1.0,0,1.0,1.0,0.2,0,26,blend-paper,0.628250,0.743028
E9,0.2,1.0,0,1.0,1.0,0.2,0,26,saf-adaptive,0.685000,0.969124
E9,0.2,1.0,0,1.0,1.0,0.2,0,26,belief-matched,0.686000,0.973108
E9,0.2,1.0,0,1.0,1.0,0.2,0,27,random,0.560000,0.494461
E9,0.2,1.0,0,1.0,1.0,0.2,0,27,round-robin,0.561500,0.500504
E9,0.2,1.0,0,1.0,1.0,0.2,0,27,oracle,0.685500,1.000000
E9,0.2,1.0,0,1.0,1.0,0.2,0,27,snr-greedy,0.636500,0.802618
E9,0.2,1.0,0,1.0,1.0,0.2,0,27,snr-greedy-loss,0.672750,0.948640
E9,0.2,1.0,0,1.0,1.0,0.2,0,27,snr-mean,0.606250,0.680765
E9,0.2,1.0,0,1.0,1.0,0.2,0,27,belief,0.677500,0.967774
E9,0.2,1.0,0,1.0,1.0,0.2,0,27,belief-pred,0.677500,0.967774
E9,0.2,1.0,0,1.0,1.0,0.2,0,27,ewma,0.579500,0.573011
E9,0.2,1.0,0,1.0,1.0,0.2,0,27,blend-paper,0.600000,0.655589
E9,0.2,1.0,0,1.0,1.0,0.2,0,27,saf-adaptive,0.677500,0.967774
E9,0.2,1.0,0,1.0,1.0,0.2,0,27,belief-matched,0.677750,0.968781
E9,0.2,1.0,0,1.0,1.0,0.2,0,28,random,0.567500,0.510053
E9,0.2,1.0,0,1.0,1.0,0.2,0,28,round-robin,0.566750,0.506878
E9,0.2,1.0,0,1.0,1.0,0.2,0,28,oracle,0.683250,1.000000
E9,0.2,1.0,0,1.0,1.0,0.2,0,28,snr-greedy,0.640000,0.816931
E9,0.2,1.0,0,1.0,1.0,0.2,0,28,snr-greedy-loss,0.673000,0.956614
E9,0.2,1.0,0,1.0,1.0,0.2,0,28,snr-mean,0.609750,0.688889
E9,0.2,1.0,0,1.0,1.0,0.2,0,28,belief,0.677250,0.974603
E9,0.2,1.0,0,1.0,1.0,0.2,0,28,belief-pred,0.677250,0.974603
E9,0.2,1.0,0,1.0,1.0,0.2,0,28,ewma,0.582500,0.573545
E9,0.2,1.0,0,1.0,1.0,0.2,0,28,blend-paper,0.616750,0.718519
E9,0.2,1.0,0,1.0,1.0,0.2,0,28,saf-adaptive,0.677250,0.974603
E9,0.2,1.0,0,1.0,1.0,0.2,0,28,belief-matched,0.677250,0.974603
E9,0.2,1.0,0,1.0,1.0,0.2,0,29,random,0.563750,0.477131
E9,0.2,1.0,0,1.0,1.0,0.2,0,29,round-robin,0.565250,0.483368
E9,0.2,1.0,0,1.0,1.0,0.2,0,29,oracle,0.689500,1.000000
E9,0.2,1.0,0,1.0,1.0,0.2,0,29,snr-greedy,0.646500,0.821206
E9,0.2,1.0,0,1.0,1.0,0.2,0,29,snr-greedy-loss,0.676750,0.946985
E9,0.2,1.0,0,1.0,1.0,0.2,0,29,snr-mean,0.612250,0.678794
E9,0.2,1.0,0,1.0,1.0,0.2,0,29,belief,0.680750,0.963617
E9,0.2,1.0,0,1.0,1.0,0.2,0,29,belief-pred,0.680750,0.963617
E9,0.2,1.0,0,1.0,1.0,0.2,0,29,ewma,0.593750,0.601871
E9,0.2,1.0,0,1.0,1.0,0.2,0,29,blend-paper,0.623000,0.723493
E9,0.2,1.0,0,1.0,1.0,0.2,0,29,saf-adaptive,0.680750,0.963617
E9,0.2,1.0,0,1.0,1.0,0.2,0,29,belief-matched,0.680500,0.962578
E9,0.2,1.0,0,1.0,1.0,0.2,0,30,random,0.554000,0.502478
E9,0.2,1.0,0,1.0,1.0,0.2,0,30,round-robin,0.552250,0.495540
E9,0.2,1.0,0,1.0,1.0,0.2,0,30,oracle,0.679500,1.000000
E9,0.2,1.0,0,1.0,1.0,0.2,0,30,snr-greedy,0.634750,0.822597
E9,0.2,1.0,0,1.0,1.0,0.2,0,30,snr-greedy-loss,0.667500,0.952428
E9,0.2,1.0,0,1.0,1.0,0.2,0,30,snr-mean,0.600750,0.687810
E9,0.2,1.0,0,1.0,1.0,0.2,0,30,belief,0.672250,0.971259
E9,0.2,1.0,0,1.0,1.0,0.2,0,30,belief-pred,0.672250,0.971259
E9,0.2,1.0,0,1.0,1.0,0.2,0,30,ewma,0.574250,0.582755
E9,0.2,1.0,0,1.0,1.0,0.2,0,30,blend-paper,0.611500,0.730426
E9,0.2,1.0,0,1.0,1.0,0.2,0,30,saf-adaptive,0.672250,0.971259
E9,0.2,1.0,0,1.0,1.0,0.2,0,30,belief-matched,0.671750,0.969277
E9,0.2,1.0,0,1.0,1.0,0.2,0,31,random,0.561250,0.498483
E9,0.2,1.0,0,1.0,1.0,0.2,0,31,round-robin,0.561250,0.498483
E9,0.2,1.0,0,1.0,1.0,0.2,0,31,oracle,0.685250,1.000000
E9,0.2,1.0,0,1.0,1.0,0.2,0,31,snr-greedy,0.641250,0.822042
E9,0.2,1.0,0,1.0,1.0,0.2,0,31,snr-greedy-loss,0.674250,0.955511
E9,0.2,1.0,0,1.0,1.0,0.2,0,31,snr-mean,0.609250,0.692619
E9,0.2,1.0,0,1.0,1.0,0.2,0,31,belief,0.678500,0.972700
E9,0.2,1.0,0,1.0,1.0,0.2,0,31,belief-pred,0.678500,0.972700
E9,0.2,1.0,0,1.0,1.0,0.2,0,31,ewma,0.584000,0.590495
E9,0.2,1.0,0,1.0,1.0,0.2,0,31,blend-paper,0.617250,0.724975
E9,0.2,1.0,0,1.0,1.0,0.2,0,31,saf-adaptive,0.678500,0.972700
E9,0.2,1.0,0,1.0,1.0,0.2,0,31,belief-matched,0.678750,0.973711
E9,0.2,1.0,0,1.0,1.0,0.2,0,32,random,0.557500,0.480652
E9,0.2,1.0,0,1.0,1.0,0.2,0,32,round-robin,0.558250,0.483707
E9,0.2,1.0,0,1.0,1.0,0.2,0,32,oracle,0.685000,1.000000
E9,0.2,1.0,0,1.0,1.0,0.2,0,32,snr-greedy,0.641500,0.822811
E9,0.2,1.0,0,1.0,1.0,0.2,0,32,snr-greedy-loss,0.675250,0.960285
E9,0.2,1.0,0,1.0,1.0,0.2,0,32,snr-mean,0.618000,0.727088
E9,0.2,1.0,0,1.0,1.0,0.2,0,32,belief,0.678250,0.972505
E9,0.2,1.0,0,1.0,1.0,0.2,0,32,belief-pred,0.678250,0.972505
E9,0.2,1.0,0,1.0,1.0,0.2,0,32,ewma,0.595000,0.633401
E9,0.2,1.0,0,1.0,1.0,0.2,0,32,blend-paper,0.627500,0.765784
E9,0.2,1.0,0,1.0,1.0,0.2,0,32,saf-adaptive,0.677750,0.970468
E9,0.2,1.0,0,1.0,1.0,0.2,0,32,belief-matched,0.678500,0.973523
E9,0.2,1.0,0,1.0,1.0,0.2,0,33,random,0.568250,0.516684
E9,0.2,1.0,0,1.0,1.0,0.2,0,33,round-robin,0.561750,0.490394
E9,0.2,1.0,0,1.0,1.0,0.2,0,33,oracle,0.687750,1.000000
E9,0.2,1.0,0,1.0,1.0,0.2,0,33,snr-greedy,0.638500,0.800809
E9,0.2,1.0,0,1.0,1.0,0.2,0,33,snr-greedy-loss,0.676750,0.955511
E9,0.2,1.0,0,1.0,1.0,0.2,0,33,snr-mean,0.610250,0.686552
E9,0.2,1.0,0,1.0,1.0,0.2,0,33,belief,0.680500,0.970677
E9,0.2,1.0,0,1.0,1.0,0.2,0,33,belief-pred,0.680500,0.970677
E9,0.2,1.0,0,1.0,1.0,0.2,0,33,ewma,0.601750,0.652174
E9,0.2,1.0,0,1.0,1.0,0.2,0,33,blend-paper,0.626500,0.752275
E9,0.2,1.0,0,1.0,1.0,0.2,0,33,saf-adaptive,0.680250,0.969666
E9,0.2,1.0,0,1.0,1.0,0.2,0,33,belief-matched,0.680250,0.969666
E9,0.2,1.0,0,1.0,1.0,0.2,0,34,random,0.561250,0.509824
E9,0.2,1.0,0,1.0,1.0,0.2,0,34,round-robin,0.557500,0.494312
E9,0.2,1.0,0,1.0,1.0,0.2,0,34,oracle,0.679750,1.000000
E9,0.2,1.0,0,1.0,1.0,0.2,0,34,snr-greedy,0.636750,0.822130
E9,0.2,1.0,0,1.0,1.0,0.2,0,34,snr-greedy-loss,0.669750,0.958635
E9,0.2,1.0,0,1.0,1.0,0.2,0,34,snr-mean,0.592250,0.638056
E9,0.2,1.0,0,1.0,1.0,0.2,0,34,belief,0.673250,0.973113
E9,0.2,1.0,0,1.0,1.0,0.2,0,34,belief-pred,0.673250,0.973113
E9,0.2,1.0,0,1.0,1.0,0.2,0,34,ewma,0.574250,0.563599
E9,0.2,1.0,0,1.0,1.0,0.2,0,34,blend-paper,0.608750,0.706308
E9,0.2,1.0,0,1.0,1.0,0.2,0,34,saf-adaptive,0.673250,0.973113
E9,0.2,1.0,0,1.0,1.0,0.2,0,34,belief-matched,0.673000,0.972079
E9,0.2,1.0,0,1.0,1.0,0.2,0,35,random,0.567250,0.491803
E9,0.2,1.0,0,1.0,1.0,0.2,0,35,round-robin,0.570000,0.503074
E9,0.2,1.0,0,1.0,1.0,0.2,0,35,oracle,0.691250,1.000000
E9,0.2,1.0,0,1.0,1.0,0.2,0,35,snr-greedy,0.648000,0.822746
E9,0.2,1.0,0,1.0,1.0,0.2,0,35,snr-greedy-loss,0.680500,0.955943
E9,0.2,1.0,0,1.0,1.0,0.2,0,35,snr-mean,0.613750,0.682377
E9,0.2,1.0,0,1.0,1.0,0.2,0,35,belief,0.682500,0.964139
E9,0.2,1.0,0,1.0,1.0,0.2,0,35,belief-pred,0.682500,0.964139
E9,0.2,1.0,0,1.0,1.0,0.2,0,35,ewma,0.590000,0.585041
E9,0.2,1.0,0,1.0,1.0,0.2,0,35,blend-paper,0.623750,0.723361
E9,0.2,1.0,0,1.0,1.0,0.2,0,35,saf-adaptive,0.682500,0.964139
E9,0.2,1.0,0,1.0,1.0,0.2,0,35,belief-matched,0.683250,0.967213
E9,0.2,1.0,0,1.0,1.0,0.2,0,36,random,0.566250,0.498419
E9,0.2,1.0,0,1.0,1.0,0.2,0,36,round-robin,0.568500,0.507903
E9,0.2,1.0,0,1.0,1.0,0.2,0,36,oracle,0.685250,1.000000
E9,0.2,1.0,0,1.0,1.0,0.2,0,36,snr-greedy,0.641750,0.816649
E9,0.2,1.0,0,1.0,1.0,0.2,0,36,snr-greedy-loss,0.673000,0.948367
E9,0.2,1.0,0,1.0,1.0,0.2,0,36,snr-mean,0.605750,0.664910
E9,0.2,1.0,0,1.0,1.0,0.2,0,36,belief,0.680000,0.977871
E9,0.2,1.0,0,1.0,1.0,0.2,0,36,belief-pred,0.680000,0.977871
E9,0.2,1.0,0,1.0,1.0,0.2,0,36,ewma,0.565250,0.494204
E9,0.2,1.0,0,1.0,1.0,0.2,0,36,blend-paper,0.614750,0.702845
E9,0.2,1.0,0,1.0,1.0,0.2,0,36,saf-adaptive,0.679750,0.976818
E9,0.2,1.0,0,1.0,1.0,0.2,0,36,belief-matched,0.679500,0.975764
E9,0.2,1.0,0,1.0,1.0,0.2,0,37,random,0.574750,0.529472
E9,0.2,1.0,0,1.0,1.0,0.2,0,37,round-robin,0.568250,0.503049
E9,0.2,1.0,0,1.0,1.0,0.2,0,37,oracle,0.690500,1.000000
E9,0.2,1.0,0,1.0,1.0,0.2,0,37,snr-greedy,0.649750,0.834350
E9,0.2,1.0,0,1.0,1.0,0.2,0,37,snr-greedy-loss,0.678500,0.951220
E9,0.2,1.0,0,1.0,1.0,0.2,0,37,snr-mean,0.624000,0.729675
E9,0.2,1.0,0,1.0,1.0,0.2,0,37,belief,0.684250,0.974593
E9,0.2,1.0,0,1.0,1.0,0.2,0,37,belief-pred,0.684250,0.974593
E9,0.2,1.0,0,1.0,1.0,0.2,0,37,ewma,0.606000,0.656504
E9,0.2,1.0,0,1.0,1.0,0.2,0,37,blend-paper,0.623250,0.726626
E9,0.2,1.0,0,1.0,1.0,0.2,0,37,saf-adaptive,0.684250,0.974593
E9,0.2,1.0,0,1.0,1.0,0.2,0,37,belief-matched,0.684000,0.973577
E9,0.2,1.0,0,1.0,1.0,0.2,0,38,random,0.571750,0.497972
E9,0.2,1.0,0,1.0,1.0,0.2,0,38,round-robin,0.576500,0.517241
E9,0.2,1.0,0,1.0,1.0,0.2,0,38,oracle,0.695500,1.000000
E9,0.2,1.0,0,1.0,1.0,0.2,0,38,snr-greedy,0.649250,0.812373
E9,0.2,1.0,0,1.0,1.0,0.2,0,38,snr-greedy-loss,0.683500,0.951318
E9,0.2,1.0,0,1.0,1.0,0.2,0,38,snr-mean,0.615500,0.675456
E9,0.2,1.0,0,1.0,1.0,0.2,0,38,belief,0.688250,0.970588
E9,0.2,1.0,0,1.0,1.0,0.2,0,38,belief-pred,0.688250,0.970588
E9,0.2,1.0,0,1.0,1.0,0.2,0,38,ewma,0.585750,0.554767
E9,0.2,1.0,0,1.0,1.0,0.2,0,38,blend-paper,0.619500,0.691684
E9,0.2,1.0,0,1.0,1.0,0.2,0,38,saf-adaptive,0.688250,0.970588
E9,0.2,1.0,0,1.0,1.0,0.2,0,38,belief-matched,0.688750,0.972617
E9,0.2,1.0,0,1.0,1.0,0.2,0,39,random,0.563000,0.495992
E9,0.2,1.0,0,1.0,1.0,0.2,0,39,round-robin,0.564500,0.502004
E9,0.2,1.0,0,1.0,1.0,0.2,0,39,oracle,0.688750,1.000000
E9,0.2,1.0,0,1.0,1.0,0.2,0,39,snr-greedy,0.637750,0.795591
E9,0.2,1.0,0,1.0,1.0,0.2,0,39,snr-greedy-loss,0.673750,0.939880
E9,0.2,1.0,0,1.0,1.0,0.2,0,39,snr-mean,0.618000,0.716433
E9,0.2,1.0,0,1.0,1.0,0.2,0,39,belief,0.680250,0.965932
E9,0.2,1.0,0,1.0,1.0,0.2,0,39,belief-pred,0.680250,0.965932
E9,0.2,1.0,0,1.0,1.0,0.2,0,39,ewma,0.581250,0.569138
E9,0.2,1.0,0,1.0,1.0,0.2,0,39,blend-paper,0.622250,0.733467
E9,0.2,1.0,0,1.0,1.0,0.2,0,39,saf-adaptive,0.680250,0.965932
E9,0.2,1.0,0,1.0,1.0,0.2,0,39,belief-matched,0.680250,0.965932
E9,0.2,1.0,0,1.0,1.0,0.2,0,40,random,0.562250,0.533804
E9,0.2,1.0,0,1.0,1.0,0.2,0,40,round-robin,0.554500,0.502523
E9,0.2,1.0,0,1.0,1.0,0.2,0,40,oracle,0.677750,1.000000
E9,0.2,1.0,0,1.0,1.0,0.2,0,40,snr-greedy,0.635250,0.828456
E9,0.2,1.0,0,1.0,1.0,0.2,0,40,snr-greedy-loss,0.665750,0.951564
E9,0.2,1.0,0,1.0,1.0,0.2,0,40,snr-mean,0.590000,0.645812
E9,0.2,1.0,0,1.0,1.0,0.2,0,40,belief,0.671750,0.975782
E9,0.2,1.0,0,1.0,1.0,0.2,0,40,belief-pred,0.671750,0.975782
E9,0.2,1.0,0,1.0,1.0,0.2,0,40,ewma,0.564750,0.543895
E9,0.2,1.0,0,1.0,1.0,0.2,0,40,blend-paper,0.601500,0.692230
E9,0.2,1.0,0,1.0,1.0,0.2,0,40,saf-adaptive,0.671750,0.975782
E9,0.2,1.0,0,1.0,1.0,0.2,0,40,belief-matched,0.671500,0.974773
E9,0.2,1.0,0,1.0,1.0,0.2,0,41,random,0.553500,0.473738
E9,0.2,1.0,0,1.0,1.0,0.2,0,41,round-robin,0.559000,0.496395
E9,0.2,1.0,0,1.0,1.0,0.2,0,41,oracle,0.681250,1.000000
E9,0.2,1.0,0,1.0,1.0,0.2,0,41,snr-greedy,0.640250,0.831102
E9,0.2,1.0,0,1.0,1.0,0.2,0,41,snr-greedy-loss,0.673000,0.966014
E9,0.2,1.0,0,1.0,1.0,0.2,0,41,snr-mean,0.595750,0.647786
E9,0.2,1.0,0,1.0,1.0,0.2,0,41,belief,0.675250,0.975283
E9,0.2,1.0,0,1.0,1.0,0.2,0,41,belief-pred,0.675250,0.975283
E9,0.2,1.0,0,1.0,1.0,0.2,0,41,ewma,0.584500,0.601442
E9,0.2,1.0,0,1.0,1.0,0.2,0,41,blend-paper,0.613750,0.721936
E9,0.2,1.0,0,1.0,1.0,0.2,0,41,saf-adaptive,0.675250,0.975283
E9,0.2,1.0,0,1.0,1.0,0.2,0,41,belief-matched,0.674250,0.971164
E9,0.2,1.0,0,1.0,1.0,0.2,0,42,random,0.552500,0.510978
E9,0.2,1.0,0,1.0,1.0,0.2,0,42,round-robin,0.546750,0.488024
E9,0.2,1.0,0,1.0,1.0,0.2,0,42,oracle,0.675000,1.000000
E9,0.2,1.0,0,1.0,1.0,0.2,0,42,snr-greedy,0.635500,0.842315
E9,0.2,1.0,0,1.0,1.0,0.2,0,42,snr-greedy-loss,0.664750,0.959082
E9,0.2,1.0,0,1.0,1.0,0.2,0,42,snr-mean,0.591000,0.664671
E9,0.2,1.0,0,1.0,1.0,0.2,0,42,belief,0.669000,0.976048
E9,0.2,1.0,0,1.0,1.0,0.2,0,42,belief-pred,0.669000,0.976048
E9,0.2,1.0,0,1.0,1.0,0.2,0,42,ewma,0.588000,0.652695
E9,0.2,1.0,0,1.0,1.0,0.2,0,42,blend-paper,0.608750,0.735529
E9,0.2,1.0,0,1.0,1.0,0.2,0,42,saf-adaptive,0.669000,0.976048
E9,0.2,1.0,0,1.0,1.0,0.2,0,42,belief-matched,0.668250,0.973054
E9,0.2,1.0,0,1.0,1.0,0.2,0,43,random,0.562750,0.506694
E9,0.2,1.0,0,1.0,1.0,0.2,0,43,round-robin,0.561000,0.499485
E9,0.2,1.0,0,1.0,1.0,0.2,0,43,oracle,0.682500,1.000000
E9,0.2,1.0,0,1.0,1.0,0.2,0,43,snr-greedy,0.639250,0.821833
E9,0.2,1.0,0,1.0,1.0,0.2,0,43,snr-greedy-loss,0.671750,0.955716
E9,0.2,1.0,0,1.0,1.0,0.2,0,43,snr-mean,0.606250,0.685891
E9,0.2,1.0,0,1.0,1.0,0.2,0,43,belief,0.675500,0.971164
E9,0.2,1.0,0,1.0,1.0,0.2,0,43,belief-pred,0.675500,0.971164
E9,0.2,1.0,0,1.0,1.0,0.2,0,43,ewma,0.581250,0.582904
E9,0.2,1.0,0,1.0,1.0,0.2,0,43,blend-paper,0.617000,0.730175
E9,0.2,1.0,0,1.0,1.0,0.2,0,43,saf-adaptive,0.675500,0.971164
E9,0.2,1.0,0,1.0,1.0,0.2,0,43,belief-matched,0.676000,0.973223
E9,0.2,1.0,0,1.0,1.0,0.2,0,44,random,0.566750,0.501577
E9,0.2,1.0,0,1.0,1.0,0.2,0,44,round-robin,0.569500,0.513144
E9,0.2,1.0,0,1.0,1.0,0.2,0,44,oracle,0.685250,1.000000
E9,0.2,1.0,0,1.0,1.0,0.2,0,44,snr-greedy,0.646000,0.834911
E9,0.2,1.0,0,1.0,1.0,0.2,0,44,snr-greedy-loss,0.672500,0.946372
E9,0.2,1.0,0,1.0,1.0,0.2,0,44,snr-mean,0.610750,0.686646
E9,0.2,1.0,0,1.0,1.0,0.2,0,44,belief,0.677000,0.965300
E9,0.2,1.0,0,1.0,1.0,0.2,0,44,belief-pred,0.677000,0.965300
E9,0.2,1.0,0,1.0,1.0,0.2,0,44,ewma,0.605500,0.664564
E9,0.2,1.0,0,1.0,1.0,0.2,0,44,blend-paper,0.623750,0.741325
E9,0.2,1.0,0,1.0,1.0,0.2,0,44,saf-adaptive,0.677000,0.965300
E9,0.2,1.0,0,1.0,1.0,0.2,0,44,belief-matched,0.676500,0.963197
E9,0.2,1.0,0,1.0,1.0,0.2,0,45,random,0.558250,0.508565
E9,0.2,1.0,0,1.0,1.0,0.2,0,45,round-robin,0.557000,0.503212
E9,0.2,1.0,0,1.0,1.0,0.2,0,45,oracle,0.673000,1.000000
E9,0.2,1.0,0,1.0,1.0,0.2,0,45,snr-greedy,0.632750,0.827623
E9,0.2,1.0,0,1.0,1.0,0.2,0,45,snr-greedy-loss,0.665500,0.967880
E9,0.2,1.0,0,1.0,1.0,0.2,0,45,snr-mean,0.600500,0.689507
E9,0.2,1.0,0,1.0,1.0,0.2,0,45,belief,0.668500,0.980728
E9,0.2,1.0,0,1.0,1.0,0.2,0,45,belief-pred,0.668500,0.980728
E9,0.2,1.0,0,1.0,1.0,0.2,0,45,ewma,0.557000,0.503212
E9,0.2,1.0,0,1.0,1.0,0.2,0,45,blend-paper,0.602250,0.697002
E9,0.2,1.0,0,1.0,1.0,0.2,0,45,saf-adaptive,0.668500,0.980728
E9,0.2,1.0,0,1.0,1.0,0.2,0,45,belief-matched,0.669000,0.982869
E9,0.2,1.0,0,1.0,1.0,0.2,0,46,random,0.560000,0.504124
E9,0.2,1.0,0,1.0,1.0,0.2,0,46,round-robin,0.557500,0.493814
E9,0.2,1.0,0,1.0,1.0,0.2,0,46,oracle,0.680250,1.000000
E9,0.2,1.0,0,1.0,1.0,0.2,0,46,snr-greedy,0.640750,0.837113
E9,0.2,1.0,0,1.0,1.0,0.2,0,46,snr-greedy-loss,0.672500,0.968041
E9,0.2,1.0,0,1.0,1.0,0.2,0,46,snr-mean,0.601250,0.674227
E9,0.2,1.0,0,1.0,1.0,0.2,0,46,belief,0.674250,0.975258
E9,0.2,1.0,0,1.0,1.0,0.2,0,46,belief-pred,0.674250,0.975258
E9,0.2,1.0,0,1.0,1.0,0.2,0,46,ewma,0.585000,0.607216
E9,0.2,1.0,0,1.0,1.0,0.2,0,46,blend-paper,0.614000,0.726804
E9,0.2,1.0,0,1.0,1.0,0.2,0,46,saf-adaptive,0.674250,0.975258
E9,0.2,1.0,0,1.0,1.0,0.2,0,46,belief-matched,0.674250,0.975258
E9,0.2,1.0,0,1.0,1.0,0.2,0,47,random,0.565500,0.503992
E9,0.2,1.0,0,1.0,1.0,0.2,0,47,round-robin,0.566500,0.507984
E9,0.2,1.0,0,1.0,1.0,0.2,0,47,oracle,0.689750,1.000000
E9,0.2,1.0,0,1.0,1.0,0.2,0,47,snr-greedy,0.652250,0.850299
E9,0.2,1.0,0,1.0,1.0,0.2,0,47,snr-greedy-loss,0.677250,0.950100
E9,0.2,1.0,0,1.0,1.0,0.2,0,47,snr-mean,0.614500,0.699601
E9,0.2,1.0,0,1.0,1.0,0.2,0,47,belief,0.681750,0.968064
E9,0.2,1.0,0,1.0,1.0,0.2,0,47,belief-pred,0.681750,0.968064
E9,0.2,1.0,0,1.0,1.0,0.2,0,47,ewma,0.567750,0.512974
E9,0.2,1.0,0,1.0,1.0,0.2,0,47,blend-paper,0.616500,0.707585
E9,0.2,1.0,0,1.0,1.0,0.2,0,47,saf-adaptive,0.681500,0.967066
E9,0.2,1.0,0,1.0,1.0,0.2,0,47,belief-matched,0.683000,0.973054
E9,0.2,1.0,0,1.0,1.0,0.2,0,48,random,0.560750,0.504683
E9,0.2,1.0,0,1.0,1.0,0.2,0,48,round-robin,0.555500,0.482830
E9,0.2,1.0,0,1.0,1.0,0.2,0,48,oracle,0.679750,1.000000
E9,0.2,1.0,0,1.0,1.0,0.2,0,48,snr-greedy,0.636750,0.821020
E9,0.2,1.0,0,1.0,1.0,0.2,0,48,snr-greedy-loss,0.671000,0.963580
E9,0.2,1.0,0,1.0,1.0,0.2,0,48,snr-mean,0.609000,0.705515
E9,0.2,1.0,0,1.0,1.0,0.2,0,48,belief,0.672750,0.970864
E9,0.2,1.0,0,1.0,1.0,0.2,0,48,belief-pred,0.672750,0.970864
E9,0.2,1.0,0,1.0,1.0,0.2,0,48,ewma,0.568250,0.535900
E9,0.2,1.0,0,1.0,1.0,0.2,0,48,blend-paper,0.623000,0.763788
E9,0.2,1.0,0,1.0,1.0,0.2,0,48,saf-adaptive,0.672750,0.970864
E9,0.2,1.0,0,1.0,1.0,0.2,0,48,belief-matched,0.672750,0.970864
E9,0.2,1.0,0,1.0,1.0,0.2,0,49,random,0.561500,0.513402
E9,0.2,1.0,0,1.0,1.0,0.2,0,49,round-robin,0.561750,0.514433
E9,0.2,1.0,0,1.0,1.0,0.2,0,49,oracle,0.679500,1.000000
E9,0.2,1.0,0,1.0,1.0,0.2,0,49,snr-greedy,0.638000,0.828866
E9,0.2,1.0,0,1.0,1.0,0.2,0,49,snr-greedy-loss,0.669500,0.958763
E9,0.2,1.0,0,1.0,1.0,0.2,0,49,snr-mean,0.598500,0.665979
E9,0.2,1.0,0,1.0,1.0,0.2,0,49,belief,0.672250,0.970103
E9,0.2,1.0,0,1.0,1.0,0.2,0,49,belief-pred,0.672250,0.970103
E9,0.2,1.0,0,1.0,1.0,0.2,0,49,ewma,0.568000,0.540206
E9,0.2,1.0,0,1.0,1.0,0.2,0,49,blend-paper,0.599500,0.670103
E9,0.2,1.0,0,1.0,1.0,0.2,0,49,saf-adaptive,0.672250,0.970103
E9,0.2,1.0,0,1.0,1.0,0.2,0,49,belief-matched,0.672750,0.972165
E9,0.2,1.0,0,1.0,2.0,0.2,0,0,random,0.560000,0.493952
E9,0.2,1.0,0,1.0,2.0,0.2,0,0,round-robin,0.559500,0.491935
E9,0.2,1.0,0,1.0,2.0,0.2,0,0,oracle,0.685500,1.000000
E9,0.2,1.0,0,1.0,2.0,0.2,0,0,snr-greedy,0.632000,0.784274
E9,0.2,1.0,0,1.0,2.0,0.2,0,0,snr-greedy-loss,0.670750,0.940524
E9,0.2,1.0,0,1.0,2.0,0.2,0,0,snr-mean,0.621500,0.741935
E9,0.2,1.0,0,1.0,2.0,0.2,0,0,belief,0.670250,0.938508
E9,0.2,1.0,0,1.0,2.0,0.2,0,0,belief-pred,0.670250,0.938508
E9,0.2,1.0,0,1.0,2.0,0.2,0,0,ewma,0.595250,0.636089
E9,0.2,1.0,0,1.0,2.0,0.2,0,0,blend-paper,0.619750,0.734879
E9,0.2,1.0,0,1.0,2.0,0.2,0,0,saf-adaptive,0.670250,0.938508
E9,0.2,1.0,0,1.0,2.0,0.2,0,0,belief-matched,0.674750,0.956653
E9,0.2,1.0,0,1.0,2.0,0.2,0,1,random,0.565000,0.491919
E9,0.2,1.0,0,1.0,2.0,0.2,0,1,round-robin,0.567250,0.501010
E9,0.2,1.0,0,1.0,2.0,0.2,0,1,oracle,0.690750,1.000000
E9,0.2,1.0,0,1.0,2.0,0.2,0,1,snr-greedy,0.650250,0.836364
E9,0.2,1.0,0,1.0,2.0,0.2,0,1,snr-greedy-loss,0.679750,0.955556
E9,0.2,1.0,0,1.0,2.0,0.2,0,1,snr-mean,0.615500,0.695960
E9,0.2,1.0,0,1.0,2.0,0.2,0,1,belief,0.678500,0.950505
E9,0.2,1.0,0,1.0,2.0,0.2,0,1,belief-pred,0.678500,0.950505
E9,0.2,1.0,0,1.0,2.0,0.2,0,1,ewma,0.587000,0.580808
E9,0.2,1.0,0,1.0,2.0,0.2,0,1,blend-paper,0.614750,0.692929
E9,0.2,1.0,0,1.0,2.0,0.2,0,1,saf-adaptive,0.678500,0.950505
E9,0.2,1.0,0,1.0,2.0,0.2,0,1,belief-matched,0.683250,0.969697
E9,0.2,1.0,0,1.0,2.0,0.2,0,2,random,0.565750,0.522059
E9,0.2,1.0,0,1.0,2.0,0.2,0,2,round-robin,0.562000,0.506303
E9,0.2,1.0,0,1.0,2.0,0.2,0,2,oracle,0.679500,1.000000
E9,0.2,1.0,0,1.0,2.0,0.2,0,2,snr-greedy,0.635500,0.815126
E9,0.2,1.0,0,1.0,2.0,0.2,0,2,snr-greedy-loss,0.664750,0.938025
E9,0.2,1.0,0,1.0,2.0,0.2,0,2,snr-mean,0.617000,0.737395
E9,0.2,1.0,0,1.0,2.0,0.2,0,2,belief,0.665750,0.942227
E9,0.2,1.0,0,1.0,2.0,0.2,0,2,belief-pred,0.665750,0.942227
E9,0.2,1.0,0,1.0,2.0,0.2,0,2,ewma,0.585500,0.605042
E9,0.2,1.0,0,1.0,2.0,0.2,0,2,blend-paper,0.608750,0.702731
E9,0.2,1.0,0,1.0,2.0,0.2,0,2,saf-adaptive,0.666000,0.943277
E9,0.2,1.0,0,1.0,2.0,0.2,0,2,belief-matched,0.670500,0.962185
E9,0.2,1.0,0,1.0,2.0,0.2,0,3,random,0.544750,0.452703
E9,0.2,1.0,0,1.0,2.0,0.2,0,3,round-robin,0.560000,0.511583
E9,0.2,1.0,0,1.0,2.0,0.2,0,3,oracle,0.686500,1.000000
E9,0.2,1.0,0,1.0,2.0,0.2,0,3,snr-greedy,0.633750,0.796332
E9,0.2,1.0,0,1.0,2.0,0.2,0,3,snr-greedy-loss,0.668750,0.931467
E9,0.2,1.0,0,1.0,2.0,0.2,0,3,snr-mean,0.607500,0.694981
E9,0.2,1.0,0,1.0,2.0,0.2,0,3,belief,0.672000,0.944015
E9,0.2,1.0,0,1.0,2.0,0.2,0,3,belief-pred,0.672000,0.944015
E9,0.2,1.0,0,1.0,2.0,0.2,0,3,ewma,0.564000,0.527027
E9,0.2,1.0,0,1.0,2.0,0.2,0,3,blend-paper,0.621750,0.750000
E9,0.2,1.0,0,1.0,2.0,0.2,0,3,saf-adaptive,0.673000,0.947876
E9,0.2,1.0,0,1.0,2.0,0.2,0,3,belief-matched,0.676250,0.960425
E9,0.2,1.0,0,1.0,2.0,0.2,0,4,random,0.561000,0.510331
E9,0.2,1.0,0,1.0,2.0,0.2,0,4,round-robin,0.554750,0.484504
E9,0.2,1.0,0,1.0,2.0,0.2,0,4,oracle,0.679500,1.000000
E9,0.2,1.0,0,1.0,2.0,0.2,0,4,snr-greedy,0.630250,0.796488
E9,0.2,1.0,0,1.0,2.0,0.2,0,4,snr-greedy-loss,0.664250,0.936983
E9,0.2,1.0,0,1.0,2.0,0.2,0,4,snr-mean,0.597500,0.661157
E9,0.2,1.0,0,1.0,2.0,0.2,0,4,belief,0.667500,0.950413
E9,0.2,1.0,0,1.0,2.0,0.2,0,4,belief-pred,0.667500,0.950413
E9,0.2,1.0,0,1.0,2.0,0.2,0,4,ewma,0.580500,0.590909
E9,0.2,1.0,0,1.0,2.0,0.2,0,4,blend-paper,0.613500,0.727273
E9,0.2,1.0,0,1.0,2.0,0.2,0,4,saf-adaptive,0.667500,0.950413
E9,0.2,1.0,0,1.0,2.0,0.2,0,4,belief-matched,0.668750,0.955579
E9,0.2,1.0,0,1.0,2.0,0.2,0,5,random,0.563000,0.507128
E9,0.2,1.0,0,1.0,2.0,0.2,0,5,round-robin,0.560250,0.495927
E9,0.2,1.0,0,1.0,2.0,0.2,0,5,oracle,0.684000,1.000000
E9,0.2,1.0,0,1.0,2.0,0.2,0,5,snr-greedy,0.636500,0.806517
E9,0.2,1.0,0,1.0,2.0,0.2,0,5,snr-greedy-loss,0.668750,0.937882
E9,0.2,1.0,0,1.0,2.0,0.2,0,5,snr-mean,0.608000,0.690428
E9,0.2,1.0,0,1.0,2.0,0.2,0,5,belief,0.669500,0.940937
E9,0.2,1.0,0,1.0,2.0,0.2,0,5,belief-pred,0.669500,0.940937
E9,0.2,1.0,0,1.0,2.0,0.2,0,5,ewma,0.576500,0.562118
E9,0.2,1.0,0,1.0,2.0,0.2,0,5,blend-paper,0.616000,0.723014
E9,0.2,1.0,0,1.0,2.0,0.2,0,5,saf-adaptive,0.669250,0.939919
E9,0.2,1.0,0,1.0,2.0,0.2,0,5,belief-matched,0.673000,0.955193
E9,0.2,1.0,0,1.0,2.0,0.2,0,6,random,0.563250,0.525994
E9,0.2,1.0,0,1.0,2.0,0.2,0,6,round-robin,0.560750,0.515800
E9,0.2,1.0,0,1.0,2.0,0.2,0,6,oracle,0.679500,1.000000
E9,0.2,1.0,0,1.0,2.0,0.2,0,6,snr-greedy,0.635750,0.821611
E9,0.2,1.0,0,1.0,2.0,0.2,0,6,snr-greedy-loss,0.666750,0.948012
E9,0.2,1.0,0,1.0,2.0,0.2,0,6,snr-mean,0.603250,0.689093
E9,0.2,1.0,0,1.0,2.0,0.2,0,6,belief,0.667000,0.949032
E9,0.2,1.0,0,1.0,2.0,0.2,0,6,belief-pred,0.667000,0.949032
E9,0.2,1.0,0,1.0,2.0,0.2,0,6,ewma,0.575500,0.575943
E9,0.2,1.0,0,1.0,2.0,0.2,0,6,blend-paper,0.610000,0.716616
E9,0.2,1.0,0,1.0,2.0,0.2,0,6,saf-adaptive,0.666750,0.948012
E9,0.2,1.0,0,1.0,2.0,0.2,0,6,belief-matched,0.671000,0.965341
E9,0.2,1.0,0,1.0,2.0,0.2,0,7,random,0.568250,0.490066
E9,0.2,1.0,0,1.0,2.0,0.2,0,7,round-robin,0.572250,0.507726
E9,0.2,1.0,0,1.0,2.0,0.2,0,7,oracle,0.683750,1.000000
E9,0.2,1.0,0,1.0,2.0,0.2,0,7,snr-greedy,0.638000,0.798013
E9,0.2,1.0,0,1.0,2.0,0.2,0,7,snr-greedy-loss,0.672500,0.950331
E9,0.2,1.0,0,1.0,2.0,0.2,0,7,snr-mean,0.609000,0.669978
E9,0.2,1.0,0,1.0,2.0,0.2,0,7,belief,0.670750,0.942605
E9,0.2,1.0,0,1.0,2.0,0.2,0,7,belief-pred,0.670750,0.942605
E9,0.2,1.0,0,1.0,2.0,0.2,0,7,ewma,0.591250,0.591611
E9,0.2,1.0,0,1.0,2.0,0.2,0,7,blend-paper,0.615250,0.697572
E9,0.2,1.0,0,1.0,2.0,0.2,0,7,saf-adaptive,0.670750,0.942605
E9,0.2,1.0,0,1.0,2.0,0.2,0,7,belief-matched,0.673500,0.954746
E9,0.2,1.0,0,1.0,2.0,0.2,0,8,random,0.566750,0.480263
E9,0.2,1.0,0,1.0,2.0,0.2,0,8,round-robin,0.573500,0.509868
E9,0.2,1.0,0,1.0,2.0,0.2,0,8,oracle,0.685250,1.000000
E9,0.2,1.0,0,1.0,2.0,0.2,0,8,snr-greedy,0.635000,0.779605
E9,0.2,1.0,0,1.0,2.0,0.2,0,8,snr-greedy-loss,0.671000,0.937500
E9,0.2,1.0,0,1.0,2.0,0.2,0,8,snr-mean,0.599500,0.623904
E9,0.2,1.0,0,1.0,2.0,0.2,0,8,belief,0.670250,0.934211
E9,0.2,1.0,0,1.0,2.0,0.2,0,8,belief-pred,0.670250,0.934211
E9,0.2,1.0,0,1.0,2.0,0.2,0,8,ewma,0.589250,0.578947
E9,0.2,1.0,0,1.0,2.0,0.2,0,8,blend-paper,0.625000,0.735746
E9,0.2,1.0,0,1.0,2.0,0.2,0,8,saf-adaptive,0.670000,0.933114
E9,0.2,1.0,0,1.0,2.0,0.2,0,8,belief-matched,0.673500,0.948465
E9,0.2,1.0,0,1.0,2.0,0.2,0,9,random,0.567250,0.526474
E9,0.2,1.0,0,1.0,2.0,0.2,0,9,round-robin,0.561250,0.502498
E9,0.2,1.0,0,1.0,2.0,0.2,0,9,oracle,0.685750,1.000000
E9,0.2,1.0,0,1.0,2.0,0.2,0,9,snr-greedy,0.640250,0.818182
E9,0.2,1.0,0,1.0,2.0,0.2,0,9,snr-greedy-loss,0.672750,0.948052
E9,0.2,1.0,0,1.0,2.0,0.2,0,9,snr-mean,0.606000,0.681319
E9,0.2,1.0,0,1.0,2.0,0.2,0,9,belief,0.674750,0.956044
E9,0.2,1.0,0,1.0,2.0,0.2,0,9,belief-pred,0.674750,0.956044
E9,0.2,1.0,0,1.0,2.0,0.2,0,9,ewma,0.579250,0.574426
E9,0.2,1.0,0,1.0,2.0,0.2,0,9,blend-paper,0.614250,0.714286
E9,0.2,1.0,0,1.0,2.0,0.2,0,9,saf-adaptive,0.674750,0.956044
E9,0.2,1.0,0,1.0,2.0,0.2,0,9,belief-matched,0.677000,0.965035
E9,0.2,1.0,0,1.0,2.0,0.2,0,10,random,0.556000,0.489858
E9,0.2,1.0,0,1.0,2.0,0.2,0,10,round-robin,0.557500,0.495943
E9,0.2,1.0,0,1.0,2.0,0.2,0,10,oracle,0.681750,1.000000
E9,0.2,1.0,0,1.0,2.0,0.2,0,10,snr-greedy,0.638750,0.825558
E9,0.2,1.0,0,1.0,2.0,0.2,0,10,snr-greedy-loss,0.667750,0.943205
E9,0.2,1.0,0,1.0,2.0,0.2,0,10,snr-mean,0.611750,0.716024
E9,0.2,1.0,0,1.0,2.0,0.2,0,10,belief,0.668500,0.946247
E9,0.2,1.0,0,1.0,2.0,0.2,0,10,belief-pred,0.668500,0.946247
E9,0.2,1.0,0,1.0,2.0,0.2,0,10,ewma,0.580500,0.589249
E9,0.2,1.0,0,1.0,2.0,0.2,0,10,blend-paper,0.612500,0.719067
E9,0.2,1.0,0,1.0,2.0,0.2,0,10,saf-adaptive,0.668500,0.946247
E9,0.2,1.0,0,1.0,2.0,0.2,0,10,belief-matched,0.671000,0.956389
E9,0.2,1.0,0,1.0,2.0,0.2,0,11,random,0.565000,0.507821
E9,0.2,1.0,0,1.0,2.0,0.2,0,11,round-robin,0.564500,0.505735
E9,0.2,1.0,0,1.0,2.0,0.2,0,11,oracle,0.683000,1.000000
E9,0.2,1.0,0,1.0,2.0,0.2,0,11,snr-greedy,0.638250,0.813347
E9,0.2,1.0,0,1.0,2.0,0.2,0,11,snr-greedy-loss,0.671250,0.950991
E9,0.2,1.0,0,1.0,2.0,0.2,0,11,snr-mean,0.607500,0.685089
E9,0.2,1.0,0,1.0,2.0,0.2,0,11,belief,0.672000,0.954119
E9,0.2,1.0,0,1.0,2.0,0.2,0,11,belief-pred,0.672000,0.954119
E9,0.2,1.0,0,1.0,2.0,0.2,0,11,ewma,0.574000,0.545360
E9,0.2,1.0,0,1.0,2.0,0.2,0,11,blend-paper,0.617500,0.726799
E9,0.2,1.0,0,1.0,2.0,0.2,0,11,saf-adaptive,0.672000,0.954119
E9,0.2,1.0,0,1.0,2.0,0.2,0,11,belief-matched,0.673500,0.960375
E9,0.2,1.0,0,1.0,2.0,0.2,0,12,random,0.566500,0.502533
E9,0.2,1.0,0,1.0,2.0,0.2,0,12,round-robin,0.561250,0.481256
E9,0.2,1.0,0,1.0,2.0,0.2,0,12,oracle,0.689250,1.000000
E9,0.2,1.0,0,1.0,2.0,0.2,0,12,snr-greedy,0.642750,0.811550
E9,0.2,1.0,0,1.0,2.0,0.2,0,12,snr-greedy-loss,0.675000,0.942249
E9,0.2,1.0,0,1.0,2.0,0.2,0,12,snr-mean,0.619250,0.716312
E9,0.2,1.0,0,1.0,2.0,0.2,0,12,belief,0.675000,0.942249
E9,0.2,1.0,0,1.0,2.0,0.2,0,12,belief-pred,0.675000,0.942249
E9,0.2,1.0,0,1.0,2.0,0.2,0,12,ewma,0.582750,0.568389
E9,0.2,1.0,0,1.0,2.0,0.2,0,12,blend-paper,0.622000,0.727457
E9,0.2,1.0,0,1.0,2.0,0.2,0,12,saf-adaptive,0.675000,0.942249
E9,0.2,1.0,0,1.0,2.0,0.2,0,12,belief-matched,0.680000,0.962513
E9,0.2,1.0,0,1.0,2.0,0.2,0,13,random,0.554250,0.483087
E9,0.2,1.0,0,1.0,2.0,0.2,0,13,round-robin,0.562250,0.516913
E9,0.2,1.0,0,1.0,2.0,0.2,0,13,oracle,0.676500,1.000000
E9,0.2,1.0,0,1.0,2.0,0.2,0,13,snr-greedy,0.627250,0.791755
E9,0.2,1.0,0,1.0,2.0,0.2,0,13,snr-greedy-loss,0.663500,0.945032
E9,0.2,1.0,0,1.0,2.0,0.2,0,13,snr-mean,0.603000,0.689218
E9,0.2,1.0,0,1.0,2.0,0.2,0,13,belief,0.662500,0.940803
E9,0.2,1.0,0,1.0,2.0,0.2,0,13,belief-pred,0.662500,0.940803
E9,0.2,1.0,0,1.0,2.0,0.2,0,13,ewma,0.573000,0.562368
E9,0.2,1.0,0,1.0,2.0,0.2,0,13,blend-paper,0.607750,0.709302
E9,0.2,1.0,0,1.0,2.0,0.2,0,13,saf-adaptive,0.662500,0.940803
E9,0.2,1.0,0,1.0,2.0,0.2,0,13,belief-matched,0.665750,0.954545
E9,0.2,1.0,0,1.0,2.0,0.2,0,14,random,0.575500,0.500000
E9,0.2,1.0,0,1.0,2.0,0.2,0,14,round-robin,0.573250,0.490506
E9,0.2,1.0,0,1.0,2.0,0.2,0,14,oracle,0.694000,1.000000
E9,0.2,1.0,0,1.0,2.0,0.2,0,14,snr-greedy,0.646000,0.797468
E9,0.2,1.0,0,1.0,2.0,0.2,0,14,snr-greedy-loss,0.679750,0.939873
E9,0.2,1.0,0,1.0,2.0,0.2,0,14,snr-mean,0.624750,0.707806
E9,0.2,1.0,0,1.0,2.0,0.2,0,14,belief,0.681000,0.945148
E9,0.2,1.0,0,1.0,2.0,0.2,0,14,belief-pred,0.681000,0.945148
E9,0.2,1.0,0,1.0,2.0,0.2,0,14,ewma,0.604000,0.620253
E9,0.2,1.0,0,1.0,2.0,0.2,0,14,blend-paper,0.638500,0.765823
E9,0.2,1.0,0,1.0,2.0,0.2,0,14,saf-adaptive,0.681000,0.945148
E9,0.2,1.0,0,1.0,2.0,0.2,0,14,belief-matched,0.684500,0.959916
E9,0.2,1.0,0,1.0,2.0,0.2,0,15,random,0.554000,0.485963
E9,0.2,1.0,0,1.0,2.0,0.2,0,15,round-robin,0.555750,0.492740
E9,0.2,1.0,0,1.0,2.0,0.2,0,15,oracle,0.686750,1.000000
E9,0.2,1.0,0,1.0,2.0,0.2,0,15,snr-greedy,0.636500,0.805421
E9,0.2,1.0,0,1.0,2.0,0.2,0,15,snr-greedy-loss,0.671500,0.940949
E9,0.2,1.0,0,1.0,2.0,0.2,0,15,snr-mean,0.617250,0.730881
E9,0.2,1.0,0,1.0,2.0,0.2,0,15,belief,0.668250,0.928364
E9,0.2,1.0,0,1.0,2.0,0.2,0,15,belief-pred,0.668250,0.928364
E9,0.2,1.0,0,1.0,2.0,0.2,0,15,ewma,0.599750,0.663117
E9,0.2,1.0,0,1.0,2.0,0.2,0,15,blend-paper,0.610750,0.705712
E9,0.2,1.0,0,1.0,2.0,0.2,0,15,saf-adaptive,0.668250,0.928364
E9,0.2,1.0,0,1.0,2.0,0.2,0,15,belief-matched,0.674500,0.952565
E9,0.2,1.0,0,1.0,2.0,0.2,0,16,random,0.556500,0.482795
E9,0.2,1.0,0,1.0,2.0,0.2,0,16,round-robin,0.559250,0.494265
E9,0.2,1.0,0,1.0,2.0,0.2,0,16,oracle,0.680500,1.000000
E9,0.2,1.0,0,1.0,2.0,0.2,0,16,snr-greedy,0.632750,0.800834
E9,0.2,1.0,0,1.0,2.0,0.2,0,16,snr-greedy-loss,0.669250,0.953076
E9,0.2,1.0,0,1.0,2.0,0.2,0,16,snr-mean,0.600250,0.665276
E9,0.2,1.0,0,1.0,2.0,0.2,0,16,belief,0.669500,0.954119
E9,0.2,1.0,0,1.0,2.0,0.2,0,16,belief-pred,0.669500,0.954119
E9,0.2,1.0,0,1.0,2.0,0.2,0,16,ewma,0.565500,0.520334
E9,0.2,1.0,0,1.0,2.0,0.2,0,16,blend-paper,0.607500,0.695516
E9,0.2,1.0,0,1.0,2.0,0.2,0,16,saf-adaptive,0.669750,0.955162
E9,0.2,1.0,0,1.0,2.0,0.2,0,16,belief-matched,0.671500,0.962461
E9,0.2,1.0,0,1.0,2.0,0.2,0,17,random,0.567000,0.509414
E9,0.2,1.0,0,1.0,2.0,0.2,0,17,round-robin,0.566000,0.505230
E9,0.2,1.0,0,1.0,2.0,0.2,0,17,oracle,0.684250,1.000000
E9,0.2,1.0,0,1.0,2.0,0.2,0,17,snr-greedy,0.641750,0.822176
E9,0.2,1.0,0,1.0,2.0,0.2,0,17,snr-greedy-loss,0.668500,0.934100
E9,0.2,1.0,0,1.0,2.0,0.2,0,17,snr-mean,0.610750,0.692469
E9,0.2,1.0,0,1.0,2.0,0.2,0,17,belief,0.669000,0.936192
E9,0.2,1.0,0,1.0,2.0,0.2,0,17,belief-pred,0.669000,0.936192
E9,0.2,1.0,0,1.0,2.0,0.2,0,17,ewma,0.580000,0.563808
E9,0.2,1.0,0,1.0,2.0,0.2,0,17,blend-paper,0.612500,0.699791
E9,0.2,1.0,0,1.0,2.0,0.2,0,17,saf-adaptive,0.669000,0.936192
E9,0.2,1.0,0,1.0,2.0,0.2,0,17,belief-matched,0.671750,0.947699
E9,0.2,1.0,0,1.0,2.0,0.2,0,18,random,0.544750,0.466229
E9,0.2,1.0,0,1.0,2.0,0.2,0,18,round-robin,0.554250,0.501876
E9,0.2,1.0,0,1.0,2.0,0.2,0,18,oracle,0.687000,1.000000
E9,0.2,1.0,0,1.0,2.0,0.2,0,18,snr-greedy,0.642750,0.833959
E9,0.2,1.0,0,1.0,2.0,0.2,0,18,snr-greedy-loss,0.670250,0.937148
E9,0.2,1.0,0,1.0,2.0,0.2,0,18,snr-mean,0.615000,0.729831
E9,0.2,1.0,0,1.0,2.0,0.2,0,18,belief,0.671250,0.940901
E9,0.2,1.0,0,1.0,2.0,0.2,0,18,belief-pred,0.671250,0.940901
E9,0.2,1.0,0,1.0,2.0,0.2,0,18,ewma,0.586250,0.621951
E9,0.2,1.0,0,1.0,2.0,0.2,0,18,blend-paper,0.605750,0.695122
E9,0.2,1.0,0,1.0,2.0,0.2,0,18,saf-adaptive,0.671250,0.940901
E9,0.2,1.0,0,1.0,2.0,0.2,0,18,belief-matched,0.676250,0.959662
E9,0.2,1.0,0,1.0,2.0,0.2,0,19,random,0.558750,0.496970
E9,0.2,1.0,0,1.0,2.0,0.2,0,19,round-robin,0.558000,0.493939
E9,0.2,1.0,0,1.0,2.0,0.2,0,19,oracle,0.683250,1.000000
E9,0.2,1.0,0,1.0,2.0,0.2,0,19,snr-greedy,0.639750,0.824242
E9,0.2,1.0,0,1.0,2.0,0.2,0,19,snr-greedy-loss,0.668750,0.941414
E9,0.2,1.0,0,1.0,2.0,0.2,0,19,snr-mean,0.605000,0.683838
E9,0.2,1.0,0,1.0,2.0,0.2,0,19,belief,0.667750,0.937374
E9,0.2,1.0,0,1.0,2.0,0.2,0,19,belief-pred,0.667750,0.937374
E9,0.2,1.0,0,1.0,2.0,0.2,0,19,ewma,0.582000,0.590909
E9,0.2,1.0,0,1.0,2.0,0.2,0,19,blend-paper,0.611000,0.708081
E9,0.2,1.0,0,1.0,2.0,0.2,0,19,saf-adaptive,0.667750,0.937374
E9,0.2,1.0,0,1.0,2.0,0.2,0,19,belief-matched,0.672500,0.956566
E9,0.2,1.0,0,1.0,2.0,0.2,0,20,random,0.563000,0.501010
E9,0.2,1.0,0,1.0,2.0,0.2,0,20,round-robin,0.566500,0.515152
E9,0.2,1.0,0,1.0,2.0,0.2,0,20,oracle,0.686500,1.000000
E9,0.2,1.0,0,1.0,2.0,0.2,0,20,snr-greedy,0.643250,0.825253
E9,0.2,1.0,0,1.0,2.0,0.2,0,20,snr-greedy-loss,0.670750,0.936364
E9,0.2,1.0,0,1.0,2.0,0.2,0,20,snr-mean,0.606250,0.675758
E9,0.2,1.0,0,1.0,2.0,0.2,0,20,belief,0.669500,0.931313
E9,0.2,1.0,0,1.0,2.0,0.2,0,20,belief-pred,0.669500,0.931313
E9,0.2,1.0,0,1.0,2.0,0.2,0,20,ewma,0.583000,0.581818
E9,0.2,1.0,0,1.0,2.0,0.2,0,20,blend-paper,0.606500,0.676768
E9,0.2,1.0,0,1.0,2.0,0.2,0,20,saf-adaptive,0.669500,0.931313
E9,0.2,1.0,0,1.0,2.0,0.2,0,20,belief-matched,0.673750,0.948485
E9,0.2,1.0,0,1.0,2.0,0.2,0,21,random,0.557750,0.506931
E9,0.2,1.0,0,1.0,2.0,0.2,0,21,round-robin,0.557250,0.504950
E9,0.2,1.0,0,1.0,2.0,0.2,0,21,oracle,0.682250,1.000000
E9,0.2,1.0,0,1.0,2.0,0.2,0,21,snr-greedy,0.630000,0.793069
E9,0.2,1.0,0,1.0,2.0,0.2,0,21,snr-greedy-loss,0.668500,0.945545
E9,0.2,1.0,0,1.0,2.0,0.2,0,21,snr-mean,0.597000,0.662376
E9,0.2,1.0,0,1.0,2.0,0.2,0,21,belief,0.666750,0.938614
E9,0.2,1.0,0,1.0,2.0,0.2,0,21,belief-pred,0.666750,0.938614
E9,0.2,1.0,0,1.0,2.0,0.2,0,21,ewma,0.582000,0.602970
E9,0.2,1.0,0,1.0,2.0,0.2,0,21,blend-paper,0.607500,0.703960
E9,0.2,1.0,0,1.0,2.0,0.2,0,21,saf-adaptive,0.667000,0.939604
E9,0.2,1.0,0,1.0,2.0,0.2,0,21,belief-matched,0.672000,0.959406
E9,0.2,1.0,0,1.0,2.0,0.2,0,22,random,0.567750,0.486911
E9,0.2,1.0,0,1.0,2.0,0.2,0,22,round-robin,0.567500,0.485864
E9,0.2,1.0,0,1.0,2.0,0.2,0,22,oracle,0.690250,1.000000
E9,0.2,1.0,0,1.0,2.0,0.2,0,22,snr-greedy,0.648250,0.824084
E9,0.2,1.0,0,1.0,2.0,0.2,0,22,snr-greedy-loss,0.675000,0.936126
E9,0.2,1.0,0,1.0,2.0,0.2,0,22,snr-mean,0.600750,0.625131
E9,0.2,1.0,0,1.0,2.0,0.2,0,22,belief,0.677250,0.945550
E9,0.2,1.0,0,1.0,2.0,0.2,0,22,belief-pred,0.677250,0.945550
E9,0.2,1.0,0,1.0,2.0,0.2,0,22,ewma,0.569000,0.492147
E9,0.2,1.0,0,1.0,2.0,0.2,0,22,blend-paper,0.612000,0.672251
E9,0.2,1.0,0,1.0,2.0,0.2,0,22,saf-adaptive,0.677250,0.945550
E9,0.2,1.0,0,1.0,2.0,0.2,0,22,belief-matched,0.679500,0.954974
E9,0.2,1.0,0,1.0,2.0,0.2,0,23,random,0.558000,0.492739
E9,0.2,1.0,0,1.0,2.0,0.2,0,23,round-robin,0.556000,0.484440
E9,0.2,1.0,0,1.0,2.0,0.2,0,23,oracle,0.680250,1.000000
E9,0.2,1.0,0,1.0,2.0,0.2,0,23,snr-greedy,0.632500,0.801867
E9,0.2,1.0,0,1.0,2.0,0.2,0,23,snr-greedy-loss,0.663250,0.929461
E9,0.2,1.0,0,1.0,2.0,0.2,0,23,snr-mean,0.605000,0.687759
E9,0.2,1.0,0,1.0,2.0,0.2,0,23,belief,0.666000,0.940871
E9,0.2,1.0,0,1.0,2.0,0.2,0,23,belief-pred,0.666000,0.940871
E9,0.2,1.0,0,1.0,2.0,0.2,0,23,ewma,0.596750,0.653527
E9,0.2,1.0,0,1.0,2.0,0.2,0,23,blend-paper,0.614500,0.727178
E9,0.2,1.0,0,1.0,2.0,0.2,0,23,saf-adaptive,0.666000,0.940871
E9,0.2,1.0,0,1.0,2.0,0.2,0,23,belief-matched,0.670500,0.959544
E9,0.2,1.0,0,1.0,2.0,0.2,0,24,random,0.554500,0.492110
E9,0.2,1.0,0,1.0,2.0,0.2,0,24,round-robin,0.553750,0.489152
E9,0.2,1.0,0,1.0,2.0,0.2,0,24,oracle,0.683250,1.000000
E9,0.2,1.0,0,1.0,2.0,0.2,0,24,snr-greedy,0.629250,0.786982
E9,0.2,1.0,0,1.0,2.0,0.2,0,24,snr-greedy-loss,0.669750,0.946746
E9,0.2,1.0,0,1.0,2.0,0.2,0,24,snr-mean,0.608000,0.703156
E9,0.2,1.0,0,1.0,2.0,0.2,0,24,belief,0.670250,0.948718
E9,0.2,1.0,0,1.0,2.0,0.2,0,24,belief-pred,0.670250,0.948718
E9,0.2,1.0,0,1.0,2.0,0.2,0,24,ewma,0.589750,0.631164
E9,0.2,1.0,0,1.0,2.0,0.2,0,24,blend-paper,0.604750,0.690335
E9,0.2,1.0,0,1.0,2.0,0.2,0,24,saf-adaptive,0.670250,0.948718
E9,0.2,1.0,0,1.0,2.0,0.2,0,24,belief-matched,0.670000,0.947732
E9,0.2,1.0,0,1.0,2.0,0.2,0,25,random,0.559500,0.489861
E9,0.2,1.0,0,1.0,2.0,0.2,0,25,round-robin,0.560500,0.494130
E9,0.2,1.0,0,1.0,2.0,0.2,0,25,oracle,0.679000,1.000000
E9,0.2,1.0,0,1.0,2.0,0.2,0,25,snr-greedy,0.633250,0.804696
E9,0.2,1.0,0,1.0,2.0,0.2,0,25,snr-greedy-loss,0.665500,0.942369
E9,0.2,1.0,0,1.0,2.0,0.2,0,25,snr-mean,0.600000,0.662753
E9,0.2,1.0,0,1.0,2.0,0.2,0,25,belief,0.666250,0.945571
E9,0.2,1.0,0,1.0,2.0,0.2,0,25,belief-pred,0.666250,0.945571
E9,0.2,1.0,0,1.0,2.0,0.2,0,25,ewma,0.564500,0.511206
E9,0.2,1.0,0,1.0,2.0,0.2,0,25,blend-paper,0.608500,0.699039
E9,0.2,1.0,0,1.0,2.0,0.2,0,25,saf-adaptive,0.666250,0.945571
E9,0.2,1.0,0,1.0,2.0,0.2,0,25,belief-matched,0.668500,0.955176
E9,0.2,1.0,0,1.0,2.0,0.2,0,26,random,0.571000,0.514940
E9,0.2,1.0,0,1.0,2.0,0.2,0,26,round-robin,0.570750,0.513944
E9,0.2,1.0,0,1.0,2.0,0.2,0,26,oracle,0.692750,1.000000
E9,0.2,1.0,0,1.0,2.0,0.2,0,26,snr-greedy,0.645500,0.811753
E9,0.2,1.0,0,1.0,2.0,0.2,0,26,snr-greedy-loss,0.676000,0.933267
E9,0.2,1.0,0,1.0,2.0,0.2,0,26,snr-mean,0.607750,0.661355
E9,0.2,1.0,0,1.0,2.0,0.2,0,26,belief,0.679750,0.948207
E9,0.2,1.0,0,1.0,2.0,0.2,0,26,belief-pred,0.679750,0.948207
E9,0.2,1.0,0,1.0,2.0,0.2,0,26,ewma,0.598500,0.624502
E9,0.2,1.0,0,1.0,2.0,0.2,0,26,blend-paper,0.625000,0.730080
E9,0.2,1.0,0,1.0,2.0,0.2,0,26,saf-adaptive,0.679750,0.948207
E9,0.2,1.0,0,1.0,2.0,0.2,0,26,belief-matched,0.682000,0.957171
E9,0.2,1.0,0,1.0,2.0,0.2,0,27,random,0.560000,0.494461
E9,0.2,1.0,0,1.0,2.0,0.2,0,27,round-robin,0.561500,0.500504
E9,0.2,1.0,0,1.0,2.0,0.2,0,27,oracle,0.685500,1.000000
E9,0.2,1.0,0,1.0,2.0,0.2,0,27,snr-greedy,0.631250,0.781470
E9,0.2,1.0,0,1.0,2.0,0.2,0,27,snr-greedy-loss,0.669000,0.933535
E9,0.2,1.0,0,1.0,2.0,0.2,0,27,snr-mean,0.606500,0.681772
E9,0.2,1.0,0,1.0,2.0,0.2,0,27,belief,0.673000,0.949648
E9,0.2,1.0,0,1.0,2.0,0.2,0,27,belief-pred,0.673000,0.949648
E9,0.2,1.0,0,1.0,2.0,0.2,0,27,ewma,0.579500,0.573011
E9,0.2,1.0,0,1.0,2.0,0.2,0,27,blend-paper,0.597000,0.643505
E9,0.2,1.0,0,1.0,2.0,0.2,0,27,saf-adaptive,0.673000,0.949648
E9,0.2,1.0,0,1.0,2.0,0.2,0,27,belief-matched,0.675500,0.959718
E9,0.2,1.0,0,1.0,2.0,0.2,0,28,random,0.567500,0.510053
E9,0.2,1.0,0,1.0,2.0,0.2,0,28,round-robin,0.566750,0.506878
E9,0.2,1.0,0,1.0,2.0,0.2,0,28,oracle,0.683250,1.000000
E9,0.2,1.0,0,1.0,2.0,0.2,0,28,snr-greedy,0.637000,0.804233
E9,0.2,1.0,0,1.0,2.0,0.2,0,28,snr-greedy-loss,0.670750,0.947090
E9,0.2,1.0,0,1.0,2.0,0.2,0,28,snr-mean,0.607750,0.680423
E9,0.2,1.0,0,1.0,2.0,0.2,0,28,belief,0.670750,0.947090
E9,0.2,1.0,0,1.0,2.0,0.2,0,28,belief-pred,0.670750,0.947090
E9,0.2,1.0,0,1.0,2.0,0.2,0,28,ewma,0.582500,0.573545
E9,0.2,1.0,0,1.0,2.0,0.2,0,28,blend-paper,0.613500,0.704762
E9,0.2,1.0,0,1.0,2.0,0.2,0,28,saf-adaptive,0.670750,0.947090
E9,0.2,1.0,0,1.0,2.0,0.2,0,28,belief-matched,0.672250,0.953439
E9,0.2,1.0,0,1.0,2.0,0.2,0,29,random,0.563750,0.477131
E9,0.2,1.0,0,1.0,2.0,0.2,0,29,round-robin,0.565250,0.483368
E9,0.2,1.0,0,1.0,2.0,0.2,0,29,oracle,0.689500,1.000000
E9,0.2,1.0,0,1.0,2.0,0.2,0,29,snr-greedy,0.641500,0.800416
E9,0.2,1.0,0,1.0,2.0,0.2,0,29,snr-greedy-loss,0.674000,0.935551
E9,0.2,1.0,0,1.0,2.0,0.2,0,29,snr-mean,0.610750,0.672557
E9,0.2,1.0,0,1.0,2.0,0.2,0,29,belief,0.673750,0.934511
E9,0.2,1.0,0,1.0,2.0,0.2,0,29,belief-pred,0.673750,0.934511
E9,0.2,1.0,0,1.0,2.0,0.2,0,29,ewma,0.593750,0.601871
E9,0.2,1.0,0,1.0,2.0,0.2,0,29,blend-paper,0.613250,0.682952
E9,0.2,1.0,0,1.0,2.0,0.2,0,29,saf-adaptive,0.673750,0.934511
E9,0.2,1.0,0,1.0,2.0,0.2,0,29,belief-matched,0.677750,0.951143
E9,0.2,1.0,0,1.0,2.0,0.2,0,30,random,0.554000,0.502478
E9,0.2,1.0,0,1.0,2.0,0.2,0,30,round-robin,0.552250,0.495540
E9,0.2,1.0,0,1.0,2.0,0.2,0,30,oracle,0.679500,1.000000
E9,0.2,1.0,0,1.0,2.0,0.2,0,30,snr-greedy,0.628750,0.798811
E9,0.2,1.0,0,1.0,2.0,0.2,0,30,snr-greedy-loss,0.664250,0.939544
E9,0.2,1.0,0,1.0,2.0,0.2,0,30,snr-mean,0.599500,0.682854
E9,0.2,1.0,0,1.0,2.0,0.2,0,30,belief,0.667250,0.951437
E9,0.2,1.0,0,1.0,2.0,0.2,0,30,belief-pred,0.667250,0.951437
E9,0.2,1.0,0,1.0,2.0,0.2,0,30,ewma,0.574250,0.582755
E9,0.2,1.0,0,1.0,2.0,0.2,0,30,blend-paper,0.606000,0.708622
E9,0.2,1.0,0,1.0,2.0,0.2,0,30,saf-adaptive,0.667250,0.951437
E9,0.2,1.0,0,1.0,2.0,0.2,0,30,belief-matched,0.669750,0.961348
E9,0.2,1.0,0,1.0,2.0,0.2,0,31,random,0.561250,0.498483
E9,0.2,1.0,0,1.0,2.0,0.2,0,31,round-robin,0.561250,0.498483
E9,0.2,1.0,0,1.0,2.0,0.2,0,31,oracle,0.685250,1.000000
E9,0.2,1.0,0,1.0,2.0,0.2,0,31,snr-greedy,0.637250,0.805865
E9,0.2,1.0,0,1.0,2.0,0.2,0,31,snr-greedy-loss,0.672000,0.946411
E9,0.2,1.0,0,1.0,2.0,0.2,0,31,snr-mean,0.600000,0.655207
E9,0.2,1.0,0,1.0,2.0,0.2,0,31,belief,0.672500,0.948433
E9,0.2,1.0,0,1.0,2.0,0.2,0,31,belief-pred,0.672500,0.948433
E9,0.2,1.0,0,1.0,2.0,0.2,0,31,ewma,0.584000,0.590495
E9,0.2,1.0,0,1.0,2.0,0.2,0,31,blend-paper,0.614500,0.713852
E9,0.2,1.0,0,1.0,2.0,0.2,0,31,saf-adaptive,0.672500,0.948433
E9,0.2,1.0,0,1.0,2.0,0.2,0,31,belief-matched,0.676000,0.962588
E9,0.2,1.0,0,1.0,2.0,0.2,0,32,random,0.557500,0.480652
E9,0.2,1.0,0,1.0,2.0,0.2,0,32,round-robin,0.558250,0.483707
E9,0.2,1.0,0,1.0,2.0,0.2,0,32,oracle,0.685000,1.000000
E9,0.2,1.0,0,1.0,2.0,0.2,0,32,snr-greedy,0.639250,0.813646
E9,0.2,1.0,0,1.0,2.0,0.2,0,32,snr-greedy-loss,0.672250,0.948065
E9,0.2,1.0,0,1.0,2.0,0.2,0,32,snr-mean,0.615750,0.717923
E9,0.2,1.0,0,1.0,2.0,0.2,0,32,belief,0.669750,0.937882
E9,0.2,1.0,0,1.0,2.0,0.2,0,32,belief-pred,0.669750,0.937882
E9,0.2,1.0,0,1.0,2.0,0.2,0,32,ewma,0.595000,0.633401
E9,0.2,1.0,0,1.0,2.0,0.2,0,32,blend-paper,0.617250,0.724033
E9,0.2,1.0,0,1.0,2.0,0.2,0,32,saf-adaptive,0.668250,0.931772
E9,0.2,1.0,0,1.0,2.0,0.2,0,32,belief-matched,0.675500,0.961303
E9,0.2,1.0,0,1.0,2.0,0.2,0,33,random,0.568250,0.516684
E9,0.2,1.0,0,1.0,2.0,0.2,0,33,round-robin,0.561750,0.490394
E9,0.2,1.0,0,1.0,2.0,0.2,0,33,oracle,0.687750,1.000000
E9,0.2,1.0,0,1.0,2.0,0.2,0,33,snr-greedy,0.632500,0.776542
E9,0.2,1.0,0,1.0,2.0,0.2,0,33,snr-greedy-loss,0.674250,0.945399
E9,0.2,1.0,0,1.0,2.0,0.2,0,33,snr-mean,0.609500,0.683519
E9,0.2,1.0,0,1.0,2.0,0.2,0,33,belief,0.674000,0.944388
E9,0.2,1.0,0,1.0,2.0,0.2,0,33,belief-pred,0.674000,0.944388
E9,0.2,1.0,0,1.0,2.0,0.2,0,33,ewma,0.601750,0.652174
E9,0.2,1.0,0,1.0,2.0,0.2,0,33,blend-paper,0.619250,0.722952
E9,0.2,1.0,0,1.0,2.0,0.2,0,33,saf-adaptive,0.673750,0.943377
E9,0.2,1.0,0,1.0,2.0,0.2,0,33,belief-matched,0.677000,0.956522
E9,0.2,1.0,0,1.0,2.0,0.2,0,34,random,0.561250,0.509824
E9,0.2,1.0,0,1.0,2.0,0.2,0,34,round-robin,0.557500,0.494312
E9,0.2,1.0,0,1.0,2.0,0.2,0,34,oracle,0.679750,1.000000
E9,0.2,1.0,0,1.0,2.0,0.2,0,34,snr-greedy,0.633750,0.809721
E9,0.2,1.0,0,1.0,2.0,0.2,0,34,snr-greedy-loss,0.667500,0.949328
E9,0.2,1.0,0,1.0,2.0,0.2,0,34,snr-mean,0.591500,0.634953
E9,0.2,1.0,0,1.0,2.0,0.2,0,34,belief,0.668500,0.953464
E9,0.2,1.0,0,1.0,2.0,0.2,0,34,belief-pred,0.668500,0.953464
E9,0.2,1.0,0,1.0,2.0,0.2,0,34,ewma,0.574250,0.563599
E9,0.2,1.0,0,1.0,2.0,0.2,0,34,blend-paper,0.601750,0.677353
E9,0.2,1.0,0,1.0,2.0,0.2,0,34,saf-adaptive,0.668500,0.953464
E9,0.2,1.0,0,1.0,2.0,0.2,0,34,belief-matched,0.671750,0.966908
E9,0.2,1.0,0,1.0,2.0,0.2,0,35,random,0.567250,0.491803
E9,0.2,1.0,0,1.0,2.0,0.2,0,35,round-robin,0.570000,0.503074
E9,0.2,1.0,0,1.0,2.0,0.2,0,35,oracle,0.691250,1.000000
E9,0.2,1.0,0,1.0,2.0,0.2,0,35,snr-greedy,0.643750,0.805328
E9,0.2,1.0,0,1.0,2.0,0.2,0,35,snr-greedy-loss,0.676250,0.938525
E9,0.2,1.0,0,1.0,2.0,0.2,0,35,snr-mean,0.611250,0.672131
E9,0.2,1.0,0,1.0,2.0,0.2,0,35,belief,0.674500,0.931352
E9,0.2,1.0,0,1.0,2.0,0.2,0,35,belief-pred,0.674500,0.931352
E9,0.2,1.0,0,1.0,2.0,0.2,0,35,ewma,0.590000,0.585041
E9,0.2,1.0,0,1.0,2.0,0.2,0,35,blend-paper,0.620500,0.710041
E9,0.2,1.0,0,1.0,2.0,0.2,0,35,saf-adaptive,0.674500,0.931352
E9,0.2,1.0,0,1.0,2.0,0.2,0,35,belief-matched,0.678250,0.946721
E9,0.2,1.0,0,1.0,2.0,0.2,0,36,random,0.566250,0.498419
E9,0.2,1.0,0,1.0,2.0,0.2,0,36,round-robin,0.568500,0.507903
E9,0.2,1.0,0,1.0,2.0,0.2,0,36,oracle,0.685250,1.000000
E9,0.2,1.0,0,1.0,2.0,0.2,0,36,snr-greedy,0.637750,0.799789
E9,0.2,1.0,0,1.0,2.0,0.2,0,36,snr-greedy-loss,0.671000,0.939937
E9,0.2,1.0,0,1.0,2.0,0.2,0,36,snr-mean,0.606000,0.665964
E9,0.2,1.0,0,1.0,2.0,0.2,0,36,belief,0.675000,0.956797
E9,0.2,1.0,0,1.0,2.0,0.2,0,36,belief-pred,0.675000,0.956797
E9,0.2,1.0,0,1.0,2.0,0.2,0,36,ewma,0.565250,0.494204
E9,0.2,1.0,0,1.0,2.0,0.2,0,36,blend-paper,0.619250,0.721812
E9,0.2,1.0,0,1.0,2.0,0.2,0,36,saf-adaptive,0.675000,0.956797
E9,0.2,1.0,0,1.0,2.0,0.2,0,36,belief-matched,0.675750,0.959958
E9,0.2,1.0,0,1.0,2.0,0.2,0,37,random,0.574750,0.529472
E9,0.2,1.0,0,1.0,2.0,0.2,0,37,round-robin,0.568250,0.503049
E9,0.2,1.0,0,1.0,2.0,0.2,0,37,oracle,0.690500,1.000000
E9,0.2,1.0,0,1.0,2.0,0.2,0,37,snr-greedy,0.645250,0.816057
E9,0.2,1.0,0,1.0,2.0,0.2,0,37,snr-greedy-loss,0.675000,0.936992
E9,0.2,1.0,0,1.0,2.0,0.2,0,37,snr-mean,0.621500,0.719512
E9,0.2,1.0,0,1.0,2.0,0.2,0,37,belief,0.677250,0.946138
E9,0.2,1.0,0,1.0,2.0,0.2,0,37,belief-pred,0.677250,0.946138
E9,0.2,1.0,0,1.0,2.0,0.2,0,37,ewma,0.606000,0.656504
E9,0.2,1.0,0,1.0,2.0,0.2,0,37,blend-paper,0.620500,0.715447
E9,0.2,1.0,0,1.0,2.0,0.2,0,37,saf-adaptive,0.677250,0.946138
E9,0.2,1.0,0,1.0,2.0,0.2,0,37,belief-matched,0.680000,0.957317
E9,0.2,1.0,0,1.0,2.0,0.2,0,38,random,0.571750,0.497972
E9,0.2,1.0,0,1.0,2.0,0.2,0,38,round-robin,0.576500,0.517241
E9,0.2,1.0,0,1.0,2.0,0.2,0,38,oracle,0.695500,1.000000
E9,0.2,1.0,0,1.0,2.0,0.2,0,38,snr-greedy,0.643000,0.787018
E9,0.2,1.0,0,1.0,2.0,0.2,0,38,snr-greedy-loss,0.680250,0.938134
E9,0.2,1.0,0,1.0,2.0,0.2,0,38,snr-mean,0.616000,0.677485
E9,0.2,1.0,0,1.0,2.0,0.2,0,38,belief,0.679750,0.936105
E9,0.2,1.0,0,1.0,2.0,0.2,0,38,belief-pred,0.679750,0.936105
E9,0.2,1.0,0,1.0,2.0,0.2,0,38,ewma,0.585750,0.554767
E9,0.2,1.0,0,1.0,2.0,0.2,0,38,blend-paper,0.619000,0.689655
E9,0.2,1.0,0,1.0,2.0,0.2,0,38,saf-adaptive,0.679500,0.935091
E9,0.2,1.0,0,1.0,2.0,0.2,0,38,belief-matched,0.685000,0.957404
E9,0.2,1.0,0,1.0,2.0,0.2,0,39,random,0.563000,0.495992
E9,0.2,1.0,0,1.0,2.0,0.2,0,39,round-robin,0.564500,0.502004
E9,0.2,1.0,0,1.0,2.0,0.2,0,39,oracle,0.688750,1.000000
E9,0.2,1.0,0,1.0,2.0,0.2,0,39,snr-greedy,0.629000,0.760521
E9,0.2,1.0,0,1.0,2.0,0.2,0,39,snr-greedy-loss,0.670250,0.925852
E9,0.2,1.0,0,1.0,2.0,0.2,0,39,snr-mean,0.614000,0.700401
E9,0.2,1.0,0,1.0,2.0,0.2,0,39,belief,0.671000,0.928858
E9,0.2,1.0,0,1.0,2.0,0.2,0,39,belief-pred,0.671000,0.928858
E9,0.2,1.0,0,1.0,2.0,0.2,0,39,ewma,0.581250,0.569138
E9,0.2,1.0,0,1.0,2.0,0.2,0,39,blend-paper,0.625750,0.747495
E9,0.2,1.0,0,1.0,2.0,0.2,0,39,saf-adaptive,0.671000,0.928858
E9,0.2,1.0,0,1.0,2.0,0.2,0,39,belief-matched,0.675000,0.944890
E9,0.2,1.0,0,1.0,2.0,0.2,0,40,random,0.562250,0.533804
E9,0.2,1.0,0,1.0,2.0,0.2,0,40,round-robin,0.554500,0.502523
E9,0.2,1.0,0,1.0,2.0,0.2,0,40,oracle,0.677750,1.000000
E9,0.2,1.0,0,1.0,2.0,0.2,0,40,snr-greedy,0.628500,0.801211
E9,0.2,1.0,0,1.0,2.0,0.2,0,40,snr-greedy-loss,0.663000,0.940464
E9,0.2,1.0,0,1.0,2.0,0.2,0,40,snr-mean,0.590250,0.646821
E9,0.2,1.0,0,1.0,2.0,0.2,0,40,belief,0.666000,0.952573
E9,0.2,1.0,0,1.0,2.0,0.2,0,40,belief-pred,0.666000,0.952573
E9,0.2,1.0,0,1.0,2.0,0.2,0,40,ewma,0.564750,0.543895
E9,0.2,1.0,0,1.0,2.0,0.2,0,40,blend-paper,0.599000,0.682139
E9,0.2,1.0,0,1.0,2.0,0.2,0,40,saf-adaptive,0.666000,0.952573
E9,0.2,1.0,0,1.0,2.0,0.2,0,40,belief-matched,0.667250,0.957619
E9,0.2,1.0,0,1.0,2.0,0.2,0,41,random,0.553500,0.473738
E9,0.2,1.0,0,1.0,2.0,0.2,0,41,round-robin,0.559000,0.496395
E9,0.2,1.0,0,1.0,2.0,0.2,0,41,oracle,0.681250,1.000000
E9,0.2,1.0,0,1.0,2.0,0.2,0,41,snr-greedy,0.636500,0.815654
E9,0.2,1.0,0,1.0,2.0,0.2,0,41,snr-greedy-loss,0.670750,0.956746
E9,0.2,1.0,0,1.0,2.0,0.2,0,41,snr-mean,0.594500,0.642636
E9,0.2,1.0,0,1.0,2.0,0.2,0,41,belief,0.670250,0.954686
E9,0.2,1.0,0,1.0,2.0,0.2,0,41,belief-pred,0.670250,0.954686
E9,0.2,1.0,0,1.0,2.0,0.2,0,41,ewma,0.584500,0.601442
E9,0.2,1.0,0,1.0,2.0,0.2,0,41,blend-paper,0.612250,0.715757
E9,0.2,1.0,0,1.0,2.0,0.2,0,41,saf-adaptive,0.670250,0.954686
E9,0.2,1.0,0,1.0,2.0,0.2,0,41,belief-matched,0.672500,0.963955
E9,0.2,1.0,0,1.0,2.0,0.2,0,42,random,0.552500,0.510978
E9,0.2,1.0,0,1.0,2.0,0.2,0,42,round-robin,0.546750,0.488024
E9,0.2,1.0,0,1.0,2.0,0.2,0,42,oracle,0.675000,1.000000
E9,0.2,1.0,0,1.0,2.0,0.2,0,42,snr-greedy,0.629500,0.818363
E9,0.2,1.0,0,1.0,2.0,0.2,0,42,snr-greedy-loss,0.662000,0.948104
E9,0.2,1.0,0,1.0,2.0,0.2,0,42,snr-mean,0.591750,0.667665
E9,0.2,1.0,0,1.0,2.0,0.2,0,42,belief,0.663250,0.953094
E9,0.2,1.0,0,1.0,2.0,0.2,0,42,belief-pred,0.663250,0.953094
E9,0.2,1.0,0,1.0,2.0,0.2,0,42,ewma,0.588000,0.652695
E9,0.2,1.0,0,1.0,2.0,0.2,0,42,blend-paper,0.602250,0.709581
E9,0.2,1.0,0,1.0,2.0,0.2,0,42,saf-adaptive,0.663250,0.953094
E9,0.2,1.0,0,1.0,2.0,0.2,0,42,belief-matched,0.664500,0.958084
E9,0.2,1.0,0,1.0,2.0,0.2,0,43,random,0.562750,0.506694
E9,0.2,1.0,0,1.0,2.0,0.2,0,43,round-robin,0.561000,0.499485
E9,0.2,1.0,0,1.0,2.0,0.2,0,43,oracle,0.682500,1.000000
E9,0.2,1.0,0,1.0,2.0,0.2,0,43,snr-greedy,0.631250,0.788877
E9,0.2,1.0,0,1.0,2.0,0.2,0,43,snr-greedy-loss,0.669250,0.945417
E9,0.2,1.0,0,1.0,2.0,0.2,0,43,snr-mean,0.604500,0.678682
E9,0.2,1.0,0,1.0,2.0,0.2,0,43,belief,0.668000,0.940268
E9,0.2,1.0,0,1.0,2.0,0.2,0,43,belief-pred,0.668000,0.940268
E9,0.2,1.0,0,1.0,2.0,0.2,0,43,ewma,0.581250,0.582904
E9,0.2,1.0,0,1.0,2.0,0.2,0,43,blend-paper,0.615250,0.722966
E9,0.2,1.0,0,1.0,2.0,0.2,0,43,saf-adaptive,0.668250,0.941298
E9,0.2,1.0,0,1.0,2.0,0.2,0,43,belief-matched,0.674000,0.964985
E9,0.2,1.0,0,1.0,2.0,0.2,0,44,random,0.566750,0.501577
E9,0.2,1.0,0,1.0,2.0,0.2,0,44,round-robin,0.569500,0.513144
E9,0.2,1.0,0,1.0,2.0,0.2,0,44,oracle,0.685250,1.000000
E9,0.2,1.0,0,1.0,2.0,0.2,0,44,snr-greedy,0.640250,0.810726
E9,0.2,1.0,0,1.0,2.0,0.2,0,44,snr-greedy-loss,0.670250,0.936909
E9,0.2,1.0,0,1.0,2.0,0.2,0,44,snr-mean,0.604750,0.661409
E9,0.2,1.0,0,1.0,2.0,0.2,0,44,belief,0.668750,0.930599
E9,0.2,1.0,0,1.0,2.0,0.2,0,44,belief-pred,0.668750,0.930599
E9,0.2,1.0,0,1.0,2.0,0.2,0,44,ewma,0.605500,0.664564
E9,0.2,1.0,0,1.0,2.0,0.2,0,44,blend-paper,0.618000,0.717140
E9,0.2,1.0,0,1.0,2.0,0.2,0,44,saf-adaptive,0.668750,0.930599
E9,0.2,1.0,0,1.0,2.0,0.2,0,44,belief-matched,0.674000,0.952681
E9,0.2,1.0,0,1.0,2.0,0.2,0,45,random,0.558250,0.508565
E9,0.2,1.0,0,1.0,2.0,0.2,0,45,round-robin,0.557000,0.503212
E9,0.2,1.0,0,1.0,2.0,0.2,0,45,oracle,0.673000,1.000000
E9,0.2,1.0,0,1.0,2.0,0.2,0,45,snr-greedy,0.627750,0.806210
E9,0.2,1.0,0,1.0,2.0,0.2,0,45,snr-greedy-loss,0.663000,0.957173
E9,0.2,1.0,0,1.0,2.0,0.2,0,45,snr-mean,0.599000,0.683084
E9,0.2,1.0,0,1.0,2.0,0.2,0,45,belief,0.662250,0.953961
E9,0.2,1.0,0,1.0,2.0,0.2,0,45,belief-pred,0.662250,0.953961
E9,0.2,1.0,0,1.0,2.0,0.2,0,45,ewma,0.557000,0.503212
E9,0.2,1.0,0,1.0,2.0,0.2,0,45,blend-paper,0.598750,0.682013
E9,0.2,1.0,0,1.0,2.0,0.2,0,45,saf-adaptive,0.662250,0.953961
E9,0.2,1.0,0,1.0,2.0,0.2,0,45,belief-matched,0.665500,0.967880
E9,0.2,1.0,0,1.0,2.0,0.2,0,46,random,0.560000,0.504124
E9,0.2,1.0,0,1.0,2.0,0.2,0,46,round-robin,0.557500,0.493814
E9,0.2,1.0,0,1.0,2.0,0.2,0,46,oracle,0.680250,1.000000
E9,0.2,1.0,0,1.0,2.0,0.2,0,46,snr-greedy,0.633500,0.807216
E9,0.2,1.0,0,1.0,2.0,0.2,0,46,snr-greedy-loss,0.669250,0.954639
E9,0.2,1.0,0,1.0,2.0,0.2,0,46,snr-mean,0.597500,0.658763
E9,0.2,1.0,0,1.0,2.0,0.2,0,46,belief,0.668750,0.952577
E9,0.2,1.0,0,1.0,2.0,0.2,0,46,belief-pred,0.668750,0.952577
E9,0.2,1.0,0,1.0,2.0,0.2,0,46,ewma,0.585000,0.607216
E9,0.2,1.0,0,1.0,2.0,0.2,0,46,blend-paper,0.610750,0.713402
E9,0.2,1.0,0,1.0,2.0,0.2,0,46,saf-adaptive,0.668750,0.952577
E9,0.2,1.0,0,1.0,2.0,0.2,0,46,belief-matched,0.671250,0.962887
E9,0.2,1.0,0,1.0,2.0,0.2,0,47,random,0.565500,0.503992
E9,0.2,1.0,0,1.0,2.0,0.2,0,47,round-robin,0.566500,0.507984
E9,0.2,1.0,0,1.0,2.0,0.2,0,47,oracle,0.689750,1.000000
E9,0.2,1.0,0,1.0,2.0,0.2,0,47,snr-greedy,0.646250,0.826347
E9,0.2,1.0,0,1.0,2.0,0.2,0,47,snr-greedy-loss,0.675000,0.941118
E9,0.2,1.0,0,1.0,2.0,0.2,0,47,snr-mean,0.612000,0.689621
E9,0.2,1.0,0,1.0,2.0,0.2,0,47,belief,0.675000,0.941118
E9,0.2,1.0,0,1.0,2.0,0.2,0,47,belief-pred,0.675000,0.941118
E9,0.2,1.0,0,1.0,2.0,0.2,0,47,ewma,0.567750,0.512974
E9,0.2,1.0,0,1.0,2.0,0.2,0,47,blend-paper,0.614500,0.699601
E9,0.2,1.0,0,1.0,2.0,0.2,0,47,saf-adaptive,0.675000,0.941118
E9,0.2,1.0,0,1.0,2.0,0.2,0,47,belief-matched,0.678750,0.956088
E9,0.2,1.0,0,1.0,2.0,0.2,0,48,random,0.560750,0.504683
E9,0.2,1.0,0,1.0,2.0,0.2,0,48,round-robin,0.555500,0.482830
E9,0.2,1.0,0,1.0,2.0,0.2,0,48,oracle,0.679750,1.000000
E9,0.2,1.0,0,1.0,2.0,0.2,0,48,snr-greedy,0.634250,0.810614
E9,0.2,1.0,0,1.0,2.0,0.2,0,48,snr-greedy-loss,0.669000,0.955255
E9,0.2,1.0,0,1.0,2.0,0.2,0,48,snr-mean,0.608000,0.701353
E9,0.2,1.0,0,1.0,2.0,0.2,0,48,belief,0.663500,0.932362
E9,0.2,1.0,0,1.0,2.0,0.2,0,48,belief-pred,0.663500,0.932362
E9,0.2,1.0,0,1.0,2.0,0.2,0,48,ewma,0.568250,0.535900
E9,0.2,1.0,0,1.0,2.0,0.2,0,48,blend-paper,0.619750,0.750260
E9,0.2,1.0,0,1.0,2.0,0.2,0,48,saf-adaptive,0.663750,0.933403
E9,0.2,1.0,0,1.0,2.0,0.2,0,48,belief-matched,0.670250,0.960458
E9,0.2,1.0,0,1.0,2.0,0.2,0,49,random,0.561500,0.513402
E9,0.2,1.0,0,1.0,2.0,0.2,0,49,round-robin,0.561750,0.514433
E9,0.2,1.0,0,1.0,2.0,0.2,0,49,oracle,0.679500,1.000000
E9,0.2,1.0,0,1.0,2.0,0.2,0,49,snr-greedy,0.634000,0.812371
E9,0.2,1.0,0,1.0,2.0,0.2,0,49,snr-greedy-loss,0.666750,0.947423
E9,0.2,1.0,0,1.0,2.0,0.2,0,49,snr-mean,0.600250,0.673196
E9,0.2,1.0,0,1.0,2.0,0.2,0,49,belief,0.668500,0.954639
E9,0.2,1.0,0,1.0,2.0,0.2,0,49,belief-pred,0.668500,0.954639
E9,0.2,1.0,0,1.0,2.0,0.2,0,49,ewma,0.568000,0.540206
E9,0.2,1.0,0,1.0,2.0,0.2,0,49,blend-paper,0.594250,0.648454
E9,0.2,1.0,0,1.0,2.0,0.2,0,49,saf-adaptive,0.668000,0.952577
E9,0.2,1.0,0,1.0,2.0,0.2,0,49,belief-matched,0.669750,0.959794
E9,0.2,1.0,0,1.0,3.0,0.2,0,0,random,0.560000,0.493952
E9,0.2,1.0,0,1.0,3.0,0.2,0,0,round-robin,0.559500,0.491935
E9,0.2,1.0,0,1.0,3.0,0.2,0,0,oracle,0.685500,1.000000
E9,0.2,1.0,0,1.0,3.0,0.2,0,0,snr-greedy,0.626000,0.760081
E9,0.2,1.0,0,1.0,3.0,0.2,0,0,snr-greedy-loss,0.666250,0.922379
E9,0.2,1.0,0,1.0,3.0,0.2,0,0,snr-mean,0.620500,0.737903
E9,0.2,1.0,0,1.0,3.0,0.2,0,0,belief,0.656000,0.881048
E9,0.2,1.0,0,1.0,3.0,0.2,0,0,belief-pred,0.656000,0.881048
E9,0.2,1.0,0,1.0,3.0,0.2,0,0,ewma,0.595250,0.636089
E9,0.2,1.0,0,1.0,3.0,0.2,0,0,blend-paper,0.614500,0.713710
E9,0.2,1.0,0,1.0,3.0,0.2,0,0,saf-adaptive,0.656000,0.881048
E9,0.2,1.0,0,1.0,3.0,0.2,0,0,belief-matched,0.671000,0.941532
E9,0.2,1.0,0,1.0,3.0,0.2,0,1,random,0.565000,0.491919
E9,0.2,1.0,0,1.0,3.0,0.2,0,1,round-robin,0.567250,0.501010
E9,0.2,1.0,0,1.0,3.0,0.2,0,1,oracle,0.690750,1.000000
E9,0.2,1.0,0,1.0,3.0,0.2,0,1,snr-greedy,0.644500,0.813131
E9,0.2,1.0,0,1.0,3.0,0.2,0,1,snr-greedy-loss,0.675250,0.937374
E9,0.2,1.0,0,1.0,3.0,0.2,0,1,snr-mean,0.612750,0.684848
E9,0.2,1.0,0,1.0,3.0,0.2,0,1,belief,0.668500,0.910101
E9,0.2,1.0,0,1.0,3.0,0.2,0,1,belief-pred,0.668500,0.910101
E9,0.2,1.0,0,1.0,3.0,0.2,0,1,ewma,0.587000,0.580808
E9,0.2,1.0,0,1.0,3.0,0.2,0,1,blend-paper,0.612750,0.684848
E9,0.2,1.0,0,1.0,3.0,0.2,0,1,saf-adaptive,0.668500,0.910101
E9,0.2,1.0,0,1.0,3.0,0.2,0,1,belief-matched,0.678500,0.950505
E9,0.2,1.0,0,1.0,3.0,0.2,0,2,random,0.565750,0.522059
E9,0.2,1.0,0,1.0,3.0,0.2,0,2,round-robin,0.562000,0.506303
E9,0.2,1.0,0,1.0,3.0,0.2,0,2,oracle,0.679500,1.000000
E9,0.2,1.0,0,1.0,3.0,0.2,0,2,snr-greedy,0.628000,0.783613
E9,0.2,1.0,0,1.0,3.0,0.2,0,2,snr-greedy-loss,0.661000,0.922269
E9,0.2,1.0,0,1.0,3.0,0.2,0,2,snr-mean,0.616000,0.733193
E9,0.2,1.0,0,1.0,3.0,0.2,0,2,belief,0.652000,0.884454
E9,0.2,1.0,0,1.0,3.0,0.2,0,2,belief-pred,0.652000,0.884454
E9,0.2,1.0,0,1.0,3.0,0.2,0,2,ewma,0.585500,0.605042
E9,0.2,1.0,0,1.0,3.0,0.2,0,2,blend-paper,0.607000,0.695378
E9,0.2,1.0,0,1.0,3.0,0.2,0,2,saf-adaptive,0.652250,0.885504
E9,0.2,1.0,0,1.0,3.0,0.2,0,2,belief-matched,0.666750,0.946429
E9,0.2,1.0,0,1.0,3.0,0.2,0,3,random,0.544750,0.452703
E9,0.2,1.0,0,1.0,3.0,0.2,0,3,round-robin,0.560000,0.511583
E9,0.2,1.0,0,1.0,3.0,0.2,0,3,oracle,0.686500,1.000000
E9,0.2,1.0,0,1.0,3.0,0.2,0,3,snr-greedy,0.625750,0.765444
E9,0.2,1.0,0,1.0,3.0,0.2,0,3,snr-greedy-loss,0.662500,0.907336
E9,0.2,1.0,0,1.0,3.0,0.2,0,3,snr-mean,0.605750,0.688224
E9,0.2,1.0,0,1.0,3.0,0.2,0,3,belief,0.658750,0.892857
E9,0.2,1.0,0,1.0,3.0,0.2,0,3,belief-pred,0.658750,0.892857
E9,0.2,1.0,0,1.0,3.0,0.2,0,3,ewma,0.564000,0.527027
E9,0.2,1.0,0,1.0,3.0,0.2,0,3,blend-paper,0.618250,0.736486
E9,0.2,1.0,0,1.0,3.0,0.2,0,3,saf-adaptive,0.658500,0.891892
E9,0.2,1.0,0,1.0,3.0,0.2,0,3,belief-matched,0.670750,0.939189
E9,0.2,1.0,0,1.0,3.0,0.2,0,4,random,0.561000,0.510331
E9,0.2,1.0,0,1.0,3.0,0.2,0,4,round-robin,0.554750,0.484504
E9,0.2,1.0,0,1.0,3.0,0.2,0,4,oracle,0.679500,1.000000
E9,0.2,1.0,0,1.0,3.0,0.2,0,4,snr-greedy,0.625500,0.776860
E9,0.2,1.0,0,1.0,3.0,0.2,0,4,snr-greedy-loss,0.660250,0.920455
E9,0.2,1.0,0,1.0,3.0,0.2,0,4,snr-mean,0.596750,0.658058
E9,0.2,1.0,0,1.0,3.0,0.2,0,4,belief,0.658500,0.913223
E9,0.2,1.0,0,1.0,3.0,0.2,0,4,belief-pred,0.658500,0.913223
E9,0.2,1.0,0,1.0,3.0,0.2,0,4,ewma,0.580500,0.590909
E9,0.2,1.0,0,1.0,3.0,0.2,0,4,blend-paper,0.605000,0.692149
E9,0.2,1.0,0,1.0,3.0,0.2,0,4,saf-adaptive,0.658500,0.913223
E9,0.2,1.0,0,1.0,3.0,0.2,0,4,belief-matched,0.664750,0.939050
E9,0.2,1.0,0,1.0,3.0,0.2,0,5,random,0.563000,0.507128
E9,0.2,1.0,0,1.0,3.0,0.2,0,5,round-robin,0.560250,0.495927
E9,0.2,1.0,0,1.0,3.0,0.2,0,5,oracle,0.684000,1.000000
E9,0.2,1.0,0,1.0,3.0,0.2,0,5,snr-greedy,0.631250,0.785132
E9,0.2,1.0,0,1.0,3.0,0.2,0,5,snr-greedy-loss,0.665750,0.925662
E9,0.2,1.0,0,1.0,3.0,0.2,0,5,snr-mean,0.606500,0.684318
E9,0.2,1.0,0,1.0,3.0,0.2,0,5,belief,0.656250,0.886965
E9,0.2,1.0,0,1.0,3.0,0.2,0,5,belief-pred,0.656250,0.886965
E9,0.2,1.0,0,1.0,3.0,0.2,0,5,ewma,0.576500,0.562118
E9,0.2,1.0,0,1.0,3.0,0.2,0,5,blend-paper,0.612000,0.706721
E9,0.2,1.0,0,1.0,3.0,0.2,0,5,saf-adaptive,0.655500,0.883910
E9,0.2,1.0,0,1.0,3.0,0.2,0,5,belief-matched,0.671000,0.947047
E9,0.2,1.0,0,1.0,3.0,0.2,0,6,random,0.563250,0.525994
E9,0.2,1.0,0,1.0,3.0,0.2,0,6,round-robin,0.560750,0.515800
E9,0.2,1.0,0,1.0,3.0,0.2,0,6,oracle,0.679500,1.000000
E9,0.2,1.0,0,1.0,3.0,0.2,0,6,snr-greedy,0.630500,0.800204
E9,0.2,1.0,0,1.0,3.0,0.2,0,6,snr-greedy-loss,0.662250,0.929664
E9,0.2,1.0,0,1.0,3.0,0.2,0,6,snr-mean,0.603000,0.688073
E9,0.2,1.0,0,1.0,3.0,0.2,0,6,belief,0.656000,0.904179
E9,0.2,1.0,0,1.0,3.0,0.2,0,6,belief-pred,0.656000,0.904179
E9,0.2,1.0,0,1.0,3.0,0.2,0,6,ewma,0.575500,0.575943
E9,0.2,1.0,0,1.0,3.0,0.2,0,6,blend-paper,0.605750,0.699286
E9,0.2,1.0,0,1.0,3.0,0.2,0,6,saf-adaptive,0.655750,0.903160
E9,0.2,1.0,0,1.0,3.0,0.2,0,6,belief-matched,0.667250,0.950051
E9,0.2,1.0,0,1.0,3.0,0.2,0,7,random,0.568250,0.490066
E9,0.2,1.0,0,1.0,3.0,0.2,0,7,round-robin,0.572250,0.507726
E9,0.2,1.0,0,1.0,3.0,0.2,0,7,oracle,0.683750,1.000000
E9,0.2,1.0,0,1.0,3.0,0.2,0,7,snr-greedy,0.633750,0.779249
E9,0.2,1.0,0,1.0,3.0,0.2,0,7,snr-greedy-loss,0.667500,0.928256
E9,0.2,1.0,0,1.0,3.0,0.2,0,7,snr-mean,0.607250,0.662252
E9,0.2,1.0,0,1.0,3.0,0.2,0,7,belief,0.659000,0.890728
E9,0.2,1.0,0,1.0,3.0,0.2,0,7,belief-pred,0.659000,0.890728
E9,0.2,1.0,0,1.0,3.0,0.2,0,7,ewma,0.591250,0.591611
E9,0.2,1.0,0,1.0,3.0,0.2,0,7,blend-paper,0.616750,0.704194
E9,0.2,1.0,0,1.0,3.0,0.2,0,7,saf-adaptive,0.658750,0.889625
E9,0.2,1.0,0,1.0,3.0,0.2,0,7,belief-matched,0.669250,0.935982
E9,0.2,1.0,0,1.0,3.0,0.2,0,8,random,0.566750,0.480263
E9,0.2,1.0,0,1.0,3.0,0.2,0,8,round-robin,0.573500,0.509868
E9,0.2,1.0,0,1.0,3.0,0.2,0,8,oracle,0.685250,1.000000
E9,0.2,1.0,0,1.0,3.0,0.2,0,8,snr-greedy,0.628250,0.750000
E9,0.2,1.0,0,1.0,3.0,0.2,0,8,snr-greedy-loss,0.667250,0.921053
E9,0.2,1.0,0,1.0,3.0,0.2,0,8,snr-mean,0.598500,0.619518
E9,0.2,1.0,0,1.0,3.0,0.2,0,8,belief,0.657000,0.876096
E9,0.2,1.0,0,1.0,3.0,0.2,0,8,belief-pred,0.657000,0.876096
E9,0.2,1.0,0,1.0,3.0,0.2,0,8,ewma,0.589250,0.578947
E9,0.2,1.0,0,1.0,3.0,0.2,0,8,blend-paper,0.610500,0.672149
E9,0.2,1.0,0,1.0,3.0,0.2,0,8,saf-adaptive,0.657000,0.876096
E9,0.2,1.0,0,1.0,3.0,0.2,0,8,belief-matched,0.669750,0.932018
E9,0.2,1.0,0,1.0,3.0,0.2,0,9,random,0.567250,0.526474
E9,0.2,1.0,0,1.0,3.0,0.2,0,9,round-robin,0.561250,0.502498
E9,0.2,1.0,0,1.0,3.0,0.2,0,9,oracle,0.685750,1.000000
E9,0.2,1.0,0,1.0,3.0,0.2,0,9,snr-greedy,0.631750,0.784216
E9,0.2,1.0,0,1.0,3.0,0.2,0,9,snr-greedy-loss,0.669000,0.933067
E9,0.2,1.0,0,1.0,3.0,0.2,0,9,snr-mean,0.603500,0.671329
E9,0.2,1.0,0,1.0,3.0,0.2,0,9,belief,0.660250,0.898102
E9,0.2,1.0,0,1.0,3.0,0.2,0,9,belief-pred,0.660250,0.898102
E9,0.2,1.0,0,1.0,3.0,0.2,0,9,ewma,0.579250,0.574426
E9,0.2,1.0,0,1.0,3.0,0.2,0,9,blend-paper,0.610000,0.697303
E9,0.2,1.0,0,1.0,3.0,0.2,0,9,saf-adaptive,0.660250,0.898102
E9,0.2,1.0,0,1.0,3.0,0.2,0,9,belief-matched,0.674000,0.953047
E9,0.2,1.0,0,1.0,3.0,0.2,0,10,random,0.556000,0.489858
E9,0.2,1.0,0,1.0,3.0,0.2,0,10,round-robin,0.557500,0.495943
E9,0.2,1.0,0,1.0,3.0,0.2,0,10,oracle,0.681750,1.000000
E9,0.2,1.0,0,1.0,3.0,0.2,0,10,snr-greedy,0.632750,0.801217
E9,0.2,1.0,0,1.0,3.0,0.2,0,10,snr-greedy-loss,0.664500,0.930020
E9,0.2,1.0,0,1.0,3.0,0.2,0,10,snr-mean,0.611500,0.715010
E9,0.2,1.0,0,1.0,3.0,0.2,0,10,belief,0.656000,0.895538
E9,0.2,1.0,0,1.0,3.0,0.2,0,10,belief-pred,0.656000,0.895538
E9,0.2,1.0,0,1.0,3.0,0.2,0,10,ewma,0.580500,0.589249
E9,0.2,1.0,0,1.0,3.0,0.2,0,10,blend-paper,0.609500,0.706897
E9,0.2,1.0,0,1.0,3.0,0.2,0,10,saf-adaptive,0.656750,0.898580
E9,0.2,1.0,0,1.0,3.0,0.2,0,10,belief-matched,0.667750,0.943205
E9,0.2,1.0,0,1.0,3.0,0.2,0,11,random,0.565000,0.507821
E9,0.2,1.0,0,1.0,3.0,0.2,0,11,round-robin,0.564500,0.505735
E9,0.2,1.0,0,1.0,3.0,0.2,0,11,oracle,0.683000,1.000000
E9,0.2,1.0,0,1.0,3.0,0.2,0,11,snr-greedy,0.633750,0.794578
E9,0.2,1.0,0,1.0,3.0,0.2,0,11,snr-greedy-loss,0.668000,0.937435
E9,0.2,1.0,0,1.0,3.0,0.2,0,11,snr-mean,0.608000,0.687174
E9,0.2,1.0,0,1.0,3.0,0.2,0,11,belief,0.658000,0.895725
E9,0.2,1.0,0,1.0,3.0,0.2,0,11,belief-pred,0.658000,0.895725
E9,0.2,1.0,0,1.0,3.0,0.2,0,11,ewma,0.574000,0.545360
E9,0.2,1.0,0,1.0,3.0,0.2,0,11,blend-paper,0.615750,0.719499
E9,0.2,1.0,0,1.0,3.0,0.2,0,11,saf-adaptive,0.658000,0.895725
E9,0.2,1.0,0,1.0,3.0,0.2,0,11,belief-matched,0.671000,0.949948
E9,0.2,1.0,0,1.0,3.0,0.2,0,12,random,0.566500,0.502533
E9,0.2,1.0,0,1.0,3.0,0.2,0,12,round-robin,0.561250,0.481256
E9,0.2,1.0,0,1.0,3.0,0.2,0,12,oracle,0.689250,1.000000
E9,0.2,1.0,0,1.0,3.0,0.2,0,12,snr-greedy,0.634000,0.776089
E9,0.2,1.0,0,1.0,3.0,0.2,0,12,snr-greedy-loss,0.669000,0.917933
E9,0.2,1.0,0,1.0,3.0,0.2,0,12,snr-mean,0.617750,0.710233
E9,0.2,1.0,0,1.0,3.0,0.2,0,12,belief,0.661000,0.885512
E9,0.2,1.0,0,1.0,3.0,0.2,0,12,belief-pred,0.661000,0.885512
E9,0.2,1.0,0,1.0,3.0,0.2,0,12,ewma,0.582750,0.568389
E9,0.2,1.0,0,1.0,3.0,0.2,0,12,blend-paper,0.608000,0.670719
E9,0.2,1.0,0,1.0,3.0,0.2,0,12,saf-adaptive,0.660250,0.882472
E9,0.2,1.0,0,1.0,3.0,0.2,0,12,belief-matched,0.676250,0.947315
E9,0.2,1.0,0,1.0,3.0,0.2,0,13,random,0.554250,0.483087
E9,0.2,1.0,0,1.0,3.0,0.2,0,13,round-robin,0.562250,0.516913
E9,0.2,1.0,0,1.0,3.0,0.2,0,13,oracle,0.676500,1.000000
E9,0.2,1.0,0,1.0,3.0,0.2,0,13,snr-greedy,0.621250,0.766385
E9,0.2,1.0,0,1.0,3.0,0.2,0,13,snr-greedy-loss,0.658250,0.922833
E9,0.2,1.0,0,1.0,3.0,0.2,0,13,snr-mean,0.603000,0.689218
E9,0.2,1.0,0,1.0,3.0,0.2,0,13,belief,0.648500,0.881607
E9,0.2,1.0,0,1.0,3.0,0.2,0,13,belief-pred,0.648500,0.881607
E9,0.2,1.0,0,1.0,3.0,0.2,0,13,ewma,0.573000,0.562368
E9,0.2,1.0,0,1.0,3.0,0.2,0,13,blend-paper,0.601750,0.683932
E9,0.2,1.0,0,1.0,3.0,0.2,0,13,saf-adaptive,0.648000,0.879493
E9,0.2,1.0,0,1.0,3.0,0.2,0,13,belief-matched,0.661750,0.937632
E9,0.2,1.0,0,1.0,3.0,0.2,0,14,random,0.575500,0.500000
E9,0.2,1.0,0,1.0,3.0,0.2,0,14,round-robin,0.573250,0.490506
E9,0.2,1.0,0,1.0,3.0,0.2,0,14,oracle,0.694000,1.000000
E9,0.2,1.0,0,1.0,3.0,0.2,0,14,snr-greedy,0.640000,0.772152
E9,0.2,1.0,0,1.0,3.0,0.2,0,14,snr-greedy-loss,0.676250,0.925105
E9,0.2,1.0,0,1.0,3.0,0.2,0,14,snr-mean,0.621000,0.691983
E9,0.2,1.0,0,1.0,3.0,0.2,0,14,belief,0.667250,0.887131
E9,0.2,1.0,0,1.0,3.0,0.2,0,14,belief-pred,0.667250,0.887131
E9,0.2,1.0,0,1.0,3.0,0.2,0,14,ewma,0.604000,0.620253
E9,0.2,1.0,0,1.0,3.0,0.2,0,14,blend-paper,0.630500,0.732068
E9,0.2,1.0,0,1.0,3.0,0.2,0,14,saf-adaptive,0.666750,0.885021
E9,0.2,1.0,0,1.0,3.0,0.2,0,14,belief-matched,0.679500,0.938819
E9,0.2,1.0,0,1.0,3.0,0.2,0,15,random,0.554000,0.485963
E9,0.2,1.0,0,1.0,3.0,0.2,0,15,round-robin,0.555750,0.492740
E9,0.2,1.0,0,1.0,3.0,0.2,0,15,oracle,0.686750,1.000000
E9,0.2,1.0,0,1.0,3.0,0.2,0,15,snr-greedy,0.628750,0.775411
E9,0.2,1.0,0,1.0,3.0,0.2,0,15,snr-greedy-loss,0.666500,0.921588
E9,0.2,1.0,0,1.0,3.0,0.2,0,15,snr-mean,0.615250,0.723136
E9,0.2,1.0,0,1.0,3.0,0.2,0,15,belief,0.654500,0.875121
E9,0.2,1.0,0,1.0,3.0,0.2,0,15,belief-pred,0.654500,0.875121
E9,0.2,1.0,0,1.0,3.0,0.2,0,15,ewma,0.599750,0.663117
E9,0.2,1.0,0,1.0,3.0,0.2,0,15,blend-paper,0.617250,0.730881
E9,0.2,1.0,0,1.0,3.0,0.2,0,15,saf-adaptive,0.654500,0.875121
E9,0.2,1.0,0,1.0,3.0,0.2,0,15,belief-matched,0.669500,0.933204
E9,0.2,1.0,0,1.0,3.0,0.2,0,16,random,0.556500,0.482795
E9,0.2,1.0,0,1.0,3.0,0.2,0,16,round-robin,0.559250,0.494265
E9,0.2,1.0,0,1.0,3.0,0.2,0,16,oracle,0.680500,1.000000
E9,0.2,1.0,0,1.0,3.0,0.2,0,16,snr-greedy,0.627750,0.779979
E9,0.2,1.0,0,1.0,3.0,0.2,0,16,snr-greedy-loss,0.666750,0.942649
E9,0.2,1.0,0,1.0,3.0,0.2,0,16,snr-mean,0.600000,0.664234
E9,0.2,1.0,0,1.0,3.0,0.2,0,16,belief,0.654500,0.891554
E9,0.2,1.0,0,1.0,3.0,0.2,0,16,belief-pred,0.654500,0.891554
E9,0.2,1.0,0,1.0,3.0,0.2,0,16,ewma,0.565500,0.520334
E9,0.2,1.0,0,1.0,3.0,0.2,0,16,blend-paper,0.601250,0.669447
E9,0.2,1.0,0,1.0,3.0,0.2,0,16,saf-adaptive,0.653750,0.888425
E9,0.2,1.0,0,1.0,3.0,0.2,0,16,belief-matched,0.667750,0.946820
E9,0.2,1.0,0,1.0,3.0,0.2,0,17,random,0.567000,0.509414
E9,0.2,1.0,0,1.0,3.0,0.2,0,17,round-robin,0.566000,0.505230
E9,0.2,1.0,0,1.0,3.0,0.2,0,17,oracle,0.684250,1.000000
E9,0.2,1.0,0,1.0,3.0,0.2,0,17,snr-greedy,0.632250,0.782427
E9,0.2,1.0,0,1.0,3.0,0.2,0,17,snr-greedy-loss,0.663500,0.913180
E9,0.2,1.0,0,1.0,3.0,0.2,0,17,snr-mean,0.605250,0.669456
E9,0.2,1.0,0,1.0,3.0,0.2,0,17,belief,0.657000,0.885983
E9,0.2,1.0,0,1.0,3.0,0.2,0,17,belief-pred,0.657000,0.885983
E9,0.2,1.0,0,1.0,3.0,0.2,0,17,ewma,0.580000,0.563808
E9,0.2,1.0,0,1.0,3.0,0.2,0,17,blend-paper,0.614250,0.707113
E9,0.2,1.0,0,1.0,3.0,0.2,0,17,saf-adaptive,0.656500,0.883891
E9,0.2,1.0,0,1.0,3.0,0.2,0,17,belief-matched,0.666500,0.925732
E9,0.2,1.0,0,1.0,3.0,0.2,0,18,random,0.544750,0.466229
E9,0.2,1.0,0,1.0,3.0,0.2,0,18,round-robin,0.554250,0.501876
E9,0.2,1.0,0,1.0,3.0,0.2,0,18,oracle,0.687000,1.000000
E9,0.2,1.0,0,1.0,3.0,0.2,0,18,snr-greedy,0.635000,0.804878
E9,0.2,1.0,0,1.0,3.0,0.2,0,18,snr-greedy-loss,0.665500,0.919325
E9,0.2,1.0,0,1.0,3.0,0.2,0,18,snr-mean,0.615500,0.731707
E9,0.2,1.0,0,1.0,3.0,0.2,0,18,belief,0.655500,0.881801
E9,0.2,1.0,0,1.0,3.0,0.2,0,18,belief-pred,0.655500,0.881801
E9,0.2,1.0,0,1.0,3.0,0.2,0,18,ewma,0.586250,0.621951
E9,0.2,1.0,0,1.0,3.0,0.2,0,18,blend-paper,0.604500,0.690432
E9,0.2,1.0,0,1.0,3.0,0.2,0,18,saf-adaptive,0.655500,0.881801
E9,0.2,1.0,0,1.0,3.0,0.2,0,18,belief-matched,0.671750,0.942777
E9,0.2,1.0,0,1.0,3.0,0.2,0,19,random,0.558750,0.496970
E9,0.2,1.0,0,1.0,3.0,0.2,0,19,round-robin,0.558000,0.493939
E9,0.2,1.0,0,1.0,3.0,0.2,0,19,oracle,0.683250,1.000000
E9,0.2,1.0,0,1.0,3.0,0.2,0,19,snr-greedy,0.630000,0.784848
E9,0.2,1.0,0,1.0,3.0,0.2,0,19,snr-greedy-loss,0.662000,0.914141
E9,0.2,1.0,0,1.0,3.0,0.2,0,19,snr-mean,0.602750,0.674747
E9,0.2,1.0,0,1.0,3.0,0.2,0,19,belief,0.656250,0.890909
E9,0.2,1.0,0,1.0,3.0,0.2,0,19,belief-pred,0.656250,0.890909
E9,0.2,1.0,0,1.0,3.0,0.2,0,19,ewma,0.582000,0.590909
E9,0.2,1.0,0,1.0,3.0,0.2,0,19,blend-paper,0.602750,0.674747
E9,0.2,1.0,0,1.0,3.0,0.2,0,19,saf-adaptive,0.655500,0.887879
E9,0.2,1.0,0,1.0,3.0,0.2,0,19,belief-matched,0.668000,0.938384
E9,0.2,1.0,0,1.0,3.0,0.2,0,20,random,0.563000,0.501010
E9,0.2,1.0,0,1.0,3.0,0.2,0,20,round-robin,0.566500,0.515152
E9,0.2,1.0,0,1.0,3.0,0.2,0,20,oracle,0.686500,1.000000
E9,0.2,1.0,0,1.0,3.0,0.2,0,20,snr-greedy,0.636000,0.795960
E9,0.2,1.0,0,1.0,3.0,0.2,0,20,snr-greedy-loss,0.667250,0.922222
E9,0.2,1.0,0,1.0,3.0,0.2,0,20,snr-mean,0.604750,0.669697
E9,0.2,1.0,0,1.0,3.0,0.2,0,20,belief,0.658500,0.886869
E9,0.2,1.0,0,1.0,3.0,0.2,0,20,belief-pred,0.658500,0.886869
E9,0.2,1.0,0,1.0,3.0,0.2,0,20,ewma,0.583000,0.581818
E9,0.2,1.0,0,1.0,3.0,0.2,0,20,blend-paper,0.603250,0.663636
E9,0.2,1.0,0,1.0,3.0,0.2,0,20,saf-adaptive,0.658250,0.885859
E9,0.2,1.0,0,1.0,3.0,0.2,0,20,belief-matched,0.668500,0.927273
E9,0.2,1.0,0,1.0,3.0,0.2,0,21,random,0.557750,0.506931
E9,0.2,1.0,0,1.0,3.0,0.2,0,21,round-robin,0.557250,0.504950
E9,0.2,1.0,0,1.0,3.0,0.2,0,21,oracle,0.682250,1.000000
E9,0.2,1.0,0,1.0,3.0,0.2,0,21,snr-greedy,0.625500,0.775248
E9,0.2,1.0,0,1.0,3.0,0.2,0,21,snr-greedy-loss,0.666000,0.935644
E9,0.2,1.0,0,1.0,3.0,0.2,0,21,snr-mean,0.593250,0.647525
E9,0.2,1.0,0,1.0,3.0,0.2,0,21,belief,0.652000,0.880198
E9,0.2,1.0,0,1.0,3.0,0.2,0,21,belief-pred,0.652000,0.880198
E9,0.2,1.0,0,1.0,3.0,0.2,0,21,ewma,0.582000,0.602970
E9,0.2,1.0,0,1.0,3.0,0.2,0,21,blend-paper,0.596500,0.660396
E9,0.2,1.0,0,1.0,3.0,0.2,0,21,saf-adaptive,0.651750,0.879208
E9,0.2,1.0,0,1.0,3.0,0.2,0,21,belief-matched,0.668000,0.943564
E9,0.2,1.0,0,1.0,3.0,0.2,0,22,random,0.567750,0.486911
E9,0.2,1.0,0,1.0,3.0,0.2,0,22,round-robin,0.567500,0.485864
E9,0.2,1.0,0,1.0,3.0,0.2,0,22,oracle,0.690250,1.000000
E9,0.2,1.0,0,1.0,3.0,0.2,0,22,snr-greedy,0.640750,0.792670
E9,0.2,1.0,0,1.0,3.0,0.2,0,22,snr-greedy-loss,0.671000,0.919372
E9,0.2,1.0,0,1.0,3.0,0.2,0,22,snr-mean,0.599500,0.619895
E9,0.2,1.0,0,1.0,3.0,0.2,0,22,belief,0.664000,0.890052
E9,0.2,1.0,0,1.0,3.0,0.2,0,22,belief-pred,0.664000,0.890052
E9,0.2,1.0,0,1.0,3.0,0.2,0,22,ewma,0.569000,0.492147
E9,0.2,1.0,0,1.0,3.0,0.2,0,22,blend-paper,0.612250,0.673298
E9,0.2,1.0,0,1.0,3.0,0.2,0,22,saf-adaptive,0.664000,0.890052
E9,0.2,1.0,0,1.0,3.0,0.2,0,22,belief-matched,0.674250,0.932984
E9,0.2,1.0,0,1.0,3.0,0.2,0,23,random,0.558000,0.492739
E9,0.2,1.0,0,1.0,3.0,0.2,0,23,round-robin,0.556000,0.484440
E9,0.2,1.0,0,1.0,3.0,0.2,0,23,oracle,0.680250,1.000000
E9,0.2,1.0,0,1.0,3.0,0.2,0,23,snr-greedy,0.627500,0.781120
E9,0.2,1.0,0,1.0,3.0,0.2,0,23,snr-greedy-loss,0.661000,0.920124
E9,0.2,1.0,0,1.0,3.0,0.2,0,23,snr-mean,0.604750,0.686722
E9,0.2,1.0,0,1.0,3.0,0.2,0,23,belief,0.654750,0.894191
E9,0.2,1.0,0,1.0,3.0,0.2,0,23,belief-pred,0.654750,0.894191
E9,0.2,1.0,0,1.0,3.0,0.2,0,23,ewma,0.596750,0.653527
E9,0.2,1.0,0,1.0,3.0,0.2,0,23,blend-paper,0.617500,0.739627
E9,0.2,1.0,0,1.0,3.0,0.2,0,23,saf-adaptive,0.654500,0.893154
E9,0.2,1.0,0,1.0,3.0,0.2,0,23,belief-matched,0.665500,0.938797
E9,0.2,1.0,0,1.0,3.0,0.2,0,24,random,0.554500,0.492110
E9,0.2,1.0,0,1.0,3.0,0.2,0,24,round-robin,0.553750,0.489152
E9,0.2,1.0,0,1.0,3.0,0.2,0,24,oracle,0.683250,1.000000
E9,0.2,1.0,0,1.0,3.0,0.2,0,24,snr-greedy,0.620750,0.753452
E9,0.2,1.0,0,1.0,3.0,0.2,0,24,snr-greedy-loss,0.665000,0.928008
E9,0.2,1.0,0,1.0,3.0,0.2,0,24,snr-mean,0.608250,0.704142
E9,0.2,1.0,0,1.0,3.0,0.2,0,24,belief,0.652500,0.878698
E9,0.2,1.0,0,1.0,3.0,0.2,0,24,belief-pred,0.652500,0.878698
E9,0.2,1.0,0,1.0,3.0,0.2,0,24,ewma,0.589750,0.631164
E9,0.2,1.0,0,1.0,3.0,0.2,0,24,blend-paper,0.606500,0.697239
E9,0.2,1.0,0,1.0,3.0,0.2,0,24,saf-adaptive,0.653000,0.880671
E9,0.2,1.0,0,1.0,3.0,0.2,0,24,belief-matched,0.667500,0.937870
E9,0.2,1.0,0,1.0,3.0,0.2,0,25,random,0.559500,0.489861
E9,0.2,1.0,0,1.0,3.0,0.2,0,25,round-robin,0.560500,0.494130
E9,0.2,1.0,0,1.0,3.0,0.2,0,25,oracle,0.679000,1.000000
E9,0.2,1.0,0,1.0,3.0,0.2,0,25,snr-greedy,0.626000,0.773746
E9,0.2,1.0,0,1.0,3.0,0.2,0,25,snr-greedy-loss,0.661250,0.924226
E9,0.2,1.0,0,1.0,3.0,0.2,0,25,snr-mean,0.596000,0.645678
E9,0.2,1.0,0,1.0,3.0,0.2,0,25,belief,0.652750,0.887940
E9,0.2,1.0,0,1.0,3.0,0.2,0,25,belief-pred,0.652750,0.887940
E9,0.2,1.0,0,1.0,3.0,0.2,0,25,ewma,0.564500,0.511206
E9,0.2,1.0,0,1.0,3.0,0.2,0,25,blend-paper,0.595750,0.644610
E9,0.2,1.0,0,1.0,3.0,0.2,0,25,saf-adaptive,0.652750,0.887940
E9,0.2,1.0,0,1.0,3.0,0.2,0,25,belief-matched,0.664500,0.938100
E9,0.2,1.0,0,1.0,3.0,0.2,0,26,random,0.571000,0.514940
E9,0.2,1.0,0,1.0,3.0,0.2,0,26,round-robin,0.570750,0.513944
E9,0.2,1.0,0,1.0,3.0,0.2,0,26,oracle,0.692750,1.000000
E9,0.2,1.0,0,1.0,3.0,0.2,0,26,snr-greedy,0.641250,0.794821
E9,0.2,1.0,0,1.0,3.0,0.2,0,26,snr-greedy-loss,0.673500,0.923307
E9,0.2,1.0,0,1.0,3.0,0.2,0,26,snr-mean,0.604750,0.649402
E9,0.2,1.0,0,1.0,3.0,0.2,0,26,belief,0.669250,0.906375
E9,0.2,1.0,0,1.0,3.0,0.2,0,26,belief-pred,0.669250,0.906375
E9,0.2,1.0,0,1.0,3.0,0.2,0,26,ewma,0.598500,0.624502
E9,0.2,1.0,0,1.0,3.0,0.2,0,26,blend-paper,0.616750,0.697211
E9,0.2,1.0,0,1.0,3.0,0.2,0,26,saf-adaptive,0.669250,0.906375
E9,0.2,1.0,0,1.0,3.0,0.2,0,26,belief-matched,0.678750,0.944223
E9,0.2,1.0,0,1.0,3.0,0.2,0,27,random,0.560000,0.494461
E9,0.2,1.0,0,1.0,3.0,0.2,0,27,round-robin,0.561500,0.500504
E9,0.2,1.0,0,1.0,3.0,0.2,0,27,oracle,0.685500,1.000000
E9,0.2,1.0,0,1.0,3.0,0.2,0,27,snr-greedy,0.623500,0.750252
E9,0.2,1.0,0,1.0,3.0,0.2,0,27,snr-greedy-loss,0.663250,0.910373
E9,0.2,1.0,0,1.0,3.0,0.2,0,27,snr-mean,0.606000,0.679758
E9,0.2,1.0,0,1.0,3.0,0.2,0,27,belief,0.652750,0.868077
E9,0.2,1.0,0,1.0,3.0,0.2,0,27,belief-pred,0.652750,0.868077
E9,0.2,1.0,0,1.0,3.0,0.2,0,27,ewma,0.579500,0.573011
E9,0.2,1.0,0,1.0,3.0,0.2,0,27,blend-paper,0.594750,0.634441
E9,0.2,1.0,0,1.0,3.0,0.2,0,27,saf-adaptive,0.652750,0.868077
E9,0.2,1.0,0,1.0,3.0,0.2,0,27,belief-matched,0.668250,0.930514
E9,0.2,1.0,0,1.0,3.0,0.2,0,28,random,0.567500,0.510053
E9,0.2,1.0,0,1.0,3.0,0.2,0,28,round-robin,0.566750,0.506878
E9,0.2,1.0,0,1.0,3.0,0.2,0,28,oracle,0.683250,1.000000
E9,0.2,1.0,0,1.0,3.0,0.2,0,28,snr-greedy,0.632250,0.784127
E9,0.2,1.0,0,1.0,3.0,0.2,0,28,snr-greedy-loss,0.666500,0.929101
E9,0.2,1.0,0,1.0,3.0,0.2,0,28,snr-mean,0.607000,0.677249
E9,0.2,1.0,0,1.0,3.0,0.2,0,28,belief,0.656750,0.887831
E9,0.2,1.0,0,1.0,3.0,0.2,0,28,belief-pred,0.656750,0.887831
E9,0.2,1.0,0,1.0,3.0,0.2,0,28,ewma,0.582500,0.573545
E9,0.2,1.0,0,1.0,3.0,0.2,0,28,blend-paper,0.605750,0.671958
E9,0.2,1.0,0,1.0,3.0,0.2,0,28,saf-adaptive,0.656750,0.887831
E9,0.2,1.0,0,1.0,3.0,0.2,0,28,belief-matched,0.668500,0.937566
E9,0.2,1.0,0,1.0,3.0,0.2,0,29,random,0.563750,0.477131
E9,0.2,1.0,0,1.0,3.0,0.2,0,29,round-robin,0.565250,0.483368
E9,0.2,1.0,0,1.0,3.0,0.2,0,29,oracle,0.689500,1.000000
E9,0.2,1.0,0,1.0,3.0,0.2,0,29,snr-greedy,0.636500,0.779626
E9,0.2,1.0,0,1.0,3.0,0.2,0,29,snr-greedy-loss,0.672000,0.927235
E9,0.2,1.0,0,1.0,3.0,0.2,0,29,snr-mean,0.607250,0.658004
E9,0.2,1.0,0,1.0,3.0,0.2,0,29,belief,0.663000,0.889813
E9,0.2,1.0,0,1.0,3.0,0.2,0,29,belief-pred,0.663000,0.889813
E9,0.2,1.0,0,1.0,3.0,0.2,0,29,ewma,0.593750,0.601871
E9,0.2,1.0,0,1.0,3.0,0.2,0,29,blend-paper,0.617750,0.701663
E9,0.2,1.0,0,1.0,3.0,0.2,0,29,saf-adaptive,0.662500,0.887734
E9,0.2,1.0,0,1.0,3.0,0.2,0,29,belief-matched,0.673250,0.932432
E9,0.2,1.0,0,1.0,3.0,0.2,0,30,random,0.554000,0.502478
E9,0.2,1.0,0,1.0,3.0,0.2,0,30,round-robin,0.552250,0.495540
E9,0.2,1.0,0,1.0,3.0,0.2,0,30,oracle,0.679500,1.000000
E9,0.2,1.0,0,1.0,3.0,0.2,0,30,snr-greedy,0.624500,0.781962
E9,0.2,1.0,0,1.0,3.0,0.2,0,30,snr-greedy-loss,0.660000,0.922696
E9,0.2,1.0,0,1.0,3.0,0.2,0,30,snr-mean,0.597500,0.674926
E9,0.2,1.0,0,1.0,3.0,0.2,0,30,belief,0.657250,0.911794
E9,0.2,1.0,0,1.0,3.0,0.2,0,30,belief-pred,0.657250,0.911794
E9,0.2,1.0,0,1.0,3.0,0.2,0,30,ewma,0.574250,0.582755
E9,0.2,1.0,0,1.0,3.0,0.2,0,30,blend-paper,0.604500,0.702676
E9,0.2,1.0,0,1.0,3.0,0.2,0,30,saf-adaptive,0.656250,0.907830
E9,0.2,1.0,0,1.0,3.0,0.2,0,30,belief-matched,0.665250,0.943508
E9,0.2,1.0,0,1.0,3.0,0.2,0,31,random,0.561250,0.498483
E9,0.2,1.0,0,1.0,3.0,0.2,0,31,round-robin,0.561250,0.498483
E9,0.2,1.0,0,1.0,3.0,0.2,0,31,oracle,0.685250,1.000000
E9,0.2,1.0,0,1.0,3.0,0.2,0,31,snr-greedy,0.629000,0.772497
E9,0.2,1.0,0,1.0,3.0,0.2,0,31,snr-greedy-loss,0.666500,0.924166
E9,0.2,1.0,0,1.0,3.0,0.2,0,31,snr-mean,0.595000,0.634985
E9,0.2,1.0,0,1.0,3.0,0.2,0,31,belief,0.657250,0.886754
E9,0.2,1.0,0,1.0,3.0,0.2,0,31,belief-pred,0.657250,0.886754
E9,0.2,1.0,0,1.0,3.0,0.2,0,31,ewma,0.584000,0.590495
E9,0.2,1.0,0,1.0,3.0,0.2,0,31,blend-paper,0.608500,0.689585
E9,0.2,1.0,0,1.0,3.0,0.2,0,31,saf-adaptive,0.656750,0.884732
E9,0.2,1.0,0,1.0,3.0,0.2,0,31,belief-matched,0.669750,0.937310
E9,0.2,1.0,0,1.0,3.0,0.2,0,32,random,0.557500,0.480652
E9,0.2,1.0,0,1.0,3.0,0.2,0,32,round-robin,0.558250,0.483707
E9,0.2,1.0,0,1.0,3.0,0.2,0,32,oracle,0.685000,1.000000
E9,0.2,1.0,0,1.0,3.0,0.2,0,32,snr-greedy,0.634500,0.794297
E9,0.2,1.0,0,1.0,3.0,0.2,0,32,snr-greedy-loss,0.667500,0.928717
E9,0.2,1.0,0,1.0,3.0,0.2,0,32,snr-mean,0.614500,0.712831
E9,0.2,1.0,0,1.0,3.0,0.2,0,32,belief,0.655250,0.878819
E9,0.2,1.0,0,1.0,3.0,0.2,0,32,belief-pred,0.655250,0.878819
E9,0.2,1.0,0,1.0,3.0,0.2,0,32,ewma,0.595000,0.633401
E9,0.2,1.0,0,1.0,3.0,0.2,0,32,blend-paper,0.609500,0.692464
E9,0.2,1.0,0,1.0,3.0,0.2,0,32,saf-adaptive,0.654000,0.873727
E9,0.2,1.0,0,1.0,3.0,0.2,0,32,belief-matched,0.671250,0.943992
E9,0.2,1.0,0,1.0,3.0,0.2,0,33,random,0.568250,0.516684
E9,0.2,1.0,0,1.0,3.0,0.2,0,33,round-robin,0.561750,0.490394
E9,0.2,1.0,0,1.0,3.0,0.2,0,33,oracle,0.687750,1.000000
E9,0.2,1.0,0,1.0,3.0,0.2,0,33,snr-greedy,0.627000,0.754297
E9,0.2,1.0,0,1.0,3.0,0.2,0,33,snr-greedy-loss,0.671000,0.932255
E9,0.2,1.0,0,1.0,3.0,0.2,0,33,snr-mean,0.610250,0.686552
E9,0.2,1.0,0,1.0,3.0,0.2,0,33,belief,0.662250,0.896866
E9,0.2,1.0,0,1.0,3.0,0.2,0,33,belief-pred,0.662250,0.896866
E9,0.2,1.0,0,1.0,3.0,0.2,0,33,ewma,0.601750,0.652174
E9,0.2,1.0,0,1.0,3.0,0.2,0,33,blend-paper,0.614750,0.704752
E9,0.2,1.0,0,1.0,3.0,0.2,0,33,saf-adaptive,0.661500,0.893832
E9,0.2,1.0,0,1.0,3.0,0.2,0,33,belief-matched,0.674750,0.947422
E9,0.2,1.0,0,1.0,3.0,0.2,0,34,random,0.561250,0.509824
E9,0.2,1.0,0,1.0,3.0,0.2,0,34,round-robin,0.557500,0.494312
E9,0.2,1.0,0,1.0,3.0,0.2,0,34,oracle,0.679750,1.000000
E9,0.2,1.0,0,1.0,3.0,0.2,0,34,snr-greedy,0.626000,0.777663
E9,0.2,1.0,0,1.0,3.0,0.2,0,34,snr-greedy-loss,0.663000,0.930714
E9,0.2,1.0,0,1.0,3.0,0.2,0,34,snr-mean,0.589500,0.626680
E9,0.2,1.0,0,1.0,3.0,0.2,0,34,belief,0.656500,0.903826
E9,0.2,1.0,0,1.0,3.0,0.2,0,34,belief-pred,0.656500,0.903826
E9,0.2,1.0,0,1.0,3.0,0.2,0,34,ewma,0.574250,0.563599
E9,0.2,1.0,0,1.0,3.0,0.2,0,34,blend-paper,0.601000,0.674250
E9,0.2,1.0,0,1.0,3.0,0.2,0,34,saf-adaptive,0.656500,0.903826
E9,0.2,1.0,0,1.0,3.0,0.2,0,34,belief-matched,0.665750,0.942089
E9,0.2,1.0,0,1.0,3.0,0.2,0,35,random,0.567250,0.491803
E9,0.2,1.0,0,1.0,3.0,0.2,0,35,round-robin,0.570000,0.503074
E9,0.2,1.0,0,1.0,3.0,0.2,0,35,oracle,0.691250,1.000000
E9,0.2,1.0,0,1.0,3.0,0.2,0,35,snr-greedy,0.637000,0.777664
E9,0.2,1.0,0,1.0,3.0,0.2,0,35,snr-greedy-loss,0.671250,0.918033
E9,0.2,1.0,0,1.0,3.0,0.2,0,35,snr-mean,0.610000,0.667008
E9,0.2,1.0,0,1.0,3.0,0.2,0,35,belief,0.664250,0.889344
E9,0.2,1.0,0,1.0,3.0,0.2,0,35,belief-pred,0.664250,0.889344
E9,0.2,1.0,0,1.0,3.0,0.2,0,35,ewma,0.590000,0.585041
E9,0.2,1.0,0,1.0,3.0,0.2,0,35,blend-paper,0.614500,0.685451
E9,0.2,1.0,0,1.0,3.0,0.2,0,35,saf-adaptive,0.664250,0.889344
E9,0.2,1.0,0,1.0,3.0,0.2,0,35,belief-matched,0.673500,0.927254
E9,0.2,1.0,0,1.0,3.0,0.2,0,36,random,0.566250,0.498419
E9,0.2,1.0,0,1.0,3.0,0.2,0,36,round-robin,0.568500,0.507903
E9,0.2,1.0,0,1.0,3.0,0.2,0,36,oracle,0.685250,1.000000
E9,0.2,1.0,0,1.0,3.0,0.2,0,36,snr-greedy,0.632250,0.776607
E9,0.2,1.0,0,1.0,3.0,0.2,0,36,snr-greedy-loss,0.665750,0.917808
E9,0.2,1.0,0,1.0,3.0,0.2,0,36,snr-mean,0.603750,0.656481
E9,0.2,1.0,0,1.0,3.0,0.2,0,36,belief,0.662500,0.904110
E9,0.2,1.0,0,1.0,3.0,0.2,0,36,belief-pred,0.662500,0.904110
E9,0.2,1.0,0,1.0,3.0,0.2,0,36,ewma,0.565250,0.494204
E9,0.2,1.0,0,1.0,3.0,0.2,0,36,blend-paper,0.616750,0.711275
E9,0.2,1.0,0,1.0,3.0,0.2,0,36,saf-adaptive,0.662500,0.904110
E9,0.2,1.0,0,1.0,3.0,0.2,0,36,belief-matched,0.670750,0.938883
E9,0.2,1.0,0,1.0,3.0,0.2,0,37,random,0.574750,0.529472
E9,0.2,1.0,0,1.0,3.0,0.2,0,37,round-robin,0.568250,0.503049
E9,0.2,1.0,0,1.0,3.0,0.2,0,37,oracle,0.690500,1.000000
E9,0.2,1.0,0,1.0,3.0,0.2,0,37,snr-greedy,0.639500,0.792683
E9,0.2,1.0,0,1.0,3.0,0.2,0,37,snr-greedy-loss,0.671750,0.923780
E9,0.2,1.0,0,1.0,3.0,0.2,0,37,snr-mean,0.619250,0.710366
E9,0.2,1.0,0,1.0,3.0,0.2,0,37,belief,0.664500,0.894309
E9,0.2,1.0,0,1.0,3.0,0.2,0,37,belief-pred,0.664500,0.894309
E9,0.2,1.0,0,1.0,3.0,0.2,0,37,ewma,0.606000,0.656504
E9,0.2,1.0,0,1.0,3.0,0.2,0,37,blend-paper,0.610500,0.674797
E9,0.2,1.0,0,1.0,3.0,0.2,0,37,saf-adaptive,0.664000,0.892276
E9,0.2,1.0,0,1.0,3.0,0.2,0,37,belief-matched,0.675750,0.940041
E9,0.2,1.0,0,1.0,3.0,0.2,0,38,random,0.571750,0.497972
E9,0.2,1.0,0,1.0,3.0,0.2,0,38,round-robin,0.576500,0.517241
E9,0.2,1.0,0,1.0,3.0,0.2,0,38,oracle,0.695500,1.000000
E9,0.2,1.0,0,1.0,3.0,0.2,0,38,snr-greedy,0.636500,0.760649
E9,0.2,1.0,0,1.0,3.0,0.2,0,38,snr-greedy-loss,0.675500,0.918864
E9,0.2,1.0,0,1.0,3.0,0.2,0,38,snr-mean,0.617500,0.683570
E9,0.2,1.0,0,1.0,3.0,0.2,0,38,belief,0.663500,0.870183
E9,0.2,1.0,0,1.0,3.0,0.2,0,38,belief-pred,0.663500,0.870183
E9,0.2,1.0,0,1.0,3.0,0.2,0,38,ewma,0.585750,0.554767
E9,0.2,1.0,0,1.0,3.0,0.2,0,38,blend-paper,0.609250,0.650101
E9,0.2,1.0,0,1.0,3.0,0.2,0,38,saf-adaptive,0.663750,0.871197
E9,0.2,1.0,0,1.0,3.0,0.2,0,38,belief-matched,0.680000,0.937120
E9,0.2,1.0,0,1.0,3.0,0.2,0,39,random,0.563000,0.495992
E9,0.2,1.0,0,1.0,3.0,0.2,0,39,round-robin,0.564500,0.502004
E9,0.2,1.0,0,1.0,3.0,0.2,0,39,oracle,0.688750,1.000000
E9,0.2,1.0,0,1.0,3.0,0.2,0,39,snr-greedy,0.624500,0.742485
E9,0.2,1.0,0,1.0,3.0,0.2,0,39,snr-greedy-loss,0.667750,0.915832
E9,0.2,1.0,0,1.0,3.0,0.2,0,39,snr-mean,0.612250,0.693387
E9,0.2,1.0,0,1.0,3.0,0.2,0,39,belief,0.659750,0.883768
E9,0.2,1.0,0,1.0,3.0,0.2,0,39,belief-pred,0.659750,0.883768
E9,0.2,1.0,0,1.0,3.0,0.2,0,39,ewma,0.581250,0.569138
E9,0.2,1.0,0,1.0,3.0,0.2,0,39,blend-paper,0.616750,0.711423
E9,0.2,1.0,0,1.0,3.0,0.2,0,39,saf-adaptive,0.659500,0.882766
E9,0.2,1.0,0,1.0,3.0,0.2,0,39,belief-matched,0.673000,0.936874
E9,0.2,1.0,0,1.0,3.0,0.2,0,40,random,0.562250,0.533804
E9,0.2,1.0,0,1.0,3.0,0.2,0,40,round-robin,0.554500,0.502523
E9,0.2,1.0,0,1.0,3.0,0.2,0,40,oracle,0.677750,1.000000
E9,0.2,1.0,0,1.0,3.0,0.2,0,40,snr-greedy,0.621750,0.773966
E9,0.2,1.0,0,1.0,3.0,0.2,0,40,snr-greedy-loss,0.659750,0.927346
E9,0.2,1.0,0,1.0,3.0,0.2,0,40,snr-mean,0.590000,0.645812
E9,0.2,1.0,0,1.0,3.0,0.2,0,40,belief,0.649500,0.885974
E9,0.2,1.0,0,1.0,3.0,0.2,0,40,belief-pred,0.649500,0.885974
E9,0.2,1.0,0,1.0,3.0,0.2,0,40,ewma,0.564750,0.543895
E9,0.2,1.0,0,1.0,3.0,0.2,0,40,blend-paper,0.601750,0.693239
E9,0.2,1.0,0,1.0,3.0,0.2,0,40,saf-adaptive,0.649250,0.884965
E9,0.2,1.0,0,1.0,3.0,0.2,0,40,belief-matched,0.665000,0.948537
E9,0.2,1.0,0,1.0,3.0,0.2,0,41,random,0.553500,0.473738
E9,0.2,1.0,0,1.0,3.0,0.2,0,41,round-robin,0.559000,0.496395
E9,0.2,1.0,0,1.0,3.0,0.2,0,41,oracle,0.681250,1.000000
E9,0.2,1.0,0,1.0,3.0,0.2,0,41,snr-greedy,0.630500,0.790937
E9,0.2,1.0,0,1.0,3.0,0.2,0,41,snr-greedy-loss,0.668000,0.945417
E9,0.2,1.0,0,1.0,3.0,0.2,0,41,snr-mean,0.595250,0.645726
E9,0.2,1.0,0,1.0,3.0,0.2,0,41,belief,0.662250,0.921730
E9,0.2,1.0,0,1.0,3.0,0.2,0,41,belief-pred,0.662250,0.921730
E9,0.2,1.0,0,1.0,3.0,0.2,0,41,ewma,0.584500,0.601442
E9,0.2,1.0,0,1.0,3.0,0.2,0,41,blend-paper,0.606250,0.691040
E9,0.2,1.0,0,1.0,3.0,0.2,0,41,saf-adaptive,0.662250,0.921730
E9,0.2,1.0,0,1.0,3.0,0.2,0,41,belief-matched,0.669750,0.952626
E9,0.2,1.0,0,1.0,3.0,0.2,0,42,random,0.552500,0.510978
E9,0.2,1.0,0,1.0,3.0,0.2,0,42,round-robin,0.546750,0.488024
E9,0.2,1.0,0,1.0,3.0,0.2,0,42,oracle,0.675000,1.000000
E9,0.2,1.0,0,1.0,3.0,0.2,0,42,snr-greedy,0.623250,0.793413
E9,0.2,1.0,0,1.0,3.0,0.2,0,42,snr-greedy-loss,0.656000,0.924152
E9,0.2,1.0,0,1.0,3.0,0.2,0,42,snr-mean,0.590500,0.662675
E9,0.2,1.0,0,1.0,3.0,0.2,0,42,belief,0.648250,0.893214
E9,0.2,1.0,0,1.0,3.0,0.2,0,42,belief-pred,0.648250,0.893214
E9,0.2,1.0,0,1.0,3.0,0.2,0,42,ewma,0.588000,0.652695
E9,0.2,1.0,0,1.0,3.0,0.2,0,42,blend-paper,0.606250,0.725549
E9,0.2,1.0,0,1.0,3.0,0.2,0,42,saf-adaptive,0.648250,0.893214
E9,0.2,1.0,0,1.0,3.0,0.2,0,42,belief-matched,0.660000,0.940120
E9,0.2,1.0,0,1.0,3.0,0.2,0,43,random,0.562750,0.506694
E9,0.2,1.0,0,1.0,3.0,0.2,0,43,round-robin,0.561000,0.499485
E9,0.2,1.0,0,1.0,3.0,0.2,0,43,oracle,0.682500,1.000000
E9,0.2,1.0,0,1.0,3.0,0.2,0,43,snr-greedy,0.623000,0.754892
E9,0.2,1.0,0,1.0,3.0,0.2,0,43,snr-greedy-loss,0.665750,0.930999
E9,0.2,1.0,0,1.0,3.0,0.2,0,43,snr-mean,0.601750,0.667353
E9,0.2,1.0,0,1.0,3.0,0.2,0,43,belief,0.655250,0.887745
E9,0.2,1.0,0,1.0,3.0,0.2,0,43,belief-pred,0.655250,0.887745
E9,0.2,1.0,0,1.0,3.0,0.2,0,43,ewma,0.581250,0.582904
E9,0.2,1.0,0,1.0,3.0,0.2,0,43,blend-paper,0.602250,0.669413
E9,0.2,1.0,0,1.0,3.0,0.2,0,43,saf-adaptive,0.655250,0.887745
E9,0.2,1.0,0,1.0,3.0,0.2,0,43,belief-matched,0.669000,0.944387
E9,0.2,1.0,0,1.0,3.0,0.2,0,44,random,0.566750,0.501577
E9,0.2,1.0,0,1.0,3.0,0.2,0,44,round-robin,0.569500,0.513144
E9,0.2,1.0,0,1.0,3.0,0.2,0,44,oracle,0.685250,1.000000
E9,0.2,1.0,0,1.0,3.0,0.2,0,44,snr-greedy,0.632750,0.779180
E9,0.2,1.0,0,1.0,3.0,0.2,0,44,snr-greedy-loss,0.664250,0.911672
E9,0.2,1.0,0,1.0,3.0,0.2,0,44,snr-mean,0.600500,0.643533
E9,0.2,1.0,0,1.0,3.0,0.2,0,44,belief,0.656250,0.878023
E9,0.2,1.0,0,1.0,3.0,0.2,0,44,belief-pred,0.656250,0.878023
E9,0.2,1.0,0,1.0,3.0,0.2,0,44,ewma,0.605500,0.664564
E9,0.2,1.0,0,1.0,3.0,0.2,0,44,blend-paper,0.613500,0.698212
E9,0.2,1.0,0,1.0,3.0,0.2,0,44,saf-adaptive,0.656250,0.878023
E9,0.2,1.0,0,1.0,3.0,0.2,0,44,belief-matched,0.670500,0.937960
E9,0.2,1.0,0,1.0,3.0,0.2,0,45,random,0.558250,0.508565
E9,0.2,1.0,0,1.0,3.0,0.2,0,45,round-robin,0.557000,0.503212
E9,0.2,1.0,0,1.0,3.0,0.2,0,45,oracle,0.673000,1.000000
E9,0.2,1.0,0,1.0,3.0,0.2,0,45,snr-greedy,0.623750,0.789079
E9,0.2,1.0,0,1.0,3.0,0.2,0,45,snr-greedy-loss,0.659750,0.943255
E9,0.2,1.0,0,1.0,3.0,0.2,0,45,snr-mean,0.599750,0.686296
E9,0.2,1.0,0,1.0,3.0,0.2,0,45,belief,0.649250,0.898287
E9,0.2,1.0,0,1.0,3.0,0.2,0,45,belief-pred,0.649250,0.898287
E9,0.2,1.0,0,1.0,3.0,0.2,0,45,ewma,0.557000,0.503212
E9,0.2,1.0,0,1.0,3.0,0.2,0,45,blend-paper,0.597250,0.675589
E9,0.2,1.0,0,1.0,3.0,0.2,0,45,saf-adaptive,0.649250,0.898287
E9,0.2,1.0,0,1.0,3.0,0.2,0,45,belief-matched,0.660750,0.947537
E9,0.2,1.0,0,1.0,3.0,0.2,0,46,random,0.560000,0.504124
E9,0.2,1.0,0,1.0,3.0,0.2,0,46,round-robin,0.557500,0.493814
E9,0.2,1.0,0,1.0,3.0,0.2,0,46,oracle,0.680250,1.000000
E9,0.2,1.0,0,1.0,3.0,0.2,0,46,snr-greedy,0.627250,0.781443
E9,0.2,1.0,0,1.0,3.0,0.2,0,46,snr-greedy-loss,0.664750,0.936082
E9,0.2,1.0,0,1.0,3.0,0.2,0,46,snr-mean,0.588750,0.622680
E9,0.2,1.0,0,1.0,3.0,0.2,0,46,belief,0.656250,0.901031
E9,0.2,1.0,0,1.0,3.0,0.2,0,46,belief-pred,0.656250,0.901031
E9,0.2,1.0,0,1.0,3.0,0.2,0,46,ewma,0.585000,0.607216
E9,0.2,1.0,0,1.0,3.0,0.2,0,46,blend-paper,0.606000,0.693814
E9,0.2,1.0,0,1.0,3.0,0.2,0,46,saf-adaptive,0.655500,0.897938
E9,0.2,1.0,0,1.0,3.0,0.2,0,46,belief-matched,0.666250,0.942268
E9,0.2,1.0,0,1.0,3.0,0.2,0,47,random,0.565500,0.503992
E9,0.2,1.0,0,1.0,3.0,0.2,0,47,round-robin,0.566500,0.507984
E9,0.2,1.0,0,1.0,3.0,0.2,0,47,oracle,0.689750,1.000000
E9,0.2,1.0,0,1.0,3.0,0.2,0,47,snr-greedy,0.634750,0.780439
E9,0.2,1.0,0,1.0,3.0,0.2,0,47,snr-greedy-loss,0.670250,0.922156
E9,0.2,1.0,0,1.0,3.0,0.2,0,47,snr-mean,0.608000,0.673653
E9,0.2,1.0,0,1.0,3.0,0.2,0,47,belief,0.659750,0.880240
E9,0.2,1.0,0,1.0,3.0,0.2,0,47,belief-pred,0.659750,0.880240
E9,0.2,1.0,0,1.0,3.0,0.2,0,47,ewma,0.567750,0.512974
E9,0.2,1.0,0,1.0,3.0,0.2,0,47,blend-paper,0.606500,0.667665
E9,0.2,1.0,0,1.0,3.0,0.2,0,47,saf-adaptive,0.660000,0.881238
E9,0.2,1.0,0,1.0,3.0,0.2,0,47,belief-matched,0.674000,0.937126
E9,0.2,1.0,0,1.0,3.0,0.2,0,48,random,0.560750,0.504683
E9,0.2,1.0,0,1.0,3.0,0.2,0,48,round-robin,0.555500,0.482830
E9,0.2,1.0,0,1.0,3.0,0.2,0,48,oracle,0.679750,1.000000
E9,0.2,1.0,0,1.0,3.0,0.2,0,48,snr-greedy,0.627000,0.780437
E9,0.2,1.0,0,1.0,3.0,0.2,0,48,snr-greedy-loss,0.665000,0.938606
E9,0.2,1.0,0,1.0,3.0,0.2,0,48,snr-mean,0.606750,0.696150
E9,0.2,1.0,0,1.0,3.0,0.2,0,48,belief,0.654750,0.895942
E9,0.2,1.0,0,1.0,3.0,0.2,0,48,belief-pred,0.654750,0.895942
E9,0.2,1.0,0,1.0,3.0,0.2,0,48,ewma,0.568250,0.535900
E9,0.2,1.0,0,1.0,3.0,0.2,0,48,blend-paper,0.615750,0.733611
E9,0.2,1.0,0,1.0,3.0,0.2,0,48,saf-adaptive,0.654750,0.895942
E9,0.2,1.0,0,1.0,3.0,0.2,0,48,belief-matched,0.667250,0.947971
E9,0.2,1.0,0,1.0,3.0,0.2,0,49,random,0.561500,0.513402
E9,0.2,1.0,0,1.0,3.0,0.2,0,49,round-robin,0.561750,0.514433
E9,0.2,1.0,0,1.0,3.0,0.2,0,49,oracle,0.679500,1.000000
E9,0.2,1.0,0,1.0,3.0,0.2,0,49,snr-greedy,0.629250,0.792784
E9,0.2,1.0,0,1.0,3.0,0.2,0,49,snr-greedy-loss,0.662250,0.928866
E9,0.2,1.0,0,1.0,3.0,0.2,0,49,snr-mean,0.601250,0.677320
E9,0.2,1.0,0,1.0,3.0,0.2,0,49,belief,0.654750,0.897938
E9,0.2,1.0,0,1.0,3.0,0.2,0,49,belief-pred,0.654750,0.897938
E9,0.2,1.0,0,1.0,3.0,0.2,0,49,ewma,0.568000,0.540206
E9,0.2,1.0,0,1.0,3.0,0.2,0,49,blend-paper,0.596000,0.655670
E9,0.2,1.0,0,1.0,3.0,0.2,0,49,saf-adaptive,0.654500,0.896907
E9,0.2,1.0,0,1.0,3.0,0.2,0,49,belief-matched,0.664500,0.938144
E9,0.2,1.0,0,1.0,5.0,0.2,0,0,random,0.560000,0.493952
E9,0.2,1.0,0,1.0,5.0,0.2,0,0,round-robin,0.559500,0.491935
E9,0.2,1.0,0,1.0,5.0,0.2,0,0,oracle,0.685500,1.000000
E9,0.2,1.0,0,1.0,5.0,0.2,0,0,snr-greedy,0.613500,0.709677
E9,0.2,1.0,0,1.0,5.0,0.2,0,0,snr-greedy-loss,0.659500,0.895161
E9,0.2,1.0,0,1.0,5.0,0.2,0,0,snr-mean,0.619000,0.731855
E9,0.2,1.0,0,1.0,5.0,0.2,0,0,belief,0.626250,0.761089
E9,0.2,1.0,0,1.0,5.0,0.2,0,0,belief-pred,0.626250,0.761089
E9,0.2,1.0,0,1.0,5.0,0.2,0,0,ewma,0.595250,0.636089
E9,0.2,1.0,0,1.0,5.0,0.2,0,0,blend-paper,0.613250,0.708669
E9,0.2,1.0,0,1.0,5.0,0.2,0,0,saf-adaptive,0.625750,0.759073
E9,0.2,1.0,0,1.0,5.0,0.2,0,0,belief-matched,0.663250,0.910282
E9,0.2,1.0,0,1.0,5.0,0.2,0,1,random,0.565000,0.491919
E9,0.2,1.0,0,1.0,5.0,0.2,0,1,round-robin,0.567250,0.501010
E9,0.2,1.0,0,1.0,5.0,0.2,0,1,oracle,0.690750,1.000000
E9,0.2,1.0,0,1.0,5.0,0.2,0,1,snr-greedy,0.630250,0.755556
E9,0.2,1.0,0,1.0,5.0,0.2,0,1,snr-greedy-loss,0.666000,0.900000
E9,0.2,1.0,0,1.0,5.0,0.2,0,1,snr-mean,0.608250,0.666667
E9,0.2,1.0,0,1.0,5.0,0.2,0,1,belief,0.631250,0.759596
E9,0.2,1.0,0,1.0,5.0,0.2,0,1,belief-pred,0.631250,0.759596
E9,0.2,1.0,0,1.0,5.0,0.2,0,1,ewma,0.587000,0.580808
E9,0.2,1.0,0,1.0,5.0,0.2,0,1,blend-paper,0.603250,0.646465
E9,0.2,1.0,0,1.0,5.0,0.2,0,1,saf-adaptive,0.631000,0.758586
E9,0.2,1.0,0,1.0,5.0,0.2,0,1,belief-matched,0.670000,0.916162
E9,0.2,1.0,0,1.0,5.0,0.2,0,2,random,0.565750,0.522059
E9,0.2,1.0,0,1.0,5.0,0.2,0,2,round-robin,0.562000,0.506303
E9,0.2,1.0,0,1.0,5.0,0.2,0,2,oracle,0.679500,1.000000
E9,0.2,1.0,0,1.0,5.0,0.2,0,2,snr-greedy,0.617750,0.740546
E9,0.2,1.0,0,1.0,5.0,0.2,0,2,snr-greedy-loss,0.654500,0.894958
E9,0.2,1.0,0,1.0,5.0,0.2,0,2,snr-mean,0.613250,0.721639
E9,0.2,1.0,0,1.0,5.0,0.2,0,2,belief,0.620000,0.750000
E9,0.2,1.0,0,1.0,5.0,0.2,0,2,belief-pred,0.620000,0.750000
E9,0.2,1.0,0,1.0,5.0,0.2,0,2,ewma,0.585500,0.605042
E9,0.2,1.0,0,1.0,5.0,0.2,0,2,blend-paper,0.592750,0.635504
E9,0.2,1.0,0,1.0,5.0,0.2,0,2,saf-adaptive,0.619000,0.745798
E9,0.2,1.0,0,1.0,5.0,0.2,0,2,belief-matched,0.660250,0.919118
E9,0.2,1.0,0,1.0,5.0,0.2,0,3,random,0.544750,0.452703
E9,0.2,1.0,0,1.0,5.0,0.2,0,3,round-robin,0.560000,0.511583
E9,0.2,1.0,0,1.0,5.0,0.2,0,3,oracle,0.686500,1.000000
E9,0.2,1.0,0,1.0,5.0,0.2,0,3,snr-greedy,0.614750,0.722973
E9,0.2,1.0,0,1.0,5.0,0.2,0,3,snr-greedy-loss,0.654000,0.874517
E9,0.2,1.0,0,1.0,5.0,0.2,0,3,snr-mean,0.604250,0.682432
E9,0.2,1.0,0,1.0,5.0,0.2,0,3,belief,0.617750,0.734556
E9,0.2,1.0,0,1.0,5.0,0.2,0,3,belief-pred,0.617750,0.734556
E9,0.2,1.0,0,1.0,5.0,0.2,0,3,ewma,0.564000,0.527027
E9,0.2,1.0,0,1.0,5.0,0.2,0,3,blend-paper,0.605500,0.687259
E9,0.2,1.0,0,1.0,5.0,0.2,0,3,saf-adaptive,0.616000,0.727799
E9,0.2,1.0,0,1.0,5.0,0.2,0,3,belief-matched,0.661500,0.903475
E9,0.2,1.0,0,1.0,5.0,0.2,0,4,random,0.561000,0.510331
E9,0.2,1.0,0,1.0,5.0,0.2,0,4,round-robin,0.554750,0.484504
E9,0.2,1.0,0,1.0,5.0,0.2,0,4,oracle,0.679500,1.000000
E9,0.2,1.0,0,1.0,5.0,0.2,0,4,snr-greedy,0.613500,0.727273
E9,0.2,1.0,0,1.0,5.0,0.2,0,4,snr-greedy-loss,0.651750,0.885331
E9,0.2,1.0,0,1.0,5.0,0.2,0,4,snr-mean,0.592750,0.641529
E9,0.2,1.0,0,1.0,5.0,0.2,0,4,belief,0.622250,0.763430
E9,0.2,1.0,0,1.0,5.0,0.2,0,4,belief-pred,0.622250,0.763430
E9,0.2,1.0,0,1.0,5.0,0.2,0,4,ewma,0.580500,0.590909
E9,0.2,1.0,0,1.0,5.0,0.2,0,4,blend-paper,0.592500,0.640496
E9,0.2,1.0,0,1.0,5.0,0.2,0,4,saf-adaptive,0.622000,0.762397
E9,0.2,1.0,0,1.0,5.0,0.2,0,4,belief-matched,0.656500,0.904959
E9,0.2,1.0,0,1.0,5.0,0.2,0,5,random,0.563000,0.507128
E9,0.2,1.0,0,1.0,5.0,0.2,0,5,round-robin,0.560250,0.495927
E9,0.2,1.0,0,1.0,5.0,0.2,0,5,oracle,0.684000,1.000000
E9,0.2,1.0,0,1.0,5.0,0.2,0,5,snr-greedy,0.614500,0.716904
E9,0.2,1.0,0,1.0,5.0,0.2,0,5,snr-greedy-loss,0.655500,0.883910
E9,0.2,1.0,0,1.0,5.0,0.2,0,5,snr-mean,0.603500,0.672098
E9,0.2,1.0,0,1.0,5.0,0.2,0,5,belief,0.617250,0.728106
E9,0.2,1.0,0,1.0,5.0,0.2,0,5,belief-pred,0.617250,0.728106
E9,0.2,1.0,0,1.0,5.0,0.2,0,5,ewma,0.576500,0.562118
E9,0.2,1.0,0,1.0,5.0,0.2,0,5,blend-paper,0.601000,0.661914
E9,0.2,1.0,0,1.0,5.0,0.2,0,5,saf-adaptive,0.608000,0.690428
E9,0.2,1.0,0,1.0,5.0,0.2,0,5,belief-matched,0.658250,0.895112
E9,0.2,1.0,0,1.0,5.0,0.2,0,6,random,0.563250,0.525994
E9,0.2,1.0,0,1.0,5.0,0.2,0,6,round-robin,0.560750,0.515800
E9,0.2,1.0,0,1.0,5.0,0.2,0,6,oracle,0.679500,1.000000
E9,0.2,1.0,0,1.0,5.0,0.2,0,6,snr-greedy,0.615250,0.738022
E9,0.2,1.0,0,1.0,5.0,0.2,0,6,snr-greedy-loss,0.651750,0.886850
E9,0.2,1.0,0,1.0,5.0,0.2,0,6,snr-mean,0.603250,0.689093
E9,0.2,1.0,0,1.0,5.0,0.2,0,6,belief,0.619000,0.753313
E9,0.2,1.0,0,1.0,5.0,0.2,0,6,belief-pred,0.619000,0.753313
E9,0.2,1.0,0,1.0,5.0,0.2,0,6,ewma,0.575500,0.575943
E9,0.2,1.0,0,1.0,5.0,0.2,0,6,blend-paper,0.590500,0.637105
E9,0.2,1.0,0,1.0,5.0,0.2,0,6,saf-adaptive,0.617500,0.747197
E9,0.2,1.0,0,1.0,5.0,0.2,0,6,belief-matched,0.656000,0.904179
E9,0.2,1.0,0,1.0,5.0,0.2,0,7,random,0.568250,0.490066
E9,0.2,1.0,0,1.0,5.0,0.2,0,7,round-robin,0.572250,0.507726
E9,0.2,1.0,0,1.0,5.0,0.2,0,7,oracle,0.683750,1.000000
E9,0.2,1.0,0,1.0,5.0,0.2,0,7,snr-greedy,0.622500,0.729581
E9,0.2,1.0,0,1.0,5.0,0.2,0,7,snr-greedy-loss,0.658500,0.888521
E9,0.2,1.0,0,1.0,5.0,0.2,0,7,snr-mean,0.600750,0.633554
E9,0.2,1.0,0,1.0,5.0,0.2,0,7,belief,0.622250,0.728477
E9,0.2,1.0,0,1.0,5.0,0.2,0,7,belief-pred,0.622250,0.728477
E9,0.2,1.0,0,1.0,5.0,0.2,0,7,ewma,0.591250,0.591611
E9,0.2,1.0,0,1.0,5.0,0.2,0,7,blend-paper,0.606000,0.656733
E9,0.2,1.0,0,1.0,5.0,0.2,0,7,saf-adaptive,0.622250,0.728477
E9,0.2,1.0,0,1.0,5.0,0.2,0,7,belief-matched,0.660750,0.898455
E9,0.2,1.0,0,1.0,5.0,0.2,0,8,random,0.566750,0.480263
E9,0.2,1.0,0,1.0,5.0,0.2,0,8,round-robin,0.573500,0.509868
E9,0.2,1.0,0,1.0,5.0,0.2,0,8,oracle,0.685250,1.000000
E9,0.2,1.0,0,1.0,5.0,0.2,0,8,snr-greedy,0.613000,0.683114
E9,0.2,1.0,0,1.0,5.0,0.2,0,8,snr-greedy-loss,0.653750,0.861842
E9,0.2,1.0,0,1.0,5.0,0.2,0,8,snr-mean,0.595250,0.605263
E9,0.2,1.0,0,1.0,5.0,0.2,0,8,belief,0.623250,0.728070
E9,0.2,1.0,0,1.0,5.0,0.2,0,8,belief-pred,0.623250,0.728070
E9,0.2,1.0,0,1.0,5.0,0.2,0,8,ewma,0.589250,0.578947
E9,0.2,1.0,0,1.0,5.0,0.2,0,8,blend-paper,0.605250,0.649123
E9,0.2,1.0,0,1.0,5.0,0.2,0,8,saf-adaptive,0.625000,0.735746
E9,0.2,1.0,0,1.0,5.0,0.2,0,8,belief-matched,0.659500,0.887061
E9,0.2,1.0,0,1.0,5.0,0.2,0,9,random,0.567250,0.526474
E9,0.2,1.0,0,1.0,5.0,0.2,0,9,round-robin,0.561250,0.502498
E9,0.2,1.0,0,1.0,5.0,0.2,0,9,oracle,0.685750,1.000000
E9,0.2,1.0,0,1.0,5.0,0.2,0,9,snr-greedy,0.619750,0.736264
E9,0.2,1.0,0,1.0,5.0,0.2,0,9,snr-greedy-loss,0.661250,0.902098
E9,0.2,1.0,0,1.0,5.0,0.2,0,9,snr-mean,0.600000,0.657343
E9,0.2,1.0,0,1.0,5.0,0.2,0,9,belief,0.625500,0.759241
E9,0.2,1.0,0,1.0,5.0,0.2,0,9,belief-pred,0.625500,0.759241
E9,0.2,1.0,0,1.0,5.0,0.2,0,9,ewma,0.579250,0.574426
E9,0.2,1.0,0,1.0,5.0,0.2,0,9,blend-paper,0.598750,0.652348
E9,0.2,1.0,0,1.0,5.0,0.2,0,9,saf-adaptive,0.624500,0.755245
E9,0.2,1.0,0,1.0,5.0,0.2,0,9,belief-matched,0.667500,0.927073
E9,0.2,1.0,0,1.0,5.0,0.2,0,10,random,0.556000,0.489858
E9,0.2,1.0,0,1.0,5.0,0.2,0,10,round-robin,0.557500,0.495943
E9,0.2,1.0,0,1.0,5.0,0.2,0,10,oracle,0.681750,1.000000
E9,0.2,1.0,0,1.0,5.0,0.2,0,10,snr-greedy,0.620250,0.750507
E9,0.2,1.0,0,1.0,5.0,0.2,0,10,snr-greedy-loss,0.656250,0.896552
E9,0.2,1.0,0,1.0,5.0,0.2,0,10,snr-mean,0.606250,0.693712
E9,0.2,1.0,0,1.0,5.0,0.2,0,10,belief,0.624750,0.768763
E9,0.2,1.0,0,1.0,5.0,0.2,0,10,belief-pred,0.624750,0.768763
E9,0.2,1.0,0,1.0,5.0,0.2,0,10,ewma,0.580500,0.589249
E9,0.2,1.0,0,1.0,5.0,0.2,0,10,blend-paper,0.592250,0.636917
E9,0.2,1.0,0,1.0,5.0,0.2,0,10,saf-adaptive,0.622500,0.759635
E9,0.2,1.0,0,1.0,5.0,0.2,0,10,belief-matched,0.658750,0.906694
E9,0.2,1.0,0,1.0,5.0,0.2,0,11,random,0.565000,0.507821
E9,0.2,1.0,0,1.0,5.0,0.2,0,11,round-robin,0.564500,0.505735
E9,0.2,1.0,0,1.0,5.0,0.2,0,11,oracle,0.683000,1.000000
E9,0.2,1.0,0,1.0,5.0,0.2,0,11,snr-greedy,0.622250,0.746611
E9,0.2,1.0,0,1.0,5.0,0.2,0,11,snr-greedy-loss,0.659750,0.903024
E9,0.2,1.0,0,1.0,5.0,0.2,0,11,snr-mean,0.610500,0.697602
E9,0.2,1.0,0,1.0,5.0,0.2,0,11,belief,0.625250,0.759124
E9,0.2,1.0,0,1.0,5.0,0.2,0,11,belief-pred,0.625250,0.759124
E9,0.2,1.0,0,1.0,5.0,0.2,0,11,ewma,0.574000,0.545360
E9,0.2,1.0,0,1.0,5.0,0.2,0,11,blend-paper,0.602000,0.662148
E9,0.2,1.0,0,1.0,5.0,0.2,0,11,saf-adaptive,0.627000,0.766423
E9,0.2,1.0,0,1.0,5.0,0.2,0,11,belief-matched,0.664500,0.922836
E9,0.2,1.0,0,1.0,5.0,0.2,0,12,random,0.566500,0.502533
E9,0.2,1.0,0,1.0,5.0,0.2,0,12,round-robin,0.561250,0.481256
E9,0.2,1.0,0,1.0,5.0,0.2,0,12,oracle,0.689250,1.000000
E9,0.2,1.0,0,1.0,5.0,0.2,0,12,snr-greedy,0.619750,0.718338
E9,0.2,1.0,0,1.0,5.0,0.2,0,12,snr-greedy-loss,0.658500,0.875380
E9,0.2,1.0,0,1.0,5.0,0.2,0,12,snr-mean,0.613750,0.694022
E9,0.2,1.0,0,1.0,5.0,0.2,0,12,belief,0.626000,0.743668
E9,0.2,1.0,0,1.0,5.0,0.2,0,12,belief-pred,0.626000,0.743668
E9,0.2,1.0,0,1.0,5.0,0.2,0,12,ewma,0.582750,0.568389
E9,0.2,1.0,0,1.0,5.0,0.2,0,12,blend-paper,0.595750,0.621074
E9,0.2,1.0,0,1.0,5.0,0.2,0,12,saf-adaptive,0.625250,0.740628
E9,0.2,1.0,0,1.0,5.0,0.2,0,12,belief-matched,0.665000,0.901722
E9,0.2,1.0,0,1.0,5.0,0.2,0,13,random,0.554250,0.483087
E9,0.2,1.0,0,1.0,5.0,0.2,0,13,round-robin,0.562250,0.516913
E9,0.2,1.0,0,1.0,5.0,0.2,0,13,oracle,0.676500,1.000000
E9,0.2,1.0,0,1.0,5.0,0.2,0,13,snr-greedy,0.610750,0.721987
E9,0.2,1.0,0,1.0,5.0,0.2,0,13,snr-greedy-loss,0.650000,0.887949
E9,0.2,1.0,0,1.0,5.0,0.2,0,13,snr-mean,0.601750,0.683932
E9,0.2,1.0,0,1.0,5.0,0.2,0,13,belief,0.612250,0.728330
E9,0.2,1.0,0,1.0,5.0,0.2,0,13,belief-pred,0.612250,0.728330
E9,0.2,1.0,0,1.0,5.0,0.2,0,13,ewma,0.573000,0.562368
E9,0.2,1.0,0,1.0,5.0,0.2,0,13,blend-paper,0.592500,0.644820
E9,0.2,1.0,0,1.0,5.0,0.2,0,13,saf-adaptive,0.610750,0.721987
E9,0.2,1.0,0,1.0,5.0,0.2,0,13,belief-matched,0.655250,0.910148
E9,0.2,1.0,0,1.0,5.0,0.2,0,14,random,0.575500,0.500000
E9,0.2,1.0,0,1.0,5.0,0.2,0,14,round-robin,0.573250,0.490506
E9,0.2,1.0,0,1.0,5.0,0.2,0,14,oracle,0.694000,1.000000
E9,0.2,1.0,0,1.0,5.0,0.2,0,14,snr-greedy,0.627500,0.719409
E9,0.2,1.0,0,1.0,5.0,0.2,0,14,snr-greedy-loss,0.669250,0.895570
E9,0.2,1.0,0,1.0,5.0,0.2,0,14,snr-mean,0.609250,0.642405
E9,0.2,1.0,0,1.0,5.0,0.2,0,14,belief,0.630250,0.731013
E9,0.2,1.0,0,1.0,5.0,0.2,0,14,belief-pred,0.630250,0.731013
E9,0.2,1.0,0,1.0,5.0,0.2,0,14,ewma,0.604000,0.620253
E9,0.2,1.0,0,1.0,5.0,0.2,0,14,blend-paper,0.613750,0.661392
E9,0.2,1.0,0,1.0,5.0,0.2,0,14,saf-adaptive,0.629500,0.727848
E9,0.2,1.0,0,1.0,5.0,0.2,0,14,belief-matched,0.671500,0.905063
E9,0.2,1.0,0,1.0,5.0,0.2,0,15,random,0.554000,0.485963
E9,0.2,1.0,0,1.0,5.0,0.2,0,15,round-robin,0.555750,0.492740
E9,0.2,1.0,0,1.0,5.0,0.2,0,15,oracle,0.686750,1.000000
E9,0.2,1.0,0,1.0,5.0,0.2,0,15,snr-greedy,0.614000,0.718296
E9,0.2,1.0,0,1.0,5.0,0.2,0,15,snr-greedy-loss,0.655750,0.879961
E9,0.2,1.0,0,1.0,5.0,0.2,0,15,snr-mean,0.606750,0.690223
E9,0.2,1.0,0,1.0,5.0,0.2,0,15,belief,0.617750,0.732817
E9,0.2,1.0,0,1.0,5.0,0.2,0,15,belief-pred,0.617750,0.732817
E9,0.2,1.0,0,1.0,5.0,0.2,0,15,ewma,0.599750,0.663117
E9,0.2,1.0,0,1.0,5.0,0.2,0,15,blend-paper,0.614250,0.719264
E9,0.2,1.0,0,1.0,5.0,0.2,0,15,saf-adaptive,0.617500,0.731849
E9,0.2,1.0,0,1.0,5.0,0.2,0,15,belief-matched,0.656500,0.882865
E9,0.2,1.0,0,1.0,5.0,0.2,0,16,random,0.556500,0.482795
E9,0.2,1.0,0,1.0,5.0,0.2,0,16,round-robin,0.559250,0.494265
E9,0.2,1.0,0,1.0,5.0,0.2,0,16,oracle,0.680500,1.000000
E9,0.2,1.0,0,1.0,5.0,0.2,0,16,snr-greedy,0.615250,0.727842
E9,0.2,1.0,0,1.0,5.0,0.2,0,16,snr-greedy-loss,0.657250,0.903024
E9,0.2,1.0,0,1.0,5.0,0.2,0,16,snr-mean,0.593000,0.635036
E9,0.2,1.0,0,1.0,5.0,0.2,0,16,belief,0.623250,0.761210
E9,0.2,1.0,0,1.0,5.0,0.2,0,16,belief-pred,0.623250,0.761210
E9,0.2,1.0,0,1.0,5.0,0.2,0,16,ewma,0.565500,0.520334
E9,0.2,1.0,0,1.0,5.0,0.2,0,16,blend-paper,0.595250,0.644421
E9,0.2,1.0,0,1.0,5.0,0.2,0,16,saf-adaptive,0.622750,0.759124
E9,0.2,1.0,0,1.0,5.0,0.2,0,16,belief-matched,0.660000,0.914494
E9,0.2,1.0,0,1.0,5.0,0.2,0,17,random,0.567000,0.509414
E9,0.2,1.0,0,1.0,5.0,0.2,0,17,round-robin,0.566000,0.505230
E9,0.2,1.0,0,1.0,5.0,0.2,0,17,oracle,0.684250,1.000000
E9,0.2,1.0,0,1.0,5.0,0.2,0,17,snr-greedy,0.618000,0.722803
E9,0.2,1.0,0,1.0,5.0,0.2,0,17,snr-greedy-loss,0.654250,0.874477
E9,0.2,1.0,0,1.0,5.0,0.2,0,17,snr-mean,0.601750,0.654812
E9,0.2,1.0,0,1.0,5.0,0.2,0,17,belief,0.625750,0.755230
E9,0.2,1.0,0,1.0,5.0,0.2,0,17,belief-pred,0.625750,0.755230
E9,0.2,1.0,0,1.0,5.0,0.2,0,17,ewma,0.580000,0.563808
E9,0.2,1.0,0,1.0,5.0,0.2,0,17,blend-paper,0.603250,0.661088
E9,0.2,1.0,0,1.0,5.0,0.2,0,17,saf-adaptive,0.626000,0.756276
E9,0.2,1.0,0,1.0,5.0,0.2,0,17,belief-matched,0.655000,0.877615
E9,0.2,1.0,0,1.0,5.0,0.2,0,18,random,0.544750,0.466229
E9,0.2,1.0,0,1.0,5.0,0.2,0,18,round-robin,0.554250,0.501876
E9,0.2,1.0,0,1.0,5.0,0.2,0,18,oracle,0.687000,1.000000
E9,0.2,1.0,0,1.0,5.0,0.2,0,18,snr-greedy,0.619250,0.745779
E9,0.2,1.0,0,1.0,5.0,0.2,0,18,snr-greedy-loss,0.653750,0.875235
E9,0.2,1.0,0,1.0,5.0,0.2,0,18,snr-mean,0.614500,0.727955
E9,0.2,1.0,0,1.0,5.0,0.2,0,18,belief,0.621750,0.755159
E9,0.2,1.0,0,1.0,5.0,0.2,0,18,belief-pred,0.621750,0.755159
E9,0.2,1.0,0,1.0,5.0,0.2,0,18,ewma,0.586250,0.621951
E9,0.2,1.0,0,1.0,5.0,0.2,0,18,blend-paper,0.592250,0.644465
E9,0.2,1.0,0,1.0,5.0,0.2,0,18,saf-adaptive,0.620750,0.751407
E9,0.2,1.0,0,1.0,5.0,0.2,0,18,belief-matched,0.662000,0.906191
E9,0.2,1.0,0,1.0,5.0,0.2,0,19,random,0.558750,0.496970
E9,0.2,1.0,0,1.0,5.0,0.2,0,19,round-robin,0.558000,0.493939
E9,0.2,1.0,0,1.0,5.0,0.2,0,19,oracle,0.683250,1.000000
E9,0.2,1.0,0,1.0,5.0,0.2,0,19,snr-greedy,0.616750,0.731313
E9,0.2,1.0,0,1.0,5.0,0.2,0,19,snr-greedy-loss,0.650750,0.868687
E9,0.2,1.0,0,1.0,5.0,0.2,0,19,snr-mean,0.597750,0.654545
E9,0.2,1.0,0,1.0,5.0,0.2,0,19,belief,0.624750,0.763636
E9,0.2,1.0,0,1.0,5.0,0.2,0,19,belief-pred,0.624750,0.763636
E9,0.2,1.0,0,1.0,5.0,0.2,0,19,ewma,0.582000,0.590909
E9,0.2,1.0,0,1.0,5.0,0.2,0,19,blend-paper,0.590750,0.626263
E9,0.2,1.0,0,1.0,5.0,0.2,0,19,saf-adaptive,0.623000,0.756566
E9,0.2,1.0,0,1.0,5.0,0.2,0,19,belief-matched,0.656250,0.890909
E9,0.2,1.0,0,1.0,5.0,0.2,0,20,random,0.563000,0.501010
E9,0.2,1.0,0,1.0,5.0,0.2,0,20,round-robin,0.566500,0.515152
E9,0.2,1.0,0,1.0,5.0,0.2,0,20,oracle,0.686500,1.000000
E9,0.2,1.0,0,1.0,5.0,0.2,0,20,snr-greedy,0.622500,0.741414
E9,0.2,1.0,0,1.0,5.0,0.2,0,20,snr-greedy-loss,0.659500,0.890909
E9,0.2,1.0,0,1.0,5.0,0.2,0,20,snr-mean,0.598500,0.644444
E9,0.2,1.0,0,1.0,5.0,0.2,0,20,belief,0.625750,0.754545
E9,0.2,1.0,0,1.0,5.0,0.2,0,20,belief-pred,0.625750,0.754545
E9,0.2,1.0,0,1.0,5.0,0.2,0,20,ewma,0.583000,0.581818
E9,0.2,1.0,0,1.0,5.0,0.2,0,20,blend-paper,0.598000,0.642424
E9,0.2,1.0,0,1.0,5.0,0.2,0,20,saf-adaptive,0.625500,0.753535
E9,0.2,1.0,0,1.0,5.0,0.2,0,20,belief-matched,0.662250,0.902020
E9,0.2,1.0,0,1.0,5.0,0.2,0,21,random,0.557750,0.506931
E9,0.2,1.0,0,1.0,5.0,0.2,0,21,round-robin,0.557250,0.504950
E9,0.2,1.0,0,1.0,5.0,0.2,0,21,oracle,0.682250,1.000000
E9,0.2,1.0,0,1.0,5.0,0.2,0,21,snr-greedy,0.611000,0.717822
E9,0.2,1.0,0,1.0,5.0,0.2,0,21,snr-greedy-loss,0.656000,0.896040
E9,0.2,1.0,0,1.0,5.0,0.2,0,21,snr-mean,0.591750,0.641584
E9,0.2,1.0,0,1.0,5.0,0.2,0,21,belief,0.618000,0.745545
E9,0.2,1.0,0,1.0,5.0,0.2,0,21,belief-pred,0.618000,0.745545
E9,0.2,1.0,0,1.0,5.0,0.2,0,21,ewma,0.582000,0.602970
E9,0.2,1.0,0,1.0,5.0,0.2,0,21,blend-paper,0.590750,0.637624
E9,0.2,1.0,0,1.0,5.0,0.2,0,21,saf-adaptive,0.617250,0.742574
E9,0.2,1.0,0,1.0,5.0,0.2,0,21,belief-matched,0.660000,0.911881
E9,0.2,1.0,0,1.0,5.0,0.2,0,22,random,0.567750,0.486911
E9,0.2,1.0,0,1.0,5.0,0.2,0,22,round-robin,0.567500,0.485864
E9,0.2,1.0,0,1.0,5.0,0.2,0,22,oracle,0.690250,1.000000
E9,0.2,1.0,0,1.0,5.0,0.2,0,22,snr-greedy,0.624750,0.725654
E9,0.2,1.0,0,1.0,5.0,0.2,0,22,snr-greedy-loss,0.661250,0.878534
E9,0.2,1.0,0,1.0,5.0,0.2,0,22,snr-mean,0.594750,0.600000
E9,0.2,1.0,0,1.0,5.0,0.2,0,22,belief,0.628000,0.739267
E9,0.2,1.0,0,1.0,5.0,0.2,0,22,belief-pred,0.628000,0.739267
E9,0.2,1.0,0,1.0,5.0,0.2,0,22,ewma,0.569000,0.492147
E9,0.2,1.0,0,1.0,5.0,0.2,0,22,blend-paper,0.599000,0.617801
E9,0.2,1.0,0,1.0,5.0,0.2,0,22,saf-adaptive,0.627500,0.737173
E9,0.2,1.0,0,1.0,5.0,0.2,0,22,belief-matched,0.665250,0.895288
E9,0.2,1.0,0,1.0,5.0,0.2,0,23,random,0.558000,0.492739
E9,0.2,1.0,0,1.0,5.0,0.2,0,23,round-robin,0.556000,0.484440
E9,0.2,1.0,0,1.0,5.0,0.2,0,23,oracle,0.680250,1.000000
E9,0.2,1.0,0,1.0,5.0,0.2,0,23,snr-greedy,0.616250,0.734440
E9,0.2,1.0,0,1.0,5.0,0.2,0,23,snr-greedy-loss,0.652500,0.884855
E9,0.2,1.0,0,1.0,5.0,0.2,0,23,snr-mean,0.603250,0.680498
E9,0.2,1.0,0,1.0,5.0,0.2,0,23,belief,0.619500,0.747925
E9,0.2,1.0,0,1.0,5.0,0.2,0,23,belief-pred,0.619500,0.747925
E9,0.2,1.0,0,1.0,5.0,0.2,0,23,ewma,0.596750,0.653527
E9,0.2,1.0,0,1.0,5.0,0.2,0,23,blend-paper,0.606250,0.692946
E9,0.2,1.0,0,1.0,5.0,0.2,0,23,saf-adaptive,0.618750,0.744813
E9,0.2,1.0,0,1.0,5.0,0.2,0,23,belief-matched,0.658500,0.909751
E9,0.2,1.0,0,1.0,5.0,0.2,0,24,random,0.554500,0.492110
E9,0.2,1.0,0,1.0,5.0,0.2,0,24,round-robin,0.553750,0.489152
E9,0.2,1.0,0,1.0,5.0,0.2,0,24,oracle,0.683250,1.000000
E9,0.2,1.0,0,1.0,5.0,0.2,0,24,snr-greedy,0.605750,0.694280
E9,0.2,1.0,0,1.0,5.0,0.2,0,24,snr-greedy-loss,0.654000,0.884615
E9,0.2,1.0,0,1.0,5.0,0.2,0,24,snr-mean,0.604750,0.690335
E9,0.2,1.0,0,1.0,5.0,0.2,0,24,belief,0.614750,0.729783
E9,0.2,1.0,0,1.0,5.0,0.2,0,24,belief-pred,0.614750,0.729783
E9,0.2,1.0,0,1.0,5.0,0.2,0,24,ewma,0.589750,0.631164
E9,0.2,1.0,0,1.0,5.0,0.2,0,24,blend-paper,0.596000,0.655819
E9,0.2,1.0,0,1.0,5.0,0.2,0,24,saf-adaptive,0.611250,0.715976
E9,0.2,1.0,0,1.0,5.0,0.2,0,24,belief-matched,0.658000,0.900394
E9,0.2,1.0,0,1.0,5.0,0.2,0,25,random,0.559500,0.489861
E9,0.2,1.0,0,1.0,5.0,0.2,0,25,round-robin,0.560500,0.494130
E9,0.2,1.0,0,1.0,5.0,0.2,0,25,oracle,0.679000,1.000000
E9,0.2,1.0,0,1.0,5.0,0.2,0,25,snr-greedy,0.616500,0.733191
E9,0.2,1.0,0,1.0,5.0,0.2,0,25,snr-greedy-loss,0.653750,0.892209
E9,0.2,1.0,0,1.0,5.0,0.2,0,25,snr-mean,0.590000,0.620064
E9,0.2,1.0,0,1.0,5.0,0.2,0,25,belief,0.619500,0.745998
E9,0.2,1.0,0,1.0,5.0,0.2,0,25,belief-pred,0.619500,0.745998
E9,0.2,1.0,0,1.0,5.0,0.2,0,25,ewma,0.564500,0.511206
E9,0.2,1.0,0,1.0,5.0,0.2,0,25,blend-paper,0.589000,0.615795
E9,0.2,1.0,0,1.0,5.0,0.2,0,25,saf-adaptive,0.619250,0.744931
E9,0.2,1.0,0,1.0,5.0,0.2,0,25,belief-matched,0.659250,0.915688
E9,0.2,1.0,0,1.0,5.0,0.2,0,26,random,0.571000,0.514940
E9,0.2,1.0,0,1.0,5.0,0.2,0,26,round-robin,0.570750,0.513944
E9,0.2,1.0,0,1.0,5.0,0.2,0,26,oracle,0.692750,1.000000
E9,0.2,1.0,0,1.0,5.0,0.2,0,26,snr-greedy,0.628500,0.744024
E9,0.2,1.0,0,1.0,5.0,0.2,0,26,snr-greedy-loss,0.664000,0.885458
E9,0.2,1.0,0,1.0,5.0,0.2,0,26,snr-mean,0.590750,0.593625
E9,0.2,1.0,0,1.0,5.0,0.2,0,26,belief,0.632500,0.759960
E9,0.2,1.0,0,1.0,5.0,0.2,0,26,belief-pred,0.632500,0.759960
E9,0.2,1.0,0,1.0,5.0,0.2,0,26,ewma,0.598500,0.624502
E9,0.2,1.0,0,1.0,5.0,0.2,0,26,blend-paper,0.606500,0.656375
E9,0.2,1.0,0,1.0,5.0,0.2,0,26,saf-adaptive,0.632500,0.759960
E9,0.2,1.0,0,1.0,5.0,0.2,0,26,belief-matched,0.669000,0.905378
E9,0.2,1.0,0,1.0,5.0,0.2,0,27,random,0.560000,0.494461
E9,0.2,1.0,0,1.0,5.0,0.2,0,27,round-robin,0.561500,0.500504
E9,0.2,1.0,0,1.0,5.0,0.2,0,27,oracle,0.685500,1.000000
E9,0.2,1.0,0,1.0,5.0,0.2,0,27,snr-greedy,0.611750,0.702920
E9,0.2,1.0,0,1.0,5.0,0.2,0,27,snr-greedy-loss,0.654750,0.876133
E9,0.2,1.0,0,1.0,5.0,0.2,0,27,snr-mean,0.602250,0.664653
E9,0.2,1.0,0,1.0,5.0,0.2,0,27,belief,0.618000,0.728097
E9,0.2,1.0,0,1.0,5.0,0.2,0,27,belief-pred,0.618000,0.728097
E9,0.2,1.0,0,1.0,5.0,0.2,0,27,ewma,0.579500,0.573011
E9,0.2,1.0,0,1.0,5.0,0.2,0,27,blend-paper,0.599000,0.651561
E9,0.2,1.0,0,1.0,5.0,0.2,0,27,saf-adaptive,0.617500,0.726083
E9,0.2,1.0,0,1.0,5.0,0.2,0,27,belief-matched,0.660250,0.898288
E9,0.2,1.0,0,1.0,5.0,0.2,0,28,random,0.567500,0.510053
E9,0.2,1.0,0,1.0,5.0,0.2,0,28,round-robin,0.566750,0.506878
E9,0.2,1.0,0,1.0,5.0,0.2,0,28,oracle,0.683250,1.000000
E9,0.2,1.0,0,1.0,5.0,0.2,0,28,snr-greedy,0.620250,0.733333
E9,0.2,1.0,0,1.0,5.0,0.2,0,28,snr-greedy-loss,0.659500,0.899471
E9,0.2,1.0,0,1.0,5.0,0.2,0,28,snr-mean,0.604750,0.667725
E9,0.2,1.0,0,1.0,5.0,0.2,0,28,belief,0.622750,0.743915
E9,0.2,1.0,0,1.0,5.0,0.2,0,28,belief-pred,0.622750,0.743915
E9,0.2,1.0,0,1.0,5.0,0.2,0,28,ewma,0.582500,0.573545
E9,0.2,1.0,0,1.0,5.0,0.2,0,28,blend-paper,0.598000,0.639153
E9,0.2,1.0,0,1.0,5.0,0.2,0,28,saf-adaptive,0.623000,0.744974
E9,0.2,1.0,0,1.0,5.0,0.2,0,28,belief-matched,0.659750,0.900529
E9,0.2,1.0,0,1.0,5.0,0.2,0,29,random,0.563750,0.477131
E9,0.2,1.0,0,1.0,5.0,0.2,0,29,round-robin,0.565250,0.483368
E9,0.2,1.0,0,1.0,5.0,0.2,0,29,oracle,0.689500,1.000000
E9,0.2,1.0,0,1.0,5.0,0.2,0,29,snr-greedy,0.622250,0.720374
E9,0.2,1.0,0,1.0,5.0,0.2,0,29,snr-greedy-loss,0.660000,0.877339
E9,0.2,1.0,0,1.0,5.0,0.2,0,29,snr-mean,0.602500,0.638254
E9,0.2,1.0,0,1.0,5.0,0.2,0,29,belief,0.628750,0.747401
E9,0.2,1.0,0,1.0,5.0,0.2,0,29,belief-pred,0.628750,0.747401
E9,0.2,1.0,0,1.0,5.0,0.2,0,29,ewma,0.593750,0.601871
E9,0.2,1.0,0,1.0,5.0,0.2,0,29,blend-paper,0.604500,0.646570
E9,0.2,1.0,0,1.0,5.0,0.2,0,29,saf-adaptive,0.629000,0.748441
E9,0.2,1.0,0,1.0,5.0,0.2,0,29,belief-matched,0.665500,0.900208
E9,0.2,1.0,0,1.0,5.0,0.2,0,30,random,0.554000,0.502478
E9,0.2,1.0,0,1.0,5.0,0.2,0,30,round-robin,0.552250,0.495540
E9,0.2,1.0,0,1.0,5.0,0.2,0,30,oracle,0.679500,1.000000
E9,0.2,1.0,0,1.0,5.0,0.2,0,30,snr-greedy,0.613250,0.737364
E9,0.2,1.0,0,1.0,5.0,0.2,0,30,snr-greedy-loss,0.652000,0.890981
E9,0.2,1.0,0,1.0,5.0,0.2,0,30,snr-mean,0.585000,0.625372
E9,0.2,1.0,0,1.0,5.0,0.2,0,30,belief,0.618000,0.756194
E9,0.2,1.0,0,1.0,5.0,0.2,0,30,belief-pred,0.618000,0.756194
E9,0.2,1.0,0,1.0,5.0,0.2,0,30,ewma,0.574250,0.582755
E9,0.2,1.0,0,1.0,5.0,0.2,0,30,blend-paper,0.583500,0.619425
E9,0.2,1.0,0,1.0,5.0,0.2,0,30,saf-adaptive,0.617750,0.755203
E9,0.2,1.0,0,1.0,5.0,0.2,0,30,belief-matched,0.655500,0.904856
E9,0.2,1.0,0,1.0,5.0,0.2,0,31,random,0.561250,0.498483
E9,0.2,1.0,0,1.0,5.0,0.2,0,31,round-robin,0.561250,0.498483
E9,0.2,1.0,0,1.0,5.0,0.2,0,31,oracle,0.685250,1.000000
E9,0.2,1.0,0,1.0,5.0,0.2,0,31,snr-greedy,0.614750,0.714863
E9,0.2,1.0,0,1.0,5.0,0.2,0,31,snr-greedy-loss,0.656750,0.884732
E9,0.2,1.0,0,1.0,5.0,0.2,0,31,snr-mean,0.585000,0.594540
E9,0.2,1.0,0,1.0,5.0,0.2,0,31,belief,0.622500,0.746208
E9,0.2,1.0,0,1.0,5.0,0.2,0,31,belief-pred,0.622500,0.746208
E9,0.2,1.0,0,1.0,5.0,0.2,0,31,ewma,0.584000,0.590495
E9,0.2,1.0,0,1.0,5.0,0.2,0,31,blend-paper,0.601000,0.659252
E9,0.2,1.0,0,1.0,5.0,0.2,0,31,saf-adaptive,0.621250,0.741153
E9,0.2,1.0,0,1.0,5.0,0.2,0,31,belief-matched,0.661000,0.901921
E9,0.2,1.0,0,1.0,5.0,0.2,0,32,random,0.557500,0.480652
E9,0.2,1.0,0,1.0,5.0,0.2,0,32,round-robin,0.558250,0.483707
E9,0.2,1.0,0,1.0,5.0,0.2,0,32,oracle,0.685000,1.000000
E9,0.2,1.0,0,1.0,5.0,0.2,0,32,snr-greedy,0.621250,0.740326
E9,0.2,1.0,0,1.0,5.0,0.2,0,32,snr-greedy-loss,0.658000,0.890020
E9,0.2,1.0,0,1.0,5.0,0.2,0,32,snr-mean,0.608000,0.686354
E9,0.2,1.0,0,1.0,5.0,0.2,0,32,belief,0.616750,0.721996
E9,0.2,1.0,0,1.0,5.0,0.2,0,32,belief-pred,0.616750,0.721996
E9,0.2,1.0,0,1.0,5.0,0.2,0,32,ewma,0.595000,0.633401
E9,0.2,1.0,0,1.0,5.0,0.2,0,32,blend-paper,0.608000,0.686354
E9,0.2,1.0,0,1.0,5.0,0.2,0,32,saf-adaptive,0.616250,0.719959
E9,0.2,1.0,0,1.0,5.0,0.2,0,32,belief-matched,0.661750,0.905295
E9,0.2,1.0,0,1.0,5.0,0.2,0,33,random,0.568250,0.516684
E9,0.2,1.0,0,1.0,5.0,0.2,0,33,round-robin,0.561750,0.490394
E9,0.2,1.0,0,1.0,5.0,0.2,0,33,oracle,0.687750,1.000000
E9,0.2,1.0,0,1.0,5.0,0.2,0,33,snr-greedy,0.613500,0.699697
E9,0.2,1.0,0,1.0,5.0,0.2,0,33,snr-greedy-loss,0.661250,0.892821
E9,0.2,1.0,0,1.0,5.0,0.2,0,33,snr-mean,0.611000,0.689585
E9,0.2,1.0,0,1.0,5.0,0.2,0,33,belief,0.627500,0.756320
E9,0.2,1.0,0,1.0,5.0,0.2,0,33,belief-pred,0.627500,0.756320
E9,0.2,1.0,0,1.0,5.0,0.2,0,33,ewma,0.601750,0.652174
E9,0.2,1.0,0,1.0,5.0,0.2,0,33,blend-paper,0.610250,0.686552
E9,0.2,1.0,0,1.0,5.0,0.2,0,33,saf-adaptive,0.620500,0.728008
E9,0.2,1.0,0,1.0,5.0,0.2,0,33,belief-matched,0.665500,0.910010
E9,0.2,1.0,0,1.0,5.0,0.2,0,34,random,0.561250,0.509824
E9,0.2,1.0,0,1.0,5.0,0.2,0,34,round-robin,0.557500,0.494312
E9,0.2,1.0,0,1.0,5.0,0.2,0,34,oracle,0.679750,1.000000
E9,0.2,1.0,0,1.0,5.0,0.2,0,34,snr-greedy,0.613750,0.726991
E9,0.2,1.0,0,1.0,5.0,0.2,0,34,snr-greedy-loss,0.653750,0.892451
E9,0.2,1.0,0,1.0,5.0,0.2,0,34,snr-mean,0.581000,0.591520
E9,0.2,1.0,0,1.0,5.0,0.2,0,34,belief,0.625250,0.774560
E9,0.2,1.0,0,1.0,5.0,0.2,0,34,belief-pred,0.625250,0.774560
E9,0.2,1.0,0,1.0,5.0,0.2,0,34,ewma,0.574250,0.563599
E9,0.2,1.0,0,1.0,5.0,0.2,0,34,blend-paper,0.595000,0.649431
E9,0.2,1.0,0,1.0,5.0,0.2,0,34,saf-adaptive,0.624500,0.771458
E9,0.2,1.0,0,1.0,5.0,0.2,0,34,belief-matched,0.658250,0.911065
E9,0.2,1.0,0,1.0,5.0,0.2,0,35,random,0.567250,0.491803
E9,0.2,1.0,0,1.0,5.0,0.2,0,35,round-robin,0.570000,0.503074
E9,0.2,1.0,0,1.0,5.0,0.2,0,35,oracle,0.691250,1.000000
E9,0.2,1.0,0,1.0,5.0,0.2,0,35,snr-greedy,0.622500,0.718238
E9,0.2,1.0,0,1.0,5.0,0.2,0,35,snr-greedy-loss,0.659750,0.870902
E9,0.2,1.0,0,1.0,5.0,0.2,0,35,snr-mean,0.606750,0.653689
E9,0.2,1.0,0,1.0,5.0,0.2,0,35,belief,0.630000,0.748975
E9,0.2,1.0,0,1.0,5.0,0.2,0,35,belief-pred,0.630000,0.748975
E9,0.2,1.0,0,1.0,5.0,0.2,0,35,ewma,0.590000,0.585041
E9,0.2,1.0,0,1.0,5.0,0.2,0,35,blend-paper,0.615500,0.689549
E9,0.2,1.0,0,1.0,5.0,0.2,0,35,saf-adaptive,0.625500,0.730533
E9,0.2,1.0,0,1.0,5.0,0.2,0,35,belief-matched,0.667750,0.903689
E9,0.2,1.0,0,1.0,5.0,0.2,0,36,random,0.566250,0.498419
E9,0.2,1.0,0,1.0,5.0,0.2,0,36,round-robin,0.568500,0.507903
E9,0.2,1.0,0,1.0,5.0,0.2,0,36,oracle,0.685250,1.000000
E9,0.2,1.0,0,1.0,5.0,0.2,0,36,snr-greedy,0.621750,0.732350
E9,0.2,1.0,0,1.0,5.0,0.2,0,36,snr-greedy-loss,0.657500,0.883035
E9,0.2,1.0,0,1.0,5.0,0.2,0,36,snr-mean,0.602000,0.649104
E9,0.2,1.0,0,1.0,5.0,0.2,0,36,belief,0.631750,0.774499
E9,0.2,1.0,0,1.0,5.0,0.2,0,36,belief-pred,0.631750,0.774499
E9,0.2,1.0,0,1.0,5.0,0.2,0,36,ewma,0.565250,0.494204
E9,0.2,1.0,0,1.0,5.0,0.2,0,36,blend-paper,0.598750,0.635406
E9,0.2,1.0,0,1.0,5.0,0.2,0,36,saf-adaptive,0.631250,0.772392
E9,0.2,1.0,0,1.0,5.0,0.2,0,36,belief-matched,0.662000,0.902002
E9,0.2,1.0,0,1.0,5.0,0.2,0,37,random,0.574750,0.529472
E9,0.2,1.0,0,1.0,5.0,0.2,0,37,round-robin,0.568250,0.503049
E9,0.2,1.0,0,1.0,5.0,0.2,0,37,oracle,0.690500,1.000000
E9,0.2,1.0,0,1.0,5.0,0.2,0,37,snr-greedy,0.626250,0.738821
E9,0.2,1.0,0,1.0,5.0,0.2,0,37,snr-greedy-loss,0.661750,0.883130
E9,0.2,1.0,0,1.0,5.0,0.2,0,37,snr-mean,0.613250,0.685976
E9,0.2,1.0,0,1.0,5.0,0.2,0,37,belief,0.626750,0.740854
E9,0.2,1.0,0,1.0,5.0,0.2,0,37,belief-pred,0.626750,0.740854
E9,0.2,1.0,0,1.0,5.0,0.2,0,37,ewma,0.606000,0.656504
E9,0.2,1.0,0,1.0,5.0,0.2,0,37,blend-paper,0.611750,0.679878
E9,0.2,1.0,0,1.0,5.0,0.2,0,37,saf-adaptive,0.625500,0.735772
E9,0.2,1.0,0,1.0,5.0,0.2,0,37,belief-matched,0.665500,0.898374
E9,0.2,1.0,0,1.0,5.0,0.2,0,38,random,0.571750,0.497972
E9,0.2,1.0,0,1.0,5.0,0.2,0,38,round-robin,0.576500,0.517241
E9,0.2,1.0,0,1.0,5.0,0.2,0,38,oracle,0.695500,1.000000
E9,0.2,1.0,0,1.0,5.0,0.2,0,38,snr-greedy,0.626250,0.719067
E9,0.2,1.0,0,1.0,5.0,0.2,0,38,snr-greedy-loss,0.669250,0.893509
E9,0.2,1.0,0,1.0,5.0,0.2,0,38,snr-mean,0.607000,0.640974
E9,0.2,1.0,0,1.0,5.0,0.2,0,38,belief,0.632000,0.742394
E9,0.2,1.0,0,1.0,5.0,0.2,0,38,belief-pred,0.632000,0.742394
E9,0.2,1.0,0,1.0,5.0,0.2,0,38,ewma,0.585750,0.554767
E9,0.2,1.0,0,1.0,5.0,0.2,0,38,blend-paper,0.605000,0.632860
E9,0.2,1.0,0,1.0,5.0,0.2,0,38,saf-adaptive,0.630250,0.735294
E9,0.2,1.0,0,1.0,5.0,0.2,0,38,belief-matched,0.673250,0.909736
E9,0.2,1.0,0,1.0,5.0,0.2,0,39,random,0.563000,0.495992
E9,0.2,1.0,0,1.0,5.0,0.2,0,39,round-robin,0.564500,0.502004
E9,0.2,1.0,0,1.0,5.0,0.2,0,39,oracle,0.688750,1.000000
E9,0.2,1.0,0,1.0,5.0,0.2,0,39,snr-greedy,0.614000,0.700401
E9,0.2,1.0,0,1.0,5.0,0.2,0,39,snr-greedy-loss,0.659500,0.882766
E9,0.2,1.0,0,1.0,5.0,0.2,0,39,snr-mean,0.603000,0.656313
E9,0.2,1.0,0,1.0,5.0,0.2,0,39,belief,0.626500,0.750501
E9,0.2,1.0,0,1.0,5.0,0.2,0,39,belief-pred,0.626500,0.750501
E9,0.2,1.0,0,1.0,5.0,0.2,0,39,ewma,0.581250,0.569138
E9,0.2,1.0,0,1.0,5.0,0.2,0,39,blend-paper,0.609500,0.682365
E9,0.2,1.0,0,1.0,5.0,0.2,0,39,saf-adaptive,0.625250,0.745491
E9,0.2,1.0,0,1.0,5.0,0.2,0,39,belief-matched,0.666250,0.909820
E9,0.2,1.0,0,1.0,5.0,0.2,0,40,random,0.562250,0.533804
E9,0.2,1.0,0,1.0,5.0,0.2,0,40,round-robin,0.554500,0.502523
E9,0.2,1.0,0,1.0,5.0,0.2,0,40,oracle,0.677750,1.000000
E9,0.2,1.0,0,1.0,5.0,0.2,0,40,snr-greedy,0.608250,0.719475
E9,0.2,1.0,0,1.0,5.0,0.2,0,40,snr-greedy-loss,0.652500,0.898083
E9,0.2,1.0,0,1.0,5.0,0.2,0,40,snr-mean,0.587750,0.636731
E9,0.2,1.0,0,1.0,5.0,0.2,0,40,belief,0.615750,0.749748
E9,0.2,1.0,0,1.0,5.0,0.2,0,40,belief-pred,0.615750,0.749748
E9,0.2,1.0,0,1.0,5.0,0.2,0,40,ewma,0.564750,0.543895
E9,0.2,1.0,0,1.0,5.0,0.2,0,40,blend-paper,0.590750,0.648840
E9,0.2,1.0,0,1.0,5.0,0.2,0,40,saf-adaptive,0.615250,0.747730
E9,0.2,1.0,0,1.0,5.0,0.2,0,40,belief-matched,0.657250,0.917255
E9,0.2,1.0,0,1.0,5.0,0.2,0,41,random,0.553500,0.473738
E9,0.2,1.0,0,1.0,5.0,0.2,0,41,round-robin,0.559000,0.496395
E9,0.2,1.0,0,1.0,5.0,0.2,0,41,oracle,0.681250,1.000000
E9,0.2,1.0,0,1.0,5.0,0.2,0,41,snr-greedy,0.619000,0.743563
E9,0.2,1.0,0,1.0,5.0,0.2,0,41,snr-greedy-loss,0.660250,0.913491
E9,0.2,1.0,0,1.0,5.0,0.2,0,41,snr-mean,0.594000,0.640577
E9,0.2,1.0,0,1.0,5.0,0.2,0,41,belief,0.630750,0.791967
E9,0.2,1.0,0,1.0,5.0,0.2,0,41,belief-pred,0.630750,0.791967
E9,0.2,1.0,0,1.0,5.0,0.2,0,41,ewma,0.584500,0.601442
E9,0.2,1.0,0,1.0,5.0,0.2,0,41,blend-paper,0.605000,0.685891
E9,0.2,1.0,0,1.0,5.0,0.2,0,41,saf-adaptive,0.629750,0.787848
E9,0.2,1.0,0,1.0,5.0,0.2,0,41,belief-matched,0.662500,0.922760
E9,0.2,1.0,0,1.0,5.0,0.2,0,42,random,0.552500,0.510978
E9,0.2,1.0,0,1.0,5.0,0.2,0,42,round-robin,0.546750,0.488024
E9,0.2,1.0,0,1.0,5.0,0.2,0,42,oracle,0.675000,1.000000
E9,0.2,1.0,0,1.0,5.0,0.2,0,42,snr-greedy,0.609000,0.736527
E9,0.2,1.0,0,1.0,5.0,0.2,0,42,snr-greedy-loss,0.646250,0.885230
E9,0.2,1.0,0,1.0,5.0,0.2,0,42,snr-mean,0.589750,0.659681
E9,0.2,1.0,0,1.0,5.0,0.2,0,42,belief,0.609500,0.738523
E9,0.2,1.0,0,1.0,5.0,0.2,0,42,belief-pred,0.609500,0.738523
E9,0.2,1.0,0,1.0,5.0,0.2,0,42,ewma,0.588000,0.652695
E9,0.2,1.0,0,1.0,5.0,0.2,0,42,blend-paper,0.594250,0.677645
E9,0.2,1.0,0,1.0,5.0,0.2,0,42,saf-adaptive,0.607500,0.730539
E9,0.2,1.0,0,1.0,5.0,0.2,0,42,belief-matched,0.649000,0.896208
E9,0.2,1.0,0,1.0,5.0,0.2,0,43,random,0.562750,0.506694
E9,0.2,1.0,0,1.0,5.0,0.2,0,43,round-robin,0.561000,0.499485
E9,0.2,1.0,0,1.0,5.0,0.2,0,43,oracle,0.682500,1.000000
E9,0.2,1.0,0,1.0,5.0,0.2,0,43,snr-greedy,0.609000,0.697219
E9,0.2,1.0,0,1.0,5.0,0.2,0,43,snr-greedy-loss,0.656750,0.893924
E9,0.2,1.0,0,1.0,5.0,0.2,0,43,snr-mean,0.600000,0.660144
E9,0.2,1.0,0,1.0,5.0,0.2,0,43,belief,0.620500,0.744593
E9,0.2,1.0,0,1.0,5.0,0.2,0,43,belief-pred,0.620500,0.744593
E9,0.2,1.0,0,1.0,5.0,0.2,0,43,ewma,0.581250,0.582904
E9,0.2,1.0,0,1.0,5.0,0.2,0,43,blend-paper,0.597000,0.647786
E9,0.2,1.0,0,1.0,5.0,0.2,0,43,saf-adaptive,0.620500,0.744593
E9,0.2,1.0,0,1.0,5.0,0.2,0,43,belief-matched,0.659500,0.905252
E9,0.2,1.0,0,1.0,5.0,0.2,0,44,random,0.566750,0.501577
E9,0.2,1.0,0,1.0,5.0,0.2,0,44,round-robin,0.569500,0.513144
E9,0.2,1.0,0,1.0,5.0,0.2,0,44,oracle,0.685250,1.000000
E9,0.2,1.0,0,1.0,5.0,0.2,0,44,snr-greedy,0.618500,0.719243
E9,0.2,1.0,0,1.0,5.0,0.2,0,44,snr-greedy-loss,0.654750,0.871714
E9,0.2,1.0,0,1.0,5.0,0.2,0,44,snr-mean,0.590500,0.601472
E9,0.2,1.0,0,1.0,5.0,0.2,0,44,belief,0.621000,0.729758
E9,0.2,1.0,0,1.0,5.0,0.2,0,44,belief-pred,0.621000,0.729758
E9,0.2,1.0,0,1.0,5.0,0.2,0,44,ewma,0.605500,0.664564
E9,0.2,1.0,0,1.0,5.0,0.2,0,44,blend-paper,0.610500,0.685594
E9,0.2,1.0,0,1.0,5.0,0.2,0,44,saf-adaptive,0.620500,0.727655
E9,0.2,1.0,0,1.0,5.0,0.2,0,44,belief-matched,0.660250,0.894848
E9,0.2,1.0,0,1.0,5.0,0.2,0,45,random,0.558250,0.508565
E9,0.2,1.0,0,1.0,5.0,0.2,0,45,round-robin,0.557000,0.503212
E9,0.2,1.0,0,1.0,5.0,0.2,0,45,oracle,0.673000,1.000000
E9,0.2,1.0,0,1.0,5.0,0.2,0,45,snr-greedy,0.613500,0.745182
E9,0.2,1.0,0,1.0,5.0,0.2,0,45,snr-greedy-loss,0.652250,0.911135
E9,0.2,1.0,0,1.0,5.0,0.2,0,45,snr-mean,0.595250,0.667024
E9,0.2,1.0,0,1.0,5.0,0.2,0,45,belief,0.614000,0.747323
E9,0.2,1.0,0,1.0,5.0,0.2,0,45,belief-pred,0.614000,0.747323
E9,0.2,1.0,0,1.0,5.0,0.2,0,45,ewma,0.557000,0.503212
E9,0.2,1.0,0,1.0,5.0,0.2,0,45,blend-paper,0.581750,0.609208
E9,0.2,1.0,0,1.0,5.0,0.2,0,45,saf-adaptive,0.613750,0.746253
E9,0.2,1.0,0,1.0,5.0,0.2,0,45,belief-matched,0.653000,0.914347
E9,0.2,1.0,0,1.0,5.0,0.2,0,46,random,0.560000,0.504124
E9,0.2,1.0,0,1.0,5.0,0.2,0,46,round-robin,0.557500,0.493814
E9,0.2,1.0,0,1.0,5.0,0.2,0,46,oracle,0.680250,1.000000
E9,0.2,1.0,0,1.0,5.0,0.2,0,46,snr-greedy,0.614250,0.727835
E9,0.2,1.0,0,1.0,5.0,0.2,0,46,snr-greedy-loss,0.656500,0.902062
E9,0.2,1.0,0,1.0,5.0,0.2,0,46,snr-mean,0.575000,0.565979
E9,0.2,1.0,0,1.0,5.0,0.2,0,46,belief,0.617000,0.739175
E9,0.2,1.0,0,1.0,5.0,0.2,0,46,belief-pred,0.617000,0.739175
E9,0.2,1.0,0,1.0,5.0,0.2,0,46,ewma,0.585000,0.607216
E9,0.2,1.0,0,1.0,5.0,0.2,0,46,blend-paper,0.594500,0.646392
E9,0.2,1.0,0,1.0,5.0,0.2,0,46,saf-adaptive,0.616750,0.738144
E9,0.2,1.0,0,1.0,5.0,0.2,0,46,belief-matched,0.658250,0.909278
E9,0.2,1.0,0,1.0,5.0,0.2,0,47,random,0.565500,0.503992
E9,0.2,1.0,0,1.0,5.0,0.2,0,47,round-robin,0.566500,0.507984
E9,0.2,1.0,0,1.0,5.0,0.2,0,47,oracle,0.689750,1.000000
E9,0.2,1.0,0,1.0,5.0,0.2,0,47,snr-greedy,0.619750,0.720559
E9,0.2,1.0,0,1.0,5.0,0.2,0,47,snr-greedy-loss,0.660000,0.881238
E9,0.2,1.0,0,1.0,5.0,0.2,0,47,snr-mean,0.604750,0.660679
E9,0.2,1.0,0,1.0,5.0,0.2,0,47,belief,0.622250,0.730539
E9,0.2,1.0,0,1.0,5.0,0.2,0,47,belief-pred,0.622250,0.730539
E9,0.2,1.0,0,1.0,5.0,0.2,0,47,ewma,0.567750,0.512974
E9,0.2,1.0,0,1.0,5.0,0.2,0,47,blend-paper,0.597500,0.631737
E9,0.2,1.0,0,1.0,5.0,0.2,0,47,saf-adaptive,0.621000,0.725549
E9,0.2,1.0,0,1.0,5.0,0.2,0,47,belief-matched,0.666500,0.907186
E9,0.2,1.0,0,1.0,5.0,0.2,0,48,random,0.560750,0.504683
E9,0.2,1.0,0,1.0,5.0,0.2,0,48,round-robin,0.555500,0.482830
E9,0.2,1.0,0,1.0,5.0,0.2,0,48,oracle,0.679750,1.000000
E9,0.2,1.0,0,1.0,5.0,0.2,0,48,snr-greedy,0.615250,0.731530
E9,0.2,1.0,0,1.0,5.0,0.2,0,48,snr-greedy-loss,0.657250,0.906348
E9,0.2,1.0,0,1.0,5.0,0.2,0,48,snr-mean,0.603250,0.681582
E9,0.2,1.0,0,1.0,5.0,0.2,0,48,belief,0.621750,0.758585
E9,0.2,1.0,0,1.0,5.0,0.2,0,48,belief-pred,0.621750,0.758585
E9,0.2,1.0,0,1.0,5.0,0.2,0,48,ewma,0.568250,0.535900
E9,0.2,1.0,0,1.0,5.0,0.2,0,48,blend-paper,0.601750,0.675338
E9,0.2,1.0,0,1.0,5.0,0.2,0,48,saf-adaptive,0.622250,0.760666
E9,0.2,1.0,0,1.0,5.0,0.2,0,48,belief-matched,0.660750,0.920916
E9,0.2,1.0,0,1.0,5.0,0.2,0,49,random,0.561500,0.513402
E9,0.2,1.0,0,1.0,5.0,0.2,0,49,round-robin,0.561750,0.514433
E9,0.2,1.0,0,1.0,5.0,0.2,0,49,oracle,0.679500,1.000000
E9,0.2,1.0,0,1.0,5.0,0.2,0,49,snr-greedy,0.616500,0.740206
E9,0.2,1.0,0,1.0,5.0,0.2,0,49,snr-greedy-loss,0.653750,0.893814
E9,0.2,1.0,0,1.0,5.0,0.2,0,49,snr-mean,0.601500,0.678351
E9,0.2,1.0,0,1.0,5.0,0.2,0,49,belief,0.619000,0.750515
E9,0.2,1.0,0,1.0,5.0,0.2,0,49,belief-pred,0.619000,0.750515
E9,0.2,1.0,0,1.0,5.0,0.2,0,49,ewma,0.568000,0.540206
E9,0.2,1.0,0,1.0,5.0,0.2,0,49,blend-paper,0.580750,0.592784
E9,0.2,1.0,0,1.0,5.0,0.2,0,49,saf-adaptive,0.618000,0.746392
E9,0.2,1.0,0,1.0,5.0,0.2,0,49,belief-matched,0.657500,0.909278
E10,0.2,1.0,0,1.0,0.0,0.2,0,0,random,0.560000,0.493952
E10,0.2,1.0,0,1.0,0.0,0.2,0,0,round-robin,0.559500,0.491935
E10,0.2,1.0,0,1.0,0.0,0.2,0,0,oracle,0.685500,1.000000
E10,0.2,1.0,0,1.0,0.0,0.2,0,0,snr-greedy,0.637000,0.804435
E10,0.2,1.0,0,1.0,0.0,0.2,0,0,snr-greedy-loss,0.673500,0.951613
E10,0.2,1.0,0,1.0,0.0,0.2,0,0,snr-mean,0.619750,0.734879
E10,0.2,1.0,0,1.0,0.0,0.2,0,0,belief,0.679500,0.975806
E10,0.2,1.0,0,1.0,0.0,0.2,0,0,belief-pred,0.679500,0.975806
E10,0.2,1.0,0,1.0,0.0,0.2,0,0,ewma,0.600750,0.658266
E10,0.2,1.0,0,1.0,0.0,0.2,0,0,blend-paper,0.620000,0.735887
E10,0.2,1.0,0,1.0,0.0,0.2,0,0,saf-adaptive,0.679500,0.975806
E10,0.2,1.0,0,1.0,0.0,0.2,0,1,random,0.565000,0.491919
E10,0.2,1.0,0,1.0,0.0,0.2,0,1,round-robin,0.567250,0.501010
E10,0.2,1.0,0,1.0,0.0,0.2,0,1,oracle,0.690750,1.000000
E10,0.2,1.0,0,1.0,0.0,0.2,0,1,snr-greedy,0.650500,0.837374
E10,0.2,1.0,0,1.0,0.0,0.2,0,1,snr-greedy-loss,0.682000,0.964646
E10,0.2,1.0,0,1.0,0.0,0.2,0,1,snr-mean,0.613000,0.685859
E10,0.2,1.0,0,1.0,0.0,0.2,0,1,belief,0.684750,0.975758
E10,0.2,1.0,0,1.0,0.0,0.2,0,1,belief-pred,0.684750,0.975758
E10,0.2,1.0,0,1.0,0.0,0.2,0,1,ewma,0.597750,0.624242
E10,0.2,1.0,0,1.0,0.0,0.2,0,1,blend-paper,0.620000,0.714141
E10,0.2,1.0,0,1.0,0.0,0.2,0,1,saf-adaptive,0.684750,0.975758
E10,0.2,1.0,0,1.0,0.0,0.2,0,2,random,0.565750,0.522059
E10,0.2,1.0,0,1.0,0.0,0.2,0,2,round-robin,0.562000,0.506303
E10,0.2,1.0,0,1.0,0.0,0.2,0,2,oracle,0.679500,1.000000
E10,0.2,1.0,0,1.0,0.0,0.2,0,2,snr-greedy,0.639750,0.832983
E10,0.2,1.0,0,1.0,0.0,0.2,0,2,snr-greedy-loss,0.669000,0.955882
E10,0.2,1.0,0,1.0,0.0,0.2,0,2,snr-mean,0.618750,0.744748
E10,0.2,1.0,0,1.0,0.0,0.2,0,2,belief,0.673000,0.972689
E10,0.2,1.0,0,1.0,0.0,0.2,0,2,belief-pred,0.673000,0.972689
E10,0.2,1.0,0,1.0,0.0,0.2,0,2,ewma,0.597250,0.654412
E10,0.2,1.0,0,1.0,0.0,0.2,0,2,blend-paper,0.622500,0.760504
E10,0.2,1.0,0,1.0,0.0,0.2,0,2,saf-adaptive,0.673000,0.972689
E10,0.2,1.0,0,1.0,0.0,0.2,0,3,random,0.544750,0.452703
E10,0.2,1.0,0,1.0,0.0,0.2,0,3,round-robin,0.560000,0.511583
E10,0.2,1.0,0,1.0,0.0,0.2,0,3,oracle,0.686500,1.000000
E10,0.2,1.0,0,1.0,0.0,0.2,0,3,snr-greedy,0.641750,0.827220
E10,0.2,1.0,0,1.0,0.0,0.2,0,3,snr-greedy-loss,0.673500,0.949807
E10,0.2,1.0,0,1.0,0.0,0.2,0,3,snr-mean,0.608500,0.698842
E10,0.2,1.0,0,1.0,0.0,0.2,0,3,belief,0.680750,0.977799
E10,0.2,1.0,0,1.0,0.0,0.2,0,3,belief-pred,0.680750,0.977799
E10,0.2,1.0,0,1.0,0.0,0.2,0,3,ewma,0.574250,0.566602
E10,0.2,1.0,0,1.0,0.0,0.2,0,3,blend-paper,0.620500,0.745174
E10,0.2,1.0,0,1.0,0.0,0.2,0,3,saf-adaptive,0.680750,0.977799
E10,0.2,1.0,0,1.0,0.0,0.2,0,4,random,0.561000,0.510331
E10,0.2,1.0,0,1.0,0.0,0.2,0,4,round-robin,0.554750,0.484504
E10,0.2,1.0,0,1.0,0.0,0.2,0,4,oracle,0.679500,1.000000
E10,0.2,1.0,0,1.0,0.0,0.2,0,4,snr-greedy,0.636750,0.823347
E10,0.2,1.0,0,1.0,0.0,0.2,0,4,snr-greedy-loss,0.667000,0.948347
E10,0.2,1.0,0,1.0,0.0,0.2,0,4,snr-mean,0.602500,0.681818
E10,0.2,1.0,0,1.0,0.0,0.2,0,4,belief,0.673000,0.973140
E10,0.2,1.0,0,1.0,0.0,0.2,0,4,belief-pred,0.673000,0.973140
E10,0.2,1.0,0,1.0,0.0,0.2,0,4,ewma,0.566750,0.534091
E10,0.2,1.0,0,1.0,0.0,0.2,0,4,blend-paper,0.604250,0.689050
E10,0.2,1.0,0,1.0,0.0,0.2,0,4,saf-adaptive,0.673000,0.973140
E10,0.2,1.0,0,1.0,0.0,0.2,0,5,random,0.563000,0.507128
E10,0.2,1.0,0,1.0,0.0,0.2,0,5,round-robin,0.560250,0.495927
E10,0.2,1.0,0,1.0,0.0,0.2,0,5,oracle,0.684000,1.000000
E10,0.2,1.0,0,1.0,0.0,0.2,0,5,snr-greedy,0.644250,0.838086
E10,0.2,1.0,0,1.0,0.0,0.2,0,5,snr-greedy-loss,0.674250,0.960285
E10,0.2,1.0,0,1.0,0.0,0.2,0,5,snr-mean,0.611750,0.705703
E10,0.2,1.0,0,1.0,0.0,0.2,0,5,belief,0.677250,0.972505
E10,0.2,1.0,0,1.0,0.0,0.2,0,5,belief-pred,0.677250,0.972505
E10,0.2,1.0,0,1.0,0.0,0.2,0,5,ewma,0.586000,0.600815
E10,0.2,1.0,0,1.0,0.0,0.2,0,5,blend-paper,0.624750,0.758656
E10,0.2,1.0,0,1.0,0.0,0.2,0,5,saf-adaptive,0.677250,0.972505
E10,0.2,1.0,0,1.0,0.0,0.2,0,6,random,0.563250,0.525994
E10,0.2,1.0,0,1.0,0.0,0.2,0,6,round-robin,0.560750,0.515800
E10,0.2,1.0,0,1.0,0.0,0.2,0,6,oracle,0.679500,1.000000
E10,0.2,1.0,0,1.0,0.0,0.2,0,6,snr-greedy,0.641250,0.844037
E10,0.2,1.0,0,1.0,0.0,0.2,0,6,snr-greedy-loss,0.671000,0.965341
E10,0.2,1.0,0,1.0,0.0,0.2,0,6,snr-mean,0.601500,0.681957
E10,0.2,1.0,0,1.0,0.0,0.2,0,6,belief,0.673250,0.974516
E10,0.2,1.0,0,1.0,0.0,0.2,0,6,belief-pred,0.673250,0.974516
E10,0.2,1.0,0,1.0,0.0,0.2,0,6,ewma,0.559500,0.510703
E10,0.2,1.0,0,1.0,0.0,0.2,0,6,blend-paper,0.608500,0.710499
E10,0.2,1.0,0,1.0,0.0,0.2,0,6,saf-adaptive,0.673250,0.974516
E10,0.2,1.0,0,1.0,0.0,0.2,0,7,random,0.568250,0.490066
E10,0.2,1.0,0,1.0,0.0,0.2,0,7,round-robin,0.572250,0.507726
E10,0.2,1.0,0,1.0,0.0,0.2,0,7,oracle,0.683750,1.000000
E10,0.2,1.0,0,1.0,0.0,0.2,0,7,snr-greedy,0.641000,0.811258
E10,0.2,1.0,0,1.0,0.0,0.2,0,7,snr-greedy-loss,0.676500,0.967991
E10,0.2,1.0,0,1.0,0.0,0.2,0,7,snr-mean,0.615500,0.698675
E10,0.2,1.0,0,1.0,0.0,0.2,0,7,belief,0.679750,0.982340
E10,0.2,1.0,0,1.0,0.0,0.2,0,7,belief-pred,0.679750,0.982340
E10,0.2,1.0,0,1.0,0.0,0.2,0,7,ewma,0.571500,0.504415
E10,0.2,1.0,0,1.0,0.0,0.2,0,7,blend-paper,0.621250,0.724062
E10,0.2,1.0,0,1.0,0.0,0.2,0,7,saf-adaptive,0.679750,0.982340
E10,0.2,1.0,0,1.0,0.0,0.2,0,8,random,0.566750,0.480263
E10,0.2,1.0,0,1.0,0.0,0.2,0,8,round-robin,0.573500,0.509868
E10,0.2,1.0,0,1.0,0.0,0.2,0,8,oracle,0.685250,1.000000
E10,0.2,1.0,0,1.0,0.0,0.2,0,8,snr-greedy,0.642750,0.813596
E10,0.2,1.0,0,1.0,0.0,0.2,0,8,snr-greedy-loss,0.675250,0.956140
E10,0.2,1.0,0,1.0,0.0,0.2,0,8,snr-mean,0.606000,0.652412
E10,0.2,1.0,0,1.0,0.0,0.2,0,8,belief,0.679000,0.972588
E10,0.2,1.0,0,1.0,0.0,0.2,0,8,belief-pred,0.679000,0.972588
E10,0.2,1.0,0,1.0,0.0,0.2,0,8,ewma,0.599250,0.622807
E10,0.2,1.0,0,1.0,0.0,0.2,0,8,blend-paper,0.623750,0.730263
E10,0.2,1.0,0,1.0,0.0,0.2,0,8,saf-adaptive,0.679000,0.972588
E10,0.2,1.0,0,1.0,0.0,0.2,0,9,random,0.567250,0.526474
E10,0.2,1.0,0,1.0,0.0,0.2,0,9,round-robin,0.561250,0.502498
E10,0.2,1.0,0,1.0,0.0,0.2,0,9,oracle,0.685750,1.000000
E10,0.2,1.0,0,1.0,0.0,0.2,0,9,snr-greedy,0.650750,0.860140
E10,0.2,1.0,0,1.0,0.0,0.2,0,9,snr-greedy-loss,0.678250,0.970030
E10,0.2,1.0,0,1.0,0.0,0.2,0,9,snr-mean,0.610000,0.697303
E10,0.2,1.0,0,1.0,0.0,0.2,0,9,belief,0.681250,0.982018
E10,0.2,1.0,0,1.0,0.0,0.2,0,9,belief-pred,0.681250,0.982018
E10,0.2,1.0,0,1.0,0.0,0.2,0,9,ewma,0.585000,0.597403
E10,0.2,1.0,0,1.0,0.0,0.2,0,9,blend-paper,0.626500,0.763237
E10,0.2,1.0,0,1.0,0.0,0.2,0,9,saf-adaptive,0.681250,0.982018
E10,0.2,1.0,0,1.0,0.0,0.2,0,10,random,0.556000,0.489858
E10,0.2,1.0,0,1.0,0.0,0.2,0,10,round-robin,0.557500,0.495943
E10,0.2,1.0,0,1.0,0.0,0.2,0,10,oracle,0.681750,1.000000
E10,0.2,1.0,0,1.0,0.0,0.2,0,10,snr-greedy,0.639750,0.829615
E10,0.2,1.0,0,1.0,0.0,0.2,0,10,snr-greedy-loss,0.670750,0.955375
E10,0.2,1.0,0,1.0,0.0,0.2,0,10,snr-mean,0.612250,0.718053
E10,0.2,1.0,0,1.0,0.0,0.2,0,10,belief,0.676000,0.976673
E10,0.2,1.0,0,1.0,0.0,0.2,0,10,belief-pred,0.676000,0.976673
E10,0.2,1.0,0,1.0,0.0,0.2,0,10,ewma,0.572500,0.556795
E10,0.2,1.0,0,1.0,0.0,0.2,0,10,blend-paper,0.612250,0.718053
E10,0.2,1.0,0,1.0,0.0,0.2,0,10,saf-adaptive,0.675750,0.975659
E10,0.2,1.0,0,1.0,0.0,0.2,0,11,random,0.565000,0.507821
E10,0.2,1.0,0,1.0,0.0,0.2,0,11,round-robin,0.564500,0.505735
E10,0.2,1.0,0,1.0,0.0,0.2,0,11,oracle,0.683000,1.000000
E10,0.2,1.0,0,1.0,0.0,0.2,0,11,snr-greedy,0.643250,0.834202
E10,0.2,1.0,0,1.0,0.0,0.2,0,11,snr-greedy-loss,0.674750,0.965589
E10,0.2,1.0,0,1.0,0.0,0.2,0,11,snr-mean,0.605250,0.675704
E10,0.2,1.0,0,1.0,0.0,0.2,0,11,belief,0.677000,0.974974
E10,0.2,1.0,0,1.0,0.0,0.2,0,11,belief-pred,0.677000,0.974974
E10,0.2,1.0,0,1.0,0.0,0.2,0,11,ewma,0.574000,0.545360
E10,0.2,1.0,0,1.0,0.0,0.2,0,11,blend-paper,0.611250,0.700730
E10,0.2,1.0,0,1.0,0.0,0.2,0,11,saf-adaptive,0.677000,0.974974
E10,0.2,1.0,0,1.0,0.0,0.2,0,12,random,0.566500,0.502533
E10,0.2,1.0,0,1.0,0.0,0.2,0,12,round-robin,0.561250,0.481256
E10,0.2,1.0,0,1.0,0.0,0.2,0,12,oracle,0.689250,1.000000
E10,0.2,1.0,0,1.0,0.0,0.2,0,12,snr-greedy,0.648250,0.833840
E10,0.2,1.0,0,1.0,0.0,0.2,0,12,snr-greedy-loss,0.678250,0.955420
E10,0.2,1.0,0,1.0,0.0,0.2,0,12,snr-mean,0.619250,0.716312
E10,0.2,1.0,0,1.0,0.0,0.2,0,12,belief,0.683250,0.975684
E10,0.2,1.0,0,1.0,0.0,0.2,0,12,belief-pred,0.683250,0.975684
E10,0.2,1.0,0,1.0,0.0,0.2,0,12,ewma,0.584750,0.576494
E10,0.2,1.0,0,1.0,0.0,0.2,0,12,blend-paper,0.624500,0.737589
E10,0.2,1.0,0,1.0,0.0,0.2,0,12,saf-adaptive,0.683250,0.975684
E10,0.2,1.0,0,1.0,0.0,0.2,0,13,random,0.554250,0.483087
E10,0.2,1.0,0,1.0,0.0,0.2,0,13,round-robin,0.562250,0.516913
E10,0.2,1.0,0,1.0,0.0,0.2,0,13,oracle,0.676500,1.000000
E10,0.2,1.0,0,1.0,0.0,0.2,0,13,snr-greedy,0.634750,0.823467
E10,0.2,1.0,0,1.0,0.0,0.2,0,13,snr-greedy-loss,0.667500,0.961945
E10,0.2,1.0,0,1.0,0.0,0.2,0,13,snr-mean,0.603500,0.691332
E10,0.2,1.0,0,1.0,0.0,0.2,0,13,belief,0.671000,0.976744
E10,0.2,1.0,0,1.0,0.0,0.2,0,13,belief-pred,0.671000,0.976744
E10,0.2,1.0,0,1.0,0.0,0.2,0,13,ewma,0.581000,0.596195
E10,0.2,1.0,0,1.0,0.0,0.2,0,13,blend-paper,0.615750,0.743129
E10,0.2,1.0,0,1.0,0.0,0.2,0,13,saf-adaptive,0.671000,0.976744
E10,0.2,1.0,0,1.0,0.0,0.2,0,14,random,0.575500,0.500000
E10,0.2,1.0,0,1.0,0.0,0.2,0,14,round-robin,0.573250,0.490506
E10,0.2,1.0,0,1.0,0.0,0.2,0,14,oracle,0.694000,1.000000
E10,0.2,1.0,0,1.0,0.0,0.2,0,14,snr-greedy,0.654500,0.833333
E10,0.2,1.0,0,1.0,0.0,0.2,0,14,snr-greedy-loss,0.684750,0.960970
E10,0.2,1.0,0,1.0,0.0,0.2,0,14,snr-mean,0.624750,0.707806
E10,0.2,1.0,0,1.0,0.0,0.2,0,14,belief,0.689000,0.978903
E10,0.2,1.0,0,1.0,0.0,0.2,0,14,belief-pred,0.689000,0.978903
E10,0.2,1.0,0,1.0,0.0,0.2,0,14,ewma,0.600750,0.606540
E10,0.2,1.0,0,1.0,0.0,0.2,0,14,blend-paper,0.639250,0.768987
E10,0.2,1.0,0,1.0,0.0,0.2,0,14,saf-adaptive,0.689000,0.978903
E10,0.2,1.0,0,1.0,0.0,0.2,0,15,random,0.554000,0.485963
E10,0.2,1.0,0,1.0,0.0,0.2,0,15,round-robin,0.555750,0.492740
E10,0.2,1.0,0,1.0,0.0,0.2,0,15,oracle,0.686750,1.000000
E10,0.2,1.0,0,1.0,0.0,0.2,0,15,snr-greedy,0.643750,0.833495
E10,0.2,1.0,0,1.0,0.0,0.2,0,15,snr-greedy-loss,0.674000,0.950629
E10,0.2,1.0,0,1.0,0.0,0.2,0,15,snr-mean,0.618750,0.736689
E10,0.2,1.0,0,1.0,0.0,0.2,0,15,belief,0.680750,0.976767
E10,0.2,1.0,0,1.0,0.0,0.2,0,15,belief-pred,0.680750,0.976767
E10,0.2,1.0,0,1.0,0.0,0.2,0,15,ewma,0.582250,0.595353
E10,0.2,1.0,0,1.0,0.0,0.2,0,15,blend-paper,0.610500,0.704743
E10,0.2,1.0,0,1.0,0.0,0.2,0,15,saf-adaptive,0.680750,0.976767
E10,0.2,1.0,0,1.0,0.0,0.2,0,16,random,0.556500,0.482795
E10,0.2,1.0,0,1.0,0.0,0.2,0,16,round-robin,0.559250,0.494265
E10,0.2,1.0,0,1.0,0.0,0.2,0,16,oracle,0.680500,1.000000
E10,0.2,1.0,0,1.0,0.0,0.2,0,16,snr-greedy,0.640750,0.834202
E10,0.2,1.0,0,1.0,0.0,0.2,0,16,snr-greedy-loss,0.673000,0.968717
E10,0.2,1.0,0,1.0,0.0,0.2,0,16,snr-mean,0.599500,0.662148
E10,0.2,1.0,0,1.0,0.0,0.2,0,16,belief,0.675250,0.978102
E10,0.2,1.0,0,1.0,0.0,0.2,0,16,belief-pred,0.675250,0.978102
E10,0.2,1.0,0,1.0,0.0,0.2,0,16,ewma,0.576000,0.564129
E10,0.2,1.0,0,1.0,0.0,0.2,0,16,blend-paper,0.610750,0.709072
E10,0.2,1.0,0,1.0,0.0,0.2,0,16,saf-adaptive,0.675250,0.978102
E10,0.2,1.0,0,1.0,0.0,0.2,0,17,random,0.567000,0.509414
E10,0.2,1.0,0,1.0,0.0,0.2,0,17,round-robin,0.566000,0.505230
E10,0.2,1.0,0,1.0,0.0,0.2,0,17,oracle,0.684250,1.000000
E10,0.2,1.0,0,1.0,0.0,0.2,0,17,snr-greedy,0.645500,0.837866
E10,0.2,1.0,0,1.0,0.0,0.2,0,17,snr-greedy-loss,0.672250,0.949791
E10,0.2,1.0,0,1.0,0.0,0.2,0,17,snr-mean,0.615750,0.713389
E10,0.2,1.0,0,1.0,0.0,0.2,0,17,belief,0.677500,0.971757
E10,0.2,1.0,0,1.0,0.0,0.2,0,17,belief-pred,0.677500,0.971757
E10,0.2,1.0,0,1.0,0.0,0.2,0,17,ewma,0.584500,0.582636
E10,0.2,1.0,0,1.0,0.0,0.2,0,17,blend-paper,0.615250,0.711297
E10,0.2,1.0,0,1.0,0.0,0.2,0,17,saf-adaptive,0.677500,0.971757
E10,0.2,1.0,0,1.0,0.0,0.2,0,18,random,0.544750,0.466229
E10,0.2,1.0,0,1.0,0.0,0.2,0,18,round-robin,0.554250,0.501876
E10,0.2,1.0,0,1.0,0.0,0.2,0,18,oracle,0.687000,1.000000
E10,0.2,1.0,0,1.0,0.0,0.2,0,18,snr-greedy,0.647750,0.852720
E10,0.2,1.0,0,1.0,0.0,0.2,0,18,snr-greedy-loss,0.675250,0.955910
E10,0.2,1.0,0,1.0,0.0,0.2,0,18,snr-mean,0.616000,0.733583
E10,0.2,1.0,0,1.0,0.0,0.2,0,18,belief,0.681000,0.977486
E10,0.2,1.0,0,1.0,0.0,0.2,0,18,belief-pred,0.681000,0.977486
E10,0.2,1.0,0,1.0,0.0,0.2,0,18,ewma,0.586500,0.622889
E10,0.2,1.0,0,1.0,0.0,0.2,0,18,blend-paper,0.620750,0.751407
E10,0.2,1.0,0,1.0,0.0,0.2,0,18,saf-adaptive,0.681000,0.977486
E10,0.2,1.0,0,1.0,0.0,0.2,0,19,random,0.558750,0.496970
E10,0.2,1.0,0,1.0,0.0,0.2,0,19,round-robin,0.558000,0.493939
E10,0.2,1.0,0,1.0,0.0,0.2,0,19,oracle,0.683250,1.000000
E10,0.2,1.0,0,1.0,0.0,0.2,0,19,snr-greedy,0.642250,0.834343
E10,0.2,1.0,0,1.0,0.0,0.2,0,19,snr-greedy-loss,0.671750,0.953535
E10,0.2,1.0,0,1.0,0.0,0.2,0,19,snr-mean,0.608750,0.698990
E10,0.2,1.0,0,1.0,0.0,0.2,0,19,belief,0.676500,0.972727
E10,0.2,1.0,0,1.0,0.0,0.2,0,19,belief-pred,0.676500,0.972727
E10,0.2,1.0,0,1.0,0.0,0.2,0,19,ewma,0.565500,0.524242
E10,0.2,1.0,0,1.0,0.0,0.2,0,19,blend-paper,0.609250,0.701010
E10,0.2,1.0,0,1.0,0.0,0.2,0,19,saf-adaptive,0.676500,0.972727
E10,0.2,1.0,0,1.0,0.0,0.2,0,20,random,0.563000,0.501010
E10,0.2,1.0,0,1.0,0.0,0.2,0,20,round-robin,0.566500,0.515152
E10,0.2,1.0,0,1.0,0.0,0.2,0,20,oracle,0.686500,1.000000
E10,0.2,1.0,0,1.0,0.0,0.2,0,20,snr-greedy,0.646500,0.838384
E10,0.2,1.0,0,1.0,0.0,0.2,0,20,snr-greedy-loss,0.674000,0.949495
E10,0.2,1.0,0,1.0,0.0,0.2,0,20,snr-mean,0.607250,0.679798
E10,0.2,1.0,0,1.0,0.0,0.2,0,20,belief,0.678500,0.967677
E10,0.2,1.0,0,1.0,0.0,0.2,0,20,belief-pred,0.678500,0.967677
E10,0.2,1.0,0,1.0,0.0,0.2,0,20,ewma,0.578500,0.563636
E10,0.2,1.0,0,1.0,0.0,0.2,0,20,blend-paper,0.612750,0.702020
E10,0.2,1.0,0,1.0,0.0,0.2,0,20,saf-adaptive,0.678500,0.967677
E10,0.2,1.0,0,1.0,0.0,0.2,0,21,random,0.557750,0.506931
E10,0.2,1.0,0,1.0,0.0,0.2,0,21,round-robin,0.557250,0.504950
E10,0.2,1.0,0,1.0,0.0,0.2,0,21,oracle,0.682250,1.000000
E10,0.2,1.0,0,1.0,0.0,0.2,0,21,snr-greedy,0.640000,0.832673
E10,0.2,1.0,0,1.0,0.0,0.2,0,21,snr-greedy-loss,0.673500,0.965347
E10,0.2,1.0,0,1.0,0.0,0.2,0,21,snr-mean,0.594000,0.650495
E10,0.2,1.0,0,1.0,0.0,0.2,0,21,belief,0.677000,0.979208
E10,0.2,1.0,0,1.0,0.0,0.2,0,21,belief-pred,0.677000,0.979208
E10,0.2,1.0,0,1.0,0.0,0.2,0,21,ewma,0.574250,0.572277
E10,0.2,1.0,0,1.0,0.0,0.2,0,21,blend-paper,0.611000,0.717822
E10,0.2,1.0,0,1.0,0.0,0.2,0,21,saf-adaptive,0.677000,0.979208
E10,0.2,1.0,0,1.0,0.0,0.2,0,22,random,0.567750,0.486911
E10,0.2,1.0,0,1.0,0.0,0.2,0,22,round-robin,0.567500,0.485864
E10,0.2,1.0,0,1.0,0.0,0.2,0,22,oracle,0.690250,1.000000
E10,0.2,1.0,0,1.0,0.0,0.2,0,22,snr-greedy,0.657000,0.860733
E10,0.2,1.0,0,1.0,0.0,0.2,0,22,snr-greedy-loss,0.680500,0.959162
E10,0.2,1.0,0,1.0,0.0,0.2,0,22,snr-mean,0.608250,0.656545
E10,0.2,1.0,0,1.0,0.0,0.2,0,22,belief,0.685500,0.980105
E10,0.2,1.0,0,1.0,0.0,0.2,0,22,belief-pred,0.685500,0.980105
E10,0.2,1.0,0,1.0,0.0,0.2,0,22,ewma,0.594250,0.597906
E10,0.2,1.0,0,1.0,0.0,0.2,0,22,blend-paper,0.628250,0.740314
E10,0.2,1.0,0,1.0,0.0,0.2,0,22,saf-adaptive,0.685500,0.980105
E10,0.2,1.0,0,1.0,0.0,0.2,0,23,random,0.558000,0.492739
E10,0.2,1.0,0,1.0,0.0,0.2,0,23,round-robin,0.556000,0.484440
E10,0.2,1.0,0,1.0,0.0,0.2,0,23,oracle,0.680250,1.000000
E10,0.2,1.0,0,1.0,0.0,0.2,0,23,snr-greedy,0.636500,0.818465
E10,0.2,1.0,0,1.0,0.0,0.2,0,23,snr-greedy-loss,0.667000,0.945021
E10,0.2,1.0,0,1.0,0.0,0.2,0,23,snr-mean,0.605750,0.690871
E10,0.2,1.0,0,1.0,0.0,0.2,0,23,belief,0.672500,0.967842
E10,0.2,1.0,0,1.0,0.0,0.2,0,23,belief-pred,0.672500,0.967842
E10,0.2,1.0,0,1.0,0.0,0.2,0,23,ewma,0.579750,0.582988
E10,0.2,1.0,0,1.0,0.0,0.2,0,23,blend-paper,0.618000,0.741701
E10,0.2,1.0,0,1.0,0.0,0.2,0,23,saf-adaptive,0.672500,0.967842
E10,0.2,1.0,0,1.0,0.0,0.2,0,24,random,0.554500,0.492110
E10,0.2,1.0,0,1.0,0.0,0.2,0,24,round-robin,0.553750,0.489152
E10,0.2,1.0,0,1.0,0.0,0.2,0,24,oracle,0.683250,1.000000
E10,0.2,1.0,0,1.0,0.0,0.2,0,24,snr-greedy,0.637500,0.819527
E10,0.2,1.0,0,1.0,0.0,0.2,0,24,snr-greedy-loss,0.673500,0.961538
E10,0.2,1.0,0,1.0,0.0,0.2,0,24,snr-mean,0.606000,0.695266
E10,0.2,1.0,0,1.0,0.0,0.2,0,24,belief,0.677500,0.977318
E10,0.2,1.0,0,1.0,0.0,0.2,0,24,belief-pred,0.677500,0.977318
E10,0.2,1.0,0,1.0,0.0,0.2,0,24,ewma,0.585000,0.612426
E10,0.2,1.0,0,1.0,0.0,0.2,0,24,blend-paper,0.607500,0.701183
E10,0.2,1.0,0,1.0,0.0,0.2,0,24,saf-adaptive,0.677500,0.977318
E10,0.2,1.0,0,1.0,0.0,0.2,0,25,random,0.559500,0.489861
E10,0.2,1.0,0,1.0,0.0,0.2,0,25,round-robin,0.560500,0.494130
E10,0.2,1.0,0,1.0,0.0,0.2,0,25,oracle,0.679000,1.000000
E10,0.2,1.0,0,1.0,0.0,0.2,0,25,snr-greedy,0.635500,0.814301
E10,0.2,1.0,0,1.0,0.0,0.2,0,25,snr-greedy-loss,0.668500,0.955176
E10,0.2,1.0,0,1.0,0.0,0.2,0,25,snr-mean,0.603750,0.678762
E10,0.2,1.0,0,1.0,0.0,0.2,0,25,belief,0.674000,0.978655
E10,0.2,1.0,0,1.0,0.0,0.2,0,25,belief-pred,0.674000,0.978655
E10,0.2,1.0,0,1.0,0.0,0.2,0,25,ewma,0.576750,0.563501
E10,0.2,1.0,0,1.0,0.0,0.2,0,25,blend-paper,0.613750,0.721451
E10,0.2,1.0,0,1.0,0.0,0.2,0,25,saf-adaptive,0.674000,0.978655
E10,0.2,1.0,0,1.0,0.0,0.2,0,26,random,0.571000,0.514940
E10,0.2,1.0,0,1.0,0.0,0.2,0,26,round-robin,0.570750,0.513944
E10,0.2,1.0,0,1.0,0.0,0.2,0,26,oracle,0.692750,1.000000
E10,0.2,1.0,0,1.0,0.0,0.2,0,26,snr-greedy,0.650500,0.831673
E10,0.2,1.0,0,1.0,0.0,0.2,0,26,snr-greedy-loss,0.679500,0.947211
E10,0.2,1.0,0,1.0,0.0,0.2,0,26,snr-mean,0.619000,0.706175
E10,0.2,1.0,0,1.0,0.0,0.2,0,26,belief,0.687000,0.977092
E10,0.2,1.0,0,1.0,0.0,0.2,0,26,belief-pred,0.687000,0.977092
E10,0.2,1.0,0,1.0,0.0,0.2,0,26,ewma,0.594000,0.606574
E10,0.2,1.0,0,1.0,0.0,0.2,0,26,blend-paper,0.616250,0.695219
E10,0.2,1.0,0,1.0,0.0,0.2,0,26,saf-adaptive,0.687000,0.977092
E10,0.2,1.0,0,1.0,0.0,0.2,0,27,random,0.560000,0.494461
E10,0.2,1.0,0,1.0,0.0,0.2,0,27,round-robin,0.561500,0.500504
E10,0.2,1.0,0,1.0,0.0,0.2,0,27,oracle,0.685500,1.000000
E10,0.2,1.0,0,1.0,0.0,0.2,0,27,snr-greedy,0.636750,0.803625
E10,0.2,1.0,0,1.0,0.0,0.2,0,27,snr-greedy-loss,0.675000,0.957704
E10,0.2,1.0,0,1.0,0.0,0.2,0,27,snr-mean,0.607750,0.686808
E10,0.2,1.0,0,1.0,0.0,0.2,0,27,belief,0.679250,0.974824
E10,0.2,1.0,0,1.0,0.0,0.2,0,27,belief-pred,0.679250,0.974824
E10,0.2,1.0,0,1.0,0.0,0.2,0,27,ewma,0.587250,0.604230
E10,0.2,1.0,0,1.0,0.0,0.2,0,27,blend-paper,0.619750,0.735146
E10,0.2,1.0,0,1.0,0.0,0.2,0,27,saf-adaptive,0.679250,0.974824
E10,0.2,1.0,0,1.0,0.0,0.2,0,28,random,0.567500,0.510053
E10,0.2,1.0,0,1.0,0.0,0.2,0,28,round-robin,0.566750,0.506878
E10,0.2,1.0,0,1.0,0.0,0.2,0,28,oracle,0.683250,1.000000
E10,0.2,1.0,0,1.0,0.0,0.2,0,28,snr-greedy,0.640750,0.820106
E10,0.2,1.0,0,1.0,0.0,0.2,0,28,snr-greedy-loss,0.674750,0.964021
E10,0.2,1.0,0,1.0,0.0,0.2,0,28,snr-mean,0.609500,0.687831
E10,0.2,1.0,0,1.0,0.0,0.2,0,28,belief,0.678750,0.980952
E10,0.2,1.0,0,1.0,0.0,0.2,0,28,belief-pred,0.678750,0.980952
E10,0.2,1.0,0,1.0,0.0,0.2,0,28,ewma,0.577250,0.551323
E10,0.2,1.0,0,1.0,0.0,0.2,0,28,blend-paper,0.617500,0.721693
E10,0.2,1.0,0,1.0,0.0,0.2,0,28,saf-adaptive,0.678750,0.980952
E10,0.2,1.0,0,1.0,0.0,0.2,0,29,random,0.563750,0.477131
E10,0.2,1.0,0,1.0,0.0,0.2,0,29,round-robin,0.565250,0.483368
E10,0.2,1.0,0,1.0,0.0,0.2,0,29,oracle,0.689500,1.000000
E10,0.2,1.0,0,1.0,0.0,0.2,0,29,snr-greedy,0.647500,0.825364
E10,0.2,1.0,0,1.0,0.0,0.2,0,29,snr-greedy-loss,0.678000,0.952183
E10,0.2,1.0,0,1.0,0.0,0.2,0,29,snr-mean,0.613250,0.682952
E10,0.2,1.0,0,1.0,0.0,0.2,0,29,belief,0.683500,0.975052
E10,0.2,1.0,0,1.0,0.0,0.2,0,29,belief-pred,0.683500,0.975052
E10,0.2,1.0,0,1.0,0.0,0.2,0,29,ewma,0.585500,0.567568
E10,0.2,1.0,0,1.0,0.0,0.2,0,29,blend-paper,0.629250,0.749480
E10,0.2,1.0,0,1.0,0.0,0.2,0,29,saf-adaptive,0.683500,0.975052
E10,0.2,1.0,0,1.0,0.0,0.2,0,30,random,0.554000,0.502478
E10,0.2,1.0,0,1.0,0.0,0.2,0,30,round-robin,0.552250,0.495540
E10,0.2,1.0,0,1.0,0.0,0.2,0,30,oracle,0.679500,1.000000
E10,0.2,1.0,0,1.0,0.0,0.2,0,30,snr-greedy,0.638750,0.838454
E10,0.2,1.0,0,1.0,0.0,0.2,0,30,snr-greedy-loss,0.669250,0.959366
E10,0.2,1.0,0,1.0,0.0,0.2,0,30,snr-mean,0.602000,0.692765
E10,0.2,1.0,0,1.0,0.0,0.2,0,30,belief,0.672750,0.973241
E10,0.2,1.0,0,1.0,0.0,0.2,0,30,belief-pred,0.672750,0.973241
E10,0.2,1.0,0,1.0,0.0,0.2,0,30,ewma,0.573250,0.578791
E10,0.2,1.0,0,1.0,0.0,0.2,0,30,blend-paper,0.613500,0.738355
E10,0.2,1.0,0,1.0,0.0,0.2,0,30,saf-adaptive,0.672500,0.972250
E10,0.2,1.0,0,1.0,0.0,0.2,0,31,random,0.561250,0.498483
E10,0.2,1.0,0,1.0,0.0,0.2,0,31,round-robin,0.561250,0.498483
E10,0.2,1.0,0,1.0,0.0,0.2,0,31,oracle,0.685250,1.000000
E10,0.2,1.0,0,1.0,0.0,0.2,0,31,snr-greedy,0.646500,0.843276
E10,0.2,1.0,0,1.0,0.0,0.2,0,31,snr-greedy-loss,0.675500,0.960566
E10,0.2,1.0,0,1.0,0.0,0.2,0,31,snr-mean,0.611000,0.699697
E10,0.2,1.0,0,1.0,0.0,0.2,0,31,belief,0.680250,0.979778
E10,0.2,1.0,0,1.0,0.0,0.2,0,31,belief-pred,0.680250,0.979778
E10,0.2,1.0,0,1.0,0.0,0.2,0,31,ewma,0.586250,0.599596
E10,0.2,1.0,0,1.0,0.0,0.2,0,31,blend-paper,0.613250,0.708797
E10,0.2,1.0,0,1.0,0.0,0.2,0,31,saf-adaptive,0.680250,0.979778
E10,0.2,1.0,0,1.0,0.0,0.2,0,32,random,0.557500,0.480652
E10,0.2,1.0,0,1.0,0.0,0.2,0,32,round-robin,0.558250,0.483707
E10,0.2,1.0,0,1.0,0.0,0.2,0,32,oracle,0.685000,1.000000
E10,0.2,1.0,0,1.0,0.0,0.2,0,32,snr-greedy,0.645500,0.839104
E10,0.2,1.0,0,1.0,0.0,0.2,0,32,snr-greedy-loss,0.675500,0.961303
E10,0.2,1.0,0,1.0,0.0,0.2,0,32,snr-mean,0.619250,0.732179
E10,0.2,1.0,0,1.0,0.0,0.2,0,32,belief,0.678250,0.972505
E10,0.2,1.0,0,1.0,0.0,0.2,0,32,belief-pred,0.678250,0.972505
E10,0.2,1.0,0,1.0,0.0,0.2,0,32,ewma,0.577750,0.563136
E10,0.2,1.0,0,1.0,0.0,0.2,0,32,blend-paper,0.594500,0.631365
E10,0.2,1.0,0,1.0,0.0,0.2,0,32,saf-adaptive,0.678250,0.972505
E10,0.2,1.0,0,1.0,0.0,0.2,0,33,random,0.568250,0.516684
E10,0.2,1.0,0,1.0,0.0,0.2,0,33,round-robin,0.561750,0.490394
E10,0.2,1.0,0,1.0,0.0,0.2,0,33,oracle,0.687750,1.000000
E10,0.2,1.0,0,1.0,0.0,0.2,0,33,snr-greedy,0.641250,0.811931
E10,0.2,1.0,0,1.0,0.0,0.2,0,33,snr-greedy-loss,0.678250,0.961577
E10,0.2,1.0,0,1.0,0.0,0.2,0,33,snr-mean,0.607000,0.673407
E10,0.2,1.0,0,1.0,0.0,0.2,0,33,belief,0.682000,0.976744
E10,0.2,1.0,0,1.0,0.0,0.2,0,33,belief-pred,0.682000,0.976744
E10,0.2,1.0,0,1.0,0.0,0.2,0,33,ewma,0.584000,0.580384
E10,0.2,1.0,0,1.0,0.0,0.2,0,33,blend-paper,0.611500,0.691608
E10,0.2,1.0,0,1.0,0.0,0.2,0,33,saf-adaptive,0.682000,0.976744
E10,0.2,1.0,0,1.0,0.0,0.2,0,34,random,0.561250,0.509824
E10,0.2,1.0,0,1.0,0.0,0.2,0,34,round-robin,0.557500,0.494312
E10,0.2,1.0,0,1.0,0.0,0.2,0,34,oracle,0.679750,1.000000
E10,0.2,1.0,0,1.0,0.0,0.2,0,34,snr-greedy,0.640000,0.835574
E10,0.2,1.0,0,1.0,0.0,0.2,0,34,snr-greedy-loss,0.670000,0.959669
E10,0.2,1.0,0,1.0,0.0,0.2,0,34,snr-mean,0.594000,0.645295
E10,0.2,1.0,0,1.0,0.0,0.2,0,34,belief,0.674250,0.977249
E10,0.2,1.0,0,1.0,0.0,0.2,0,34,belief-pred,0.674250,0.977249
E10,0.2,1.0,0,1.0,0.0,0.2,0,34,ewma,0.570750,0.549121
E10,0.2,1.0,0,1.0,0.0,0.2,0,34,blend-paper,0.607750,0.702172
E10,0.2,1.0,0,1.0,0.0,0.2,0,34,saf-adaptive,0.674250,0.977249
E10,0.2,1.0,0,1.0,0.0,0.2,0,35,random,0.567250,0.491803
E10,0.2,1.0,0,1.0,0.0,0.2,0,35,round-robin,0.570000,0.503074
E10,0.2,1.0,0,1.0,0.0,0.2,0,35,oracle,0.691250,1.000000
E10,0.2,1.0,0,1.0,0.0,0.2,0,35,snr-greedy,0.652000,0.839139
E10,0.2,1.0,0,1.0,0.0,0.2,0,35,snr-greedy-loss,0.681750,0.961066
E10,0.2,1.0,0,1.0,0.0,0.2,0,35,snr-mean,0.617000,0.695697
E10,0.2,1.0,0,1.0,0.0,0.2,0,35,belief,0.685750,0.977459
E10,0.2,1.0,0,1.0,0.0,0.2,0,35,belief-pred,0.685750,0.977459
E10,0.2,1.0,0,1.0,0.0,0.2,0,35,ewma,0.588000,0.576844
E10,0.2,1.0,0,1.0,0.0,0.2,0,35,blend-paper,0.627750,0.739754
E10,0.2,1.0,0,1.0,0.0,0.2,0,35,saf-adaptive,0.685500,0.976434
E10,0.2,1.0,0,1.0,0.0,0.2,0,36,random,0.566250,0.498419
E10,0.2,1.0,0,1.0,0.0,0.2,0,36,round-robin,0.568500,0.507903
E10,0.2,1.0,0,1.0,0.0,0.2,0,36,oracle,0.685250,1.000000
E10,0.2,1.0,0,1.0,0.0,0.2,0,36,snr-greedy,0.640000,0.809273
E10,0.2,1.0,0,1.0,0.0,0.2,0,36,snr-greedy-loss,0.674250,0.953635
E10,0.2,1.0,0,1.0,0.0,0.2,0,36,snr-mean,0.605250,0.662803
E10,0.2,1.0,0,1.0,0.0,0.2,0,36,belief,0.680500,0.979979
E10,0.2,1.0,0,1.0,0.0,0.2,0,36,belief-pred,0.680500,0.979979
E10,0.2,1.0,0,1.0,0.0,0.2,0,36,ewma,0.596500,0.625922
E10,0.2,1.0,0,1.0,0.0,0.2,0,36,blend-paper,0.619250,0.721812
E10,0.2,1.0,0,1.0,0.0,0.2,0,36,saf-adaptive,0.680500,0.979979
E10,0.2,1.0,0,1.0,0.0,0.2,0,37,random,0.574750,0.529472
E10,0.2,1.0,0,1.0,0.0,0.2,0,37,round-robin,0.568250,0.503049
E10,0.2,1.0,0,1.0,0.0,0.2,0,37,oracle,0.690500,1.000000
E10,0.2,1.0,0,1.0,0.0,0.2,0,37,snr-greedy,0.652000,0.843496
E10,0.2,1.0,0,1.0,0.0,0.2,0,37,snr-greedy-loss,0.678250,0.950203
E10,0.2,1.0,0,1.0,0.0,0.2,0,37,snr-mean,0.627250,0.742886
E10,0.2,1.0,0,1.0,0.0,0.2,0,37,belief,0.686500,0.983740
E10,0.2,1.0,0,1.0,0.0,0.2,0,37,belief-pred,0.686500,0.983740
E10,0.2,1.0,0,1.0,0.0,0.2,0,37,ewma,0.605250,0.653455
E10,0.2,1.0,0,1.0,0.0,0.2,0,37,blend-paper,0.620750,0.716463
E10,0.2,1.0,0,1.0,0.0,0.2,0,37,saf-adaptive,0.686500,0.983740
E10,0.2,1.0,0,1.0,0.0,0.2,0,38,random,0.571750,0.497972
E10,0.2,1.0,0,1.0,0.0,0.2,0,38,round-robin,0.576500,0.517241
E10,0.2,1.0,0,1.0,0.0,0.2,0,38,oracle,0.695500,1.000000
E10,0.2,1.0,0,1.0,0.0,0.2,0,38,snr-greedy,0.649000,0.811359
E10,0.2,1.0,0,1.0,0.0,0.2,0,38,snr-greedy-loss,0.685500,0.959432
E10,0.2,1.0,0,1.0,0.0,0.2,0,38,snr-mean,0.616500,0.679513
E10,0.2,1.0,0,1.0,0.0,0.2,0,38,belief,0.689750,0.976673
E10,0.2,1.0,0,1.0,0.0,0.2,0,38,belief-pred,0.689750,0.976673
E10,0.2,1.0,0,1.0,0.0,0.2,0,38,ewma,0.589750,0.570994
E10,0.2,1.0,0,1.0,0.0,0.2,0,38,blend-paper,0.628500,0.728195
E10,0.2,1.0,0,1.0,0.0,0.2,0,38,saf-adaptive,0.689750,0.976673
E10,0.2,1.0,0,1.0,0.0,0.2,0,39,random,0.563000,0.495992
E10,0.2,1.0,0,1.0,0.0,0.2,0,39,round-robin,0.564500,0.502004
E10,0.2,1.0,0,1.0,0.0,0.2,0,39,oracle,0.688750,1.000000
E10,0.2,1.0,0,1.0,0.0,0.2,0,39,snr-greedy,0.641000,0.808617
E10,0.2,1.0,0,1.0,0.0,0.2,0,39,snr-greedy-loss,0.675750,0.947896
E10,0.2,1.0,0,1.0,0.0,0.2,0,39,snr-mean,0.617250,0.713427
E10,0.2,1.0,0,1.0,0.0,0.2,0,39,belief,0.683000,0.976954
E10,0.2,1.0,0,1.0,0.0,0.2,0,39,belief-pred,0.683000,0.976954
E10,0.2,1.0,0,1.0,0.0,0.2,0,39,ewma,0.582000,0.572144
E10,0.2,1.0,0,1.0,0.0,0.2,0,39,blend-paper,0.625250,0.745491
E10,0.2,1.0,0,1.0,0.0,0.2,0,39,saf-adaptive,0.683000,0.976954
E10,0.2,1.0,0,1.0,0.0,0.2,0,40,random,0.562250,0.533804
E10,0.2,1.0,0,1.0,0.0,0.2,0,40,round-robin,0.554500,0.502523
E10,0.2,1.0,0,1.0,0.0,0.2,0,40,oracle,0.677750,1.000000
E10,0.2,1.0,0,1.0,0.0,0.2,0,40,snr-greedy,0.640500,0.849647
E10,0.2,1.0,0,1.0,0.0,0.2,0,40,snr-greedy-loss,0.668250,0.961655
E10,0.2,1.0,0,1.0,0.0,0.2,0,40,snr-mean,0.586250,0.630676
E10,0.2,1.0,0,1.0,0.0,0.2,0,40,belief,0.672250,0.977800
E10,0.2,1.0,0,1.0,0.0,0.2,0,40,belief-pred,0.672250,0.977800
E10,0.2,1.0,0,1.0,0.0,0.2,0,40,ewma,0.571250,0.570131
E10,0.2,1.0,0,1.0,0.0,0.2,0,40,blend-paper,0.608000,0.718466
E10,0.2,1.0,0,1.0,0.0,0.2,0,40,saf-adaptive,0.672250,0.977800
E10,0.2,1.0,0,1.0,0.0,0.2,0,41,random,0.553500,0.473738
E10,0.2,1.0,0,1.0,0.0,0.2,0,41,round-robin,0.559000,0.496395
E10,0.2,1.0,0,1.0,0.0,0.2,0,41,oracle,0.681250,1.000000
E10,0.2,1.0,0,1.0,0.0,0.2,0,41,snr-greedy,0.642750,0.841401
E10,0.2,1.0,0,1.0,0.0,0.2,0,41,snr-greedy-loss,0.673000,0.966014
E10,0.2,1.0,0,1.0,0.0,0.2,0,41,snr-mean,0.592750,0.635427
E10,0.2,1.0,0,1.0,0.0,0.2,0,41,belief,0.675250,0.975283
E10,0.2,1.0,0,1.0,0.0,0.2,0,41,belief-pred,0.675250,0.975283
E10,0.2,1.0,0,1.0,0.0,0.2,0,41,ewma,0.580500,0.584964
E10,0.2,1.0,0,1.0,0.0,0.2,0,41,blend-paper,0.620500,0.749743
E10,0.2,1.0,0,1.0,0.0,0.2,0,41,saf-adaptive,0.675250,0.975283
E10,0.2,1.0,0,1.0,0.0,0.2,0,42,random,0.552500,0.510978
E10,0.2,1.0,0,1.0,0.0,0.2,0,42,round-robin,0.546750,0.488024
E10,0.2,1.0,0,1.0,0.0,0.2,0,42,oracle,0.675000,1.000000
E10,0.2,1.0,0,1.0,0.0,0.2,0,42,snr-greedy,0.634750,0.839321
E10,0.2,1.0,0,1.0,0.0,0.2,0,42,snr-greedy-loss,0.664750,0.959082
E10,0.2,1.0,0,1.0,0.0,0.2,0,42,snr-mean,0.592750,0.671657
E10,0.2,1.0,0,1.0,0.0,0.2,0,42,belief,0.670000,0.980040
E10,0.2,1.0,0,1.0,0.0,0.2,0,42,belief-pred,0.670000,0.980040
E10,0.2,1.0,0,1.0,0.0,0.2,0,42,ewma,0.583750,0.635729
E10,0.2,1.0,0,1.0,0.0,0.2,0,42,blend-paper,0.614000,0.756487
E10,0.2,1.0,0,1.0,0.0,0.2,0,42,saf-adaptive,0.670000,0.980040
E10,0.2,1.0,0,1.0,0.0,0.2,0,43,random,0.562750,0.506694
E10,0.2,1.0,0,1.0,0.0,0.2,0,43,round-robin,0.561000,0.499485
E10,0.2,1.0,0,1.0,0.0,0.2,0,43,oracle,0.682500,1.000000
E10,0.2,1.0,0,1.0,0.0,0.2,0,43,snr-greedy,0.640250,0.825953
E10,0.2,1.0,0,1.0,0.0,0.2,0,43,snr-greedy-loss,0.673500,0.962925
E10,0.2,1.0,0,1.0,0.0,0.2,0,43,snr-mean,0.607000,0.688980
E10,0.2,1.0,0,1.0,0.0,0.2,0,43,belief,0.678250,0.982492
E10,0.2,1.0,0,1.0,0.0,0.2,0,43,belief-pred,0.678250,0.982492
E10,0.2,1.0,0,1.0,0.0,0.2,0,43,ewma,0.571500,0.542739
E10,0.2,1.0,0,1.0,0.0,0.2,0,43,blend-paper,0.613750,0.716787
E10,0.2,1.0,0,1.0,0.0,0.2,0,43,saf-adaptive,0.678250,0.982492
E10,0.2,1.0,0,1.0,0.0,0.2,0,44,random,0.566750,0.501577
E10,0.2,1.0,0,1.0,0.0,0.2,0,44,round-robin,0.569500,0.513144
E10,0.2,1.0,0,1.0,0.0,0.2,0,44,oracle,0.685250,1.000000
E10,0.2,1.0,0,1.0,0.0,0.2,0,44,snr-greedy,0.646750,0.838065
E10,0.2,1.0,0,1.0,0.0,0.2,0,44,snr-greedy-loss,0.673500,0.950578
E10,0.2,1.0,0,1.0,0.0,0.2,0,44,snr-mean,0.613000,0.696109
E10,0.2,1.0,0,1.0,0.0,0.2,0,44,belief,0.678250,0.970557
E10,0.2,1.0,0,1.0,0.0,0.2,0,44,belief-pred,0.678250,0.970557
E10,0.2,1.0,0,1.0,0.0,0.2,0,44,ewma,0.589750,0.598318
E10,0.2,1.0,0,1.0,0.0,0.2,0,44,blend-paper,0.623000,0.738170
E10,0.2,1.0,0,1.0,0.0,0.2,0,44,saf-adaptive,0.678250,0.970557
E10,0.2,1.0,0,1.0,0.0,0.2,0,45,random,0.558250,0.508565
E10,0.2,1.0,0,1.0,0.0,0.2,0,45,round-robin,0.557000,0.503212
E10,0.2,1.0,0,1.0,0.0,0.2,0,45,oracle,0.673000,1.000000
E10,0.2,1.0,0,1.0,0.0,0.2,0,45,snr-greedy,0.633500,0.830835
E10,0.2,1.0,0,1.0,0.0,0.2,0,45,snr-greedy-loss,0.666250,0.971092
E10,0.2,1.0,0,1.0,0.0,0.2,0,45,snr-mean,0.600750,0.690578
E10,0.2,1.0,0,1.0,0.0,0.2,0,45,belief,0.669750,0.986081
E10,0.2,1.0,0,1.0,0.0,0.2,0,45,belief-pred,0.669750,0.986081
E10,0.2,1.0,0,1.0,0.0,0.2,0,45,ewma,0.579000,0.597430
E10,0.2,1.0,0,1.0,0.0,0.2,0,45,blend-paper,0.604000,0.704497
E10,0.2,1.0,0,1.0,0.0,0.2,0,45,saf-adaptive,0.669500,0.985011
E10,0.2,1.0,0,1.0,0.0,0.2,0,46,random,0.560000,0.504124
E10,0.2,1.0,0,1.0,0.0,0.2,0,46,round-robin,0.557500,0.493814
E10,0.2,1.0,0,1.0,0.0,0.2,0,46,oracle,0.680250,1.000000
E10,0.2,1.0,0,1.0,0.0,0.2,0,46,snr-greedy,0.644750,0.853608
E10,0.2,1.0,0,1.0,0.0,0.2,0,46,snr-greedy-loss,0.673000,0.970103
E10,0.2,1.0,0,1.0,0.0,0.2,0,46,snr-mean,0.601250,0.674227
E10,0.2,1.0,0,1.0,0.0,0.2,0,46,belief,0.674750,0.977320
E10,0.2,1.0,0,1.0,0.0,0.2,0,46,belief-pred,0.674750,0.977320
E10,0.2,1.0,0,1.0,0.0,0.2,0,46,ewma,0.570500,0.547423
E10,0.2,1.0,0,1.0,0.0,0.2,0,46,blend-paper,0.618000,0.743299
E10,0.2,1.0,0,1.0,0.0,0.2,0,46,saf-adaptive,0.674750,0.977320
E10,0.2,1.0,0,1.0,0.0,0.2,0,47,random,0.565500,0.503992
E10,0.2,1.0,0,1.0,0.0,0.2,0,47,round-robin,0.566500,0.507984
E10,0.2,1.0,0,1.0,0.0,0.2,0,47,oracle,0.689750,1.000000
E10,0.2,1.0,0,1.0,0.0,0.2,0,47,snr-greedy,0.653000,0.853293
E10,0.2,1.0,0,1.0,0.0,0.2,0,47,snr-greedy-loss,0.678000,0.953094
E10,0.2,1.0,0,1.0,0.0,0.2,0,47,snr-mean,0.615250,0.702595
E10,0.2,1.0,0,1.0,0.0,0.2,0,47,belief,0.685000,0.981038
E10,0.2,1.0,0,1.0,0.0,0.2,0,47,belief-pred,0.685000,0.981038
E10,0.2,1.0,0,1.0,0.0,0.2,0,47,ewma,0.582000,0.569860
E10,0.2,1.0,0,1.0,0.0,0.2,0,47,blend-paper,0.623500,0.735529
E10,0.2,1.0,0,1.0,0.0,0.2,0,47,saf-adaptive,0.685250,0.982036
E10,0.2,1.0,0,1.0,0.0,0.2,0,48,random,0.560750,0.504683
E10,0.2,1.0,0,1.0,0.0,0.2,0,48,round-robin,0.555500,0.482830
E10,0.2,1.0,0,1.0,0.0,0.2,0,48,oracle,0.679750,1.000000
E10,0.2,1.0,0,1.0,0.0,0.2,0,48,snr-greedy,0.637250,0.823101
E10,0.2,1.0,0,1.0,0.0,0.2,0,48,snr-greedy-loss,0.673000,0.971904
E10,0.2,1.0,0,1.0,0.0,0.2,0,48,snr-mean,0.609250,0.706556
E10,0.2,1.0,0,1.0,0.0,0.2,0,48,belief,0.675750,0.983351
E10,0.2,1.0,0,1.0,0.0,0.2,0,48,belief-pred,0.675750,0.983351
E10,0.2,1.0,0,1.0,0.0,0.2,0,48,ewma,0.572000,0.551509
E10,0.2,1.0,0,1.0,0.0,0.2,0,48,blend-paper,0.615250,0.731530
E10,0.2,1.0,0,1.0,0.0,0.2,0,48,saf-adaptive,0.675500,0.982310
E10,0.2,1.0,0,1.0,0.0,0.2,0,49,random,0.561500,0.513402
E10,0.2,1.0,0,1.0,0.0,0.2,0,49,round-robin,0.561750,0.514433
E10,0.2,1.0,0,1.0,0.0,0.2,0,49,oracle,0.679500,1.000000
E10,0.2,1.0,0,1.0,0.0,0.2,0,49,snr-greedy,0.634750,0.815464
E10,0.2,1.0,0,1.0,0.0,0.2,0,49,snr-greedy-loss,0.669500,0.958763
E10,0.2,1.0,0,1.0,0.0,0.2,0,49,snr-mean,0.598000,0.663918
E10,0.2,1.0,0,1.0,0.0,0.2,0,49,belief,0.674250,0.978351
E10,0.2,1.0,0,1.0,0.0,0.2,0,49,belief-pred,0.674250,0.978351
E10,0.2,1.0,0,1.0,0.0,0.2,0,49,ewma,0.575750,0.572165
E10,0.2,1.0,0,1.0,0.0,0.2,0,49,blend-paper,0.608000,0.705155
E10,0.2,1.0,0,1.0,0.0,0.2,0,49,saf-adaptive,0.674250,0.978351
E10,0.2,0.75,0,1.0,0.0,0.2,0,0,random,0.559500,0.495935
E10,0.2,0.75,0,1.0,0.0,0.2,0,0,round-robin,0.560500,0.500000
E10,0.2,0.75,0,1.0,0.0,0.2,0,0,oracle,0.683500,1.000000
E10,0.2,0.75,0,1.0,0.0,0.2,0,0,snr-greedy,0.621250,0.746951
E10,0.2,0.75,0,1.0,0.0,0.2,0,0,snr-greedy-loss,0.645750,0.846545
E10,0.2,0.75,0,1.0,0.0,0.2,0,0,snr-mean,0.616750,0.728659
E10,0.2,0.75,0,1.0,0.0,0.2,0,0,belief,0.656500,0.890244
E10,0.2,0.75,0,1.0,0.0,0.2,0,0,belief-pred,0.656500,0.890244
E10,0.2,0.75,0,1.0,0.0,0.2,0,0,ewma,0.580750,0.582317
E10,0.2,0.75,0,1.0,0.0,0.2,0,0,blend-paper,0.618500,0.735772
E10,0.2,0.75,0,1.0,0.0,0.2,0,0,saf-adaptive,0.656250,0.889228
E10,0.2,0.75,0,1.0,0.0,0.2,0,1,random,0.561250,0.490816
E10,0.2,0.75,0,1.0,0.0,0.2,0,1,round-robin,0.560500,0.487755
E10,0.2,0.75,0,1.0,0.0,0.2,0,1,oracle,0.686000,1.000000
E10,0.2,0.75,0,1.0,0.0,0.2,0,1,snr-greedy,0.627000,0.759184
E10,0.2,0.75,0,1.0,0.0,0.2,0,1,snr-greedy-loss,0.654000,0.869388
E10,0.2,0.75,0,1.0,0.0,0.2,0,1,snr-mean,0.609250,0.686735
E10,0.2,0.75,0,1.0,0.0,0.2,0,1,belief,0.656000,0.877551
E10,0.2,0.75,0,1.0,0.0,0.2,0,1,belief-pred,0.656000,0.877551
E10,0.2,0.75,0,1.0,0.0,0.2,0,1,ewma,0.597000,0.636735
E10,0.2,0.75,0,1.0,0.0,0.2,0,1,blend-paper,0.608000,0.681633
E10,0.2,0.75,0,1.0,0.0,0.2,0,1,saf-adaptive,0.656000,0.877551
E10,0.2,0.75,0,1.0,0.0,0.2,0,2,random,0.570500,0.522629
E10,0.2,0.75,0,1.0,0.0,0.2,0,2,round-robin,0.564250,0.495690
E10,0.2,0.75,0,1.0,0.0,0.2,0,2,oracle,0.681250,1.000000
E10,0.2,0.75,0,1.0,0.0,0.2,0,2,snr-greedy,0.624250,0.754310
E10,0.2,0.75,0,1.0,0.0,0.2,0,2,snr-greedy-loss,0.649000,0.860991
E10,0.2,0.75,0,1.0,0.0,0.2,0,2,snr-mean,0.618750,0.730603
E10,0.2,0.75,0,1.0,0.0,0.2,0,2,belief,0.652000,0.873922
E10,0.2,0.75,0,1.0,0.0,0.2,0,2,belief-pred,0.652000,0.873922
E10,0.2,0.75,0,1.0,0.0,0.2,0,2,ewma,0.593500,0.621767
E10,0.2,0.75,0,1.0,0.0,0.2,0,2,blend-paper,0.612250,0.702586
E10,0.2,0.75,0,1.0,0.0,0.2,0,2,saf-adaptive,0.652250,0.875000
E10,0.2,0.75,0,1.0,0.0,0.2,0,3,random,0.551500,0.463557
E10,0.2,0.75,0,1.0,0.0,0.2,0,3,round-robin,0.565250,0.517007
E10,0.2,0.75,0,1.0,0.0,0.2,0,3,oracle,0.689500,1.000000
E10,0.2,0.75,0,1.0,0.0,0.2,0,3,snr-greedy,0.627750,0.759961
E10,0.2,0.75,0,1.0,0.0,0.2,0,3,snr-greedy-loss,0.654250,0.862974
E10,0.2,0.75,0,1.0,0.0,0.2,0,3,snr-mean,0.609500,0.689018
E10,0.2,0.75,0,1.0,0.0,0.2,0,3,belief,0.657000,0.873664
E10,0.2,0.75,0,1.0,0.0,0.2,0,3,belief-pred,0.657000,0.873664
E10,0.2,0.75,0,1.0,0.0,0.2,0,3,ewma,0.578000,0.566569
E10,0.2,0.75,0,1.0,0.0,0.2,0,3,blend-paper,0.606750,0.678328
E10,0.2,0.75,0,1.0,0.0,0.2,0,3,saf-adaptive,0.656500,0.871720
E10,0.2,0.75,0,1.0,0.0,0.2,0,4,random,0.554000,0.501514
E10,0.2,0.75,0,1.0,0.0,0.2,0,4,round-robin,0.549500,0.483350
E10,0.2,0.75,0,1.0,0.0,0.2,0,4,oracle,0.677500,1.000000
E10,0.2,0.75,0,1.0,0.0,0.2,0,4,snr-greedy,0.613000,0.739657
E10,0.2,0.75,0,1.0,0.0,0.2,0,4,snr-greedy-loss,0.638000,0.840565
E10,0.2,0.75,0,1.0,0.0,0.2,0,4,snr-mean,0.597750,0.678103
E10,0.2,0.75,0,1.0,0.0,0.2,0,4,belief,0.640250,0.849647
E10,0.2,0.75,0,1.0,0.0,0.2,0,4,belief-pred,0.640250,0.849647
E10,0.2,0.75,0,1.0,0.0,0.2,0,4,ewma,0.562000,0.533804
E10,0.2,0.75,0,1.0,0.0,0.2,0,4,blend-paper,0.595750,0.670030
E10,0.2,0.75,0,1.0,0.0,0.2,0,4,saf-adaptive,0.640000,0.848638
E10,0.2,0.75,0,1.0,0.0,0.2,0,5,random,0.558000,0.486486
E10,0.2,0.75,0,1.0,0.0,0.2,0,5,round-robin,0.563000,0.506507
E10,0.2,0.75,0,1.0,0.0,0.2,0,5,oracle,0.686250,1.000000
E10,0.2,0.75,0,1.0,0.0,0.2,0,5,snr-greedy,0.627250,0.763764
E10,0.2,0.75,0,1.0,0.0,0.2,0,5,snr-greedy-loss,0.650000,0.854855
E10,0.2,0.75,0,1.0,0.0,0.2,0,5,snr-mean,0.612250,0.703704
E10,0.2,0.75,0,1.0,0.0,0.2,0,5,belief,0.649750,0.853854
E10,0.2,0.75,0,1.0,0.0,0.2,0,5,belief-pred,0.649750,0.853854
E10,0.2,0.75,0,1.0,0.0,0.2,0,5,ewma,0.585500,0.596597
E10,0.2,0.75,0,1.0,0.0,0.2,0,5,blend-paper,0.609250,0.691692
E10,0.2,0.75,0,1.0,0.0,0.2,0,5,saf-adaptive,0.650000,0.854855
E10,0.2,0.75,0,1.0,0.0,0.2,0,6,random,0.567500,0.534958
E10,0.2,0.75,0,1.0,0.0,0.2,0,6,round-robin,0.564750,0.523305
E10,0.2,0.75,0,1.0,0.0,0.2,0,6,oracle,0.677250,1.000000
E10,0.2,0.75,0,1.0,0.0,0.2,0,6,snr-greedy,0.620500,0.759534
E10,0.2,0.75,0,1.0,0.0,0.2,0,6,snr-greedy-loss,0.643000,0.854873
E10,0.2,0.75,0,1.0,0.0,0.2,0,6,snr-mean,0.604500,0.691737
E10,0.2,0.75,0,1.0,0.0,0.2,0,6,belief,0.645750,0.866525
E10,0.2,0.75,0,1.0,0.0,0.2,0,6,belief-pred,0.645750,0.866525
E10,0.2,0.75,0,1.0,0.0,0.2,0,6,ewma,0.561000,0.507415
E10,0.2,0.75,0,1.0,0.0,0.2,0,6,blend-paper,0.599000,0.668432
E10,0.2,0.75,0,1.0,0.0,0.2,0,6,saf-adaptive,0.645500,0.865466
E10,0.2,0.75,0,1.0,0.0,0.2,0,7,random,0.571500,0.502775
E10,0.2,0.75,0,1.0,0.0,0.2,0,7,round-robin,0.570500,0.498335
E10,0.2,0.75,0,1.0,0.0,0.2,0,7,oracle,0.683500,1.000000
E10,0.2,0.75,0,1.0,0.0,0.2,0,7,snr-greedy,0.623250,0.732519
E10,0.2,0.75,0,1.0,0.0,0.2,0,7,snr-greedy-loss,0.653250,0.865705
E10,0.2,0.75,0,1.0,0.0,0.2,0,7,snr-mean,0.617750,0.708102
E10,0.2,0.75,0,1.0,0.0,0.2,0,7,belief,0.654000,0.869034
E10,0.2,0.75,0,1.0,0.0,0.2,0,7,belief-pred,0.654000,0.869034
E10,0.2,0.75,0,1.0,0.0,0.2,0,7,ewma,0.583000,0.553829
E10,0.2,0.75,0,1.0,0.0,0.2,0,7,blend-paper,0.607750,0.663707
E10,0.2,0.75,0,1.0,0.0,0.2,0,7,saf-adaptive,0.654000,0.869034
E10,0.2,0.75,0,1.0,0.0,0.2,0,8,random,0.562750,0.467656
E10,0.2,0.75,0,1.0,0.0,0.2,0,8,round-robin,0.572750,0.510074
E10,0.2,0.75,0,1.0,0.0,0.2,0,8,oracle,0.688250,1.000000
E10,0.2,0.75,0,1.0,0.0,0.2,0,8,snr-greedy,0.628250,0.745493
E10,0.2,0.75,0,1.0,0.0,0.2,0,8,snr-greedy-loss,0.651750,0.845175
E10,0.2,0.75,0,1.0,0.0,0.2,0,8,snr-mean,0.610250,0.669141
E10,0.2,0.75,0,1.0,0.0,0.2,0,8,belief,0.656500,0.865323
E10,0.2,0.75,0,1.0,0.0,0.2,0,8,belief-pred,0.656500,0.865323
E10,0.2,0.75,0,1.0,0.0,0.2,0,8,ewma,0.599500,0.623542
E10,0.2,0.75,0,1.0,0.0,0.2,0,8,blend-paper,0.609500,0.665960
E10,0.2,0.75,0,1.0,0.0,0.2,0,8,saf-adaptive,0.656750,0.866384
E10,0.2,0.75,0,1.0,0.0,0.2,0,9,random,0.563000,0.519153
E10,0.2,0.75,0,1.0,0.0,0.2,0,9,round-robin,0.560250,0.508065
E10,0.2,0.75,0,1.0,0.0,0.2,0,9,oracle,0.682250,1.000000
E10,0.2,0.75,0,1.0,0.0,0.2,0,9,snr-greedy,0.627750,0.780242
E10,0.2,0.75,0,1.0,0.0,0.2,0,9,snr-greedy-loss,0.647750,0.860887
E10,0.2,0.75,0,1.0,0.0,0.2,0,9,snr-mean,0.599750,0.667339
E10,0.2,0.75,0,1.0,0.0,0.2,0,9,belief,0.650250,0.870968
E10,0.2,0.75,0,1.0,0.0,0.2,0,9,belief-pred,0.650250,0.870968
E10,0.2,0.75,0,1.0,0.0,0.2,0,9,ewma,0.563750,0.522177
E10,0.2,0.75,0,1.0,0.0,0.2,0,9,blend-paper,0.607000,0.696573
E10,0.2,0.75,0,1.0,0.0,0.2,0,9,saf-adaptive,0.650250,0.870968
E10,0.2,0.75,0,1.0,0.0,0.2,0,10,random,0.559250,0.498489
E10,0.2,0.75,0,1.0,0.0,0.2,0,10,round-robin,0.560500,0.503525
E10,0.2,0.75,0,1.0,0.0,0.2,0,10,oracle,0.683750,1.000000
E10,0.2,0.75,0,1.0,0.0,0.2,0,10,snr-greedy,0.620000,0.743202
E10,0.2,0.75,0,1.0,0.0,0.2,0,10,snr-greedy-loss,0.645000,0.843907
E10,0.2,0.75,0,1.0,0.0,0.2,0,10,snr-mean,0.615750,0.726083
E10,0.2,0.75,0,1.0,0.0,0.2,0,10,belief,0.651250,0.869084
E10,0.2,0.75,0,1.0,0.0,0.2,0,10,belief-pred,0.651250,0.869084
E10,0.2,0.75,0,1.0,0.0,0.2,0,10,ewma,0.568750,0.536757
E10,0.2,0.75,0,1.0,0.0,0.2,0,10,blend-paper,0.604500,0.680765
E10,0.2,0.75,0,1.0,0.0,0.2,0,10,saf-adaptive,0.651500,0.870091
E10,0.2,0.75,0,1.0,0.0,0.2,0,11,random,0.563500,0.500518
E10,0.2,0.75,0,1.0,0.0,0.2,0,11,round-robin,0.569000,0.523316
E10,0.2,0.75,0,1.0,0.0,0.2,0,11,oracle,0.684000,1.000000
E10,0.2,0.75,0,1.0,0.0,0.2,0,11,snr-greedy,0.626000,0.759585
E10,0.2,0.75,0,1.0,0.0,0.2,0,11,snr-greedy-loss,0.645750,0.841451
E10,0.2,0.75,0,1.0,0.0,0.2,0,11,snr-mean,0.606500,0.678756
E10,0.2,0.75,0,1.0,0.0,0.2,0,11,belief,0.652500,0.869430
E10,0.2,0.75,0,1.0,0.0,0.2,0,11,belief-pred,0.652500,0.869430
E10,0.2,0.75,0,1.0,0.0,0.2,0,11,ewma,0.572000,0.535751
E10,0.2,0.75,0,1.0,0.0,0.2,0,11,blend-paper,0.603750,0.667358
E10,0.2,0.75,0,1.0,0.0,0.2,0,11,saf-adaptive,0.652250,0.868394
E10,0.2,0.75,0,1.0,0.0,0.2,0,12,random,0.563250,0.489005
E10,0.2,0.75,0,1.0,0.0,0.2,0,12,round-robin,0.561500,0.481675
E10,0.2,0.75,0,1.0,0.0,0.2,0,12,oracle,0.685250,1.000000
E10,0.2,0.75,0,1.0,0.0,0.2,0,12,snr-greedy,0.626750,0.754974
E10,0.2,0.75,0,1.0,0.0,0.2,0,12,snr-greedy-loss,0.651500,0.858639
E10,0.2,0.75,0,1.0,0.0,0.2,0,12,snr-mean,0.615250,0.706806
E10,0.2,0.75,0,1.0,0.0,0.2,0,12,belief,0.654250,0.870157
E10,0.2,0.75,0,1.0,0.0,0.2,0,12,belief-pred,0.654250,0.870157
E10,0.2,0.75,0,1.0,0.0,0.2,0,12,ewma,0.591250,0.606283
E10,0.2,0.75,0,1.0,0.0,0.2,0,12,blend-paper,0.609000,0.680628
E10,0.2,0.75,0,1.0,0.0,0.2,0,12,saf-adaptive,0.654000,0.869110
E10,0.2,0.75,0,1.0,0.0,0.2,0,13,random,0.551750,0.482795
E10,0.2,0.75,0,1.0,0.0,0.2,0,13,round-robin,0.560250,0.518248
E10,0.2,0.75,0,1.0,0.0,0.2,0,13,oracle,0.675750,1.000000
E10,0.2,0.75,0,1.0,0.0,0.2,0,13,snr-greedy,0.613500,0.740355
E10,0.2,0.75,0,1.0,0.0,0.2,0,13,snr-greedy-loss,0.637500,0.840459
E10,0.2,0.75,0,1.0,0.0,0.2,0,13,snr-mean,0.599250,0.680918
E10,0.2,0.75,0,1.0,0.0,0.2,0,13,belief,0.641750,0.858186
E10,0.2,0.75,0,1.0,0.0,0.2,0,13,belief-pred,0.641750,0.858186
E10,0.2,0.75,0,1.0,0.0,0.2,0,13,ewma,0.588500,0.636079
E10,0.2,0.75,0,1.0,0.0,0.2,0,13,blend-paper,0.597000,0.671533
E10,0.2,0.75,0,1.0,0.0,0.2,0,13,saf-adaptive,0.642500,0.861314
E10,0.2,0.75,0,1.0,0.0,0.2,0,14,random,0.574750,0.519272
E10,0.2,0.75,0,1.0,0.0,0.2,0,14,round-robin,0.569000,0.494647
E10,0.2,0.75,0,1.0,0.0,0.2,0,14,oracle,0.687000,1.000000
E10,0.2,0.75,0,1.0,0.0,0.2,0,14,snr-greedy,0.630750,0.759101
E10,0.2,0.75,0,1.0,0.0,0.2,0,14,snr-greedy-loss,0.656500,0.869379
E10,0.2,0.75,0,1.0,0.0,0.2,0,14,snr-mean,0.616250,0.697002
E10,0.2,0.75,0,1.0,0.0,0.2,0,14,belief,0.657500,0.873662
E10,0.2,0.75,0,1.0,0.0,0.2,0,14,belief-pred,0.657500,0.873662
E10,0.2,0.75,0,1.0,0.0,0.2,0,14,ewma,0.605000,0.648822
E10,0.2,0.75,0,1.0,0.0,0.2,0,14,blend-paper,0.612000,0.678801
E10,0.2,0.75,0,1.0,0.0,0.2,0,14,saf-adaptive,0.656750,0.870450
E10,0.2,0.75,0,1.0,0.0,0.2,0,15,random,0.552250,0.476847
E10,0.2,0.75,0,1.0,0.0,0.2,0,15,round-robin,0.556750,0.494581
E10,0.2,0.75,0,1.0,0.0,0.2,0,15,oracle,0.685000,1.000000
E10,0.2,0.75,0,1.0,0.0,0.2,0,15,snr-greedy,0.620250,0.744828
E10,0.2,0.75,0,1.0,0.0,0.2,0,15,snr-greedy-loss,0.647000,0.850246
E10,0.2,0.75,0,1.0,0.0,0.2,0,15,snr-mean,0.616250,0.729064
E10,0.2,0.75,0,1.0,0.0,0.2,0,15,belief,0.647500,0.852217
E10,0.2,0.75,0,1.0,0.0,0.2,0,15,belief-pred,0.647500,0.852217
E10,0.2,0.75,0,1.0,0.0,0.2,0,15,ewma,0.592250,0.634483
E10,0.2,0.75,0,1.0,0.0,0.2,0,15,blend-paper,0.599750,0.664039
E10,0.2,0.75,0,1.0,0.0,0.2,0,15,saf-adaptive,0.647500,0.852217
E10,0.2,0.75,0,1.0,0.0,0.2,0,16,random,0.556750,0.481013
E10,0.2,0.75,0,1.0,0.0,0.2,0,16,round-robin,0.563750,0.510549
E10,0.2,0.75,0,1.0,0.0,0.2,0,16,oracle,0.679750,1.000000
E10,0.2,0.75,0,1.0,0.0,0.2,0,16,snr-greedy,0.622250,0.757384
E10,0.2,0.75,0,1.0,0.0,0.2,0,16,snr-greedy-loss,0.644250,0.850211
E10,0.2,0.75,0,1.0,0.0,0.2,0,16,snr-mean,0.599000,0.659283
E10,0.2,0.75,0,1.0,0.0,0.2,0,16,belief,0.648750,0.869198
E10,0.2,0.75,0,1.0,0.0,0.2,0,16,belief-pred,0.648750,0.869198
E10,0.2,0.75,0,1.0,0.0,0.2,0,16,ewma,0.572750,0.548523
E10,0.2,0.75,0,1.0,0.0,0.2,0,16,blend-paper,0.603750,0.679325
E10,0.2,0.75,0,1.0,0.0,0.2,0,16,saf-adaptive,0.648250,0.867089
E10,0.2,0.75,0,1.0,0.0,0.2,0,17,random,0.571500,0.516878
E10,0.2,0.75,0,1.0,0.0,0.2,0,17,round-robin,0.568500,0.504219
E10,0.2,0.75,0,1.0,0.0,0.2,0,17,oracle,0.686000,1.000000
E10,0.2,0.75,0,1.0,0.0,0.2,0,17,snr-greedy,0.630750,0.766878
E10,0.2,0.75,0,1.0,0.0,0.2,0,17,snr-greedy-loss,0.651250,0.853376
E10,0.2,0.75,0,1.0,0.0,0.2,0,17,snr-mean,0.615750,0.703586
E10,0.2,0.75,0,1.0,0.0,0.2,0,17,belief,0.656000,0.873418
E10,0.2,0.75,0,1.0,0.0,0.2,0,17,belief-pred,0.656000,0.873418
E10,0.2,0.75,0,1.0,0.0,0.2,0,17,ewma,0.593750,0.610759
E10,0.2,0.75,0,1.0,0.0,0.2,0,17,blend-paper,0.609250,0.676160
E10,0.2,0.75,0,1.0,0.0,0.2,0,17,saf-adaptive,0.655750,0.872363
E10,0.2,0.75,0,1.0,0.0,0.2,0,18,random,0.542250,0.455587
E10,0.2,0.75,0,1.0,0.0,0.2,0,18,round-robin,0.552750,0.495702
E10,0.2,0.75,0,1.0,0.0,0.2,0,18,oracle,0.684750,1.000000
E10,0.2,0.75,0,1.0,0.0,0.2,0,18,snr-greedy,0.625500,0.773639
E10,0.2,0.75,0,1.0,0.0,0.2,0,18,snr-greedy-loss,0.646250,0.852913
E10,0.2,0.75,0,1.0,0.0,0.2,0,18,snr-mean,0.611500,0.720153
E10,0.2,0.75,0,1.0,0.0,0.2,0,18,belief,0.654250,0.883477
E10,0.2,0.75,0,1.0,0.0,0.2,0,18,belief-pred,0.654250,0.883477
E10,0.2,0.75,0,1.0,0.0,0.2,0,18,ewma,0.572500,0.571156
E10,0.2,0.75,0,1.0,0.0,0.2,0,18,blend-paper,0.606750,0.702006
E10,0.2,0.75,0,1.0,0.0,0.2,0,18,saf-adaptive,0.654250,0.883477
E10,0.2,0.75,0,1.0,0.0,0.2,0,19,random,0.564750,0.509072
E10,0.2,0.75,0,1.0,0.0,0.2,0,19,round-robin,0.557750,0.479189
E10,0.2,0.75,0,1.0,0.0,0.2,0,19,oracle,0.679750,1.000000
E10,0.2,0.75,0,1.0,0.0,0.2,0,19,snr-greedy,0.624000,0.762006
E10,0.2,0.75,0,1.0,0.0,0.2,0,19,snr-greedy-loss,0.648250,0.865528
E10,0.2,0.75,0,1.0,0.0,0.2,0,19,snr-mean,0.607500,0.691569
E10,0.2,0.75,0,1.0,0.0,0.2,0,19,belief,0.648500,0.866596
E10,0.2,0.75,0,1.0,0.0,0.2,0,19,belief-pred,0.648500,0.866596
E10,0.2,0.75,0,1.0,0.0,0.2,0,19,ewma,0.581500,0.580576
E10,0.2,0.75,0,1.0,0.0,0.2,0,19,blend-paper,0.604000,0.676628
E10,0.2,0.75,0,1.0,0.0,0.2,0,19,saf-adaptive,0.648250,0.865528
E10,0.2,0.75,0,1.0,0.0,0.2,0,20,random,0.562250,0.500000
E10,0.2,0.75,0,1.0,0.0,0.2,0,20,round-robin,0.562750,0.502053
E10,0.2,0.75,0,1.0,0.0,0.2,0,20,oracle,0.684000,1.000000
E10,0.2,0.75,0,1.0,0.0,0.2,0,20,snr-greedy,0.625500,0.759754
E10,0.2,0.75,0,1.0,0.0,0.2,0,20,snr-greedy-loss,0.648750,0.855236
E10,0.2,0.75,0,1.0,0.0,0.2,0,20,snr-mean,0.604500,0.673511
E10,0.2,0.75,0,1.0,0.0,0.2,0,20,belief,0.651500,0.866530
E10,0.2,0.75,0,1.0,0.0,0.2,0,20,belief-pred,0.651500,0.866530
E10,0.2,0.75,0,1.0,0.0,0.2,0,20,ewma,0.584000,0.589322
E10,0.2,0.75,0,1.0,0.0,0.2,0,20,blend-paper,0.612250,0.705339
E10,0.2,0.75,0,1.0,0.0,0.2,0,20,saf-adaptive,0.651250,0.865503
E10,0.2,0.75,0,1.0,0.0,0.2,0,21,random,0.561500,0.506455
E10,0.2,0.75,0,1.0,0.0,0.2,0,21,round-robin,0.560750,0.503476
E10,0.2,0.75,0,1.0,0.0,0.2,0,21,oracle,0.685750,1.000000
E10,0.2,0.75,0,1.0,0.0,0.2,0,21,snr-greedy,0.624000,0.754717
E10,0.2,0.75,0,1.0,0.0,0.2,0,21,snr-greedy-loss,0.650750,0.860973
E10,0.2,0.75,0,1.0,0.0,0.2,0,21,snr-mean,0.595250,0.640516
E10,0.2,0.75,0,1.0,0.0,0.2,0,21,belief,0.656500,0.883813
E10,0.2,0.75,0,1.0,0.0,0.2,0,21,belief-pred,0.656500,0.883813
E10,0.2,0.75,0,1.0,0.0,0.2,0,21,ewma,0.570750,0.543198
E10,0.2,0.75,0,1.0,0.0,0.2,0,21,blend-paper,0.598750,0.654419
E10,0.2,0.75,0,1.0,0.0,0.2,0,21,saf-adaptive,0.656750,0.884806
E10,0.2,0.75,0,1.0,0.0,0.2,0,22,random,0.562750,0.478919
E10,0.2,0.75,0,1.0,0.0,0.2,0,22,round-robin,0.565250,0.489730
E10,0.2,0.75,0,1.0,0.0,0.2,0,22,oracle,0.683250,1.000000
E10,0.2,0.75,0,1.0,0.0,0.2,0,22,snr-greedy,0.631500,0.776216
E10,0.2,0.75,0,1.0,0.0,0.2,0,22,snr-greedy-loss,0.647750,0.846486
E10,0.2,0.75,0,1.0,0.0,0.2,0,22,snr-mean,0.605500,0.663784
E10,0.2,0.75,0,1.0,0.0,0.2,0,22,belief,0.655250,0.878919
E10,0.2,0.75,0,1.0,0.0,0.2,0,22,belief-pred,0.655250,0.878919
E10,0.2,0.75,0,1.0,0.0,0.2,0,22,ewma,0.586500,0.581622
E10,0.2,0.75,0,1.0,0.0,0.2,0,22,blend-paper,0.602250,0.649730
E10,0.2,0.75,0,1.0,0.0,0.2,0,22,saf-adaptive,0.654750,0.876757
E10,0.2,0.75,0,1.0,0.0,0.2,0,23,random,0.564500,0.517745
E10,0.2,0.75,0,1.0,0.0,0.2,0,23,round-robin,0.558500,0.492693
E10,0.2,0.75,0,1.0,0.0,0.2,0,23,oracle,0.680000,1.000000
E10,0.2,0.75,0,1.0,0.0,0.2,0,23,snr-greedy,0.621000,0.753653
E10,0.2,0.75,0,1.0,0.0,0.2,0,23,snr-greedy-loss,0.642750,0.844468
E10,0.2,0.75,0,1.0,0.0,0.2,0,23,snr-mean,0.604250,0.683716
E10,0.2,0.75,0,1.0,0.0,0.2,0,23,belief,0.648000,0.866388
E10,0.2,0.75,0,1.0,0.0,0.2,0,23,belief-pred,0.648000,0.866388
E10,0.2,0.75,0,1.0,0.0,0.2,0,23,ewma,0.581250,0.587683
E10,0.2,0.75,0,1.0,0.0,0.2,0,23,blend-paper,0.608000,0.699374
E10,0.2,0.75,0,1.0,0.0,0.2,0,23,saf-adaptive,0.647750,0.865344
E10,0.2,0.75,0,1.0,0.0,0.2,0,24,random,0.556750,0.481038
E10,0.2,0.75,0,1.0,0.0,0.2,0,24,round-robin,0.558250,0.487026
E10,0.2,0.75,0,1.0,0.0,0.2,0,24,oracle,0.686750,1.000000
E10,0.2,0.75,0,1.0,0.0,0.2,0,24,snr-greedy,0.627250,0.762475
E10,0.2,0.75,0,1.0,0.0,0.2,0,24,snr-greedy-loss,0.653000,0.865269
E10,0.2,0.75,0,1.0,0.0,0.2,0,24,snr-mean,0.610500,0.695609
E10,0.2,0.75,0,1.0,0.0,0.2,0,24,belief,0.655750,0.876248
E10,0.2,0.75,0,1.0,0.0,0.2,0,24,belief-pred,0.655750,0.876248
E10,0.2,0.75,0,1.0,0.0,0.2,0,24,ewma,0.592750,0.624750
E10,0.2,0.75,0,1.0,0.0,0.2,0,24,blend-paper,0.604000,0.669661
E10,0.2,0.75,0,1.0,0.0,0.2,0,24,saf-adaptive,0.655250,0.874251
E10,0.2,0.75,0,1.0,0.0,0.2,0,25,random,0.562750,0.498927
E10,0.2,0.75,0,1.0,0.0,0.2,0,25,round-robin,0.562000,0.495708
E10,0.2,0.75,0,1.0,0.0,0.2,0,25,oracle,0.679500,1.000000
E10,0.2,0.75,0,1.0,0.0,0.2,0,25,snr-greedy,0.619250,0.741416
E10,0.2,0.75,0,1.0,0.0,0.2,0,25,snr-greedy-loss,0.643750,0.846567
E10,0.2,0.75,0,1.0,0.0,0.2,0,25,snr-mean,0.603750,0.674893
E10,0.2,0.75,0,1.0,0.0,0.2,0,25,belief,0.650500,0.875536
E10,0.2,0.75,0,1.0,0.0,0.2,0,25,belief-pred,0.650500,0.875536
E10,0.2,0.75,0,1.0,0.0,0.2,0,25,ewma,0.577250,0.561159
E10,0.2,0.75,0,1.0,0.0,0.2,0,25,blend-paper,0.601000,0.663090
E10,0.2,0.75,0,1.0,0.0,0.2,0,25,saf-adaptive,0.650750,0.876609
E10,0.2,0.75,0,1.0,0.0,0.2,0,26,random,0.570750,0.503036
E10,0.2,0.75,0,1.0,0.0,0.2,0,26,round-robin,0.574500,0.518219
E10,0.2,0.75,0,1.0,0.0,0.2,0,26,oracle,0.693500,1.000000
E10,0.2,0.75,0,1.0,0.0,0.2,0,26,snr-greedy,0.633250,0.756073
E10,0.2,0.75,0,1.0,0.0,0.2,0,26,snr-greedy-loss,0.659500,0.862348
E10,0.2,0.75,0,1.0,0.0,0.2,0,26,snr-mean,0.618000,0.694332
E10,0.2,0.75,0,1.0,0.0,0.2,0,26,belief,0.663000,0.876518
E10,0.2,0.75,0,1.0,0.0,0.2,0,26,belief-pred,0.663000,0.876518
E10,0.2,0.75,0,1.0,0.0,0.2,0,26,ewma,0.589500,0.578947
E10,0.2,0.75,0,1.0,0.0,0.2,0,26,blend-paper,0.607750,0.652834
E10,0.2,0.75,0,1.0,0.0,0.2,0,26,saf-adaptive,0.663000,0.876518
E10,0.2,0.75,0,1.0,0.0,0.2,0,27,random,0.564250,0.506931
E10,0.2,0.75,0,1.0,0.0,0.2,0,27,round-robin,0.563250,0.502970
E10,0.2,0.75,0,1.0,0.0,0.2,0,27,oracle,0.688750,1.000000
E10,0.2,0.75,0,1.0,0.0,0.2,0,27,snr-greedy,0.619250,0.724752
E10,0.2,0.75,0,1.0,0.0,0.2,0,27,snr-greedy-loss,0.651250,0.851485
E10,0.2,0.75,0,1.0,0.0,0.2,0,27,snr-mean,0.606500,0.674257
E10,0.2,0.75,0,1.0,0.0,0.2,0,27,belief,0.656000,0.870297
E10,0.2,0.75,0,1.0,0.0,0.2,0,27,belief-pred,0.656000,0.870297
E10,0.2,0.75,0,1.0,0.0,0.2,0,27,ewma,0.584000,0.585149
E10,0.2,0.75,0,1.0,0.0,0.2,0,27,blend-paper,0.618000,0.719802
E10,0.2,0.75,0,1.0,0.0,0.2,0,27,saf-adaptive,0.656250,0.871287
E10,0.2,0.75,0,1.0,0.0,0.2,0,28,random,0.566500,0.508863
E10,0.2,0.75,0,1.0,0.0,0.2,0,28,round-robin,0.563250,0.495308
E10,0.2,0.75,0,1.0,0.0,0.2,0,28,oracle,0.684250,1.000000
E10,0.2,0.75,0,1.0,0.0,0.2,0,28,snr-greedy,0.621500,0.738269
E10,0.2,0.75,0,1.0,0.0,0.2,0,28,snr-greedy-loss,0.648250,0.849844
E10,0.2,0.75,0,1.0,0.0,0.2,0,28,snr-mean,0.605500,0.671533
E10,0.2,0.75,0,1.0,0.0,0.2,0,28,belief,0.649000,0.852972
E10,0.2,0.75,0,1.0,0.0,0.2,0,28,belief-pred,0.649000,0.852972
E10,0.2,0.75,0,1.0,0.0,0.2,0,28,ewma,0.576750,0.551616
E10,0.2,0.75,0,1.0,0.0,0.2,0,28,blend-paper,0.603000,0.661105
E10,0.2,0.75,0,1.0,0.0,0.2,0,28,saf-adaptive,0.649500,0.855057
E10,0.2,0.75,0,1.0,0.0,0.2,0,29,random,0.555000,0.459898
E10,0.2,0.75,0,1.0,0.0,0.2,0,29,round-robin,0.559750,0.479188
E10,0.2,0.75,0,1.0,0.0,0.2,0,29,oracle,0.688000,1.000000
E10,0.2,0.75,0,1.0,0.0,0.2,0,29,snr-greedy,0.624500,0.742132
E10,0.2,0.75,0,1.0,0.0,0.2,0,29,snr-greedy-loss,0.649000,0.841624
E10,0.2,0.75,0,1.0,0.0,0.2,0,29,snr-mean,0.608750,0.678173
E10,0.2,0.75,0,1.0,0.0,0.2,0,29,belief,0.651250,0.850761
E10,0.2,0.75,0,1.0,0.0,0.2,0,29,belief-pred,0.651250,0.850761
E10,0.2,0.75,0,1.0,0.0,0.2,0,29,ewma,0.591250,0.607107
E10,0.2,0.75,0,1.0,0.0,0.2,0,29,blend-paper,0.614500,0.701523
E10,0.2,0.75,0,1.0,0.0,0.2,0,29,saf-adaptive,0.651750,0.852792
E10,0.2,0.75,0,1.0,0.0,0.2,0,30,random,0.557000,0.502004
E10,0.2,0.75,0,1.0,0.0,0.2,0,30,round-robin,0.560000,0.514028
E10,0.2,0.75,0,1.0,0.0,0.2,0,30,oracle,0.681250,1.000000
E10,0.2,0.75,0,1.0,0.0,0.2,0,30,snr-greedy,0.623250,0.767535
E10,0.2,0.75,0,1.0,0.0,0.2,0,30,snr-greedy-loss,0.643000,0.846693
E10,0.2,0.75,0,1.0,0.0,0.2,0,30,snr-mean,0.602000,0.682365
E10,0.2,0.75,0,1.0,0.0,0.2,0,30,belief,0.647000,0.862725
E10,0.2,0.75,0,1.0,0.0,0.2,0,30,belief-pred,0.647000,0.862725
E10,0.2,0.75,0,1.0,0.0,0.2,0,30,ewma,0.570500,0.556112
E10,0.2,0.75,0,1.0,0.0,0.2,0,30,blend-paper,0.593250,0.647295
E10,0.2,0.75,0,1.0,0.0,0.2,0,30,saf-adaptive,0.647000,0.862725
E10,0.2,0.75,0,1.0,0.0,0.2,0,31,random,0.558750,0.494516
E10,0.2,0.75,0,1.0,0.0,0.2,0,31,round-robin,0.560000,0.499501
E10,0.2,0.75,0,1.0,0.0,0.2,0,31,oracle,0.685500,1.000000
E10,0.2,0.75,0,1.0,0.0,0.2,0,31,snr-greedy,0.624750,0.757727
E10,0.2,0.75,0,1.0,0.0,0.2,0,31,snr-greedy-loss,0.647750,0.849452
E10,0.2,0.75,0,1.0,0.0,0.2,0,31,snr-mean,0.615000,0.718843
E10,0.2,0.75,0,1.0,0.0,0.2,0,31,belief,0.652250,0.867398
E10,0.2,0.75,0,1.0,0.0,0.2,0,31,belief-pred,0.652250,0.867398
E10,0.2,0.75,0,1.0,0.0,0.2,0,31,ewma,0.595500,0.641077
E10,0.2,0.75,0,1.0,0.0,0.2,0,31,blend-paper,0.601500,0.665005
E10,0.2,0.75,0,1.0,0.0,0.2,0,31,saf-adaptive,0.652250,0.867398
E10,0.2,0.75,0,1.0,0.0,0.2,0,32,random,0.557500,0.477152
E10,0.2,0.75,0,1.0,0.0,0.2,0,32,round-robin,0.562000,0.496281
E10,0.2,0.75,0,1.0,0.0,0.2,0,32,oracle,0.680500,1.000000
E10,0.2,0.75,0,1.0,0.0,0.2,0,32,snr-greedy,0.626500,0.770457
E10,0.2,0.75,0,1.0,0.0,0.2,0,32,snr-greedy-loss,0.649000,0.866100
E10,0.2,0.75,0,1.0,0.0,0.2,0,32,snr-mean,0.612750,0.712009
E10,0.2,0.75,0,1.0,0.0,0.2,0,32,belief,0.651750,0.877790
E10,0.2,0.75,0,1.0,0.0,0.2,0,32,belief-pred,0.651750,0.877790
E10,0.2,0.75,0,1.0,0.0,0.2,0,32,ewma,0.586750,0.601488
E10,0.2,0.75,0,1.0,0.0,0.2,0,32,blend-paper,0.602500,0.668438
E10,0.2,0.75,0,1.0,0.0,0.2,0,32,saf-adaptive,0.651750,0.877790
E10,0.2,0.75,0,1.0,0.0,0.2,0,33,random,0.571500,0.520243
E10,0.2,0.75,0,1.0,0.0,0.2,0,33,round-robin,0.561250,0.478745
E10,0.2,0.75,0,1.0,0.0,0.2,0,33,oracle,0.690000,1.000000
E10,0.2,0.75,0,1.0,0.0,0.2,0,33,snr-greedy,0.624000,0.732794
E10,0.2,0.75,0,1.0,0.0,0.2,0,33,snr-greedy-loss,0.653000,0.850202
E10,0.2,0.75,0,1.0,0.0,0.2,0,33,snr-mean,0.610250,0.677126
E10,0.2,0.75,0,1.0,0.0,0.2,0,33,belief,0.659250,0.875506
E10,0.2,0.75,0,1.0,0.0,0.2,0,33,belief-pred,0.659250,0.875506
E10,0.2,0.75,0,1.0,0.0,0.2,0,33,ewma,0.588250,0.588057
E10,0.2,0.75,0,1.0,0.0,0.2,0,33,blend-paper,0.609750,0.675101
E10,0.2,0.75,0,1.0,0.0,0.2,0,33,saf-adaptive,0.658500,0.872470
E10,0.2,0.75,0,1.0,0.0,0.2,0,34,random,0.566000,0.530675
E10,0.2,0.75,0,1.0,0.0,0.2,0,34,round-robin,0.556500,0.491820
E10,0.2,0.75,0,1.0,0.0,0.2,0,34,oracle,0.680750,1.000000
E10,0.2,0.75,0,1.0,0.0,0.2,0,34,snr-greedy,0.620250,0.752556
E10,0.2,0.75,0,1.0,0.0,0.2,0,34,snr-greedy-loss,0.641750,0.840491
E10,0.2,0.75,0,1.0,0.0,0.2,0,34,snr-mean,0.593250,0.642127
E10,0.2,0.75,0,1.0,0.0,0.2,0,34,belief,0.647250,0.862986
E10,0.2,0.75,0,1.0,0.0,0.2,0,34,belief-pred,0.647250,0.862986
E10,0.2,0.75,0,1.0,0.0,0.2,0,34,ewma,0.577750,0.578732
E10,0.2,0.75,0,1.0,0.0,0.2,0,34,blend-paper,0.598250,0.662577
E10,0.2,0.75,0,1.0,0.0,0.2,0,34,saf-adaptive,0.647750,0.865031
E10,0.2,0.75,0,1.0,0.0,0.2,0,35,random,0.568000,0.495337
E10,0.2,0.75,0,1.0,0.0,0.2,0,35,round-robin,0.574250,0.521244
E10,0.2,0.75,0,1.0,0.0,0.2,0,35,oracle,0.689750,1.000000
E10,0.2,0.75,0,1.0,0.0,0.2,0,35,snr-greedy,0.632750,0.763731
E10,0.2,0.75,0,1.0,0.0,0.2,0,35,snr-greedy-loss,0.653500,0.849741
E10,0.2,0.75,0,1.0,0.0,0.2,0,35,snr-mean,0.616250,0.695337
E10,0.2,0.75,0,1.0,0.0,0.2,0,35,belief,0.663000,0.889119
E10,0.2,0.75,0,1.0,0.0,0.2,0,35,belief-pred,0.663000,0.889119
E10,0.2,0.75,0,1.0,0.0,0.2,0,35,ewma,0.603500,0.642487
E10,0.2,0.75,0,1.0,0.0,0.2,0,35,blend-paper,0.618500,0.704663
E10,0.2,0.75,0,1.0,0.0,0.2,0,35,saf-adaptive,0.662500,0.887047
E10,0.2,0.75,0,1.0,0.0,0.2,0,36,random,0.569750,0.507071
E10,0.2,0.75,0,1.0,0.0,0.2,0,36,round-robin,0.573500,0.522222
E10,0.2,0.75,0,1.0,0.0,0.2,0,36,oracle,0.691750,1.000000
E10,0.2,0.75,0,1.0,0.0,0.2,0,36,snr-greedy,0.624500,0.728283
E10,0.2,0.75,0,1.0,0.0,0.2,0,36,snr-greedy-loss,0.651000,0.835354
E10,0.2,0.75,0,1.0,0.0,0.2,0,36,snr-mean,0.606750,0.656566
E10,0.2,0.75,0,1.0,0.0,0.2,0,36,belief,0.656000,0.855556
E10,0.2,0.75,0,1.0,0.0,0.2,0,36,belief-pred,0.656000,0.855556
E10,0.2,0.75,0,1.0,0.0,0.2,0,36,ewma,0.596250,0.614141
E10,0.2,0.75,0,1.0,0.0,0.2,0,36,blend-paper,0.623000,0.722222
E10,0.2,0.75,0,1.0,0.0,0.2,0,36,saf-adaptive,0.656000,0.855556
E10,0.2,0.75,0,1.0,0.0,0.2,0,37,random,0.569500,0.517378
E10,0.2,0.75,0,1.0,0.0,0.2,0,37,round-robin,0.565000,0.499503
E10,0.2,0.75,0,1.0,0.0,0.2,0,37,oracle,0.691000,1.000000
E10,0.2,0.75,0,1.0,0.0,0.2,0,37,snr-greedy,0.630000,0.757696
E10,0.2,0.75,0,1.0,0.0,0.2,0,37,snr-greedy-loss,0.653250,0.850050
E10,0.2,0.75,0,1.0,0.0,0.2,0,37,snr-mean,0.623250,0.730884
E10,0.2,0.75,0,1.0,0.0,0.2,0,37,belief,0.662250,0.885799
E10,0.2,0.75,0,1.0,0.0,0.2,0,37,belief-pred,0.662250,0.885799
E10,0.2,0.75,0,1.0,0.0,0.2,0,37,ewma,0.585250,0.579940
E10,0.2,0.75,0,1.0,0.0,0.2,0,37,blend-paper,0.612000,0.686197
E10,0.2,0.75,0,1.0,0.0,0.2,0,37,saf-adaptive,0.662500,0.886792
E10,0.2,0.75,0,1.0,0.0,0.2,0,38,random,0.571000,0.508097
E10,0.2,0.75,0,1.0,0.0,0.2,0,38,round-robin,0.570000,0.504049
E10,0.2,0.75,0,1.0,0.0,0.2,0,38,oracle,0.692500,1.000000
E10,0.2,0.75,0,1.0,0.0,0.2,0,38,snr-greedy,0.629000,0.742915
E10,0.2,0.75,0,1.0,0.0,0.2,0,38,snr-greedy-loss,0.654000,0.844130
E10,0.2,0.75,0,1.0,0.0,0.2,0,38,snr-mean,0.615250,0.687247
E10,0.2,0.75,0,1.0,0.0,0.2,0,38,belief,0.659750,0.867409
E10,0.2,0.75,0,1.0,0.0,0.2,0,38,belief-pred,0.659750,0.867409
E10,0.2,0.75,0,1.0,0.0,0.2,0,38,ewma,0.583750,0.559717
E10,0.2,0.75,0,1.0,0.0,0.2,0,38,blend-paper,0.614250,0.683198
E10,0.2,0.75,0,1.0,0.0,0.2,0,38,saf-adaptive,0.659750,0.867409
E10,0.2,0.75,0,1.0,0.0,0.2,0,39,random,0.559000,0.492582
E10,0.2,0.75,0,1.0,0.0,0.2,0,39,round-robin,0.561250,0.501484
E10,0.2,0.75,0,1.0,0.0,0.2,0,39,oracle,0.687250,1.000000
E10,0.2,0.75,0,1.0,0.0,0.2,0,39,snr-greedy,0.620000,0.733927
E10,0.2,0.75,0,1.0,0.0,0.2,0,39,snr-greedy-loss,0.642750,0.823937
E10,0.2,0.75,0,1.0,0.0,0.2,0,39,snr-mean,0.610750,0.697329
E10,0.2,0.75,0,1.0,0.0,0.2,0,39,belief,0.649500,0.850643
E10,0.2,0.75,0,1.0,0.0,0.2,0,39,belief-pred,0.649500,0.850643
E10,0.2,0.75,0,1.0,0.0,0.2,0,39,ewma,0.583500,0.589515
E10,0.2,0.75,0,1.0,0.0,0.2,0,39,blend-paper,0.605750,0.677547
E10,0.2,0.75,0,1.0,0.0,0.2,0,39,saf-adaptive,0.650250,0.853610
E10,0.2,0.75,0,1.0,0.0,0.2,0,40,random,0.563250,0.539715
E10,0.2,0.75,0,1.0,0.0,0.2,0,40,round-robin,0.549000,0.481670
E10,0.2,0.75,0,1.0,0.0,0.2,0,40,oracle,0.676250,1.000000
E10,0.2,0.75,0,1.0,0.0,0.2,0,40,snr-greedy,0.619250,0.767821
E10,0.2,0.75,0,1.0,0.0,0.2,0,40,snr-greedy-loss,0.642000,0.860489
E10,0.2,0.75,0,1.0,0.0,0.2,0,40,snr-mean,0.591000,0.652749
E10,0.2,0.75,0,1.0,0.0,0.2,0,40,belief,0.643250,0.865580
E10,0.2,0.75,0,1.0,0.0,0.2,0,40,belief-pred,0.643250,0.865580
E10,0.2,0.75,0,1.0,0.0,0.2,0,40,ewma,0.567750,0.558045
E10,0.2,0.75,0,1.0,0.0,0.2,0,40,blend-paper,0.592250,0.657841
E10,0.2,0.75,0,1.0,0.0,0.2,0,40,saf-adaptive,0.643500,0.866599
E10,0.2,0.75,0,1.0,0.0,0.2,0,41,random,0.553000,0.477362
E10,0.2,0.75,0,1.0,0.0,0.2,0,41,round-robin,0.557500,0.495079
E10,0.2,0.75,0,1.0,0.0,0.2,0,41,oracle,0.685750,1.000000
E10,0.2,0.75,0,1.0,0.0,0.2,0,41,snr-greedy,0.625250,0.761811
E10,0.2,0.75,0,1.0,0.0,0.2,0,41,snr-greedy-loss,0.650500,0.861220
E10,0.2,0.75,0,1.0,0.0,0.2,0,41,snr-mean,0.590750,0.625984
E10,0.2,0.75,0,1.0,0.0,0.2,0,41,belief,0.652250,0.868110
E10,0.2,0.75,0,1.0,0.0,0.2,0,41,belief-pred,0.652250,0.868110
E10,0.2,0.75,0,1.0,0.0,0.2,0,41,ewma,0.580250,0.584646
E10,0.2,0.75,0,1.0,0.0,0.2,0,41,blend-paper,0.608750,0.696850
E10,0.2,0.75,0,1.0,0.0,0.2,0,41,saf-adaptive,0.652000,0.867126
E10,0.2,0.75,0,1.0,0.0,0.2,0,42,random,0.558500,0.519427
E10,0.2,0.75,0,1.0,0.0,0.2,0,42,round-robin,0.552250,0.493865
E10,0.2,0.75,0,1.0,0.0,0.2,0,42,oracle,0.676000,1.000000
E10,0.2,0.75,0,1.0,0.0,0.2,0,42,snr-greedy,0.615250,0.751534
E10,0.2,0.75,0,1.0,0.0,0.2,0,42,snr-greedy-loss,0.642000,0.860941
E10,0.2,0.75,0,1.0,0.0,0.2,0,42,snr-mean,0.595750,0.671779
E10,0.2,0.75,0,1.0,0.0,0.2,0,42,belief,0.646500,0.879346
E10,0.2,0.75,0,1.0,0.0,0.2,0,42,belief-pred,0.646500,0.879346
E10,0.2,0.75,0,1.0,0.0,0.2,0,42,ewma,0.588250,0.641104
E10,0.2,0.75,0,1.0,0.0,0.2,0,42,blend-paper,0.606500,0.715746
E10,0.2,0.75,0,1.0,0.0,0.2,0,42,saf-adaptive,0.647250,0.882413
E10,0.2,0.75,0,1.0,0.0,0.2,0,43,random,0.562750,0.516667
E10,0.2,0.75,0,1.0,0.0,0.2,0,43,round-robin,0.562750,0.516667
E10,0.2,0.75,0,1.0,0.0,0.2,0,43,oracle,0.686000,1.000000
E10,0.2,0.75,0,1.0,0.0,0.2,0,43,snr-greedy,0.616000,0.725490
E10,0.2,0.75,0,1.0,0.0,0.2,0,43,snr-greedy-loss,0.644000,0.835294
E10,0.2,0.75,0,1.0,0.0,0.2,0,43,snr-mean,0.601500,0.668627
E10,0.2,0.75,0,1.0,0.0,0.2,0,43,belief,0.649500,0.856863
E10,0.2,0.75,0,1.0,0.0,0.2,0,43,belief-pred,0.649500,0.856863
E10,0.2,0.75,0,1.0,0.0,0.2,0,43,ewma,0.579000,0.580392
E10,0.2,0.75,0,1.0,0.0,0.2,0,43,blend-paper,0.611250,0.706863
E10,0.2,0.75,0,1.0,0.0,0.2,0,43,saf-adaptive,0.649250,0.855882
E10,0.2,0.75,0,1.0,0.0,0.2,0,44,random,0.561250,0.490605
E10,0.2,0.75,0,1.0,0.0,0.2,0,44,round-robin,0.567250,0.515658
E10,0.2,0.75,0,1.0,0.0,0.2,0,44,oracle,0.683250,1.000000
E10,0.2,0.75,0,1.0,0.0,0.2,0,44,snr-greedy,0.625750,0.759916
E10,0.2,0.75,0,1.0,0.0,0.2,0,44,snr-greedy-loss,0.647500,0.850731
E10,0.2,0.75,0,1.0,0.0,0.2,0,44,snr-mean,0.605500,0.675365
E10,0.2,0.75,0,1.0,0.0,0.2,0,44,belief,0.650000,0.861169
E10,0.2,0.75,0,1.0,0.0,0.2,0,44,belief-pred,0.650000,0.861169
E10,0.2,0.75,0,1.0,0.0,0.2,0,44,ewma,0.573750,0.542797
E10,0.2,0.75,0,1.0,0.0,0.2,0,44,blend-paper,0.612750,0.705637
E10,0.2,0.75,0,1.0,0.0,0.2,0,44,saf-adaptive,0.650500,0.863257
E10,0.2,0.75,0,1.0,0.0,0.2,0,45,random,0.555250,0.501042
E10,0.2,0.75,0,1.0,0.0,0.2,0,45,round-robin,0.552000,0.487500
E10,0.2,0.75,0,1.0,0.0,0.2,0,45,oracle,0.675000,1.000000
E10,0.2,0.75,0,1.0,0.0,0.2,0,45,snr-greedy,0.610500,0.731250
E10,0.2,0.75,0,1.0,0.0,0.2,0,45,snr-greedy-loss,0.637750,0.844792
E10,0.2,0.75,0,1.0,0.0,0.2,0,45,snr-mean,0.599500,0.685417
E10,0.2,0.75,0,1.0,0.0,0.2,0,45,belief,0.640500,0.856250
E10,0.2,0.75,0,1.0,0.0,0.2,0,45,belief-pred,0.640500,0.856250
E10,0.2,0.75,0,1.0,0.0,0.2,0,45,ewma,0.567500,0.552083
E10,0.2,0.75,0,1.0,0.0,0.2,0,45,blend-paper,0.595000,0.666667
E10,0.2,0.75,0,1.0,0.0,0.2,0,45,saf-adaptive,0.639750,0.853125
E10,0.2,0.75,0,1.0,0.0,0.2,0,46,random,0.557250,0.509845
E10,0.2,0.75,0,1.0,0.0,0.2,0,46,round-robin,0.557750,0.511917
E10,0.2,0.75,0,1.0,0.0,0.2,0,46,oracle,0.675500,1.000000
E10,0.2,0.75,0,1.0,0.0,0.2,0,46,snr-greedy,0.623500,0.784456
E10,0.2,0.75,0,1.0,0.0,0.2,0,46,snr-greedy-loss,0.643750,0.868394
E10,0.2,0.75,0,1.0,0.0,0.2,0,46,snr-mean,0.594500,0.664249
E10,0.2,0.75,0,1.0,0.0,0.2,0,46,belief,0.646500,0.879793
E10,0.2,0.75,0,1.0,0.0,0.2,0,46,belief-pred,0.646500,0.879793
E10,0.2,0.75,0,1.0,0.0,0.2,0,46,ewma,0.572000,0.570984
E10,0.2,0.75,0,1.0,0.0,0.2,0,46,blend-paper,0.603750,0.702591
E10,0.2,0.75,0,1.0,0.0,0.2,0,46,saf-adaptive,0.646500,0.879793
E10,0.2,0.75,0,1.0,0.0,0.2,0,47,random,0.562750,0.501992
E10,0.2,0.75,0,1.0,0.0,0.2,0,47,round-robin,0.559250,0.488048
E10,0.2,0.75,0,1.0,0.0,0.2,0,47,oracle,0.687750,1.000000
E10,0.2,0.75,0,1.0,0.0,0.2,0,47,snr-greedy,0.632250,0.778884
E10,0.2,0.75,0,1.0,0.0,0.2,0,47,snr-greedy-loss,0.651250,0.854582
E10,0.2,0.75,0,1.0,0.0,0.2,0,47,snr-mean,0.614250,0.707171
E10,0.2,0.75,0,1.0,0.0,0.2,0,47,belief,0.657000,0.877490
E10,0.2,0.75,0,1.0,0.0,0.2,0,47,belief-pred,0.657000,0.877490
E10,0.2,0.75,0,1.0,0.0,0.2,0,47,ewma,0.574750,0.549801
E10,0.2,0.75,0,1.0,0.0,0.2,0,47,blend-paper,0.600000,0.650398
E10,0.2,0.75,0,1.0,0.0,0.2,0,47,saf-adaptive,0.655750,0.872510
E10,0.2,0.75,0,1.0,0.0,0.2,0,48,random,0.559750,0.498462
E10,0.2,0.75,0,1.0,0.0,0.2,0,48,round-robin,0.555250,0.480000
E10,0.2,0.75,0,1.0,0.0,0.2,0,48,oracle,0.682000,1.000000
E10,0.2,0.75,0,1.0,0.0,0.2,0,48,snr-greedy,0.617250,0.734359
E10,0.2,0.75,0,1.0,0.0,0.2,0,48,snr-greedy-loss,0.646500,0.854359
E10,0.2,0.75,0,1.0,0.0,0.2,0,48,snr-mean,0.605750,0.687179
E10,0.2,0.75,0,1.0,0.0,0.2,0,48,belief,0.651250,0.873846
E10,0.2,0.75,0,1.0,0.0,0.2,0,48,belief-pred,0.651250,0.873846
E10,0.2,0.75,0,1.0,0.0,0.2,0,48,ewma,0.569750,0.539487
E10,0.2,0.75,0,1.0,0.0,0.2,0,48,blend-paper,0.598000,0.655385
E10,0.2,0.75,0,1.0,0.0,0.2,0,48,saf-adaptive,0.651500,0.874872
E10,0.2,0.75,0,1.0,0.0,0.2,0,49,random,0.559750,0.496881
E10,0.2,0.75,0,1.0,0.0,0.2,0,49,round-robin,0.561500,0.504158
E10,0.2,0.75,0,1.0,0.0,0.2,0,49,oracle,0.680750,1.000000
E10,0.2,0.75,0,1.0,0.0,0.2,0,49,snr-greedy,0.617250,0.735967
E10,0.2,0.75,0,1.0,0.0,0.2,0,49,snr-greedy-loss,0.643500,0.845114
E10,0.2,0.75,0,1.0,0.0,0.2,0,49,snr-mean,0.594500,0.641372
E10,0.2,0.75,0,1.0,0.0,0.2,0,49,belief,0.649500,0.870062
E10,0.2,0.75,0,1.0,0.0,0.2,0,49,belief-pred,0.649500,0.870062
E10,0.2,0.75,0,1.0,0.0,0.2,0,49,ewma,0.584500,0.599792
E10,0.2,0.75,0,1.0,0.0,0.2,0,49,blend-paper,0.607250,0.694387
E10,0.2,0.75,0,1.0,0.0,0.2,0,49,saf-adaptive,0.649500,0.870062
E10,0.2,0.5,0,1.0,0.0,0.2,0,0,random,0.563000,0.501517
E10,0.2,0.5,0,1.0,0.0,0.2,0,0,round-robin,0.560250,0.490394
E10,0.2,0.5,0,1.0,0.0,0.2,0,0,oracle,0.686250,1.000000
E10,0.2,0.5,0,1.0,0.0,0.2,0,0,snr-greedy,0.607500,0.681496
E10,0.2,0.5,0,1.0,0.0,0.2,0,0,snr-greedy-loss,0.622750,0.743175
E10,0.2,0.5,0,1.0,0.0,0.2,0,0,snr-mean,0.614750,0.710819
E10,0.2,0.5,0,1.0,0.0,0.2,0,0,belief,0.633250,0.785642
E10,0.2,0.5,0,1.0,0.0,0.2,0,0,belief-pred,0.633250,0.785642
E10,0.2,0.5,0,1.0,0.0,0.2,0,0,ewma,0.590500,0.612740
E10,0.2,0.5,0,1.0,0.0,0.2,0,0,blend-paper,0.612500,0.701719
E10,0.2,0.5,0,1.0,0.0,0.2,0,0,saf-adaptive,0.632000,0.780586
E10,0.2,0.5,0,1.0,0.0,0.2,0,1,random,0.558000,0.496496
E10,0.2,0.5,0,1.0,0.0,0.2,0,1,round-robin,0.554500,0.482482
E10,0.2,0.5,0,1.0,0.0,0.2,0,1,oracle,0.683750,1.000000
E10,0.2,0.5,0,1.0,0.0,0.2,0,1,snr-greedy,0.600000,0.664665
E10,0.2,0.5,0,1.0,0.0,0.2,0,1,snr-greedy-loss,0.618250,0.737738
E10,0.2,0.5,0,1.0,0.0,0.2,0,1,snr-mean,0.603000,0.676677
E10,0.2,0.5,0,1.0,0.0,0.2,0,1,belief,0.621250,0.749750
E10,0.2,0.5,0,1.0,0.0,0.2,0,1,belief-pred,0.621250,0.749750
E10,0.2,0.5,0,1.0,0.0,0.2,0,1,ewma,0.587750,0.615616
E10,0.2,0.5,0,1.0,0.0,0.2,0,1,blend-paper,0.595250,0.645646
E10,0.2,0.5,0,1.0,0.0,0.2,0,1,saf-adaptive,0.621750,0.751752
E10,0.2,0.5,0,1.0,0.0,0.2,0,2,random,0.572250,0.512115
E10,0.2,0.5,0,1.0,0.0,0.2,0,2,round-robin,0.568000,0.493392
E10,0.2,0.5,0,1.0,0.0,0.2,0,2,oracle,0.683000,1.000000
E10,0.2,0.5,0,1.0,0.0,0.2,0,2,snr-greedy,0.611250,0.683921
E10,0.2,0.5,0,1.0,0.0,0.2,0,2,snr-greedy-loss,0.627500,0.755507
E10,0.2,0.5,0,1.0,0.0,0.2,0,2,snr-mean,0.615750,0.703744
E10,0.2,0.5,0,1.0,0.0,0.2,0,2,belief,0.631500,0.773128
E10,0.2,0.5,0,1.0,0.0,0.2,0,2,belief-pred,0.631500,0.773128
E10,0.2,0.5,0,1.0,0.0,0.2,0,2,ewma,0.588750,0.584802
E10,0.2,0.5,0,1.0,0.0,0.2,0,2,blend-paper,0.604750,0.655286
E10,0.2,0.5,0,1.0,0.0,0.2,0,2,saf-adaptive,0.631250,0.772026
E10,0.2,0.5,0,1.0,0.0,0.2,0,3,random,0.553750,0.464396
E10,0.2,0.5,0,1.0,0.0,0.2,0,3,round-robin,0.563000,0.502580
E10,0.2,0.5,0,1.0,0.0,0.2,0,3,oracle,0.683500,1.000000
E10,0.2,0.5,0,1.0,0.0,0.2,0,3,snr-greedy,0.605750,0.679051
E10,0.2,0.5,0,1.0,0.0,0.2,0,3,snr-greedy-loss,0.623500,0.752322
E10,0.2,0.5,0,1.0,0.0,0.2,0,3,snr-mean,0.609000,0.692466
E10,0.2,0.5,0,1.0,0.0,0.2,0,3,belief,0.628250,0.771930
E10,0.2,0.5,0,1.0,0.0,0.2,0,3,belief-pred,0.628250,0.771930
E10,0.2,0.5,0,1.0,0.0,0.2,0,3,ewma,0.581750,0.579979
E10,0.2,0.5,0,1.0,0.0,0.2,0,3,blend-paper,0.604500,0.673891
E10,0.2,0.5,0,1.0,0.0,0.2,0,3,saf-adaptive,0.627500,0.768834
E10,0.2,0.5,0,1.0,0.0,0.2,0,4,random,0.561000,0.511628
E10,0.2,0.5,0,1.0,0.0,0.2,0,4,round-robin,0.559000,0.503539
E10,0.2,0.5,0,1.0,0.0,0.2,0,4,oracle,0.681750,1.000000
E10,0.2,0.5,0,1.0,0.0,0.2,0,4,snr-greedy,0.595000,0.649141
E10,0.2,0.5,0,1.0,0.0,0.2,0,4,snr-greedy-loss,0.616000,0.734075
E10,0.2,0.5,0,1.0,0.0,0.2,0,4,snr-mean,0.599000,0.665319
E10,0.2,0.5,0,1.0,0.0,0.2,0,4,belief,0.614250,0.726997
E10,0.2,0.5,0,1.0,0.0,0.2,0,4,belief-pred,0.614250,0.726997
E10,0.2,0.5,0,1.0,0.0,0.2,0,4,ewma,0.572000,0.556117
E10,0.2,0.5,0,1.0,0.0,0.2,0,4,blend-paper,0.587750,0.619818
E10,0.2,0.5,0,1.0,0.0,0.2,0,4,saf-adaptive,0.613750,0.724975
E10,0.2,0.5,0,1.0,0.0,0.2,0,5,random,0.564000,0.496432
E10,0.2,0.5,0,1.0,0.0,0.2,0,5,round-robin,0.569500,0.518858
E10,0.2,0.5,0,1.0,0.0,0.2,0,5,oracle,0.687500,1.000000
E10,0.2,0.5,0,1.0,0.0,0.2,0,5,snr-greedy,0.612000,0.692151
E10,0.2,0.5,0,1.0,0.0,0.2,0,5,snr-greedy-loss,0.626250,0.750255
E10,0.2,0.5,0,1.0,0.0,0.2,0,5,snr-mean,0.613750,0.699286
E10,0.2,0.5,0,1.0,0.0,0.2,0,5,belief,0.629500,0.763507
E10,0.2,0.5,0,1.0,0.0,0.2,0,5,belief-pred,0.629500,0.763507
E10,0.2,0.5,0,1.0,0.0,0.2,0,5,ewma,0.592750,0.613660
E10,0.2,0.5,0,1.0,0.0,0.2,0,5,blend-paper,0.598000,0.635066
E10,0.2,0.5,0,1.0,0.0,0.2,0,5,saf-adaptive,0.630750,0.768603
E10,0.2,0.5,0,1.0,0.0,0.2,0,6,random,0.563250,0.503080
E10,0.2,0.5,0,1.0,0.0,0.2,0,6,round-robin,0.569250,0.527721
E10,0.2,0.5,0,1.0,0.0,0.2,0,6,oracle,0.684250,1.000000
E10,0.2,0.5,0,1.0,0.0,0.2,0,6,snr-greedy,0.606750,0.681725
E10,0.2,0.5,0,1.0,0.0,0.2,0,6,snr-greedy-loss,0.620000,0.736140
E10,0.2,0.5,0,1.0,0.0,0.2,0,6,snr-mean,0.609250,0.691992
E10,0.2,0.5,0,1.0,0.0,0.2,0,6,belief,0.624000,0.752567
E10,0.2,0.5,0,1.0,0.0,0.2,0,6,belief-pred,0.624000,0.752567
E10,0.2,0.5,0,1.0,0.0,0.2,0,6,ewma,0.571250,0.535934
E10,0.2,0.5,0,1.0,0.0,0.2,0,6,blend-paper,0.589500,0.610883
E10,0.2,0.5,0,1.0,0.0,0.2,0,6,saf-adaptive,0.624250,0.753593
E10,0.2,0.5,0,1.0,0.0,0.2,0,7,random,0.570250,0.500543
E10,0.2,0.5,0,1.0,0.0,0.2,0,7,round-robin,0.569250,0.496200
E10,0.2,0.5,0,1.0,0.0,0.2,0,7,oracle,0.685250,1.000000
E10,0.2,0.5,0,1.0,0.0,0.2,0,7,snr-greedy,0.609250,0.669924
E10,0.2,0.5,0,1.0,0.0,0.2,0,7,snr-greedy-loss,0.626000,0.742671
E10,0.2,0.5,0,1.0,0.0,0.2,0,7,snr-mean,0.617000,0.703583
E10,0.2,0.5,0,1.0,0.0,0.2,0,7,belief,0.633500,0.775244
E10,0.2,0.5,0,1.0,0.0,0.2,0,7,belief-pred,0.633500,0.775244
E10,0.2,0.5,0,1.0,0.0,0.2,0,7,ewma,0.577500,0.532030
E10,0.2,0.5,0,1.0,0.0,0.2,0,7,blend-paper,0.602250,0.639522
E10,0.2,0.5,0,1.0,0.0,0.2,0,7,saf-adaptive,0.634000,0.777416
E10,0.2,0.5,0,1.0,0.0,0.2,0,8,random,0.557250,0.465711
E10,0.2,0.5,0,1.0,0.0,0.2,0,8,round-robin,0.572500,0.528147
E10,0.2,0.5,0,1.0,0.0,0.2,0,8,oracle,0.687750,1.000000
E10,0.2,0.5,0,1.0,0.0,0.2,0,8,snr-greedy,0.607000,0.669396
E10,0.2,0.5,0,1.0,0.0,0.2,0,8,snr-greedy-loss,0.620250,0.723644
E10,0.2,0.5,0,1.0,0.0,0.2,0,8,snr-mean,0.606500,0.667349
E10,0.2,0.5,0,1.0,0.0,0.2,0,8,belief,0.628250,0.756397
E10,0.2,0.5,0,1.0,0.0,0.2,0,8,belief-pred,0.628250,0.756397
E10,0.2,0.5,0,1.0,0.0,0.2,0,8,ewma,0.580750,0.561924
E10,0.2,0.5,0,1.0,0.0,0.2,0,8,blend-paper,0.592500,0.610031
E10,0.2,0.5,0,1.0,0.0,0.2,0,8,saf-adaptive,0.627500,0.753327
E10,0.2,0.5,0,1.0,0.0,0.2,0,9,random,0.563750,0.519751
E10,0.2,0.5,0,1.0,0.0,0.2,0,9,round-robin,0.561500,0.510395
E10,0.2,0.5,0,1.0,0.0,0.2,0,9,oracle,0.679250,1.000000
E10,0.2,0.5,0,1.0,0.0,0.2,0,9,snr-greedy,0.608500,0.705821
E10,0.2,0.5,0,1.0,0.0,0.2,0,9,snr-greedy-loss,0.624000,0.770270
E10,0.2,0.5,0,1.0,0.0,0.2,0,9,snr-mean,0.599000,0.666320
E10,0.2,0.5,0,1.0,0.0,0.2,0,9,belief,0.627000,0.782744
E10,0.2,0.5,0,1.0,0.0,0.2,0,9,belief-pred,0.627000,0.782744
E10,0.2,0.5,0,1.0,0.0,0.2,0,9,ewma,0.570750,0.548857
E10,0.2,0.5,0,1.0,0.0,0.2,0,9,blend-paper,0.595750,0.652807
E10,0.2,0.5,0,1.0,0.0,0.2,0,9,saf-adaptive,0.626000,0.778586
E10,0.2,0.5,0,1.0,0.0,0.2,0,10,random,0.560750,0.509804
E10,0.2,0.5,0,1.0,0.0,0.2,0,10,round-robin,0.557500,0.497059
E10,0.2,0.5,0,1.0,0.0,0.2,0,10,oracle,0.685750,1.000000
E10,0.2,0.5,0,1.0,0.0,0.2,0,10,snr-greedy,0.598750,0.658824
E10,0.2,0.5,0,1.0,0.0,0.2,0,10,snr-greedy-loss,0.616250,0.727451
E10,0.2,0.5,0,1.0,0.0,0.2,0,10,snr-mean,0.615750,0.725490
E10,0.2,0.5,0,1.0,0.0,0.2,0,10,belief,0.622500,0.751961
E10,0.2,0.5,0,1.0,0.0,0.2,0,10,belief-pred,0.622500,0.751961
E10,0.2,0.5,0,1.0,0.0,0.2,0,10,ewma,0.583000,0.597059
E10,0.2,0.5,0,1.0,0.0,0.2,0,10,blend-paper,0.588250,0.617647
E10,0.2,0.5,0,1.0,0.0,0.2,0,10,saf-adaptive,0.620500,0.744118
E10,0.2,0.5,0,1.0,0.0,0.2,0,11,random,0.565500,0.511000
E10,0.2,0.5,0,1.0,0.0,0.2,0,11,round-robin,0.570750,0.532000
E10,0.2,0.5,0,1.0,0.0,0.2,0,11,oracle,0.687750,1.000000
E10,0.2,0.5,0,1.0,0.0,0.2,0,11,snr-greedy,0.606000,0.673000
E10,0.2,0.5,0,1.0,0.0,0.2,0,11,snr-greedy-loss,0.621250,0.734000
E10,0.2,0.5,0,1.0,0.0,0.2,0,11,snr-mean,0.601000,0.653000
E10,0.2,0.5,0,1.0,0.0,0.2,0,11,belief,0.624000,0.745000
E10,0.2,0.5,0,1.0,0.0,0.2,0,11,belief-pred,0.624000,0.745000
E10,0.2,0.5,0,1.0,0.0,0.2,0,11,ewma,0.575000,0.549000
E10,0.2,0.5,0,1.0,0.0,0.2,0,11,blend-paper,0.587250,0.598000
E10,0.2,0.5,0,1.0,0.0,0.2,0,11,saf-adaptive,0.625250,0.750000
E10,0.2,0.5,0,1.0,0.0,0.2,0,12,random,0.562500,0.488613
E10,0.2,0.5,0,1.0,0.0,0.2,0,12,round-robin,0.565500,0.501035
E10,0.2,0.5,0,1.0,0.0,0.2,0,12,oracle,0.686000,1.000000
E10,0.2,0.5,0,1.0,0.0,0.2,0,12,snr-greedy,0.613000,0.697723
E10,0.2,0.5,0,1.0,0.0,0.2,0,12,snr-greedy-loss,0.626000,0.751553
E10,0.2,0.5,0,1.0,0.0,0.2,0,12,snr-mean,0.613750,0.700828
E10,0.2,0.5,0,1.0,0.0,0.2,0,12,belief,0.628500,0.761905
E10,0.2,0.5,0,1.0,0.0,0.2,0,12,belief-pred,0.628500,0.761905
E10,0.2,0.5,0,1.0,0.0,0.2,0,12,ewma,0.597750,0.634576
E10,0.2,0.5,0,1.0,0.0,0.2,0,12,blend-paper,0.613000,0.697723
E10,0.2,0.5,0,1.0,0.0,0.2,0,12,saf-adaptive,0.628500,0.761905
E10,0.2,0.5,0,1.0,0.0,0.2,0,13,random,0.557500,0.482759
E10,0.2,0.5,0,1.0,0.0,0.2,0,13,round-robin,0.563500,0.507837
E10,0.2,0.5,0,1.0,0.0,0.2,0,13,oracle,0.681250,1.000000
E10,0.2,0.5,0,1.0,0.0,0.2,0,13,snr-greedy,0.603500,0.675026
E10,0.2,0.5,0,1.0,0.0,0.2,0,13,snr-greedy-loss,0.618250,0.736677
E10,0.2,0.5,0,1.0,0.0,0.2,0,13,snr-mean,0.608250,0.694880
E10,0.2,0.5,0,1.0,0.0,0.2,0,13,belief,0.620750,0.747126
E10,0.2,0.5,0,1.0,0.0,0.2,0,13,belief-pred,0.620750,0.747126
E10,0.2,0.5,0,1.0,0.0,0.2,0,13,ewma,0.590500,0.620690
E10,0.2,0.5,0,1.0,0.0,0.2,0,13,blend-paper,0.599000,0.656217
E10,0.2,0.5,0,1.0,0.0,0.2,0,13,saf-adaptive,0.621250,0.749216
E10,0.2,0.5,0,1.0,0.0,0.2,0,14,random,0.569250,0.505759
E10,0.2,0.5,0,1.0,0.0,0.2,0,14,round-robin,0.571750,0.516230
E10,0.2,0.5,0,1.0,0.0,0.2,0,14,oracle,0.687250,1.000000
E10,0.2,0.5,0,1.0,0.0,0.2,0,14,snr-greedy,0.613250,0.690052
E10,0.2,0.5,0,1.0,0.0,0.2,0,14,snr-greedy-loss,0.624000,0.735079
E10,0.2,0.5,0,1.0,0.0,0.2,0,14,snr-mean,0.613000,0.689005
E10,0.2,0.5,0,1.0,0.0,0.2,0,14,belief,0.629500,0.758115
E10,0.2,0.5,0,1.0,0.0,0.2,0,14,belief-pred,0.629500,0.758115
E10,0.2,0.5,0,1.0,0.0,0.2,0,14,ewma,0.594000,0.609424
E10,0.2,0.5,0,1.0,0.0,0.2,0,14,blend-paper,0.605750,0.658639
E10,0.2,0.5,0,1.0,0.0,0.2,0,14,saf-adaptive,0.628750,0.754974
E10,0.2,0.5,0,1.0,0.0,0.2,0,15,random,0.553750,0.472031
E10,0.2,0.5,0,1.0,0.0,0.2,0,15,round-robin,0.562250,0.505397
E10,0.2,0.5,0,1.0,0.0,0.2,0,15,oracle,0.688250,1.000000
E10,0.2,0.5,0,1.0,0.0,0.2,0,15,snr-greedy,0.603750,0.668302
E10,0.2,0.5,0,1.0,0.0,0.2,0,15,snr-greedy-loss,0.622250,0.740922
E10,0.2,0.5,0,1.0,0.0,0.2,0,15,snr-mean,0.614500,0.710500
E10,0.2,0.5,0,1.0,0.0,0.2,0,15,belief,0.625250,0.752699
E10,0.2,0.5,0,1.0,0.0,0.2,0,15,belief-pred,0.625250,0.752699
E10,0.2,0.5,0,1.0,0.0,0.2,0,15,ewma,0.577250,0.564279
E10,0.2,0.5,0,1.0,0.0,0.2,0,15,blend-paper,0.594000,0.630029
E10,0.2,0.5,0,1.0,0.0,0.2,0,15,saf-adaptive,0.624750,0.750736
E10,0.2,0.5,0,1.0,0.0,0.2,0,16,random,0.557500,0.487552
E10,0.2,0.5,0,1.0,0.0,0.2,0,16,round-robin,0.562000,0.506224
E10,0.2,0.5,0,1.0,0.0,0.2,0,16,oracle,0.681000,1.000000
E10,0.2,0.5,0,1.0,0.0,0.2,0,16,snr-greedy,0.598250,0.656639
E10,0.2,0.5,0,1.0,0.0,0.2,0,16,snr-greedy-loss,0.614250,0.723029
E10,0.2,0.5,0,1.0,0.0,0.2,0,16,snr-mean,0.599250,0.660788
E10,0.2,0.5,0,1.0,0.0,0.2,0,16,belief,0.621000,0.751037
E10,0.2,0.5,0,1.0,0.0,0.2,0,16,belief-pred,0.621000,0.751037
E10,0.2,0.5,0,1.0,0.0,0.2,0,16,ewma,0.575250,0.561203
E10,0.2,0.5,0,1.0,0.0,0.2,0,16,blend-paper,0.596250,0.648340
E10,0.2,0.5,0,1.0,0.0,0.2,0,16,saf-adaptive,0.618750,0.741701
E10,0.2,0.5,0,1.0,0.0,0.2,0,17,random,0.569250,0.512169
E10,0.2,0.5,0,1.0,0.0,0.2,0,17,round-robin,0.570750,0.518519
E10,0.2,0.5,0,1.0,0.0,0.2,0,17,oracle,0.684500,1.000000
E10,0.2,0.5,0,1.0,0.0,0.2,0,17,snr-greedy,0.613250,0.698413
E10,0.2,0.5,0,1.0,0.0,0.2,0,17,snr-greedy-loss,0.626500,0.754497
E10,0.2,0.5,0,1.0,0.0,0.2,0,17,snr-mean,0.611000,0.688889
E10,0.2,0.5,0,1.0,0.0,0.2,0,17,belief,0.630250,0.770370
E10,0.2,0.5,0,1.0,0.0,0.2,0,17,belief-pred,0.630250,0.770370
E10,0.2,0.5,0,1.0,0.0,0.2,0,17,ewma,0.588750,0.594709
E10,0.2,0.5,0,1.0,0.0,0.2,0,17,blend-paper,0.605000,0.663492
E10,0.2,0.5,0,1.0,0.0,0.2,0,17,saf-adaptive,0.630500,0.771429
E10,0.2,0.5,0,1.0,0.0,0.2,0,18,random,0.540250,0.465116
E10,0.2,0.5,0,1.0,0.0,0.2,0,18,round-robin,0.547000,0.491279
E10,0.2,0.5,0,1.0,0.0,0.2,0,18,oracle,0.678250,1.000000
E10,0.2,0.5,0,1.0,0.0,0.2,0,18,snr-greedy,0.605250,0.717054
E10,0.2,0.5,0,1.0,0.0,0.2,0,18,snr-greedy-loss,0.617500,0.764535
E10,0.2,0.5,0,1.0,0.0,0.2,0,18,snr-mean,0.603500,0.710271
E10,0.2,0.5,0,1.0,0.0,0.2,0,18,belief,0.622000,0.781977
E10,0.2,0.5,0,1.0,0.0,0.2,0,18,belief-pred,0.622000,0.781977
E10,0.2,0.5,0,1.0,0.0,0.2,0,18,ewma,0.561500,0.547481
E10,0.2,0.5,0,1.0,0.0,0.2,0,18,blend-paper,0.583250,0.631783
E10,0.2,0.5,0,1.0,0.0,0.2,0,18,saf-adaptive,0.622250,0.782946
E10,0.2,0.5,0,1.0,0.0,0.2,0,19,random,0.570250,0.526425
E10,0.2,0.5,0,1.0,0.0,0.2,0,19,round-robin,0.561750,0.491192
E10,0.2,0.5,0,1.0,0.0,0.2,0,19,oracle,0.684500,1.000000
E10,0.2,0.5,0,1.0,0.0,0.2,0,19,snr-greedy,0.607750,0.681865
E10,0.2,0.5,0,1.0,0.0,0.2,0,19,snr-greedy-loss,0.623500,0.747150
E10,0.2,0.5,0,1.0,0.0,0.2,0,19,snr-mean,0.608250,0.683938
E10,0.2,0.5,0,1.0,0.0,0.2,0,19,belief,0.625750,0.756477
E10,0.2,0.5,0,1.0,0.0,0.2,0,19,belief-pred,0.625750,0.756477
E10,0.2,0.5,0,1.0,0.0,0.2,0,19,ewma,0.577500,0.556477
E10,0.2,0.5,0,1.0,0.0,0.2,0,19,blend-paper,0.597250,0.638342
E10,0.2,0.5,0,1.0,0.0,0.2,0,19,saf-adaptive,0.625250,0.754404
E10,0.2,0.5,0,1.0,0.0,0.2,0,20,random,0.566000,0.496000
E10,0.2,0.5,0,1.0,0.0,0.2,0,20,round-robin,0.567750,0.503000
E10,0.2,0.5,0,1.0,0.0,0.2,0,20,oracle,0.692000,1.000000
E10,0.2,0.5,0,1.0,0.0,0.2,0,20,snr-greedy,0.613500,0.686000
E10,0.2,0.5,0,1.0,0.0,0.2,0,20,snr-greedy-loss,0.631000,0.756000
E10,0.2,0.5,0,1.0,0.0,0.2,0,20,snr-mean,0.609000,0.668000
E10,0.2,0.5,0,1.0,0.0,0.2,0,20,belief,0.633250,0.765000
E10,0.2,0.5,0,1.0,0.0,0.2,0,20,belief-pred,0.633250,0.765000
E10,0.2,0.5,0,1.0,0.0,0.2,0,20,ewma,0.583500,0.566000
E10,0.2,0.5,0,1.0,0.0,0.2,0,20,blend-paper,0.604750,0.651000
E10,0.2,0.5,0,1.0,0.0,0.2,0,20,saf-adaptive,0.633000,0.764000
E10,0.2,0.5,0,1.0,0.0,0.2,0,21,random,0.561250,0.509606
E10,0.2,0.5,0,1.0,0.0,0.2,0,21,round-robin,0.563750,0.519717
E10,0.2,0.5,0,1.0,0.0,0.2,0,21,oracle,0.682500,1.000000
E10,0.2,0.5,0,1.0,0.0,0.2,0,21,snr-greedy,0.602250,0.675430
E10,0.2,0.5,0,1.0,0.0,0.2,0,21,snr-greedy-loss,0.625750,0.770475
E10,0.2,0.5,0,1.0,0.0,0.2,0,21,snr-mean,0.594000,0.642063
E10,0.2,0.5,0,1.0,0.0,0.2,0,21,belief,0.628250,0.780586
E10,0.2,0.5,0,1.0,0.0,0.2,0,21,belief-pred,0.628250,0.780586
E10,0.2,0.5,0,1.0,0.0,0.2,0,21,ewma,0.580000,0.585440
E10,0.2,0.5,0,1.0,0.0,0.2,0,21,blend-paper,0.590500,0.627907
E10,0.2,0.5,0,1.0,0.0,0.2,0,21,saf-adaptive,0.628250,0.780586
E10,0.2,0.5,0,1.0,0.0,0.2,0,22,random,0.559500,0.484425
E10,0.2,0.5,0,1.0,0.0,0.2,0,22,round-robin,0.561250,0.491944
E10,0.2,0.5,0,1.0,0.0,0.2,0,22,oracle,0.679500,1.000000
E10,0.2,0.5,0,1.0,0.0,0.2,0,22,snr-greedy,0.605250,0.680988
E10,0.2,0.5,0,1.0,0.0,0.2,0,22,snr-greedy-loss,0.615250,0.723953
E10,0.2,0.5,0,1.0,0.0,0.2,0,22,snr-mean,0.598500,0.651987
E10,0.2,0.5,0,1.0,0.0,0.2,0,22,belief,0.623250,0.758324
E10,0.2,0.5,0,1.0,0.0,0.2,0,22,belief-pred,0.623250,0.758324
E10,0.2,0.5,0,1.0,0.0,0.2,0,22,ewma,0.580250,0.573577
E10,0.2,0.5,0,1.0,0.0,0.2,0,22,blend-paper,0.592250,0.625134
E10,0.2,0.5,0,1.0,0.0,0.2,0,22,saf-adaptive,0.623000,0.757250
E10,0.2,0.5,0,1.0,0.0,0.2,0,23,random,0.571000,0.539432
E10,0.2,0.5,0,1.0,0.0,0.2,0,23,round-robin,0.559250,0.490011
E10,0.2,0.5,0,1.0,0.0,0.2,0,23,oracle,0.680500,1.000000
E10,0.2,0.5,0,1.0,0.0,0.2,0,23,snr-greedy,0.601000,0.665615
E10,0.2,0.5,0,1.0,0.0,0.2,0,23,snr-greedy-loss,0.621000,0.749737
E10,0.2,0.5,0,1.0,0.0,0.2,0,23,snr-mean,0.600000,0.661409
E10,0.2,0.5,0,1.0,0.0,0.2,0,23,belief,0.624000,0.762355
E10,0.2,0.5,0,1.0,0.0,0.2,0,23,belief-pred,0.624000,0.762355
E10,0.2,0.5,0,1.0,0.0,0.2,0,23,ewma,0.582000,0.585699
E10,0.2,0.5,0,1.0,0.0,0.2,0,23,blend-paper,0.595000,0.640379
E10,0.2,0.5,0,1.0,0.0,0.2,0,23,saf-adaptive,0.624000,0.762355
E10,0.2,0.5,0,1.0,0.0,0.2,0,24,random,0.555250,0.477823
E10,0.2,0.5,0,1.0,0.0,0.2,0,24,round-robin,0.553750,0.471774
E10,0.2,0.5,0,1.0,0.0,0.2,0,24,oracle,0.684750,1.000000
E10,0.2,0.5,0,1.0,0.0,0.2,0,24,snr-greedy,0.604000,0.674395
E10,0.2,0.5,0,1.0,0.0,0.2,0,24,snr-greedy-loss,0.625000,0.759073
E10,0.2,0.5,0,1.0,0.0,0.2,0,24,snr-mean,0.606750,0.685484
E10,0.2,0.5,0,1.0,0.0,0.2,0,24,belief,0.626500,0.765121
E10,0.2,0.5,0,1.0,0.0,0.2,0,24,belief-pred,0.626500,0.765121
E10,0.2,0.5,0,1.0,0.0,0.2,0,24,ewma,0.586250,0.602823
E10,0.2,0.5,0,1.0,0.0,0.2,0,24,blend-paper,0.602750,0.669355
E10,0.2,0.5,0,1.0,0.0,0.2,0,24,saf-adaptive,0.624250,0.756048
E10,0.2,0.5,0,1.0,0.0,0.2,0,25,random,0.563250,0.492521
E10,0.2,0.5,0,1.0,0.0,0.2,0,25,round-robin,0.563500,0.493590
E10,0.2,0.5,0,1.0,0.0,0.2,0,25,oracle,0.682000,1.000000
E10,0.2,0.5,0,1.0,0.0,0.2,0,25,snr-greedy,0.604500,0.668803
E10,0.2,0.5,0,1.0,0.0,0.2,0,25,snr-greedy-loss,0.619000,0.730769
E10,0.2,0.5,0,1.0,0.0,0.2,0,25,snr-mean,0.606750,0.678419
E10,0.2,0.5,0,1.0,0.0,0.2,0,25,belief,0.623250,0.748932
E10,0.2,0.5,0,1.0,0.0,0.2,0,25,belief-pred,0.623250,0.748932
E10,0.2,0.5,0,1.0,0.0,0.2,0,25,ewma,0.592750,0.618590
E10,0.2,0.5,0,1.0,0.0,0.2,0,25,blend-paper,0.598500,0.643162
E10,0.2,0.5,0,1.0,0.0,0.2,0,25,saf-adaptive,0.624000,0.752137
E10,0.2,0.5,0,1.0,0.0,0.2,0,26,random,0.569250,0.495935
E10,0.2,0.5,0,1.0,0.0,0.2,0,26,round-robin,0.575500,0.521341
E10,0.2,0.5,0,1.0,0.0,0.2,0,26,oracle,0.693250,1.000000
E10,0.2,0.5,0,1.0,0.0,0.2,0,26,snr-greedy,0.615000,0.681911
E10,0.2,0.5,0,1.0,0.0,0.2,0,26,snr-greedy-loss,0.634750,0.762195
E10,0.2,0.5,0,1.0,0.0,0.2,0,26,snr-mean,0.623000,0.714431
E10,0.2,0.5,0,1.0,0.0,0.2,0,26,belief,0.638500,0.777439
E10,0.2,0.5,0,1.0,0.0,0.2,0,26,belief-pred,0.638500,0.777439
E10,0.2,0.5,0,1.0,0.0,0.2,0,26,ewma,0.603750,0.636179
E10,0.2,0.5,0,1.0,0.0,0.2,0,26,blend-paper,0.607000,0.649390
E10,0.2,0.5,0,1.0,0.0,0.2,0,26,saf-adaptive,0.638750,0.778455
E10,0.2,0.5,0,1.0,0.0,0.2,0,27,random,0.569000,0.506098
E10,0.2,0.5,0,1.0,0.0,0.2,0,27,round-robin,0.567750,0.501016
E10,0.2,0.5,0,1.0,0.0,0.2,0,27,oracle,0.690500,1.000000
E10,0.2,0.5,0,1.0,0.0,0.2,0,27,snr-greedy,0.607500,0.662602
E10,0.2,0.5,0,1.0,0.0,0.2,0,27,snr-greedy-loss,0.631250,0.759146
E10,0.2,0.5,0,1.0,0.0,0.2,0,27,snr-mean,0.609750,0.671748
E10,0.2,0.5,0,1.0,0.0,0.2,0,27,belief,0.633250,0.767276
E10,0.2,0.5,0,1.0,0.0,0.2,0,27,belief-pred,0.633250,0.767276
E10,0.2,0.5,0,1.0,0.0,0.2,0,27,ewma,0.599500,0.630081
E10,0.2,0.5,0,1.0,0.0,0.2,0,27,blend-paper,0.596000,0.615854
E10,0.2,0.5,0,1.0,0.0,0.2,0,27,saf-adaptive,0.633250,0.767276
E10,0.2,0.5,0,1.0,0.0,0.2,0,28,random,0.564250,0.497354
E10,0.2,0.5,0,1.0,0.0,0.2,0,28,round-robin,0.562750,0.491005
E10,0.2,0.5,0,1.0,0.0,0.2,0,28,oracle,0.683000,1.000000
E10,0.2,0.5,0,1.0,0.0,0.2,0,28,snr-greedy,0.602000,0.657143
E10,0.2,0.5,0,1.0,0.0,0.2,0,28,snr-greedy-loss,0.621250,0.738624
E10,0.2,0.5,0,1.0,0.0,0.2,0,28,snr-mean,0.605500,0.671958
E10,0.2,0.5,0,1.0,0.0,0.2,0,28,belief,0.625750,0.757672
E10,0.2,0.5,0,1.0,0.0,0.2,0,28,belief-pred,0.625750,0.757672
E10,0.2,0.5,0,1.0,0.0,0.2,0,28,ewma,0.574250,0.539683
E10,0.2,0.5,0,1.0,0.0,0.2,0,28,blend-paper,0.590250,0.607407
E10,0.2,0.5,0,1.0,0.0,0.2,0,28,saf-adaptive,0.626500,0.760847
E10,0.2,0.5,0,1.0,0.0,0.2,0,29,random,0.558750,0.471910
E10,0.2,0.5,0,1.0,0.0,0.2,0,29,round-robin,0.559750,0.475996
E10,0.2,0.5,0,1.0,0.0,0.2,0,29,oracle,0.688000,1.000000
E10,0.2,0.5,0,1.0,0.0,0.2,0,29,snr-greedy,0.609750,0.680286
E10,0.2,0.5,0,1.0,0.0,0.2,0,29,snr-greedy-loss,0.627750,0.753830
E10,0.2,0.5,0,1.0,0.0,0.2,0,29,snr-mean,0.612750,0.692543
E10,0.2,0.5,0,1.0,0.0,0.2,0,29,belief,0.631250,0.768131
E10,0.2,0.5,0,1.0,0.0,0.2,0,29,belief-pred,0.631250,0.768131
E10,0.2,0.5,0,1.0,0.0,0.2,0,29,ewma,0.590500,0.601634
E10,0.2,0.5,0,1.0,0.0,0.2,0,29,blend-paper,0.610750,0.684372
E10,0.2,0.5,0,1.0,0.0,0.2,0,29,saf-adaptive,0.631750,0.770174
E10,0.2,0.5,0,1.0,0.0,0.2,0,30,random,0.558250,0.500000
E10,0.2,0.5,0,1.0,0.0,0.2,0,30,round-robin,0.558500,0.500990
E10,0.2,0.5,0,1.0,0.0,0.2,0,30,oracle,0.684500,1.000000
E10,0.2,0.5,0,1.0,0.0,0.2,0,30,snr-greedy,0.603500,0.679208
E10,0.2,0.5,0,1.0,0.0,0.2,0,30,snr-greedy-loss,0.621000,0.748515
E10,0.2,0.5,0,1.0,0.0,0.2,0,30,snr-mean,0.601750,0.672277
E10,0.2,0.5,0,1.0,0.0,0.2,0,30,belief,0.625250,0.765347
E10,0.2,0.5,0,1.0,0.0,0.2,0,30,belief-pred,0.625250,0.765347
E10,0.2,0.5,0,1.0,0.0,0.2,0,30,ewma,0.575000,0.566337
E10,0.2,0.5,0,1.0,0.0,0.2,0,30,blend-paper,0.589000,0.621782
E10,0.2,0.5,0,1.0,0.0,0.2,0,30,saf-adaptive,0.625250,0.765347
E10,0.2,0.5,0,1.0,0.0,0.2,0,31,random,0.562000,0.497963
E10,0.2,0.5,0,1.0,0.0,0.2,0,31,round-robin,0.565500,0.512220
E10,0.2,0.5,0,1.0,0.0,0.2,0,31,oracle,0.685250,1.000000
E10,0.2,0.5,0,1.0,0.0,0.2,0,31,snr-greedy,0.611500,0.699593
E10,0.2,0.5,0,1.0,0.0,0.2,0,31,snr-greedy-loss,0.626000,0.758656
E10,0.2,0.5,0,1.0,0.0,0.2,0,31,snr-mean,0.612750,0.704684
E10,0.2,0.5,0,1.0,0.0,0.2,0,31,belief,0.632750,0.786151
E10,0.2,0.5,0,1.0,0.0,0.2,0,31,belief-pred,0.632750,0.786151
E10,0.2,0.5,0,1.0,0.0,0.2,0,31,ewma,0.581250,0.576375
E10,0.2,0.5,0,1.0,0.0,0.2,0,31,blend-paper,0.597000,0.640530
E10,0.2,0.5,0,1.0,0.0,0.2,0,31,saf-adaptive,0.633250,0.788187
E10,0.2,0.5,0,1.0,0.0,0.2,0,32,random,0.557250,0.486154
E10,0.2,0.5,0,1.0,0.0,0.2,0,32,round-robin,0.560500,0.499487
E10,0.2,0.5,0,1.0,0.0,0.2,0,32,oracle,0.682500,1.000000
E10,0.2,0.5,0,1.0,0.0,0.2,0,32,snr-greedy,0.606000,0.686154
E10,0.2,0.5,0,1.0,0.0,0.2,0,32,snr-greedy-loss,0.618750,0.738462
E10,0.2,0.5,0,1.0,0.0,0.2,0,32,snr-mean,0.615250,0.724103
E10,0.2,0.5,0,1.0,0.0,0.2,0,32,belief,0.624250,0.761026
E10,0.2,0.5,0,1.0,0.0,0.2,0,32,belief-pred,0.624250,0.761026
E10,0.2,0.5,0,1.0,0.0,0.2,0,32,ewma,0.595750,0.644103
E10,0.2,0.5,0,1.0,0.0,0.2,0,32,blend-paper,0.602000,0.669744
E10,0.2,0.5,0,1.0,0.0,0.2,0,32,saf-adaptive,0.623750,0.758974
E10,0.2,0.5,0,1.0,0.0,0.2,0,33,random,0.574000,0.525336
E10,0.2,0.5,0,1.0,0.0,0.2,0,33,round-robin,0.566750,0.495346
E10,0.2,0.5,0,1.0,0.0,0.2,0,33,oracle,0.688750,1.000000
E10,0.2,0.5,0,1.0,0.0,0.2,0,33,snr-greedy,0.607750,0.664943
E10,0.2,0.5,0,1.0,0.0,0.2,0,33,snr-greedy-loss,0.628500,0.750776
E10,0.2,0.5,0,1.0,0.0,0.2,0,33,snr-mean,0.607000,0.661841
E10,0.2,0.5,0,1.0,0.0,0.2,0,33,belief,0.633250,0.770424
E10,0.2,0.5,0,1.0,0.0,0.2,0,33,belief-pred,0.633250,0.770424
E10,0.2,0.5,0,1.0,0.0,0.2,0,33,ewma,0.591250,0.596691
E10,0.2,0.5,0,1.0,0.0,0.2,0,33,blend-paper,0.594250,0.609100
E10,0.2,0.5,0,1.0,0.0,0.2,0,33,saf-adaptive,0.633500,0.771458
E10,0.2,0.5,0,1.0,0.0,0.2,0,34,random,0.563250,0.517766
E10,0.2,0.5,0,1.0,0.0,0.2,0,34,round-robin,0.560250,0.505584
E10,0.2,0.5,0,1.0,0.0,0.2,0,34,oracle,0.682000,1.000000
E10,0.2,0.5,0,1.0,0.0,0.2,0,34,snr-greedy,0.597500,0.656853
E10,0.2,0.5,0,1.0,0.0,0.2,0,34,snr-greedy-loss,0.615000,0.727919
E10,0.2,0.5,0,1.0,0.0,0.2,0,34,snr-mean,0.589000,0.622335
E10,0.2,0.5,0,1.0,0.0,0.2,0,34,belief,0.618000,0.740102
E10,0.2,0.5,0,1.0,0.0,0.2,0,34,belief-pred,0.618000,0.740102
E10,0.2,0.5,0,1.0,0.0,0.2,0,34,ewma,0.583250,0.598985
E10,0.2,0.5,0,1.0,0.0,0.2,0,34,blend-paper,0.591250,0.631472
E10,0.2,0.5,0,1.0,0.0,0.2,0,34,saf-adaptive,0.618750,0.743147
E10,0.2,0.5,0,1.0,0.0,0.2,0,35,random,0.570500,0.496862
E10,0.2,0.5,0,1.0,0.0,0.2,0,35,round-robin,0.574500,0.513598
E10,0.2,0.5,0,1.0,0.0,0.2,0,35,oracle,0.690750,1.000000
E10,0.2,0.5,0,1.0,0.0,0.2,0,35,snr-greedy,0.614000,0.678870
E10,0.2,0.5,0,1.0,0.0,0.2,0,35,snr-greedy-loss,0.624250,0.721757
E10,0.2,0.5,0,1.0,0.0,0.2,0,35,snr-mean,0.616000,0.687238
E10,0.2,0.5,0,1.0,0.0,0.2,0,35,belief,0.638750,0.782427
E10,0.2,0.5,0,1.0,0.0,0.2,0,35,belief-pred,0.638750,0.782427
E10,0.2,0.5,0,1.0,0.0,0.2,0,35,ewma,0.597000,0.607741
E10,0.2,0.5,0,1.0,0.0,0.2,0,35,blend-paper,0.600250,0.621339
E10,0.2,0.5,0,1.0,0.0,0.2,0,35,saf-adaptive,0.639500,0.785565
E10,0.2,0.5,0,1.0,0.0,0.2,0,36,random,0.563750,0.490854
E10,0.2,0.5,0,1.0,0.0,0.2,0,36,round-robin,0.571000,0.520325
E10,0.2,0.5,0,1.0,0.0,0.2,0,36,oracle,0.689000,1.000000
E10,0.2,0.5,0,1.0,0.0,0.2,0,36,snr-greedy,0.604000,0.654472
E10,0.2,0.5,0,1.0,0.0,0.2,0,36,snr-greedy-loss,0.621750,0.726626
E10,0.2,0.5,0,1.0,0.0,0.2,0,36,snr-mean,0.605500,0.660569
E10,0.2,0.5,0,1.0,0.0,0.2,0,36,belief,0.629250,0.757114
E10,0.2,0.5,0,1.0,0.0,0.2,0,36,belief-pred,0.629250,0.757114
E10,0.2,0.5,0,1.0,0.0,0.2,0,36,ewma,0.585250,0.578252
E10,0.2,0.5,0,1.0,0.0,0.2,0,36,blend-paper,0.599500,0.636179
E10,0.2,0.5,0,1.0,0.0,0.2,0,36,saf-adaptive,0.629000,0.756098
E10,0.2,0.5,0,1.0,0.0,0.2,0,37,random,0.564250,0.498996
E10,0.2,0.5,0,1.0,0.0,0.2,0,37,round-robin,0.567000,0.510040
E10,0.2,0.5,0,1.0,0.0,0.2,0,37,oracle,0.689000,1.000000
E10,0.2,0.5,0,1.0,0.0,0.2,0,37,snr-greedy,0.609250,0.679719
E10,0.2,0.5,0,1.0,0.0,0.2,0,37,snr-greedy-loss,0.627750,0.754016
E10,0.2,0.5,0,1.0,0.0,0.2,0,37,snr-mean,0.619000,0.718876
E10,0.2,0.5,0,1.0,0.0,0.2,0,37,belief,0.634500,0.781124
E10,0.2,0.5,0,1.0,0.0,0.2,0,37,belief-pred,0.634500,0.781124
E10,0.2,0.5,0,1.0,0.0,0.2,0,37,ewma,0.593500,0.616466
E10,0.2,0.5,0,1.0,0.0,0.2,0,37,blend-paper,0.604750,0.661647
E10,0.2,0.5,0,1.0,0.0,0.2,0,37,saf-adaptive,0.634500,0.781124
E10,0.2,0.5,0,1.0,0.0,0.2,0,38,random,0.567750,0.509824
E10,0.2,0.5,0,1.0,0.0,0.2,0,38,round-robin,0.563500,0.492244
E10,0.2,0.5,0,1.0,0.0,0.2,0,38,oracle,0.686250,1.000000
E10,0.2,0.5,0,1.0,0.0,0.2,0,38,snr-greedy,0.605500,0.665977
E10,0.2,0.5,0,1.0,0.0,0.2,0,38,snr-greedy-loss,0.621750,0.733195
E10,0.2,0.5,0,1.0,0.0,0.2,0,38,snr-mean,0.606500,0.670114
E10,0.2,0.5,0,1.0,0.0,0.2,0,38,belief,0.626000,0.750776
E10,0.2,0.5,0,1.0,0.0,0.2,0,38,belief-pred,0.626000,0.750776
E10,0.2,0.5,0,1.0,0.0,0.2,0,38,ewma,0.589500,0.599793
E10,0.2,0.5,0,1.0,0.0,0.2,0,38,blend-paper,0.603500,0.657704
E10,0.2,0.5,0,1.0,0.0,0.2,0,38,saf-adaptive,0.626250,0.751810
E10,0.2,0.5,0,1.0,0.0,0.2,0,39,random,0.557000,0.500497
E10,0.2,0.5,0,1.0,0.0,0.2,0,39,round-robin,0.556250,0.497517
E10,0.2,0.5,0,1.0,0.0,0.2,0,39,oracle,0.682750,1.000000
E10,0.2,0.5,0,1.0,0.0,0.2,0,39,snr-greedy,0.598000,0.663357
E10,0.2,0.5,0,1.0,0.0,0.2,0,39,snr-greedy-loss,0.613250,0.723932
E10,0.2,0.5,0,1.0,0.0,0.2,0,39,snr-mean,0.602000,0.679245
E10,0.2,0.5,0,1.0,0.0,0.2,0,39,belief,0.622250,0.759682
E10,0.2,0.5,0,1.0,0.0,0.2,0,39,belief-pred,0.622250,0.759682
E10,0.2,0.5,0,1.0,0.0,0.2,0,39,ewma,0.566500,0.538232
E10,0.2,0.5,0,1.0,0.0,0.2,0,39,blend-paper,0.589000,0.627607
E10,0.2,0.5,0,1.0,0.0,0.2,0,39,saf-adaptive,0.623500,0.764647
E10,0.2,0.5,0,1.0,0.0,0.2,0,40,random,0.564500,0.540777
E10,0.2,0.5,0,1.0,0.0,0.2,0,40,round-robin,0.548750,0.479612
E10,0.2,0.5,0,1.0,0.0,0.2,0,40,oracle,0.682750,1.000000
E10,0.2,0.5,0,1.0,0.0,0.2,0,40,snr-greedy,0.601750,0.685437
E10,0.2,0.5,0,1.0,0.0,0.2,0,40,snr-greedy-loss,0.622000,0.764078
E10,0.2,0.5,0,1.0,0.0,0.2,0,40,snr-mean,0.594250,0.656311
E10,0.2,0.5,0,1.0,0.0,0.2,0,40,belief,0.621000,0.760194
E10,0.2,0.5,0,1.0,0.0,0.2,0,40,belief-pred,0.621000,0.760194
E10,0.2,0.5,0,1.0,0.0,0.2,0,40,ewma,0.571500,0.567961
E10,0.2,0.5,0,1.0,0.0,0.2,0,40,blend-paper,0.590500,0.641748
E10,0.2,0.5,0,1.0,0.0,0.2,0,40,saf-adaptive,0.621000,0.760194
E10,0.2,0.5,0,1.0,0.0,0.2,0,41,random,0.551250,0.462069
E10,0.2,0.5,0,1.0,0.0,0.2,0,41,round-robin,0.562000,0.504433
E10,0.2,0.5,0,1.0,0.0,0.2,0,41,oracle,0.687750,1.000000
E10,0.2,0.5,0,1.0,0.0,0.2,0,41,snr-greedy,0.608250,0.686700
E10,0.2,0.5,0,1.0,0.0,0.2,0,41,snr-greedy-loss,0.625750,0.755665
E10,0.2,0.5,0,1.0,0.0,0.2,0,41,snr-mean,0.593000,0.626601
E10,0.2,0.5,0,1.0,0.0,0.2,0,41,belief,0.626000,0.756650
E10,0.2,0.5,0,1.0,0.0,0.2,0,41,belief-pred,0.626000,0.756650
E10,0.2,0.5,0,1.0,0.0,0.2,0,41,ewma,0.590250,0.615764
E10,0.2,0.5,0,1.0,0.0,0.2,0,41,blend-paper,0.600250,0.655172
E10,0.2,0.5,0,1.0,0.0,0.2,0,41,saf-adaptive,0.623750,0.747783
E10,0.2,0.5,0,1.0,0.0,0.2,0,42,random,0.559250,0.514995
E10,0.2,0.5,0,1.0,0.0,0.2,0,42,round-robin,0.553500,0.491210
E10,0.2,0.5,0,1.0,0.0,0.2,0,42,oracle,0.676500,1.000000
E10,0.2,0.5,0,1.0,0.0,0.2,0,42,snr-greedy,0.597000,0.671148
E10,0.2,0.5,0,1.0,0.0,0.2,0,42,snr-greedy-loss,0.615000,0.745605
E10,0.2,0.5,0,1.0,0.0,0.2,0,42,snr-mean,0.595750,0.665977
E10,0.2,0.5,0,1.0,0.0,0.2,0,42,belief,0.618750,0.761117
E10,0.2,0.5,0,1.0,0.0,0.2,0,42,belief-pred,0.618750,0.761117
E10,0.2,0.5,0,1.0,0.0,0.2,0,42,ewma,0.586500,0.627715
E10,0.2,0.5,0,1.0,0.0,0.2,0,42,blend-paper,0.600250,0.684592
E10,0.2,0.5,0,1.0,0.0,0.2,0,42,saf-adaptive,0.619250,0.763185
E10,0.2,0.5,0,1.0,0.0,0.2,0,43,random,0.557250,0.507303
E10,0.2,0.5,0,1.0,0.0,0.2,0,43,round-robin,0.552750,0.489776
E10,0.2,0.5,0,1.0,0.0,0.2,0,43,oracle,0.683750,1.000000
E10,0.2,0.5,0,1.0,0.0,0.2,0,43,snr-greedy,0.597250,0.663096
E10,0.2,0.5,0,1.0,0.0,0.2,0,43,snr-greedy-loss,0.620000,0.751704
E10,0.2,0.5,0,1.0,0.0,0.2,0,43,snr-mean,0.597250,0.663096
E10,0.2,0.5,0,1.0,0.0,0.2,0,43,belief,0.625250,0.772152
E10,0.2,0.5,0,1.0,0.0,0.2,0,43,belief-pred,0.625250,0.772152
E10,0.2,0.5,0,1.0,0.0,0.2,0,43,ewma,0.580250,0.596884
E10,0.2,0.5,0,1.0,0.0,0.2,0,43,blend-paper,0.598250,0.666991
E10,0.2,0.5,0,1.0,0.0,0.2,0,43,saf-adaptive,0.625750,0.774099
E10,0.2,0.5,0,1.0,0.0,0.2,0,44,random,0.564500,0.496418
E10,0.2,0.5,0,1.0,0.0,0.2,0,44,round-robin,0.566500,0.504606
E10,0.2,0.5,0,1.0,0.0,0.2,0,44,oracle,0.687500,1.000000
E10,0.2,0.5,0,1.0,0.0,0.2,0,44,snr-greedy,0.614250,0.700102
E10,0.2,0.5,0,1.0,0.0,0.2,0,44,snr-greedy-loss,0.627500,0.754350
E10,0.2,0.5,0,1.0,0.0,0.2,0,44,snr-mean,0.605250,0.663255
E10,0.2,0.5,0,1.0,0.0,0.2,0,44,belief,0.632250,0.773797
E10,0.2,0.5,0,1.0,0.0,0.2,0,44,belief-pred,0.632250,0.773797
E10,0.2,0.5,0,1.0,0.0,0.2,0,44,ewma,0.589500,0.598772
E10,0.2,0.5,0,1.0,0.0,0.2,0,44,blend-paper,0.598750,0.636643
E10,0.2,0.5,0,1.0,0.0,0.2,0,44,saf-adaptive,0.632750,0.775844
E10,0.2,0.5,0,1.0,0.0,0.2,0,45,random,0.551750,0.490798
E10,0.2,0.5,0,1.0,0.0,0.2,0,45,round-robin,0.550250,0.484663
E10,0.2,0.5,0,1.0,0.0,0.2,0,45,oracle,0.676250,1.000000
E10,0.2,0.5,0,1.0,0.0,0.2,0,45,snr-greedy,0.591500,0.653374
E10,0.2,0.5,0,1.0,0.0,0.2,0,45,snr-greedy-loss,0.609250,0.725971
E10,0.2,0.5,0,1.0,0.0,0.2,0,45,snr-mean,0.596250,0.672802
E10,0.2,0.5,0,1.0,0.0,0.2,0,45,belief,0.613500,0.743354
E10,0.2,0.5,0,1.0,0.0,0.2,0,45,belief-pred,0.613500,0.743354
E10,0.2,0.5,0,1.0,0.0,0.2,0,45,ewma,0.576750,0.593047
E10,0.2,0.5,0,1.0,0.0,0.2,0,45,blend-paper,0.591250,0.652352
E10,0.2,0.5,0,1.0,0.0,0.2,0,45,saf-adaptive,0.613000,0.741309
E10,0.2,0.5,0,1.0,0.0,0.2,0,46,random,0.557500,0.503219
E10,0.2,0.5,0,1.0,0.0,0.2,0,46,round-robin,0.557250,0.502146
E10,0.2,0.5,0,1.0,0.0,0.2,0,46,oracle,0.673250,1.000000
E10,0.2,0.5,0,1.0,0.0,0.2,0,46,snr-greedy,0.603750,0.701717
E10,0.2,0.5,0,1.0,0.0,0.2,0,46,snr-greedy-loss,0.618000,0.762876
E10,0.2,0.5,0,1.0,0.0,0.2,0,46,snr-mean,0.597500,0.674893
E10,0.2,0.5,0,1.0,0.0,0.2,0,46,belief,0.621000,0.775751
E10,0.2,0.5,0,1.0,0.0,0.2,0,46,belief-pred,0.621000,0.775751
E10,0.2,0.5,0,1.0,0.0,0.2,0,46,ewma,0.575250,0.579399
E10,0.2,0.5,0,1.0,0.0,0.2,0,46,blend-paper,0.593000,0.655579
E10,0.2,0.5,0,1.0,0.0,0.2,0,46,saf-adaptive,0.621000,0.775751
E10,0.2,0.5,0,1.0,0.0,0.2,0,47,random,0.561000,0.500508
E10,0.2,0.5,0,1.0,0.0,0.2,0,47,round-robin,0.561000,0.500508
E10,0.2,0.5,0,1.0,0.0,0.2,0,47,oracle,0.684000,1.000000
E10,0.2,0.5,0,1.0,0.0,0.2,0,47,snr-greedy,0.608250,0.692386
E10,0.2,0.5,0,1.0,0.0,0.2,0,47,snr-greedy-loss,0.620750,0.743147
E10,0.2,0.5,0,1.0,0.0,0.2,0,47,snr-mean,0.613000,0.711675
E10,0.2,0.5,0,1.0,0.0,0.2,0,47,belief,0.629250,0.777665
E10,0.2,0.5,0,1.0,0.0,0.2,0,47,belief-pred,0.629250,0.777665
E10,0.2,0.5,0,1.0,0.0,0.2,0,47,ewma,0.583750,0.592893
E10,0.2,0.5,0,1.0,0.0,0.2,0,47,blend-paper,0.587500,0.608122
E10,0.2,0.5,0,1.0,0.0,0.2,0,47,saf-adaptive,0.627750,0.771574
E10,0.2,0.5,0,1.0,0.0,0.2,0,48,random,0.557250,0.490276
E10,0.2,0.5,0,1.0,0.0,0.2,0,48,round-robin,0.555750,0.484135
E10,0.2,0.5,0,1.0,0.0,0.2,0,48,oracle,0.681750,1.000000
E10,0.2,0.5,0,1.0,0.0,0.2,0,48,snr-greedy,0.599750,0.664278
E10,0.2,0.5,0,1.0,0.0,0.2,0,48,snr-greedy-loss,0.617000,0.734903
E10,0.2,0.5,0,1.0,0.0,0.2,0,48,snr-mean,0.602250,0.674514
E10,0.2,0.5,0,1.0,0.0,0.2,0,48,belief,0.625250,0.768680
E10,0.2,0.5,0,1.0,0.0,0.2,0,48,belief-pred,0.625250,0.768680
E10,0.2,0.5,0,1.0,0.0,0.2,0,48,ewma,0.568750,0.537359
E10,0.2,0.5,0,1.0,0.0,0.2,0,48,blend-paper,0.599250,0.662231
E10,0.2,0.5,0,1.0,0.0,0.2,0,48,saf-adaptive,0.625000,0.767656
E10,0.2,0.5,0,1.0,0.0,0.2,0,49,random,0.563250,0.527691
E10,0.2,0.5,0,1.0,0.0,0.2,0,49,round-robin,0.557250,0.502612
E10,0.2,0.5,0,1.0,0.0,0.2,0,49,oracle,0.676250,1.000000
E10,0.2,0.5,0,1.0,0.0,0.2,0,49,snr-greedy,0.597750,0.671891
E10,0.2,0.5,0,1.0,0.0,0.2,0,49,snr-greedy-loss,0.615000,0.743992
E10,0.2,0.5,0,1.0,0.0,0.2,0,49,snr-mean,0.588250,0.632184
E10,0.2,0.5,0,1.0,0.0,0.2,0,49,belief,0.621750,0.772205
E10,0.2,0.5,0,1.0,0.0,0.2,0,49,belief-pred,0.621750,0.772205
E10,0.2,0.5,0,1.0,0.0,0.2,0,49,ewma,0.573750,0.571578
E10,0.2,0.5,0,1.0,0.0,0.2,0,49,blend-paper,0.600500,0.683386
E10,0.2,0.5,0,1.0,0.0,0.2,0,49,saf-adaptive,0.620500,0.766980
E10,0.2,0.25,0,1.0,0.0,0.2,0,0,random,0.565000,0.502033
E10,0.2,0.25,0,1.0,0.0,0.2,0,0,round-robin,0.568000,0.514228
E10,0.2,0.25,0,1.0,0.0,0.2,0,0,oracle,0.687500,1.000000
E10,0.2,0.25,0,1.0,0.0,0.2,0,0,snr-greedy,0.588750,0.598577
E10,0.2,0.25,0,1.0,0.0,0.2,0,0,snr-greedy-loss,0.600250,0.645325
E10,0.2,0.25,0,1.0,0.0,0.2,0,0,snr-mean,0.614000,0.701220
E10,0.2,0.25,0,1.0,0.0,0.2,0,0,belief,0.603750,0.659553
E10,0.2,0.25,0,1.0,0.0,0.2,0,0,belief-pred,0.603750,0.659553
E10,0.2,0.25,0,1.0,0.0,0.2,0,0,ewma,0.595000,0.623984
E10,0.2,0.25,0,1.0,0.0,0.2,0,0,blend-paper,0.609250,0.681911
E10,0.2,0.25,0,1.0,0.0,0.2,0,0,saf-adaptive,0.599500,0.642276
E10,0.2,0.25,0,1.0,0.0,0.2,0,1,random,0.555750,0.497036
E10,0.2,0.25,0,1.0,0.0,0.2,0,1,round-robin,0.554250,0.491107
E10,0.2,0.25,0,1.0,0.0,0.2,0,1,oracle,0.683000,1.000000
E10,0.2,0.25,0,1.0,0.0,0.2,0,1,snr-greedy,0.581250,0.597826
E10,0.2,0.25,0,1.0,0.0,0.2,0,1,snr-greedy-loss,0.591250,0.637352
E10,0.2,0.25,0,1.0,0.0,0.2,0,1,snr-mean,0.602750,0.682806
E10,0.2,0.25,0,1.0,0.0,0.2,0,1,belief,0.594750,0.651186
E10,0.2,0.25,0,1.0,0.0,0.2,0,1,belief-pred,0.594750,0.651186
E10,0.2,0.25,0,1.0,0.0,0.2,0,1,ewma,0.585000,0.612648
E10,0.2,0.25,0,1.0,0.0,0.2,0,1,blend-paper,0.582500,0.602767
E10,0.2,0.25,0,1.0,0.0,0.2,0,1,saf-adaptive,0.596500,0.658103
E10,0.2,0.25,0,1.0,0.0,0.2,0,2,random,0.570500,0.501581
E10,0.2,0.25,0,1.0,0.0,0.2,0,2,round-robin,0.568750,0.494204
E10,0.2,0.25,0,1.0,0.0,0.2,0,2,oracle,0.688750,1.000000
E10,0.2,0.25,0,1.0,0.0,0.2,0,2,snr-greedy,0.590000,0.583772
E10,0.2,0.25,0,1.0,0.0,0.2,0,2,snr-greedy-loss,0.601750,0.633298
E10,0.2,0.25,0,1.0,0.0,0.2,0,2,snr-mean,0.611000,0.672287
E10,0.2,0.25,0,1.0,0.0,0.2,0,2,belief,0.605750,0.650158
E10,0.2,0.25,0,1.0,0.0,0.2,0,2,belief-pred,0.605750,0.650158
E10,0.2,0.25,0,1.0,0.0,0.2,0,2,ewma,0.594500,0.602740
E10,0.2,0.25,0,1.0,0.0,0.2,0,2,blend-paper,0.601750,0.633298
E10,0.2,0.25,0,1.0,0.0,0.2,0,2,saf-adaptive,0.594750,0.603793
E10,0.2,0.25,0,1.0,0.0,0.2,0,3,random,0.555500,0.469325
E10,0.2,0.25,0,1.0,0.0,0.2,0,3,round-robin,0.566750,0.515337
E10,0.2,0.25,0,1.0,0.0,0.2,0,3,oracle,0.685250,1.000000
E10,0.2,0.25,0,1.0,0.0,0.2,0,3,snr-greedy,0.586250,0.595092
E10,0.2,0.25,0,1.0,0.0,0.2,0,3,snr-greedy-loss,0.597250,0.640082
E10,0.2,0.25,0,1.0,0.0,0.2,0,3,snr-mean,0.605250,0.672802
E10,0.2,0.25,0,1.0,0.0,0.2,0,3,belief,0.602750,0.662577
E10,0.2,0.25,0,1.0,0.0,0.2,0,3,belief-pred,0.602750,0.662577
E10,0.2,0.25,0,1.0,0.0,0.2,0,3,ewma,0.591500,0.616564
E10,0.2,0.25,0,1.0,0.0,0.2,0,3,blend-paper,0.590750,0.613497
E10,0.2,0.25,0,1.0,0.0,0.2,0,3,saf-adaptive,0.600500,0.653374
E10,0.2,0.25,0,1.0,0.0,0.2,0,4,random,0.564500,0.514661
E10,0.2,0.25,0,1.0,0.0,0.2,0,4,round-robin,0.561000,0.500506
E10,0.2,0.25,0,1.0,0.0,0.2,0,4,oracle,0.684500,1.000000
E10,0.2,0.25,0,1.0,0.0,0.2,0,4,snr-greedy,0.578250,0.570273
E10,0.2,0.25,0,1.0,0.0,0.2,0,4,snr-greedy-loss,0.590250,0.618807
E10,0.2,0.25,0,1.0,0.0,0.2,0,4,snr-mean,0.599250,0.655207
E10,0.2,0.25,0,1.0,0.0,0.2,0,4,belief,0.588000,0.609707
E10,0.2,0.25,0,1.0,0.0,0.2,0,4,belief-pred,0.588000,0.609707
E10,0.2,0.25,0,1.0,0.0,0.2,0,4,ewma,0.580750,0.580384
E10,0.2,0.25,0,1.0,0.0,0.2,0,4,blend-paper,0.591000,0.621840
E10,0.2,0.25,0,1.0,0.0,0.2,0,4,saf-adaptive,0.590750,0.620829
E10,0.2,0.25,0,1.0,0.0,0.2,0,5,random,0.558750,0.492915
E10,0.2,0.25,0,1.0,0.0,0.2,0,5,round-robin,0.563500,0.512146
E10,0.2,0.25,0,1.0,0.0,0.2,0,5,oracle,0.684000,1.000000
E10,0.2,0.25,0,1.0,0.0,0.2,0,5,snr-greedy,0.585750,0.602227
E10,0.2,0.25,0,1.0,0.0,0.2,0,5,snr-greedy-loss,0.595000,0.639676
E10,0.2,0.25,0,1.0,0.0,0.2,0,5,snr-mean,0.611250,0.705466
E10,0.2,0.25,0,1.0,0.0,0.2,0,5,belief,0.600250,0.660931
E10,0.2,0.25,0,1.0,0.0,0.2,0,5,belief-pred,0.600250,0.660931
E10,0.2,0.25,0,1.0,0.0,0.2,0,5,ewma,0.598250,0.652834
E10,0.2,0.25,0,1.0,0.0,0.2,0,5,blend-paper,0.580000,0.578947
E10,0.2,0.25,0,1.0,0.0,0.2,0,5,saf-adaptive,0.604500,0.678138
E10,0.2,0.25,0,1.0,0.0,0.2,0,6,random,0.565250,0.491405
E10,0.2,0.25,0,1.0,0.0,0.2,0,6,round-robin,0.574500,0.528817
E10,0.2,0.25,0,1.0,0.0,0.2,0,6,oracle,0.691000,1.000000
E10,0.2,0.25,0,1.0,0.0,0.2,0,6,snr-greedy,0.590750,0.594540
E10,0.2,0.25,0,1.0,0.0,0.2,0,6,snr-greedy-loss,0.597750,0.622851
E10,0.2,0.25,0,1.0,0.0,0.2,0,6,snr-mean,0.611500,0.678463
E10,0.2,0.25,0,1.0,0.0,0.2,0,6,belief,0.608250,0.665319
E10,0.2,0.25,0,1.0,0.0,0.2,0,6,belief-pred,0.608250,0.665319
E10,0.2,0.25,0,1.0,0.0,0.2,0,6,ewma,0.573750,0.525784
E10,0.2,0.25,0,1.0,0.0,0.2,0,6,blend-paper,0.593750,0.606673
E10,0.2,0.25,0,1.0,0.0,0.2,0,6,saf-adaptive,0.600500,0.633974
E10,0.2,0.25,0,1.0,0.0,0.2,0,7,random,0.569000,0.503776
E10,0.2,0.25,0,1.0,0.0,0.2,0,7,round-robin,0.567750,0.498382
E10,0.2,0.25,0,1.0,0.0,0.2,0,7,oracle,0.684000,1.000000
E10,0.2,0.25,0,1.0,0.0,0.2,0,7,snr-greedy,0.593500,0.609493
E10,0.2,0.25,0,1.0,0.0,0.2,0,7,snr-greedy-loss,0.600500,0.639698
E10,0.2,0.25,0,1.0,0.0,0.2,0,7,snr-mean,0.614250,0.699029
E10,0.2,0.25,0,1.0,0.0,0.2,0,7,belief,0.605000,0.659115
E10,0.2,0.25,0,1.0,0.0,0.2,0,7,belief-pred,0.605000,0.659115
E10,0.2,0.25,0,1.0,0.0,0.2,0,7,ewma,0.582500,0.562028
E10,0.2,0.25,0,1.0,0.0,0.2,0,7,blend-paper,0.592000,0.603020
E10,0.2,0.25,0,1.0,0.0,0.2,0,7,saf-adaptive,0.605750,0.662352
E10,0.2,0.25,0,1.0,0.0,0.2,0,8,random,0.556000,0.468718
E10,0.2,0.25,0,1.0,0.0,0.2,0,8,round-robin,0.564500,0.503590
E10,0.2,0.25,0,1.0,0.0,0.2,0,8,oracle,0.685500,1.000000
E10,0.2,0.25,0,1.0,0.0,0.2,0,8,snr-greedy,0.587000,0.595897
E10,0.2,0.25,0,1.0,0.0,0.2,0,8,snr-greedy-loss,0.592750,0.619487
E10,0.2,0.25,0,1.0,0.0,0.2,0,8,snr-mean,0.606250,0.674872
E10,0.2,0.25,0,1.0,0.0,0.2,0,8,belief,0.599250,0.646154
E10,0.2,0.25,0,1.0,0.0,0.2,0,8,belief-pred,0.599250,0.646154
E10,0.2,0.25,0,1.0,0.0,0.2,0,8,ewma,0.579500,0.565128
E10,0.2,0.25,0,1.0,0.0,0.2,0,8,blend-paper,0.593500,0.622564
E10,0.2,0.25,0,1.0,0.0,0.2,0,8,saf-adaptive,0.598500,0.643077
E10,0.2,0.25,0,1.0,0.0,0.2,0,9,random,0.559000,0.509202
E10,0.2,0.25,0,1.0,0.0,0.2,0,9,round-robin,0.559750,0.512270
E10,0.2,0.25,0,1.0,0.0,0.2,0,9,oracle,0.679000,1.000000
E10,0.2,0.25,0,1.0,0.0,0.2,0,9,snr-greedy,0.584500,0.613497
E10,0.2,0.25,0,1.0,0.0,0.2,0,9,snr-greedy-loss,0.594500,0.654397
E10,0.2,0.25,0,1.0,0.0,0.2,0,9,snr-mean,0.591500,0.642127
E10,0.2,0.25,0,1.0,0.0,0.2,0,9,belief,0.599000,0.672802
E10,0.2,0.25,0,1.0,0.0,0.2,0,9,belief-pred,0.599000,0.672802
E10,0.2,0.25,0,1.0,0.0,0.2,0,9,ewma,0.575250,0.575665
E10,0.2,0.25,0,1.0,0.0,0.2,0,9,blend-paper,0.576250,0.579755
E10,0.2,0.25,0,1.0,0.0,0.2,0,9,saf-adaptive,0.598250,0.669734
E10,0.2,0.25,0,1.0,0.0,0.2,0,10,random,0.558750,0.509214
E10,0.2,0.25,0,1.0,0.0,0.2,0,10,round-robin,0.557500,0.504365
E10,0.2,0.25,0,1.0,0.0,0.2,0,10,oracle,0.685250,1.000000
E10,0.2,0.25,0,1.0,0.0,0.2,0,10,snr-greedy,0.577000,0.580019
E10,0.2,0.25,0,1.0,0.0,0.2,0,10,snr-greedy-loss,0.588750,0.625606
E10,0.2,0.25,0,1.0,0.0,0.2,0,10,snr-mean,0.617000,0.735209
E10,0.2,0.25,0,1.0,0.0,0.2,0,10,belief,0.596500,0.655674
E10,0.2,0.25,0,1.0,0.0,0.2,0,10,belief-pred,0.596500,0.655674
E10,0.2,0.25,0,1.0,0.0,0.2,0,10,ewma,0.569750,0.551891
E10,0.2,0.25,0,1.0,0.0,0.2,0,10,blend-paper,0.585750,0.613967
E10,0.2,0.25,0,1.0,0.0,0.2,0,10,saf-adaptive,0.591250,0.635306
E10,0.2,0.25,0,1.0,0.0,0.2,0,11,random,0.565750,0.505653
E10,0.2,0.25,0,1.0,0.0,0.2,0,11,round-robin,0.570250,0.524152
E10,0.2,0.25,0,1.0,0.0,0.2,0,11,oracle,0.686000,1.000000
E10,0.2,0.25,0,1.0,0.0,0.2,0,11,snr-greedy,0.591250,0.610483
E10,0.2,0.25,0,1.0,0.0,0.2,0,11,snr-greedy-loss,0.603000,0.658787
E10,0.2,0.25,0,1.0,0.0,0.2,0,11,snr-mean,0.596000,0.630010
E10,0.2,0.25,0,1.0,0.0,0.2,0,11,belief,0.603000,0.658787
E10,0.2,0.25,0,1.0,0.0,0.2,0,11,belief-pred,0.603000,0.658787
E10,0.2,0.25,0,1.0,0.0,0.2,0,11,ewma,0.590000,0.605344
E10,0.2,0.25,0,1.0,0.0,0.2,0,11,blend-paper,0.591750,0.612539
E10,0.2,0.25,0,1.0,0.0,0.2,0,11,saf-adaptive,0.603000,0.658787
E10,0.2,0.25,0,1.0,0.0,0.2,0,12,random,0.562000,0.490216
E10,0.2,0.25,0,1.0,0.0,0.2,0,12,round-robin,0.563250,0.495366
E10,0.2,0.25,0,1.0,0.0,0.2,0,12,oracle,0.685750,1.000000
E10,0.2,0.25,0,1.0,0.0,0.2,0,12,snr-greedy,0.594000,0.622039
E10,0.2,0.25,0,1.0,0.0,0.2,0,12,snr-greedy-loss,0.598750,0.641607
E10,0.2,0.25,0,1.0,0.0,0.2,0,12,snr-mean,0.610750,0.691040
E10,0.2,0.25,0,1.0,0.0,0.2,0,12,belief,0.602250,0.656025
E10,0.2,0.25,0,1.0,0.0,0.2,0,12,belief-pred,0.602250,0.656025
E10,0.2,0.25,0,1.0,0.0,0.2,0,12,ewma,0.584250,0.581874
E10,0.2,0.25,0,1.0,0.0,0.2,0,12,blend-paper,0.594750,0.625129
E10,0.2,0.25,0,1.0,0.0,0.2,0,12,saf-adaptive,0.601500,0.652935
E10,0.2,0.25,0,1.0,0.0,0.2,0,13,random,0.558000,0.480691
E10,0.2,0.25,0,1.0,0.0,0.2,0,13,round-robin,0.564000,0.505081
E10,0.2,0.25,0,1.0,0.0,0.2,0,13,oracle,0.685750,1.000000
E10,0.2,0.25,0,1.0,0.0,0.2,0,13,snr-greedy,0.588500,0.604675
E10,0.2,0.25,0,1.0,0.0,0.2,0,13,snr-greedy-loss,0.598750,0.646341
E10,0.2,0.25,0,1.0,0.0,0.2,0,13,snr-mean,0.610250,0.693089
E10,0.2,0.25,0,1.0,0.0,0.2,0,13,belief,0.599500,0.649390
E10,0.2,0.25,0,1.0,0.0,0.2,0,13,belief-pred,0.599500,0.649390
E10,0.2,0.25,0,1.0,0.0,0.2,0,13,ewma,0.592000,0.618902
E10,0.2,0.25,0,1.0,0.0,0.2,0,13,blend-paper,0.593750,0.626016
E10,0.2,0.25,0,1.0,0.0,0.2,0,13,saf-adaptive,0.603250,0.664634
E10,0.2,0.25,0,1.0,0.0,0.2,0,14,random,0.574000,0.517695
E10,0.2,0.25,0,1.0,0.0,0.2,0,14,round-robin,0.570000,0.501517
E10,0.2,0.25,0,1.0,0.0,0.2,0,14,oracle,0.693250,1.000000
E10,0.2,0.25,0,1.0,0.0,0.2,0,14,snr-greedy,0.596000,0.606673
E10,0.2,0.25,0,1.0,0.0,0.2,0,14,snr-greedy-loss,0.603000,0.634985
E10,0.2,0.25,0,1.0,0.0,0.2,0,14,snr-mean,0.613750,0.678463
E10,0.2,0.25,0,1.0,0.0,0.2,0,14,belief,0.602500,0.632963
E10,0.2,0.25,0,1.0,0.0,0.2,0,14,belief-pred,0.602500,0.632963
E10,0.2,0.25,0,1.0,0.0,0.2,0,14,ewma,0.587000,0.570273
E10,0.2,0.25,0,1.0,0.0,0.2,0,14,blend-paper,0.584500,0.560162
E10,0.2,0.25,0,1.0,0.0,0.2,0,14,saf-adaptive,0.598000,0.614762
E10,0.2,0.25,0,1.0,0.0,0.2,0,15,random,0.555250,0.478528
E10,0.2,0.25,0,1.0,0.0,0.2,0,15,round-robin,0.560750,0.501022
E10,0.2,0.25,0,1.0,0.0,0.2,0,15,oracle,0.682750,1.000000
E10,0.2,0.25,0,1.0,0.0,0.2,0,15,snr-greedy,0.590750,0.623722
E10,0.2,0.25,0,1.0,0.0,0.2,0,15,snr-greedy-loss,0.596000,0.645194
E10,0.2,0.25,0,1.0,0.0,0.2,0,15,snr-mean,0.605750,0.685072
E10,0.2,0.25,0,1.0,0.0,0.2,0,15,belief,0.600250,0.662577
E10,0.2,0.25,0,1.0,0.0,0.2,0,15,belief-pred,0.600250,0.662577
E10,0.2,0.25,0,1.0,0.0,0.2,0,15,ewma,0.560500,0.500000
E10,0.2,0.25,0,1.0,0.0,0.2,0,15,blend-paper,0.577250,0.568507
E10,0.2,0.25,0,1.0,0.0,0.2,0,15,saf-adaptive,0.600000,0.661554
E10,0.2,0.25,0,1.0,0.0,0.2,0,16,random,0.556250,0.476042
E10,0.2,0.25,0,1.0,0.0,0.2,0,16,round-robin,0.560750,0.494792
E10,0.2,0.25,0,1.0,0.0,0.2,0,16,oracle,0.682000,1.000000
E10,0.2,0.25,0,1.0,0.0,0.2,0,16,snr-greedy,0.581500,0.581250
E10,0.2,0.25,0,1.0,0.0,0.2,0,16,snr-greedy-loss,0.591000,0.620833
E10,0.2,0.25,0,1.0,0.0,0.2,0,16,snr-mean,0.599500,0.656250
E10,0.2,0.25,0,1.0,0.0,0.2,0,16,belief,0.597500,0.647917
E10,0.2,0.25,0,1.0,0.0,0.2,0,16,belief-pred,0.597500,0.647917
E10,0.2,0.25,0,1.0,0.0,0.2,0,16,ewma,0.594500,0.635417
E10,0.2,0.25,0,1.0,0.0,0.2,0,16,blend-paper,0.590500,0.618750
E10,0.2,0.25,0,1.0,0.0,0.2,0,16,saf-adaptive,0.596500,0.643750
E10,0.2,0.25,0,1.0,0.0,0.2,0,17,random,0.560000,0.503992
E10,0.2,0.25,0,1.0,0.0,0.2,0,17,round-robin,0.563500,0.517964
E10,0.2,0.25,0,1.0,0.0,0.2,0,17,oracle,0.684250,1.000000
E10,0.2,0.25,0,1.0,0.0,0.2,0,17,snr-greedy,0.584250,0.600798
E10,0.2,0.25,0,1.0,0.0,0.2,0,17,snr-greedy-loss,0.592250,0.632735
E10,0.2,0.25,0,1.0,0.0,0.2,0,17,snr-mean,0.603500,0.677645
E10,0.2,0.25,0,1.0,0.0,0.2,0,17,belief,0.595500,0.645709
E10,0.2,0.25,0,1.0,0.0,0.2,0,17,belief-pred,0.595500,0.645709
E10,0.2,0.25,0,1.0,0.0,0.2,0,17,ewma,0.581750,0.590818
E10,0.2,0.25,0,1.0,0.0,0.2,0,17,blend-paper,0.596000,0.647705
E10,0.2,0.25,0,1.0,0.0,0.2,0,17,saf-adaptive,0.595250,0.644711
E10,0.2,0.25,0,1.0,0.0,0.2,0,18,random,0.538500,0.461020
E10,0.2,0.25,0,1.0,0.0,0.2,0,18,round-robin,0.548500,0.499519
E10,0.2,0.25,0,1.0,0.0,0.2,0,18,oracle,0.678500,1.000000
E10,0.2,0.25,0,1.0,0.0,0.2,0,18,snr-greedy,0.583250,0.633301
E10,0.2,0.25,0,1.0,0.0,0.2,0,18,snr-greedy-loss,0.591000,0.663138
E10,0.2,0.25,0,1.0,0.0,0.2,0,18,snr-mean,0.595250,0.679500
E10,0.2,0.25,0,1.0,0.0,0.2,0,18,belief,0.591250,0.664100
E10,0.2,0.25,0,1.0,0.0,0.2,0,18,belief-pred,0.591250,0.664100
E10,0.2,0.25,0,1.0,0.0,0.2,0,18,ewma,0.560250,0.544755
E10,0.2,0.25,0,1.0,0.0,0.2,0,18,blend-paper,0.578500,0.615014
E10,0.2,0.25,0,1.0,0.0,0.2,0,18,saf-adaptive,0.594500,0.676612
E10,0.2,0.25,0,1.0,0.0,0.2,0,19,random,0.568000,0.511041
E10,0.2,0.25,0,1.0,0.0,0.2,0,19,round-robin,0.566500,0.504732
E10,0.2,0.25,0,1.0,0.0,0.2,0,19,oracle,0.684250,1.000000
E10,0.2,0.25,0,1.0,0.0,0.2,0,19,snr-greedy,0.592000,0.611987
E10,0.2,0.25,0,1.0,0.0,0.2,0,19,snr-greedy-loss,0.600750,0.648791
E10,0.2,0.25,0,1.0,0.0,0.2,0,19,snr-mean,0.605000,0.666667
E10,0.2,0.25,0,1.0,0.0,0.2,0,19,belief,0.605250,0.667718
E10,0.2,0.25,0,1.0,0.0,0.2,0,19,belief-pred,0.605250,0.667718
E10,0.2,0.25,0,1.0,0.0,0.2,0,19,ewma,0.576000,0.544690
E10,0.2,0.25,0,1.0,0.0,0.2,0,19,blend-paper,0.596750,0.631966
E10,0.2,0.25,0,1.0,0.0,0.2,0,19,saf-adaptive,0.604750,0.665615
E10,0.2,0.25,0,1.0,0.0,0.2,0,20,random,0.568000,0.496994
E10,0.2,0.25,0,1.0,0.0,0.2,0,20,round-robin,0.571750,0.512024
E10,0.2,0.25,0,1.0,0.0,0.2,0,20,oracle,0.693500,1.000000
E10,0.2,0.25,0,1.0,0.0,0.2,0,20,snr-greedy,0.596750,0.612224
E10,0.2,0.25,0,1.0,0.0,0.2,0,20,snr-greedy-loss,0.605750,0.648297
E10,0.2,0.25,0,1.0,0.0,0.2,0,20,snr-mean,0.612000,0.673347
E10,0.2,0.25,0,1.0,0.0,0.2,0,20,belief,0.610000,0.665331
E10,0.2,0.25,0,1.0,0.0,0.2,0,20,belief-pred,0.610000,0.665331
E10,0.2,0.25,0,1.0,0.0,0.2,0,20,ewma,0.587750,0.576152
E10,0.2,0.25,0,1.0,0.0,0.2,0,20,blend-paper,0.608500,0.659319
E10,0.2,0.25,0,1.0,0.0,0.2,0,20,saf-adaptive,0.610000,0.665331
E10,0.2,0.25,0,1.0,0.0,0.2,0,21,random,0.563250,0.509202
E10,0.2,0.25,0,1.0,0.0,0.2,0,21,round-robin,0.560000,0.495910
E10,0.2,0.25,0,1.0,0.0,0.2,0,21,oracle,0.683250,1.000000
E10,0.2,0.25,0,1.0,0.0,0.2,0,21,snr-greedy,0.584500,0.596115
E10,0.2,0.25,0,1.0,0.0,0.2,0,21,snr-greedy-loss,0.602000,0.667689
E10,0.2,0.25,0,1.0,0.0,0.2,0,21,snr-mean,0.592000,0.626789
E10,0.2,0.25,0,1.0,0.0,0.2,0,21,belief,0.603250,0.672802
E10,0.2,0.25,0,1.0,0.0,0.2,0,21,belief-pred,0.603250,0.672802
E10,0.2,0.25,0,1.0,0.0,0.2,0,21,ewma,0.585500,0.600204
E10,0.2,0.25,0,1.0,0.0,0.2,0,21,blend-paper,0.583750,0.593047
E10,0.2,0.25,0,1.0,0.0,0.2,0,21,saf-adaptive,0.599250,0.656442
E10,0.2,0.25,0,1.0,0.0,0.2,0,22,random,0.564250,0.488083
E10,0.2,0.25,0,1.0,0.0,0.2,0,22,round-robin,0.565250,0.492228
E10,0.2,0.25,0,1.0,0.0,0.2,0,22,oracle,0.687750,1.000000
E10,0.2,0.25,0,1.0,0.0,0.2,0,22,snr-greedy,0.587500,0.584456
E10,0.2,0.25,0,1.0,0.0,0.2,0,22,snr-greedy-loss,0.592000,0.603109
E10,0.2,0.25,0,1.0,0.0,0.2,0,22,snr-mean,0.595500,0.617617
E10,0.2,0.25,0,1.0,0.0,0.2,0,22,belief,0.599750,0.635233
E10,0.2,0.25,0,1.0,0.0,0.2,0,22,belief-pred,0.599750,0.635233
E10,0.2,0.25,0,1.0,0.0,0.2,0,22,ewma,0.584000,0.569948
E10,0.2,0.25,0,1.0,0.0,0.2,0,22,blend-paper,0.590750,0.597927
E10,0.2,0.25,0,1.0,0.0,0.2,0,22,saf-adaptive,0.594000,0.611399
E10,0.2,0.25,0,1.0,0.0,0.2,0,23,random,0.568000,0.544330
E10,0.2,0.25,0,1.0,0.0,0.2,0,23,round-robin,0.554250,0.487629
E10,0.2,0.25,0,1.0,0.0,0.2,0,23,oracle,0.678500,1.000000
E10,0.2,0.25,0,1.0,0.0,0.2,0,23,snr-greedy,0.579250,0.590722
E10,0.2,0.25,0,1.0,0.0,0.2,0,23,snr-greedy-loss,0.589500,0.632990
E10,0.2,0.25,0,1.0,0.0,0.2,0,23,snr-mean,0.598000,0.668041
E10,0.2,0.25,0,1.0,0.0,0.2,0,23,belief,0.592000,0.643299
E10,0.2,0.25,0,1.0,0.0,0.2,0,23,belief-pred,0.592000,0.643299
E10,0.2,0.25,0,1.0,0.0,0.2,0,23,ewma,0.588000,0.626804
E10,0.2,0.25,0,1.0,0.0,0.2,0,23,blend-paper,0.602500,0.686598
E10,0.2,0.25,0,1.0,0.0,0.2,0,23,saf-adaptive,0.592000,0.643299
E10,0.2,0.25,0,1.0,0.0,0.2,0,24,random,0.558250,0.469968
E10,0.2,0.25,0,1.0,0.0,0.2,0,24,round-robin,0.560750,0.480506
E10,0.2,0.25,0,1.0,0.0,0.2,0,24,oracle,0.684000,1.000000
E10,0.2,0.25,0,1.0,0.0,0.2,0,24,snr-greedy,0.589000,0.599579
E10,0.2,0.25,0,1.0,0.0,0.2,0,24,snr-greedy-loss,0.601500,0.652266
E10,0.2,0.25,0,1.0,0.0,0.2,0,24,snr-mean,0.606000,0.671233
E10,0.2,0.25,0,1.0,0.0,0.2,0,24,belief,0.600500,0.648051
E10,0.2,0.25,0,1.0,0.0,0.2,0,24,belief-pred,0.600500,0.648051
E10,0.2,0.25,0,1.0,0.0,0.2,0,24,ewma,0.597500,0.635406
E10,0.2,0.25,0,1.0,0.0,0.2,0,24,blend-paper,0.605250,0.668072
E10,0.2,0.25,0,1.0,0.0,0.2,0,24,saf-adaptive,0.598500,0.639621
E10,0.2,0.25,0,1.0,0.0,0.2,0,25,random,0.571500,0.503680
E10,0.2,0.25,0,1.0,0.0,0.2,0,25,round-robin,0.569750,0.496320
E10,0.2,0.25,0,1.0,0.0,0.2,0,25,oracle,0.689500,1.000000
E10,0.2,0.25,0,1.0,0.0,0.2,0,25,snr-greedy,0.594250,0.599369
E10,0.2,0.25,0,1.0,0.0,0.2,0,25,snr-greedy-loss,0.596250,0.607781
E10,0.2,0.25,0,1.0,0.0,0.2,0,25,snr-mean,0.610500,0.667718
E10,0.2,0.25,0,1.0,0.0,0.2,0,25,belief,0.602000,0.631966
E10,0.2,0.25,0,1.0,0.0,0.2,0,25,belief-pred,0.602000,0.631966
E10,0.2,0.25,0,1.0,0.0,0.2,0,25,ewma,0.592500,0.592008
E10,0.2,0.25,0,1.0,0.0,0.2,0,25,blend-paper,0.599000,0.619348
E10,0.2,0.25,0,1.0,0.0,0.2,0,25,saf-adaptive,0.588750,0.576236
E10,0.2,0.25,0,1.0,0.0,0.2,0,26,random,0.568750,0.496517
E10,0.2,0.25,0,1.0,0.0,0.2,0,26,round-robin,0.569500,0.499502
E10,0.2,0.25,0,1.0,0.0,0.2,0,26,oracle,0.695250,1.000000
E10,0.2,0.25,0,1.0,0.0,0.2,0,26,snr-greedy,0.593500,0.595025
E10,0.2,0.25,0,1.0,0.0,0.2,0,26,snr-greedy-loss,0.608500,0.654726
E10,0.2,0.25,0,1.0,0.0,0.2,0,26,snr-mean,0.625750,0.723383
E10,0.2,0.25,0,1.0,0.0,0.2,0,26,belief,0.612750,0.671642
E10,0.2,0.25,0,1.0,0.0,0.2,0,26,belief-pred,0.612750,0.671642
E10,0.2,0.25,0,1.0,0.0,0.2,0,26,ewma,0.600250,0.621891
E10,0.2,0.25,0,1.0,0.0,0.2,0,26,blend-paper,0.595000,0.600995
E10,0.2,0.25,0,1.0,0.0,0.2,0,26,saf-adaptive,0.615250,0.681592
E10,0.2,0.25,0,1.0,0.0,0.2,0,27,random,0.572000,0.501542
E10,0.2,0.25,0,1.0,0.0,0.2,0,27,round-robin,0.570750,0.496403
E10,0.2,0.25,0,1.0,0.0,0.2,0,27,oracle,0.693250,1.000000
E10,0.2,0.25,0,1.0,0.0,0.2,0,27,snr-greedy,0.595500,0.598150
E10,0.2,0.25,0,1.0,0.0,0.2,0,27,snr-greedy-loss,0.611500,0.663926
E10,0.2,0.25,0,1.0,0.0,0.2,0,27,snr-mean,0.614000,0.674203
E10,0.2,0.25,0,1.0,0.0,0.2,0,27,belief,0.611750,0.664954
E10,0.2,0.25,0,1.0,0.0,0.2,0,27,belief-pred,0.611750,0.664954
E10,0.2,0.25,0,1.0,0.0,0.2,0,27,ewma,0.594750,0.595067
E10,0.2,0.25,0,1.0,0.0,0.2,0,27,blend-paper,0.588000,0.567318
E10,0.2,0.25,0,1.0,0.0,0.2,0,27,saf-adaptive,0.612000,0.665982
E10,0.2,0.25,0,1.0,0.0,0.2,0,28,random,0.565000,0.496862
E10,0.2,0.25,0,1.0,0.0,0.2,0,28,round-robin,0.564250,0.493724
E10,0.2,0.25,0,1.0,0.0,0.2,0,28,oracle,0.685250,1.000000
E10,0.2,0.25,0,1.0,0.0,0.2,0,28,snr-greedy,0.583250,0.573222
E10,0.2,0.25,0,1.0,0.0,0.2,0,28,snr-greedy-loss,0.592750,0.612971
E10,0.2,0.25,0,1.0,0.0,0.2,0,28,snr-mean,0.608500,0.678870
E10,0.2,0.25,0,1.0,0.0,0.2,0,28,belief,0.599250,0.640167
E10,0.2,0.25,0,1.0,0.0,0.2,0,28,belief-pred,0.599250,0.640167
E10,0.2,0.25,0,1.0,0.0,0.2,0,28,ewma,0.576500,0.544979
E10,0.2,0.25,0,1.0,0.0,0.2,0,28,blend-paper,0.592250,0.610879
E10,0.2,0.25,0,1.0,0.0,0.2,0,28,saf-adaptive,0.601000,0.647490
E10,0.2,0.25,0,1.0,0.0,0.2,0,29,random,0.559000,0.479365
E10,0.2,0.25,0,1.0,0.0,0.2,0,29,round-robin,0.562000,0.492063
E10,0.2,0.25,0,1.0,0.0,0.2,0,29,oracle,0.682000,1.000000
E10,0.2,0.25,0,1.0,0.0,0.2,0,29,snr-greedy,0.594750,0.630688
E10,0.2,0.25,0,1.0,0.0,0.2,0,29,snr-greedy-loss,0.603000,0.665608
E10,0.2,0.25,0,1.0,0.0,0.2,0,29,snr-mean,0.607500,0.684656
E10,0.2,0.25,0,1.0,0.0,0.2,0,29,belief,0.606250,0.679365
E10,0.2,0.25,0,1.0,0.0,0.2,0,29,belief-pred,0.606250,0.679365
E10,0.2,0.25,0,1.0,0.0,0.2,0,29,ewma,0.589750,0.609524
E10,0.2,0.25,0,1.0,0.0,0.2,0,29,blend-paper,0.604500,0.671958
E10,0.2,0.25,0,1.0,0.0,0.2,0,29,saf-adaptive,0.606000,0.678307
E10,0.2,0.25,0,1.0,0.0,0.2,0,30,random,0.555750,0.489066
E10,0.2,0.25,0,1.0,0.0,0.2,0,30,round-robin,0.559750,0.504970
E10,0.2,0.25,0,1.0,0.0,0.2,0,30,oracle,0.684250,1.000000
E10,0.2,0.25,0,1.0,0.0,0.2,0,30,snr-greedy,0.582750,0.596421
E10,0.2,0.25,0,1.0,0.0,0.2,0,30,snr-greedy-loss,0.596000,0.649105
E10,0.2,0.25,0,1.0,0.0,0.2,0,30,snr-mean,0.598750,0.660040
E10,0.2,0.25,0,1.0,0.0,0.2,0,30,belief,0.600000,0.665010
E10,0.2,0.25,0,1.0,0.0,0.2,0,30,belief-pred,0.600000,0.665010
E10,0.2,0.25,0,1.0,0.0,0.2,0,30,ewma,0.576750,0.572565
E10,0.2,0.25,0,1.0,0.0,0.2,0,30,blend-paper,0.577250,0.574553
E10,0.2,0.25,0,1.0,0.0,0.2,0,30,saf-adaptive,0.599250,0.662028
E10,0.2,0.25,0,1.0,0.0,0.2,0,31,random,0.566250,0.509414
E10,0.2,0.25,0,1.0,0.0,0.2,0,31,round-robin,0.566250,0.509414
E10,0.2,0.25,0,1.0,0.0,0.2,0,31,oracle,0.683500,1.000000
E10,0.2,0.25,0,1.0,0.0,0.2,0,31,snr-greedy,0.586500,0.594142
E10,0.2,0.25,0,1.0,0.0,0.2,0,31,snr-greedy-loss,0.597000,0.638075
E10,0.2,0.25,0,1.0,0.0,0.2,0,31,snr-mean,0.609000,0.688285
E10,0.2,0.25,0,1.0,0.0,0.2,0,31,belief,0.602500,0.661088
E10,0.2,0.25,0,1.0,0.0,0.2,0,31,belief-pred,0.602500,0.661088
E10,0.2,0.25,0,1.0,0.0,0.2,0,31,ewma,0.596750,0.637029
E10,0.2,0.25,0,1.0,0.0,0.2,0,31,blend-paper,0.593750,0.624477
E10,0.2,0.25,0,1.0,0.0,0.2,0,31,saf-adaptive,0.603250,0.664226
E10,0.2,0.25,0,1.0,0.0,0.2,0,32,random,0.565750,0.513542
E10,0.2,0.25,0,1.0,0.0,0.2,0,32,round-robin,0.562000,0.497917
E10,0.2,0.25,0,1.0,0.0,0.2,0,32,oracle,0.682500,1.000000
E10,0.2,0.25,0,1.0,0.0,0.2,0,32,snr-greedy,0.586250,0.598958
E10,0.2,0.25,0,1.0,0.0,0.2,0,32,snr-greedy-loss,0.590500,0.616667
E10,0.2,0.25,0,1.0,0.0,0.2,0,32,snr-mean,0.614000,0.714583
E10,0.2,0.25,0,1.0,0.0,0.2,0,32,belief,0.600500,0.658333
E10,0.2,0.25,0,1.0,0.0,0.2,0,32,belief-pred,0.600500,0.658333
E10,0.2,0.25,0,1.0,0.0,0.2,0,32,ewma,0.599250,0.653125
E10,0.2,0.25,0,1.0,0.0,0.2,0,32,blend-paper,0.591250,0.619792
E10,0.2,0.25,0,1.0,0.0,0.2,0,32,saf-adaptive,0.600500,0.658333
E10,0.2,0.25,0,1.0,0.0,0.2,0,33,random,0.568250,0.510101
E10,0.2,0.25,0,1.0,0.0,0.2,0,33,round-robin,0.564750,0.495960
E10,0.2,0.25,0,1.0,0.0,0.2,0,33,oracle,0.689500,1.000000
E10,0.2,0.25,0,1.0,0.0,0.2,0,33,snr-greedy,0.588750,0.592929
E10,0.2,0.25,0,1.0,0.0,0.2,0,33,snr-greedy-loss,0.602500,0.648485
E10,0.2,0.25,0,1.0,0.0,0.2,0,33,snr-mean,0.605250,0.659596
E10,0.2,0.25,0,1.0,0.0,0.2,0,33,belief,0.608750,0.673737
E10,0.2,0.25,0,1.0,0.0,0.2,0,33,belief-pred,0.608750,0.673737
E10,0.2,0.25,0,1.0,0.0,0.2,0,33,ewma,0.592000,0.606061
E10,0.2,0.25,0,1.0,0.0,0.2,0,33,blend-paper,0.594250,0.615152
E10,0.2,0.25,0,1.0,0.0,0.2,0,33,saf-adaptive,0.609500,0.676768
E10,0.2,0.25,0,1.0,0.0,0.2,0,34,random,0.561750,0.520161
E10,0.2,0.25,0,1.0,0.0,0.2,0,34,round-robin,0.555500,0.494960
E10,0.2,0.25,0,1.0,0.0,0.2,0,34,oracle,0.680750,1.000000
E10,0.2,0.25,0,1.0,0.0,0.2,0,34,snr-greedy,0.573750,0.568548
E10,0.2,0.25,0,1.0,0.0,0.2,0,34,snr-greedy-loss,0.585750,0.616935
E10,0.2,0.25,0,1.0,0.0,0.2,0,34,snr-mean,0.585000,0.613911
E10,0.2,0.25,0,1.0,0.0,0.2,0,34,belief,0.591750,0.641129
E10,0.2,0.25,0,1.0,0.0,0.2,0,34,belief-pred,0.591750,0.641129
E10,0.2,0.25,0,1.0,0.0,0.2,0,34,ewma,0.580000,0.593750
E10,0.2,0.25,0,1.0,0.0,0.2,0,34,blend-paper,0.575750,0.576613
E10,0.2,0.25,0,1.0,0.0,0.2,0,34,saf-adaptive,0.585250,0.614919
E10,0.2,0.25,0,1.0,0.0,0.2,0,35,random,0.567000,0.496335
E10,0.2,0.25,0,1.0,0.0,0.2,0,35,round-robin,0.568000,0.500524
E10,0.2,0.25,0,1.0,0.0,0.2,0,35,oracle,0.687250,1.000000
E10,0.2,0.25,0,1.0,0.0,0.2,0,35,snr-greedy,0.589250,0.589529
E10,0.2,0.25,0,1.0,0.0,0.2,0,35,snr-greedy-loss,0.595000,0.613613
E10,0.2,0.25,0,1.0,0.0,0.2,0,35,snr-mean,0.612250,0.685864
E10,0.2,0.25,0,1.0,0.0,0.2,0,35,belief,0.608000,0.668063
E10,0.2,0.25,0,1.0,0.0,0.2,0,35,belief-pred,0.608000,0.668063
E10,0.2,0.25,0,1.0,0.0,0.2,0,35,ewma,0.603000,0.647120
E10,0.2,0.25,0,1.0,0.0,0.2,0,35,blend-paper,0.598250,0.627225
E10,0.2,0.25,0,1.0,0.0,0.2,0,35,saf-adaptive,0.602750,0.646073
E10,0.2,0.25,0,1.0,0.0,0.2,0,36,random,0.569500,0.501577
E10,0.2,0.25,0,1.0,0.0,0.2,0,36,round-robin,0.573500,0.518402
E10,0.2,0.25,0,1.0,0.0,0.2,0,36,oracle,0.688000,1.000000
E10,0.2,0.25,0,1.0,0.0,0.2,0,36,snr-greedy,0.593500,0.602524
E10,0.2,0.25,0,1.0,0.0,0.2,0,36,snr-greedy-loss,0.598750,0.624606
E10,0.2,0.25,0,1.0,0.0,0.2,0,36,snr-mean,0.605500,0.652997
E10,0.2,0.25,0,1.0,0.0,0.2,0,36,belief,0.607000,0.659306
E10,0.2,0.25,0,1.0,0.0,0.2,0,36,belief-pred,0.607000,0.659306
E10,0.2,0.25,0,1.0,0.0,0.2,0,36,ewma,0.604250,0.647739
E10,0.2,0.25,0,1.0,0.0,0.2,0,36,blend-paper,0.600250,0.630915
E10,0.2,0.25,0,1.0,0.0,0.2,0,36,saf-adaptive,0.606000,0.655100
E10,0.2,0.25,0,1.0,0.0,0.2,0,37,random,0.561000,0.487310
E10,0.2,0.25,0,1.0,0.0,0.2,0,37,round-robin,0.561250,0.488325
E10,0.2,0.25,0,1.0,0.0,0.2,0,37,oracle,0.687250,1.000000
E10,0.2,0.25,0,1.0,0.0,0.2,0,37,snr-greedy,0.590000,0.605076
E10,0.2,0.25,0,1.0,0.0,0.2,0,37,snr-greedy-loss,0.603500,0.659898
E10,0.2,0.25,0,1.0,0.0,0.2,0,37,snr-mean,0.619000,0.722843
E10,0.2,0.25,0,1.0,0.0,0.2,0,37,belief,0.608500,0.680203
E10,0.2,0.25,0,1.0,0.0,0.2,0,37,belief-pred,0.608500,0.680203
E10,0.2,0.25,0,1.0,0.0,0.2,0,37,ewma,0.581500,0.570558
E10,0.2,0.25,0,1.0,0.0,0.2,0,37,blend-paper,0.595000,0.625381
E10,0.2,0.25,0,1.0,0.0,0.2,0,37,saf-adaptive,0.608750,0.681218
E10,0.2,0.25,0,1.0,0.0,0.2,0,38,random,0.567000,0.500000
E10,0.2,0.25,0,1.0,0.0,0.2,0,38,round-robin,0.565250,0.492929
E10,0.2,0.25,0,1.0,0.0,0.2,0,38,oracle,0.690750,1.000000
E10,0.2,0.25,0,1.0,0.0,0.2,0,38,snr-greedy,0.585250,0.573737
E10,0.2,0.25,0,1.0,0.0,0.2,0,38,snr-greedy-loss,0.595000,0.613131
E10,0.2,0.25,0,1.0,0.0,0.2,0,38,snr-mean,0.606250,0.658586
E10,0.2,0.25,0,1.0,0.0,0.2,0,38,belief,0.596000,0.617172
E10,0.2,0.25,0,1.0,0.0,0.2,0,38,belief-pred,0.596000,0.617172
E10,0.2,0.25,0,1.0,0.0,0.2,0,38,ewma,0.581000,0.556566
E10,0.2,0.25,0,1.0,0.0,0.2,0,38,blend-paper,0.603250,0.646465
E10,0.2,0.25,0,1.0,0.0,0.2,0,38,saf-adaptive,0.597750,0.624242
E10,0.2,0.25,0,1.0,0.0,0.2,0,39,random,0.556500,0.483483
E10,0.2,0.25,0,1.0,0.0,0.2,0,39,round-robin,0.560250,0.498498
E10,0.2,0.25,0,1.0,0.0,0.2,0,39,oracle,0.685500,1.000000
E10,0.2,0.25,0,1.0,0.0,0.2,0,39,snr-greedy,0.588250,0.610611
E10,0.2,0.25,0,1.0,0.0,0.2,0,39,snr-greedy-loss,0.593000,0.629630
E10,0.2,0.25,0,1.0,0.0,0.2,0,39,snr-mean,0.601000,0.661662
E10,0.2,0.25,0,1.0,0.0,0.2,0,39,belief,0.600750,0.660661
E10,0.2,0.25,0,1.0,0.0,0.2,0,39,belief-pred,0.600750,0.660661
E10,0.2,0.25,0,1.0,0.0,0.2,0,39,ewma,0.563000,0.509510
E10,0.2,0.25,0,1.0,0.0,0.2,0,39,blend-paper,0.585250,0.598599
E10,0.2,0.25,0,1.0,0.0,0.2,0,39,saf-adaptive,0.595750,0.640641
E10,0.2,0.25,0,1.0,0.0,0.2,0,40,random,0.568500,0.549550
E10,0.2,0.25,0,1.0,0.0,0.2,0,40,round-robin,0.554250,0.492492
E10,0.2,0.25,0,1.0,0.0,0.2,0,40,oracle,0.681000,1.000000
E10,0.2,0.25,0,1.0,0.0,0.2,0,40,snr-greedy,0.585000,0.615616
E10,0.2,0.25,0,1.0,0.0,0.2,0,40,snr-greedy-loss,0.595750,0.658659
E10,0.2,0.25,0,1.0,0.0,0.2,0,40,snr-mean,0.598000,0.667668
E10,0.2,0.25,0,1.0,0.0,0.2,0,40,belief,0.595750,0.658659
E10,0.2,0.25,0,1.0,0.0,0.2,0,40,belief-pred,0.595750,0.658659
E10,0.2,0.25,0,1.0,0.0,0.2,0,40,ewma,0.580500,0.597598
E10,0.2,0.25,0,1.0,0.0,0.2,0,40,blend-paper,0.581000,0.599600
E10,0.2,0.25,0,1.0,0.0,0.2,0,40,saf-adaptive,0.596500,0.661662
E10,0.2,0.25,0,1.0,0.0,0.2,0,41,random,0.547000,0.451172
E10,0.2,0.25,0,1.0,0.0,0.2,0,41,round-robin,0.560250,0.502930
E10,0.2,0.25,0,1.0,0.0,0.2,0,41,oracle,0.687500,1.000000
E10,0.2,0.25,0,1.0,0.0,0.2,0,41,snr-greedy,0.590250,0.620117
E10,0.2,0.25,0,1.0,0.0,0.2,0,41,snr-greedy-loss,0.598000,0.650391
E10,0.2,0.25,0,1.0,0.0,0.2,0,41,snr-mean,0.590500,0.621094
E10,0.2,0.25,0,1.0,0.0,0.2,0,41,belief,0.597750,0.649414
E10,0.2,0.25,0,1.0,0.0,0.2,0,41,belief-pred,0.597750,0.649414
E10,0.2,0.25,0,1.0,0.0,0.2,0,41,ewma,0.582250,0.588867
E10,0.2,0.25,0,1.0,0.0,0.2,0,41,blend-paper,0.583000,0.591797
E10,0.2,0.25,0,1.0,0.0,0.2,0,41,saf-adaptive,0.587750,0.610352
E10,0.2,0.25,0,1.0,0.0,0.2,0,42,random,0.565500,0.514048
E10,0.2,0.25,0,1.0,0.0,0.2,0,42,round-robin,0.560750,0.494277
E10,0.2,0.25,0,1.0,0.0,0.2,0,42,oracle,0.682250,1.000000
E10,0.2,0.25,0,1.0,0.0,0.2,0,42,snr-greedy,0.578000,0.566077
E10,0.2,0.25,0,1.0,0.0,0.2,0,42,snr-greedy-loss,0.590750,0.619147
E10,0.2,0.25,0,1.0,0.0,0.2,0,42,snr-mean,0.596500,0.643080
E10,0.2,0.25,0,1.0,0.0,0.2,0,42,belief,0.593750,0.631634
E10,0.2,0.25,0,1.0,0.0,0.2,0,42,belief-pred,0.593750,0.631634
E10,0.2,0.25,0,1.0,0.0,0.2,0,42,ewma,0.582250,0.583767
E10,0.2,0.25,0,1.0,0.0,0.2,0,42,blend-paper,0.599500,0.655567
E10,0.2,0.25,0,1.0,0.0,0.2,0,42,saf-adaptive,0.589000,0.611863
E10,0.2,0.25,0,1.0,0.0,0.2,0,43,random,0.560250,0.518371
E10,0.2,0.25,0,1.0,0.0,0.2,0,43,round-robin,0.555500,0.499503
E10,0.2,0.25,0,1.0,0.0,0.2,0,43,oracle,0.681500,1.000000
E10,0.2,0.25,0,1.0,0.0,0.2,0,43,snr-greedy,0.580750,0.599801
E10,0.2,0.25,0,1.0,0.0,0.2,0,43,snr-greedy-loss,0.594750,0.655412
E10,0.2,0.25,0,1.0,0.0,0.2,0,43,snr-mean,0.591750,0.643496
E10,0.2,0.25,0,1.0,0.0,0.2,0,43,belief,0.598750,0.671301
E10,0.2,0.25,0,1.0,0.0,0.2,0,43,belief-pred,0.598750,0.671301
E10,0.2,0.25,0,1.0,0.0,0.2,0,43,ewma,0.589750,0.635551
E10,0.2,0.25,0,1.0,0.0,0.2,0,43,blend-paper,0.596500,0.662363
E10,0.2,0.25,0,1.0,0.0,0.2,0,43,saf-adaptive,0.600000,0.676266
E10,0.2,0.25,0,1.0,0.0,0.2,0,44,random,0.560500,0.485714
E10,0.2,0.25,0,1.0,0.0,0.2,0,44,round-robin,0.564250,0.501020
E10,0.2,0.25,0,1.0,0.0,0.2,0,44,oracle,0.686500,1.000000
E10,0.2,0.25,0,1.0,0.0,0.2,0,44,snr-greedy,0.590500,0.608163
E10,0.2,0.25,0,1.0,0.0,0.2,0,44,snr-greedy-loss,0.599500,0.644898
E10,0.2,0.25,0,1.0,0.0,0.2,0,44,snr-mean,0.599750,0.645918
E10,0.2,0.25,0,1.0,0.0,0.2,0,44,belief,0.602250,0.656122
E10,0.2,0.25,0,1.0,0.0,0.2,0,44,belief-pred,0.602250,0.656122
E10,0.2,0.25,0,1.0,0.0,0.2,0,44,ewma,0.584250,0.582653
E10,0.2,0.25,0,1.0,0.0,0.2,0,44,blend-paper,0.601000,0.651020
E10,0.2,0.25,0,1.0,0.0,0.2,0,44,saf-adaptive,0.601250,0.652041
E10,0.2,0.25,0,1.0,0.0,0.2,0,45,random,0.560250,0.505187
E10,0.2,0.25,0,1.0,0.0,0.2,0,45,round-robin,0.553000,0.475104
E10,0.2,0.25,0,1.0,0.0,0.2,0,45,oracle,0.679500,1.000000
E10,0.2,0.25,0,1.0,0.0,0.2,0,45,snr-greedy,0.576000,0.570539
E10,0.2,0.25,0,1.0,0.0,0.2,0,45,snr-greedy-loss,0.584250,0.604772
E10,0.2,0.25,0,1.0,0.0,0.2,0,45,snr-mean,0.596250,0.654564
E10,0.2,0.25,0,1.0,0.0,0.2,0,45,belief,0.586000,0.612033
E10,0.2,0.25,0,1.0,0.0,0.2,0,45,belief-pred,0.586000,0.612033
E10,0.2,0.25,0,1.0,0.0,0.2,0,45,ewma,0.575500,0.568465
E10,0.2,0.25,0,1.0,0.0,0.2,0,45,blend-paper,0.584500,0.605809
E10,0.2,0.25,0,1.0,0.0,0.2,0,45,saf-adaptive,0.589250,0.625519
E10,0.2,0.25,0,1.0,0.0,0.2,0,46,random,0.558500,0.499479
E10,0.2,0.25,0,1.0,0.0,0.2,0,46,round-robin,0.556750,0.492179
E10,0.2,0.25,0,1.0,0.0,0.2,0,46,oracle,0.678500,1.000000
E10,0.2,0.25,0,1.0,0.0,0.2,0,46,snr-greedy,0.587500,0.620438
E10,0.2,0.25,0,1.0,0.0,0.2,0,46,snr-greedy-loss,0.592500,0.641293
E10,0.2,0.25,0,1.0,0.0,0.2,0,46,snr-mean,0.597500,0.662148
E10,0.2,0.25,0,1.0,0.0,0.2,0,46,belief,0.598250,0.665276
E10,0.2,0.25,0,1.0,0.0,0.2,0,46,belief-pred,0.598250,0.665276
E10,0.2,0.25,0,1.0,0.0,0.2,0,46,ewma,0.581500,0.595412
E10,0.2,0.25,0,1.0,0.0,0.2,0,46,blend-paper,0.590500,0.632951
E10,0.2,0.25,0,1.0,0.0,0.2,0,46,saf-adaptive,0.595000,0.651721
E10,0.2,0.25,0,1.0,0.0,0.2,0,47,random,0.559750,0.497409
E10,0.2,0.25,0,1.0,0.0,0.2,0,47,round-robin,0.563250,0.511917
E10,0.2,0.25,0,1.0,0.0,0.2,0,47,oracle,0.681000,1.000000
E10,0.2,0.25,0,1.0,0.0,0.2,0,47,snr-greedy,0.583750,0.596891
E10,0.2,0.25,0,1.0,0.0,0.2,0,47,snr-greedy-loss,0.592500,0.633161
E10,0.2,0.25,0,1.0,0.0,0.2,0,47,snr-mean,0.611250,0.710881
E10,0.2,0.25,0,1.0,0.0,0.2,0,47,belief,0.598500,0.658031
E10,0.2,0.25,0,1.0,0.0,0.2,0,47,belief-pred,0.598500,0.658031
E10,0.2,0.25,0,1.0,0.0,0.2,0,47,ewma,0.585250,0.603109
E10,0.2,0.25,0,1.0,0.0,0.2,0,47,blend-paper,0.580250,0.582383
E10,0.2,0.25,0,1.0,0.0,0.2,0,47,saf-adaptive,0.598500,0.658031
E10,0.2,0.25,0,1.0,0.0,0.2,0,48,random,0.562250,0.497930
E10,0.2,0.25,0,1.0,0.0,0.2,0,48,round-robin,0.556250,0.473085
E10,0.2,0.25,0,1.0,0.0,0.2,0,48,oracle,0.683500,1.000000
E10,0.2,0.25,0,1.0,0.0,0.2,0,48,snr-greedy,0.582750,0.582816
E10,0.2,0.25,0,1.0,0.0,0.2,0,48,snr-greedy-loss,0.597500,0.643892
E10,0.2,0.25,0,1.0,0.0,0.2,0,48,snr-mean,0.603250,0.667702
E10,0.2,0.25,0,1.0,0.0,0.2,0,48,belief,0.601000,0.658385
E10,0.2,0.25,0,1.0,0.0,0.2,0,48,belief-pred,0.601000,0.658385
E10,0.2,0.25,0,1.0,0.0,0.2,0,48,ewma,0.566750,0.516563
E10,0.2,0.25,0,1.0,0.0,0.2,0,48,blend-paper,0.589500,0.610766
E10,0.2,0.25,0,1.0,0.0,0.2,0,48,saf-adaptive,0.598750,0.649068
E10,0.2,0.25,0,1.0,0.0,0.2,0,49,random,0.562000,0.527691
E10,0.2,0.25,0,1.0,0.0,0.2,0,49,round-robin,0.554250,0.495298
E10,0.2,0.25,0,1.0,0.0,0.2,0,49,oracle,0.675000,1.000000
E10,0.2,0.25,0,1.0,0.0,0.2,0,49,snr-greedy,0.577250,0.591432
E10,0.2,0.25,0,1.0,0.0,0.2,0,49,snr-greedy-loss,0.586750,0.631139
E10,0.2,0.25,0,1.0,0.0,0.2,0,49,snr-mean,0.579250,0.599791
E10,0.2,0.25,0,1.0,0.0,0.2,0,49,belief,0.589000,0.640543
E10,0.2,0.25,0,1.0,0.0,0.2,0,49,belief-pred,0.589000,0.640543
E10,0.2,0.25,0,1.0,0.0,0.2,0,49,ewma,0.571750,0.568443
E10,0.2,0.25,0,1.0,0.0,0.2,0,49,blend-paper,0.576250,0.587252
E10,0.2,0.25,0,1.0,0.0,0.2,0,49,saf-adaptive,0.591500,0.650993
E10,0.2,0.0,0,1.0,0.0,0.2,0,0,random,0.564750,0.504644
E10,0.2,0.0,0,1.0,0.0,0.2,0,0,round-robin,0.563250,0.498452
E10,0.2,0.0,0,1.0,0.0,0.2,0,0,oracle,0.684750,1.000000
E10,0.2,0.0,0,1.0,0.0,0.2,0,0,snr-greedy,0.571500,0.532508
E10,0.2,0.0,0,1.0,0.0,0.2,0,0,snr-greedy-loss,0.573000,0.538700
E10,0.2,0.0,0,1.0,0.0,0.2,0,0,snr-mean,0.610000,0.691434
E10,0.2,0.0,0,1.0,0.0,0.2,0,0,belief,0.577000,0.555212
E10,0.2,0.0,0,1.0,0.0,0.2,0,0,belief-pred,0.577000,0.555212
E10,0.2,0.0,0,1.0,0.0,0.2,0,0,ewma,0.585750,0.591331
E10,0.2,0.0,0,1.0,0.0,0.2,0,0,blend-paper,0.590250,0.609907
E10,0.2,0.0,0,1.0,0.0,0.2,0,0,saf-adaptive,0.583000,0.579979
E10,0.2,0.0,0,1.0,0.0,0.2,0,1,random,0.561750,0.488534
E10,0.2,0.0,0,1.0,0.0,0.2,0,1,round-robin,0.566000,0.505484
E10,0.2,0.0,0,1.0,0.0,0.2,0,1,oracle,0.690000,1.000000
E10,0.2,0.0,0,1.0,0.0,0.2,0,1,snr-greedy,0.571000,0.525424
E10,0.2,0.0,0,1.0,0.0,0.2,0,1,snr-greedy-loss,0.572750,0.532403
E10,0.2,0.0,0,1.0,0.0,0.2,0,1,snr-mean,0.609000,0.676969
E10,0.2,0.0,0,1.0,0.0,0.2,0,1,belief,0.580500,0.563310
E10,0.2,0.0,0,1.0,0.0,0.2,0,1,belief-pred,0.580500,0.563310
E10,0.2,0.0,0,1.0,0.0,0.2,0,1,ewma,0.595500,0.623131
E10,0.2,0.0,0,1.0,0.0,0.2,0,1,blend-paper,0.592000,0.609172
E10,0.2,0.0,0,1.0,0.0,0.2,0,1,saf-adaptive,0.600000,0.641077
E10,0.2,0.0,0,1.0,0.0,0.2,0,2,random,0.571750,0.501062
E10,0.2,0.0,0,1.0,0.0,0.2,0,2,round-robin,0.568750,0.488323
E10,0.2,0.0,0,1.0,0.0,0.2,0,2,oracle,0.689250,1.000000
E10,0.2,0.0,0,1.0,0.0,0.2,0,2,snr-greedy,0.574000,0.510616
E10,0.2,0.0,0,1.0,0.0,0.2,0,2,snr-greedy-loss,0.577250,0.524416
E10,0.2,0.0,0,1.0,0.0,0.2,0,2,snr-mean,0.611250,0.668790
E10,0.2,0.0,0,1.0,0.0,0.2,0,2,belief,0.583750,0.552017
E10,0.2,0.0,0,1.0,0.0,0.2,0,2,belief-pred,0.583750,0.552017
E10,0.2,0.0,0,1.0,0.0,0.2,0,2,ewma,0.598250,0.613588
E10,0.2,0.0,0,1.0,0.0,0.2,0,2,blend-paper,0.595500,0.601911
E10,0.2,0.0,0,1.0,0.0,0.2,0,2,saf-adaptive,0.579750,0.535032
E10,0.2,0.0,0,1.0,0.0,0.2,0,3,random,0.562500,0.498458
E10,0.2,0.0,0,1.0,0.0,0.2,0,3,round-robin,0.565250,0.509764
E10,0.2,0.0,0,1.0,0.0,0.2,0,3,oracle,0.684500,1.000000
E10,0.2,0.0,0,1.0,0.0,0.2,0,3,snr-greedy,0.572000,0.537513
E10,0.2,0.0,0,1.0,0.0,0.2,0,3,snr-greedy-loss,0.572750,0.540596
E10,0.2,0.0,0,1.0,0.0,0.2,0,3,snr-mean,0.604750,0.672148
E10,0.2,0.0,0,1.0,0.0,0.2,0,3,belief,0.574500,0.547790
E10,0.2,0.0,0,1.0,0.0,0.2,0,3,belief-pred,0.574500,0.547790
E10,0.2,0.0,0,1.0,0.0,0.2,0,3,ewma,0.593000,0.623844
E10,0.2,0.0,0,1.0,0.0,0.2,0,3,blend-paper,0.582750,0.581706
E10,0.2,0.0,0,1.0,0.0,0.2,0,3,saf-adaptive,0.585750,0.594039
E10,0.2,0.0,0,1.0,0.0,0.2,0,4,random,0.561500,0.502601
E10,0.2,0.0,0,1.0,0.0,0.2,0,4,round-robin,0.561500,0.502601
E10,0.2,0.0,0,1.0,0.0,0.2,0,4,oracle,0.681000,1.000000
E10,0.2,0.0,0,1.0,0.0,0.2,0,4,snr-greedy,0.560250,0.497399
E10,0.2,0.0,0,1.0,0.0,0.2,0,4,snr-greedy-loss,0.565000,0.517170
E10,0.2,0.0,0,1.0,0.0,0.2,0,4,snr-mean,0.588750,0.616025
E10,0.2,0.0,0,1.0,0.0,0.2,0,4,belief,0.562250,0.505723
E10,0.2,0.0,0,1.0,0.0,0.2,0,4,belief-pred,0.562250,0.505723
E10,0.2,0.0,0,1.0,0.0,0.2,0,4,ewma,0.586000,0.604579
E10,0.2,0.0,0,1.0,0.0,0.2,0,4,blend-paper,0.578500,0.573361
E10,0.2,0.0,0,1.0,0.0,0.2,0,4,saf-adaptive,0.583250,0.593132
E10,0.2,0.0,0,1.0,0.0,0.2,0,5,random,0.556250,0.485743
E10,0.2,0.0,0,1.0,0.0,0.2,0,5,round-robin,0.562000,0.509165
E10,0.2,0.0,0,1.0,0.0,0.2,0,5,oracle,0.682500,1.000000
E10,0.2,0.0,0,1.0,0.0,0.2,0,5,snr-greedy,0.568250,0.534623
E10,0.2,0.0,0,1.0,0.0,0.2,0,5,snr-greedy-loss,0.567000,0.529532
E10,0.2,0.0,0,1.0,0.0,0.2,0,5,snr-mean,0.609250,0.701629
E10,0.2,0.0,0,1.0,0.0,0.2,0,5,belief,0.574750,0.561100
E10,0.2,0.0,0,1.0,0.0,0.2,0,5,belief-pred,0.574750,0.561100
E10,0.2,0.0,0,1.0,0.0,0.2,0,5,ewma,0.574250,0.559063
E10,0.2,0.0,0,1.0,0.0,0.2,0,5,blend-paper,0.578750,0.577393
E10,0.2,0.0,0,1.0,0.0,0.2,0,5,saf-adaptive,0.581750,0.589613
E10,0.2,0.0,0,1.0,0.0,0.2,0,6,random,0.559500,0.479272
E10,0.2,0.0,0,1.0,0.0,0.2,0,6,round-robin,0.572500,0.531850
E10,0.2,0.0,0,1.0,0.0,0.2,0,6,oracle,0.688250,1.000000
E10,0.2,0.0,0,1.0,0.0,0.2,0,6,snr-greedy,0.566000,0.505561
E10,0.2,0.0,0,1.0,0.0,0.2,0,6,snr-greedy-loss,0.569750,0.520728
E10,0.2,0.0,0,1.0,0.0,0.2,0,6,snr-mean,0.608750,0.678463
E10,0.2,0.0,0,1.0,0.0,0.2,0,6,belief,0.579000,0.558140
E10,0.2,0.0,0,1.0,0.0,0.2,0,6,belief-pred,0.579000,0.558140
E10,0.2,0.0,0,1.0,0.0,0.2,0,6,ewma,0.578000,0.554095
E10,0.2,0.0,0,1.0,0.0,0.2,0,6,blend-paper,0.584000,0.578362
E10,0.2,0.0,0,1.0,0.0,0.2,0,6,saf-adaptive,0.593500,0.616785
E10,0.2,0.0,0,1.0,0.0,0.2,0,7,random,0.561000,0.488706
E10,0.2,0.0,0,1.0,0.0,0.2,0,7,round-robin,0.563500,0.498973
E10,0.2,0.0,0,1.0,0.0,0.2,0,7,oracle,0.685500,1.000000
E10,0.2,0.0,0,1.0,0.0,0.2,0,7,snr-greedy,0.574500,0.544148
E10,0.2,0.0,0,1.0,0.0,0.2,0,7,snr-greedy-loss,0.572500,0.535934
E10,0.2,0.0,0,1.0,0.0,0.2,0,7,snr-mean,0.613750,0.705339
E10,0.2,0.0,0,1.0,0.0,0.2,0,7,belief,0.579750,0.565708
E10,0.2,0.0,0,1.0,0.0,0.2,0,7,belief-pred,0.579750,0.565708
E10,0.2,0.0,0,1.0,0.0,0.2,0,7,ewma,0.577250,0.555441
E10,0.2,0.0,0,1.0,0.0,0.2,0,7,blend-paper,0.585250,0.588296
E10,0.2,0.0,0,1.0,0.0,0.2,0,7,saf-adaptive,0.580500,0.568789
E10,0.2,0.0,0,1.0,0.0,0.2,0,8,random,0.557250,0.476780
E10,0.2,0.0,0,1.0,0.0,0.2,0,8,round-robin,0.560250,0.489164
E10,0.2,0.0,0,1.0,0.0,0.2,0,8,oracle,0.684000,1.000000
E10,0.2,0.0,0,1.0,0.0,0.2,0,8,snr-greedy,0.568750,0.524252
E10,0.2,0.0,0,1.0,0.0,0.2,0,8,snr-greedy-loss,0.567500,0.519092
E10,0.2,0.0,0,1.0,0.0,0.2,0,8,snr-mean,0.598250,0.646027
E10,0.2,0.0,0,1.0,0.0,0.2,0,8,belief,0.575500,0.552116
E10,0.2,0.0,0,1.0,0.0,0.2,0,8,belief-pred,0.575500,0.552116
E10,0.2,0.0,0,1.0,0.0,0.2,0,8,ewma,0.582000,0.578947
E10,0.2,0.0,0,1.0,0.0,0.2,0,8,blend-paper,0.583500,0.585139
E10,0.2,0.0,0,1.0,0.0,0.2,0,8,saf-adaptive,0.586250,0.596491
E10,0.2,0.0,0,1.0,0.0,0.2,0,9,random,0.559750,0.501538
E10,0.2,0.0,0,1.0,0.0,0.2,0,9,round-robin,0.560500,0.504615
E10,0.2,0.0,0,1.0,0.0,0.2,0,9,oracle,0.681250,1.000000
E10,0.2,0.0,0,1.0,0.0,0.2,0,9,snr-greedy,0.562000,0.510769
E10,0.2,0.0,0,1.0,0.0,0.2,0,9,snr-greedy-loss,0.564750,0.522051
E10,0.2,0.0,0,1.0,0.0,0.2,0,9,snr-mean,0.591000,0.629744
E10,0.2,0.0,0,1.0,0.0,0.2,0,9,belief,0.569500,0.541538
E10,0.2,0.0,0,1.0,0.0,0.2,0,9,belief-pred,0.569500,0.541538
E10,0.2,0.0,0,1.0,0.0,0.2,0,9,ewma,0.563500,0.516923
E10,0.2,0.0,0,1.0,0.0,0.2,0,9,blend-paper,0.565750,0.526154
E10,0.2,0.0,0,1.0,0.0,0.2,0,9,saf-adaptive,0.564750,0.522051
E10,0.2,0.0,0,1.0,0.0,0.2,0,10,random,0.557000,0.500000
E10,0.2,0.0,0,1.0,0.0,0.2,0,10,round-robin,0.558250,0.504912
E10,0.2,0.0,0,1.0,0.0,0.2,0,10,oracle,0.684250,1.000000
E10,0.2,0.0,0,1.0,0.0,0.2,0,10,snr-greedy,0.560250,0.512770
E10,0.2,0.0,0,1.0,0.0,0.2,0,10,snr-greedy-loss,0.565500,0.533399
E10,0.2,0.0,0,1.0,0.0,0.2,0,10,snr-mean,0.614750,0.726916
E10,0.2,0.0,0,1.0,0.0,0.2,0,10,belief,0.574500,0.568762
E10,0.2,0.0,0,1.0,0.0,0.2,0,10,belief-pred,0.574500,0.568762
E10,0.2,0.0,0,1.0,0.0,0.2,0,10,ewma,0.565000,0.531434
E10,0.2,0.0,0,1.0,0.0,0.2,0,10,blend-paper,0.571000,0.555010
E10,0.2,0.0,0,1.0,0.0,0.2,0,10,saf-adaptive,0.572000,0.558939
E10,0.2,0.0,0,1.0,0.0,0.2,0,11,random,0.560250,0.505040
E10,0.2,0.0,0,1.0,0.0,0.2,0,11,round-robin,0.560750,0.507056
E10,0.2,0.0,0,1.0,0.0,0.2,0,11,oracle,0.683000,1.000000
E10,0.2,0.0,0,1.0,0.0,0.2,0,11,snr-greedy,0.568250,0.537298
E10,0.2,0.0,0,1.0,0.0,0.2,0,11,snr-greedy-loss,0.572250,0.553427
E10,0.2,0.0,0,1.0,0.0,0.2,0,11,snr-mean,0.588500,0.618952
E10,0.2,0.0,0,1.0,0.0,0.2,0,11,belief,0.571250,0.549395
E10,0.2,0.0,0,1.0,0.0,0.2,0,11,belief-pred,0.571250,0.549395
E10,0.2,0.0,0,1.0,0.0,0.2,0,11,ewma,0.591750,0.632056
E10,0.2,0.0,0,1.0,0.0,0.2,0,11,blend-paper,0.581500,0.590726
E10,0.2,0.0,0,1.0,0.0,0.2,0,11,saf-adaptive,0.583750,0.599798
E10,0.2,0.0,0,1.0,0.0,0.2,0,12,random,0.563500,0.492339
E10,0.2,0.0,0,1.0,0.0,0.2,0,12,round-robin,0.565500,0.500511
E10,0.2,0.0,0,1.0,0.0,0.2,0,12,oracle,0.687750,1.000000
E10,0.2,0.0,0,1.0,0.0,0.2,0,12,snr-greedy,0.574750,0.538304
E10,0.2,0.0,0,1.0,0.0,0.2,0,12,snr-greedy-loss,0.571000,0.522983
E10,0.2,0.0,0,1.0,0.0,0.2,0,12,snr-mean,0.609500,0.680286
E10,0.2,0.0,0,1.0,0.0,0.2,0,12,belief,0.575750,0.542390
E10,0.2,0.0,0,1.0,0.0,0.2,0,12,belief-pred,0.575750,0.542390
E10,0.2,0.0,0,1.0,0.0,0.2,0,12,ewma,0.579500,0.557712
E10,0.2,0.0,0,1.0,0.0,0.2,0,12,blend-paper,0.585500,0.582227
E10,0.2,0.0,0,1.0,0.0,0.2,0,12,saf-adaptive,0.578500,0.553626
E10,0.2,0.0,0,1.0,0.0,0.2,0,13,random,0.566500,0.519131
E10,0.2,0.0,0,1.0,0.0,0.2,0,13,round-robin,0.561250,0.497415
E10,0.2,0.0,0,1.0,0.0,0.2,0,13,oracle,0.682750,1.000000
E10,0.2,0.0,0,1.0,0.0,0.2,0,13,snr-greedy,0.571250,0.538780
E10,0.2,0.0,0,1.0,0.0,0.2,0,13,snr-greedy-loss,0.574250,0.551189
E10,0.2,0.0,0,1.0,0.0,0.2,0,13,snr-mean,0.609500,0.697001
E10,0.2,0.0,0,1.0,0.0,0.2,0,13,belief,0.575000,0.554292
E10,0.2,0.0,0,1.0,0.0,0.2,0,13,belief-pred,0.575000,0.554292
E10,0.2,0.0,0,1.0,0.0,0.2,0,13,ewma,0.599500,0.655636
E10,0.2,0.0,0,1.0,0.0,0.2,0,13,blend-paper,0.589250,0.613237
E10,0.2,0.0,0,1.0,0.0,0.2,0,13,saf-adaptive,0.598250,0.650465
E10,0.2,0.0,0,1.0,0.0,0.2,0,14,random,0.567750,0.517007
E10,0.2,0.0,0,1.0,0.0,0.2,0,14,round-robin,0.565250,0.507289
E10,0.2,0.0,0,1.0,0.0,0.2,0,14,oracle,0.692000,1.000000
E10,0.2,0.0,0,1.0,0.0,0.2,0,14,snr-greedy,0.572500,0.535471
E10,0.2,0.0,0,1.0,0.0,0.2,0,14,snr-greedy-loss,0.570500,0.527697
E10,0.2,0.0,0,1.0,0.0,0.2,0,14,snr-mean,0.609750,0.680272
E10,0.2,0.0,0,1.0,0.0,0.2,0,14,belief,0.571500,0.531584
E10,0.2,0.0,0,1.0,0.0,0.2,0,14,belief-pred,0.571500,0.531584
E10,0.2,0.0,0,1.0,0.0,0.2,0,14,ewma,0.583500,0.578231
E10,0.2,0.0,0,1.0,0.0,0.2,0,14,blend-paper,0.582750,0.575316
E10,0.2,0.0,0,1.0,0.0,0.2,0,14,saf-adaptive,0.582500,0.574344
E10,0.2,0.0,0,1.0,0.0,0.2,0,15,random,0.553750,0.471264
E10,0.2,0.0,0,1.0,0.0,0.2,0,15,round-robin,0.561250,0.502612
E10,0.2,0.0,0,1.0,0.0,0.2,0,15,oracle,0.680250,1.000000
E10,0.2,0.0,0,1.0,0.0,0.2,0,15,snr-greedy,0.572500,0.549634
E10,0.2,0.0,0,1.0,0.0,0.2,0,15,snr-greedy-loss,0.573000,0.551724
E10,0.2,0.0,0,1.0,0.0,0.2,0,15,snr-mean,0.599500,0.662487
E10,0.2,0.0,0,1.0,0.0,0.2,0,15,belief,0.574500,0.557994
E10,0.2,0.0,0,1.0,0.0,0.2,0,15,belief-pred,0.574500,0.557994
E10,0.2,0.0,0,1.0,0.0,0.2,0,15,ewma,0.553000,0.468130
E10,0.2,0.0,0,1.0,0.0,0.2,0,15,blend-paper,0.563750,0.513062
E10,0.2,0.0,0,1.0,0.0,0.2,0,15,saf-adaptive,0.565750,0.521421
E10,0.2,0.0,0,1.0,0.0,0.2,0,16,random,0.560500,0.484095
E10,0.2,0.0,0,1.0,0.0,0.2,0,16,round-robin,0.564000,0.498012
E10,0.2,0.0,0,1.0,0.0,0.2,0,16,oracle,0.690250,1.000000
E10,0.2,0.0,0,1.0,0.0,0.2,0,16,snr-greedy,0.566500,0.507952
E10,0.2,0.0,0,1.0,0.0,0.2,0,16,snr-greedy-loss,0.571500,0.527833
E10,0.2,0.0,0,1.0,0.0,0.2,0,16,snr-mean,0.600500,0.643141
E10,0.2,0.0,0,1.0,0.0,0.2,0,16,belief,0.579500,0.559642
E10,0.2,0.0,0,1.0,0.0,0.2,0,16,belief-pred,0.579500,0.559642
E10,0.2,0.0,0,1.0,0.0,0.2,0,16,ewma,0.599250,0.638171
E10,0.2,0.0,0,1.0,0.0,0.2,0,16,blend-paper,0.578000,0.553678
E10,0.2,0.0,0,1.0,0.0,0.2,0,16,saf-adaptive,0.603500,0.655070
E10,0.2,0.0,0,1.0,0.0,0.2,0,17,random,0.559000,0.514085
E10,0.2,0.0,0,1.0,0.0,0.2,0,17,round-robin,0.558000,0.510060
E10,0.2,0.0,0,1.0,0.0,0.2,0,17,oracle,0.679750,1.000000
E10,0.2,0.0,0,1.0,0.0,0.2,0,17,snr-greedy,0.563750,0.533199
E10,0.2,0.0,0,1.0,0.0,0.2,0,17,snr-greedy-loss,0.565750,0.541247
E10,0.2,0.0,0,1.0,0.0,0.2,0,17,snr-mean,0.597500,0.669014
E10,0.2,0.0,0,1.0,0.0,0.2,0,17,belief,0.570750,0.561368
E10,0.2,0.0,0,1.0,0.0,0.2,0,17,belief-pred,0.570750,0.561368
E10,0.2,0.0,0,1.0,0.0,0.2,0,17,ewma,0.587000,0.626761
E10,0.2,0.0,0,1.0,0.0,0.2,0,17,blend-paper,0.585500,0.620724
E10,0.2,0.0,0,1.0,0.0,0.2,0,17,saf-adaptive,0.580750,0.601610
E10,0.2,0.0,0,1.0,0.0,0.2,0,18,random,0.543000,0.463169
E10,0.2,0.0,0,1.0,0.0,0.2,0,18,round-robin,0.551500,0.497477
E10,0.2,0.0,0,1.0,0.0,0.2,0,18,oracle,0.676000,1.000000
E10,0.2,0.0,0,1.0,0.0,0.2,0,18,snr-greedy,0.555000,0.511604
E10,0.2,0.0,0,1.0,0.0,0.2,0,18,snr-greedy-loss,0.558500,0.525732
E10,0.2,0.0,0,1.0,0.0,0.2,0,18,snr-mean,0.586250,0.637740
E10,0.2,0.0,0,1.0,0.0,0.2,0,18,belief,0.560000,0.531786
E10,0.2,0.0,0,1.0,0.0,0.2,0,18,belief-pred,0.560000,0.531786
E10,0.2,0.0,0,1.0,0.0,0.2,0,18,ewma,0.560750,0.534813
E10,0.2,0.0,0,1.0,0.0,0.2,0,18,blend-paper,0.565500,0.553986
E10,0.2,0.0,0,1.0,0.0,0.2,0,18,saf-adaptive,0.566250,0.557013
E10,0.2,0.0,0,1.0,0.0,0.2,0,19,random,0.571500,0.514107
E10,0.2,0.0,0,1.0,0.0,0.2,0,19,round-robin,0.563750,0.481714
E10,0.2,0.0,0,1.0,0.0,0.2,0,19,oracle,0.687750,1.000000
E10,0.2,0.0,0,1.0,0.0,0.2,0,19,snr-greedy,0.573750,0.523511
E10,0.2,0.0,0,1.0,0.0,0.2,0,19,snr-greedy-loss,0.576500,0.535005
E10,0.2,0.0,0,1.0,0.0,0.2,0,19,snr-mean,0.599000,0.629049
E10,0.2,0.0,0,1.0,0.0,0.2,0,19,belief,0.578000,0.541275
E10,0.2,0.0,0,1.0,0.0,0.2,0,19,belief-pred,0.578000,0.541275
E10,0.2,0.0,0,1.0,0.0,0.2,0,19,ewma,0.582500,0.560084
E10,0.2,0.0,0,1.0,0.0,0.2,0,19,blend-paper,0.581500,0.555904
E10,0.2,0.0,0,1.0,0.0,0.2,0,19,saf-adaptive,0.585000,0.570533
E10,0.2,0.0,0,1.0,0.0,0.2,0,20,random,0.566500,0.499497
E10,0.2,0.0,0,1.0,0.0,0.2,0,20,round-robin,0.567000,0.501508
E10,0.2,0.0,0,1.0,0.0,0.2,0,20,oracle,0.691000,1.000000
E10,0.2,0.0,0,1.0,0.0,0.2,0,20,snr-greedy,0.572500,0.523618
E10,0.2,0.0,0,1.0,0.0,0.2,0,20,snr-greedy-loss,0.578750,0.548744
E10,0.2,0.0,0,1.0,0.0,0.2,0,20,snr-mean,0.608750,0.669347
E10,0.2,0.0,0,1.0,0.0,0.2,0,20,belief,0.583000,0.565829
E10,0.2,0.0,0,1.0,0.0,0.2,0,20,belief-pred,0.583000,0.565829
E10,0.2,0.0,0,1.0,0.0,0.2,0,20,ewma,0.581750,0.560804
E10,0.2,0.0,0,1.0,0.0,0.2,0,20,blend-paper,0.584500,0.571859
E10,0.2,0.0,0,1.0,0.0,0.2,0,20,saf-adaptive,0.586750,0.580905
E10,0.2,0.0,0,1.0,0.0,0.2,0,21,random,0.565000,0.515400
E10,0.2,0.0,0,1.0,0.0,0.2,0,21,round-robin,0.557750,0.485626
E10,0.2,0.0,0,1.0,0.0,0.2,0,21,oracle,0.683000,1.000000
E10,0.2,0.0,0,1.0,0.0,0.2,0,21,snr-greedy,0.563500,0.509240
E10,0.2,0.0,0,1.0,0.0,0.2,0,21,snr-greedy-loss,0.572750,0.547228
E10,0.2,0.0,0,1.0,0.0,0.2,0,21,snr-mean,0.586750,0.604723
E10,0.2,0.0,0,1.0,0.0,0.2,0,21,belief,0.575000,0.556468
E10,0.2,0.0,0,1.0,0.0,0.2,0,21,belief-pred,0.575000,0.556468
E10,0.2,0.0,0,1.0,0.0,0.2,0,21,ewma,0.584000,0.593429
E10,0.2,0.0,0,1.0,0.0,0.2,0,21,blend-paper,0.575750,0.559548
E10,0.2,0.0,0,1.0,0.0,0.2,0,21,saf-adaptive,0.583000,0.589322
E10,0.2,0.0,0,1.0,0.0,0.2,0,22,random,0.561000,0.503049
E10,0.2,0.0,0,1.0,0.0,0.2,0,22,round-robin,0.559750,0.497967
E10,0.2,0.0,0,1.0,0.0,0.2,0,22,oracle,0.683250,1.000000
E10,0.2,0.0,0,1.0,0.0,0.2,0,22,snr-greedy,0.564000,0.515244
E10,0.2,0.0,0,1.0,0.0,0.2,0,22,snr-greedy-loss,0.562500,0.509146
E10,0.2,0.0,0,1.0,0.0,0.2,0,22,snr-mean,0.587250,0.609756
E10,0.2,0.0,0,1.0,0.0,0.2,0,22,belief,0.569250,0.536585
E10,0.2,0.0,0,1.0,0.0,0.2,0,22,belief-pred,0.569250,0.536585
E10,0.2,0.0,0,1.0,0.0,0.2,0,22,ewma,0.585500,0.602642
E10,0.2,0.0,0,1.0,0.0,0.2,0,22,blend-paper,0.571750,0.546748
E10,0.2,0.0,0,1.0,0.0,0.2,0,22,saf-adaptive,0.573000,0.551829
E10,0.2,0.0,0,1.0,0.0,0.2,0,23,random,0.572000,0.554759
E10,0.2,0.0,0,1.0,0.0,0.2,0,23,round-robin,0.557750,0.496418
E10,0.2,0.0,0,1.0,0.0,0.2,0,23,oracle,0.680750,1.000000
E10,0.2,0.0,0,1.0,0.0,0.2,0,23,snr-greedy,0.554750,0.484135
E10,0.2,0.0,0,1.0,0.0,0.2,0,23,snr-greedy-loss,0.561750,0.512794
E10,0.2,0.0,0,1.0,0.0,0.2,0,23,snr-mean,0.596750,0.656090
E10,0.2,0.0,0,1.0,0.0,0.2,0,23,belief,0.563750,0.520983
E10,0.2,0.0,0,1.0,0.0,0.2,0,23,belief-pred,0.563750,0.520983
E10,0.2,0.0,0,1.0,0.0,0.2,0,23,ewma,0.582000,0.595701
E10,0.2,0.0,0,1.0,0.0,0.2,0,23,blend-paper,0.589250,0.625384
E10,0.2,0.0,0,1.0,0.0,0.2,0,23,saf-adaptive,0.569750,0.545548
E10,0.2,0.0,0,1.0,0.0,0.2,0,24,random,0.565750,0.474138
E10,0.2,0.0,0,1.0,0.0,0.2,0,24,round-robin,0.573000,0.505388
E10,0.2,0.0,0,1.0,0.0,0.2,0,24,oracle,0.687750,1.000000
E10,0.2,0.0,0,1.0,0.0,0.2,0,24,snr-greedy,0.574000,0.509698
E10,0.2,0.0,0,1.0,0.0,0.2,0,24,snr-greedy-loss,0.578500,0.529095
E10,0.2,0.0,0,1.0,0.0,0.2,0,24,snr-mean,0.606000,0.647629
E10,0.2,0.0,0,1.0,0.0,0.2,0,24,belief,0.581500,0.542026
E10,0.2,0.0,0,1.0,0.0,0.2,0,24,belief-pred,0.581500,0.542026
E10,0.2,0.0,0,1.0,0.0,0.2,0,24,ewma,0.593500,0.593750
E10,0.2,0.0,0,1.0,0.0,0.2,0,24,blend-paper,0.602750,0.633621
E10,0.2,0.0,0,1.0,0.0,0.2,0,24,saf-adaptive,0.602750,0.633621
E10,0.2,0.0,0,1.0,0.0,0.2,0,25,random,0.575000,0.515496
E10,0.2,0.0,0,1.0,0.0,0.2,0,25,round-robin,0.572000,0.503099
E10,0.2,0.0,0,1.0,0.0,0.2,0,25,oracle,0.692250,1.000000
E10,0.2,0.0,0,1.0,0.0,0.2,0,25,snr-greedy,0.578000,0.527893
E10,0.2,0.0,0,1.0,0.0,0.2,0,25,snr-greedy-loss,0.576250,0.520661
E10,0.2,0.0,0,1.0,0.0,0.2,0,25,snr-mean,0.619500,0.699380
E10,0.2,0.0,0,1.0,0.0,0.2,0,25,belief,0.580000,0.536157
E10,0.2,0.0,0,1.0,0.0,0.2,0,25,belief-pred,0.580000,0.536157
E10,0.2,0.0,0,1.0,0.0,0.2,0,25,ewma,0.592750,0.588843
E10,0.2,0.0,0,1.0,0.0,0.2,0,25,blend-paper,0.594500,0.596074
E10,0.2,0.0,0,1.0,0.0,0.2,0,25,saf-adaptive,0.588500,0.571281
E10,0.2,0.0,0,1.0,0.0,0.2,0,26,random,0.566250,0.481928
E10,0.2,0.0,0,1.0,0.0,0.2,0,26,round-robin,0.570000,0.496988
E10,0.2,0.0,0,1.0,0.0,0.2,0,26,oracle,0.695250,1.000000
E10,0.2,0.0,0,1.0,0.0,0.2,0,26,snr-greedy,0.580500,0.539157
E10,0.2,0.0,0,1.0,0.0,0.2,0,26,snr-greedy-loss,0.587250,0.566265
E10,0.2,0.0,0,1.0,0.0,0.2,0,26,snr-mean,0.624750,0.716867
E10,0.2,0.0,0,1.0,0.0,0.2,0,26,belief,0.593000,0.589357
E10,0.2,0.0,0,1.0,0.0,0.2,0,26,belief-pred,0.593000,0.589357
E10,0.2,0.0,0,1.0,0.0,0.2,0,26,ewma,0.597000,0.605422
E10,0.2,0.0,0,1.0,0.0,0.2,0,26,blend-paper,0.599000,0.613454
E10,0.2,0.0,0,1.0,0.0,0.2,0,26,saf-adaptive,0.599500,0.615462
E10,0.2,0.0,0,1.0,0.0,0.2,0,27,random,0.575500,0.518630
E10,0.2,0.0,0,1.0,0.0,0.2,0,27,round-robin,0.571250,0.501511
E10,0.2,0.0,0,1.0,0.0,0.2,0,27,oracle,0.695000,1.000000
E10,0.2,0.0,0,1.0,0.0,0.2,0,27,snr-greedy,0.578750,0.531722
E10,0.2,0.0,0,1.0,0.0,0.2,0,27,snr-greedy-loss,0.586250,0.561934
E10,0.2,0.0,0,1.0,0.0,0.2,0,27,snr-mean,0.612250,0.666667
E10,0.2,0.0,0,1.0,0.0,0.2,0,27,belief,0.587750,0.567976
E10,0.2,0.0,0,1.0,0.0,0.2,0,27,belief-pred,0.587750,0.567976
E10,0.2,0.0,0,1.0,0.0,0.2,0,27,ewma,0.585250,0.557905
E10,0.2,0.0,0,1.0,0.0,0.2,0,27,blend-paper,0.590000,0.577039
E10,0.2,0.0,0,1.0,0.0,0.2,0,27,saf-adaptive,0.574000,0.512588
E10,0.2,0.0,0,1.0,0.0,0.2,0,28,random,0.568250,0.509574
E10,0.2,0.0,0,1.0,0.0,0.2,0,28,round-robin,0.564250,0.492553
E10,0.2,0.0,0,1.0,0.0,0.2,0,28,oracle,0.683500,1.000000
E10,0.2,0.0,0,1.0,0.0,0.2,0,28,snr-greedy,0.563750,0.490426
E10,0.2,0.0,0,1.0,0.0,0.2,0,28,snr-greedy-loss,0.565500,0.497872
E10,0.2,0.0,0,1.0,0.0,0.2,0,28,snr-mean,0.607750,0.677660
E10,0.2,0.0,0,1.0,0.0,0.2,0,28,belief,0.575250,0.539362
E10,0.2,0.0,0,1.0,0.0,0.2,0,28,belief-pred,0.575250,0.539362
E10,0.2,0.0,0,1.0,0.0,0.2,0,28,ewma,0.586000,0.585106
E10,0.2,0.0,0,1.0,0.0,0.2,0,28,blend-paper,0.589250,0.598936
E10,0.2,0.0,0,1.0,0.0,0.2,0,28,saf-adaptive,0.590000,0.602128
E10,0.2,0.0,0,1.0,0.0,0.2,0,29,random,0.561250,0.497349
E10,0.2,0.0,0,1.0,0.0,0.2,0,29,round-robin,0.562000,0.500530
E10,0.2,0.0,0,1.0,0.0,0.2,0,29,oracle,0.679750,1.000000
E10,0.2,0.0,0,1.0,0.0,0.2,0,29,snr-greedy,0.574250,0.552492
E10,0.2,0.0,0,1.0,0.0,0.2,0,29,snr-greedy-loss,0.578250,0.569459
E10,0.2,0.0,0,1.0,0.0,0.2,0,29,snr-mean,0.603000,0.674443
E10,0.2,0.0,0,1.0,0.0,0.2,0,29,belief,0.580250,0.577943
E10,0.2,0.0,0,1.0,0.0,0.2,0,29,belief-pred,0.580250,0.577943
E10,0.2,0.0,0,1.0,0.0,0.2,0,29,ewma,0.587250,0.607635
E10,0.2,0.0,0,1.0,0.0,0.2,0,29,blend-paper,0.589750,0.618240
E10,0.2,0.0,0,1.0,0.0,0.2,0,29,saf-adaptive,0.589000,0.615058
E10,0.2,0.0,0,1.0,0.0,0.2,0,30,random,0.562000,0.488058
E10,0.2,0.0,0,1.0,0.0,0.2,0,30,round-robin,0.566000,0.504673
E10,0.2,0.0,0,1.0,0.0,0.2,0,30,oracle,0.685250,1.000000
E10,0.2,0.0,0,1.0,0.0,0.2,0,30,snr-greedy,0.571750,0.528557
E10,0.2,0.0,0,1.0,0.0,0.2,0,30,snr-greedy-loss,0.575750,0.545171
E10,0.2,0.0,0,1.0,0.0,0.2,0,30,snr-mean,0.602000,0.654206
E10,0.2,0.0,0,1.0,0.0,0.2,0,30,belief,0.578750,0.557632
E10,0.2,0.0,0,1.0,0.0,0.2,0,30,belief-pred,0.578750,0.557632
E10,0.2,0.0,0,1.0,0.0,0.2,0,30,ewma,0.577000,0.550363
E10,0.2,0.0,0,1.0,0.0,0.2,0,30,blend-paper,0.583250,0.576324
E10,0.2,0.0,0,1.0,0.0,0.2,0,30,saf-adaptive,0.565500,0.502596
E10,0.2,0.0,0,1.0,0.0,0.2,0,31,random,0.562250,0.480167
E10,0.2,0.0,0,1.0,0.0,0.2,0,31,round-robin,0.568750,0.507307
E10,0.2,0.0,0,1.0,0.0,0.2,0,31,oracle,0.686750,1.000000
E10,0.2,0.0,0,1.0,0.0,0.2,0,31,snr-greedy,0.570500,0.514614
E10,0.2,0.0,0,1.0,0.0,0.2,0,31,snr-greedy-loss,0.575000,0.533403
E10,0.2,0.0,0,1.0,0.0,0.2,0,31,snr-mean,0.610000,0.679541
E10,0.2,0.0,0,1.0,0.0,0.2,0,31,belief,0.580500,0.556367
E10,0.2,0.0,0,1.0,0.0,0.2,0,31,belief-pred,0.580500,0.556367
E10,0.2,0.0,0,1.0,0.0,0.2,0,31,ewma,0.597750,0.628392
E10,0.2,0.0,0,1.0,0.0,0.2,0,31,blend-paper,0.597750,0.628392
E10,0.2,0.0,0,1.0,0.0,0.2,0,31,saf-adaptive,0.597750,0.628392
E10,0.2,0.0,0,1.0,0.0,0.2,0,32,random,0.571250,0.531381
E10,0.2,0.0,0,1.0,0.0,0.2,0,32,round-robin,0.562750,0.495816
E10,0.2,0.0,0,1.0,0.0,0.2,0,32,oracle,0.683250,1.000000
E10,0.2,0.0,0,1.0,0.0,0.2,0,32,snr-greedy,0.563250,0.497908
E10,0.2,0.0,0,1.0,0.0,0.2,0,32,snr-greedy-loss,0.565500,0.507322
E10,0.2,0.0,0,1.0,0.0,0.2,0,32,snr-mean,0.605750,0.675732
E10,0.2,0.0,0,1.0,0.0,0.2,0,32,belief,0.573250,0.539749
E10,0.2,0.0,0,1.0,0.0,0.2,0,32,belief-pred,0.573250,0.539749
E10,0.2,0.0,0,1.0,0.0,0.2,0,32,ewma,0.593250,0.623431
E10,0.2,0.0,0,1.0,0.0,0.2,0,32,blend-paper,0.587250,0.598326
E10,0.2,0.0,0,1.0,0.0,0.2,0,32,saf-adaptive,0.584500,0.586820
E10,0.2,0.0,0,1.0,0.0,0.2,0,33,random,0.563000,0.505595
E10,0.2,0.0,0,1.0,0.0,0.2,0,33,round-robin,0.560250,0.494405
E10,0.2,0.0,0,1.0,0.0,0.2,0,33,oracle,0.684500,1.000000
E10,0.2,0.0,0,1.0,0.0,0.2,0,33,snr-greedy,0.563750,0.508647
E10,0.2,0.0,0,1.0,0.0,0.2,0,33,snr-greedy-loss,0.566500,0.519837
E10,0.2,0.0,0,1.0,0.0,0.2,0,33,snr-mean,0.599750,0.655137
E10,0.2,0.0,0,1.0,0.0,0.2,0,33,belief,0.575000,0.554425
E10,0.2,0.0,0,1.0,0.0,0.2,0,33,belief-pred,0.575000,0.554425
E10,0.2,0.0,0,1.0,0.0,0.2,0,33,ewma,0.590250,0.616480
E10,0.2,0.0,0,1.0,0.0,0.2,0,33,blend-paper,0.578000,0.566633
E10,0.2,0.0,0,1.0,0.0,0.2,0,33,saf-adaptive,0.581250,0.579858
E10,0.2,0.0,0,1.0,0.0,0.2,0,34,random,0.557500,0.507360
E10,0.2,0.0,0,1.0,0.0,0.2,0,34,round-robin,0.556000,0.501472
E10,0.2,0.0,0,1.0,0.0,0.2,0,34,oracle,0.683000,1.000000
E10,0.2,0.0,0,1.0,0.0,0.2,0,34,snr-greedy,0.555250,0.498528
E10,0.2,0.0,0,1.0,0.0,0.2,0,34,snr-greedy-loss,0.558500,0.511286
E10,0.2,0.0,0,1.0,0.0,0.2,0,34,snr-mean,0.584750,0.614328
E10,0.2,0.0,0,1.0,0.0,0.2,0,34,belief,0.566250,0.541708
E10,0.2,0.0,0,1.0,0.0,0.2,0,34,belief-pred,0.566250,0.541708
E10,0.2,0.0,0,1.0,0.0,0.2,0,34,ewma,0.581000,0.599607
E10,0.2,0.0,0,1.0,0.0,0.2,0,34,blend-paper,0.581000,0.599607
E10,0.2,0.0,0,1.0,0.0,0.2,0,34,saf-adaptive,0.571250,0.561335
E10,0.2,0.0,0,1.0,0.0,0.2,0,35,random,0.568500,0.519833
E10,0.2,0.0,0,1.0,0.0,0.2,0,35,round-robin,0.564250,0.502088
E10,0.2,0.0,0,1.0,0.0,0.2,0,35,oracle,0.683500,1.000000
E10,0.2,0.0,0,1.0,0.0,0.2,0,35,snr-greedy,0.569750,0.525052
E10,0.2,0.0,0,1.0,0.0,0.2,0,35,snr-greedy-loss,0.569250,0.522965
E10,0.2,0.0,0,1.0,0.0,0.2,0,35,snr-mean,0.607000,0.680585
E10,0.2,0.0,0,1.0,0.0,0.2,0,35,belief,0.581500,0.574113
E10,0.2,0.0,0,1.0,0.0,0.2,0,35,belief-pred,0.581500,0.574113
E10,0.2,0.0,0,1.0,0.0,0.2,0,35,ewma,0.595000,0.630480
E10,0.2,0.0,0,1.0,0.0,0.2,0,35,blend-paper,0.586500,0.594990
E10,0.2,0.0,0,1.0,0.0,0.2,0,35,saf-adaptive,0.589500,0.607516
E10,0.2,0.0,0,1.0,0.0,0.2,0,36,random,0.578500,0.527865
E10,0.2,0.0,0,1.0,0.0,0.2,0,36,round-robin,0.574500,0.511041
E10,0.2,0.0,0,1.0,0.0,0.2,0,36,oracle,0.690750,1.000000
E10,0.2,0.0,0,1.0,0.0,0.2,0,36,snr-greedy,0.575000,0.513144
E10,0.2,0.0,0,1.0,0.0,0.2,0,36,snr-greedy-loss,0.572500,0.502629
E10,0.2,0.0,0,1.0,0.0,0.2,0,36,snr-mean,0.605250,0.640379
E10,0.2,0.0,0,1.0,0.0,0.2,0,36,belief,0.581250,0.539432
E10,0.2,0.0,0,1.0,0.0,0.2,0,36,belief-pred,0.581250,0.539432
E10,0.2,0.0,0,1.0,0.0,0.2,0,36,ewma,0.603500,0.633018
E10,0.2,0.0,0,1.0,0.0,0.2,0,36,blend-paper,0.604750,0.638275
E10,0.2,0.0,0,1.0,0.0,0.2,0,36,saf-adaptive,0.602250,0.627760
E10,0.2,0.0,0,1.0,0.0,0.2,0,37,random,0.558750,0.494898
E10,0.2,0.0,0,1.0,0.0,0.2,0,37,round-robin,0.555000,0.479592
E10,0.2,0.0,0,1.0,0.0,0.2,0,37,oracle,0.682500,1.000000
E10,0.2,0.0,0,1.0,0.0,0.2,0,37,snr-greedy,0.564750,0.519388
E10,0.2,0.0,0,1.0,0.0,0.2,0,37,snr-greedy-loss,0.572250,0.550000
E10,0.2,0.0,0,1.0,0.0,0.2,0,37,snr-mean,0.614250,0.721429
E10,0.2,0.0,0,1.0,0.0,0.2,0,37,belief,0.576250,0.566327
E10,0.2,0.0,0,1.0,0.0,0.2,0,37,belief-pred,0.576250,0.566327
E10,0.2,0.0,0,1.0,0.0,0.2,0,37,ewma,0.579500,0.579592
E10,0.2,0.0,0,1.0,0.0,0.2,0,37,blend-paper,0.574250,0.558163
E10,0.2,0.0,0,1.0,0.0,0.2,0,37,saf-adaptive,0.579500,0.579592
E10,0.2,0.0,0,1.0,0.0,0.2,0,38,random,0.563750,0.503504
E10,0.2,0.0,0,1.0,0.0,0.2,0,38,round-robin,0.562250,0.497497
E10,0.2,0.0,0,1.0,0.0,0.2,0,38,oracle,0.687750,1.000000
E10,0.2,0.0,0,1.0,0.0,0.2,0,38,snr-greedy,0.564750,0.507508
E10,0.2,0.0,0,1.0,0.0,0.2,0,38,snr-greedy-loss,0.565500,0.510511
E10,0.2,0.0,0,1.0,0.0,0.2,0,38,snr-mean,0.601500,0.654655
E10,0.2,0.0,0,1.0,0.0,0.2,0,38,belief,0.566500,0.514515
E10,0.2,0.0,0,1.0,0.0,0.2,0,38,belief-pred,0.566500,0.514515
E10,0.2,0.0,0,1.0,0.0,0.2,0,38,ewma,0.582000,0.576577
E10,0.2,0.0,0,1.0,0.0,0.2,0,38,blend-paper,0.589750,0.607608
E10,0.2,0.0,0,1.0,0.0,0.2,0,38,saf-adaptive,0.578250,0.561562
E10,0.2,0.0,0,1.0,0.0,0.2,0,39,random,0.561000,0.502028
E10,0.2,0.0,0,1.0,0.0,0.2,0,39,round-robin,0.558250,0.490872
E10,0.2,0.0,0,1.0,0.0,0.2,0,39,oracle,0.683750,1.000000
E10,0.2,0.0,0,1.0,0.0,0.2,0,39,snr-greedy,0.569500,0.536511
E10,0.2,0.0,0,1.0,0.0,0.2,0,39,snr-greedy-loss,0.565750,0.521298
E10,0.2,0.0,0,1.0,0.0,0.2,0,39,snr-mean,0.607000,0.688641
E10,0.2,0.0,0,1.0,0.0,0.2,0,39,belief,0.570250,0.539554
E10,0.2,0.0,0,1.0,0.0,0.2,0,39,belief-pred,0.570250,0.539554
E10,0.2,0.0,0,1.0,0.0,0.2,0,39,ewma,0.581000,0.583164
E10,0.2,0.0,0,1.0,0.0,0.2,0,39,blend-paper,0.580000,0.579108
E10,0.2,0.0,0,1.0,0.0,0.2,0,39,saf-adaptive,0.579250,0.576065
E10,0.2,0.0,0,1.0,0.0,0.2,0,40,random,0.563500,0.526580
E10,0.2,0.0,0,1.0,0.0,0.2,0,40,round-robin,0.556000,0.496489
E10,0.2,0.0,0,1.0,0.0,0.2,0,40,oracle,0.681500,1.000000
E10,0.2,0.0,0,1.0,0.0,0.2,0,40,snr-greedy,0.567250,0.541625
E10,0.2,0.0,0,1.0,0.0,0.2,0,40,snr-greedy-loss,0.573000,0.564694
E10,0.2,0.0,0,1.0,0.0,0.2,0,40,snr-mean,0.600500,0.675025
E10,0.2,0.0,0,1.0,0.0,0.2,0,40,belief,0.570750,0.555667
E10,0.2,0.0,0,1.0,0.0,0.2,0,40,belief-pred,0.570750,0.555667
E10,0.2,0.0,0,1.0,0.0,0.2,0,40,ewma,0.582500,0.602808
E10,0.2,0.0,0,1.0,0.0,0.2,0,40,blend-paper,0.576750,0.579739
E10,0.2,0.0,0,1.0,0.0,0.2,0,40,saf-adaptive,0.575000,0.572718
E10,0.2,0.0,0,1.0,0.0,0.2,0,41,random,0.545000,0.463968
E10,0.2,0.0,0,1.0,0.0,0.2,0,41,round-robin,0.556000,0.507404
E10,0.2,0.0,0,1.0,0.0,0.2,0,41,oracle,0.680750,1.000000
E10,0.2,0.0,0,1.0,0.0,0.2,0,41,snr-greedy,0.560000,0.523198
E10,0.2,0.0,0,1.0,0.0,0.2,0,41,snr-greedy-loss,0.563750,0.538006
E10,0.2,0.0,0,1.0,0.0,0.2,0,41,snr-mean,0.584500,0.619941
E10,0.2,0.0,0,1.0,0.0,0.2,0,41,belief,0.566750,0.549852
E10,0.2,0.0,0,1.0,0.0,0.2,0,41,belief-pred,0.566750,0.549852
E10,0.2,0.0,0,1.0,0.0,0.2,0,41,ewma,0.566750,0.549852
E10,0.2,0.0,0,1.0,0.0,0.2,0,41,blend-paper,0.560000,0.523198
E10,0.2,0.0,0,1.0,0.0,0.2,0,41,saf-adaptive,0.569750,0.561698
E10,0.2,0.0,0,1.0,0.0,0.2,0,42,random,0.572250,0.519027
E10,0.2,0.0,0,1.0,0.0,0.2,0,42,round-robin,0.567250,0.497886
E10,0.2,0.0,0,1.0,0.0,0.2,0,42,oracle,0.686000,1.000000
E10,0.2,0.0,0,1.0,0.0,0.2,0,42,snr-greedy,0.562500,0.477801
E10,0.2,0.0,0,1.0,0.0,0.2,0,42,snr-greedy-loss,0.571250,0.514799
E10,0.2,0.0,0,1.0,0.0,0.2,0,42,snr-mean,0.597000,0.623679
E10,0.2,0.0,0,1.0,0.0,0.2,0,42,belief,0.571750,0.516913
E10,0.2,0.0,0,1.0,0.0,0.2,0,42,belief-pred,0.571750,0.516913
E10,0.2,0.0,0,1.0,0.0,0.2,0,42,ewma,0.573750,0.525370
E10,0.2,0.0,0,1.0,0.0,0.2,0,42,blend-paper,0.591750,0.601480
E10,0.2,0.0,0,1.0,0.0,0.2,0,42,saf-adaptive,0.578250,0.544397
E10,0.2,0.0,0,1.0,0.0,0.2,0,43,random,0.562250,0.516563
E10,0.2,0.0,0,1.0,0.0,0.2,0,43,round-robin,0.555250,0.487578
E10,0.2,0.0,0,1.0,0.0,0.2,0,43,oracle,0.679000,1.000000
E10,0.2,0.0,0,1.0,0.0,0.2,0,43,snr-greedy,0.567250,0.537267
E10,0.2,0.0,0,1.0,0.0,0.2,0,43,snr-greedy-loss,0.570000,0.548654
E10,0.2,0.0,0,1.0,0.0,0.2,0,43,snr-mean,0.591500,0.637681
E10,0.2,0.0,0,1.0,0.0,0.2,0,43,belief,0.575750,0.572464
E10,0.2,0.0,0,1.0,0.0,0.2,0,43,belief-pred,0.575750,0.572464
E10,0.2,0.0,0,1.0,0.0,0.2,0,43,ewma,0.595000,0.652174
E10,0.2,0.0,0,1.0,0.0,0.2,0,43,blend-paper,0.585250,0.611801
E10,0.2,0.0,0,1.0,0.0,0.2,0,43,saf-adaptive,0.583000,0.602484
E10,0.2,0.0,0,1.0,0.0,0.2,0,44,random,0.560250,0.478217
E10,0.2,0.0,0,1.0,0.0,0.2,0,44,round-robin,0.563500,0.491388
E10,0.2,0.0,0,1.0,0.0,0.2,0,44,oracle,0.689000,1.000000
E10,0.2,0.0,0,1.0,0.0,0.2,0,44,snr-greedy,0.570250,0.518744
E10,0.2,0.0,0,1.0,0.0,0.2,0,44,snr-greedy-loss,0.576750,0.545086
E10,0.2,0.0,0,1.0,0.0,0.2,0,44,snr-mean,0.596000,0.623100
E10,0.2,0.0,0,1.0,0.0,0.2,0,44,belief,0.578250,0.551165
E10,0.2,0.0,0,1.0,0.0,0.2,0,44,belief-pred,0.578250,0.551165
E10,0.2,0.0,0,1.0,0.0,0.2,0,44,ewma,0.592750,0.609929
E10,0.2,0.0,0,1.0,0.0,0.2,0,44,blend-paper,0.585250,0.579534
E10,0.2,0.0,0,1.0,0.0,0.2,0,44,saf-adaptive,0.589250,0.595745
E10,0.2,0.0,0,1.0,0.0,0.2,0,45,random,0.559250,0.503627
E10,0.2,0.0,0,1.0,0.0,0.2,0,45,round-robin,0.554500,0.483938
E10,0.2,0.0,0,1.0,0.0,0.2,0,45,oracle,0.679000,1.000000
E10,0.2,0.0,0,1.0,0.0,0.2,0,45,snr-greedy,0.558000,0.498446
E10,0.2,0.0,0,1.0,0.0,0.2,0,45,snr-greedy-loss,0.561000,0.510881
E10,0.2,0.0,0,1.0,0.0,0.2,0,45,snr-mean,0.597250,0.661140
E10,0.2,0.0,0,1.0,0.0,0.2,0,45,belief,0.563250,0.520207
E10,0.2,0.0,0,1.0,0.0,0.2,0,45,belief-pred,0.563250,0.520207
E10,0.2,0.0,0,1.0,0.0,0.2,0,45,ewma,0.572750,0.559585
E10,0.2,0.0,0,1.0,0.0,0.2,0,45,blend-paper,0.584000,0.606218
E10,0.2,0.0,0,1.0,0.0,0.2,0,45,saf-adaptive,0.568000,0.539896
E10,0.2,0.0,0,1.0,0.0,0.2,0,46,random,0.558750,0.493750
E10,0.2,0.0,0,1.0,0.0,0.2,0,46,round-robin,0.561250,0.504167
E10,0.2,0.0,0,1.0,0.0,0.2,0,46,oracle,0.680250,1.000000
E10,0.2,0.0,0,1.0,0.0,0.2,0,46,snr-greedy,0.569000,0.536458
E10,0.2,0.0,0,1.0,0.0,0.2,0,46,snr-greedy-loss,0.568750,0.535417
E10,0.2,0.0,0,1.0,0.0,0.2,0,46,snr-mean,0.594750,0.643750
E10,0.2,0.0,0,1.0,0.0,0.2,0,46,belief,0.575000,0.561458
E10,0.2,0.0,0,1.0,0.0,0.2,0,46,belief-pred,0.575000,0.561458
E10,0.2,0.0,0,1.0,0.0,0.2,0,46,ewma,0.577500,0.571875
E10,0.2,0.0,0,1.0,0.0,0.2,0,46,blend-paper,0.571750,0.547917
E10,0.2,0.0,0,1.0,0.0,0.2,0,46,saf-adaptive,0.565750,0.522917
E10,0.2,0.0,0,1.0,0.0,0.2,0,47,random,0.563250,0.489583
E10,0.2,0.0,0,1.0,0.0,0.2,0,47,round-robin,0.566000,0.501042
E10,0.2,0.0,0,1.0,0.0,0.2,0,47,oracle,0.685750,1.000000
E10,0.2,0.0,0,1.0,0.0,0.2,0,47,snr-greedy,0.566250,0.502083
E10,0.2,0.0,0,1.0,0.0,0.2,0,47,snr-greedy-loss,0.570250,0.518750
E10,0.2,0.0,0,1.0,0.0,0.2,0,47,snr-mean,0.613750,0.700000
E10,0.2,0.0,0,1.0,0.0,0.2,0,47,belief,0.573250,0.531250
E10,0.2,0.0,0,1.0,0.0,0.2,0,47,belief-pred,0.573250,0.531250
E10,0.2,0.0,0,1.0,0.0,0.2,0,47,ewma,0.582500,0.569792
E10,0.2,0.0,0,1.0,0.0,0.2,0,47,blend-paper,0.571500,0.523958
E10,0.2,0.0,0,1.0,0.0,0.2,0,47,saf-adaptive,0.585500,0.582292
E10,0.2,0.0,0,1.0,0.0,0.2,0,48,random,0.561500,0.478947
E10,0.2,0.0,0,1.0,0.0,0.2,0,48,round-robin,0.566000,0.497895
E10,0.2,0.0,0,1.0,0.0,0.2,0,48,oracle,0.685250,1.000000
E10,0.2,0.0,0,1.0,0.0,0.2,0,48,snr-greedy,0.573750,0.530526
E10,0.2,0.0,0,1.0,0.0,0.2,0,48,snr-greedy-loss,0.576500,0.542105
E10,0.2,0.0,0,1.0,0.0,0.2,0,48,snr-mean,0.602250,0.650526
E10,0.2,0.0,0,1.0,0.0,0.2,0,48,belief,0.578000,0.548421
E10,0.2,0.0,0,1.0,0.0,0.2,0,48,belief-pred,0.578000,0.548421
E10,0.2,0.0,0,1.0,0.0,0.2,0,48,ewma,0.582750,0.568421
E10,0.2,0.0,0,1.0,0.0,0.2,0,48,blend-paper,0.584000,0.573684
E10,0.2,0.0,0,1.0,0.0,0.2,0,48,saf-adaptive,0.582750,0.568421
E10,0.2,0.0,0,1.0,0.0,0.2,0,49,random,0.560250,0.516360
E10,0.2,0.0,0,1.0,0.0,0.2,0,49,round-robin,0.552000,0.482618
E10,0.2,0.0,0,1.0,0.0,0.2,0,49,oracle,0.678500,1.000000
E10,0.2,0.0,0,1.0,0.0,0.2,0,49,snr-greedy,0.558250,0.508180
E10,0.2,0.0,0,1.0,0.0,0.2,0,49,snr-greedy-loss,0.560500,0.517382
E10,0.2,0.0,0,1.0,0.0,0.2,0,49,snr-mean,0.576000,0.580777
E10,0.2,0.0,0,1.0,0.0,0.2,0,49,belief,0.563500,0.529652
E10,0.2,0.0,0,1.0,0.0,0.2,0,49,belief-pred,0.563500,0.529652
E10,0.2,0.0,0,1.0,0.0,0.2,0,49,ewma,0.571000,0.560327
E10,0.2,0.0,0,1.0,0.0,0.2,0,49,blend-paper,0.568250,0.549080
E10,0.2,0.0,0,1.0,0.0,0.2,0,49,saf-adaptive,0.577500,0.586912
E11,0.2,0.0,0,1.0,0.0,0.0,1,0,random,0.614750,0.503218
E11,0.2,0.0,0,1.0,0.0,0.0,1,0,round-robin,0.615750,0.508366
E11,0.2,0.0,0,1.0,0.0,0.0,1,0,oracle,0.711250,1.000000
E11,0.2,0.0,0,1.0,0.0,0.0,1,0,snr-greedy,0.610000,0.478764
E11,0.2,0.0,0,1.0,0.0,0.0,1,0,snr-greedy-loss,0.614250,0.500644
E11,0.2,0.0,0,1.0,0.0,0.0,1,0,snr-mean,0.618500,0.522523
E11,0.2,0.0,0,1.0,0.0,0.0,1,0,belief,0.614750,0.503218
E11,0.2,0.0,0,1.0,0.0,0.0,1,0,belief-pred,0.614750,0.503218
E11,0.2,0.0,0,1.0,0.0,0.0,1,0,ewma,0.627000,0.566281
E11,0.2,0.0,0,1.0,0.0,0.0,1,0,blend-paper,0.620000,0.530245
E11,0.2,0.0,0,1.0,0.0,0.0,1,0,saf-adaptive,0.620000,0.530245
E11,0.2,0.0,0,1.0,0.0,0.0,1,1,random,0.612500,0.476485
E11,0.2,0.0,0,1.0,0.0,0.0,1,1,round-robin,0.622000,0.523515
E11,0.2,0.0,0,1.0,0.0,0.0,1,1,oracle,0.718250,1.000000
E11,0.2,0.0,0,1.0,0.0,0.0,1,1,snr-greedy,0.613250,0.480198
E11,0.2,0.0,0,1.0,0.0,0.0,1,1,snr-greedy-loss,0.614500,0.486386
E11,0.2,0.0,0,1.0,0.0,0.0,1,1,snr-mean,0.619250,0.509901
E11,0.2,0.0,0,1.0,0.0,0.0,1,1,belief,0.617250,0.500000
E11,0.2,0.0,0,1.0,0.0,0.0,1,1,belief-pred,0.617250,0.500000
E11,0.2,0.0,0,1.0,0.0,0.0,1,1,ewma,0.615000,0.488861
E11,0.2,0.0,0,1.0,0.0,0.0,1,1,blend-paper,0.628000,0.553218
E11,0.2,0.0,0,1.0,0.0,0.0,1,1,saf-adaptive,0.616250,0.495050
E11,0.2,0.0,0,1.0,0.0,0.0,1,2,random,0.609500,0.493842
E11,0.2,0.0,0,1.0,0.0,0.0,1,2,round-robin,0.609500,0.493842
E11,0.2,0.0,0,1.0,0.0,0.0,1,2,oracle,0.712250,1.000000
E11,0.2,0.0,0,1.0,0.0,0.0,1,2,snr-greedy,0.616000,0.525862
E11,0.2,0.0,0,1.0,0.0,0.0,1,2,snr-greedy-loss,0.614000,0.516010
E11,0.2,0.0,0,1.0,0.0,0.0,1,2,snr-mean,0.615000,0.520936
E11,0.2,0.0,0,1.0,0.0,0.0,1,2,belief,0.615500,0.523399
E11,0.2,0.0,0,1.0,0.0,0.0,1,2,belief-pred,0.615500,0.523399
E11,0.2,0.0,0,1.0,0.0,0.0,1,2,ewma,0.618750,0.539409
E11,0.2,0.0,0,1.0,0.0,0.0,1,2,blend-paper,0.618750,0.539409
E11,0.2,0.0,0,1.0,0.0,0.0,1,2,saf-adaptive,0.621250,0.551724
E11,0.2,0.0,0,1.0,0.0,0.0,1,3,random,0.618500,0.490566
E11,0.2,0.0,0,1.0,0.0,0.0,1,3,round-robin,0.617000,0.482480
E11,0.2,0.0,0,1.0,0.0,0.0,1,3,oracle,0.713000,1.000000
E11,0.2,0.0,0,1.0,0.0,0.0,1,3,snr-greedy,0.620250,0.500000
E11,0.2,0.0,0,1.0,0.0,0.0,1,3,snr-greedy-loss,0.621000,0.504043
E11,0.2,0.0,0,1.0,0.0,0.0,1,3,snr-mean,0.615500,0.474394
E11,0.2,0.0,0,1.0,0.0,0.0,1,3,belief,0.621500,0.506739
E11,0.2,0.0,0,1.0,0.0,0.0,1,3,belief-pred,0.621500,0.506739
E11,0.2,0.0,0,1.0,0.0,0.0,1,3,ewma,0.630250,0.553908
E11,0.2,0.0,0,1.0,0.0,0.0,1,3,blend-paper,0.618750,0.491914
E11,0.2,0.0,0,1.0,0.0,0.0,1,3,saf-adaptive,0.625250,0.526954
E11,0.2,0.0,0,1.0,0.0,0.0,1,4,random,0.604750,0.485222
E11,0.2,0.0,0,1.0,0.0,0.0,1,4,round-robin,0.609000,0.506158
E11,0.2,0.0,0,1.0,0.0,0.0,1,4,oracle,0.709250,1.000000
E11,0.2,0.0,0,1.0,0.0,0.0,1,4,snr-greedy,0.607750,0.500000
E11,0.2,0.0,0,1.0,0.0,0.0,1,4,snr-greedy-loss,0.608750,0.504926
E11,0.2,0.0,0,1.0,0.0,0.0,1,4,snr-mean,0.605500,0.488916
E11,0.2,0.0,0,1.0,0.0,0.0,1,4,belief,0.607750,0.500000
E11,0.2,0.0,0,1.0,0.0,0.0,1,4,belief-pred,0.607750,0.500000
E11,0.2,0.0,0,1.0,0.0,0.0,1,4,ewma,0.614750,0.534483
E11,0.2,0.0,0,1.0,0.0,0.0,1,4,blend-paper,0.613250,0.527094
E11,0.2,0.0,0,1.0,0.0,0.0,1,4,saf-adaptive,0.609250,0.507389
E11,0.2,0.0,0,1.0,0.0,0.0,1,5,random,0.613250,0.498715
E11,0.2,0.0,0,1.0,0.0,0.0,1,5,round-robin,0.613000,0.497429
E11,0.2,0.0,0,1.0,0.0,0.0,1,5,oracle,0.710750,1.000000
E11,0.2,0.0,0,1.0,0.0,0.0,1,5,snr-greedy,0.619500,0.530848
E11,0.2,0.0,0,1.0,0.0,0.0,1,5,snr-greedy-loss,0.616750,0.516710
E11,0.2,0.0,0,1.0,0.0,0.0,1,5,snr-mean,0.609000,0.476864
E11,0.2,0.0,0,1.0,0.0,0.0,1,5,belief,0.615750,0.511568
E11,0.2,0.0,0,1.0,0.0,0.0,1,5,belief-pred,0.615750,0.511568
E11,0.2,0.0,0,1.0,0.0,0.0,1,5,ewma,0.611500,0.489717
E11,0.2,0.0,0,1.0,0.0,0.0,1,5,blend-paper,0.617750,0.521851
E11,0.2,0.0,0,1.0,0.0,0.0,1,5,saf-adaptive,0.602250,0.442159
E11,0.2,0.0,0,1.0,0.0,0.0,1,6,random,0.606000,0.474660
E11,0.2,0.0,0,1.0,0.0,0.0,1,6,round-robin,0.611750,0.503090
E11,0.2,0.0,0,1.0,0.0,0.0,1,6,oracle,0.712250,1.000000
E11,0.2,0.0,0,1.0,0.0,0.0,1,6,snr-greedy,0.606500,0.477132
E11,0.2,0.0,0,1.0,0.0,0.0,1,6,snr-greedy-loss,0.607000,0.479604
E11,0.2,0.0,0,1.0,0.0,0.0,1,6,snr-mean,0.619000,0.538937
E11,0.2,0.0,0,1.0,0.0,0.0,1,6,belief,0.611750,0.503090
E11,0.2,0.0,0,1.0,0.0,0.0,1,6,belief-pred,0.611750,0.503090
E11,0.2,0.0,0,1.0,0.0,0.0,1,6,ewma,0.620500,0.546354
E11,0.2,0.0,0,1.0,0.0,0.0,1,6,blend-paper,0.617000,0.529048
E11,0.2,0.0,0,1.0,0.0,0.0,1,6,saf-adaptive,0.617000,0.529048
E11,0.2,0.0,0,1.0,0.0,0.0,1,7,random,0.613750,0.489975
E11,0.2,0.0,0,1.0,0.0,0.0,1,7,round-robin,0.618250,0.512531
E11,0.2,0.0,0,1.0,0.0,0.0,1,7,oracle,0.715500,1.000000
E11,0.2,0.0,0,1.0,0.0,0.0,1,7,snr-greedy,0.618250,0.512531
E11,0.2,0.0,0,1.0,0.0,0.0,1,7,snr-greedy-loss,0.619250,0.517544
E11,0.2,0.0,0,1.0,0.0,0.0,1,7,snr-mean,0.619000,0.516291
E11,0.2,0.0,0,1.0,0.0,0.0,1,7,belief,0.616250,0.502506
E11,0.2,0.0,0,1.0,0.0,0.0,1,7,belief-pred,0.616250,0.502506
E11,0.2,0.0,0,1.0,0.0,0.0,1,7,ewma,0.617000,0.506266
E11,0.2,0.0,0,1.0,0.0,0.0,1,7,blend-paper,0.622750,0.535088
E11,0.2,0.0,0,1.0,0.0,0.0,1,7,saf-adaptive,0.620250,0.522556
E11,0.2,0.0,0,1.0,0.0,0.0,1,8,random,0.602500,0.473146
E11,0.2,0.0,0,1.0,0.0,0.0,1,8,round-robin,0.606000,0.491049
E11,0.2,0.0,0,1.0,0.0,0.0,1,8,oracle,0.705500,1.000000
E11,0.2,0.0,0,1.0,0.0,0.0,1,8,snr-greedy,0.611500,0.519182
E11,0.2,0.0,0,1.0,0.0,0.0,1,8,snr-greedy-loss,0.610500,0.514066
E11,0.2,0.0,0,1.0,0.0,0.0,1,8,snr-mean,0.620500,0.565217
E11,0.2,0.0,0,1.0,0.0,0.0,1,8,belief,0.611750,0.520460
E11,0.2,0.0,0,1.0,0.0,0.0,1,8,belief-pred,0.611750,0.520460
E11,0.2,0.0,0,1.0,0.0,0.0,1,8,ewma,0.612500,0.524297
E11,0.2,0.0,0,1.0,0.0,0.0,1,8,blend-paper,0.615500,0.539642
E11,0.2,0.0,0,1.0,0.0,0.0,1,8,saf-adaptive,0.609500,0.508951
E11,0.2,0.0,0,1.0,0.0,0.0,1,9,random,0.607750,0.500000
E11,0.2,0.0,0,1.0,0.0,0.0,1,9,round-robin,0.607000,0.496287
E11,0.2,0.0,0,1.0,0.0,0.0,1,9,oracle,0.708750,1.000000
E11,0.2,0.0,0,1.0,0.0,0.0,1,9,snr-greedy,0.604500,0.483911
E11,0.2,0.0,0,1.0,0.0,0.0,1,9,snr-greedy-loss,0.608500,0.503713
E11,0.2,0.0,0,1.0,0.0,0.0,1,9,snr-mean,0.598000,0.451733
E11,0.2,0.0,0,1.0,0.0,0.0,1,9,belief,0.604750,0.485149
E11,0.2,0.0,0,1.0,0.0,0.0,1,9,belief-pred,0.604750,0.485149
E11,0.2,0.0,0,1.0,0.0,0.0,1,9,ewma,0.620000,0.560644
E11,0.2,0.0,0,1.0,0.0,0.0,1,9,blend-paper,0.609750,0.509901
E11,0.2,0.0,0,1.0,0.0,0.0,1,9,saf-adaptive,0.616000,0.540842
E11,0.2,0.0,0,1.0,0.0,0.0,1,10,random,0.610500,0.508642
E11,0.2,0.0,0,1.0,0.0,0.0,1,10,round-robin,0.610250,0.507407
E11,0.2,0.0,0,1.0,0.0,0.0,1,10,oracle,0.710000,1.000000
E11,0.2,0.0,0,1.0,0.0,0.0,1,10,snr-greedy,0.609250,0.502469
E11,0.2,0.0,0,1.0,0.0,0.0,1,10,snr-greedy-loss,0.610000,0.506173
E11,0.2,0.0,0,1.0,0.0,0.0,1,10,snr-mean,0.620500,0.558025
E11,0.2,0.0,0,1.0,0.0,0.0,1,10,belief,0.611750,0.514815
E11,0.2,0.0,0,1.0,0.0,0.0,1,10,belief-pred,0.611750,0.514815
E11,0.2,0.0,0,1.0,0.0,0.0,1,10,ewma,0.609000,0.501235
E11,0.2,0.0,0,1.0,0.0,0.0,1,10,blend-paper,0.605000,0.481481
E11,0.2,0.0,0,1.0,0.0,0.0,1,10,saf-adaptive,0.606000,0.486420
E11,0.2,0.0,0,1.0,0.0,0.0,1,11,random,0.613250,0.500609
E11,0.2,0.0,0,1.0,0.0,0.0,1,11,round-robin,0.614250,0.505481
E11,0.2,0.0,0,1.0,0.0,0.0,1,11,oracle,0.715750,1.000000
E11,0.2,0.0,0,1.0,0.0,0.0,1,11,snr-greedy,0.619250,0.529842
E11,0.2,0.0,0,1.0,0.0,0.0,1,11,snr-greedy-loss,0.615500,0.511571
E11,0.2,0.0,0,1.0,0.0,0.0,1,11,snr-mean,0.608000,0.475030
E11,0.2,0.0,0,1.0,0.0,0.0,1,11,belief,0.612750,0.498173
E11,0.2,0.0,0,1.0,0.0,0.0,1,11,belief-pred,0.612750,0.498173
E11,0.2,0.0,0,1.0,0.0,0.0,1,11,ewma,0.624500,0.555420
E11,0.2,0.0,0,1.0,0.0,0.0,1,11,blend-paper,0.622500,0.545676
E11,0.2,0.0,0,1.0,0.0,0.0,1,11,saf-adaptive,0.616500,0.516443
E11,0.2,0.0,0,1.0,0.0,0.0,1,12,random,0.619750,0.485981
E11,0.2,0.0,0,1.0,0.0,0.0,1,12,round-robin,0.622000,0.497997
E11,0.2,0.0,0,1.0,0.0,0.0,1,12,oracle,0.716000,1.000000
E11,0.2,0.0,0,1.0,0.0,0.0,1,12,snr-greedy,0.622500,0.500668
E11,0.2,0.0,0,1.0,0.0,0.0,1,12,snr-greedy-loss,0.618750,0.480641
E11,0.2,0.0,0,1.0,0.0,0.0,1,12,snr-mean,0.614500,0.457944
E11,0.2,0.0,0,1.0,0.0,0.0,1,12,belief,0.618250,0.477971
E11,0.2,0.0,0,1.0,0.0,0.0,1,12,belief-pred,0.618250,0.477971
E11,0.2,0.0,0,1.0,0.0,0.0,1,12,ewma,0.634250,0.563418
E11,0.2,0.0,0,1.0,0.0,0.0,1,12,blend-paper,0.632250,0.552737
E11,0.2,0.0,0,1.0,0.0,0.0,1,12,saf-adaptive,0.629000,0.535381
E11,0.2,0.0,0,1.0,0.0,0.0,1,13,random,0.610250,0.498674
E11,0.2,0.0,0,1.0,0.0,0.0,1,13,round-robin,0.613000,0.513263
E11,0.2,0.0,0,1.0,0.0,0.0,1,13,oracle,0.704750,1.000000
E11,0.2,0.0,0,1.0,0.0,0.0,1,13,snr-greedy,0.612000,0.507958
E11,0.2,0.0,0,1.0,0.0,0.0,1,13,snr-greedy-loss,0.616500,0.531830
E11,0.2,0.0,0,1.0,0.0,0.0,1,13,snr-mean,0.611000,0.502653
E11,0.2,0.0,0,1.0,0.0,0.0,1,13,belief,0.616750,0.533156
E11,0.2,0.0,0,1.0,0.0,0.0,1,13,belief-pred,0.616750,0.533156
E11,0.2,0.0,0,1.0,0.0,0.0,1,13,ewma,0.619250,0.546419
E11,0.2,0.0,0,1.0,0.0,0.0,1,13,blend-paper,0.612500,0.510610
E11,0.2,0.0,0,1.0,0.0,0.0,1,13,saf-adaptive,0.619250,0.546419
E11,0.2,0.0,0,1.0,0.0,0.0,1,14,random,0.620250,0.499323
E11,0.2,0.0,0,1.0,0.0,0.0,1,14,round-robin,0.620000,0.497970
E11,0.2,0.0,0,1.0,0.0,0.0,1,14,oracle,0.712750,1.000000
E11,0.2,0.0,0,1.0,0.0,0.0,1,14,snr-greedy,0.621500,0.506089
E11,0.2,0.0,0,1.0,0.0,0.0,1,14,snr-greedy-loss,0.618000,0.487145
E11,0.2,0.0,0,1.0,0.0,0.0,1,14,snr-mean,0.621750,0.507442
E11,0.2,0.0,0,1.0,0.0,0.0,1,14,belief,0.615250,0.472260
E11,0.2,0.0,0,1.0,0.0,0.0,1,14,belief-pred,0.615250,0.472260
E11,0.2,0.0,0,1.0,0.0,0.0,1,14,ewma,0.623000,0.514208
E11,0.2,0.0,0,1.0,0.0,0.0,1,14,blend-paper,0.625250,0.526387
E11,0.2,0.0,0,1.0,0.0,0.0,1,14,saf-adaptive,0.623500,0.516915
E11,0.2,0.0,0,1.0,0.0,0.0,1,15,random,0.610000,0.500650
E11,0.2,0.0,0,1.0,0.0,0.0,1,15,round-robin,0.611250,0.507152
E11,0.2,0.0,0,1.0,0.0,0.0,1,15,oracle,0.706000,1.000000
E11,0.2,0.0,0,1.0,0.0,0.0,1,15,snr-greedy,0.608500,0.492848
E11,0.2,0.0,0,1.0,0.0,0.0,1,15,snr-greedy-loss,0.609750,0.499350
E11,0.2,0.0,0,1.0,0.0,0.0,1,15,snr-mean,0.607000,0.485046
E11,0.2,0.0,0,1.0,0.0,0.0,1,15,belief,0.608500,0.492848
E11,0.2,0.0,0,1.0,0.0,0.0,1,15,belief-pred,0.608500,0.492848
E11,0.2,0.0,0,1.0,0.0,0.0,1,15,ewma,0.615750,0.530559
E11,0.2,0.0,0,1.0,0.0,0.0,1,15,blend-paper,0.613750,0.520156
E11,0.2,0.0,0,1.0,0.0,0.0,1,15,saf-adaptive,0.613250,0.517555
E11,0.2,0.0,0,1.0,0.0,0.0,1,16,random,0.610750,0.491965
E11,0.2,0.0,0,1.0,0.0,0.0,1,16,round-robin,0.614000,0.508035
E11,0.2,0.0,0,1.0,0.0,0.0,1,16,oracle,0.713500,1.000000
E11,0.2,0.0,0,1.0,0.0,0.0,1,16,snr-greedy,0.610500,0.490729
E11,0.2,0.0,0,1.0,0.0,0.0,1,16,snr-greedy-loss,0.612500,0.500618
E11,0.2,0.0,0,1.0,0.0,0.0,1,16,snr-mean,0.615750,0.516687
E11,0.2,0.0,0,1.0,0.0,0.0,1,16,belief,0.613000,0.503090
E11,0.2,0.0,0,1.0,0.0,0.0,1,16,belief-pred,0.613000,0.503090
E11,0.2,0.0,0,1.0,0.0,0.0,1,16,ewma,0.609000,0.483313
E11,0.2,0.0,0,1.0,0.0,0.0,1,16,blend-paper,0.622750,0.551298
E11,0.2,0.0,0,1.0,0.0,0.0,1,16,saf-adaptive,0.612000,0.498146
E11,0.2,0.0,0,1.0,0.0,0.0,1,17,random,0.611250,0.480649
E11,0.2,0.0,0,1.0,0.0,0.0,1,17,round-robin,0.615500,0.501873
E11,0.2,0.0,0,1.0,0.0,0.0,1,17,oracle,0.715250,1.000000
E11,0.2,0.0,0,1.0,0.0,0.0,1,17,snr-greedy,0.618000,0.514357
E11,0.2,0.0,0,1.0,0.0,0.0,1,17,snr-greedy-loss,0.613500,0.491885
E11,0.2,0.0,0,1.0,0.0,0.0,1,17,snr-mean,0.604500,0.446941
E11,0.2,0.0,0,1.0,0.0,0.0,1,17,belief,0.612500,0.486891
E11,0.2,0.0,0,1.0,0.0,0.0,1,17,belief-pred,0.612500,0.486891
E11,0.2,0.0,0,1.0,0.0,0.0,1,17,ewma,0.625750,0.553059
E11,0.2,0.0,0,1.0,0.0,0.0,1,17,blend-paper,0.624250,0.545568
E11,0.2,0.0,0,1.0,0.0,0.0,1,17,saf-adaptive,0.616750,0.508115
E11,0.2,0.0,0,1.0,0.0,0.0,1,18,random,0.599500,0.485958
E11,0.2,0.0,0,1.0,0.0,0.0,1,18,round-robin,0.600000,0.488400
E11,0.2,0.0,0,1.0,0.0,0.0,1,18,oracle,0.704750,1.000000
E11,0.2,0.0,0,1.0,0.0,0.0,1,18,snr-greedy,0.599750,0.487179
E11,0.2,0.0,0,1.0,0.0,0.0,1,18,snr-greedy-loss,0.598500,0.481074
E11,0.2,0.0,0,1.0,0.0,0.0,1,18,snr-mean,0.592750,0.452991
E11,0.2,0.0,0,1.0,0.0,0.0,1,18,belief,0.596500,0.471306
E11,0.2,0.0,0,1.0,0.0,0.0,1,18,belief-pred,0.596500,0.471306
E11,0.2,0.0,0,1.0,0.0,0.0,1,18,ewma,0.604250,0.509158
E11,0.2,0.0,0,1.0,0.0,0.0,1,18,blend-paper,0.603000,0.503053
E11,0.2,0.0,0,1.0,0.0,0.0,1,18,saf-adaptive,0.599250,0.484737
E11,0.2,0.0,0,1.0,0.0,0.0,1,19,random,0.610000,0.479401
E11,0.2,0.0,0,1.0,0.0,0.0,1,19,round-robin,0.614500,0.501873
E11,0.2,0.0,0,1.0,0.0,0.0,1,19,oracle,0.714250,1.000000
E11,0.2,0.0,0,1.0,0.0,0.0,1,19,snr-greedy,0.615750,0.508115
E11,0.2,0.0,0,1.0,0.0,0.0,1,19,snr-greedy-loss,0.614500,0.501873
E11,0.2,0.0,0,1.0,0.0,0.0,1,19,snr-mean,0.605000,0.454432
E11,0.2,0.0,0,1.0,0.0,0.0,1,19,belief,0.610250,0.480649
E11,0.2,0.0,0,1.0,0.0,0.0,1,19,belief-pred,0.610250,0.480649
E11,0.2,0.0,0,1.0,0.0,0.0,1,19,ewma,0.621500,0.536829
E11,0.2,0.0,0,1.0,0.0,0.0,1,19,blend-paper,0.618750,0.523096
E11,0.2,0.0,0,1.0,0.0,0.0,1,19,saf-adaptive,0.619250,0.525593
E11,0.2,0.0,0,1.0,0.0,0.0,1,20,random,0.619750,0.525063
E11,0.2,0.0,0,1.0,0.0,0.0,1,20,round-robin,0.617250,0.512531
E11,0.2,0.0,0,1.0,0.0,0.0,1,20,oracle,0.714500,1.000000
E11,0.2,0.0,0,1.0,0.0,0.0,1,20,snr-greedy,0.617750,0.515038
E11,0.2,0.0,0,1.0,0.0,0.0,1,20,snr-greedy-loss,0.619750,0.525063
E11,0.2,0.0,0,1.0,0.0,0.0,1,20,snr-mean,0.615500,0.503759
E11,0.2,0.0,0,1.0,0.0,0.0,1,20,belief,0.623750,0.545113
E11,0.2,0.0,0,1.0,0.0,0.0,1,20,belief-pred,0.623750,0.545113
E11,0.2,0.0,0,1.0,0.0,0.0,1,20,ewma,0.627750,0.565163
E11,0.2,0.0,0,1.0,0.0,0.0,1,20,blend-paper,0.628250,0.567669
E11,0.2,0.0,0,1.0,0.0,0.0,1,20,saf-adaptive,0.620250,0.527569
E11,0.2,0.0,0,1.0,0.0,0.0,1,21,random,0.616000,0.512727
E11,0.2,0.0,0,1.0,0.0,0.0,1,21,round-robin,0.612500,0.495758
E11,0.2,0.0,0,1.0,0.0,0.0,1,21,oracle,0.716500,1.000000
E11,0.2,0.0,0,1.0,0.0,0.0,1,21,snr-greedy,0.611750,0.492121
E11,0.2,0.0,0,1.0,0.0,0.0,1,21,snr-greedy-loss,0.617500,0.520000
E11,0.2,0.0,0,1.0,0.0,0.0,1,21,snr-mean,0.619750,0.530909
E11,0.2,0.0,0,1.0,0.0,0.0,1,21,belief,0.613750,0.501818
E11,0.2,0.0,0,1.0,0.0,0.0,1,21,belief-pred,0.613750,0.501818
E11,0.2,0.0,0,1.0,0.0,0.0,1,21,ewma,0.625250,0.557576
E11,0.2,0.0,0,1.0,0.0,0.0,1,21,blend-paper,0.626000,0.561212
E11,0.2,0.0,0,1.0,0.0,0.0,1,21,saf-adaptive,0.619000,0.527273
E11,0.2,0.0,0,1.0,0.0,0.0,1,22,random,0.603250,0.476478
E11,0.2,0.0,0,1.0,0.0,0.0,1,22,round-robin,0.608250,0.500603
E11,0.2,0.0,0,1.0,0.0,0.0,1,22,oracle,0.711750,1.000000
E11,0.2,0.0,0,1.0,0.0,0.0,1,22,snr-greedy,0.597000,0.446321
E11,0.2,0.0,0,1.0,0.0,0.0,1,22,snr-greedy-loss,0.599250,0.457177
E11,0.2,0.0,0,1.0,0.0,0.0,1,22,snr-mean,0.602000,0.470446
E11,0.2,0.0,0,1.0,0.0,0.0,1,22,belief,0.599000,0.455971
E11,0.2,0.0,0,1.0,0.0,0.0,1,22,belief-pred,0.599000,0.455971
E11,0.2,0.0,0,1.0,0.0,0.0,1,22,ewma,0.615000,0.533172
E11,0.2,0.0,0,1.0,0.0,0.0,1,22,blend-paper,0.606500,0.492159
E11,0.2,0.0,0,1.0,0.0,0.0,1,22,saf-adaptive,0.609000,0.504222
E11,0.2,0.0,0,1.0,0.0,0.0,1,23,random,0.627250,0.547315
E11,0.2,0.0,0,1.0,0.0,0.0,1,23,round-robin,0.617250,0.496164
E11,0.2,0.0,0,1.0,0.0,0.0,1,23,oracle,0.715750,1.000000
E11,0.2,0.0,0,1.0,0.0,0.0,1,23,snr-greedy,0.610750,0.462916
E11,0.2,0.0,0,1.0,0.0,0.0,1,23,snr-greedy-loss,0.612500,0.471867
E11,0.2,0.0,0,1.0,0.0,0.0,1,23,snr-mean,0.610250,0.460358
E11,0.2,0.0,0,1.0,0.0,0.0,1,23,belief,0.606500,0.441176
E11,0.2,0.0,0,1.0,0.0,0.0,1,23,belief-pred,0.606500,0.441176
E11,0.2,0.0,0,1.0,0.0,0.0,1,23,ewma,0.626500,0.543478
E11,0.2,0.0,0,1.0,0.0,0.0,1,23,blend-paper,0.628750,0.554987
E11,0.2,0.0,0,1.0,0.0,0.0,1,23,saf-adaptive,0.620500,0.512788
E11,0.2,0.0,0,1.0,0.0,0.0,1,24,random,0.609500,0.468750
E11,0.2,0.0,0,1.0,0.0,0.0,1,24,round-robin,0.614750,0.496094
E11,0.2,0.0,0,1.0,0.0,0.0,1,24,oracle,0.711500,1.000000
E11,0.2,0.0,0,1.0,0.0,0.0,1,24,snr-greedy,0.614000,0.492188
E11,0.2,0.0,0,1.0,0.0,0.0,1,24,snr-greedy-loss,0.618000,0.513021
E11,0.2,0.0,0,1.0,0.0,0.0,1,24,snr-mean,0.619750,0.522135
E11,0.2,0.0,0,1.0,0.0,0.0,1,24,belief,0.615750,0.501302
E11,0.2,0.0,0,1.0,0.0,0.0,1,24,belief-pred,0.615750,0.501302
E11,0.2,0.0,0,1.0,0.0,0.0,1,24,ewma,0.621250,0.529948
E11,0.2,0.0,0,1.0,0.0,0.0,1,24,blend-paper,0.621000,0.528646
E11,0.2,0.0,0,1.0,0.0,0.0,1,24,saf-adaptive,0.622250,0.535156
E11,0.2,0.0,0,1.0,0.0,0.0,1,25,random,0.629000,0.518519
E11,0.2,0.0,0,1.0,0.0,0.0,1,25,round-robin,0.623750,0.490741
E11,0.2,0.0,0,1.0,0.0,0.0,1,25,oracle,0.720000,1.000000
E11,0.2,0.0,0,1.0,0.0,0.0,1,25,snr-greedy,0.622500,0.484127
E11,0.2,0.0,0,1.0,0.0,0.0,1,25,snr-greedy-loss,0.625250,0.498677
E11,0.2,0.0,0,1.0,0.0,0.0,1,25,snr-mean,0.627000,0.507937
E11,0.2,0.0,0,1.0,0.0,0.0,1,25,belief,0.624750,0.496032
E11,0.2,0.0,0,1.0,0.0,0.0,1,25,belief-pred,0.624750,0.496032
E11,0.2,0.0,0,1.0,0.0,0.0,1,25,ewma,0.626250,0.503968
E11,0.2,0.0,0,1.0,0.0,0.0,1,25,blend-paper,0.627500,0.510582
E11,0.2,0.0,0,1.0,0.0,0.0,1,25,saf-adaptive,0.629750,0.522487
E11,0.2,0.0,0,1.0,0.0,0.0,1,26,random,0.619000,0.492228
E11,0.2,0.0,0,1.0,0.0,0.0,1,26,round-robin,0.620000,0.497409
E11,0.2,0.0,0,1.0,0.0,0.0,1,26,oracle,0.717000,1.000000
E11,0.2,0.0,0,1.0,0.0,0.0,1,26,snr-greedy,0.627750,0.537565
E11,0.2,0.0,0,1.0,0.0,0.0,1,26,snr-greedy-loss,0.631500,0.556995
E11,0.2,0.0,0,1.0,0.0,0.0,1,26,snr-mean,0.638250,0.591969
E11,0.2,0.0,0,1.0,0.0,0.0,1,26,belief,0.627000,0.533679
E11,0.2,0.0,0,1.0,0.0,0.0,1,26,belief-pred,0.627000,0.533679
E11,0.2,0.0,0,1.0,0.0,0.0,1,26,ewma,0.618500,0.489637
E11,0.2,0.0,0,1.0,0.0,0.0,1,26,blend-paper,0.627000,0.533679
E11,0.2,0.0,0,1.0,0.0,0.0,1,26,saf-adaptive,0.626250,0.529793
E11,0.2,0.0,0,1.0,0.0,0.0,1,27,random,0.627750,0.531756
E11,0.2,0.0,0,1.0,0.0,0.0,1,27,round-robin,0.623000,0.508095
E11,0.2,0.0,0,1.0,0.0,0.0,1,27,oracle,0.721750,1.000000
E11,0.2,0.0,0,1.0,0.0,0.0,1,27,snr-greedy,0.627250,0.529265
E11,0.2,0.0,0,1.0,0.0,0.0,1,27,snr-greedy-loss,0.632250,0.554172
E11,0.2,0.0,0,1.0,0.0,0.0,1,27,snr-mean,0.626500,0.525529
E11,0.2,0.0,0,1.0,0.0,0.0,1,27,belief,0.627500,0.530511
E11,0.2,0.0,0,1.0,0.0,0.0,1,27,belief-pred,0.627500,0.530511
E11,0.2,0.0,0,1.0,0.0,0.0,1,27,ewma,0.621000,0.498132
E11,0.2,0.0,0,1.0,0.0,0.0,1,27,blend-paper,0.640750,0.596513
E11,0.2,0.0,0,1.0,0.0,0.0,1,27,saf-adaptive,0.619500,0.490660
E11,0.2,0.0,0,1.0,0.0,0.0,1,28,random,0.611750,0.499387
E11,0.2,0.0,0,1.0,0.0,0.0,1,28,round-robin,0.610250,0.492025
E11,0.2,0.0,0,1.0,0.0,0.0,1,28,oracle,0.713750,1.000000
E11,0.2,0.0,0,1.0,0.0,0.0,1,28,snr-greedy,0.608000,0.480982
E11,0.2,0.0,0,1.0,0.0,0.0,1,28,snr-greedy-loss,0.609750,0.489571
E11,0.2,0.0,0,1.0,0.0,0.0,1,28,snr-mean,0.615000,0.515337
E11,0.2,0.0,0,1.0,0.0,0.0,1,28,belief,0.610500,0.493252
E11,0.2,0.0,0,1.0,0.0,0.0,1,28,belief-pred,0.610500,0.493252
E11,0.2,0.0,0,1.0,0.0,0.0,1,28,ewma,0.621750,0.548466
E11,0.2,0.0,0,1.0,0.0,0.0,1,28,blend-paper,0.619500,0.537423
E11,0.2,0.0,0,1.0,0.0,0.0,1,28,saf-adaptive,0.613000,0.505521
E11,0.2,0.0,0,1.0,0.0,0.0,1,29,random,0.616500,0.508280
E11,0.2,0.0,0,1.0,0.0,0.0,1,29,round-robin,0.612750,0.489172
E11,0.2,0.0,0,1.0,0.0,0.0,1,29,oracle,0.713000,1.000000
E11,0.2,0.0,0,1.0,0.0,0.0,1,29,snr-greedy,0.621000,0.531210
E11,0.2,0.0,0,1.0,0.0,0.0,1,29,snr-greedy-loss,0.617750,0.514650
E11,0.2,0.0,0,1.0,0.0,0.0,1,29,snr-mean,0.614000,0.495541
E11,0.2,0.0,0,1.0,0.0,0.0,1,29,belief,0.614750,0.499363
E11,0.2,0.0,0,1.0,0.0,0.0,1,29,belief-pred,0.614750,0.499363
E11,0.2,0.0,0,1.0,0.0,0.0,1,29,ewma,0.616750,0.509554
E11,0.2,0.0,0,1.0,0.0,0.0,1,29,blend-paper,0.627750,0.565605
E11,0.2,0.0,0,1.0,0.0,0.0,1,29,saf-adaptive,0.617250,0.512102
E11,0.2,0.0,0,1.0,0.0,0.0,1,30,random,0.612000,0.511980
E11,0.2,0.0,0,1.0,0.0,0.0,1,30,round-robin,0.607500,0.489281
E11,0.2,0.0,0,1.0,0.0,0.0,1,30,oracle,0.708750,1.000000
E11,0.2,0.0,0,1.0,0.0,0.0,1,30,snr-greedy,0.610250,0.503153
E11,0.2,0.0,0,1.0,0.0,0.0,1,30,snr-greedy-loss,0.612750,0.515763
E11,0.2,0.0,0,1.0,0.0,0.0,1,30,snr-mean,0.606250,0.482976
E11,0.2,0.0,0,1.0,0.0,0.0,1,30,belief,0.612500,0.514502
E11,0.2,0.0,0,1.0,0.0,0.0,1,30,belief-pred,0.612500,0.514502
E11,0.2,0.0,0,1.0,0.0,0.0,1,30,ewma,0.616000,0.532156
E11,0.2,0.0,0,1.0,0.0,0.0,1,30,blend-paper,0.614750,0.525851
E11,0.2,0.0,0,1.0,0.0,0.0,1,30,saf-adaptive,0.612500,0.514502
E11,0.2,0.0,0,1.0,0.0,0.0,1,31,random,0.615750,0.465753
E11,0.2,0.0,0,1.0,0.0,0.0,1,31,round-robin,0.624500,0.513699
E11,0.2,0.0,0,1.0,0.0,0.0,1,31,oracle,0.713250,1.000000
E11,0.2,0.0,0,1.0,0.0,0.0,1,31,snr-greedy,0.621500,0.497260
E11,0.2,0.0,0,1.0,0.0,0.0,1,31,snr-greedy-loss,0.623000,0.505479
E11,0.2,0.0,0,1.0,0.0,0.0,1,31,snr-mean,0.625750,0.520548
E11,0.2,0.0,0,1.0,0.0,0.0,1,31,belief,0.628000,0.532877
E11,0.2,0.0,0,1.0,0.0,0.0,1,31,belief-pred,0.628000,0.532877
E11,0.2,0.0,0,1.0,0.0,0.0,1,31,ewma,0.621750,0.498630
E11,0.2,0.0,0,1.0,0.0,0.0,1,31,blend-paper,0.623250,0.506849
E11,0.2,0.0,0,1.0,0.0,0.0,1,31,saf-adaptive,0.627000,0.527397
E11,0.2,0.0,0,1.0,0.0,0.0,1,32,random,0.612250,0.526248
E11,0.2,0.0,0,1.0,0.0,0.0,1,32,round-robin,0.605500,0.491677
E11,0.2,0.0,0,1.0,0.0,0.0,1,32,oracle,0.704750,1.000000
E11,0.2,0.0,0,1.0,0.0,0.0,1,32,snr-greedy,0.602250,0.475032
E11,0.2,0.0,0,1.0,0.0,0.0,1,32,snr-greedy-loss,0.603500,0.481434
E11,0.2,0.0,0,1.0,0.0,0.0,1,32,snr-mean,0.614750,0.539052
E11,0.2,0.0,0,1.0,0.0,0.0,1,32,belief,0.605750,0.492958
E11,0.2,0.0,0,1.0,0.0,0.0,1,32,belief-pred,0.605750,0.492958
E11,0.2,0.0,0,1.0,0.0,0.0,1,32,ewma,0.610250,0.516005
E11,0.2,0.0,0,1.0,0.0,0.0,1,32,blend-paper,0.613000,0.530090
E11,0.2,0.0,0,1.0,0.0,0.0,1,32,saf-adaptive,0.608000,0.504481
E11,0.2,0.0,0,1.0,0.0,0.0,1,33,random,0.612500,0.501232
E11,0.2,0.0,0,1.0,0.0,0.0,1,33,round-robin,0.614250,0.509852
E11,0.2,0.0,0,1.0,0.0,0.0,1,33,oracle,0.713750,1.000000
E11,0.2,0.0,0,1.0,0.0,0.0,1,33,snr-greedy,0.611000,0.493842
E11,0.2,0.0,0,1.0,0.0,0.0,1,33,snr-greedy-loss,0.611500,0.496305
E11,0.2,0.0,0,1.0,0.0,0.0,1,33,snr-mean,0.612250,0.500000
E11,0.2,0.0,0,1.0,0.0,0.0,1,33,belief,0.612250,0.500000
E11,0.2,0.0,0,1.0,0.0,0.0,1,33,belief-pred,0.612250,0.500000
E11,0.2,0.0,0,1.0,0.0,0.0,1,33,ewma,0.621250,0.544335
E11,0.2,0.0,0,1.0,0.0,0.0,1,33,blend-paper,0.622500,0.550493
E11,0.2,0.0,0,1.0,0.0,0.0,1,33,saf-adaptive,0.619500,0.535714
E11,0.2,0.0,0,1.0,0.0,0.0,1,34,random,0.602500,0.479388
E11,0.2,0.0,0,1.0,0.0,0.0,1,34,round-robin,0.606250,0.497055
E11,0.2,0.0,0,1.0,0.0,0.0,1,34,oracle,0.713000,1.000000
E11,0.2,0.0,0,1.0,0.0,0.0,1,34,snr-greedy,0.602250,0.478210
E11,0.2,0.0,0,1.0,0.0,0.0,1,34,snr-greedy-loss,0.605000,0.491166
E11,0.2,0.0,0,1.0,0.0,0.0,1,34,snr-mean,0.604250,0.487633
E11,0.2,0.0,0,1.0,0.0,0.0,1,34,belief,0.602750,0.480565
E11,0.2,0.0,0,1.0,0.0,0.0,1,34,belief-pred,0.602750,0.480565
E11,0.2,0.0,0,1.0,0.0,0.0,1,34,ewma,0.609000,0.510012
E11,0.2,0.0,0,1.0,0.0,0.0,1,34,blend-paper,0.609000,0.510012
E11,0.2,0.0,0,1.0,0.0,0.0,1,34,saf-adaptive,0.609000,0.510012
E11,0.2,0.0,0,1.0,0.0,0.0,1,35,random,0.615500,0.506297
E11,0.2,0.0,0,1.0,0.0,0.0,1,35,round-robin,0.618250,0.520151
E11,0.2,0.0,0,1.0,0.0,0.0,1,35,oracle,0.713500,1.000000
E11,0.2,0.0,0,1.0,0.0,0.0,1,35,snr-greedy,0.615750,0.507557
E11,0.2,0.0,0,1.0,0.0,0.0,1,35,snr-greedy-loss,0.616000,0.508816
E11,0.2,0.0,0,1.0,0.0,0.0,1,35,snr-mean,0.620750,0.532746
E11,0.2,0.0,0,1.0,0.0,0.0,1,35,belief,0.624000,0.549118
E11,0.2,0.0,0,1.0,0.0,0.0,1,35,belief-pred,0.624000,0.549118
E11,0.2,0.0,0,1.0,0.0,0.0,1,35,ewma,0.619000,0.523929
E11,0.2,0.0,0,1.0,0.0,0.0,1,35,blend-paper,0.613750,0.497481
E11,0.2,0.0,0,1.0,0.0,0.0,1,35,saf-adaptive,0.615000,0.503778
E11,0.2,0.0,0,1.0,0.0,0.0,1,36,random,0.623750,0.511318
E11,0.2,0.0,0,1.0,0.0,0.0,1,36,round-robin,0.620750,0.495340
E11,0.2,0.0,0,1.0,0.0,0.0,1,36,oracle,0.715500,1.000000
E11,0.2,0.0,0,1.0,0.0,0.0,1,36,snr-greedy,0.620250,0.492676
E11,0.2,0.0,0,1.0,0.0,0.0,1,36,snr-greedy-loss,0.613750,0.458056
E11,0.2,0.0,0,1.0,0.0,0.0,1,36,snr-mean,0.620250,0.492676
E11,0.2,0.0,0,1.0,0.0,0.0,1,36,belief,0.616750,0.474035
E11,0.2,0.0,0,1.0,0.0,0.0,1,36,belief-pred,0.616750,0.474035
E11,0.2,0.0,0,1.0,0.0,0.0,1,36,ewma,0.623250,0.508655
E11,0.2,0.0,0,1.0,0.0,0.0,1,36,blend-paper,0.626250,0.524634
E11,0.2,0.0,0,1.0,0.0,0.0,1,36,saf-adaptive,0.616250,0.471372
E11,0.2,0.0,0,1.0,0.0,0.0,1,37,random,0.615750,0.463382
E11,0.2,0.0,0,1.0,0.0,0.0,1,37,round-robin,0.622750,0.500666
E11,0.2,0.0,0,1.0,0.0,0.0,1,37,oracle,0.716500,1.000000
E11,0.2,0.0,0,1.0,0.0,0.0,1,37,snr-greedy,0.621250,0.492676
E11,0.2,0.0,0,1.0,0.0,0.0,1,37,snr-greedy-loss,0.622750,0.500666
E11,0.2,0.0,0,1.0,0.0,0.0,1,37,snr-mean,0.617500,0.472703
E11,0.2,0.0,0,1.0,0.0,0.0,1,37,belief,0.619750,0.484687
E11,0.2,0.0,0,1.0,0.0,0.0,1,37,belief-pred,0.619750,0.484687
E11,0.2,0.0,0,1.0,0.0,0.0,1,37,ewma,0.628250,0.529960
E11,0.2,0.0,0,1.0,0.0,0.0,1,37,blend-paper,0.628500,0.531292
E11,0.2,0.0,0,1.0,0.0,0.0,1,37,saf-adaptive,0.631250,0.545939
E11,0.2,0.0,0,1.0,0.0,0.0,1,38,random,0.616000,0.505995
E11,0.2,0.0,0,1.0,0.0,0.0,1,38,round-robin,0.613250,0.492806
E11,0.2,0.0,0,1.0,0.0,0.0,1,38,oracle,0.719000,1.000000
E11,0.2,0.0,0,1.0,0.0,0.0,1,38,snr-greedy,0.614250,0.497602
E11,0.2,0.0,0,1.0,0.0,0.0,1,38,snr-greedy-loss,0.610500,0.479616
E11,0.2,0.0,0,1.0,0.0,0.0,1,38,snr-mean,0.614750,0.500000
E11,0.2,0.0,0,1.0,0.0,0.0,1,38,belief,0.614250,0.497602
E11,0.2,0.0,0,1.0,0.0,0.0,1,38,belief-pred,0.614250,0.497602
E11,0.2,0.0,0,1.0,0.0,0.0,1,38,ewma,0.620000,0.525180
E11,0.2,0.0,0,1.0,0.0,0.0,1,38,blend-paper,0.629250,0.569544
E11,0.2,0.0,0,1.0,0.0,0.0,1,38,saf-adaptive,0.617250,0.511990
E11,0.2,0.0,0,1.0,0.0,0.0,1,39,random,0.606250,0.498780
E11,0.2,0.0,0,1.0,0.0,0.0,1,39,round-robin,0.605000,0.492683
E11,0.2,0.0,0,1.0,0.0,0.0,1,39,oracle,0.709000,1.000000
E11,0.2,0.0,0,1.0,0.0,0.0,1,39,snr-greedy,0.612000,0.526829
E11,0.2,0.0,0,1.0,0.0,0.0,1,39,snr-greedy-loss,0.609250,0.513415
E11,0.2,0.0,0,1.0,0.0,0.0,1,39,snr-mean,0.614250,0.537805
E11,0.2,0.0,0,1.0,0.0,0.0,1,39,belief,0.610500,0.519512
E11,0.2,0.0,0,1.0,0.0,0.0,1,39,belief-pred,0.610500,0.519512
E11,0.2,0.0,0,1.0,0.0,0.0,1,39,ewma,0.616500,0.548780
E11,0.2,0.0,0,1.0,0.0,0.0,1,39,blend-paper,0.614500,0.539024
E11,0.2,0.0,0,1.0,0.0,0.0,1,39,saf-adaptive,0.624750,0.589024
E11,0.2,0.0,0,1.0,0.0,0.0,1,40,random,0.611750,0.507264
E11,0.2,0.0,0,1.0,0.0,0.0,1,40,round-robin,0.614500,0.520581
E11,0.2,0.0,0,1.0,0.0,0.0,1,40,oracle,0.713500,1.000000
E11,0.2,0.0,0,1.0,0.0,0.0,1,40,snr-greedy,0.613500,0.515738
E11,0.2,0.0,0,1.0,0.0,0.0,1,40,snr-greedy-loss,0.614000,0.518160
E11,0.2,0.0,0,1.0,0.0,0.0,1,40,snr-mean,0.604500,0.472155
E11,0.2,0.0,0,1.0,0.0,0.0,1,40,belief,0.612250,0.509685
E11,0.2,0.0,0,1.0,0.0,0.0,1,40,belief-pred,0.612250,0.509685
E11,0.2,0.0,0,1.0,0.0,0.0,1,40,ewma,0.620000,0.547215
E11,0.2,0.0,0,1.0,0.0,0.0,1,40,blend-paper,0.616500,0.530266
E11,0.2,0.0,0,1.0,0.0,0.0,1,40,saf-adaptive,0.615500,0.525424
E11,0.2,0.0,0,1.0,0.0,0.0,1,41,random,0.608500,0.480454
E11,0.2,0.0,0,1.0,0.0,0.0,1,41,round-robin,0.612000,0.498108
E11,0.2,0.0,0,1.0,0.0,0.0,1,41,oracle,0.711500,1.000000
E11,0.2,0.0,0,1.0,0.0,0.0,1,41,snr-greedy,0.615750,0.517024
E11,0.2,0.0,0,1.0,0.0,0.0,1,41,snr-greedy-loss,0.615750,0.517024
E11,0.2,0.0,0,1.0,0.0,0.0,1,41,snr-mean,0.611000,0.493064
E11,0.2,0.0,0,1.0,0.0,0.0,1,41,belief,0.618000,0.528373
E11,0.2,0.0,0,1.0,0.0,0.0,1,41,belief-pred,0.618000,0.528373
E11,0.2,0.0,0,1.0,0.0,0.0,1,41,ewma,0.625750,0.567465
E11,0.2,0.0,0,1.0,0.0,0.0,1,41,blend-paper,0.624250,0.559899
E11,0.2,0.0,0,1.0,0.0,0.0,1,41,saf-adaptive,0.616250,0.519546
E11,0.2,0.0,0,1.0,0.0,0.0,1,42,random,0.609250,0.486520
E11,0.2,0.0,0,1.0,0.0,0.0,1,42,round-robin,0.613250,0.506127
E11,0.2,0.0,0,1.0,0.0,0.0,1,42,oracle,0.714000,1.000000
E11,0.2,0.0,0,1.0,0.0,0.0,1,42,snr-greedy,0.610750,0.493873
E11,0.2,0.0,0,1.0,0.0,0.0,1,42,snr-greedy-loss,0.613750,0.508578
E11,0.2,0.0,0,1.0,0.0,0.0,1,42,snr-mean,0.624500,0.561275
E11,0.2,0.0,0,1.0,0.0,0.0,1,42,belief,0.614500,0.512255
E11,0.2,0.0,0,1.0,0.0,0.0,1,42,belief-pred,0.614500,0.512255
E11,0.2,0.0,0,1.0,0.0,0.0,1,42,ewma,0.621000,0.544118
E11,0.2,0.0,0,1.0,0.0,0.0,1,42,blend-paper,0.625250,0.564951
E11,0.2,0.0,0,1.0,0.0,0.0,1,42,saf-adaptive,0.617500,0.526961
E11,0.2,0.0,0,1.0,0.0,0.0,1,43,random,0.619000,0.513798
E11,0.2,0.0,0,1.0,0.0,0.0,1,43,round-robin,0.613500,0.484888
E11,0.2,0.0,0,1.0,0.0,0.0,1,43,oracle,0.711500,1.000000
E11,0.2,0.0,0,1.0,0.0,0.0,1,43,snr-greedy,0.622500,0.532194
E11,0.2,0.0,0,1.0,0.0,0.0,1,43,snr-greedy-loss,0.619750,0.517740
E11,0.2,0.0,0,1.0,0.0,0.0,1,43,snr-mean,0.612750,0.480946
E11,0.2,0.0,0,1.0,0.0,0.0,1,43,belief,0.615750,0.496715
E11,0.2,0.0,0,1.0,0.0,0.0,1,43,belief-pred,0.615750,0.496715
E11,0.2,0.0,0,1.0,0.0,0.0,1,43,ewma,0.621500,0.526938
E11,0.2,0.0,0,1.0,0.0,0.0,1,43,blend-paper,0.614750,0.491459
E11,0.2,0.0,0,1.0,0.0,0.0,1,43,saf-adaptive,0.609500,0.463863
E11,0.2,0.0,0,1.0,0.0,0.0,1,44,random,0.624250,0.508861
E11,0.2,0.0,0,1.0,0.0,0.0,1,44,round-robin,0.620750,0.491139
E11,0.2,0.0,0,1.0,0.0,0.0,1,44,oracle,0.721250,1.000000
E11,0.2,0.0,0,1.0,0.0,0.0,1,44,snr-greedy,0.620500,0.489873
E11,0.2,0.0,0,1.0,0.0,0.0,1,44,snr-greedy-loss,0.622500,0.500000
E11,0.2,0.0,0,1.0,0.0,0.0,1,44,snr-mean,0.619000,0.482278
E11,0.2,0.0,0,1.0,0.0,0.0,1,44,belief,0.621000,0.492405
E11,0.2,0.0,0,1.0,0.0,0.0,1,44,belief-pred,0.621000,0.492405
E11,0.2,0.0,0,1.0,0.0,0.0,1,44,ewma,0.624500,0.510127
E11,0.2,0.0,0,1.0,0.0,0.0,1,44,blend-paper,0.625250,0.513924
E11,0.2,0.0,0,1.0,0.0,0.0,1,44,saf-adaptive,0.629250,0.534177
E11,0.2,0.0,0,1.0,0.0,0.0,1,45,random,0.604250,0.503713
E11,0.2,0.0,0,1.0,0.0,0.0,1,45,round-robin,0.602500,0.495050
E11,0.2,0.0,0,1.0,0.0,0.0,1,45,oracle,0.704500,1.000000
E11,0.2,0.0,0,1.0,0.0,0.0,1,45,snr-greedy,0.601000,0.487624
E11,0.2,0.0,0,1.0,0.0,0.0,1,45,snr-greedy-loss,0.604750,0.506188
E11,0.2,0.0,0,1.0,0.0,0.0,1,45,snr-mean,0.601250,0.488861
E11,0.2,0.0,0,1.0,0.0,0.0,1,45,belief,0.600000,0.482673
E11,0.2,0.0,0,1.0,0.0,0.0,1,45,belief-pred,0.600000,0.482673
E11,0.2,0.0,0,1.0,0.0,0.0,1,45,ewma,0.610750,0.535891
E11,0.2,0.0,0,1.0,0.0,0.0,1,45,blend-paper,0.614000,0.551980
E11,0.2,0.0,0,1.0,0.0,0.0,1,45,saf-adaptive,0.609500,0.529703
E11,0.2,0.0,0,1.0,0.0,0.0,1,46,random,0.607750,0.489924
E11,0.2,0.0,0,1.0,0.0,0.0,1,46,round-robin,0.608750,0.494962
E11,0.2,0.0,0,1.0,0.0,0.0,1,46,oracle,0.709000,1.000000
E11,0.2,0.0,0,1.0,0.0,0.0,1,46,snr-greedy,0.610000,0.501259
E11,0.2,0.0,0,1.0,0.0,0.0,1,46,snr-greedy-loss,0.610250,0.502519
E11,0.2,0.0,0,1.0,0.0,0.0,1,46,snr-mean,0.611750,0.510076
E11,0.2,0.0,0,1.0,0.0,0.0,1,46,belief,0.612750,0.515113
E11,0.2,0.0,0,1.0,0.0,0.0,1,46,belief-pred,0.612750,0.515113
E11,0.2,0.0,0,1.0,0.0,0.0,1,46,ewma,0.612750,0.515113
E11,0.2,0.0,0,1.0,0.0,0.0,1,46,blend-paper,0.617500,0.539043
E11,0.2,0.0,0,1.0,0.0,0.0,1,46,saf-adaptive,0.611000,0.506297
E11,0.2,0.0,0,1.0,0.0,0.0,1,47,random,0.606500,0.473282
E11,0.2,0.0,0,1.0,0.0,0.0,1,47,round-robin,0.612750,0.505089
E11,0.2,0.0,0,1.0,0.0,0.0,1,47,oracle,0.710000,1.000000
E11,0.2,0.0,0,1.0,0.0,0.0,1,47,snr-greedy,0.613250,0.507634
E11,0.2,0.0,0,1.0,0.0,0.0,1,47,snr-greedy-loss,0.608500,0.483461
E11,0.2,0.0,0,1.0,0.0,0.0,1,47,snr-mean,0.615750,0.520356
E11,0.2,0.0,0,1.0,0.0,0.0,1,47,belief,0.611750,0.500000
E11,0.2,0.0,0,1.0,0.0,0.0,1,47,belief-pred,0.611750,0.500000
E11,0.2,0.0,0,1.0,0.0,0.0,1,47,ewma,0.611750,0.500000
E11,0.2,0.0,0,1.0,0.0,0.0,1,47,blend-paper,0.608750,0.484733
E11,0.2,0.0,0,1.0,0.0,0.0,1,47,saf-adaptive,0.614750,0.515267
E11,0.2,0.0,0,1.0,0.0,0.0,1,48,random,0.608500,0.490196
E11,0.2,0.0,0,1.0,0.0,0.0,1,48,round-robin,0.609250,0.493873
E11,0.2,0.0,0,1.0,0.0,0.0,1,48,oracle,0.712500,1.000000
E11,0.2,0.0,0,1.0,0.0,0.0,1,48,snr-greedy,0.614500,0.519608
E11,0.2,0.0,0,1.0,0.0,0.0,1,48,snr-greedy-loss,0.612250,0.508578
E11,0.2,0.0,0,1.0,0.0,0.0,1,48,snr-mean,0.610250,0.498775
E11,0.2,0.0,0,1.0,0.0,0.0,1,48,belief,0.610250,0.498775
E11,0.2,0.0,0,1.0,0.0,0.0,1,48,belief-pred,0.610250,0.498775
E11,0.2,0.0,0,1.0,0.0,0.0,1,48,ewma,0.619750,0.545343
E11,0.2,0.0,0,1.0,0.0,0.0,1,48,blend-paper,0.619750,0.545343
E11,0.2,0.0,0,1.0,0.0,0.0,1,48,saf-adaptive,0.609000,0.492647
E11,0.2,0.0,0,1.0,0.0,0.0,1,49,random,0.610250,0.494885
E11,0.2,0.0,0,1.0,0.0,0.0,1,49,round-robin,0.614000,0.514066
E11,0.2,0.0,0,1.0,0.0,0.0,1,49,oracle,0.709000,1.000000
E11,0.2,0.0,0,1.0,0.0,0.0,1,49,snr-greedy,0.608750,0.487212
E11,0.2,0.0,0,1.0,0.0,0.0,1,49,snr-greedy-loss,0.603000,0.457801
E11,0.2,0.0,0,1.0,0.0,0.0,1,49,snr-mean,0.597500,0.429668
E11,0.2,0.0,0,1.0,0.0,0.0,1,49,belief,0.603750,0.461637
E11,0.2,0.0,0,1.0,0.0,0.0,1,49,belief-pred,0.603750,0.461637
E11,0.2,0.0,0,1.0,0.0,0.0,1,49,ewma,0.618250,0.535806
E11,0.2,0.0,0,1.0,0.0,0.0,1,49,blend-paper,0.614250,0.515345
E11,0.2,0.0,0,1.0,0.0,0.0,1,49,saf-adaptive,0.613750,0.512788
E11,0.2,0.0,0,1.0,0.0,0.1,1,0,random,0.583750,0.500573
E11,0.2,0.0,0,1.0,0.0,0.1,1,0,round-robin,0.587000,0.515464
E11,0.2,0.0,0,1.0,0.0,0.1,1,0,oracle,0.692750,1.000000
E11,0.2,0.0,0,1.0,0.0,0.1,1,0,snr-greedy,0.572500,0.449026
E11,0.2,0.0,0,1.0,0.0,0.1,1,0,snr-greedy-loss,0.578250,0.475372
E11,0.2,0.0,0,1.0,0.0,0.1,1,0,snr-mean,0.560500,0.394044
E11,0.2,0.0,0,1.0,0.0,0.1,1,0,belief,0.574500,0.458190
E11,0.2,0.0,0,1.0,0.0,0.1,1,0,belief-pred,0.574500,0.458190
E11,0.2,0.0,0,1.0,0.0,0.1,1,0,ewma,0.589500,0.526919
E11,0.2,0.0,0,1.0,0.0,0.1,1,0,blend-paper,0.594750,0.550974
E11,0.2,0.0,0,1.0,0.0,0.1,1,0,saf-adaptive,0.587250,0.516609
E11,0.2,0.0,0,1.0,0.0,0.1,1,1,random,0.590000,0.504000
E11,0.2,0.0,0,1.0,0.0,0.1,1,1,round-robin,0.594250,0.523429
E11,0.2,0.0,0,1.0,0.0,0.1,1,1,oracle,0.698500,1.000000
E11,0.2,0.0,0,1.0,0.0,0.1,1,1,snr-greedy,0.584000,0.476571
E11,0.2,0.0,0,1.0,0.0,0.1,1,1,snr-greedy-loss,0.581500,0.465143
E11,0.2,0.0,0,1.0,0.0,0.1,1,1,snr-mean,0.570250,0.413714
E11,0.2,0.0,0,1.0,0.0,0.1,1,1,belief,0.582500,0.469714
E11,0.2,0.0,0,1.0,0.0,0.1,1,1,belief-pred,0.582500,0.469714
E11,0.2,0.0,0,1.0,0.0,0.1,1,1,ewma,0.591500,0.510857
E11,0.2,0.0,0,1.0,0.0,0.1,1,1,blend-paper,0.605500,0.574857
E11,0.2,0.0,0,1.0,0.0,0.1,1,1,saf-adaptive,0.590500,0.506286
E11,0.2,0.0,0,1.0,0.0,0.1,1,2,random,0.590750,0.497701
E11,0.2,0.0,0,1.0,0.0,0.1,1,2,round-robin,0.590500,0.496552
E11,0.2,0.0,0,1.0,0.0,0.1,1,2,oracle,0.700000,1.000000
E11,0.2,0.0,0,1.0,0.0,0.1,1,2,snr-greedy,0.593250,0.509195
E11,0.2,0.0,0,1.0,0.0,0.1,1,2,snr-greedy-loss,0.590500,0.496552
E11,0.2,0.0,0,1.0,0.0,0.1,1,2,snr-mean,0.577250,0.435632
E11,0.2,0.0,0,1.0,0.0,0.1,1,2,belief,0.589500,0.491954
E11,0.2,0.0,0,1.0,0.0,0.1,1,2,belief-pred,0.589500,0.491954
E11,0.2,0.0,0,1.0,0.0,0.1,1,2,ewma,0.598250,0.532184
E11,0.2,0.0,0,1.0,0.0,0.1,1,2,blend-paper,0.593750,0.511494
E11,0.2,0.0,0,1.0,0.0,0.1,1,2,saf-adaptive,0.596750,0.525287
E11,0.2,0.0,0,1.0,0.0,0.1,1,3,random,0.594250,0.498286
E11,0.2,0.0,0,1.0,0.0,0.1,1,3,round-robin,0.593000,0.492571
E11,0.2,0.0,0,1.0,0.0,0.1,1,3,oracle,0.704000,1.000000
E11,0.2,0.0,0,1.0,0.0,0.1,1,3,snr-greedy,0.594500,0.499429
E11,0.2,0.0,0,1.0,0.0,0.1,1,3,snr-greedy-loss,0.592500,0.490286
E11,0.2,0.0,0,1.0,0.0,0.1,1,3,snr-mean,0.570750,0.390857
E11,0.2,0.0,0,1.0,0.0,0.1,1,3,belief,0.588500,0.472000
E11,0.2,0.0,0,1.0,0.0,0.1,1,3,belief-pred,0.588500,0.472000
E11,0.2,0.0,0,1.0,0.0,0.1,1,3,ewma,0.614500,0.590857
E11,0.2,0.0,0,1.0,0.0,0.1,1,3,blend-paper,0.592250,0.489143
E11,0.2,0.0,0,1.0,0.0,0.1,1,3,saf-adaptive,0.613000,0.584000
E11,0.2,0.0,0,1.0,0.0,0.1,1,4,random,0.577000,0.472222
E11,0.2,0.0,0,1.0,0.0,0.1,1,4,round-robin,0.583250,0.500000
E11,0.2,0.0,0,1.0,0.0,0.1,1,4,oracle,0.695750,1.000000
E11,0.2,0.0,0,1.0,0.0,0.1,1,4,snr-greedy,0.582500,0.496667
E11,0.2,0.0,0,1.0,0.0,0.1,1,4,snr-greedy-loss,0.580250,0.486667
E11,0.2,0.0,0,1.0,0.0,0.1,1,4,snr-mean,0.565000,0.418889
E11,0.2,0.0,0,1.0,0.0,0.1,1,4,belief,0.579500,0.483333
E11,0.2,0.0,0,1.0,0.0,0.1,1,4,belief-pred,0.579500,0.483333
E11,0.2,0.0,0,1.0,0.0,0.1,1,4,ewma,0.591750,0.537778
E11,0.2,0.0,0,1.0,0.0,0.1,1,4,blend-paper,0.599250,0.571111
E11,0.2,0.0,0,1.0,0.0,0.1,1,4,saf-adaptive,0.586750,0.515556
E11,0.2,0.0,0,1.0,0.0,0.1,1,5,random,0.602500,0.523256
E11,0.2,0.0,0,1.0,0.0,0.1,1,5,round-robin,0.596250,0.494186
E11,0.2,0.0,0,1.0,0.0,0.1,1,5,oracle,0.705000,1.000000
E11,0.2,0.0,0,1.0,0.0,0.1,1,5,snr-greedy,0.600500,0.513953
E11,0.2,0.0,0,1.0,0.0,0.1,1,5,snr-greedy-loss,0.596250,0.494186
E11,0.2,0.0,0,1.0,0.0,0.1,1,5,snr-mean,0.576250,0.401163
E11,0.2,0.0,0,1.0,0.0,0.1,1,5,belief,0.599000,0.506977
E11,0.2,0.0,0,1.0,0.0,0.1,1,5,belief-pred,0.599000,0.506977
E11,0.2,0.0,0,1.0,0.0,0.1,1,5,ewma,0.595250,0.489535
E11,0.2,0.0,0,1.0,0.0,0.1,1,5,blend-paper,0.598000,0.502326
E11,0.2,0.0,0,1.0,0.0,0.1,1,5,saf-adaptive,0.596000,0.493023
E11,0.2,0.0,0,1.0,0.0,0.1,1,6,random,0.587000,0.490503
E11,0.2,0.0,0,1.0,0.0,0.1,1,6,round-robin,0.588250,0.496089
E11,0.2,0.0,0,1.0,0.0,0.1,1,6,oracle,0.701000,1.000000
E11,0.2,0.0,0,1.0,0.0,0.1,1,6,snr-greedy,0.585250,0.482682
E11,0.2,0.0,0,1.0,0.0,0.1,1,6,snr-greedy-loss,0.586750,0.489385
E11,0.2,0.0,0,1.0,0.0,0.1,1,6,snr-mean,0.578250,0.451397
E11,0.2,0.0,0,1.0,0.0,0.1,1,6,belief,0.585250,0.482682
E11,0.2,0.0,0,1.0,0.0,0.1,1,6,belief-pred,0.585250,0.482682
E11,0.2,0.0,0,1.0,0.0,0.1,1,6,ewma,0.598750,0.543017
E11,0.2,0.0,0,1.0,0.0,0.1,1,6,blend-paper,0.603750,0.565363
E11,0.2,0.0,0,1.0,0.0,0.1,1,6,saf-adaptive,0.596750,0.534078
E11,0.2,0.0,0,1.0,0.0,0.1,1,7,random,0.585750,0.490343
E11,0.2,0.0,0,1.0,0.0,0.1,1,7,round-robin,0.589500,0.506438
E11,0.2,0.0,0,1.0,0.0,0.1,1,7,oracle,0.704500,1.000000
E11,0.2,0.0,0,1.0,0.0,0.1,1,7,snr-greedy,0.587500,0.497854
E11,0.2,0.0,0,1.0,0.0,0.1,1,7,snr-greedy-loss,0.585250,0.488197
E11,0.2,0.0,0,1.0,0.0,0.1,1,7,snr-mean,0.565000,0.401288
E11,0.2,0.0,0,1.0,0.0,0.1,1,7,belief,0.582000,0.474249
E11,0.2,0.0,0,1.0,0.0,0.1,1,7,belief-pred,0.582000,0.474249
E11,0.2,0.0,0,1.0,0.0,0.1,1,7,ewma,0.586750,0.494635
E11,0.2,0.0,0,1.0,0.0,0.1,1,7,blend-paper,0.595500,0.532189
E11,0.2,0.0,0,1.0,0.0,0.1,1,7,saf-adaptive,0.592250,0.518240
E11,0.2,0.0,0,1.0,0.0,0.1,1,8,random,0.579000,0.493166
E11,0.2,0.0,0,1.0,0.0,0.1,1,8,round-robin,0.576250,0.480638
E11,0.2,0.0,0,1.0,0.0,0.1,1,8,oracle,0.690250,1.000000
E11,0.2,0.0,0,1.0,0.0,0.1,1,8,snr-greedy,0.580500,0.500000
E11,0.2,0.0,0,1.0,0.0,0.1,1,8,snr-greedy-loss,0.576250,0.480638
E11,0.2,0.0,0,1.0,0.0,0.1,1,8,snr-mean,0.573500,0.468109
E11,0.2,0.0,0,1.0,0.0,0.1,1,8,belief,0.578750,0.492027
E11,0.2,0.0,0,1.0,0.0,0.1,1,8,belief-pred,0.578750,0.492027
E11,0.2,0.0,0,1.0,0.0,0.1,1,8,ewma,0.591500,0.550114
E11,0.2,0.0,0,1.0,0.0,0.1,1,8,blend-paper,0.587000,0.529613
E11,0.2,0.0,0,1.0,0.0,0.1,1,8,saf-adaptive,0.591250,0.548975
E11,0.2,0.0,0,1.0,0.0,0.1,1,9,random,0.584250,0.489118
E11,0.2,0.0,0,1.0,0.0,0.1,1,9,round-robin,0.587750,0.505155
E11,0.2,0.0,0,1.0,0.0,0.1,1,9,oracle,0.695750,1.000000
E11,0.2,0.0,0,1.0,0.0,0.1,1,9,snr-greedy,0.579000,0.465063
E11,0.2,0.0,0,1.0,0.0,0.1,1,9,snr-greedy-loss,0.583250,0.484536
E11,0.2,0.0,0,1.0,0.0,0.1,1,9,snr-mean,0.562500,0.389462
E11,0.2,0.0,0,1.0,0.0,0.1,1,9,belief,0.577750,0.459336
E11,0.2,0.0,0,1.0,0.0,0.1,1,9,belief-pred,0.577750,0.459336
E11,0.2,0.0,0,1.0,0.0,0.1,1,9,ewma,0.592250,0.525773
E11,0.2,0.0,0,1.0,0.0,0.1,1,9,blend-paper,0.588250,0.507446
E11,0.2,0.0,0,1.0,0.0,0.1,1,9,saf-adaptive,0.597000,0.547537
E11,0.2,0.0,0,1.0,0.0,0.1,1,10,random,0.579250,0.503937
E11,0.2,0.0,0,1.0,0.0,0.1,1,10,round-robin,0.580250,0.508436
E11,0.2,0.0,0,1.0,0.0,0.1,1,10,oracle,0.689500,1.000000
E11,0.2,0.0,0,1.0,0.0,0.1,1,10,snr-greedy,0.577500,0.496063
E11,0.2,0.0,0,1.0,0.0,0.1,1,10,snr-greedy-loss,0.574000,0.480315
E11,0.2,0.0,0,1.0,0.0,0.1,1,10,snr-mean,0.562750,0.429696
E11,0.2,0.0,0,1.0,0.0,0.1,1,10,belief,0.573500,0.478065
E11,0.2,0.0,0,1.0,0.0,0.1,1,10,belief-pred,0.573500,0.478065
E11,0.2,0.0,0,1.0,0.0,0.1,1,10,ewma,0.587250,0.539933
E11,0.2,0.0,0,1.0,0.0,0.1,1,10,blend-paper,0.581500,0.514061
E11,0.2,0.0,0,1.0,0.0,0.1,1,10,saf-adaptive,0.590750,0.555681
E11,0.2,0.0,0,1.0,0.0,0.1,1,11,random,0.589500,0.503247
E11,0.2,0.0,0,1.0,0.0,0.1,1,11,round-robin,0.592250,0.515152
E11,0.2,0.0,0,1.0,0.0,0.1,1,11,oracle,0.704250,1.000000
E11,0.2,0.0,0,1.0,0.0,0.1,1,11,snr-greedy,0.591250,0.510823
E11,0.2,0.0,0,1.0,0.0,0.1,1,11,snr-greedy-loss,0.584000,0.479437
E11,0.2,0.0,0,1.0,0.0,0.1,1,11,snr-mean,0.566000,0.401515
E11,0.2,0.0,0,1.0,0.0,0.1,1,11,belief,0.583750,0.478355
E11,0.2,0.0,0,1.0,0.0,0.1,1,11,belief-pred,0.583750,0.478355
E11,0.2,0.0,0,1.0,0.0,0.1,1,11,ewma,0.600000,0.548701
E11,0.2,0.0,0,1.0,0.0,0.1,1,11,blend-paper,0.601750,0.556277
E11,0.2,0.0,0,1.0,0.0,0.1,1,11,saf-adaptive,0.607000,0.579004
E11,0.2,0.0,0,1.0,0.0,0.1,1,12,random,0.601000,0.509714
E11,0.2,0.0,0,1.0,0.0,0.1,1,12,round-robin,0.600750,0.508571
E11,0.2,0.0,0,1.0,0.0,0.1,1,12,oracle,0.708250,1.000000
E11,0.2,0.0,0,1.0,0.0,0.1,1,12,snr-greedy,0.594750,0.481143
E11,0.2,0.0,0,1.0,0.0,0.1,1,12,snr-greedy-loss,0.591250,0.465143
E11,0.2,0.0,0,1.0,0.0,0.1,1,12,snr-mean,0.569750,0.366857
E11,0.2,0.0,0,1.0,0.0,0.1,1,12,belief,0.588250,0.451429
E11,0.2,0.0,0,1.0,0.0,0.1,1,12,belief-pred,0.588250,0.451429
E11,0.2,0.0,0,1.0,0.0,0.1,1,12,ewma,0.617250,0.584000
E11,0.2,0.0,0,1.0,0.0,0.1,1,12,blend-paper,0.606750,0.536000
E11,0.2,0.0,0,1.0,0.0,0.1,1,12,saf-adaptive,0.620000,0.596571
E11,0.2,0.0,0,1.0,0.0,0.1,1,13,random,0.582250,0.485516
E11,0.2,0.0,0,1.0,0.0,0.1,1,13,round-robin,0.588250,0.513326
E11,0.2,0.0,0,1.0,0.0,0.1,1,13,oracle,0.693250,1.000000
E11,0.2,0.0,0,1.0,0.0,0.1,1,13,snr-greedy,0.585250,0.499421
E11,0.2,0.0,0,1.0,0.0,0.1,1,13,snr-greedy-loss,0.588250,0.513326
E11,0.2,0.0,0,1.0,0.0,0.1,1,13,snr-mean,0.562500,0.393975
E11,0.2,0.0,0,1.0,0.0,0.1,1,13,belief,0.586000,0.502897
E11,0.2,0.0,0,1.0,0.0,0.1,1,13,belief-pred,0.586000,0.502897
E11,0.2,0.0,0,1.0,0.0,0.1,1,13,ewma,0.587500,0.509849
E11,0.2,0.0,0,1.0,0.0,0.1,1,13,blend-paper,0.585250,0.499421
E11,0.2,0.0,0,1.0,0.0,0.1,1,13,saf-adaptive,0.588000,0.512167
E11,0.2,0.0,0,1.0,0.0,0.1,1,14,random,0.591500,0.499405
E11,0.2,0.0,0,1.0,0.0,0.1,1,14,round-robin,0.592500,0.504162
E11,0.2,0.0,0,1.0,0.0,0.1,1,14,oracle,0.696750,1.000000
E11,0.2,0.0,0,1.0,0.0,0.1,1,14,snr-greedy,0.586000,0.473246
E11,0.2,0.0,0,1.0,0.0,0.1,1,14,snr-greedy-loss,0.584000,0.463734
E11,0.2,0.0,0,1.0,0.0,0.1,1,14,snr-mean,0.571000,0.401902
E11,0.2,0.0,0,1.0,0.0,0.1,1,14,belief,0.582000,0.454221
E11,0.2,0.0,0,1.0,0.0,0.1,1,14,belief-pred,0.582000,0.454221
E11,0.2,0.0,0,1.0,0.0,0.1,1,14,ewma,0.608500,0.580262
E11,0.2,0.0,0,1.0,0.0,0.1,1,14,blend-paper,0.602750,0.552913
E11,0.2,0.0,0,1.0,0.0,0.1,1,14,saf-adaptive,0.598750,0.533888
E11,0.2,0.0,0,1.0,0.0,0.1,1,15,random,0.591000,0.531320
E11,0.2,0.0,0,1.0,0.0,0.1,1,15,round-robin,0.585500,0.506711
E11,0.2,0.0,0,1.0,0.0,0.1,1,15,oracle,0.695750,1.000000
E11,0.2,0.0,0,1.0,0.0,0.1,1,15,snr-greedy,0.579500,0.479866
E11,0.2,0.0,0,1.0,0.0,0.1,1,15,snr-greedy-loss,0.579500,0.479866
E11,0.2,0.0,0,1.0,0.0,0.1,1,15,snr-mean,0.558000,0.383669
E11,0.2,0.0,0,1.0,0.0,0.1,1,15,belief,0.574250,0.456376
E11,0.2,0.0,0,1.0,0.0,0.1,1,15,belief-pred,0.574250,0.456376
E11,0.2,0.0,0,1.0,0.0,0.1,1,15,ewma,0.596250,0.554810
E11,0.2,0.0,0,1.0,0.0,0.1,1,15,blend-paper,0.582000,0.491051
E11,0.2,0.0,0,1.0,0.0,0.1,1,15,saf-adaptive,0.593000,0.540268
E11,0.2,0.0,0,1.0,0.0,0.1,1,16,random,0.582750,0.498396
E11,0.2,0.0,0,1.0,0.0,0.1,1,16,round-robin,0.584000,0.503743
E11,0.2,0.0,0,1.0,0.0,0.1,1,16,oracle,0.700000,1.000000
E11,0.2,0.0,0,1.0,0.0,0.1,1,16,snr-greedy,0.577750,0.477005
E11,0.2,0.0,0,1.0,0.0,0.1,1,16,snr-greedy-loss,0.580500,0.488770
E11,0.2,0.0,0,1.0,0.0,0.1,1,16,snr-mean,0.563750,0.417112
E11,0.2,0.0,0,1.0,0.0,0.1,1,16,belief,0.575750,0.468449
E11,0.2,0.0,0,1.0,0.0,0.1,1,16,belief-pred,0.575750,0.468449
E11,0.2,0.0,0,1.0,0.0,0.1,1,16,ewma,0.586500,0.514439
E11,0.2,0.0,0,1.0,0.0,0.1,1,16,blend-paper,0.585000,0.508021
E11,0.2,0.0,0,1.0,0.0,0.1,1,16,saf-adaptive,0.594750,0.549733
E11,0.2,0.0,0,1.0,0.0,0.1,1,17,random,0.586750,0.490439
E11,0.2,0.0,0,1.0,0.0,0.1,1,17,round-robin,0.587500,0.493813
E11,0.2,0.0,0,1.0,0.0,0.1,1,17,oracle,0.700000,1.000000
E11,0.2,0.0,0,1.0,0.0,0.1,1,17,snr-greedy,0.588750,0.499438
E11,0.2,0.0,0,1.0,0.0,0.1,1,17,snr-greedy-loss,0.583500,0.475816
E11,0.2,0.0,0,1.0,0.0,0.1,1,17,snr-mean,0.560500,0.372328
E11,0.2,0.0,0,1.0,0.0,0.1,1,17,belief,0.577000,0.446569
E11,0.2,0.0,0,1.0,0.0,0.1,1,17,belief-pred,0.577000,0.446569
E11,0.2,0.0,0,1.0,0.0,0.1,1,17,ewma,0.606250,0.578178
E11,0.2,0.0,0,1.0,0.0,0.1,1,17,blend-paper,0.601500,0.556805
E11,0.2,0.0,0,1.0,0.0,0.1,1,17,saf-adaptive,0.596750,0.535433
E11,0.2,0.0,0,1.0,0.0,0.1,1,18,random,0.582500,0.506579
E11,0.2,0.0,0,1.0,0.0,0.1,1,18,round-robin,0.580000,0.495614
E11,0.2,0.0,0,1.0,0.0,0.1,1,18,oracle,0.695000,1.000000
E11,0.2,0.0,0,1.0,0.0,0.1,1,18,snr-greedy,0.572250,0.461623
E11,0.2,0.0,0,1.0,0.0,0.1,1,18,snr-greedy-loss,0.569750,0.450658
E11,0.2,0.0,0,1.0,0.0,0.1,1,18,snr-mean,0.552250,0.373904
E11,0.2,0.0,0,1.0,0.0,0.1,1,18,belief,0.567000,0.438596
E11,0.2,0.0,0,1.0,0.0,0.1,1,18,belief-pred,0.567000,0.438596
E11,0.2,0.0,0,1.0,0.0,0.1,1,18,ewma,0.587750,0.529605
E11,0.2,0.0,0,1.0,0.0,0.1,1,18,blend-paper,0.580500,0.497807
E11,0.2,0.0,0,1.0,0.0,0.1,1,18,saf-adaptive,0.579250,0.492325
E11,0.2,0.0,0,1.0,0.0,0.1,1,19,random,0.588750,0.478972
E11,0.2,0.0,0,1.0,0.0,0.1,1,19,round-robin,0.594500,0.505841
E11,0.2,0.0,0,1.0,0.0,0.1,1,19,oracle,0.700250,1.000000
E11,0.2,0.0,0,1.0,0.0,0.1,1,19,snr-greedy,0.588500,0.477804
E11,0.2,0.0,0,1.0,0.0,0.1,1,19,snr-greedy-loss,0.587250,0.471963
E11,0.2,0.0,0,1.0,0.0,0.1,1,19,snr-mean,0.566750,0.376168
E11,0.2,0.0,0,1.0,0.0,0.1,1,19,belief,0.582750,0.450935
E11,0.2,0.0,0,1.0,0.0,0.1,1,19,belief-pred,0.582750,0.450935
E11,0.2,0.0,0,1.0,0.0,0.1,1,19,ewma,0.602000,0.540888
E11,0.2,0.0,0,1.0,0.0,0.1,1,19,blend-paper,0.601250,0.537383
E11,0.2,0.0,0,1.0,0.0,0.1,1,19,saf-adaptive,0.597250,0.518692
E11,0.2,0.0,0,1.0,0.0,0.1,1,20,random,0.594750,0.509346
E11,0.2,0.0,0,1.0,0.0,0.1,1,20,round-robin,0.595500,0.512850
E11,0.2,0.0,0,1.0,0.0,0.1,1,20,oracle,0.699750,1.000000
E11,0.2,0.0,0,1.0,0.0,0.1,1,20,snr-greedy,0.594000,0.505841
E11,0.2,0.0,0,1.0,0.0,0.1,1,20,snr-greedy-loss,0.593250,0.502336
E11,0.2,0.0,0,1.0,0.0,0.1,1,20,snr-mean,0.575000,0.417056
E11,0.2,0.0,0,1.0,0.0,0.1,1,20,belief,0.596250,0.516355
E11,0.2,0.0,0,1.0,0.0,0.1,1,20,belief-pred,0.596250,0.516355
E11,0.2,0.0,0,1.0,0.0,0.1,1,20,ewma,0.598750,0.528037
E11,0.2,0.0,0,1.0,0.0,0.1,1,20,blend-paper,0.605750,0.560748
E11,0.2,0.0,0,1.0,0.0,0.1,1,20,saf-adaptive,0.588500,0.480140
E11,0.2,0.0,0,1.0,0.0,0.1,1,21,random,0.585500,0.496124
E11,0.2,0.0,0,1.0,0.0,0.1,1,21,round-robin,0.586750,0.501661
E11,0.2,0.0,0,1.0,0.0,0.1,1,21,oracle,0.699250,1.000000
E11,0.2,0.0,0,1.0,0.0,0.1,1,21,snr-greedy,0.582500,0.482835
E11,0.2,0.0,0,1.0,0.0,0.1,1,21,snr-greedy-loss,0.588250,0.508306
E11,0.2,0.0,0,1.0,0.0,0.1,1,21,snr-mean,0.579000,0.467331
E11,0.2,0.0,0,1.0,0.0,0.1,1,21,belief,0.586250,0.499446
E11,0.2,0.0,0,1.0,0.0,0.1,1,21,belief-pred,0.586250,0.499446
E11,0.2,0.0,0,1.0,0.0,0.1,1,21,ewma,0.600500,0.562569
E11,0.2,0.0,0,1.0,0.0,0.1,1,21,blend-paper,0.597750,0.550388
E11,0.2,0.0,0,1.0,0.0,0.1,1,21,saf-adaptive,0.593000,0.529347
E11,0.2,0.0,0,1.0,0.0,0.1,1,22,random,0.585500,0.487859
E11,0.2,0.0,0,1.0,0.0,0.1,1,22,round-robin,0.586000,0.490066
E11,0.2,0.0,0,1.0,0.0,0.1,1,22,oracle,0.701500,1.000000
E11,0.2,0.0,0,1.0,0.0,0.1,1,22,snr-greedy,0.578000,0.454746
E11,0.2,0.0,0,1.0,0.0,0.1,1,22,snr-greedy-loss,0.580250,0.464680
E11,0.2,0.0,0,1.0,0.0,0.1,1,22,snr-mean,0.564750,0.396247
E11,0.2,0.0,0,1.0,0.0,0.1,1,22,belief,0.576500,0.448124
E11,0.2,0.0,0,1.0,0.0,0.1,1,22,belief-pred,0.576500,0.448124
E11,0.2,0.0,0,1.0,0.0,0.1,1,22,ewma,0.586500,0.492274
E11,0.2,0.0,0,1.0,0.0,0.1,1,22,blend-paper,0.587250,0.495585
E11,0.2,0.0,0,1.0,0.0,0.1,1,22,saf-adaptive,0.578000,0.454746
E11,0.2,0.0,0,1.0,0.0,0.1,1,23,random,0.598500,0.534308
E11,0.2,0.0,0,1.0,0.0,0.1,1,23,round-robin,0.590000,0.496063
E11,0.2,0.0,0,1.0,0.0,0.1,1,23,oracle,0.702000,1.000000
E11,0.2,0.0,0,1.0,0.0,0.1,1,23,snr-greedy,0.585000,0.473566
E11,0.2,0.0,0,1.0,0.0,0.1,1,23,snr-greedy-loss,0.585000,0.473566
E11,0.2,0.0,0,1.0,0.0,0.1,1,23,snr-mean,0.561250,0.366704
E11,0.2,0.0,0,1.0,0.0,0.1,1,23,belief,0.579000,0.446569
E11,0.2,0.0,0,1.0,0.0,0.1,1,23,belief-pred,0.579000,0.446569
E11,0.2,0.0,0,1.0,0.0,0.1,1,23,ewma,0.611250,0.591676
E11,0.2,0.0,0,1.0,0.0,0.1,1,23,blend-paper,0.609250,0.582677
E11,0.2,0.0,0,1.0,0.0,0.1,1,23,saf-adaptive,0.604250,0.560180
E11,0.2,0.0,0,1.0,0.0,0.1,1,24,random,0.579250,0.466891
E11,0.2,0.0,0,1.0,0.0,0.1,1,24,round-robin,0.587500,0.503928
E11,0.2,0.0,0,1.0,0.0,0.1,1,24,oracle,0.698000,1.000000
E11,0.2,0.0,0,1.0,0.0,0.1,1,24,snr-greedy,0.586500,0.499439
E11,0.2,0.0,0,1.0,0.0,0.1,1,24,snr-greedy-loss,0.586500,0.499439
E11,0.2,0.0,0,1.0,0.0,0.1,1,24,snr-mean,0.574750,0.446689
E11,0.2,0.0,0,1.0,0.0,0.1,1,24,belief,0.583250,0.484848
E11,0.2,0.0,0,1.0,0.0,0.1,1,24,belief-pred,0.583250,0.484848
E11,0.2,0.0,0,1.0,0.0,0.1,1,24,ewma,0.595500,0.539843
E11,0.2,0.0,0,1.0,0.0,0.1,1,24,blend-paper,0.601750,0.567901
E11,0.2,0.0,0,1.0,0.0,0.1,1,24,saf-adaptive,0.594500,0.535354
E11,0.2,0.0,0,1.0,0.0,0.1,1,25,random,0.594500,0.491841
E11,0.2,0.0,0,1.0,0.0,0.1,1,25,round-robin,0.596500,0.501166
E11,0.2,0.0,0,1.0,0.0,0.1,1,25,oracle,0.703500,1.000000
E11,0.2,0.0,0,1.0,0.0,0.1,1,25,snr-greedy,0.590500,0.473193
E11,0.2,0.0,0,1.0,0.0,0.1,1,25,snr-greedy-loss,0.593750,0.488345
E11,0.2,0.0,0,1.0,0.0,0.1,1,25,snr-mean,0.577000,0.410256
E11,0.2,0.0,0,1.0,0.0,0.1,1,25,belief,0.593500,0.487179
E11,0.2,0.0,0,1.0,0.0,0.1,1,25,belief-pred,0.593500,0.487179
E11,0.2,0.0,0,1.0,0.0,0.1,1,25,ewma,0.601000,0.522145
E11,0.2,0.0,0,1.0,0.0,0.1,1,25,blend-paper,0.602000,0.526807
E11,0.2,0.0,0,1.0,0.0,0.1,1,25,saf-adaptive,0.601000,0.522145
E11,0.2,0.0,0,1.0,0.0,0.1,1,26,random,0.584500,0.498378
E11,0.2,0.0,0,1.0,0.0,0.1,1,26,round-robin,0.587500,0.511351
E11,0.2,0.0,0,1.0,0.0,0.1,1,26,oracle,0.700500,1.000000
E11,0.2,0.0,0,1.0,0.0,0.1,1,26,snr-greedy,0.582250,0.488649
E11,0.2,0.0,0,1.0,0.0,0.1,1,26,snr-greedy-loss,0.585000,0.500541
E11,0.2,0.0,0,1.0,0.0,0.1,1,26,snr-mean,0.571250,0.441081
E11,0.2,0.0,0,1.0,0.0,0.1,1,26,belief,0.578250,0.471351
E11,0.2,0.0,0,1.0,0.0,0.1,1,26,belief-pred,0.578250,0.471351
E11,0.2,0.0,0,1.0,0.0,0.1,1,26,ewma,0.595250,0.544865
E11,0.2,0.0,0,1.0,0.0,0.1,1,26,blend-paper,0.591500,0.528649
E11,0.2,0.0,0,1.0,0.0,0.1,1,26,saf-adaptive,0.587750,0.512432
E11,0.2,0.0,0,1.0,0.0,0.1,1,27,random,0.598000,0.527485
E11,0.2,0.0,0,1.0,0.0,0.1,1,27,round-robin,0.593500,0.506433
E11,0.2,0.0,0,1.0,0.0,0.1,1,27,oracle,0.699000,1.000000
E11,0.2,0.0,0,1.0,0.0,0.1,1,27,snr-greedy,0.595250,0.514620
E11,0.2,0.0,0,1.0,0.0,0.1,1,27,snr-greedy-loss,0.597500,0.525146
E11,0.2,0.0,0,1.0,0.0,0.1,1,27,snr-mean,0.573750,0.414035
E11,0.2,0.0,0,1.0,0.0,0.1,1,27,belief,0.589750,0.488889
E11,0.2,0.0,0,1.0,0.0,0.1,1,27,belief-pred,0.589750,0.488889
E11,0.2,0.0,0,1.0,0.0,0.1,1,27,ewma,0.608000,0.574269
E11,0.2,0.0,0,1.0,0.0,0.1,1,27,blend-paper,0.605250,0.561404
E11,0.2,0.0,0,1.0,0.0,0.1,1,27,saf-adaptive,0.604750,0.559064
E11,0.2,0.0,0,1.0,0.0,0.1,1,28,random,0.583750,0.507135
E11,0.2,0.0,0,1.0,0.0,0.1,1,28,round-robin,0.578000,0.481888
E11,0.2,0.0,0,1.0,0.0,0.1,1,28,oracle,0.696000,1.000000
E11,0.2,0.0,0,1.0,0.0,0.1,1,28,snr-greedy,0.575500,0.470911
E11,0.2,0.0,0,1.0,0.0,0.1,1,28,snr-greedy-loss,0.577000,0.477497
E11,0.2,0.0,0,1.0,0.0,0.1,1,28,snr-mean,0.556750,0.388584
E11,0.2,0.0,0,1.0,0.0,0.1,1,28,belief,0.572750,0.458836
E11,0.2,0.0,0,1.0,0.0,0.1,1,28,belief-pred,0.572750,0.458836
E11,0.2,0.0,0,1.0,0.0,0.1,1,28,ewma,0.589500,0.532382
E11,0.2,0.0,0,1.0,0.0,0.1,1,28,blend-paper,0.595500,0.558727
E11,0.2,0.0,0,1.0,0.0,0.1,1,28,saf-adaptive,0.579750,0.489572
E11,0.2,0.0,0,1.0,0.0,0.1,1,29,random,0.593000,0.510710
E11,0.2,0.0,0,1.0,0.0,0.1,1,29,round-robin,0.589000,0.492672
E11,0.2,0.0,0,1.0,0.0,0.1,1,29,oracle,0.701500,1.000000
E11,0.2,0.0,0,1.0,0.0,0.1,1,29,snr-greedy,0.592000,0.506201
E11,0.2,0.0,0,1.0,0.0,0.1,1,29,snr-greedy-loss,0.587500,0.485908
E11,0.2,0.0,0,1.0,0.0,0.1,1,29,snr-mean,0.569750,0.405862
E11,0.2,0.0,0,1.0,0.0,0.1,1,29,belief,0.584250,0.471251
E11,0.2,0.0,0,1.0,0.0,0.1,1,29,belief-pred,0.584250,0.471251
E11,0.2,0.0,0,1.0,0.0,0.1,1,29,ewma,0.593250,0.511838
E11,0.2,0.0,0,1.0,0.0,0.1,1,29,blend-paper,0.592250,0.507328
E11,0.2,0.0,0,1.0,0.0,0.1,1,29,saf-adaptive,0.590000,0.497182
E11,0.2,0.0,0,1.0,0.0,0.1,1,30,random,0.593250,0.516548
E11,0.2,0.0,0,1.0,0.0,0.1,1,30,round-robin,0.586250,0.483452
E11,0.2,0.0,0,1.0,0.0,0.1,1,30,oracle,0.695500,1.000000
E11,0.2,0.0,0,1.0,0.0,0.1,1,30,snr-greedy,0.591500,0.508274
E11,0.2,0.0,0,1.0,0.0,0.1,1,30,snr-greedy-loss,0.593250,0.516548
E11,0.2,0.0,0,1.0,0.0,0.1,1,30,snr-mean,0.567750,0.395981
E11,0.2,0.0,0,1.0,0.0,0.1,1,30,belief,0.592250,0.511820
E11,0.2,0.0,0,1.0,0.0,0.1,1,30,belief-pred,0.592250,0.511820
E11,0.2,0.0,0,1.0,0.0,0.1,1,30,ewma,0.596500,0.531915
E11,0.2,0.0,0,1.0,0.0,0.1,1,30,blend-paper,0.595500,0.527187
E11,0.2,0.0,0,1.0,0.0,0.1,1,30,saf-adaptive,0.591000,0.505910
E11,0.2,0.0,0,1.0,0.0,0.1,1,31,random,0.588000,0.459492
E11,0.2,0.0,0,1.0,0.0,0.1,1,31,round-robin,0.599750,0.516324
E11,0.2,0.0,0,1.0,0.0,0.1,1,31,oracle,0.699750,1.000000
E11,0.2,0.0,0,1.0,0.0,0.1,1,31,snr-greedy,0.596750,0.501814
E11,0.2,0.0,0,1.0,0.0,0.1,1,31,snr-greedy-loss,0.597000,0.503023
E11,0.2,0.0,0,1.0,0.0,0.1,1,31,snr-mean,0.584500,0.442563
E11,0.2,0.0,0,1.0,0.0,0.1,1,31,belief,0.598750,0.511487
E11,0.2,0.0,0,1.0,0.0,0.1,1,31,belief-pred,0.598750,0.511487
E11,0.2,0.0,0,1.0,0.0,0.1,1,31,ewma,0.605000,0.541717
E11,0.2,0.0,0,1.0,0.0,0.1,1,31,blend-paper,0.594500,0.490931
E11,0.2,0.0,0,1.0,0.0,0.1,1,31,saf-adaptive,0.601750,0.525998
E11,0.2,0.0,0,1.0,0.0,0.1,1,32,random,0.581750,0.503580
E11,0.2,0.0,0,1.0,0.0,0.1,1,32,round-robin,0.579500,0.492840
E11,0.2,0.0,0,1.0,0.0,0.1,1,32,oracle,0.685750,1.000000
E11,0.2,0.0,0,1.0,0.0,0.1,1,32,snr-greedy,0.574000,0.466587
E11,0.2,0.0,0,1.0,0.0,0.1,1,32,snr-greedy-loss,0.572750,0.460621
E11,0.2,0.0,0,1.0,0.0,0.1,1,32,snr-mean,0.564750,0.422434
E11,0.2,0.0,0,1.0,0.0,0.1,1,32,belief,0.571750,0.455847
E11,0.2,0.0,0,1.0,0.0,0.1,1,32,belief-pred,0.571750,0.455847
E11,0.2,0.0,0,1.0,0.0,0.1,1,32,ewma,0.584750,0.517900
E11,0.2,0.0,0,1.0,0.0,0.1,1,32,blend-paper,0.576500,0.478520
E11,0.2,0.0,0,1.0,0.0,0.1,1,32,saf-adaptive,0.582750,0.508353
E11,0.2,0.0,0,1.0,0.0,0.1,1,33,random,0.579750,0.500535
E11,0.2,0.0,0,1.0,0.0,0.1,1,33,round-robin,0.582000,0.510160
E11,0.2,0.0,0,1.0,0.0,0.1,1,33,oracle,0.696500,1.000000
E11,0.2,0.0,0,1.0,0.0,0.1,1,33,snr-greedy,0.579250,0.498396
E11,0.2,0.0,0,1.0,0.0,0.1,1,33,snr-greedy-loss,0.576000,0.484492
E11,0.2,0.0,0,1.0,0.0,0.1,1,33,snr-mean,0.555500,0.396791
E11,0.2,0.0,0,1.0,0.0,0.1,1,33,belief,0.571750,0.466310
E11,0.2,0.0,0,1.0,0.0,0.1,1,33,belief-pred,0.571750,0.466310
E11,0.2,0.0,0,1.0,0.0,0.1,1,33,ewma,0.581750,0.509091
E11,0.2,0.0,0,1.0,0.0,0.1,1,33,blend-paper,0.591000,0.548663
E11,0.2,0.0,0,1.0,0.0,0.1,1,33,saf-adaptive,0.589750,0.543316
E11,0.2,0.0,0,1.0,0.0,0.1,1,34,random,0.586000,0.504425
E11,0.2,0.0,0,1.0,0.0,0.1,1,34,round-robin,0.587250,0.509956
E11,0.2,0.0,0,1.0,0.0,0.1,1,34,oracle,0.698000,1.000000
E11,0.2,0.0,0,1.0,0.0,0.1,1,34,snr-greedy,0.571750,0.441372
E11,0.2,0.0,0,1.0,0.0,0.1,1,34,snr-greedy-loss,0.577000,0.464602
E11,0.2,0.0,0,1.0,0.0,0.1,1,34,snr-mean,0.568000,0.424779
E11,0.2,0.0,0,1.0,0.0,0.1,1,34,belief,0.574750,0.454646
E11,0.2,0.0,0,1.0,0.0,0.1,1,34,belief-pred,0.574750,0.454646
E11,0.2,0.0,0,1.0,0.0,0.1,1,34,ewma,0.593000,0.535398
E11,0.2,0.0,0,1.0,0.0,0.1,1,34,blend-paper,0.595000,0.544248
E11,0.2,0.0,0,1.0,0.0,0.1,1,34,saf-adaptive,0.596000,0.548673
E11,0.2,0.0,0,1.0,0.0,0.1,1,35,random,0.590250,0.502825
E11,0.2,0.0,0,1.0,0.0,0.1,1,35,round-robin,0.596000,0.528814
E11,0.2,0.0,0,1.0,0.0,0.1,1,35,oracle,0.700250,1.000000
E11,0.2,0.0,0,1.0,0.0,0.1,1,35,snr-greedy,0.592000,0.510734
E11,0.2,0.0,0,1.0,0.0,0.1,1,35,snr-greedy-loss,0.588500,0.494915
E11,0.2,0.0,0,1.0,0.0,0.1,1,35,snr-mean,0.582000,0.465537
E11,0.2,0.0,0,1.0,0.0,0.1,1,35,belief,0.594000,0.519774
E11,0.2,0.0,0,1.0,0.0,0.1,1,35,belief-pred,0.594000,0.519774
E11,0.2,0.0,0,1.0,0.0,0.1,1,35,ewma,0.592750,0.514124
E11,0.2,0.0,0,1.0,0.0,0.1,1,35,blend-paper,0.593500,0.517514
E11,0.2,0.0,0,1.0,0.0,0.1,1,35,saf-adaptive,0.593500,0.517514
E11,0.2,0.0,0,1.0,0.0,0.1,1,36,random,0.596500,0.496098
E11,0.2,0.0,0,1.0,0.0,0.1,1,36,round-robin,0.595250,0.490524
E11,0.2,0.0,0,1.0,0.0,0.1,1,36,oracle,0.709500,1.000000
E11,0.2,0.0,0,1.0,0.0,0.1,1,36,snr-greedy,0.594250,0.486065
E11,0.2,0.0,0,1.0,0.0,0.1,1,36,snr-greedy-loss,0.590250,0.468227
E11,0.2,0.0,0,1.0,0.0,0.1,1,36,snr-mean,0.582000,0.431438
E11,0.2,0.0,0,1.0,0.0,0.1,1,36,belief,0.590750,0.470457
E11,0.2,0.0,0,1.0,0.0,0.1,1,36,belief-pred,0.590750,0.470457
E11,0.2,0.0,0,1.0,0.0,0.1,1,36,ewma,0.593000,0.480491
E11,0.2,0.0,0,1.0,0.0,0.1,1,36,blend-paper,0.598500,0.505017
E11,0.2,0.0,0,1.0,0.0,0.1,1,36,saf-adaptive,0.591250,0.472687
E11,0.2,0.0,0,1.0,0.0,0.1,1,37,random,0.594500,0.473747
E11,0.2,0.0,0,1.0,0.0,0.1,1,37,round-robin,0.599250,0.496420
E11,0.2,0.0,0,1.0,0.0,0.1,1,37,oracle,0.704750,1.000000
E11,0.2,0.0,0,1.0,0.0,0.1,1,37,snr-greedy,0.593750,0.470167
E11,0.2,0.0,0,1.0,0.0,0.1,1,37,snr-greedy-loss,0.595750,0.479714
E11,0.2,0.0,0,1.0,0.0,0.1,1,37,snr-mean,0.577000,0.390215
E11,0.2,0.0,0,1.0,0.0,0.1,1,37,belief,0.588750,0.446301
E11,0.2,0.0,0,1.0,0.0,0.1,1,37,belief-pred,0.588750,0.446301
E11,0.2,0.0,0,1.0,0.0,0.1,1,37,ewma,0.618750,0.589499
E11,0.2,0.0,0,1.0,0.0,0.1,1,37,blend-paper,0.599750,0.498807
E11,0.2,0.0,0,1.0,0.0,0.1,1,37,saf-adaptive,0.604750,0.522673
E11,0.2,0.0,0,1.0,0.0,0.1,1,38,random,0.594500,0.513089
E11,0.2,0.0,0,1.0,0.0,0.1,1,38,round-robin,0.591000,0.498429
E11,0.2,0.0,0,1.0,0.0,0.1,1,38,oracle,0.710750,1.000000
E11,0.2,0.0,0,1.0,0.0,0.1,1,38,snr-greedy,0.586000,0.477487
E11,0.2,0.0,0,1.0,0.0,0.1,1,38,snr-greedy-loss,0.583250,0.465969
E11,0.2,0.0,0,1.0,0.0,0.1,1,38,snr-mean,0.572750,0.421990
E11,0.2,0.0,0,1.0,0.0,0.1,1,38,belief,0.581750,0.459686
E11,0.2,0.0,0,1.0,0.0,0.1,1,38,belief-pred,0.581750,0.459686
E11,0.2,0.0,0,1.0,0.0,0.1,1,38,ewma,0.610250,0.579058
E11,0.2,0.0,0,1.0,0.0,0.1,1,38,blend-paper,0.616500,0.605236
E11,0.2,0.0,0,1.0,0.0,0.1,1,38,saf-adaptive,0.611000,0.582199
E11,0.2,0.0,0,1.0,0.0,0.1,1,39,random,0.577500,0.492152
E11,0.2,0.0,0,1.0,0.0,0.1,1,39,round-robin,0.580750,0.506726
E11,0.2,0.0,0,1.0,0.0,0.1,1,39,oracle,0.690750,1.000000
E11,0.2,0.0,0,1.0,0.0,0.1,1,39,snr-greedy,0.584500,0.523543
E11,0.2,0.0,0,1.0,0.0,0.1,1,39,snr-greedy-loss,0.580250,0.504484
E11,0.2,0.0,0,1.0,0.0,0.1,1,39,snr-mean,0.563750,0.430493
E11,0.2,0.0,0,1.0,0.0,0.1,1,39,belief,0.582000,0.512332
E11,0.2,0.0,0,1.0,0.0,0.1,1,39,belief-pred,0.582000,0.512332
E11,0.2,0.0,0,1.0,0.0,0.1,1,39,ewma,0.594000,0.566143
E11,0.2,0.0,0,1.0,0.0,0.1,1,39,blend-paper,0.593750,0.565022
E11,0.2,0.0,0,1.0,0.0,0.1,1,39,saf-adaptive,0.592250,0.558296
E11,0.2,0.0,0,1.0,0.0,0.1,1,40,random,0.581500,0.488189
E11,0.2,0.0,0,1.0,0.0,0.1,1,40,round-robin,0.587500,0.515186
E11,0.2,0.0,0,1.0,0.0,0.1,1,40,oracle,0.695250,1.000000
E11,0.2,0.0,0,1.0,0.0,0.1,1,40,snr-greedy,0.583750,0.498313
E11,0.2,0.0,0,1.0,0.0,0.1,1,40,snr-greedy-loss,0.584500,0.501687
E11,0.2,0.0,0,1.0,0.0,0.1,1,40,snr-mean,0.557500,0.380202
E11,0.2,0.0,0,1.0,0.0,0.1,1,40,belief,0.582500,0.492688
E11,0.2,0.0,0,1.0,0.0,0.1,1,40,belief-pred,0.582500,0.492688
E11,0.2,0.0,0,1.0,0.0,0.1,1,40,ewma,0.600750,0.574803
E11,0.2,0.0,0,1.0,0.0,0.1,1,40,blend-paper,0.596750,0.556805
E11,0.2,0.0,0,1.0,0.0,0.1,1,40,saf-adaptive,0.594750,0.547807
E11,0.2,0.0,0,1.0,0.0,0.1,1,41,random,0.586000,0.490066
E11,0.2,0.0,0,1.0,0.0,0.1,1,41,round-robin,0.589500,0.505519
E11,0.2,0.0,0,1.0,0.0,0.1,1,41,oracle,0.701500,1.000000
E11,0.2,0.0,0,1.0,0.0,0.1,1,41,snr-greedy,0.589750,0.506623
E11,0.2,0.0,0,1.0,0.0,0.1,1,41,snr-greedy-loss,0.585500,0.487859
E11,0.2,0.0,0,1.0,0.0,0.1,1,41,snr-mean,0.572750,0.431567
E11,0.2,0.0,0,1.0,0.0,0.1,1,41,belief,0.586000,0.490066
E11,0.2,0.0,0,1.0,0.0,0.1,1,41,belief-pred,0.586000,0.490066
E11,0.2,0.0,0,1.0,0.0,0.1,1,41,ewma,0.616250,0.623620
E11,0.2,0.0,0,1.0,0.0,0.1,1,41,blend-paper,0.604750,0.572848
E11,0.2,0.0,0,1.0,0.0,0.1,1,41,saf-adaptive,0.603500,0.567329
E11,0.2,0.0,0,1.0,0.0,0.1,1,42,random,0.585250,0.496027
E11,0.2,0.0,0,1.0,0.0,0.1,1,42,round-robin,0.585000,0.494892
E11,0.2,0.0,0,1.0,0.0,0.1,1,42,oracle,0.696250,1.000000
E11,0.2,0.0,0,1.0,0.0,0.1,1,42,snr-greedy,0.586500,0.501703
E11,0.2,0.0,0,1.0,0.0,0.1,1,42,snr-greedy-loss,0.586500,0.501703
E11,0.2,0.0,0,1.0,0.0,0.1,1,42,snr-mean,0.585750,0.498297
E11,0.2,0.0,0,1.0,0.0,0.1,1,42,belief,0.586500,0.501703
E11,0.2,0.0,0,1.0,0.0,0.1,1,42,belief-pred,0.586500,0.501703
E11,0.2,0.0,0,1.0,0.0,0.1,1,42,ewma,0.593000,0.531215
E11,0.2,0.0,0,1.0,0.0,0.1,1,42,blend-paper,0.590750,0.520999
E11,0.2,0.0,0,1.0,0.0,0.1,1,42,saf-adaptive,0.599500,0.560726
E11,0.2,0.0,0,1.0,0.0,0.1,1,43,random,0.589750,0.494305
E11,0.2,0.0,0,1.0,0.0,0.1,1,43,round-robin,0.590500,0.497722
E11,0.2,0.0,0,1.0,0.0,0.1,1,43,oracle,0.700750,1.000000
E11,0.2,0.0,0,1.0,0.0,0.1,1,43,snr-greedy,0.592750,0.507973
E11,0.2,0.0,0,1.0,0.0,0.1,1,43,snr-greedy-loss,0.589250,0.492027
E11,0.2,0.0,0,1.0,0.0,0.1,1,43,snr-mean,0.570750,0.407745
E11,0.2,0.0,0,1.0,0.0,0.1,1,43,belief,0.583750,0.466970
E11,0.2,0.0,0,1.0,0.0,0.1,1,43,belief-pred,0.583750,0.466970
E11,0.2,0.0,0,1.0,0.0,0.1,1,43,ewma,0.599250,0.537585
E11,0.2,0.0,0,1.0,0.0,0.1,1,43,blend-paper,0.604000,0.559226
E11,0.2,0.0,0,1.0,0.0,0.1,1,43,saf-adaptive,0.597500,0.529613
E11,0.2,0.0,0,1.0,0.0,0.1,1,44,random,0.594500,0.509783
E11,0.2,0.0,0,1.0,0.0,0.1,1,44,round-robin,0.591750,0.497826
E11,0.2,0.0,0,1.0,0.0,0.1,1,44,oracle,0.707250,1.000000
E11,0.2,0.0,0,1.0,0.0,0.1,1,44,snr-greedy,0.594000,0.507609
E11,0.2,0.0,0,1.0,0.0,0.1,1,44,snr-greedy-loss,0.591000,0.494565
E11,0.2,0.0,0,1.0,0.0,0.1,1,44,snr-mean,0.569500,0.401087
E11,0.2,0.0,0,1.0,0.0,0.1,1,44,belief,0.586750,0.476087
E11,0.2,0.0,0,1.0,0.0,0.1,1,44,belief-pred,0.586750,0.476087
E11,0.2,0.0,0,1.0,0.0,0.1,1,44,ewma,0.608750,0.571739
E11,0.2,0.0,0,1.0,0.0,0.1,1,44,blend-paper,0.605500,0.557609
E11,0.2,0.0,0,1.0,0.0,0.1,1,44,saf-adaptive,0.617250,0.608696
E11,0.2,0.0,0,1.0,0.0,0.1,1,45,random,0.571750,0.486456
E11,0.2,0.0,0,1.0,0.0,0.1,1,45,round-robin,0.574500,0.498871
E11,0.2,0.0,0,1.0,0.0,0.1,1,45,oracle,0.685500,1.000000
E11,0.2,0.0,0,1.0,0.0,0.1,1,45,snr-greedy,0.570000,0.478555
E11,0.2,0.0,0,1.0,0.0,0.1,1,45,snr-greedy-loss,0.571750,0.486456
E11,0.2,0.0,0,1.0,0.0,0.1,1,45,snr-mean,0.547500,0.376975
E11,0.2,0.0,0,1.0,0.0,0.1,1,45,belief,0.563750,0.450339
E11,0.2,0.0,0,1.0,0.0,0.1,1,45,belief-pred,0.563750,0.450339
E11,0.2,0.0,0,1.0,0.0,0.1,1,45,ewma,0.592500,0.580135
E11,0.2,0.0,0,1.0,0.0,0.1,1,45,blend-paper,0.580000,0.523702
E11,0.2,0.0,0,1.0,0.0,0.1,1,45,saf-adaptive,0.592750,0.581264
E11,0.2,0.0,0,1.0,0.0,0.1,1,46,random,0.589500,0.485414
E11,0.2,0.0,0,1.0,0.0,0.1,1,46,round-robin,0.591750,0.495916
E11,0.2,0.0,0,1.0,0.0,0.1,1,46,oracle,0.699750,1.000000
E11,0.2,0.0,0,1.0,0.0,0.1,1,46,snr-greedy,0.591500,0.494749
E11,0.2,0.0,0,1.0,0.0,0.1,1,46,snr-greedy-loss,0.590250,0.488915
E11,0.2,0.0,0,1.0,0.0,0.1,1,46,snr-mean,0.582500,0.452742
E11,0.2,0.0,0,1.0,0.0,0.1,1,46,belief,0.591500,0.494749
E11,0.2,0.0,0,1.0,0.0,0.1,1,46,belief-pred,0.591500,0.494749
E11,0.2,0.0,0,1.0,0.0,0.1,1,46,ewma,0.596250,0.516919
E11,0.2,0.0,0,1.0,0.0,0.1,1,46,blend-paper,0.605500,0.560093
E11,0.2,0.0,0,1.0,0.0,0.1,1,46,saf-adaptive,0.596500,0.518086
E11,0.2,0.0,0,1.0,0.0,0.1,1,47,random,0.577500,0.474558
E11,0.2,0.0,0,1.0,0.0,0.1,1,47,round-robin,0.587250,0.517699
E11,0.2,0.0,0,1.0,0.0,0.1,1,47,oracle,0.696250,1.000000
E11,0.2,0.0,0,1.0,0.0,0.1,1,47,snr-greedy,0.578500,0.478982
E11,0.2,0.0,0,1.0,0.0,0.1,1,47,snr-greedy-loss,0.572750,0.453540
E11,0.2,0.0,0,1.0,0.0,0.1,1,47,snr-mean,0.561500,0.403761
E11,0.2,0.0,0,1.0,0.0,0.1,1,47,belief,0.576000,0.467920
E11,0.2,0.0,0,1.0,0.0,0.1,1,47,belief-pred,0.576000,0.467920
E11,0.2,0.0,0,1.0,0.0,0.1,1,47,ewma,0.594000,0.547566
E11,0.2,0.0,0,1.0,0.0,0.1,1,47,blend-paper,0.589750,0.528761
E11,0.2,0.0,0,1.0,0.0,0.1,1,47,saf-adaptive,0.596250,0.557522
E11,0.2,0.0,0,1.0,0.0,0.1,1,48,random,0.582750,0.485939
E11,0.2,0.0,0,1.0,0.0,0.1,1,48,round-robin,0.586000,0.500562
E11,0.2,0.0,0,1.0,0.0,0.1,1,48,oracle,0.697000,1.000000
E11,0.2,0.0,0,1.0,0.0,0.1,1,48,snr-greedy,0.590500,0.520810
E11,0.2,0.0,0,1.0,0.0,0.1,1,48,snr-greedy-loss,0.590250,0.519685
E11,0.2,0.0,0,1.0,0.0,0.1,1,48,snr-mean,0.564750,0.404949
E11,0.2,0.0,0,1.0,0.0,0.1,1,48,belief,0.587250,0.506187
E11,0.2,0.0,0,1.0,0.0,0.1,1,48,belief-pred,0.587250,0.506187
E11,0.2,0.0,0,1.0,0.0,0.1,1,48,ewma,0.595000,0.541057
E11,0.2,0.0,0,1.0,0.0,0.1,1,48,blend-paper,0.598500,0.556805
E11,0.2,0.0,0,1.0,0.0,0.1,1,48,saf-adaptive,0.589000,0.514061
E11,0.2,0.0,0,1.0,0.0,0.1,1,49,random,0.589000,0.492806
E11,0.2,0.0,0,1.0,0.0,0.1,1,49,round-robin,0.593250,0.513189
E11,0.2,0.0,0,1.0,0.0,0.1,1,49,oracle,0.694750,1.000000
E11,0.2,0.0,0,1.0,0.0,0.1,1,49,snr-greedy,0.588000,0.488010
E11,0.2,0.0,0,1.0,0.0,0.1,1,49,snr-greedy-loss,0.581500,0.456835
E11,0.2,0.0,0,1.0,0.0,0.1,1,49,snr-mean,0.568750,0.395683
E11,0.2,0.0,0,1.0,0.0,0.1,1,49,belief,0.583500,0.466427
E11,0.2,0.0,0,1.0,0.0,0.1,1,49,belief-pred,0.583500,0.466427
E11,0.2,0.0,0,1.0,0.0,0.1,1,49,ewma,0.601750,0.553957
E11,0.2,0.0,0,1.0,0.0,0.1,1,49,blend-paper,0.596250,0.527578
E11,0.2,0.0,0,1.0,0.0,0.1,1,49,saf-adaptive,0.599000,0.540767
E11,0.2,0.0,0,1.0,0.0,0.2,1,0,random,0.558500,0.496881
E11,0.2,0.0,0,1.0,0.0,0.2,1,0,round-robin,0.561000,0.507277
E11,0.2,0.0,0,1.0,0.0,0.2,1,0,oracle,0.679500,1.000000
E11,0.2,0.0,0,1.0,0.0,0.2,1,0,snr-greedy,0.544250,0.437630
E11,0.2,0.0,0,1.0,0.0,0.2,1,0,snr-greedy-loss,0.550750,0.464657
E11,0.2,0.0,0,1.0,0.0,0.2,1,0,snr-mean,0.519250,0.333680
E11,0.2,0.0,0,1.0,0.0,0.2,1,0,belief,0.540000,0.419958
E11,0.2,0.0,0,1.0,0.0,0.2,1,0,belief-pred,0.540000,0.419958
E11,0.2,0.0,0,1.0,0.0,0.2,1,0,ewma,0.565500,0.525988
E11,0.2,0.0,0,1.0,0.0,0.2,1,0,blend-paper,0.575000,0.565489
E11,0.2,0.0,0,1.0,0.0,0.2,1,0,saf-adaptive,0.558750,0.497921
E11,0.2,0.0,0,1.0,0.0,0.2,1,1,random,0.563000,0.498462
E11,0.2,0.0,0,1.0,0.0,0.2,1,1,round-robin,0.568250,0.520000
E11,0.2,0.0,0,1.0,0.0,0.2,1,1,oracle,0.685250,1.000000
E11,0.2,0.0,0,1.0,0.0,0.2,1,1,snr-greedy,0.556250,0.470769
E11,0.2,0.0,0,1.0,0.0,0.2,1,1,snr-greedy-loss,0.554000,0.461538
E11,0.2,0.0,0,1.0,0.0,0.2,1,1,snr-mean,0.525750,0.345641
E11,0.2,0.0,0,1.0,0.0,0.2,1,1,belief,0.550500,0.447179
E11,0.2,0.0,0,1.0,0.0,0.2,1,1,belief-pred,0.550500,0.447179
E11,0.2,0.0,0,1.0,0.0,0.2,1,1,ewma,0.568750,0.522051
E11,0.2,0.0,0,1.0,0.0,0.2,1,1,blend-paper,0.579500,0.566154
E11,0.2,0.0,0,1.0,0.0,0.2,1,1,saf-adaptive,0.570750,0.530256
E11,0.2,0.0,0,1.0,0.0,0.2,1,2,random,0.558250,0.487386
E11,0.2,0.0,0,1.0,0.0,0.2,1,2,round-robin,0.556250,0.479314
E11,0.2,0.0,0,1.0,0.0,0.2,1,2,oracle,0.685250,1.000000
E11,0.2,0.0,0,1.0,0.0,0.2,1,2,snr-greedy,0.563250,0.507568
E11,0.2,0.0,0,1.0,0.0,0.2,1,2,snr-greedy-loss,0.556750,0.481332
E11,0.2,0.0,0,1.0,0.0,0.2,1,2,snr-mean,0.516000,0.316852
E11,0.2,0.0,0,1.0,0.0,0.2,1,2,belief,0.556250,0.479314
E11,0.2,0.0,0,1.0,0.0,0.2,1,2,belief-pred,0.556250,0.479314
E11,0.2,0.0,0,1.0,0.0,0.2,1,2,ewma,0.568000,0.526741
E11,0.2,0.0,0,1.0,0.0,0.2,1,2,blend-paper,0.585500,0.597376
E11,0.2,0.0,0,1.0,0.0,0.2,1,2,saf-adaptive,0.577500,0.565086
E11,0.2,0.0,0,1.0,0.0,0.2,1,3,random,0.571250,0.487342
E11,0.2,0.0,0,1.0,0.0,0.2,1,3,round-robin,0.574000,0.498945
E11,0.2,0.0,0,1.0,0.0,0.2,1,3,oracle,0.692750,1.000000
E11,0.2,0.0,0,1.0,0.0,0.2,1,3,snr-greedy,0.568000,0.473629
E11,0.2,0.0,0,1.0,0.0,0.2,1,3,snr-greedy-loss,0.565250,0.462025
E11,0.2,0.0,0,1.0,0.0,0.2,1,3,snr-mean,0.536750,0.341772
E11,0.2,0.0,0,1.0,0.0,0.2,1,3,belief,0.563250,0.453586
E11,0.2,0.0,0,1.0,0.0,0.2,1,3,belief-pred,0.563250,0.453586
E11,0.2,0.0,0,1.0,0.0,0.2,1,3,ewma,0.597500,0.598101
E11,0.2,0.0,0,1.0,0.0,0.2,1,3,blend-paper,0.581000,0.528481
E11,0.2,0.0,0,1.0,0.0,0.2,1,3,saf-adaptive,0.598250,0.601266
E11,0.2,0.0,0,1.0,0.0,0.2,1,4,random,0.557750,0.473792
E11,0.2,0.0,0,1.0,0.0,0.2,1,4,round-robin,0.565750,0.506680
E11,0.2,0.0,0,1.0,0.0,0.2,1,4,oracle,0.685750,1.000000
E11,0.2,0.0,0,1.0,0.0,0.2,1,4,snr-greedy,0.558750,0.477903
E11,0.2,0.0,0,1.0,0.0,0.2,1,4,snr-greedy-loss,0.554500,0.460432
E11,0.2,0.0,0,1.0,0.0,0.2,1,4,snr-mean,0.534500,0.378212
E11,0.2,0.0,0,1.0,0.0,0.2,1,4,belief,0.552500,0.452210
E11,0.2,0.0,0,1.0,0.0,0.2,1,4,belief-pred,0.552500,0.452210
E11,0.2,0.0,0,1.0,0.0,0.2,1,4,ewma,0.567250,0.512847
E11,0.2,0.0,0,1.0,0.0,0.2,1,4,blend-paper,0.586250,0.590956
E11,0.2,0.0,0,1.0,0.0,0.2,1,4,saf-adaptive,0.583750,0.580678
E11,0.2,0.0,0,1.0,0.0,0.2,1,5,random,0.562500,0.498967
E11,0.2,0.0,0,1.0,0.0,0.2,1,5,round-robin,0.564250,0.506198
E11,0.2,0.0,0,1.0,0.0,0.2,1,5,oracle,0.683750,1.000000
E11,0.2,0.0,0,1.0,0.0,0.2,1,5,snr-greedy,0.558250,0.481405
E11,0.2,0.0,0,1.0,0.0,0.2,1,5,snr-greedy-loss,0.558500,0.482438
E11,0.2,0.0,0,1.0,0.0,0.2,1,5,snr-mean,0.510250,0.283058
E11,0.2,0.0,0,1.0,0.0,0.2,1,5,belief,0.554000,0.463843
E11,0.2,0.0,0,1.0,0.0,0.2,1,5,belief-pred,0.554000,0.463843
E11,0.2,0.0,0,1.0,0.0,0.2,1,5,ewma,0.577250,0.559917
E11,0.2,0.0,0,1.0,0.0,0.2,1,5,blend-paper,0.574250,0.547521
E11,0.2,0.0,0,1.0,0.0,0.2,1,5,saf-adaptive,0.577750,0.561983
E11,0.2,0.0,0,1.0,0.0,0.2,1,6,random,0.561000,0.496781
E11,0.2,0.0,0,1.0,0.0,0.2,1,6,round-robin,0.561500,0.498927
E11,0.2,0.0,0,1.0,0.0,0.2,1,6,oracle,0.678250,1.000000
E11,0.2,0.0,0,1.0,0.0,0.2,1,6,snr-greedy,0.549250,0.446352
E11,0.2,0.0,0,1.0,0.0,0.2,1,6,snr-greedy-loss,0.550250,0.450644
E11,0.2,0.0,0,1.0,0.0,0.2,1,6,snr-mean,0.528500,0.357296
E11,0.2,0.0,0,1.0,0.0,0.2,1,6,belief,0.549750,0.448498
E11,0.2,0.0,0,1.0,0.0,0.2,1,6,belief-pred,0.549750,0.448498
E11,0.2,0.0,0,1.0,0.0,0.2,1,6,ewma,0.594250,0.639485
E11,0.2,0.0,0,1.0,0.0,0.2,1,6,blend-paper,0.580000,0.578326
E11,0.2,0.0,0,1.0,0.0,0.2,1,6,saf-adaptive,0.593250,0.635193
E11,0.2,0.0,0,1.0,0.0,0.2,1,7,random,0.560000,0.502420
E11,0.2,0.0,0,1.0,0.0,0.2,1,7,round-robin,0.560500,0.504356
E11,0.2,0.0,0,1.0,0.0,0.2,1,7,oracle,0.688500,1.000000
E11,0.2,0.0,0,1.0,0.0,0.2,1,7,snr-greedy,0.561250,0.507260
E11,0.2,0.0,0,1.0,0.0,0.2,1,7,snr-greedy-loss,0.557750,0.493708
E11,0.2,0.0,0,1.0,0.0,0.2,1,7,snr-mean,0.510250,0.309777
E11,0.2,0.0,0,1.0,0.0,0.2,1,7,belief,0.547750,0.454985
E11,0.2,0.0,0,1.0,0.0,0.2,1,7,belief-pred,0.547750,0.454985
E11,0.2,0.0,0,1.0,0.0,0.2,1,7,ewma,0.578750,0.575024
E11,0.2,0.0,0,1.0,0.0,0.2,1,7,blend-paper,0.580000,0.579864
E11,0.2,0.0,0,1.0,0.0,0.2,1,7,saf-adaptive,0.572250,0.549855
E11,0.2,0.0,0,1.0,0.0,0.2,1,8,random,0.547750,0.480808
E11,0.2,0.0,0,1.0,0.0,0.2,1,8,round-robin,0.549000,0.485859
E11,0.2,0.0,0,1.0,0.0,0.2,1,8,oracle,0.676250,1.000000
E11,0.2,0.0,0,1.0,0.0,0.2,1,8,snr-greedy,0.549500,0.487879
E11,0.2,0.0,0,1.0,0.0,0.2,1,8,snr-greedy-loss,0.550250,0.490909
E11,0.2,0.0,0,1.0,0.0,0.2,1,8,snr-mean,0.524500,0.386869
E11,0.2,0.0,0,1.0,0.0,0.2,1,8,belief,0.546750,0.476768
E11,0.2,0.0,0,1.0,0.0,0.2,1,8,belief-pred,0.546750,0.476768
E11,0.2,0.0,0,1.0,0.0,0.2,1,8,ewma,0.578750,0.606061
E11,0.2,0.0,0,1.0,0.0,0.2,1,8,blend-paper,0.578000,0.603030
E11,0.2,0.0,0,1.0,0.0,0.2,1,8,saf-adaptive,0.573250,0.583838
E11,0.2,0.0,0,1.0,0.0,0.2,1,9,random,0.558750,0.485356
E11,0.2,0.0,0,1.0,0.0,0.2,1,9,round-robin,0.563500,0.505230
E11,0.2,0.0,0,1.0,0.0,0.2,1,9,oracle,0.681750,1.000000
E11,0.2,0.0,0,1.0,0.0,0.2,1,9,snr-greedy,0.553500,0.463389
E11,0.2,0.0,0,1.0,0.0,0.2,1,9,snr-greedy-loss,0.557250,0.479079
E11,0.2,0.0,0,1.0,0.0,0.2,1,9,snr-mean,0.518750,0.317992
E11,0.2,0.0,0,1.0,0.0,0.2,1,9,belief,0.550500,0.450837
E11,0.2,0.0,0,1.0,0.0,0.2,1,9,belief-pred,0.550500,0.450837
E11,0.2,0.0,0,1.0,0.0,0.2,1,9,ewma,0.584250,0.592050
E11,0.2,0.0,0,1.0,0.0,0.2,1,9,blend-paper,0.575750,0.556485
E11,0.2,0.0,0,1.0,0.0,0.2,1,9,saf-adaptive,0.572000,0.540795
E11,0.2,0.0,0,1.0,0.0,0.2,1,10,random,0.555750,0.518408
E11,0.2,0.0,0,1.0,0.0,0.2,1,10,round-robin,0.550500,0.497512
E11,0.2,0.0,0,1.0,0.0,0.2,1,10,oracle,0.676750,1.000000
E11,0.2,0.0,0,1.0,0.0,0.2,1,10,snr-greedy,0.545250,0.476617
E11,0.2,0.0,0,1.0,0.0,0.2,1,10,snr-greedy-loss,0.545250,0.476617
E11,0.2,0.0,0,1.0,0.0,0.2,1,10,snr-mean,0.511500,0.342289
E11,0.2,0.0,0,1.0,0.0,0.2,1,10,belief,0.537000,0.443781
E11,0.2,0.0,0,1.0,0.0,0.2,1,10,belief-pred,0.537000,0.443781
E11,0.2,0.0,0,1.0,0.0,0.2,1,10,ewma,0.582500,0.624876
E11,0.2,0.0,0,1.0,0.0,0.2,1,10,blend-paper,0.575000,0.595025
E11,0.2,0.0,0,1.0,0.0,0.2,1,10,saf-adaptive,0.586250,0.639801
E11,0.2,0.0,0,1.0,0.0,0.2,1,11,random,0.555500,0.480597
E11,0.2,0.0,0,1.0,0.0,0.2,1,11,round-robin,0.566500,0.524378
E11,0.2,0.0,0,1.0,0.0,0.2,1,11,oracle,0.686000,1.000000
E11,0.2,0.0,0,1.0,0.0,0.2,1,11,snr-greedy,0.555000,0.478607
E11,0.2,0.0,0,1.0,0.0,0.2,1,11,snr-greedy-loss,0.548500,0.452736
E11,0.2,0.0,0,1.0,0.0,0.2,1,11,snr-mean,0.519000,0.335323
E11,0.2,0.0,0,1.0,0.0,0.2,1,11,belief,0.549000,0.454726
E11,0.2,0.0,0,1.0,0.0,0.2,1,11,belief-pred,0.549000,0.454726
E11,0.2,0.0,0,1.0,0.0,0.2,1,11,ewma,0.584250,0.595025
E11,0.2,0.0,0,1.0,0.0,0.2,1,11,blend-paper,0.570250,0.539303
E11,0.2,0.0,0,1.0,0.0,0.2,1,11,saf-adaptive,0.590250,0.618905
E11,0.2,0.0,0,1.0,0.0,0.2,1,12,random,0.568750,0.485684
E11,0.2,0.0,0,1.0,0.0,0.2,1,12,round-robin,0.571750,0.498409
E11,0.2,0.0,0,1.0,0.0,0.2,1,12,oracle,0.690000,1.000000
E11,0.2,0.0,0,1.0,0.0,0.2,1,12,snr-greedy,0.555500,0.429480
E11,0.2,0.0,0,1.0,0.0,0.2,1,12,snr-greedy-loss,0.557000,0.435843
E11,0.2,0.0,0,1.0,0.0,0.2,1,12,snr-mean,0.517500,0.268293
E11,0.2,0.0,0,1.0,0.0,0.2,1,12,belief,0.549500,0.404030
E11,0.2,0.0,0,1.0,0.0,0.2,1,12,belief-pred,0.549500,0.404030
E11,0.2,0.0,0,1.0,0.0,0.2,1,12,ewma,0.593500,0.590668
E11,0.2,0.0,0,1.0,0.0,0.2,1,12,blend-paper,0.590500,0.577943
E11,0.2,0.0,0,1.0,0.0,0.2,1,12,saf-adaptive,0.601000,0.622481
E11,0.2,0.0,0,1.0,0.0,0.2,1,13,random,0.554750,0.471602
E11,0.2,0.0,0,1.0,0.0,0.2,1,13,round-robin,0.563250,0.506085
E11,0.2,0.0,0,1.0,0.0,0.2,1,13,oracle,0.685000,1.000000
E11,0.2,0.0,0,1.0,0.0,0.2,1,13,snr-greedy,0.552250,0.461460
E11,0.2,0.0,0,1.0,0.0,0.2,1,13,snr-greedy-loss,0.555500,0.474645
E11,0.2,0.0,0,1.0,0.0,0.2,1,13,snr-mean,0.516750,0.317444
E11,0.2,0.0,0,1.0,0.0,0.2,1,13,belief,0.547500,0.442191
E11,0.2,0.0,0,1.0,0.0,0.2,1,13,belief-pred,0.547500,0.442191
E11,0.2,0.0,0,1.0,0.0,0.2,1,13,ewma,0.568250,0.526369
E11,0.2,0.0,0,1.0,0.0,0.2,1,13,blend-paper,0.572250,0.542596
E11,0.2,0.0,0,1.0,0.0,0.2,1,13,saf-adaptive,0.576750,0.560852
E11,0.2,0.0,0,1.0,0.0,0.2,1,14,random,0.559500,0.485798
E11,0.2,0.0,0,1.0,0.0,0.2,1,14,round-robin,0.564500,0.505387
E11,0.2,0.0,0,1.0,0.0,0.2,1,14,oracle,0.690750,1.000000
E11,0.2,0.0,0,1.0,0.0,0.2,1,14,snr-greedy,0.554000,0.464251
E11,0.2,0.0,0,1.0,0.0,0.2,1,14,snr-greedy-loss,0.550500,0.450539
E11,0.2,0.0,0,1.0,0.0,0.2,1,14,snr-mean,0.523250,0.343781
E11,0.2,0.0,0,1.0,0.0,0.2,1,14,belief,0.549250,0.445642
E11,0.2,0.0,0,1.0,0.0,0.2,1,14,belief-pred,0.549250,0.445642
E11,0.2,0.0,0,1.0,0.0,0.2,1,14,ewma,0.593000,0.617042
E11,0.2,0.0,0,1.0,0.0,0.2,1,14,blend-paper,0.586500,0.591577
E11,0.2,0.0,0,1.0,0.0,0.2,1,14,saf-adaptive,0.600250,0.645446
E11,0.2,0.0,0,1.0,0.0,0.2,1,15,random,0.566000,0.520534
E11,0.2,0.0,0,1.0,0.0,0.2,1,15,round-robin,0.563500,0.510267
E11,0.2,0.0,0,1.0,0.0,0.2,1,15,oracle,0.682750,1.000000
E11,0.2,0.0,0,1.0,0.0,0.2,1,15,snr-greedy,0.551250,0.459959
E11,0.2,0.0,0,1.0,0.0,0.2,1,15,snr-greedy-loss,0.552750,0.466119
E11,0.2,0.0,0,1.0,0.0,0.2,1,15,snr-mean,0.513500,0.304928
E11,0.2,0.0,0,1.0,0.0,0.2,1,15,belief,0.544250,0.431211
E11,0.2,0.0,0,1.0,0.0,0.2,1,15,belief-pred,0.544250,0.431211
E11,0.2,0.0,0,1.0,0.0,0.2,1,15,ewma,0.584000,0.594456
E11,0.2,0.0,0,1.0,0.0,0.2,1,15,blend-paper,0.553500,0.469199
E11,0.2,0.0,0,1.0,0.0,0.2,1,15,saf-adaptive,0.589000,0.614990
E11,0.2,0.0,0,1.0,0.0,0.2,1,16,random,0.554750,0.506468
E11,0.2,0.0,0,1.0,0.0,0.2,1,16,round-robin,0.556750,0.514428
E11,0.2,0.0,0,1.0,0.0,0.2,1,16,oracle,0.678750,1.000000
E11,0.2,0.0,0,1.0,0.0,0.2,1,16,snr-greedy,0.546000,0.471642
E11,0.2,0.0,0,1.0,0.0,0.2,1,16,snr-greedy-loss,0.548000,0.479602
E11,0.2,0.0,0,1.0,0.0,0.2,1,16,snr-mean,0.515250,0.349254
E11,0.2,0.0,0,1.0,0.0,0.2,1,16,belief,0.540750,0.450746
E11,0.2,0.0,0,1.0,0.0,0.2,1,16,belief-pred,0.540750,0.450746
E11,0.2,0.0,0,1.0,0.0,0.2,1,16,ewma,0.576750,0.594030
E11,0.2,0.0,0,1.0,0.0,0.2,1,16,blend-paper,0.566500,0.553234
E11,0.2,0.0,0,1.0,0.0,0.2,1,16,saf-adaptive,0.573250,0.580100
E11,0.2,0.0,0,1.0,0.0,0.2,1,17,random,0.564500,0.489776
E11,0.2,0.0,0,1.0,0.0,0.2,1,17,round-robin,0.563750,0.486855
E11,0.2,0.0,0,1.0,0.0,0.2,1,17,oracle,0.695500,1.000000
E11,0.2,0.0,0,1.0,0.0,0.2,1,17,snr-greedy,0.563750,0.486855
E11,0.2,0.0,0,1.0,0.0,0.2,1,17,snr-greedy-loss,0.559000,0.468354
E11,0.2,0.0,0,1.0,0.0,0.2,1,17,snr-mean,0.519000,0.312561
E11,0.2,0.0,0,1.0,0.0,0.2,1,17,belief,0.551500,0.439143
E11,0.2,0.0,0,1.0,0.0,0.2,1,17,belief-pred,0.551500,0.439143
E11,0.2,0.0,0,1.0,0.0,0.2,1,17,ewma,0.590250,0.590068
E11,0.2,0.0,0,1.0,0.0,0.2,1,17,blend-paper,0.587750,0.580331
E11,0.2,0.0,0,1.0,0.0,0.2,1,17,saf-adaptive,0.594000,0.604674
E11,0.2,0.0,0,1.0,0.0,0.2,1,18,random,0.571250,0.549383
E11,0.2,0.0,0,1.0,0.0,0.2,1,18,round-robin,0.556750,0.489712
E11,0.2,0.0,0,1.0,0.0,0.2,1,18,oracle,0.680750,1.000000
E11,0.2,0.0,0,1.0,0.0,0.2,1,18,snr-greedy,0.551000,0.466049
E11,0.2,0.0,0,1.0,0.0,0.2,1,18,snr-greedy-loss,0.550000,0.461934
E11,0.2,0.0,0,1.0,0.0,0.2,1,18,snr-mean,0.515000,0.317901
E11,0.2,0.0,0,1.0,0.0,0.2,1,18,belief,0.546500,0.447531
E11,0.2,0.0,0,1.0,0.0,0.2,1,18,belief-pred,0.546500,0.447531
E11,0.2,0.0,0,1.0,0.0,0.2,1,18,ewma,0.578000,0.577160
E11,0.2,0.0,0,1.0,0.0,0.2,1,18,blend-paper,0.575750,0.567901
E11,0.2,0.0,0,1.0,0.0,0.2,1,18,saf-adaptive,0.581750,0.592593
E11,0.2,0.0,0,1.0,0.0,0.2,1,19,random,0.554750,0.470709
E11,0.2,0.0,0,1.0,0.0,0.2,1,19,round-robin,0.561000,0.496403
E11,0.2,0.0,0,1.0,0.0,0.2,1,19,oracle,0.683500,1.000000
E11,0.2,0.0,0,1.0,0.0,0.2,1,19,snr-greedy,0.547000,0.438849
E11,0.2,0.0,0,1.0,0.0,0.2,1,19,snr-greedy-loss,0.548750,0.446043
E11,0.2,0.0,0,1.0,0.0,0.2,1,19,snr-mean,0.507000,0.274409
E11,0.2,0.0,0,1.0,0.0,0.2,1,19,belief,0.544500,0.428571
E11,0.2,0.0,0,1.0,0.0,0.2,1,19,belief-pred,0.544500,0.428571
E11,0.2,0.0,0,1.0,0.0,0.2,1,19,ewma,0.593250,0.628983
E11,0.2,0.0,0,1.0,0.0,0.2,1,19,blend-paper,0.581000,0.578623
E11,0.2,0.0,0,1.0,0.0,0.2,1,19,saf-adaptive,0.595000,0.636177
E11,0.2,0.0,0,1.0,0.0,0.2,1,20,random,0.573000,0.540868
E11,0.2,0.0,0,1.0,0.0,0.2,1,20,round-robin,0.565000,0.508577
E11,0.2,0.0,0,1.0,0.0,0.2,1,20,oracle,0.686750,1.000000
E11,0.2,0.0,0,1.0,0.0,0.2,1,20,snr-greedy,0.560250,0.489405
E11,0.2,0.0,0,1.0,0.0,0.2,1,20,snr-greedy-loss,0.555750,0.471241
E11,0.2,0.0,0,1.0,0.0,0.2,1,20,snr-mean,0.522500,0.337033
E11,0.2,0.0,0,1.0,0.0,0.2,1,20,belief,0.553750,0.463169
E11,0.2,0.0,0,1.0,0.0,0.2,1,20,belief-pred,0.553750,0.463169
E11,0.2,0.0,0,1.0,0.0,0.2,1,20,ewma,0.578750,0.564077
E11,0.2,0.0,0,1.0,0.0,0.2,1,20,blend-paper,0.583500,0.583249
E11,0.2,0.0,0,1.0,0.0,0.2,1,20,saf-adaptive,0.581500,0.575177
E11,0.2,0.0,0,1.0,0.0,0.2,1,21,random,0.563750,0.495375
E11,0.2,0.0,0,1.0,0.0,0.2,1,21,round-robin,0.566000,0.504625
E11,0.2,0.0,0,1.0,0.0,0.2,1,21,oracle,0.686500,1.000000
E11,0.2,0.0,0,1.0,0.0,0.2,1,21,snr-greedy,0.562250,0.489209
E11,0.2,0.0,0,1.0,0.0,0.2,1,21,snr-greedy-loss,0.557750,0.470709
E11,0.2,0.0,0,1.0,0.0,0.2,1,21,snr-mean,0.537750,0.388489
E11,0.2,0.0,0,1.0,0.0,0.2,1,21,belief,0.554500,0.457348
E11,0.2,0.0,0,1.0,0.0,0.2,1,21,belief-pred,0.554500,0.457348
E11,0.2,0.0,0,1.0,0.0,0.2,1,21,ewma,0.592250,0.612539
E11,0.2,0.0,0,1.0,0.0,0.2,1,21,blend-paper,0.587750,0.594039
E11,0.2,0.0,0,1.0,0.0,0.2,1,21,saf-adaptive,0.592000,0.611511
E11,0.2,0.0,0,1.0,0.0,0.2,1,22,random,0.562750,0.485189
E11,0.2,0.0,0,1.0,0.0,0.2,1,22,round-robin,0.567000,0.502554
E11,0.2,0.0,0,1.0,0.0,0.2,1,22,oracle,0.688750,1.000000
E11,0.2,0.0,0,1.0,0.0,0.2,1,22,snr-greedy,0.553500,0.447395
E11,0.2,0.0,0,1.0,0.0,0.2,1,22,snr-greedy-loss,0.551000,0.437181
E11,0.2,0.0,0,1.0,0.0,0.2,1,22,snr-mean,0.533250,0.364658
E11,0.2,0.0,0,1.0,0.0,0.2,1,22,belief,0.553750,0.448417
E11,0.2,0.0,0,1.0,0.0,0.2,1,22,belief-pred,0.553750,0.448417
E11,0.2,0.0,0,1.0,0.0,0.2,1,22,ewma,0.585750,0.579162
E11,0.2,0.0,0,1.0,0.0,0.2,1,22,blend-paper,0.578000,0.547497
E11,0.2,0.0,0,1.0,0.0,0.2,1,22,saf-adaptive,0.580500,0.557712
E11,0.2,0.0,0,1.0,0.0,0.2,1,23,random,0.572000,0.526971
E11,0.2,0.0,0,1.0,0.0,0.2,1,23,round-robin,0.569000,0.514523
E11,0.2,0.0,0,1.0,0.0,0.2,1,23,oracle,0.686000,1.000000
E11,0.2,0.0,0,1.0,0.0,0.2,1,23,snr-greedy,0.554250,0.453320
E11,0.2,0.0,0,1.0,0.0,0.2,1,23,snr-greedy-loss,0.552500,0.446058
E11,0.2,0.0,0,1.0,0.0,0.2,1,23,snr-mean,0.515000,0.290456
E11,0.2,0.0,0,1.0,0.0,0.2,1,23,belief,0.547000,0.423237
E11,0.2,0.0,0,1.0,0.0,0.2,1,23,belief-pred,0.547000,0.423237
E11,0.2,0.0,0,1.0,0.0,0.2,1,23,ewma,0.597000,0.630705
E11,0.2,0.0,0,1.0,0.0,0.2,1,23,blend-paper,0.589000,0.597510
E11,0.2,0.0,0,1.0,0.0,0.2,1,23,saf-adaptive,0.599000,0.639004
E11,0.2,0.0,0,1.0,0.0,0.2,1,24,random,0.557000,0.471579
E11,0.2,0.0,0,1.0,0.0,0.2,1,24,round-robin,0.561500,0.490526
E11,0.2,0.0,0,1.0,0.0,0.2,1,24,oracle,0.682500,1.000000
E11,0.2,0.0,0,1.0,0.0,0.2,1,24,snr-greedy,0.557250,0.472632
E11,0.2,0.0,0,1.0,0.0,0.2,1,24,snr-greedy-loss,0.557750,0.474737
E11,0.2,0.0,0,1.0,0.0,0.2,1,24,snr-mean,0.536250,0.384211
E11,0.2,0.0,0,1.0,0.0,0.2,1,24,belief,0.555750,0.466316
E11,0.2,0.0,0,1.0,0.0,0.2,1,24,belief-pred,0.555750,0.466316
E11,0.2,0.0,0,1.0,0.0,0.2,1,24,ewma,0.574750,0.546316
E11,0.2,0.0,0,1.0,0.0,0.2,1,24,blend-paper,0.569250,0.523158
E11,0.2,0.0,0,1.0,0.0,0.2,1,24,saf-adaptive,0.575500,0.549474
E11,0.2,0.0,0,1.0,0.0,0.2,1,25,random,0.569500,0.499470
E11,0.2,0.0,0,1.0,0.0,0.2,1,25,round-robin,0.569000,0.497349
E11,0.2,0.0,0,1.0,0.0,0.2,1,25,oracle,0.687500,1.000000
E11,0.2,0.0,0,1.0,0.0,0.2,1,25,snr-greedy,0.565000,0.480382
E11,0.2,0.0,0,1.0,0.0,0.2,1,25,snr-greedy-loss,0.560750,0.462354
E11,0.2,0.0,0,1.0,0.0,0.2,1,25,snr-mean,0.526750,0.318134
E11,0.2,0.0,0,1.0,0.0,0.2,1,25,belief,0.557750,0.449629
E11,0.2,0.0,0,1.0,0.0,0.2,1,25,belief-pred,0.557750,0.449629
E11,0.2,0.0,0,1.0,0.0,0.2,1,25,ewma,0.592500,0.597031
E11,0.2,0.0,0,1.0,0.0,0.2,1,25,blend-paper,0.584250,0.562036
E11,0.2,0.0,0,1.0,0.0,0.2,1,25,saf-adaptive,0.591500,0.592789
E11,0.2,0.0,0,1.0,0.0,0.2,1,26,random,0.558500,0.483837
E11,0.2,0.0,0,1.0,0.0,0.2,1,26,round-robin,0.560500,0.492179
E11,0.2,0.0,0,1.0,0.0,0.2,1,26,oracle,0.682250,1.000000
E11,0.2,0.0,0,1.0,0.0,0.2,1,26,snr-greedy,0.558250,0.482795
E11,0.2,0.0,0,1.0,0.0,0.2,1,26,snr-greedy-loss,0.557250,0.478624
E11,0.2,0.0,0,1.0,0.0,0.2,1,26,snr-mean,0.529500,0.362878
E11,0.2,0.0,0,1.0,0.0,0.2,1,26,belief,0.545500,0.429614
E11,0.2,0.0,0,1.0,0.0,0.2,1,26,belief-pred,0.545500,0.429614
E11,0.2,0.0,0,1.0,0.0,0.2,1,26,ewma,0.575000,0.552659
E11,0.2,0.0,0,1.0,0.0,0.2,1,26,blend-paper,0.570000,0.531804
E11,0.2,0.0,0,1.0,0.0,0.2,1,26,saf-adaptive,0.570250,0.532847
E11,0.2,0.0,0,1.0,0.0,0.2,1,27,random,0.568000,0.519751
E11,0.2,0.0,0,1.0,0.0,0.2,1,27,round-robin,0.561500,0.492723
E11,0.2,0.0,0,1.0,0.0,0.2,1,27,oracle,0.683500,1.000000
E11,0.2,0.0,0,1.0,0.0,0.2,1,27,snr-greedy,0.559750,0.485447
E11,0.2,0.0,0,1.0,0.0,0.2,1,27,snr-greedy-loss,0.563750,0.502079
E11,0.2,0.0,0,1.0,0.0,0.2,1,27,snr-mean,0.526250,0.346154
E11,0.2,0.0,0,1.0,0.0,0.2,1,27,belief,0.556250,0.470894
E11,0.2,0.0,0,1.0,0.0,0.2,1,27,belief-pred,0.556250,0.470894
E11,0.2,0.0,0,1.0,0.0,0.2,1,27,ewma,0.589000,0.607069
E11,0.2,0.0,0,1.0,0.0,0.2,1,27,blend-paper,0.576000,0.553015
E11,0.2,0.0,0,1.0,0.0,0.2,1,27,saf-adaptive,0.586000,0.594595
E11,0.2,0.0,0,1.0,0.0,0.2,1,28,random,0.574250,0.527575
E11,0.2,0.0,0,1.0,0.0,0.2,1,28,round-robin,0.564750,0.488033
E11,0.2,0.0,0,1.0,0.0,0.2,1,28,oracle,0.687750,1.000000
E11,0.2,0.0,0,1.0,0.0,0.2,1,28,snr-greedy,0.562500,0.478668
E11,0.2,0.0,0,1.0,0.0,0.2,1,28,snr-greedy-loss,0.567000,0.497399
E11,0.2,0.0,0,1.0,0.0,0.2,1,28,snr-mean,0.528250,0.336108
E11,0.2,0.0,0,1.0,0.0,0.2,1,28,belief,0.561000,0.472425
E11,0.2,0.0,0,1.0,0.0,0.2,1,28,belief-pred,0.561000,0.472425
E11,0.2,0.0,0,1.0,0.0,0.2,1,28,ewma,0.589750,0.592092
E11,0.2,0.0,0,1.0,0.0,0.2,1,28,blend-paper,0.584000,0.568158
E11,0.2,0.0,0,1.0,0.0,0.2,1,28,saf-adaptive,0.574750,0.529657
E11,0.2,0.0,0,1.0,0.0,0.2,1,29,random,0.564000,0.502508
E11,0.2,0.0,0,1.0,0.0,0.2,1,29,round-robin,0.560250,0.487462
E11,0.2,0.0,0,1.0,0.0,0.2,1,29,oracle,0.688000,1.000000
E11,0.2,0.0,0,1.0,0.0,0.2,1,29,snr-greedy,0.555000,0.466399
E11,0.2,0.0,0,1.0,0.0,0.2,1,29,snr-greedy-loss,0.550750,0.449348
E11,0.2,0.0,0,1.0,0.0,0.2,1,29,snr-mean,0.522000,0.334002
E11,0.2,0.0,0,1.0,0.0,0.2,1,29,belief,0.546250,0.431294
E11,0.2,0.0,0,1.0,0.0,0.2,1,29,belief-pred,0.546250,0.431294
E11,0.2,0.0,0,1.0,0.0,0.2,1,29,ewma,0.578500,0.560682
E11,0.2,0.0,0,1.0,0.0,0.2,1,29,blend-paper,0.582000,0.574724
E11,0.2,0.0,0,1.0,0.0,0.2,1,29,saf-adaptive,0.578750,0.561685
E11,0.2,0.0,0,1.0,0.0,0.2,1,30,random,0.562750,0.509823
E11,0.2,0.0,0,1.0,0.0,0.2,1,30,round-robin,0.556750,0.486248
E11,0.2,0.0,0,1.0,0.0,0.2,1,30,oracle,0.687500,1.000000
E11,0.2,0.0,0,1.0,0.0,0.2,1,30,snr-greedy,0.556750,0.486248
E11,0.2,0.0,0,1.0,0.0,0.2,1,30,snr-greedy-loss,0.554000,0.475442
E11,0.2,0.0,0,1.0,0.0,0.2,1,30,snr-mean,0.514000,0.318271
E11,0.2,0.0,0,1.0,0.0,0.2,1,30,belief,0.551750,0.466601
E11,0.2,0.0,0,1.0,0.0,0.2,1,30,belief-pred,0.551750,0.466601
E11,0.2,0.0,0,1.0,0.0,0.2,1,30,ewma,0.579500,0.575639
E11,0.2,0.0,0,1.0,0.0,0.2,1,30,blend-paper,0.579750,0.576621
E11,0.2,0.0,0,1.0,0.0,0.2,1,30,saf-adaptive,0.568250,0.531434
E11,0.2,0.0,0,1.0,0.0,0.2,1,31,random,0.568000,0.497585
E11,0.2,0.0,0,1.0,0.0,0.2,1,31,round-robin,0.567750,0.496618
E11,0.2,0.0,0,1.0,0.0,0.2,1,31,oracle,0.698000,1.000000
E11,0.2,0.0,0,1.0,0.0,0.2,1,31,snr-greedy,0.567500,0.495652
E11,0.2,0.0,0,1.0,0.0,0.2,1,31,snr-greedy-loss,0.561250,0.471498
E11,0.2,0.0,0,1.0,0.0,0.2,1,31,snr-mean,0.535250,0.371014
E11,0.2,0.0,0,1.0,0.0,0.2,1,31,belief,0.563250,0.479227
E11,0.2,0.0,0,1.0,0.0,0.2,1,31,belief-pred,0.563250,0.479227
E11,0.2,0.0,0,1.0,0.0,0.2,1,31,ewma,0.594500,0.600000
E11,0.2,0.0,0,1.0,0.0,0.2,1,31,blend-paper,0.586500,0.569082
E11,0.2,0.0,0,1.0,0.0,0.2,1,31,saf-adaptive,0.599250,0.618357
E11,0.2,0.0,0,1.0,0.0,0.2,1,32,random,0.560000,0.504329
E11,0.2,0.0,0,1.0,0.0,0.2,1,32,round-robin,0.557000,0.491342
E11,0.2,0.0,0,1.0,0.0,0.2,1,32,oracle,0.674500,1.000000
E11,0.2,0.0,0,1.0,0.0,0.2,1,32,snr-greedy,0.552250,0.470779
E11,0.2,0.0,0,1.0,0.0,0.2,1,32,snr-greedy-loss,0.551500,0.467532
E11,0.2,0.0,0,1.0,0.0,0.2,1,32,snr-mean,0.526500,0.359307
E11,0.2,0.0,0,1.0,0.0,0.2,1,32,belief,0.548250,0.453463
E11,0.2,0.0,0,1.0,0.0,0.2,1,32,belief-pred,0.548250,0.453463
E11,0.2,0.0,0,1.0,0.0,0.2,1,32,ewma,0.569500,0.545455
E11,0.2,0.0,0,1.0,0.0,0.2,1,32,blend-paper,0.559000,0.500000
E11,0.2,0.0,0,1.0,0.0,0.2,1,32,saf-adaptive,0.561000,0.508658
E11,0.2,0.0,0,1.0,0.0,0.2,1,33,random,0.557000,0.501529
E11,0.2,0.0,0,1.0,0.0,0.2,1,33,round-robin,0.561750,0.520897
E11,0.2,0.0,0,1.0,0.0,0.2,1,33,oracle,0.679250,1.000000
E11,0.2,0.0,0,1.0,0.0,0.2,1,33,snr-greedy,0.551250,0.478084
E11,0.2,0.0,0,1.0,0.0,0.2,1,33,snr-greedy-loss,0.546500,0.458716
E11,0.2,0.0,0,1.0,0.0,0.2,1,33,snr-mean,0.521250,0.355759
E11,0.2,0.0,0,1.0,0.0,0.2,1,33,belief,0.539250,0.429154
E11,0.2,0.0,0,1.0,0.0,0.2,1,33,belief-pred,0.539250,0.429154
E11,0.2,0.0,0,1.0,0.0,0.2,1,33,ewma,0.574000,0.570846
E11,0.2,0.0,0,1.0,0.0,0.2,1,33,blend-paper,0.575000,0.574924
E11,0.2,0.0,0,1.0,0.0,0.2,1,33,saf-adaptive,0.573250,0.567788
E11,0.2,0.0,0,1.0,0.0,0.2,1,34,random,0.559500,0.497930
E11,0.2,0.0,0,1.0,0.0,0.2,1,34,round-robin,0.563250,0.513458
E11,0.2,0.0,0,1.0,0.0,0.2,1,34,oracle,0.680750,1.000000
E11,0.2,0.0,0,1.0,0.0,0.2,1,34,snr-greedy,0.549000,0.454451
E11,0.2,0.0,0,1.0,0.0,0.2,1,34,snr-greedy-loss,0.549250,0.455487
E11,0.2,0.0,0,1.0,0.0,0.2,1,34,snr-mean,0.533250,0.389234
E11,0.2,0.0,0,1.0,0.0,0.2,1,34,belief,0.544500,0.435818
E11,0.2,0.0,0,1.0,0.0,0.2,1,34,belief-pred,0.544500,0.435818
E11,0.2,0.0,0,1.0,0.0,0.2,1,34,ewma,0.581250,0.587992
E11,0.2,0.0,0,1.0,0.0,0.2,1,34,blend-paper,0.581250,0.587992
E11,0.2,0.0,0,1.0,0.0,0.2,1,34,saf-adaptive,0.588500,0.618012
E11,0.2,0.0,0,1.0,0.0,0.2,1,35,random,0.558750,0.485232
E11,0.2,0.0,0,1.0,0.0,0.2,1,35,round-robin,0.567250,0.521097
E11,0.2,0.0,0,1.0,0.0,0.2,1,35,oracle,0.680750,1.000000
E11,0.2,0.0,0,1.0,0.0,0.2,1,35,snr-greedy,0.558250,0.483122
E11,0.2,0.0,0,1.0,0.0,0.2,1,35,snr-greedy-loss,0.556500,0.475738
E11,0.2,0.0,0,1.0,0.0,0.2,1,35,snr-mean,0.531500,0.370253
E11,0.2,0.0,0,1.0,0.0,0.2,1,35,belief,0.554500,0.467300
E11,0.2,0.0,0,1.0,0.0,0.2,1,35,belief-pred,0.554500,0.467300
E11,0.2,0.0,0,1.0,0.0,0.2,1,35,ewma,0.567000,0.520042
E11,0.2,0.0,0,1.0,0.0,0.2,1,35,blend-paper,0.573500,0.547468
E11,0.2,0.0,0,1.0,0.0,0.2,1,35,saf-adaptive,0.569750,0.531646
E11,0.2,0.0,0,1.0,0.0,0.2,1,36,random,0.572000,0.486966
E11,0.2,0.0,0,1.0,0.0,0.2,1,36,round-robin,0.572750,0.490094
E11,0.2,0.0,0,1.0,0.0,0.2,1,36,oracle,0.695000,1.000000
E11,0.2,0.0,0,1.0,0.0,0.2,1,36,snr-greedy,0.567250,0.467153
E11,0.2,0.0,0,1.0,0.0,0.2,1,36,snr-greedy-loss,0.562250,0.446298
E11,0.2,0.0,0,1.0,0.0,0.2,1,36,snr-mean,0.543750,0.369135
E11,0.2,0.0,0,1.0,0.0,0.2,1,36,belief,0.558250,0.429614
E11,0.2,0.0,0,1.0,0.0,0.2,1,36,belief-pred,0.558250,0.429614
E11,0.2,0.0,0,1.0,0.0,0.2,1,36,ewma,0.594250,0.579771
E11,0.2,0.0,0,1.0,0.0,0.2,1,36,blend-paper,0.596250,0.588113
E11,0.2,0.0,0,1.0,0.0,0.2,1,36,saf-adaptive,0.591250,0.567258
E11,0.2,0.0,0,1.0,0.0,0.2,1,37,random,0.570750,0.485684
E11,0.2,0.0,0,1.0,0.0,0.2,1,37,round-robin,0.578000,0.516437
E11,0.2,0.0,0,1.0,0.0,0.2,1,37,oracle,0.692000,1.000000
E11,0.2,0.0,0,1.0,0.0,0.2,1,37,snr-greedy,0.565500,0.463415
E11,0.2,0.0,0,1.0,0.0,0.2,1,37,snr-greedy-loss,0.566250,0.466596
E11,0.2,0.0,0,1.0,0.0,0.2,1,37,snr-mean,0.525250,0.292683
E11,0.2,0.0,0,1.0,0.0,0.2,1,37,belief,0.563750,0.455992
E11,0.2,0.0,0,1.0,0.0,0.2,1,37,belief-pred,0.563750,0.455992
E11,0.2,0.0,0,1.0,0.0,0.2,1,37,ewma,0.604000,0.626723
E11,0.2,0.0,0,1.0,0.0,0.2,1,37,blend-paper,0.595250,0.589608
E11,0.2,0.0,0,1.0,0.0,0.2,1,37,saf-adaptive,0.597000,0.597031
E11,0.2,0.0,0,1.0,0.0,0.2,1,38,random,0.565750,0.502473
E11,0.2,0.0,0,1.0,0.0,0.2,1,38,round-robin,0.562500,0.489614
E11,0.2,0.0,0,1.0,0.0,0.2,1,38,oracle,0.691500,1.000000
E11,0.2,0.0,0,1.0,0.0,0.2,1,38,snr-greedy,0.554250,0.456973
E11,0.2,0.0,0,1.0,0.0,0.2,1,38,snr-greedy-loss,0.549500,0.438180
E11,0.2,0.0,0,1.0,0.0,0.2,1,38,snr-mean,0.524750,0.340257
E11,0.2,0.0,0,1.0,0.0,0.2,1,38,belief,0.548750,0.435213
E11,0.2,0.0,0,1.0,0.0,0.2,1,38,belief-pred,0.548750,0.435213
E11,0.2,0.0,0,1.0,0.0,0.2,1,38,ewma,0.604250,0.654797
E11,0.2,0.0,0,1.0,0.0,0.2,1,38,blend-paper,0.597000,0.626113
E11,0.2,0.0,0,1.0,0.0,0.2,1,38,saf-adaptive,0.590500,0.600396
E11,0.2,0.0,0,1.0,0.0,0.2,1,39,random,0.555500,0.497507
E11,0.2,0.0,0,1.0,0.0,0.2,1,39,round-robin,0.552500,0.485543
E11,0.2,0.0,0,1.0,0.0,0.2,1,39,oracle,0.681500,1.000000
E11,0.2,0.0,0,1.0,0.0,0.2,1,39,snr-greedy,0.554000,0.491525
E11,0.2,0.0,0,1.0,0.0,0.2,1,39,snr-greedy-loss,0.547750,0.466600
E11,0.2,0.0,0,1.0,0.0,0.2,1,39,snr-mean,0.520000,0.355932
E11,0.2,0.0,0,1.0,0.0,0.2,1,39,belief,0.544250,0.452642
E11,0.2,0.0,0,1.0,0.0,0.2,1,39,belief-pred,0.544250,0.452642
E11,0.2,0.0,0,1.0,0.0,0.2,1,39,ewma,0.577000,0.583250
E11,0.2,0.0,0,1.0,0.0,0.2,1,39,blend-paper,0.572750,0.566301
E11,0.2,0.0,0,1.0,0.0,0.2,1,39,saf-adaptive,0.568000,0.547358
E11,0.2,0.0,0,1.0,0.0,0.2,1,40,random,0.551750,0.481294
E11,0.2,0.0,0,1.0,0.0,0.2,1,40,round-robin,0.559500,0.512639
E11,0.2,0.0,0,1.0,0.0,0.2,1,40,oracle,0.680000,1.000000
E11,0.2,0.0,0,1.0,0.0,0.2,1,40,snr-greedy,0.552750,0.485339
E11,0.2,0.0,0,1.0,0.0,0.2,1,40,snr-greedy-loss,0.550500,0.476239
E11,0.2,0.0,0,1.0,0.0,0.2,1,40,snr-mean,0.508000,0.304348
E11,0.2,0.0,0,1.0,0.0,0.2,1,40,belief,0.547500,0.464105
E11,0.2,0.0,0,1.0,0.0,0.2,1,40,belief-pred,0.547500,0.464105
E11,0.2,0.0,0,1.0,0.0,0.2,1,40,ewma,0.586000,0.619818
E11,0.2,0.0,0,1.0,0.0,0.2,1,40,blend-paper,0.579750,0.594540
E11,0.2,0.0,0,1.0,0.0,0.2,1,40,saf-adaptive,0.591250,0.641052
E11,0.2,0.0,0,1.0,0.0,0.2,1,41,random,0.566500,0.517912
E11,0.2,0.0,0,1.0,0.0,0.2,1,41,round-robin,0.563250,0.504606
E11,0.2,0.0,0,1.0,0.0,0.2,1,41,oracle,0.684250,1.000000
E11,0.2,0.0,0,1.0,0.0,0.2,1,41,snr-greedy,0.561000,0.495394
E11,0.2,0.0,0,1.0,0.0,0.2,1,41,snr-greedy-loss,0.559500,0.489253
E11,0.2,0.0,0,1.0,0.0,0.2,1,41,snr-mean,0.531750,0.375640
E11,0.2,0.0,0,1.0,0.0,0.2,1,41,belief,0.552500,0.460594
E11,0.2,0.0,0,1.0,0.0,0.2,1,41,belief-pred,0.552500,0.460594
E11,0.2,0.0,0,1.0,0.0,0.2,1,41,ewma,0.593250,0.627431
E11,0.2,0.0,0,1.0,0.0,0.2,1,41,blend-paper,0.586250,0.598772
E11,0.2,0.0,0,1.0,0.0,0.2,1,41,saf-adaptive,0.588250,0.606960
E11,0.2,0.0,0,1.0,0.0,0.2,1,42,random,0.559750,0.507433
E11,0.2,0.0,0,1.0,0.0,0.2,1,42,round-robin,0.557750,0.499504
E11,0.2,0.0,0,1.0,0.0,0.2,1,42,oracle,0.684000,1.000000
E11,0.2,0.0,0,1.0,0.0,0.2,1,42,snr-greedy,0.555250,0.489594
E11,0.2,0.0,0,1.0,0.0,0.2,1,42,snr-greedy-loss,0.552750,0.479683
E11,0.2,0.0,0,1.0,0.0,0.2,1,42,snr-mean,0.547750,0.459861
E11,0.2,0.0,0,1.0,0.0,0.2,1,42,belief,0.546500,0.454906
E11,0.2,0.0,0,1.0,0.0,0.2,1,42,belief-pred,0.546500,0.454906
E11,0.2,0.0,0,1.0,0.0,0.2,1,42,ewma,0.586250,0.612488
E11,0.2,0.0,0,1.0,0.0,0.2,1,42,blend-paper,0.580000,0.587711
E11,0.2,0.0,0,1.0,0.0,0.2,1,42,saf-adaptive,0.581250,0.592666
E11,0.2,0.0,0,1.0,0.0,0.2,1,43,random,0.569250,0.503099
E11,0.2,0.0,0,1.0,0.0,0.2,1,43,round-robin,0.567250,0.494835
E11,0.2,0.0,0,1.0,0.0,0.2,1,43,oracle,0.689500,1.000000
E11,0.2,0.0,0,1.0,0.0,0.2,1,43,snr-greedy,0.567500,0.495868
E11,0.2,0.0,0,1.0,0.0,0.2,1,43,snr-greedy-loss,0.563000,0.477273
E11,0.2,0.0,0,1.0,0.0,0.2,1,43,snr-mean,0.537500,0.371901
E11,0.2,0.0,0,1.0,0.0,0.2,1,43,belief,0.559000,0.460744
E11,0.2,0.0,0,1.0,0.0,0.2,1,43,belief-pred,0.559000,0.460744
E11,0.2,0.0,0,1.0,0.0,0.2,1,43,ewma,0.599500,0.628099
E11,0.2,0.0,0,1.0,0.0,0.2,1,43,blend-paper,0.587000,0.576446
E11,0.2,0.0,0,1.0,0.0,0.2,1,43,saf-adaptive,0.595500,0.611570
E11,0.2,0.0,0,1.0,0.0,0.2,1,44,random,0.577750,0.517659
E11,0.2,0.0,0,1.0,0.0,0.2,1,44,round-robin,0.573000,0.498486
E11,0.2,0.0,0,1.0,0.0,0.2,1,44,oracle,0.697250,1.000000
E11,0.2,0.0,0,1.0,0.0,0.2,1,44,snr-greedy,0.565750,0.469223
E11,0.2,0.0,0,1.0,0.0,0.2,1,44,snr-greedy-loss,0.563000,0.458123
E11,0.2,0.0,0,1.0,0.0,0.2,1,44,snr-mean,0.537500,0.355197
E11,0.2,0.0,0,1.0,0.0,0.2,1,44,belief,0.558750,0.440969
E11,0.2,0.0,0,1.0,0.0,0.2,1,44,belief-pred,0.558750,0.440969
E11,0.2,0.0,0,1.0,0.0,0.2,1,44,ewma,0.605500,0.629667
E11,0.2,0.0,0,1.0,0.0,0.2,1,44,blend-paper,0.595500,0.589304
E11,0.2,0.0,0,1.0,0.0,0.2,1,44,saf-adaptive,0.613750,0.662967
E11,0.2,0.0,0,1.0,0.0,0.2,1,45,random,0.560500,0.511558
E11,0.2,0.0,0,1.0,0.0,0.2,1,45,round-robin,0.556250,0.494472
E11,0.2,0.0,0,1.0,0.0,0.2,1,45,oracle,0.682000,1.000000
E11,0.2,0.0,0,1.0,0.0,0.2,1,45,snr-greedy,0.551750,0.476382
E11,0.2,0.0,0,1.0,0.0,0.2,1,45,snr-greedy-loss,0.554750,0.488442
E11,0.2,0.0,0,1.0,0.0,0.2,1,45,snr-mean,0.518250,0.341709
E11,0.2,0.0,0,1.0,0.0,0.2,1,45,belief,0.545250,0.450251
E11,0.2,0.0,0,1.0,0.0,0.2,1,45,belief-pred,0.545250,0.450251
E11,0.2,0.0,0,1.0,0.0,0.2,1,45,ewma,0.588250,0.623116
E11,0.2,0.0,0,1.0,0.0,0.2,1,45,blend-paper,0.564000,0.525628
E11,0.2,0.0,0,1.0,0.0,0.2,1,45,saf-adaptive,0.587500,0.620101
E11,0.2,0.0,0,1.0,0.0,0.2,1,46,random,0.569750,0.501082
E11,0.2,0.0,0,1.0,0.0,0.2,1,46,round-robin,0.571750,0.509740
E11,0.2,0.0,0,1.0,0.0,0.2,1,46,oracle,0.685000,1.000000
E11,0.2,0.0,0,1.0,0.0,0.2,1,46,snr-greedy,0.567000,0.489177
E11,0.2,0.0,0,1.0,0.0,0.2,1,46,snr-greedy-loss,0.564750,0.479437
E11,0.2,0.0,0,1.0,0.0,0.2,1,46,snr-mean,0.544750,0.392857
E11,0.2,0.0,0,1.0,0.0,0.2,1,46,belief,0.559750,0.457792
E11,0.2,0.0,0,1.0,0.0,0.2,1,46,belief-pred,0.559750,0.457792
E11,0.2,0.0,0,1.0,0.0,0.2,1,46,ewma,0.583500,0.560606
E11,0.2,0.0,0,1.0,0.0,0.2,1,46,blend-paper,0.583250,0.559524
E11,0.2,0.0,0,1.0,0.0,0.2,1,46,saf-adaptive,0.581750,0.553030
E11,0.2,0.0,0,1.0,0.0,0.2,1,47,random,0.552750,0.473790
E11,0.2,0.0,0,1.0,0.0,0.2,1,47,round-robin,0.562750,0.514113
E11,0.2,0.0,0,1.0,0.0,0.2,1,47,oracle,0.683250,1.000000
E11,0.2,0.0,0,1.0,0.0,0.2,1,47,snr-greedy,0.550750,0.465726
E11,0.2,0.0,0,1.0,0.0,0.2,1,47,snr-greedy-loss,0.546750,0.449597
E11,0.2,0.0,0,1.0,0.0,0.2,1,47,snr-mean,0.515250,0.322581
E11,0.2,0.0,0,1.0,0.0,0.2,1,47,belief,0.547500,0.452621
E11,0.2,0.0,0,1.0,0.0,0.2,1,47,belief-pred,0.547500,0.452621
E11,0.2,0.0,0,1.0,0.0,0.2,1,47,ewma,0.591500,0.630040
E11,0.2,0.0,0,1.0,0.0,0.2,1,47,blend-paper,0.581250,0.588710
E11,0.2,0.0,0,1.0,0.0,0.2,1,47,saf-adaptive,0.591250,0.629032
E11,0.2,0.0,0,1.0,0.0,0.2,1,48,random,0.558000,0.496489
E11,0.2,0.0,0,1.0,0.0,0.2,1,48,round-robin,0.558250,0.497492
E11,0.2,0.0,0,1.0,0.0,0.2,1,48,oracle,0.683500,1.000000
E11,0.2,0.0,0,1.0,0.0,0.2,1,48,snr-greedy,0.556500,0.490471
E11,0.2,0.0,0,1.0,0.0,0.2,1,48,snr-greedy-loss,0.553000,0.476429
E11,0.2,0.0,0,1.0,0.0,0.2,1,48,snr-mean,0.516250,0.328987
E11,0.2,0.0,0,1.0,0.0,0.2,1,48,belief,0.546750,0.451354
E11,0.2,0.0,0,1.0,0.0,0.2,1,48,belief-pred,0.546750,0.451354
E11,0.2,0.0,0,1.0,0.0,0.2,1,48,ewma,0.578750,0.579739
E11,0.2,0.0,0,1.0,0.0,0.2,1,48,blend-paper,0.572000,0.552658
E11,0.2,0.0,0,1.0,0.0,0.2,1,48,saf-adaptive,0.579000,0.580742
E11,0.2,0.0,0,1.0,0.0,0.2,1,49,random,0.567750,0.495288
E11,0.2,0.0,0,1.0,0.0,0.2,1,49,round-robin,0.570250,0.505759
E11,0.2,0.0,0,1.0,0.0,0.2,1,49,oracle,0.688250,1.000000
E11,0.2,0.0,0,1.0,0.0,0.2,1,49,snr-greedy,0.564000,0.479581
E11,0.2,0.0,0,1.0,0.0,0.2,1,49,snr-greedy-loss,0.553750,0.436649
E11,0.2,0.0,0,1.0,0.0,0.2,1,49,snr-mean,0.539250,0.375916
E11,0.2,0.0,0,1.0,0.0,0.2,1,49,belief,0.554000,0.437696
E11,0.2,0.0,0,1.0,0.0,0.2,1,49,belief-pred,0.554000,0.437696
E11,0.2,0.0,0,1.0,0.0,0.2,1,49,ewma,0.586500,0.573822
E11,0.2,0.0,0,1.0,0.0,0.2,1,49,blend-paper,0.586750,0.574869
E11,0.2,0.0,0,1.0,0.0,0.2,1,49,saf-adaptive,0.596750,0.616754
E11,0.2,0.0,0,1.0,0.0,0.3,1,0,random,0.535250,0.498155
E11,0.2,0.0,0,1.0,0.0,0.3,1,0,round-robin,0.534500,0.495387
E11,0.2,0.0,0,1.0,0.0,0.3,1,0,oracle,0.671250,1.000000
E11,0.2,0.0,0,1.0,0.0,0.3,1,0,snr-greedy,0.522750,0.452030
E11,0.2,0.0,0,1.0,0.0,0.3,1,0,snr-greedy-loss,0.521250,0.446494
E11,0.2,0.0,0,1.0,0.0,0.3,1,0,snr-mean,0.474000,0.272140
E11,0.2,0.0,0,1.0,0.0,0.3,1,0,belief,0.513250,0.416974
E11,0.2,0.0,0,1.0,0.0,0.3,1,0,belief-pred,0.513250,0.416974
E11,0.2,0.0,0,1.0,0.0,0.3,1,0,ewma,0.575250,0.645756
E11,0.2,0.0,0,1.0,0.0,0.3,1,0,blend-paper,0.573000,0.637454
E11,0.2,0.0,0,1.0,0.0,0.3,1,0,saf-adaptive,0.572000,0.633764
E11,0.2,0.0,0,1.0,0.0,0.3,1,1,random,0.539500,0.506149
E11,0.2,0.0,0,1.0,0.0,0.3,1,1,round-robin,0.547500,0.536424
E11,0.2,0.0,0,1.0,0.0,0.3,1,1,oracle,0.670000,1.000000
E11,0.2,0.0,0,1.0,0.0,0.3,1,1,snr-greedy,0.524250,0.448439
E11,0.2,0.0,0,1.0,0.0,0.3,1,1,snr-greedy-loss,0.521250,0.437086
E11,0.2,0.0,0,1.0,0.0,0.3,1,1,snr-mean,0.479250,0.278146
E11,0.2,0.0,0,1.0,0.0,0.3,1,1,belief,0.517750,0.423841
E11,0.2,0.0,0,1.0,0.0,0.3,1,1,belief-pred,0.517750,0.423841
E11,0.2,0.0,0,1.0,0.0,0.3,1,1,ewma,0.548000,0.538316
E11,0.2,0.0,0,1.0,0.0,0.3,1,1,blend-paper,0.569000,0.617786
E11,0.2,0.0,0,1.0,0.0,0.3,1,1,saf-adaptive,0.547250,0.535478
E11,0.2,0.0,0,1.0,0.0,0.3,1,2,random,0.535000,0.483779
E11,0.2,0.0,0,1.0,0.0,0.3,1,2,round-robin,0.540500,0.504771
E11,0.2,0.0,0,1.0,0.0,0.3,1,2,oracle,0.670250,1.000000
E11,0.2,0.0,0,1.0,0.0,0.3,1,2,snr-greedy,0.536250,0.488550
E11,0.2,0.0,0,1.0,0.0,0.3,1,2,snr-greedy-loss,0.530750,0.467557
E11,0.2,0.0,0,1.0,0.0,0.3,1,2,snr-mean,0.477500,0.264313
E11,0.2,0.0,0,1.0,0.0,0.3,1,2,belief,0.525250,0.446565
E11,0.2,0.0,0,1.0,0.0,0.3,1,2,belief-pred,0.525250,0.446565
E11,0.2,0.0,0,1.0,0.0,0.3,1,2,ewma,0.587750,0.685115
E11,0.2,0.0,0,1.0,0.0,0.3,1,2,blend-paper,0.573750,0.631679
E11,0.2,0.0,0,1.0,0.0,0.3,1,2,saf-adaptive,0.583750,0.669847
E11,0.2,0.0,0,1.0,0.0,0.3,1,3,random,0.551000,0.510798
E11,0.2,0.0,0,1.0,0.0,0.3,1,3,round-robin,0.543750,0.483568
E11,0.2,0.0,0,1.0,0.0,0.3,1,3,oracle,0.681250,1.000000
E11,0.2,0.0,0,1.0,0.0,0.3,1,3,snr-greedy,0.540250,0.470423
E11,0.2,0.0,0,1.0,0.0,0.3,1,3,snr-greedy-loss,0.535000,0.450704
E11,0.2,0.0,0,1.0,0.0,0.3,1,3,snr-mean,0.486500,0.268545
E11,0.2,0.0,0,1.0,0.0,0.3,1,3,belief,0.526000,0.416901
E11,0.2,0.0,0,1.0,0.0,0.3,1,3,belief-pred,0.526000,0.416901
E11,0.2,0.0,0,1.0,0.0,0.3,1,3,ewma,0.583000,0.630986
E11,0.2,0.0,0,1.0,0.0,0.3,1,3,blend-paper,0.576250,0.605634
E11,0.2,0.0,0,1.0,0.0,0.3,1,3,saf-adaptive,0.577250,0.609390
E11,0.2,0.0,0,1.0,0.0,0.3,1,4,random,0.528500,0.471243
E11,0.2,0.0,0,1.0,0.0,0.3,1,4,round-robin,0.539000,0.510204
E11,0.2,0.0,0,1.0,0.0,0.3,1,4,oracle,0.671000,1.000000
E11,0.2,0.0,0,1.0,0.0,0.3,1,4,snr-greedy,0.531000,0.480519
E11,0.2,0.0,0,1.0,0.0,0.3,1,4,snr-greedy-loss,0.524500,0.456401
E11,0.2,0.0,0,1.0,0.0,0.3,1,4,snr-mean,0.493000,0.339518
E11,0.2,0.0,0,1.0,0.0,0.3,1,4,belief,0.523500,0.452690
E11,0.2,0.0,0,1.0,0.0,0.3,1,4,belief-pred,0.523500,0.452690
E11,0.2,0.0,0,1.0,0.0,0.3,1,4,ewma,0.559750,0.587199
E11,0.2,0.0,0,1.0,0.0,0.3,1,4,blend-paper,0.558250,0.581633
E11,0.2,0.0,0,1.0,0.0,0.3,1,4,saf-adaptive,0.569750,0.624304
E11,0.2,0.0,0,1.0,0.0,0.3,1,5,random,0.542000,0.493137
E11,0.2,0.0,0,1.0,0.0,0.3,1,5,round-robin,0.547250,0.513725
E11,0.2,0.0,0,1.0,0.0,0.3,1,5,oracle,0.671250,1.000000
E11,0.2,0.0,0,1.0,0.0,0.3,1,5,snr-greedy,0.534250,0.462745
E11,0.2,0.0,0,1.0,0.0,0.3,1,5,snr-greedy-loss,0.537500,0.475490
E11,0.2,0.0,0,1.0,0.0,0.3,1,5,snr-mean,0.472250,0.219608
E11,0.2,0.0,0,1.0,0.0,0.3,1,5,belief,0.530250,0.447059
E11,0.2,0.0,0,1.0,0.0,0.3,1,5,belief-pred,0.530250,0.447059
E11,0.2,0.0,0,1.0,0.0,0.3,1,5,ewma,0.568500,0.597059
E11,0.2,0.0,0,1.0,0.0,0.3,1,5,blend-paper,0.577250,0.631373
E11,0.2,0.0,0,1.0,0.0,0.3,1,5,saf-adaptive,0.566500,0.589216
E11,0.2,0.0,0,1.0,0.0,0.3,1,6,random,0.535250,0.510811
E11,0.2,0.0,0,1.0,0.0,0.3,1,6,round-robin,0.525500,0.475676
E11,0.2,0.0,0,1.0,0.0,0.3,1,6,oracle,0.671000,1.000000
E11,0.2,0.0,0,1.0,0.0,0.3,1,6,snr-greedy,0.520750,0.458559
E11,0.2,0.0,0,1.0,0.0,0.3,1,6,snr-greedy-loss,0.518250,0.449550
E11,0.2,0.0,0,1.0,0.0,0.3,1,6,snr-mean,0.476500,0.299099
E11,0.2,0.0,0,1.0,0.0,0.3,1,6,belief,0.517250,0.445946
E11,0.2,0.0,0,1.0,0.0,0.3,1,6,belief-pred,0.517250,0.445946
E11,0.2,0.0,0,1.0,0.0,0.3,1,6,ewma,0.583250,0.683784
E11,0.2,0.0,0,1.0,0.0,0.3,1,6,blend-paper,0.561250,0.604505
E11,0.2,0.0,0,1.0,0.0,0.3,1,6,saf-adaptive,0.588500,0.702703
E11,0.2,0.0,0,1.0,0.0,0.3,1,7,random,0.535500,0.503559
E11,0.2,0.0,0,1.0,0.0,0.3,1,7,round-robin,0.538250,0.513345
E11,0.2,0.0,0,1.0,0.0,0.3,1,7,oracle,0.675000,1.000000
E11,0.2,0.0,0,1.0,0.0,0.3,1,7,snr-greedy,0.530750,0.486655
E11,0.2,0.0,0,1.0,0.0,0.3,1,7,snr-greedy-loss,0.532250,0.491993
E11,0.2,0.0,0,1.0,0.0,0.3,1,7,snr-mean,0.462750,0.244662
E11,0.2,0.0,0,1.0,0.0,0.3,1,7,belief,0.518500,0.443060
E11,0.2,0.0,0,1.0,0.0,0.3,1,7,belief-pred,0.518500,0.443060
E11,0.2,0.0,0,1.0,0.0,0.3,1,7,ewma,0.583250,0.673488
E11,0.2,0.0,0,1.0,0.0,0.3,1,7,blend-paper,0.583750,0.675267
E11,0.2,0.0,0,1.0,0.0,0.3,1,7,saf-adaptive,0.574500,0.642349
E11,0.2,0.0,0,1.0,0.0,0.3,1,8,random,0.531250,0.505164
E11,0.2,0.0,0,1.0,0.0,0.3,1,8,round-robin,0.529750,0.499531
E11,0.2,0.0,0,1.0,0.0,0.3,1,8,oracle,0.663000,1.000000
E11,0.2,0.0,0,1.0,0.0,0.3,1,8,snr-greedy,0.521750,0.469484
E11,0.2,0.0,0,1.0,0.0,0.3,1,8,snr-greedy-loss,0.519500,0.461033
E11,0.2,0.0,0,1.0,0.0,0.3,1,8,snr-mean,0.494250,0.366197
E11,0.2,0.0,0,1.0,0.0,0.3,1,8,belief,0.516500,0.449765
E11,0.2,0.0,0,1.0,0.0,0.3,1,8,belief-pred,0.516500,0.449765
E11,0.2,0.0,0,1.0,0.0,0.3,1,8,ewma,0.568750,0.646009
E11,0.2,0.0,0,1.0,0.0,0.3,1,8,blend-paper,0.562500,0.622535
E11,0.2,0.0,0,1.0,0.0,0.3,1,8,saf-adaptive,0.566750,0.638498
E11,0.2,0.0,0,1.0,0.0,0.3,1,9,random,0.529000,0.477828
E11,0.2,0.0,0,1.0,0.0,0.3,1,9,round-robin,0.533250,0.493213
E11,0.2,0.0,0,1.0,0.0,0.3,1,9,oracle,0.673250,1.000000
E11,0.2,0.0,0,1.0,0.0,0.3,1,9,snr-greedy,0.522000,0.452489
E11,0.2,0.0,0,1.0,0.0,0.3,1,9,snr-greedy-loss,0.524500,0.461538
E11,0.2,0.0,0,1.0,0.0,0.3,1,9,snr-mean,0.470000,0.264253
E11,0.2,0.0,0,1.0,0.0,0.3,1,9,belief,0.516500,0.432579
E11,0.2,0.0,0,1.0,0.0,0.3,1,9,belief-pred,0.516500,0.432579
E11,0.2,0.0,0,1.0,0.0,0.3,1,9,ewma,0.578000,0.655204
E11,0.2,0.0,0,1.0,0.0,0.3,1,9,blend-paper,0.571500,0.631674
E11,0.2,0.0,0,1.0,0.0,0.3,1,9,saf-adaptive,0.572250,0.634389
E11,0.2,0.0,0,1.0,0.0,0.3,1,10,random,0.531250,0.498578
E11,0.2,0.0,0,1.0,0.0,0.3,1,10,round-robin,0.530500,0.495735
E11,0.2,0.0,0,1.0,0.0,0.3,1,10,oracle,0.663500,1.000000
E11,0.2,0.0,0,1.0,0.0,0.3,1,10,snr-greedy,0.533250,0.506161
E11,0.2,0.0,0,1.0,0.0,0.3,1,10,snr-greedy-loss,0.527500,0.484360
E11,0.2,0.0,0,1.0,0.0,0.3,1,10,snr-mean,0.472500,0.275829
E11,0.2,0.0,0,1.0,0.0,0.3,1,10,belief,0.516250,0.441706
E11,0.2,0.0,0,1.0,0.0,0.3,1,10,belief-pred,0.516250,0.441706
E11,0.2,0.0,0,1.0,0.0,0.3,1,10,ewma,0.578500,0.677725
E11,0.2,0.0,0,1.0,0.0,0.3,1,10,blend-paper,0.561750,0.614218
E11,0.2,0.0,0,1.0,0.0,0.3,1,10,saf-adaptive,0.580500,0.685308
E11,0.2,0.0,0,1.0,0.0,0.3,1,11,random,0.541750,0.504274
E11,0.2,0.0,0,1.0,0.0,0.3,1,11,round-robin,0.541750,0.504274
E11,0.2,0.0,0,1.0,0.0,0.3,1,11,oracle,0.672250,1.000000
E11,0.2,0.0,0,1.0,0.0,0.3,1,11,snr-greedy,0.539000,0.493827
E11,0.2,0.0,0,1.0,0.0,0.3,1,11,snr-greedy-loss,0.531000,0.463438
E11,0.2,0.0,0,1.0,0.0,0.3,1,11,snr-mean,0.488500,0.301994
E11,0.2,0.0,0,1.0,0.0,0.3,1,11,belief,0.523500,0.434948
E11,0.2,0.0,0,1.0,0.0,0.3,1,11,belief-pred,0.523500,0.434948
E11,0.2,0.0,0,1.0,0.0,0.3,1,11,ewma,0.594500,0.704653
E11,0.2,0.0,0,1.0,0.0,0.3,1,11,blend-paper,0.582750,0.660019
E11,0.2,0.0,0,1.0,0.0,0.3,1,11,saf-adaptive,0.583500,0.662868
E11,0.2,0.0,0,1.0,0.0,0.3,1,12,random,0.550250,0.509452
E11,0.2,0.0,0,1.0,0.0,0.3,1,12,round-robin,0.548750,0.503781
E11,0.2,0.0,0,1.0,0.0,0.3,1,12,oracle,0.680000,1.000000
E11,0.2,0.0,0,1.0,0.0,0.3,1,12,snr-greedy,0.533000,0.444234
E11,0.2,0.0,0,1.0,0.0,0.3,1,12,snr-greedy-loss,0.531000,0.436673
E11,0.2,0.0,0,1.0,0.0,0.3,1,12,snr-mean,0.473000,0.217391
E11,0.2,0.0,0,1.0,0.0,0.3,1,12,belief,0.521000,0.398866
E11,0.2,0.0,0,1.0,0.0,0.3,1,12,belief-pred,0.521000,0.398866
E11,0.2,0.0,0,1.0,0.0,0.3,1,12,ewma,0.595750,0.681474
E11,0.2,0.0,0,1.0,0.0,0.3,1,12,blend-paper,0.579500,0.620038
E11,0.2,0.0,0,1.0,0.0,0.3,1,12,saf-adaptive,0.591750,0.666352
E11,0.2,0.0,0,1.0,0.0,0.3,1,13,random,0.532250,0.481378
E11,0.2,0.0,0,1.0,0.0,0.3,1,13,round-robin,0.534500,0.489758
E11,0.2,0.0,0,1.0,0.0,0.3,1,13,oracle,0.671500,1.000000
E11,0.2,0.0,0,1.0,0.0,0.3,1,13,snr-greedy,0.531000,0.476723
E11,0.2,0.0,0,1.0,0.0,0.3,1,13,snr-greedy-loss,0.535750,0.494413
E11,0.2,0.0,0,1.0,0.0,0.3,1,13,snr-mean,0.468750,0.244879
E11,0.2,0.0,0,1.0,0.0,0.3,1,13,belief,0.525000,0.454376
E11,0.2,0.0,0,1.0,0.0,0.3,1,13,belief-pred,0.525000,0.454376
E11,0.2,0.0,0,1.0,0.0,0.3,1,13,ewma,0.570000,0.621974
E11,0.2,0.0,0,1.0,0.0,0.3,1,13,blend-paper,0.562000,0.592179
E11,0.2,0.0,0,1.0,0.0,0.3,1,13,saf-adaptive,0.573750,0.635940
E11,0.2,0.0,0,1.0,0.0,0.3,1,14,random,0.542250,0.489161
E11,0.2,0.0,0,1.0,0.0,0.3,1,14,round-robin,0.543750,0.494816
E11,0.2,0.0,0,1.0,0.0,0.3,1,14,oracle,0.677750,1.000000
E11,0.2,0.0,0,1.0,0.0,0.3,1,14,snr-greedy,0.534750,0.460886
E11,0.2,0.0,0,1.0,0.0,0.3,1,14,snr-greedy-loss,0.529000,0.439208
E11,0.2,0.0,0,1.0,0.0,0.3,1,14,snr-mean,0.492250,0.300660
E11,0.2,0.0,0,1.0,0.0,0.3,1,14,belief,0.525750,0.426956
E11,0.2,0.0,0,1.0,0.0,0.3,1,14,belief-pred,0.525750,0.426956
E11,0.2,0.0,0,1.0,0.0,0.3,1,14,ewma,0.579000,0.627710
E11,0.2,0.0,0,1.0,0.0,0.3,1,14,blend-paper,0.564500,0.573044
E11,0.2,0.0,0,1.0,0.0,0.3,1,14,saf-adaptive,0.591750,0.675778
E11,0.2,0.0,0,1.0,0.0,0.3,1,15,random,0.545500,0.519157
E11,0.2,0.0,0,1.0,0.0,0.3,1,15,round-robin,0.535500,0.480843
E11,0.2,0.0,0,1.0,0.0,0.3,1,15,oracle,0.671000,1.000000
E11,0.2,0.0,0,1.0,0.0,0.3,1,15,snr-greedy,0.520000,0.421456
E11,0.2,0.0,0,1.0,0.0,0.3,1,15,snr-greedy-loss,0.520250,0.422414
E11,0.2,0.0,0,1.0,0.0,0.3,1,15,snr-mean,0.473250,0.242337
E11,0.2,0.0,0,1.0,0.0,0.3,1,15,belief,0.516000,0.406130
E11,0.2,0.0,0,1.0,0.0,0.3,1,15,belief-pred,0.516000,0.406130
E11,0.2,0.0,0,1.0,0.0,0.3,1,15,ewma,0.569750,0.612069
E11,0.2,0.0,0,1.0,0.0,0.3,1,15,blend-paper,0.546750,0.523946
E11,0.2,0.0,0,1.0,0.0,0.3,1,15,saf-adaptive,0.587250,0.679119
E11,0.2,0.0,0,1.0,0.0,0.3,1,16,random,0.535750,0.514365
E11,0.2,0.0,0,1.0,0.0,0.3,1,16,round-robin,0.538500,0.524560
E11,0.2,0.0,0,1.0,0.0,0.3,1,16,oracle,0.666750,1.000000
E11,0.2,0.0,0,1.0,0.0,0.3,1,16,snr-greedy,0.514500,0.435589
E11,0.2,0.0,0,1.0,0.0,0.3,1,16,snr-greedy-loss,0.516750,0.443930
E11,0.2,0.0,0,1.0,0.0,0.3,1,16,snr-mean,0.477500,0.298424
E11,0.2,0.0,0,1.0,0.0,0.3,1,16,belief,0.510500,0.420760
E11,0.2,0.0,0,1.0,0.0,0.3,1,16,belief-pred,0.510500,0.420760
E11,0.2,0.0,0,1.0,0.0,0.3,1,16,ewma,0.557250,0.594069
E11,0.2,0.0,0,1.0,0.0,0.3,1,16,blend-paper,0.550250,0.568119
E11,0.2,0.0,0,1.0,0.0,0.3,1,16,saf-adaptive,0.545000,0.548656
E11,0.2,0.0,0,1.0,0.0,0.3,1,17,random,0.540000,0.484346
E11,0.2,0.0,0,1.0,0.0,0.3,1,17,round-robin,0.541500,0.489871
E11,0.2,0.0,0,1.0,0.0,0.3,1,17,oracle,0.680000,1.000000
E11,0.2,0.0,0,1.0,0.0,0.3,1,17,snr-greedy,0.535500,0.467772
E11,0.2,0.0,0,1.0,0.0,0.3,1,17,snr-greedy-loss,0.533500,0.460405
E11,0.2,0.0,0,1.0,0.0,0.3,1,17,snr-mean,0.477250,0.253223
E11,0.2,0.0,0,1.0,0.0,0.3,1,17,belief,0.523500,0.423573
E11,0.2,0.0,0,1.0,0.0,0.3,1,17,belief-pred,0.523500,0.423573
E11,0.2,0.0,0,1.0,0.0,0.3,1,17,ewma,0.582750,0.641805
E11,0.2,0.0,0,1.0,0.0,0.3,1,17,blend-paper,0.572250,0.603131
E11,0.2,0.0,0,1.0,0.0,0.3,1,17,saf-adaptive,0.581500,0.637201
E11,0.2,0.0,0,1.0,0.0,0.3,1,18,random,0.537250,0.517874
E11,0.2,0.0,0,1.0,0.0,0.3,1,18,round-robin,0.529250,0.488543
E11,0.2,0.0,0,1.0,0.0,0.3,1,18,oracle,0.668750,1.000000
E11,0.2,0.0,0,1.0,0.0,0.3,1,18,snr-greedy,0.511250,0.422548
E11,0.2,0.0,0,1.0,0.0,0.3,1,18,snr-greedy-loss,0.510250,0.418882
E11,0.2,0.0,0,1.0,0.0,0.3,1,18,snr-mean,0.464500,0.251146
E11,0.2,0.0,0,1.0,0.0,0.3,1,18,belief,0.505500,0.401467
E11,0.2,0.0,0,1.0,0.0,0.3,1,18,belief-pred,0.505500,0.401467
E11,0.2,0.0,0,1.0,0.0,0.3,1,18,ewma,0.582250,0.682860
E11,0.2,0.0,0,1.0,0.0,0.3,1,18,blend-paper,0.552500,0.573786
E11,0.2,0.0,0,1.0,0.0,0.3,1,18,saf-adaptive,0.570750,0.640697
E11,0.2,0.0,0,1.0,0.0,0.3,1,19,random,0.538500,0.482857
E11,0.2,0.0,0,1.0,0.0,0.3,1,19,round-robin,0.549000,0.522857
E11,0.2,0.0,0,1.0,0.0,0.3,1,19,oracle,0.674250,1.000000
E11,0.2,0.0,0,1.0,0.0,0.3,1,19,snr-greedy,0.531250,0.455238
E11,0.2,0.0,0,1.0,0.0,0.3,1,19,snr-greedy-loss,0.532500,0.460000
E11,0.2,0.0,0,1.0,0.0,0.3,1,19,snr-mean,0.473000,0.233333
E11,0.2,0.0,0,1.0,0.0,0.3,1,19,belief,0.521500,0.418095
E11,0.2,0.0,0,1.0,0.0,0.3,1,19,belief-pred,0.521500,0.418095
E11,0.2,0.0,0,1.0,0.0,0.3,1,19,ewma,0.587500,0.669524
E11,0.2,0.0,0,1.0,0.0,0.3,1,19,blend-paper,0.582000,0.648571
E11,0.2,0.0,0,1.0,0.0,0.3,1,19,saf-adaptive,0.600500,0.719048
E11,0.2,0.0,0,1.0,0.0,0.3,1,20,random,0.538000,0.515712
E11,0.2,0.0,0,1.0,0.0,0.3,1,20,round-robin,0.534750,0.503697
E11,0.2,0.0,0,1.0,0.0,0.3,1,20,oracle,0.669000,1.000000
E11,0.2,0.0,0,1.0,0.0,0.3,1,20,snr-greedy,0.522500,0.458410
E11,0.2,0.0,0,1.0,0.0,0.3,1,20,snr-greedy-loss,0.521250,0.453789
E11,0.2,0.0,0,1.0,0.0,0.3,1,20,snr-mean,0.468250,0.257856
E11,0.2,0.0,0,1.0,0.0,0.3,1,20,belief,0.520750,0.451941
E11,0.2,0.0,0,1.0,0.0,0.3,1,20,belief-pred,0.520750,0.451941
E11,0.2,0.0,0,1.0,0.0,0.3,1,20,ewma,0.592500,0.717190
E11,0.2,0.0,0,1.0,0.0,0.3,1,20,blend-paper,0.566500,0.621072
E11,0.2,0.0,0,1.0,0.0,0.3,1,20,saf-adaptive,0.579750,0.670055
E11,0.2,0.0,0,1.0,0.0,0.3,1,21,random,0.530750,0.475365
E11,0.2,0.0,0,1.0,0.0,0.3,1,21,round-robin,0.536750,0.497263
E11,0.2,0.0,0,1.0,0.0,0.3,1,21,oracle,0.674500,1.000000
E11,0.2,0.0,0,1.0,0.0,0.3,1,21,snr-greedy,0.527000,0.461679
E11,0.2,0.0,0,1.0,0.0,0.3,1,21,snr-greedy-loss,0.526750,0.460766
E11,0.2,0.0,0,1.0,0.0,0.3,1,21,snr-mean,0.503500,0.375912
E11,0.2,0.0,0,1.0,0.0,0.3,1,21,belief,0.521500,0.441606
E11,0.2,0.0,0,1.0,0.0,0.3,1,21,belief-pred,0.521500,0.441606
E11,0.2,0.0,0,1.0,0.0,0.3,1,21,ewma,0.577750,0.646898
E11,0.2,0.0,0,1.0,0.0,0.3,1,21,blend-paper,0.576250,0.641423
E11,0.2,0.0,0,1.0,0.0,0.3,1,21,saf-adaptive,0.578250,0.648723
E11,0.2,0.0,0,1.0,0.0,0.3,1,22,random,0.537250,0.477612
E11,0.2,0.0,0,1.0,0.0,0.3,1,22,round-robin,0.548500,0.519590
E11,0.2,0.0,0,1.0,0.0,0.3,1,22,oracle,0.677250,1.000000
E11,0.2,0.0,0,1.0,0.0,0.3,1,22,snr-greedy,0.523000,0.424440
E11,0.2,0.0,0,1.0,0.0,0.3,1,22,snr-greedy-loss,0.522500,0.422575
E11,0.2,0.0,0,1.0,0.0,0.3,1,22,snr-mean,0.487750,0.292910
E11,0.2,0.0,0,1.0,0.0,0.3,1,22,belief,0.522500,0.422575
E11,0.2,0.0,0,1.0,0.0,0.3,1,22,belief-pred,0.522500,0.422575
E11,0.2,0.0,0,1.0,0.0,0.3,1,22,ewma,0.586000,0.659515
E11,0.2,0.0,0,1.0,0.0,0.3,1,22,blend-paper,0.571250,0.604478
E11,0.2,0.0,0,1.0,0.0,0.3,1,22,saf-adaptive,0.579000,0.633396
E11,0.2,0.0,0,1.0,0.0,0.3,1,23,random,0.558000,0.533828
E11,0.2,0.0,0,1.0,0.0,0.3,1,23,round-robin,0.549750,0.503244
E11,0.2,0.0,0,1.0,0.0,0.3,1,23,oracle,0.683750,1.000000
E11,0.2,0.0,0,1.0,0.0,0.3,1,23,snr-greedy,0.535000,0.448563
E11,0.2,0.0,0,1.0,0.0,0.3,1,23,snr-greedy-loss,0.529250,0.427247
E11,0.2,0.0,0,1.0,0.0,0.3,1,23,snr-mean,0.487250,0.271548
E11,0.2,0.0,0,1.0,0.0,0.3,1,23,belief,0.520000,0.392956
E11,0.2,0.0,0,1.0,0.0,0.3,1,23,belief-pred,0.520000,0.392956
E11,0.2,0.0,0,1.0,0.0,0.3,1,23,ewma,0.598250,0.683040
E11,0.2,0.0,0,1.0,0.0,0.3,1,23,blend-paper,0.576000,0.600556
E11,0.2,0.0,0,1.0,0.0,0.3,1,23,saf-adaptive,0.587500,0.643188
E11,0.2,0.0,0,1.0,0.0,0.3,1,24,random,0.530500,0.492453
E11,0.2,0.0,0,1.0,0.0,0.3,1,24,round-robin,0.528250,0.483962
E11,0.2,0.0,0,1.0,0.0,0.3,1,24,oracle,0.665000,1.000000
E11,0.2,0.0,0,1.0,0.0,0.3,1,24,snr-greedy,0.523000,0.464151
E11,0.2,0.0,0,1.0,0.0,0.3,1,24,snr-greedy-loss,0.520250,0.453774
E11,0.2,0.0,0,1.0,0.0,0.3,1,24,snr-mean,0.480750,0.304717
E11,0.2,0.0,0,1.0,0.0,0.3,1,24,belief,0.515500,0.435849
E11,0.2,0.0,0,1.0,0.0,0.3,1,24,belief-pred,0.515500,0.435849
E11,0.2,0.0,0,1.0,0.0,0.3,1,24,ewma,0.570750,0.644340
E11,0.2,0.0,0,1.0,0.0,0.3,1,24,blend-paper,0.566750,0.629245
E11,0.2,0.0,0,1.0,0.0,0.3,1,24,saf-adaptive,0.554000,0.581132
E11,0.2,0.0,0,1.0,0.0,0.3,1,25,random,0.541000,0.490809
E11,0.2,0.0,0,1.0,0.0,0.3,1,25,round-robin,0.539000,0.483456
E11,0.2,0.0,0,1.0,0.0,0.3,1,25,oracle,0.679500,1.000000
E11,0.2,0.0,0,1.0,0.0,0.3,1,25,snr-greedy,0.531750,0.456801
E11,0.2,0.0,0,1.0,0.0,0.3,1,25,snr-greedy-loss,0.531250,0.454963
E11,0.2,0.0,0,1.0,0.0,0.3,1,25,snr-mean,0.481000,0.270221
E11,0.2,0.0,0,1.0,0.0,0.3,1,25,belief,0.528750,0.445772
E11,0.2,0.0,0,1.0,0.0,0.3,1,25,belief-pred,0.528750,0.445772
E11,0.2,0.0,0,1.0,0.0,0.3,1,25,ewma,0.589500,0.669118
E11,0.2,0.0,0,1.0,0.0,0.3,1,25,blend-paper,0.565000,0.579044
E11,0.2,0.0,0,1.0,0.0,0.3,1,25,saf-adaptive,0.590250,0.671875
E11,0.2,0.0,0,1.0,0.0,0.3,1,26,random,0.534000,0.489403
E11,0.2,0.0,0,1.0,0.0,0.3,1,26,round-robin,0.538750,0.507707
E11,0.2,0.0,0,1.0,0.0,0.3,1,26,oracle,0.666500,1.000000
E11,0.2,0.0,0,1.0,0.0,0.3,1,26,snr-greedy,0.529750,0.473025
E11,0.2,0.0,0,1.0,0.0,0.3,1,26,snr-greedy-loss,0.524500,0.452794
E11,0.2,0.0,0,1.0,0.0,0.3,1,26,snr-mean,0.482750,0.291908
E11,0.2,0.0,0,1.0,0.0,0.3,1,26,belief,0.516250,0.421002
E11,0.2,0.0,0,1.0,0.0,0.3,1,26,belief-pred,0.516250,0.421002
E11,0.2,0.0,0,1.0,0.0,0.3,1,26,ewma,0.584500,0.684008
E11,0.2,0.0,0,1.0,0.0,0.3,1,26,blend-paper,0.558000,0.581888
E11,0.2,0.0,0,1.0,0.0,0.3,1,26,saf-adaptive,0.558750,0.584778
E11,0.2,0.0,0,1.0,0.0,0.3,1,27,random,0.545000,0.528517
E11,0.2,0.0,0,1.0,0.0,0.3,1,27,round-robin,0.537750,0.500951
E11,0.2,0.0,0,1.0,0.0,0.3,1,27,oracle,0.669000,1.000000
E11,0.2,0.0,0,1.0,0.0,0.3,1,27,snr-greedy,0.538500,0.503802
E11,0.2,0.0,0,1.0,0.0,0.3,1,27,snr-greedy-loss,0.534000,0.486692
E11,0.2,0.0,0,1.0,0.0,0.3,1,27,snr-mean,0.480000,0.281369
E11,0.2,0.0,0,1.0,0.0,0.3,1,27,belief,0.521750,0.440114
E11,0.2,0.0,0,1.0,0.0,0.3,1,27,belief-pred,0.521750,0.440114
E11,0.2,0.0,0,1.0,0.0,0.3,1,27,ewma,0.583000,0.673004
E11,0.2,0.0,0,1.0,0.0,0.3,1,27,blend-paper,0.560250,0.586502
E11,0.2,0.0,0,1.0,0.0,0.3,1,27,saf-adaptive,0.582500,0.671103
E11,0.2,0.0,0,1.0,0.0,0.3,1,28,random,0.537500,0.508165
E11,0.2,0.0,0,1.0,0.0,0.3,1,28,round-robin,0.530750,0.482229
E11,0.2,0.0,0,1.0,0.0,0.3,1,28,oracle,0.665500,1.000000
E11,0.2,0.0,0,1.0,0.0,0.3,1,28,snr-greedy,0.524750,0.459174
E11,0.2,0.0,0,1.0,0.0,0.3,1,28,snr-greedy-loss,0.526000,0.463977
E11,0.2,0.0,0,1.0,0.0,0.3,1,28,snr-mean,0.465750,0.232469
E11,0.2,0.0,0,1.0,0.0,0.3,1,28,belief,0.513750,0.416907
E11,0.2,0.0,0,1.0,0.0,0.3,1,28,belief-pred,0.513750,0.416907
E11,0.2,0.0,0,1.0,0.0,0.3,1,28,ewma,0.572250,0.641691
E11,0.2,0.0,0,1.0,0.0,0.3,1,28,blend-paper,0.562250,0.603266
E11,0.2,0.0,0,1.0,0.0,0.3,1,28,saf-adaptive,0.571500,0.638809
E11,0.2,0.0,0,1.0,0.0,0.3,1,29,random,0.532750,0.483240
E11,0.2,0.0,0,1.0,0.0,0.3,1,29,round-robin,0.537000,0.499069
E11,0.2,0.0,0,1.0,0.0,0.3,1,29,oracle,0.671500,1.000000
E11,0.2,0.0,0,1.0,0.0,0.3,1,29,snr-greedy,0.526750,0.460894
E11,0.2,0.0,0,1.0,0.0,0.3,1,29,snr-greedy-loss,0.521000,0.439479
E11,0.2,0.0,0,1.0,0.0,0.3,1,29,snr-mean,0.471500,0.255121
E11,0.2,0.0,0,1.0,0.0,0.3,1,29,belief,0.515750,0.419926
E11,0.2,0.0,0,1.0,0.0,0.3,1,29,belief-pred,0.515750,0.419926
E11,0.2,0.0,0,1.0,0.0,0.3,1,29,ewma,0.580500,0.661080
E11,0.2,0.0,0,1.0,0.0,0.3,1,29,blend-paper,0.544750,0.527933
E11,0.2,0.0,0,1.0,0.0,0.3,1,29,saf-adaptive,0.553500,0.560521
E11,0.2,0.0,0,1.0,0.0,0.3,1,30,random,0.536250,0.489262
E11,0.2,0.0,0,1.0,0.0,0.3,1,30,round-robin,0.534500,0.482726
E11,0.2,0.0,0,1.0,0.0,0.3,1,30,oracle,0.673000,1.000000
E11,0.2,0.0,0,1.0,0.0,0.3,1,30,snr-greedy,0.524500,0.445378
E11,0.2,0.0,0,1.0,0.0,0.3,1,30,snr-greedy-loss,0.521250,0.433240
E11,0.2,0.0,0,1.0,0.0,0.3,1,30,snr-mean,0.477750,0.270775
E11,0.2,0.0,0,1.0,0.0,0.3,1,30,belief,0.519500,0.426704
E11,0.2,0.0,0,1.0,0.0,0.3,1,30,belief-pred,0.519500,0.426704
E11,0.2,0.0,0,1.0,0.0,0.3,1,30,ewma,0.573250,0.627451
E11,0.2,0.0,0,1.0,0.0,0.3,1,30,blend-paper,0.556750,0.565826
E11,0.2,0.0,0,1.0,0.0,0.3,1,30,saf-adaptive,0.569000,0.611578
E11,0.2,0.0,0,1.0,0.0,0.3,1,31,random,0.539750,0.494264
E11,0.2,0.0,0,1.0,0.0,0.3,1,31,round-robin,0.543500,0.508604
E11,0.2,0.0,0,1.0,0.0,0.3,1,31,oracle,0.672000,1.000000
E11,0.2,0.0,0,1.0,0.0,0.3,1,31,snr-greedy,0.532750,0.467495
E11,0.2,0.0,0,1.0,0.0,0.3,1,31,snr-greedy-loss,0.524750,0.436902
E11,0.2,0.0,0,1.0,0.0,0.3,1,31,snr-mean,0.488250,0.297323
E11,0.2,0.0,0,1.0,0.0,0.3,1,31,belief,0.520750,0.421606
E11,0.2,0.0,0,1.0,0.0,0.3,1,31,belief-pred,0.520750,0.421606
E11,0.2,0.0,0,1.0,0.0,0.3,1,31,ewma,0.599500,0.722753
E11,0.2,0.0,0,1.0,0.0,0.3,1,31,blend-paper,0.564000,0.586998
E11,0.2,0.0,0,1.0,0.0,0.3,1,31,saf-adaptive,0.598000,0.717017
E11,0.2,0.0,0,1.0,0.0,0.3,1,32,random,0.541000,0.533953
E11,0.2,0.0,0,1.0,0.0,0.3,1,32,round-robin,0.525750,0.477209
E11,0.2,0.0,0,1.0,0.0,0.3,1,32,oracle,0.666250,1.000000
E11,0.2,0.0,0,1.0,0.0,0.3,1,32,snr-greedy,0.518500,0.450233
E11,0.2,0.0,0,1.0,0.0,0.3,1,32,snr-greedy-loss,0.519000,0.452093
E11,0.2,0.0,0,1.0,0.0,0.3,1,32,snr-mean,0.480500,0.308837
E11,0.2,0.0,0,1.0,0.0,0.3,1,32,belief,0.509000,0.414884
E11,0.2,0.0,0,1.0,0.0,0.3,1,32,belief-pred,0.509000,0.414884
E11,0.2,0.0,0,1.0,0.0,0.3,1,32,ewma,0.558750,0.600000
E11,0.2,0.0,0,1.0,0.0,0.3,1,32,blend-paper,0.549750,0.566512
E11,0.2,0.0,0,1.0,0.0,0.3,1,32,saf-adaptive,0.540750,0.533023
E11,0.2,0.0,0,1.0,0.0,0.3,1,33,random,0.540000,0.508588
E11,0.2,0.0,0,1.0,0.0,0.3,1,33,round-robin,0.540250,0.509542
E11,0.2,0.0,0,1.0,0.0,0.3,1,33,oracle,0.668750,1.000000
E11,0.2,0.0,0,1.0,0.0,0.3,1,33,snr-greedy,0.526250,0.456107
E11,0.2,0.0,0,1.0,0.0,0.3,1,33,snr-greedy-loss,0.523500,0.445611
E11,0.2,0.0,0,1.0,0.0,0.3,1,33,snr-mean,0.487500,0.308206
E11,0.2,0.0,0,1.0,0.0,0.3,1,33,belief,0.514750,0.412214
E11,0.2,0.0,0,1.0,0.0,0.3,1,33,belief-pred,0.514750,0.412214
E11,0.2,0.0,0,1.0,0.0,0.3,1,33,ewma,0.572250,0.631679
E11,0.2,0.0,0,1.0,0.0,0.3,1,33,blend-paper,0.560750,0.587786
E11,0.2,0.0,0,1.0,0.0,0.3,1,33,saf-adaptive,0.561750,0.591603
E11,0.2,0.0,0,1.0,0.0,0.3,1,34,random,0.536250,0.505263
E11,0.2,0.0,0,1.0,0.0,0.3,1,34,round-robin,0.538000,0.511962
E11,0.2,0.0,0,1.0,0.0,0.3,1,34,oracle,0.665500,1.000000
E11,0.2,0.0,0,1.0,0.0,0.3,1,34,snr-greedy,0.526000,0.466029
E11,0.2,0.0,0,1.0,0.0,0.3,1,34,snr-greedy-loss,0.531000,0.485167
E11,0.2,0.0,0,1.0,0.0,0.3,1,34,snr-mean,0.493500,0.341627
E11,0.2,0.0,0,1.0,0.0,0.3,1,34,belief,0.518250,0.436364
E11,0.2,0.0,0,1.0,0.0,0.3,1,34,belief-pred,0.518250,0.436364
E11,0.2,0.0,0,1.0,0.0,0.3,1,34,ewma,0.563500,0.609569
E11,0.2,0.0,0,1.0,0.0,0.3,1,34,blend-paper,0.563000,0.607656
E11,0.2,0.0,0,1.0,0.0,0.3,1,34,saf-adaptive,0.573250,0.646890
E11,0.2,0.0,0,1.0,0.0,0.3,1,35,random,0.529750,0.482309
E11,0.2,0.0,0,1.0,0.0,0.3,1,35,round-robin,0.540250,0.521415
E11,0.2,0.0,0,1.0,0.0,0.3,1,35,oracle,0.668750,1.000000
E11,0.2,0.0,0,1.0,0.0,0.3,1,35,snr-greedy,0.524000,0.460894
E11,0.2,0.0,0,1.0,0.0,0.3,1,35,snr-greedy-loss,0.520250,0.446927
E11,0.2,0.0,0,1.0,0.0,0.3,1,35,snr-mean,0.484250,0.312849
E11,0.2,0.0,0,1.0,0.0,0.3,1,35,belief,0.520250,0.446927
E11,0.2,0.0,0,1.0,0.0,0.3,1,35,belief-pred,0.520250,0.446927
E11,0.2,0.0,0,1.0,0.0,0.3,1,35,ewma,0.549750,0.556797
E11,0.2,0.0,0,1.0,0.0,0.3,1,35,blend-paper,0.566250,0.618250
E11,0.2,0.0,0,1.0,0.0,0.3,1,35,saf-adaptive,0.563500,0.608007
E11,0.2,0.0,0,1.0,0.0,0.3,1,36,random,0.543000,0.493965
E11,0.2,0.0,0,1.0,0.0,0.3,1,36,round-robin,0.541250,0.487465
E11,0.2,0.0,0,1.0,0.0,0.3,1,36,oracle,0.679250,1.000000
E11,0.2,0.0,0,1.0,0.0,0.3,1,36,snr-greedy,0.537500,0.473538
E11,0.2,0.0,0,1.0,0.0,0.3,1,36,snr-greedy-loss,0.528250,0.439183
E11,0.2,0.0,0,1.0,0.0,0.3,1,36,snr-mean,0.490750,0.299907
E11,0.2,0.0,0,1.0,0.0,0.3,1,36,belief,0.522250,0.416899
E11,0.2,0.0,0,1.0,0.0,0.3,1,36,belief-pred,0.522250,0.416899
E11,0.2,0.0,0,1.0,0.0,0.3,1,36,ewma,0.563500,0.570102
E11,0.2,0.0,0,1.0,0.0,0.3,1,36,blend-paper,0.581750,0.637883
E11,0.2,0.0,0,1.0,0.0,0.3,1,36,saf-adaptive,0.575750,0.615599
E11,0.2,0.0,0,1.0,0.0,0.3,1,37,random,0.550250,0.504647
E11,0.2,0.0,0,1.0,0.0,0.3,1,37,round-robin,0.552000,0.511152
E11,0.2,0.0,0,1.0,0.0,0.3,1,37,oracle,0.683500,1.000000
E11,0.2,0.0,0,1.0,0.0,0.3,1,37,snr-greedy,0.541500,0.472119
E11,0.2,0.0,0,1.0,0.0,0.3,1,37,snr-greedy-loss,0.534250,0.445167
E11,0.2,0.0,0,1.0,0.0,0.3,1,37,snr-mean,0.476000,0.228625
E11,0.2,0.0,0,1.0,0.0,0.3,1,37,belief,0.526750,0.417286
E11,0.2,0.0,0,1.0,0.0,0.3,1,37,belief-pred,0.526750,0.417286
E11,0.2,0.0,0,1.0,0.0,0.3,1,37,ewma,0.594750,0.670074
E11,0.2,0.0,0,1.0,0.0,0.3,1,37,blend-paper,0.575000,0.596654
E11,0.2,0.0,0,1.0,0.0,0.3,1,37,saf-adaptive,0.590000,0.652416
E11,0.2,0.0,0,1.0,0.0,0.3,1,38,random,0.543250,0.497696
E11,0.2,0.0,0,1.0,0.0,0.3,1,38,round-robin,0.540250,0.486636
E11,0.2,0.0,0,1.0,0.0,0.3,1,38,oracle,0.679500,1.000000
E11,0.2,0.0,0,1.0,0.0,0.3,1,38,snr-greedy,0.533000,0.459908
E11,0.2,0.0,0,1.0,0.0,0.3,1,38,snr-greedy-loss,0.528500,0.443318
E11,0.2,0.0,0,1.0,0.0,0.3,1,38,snr-mean,0.482500,0.273733
E11,0.2,0.0,0,1.0,0.0,0.3,1,38,belief,0.522750,0.422120
E11,0.2,0.0,0,1.0,0.0,0.3,1,38,belief-pred,0.522750,0.422120
E11,0.2,0.0,0,1.0,0.0,0.3,1,38,ewma,0.589500,0.668203
E11,0.2,0.0,0,1.0,0.0,0.3,1,38,blend-paper,0.584000,0.647926
E11,0.2,0.0,0,1.0,0.0,0.3,1,38,saf-adaptive,0.590750,0.672811
E11,0.2,0.0,0,1.0,0.0,0.3,1,39,random,0.540500,0.503883
E11,0.2,0.0,0,1.0,0.0,0.3,1,39,round-robin,0.544000,0.517476
E11,0.2,0.0,0,1.0,0.0,0.3,1,39,oracle,0.668250,1.000000
E11,0.2,0.0,0,1.0,0.0,0.3,1,39,snr-greedy,0.528000,0.455340
E11,0.2,0.0,0,1.0,0.0,0.3,1,39,snr-greedy-loss,0.523250,0.436893
E11,0.2,0.0,0,1.0,0.0,0.3,1,39,snr-mean,0.488750,0.302913
E11,0.2,0.0,0,1.0,0.0,0.3,1,39,belief,0.521750,0.431068
E11,0.2,0.0,0,1.0,0.0,0.3,1,39,belief-pred,0.521750,0.431068
E11,0.2,0.0,0,1.0,0.0,0.3,1,39,ewma,0.567500,0.608738
E11,0.2,0.0,0,1.0,0.0,0.3,1,39,blend-paper,0.564750,0.598058
E11,0.2,0.0,0,1.0,0.0,0.3,1,39,saf-adaptive,0.566250,0.603883
E11,0.2,0.0,0,1.0,0.0,0.3,1,40,random,0.540250,0.502799
E11,0.2,0.0,0,1.0,0.0,0.3,1,40,round-robin,0.540000,0.501866
E11,0.2,0.0,0,1.0,0.0,0.3,1,40,oracle,0.673500,1.000000
E11,0.2,0.0,0,1.0,0.0,0.3,1,40,snr-greedy,0.528250,0.458022
E11,0.2,0.0,0,1.0,0.0,0.3,1,40,snr-greedy-loss,0.524250,0.443097
E11,0.2,0.0,0,1.0,0.0,0.3,1,40,snr-mean,0.478000,0.270522
E11,0.2,0.0,0,1.0,0.0,0.3,1,40,belief,0.522000,0.434701
E11,0.2,0.0,0,1.0,0.0,0.3,1,40,belief-pred,0.522000,0.434701
E11,0.2,0.0,0,1.0,0.0,0.3,1,40,ewma,0.582000,0.658582
E11,0.2,0.0,0,1.0,0.0,0.3,1,40,blend-paper,0.570250,0.614739
E11,0.2,0.0,0,1.0,0.0,0.3,1,40,saf-adaptive,0.582750,0.661381
E11,0.2,0.0,0,1.0,0.0,0.3,1,41,random,0.541750,0.499530
E11,0.2,0.0,0,1.0,0.0,0.3,1,41,round-robin,0.537500,0.483537
E11,0.2,0.0,0,1.0,0.0,0.3,1,41,oracle,0.674750,1.000000
E11,0.2,0.0,0,1.0,0.0,0.3,1,41,snr-greedy,0.537000,0.481656
E11,0.2,0.0,0,1.0,0.0,0.3,1,41,snr-greedy-loss,0.534000,0.470367
E11,0.2,0.0,0,1.0,0.0,0.3,1,41,snr-mean,0.501500,0.348071
E11,0.2,0.0,0,1.0,0.0,0.3,1,41,belief,0.530500,0.457197
E11,0.2,0.0,0,1.0,0.0,0.3,1,41,belief-pred,0.530500,0.457197
E11,0.2,0.0,0,1.0,0.0,0.3,1,41,ewma,0.589250,0.678269
E11,0.2,0.0,0,1.0,0.0,0.3,1,41,blend-paper,0.576500,0.630292
E11,0.2,0.0,0,1.0,0.0,0.3,1,41,saf-adaptive,0.581000,0.647225
E11,0.2,0.0,0,1.0,0.0,0.3,1,42,random,0.539000,0.508903
E11,0.2,0.0,0,1.0,0.0,0.3,1,42,round-robin,0.543250,0.524836
E11,0.2,0.0,0,1.0,0.0,0.3,1,42,oracle,0.670000,1.000000
E11,0.2,0.0,0,1.0,0.0,0.3,1,42,snr-greedy,0.526500,0.462043
E11,0.2,0.0,0,1.0,0.0,0.3,1,42,snr-greedy-loss,0.525000,0.456420
E11,0.2,0.0,0,1.0,0.0,0.3,1,42,snr-mean,0.515250,0.419869
E11,0.2,0.0,0,1.0,0.0,0.3,1,42,belief,0.523750,0.451734
E11,0.2,0.0,0,1.0,0.0,0.3,1,42,belief-pred,0.523750,0.451734
E11,0.2,0.0,0,1.0,0.0,0.3,1,42,ewma,0.577000,0.651359
E11,0.2,0.0,0,1.0,0.0,0.3,1,42,blend-paper,0.568000,0.617619
E11,0.2,0.0,0,1.0,0.0,0.3,1,42,saf-adaptive,0.576250,0.648547
E11,0.2,0.0,0,1.0,0.0,0.3,1,43,random,0.536250,0.483074
E11,0.2,0.0,0,1.0,0.0,0.3,1,43,round-robin,0.540500,0.498628
E11,0.2,0.0,0,1.0,0.0,0.3,1,43,oracle,0.677500,1.000000
E11,0.2,0.0,0,1.0,0.0,0.3,1,43,snr-greedy,0.537000,0.485819
E11,0.2,0.0,0,1.0,0.0,0.3,1,43,snr-greedy-loss,0.528000,0.452882
E11,0.2,0.0,0,1.0,0.0,0.3,1,43,snr-mean,0.490500,0.315645
E11,0.2,0.0,0,1.0,0.0,0.3,1,43,belief,0.522000,0.430924
E11,0.2,0.0,0,1.0,0.0,0.3,1,43,belief-pred,0.522000,0.430924
E11,0.2,0.0,0,1.0,0.0,0.3,1,43,ewma,0.589250,0.677036
E11,0.2,0.0,0,1.0,0.0,0.3,1,43,blend-paper,0.583000,0.654163
E11,0.2,0.0,0,1.0,0.0,0.3,1,43,saf-adaptive,0.597000,0.705398
E11,0.2,0.0,0,1.0,0.0,0.3,1,44,random,0.546250,0.524107
E11,0.2,0.0,0,1.0,0.0,0.3,1,44,round-robin,0.535500,0.485714
E11,0.2,0.0,0,1.0,0.0,0.3,1,44,oracle,0.679500,1.000000
E11,0.2,0.0,0,1.0,0.0,0.3,1,44,snr-greedy,0.528000,0.458929
E11,0.2,0.0,0,1.0,0.0,0.3,1,44,snr-greedy-loss,0.523250,0.441964
E11,0.2,0.0,0,1.0,0.0,0.3,1,44,snr-mean,0.482750,0.297321
E11,0.2,0.0,0,1.0,0.0,0.3,1,44,belief,0.517250,0.420536
E11,0.2,0.0,0,1.0,0.0,0.3,1,44,belief-pred,0.517250,0.420536
E11,0.2,0.0,0,1.0,0.0,0.3,1,44,ewma,0.583500,0.657143
E11,0.2,0.0,0,1.0,0.0,0.3,1,44,blend-paper,0.589250,0.677679
E11,0.2,0.0,0,1.0,0.0,0.3,1,44,saf-adaptive,0.587750,0.672321
E11,0.2,0.0,0,1.0,0.0,0.3,1,45,random,0.520750,0.473829
E11,0.2,0.0,0,1.0,0.0,0.3,1,45,round-robin,0.530750,0.510560
E11,0.2,0.0,0,1.0,0.0,0.3,1,45,oracle,0.664000,1.000000
E11,0.2,0.0,0,1.0,0.0,0.3,1,45,snr-greedy,0.522500,0.480257
E11,0.2,0.0,0,1.0,0.0,0.3,1,45,snr-greedy-loss,0.520500,0.472911
E11,0.2,0.0,0,1.0,0.0,0.3,1,45,snr-mean,0.455750,0.235078
E11,0.2,0.0,0,1.0,0.0,0.3,1,45,belief,0.505250,0.416896
E11,0.2,0.0,0,1.0,0.0,0.3,1,45,belief-pred,0.505250,0.416896
E11,0.2,0.0,0,1.0,0.0,0.3,1,45,ewma,0.576500,0.678604
E11,0.2,0.0,0,1.0,0.0,0.3,1,45,blend-paper,0.571000,0.658402
E11,0.2,0.0,0,1.0,0.0,0.3,1,45,saf-adaptive,0.587000,0.717172
E11,0.2,0.0,0,1.0,0.0,0.3,1,46,random,0.541750,0.504433
E11,0.2,0.0,0,1.0,0.0,0.3,1,46,round-robin,0.536000,0.481773
E11,0.2,0.0,0,1.0,0.0,0.3,1,46,oracle,0.667500,1.000000
E11,0.2,0.0,0,1.0,0.0,0.3,1,46,snr-greedy,0.536250,0.482759
E11,0.2,0.0,0,1.0,0.0,0.3,1,46,snr-greedy-loss,0.532250,0.466995
E11,0.2,0.0,0,1.0,0.0,0.3,1,46,snr-mean,0.496750,0.327094
E11,0.2,0.0,0,1.0,0.0,0.3,1,46,belief,0.532250,0.466995
E11,0.2,0.0,0,1.0,0.0,0.3,1,46,belief-pred,0.532250,0.466995
E11,0.2,0.0,0,1.0,0.0,0.3,1,46,ewma,0.574250,0.632512
E11,0.2,0.0,0,1.0,0.0,0.3,1,46,blend-paper,0.568250,0.608867
E11,0.2,0.0,0,1.0,0.0,0.3,1,46,saf-adaptive,0.568500,0.609852
E11,0.2,0.0,0,1.0,0.0,0.3,1,47,random,0.528250,0.475349
E11,0.2,0.0,0,1.0,0.0,0.3,1,47,round-robin,0.533000,0.493023
E11,0.2,0.0,0,1.0,0.0,0.3,1,47,oracle,0.669250,1.000000
E11,0.2,0.0,0,1.0,0.0,0.3,1,47,snr-greedy,0.524250,0.460465
E11,0.2,0.0,0,1.0,0.0,0.3,1,47,snr-greedy-loss,0.518250,0.438140
E11,0.2,0.0,0,1.0,0.0,0.3,1,47,snr-mean,0.467250,0.248372
E11,0.2,0.0,0,1.0,0.0,0.3,1,47,belief,0.515750,0.428837
E11,0.2,0.0,0,1.0,0.0,0.3,1,47,belief-pred,0.515750,0.428837
E11,0.2,0.0,0,1.0,0.0,0.3,1,47,ewma,0.596500,0.729302
E11,0.2,0.0,0,1.0,0.0,0.3,1,47,blend-paper,0.569750,0.629767
E11,0.2,0.0,0,1.0,0.0,0.3,1,47,saf-adaptive,0.595750,0.726512
E11,0.2,0.0,0,1.0,0.0,0.3,1,48,random,0.543500,0.522059
E11,0.2,0.0,0,1.0,0.0,0.3,1,48,round-robin,0.536750,0.497243
E11,0.2,0.0,0,1.0,0.0,0.3,1,48,oracle,0.673500,1.000000
E11,0.2,0.0,0,1.0,0.0,0.3,1,48,snr-greedy,0.530750,0.475184
E11,0.2,0.0,0,1.0,0.0,0.3,1,48,snr-greedy-loss,0.527500,0.463235
E11,0.2,0.0,0,1.0,0.0,0.3,1,48,snr-mean,0.479500,0.286765
E11,0.2,0.0,0,1.0,0.0,0.3,1,48,belief,0.519250,0.432904
E11,0.2,0.0,0,1.0,0.0,0.3,1,48,belief-pred,0.519250,0.432904
E11,0.2,0.0,0,1.0,0.0,0.3,1,48,ewma,0.558750,0.578125
E11,0.2,0.0,0,1.0,0.0,0.3,1,48,blend-paper,0.562000,0.590074
E11,0.2,0.0,0,1.0,0.0,0.3,1,48,saf-adaptive,0.578250,0.649816
E11,0.2,0.0,0,1.0,0.0,0.3,1,49,random,0.541000,0.484288
E11,0.2,0.0,0,1.0,0.0,0.3,1,49,round-robin,0.548500,0.512015
E11,0.2,0.0,0,1.0,0.0,0.3,1,49,oracle,0.680500,1.000000
E11,0.2,0.0,0,1.0,0.0,0.3,1,49,snr-greedy,0.534750,0.461183
E11,0.2,0.0,0,1.0,0.0,0.3,1,49,snr-greedy-loss,0.527000,0.432532
E11,0.2,0.0,0,1.0,0.0,0.3,1,49,snr-mean,0.498000,0.325323
E11,0.2,0.0,0,1.0,0.0,0.3,1,49,belief,0.523250,0.418669
E11,0.2,0.0,0,1.0,0.0,0.3,1,49,belief-pred,0.523250,0.418669
E11,0.2,0.0,0,1.0,0.0,0.3,1,49,ewma,0.584250,0.644177
E11,0.2,0.0,0,1.0,0.0,0.3,1,49,blend-paper,0.575000,0.609982
E11,0.2,0.0,0,1.0,0.0,0.3,1,49,saf-adaptive,0.574000,0.606285
