mode,n_gw,seed,policy,ties,real,exp,tie,jam
coverage,1,0,random,random,60.6000,61.5250,0.0000,100.0000
coverage,1,0,round-robin,random,60.6000,61.5250,0.0000,100.0000
coverage,1,0,snr-greedy,random,60.6000,61.5250,0.0000,100.0000
coverage,1,0,snr-last,random,60.6000,61.5250,0.0000,100.0000
coverage,1,0,belief,random,60.6000,61.5250,0.0000,100.0000
coverage,1,0,oracle,random,60.6000,61.5250,0.0000,100.0000
coverage,1,1,random,random,61.5500,61.1500,0.0000,100.0000
coverage,1,1,round-robin,random,61.5500,61.1500,0.0000,100.0000
coverage,1,1,snr-greedy,random,61.5500,61.1500,0.0000,100.0000
coverage,1,1,snr-last,random,61.5500,61.1500,0.0000,100.0000
coverage,1,1,belief,random,61.5500,61.1500,0.0000,100.0000
coverage,1,1,oracle,random,61.5500,61.1500,0.0000,100.0000
coverage,1,2,random,random,62.1000,61.7000,0.0000,100.0000
coverage,1,2,round-robin,random,62.1000,61.7000,0.0000,100.0000
coverage,1,2,snr-greedy,random,62.1000,61.7000,0.0000,100.0000
coverage,1,2,snr-last,random,62.1000,61.7000,0.0000,100.0000
coverage,1,2,belief,random,62.1000,61.7000,0.0000,100.0000
coverage,1,2,oracle,random,62.1000,61.7000,0.0000,100.0000
coverage,1,3,random,random,63.2000,63.2750,0.0000,100.0000
coverage,1,3,round-robin,random,63.2000,63.2750,0.0000,100.0000
coverage,1,3,snr-greedy,random,63.2000,63.2750,0.0000,100.0000
coverage,1,3,snr-last,random,63.2000,63.2750,0.0000,100.0000
coverage,1,3,belief,random,63.2000,63.2750,0.0000,100.0000
coverage,1,3,oracle,random,63.2000,63.2750,0.0000,100.0000
coverage,1,4,random,random,62.2000,62.2750,0.0000,100.0000
coverage,1,4,round-robin,random,62.2000,62.2750,0.0000,100.0000
coverage,1,4,snr-greedy,random,62.2000,62.2750,0.0000,100.0000
coverage,1,4,snr-last,random,62.2000,62.2750,0.0000,100.0000
coverage,1,4,belief,random,62.2000,62.2750,0.0000,100.0000
coverage,1,4,oracle,random,62.2000,62.2750,0.0000,100.0000
coverage,1,5,random,random,62.2000,60.3250,0.0000,100.0000
coverage,1,5,round-robin,random,62.2000,60.3250,0.0000,100.0000
coverage,1,5,snr-greedy,random,62.2000,60.3250,0.0000,100.0000
coverage,1,5,snr-last,random,62.2000,60.3250,0.0000,100.0000
coverage,1,5,belief,random,62.2000,60.3250,0.0000,100.0000
coverage,1,5,oracle,random,62.2000,60.3250,0.0000,100.0000
coverage,1,6,random,random,64.8000,63.1250,0.0000,100.0000
coverage,1,6,round-robin,random,64.8000,63.1250,0.0000,100.0000
coverage,1,6,snr-greedy,random,64.8000,63.1250,0.0000,100.0000
coverage,1,6,snr-last,random,64.8000,63.1250,0.0000,100.0000
coverage,1,6,belief,random,64.8000,63.1250,0.0000,100.0000
coverage,1,6,oracle,random,64.8000,63.1250,0.0000,100.0000
coverage,1,7,random,random,62.5500,61.9250,0.0000,100.0000
coverage,1,7,round-robin,random,62.5500,61.9250,0.0000,100.0000
coverage,1,7,snr-greedy,random,62.5500,61.9250,0.0000,100.0000
coverage,1,7,snr-last,random,62.5500,61.9250,0.0000,100.0000
coverage,1,7,belief,random,62.5500,61.9250,0.0000,100.0000
coverage,1,7,oracle,random,62.5500,61.9250,0.0000,100.0000
coverage,1,8,random,random,63.0000,61.9500,0.0000,100.0000
coverage,1,8,round-robin,random,63.0000,61.9500,0.0000,100.0000
coverage,1,8,snr-greedy,random,63.0000,61.9500,0.0000,100.0000
coverage,1,8,snr-last,random,63.0000,61.9500,0.0000,100.0000
coverage,1,8,belief,random,63.0000,61.9500,0.0000,100.0000
coverage,1,8,oracle,random,63.0000,61.9500,0.0000,100.0000
coverage,1,9,random,random,63.0500,63.0000,0.0000,100.0000
coverage,1,9,round-robin,random,63.0500,63.0000,0.0000,100.0000
coverage,1,9,snr-greedy,random,63.0500,63.0000,0.0000,100.0000
coverage,1,9,snr-last,random,63.0500,63.0000,0.0000,100.0000
coverage,1,9,belief,random,63.0500,63.0000,0.0000,100.0000
coverage,1,9,oracle,random,63.0500,63.0000,0.0000,100.0000
coverage,1,10,random,random,62.4000,62.2750,0.0000,100.0000
coverage,1,10,round-robin,random,62.4000,62.2750,0.0000,100.0000
coverage,1,10,snr-greedy,random,62.4000,62.2750,0.0000,100.0000
coverage,1,10,snr-last,random,62.4000,62.2750,0.0000,100.0000
coverage,1,10,belief,random,62.4000,62.2750,0.0000,100.0000
coverage,1,10,oracle,random,62.4000,62.2750,0.0000,100.0000
coverage,1,11,random,random,62.0500,61.3000,0.0000,100.0000
coverage,1,11,round-robin,random,62.0500,61.3000,0.0000,100.0000
coverage,1,11,snr-greedy,random,62.0500,61.3000,0.0000,100.0000
coverage,1,11,snr-last,random,62.0500,61.3000,0.0000,100.0000
coverage,1,11,belief,random,62.0500,61.3000,0.0000,100.0000
coverage,1,11,oracle,random,62.0500,61.3000,0.0000,100.0000
coverage,1,12,random,random,62.6000,62.4250,0.0000,100.0000
coverage,1,12,round-robin,random,62.6000,62.4250,0.0000,100.0000
coverage,1,12,snr-greedy,random,62.6000,62.4250,0.0000,100.0000
coverage,1,12,snr-last,random,62.6000,62.4250,0.0000,100.0000
coverage,1,12,belief,random,62.6000,62.4250,0.0000,100.0000
coverage,1,12,oracle,random,62.6000,62.4250,0.0000,100.0000
coverage,1,13,random,random,62.1500,62.2000,0.0000,100.0000
coverage,1,13,round-robin,random,62.1500,62.2000,0.0000,100.0000
coverage,1,13,snr-greedy,random,62.1500,62.2000,0.0000,100.0000
coverage,1,13,snr-last,random,62.1500,62.2000,0.0000,100.0000
coverage,1,13,belief,random,62.1500,62.2000,0.0000,100.0000
coverage,1,13,oracle,random,62.1500,62.2000,0.0000,100.0000
coverage,1,14,random,random,64.4500,63.1000,0.0000,100.0000
coverage,1,14,round-robin,random,64.4500,63.1000,0.0000,100.0000
coverage,1,14,snr-greedy,random,64.4500,63.1000,0.0000,100.0000
coverage,1,14,snr-last,random,64.4500,63.1000,0.0000,100.0000
coverage,1,14,belief,random,64.4500,63.1000,0.0000,100.0000
coverage,1,14,oracle,random,64.4500,63.1000,0.0000,100.0000
coverage,1,15,random,random,61.5000,62.7000,0.0000,100.0000
coverage,1,15,round-robin,random,61.5000,62.7000,0.0000,100.0000
coverage,1,15,snr-greedy,random,61.5000,62.7000,0.0000,100.0000
coverage,1,15,snr-last,random,61.5000,62.7000,0.0000,100.0000
coverage,1,15,belief,random,61.5000,62.7000,0.0000,100.0000
coverage,1,15,oracle,random,61.5000,62.7000,0.0000,100.0000
coverage,1,16,random,random,61.2500,61.6750,0.0000,100.0000
coverage,1,16,round-robin,random,61.2500,61.6750,0.0000,100.0000
coverage,1,16,snr-greedy,random,61.2500,61.6750,0.0000,100.0000
coverage,1,16,snr-last,random,61.2500,61.6750,0.0000,100.0000
coverage,1,16,belief,random,61.2500,61.6750,0.0000,100.0000
coverage,1,16,oracle,random,61.2500,61.6750,0.0000,100.0000
coverage,1,17,random,random,61.7500,62.3750,0.0000,100.0000
coverage,1,17,round-robin,random,61.7500,62.3750,0.0000,100.0000
coverage,1,17,snr-greedy,random,61.7500,62.3750,0.0000,100.0000
coverage,1,17,snr-last,random,61.7500,62.3750,0.0000,100.0000
coverage,1,17,belief,random,61.7500,62.3750,0.0000,100.0000
coverage,1,17,oracle,random,61.7500,62.3750,0.0000,100.0000
coverage,1,18,random,random,60.1000,60.1500,0.0000,100.0000
coverage,1,18,round-robin,random,60.1000,60.1500,0.0000,100.0000
coverage,1,18,snr-greedy,random,60.1000,60.1500,0.0000,100.0000
coverage,1,18,snr-last,random,60.1000,60.1500,0.0000,100.0000
coverage,1,18,belief,random,60.1000,60.1500,0.0000,100.0000
coverage,1,18,oracle,random,60.1000,60.1500,0.0000,100.0000
coverage,1,19,random,random,64.3000,62.3500,0.0000,100.0000
coverage,1,19,round-robin,random,64.3000,62.3500,0.0000,100.0000
coverage,1,19,snr-greedy,random,64.3000,62.3500,0.0000,100.0000
coverage,1,19,snr-last,random,64.3000,62.3500,0.0000,100.0000
coverage,1,19,belief,random,64.3000,62.3500,0.0000,100.0000
coverage,1,19,oracle,random,64.3000,62.3500,0.0000,100.0000
coverage,1,20,random,random,62.7500,62.6000,0.0000,100.0000
coverage,1,20,round-robin,random,62.7500,62.6000,0.0000,100.0000
coverage,1,20,snr-greedy,random,62.7500,62.6000,0.0000,100.0000
coverage,1,20,snr-last,random,62.7500,62.6000,0.0000,100.0000
coverage,1,20,belief,random,62.7500,62.6000,0.0000,100.0000
coverage,1,20,oracle,random,62.7500,62.6000,0.0000,100.0000
coverage,1,21,random,random,61.1000,60.7500,0.0000,100.0000
coverage,1,21,round-robin,random,61.1000,60.7500,0.0000,100.0000
coverage,1,21,snr-greedy,random,61.1000,60.7500,0.0000,100.0000
coverage,1,21,snr-last,random,61.1000,60.7500,0.0000,100.0000
coverage,1,21,belief,random,61.1000,60.7500,0.0000,100.0000
coverage,1,21,oracle,random,61.1000,60.7500,0.0000,100.0000
coverage,1,22,random,random,60.8500,60.9250,0.0000,100.0000
coverage,1,22,round-robin,random,60.8500,60.9250,0.0000,100.0000
coverage,1,22,snr-greedy,random,60.8500,60.9250,0.0000,100.0000
coverage,1,22,snr-last,random,60.8500,60.9250,0.0000,100.0000
coverage,1,22,belief,random,60.8500,60.9250,0.0000,100.0000
coverage,1,22,oracle,random,60.8500,60.9250,0.0000,100.0000
coverage,1,23,random,random,63.1000,62.1000,0.0000,100.0000
coverage,1,23,round-robin,random,63.1000,62.1000,0.0000,100.0000
coverage,1,23,snr-greedy,random,63.1000,62.1000,0.0000,100.0000
coverage,1,23,snr-last,random,63.1000,62.1000,0.0000,100.0000
coverage,1,23,belief,random,63.1000,62.1000,0.0000,100.0000
coverage,1,23,oracle,random,63.1000,62.1000,0.0000,100.0000
coverage,1,24,random,random,61.8000,61.3000,0.0000,100.0000
coverage,1,24,round-robin,random,61.8000,61.3000,0.0000,100.0000
coverage,1,24,snr-greedy,random,61.8000,61.3000,0.0000,100.0000
coverage,1,24,snr-last,random,61.8000,61.3000,0.0000,100.0000
coverage,1,24,belief,random,61.8000,61.3000,0.0000,100.0000
coverage,1,24,oracle,random,61.8000,61.3000,0.0000,100.0000
coverage,1,25,random,random,61.4000,62.3500,0.0000,100.0000
coverage,1,25,round-robin,random,61.4000,62.3500,0.0000,100.0000
coverage,1,25,snr-greedy,random,61.4000,62.3500,0.0000,100.0000
coverage,1,25,snr-last,random,61.4000,62.3500,0.0000,100.0000
coverage,1,25,belief,random,61.4000,62.3500,0.0000,100.0000
coverage,1,25,oracle,random,61.4000,62.3500,0.0000,100.0000
coverage,1,26,random,random,62.9500,62.4250,0.0000,100.0000
coverage,1,26,round-robin,random,62.9500,62.4250,0.0000,100.0000
coverage,1,26,snr-greedy,random,62.9500,62.4250,0.0000,100.0000
coverage,1,26,snr-last,random,62.9500,62.4250,0.0000,100.0000
coverage,1,26,belief,random,62.9500,62.4250,0.0000,100.0000
coverage,1,26,oracle,random,62.9500,62.4250,0.0000,100.0000
coverage,1,27,random,random,60.5000,62.3000,0.0000,100.0000
coverage,1,27,round-robin,random,60.5000,62.3000,0.0000,100.0000
coverage,1,27,snr-greedy,random,60.5000,62.3000,0.0000,100.0000
coverage,1,27,snr-last,random,60.5000,62.3000,0.0000,100.0000
coverage,1,27,belief,random,60.5000,62.3000,0.0000,100.0000
coverage,1,27,oracle,random,60.5000,62.3000,0.0000,100.0000
coverage,1,28,random,random,60.4500,61.2500,0.0000,100.0000
coverage,1,28,round-robin,random,60.4500,61.2500,0.0000,100.0000
coverage,1,28,snr-greedy,random,60.4500,61.2500,0.0000,100.0000
coverage,1,28,snr-last,random,60.4500,61.2500,0.0000,100.0000
coverage,1,28,belief,random,60.4500,61.2500,0.0000,100.0000
coverage,1,28,oracle,random,60.4500,61.2500,0.0000,100.0000
coverage,1,29,random,random,60.9500,61.9500,0.0000,100.0000
coverage,1,29,round-robin,random,60.9500,61.9500,0.0000,100.0000
coverage,1,29,snr-greedy,random,60.9500,61.9500,0.0000,100.0000
coverage,1,29,snr-last,random,60.9500,61.9500,0.0000,100.0000
coverage,1,29,belief,random,60.9500,61.9500,0.0000,100.0000
coverage,1,29,oracle,random,60.9500,61.9500,0.0000,100.0000
coverage,1,30,random,random,62.3000,62.1250,0.0000,100.0000
coverage,1,30,round-robin,random,62.3000,62.1250,0.0000,100.0000
coverage,1,30,snr-greedy,random,62.3000,62.1250,0.0000,100.0000
coverage,1,30,snr-last,random,62.3000,62.1250,0.0000,100.0000
coverage,1,30,belief,random,62.3000,62.1250,0.0000,100.0000
coverage,1,30,oracle,random,62.3000,62.1250,0.0000,100.0000
coverage,1,31,random,random,61.3500,62.2250,0.0000,100.0000
coverage,1,31,round-robin,random,61.3500,62.2250,0.0000,100.0000
coverage,1,31,snr-greedy,random,61.3500,62.2250,0.0000,100.0000
coverage,1,31,snr-last,random,61.3500,62.2250,0.0000,100.0000
coverage,1,31,belief,random,61.3500,62.2250,0.0000,100.0000
coverage,1,31,oracle,random,61.3500,62.2250,0.0000,100.0000
coverage,1,32,random,random,61.9500,62.8750,0.0000,100.0000
coverage,1,32,round-robin,random,61.9500,62.8750,0.0000,100.0000
coverage,1,32,snr-greedy,random,61.9500,62.8750,0.0000,100.0000
coverage,1,32,snr-last,random,61.9500,62.8750,0.0000,100.0000
coverage,1,32,belief,random,61.9500,62.8750,0.0000,100.0000
coverage,1,32,oracle,random,61.9500,62.8750,0.0000,100.0000
coverage,1,33,random,random,59.6000,60.6500,0.0000,100.0000
coverage,1,33,round-robin,random,59.6000,60.6500,0.0000,100.0000
coverage,1,33,snr-greedy,random,59.6000,60.6500,0.0000,100.0000
coverage,1,33,snr-last,random,59.6000,60.6500,0.0000,100.0000
coverage,1,33,belief,random,59.6000,60.6500,0.0000,100.0000
coverage,1,33,oracle,random,59.6000,60.6500,0.0000,100.0000
coverage,1,34,random,random,62.0000,62.4500,0.0000,100.0000
coverage,1,34,round-robin,random,62.0000,62.4500,0.0000,100.0000
coverage,1,34,snr-greedy,random,62.0000,62.4500,0.0000,100.0000
coverage,1,34,snr-last,random,62.0000,62.4500,0.0000,100.0000
coverage,1,34,belief,random,62.0000,62.4500,0.0000,100.0000
coverage,1,34,oracle,random,62.0000,62.4500,0.0000,100.0000
coverage,1,35,random,random,61.4000,60.4500,0.0000,100.0000
coverage,1,35,round-robin,random,61.4000,60.4500,0.0000,100.0000
coverage,1,35,snr-greedy,random,61.4000,60.4500,0.0000,100.0000
coverage,1,35,snr-last,random,61.4000,60.4500,0.0000,100.0000
coverage,1,35,belief,random,61.4000,60.4500,0.0000,100.0000
coverage,1,35,oracle,random,61.4000,60.4500,0.0000,100.0000
coverage,1,36,random,random,60.5000,60.9500,0.0000,100.0000
coverage,1,36,round-robin,random,60.5000,60.9500,0.0000,100.0000
coverage,1,36,snr-greedy,random,60.5000,60.9500,0.0000,100.0000
coverage,1,36,snr-last,random,60.5000,60.9500,0.0000,100.0000
coverage,1,36,belief,random,60.5000,60.9500,0.0000,100.0000
coverage,1,36,oracle,random,60.5000,60.9500,0.0000,100.0000
coverage,1,37,random,random,63.3000,62.4500,0.0000,100.0000
coverage,1,37,round-robin,random,63.3000,62.4500,0.0000,100.0000
coverage,1,37,snr-greedy,random,63.3000,62.4500,0.0000,100.0000
coverage,1,37,snr-last,random,63.3000,62.4500,0.0000,100.0000
coverage,1,37,belief,random,63.3000,62.4500,0.0000,100.0000
coverage,1,37,oracle,random,63.3000,62.4500,0.0000,100.0000
coverage,1,38,random,random,60.5500,61.7000,0.0000,100.0000
coverage,1,38,round-robin,random,60.5500,61.7000,0.0000,100.0000
coverage,1,38,snr-greedy,random,60.5500,61.7000,0.0000,100.0000
coverage,1,38,snr-last,random,60.5500,61.7000,0.0000,100.0000
coverage,1,38,belief,random,60.5500,61.7000,0.0000,100.0000
coverage,1,38,oracle,random,60.5500,61.7000,0.0000,100.0000
coverage,1,39,random,random,64.0000,62.5000,0.0000,100.0000
coverage,1,39,round-robin,random,64.0000,62.5000,0.0000,100.0000
coverage,1,39,snr-greedy,random,64.0000,62.5000,0.0000,100.0000
coverage,1,39,snr-last,random,64.0000,62.5000,0.0000,100.0000
coverage,1,39,belief,random,64.0000,62.5000,0.0000,100.0000
coverage,1,39,oracle,random,64.0000,62.5000,0.0000,100.0000
coverage,1,40,random,random,62.5000,61.6250,0.0000,100.0000
coverage,1,40,round-robin,random,62.5000,61.6250,0.0000,100.0000
coverage,1,40,snr-greedy,random,62.5000,61.6250,0.0000,100.0000
coverage,1,40,snr-last,random,62.5000,61.6250,0.0000,100.0000
coverage,1,40,belief,random,62.5000,61.6250,0.0000,100.0000
coverage,1,40,oracle,random,62.5000,61.6250,0.0000,100.0000
coverage,1,41,random,random,60.0500,60.6250,0.0000,100.0000
coverage,1,41,round-robin,random,60.0500,60.6250,0.0000,100.0000
coverage,1,41,snr-greedy,random,60.0500,60.6250,0.0000,100.0000
coverage,1,41,snr-last,random,60.0500,60.6250,0.0000,100.0000
coverage,1,41,belief,random,60.0500,60.6250,0.0000,100.0000
coverage,1,41,oracle,random,60.0500,60.6250,0.0000,100.0000
coverage,1,42,random,random,61.3000,62.1250,0.0000,100.0000
coverage,1,42,round-robin,random,61.3000,62.1250,0.0000,100.0000
coverage,1,42,snr-greedy,random,61.3000,62.1250,0.0000,100.0000
coverage,1,42,snr-last,random,61.3000,62.1250,0.0000,100.0000
coverage,1,42,belief,random,61.3000,62.1250,0.0000,100.0000
coverage,1,42,oracle,random,61.3000,62.1250,0.0000,100.0000
coverage,1,43,random,random,61.2000,60.7750,0.0000,100.0000
coverage,1,43,round-robin,random,61.2000,60.7750,0.0000,100.0000
coverage,1,43,snr-greedy,random,61.2000,60.7750,0.0000,100.0000
coverage,1,43,snr-last,random,61.2000,60.7750,0.0000,100.0000
coverage,1,43,belief,random,61.2000,60.7750,0.0000,100.0000
coverage,1,43,oracle,random,61.2000,60.7750,0.0000,100.0000
coverage,1,44,random,random,62.8000,62.4750,0.0000,100.0000
coverage,1,44,round-robin,random,62.8000,62.4750,0.0000,100.0000
coverage,1,44,snr-greedy,random,62.8000,62.4750,0.0000,100.0000
coverage,1,44,snr-last,random,62.8000,62.4750,0.0000,100.0000
coverage,1,44,belief,random,62.8000,62.4750,0.0000,100.0000
coverage,1,44,oracle,random,62.8000,62.4750,0.0000,100.0000
coverage,1,45,random,random,60.7500,61.0250,0.0000,100.0000
coverage,1,45,round-robin,random,60.7500,61.0250,0.0000,100.0000
coverage,1,45,snr-greedy,random,60.7500,61.0250,0.0000,100.0000
coverage,1,45,snr-last,random,60.7500,61.0250,0.0000,100.0000
coverage,1,45,belief,random,60.7500,61.0250,0.0000,100.0000
coverage,1,45,oracle,random,60.7500,61.0250,0.0000,100.0000
coverage,1,46,random,random,61.1000,61.6500,0.0000,100.0000
coverage,1,46,round-robin,random,61.1000,61.6500,0.0000,100.0000
coverage,1,46,snr-greedy,random,61.1000,61.6500,0.0000,100.0000
coverage,1,46,snr-last,random,61.1000,61.6500,0.0000,100.0000
coverage,1,46,belief,random,61.1000,61.6500,0.0000,100.0000
coverage,1,46,oracle,random,61.1000,61.6500,0.0000,100.0000
coverage,1,47,random,random,60.7000,61.0750,0.0000,100.0000
coverage,1,47,round-robin,random,60.7000,61.0750,0.0000,100.0000
coverage,1,47,snr-greedy,random,60.7000,61.0750,0.0000,100.0000
coverage,1,47,snr-last,random,60.7000,61.0750,0.0000,100.0000
coverage,1,47,belief,random,60.7000,61.0750,0.0000,100.0000
coverage,1,47,oracle,random,60.7000,61.0750,0.0000,100.0000
coverage,1,48,random,random,59.0500,60.7750,0.0000,100.0000
coverage,1,48,round-robin,random,59.0500,60.7750,0.0000,100.0000
coverage,1,48,snr-greedy,random,59.0500,60.7750,0.0000,100.0000
coverage,1,48,snr-last,random,59.0500,60.7750,0.0000,100.0000
coverage,1,48,belief,random,59.0500,60.7750,0.0000,100.0000
coverage,1,48,oracle,random,59.0500,60.7750,0.0000,100.0000
coverage,1,49,random,random,62.8500,61.1500,0.0000,100.0000
coverage,1,49,round-robin,random,62.8500,61.1500,0.0000,100.0000
coverage,1,49,snr-greedy,random,62.8500,61.1500,0.0000,100.0000
coverage,1,49,snr-last,random,62.8500,61.1500,0.0000,100.0000
coverage,1,49,belief,random,62.8500,61.1500,0.0000,100.0000
coverage,1,49,oracle,random,62.8500,61.1500,0.0000,100.0000
coverage,2,0,random,random,63.7500,64.2410,0.0000,50.1500
coverage,2,0,round-robin,random,63.8500,64.5500,0.0000,50.0000
coverage,2,0,snr-greedy,random,64.8000,65.7000,51.7500,38.7500
coverage,2,0,snr-last,random,65.7000,67.5510,0.5000,27.9000
coverage,2,0,belief,random,67.3000,68.8480,0.5000,27.9500
coverage,2,0,oracle,random,72.2000,72.9470,0.0000,12.5500
coverage,2,1,random,random,65.7500,65.1150,0.0000,49.7500
coverage,2,1,round-robin,random,65.9000,65.0750,0.0000,50.0000
coverage,2,1,snr-greedy,random,66.0000,65.4320,51.7500,61.5500
coverage,2,1,snr-last,random,68.3000,67.1640,0.7500,24.3500
coverage,2,1,belief,random,67.9000,66.9910,0.7500,55.1500
coverage,2,1,oracle,random,74.3500,73.0760,0.0000,10.4000
coverage,2,2,random,random,64.4000,64.2010,0.0000,49.1500
coverage,2,2,round-robin,random,64.7000,64.7500,0.0000,50.0000
coverage,2,2,snr-greedy,random,64.5000,65.4900,59.7500,54.7500
coverage,2,2,snr-last,random,66.9000,66.8270,0.6500,25.8000
coverage,2,2,belief,random,66.6500,67.1700,0.6500,54.2500
coverage,2,2,oracle,random,72.9500,72.7800,0.0000,13.2500
coverage,2,3,random,random,65.0500,65.9180,0.0000,49.7000
coverage,2,3,round-robin,random,64.6500,65.5500,0.0000,50.0000
coverage,2,3,snr-greedy,random,67.3500,66.9570,46.6500,51.5500
coverage,2,3,snr-last,random,68.1000,68.5130,0.7500,28.9500
coverage,2,3,belief,random,68.0000,68.7330,0.7500,50.7000
coverage,2,3,oracle,random,73.7000,73.7270,0.0000,10.8000
coverage,2,4,random,random,64.1500,64.4440,0.0000,48.8500
coverage,2,4,round-robin,random,62.9000,63.7000,0.0000,50.0000
coverage,2,4,snr-greedy,random,66.0000,65.5440,57.2000,46.3500
coverage,2,4,snr-last,random,66.3500,66.5840,1.4500,26.1000
coverage,2,4,belief,random,66.7000,66.9380,1.4500,43.9500
coverage,2,4,oracle,random,72.0000,72.6060,0.0000,13.6500
coverage,2,5,random,random,64.3000,65.6510,0.0000,49.1500
coverage,2,5,round-robin,random,65.2000,65.7000,0.0000,50.0000
coverage,2,5,snr-greedy,random,66.2500,66.0270,55.4500,53.3000
coverage,2,5,snr-last,random,68.4500,68.3760,1.1000,24.1500
coverage,2,5,belief,random,69.4500,68.3310,1.1000,48.6500
coverage,2,5,oracle,random,74.4000,73.7270,0.0000,12.0500
coverage,2,6,random,random,66.1500,64.9950,0.0000,49.2500
coverage,2,6,round-robin,random,64.3500,64.4500,0.0000,50.0000
coverage,2,6,snr-greedy,random,65.9000,66.2460,61.6000,42.1500
coverage,2,6,snr-last,random,66.8500,67.3350,0.7500,26.5000
coverage,2,6,belief,random,67.5000,68.0180,0.7500,37.2000
coverage,2,6,oracle,random,73.0000,73.3530,0.0000,12.4500
coverage,2,7,random,random,65.8000,65.7490,0.0000,49.6000
coverage,2,7,round-robin,random,66.5500,66.1500,0.0000,50.0000
coverage,2,7,snr-greedy,random,64.8500,66.8280,57.2500,51.2000
coverage,2,7,snr-last,random,68.2000,68.8700,0.9500,28.0000
coverage,2,7,belief,random,67.8000,68.8740,0.9500,49.6000
coverage,2,7,oracle,random,71.7500,73.7710,0.0000,10.9000
coverage,2,8,random,random,65.7500,65.2530,0.0000,49.9500
coverage,2,8,round-robin,random,64.9500,64.8000,0.0000,50.0000
coverage,2,8,snr-greedy,random,65.8000,66.3040,46.3000,47.8500
coverage,2,8,snr-last,random,68.4500,67.8780,0.2000,28.7000
coverage,2,8,belief,random,68.2000,68.4210,0.2000,44.6500
coverage,2,8,oracle,random,74.5500,73.2820,0.0000,11.5500
coverage,2,9,random,random,66.5000,64.7600,0.0000,50.2500
coverage,2,9,round-robin,random,63.5500,64.5750,0.0000,50.0000
coverage,2,9,snr-greedy,random,66.2000,66.0620,43.9000,52.3000
coverage,2,9,snr-last,random,68.7500,67.6600,0.6500,29.0000
coverage,2,9,belief,random,69.0500,68.1770,0.6500,48.3000
coverage,2,9,oracle,random,74.8500,72.9460,0.0000,10.9000
coverage,2,10,random,random,64.6500,64.8790,0.0000,50.3500
coverage,2,10,round-robin,random,64.9000,64.4000,0.0000,50.0000
coverage,2,10,snr-greedy,random,67.6000,65.7460,46.7000,42.1500
coverage,2,10,snr-last,random,68.1500,67.0600,0.5500,30.2500
coverage,2,10,belief,random,68.8000,67.3580,0.5500,40.7000
coverage,2,10,oracle,random,73.9000,72.8480,0.0000,12.9500
coverage,2,11,random,random,66.3000,64.5140,0.0000,50.6000
coverage,2,11,round-robin,random,64.6500,64.4250,0.0000,50.0000
coverage,2,11,snr-greedy,random,66.1000,65.7810,43.3500,52.4000
coverage,2,11,snr-last,random,66.5000,67.3160,1.0500,30.1500
coverage,2,11,belief,random,67.3000,67.8410,1.0500,52.6500
coverage,2,11,oracle,random,72.5500,72.9480,0.0000,14.2000
coverage,2,12,random,random,64.0000,65.2230,0.0000,50.4500
coverage,2,12,round-robin,random,65.8500,65.0750,0.0000,50.0000
coverage,2,12,snr-greedy,random,65.9000,66.2180,67.7000,48.4500
coverage,2,12,snr-last,random,67.4000,67.6480,1.6500,29.2000
coverage,2,12,belief,random,68.4000,67.7700,1.6500,45.5000
coverage,2,12,oracle,random,73.3500,73.3590,0.0000,12.3500
coverage,2,13,random,random,64.7500,65.0240,0.0000,50.8500
coverage,2,13,round-robin,random,64.6500,64.9000,0.0000,50.0000
coverage,2,13,snr-greedy,random,65.9000,66.4280,44.8500,48.7000
coverage,2,13,snr-last,random,67.8500,67.5530,0.8000,26.2000
coverage,2,13,belief,random,69.0000,68.5200,0.8000,45.5000
coverage,2,13,oracle,random,72.8000,73.6390,0.0000,11.8500
coverage,2,14,random,random,64.9000,65.3860,0.0000,49.4000
coverage,2,14,round-robin,random,65.8000,65.4500,0.0000,50.0000
coverage,2,14,snr-greedy,random,66.1000,66.5550,63.3000,45.7500
coverage,2,14,snr-last,random,67.4500,66.7850,1.4000,31.5000
coverage,2,14,belief,random,67.2000,68.4320,1.4000,44.0500
coverage,2,14,oracle,random,72.5000,73.4770,0.0000,12.0500
coverage,2,15,random,random,64.1500,64.6830,0.0000,49.4500
coverage,2,15,round-robin,random,63.3500,64.8500,0.0000,50.0000
coverage,2,15,snr-greedy,random,64.7500,65.4910,39.2000,63.9000
coverage,2,15,snr-last,random,65.9000,66.7680,0.8500,33.4500
coverage,2,15,belief,random,66.2000,67.0120,0.8500,63.5500
coverage,2,15,oracle,random,71.2000,73.1480,0.0000,15.4500
coverage,2,16,random,random,64.6500,65.7250,0.0000,50.0000
coverage,2,16,round-robin,random,63.9500,64.9000,0.0000,50.0000
coverage,2,16,snr-greedy,random,66.0000,65.8350,57.1000,60.2500
coverage,2,16,snr-last,random,65.6000,67.5420,0.9500,34.3000
coverage,2,16,belief,random,68.0500,67.9150,0.9500,57.2500
coverage,2,16,oracle,random,72.1500,73.3160,0.0000,12.6500
coverage,2,17,random,random,64.5000,64.3800,0.0000,50.7500
coverage,2,17,round-robin,random,65.7500,64.3500,0.0000,50.0000
coverage,2,17,snr-greedy,random,66.4500,65.6360,47.2000,49.4000
coverage,2,17,snr-last,random,66.8500,66.3580,1.2500,35.7000
coverage,2,17,belief,random,66.8500,66.7470,1.2500,48.8000
coverage,2,17,oracle,random,73.0500,72.8580,0.0000,14.4500
coverage,2,18,random,random,66.0500,64.4880,0.0000,48.9500
coverage,2,18,round-robin,random,64.6000,64.3750,0.0000,50.0000
coverage,2,18,snr-greedy,random,66.9500,66.4060,42.3000,41.1500
coverage,2,18,snr-last,random,68.4000,67.7390,0.2500,26.8500
coverage,2,18,belief,random,68.8500,68.6150,0.2500,37.2500
coverage,2,18,oracle,random,73.6000,73.1390,0.0000,11.8500
coverage,2,19,random,random,67.0000,66.3950,0.0000,49.2500
coverage,2,19,round-robin,random,68.1000,66.1500,0.0000,50.0000
coverage,2,19,snr-greedy,random,68.5500,67.2300,46.7500,53.2500
coverage,2,19,snr-last,random,70.7000,68.9250,0.6500,26.2500
coverage,2,19,belief,random,69.7000,69.4650,0.6500,47.2500
coverage,2,19,oracle,random,74.2000,73.8740,0.0000,10.8500
coverage,2,20,random,random,65.6000,65.5760,0.0000,49.1500
coverage,2,20,round-robin,random,66.6000,65.4500,0.0000,50.0000
coverage,2,20,snr-greedy,random,65.8000,66.6600,51.7500,44.0000
coverage,2,20,snr-last,random,65.6500,66.9460,0.8500,29.6500
coverage,2,20,belief,random,67.5500,68.2690,0.8500,42.6000
coverage,2,20,oracle,random,71.3500,73.1630,0.0000,11.4500
coverage,2,21,random,random,64.6000,64.8000,0.0000,50.0000
coverage,2,21,round-robin,random,65.3500,64.2750,0.0000,50.0000
coverage,2,21,snr-greedy,random,65.4500,65.2480,49.0500,55.4500
coverage,2,21,snr-last,random,67.2500,66.1870,0.5000,31.0500
coverage,2,21,belief,random,67.0500,67.1910,0.5000,50.1500
coverage,2,21,oracle,random,73.6000,73.1290,0.0000,10.3500
coverage,2,22,random,random,65.2500,64.3470,0.0000,51.3000
coverage,2,22,round-robin,random,63.7500,64.8250,0.0000,50.0000
coverage,2,22,snr-greedy,random,65.8000,65.9440,50.0500,48.8500
coverage,2,22,snr-last,random,67.6000,67.6410,0.8000,23.9000
coverage,2,22,belief,random,68.1500,67.7610,0.8000,45.6500
coverage,2,22,oracle,random,72.4500,73.3130,0.0000,10.2000
coverage,2,23,random,random,67.0500,65.1200,0.0000,50.5000
coverage,2,23,round-robin,random,67.1000,65.3250,0.0000,50.0000
coverage,2,23,snr-greedy,random,67.1000,66.1430,61.3000,53.4500
coverage,2,23,snr-last,random,69.5500,68.5060,0.9000,26.1500
coverage,2,23,belief,random,68.7500,68.1680,0.9000,48.4500
coverage,2,23,oracle,random,74.8000,73.4070,0.0000,10.3000
coverage,2,24,random,random,63.8500,63.9370,0.0000,49.8000
coverage,2,24,round-robin,random,65.0500,64.5500,0.0000,50.0000
coverage,2,24,snr-greedy,random,65.2500,66.6070,45.8000,44.0500
coverage,2,24,snr-last,random,66.5000,67.5680,0.4500,23.4500
coverage,2,24,belief,random,67.7500,68.6260,0.4500,37.9000
coverage,2,24,oracle,random,71.1000,73.0800,0.0000,10.7500
coverage,2,25,random,random,64.9500,65.0470,0.0000,48.8000
coverage,2,25,round-robin,random,65.5500,65.0250,0.0000,50.0000
coverage,2,25,snr-greedy,random,66.0000,65.4930,53.4000,55.9500
coverage,2,25,snr-last,random,66.1500,66.8080,0.4000,30.7000
coverage,2,25,belief,random,69.4000,68.4240,0.4000,52.1000
coverage,2,25,oracle,random,72.4500,73.5430,0.0000,10.9500
coverage,2,26,random,random,66.0000,65.8350,0.0000,49.0000
coverage,2,26,round-robin,random,65.1000,65.7500,0.0000,50.0000
coverage,2,26,snr-greedy,random,64.8500,66.7860,52.5000,48.1500
coverage,2,26,snr-last,random,67.0500,68.2470,1.2500,26.3000
coverage,2,26,belief,random,67.0000,67.8650,1.2500,48.5000
coverage,2,26,oracle,random,71.9000,73.0940,0.0000,11.3500
coverage,2,27,random,random,65.1500,65.5160,0.0000,51.4000
coverage,2,27,round-robin,random,64.6500,65.3500,0.0000,50.0000
coverage,2,27,snr-greedy,random,65.3500,67.4940,37.8000,40.1000
coverage,2,27,snr-last,random,67.8500,68.0860,0.3000,24.4000
coverage,2,27,belief,random,68.3500,69.8530,0.3000,33.7000
coverage,2,27,oracle,random,73.7500,73.6030,0.0000,9.9500
coverage,2,28,random,random,64.9000,65.1050,0.0000,49.5000
coverage,2,28,round-robin,random,63.8500,64.7750,0.0000,50.0000
coverage,2,28,snr-greedy,random,65.4000,65.6340,43.9500,49.8500
coverage,2,28,snr-last,random,66.5500,68.0440,0.5000,25.1000
coverage,2,28,belief,random,67.8500,67.9540,0.5000,42.8500
coverage,2,28,oracle,random,72.2500,73.3990,0.0000,12.1000
coverage,2,29,random,random,65.6500,65.4460,0.0000,49.6500
coverage,2,29,round-robin,random,64.9000,65.2000,0.0000,50.0000
coverage,2,29,snr-greedy,random,68.1500,67.1260,51.2000,40.4000
coverage,2,29,snr-last,random,69.0000,67.9070,1.0000,31.5500
coverage,2,29,belief,random,69.5500,68.8530,1.0000,37.4500
coverage,2,29,oracle,random,73.7500,73.5590,0.0000,11.1000
coverage,2,30,random,random,65.8000,65.8140,0.0000,48.1000
coverage,2,30,round-robin,random,67.0000,65.6000,0.0000,50.0000
coverage,2,30,snr-greedy,random,66.7000,66.1750,65.7000,50.0000
coverage,2,30,snr-last,random,68.7500,67.8530,0.7500,26.2000
coverage,2,30,belief,random,66.6000,66.6470,0.7500,50.0500
coverage,2,30,oracle,random,74.5500,73.5370,0.0000,9.8000
coverage,2,31,random,random,64.9500,65.2880,0.0000,51.4500
coverage,2,31,round-robin,random,65.3500,65.2000,0.0000,50.0000
coverage,2,31,snr-greedy,random,65.0000,65.1220,51.9000,60.0500
coverage,2,31,snr-last,random,67.8500,68.0430,1.2500,30.9500
coverage,2,31,belief,random,65.7500,67.4900,1.2500,57.2500
coverage,2,31,oracle,random,71.0000,72.7540,0.0000,10.3500
coverage,2,32,random,random,64.3000,64.8410,0.0000,50.1500
coverage,2,32,round-robin,random,64.7000,64.4500,0.0000,50.0000
coverage,2,32,snr-greedy,random,66.2000,66.3850,49.8500,40.2500
coverage,2,32,snr-last,random,67.5500,67.5270,0.9500,27.0500
coverage,2,32,belief,random,68.4000,68.7940,0.9500,33.8500
coverage,2,32,oracle,random,73.3500,73.3160,0.0000,13.9000
coverage,2,33,random,random,64.9000,65.2470,0.0000,50.0500
coverage,2,33,round-robin,random,63.6500,65.0750,0.0000,50.0000
coverage,2,33,snr-greedy,random,63.6000,65.6930,59.2500,54.7000
coverage,2,33,snr-last,random,66.8000,67.3960,0.7000,25.9000
coverage,2,33,belief,random,66.3000,67.3540,0.7000,50.3500
coverage,2,33,oracle,random,72.2000,73.2430,0.0000,12.2000
coverage,2,34,random,random,65.5500,64.7370,0.0000,49.8000
coverage,2,34,round-robin,random,66.1500,64.5250,0.0000,50.0000
coverage,2,34,snr-greedy,random,66.5000,65.5290,51.1500,51.6000
coverage,2,34,snr-last,random,68.6500,66.9040,0.4500,35.3500
coverage,2,34,belief,random,69.3000,67.8060,0.4500,47.4000
coverage,2,34,oracle,random,74.3000,73.3940,0.0000,11.3500
coverage,2,35,random,random,64.5000,64.7770,0.0000,49.5500
coverage,2,35,round-robin,random,66.0500,64.9000,0.0000,50.0000
coverage,2,35,snr-greedy,random,65.9000,65.3710,63.8000,50.9000
coverage,2,35,snr-last,random,68.6000,67.3170,1.0000,25.5500
coverage,2,35,belief,random,67.1500,67.6560,1.0000,47.4000
coverage,2,35,oracle,random,73.6000,73.1850,0.0000,10.2500
coverage,2,36,random,random,65.9500,65.0520,0.0000,48.3000
coverage,2,36,round-robin,random,64.0500,65.1250,0.0000,50.0000
coverage,2,36,snr-greedy,random,65.4000,65.8230,44.6500,54.2000
coverage,2,36,snr-last,random,67.6500,68.1370,0.5000,29.8000
coverage,2,36,belief,random,66.6500,67.7580,0.5000,49.4500
coverage,2,36,oracle,random,74.1500,73.3550,0.0000,12.0000
coverage,2,37,random,random,65.9000,65.5830,0.0000,49.4500
coverage,2,37,round-robin,random,63.8500,65.4250,0.0000,50.0000
coverage,2,37,snr-greedy,random,67.1500,66.7250,56.3000,36.2500
coverage,2,37,snr-last,random,69.1500,68.6200,0.7500,30.5000
coverage,2,37,belief,random,70.2000,69.2900,0.7500,34.7500
coverage,2,37,oracle,random,74.3000,73.5220,0.0000,12.5500
coverage,2,38,random,random,63.9000,64.8350,0.0000,52.7500
coverage,2,38,round-robin,random,64.0000,64.8000,0.0000,50.0000
coverage,2,38,snr-greedy,random,64.9000,65.9810,46.4500,48.6500
coverage,2,38,snr-last,random,66.6500,67.7530,0.6000,24.9500
coverage,2,38,belief,random,67.9000,69.1310,0.6000,37.4000
coverage,2,38,oracle,random,73.1000,73.1040,0.0000,14.1000
coverage,2,39,random,random,64.0500,64.9320,0.0000,50.3000
coverage,2,39,round-robin,random,65.9500,65.3000,0.0000,50.0000
coverage,2,39,snr-greedy,random,70.4500,67.7400,48.4000,33.5000
coverage,2,39,snr-last,random,69.4500,68.2300,0.8000,25.7500
coverage,2,39,belief,random,71.3500,69.4620,0.8000,26.0500
coverage,2,39,oracle,random,75.3500,73.1280,0.0000,12.4500
coverage,2,40,random,random,66.0500,64.7430,0.0000,49.7000
coverage,2,40,round-robin,random,67.0500,65.1500,0.0000,50.0000
coverage,2,40,snr-greedy,random,67.5500,66.8510,48.8000,45.4000
coverage,2,40,snr-last,random,70.8500,68.7880,0.6500,23.9500
coverage,2,40,belief,random,69.3500,68.0840,0.6500,41.1000
coverage,2,40,oracle,random,75.9000,73.6150,0.0000,9.7500
coverage,2,41,random,random,65.0500,64.8160,0.0000,50.1500
coverage,2,41,round-robin,random,63.6000,64.5000,0.0000,50.0000
coverage,2,41,snr-greedy,random,64.4500,64.5260,56.0000,60.4000
coverage,2,41,snr-last,random,67.3500,66.8910,0.8000,30.1500
coverage,2,41,belief,random,67.1000,66.7730,0.8000,56.7000
coverage,2,41,oracle,random,74.1000,73.3100,0.0000,12.7500
coverage,2,42,random,random,64.3000,64.5120,0.0000,49.8000
coverage,2,42,round-robin,random,63.7500,64.8750,0.0000,50.0000
coverage,2,42,snr-greedy,random,64.1000,65.2360,50.5500,53.1500
coverage,2,42,snr-last,random,66.6000,67.0090,0.5000,31.1000
coverage,2,42,belief,random,67.7000,67.3510,0.5000,51.6500
coverage,2,42,oracle,random,72.2500,73.2590,0.0000,12.3500
coverage,2,43,random,random,64.1500,64.7720,0.0000,51.3000
coverage,2,43,round-robin,random,64.5500,64.7750,0.0000,50.0000
coverage,2,43,snr-greedy,random,65.8000,65.4890,57.0000,56.8500
coverage,2,43,snr-last,random,66.1000,66.0930,1.2500,32.2000
coverage,2,43,belief,random,68.1500,67.6600,1.2500,52.7500
coverage,2,43,oracle,random,73.9000,73.1320,0.0000,14.0500
coverage,2,44,random,random,66.1000,65.4930,0.0000,50.9500
coverage,2,44,round-robin,random,66.2000,65.1750,0.0000,50.0000
coverage,2,44,snr-greedy,random,66.6500,66.3630,59.2000,47.7000
coverage,2,44,snr-last,random,67.5000,67.5240,1.4000,28.3500
coverage,2,44,belief,random,68.5000,68.1670,1.4000,44.3000
coverage,2,44,oracle,random,73.6000,73.5260,0.0000,12.9000
coverage,2,45,random,random,65.6500,64.8750,0.0000,48.7500
coverage,2,45,round-robin,random,66.4500,65.3750,0.0000,50.0000
coverage,2,45,snr-greedy,random,66.1500,66.5270,47.7500,52.0500
coverage,2,45,snr-last,random,68.0000,67.8470,1.0000,30.0500
coverage,2,45,belief,random,69.2000,68.3800,1.0000,49.5000
coverage,2,45,oracle,random,74.9000,73.8010,0.0000,11.6500
coverage,2,46,random,random,64.3500,65.7820,0.0000,49.0500
coverage,2,46,round-robin,random,64.4000,65.3250,0.0000,50.0000
coverage,2,46,snr-greedy,random,66.1500,67.0020,66.6000,47.0500
coverage,2,46,snr-last,random,66.2000,67.5630,0.7500,26.4500
coverage,2,46,belief,random,66.5500,67.8620,0.7500,42.3000
coverage,2,46,oracle,random,71.9000,73.3490,0.0000,10.8500
coverage,2,47,random,random,63.9000,63.9930,0.0000,48.4500
coverage,2,47,round-robin,random,64.0500,64.0000,0.0000,50.0000
coverage,2,47,snr-greedy,random,64.5000,65.0360,52.4500,53.1500
coverage,2,47,snr-last,random,65.9000,66.2190,0.2000,30.1000
coverage,2,47,belief,random,66.5500,67.2670,0.2000,45.5500
coverage,2,47,oracle,random,73.1000,72.9450,0.0000,10.5000
coverage,2,48,random,random,64.1500,64.4260,0.0000,50.4000
coverage,2,48,round-robin,random,63.8500,64.4000,0.0000,50.0000
coverage,2,48,snr-greedy,random,64.7500,65.5990,52.4500,59.6000
coverage,2,48,snr-last,random,64.5500,65.8470,0.9500,27.5500
coverage,2,48,belief,random,65.9500,67.2190,0.9500,56.3500
coverage,2,48,oracle,random,72.5000,73.1540,0.0000,16.6000
coverage,2,49,random,random,65.5000,65.1780,0.0000,51.2000
coverage,2,49,round-robin,random,65.2000,65.4750,0.0000,50.0000
coverage,2,49,snr-greedy,random,67.6500,66.9310,44.9000,44.9000
coverage,2,49,snr-last,random,69.9000,69.0010,1.2000,30.4000
coverage,2,49,belief,random,70.4000,69.1100,1.2000,36.5000
coverage,2,49,oracle,random,74.1000,73.5650,0.0000,8.5000
coverage,3,0,random,random,64.7500,64.8460,0.0000,33.4000
coverage,3,0,round-robin,random,64.7000,65.1400,0.0000,33.5000
coverage,3,0,snr-greedy,random,67.2000,67.7000,31.7000,33.7500
coverage,3,0,snr-last,random,68.8000,68.4640,0.5000,13.1000
coverage,3,0,belief,random,70.4500,70.4050,0.5500,28.2500
coverage,3,0,oracle,random,74.0500,74.8470,71.5500,1.3000
coverage,3,1,random,random,66.6500,65.6640,0.0000,33.1000
coverage,3,1,round-robin,random,67.2000,65.7150,0.0000,33.5000
coverage,3,1,snr-greedy,random,69.2500,69.2960,26.3500,15.9000
coverage,3,1,snr-last,random,69.3500,69.0180,0.1000,15.9500
coverage,3,1,belief,random,71.0000,72.0520,0.1500,12.0500
coverage,3,1,oracle,random,75.6000,74.8750,74.0500,1.2500
coverage,3,2,random,random,66.6000,65.9160,0.0000,32.6500
coverage,3,2,round-robin,random,65.1000,66.0650,0.0000,33.5000
coverage,3,2,snr-greedy,random,68.5000,68.8720,25.1500,28.8000
coverage,3,2,snr-last,random,69.3000,68.9790,0.2000,15.3500
coverage,3,2,belief,random,71.5500,71.1950,0.3000,24.2500
coverage,3,2,oracle,random,75.3500,74.8730,75.3000,1.7000
coverage,3,3,random,random,65.5000,66.0140,0.0000,33.1000
coverage,3,3,round-robin,random,65.9500,65.5650,0.0000,33.5000
coverage,3,3,snr-greedy,random,67.8500,68.9890,35.8500,26.8500
coverage,3,3,snr-last,random,67.7500,68.4940,0.1500,11.3500
coverage,3,3,belief,random,69.6000,71.0860,0.1500,20.6500
coverage,3,3,oracle,random,73.6000,74.8140,72.9000,1.8500
coverage,3,4,random,random,64.6000,66.3910,0.0000,33.9000
coverage,3,4,round-robin,random,65.1500,65.9150,0.0000,33.5000
coverage,3,4,snr-greedy,random,67.4000,68.3170,46.2500,36.8000
coverage,3,4,snr-last,random,67.9000,67.5070,0.2500,14.0500
coverage,3,4,belief,random,68.1000,69.3320,0.4000,35.3000
coverage,3,4,oracle,random,74.2500,74.7230,72.8000,1.7000
coverage,3,5,random,random,66.2000,66.3050,0.0000,33.2500
coverage,3,5,round-robin,random,67.1500,66.1400,0.0000,33.5000
coverage,3,5,snr-greedy,random,69.6000,69.1080,18.5500,28.2000
coverage,3,5,snr-last,random,69.4500,69.4270,0.0500,13.3000
coverage,3,5,belief,random,71.6000,70.9830,0.0500,25.7000
coverage,3,5,oracle,random,75.3500,74.7090,74.9500,2.3500
coverage,3,6,random,random,66.7500,65.9000,0.0000,32.5000
coverage,3,6,round-robin,random,67.0500,65.8900,0.0000,33.5000
coverage,3,6,snr-greedy,random,68.8000,68.5510,32.1500,34.1500
coverage,3,6,snr-last,random,70.8000,69.5040,0.2000,11.6000
coverage,3,6,belief,random,70.6000,70.3710,0.2500,34.6500
coverage,3,6,oracle,random,74.5500,74.7060,74.6000,2.4000
coverage,3,7,random,random,66.3500,65.8590,0.0000,33.6000
coverage,3,7,round-robin,random,66.0000,65.9900,0.0000,33.5000
coverage,3,7,snr-greedy,random,68.6500,68.6870,31.1000,24.8000
coverage,3,7,snr-last,random,69.8500,69.5720,0.0500,7.5500
coverage,3,7,belief,random,71.5000,71.0440,0.0500,20.1000
coverage,3,7,oracle,random,74.9500,74.7980,73.7000,1.7000
coverage,3,8,random,random,67.4000,66.6740,0.0000,34.6000
coverage,3,8,round-robin,random,68.1000,66.8900,0.0000,33.5000
coverage,3,8,snr-greedy,random,68.2500,69.2260,24.6000,35.4000
coverage,3,8,snr-last,random,69.4000,69.9540,0.1000,12.8500
coverage,3,8,belief,random,69.0500,70.4790,0.3000,32.8500
coverage,3,8,oracle,random,74.4000,74.7820,76.8000,1.5500
coverage,3,9,random,random,65.9500,66.1880,0.0000,32.7000
coverage,3,9,round-robin,random,65.6500,66.2650,0.0000,33.5000
coverage,3,9,snr-greedy,random,70.0000,69.1270,30.9500,28.3000
coverage,3,9,snr-last,random,71.8500,70.6380,0.3000,10.2000
coverage,3,9,belief,random,70.8500,71.3540,0.3500,22.8500
coverage,3,9,oracle,random,75.6500,74.8520,77.8000,0.8000
coverage,3,10,random,random,64.7000,64.3920,0.0000,34.3000
coverage,3,10,round-robin,random,64.9000,65.0900,0.0000,33.5000
coverage,3,10,snr-greedy,random,67.7000,67.3380,36.2000,36.4500
coverage,3,10,snr-last,random,67.3000,67.4000,0.3000,11.2500
coverage,3,10,belief,random,68.5000,69.4200,0.6500,34.2500
coverage,3,10,oracle,random,74.8500,74.8050,68.9000,2.0000
coverage,3,11,random,random,64.1000,65.2900,0.0000,33.5000
coverage,3,11,round-robin,random,65.8000,65.5150,0.0000,33.5000
coverage,3,11,snr-greedy,random,68.3000,68.2330,41.8000,24.4500
coverage,3,11,snr-last,random,69.3000,68.8810,1.0500,14.9000
coverage,3,11,belief,random,69.7500,69.9070,1.0500,22.8000
coverage,3,11,oracle,random,74.9500,74.3630,73.5000,1.4500
coverage,3,12,random,random,66.4500,66.3860,0.0000,34.4000
coverage,3,12,round-robin,random,66.4000,66.6150,0.0000,33.5000
coverage,3,12,snr-greedy,random,68.4000,68.4840,43.7500,29.8500
coverage,3,12,snr-last,random,69.2500,69.7890,0.7500,13.1000
coverage,3,12,belief,random,71.2500,70.6290,0.8500,26.6000
coverage,3,12,oracle,random,75.1500,74.8490,78.2000,0.8500
coverage,3,13,random,random,66.0500,66.1180,0.0000,33.4500
coverage,3,13,round-robin,random,66.0000,65.9400,0.0000,33.5000
coverage,3,13,snr-greedy,random,70.0000,68.0370,36.8500,32.3000
coverage,3,13,snr-last,random,69.2500,68.5150,0.7500,17.2500
coverage,3,13,belief,random,70.8500,70.4960,0.7500,29.6500
coverage,3,13,oracle,random,74.0000,74.9040,73.7500,1.6000
coverage,3,14,random,random,65.6000,65.1370,0.0000,33.5500
coverage,3,14,round-robin,random,65.0000,65.8400,0.0000,33.5000
coverage,3,14,snr-greedy,random,68.3000,68.0280,30.6500,33.7000
coverage,3,14,snr-last,random,68.8000,68.8900,0.8500,9.7500
coverage,3,14,belief,random,70.4000,70.6230,0.8500,34.2000
coverage,3,14,oracle,random,73.5500,74.6870,72.6500,2.3000
coverage,3,15,random,random,65.4000,66.1520,0.0000,33.3000
coverage,3,15,round-robin,random,67.2500,65.7150,0.0000,33.5000
coverage,3,15,snr-greedy,random,68.3000,68.3040,38.4000,29.1000
coverage,3,15,snr-last,random,68.1000,67.3390,0.1500,11.8500
coverage,3,15,belief,random,67.8000,70.7180,0.4000,25.9500
coverage,3,15,oracle,random,73.5000,74.7810,71.4000,2.4000
coverage,3,16,random,random,66.0000,65.6500,0.0000,33.7500
coverage,3,16,round-robin,random,64.0000,65.1150,0.0000,33.5000
coverage,3,16,snr-greedy,random,68.2500,69.1640,31.3500,26.8500
coverage,3,16,snr-last,random,67.9000,69.3130,0.4500,12.7000
coverage,3,16,belief,random,71.2000,71.4210,0.4500,23.4000
coverage,3,16,oracle,random,74.7000,74.6680,74.5000,2.2000
coverage,3,17,random,random,66.7500,66.1430,0.0000,33.4500
coverage,3,17,round-robin,random,65.9000,65.9900,0.0000,33.5000
coverage,3,17,snr-greedy,random,69.2000,68.1320,34.6000,32.8000
coverage,3,17,snr-last,random,70.0000,69.1140,0.1500,13.1000
coverage,3,17,belief,random,71.1000,70.9260,0.2500,31.6500
coverage,3,17,oracle,random,75.4500,74.8650,74.9000,1.0000
coverage,3,18,random,random,65.5500,66.0120,0.0000,32.3000
coverage,3,18,round-robin,random,66.7500,66.0150,0.0000,33.5000
coverage,3,18,snr-greedy,random,69.7000,68.3630,41.6000,33.9500
coverage,3,18,snr-last,random,69.2000,68.3160,0.2000,11.4000
coverage,3,18,belief,random,71.7000,69.8220,0.3000,33.8000
coverage,3,18,oracle,random,75.0000,74.7830,72.3500,1.9500
coverage,3,19,random,random,64.8000,66.0260,0.0000,32.9000
coverage,3,19,round-robin,random,65.6000,66.1400,0.0000,33.5000
coverage,3,19,snr-greedy,random,70.2000,69.8320,26.1000,22.8000
coverage,3,19,snr-last,random,68.7000,68.4630,0.1000,16.4500
coverage,3,19,belief,random,72.4000,71.7120,0.1000,19.8000
coverage,3,19,oracle,random,74.7500,74.8620,74.4000,1.0500
coverage,3,20,random,random,66.6500,66.5480,0.0000,34.2000
coverage,3,20,round-robin,random,66.0500,66.5150,0.0000,33.5000
coverage,3,20,snr-greedy,random,69.0500,68.6260,36.0000,25.4000
coverage,3,20,snr-last,random,69.7000,69.9070,0.4500,11.5500
coverage,3,20,belief,random,70.5000,70.8170,0.7000,23.0500
coverage,3,20,oracle,random,75.2500,74.9060,73.7500,1.1500
coverage,3,21,random,random,66.1000,66.2290,0.0000,34.1000
coverage,3,21,round-robin,random,64.7000,65.6650,0.0000,33.5000
coverage,3,21,snr-greedy,random,67.4000,68.5230,35.4500,24.2000
coverage,3,21,snr-last,random,67.5500,68.7540,0.4000,14.1000
coverage,3,21,belief,random,70.0500,70.6080,0.4000,19.4500
coverage,3,21,oracle,random,75.1500,74.8100,74.7000,1.5000
coverage,3,22,random,random,64.2500,65.0780,0.0000,33.7000
coverage,3,22,round-robin,random,66.5500,65.6900,0.0000,33.5000
coverage,3,22,snr-greedy,random,68.2000,69.1070,30.1000,25.3000
coverage,3,22,snr-last,random,68.9000,68.7310,0.1000,12.4000
coverage,3,22,belief,random,71.0000,71.2260,0.1000,21.6500
coverage,3,22,oracle,random,75.2000,74.7780,74.0500,2.4500
coverage,3,23,random,random,64.7000,65.3690,0.0000,35.1000
coverage,3,23,round-robin,random,67.1500,65.9400,0.0000,33.5000
coverage,3,23,snr-greedy,random,67.7500,68.2290,34.0000,30.3500
coverage,3,23,snr-last,random,70.1500,69.0200,0.2000,14.2500
coverage,3,23,belief,random,70.8000,70.6580,0.3000,25.7000
coverage,3,23,oracle,random,73.8000,74.8520,75.2000,2.0500
coverage,3,24,random,random,65.6000,66.2110,0.0000,33.1500
coverage,3,24,round-robin,random,66.9500,66.1650,0.0000,33.5000
coverage,3,24,snr-greedy,random,68.4500,68.7460,30.5000,32.1500
coverage,3,24,snr-last,random,67.2000,68.9080,0.0500,10.7000
coverage,3,24,belief,random,71.1500,70.8080,0.1500,31.9500
coverage,3,24,oracle,random,74.8500,74.8370,71.3000,2.3000
coverage,3,25,random,random,64.7000,66.5570,0.0000,31.5500
coverage,3,25,round-robin,random,66.0000,66.0400,0.0000,33.5000
coverage,3,25,snr-greedy,random,68.4000,69.5250,14.2500,23.7500
coverage,3,25,snr-last,random,69.6500,70.1610,0.0500,10.6500
coverage,3,25,belief,random,70.6000,71.8070,0.0500,21.5500
coverage,3,25,oracle,random,73.8500,74.7690,76.0000,1.3500
coverage,3,26,random,random,65.5000,66.1330,0.0000,31.9500
coverage,3,26,round-robin,random,66.3000,65.8900,0.0000,33.5000
coverage,3,26,snr-greedy,random,68.6500,68.9450,31.6000,26.7500
coverage,3,26,snr-last,random,69.3500,69.3890,0.1500,13.1000
coverage,3,26,belief,random,70.8500,70.7840,0.3000,26.1000
coverage,3,26,oracle,random,73.5000,74.6160,74.2000,1.4000
coverage,3,27,random,random,66.3500,67.1310,0.0000,33.6500
coverage,3,27,round-robin,random,65.6500,66.7400,0.0000,33.5000
coverage,3,27,snr-greedy,random,69.8500,69.3650,33.1000,27.2500
coverage,3,27,snr-last,random,69.7000,69.8860,0.3500,13.1500
coverage,3,27,belief,random,70.1500,70.7390,0.4500,28.1000
coverage,3,27,oracle,random,72.8000,74.8340,78.1000,1.1000
coverage,3,28,random,random,65.5500,66.0890,0.0000,33.1000
coverage,3,28,round-robin,random,65.5500,65.6650,0.0000,33.5000
coverage,3,28,snr-greedy,random,67.4500,68.3810,32.0500,31.1500
coverage,3,28,snr-last,random,68.1000,68.3150,0.3500,14.7500
coverage,3,28,belief,random,69.5000,69.9780,0.5000,27.4500
coverage,3,28,oracle,random,73.4000,74.6580,72.2000,1.9500
coverage,3,29,random,random,65.4500,66.5220,0.0000,33.8000
coverage,3,29,round-robin,random,66.4500,66.7150,0.0000,33.5000
coverage,3,29,snr-greedy,random,68.7500,68.5570,31.5500,32.8000
coverage,3,29,snr-last,random,70.2000,69.9470,0.3000,16.3000
coverage,3,29,belief,random,72.2000,70.5760,0.3000,31.6500
coverage,3,29,oracle,random,76.8000,74.6500,78.0000,1.2500
coverage,3,30,random,random,66.7500,66.8510,0.0000,31.6500
coverage,3,30,round-robin,random,65.7500,66.5900,0.0000,33.5000
coverage,3,30,snr-greedy,random,69.2500,68.5160,32.5000,33.9000
coverage,3,30,snr-last,random,68.9500,68.9180,0.4500,10.9500
coverage,3,30,belief,random,71.1000,70.4690,0.6000,33.8500
coverage,3,30,oracle,random,74.6500,74.8850,72.8500,1.5000
coverage,3,31,random,random,62.1000,64.4440,0.0000,35.1000
coverage,3,31,round-robin,random,66.2500,65.3650,0.0000,33.5000
coverage,3,31,snr-greedy,random,65.9000,67.6590,40.7000,27.3500
coverage,3,31,snr-last,random,64.9500,67.0280,0.1500,13.7000
coverage,3,31,belief,random,68.7500,69.5450,0.3000,21.7500
coverage,3,31,oracle,random,73.8500,74.7120,71.8000,2.3000
coverage,3,32,random,random,63.6500,65.6200,0.0000,33.0000
coverage,3,32,round-robin,random,64.4000,65.2650,0.0000,33.5000
coverage,3,32,snr-greedy,random,66.9000,67.9630,30.0000,35.2000
coverage,3,32,snr-last,random,69.0500,68.9590,0.3500,16.1000
coverage,3,32,belief,random,69.9000,70.6160,0.3500,32.6500
coverage,3,32,oracle,random,75.0000,74.7650,72.1000,2.2500
coverage,3,33,random,random,64.6500,65.8520,0.0000,33.3000
coverage,3,33,round-robin,random,65.5500,65.9400,0.0000,33.5000
coverage,3,33,snr-greedy,random,69.0000,68.6100,30.0500,36.5000
coverage,3,33,snr-last,random,68.1000,68.6310,0.2000,16.1500
coverage,3,33,belief,random,71.3000,70.6650,0.5500,32.2500
coverage,3,33,oracle,random,73.8500,74.7520,74.0000,2.0500
coverage,3,34,random,random,65.8500,65.6650,0.0000,33.5000
coverage,3,34,round-robin,random,66.5500,65.8900,0.0000,33.5000
coverage,3,34,snr-greedy,random,70.3000,68.4900,33.3000,26.0000
coverage,3,34,snr-last,random,69.8000,68.8800,0.2000,13.2500
coverage,3,34,belief,random,71.4000,70.9600,0.2500,20.2500
coverage,3,34,oracle,random,75.1000,74.7260,74.8500,1.6500
coverage,3,35,random,random,66.8000,66.3280,0.0000,33.7000
coverage,3,35,round-robin,random,66.5500,66.1400,0.0000,33.5000
coverage,3,35,snr-greedy,random,68.7500,67.9260,36.6500,31.6500
coverage,3,35,snr-last,random,68.0500,69.1950,0.2000,14.2500
coverage,3,35,belief,random,70.9000,70.1270,0.2000,32.0500
coverage,3,35,oracle,random,74.5000,74.6950,73.1500,1.7500
coverage,3,36,random,random,65.6000,65.3000,0.0000,31.2500
coverage,3,36,round-robin,random,66.7000,65.3650,0.0000,33.5000
coverage,3,36,snr-greedy,random,68.8000,67.6320,31.9000,30.3000
coverage,3,36,snr-last,random,69.2000,67.9340,0.1000,9.8500
coverage,3,36,belief,random,71.5000,70.2750,0.1500,30.0000
coverage,3,36,oracle,random,74.7000,74.8180,70.5000,2.2000
coverage,3,37,random,random,65.0500,65.7910,0.0000,32.6500
coverage,3,37,round-robin,random,63.2500,65.2150,0.0000,33.5000
coverage,3,37,snr-greedy,random,67.6500,67.7860,29.1000,36.9000
coverage,3,37,snr-last,random,67.8500,68.6560,0.1500,12.4000
coverage,3,37,belief,random,69.3500,70.3490,0.2500,34.6000
coverage,3,37,oracle,random,75.5000,74.7470,71.1500,1.3000
coverage,3,38,random,random,66.1500,65.6800,0.0000,37.0000
coverage,3,38,round-robin,random,66.1500,66.1650,0.0000,33.5000
coverage,3,38,snr-greedy,random,68.7500,69.1600,19.9000,21.5000
coverage,3,38,snr-last,random,68.9000,69.8700,0.0000,13.0000
coverage,3,38,belief,random,70.2500,71.5040,0.0000,20.3500
coverage,3,38,oracle,random,75.0500,74.8050,74.4500,2.0000
coverage,3,39,random,random,67.8000,66.1530,0.0000,33.7000
coverage,3,39,round-robin,random,67.8000,66.2650,0.0000,33.5000
coverage,3,39,snr-greedy,random,69.2000,68.5120,37.6500,37.3000
coverage,3,39,snr-last,random,68.1500,68.5600,0.2500,12.7500
coverage,3,39,belief,random,70.3500,70.5720,0.3000,33.8000
coverage,3,39,oracle,random,73.4000,74.8010,73.2000,1.6500
coverage,3,40,random,random,67.2500,66.1920,0.0000,34.3000
coverage,3,40,round-robin,random,65.7500,66.3150,0.0000,33.5000
coverage,3,40,snr-greedy,random,69.1500,67.9670,26.1000,39.3000
coverage,3,40,snr-last,random,70.4000,69.7060,0.0000,13.6500
coverage,3,40,belief,random,69.9500,70.4150,0.3500,38.5000
coverage,3,40,oracle,random,75.3000,74.8630,74.8000,1.4500
coverage,3,41,random,random,65.3500,65.4680,0.0000,33.4500
coverage,3,41,round-robin,random,65.5500,66.2400,0.0000,33.5000
coverage,3,41,snr-greedy,random,68.7000,68.6060,25.0500,29.9000
coverage,3,41,snr-last,random,69.8000,69.4690,0.2000,11.3500
coverage,3,41,belief,random,71.4500,70.5250,0.2000,27.5000
coverage,3,41,oracle,random,73.9500,74.6450,74.5000,1.7500
coverage,3,42,random,random,65.7000,66.0540,0.0000,32.8500
coverage,3,42,round-robin,random,66.0500,65.7150,0.0000,33.5000
coverage,3,42,snr-greedy,random,69.1000,68.4980,30.3500,26.7000
coverage,3,42,snr-last,random,69.4500,68.9640,0.5000,10.6000
coverage,3,42,belief,random,70.4500,70.3610,0.5500,24.4000
coverage,3,42,oracle,random,77.0500,74.6620,73.6500,1.0500
coverage,3,43,random,random,66.9500,66.0380,0.0000,32.7000
coverage,3,43,round-robin,random,66.0500,65.5400,0.0000,33.5000
coverage,3,43,snr-greedy,random,69.1500,68.8480,27.0500,21.7000
coverage,3,43,snr-last,random,68.7000,68.4310,0.2500,12.4000
coverage,3,43,belief,random,72.1500,70.5550,0.3500,19.5000
coverage,3,43,oracle,random,74.0500,74.6590,74.0500,2.3500
coverage,3,44,random,random,66.7500,66.7460,0.0000,33.4000
coverage,3,44,round-robin,random,68.3500,66.3400,0.0000,33.5000
coverage,3,44,snr-greedy,random,68.7500,69.0220,28.3000,30.0500
coverage,3,44,snr-last,random,68.6000,68.7420,0.1500,13.0500
coverage,3,44,belief,random,70.3500,71.5320,0.3500,26.5500
coverage,3,44,oracle,random,73.9500,74.8250,77.6500,1.2500
coverage,3,45,random,random,65.9000,66.2870,0.0000,32.3000
coverage,3,45,round-robin,random,66.2500,66.0900,0.0000,33.5000
coverage,3,45,snr-greedy,random,66.8000,67.8840,24.9000,38.6000
coverage,3,45,snr-last,random,69.3000,69.3940,0.2000,13.8500
coverage,3,45,belief,random,69.7000,70.7720,0.3000,35.0500
coverage,3,45,oracle,random,74.6000,74.8460,76.2000,0.9000
coverage,3,46,random,random,64.9000,64.4490,0.0000,33.3500
coverage,3,46,round-robin,random,63.4500,64.5400,0.0000,33.5000
coverage,3,46,snr-greedy,random,68.2500,68.1370,24.3000,31.0500
coverage,3,46,snr-last,random,68.7500,66.9540,0.1000,12.8500
coverage,3,46,belief,random,69.5000,70.4930,0.1000,28.4500
coverage,3,46,oracle,random,74.3000,74.4770,69.4500,2.0500
coverage,3,47,random,random,66.4000,66.4850,0.0000,32.7500
coverage,3,47,round-robin,random,66.7000,66.5150,0.0000,33.5000
coverage,3,47,snr-greedy,random,68.2500,68.8800,27.8000,33.2500
coverage,3,47,snr-last,random,68.5000,68.7730,0.1000,11.7000
coverage,3,47,belief,random,71.1000,71.1930,0.1000,29.7000
coverage,3,47,oracle,random,75.6000,74.8250,74.6000,1.2500
coverage,3,48,random,random,66.1500,66.2620,0.0000,32.3000
coverage,3,48,round-robin,random,66.3000,66.4650,0.0000,33.5000
coverage,3,48,snr-greedy,random,69.0500,69.4450,21.8000,28.0000
coverage,3,48,snr-last,random,68.9500,69.8300,0.2500,13.2500
coverage,3,48,belief,random,71.0000,71.9620,0.2500,23.5500
coverage,3,48,oracle,random,73.1000,74.8750,75.3000,1.2500
coverage,3,49,random,random,65.3000,65.3070,0.0000,34.0500
coverage,3,49,round-robin,random,65.8000,66.0150,0.0000,33.5000
coverage,3,49,snr-greedy,random,67.5000,68.5610,31.5000,35.6500
coverage,3,49,snr-last,random,71.5500,69.5730,0.4000,15.4500
coverage,3,49,belief,random,70.5500,69.8410,0.4500,33.9000
coverage,3,49,oracle,random,74.7000,74.8140,72.5000,1.8500
coverage,4,0,random,random,66.1000,66.4460,0.0000,24.6500
coverage,4,0,round-robin,random,66.0000,66.3500,0.0000,25.0000
coverage,4,0,snr-greedy,random,70.5500,70.0160,20.0500,26.4000
coverage,4,0,snr-last,random,68.0500,68.4990,0.0000,7.1000
coverage,4,0,belief,random,71.6000,71.0870,0.1000,24.8000
coverage,4,0,oracle,random,74.1000,74.9730,93.6000,0.4500
coverage,4,1,random,random,67.3000,65.7800,0.0000,24.5000
coverage,4,1,round-robin,random,65.4500,65.7750,0.0000,25.0000
coverage,4,1,snr-greedy,random,70.1000,70.9060,23.6000,11.1500
coverage,4,1,snr-last,random,67.2500,68.5980,0.3500,6.7000
coverage,4,1,belief,random,71.9000,72.5450,0.4000,6.7500
coverage,4,1,oracle,random,74.9500,74.9200,93.6500,0.5000
coverage,4,2,random,random,66.4500,66.6260,0.0000,24.1500
coverage,4,2,round-robin,random,67.1500,66.2500,0.0000,25.0000
coverage,4,2,snr-greedy,random,71.8000,70.4930,14.3500,20.9500
coverage,4,2,snr-last,random,69.1500,69.3500,0.1000,8.7500
coverage,4,2,belief,random,73.6500,72.4310,0.1000,19.9000
coverage,4,2,oracle,random,75.1500,74.9850,94.7500,0.2500
coverage,4,3,random,random,66.7500,67.0950,0.0000,24.2500
coverage,4,3,round-robin,random,65.8500,67.0000,0.0000,25.0000
coverage,4,3,snr-greedy,random,70.3000,70.9340,17.5000,14.8500
coverage,4,3,snr-last,random,69.5500,69.7790,0.1000,7.8500
coverage,4,3,belief,random,72.2000,72.2350,0.1500,12.7500
coverage,4,3,oracle,random,74.9000,74.9630,95.0500,0.2000
coverage,4,4,random,random,66.7000,66.1500,0.0000,25.0000
coverage,4,4,round-robin,random,65.7000,66.3250,0.0000,25.0000
coverage,4,4,snr-greedy,random,68.0500,68.8040,31.6500,24.1000
coverage,4,4,snr-last,random,68.7500,69.5070,0.2500,7.8000
coverage,4,4,belief,random,69.8000,71.0580,0.3000,23.2000
coverage,4,4,oracle,random,74.4000,74.9450,94.2000,0.5000
coverage,4,5,random,random,67.0500,66.3010,0.0000,25.4000
coverage,4,5,round-robin,random,66.3000,66.1250,0.0000,25.0000
coverage,4,5,snr-greedy,random,69.4500,69.5010,18.8000,22.9000
coverage,4,5,snr-last,random,69.6500,69.4770,0.0000,7.0500
coverage,4,5,belief,random,71.7000,71.9320,0.0000,20.3000
coverage,4,5,oracle,random,74.0500,74.9760,94.0000,0.4000
coverage,4,6,random,random,68.0500,65.8860,0.0000,24.4000
coverage,4,6,round-robin,random,66.5500,66.1750,0.0000,25.0000
coverage,4,6,snr-greedy,random,69.3000,69.6510,19.8000,25.4000
coverage,4,6,snr-last,random,67.2500,68.8080,0.1500,6.9500
coverage,4,6,belief,random,71.3500,71.9100,0.2000,24.0000
coverage,4,6,oracle,random,74.0500,74.9040,93.2500,0.3500
coverage,4,7,random,random,66.0500,67.1580,0.0000,24.4500
coverage,4,7,round-robin,random,66.1500,67.0250,0.0000,25.0000
coverage,4,7,snr-greedy,random,70.4000,70.5710,20.8000,17.1500
coverage,4,7,snr-last,random,70.2500,69.0250,0.1500,5.0000
coverage,4,7,belief,random,71.4000,72.2780,0.1500,14.9500
coverage,4,7,oracle,random,75.5500,74.9880,95.7500,0.2000
coverage,4,8,random,random,66.4500,66.6260,0.0000,25.4000
coverage,4,8,round-robin,random,67.8500,66.2500,0.0000,25.0000
coverage,4,8,snr-greedy,random,69.3000,69.8470,22.3000,27.5500
coverage,4,8,snr-last,random,70.3500,69.2890,0.1500,6.8500
coverage,4,8,belief,random,71.1000,71.8880,0.2000,23.9500
coverage,4,8,oracle,random,74.3500,74.8820,93.5500,0.3000
coverage,4,9,random,random,69.2000,66.8700,0.0000,25.5000
coverage,4,9,round-robin,random,67.6500,66.7250,0.0000,25.0000
coverage,4,9,snr-greedy,random,70.1500,70.7550,20.0500,20.7500
coverage,4,9,snr-last,random,70.4500,68.9610,0.2000,6.9000
coverage,4,9,belief,random,72.7000,72.2360,0.2000,19.4000
coverage,4,9,oracle,random,75.7500,74.9820,94.4500,0.3000
coverage,4,10,random,random,66.7000,65.0780,0.0000,26.2000
coverage,4,10,round-robin,random,65.2000,65.0000,0.0000,25.0000
coverage,4,10,snr-greedy,random,69.0500,69.0090,24.2000,26.1000
coverage,4,10,snr-last,random,69.7500,69.1620,0.2500,9.8000
coverage,4,10,belief,random,72.0500,71.6820,0.2500,22.8000
coverage,4,10,oracle,random,74.7500,74.9330,93.0000,0.7000
coverage,4,11,random,random,67.7000,67.1930,0.0000,24.7000
coverage,4,11,round-robin,random,68.6000,67.0500,0.0000,25.0000
coverage,4,11,snr-greedy,random,72.1500,69.9780,30.9500,14.9500
coverage,4,11,snr-last,random,70.6500,69.5510,0.0500,6.6500
coverage,4,11,belief,random,73.0000,71.6850,0.0500,12.7500
coverage,4,11,oracle,random,76.2000,74.9630,93.9500,0.2000
coverage,4,12,random,random,64.5000,65.5810,0.0000,26.1500
coverage,4,12,round-robin,random,65.9000,66.6750,0.0000,25.0000
coverage,4,12,snr-greedy,random,70.1000,69.5900,33.5500,18.5000
coverage,4,12,snr-last,random,67.8500,68.9510,0.8500,9.1500
coverage,4,12,belief,random,71.8000,71.9060,1.0000,16.1500
coverage,4,12,oracle,random,73.9000,74.9750,95.8000,0.0000
coverage,4,13,random,random,66.8000,66.4750,0.0000,26.2500
coverage,4,13,round-robin,random,67.2000,67.4500,0.0000,25.0000
coverage,4,13,snr-greedy,random,70.7500,70.3310,22.3500,22.4000
coverage,4,13,snr-last,random,70.0000,69.6790,0.0000,9.1000
coverage,4,13,belief,random,73.0000,72.2680,0.1500,19.7000
coverage,4,13,oracle,random,76.1500,74.9660,96.0500,0.1500
coverage,4,14,random,random,66.0500,66.2190,0.0000,23.8500
coverage,4,14,round-robin,random,63.3000,66.3250,0.0000,25.0000
coverage,4,14,snr-greedy,random,68.1500,69.7290,18.3500,22.8500
coverage,4,14,snr-last,random,69.2500,69.6280,0.1500,6.2000
coverage,4,14,belief,random,70.7000,72.0610,0.4000,21.9000
coverage,4,14,oracle,random,73.0000,74.9510,95.3500,0.4000
coverage,4,15,random,random,64.5000,66.3750,0.0000,25.0000
coverage,4,15,round-robin,random,65.4500,65.8750,0.0000,25.0000
coverage,4,15,snr-greedy,random,69.6000,69.4130,30.1500,20.2000
coverage,4,15,snr-last,random,70.3000,69.9150,0.3000,7.2500
coverage,4,15,belief,random,70.9000,71.5990,0.4500,18.3500
coverage,4,15,oracle,random,73.8500,74.9130,93.7500,0.2000
coverage,4,16,random,random,64.6500,65.4130,0.0000,23.9500
coverage,4,16,round-robin,random,64.7000,65.3750,0.0000,25.0000
coverage,4,16,snr-greedy,random,70.9000,70.1870,16.5000,14.8000
coverage,4,16,snr-last,random,68.1000,68.5270,0.1000,8.3000
coverage,4,16,belief,random,72.4000,72.3640,0.2000,13.1000
coverage,4,16,oracle,random,74.2000,74.9700,93.5500,0.5000
coverage,4,17,random,random,69.0000,66.8950,0.0000,25.5000
coverage,4,17,round-robin,random,66.4500,67.0750,0.0000,25.0000
coverage,4,17,snr-greedy,random,70.9000,70.3430,26.1000,22.2000
coverage,4,17,snr-last,random,69.0500,69.1130,0.4000,7.7000
coverage,4,17,belief,random,72.4000,72.0340,0.5500,21.1000
coverage,4,17,oracle,random,74.7000,74.9970,94.9000,0.0500
coverage,4,18,random,random,66.5500,66.1840,0.0000,23.6000
coverage,4,18,round-robin,random,67.0000,65.6750,0.0000,25.0000
coverage,4,18,snr-greedy,random,69.5500,69.2680,25.2000,22.2000
coverage,4,18,snr-last,random,69.0500,68.6930,0.0000,7.2000
coverage,4,18,belief,random,72.7000,72.1260,0.0000,20.4000
coverage,4,18,oracle,random,74.2000,74.9320,93.1500,0.3000
coverage,4,19,random,random,65.9000,66.2090,0.0000,26.1000
coverage,4,19,round-robin,random,68.8000,66.8750,0.0000,25.0000
coverage,4,19,snr-greedy,random,72.5500,70.6730,18.7000,15.4500
coverage,4,19,snr-last,random,69.5500,69.4500,0.3000,7.5000
coverage,4,19,belief,random,73.9500,72.3510,0.6500,14.1500
coverage,4,19,oracle,random,76.4500,74.9970,95.3500,0.0500
coverage,4,20,random,random,65.8000,66.8550,0.0000,24.5000
coverage,4,20,round-robin,random,67.4500,66.4000,0.0000,25.0000
coverage,4,20,snr-greedy,random,69.8500,69.7380,24.3000,15.2000
coverage,4,20,snr-last,random,68.4000,69.4010,0.1500,7.9000
coverage,4,20,belief,random,72.1000,71.8020,0.1500,13.3000
coverage,4,20,oracle,random,73.7000,74.9570,93.8500,0.3000
coverage,4,21,random,random,67.5500,66.9130,0.0000,25.2000
coverage,4,21,round-robin,random,66.1000,66.3000,0.0000,25.0000
coverage,4,21,snr-greedy,random,70.6500,69.5800,26.9000,18.2500
coverage,4,21,snr-last,random,71.8000,69.8930,0.2500,7.2000
coverage,4,21,belief,random,71.8500,71.7210,0.3000,15.9000
coverage,4,21,oracle,random,75.2000,74.9910,93.8000,0.1500
coverage,4,22,random,random,63.8500,64.9380,0.0000,26.4500
coverage,4,22,round-robin,random,64.1000,65.8750,0.0000,25.0000
coverage,4,22,snr-greedy,random,69.5500,70.1150,21.5000,14.7500
coverage,4,22,snr-last,random,68.2000,68.6680,0.3000,9.7000
coverage,4,22,belief,random,71.3000,72.0280,0.3000,12.4500
coverage,4,22,oracle,random,73.8500,74.8700,93.0000,0.5000
coverage,4,23,random,random,67.2500,66.7550,0.0000,25.7500
coverage,4,23,round-robin,random,66.5500,66.6750,0.0000,25.0000
coverage,4,23,snr-greedy,random,73.3500,70.2400,21.0000,21.0000
coverage,4,23,snr-last,random,67.8500,68.7560,0.2500,7.4000
coverage,4,23,belief,random,73.4500,71.8120,0.2500,19.8000
coverage,4,23,oracle,random,75.5500,74.9940,95.4500,0.1000
coverage,4,24,random,random,66.9000,66.0140,0.0000,25.6000
coverage,4,24,round-robin,random,65.8500,66.0250,0.0000,25.0000
coverage,4,24,snr-greedy,random,70.8000,69.8260,19.0000,21.6500
coverage,4,24,snr-last,random,67.9000,68.0590,0.1000,6.1000
coverage,4,24,belief,random,72.1500,71.8110,0.1000,21.9000
coverage,4,24,oracle,random,73.9500,74.9600,93.9500,0.2500
coverage,4,25,random,random,67.6000,66.9320,0.0000,25.3000
coverage,4,25,round-robin,random,65.8500,66.3500,0.0000,25.0000
coverage,4,25,snr-greedy,random,68.9500,71.0710,8.6500,18.4000
coverage,4,25,snr-last,random,67.6500,69.9100,0.0000,7.7500
coverage,4,25,belief,random,70.9500,73.1010,0.0500,16.6500
coverage,4,25,oracle,random,73.8500,74.9570,94.8500,0.3000
coverage,4,26,random,random,66.5000,66.6560,0.0000,24.9000
coverage,4,26,round-robin,random,66.4000,67.3500,0.0000,25.0000
coverage,4,26,snr-greedy,random,71.2000,70.8400,18.6000,17.2500
coverage,4,26,snr-last,random,71.4500,69.7920,0.2000,11.8000
coverage,4,26,belief,random,72.1000,72.6660,0.5000,16.4000
coverage,4,26,oracle,random,75.3500,74.9940,94.9000,0.1000
coverage,4,27,random,random,65.6500,66.8700,0.0000,26.7500
coverage,4,27,round-robin,random,67.0500,67.0250,0.0000,25.0000
coverage,4,27,snr-greedy,random,67.8500,69.7410,23.5500,18.9000
coverage,4,27,snr-last,random,67.5500,68.5440,0.2000,7.6000
coverage,4,27,belief,random,70.4000,71.6030,0.3500,18.7000
coverage,4,27,oracle,random,73.9000,74.9640,94.4000,0.6000
coverage,4,28,random,random,66.7500,66.3370,0.0000,23.5500
coverage,4,28,round-robin,random,67.3000,66.2750,0.0000,25.0000
coverage,4,28,snr-greedy,random,69.7500,69.1500,30.6000,23.7500
coverage,4,28,snr-last,random,69.0000,68.8010,0.4000,6.6500
coverage,4,28,belief,random,72.5000,72.0200,0.5000,18.0000
coverage,4,28,oracle,random,74.1500,74.9540,94.6000,0.3500
coverage,4,29,random,random,66.6000,66.0880,0.0000,26.4500
coverage,4,29,round-robin,random,64.7500,66.1750,0.0000,25.0000
coverage,4,29,snr-greedy,random,69.0000,69.8790,17.7500,20.3500
coverage,4,29,snr-last,random,67.8500,68.8460,0.1000,9.6500
coverage,4,29,belief,random,71.5500,72.2160,0.1000,20.1500
coverage,4,29,oracle,random,74.2500,74.9880,93.2500,0.2000
coverage,4,30,random,random,66.7000,66.2380,0.0000,22.7000
coverage,4,30,round-robin,random,66.8000,66.2250,0.0000,25.0000
coverage,4,30,snr-greedy,random,70.7000,70.1400,24.4000,21.0000
coverage,4,30,snr-last,random,68.5000,69.1430,0.3000,8.4500
coverage,4,30,belief,random,72.8500,71.8300,0.3000,22.0000
coverage,4,30,oracle,random,75.8000,74.9410,95.2500,0.1500
coverage,4,31,random,random,65.5500,66.4800,0.0000,27.0000
coverage,4,31,round-robin,random,66.7000,66.6250,0.0000,25.0000
coverage,4,31,snr-greedy,random,68.5500,69.5380,30.4500,18.9500
coverage,4,31,snr-last,random,69.8000,68.6700,0.1000,9.2500
coverage,4,31,belief,random,70.7000,71.7320,0.2000,14.0500
coverage,4,31,oracle,random,74.3000,74.9820,94.8000,0.3000
coverage,4,32,random,random,66.8000,66.3240,0.0000,25.8500
coverage,4,32,round-robin,random,66.9000,66.4000,0.0000,25.0000
coverage,4,32,snr-greedy,random,70.0000,70.1730,17.2000,22.9500
coverage,4,32,snr-last,random,68.4500,68.8590,0.0000,7.3500
coverage,4,32,belief,random,72.5000,72.0800,0.0000,22.0000
coverage,4,32,oracle,random,75.5500,75.0000,94.5000,0.0000
coverage,4,33,random,random,64.7500,66.3590,0.0000,24.8500
coverage,4,33,round-robin,random,66.5000,66.1750,0.0000,25.0000
coverage,4,33,snr-greedy,random,68.2000,69.7490,23.6500,28.3500
coverage,4,33,snr-last,random,66.5500,68.8410,0.2000,8.9000
coverage,4,33,belief,random,70.1500,71.3950,0.2000,26.7500
coverage,4,33,oracle,random,74.6500,74.9320,93.8500,0.3000
coverage,4,34,random,random,66.3500,65.7880,0.0000,23.9500
coverage,4,34,round-robin,random,66.6000,66.4000,0.0000,25.0000
coverage,4,34,snr-greedy,random,71.1500,69.4250,25.0500,18.7500
coverage,4,34,snr-last,random,67.9500,68.7040,0.3000,6.6000
coverage,4,34,belief,random,73.5000,71.3750,0.5000,16.2500
coverage,4,34,oracle,random,75.2500,74.8820,94.8500,0.3000
coverage,4,35,random,random,66.3000,66.4100,0.0000,25.2500
coverage,4,35,round-robin,random,67.3000,66.7750,0.0000,25.0000
coverage,4,35,snr-greedy,random,70.4000,69.9030,26.9500,22.4500
coverage,4,35,snr-last,random,70.3500,68.9540,0.1500,6.6000
coverage,4,35,belief,random,73.1000,72.1520,0.1500,19.5500
coverage,4,35,oracle,random,74.9000,74.9940,94.3500,0.1000
coverage,4,36,random,random,64.3500,65.5090,0.0000,24.8500
coverage,4,36,round-robin,random,66.1000,65.9500,0.0000,25.0000
coverage,4,36,snr-greedy,random,70.6500,69.6900,22.2500,23.5000
coverage,4,36,snr-last,random,69.9000,69.6290,0.1500,5.3500
coverage,4,36,belief,random,72.9000,71.7610,0.1500,23.1500
coverage,4,36,oracle,random,76.2500,74.9380,95.0500,0.2000
coverage,4,37,random,random,64.6000,65.5090,0.0000,24.8500
coverage,4,37,round-robin,random,65.4500,66.2500,0.0000,25.0000
coverage,4,37,snr-greedy,random,69.1000,69.6490,17.5500,27.1000
coverage,4,37,snr-last,random,67.2500,68.0650,0.1500,7.2500
coverage,4,37,belief,random,71.3000,71.8650,0.1500,24.7500
coverage,4,37,oracle,random,73.9000,74.9640,92.5500,0.6000
coverage,4,38,random,random,66.3000,66.8190,0.0000,26.3500
coverage,4,38,round-robin,random,66.1500,66.9250,0.0000,25.0000
coverage,4,38,snr-greedy,random,72.0500,71.2080,12.5000,14.4500
coverage,4,38,snr-last,random,71.1000,70.2730,0.0000,6.7000
coverage,4,38,belief,random,73.7500,73.2910,0.0500,12.6500
coverage,4,38,oracle,random,74.3000,74.9880,95.8500,0.2000
coverage,4,39,random,random,67.6500,66.4880,0.0000,25.2000
coverage,4,39,round-robin,random,68.4000,66.9250,0.0000,25.0000
coverage,4,39,snr-greedy,random,69.3500,69.9070,20.2000,22.8000
coverage,4,39,snr-last,random,70.1500,69.7210,0.3000,9.6500
coverage,4,39,belief,random,70.9500,71.9750,0.3000,21.2500
coverage,4,39,oracle,random,74.1000,74.9660,93.9500,0.1500
coverage,4,40,random,random,66.5000,65.6870,0.0000,24.8000
coverage,4,40,round-robin,random,67.5500,66.1500,0.0000,25.0000
coverage,4,40,snr-greedy,random,70.5500,69.5050,17.4000,30.7500
coverage,4,40,snr-last,random,68.9500,68.6420,0.0500,10.5500
coverage,4,40,belief,random,72.0500,71.5290,0.2500,31.6000
coverage,4,40,oracle,random,76.9000,74.9230,93.9000,0.4500
coverage,4,41,random,random,66.7500,66.6060,0.0000,26.1500
coverage,4,41,round-robin,random,65.6000,65.7500,0.0000,25.0000
coverage,4,41,snr-greedy,random,70.4500,69.9380,15.4000,20.2000
coverage,4,41,snr-last,random,69.5500,69.2160,0.2000,7.6500
coverage,4,41,belief,random,73.2500,71.7750,0.2000,20.0000
coverage,4,41,oracle,random,76.6500,74.9380,94.1000,0.2000
coverage,4,42,random,random,67.2000,67.0230,0.0000,24.2000
coverage,4,42,round-robin,random,68.1000,66.7750,0.0000,25.0000
coverage,4,42,snr-greedy,random,69.3500,70.5070,26.9500,19.0500
coverage,4,42,snr-last,random,69.8500,70.2010,0.2000,7.9000
coverage,4,42,belief,random,72.0500,72.2880,0.3000,16.4500
coverage,4,42,oracle,random,75.5000,74.9880,95.4500,0.2000
coverage,4,43,random,random,68.4000,67.1630,0.0000,26.4500
coverage,4,43,round-robin,random,66.0000,66.7500,0.0000,25.0000
coverage,4,43,snr-greedy,random,72.1500,70.6260,22.4500,16.6500
coverage,4,43,snr-last,random,69.2500,69.6350,0.2000,9.0000
coverage,4,43,belief,random,73.0500,72.3190,0.2500,13.8500
coverage,4,43,oracle,random,76.1500,74.9910,94.8000,0.1500
coverage,4,44,random,random,68.2000,66.3530,0.0000,24.9500
coverage,4,44,round-robin,random,67.4500,67.2000,0.0000,25.0000
coverage,4,44,snr-greedy,random,68.7500,69.7180,23.1500,23.4500
coverage,4,44,snr-last,random,70.8500,70.6920,0.2500,8.0500
coverage,4,44,belief,random,72.2000,72.1730,0.2500,22.9500
coverage,4,44,oracle,random,75.9000,74.9600,95.5500,0.2500
coverage,4,45,random,random,65.6500,65.7020,0.0000,24.5500
coverage,4,45,round-robin,random,64.8000,66.3750,0.0000,25.0000
coverage,4,45,snr-greedy,random,69.2000,69.7960,19.1000,30.9000
coverage,4,45,snr-last,random,65.3000,67.5870,0.4000,9.8000
coverage,4,45,belief,random,71.2000,71.3190,0.4500,30.1000
coverage,4,45,oracle,random,74.4500,74.9790,94.8000,0.3500
coverage,4,46,random,random,66.3500,66.3050,0.0000,25.7500
coverage,4,46,round-robin,random,66.3500,66.0750,0.0000,25.0000
coverage,4,46,snr-greedy,random,68.4500,68.7470,17.9500,25.0500
coverage,4,46,snr-last,random,68.3500,68.9640,0.0000,6.8500
coverage,4,46,belief,random,71.4000,71.7330,0.0000,21.9500
coverage,4,46,oracle,random,76.3000,74.9730,93.9000,0.4500
coverage,4,47,random,random,67.0000,66.8780,0.0000,24.9500
coverage,4,47,round-robin,random,65.9500,66.3250,0.0000,25.0000
coverage,4,47,snr-greedy,random,68.7500,69.7800,23.1000,22.0000
coverage,4,47,snr-last,random,68.3500,69.3430,0.0000,7.2000
coverage,4,47,belief,random,71.3000,71.8980,0.3000,20.4500
coverage,4,47,oracle,random,74.6000,74.9970,94.6500,0.0500
coverage,4,48,random,random,65.5500,67.5160,0.0000,25.1500
coverage,4,48,round-robin,random,65.7000,66.9000,0.0000,25.0000
coverage,4,48,snr-greedy,random,69.8500,70.8600,17.0500,20.2500
coverage,4,48,snr-last,random,68.9500,69.6420,0.4000,9.3000
coverage,4,48,belief,random,71.3500,72.5280,0.4000,18.7000
coverage,4,48,oracle,random,74.8500,74.9940,96.2500,0.1000
coverage,4,49,random,random,67.5000,66.5540,0.0000,25.3500
coverage,4,49,round-robin,random,68.5500,65.8500,0.0000,25.0000
coverage,4,49,snr-greedy,random,69.4500,69.9410,21.7500,23.9000
coverage,4,49,snr-last,random,69.5000,69.1950,0.0500,8.0000
coverage,4,49,belief,random,71.9000,72.0510,0.2500,21.6500
coverage,4,49,oracle,random,75.9500,74.9880,94.1500,0.2000
coverage,5,0,random,random,67.5500,66.6200,0.0000,19.2500
coverage,5,0,round-robin,random,67.6500,66.5500,0.0000,20.0000
coverage,5,0,snr-greedy,random,70.3500,71.2090,15.1500,18.6000
coverage,5,0,snr-last,random,70.3000,69.7170,0.0000,4.3000
coverage,5,0,belief,random,71.9500,72.5800,0.0000,18.2500
coverage,5,0,oracle,random,74.1000,75.0000,98.7500,0.0000
coverage,5,1,random,random,68.6500,67.6040,0.0000,19.1000
coverage,5,1,round-robin,random,66.8000,67.5250,0.0000,20.0000
coverage,5,1,snr-greedy,random,71.9500,71.9880,14.7000,6.4500
coverage,5,1,snr-last,random,69.7500,70.6430,0.1000,4.7000
coverage,5,1,belief,random,72.5000,73.1450,0.1000,4.2500
coverage,5,1,oracle,random,74.6000,75.0000,99.3000,0.0000
coverage,5,2,random,random,67.4000,67.1530,0.0000,18.7000
coverage,5,2,round-robin,random,66.5000,67.0250,0.0000,20.0000
coverage,5,2,snr-greedy,random,71.6500,71.7530,10.1000,13.7000
coverage,5,2,snr-last,random,70.0000,69.1980,0.1500,9.2000
coverage,5,2,belief,random,71.7500,72.9000,0.1500,13.7500
coverage,5,2,oracle,random,74.8500,74.9720,99.2000,0.0500
coverage,5,3,random,random,67.4500,66.3400,0.0000,19.7500
coverage,5,3,round-robin,random,66.5000,67.4000,0.0000,20.0000
coverage,5,3,snr-greedy,random,70.7500,72.0010,12.6000,11.6500
coverage,5,3,snr-last,random,68.9500,69.3280,0.0000,6.2000
coverage,5,3,belief,random,71.3500,73.0800,0.0500,10.7500
coverage,5,3,oracle,random,73.5000,75.0000,99.6000,0.0000
coverage,5,4,random,random,65.3000,66.5230,0.0000,20.4500
coverage,5,4,round-robin,random,65.9500,66.5250,0.0000,20.0000
coverage,5,4,snr-greedy,random,69.9500,70.5060,23.1500,17.4000
coverage,5,4,snr-last,random,67.5500,68.8880,0.0500,5.2000
coverage,5,4,belief,random,71.0000,72.5700,0.0500,15.5000
coverage,5,4,oracle,random,74.0000,74.9500,99.0500,0.0000
coverage,5,5,random,random,66.8500,66.8960,0.0000,20.9000
coverage,5,5,round-robin,random,66.6500,67.1250,0.0000,20.0000
coverage,5,5,snr-greedy,random,71.6500,71.5240,9.8500,15.8500
coverage,5,5,snr-last,random,70.3000,69.8190,0.1000,5.1000
coverage,5,5,belief,random,73.1000,73.2120,0.1000,13.5500
coverage,5,5,oracle,random,75.1000,75.0000,99.6500,0.0000
coverage,5,6,random,random,67.7000,67.2330,0.0000,19.4500
coverage,5,6,round-robin,random,67.1000,66.7250,0.0000,20.0000
coverage,5,6,snr-greedy,random,71.4000,71.8650,12.8500,17.2500
coverage,5,6,snr-last,random,70.0000,69.8870,0.0500,6.0500
coverage,5,6,belief,random,72.0000,73.0400,0.1000,17.2500
coverage,5,6,oracle,random,75.0500,75.0000,99.0000,0.0000
coverage,5,7,random,random,66.8000,66.6710,0.0000,19.6500
coverage,5,7,round-robin,random,66.1000,66.4250,0.0000,20.0000
coverage,5,7,snr-greedy,random,70.4000,71.4420,16.1000,13.0500
coverage,5,7,snr-last,random,68.5000,68.6790,0.2500,2.8500
coverage,5,7,belief,random,71.9000,72.9790,0.2500,10.3500
coverage,5,7,oracle,random,75.3000,74.9220,99.3500,0.0500
coverage,5,8,random,random,66.3500,66.5500,0.0000,21.2500
coverage,5,8,round-robin,random,64.7500,66.1250,0.0000,20.0000
coverage,5,8,snr-greedy,random,71.1000,71.0870,15.5000,19.8000
coverage,5,8,snr-last,random,69.1000,69.2540,0.2000,6.6000
coverage,5,8,belief,random,72.2500,72.5500,0.3000,17.5000
coverage,5,8,oracle,random,75.4500,74.9970,98.8500,0.0500
coverage,5,9,random,random,66.3500,66.6670,0.0000,20.5500
coverage,5,9,round-robin,random,67.1500,66.3500,0.0000,20.0000
coverage,5,9,snr-greedy,random,71.8000,71.3600,15.1500,16.5000
coverage,5,9,snr-last,random,69.3500,69.0960,0.1500,7.1500
coverage,5,9,belief,random,72.7000,73.0710,0.2000,13.4000
coverage,5,9,oracle,random,76.1500,75.0000,99.2000,0.0000
coverage,5,10,random,random,67.7500,66.3690,0.0000,21.3500
coverage,5,10,round-robin,random,67.2500,66.0250,0.0000,20.0000
coverage,5,10,snr-greedy,random,71.8500,70.9090,15.1000,16.1000
coverage,5,10,snr-last,random,70.4500,69.8040,0.1000,5.3500
coverage,5,10,belief,random,73.5500,72.3060,0.1500,14.9000
coverage,5,10,oracle,random,75.8500,74.9970,98.9500,0.0500
coverage,5,11,random,random,66.7500,66.4960,0.0000,19.6500
coverage,5,11,round-robin,random,66.6500,66.3250,0.0000,20.0000
coverage,5,11,snr-greedy,random,70.7000,70.8620,22.7000,11.0500
coverage,5,11,snr-last,random,68.6000,68.4730,0.0500,5.4500
coverage,5,11,belief,random,72.4000,72.9690,0.0500,8.8500
coverage,5,11,oracle,random,76.0000,75.0000,99.1500,0.0000
coverage,5,12,random,random,66.1000,67.4000,0.0000,21.2500
coverage,5,12,round-robin,random,67.1000,67.5500,0.0000,20.0000
coverage,5,12,snr-greedy,random,71.5000,71.2960,24.2000,13.4000
coverage,5,12,snr-last,random,68.3000,69.8830,0.1500,3.2000
coverage,5,12,belief,random,72.0500,72.8150,0.2000,11.0000
coverage,5,12,oracle,random,75.4500,75.0000,99.0500,0.0000
coverage,5,13,random,random,66.9000,66.5990,0.0000,20.8500
coverage,5,13,round-robin,random,67.6500,66.9000,0.0000,20.0000
coverage,5,13,snr-greedy,random,71.8000,69.9340,16.3500,14.8500
coverage,5,13,snr-last,random,70.2500,68.9490,0.1500,4.6000
coverage,5,13,belief,random,74.3500,72.2640,0.4000,11.8500
coverage,5,13,oracle,random,74.0500,74.9940,98.1000,0.1000
coverage,5,14,random,random,65.1000,66.6890,0.0000,19.3500
coverage,5,14,round-robin,random,66.4500,66.4750,0.0000,20.0000
coverage,5,14,snr-greedy,random,70.8500,71.0050,13.2500,17.0000
coverage,5,14,snr-last,random,67.3500,69.9430,0.0500,3.4500
coverage,5,14,belief,random,72.3500,72.4030,0.1000,17.4500
coverage,5,14,oracle,random,74.2000,74.9910,98.8500,0.1500
coverage,5,15,random,random,66.1500,66.3160,0.0000,20.1500
coverage,5,15,round-robin,random,66.3000,66.4750,0.0000,20.0000
coverage,5,15,snr-greedy,random,69.8000,71.1690,16.6000,13.8500
coverage,5,15,snr-last,random,69.5000,69.7360,0.1000,5.6500
coverage,5,15,belief,random,73.0000,72.8340,0.1000,12.3500
coverage,5,15,oracle,random,74.6000,74.9970,98.5500,0.0500
coverage,5,16,random,random,66.7500,66.5570,0.0000,19.0500
coverage,5,16,round-robin,random,67.1000,65.9250,0.0000,20.0000
coverage,5,16,snr-greedy,random,71.4000,71.8690,10.9500,10.1000
coverage,5,16,snr-last,random,69.9500,69.6810,0.0000,4.9000
coverage,5,16,belief,random,72.8000,73.3570,0.0500,9.0500
coverage,5,16,oracle,random,74.0500,74.9850,98.7000,0.2500
coverage,5,17,random,random,65.3500,66.0580,0.0000,20.7000
coverage,5,17,round-robin,random,68.4500,66.2250,0.0000,20.0000
coverage,5,17,snr-greedy,random,70.8500,71.7200,16.4000,14.2500
coverage,5,17,snr-last,random,68.7000,68.7940,0.1000,6.3500
coverage,5,17,belief,random,72.3500,73.0740,0.2000,12.1000
coverage,5,17,oracle,random,75.4500,75.0000,98.4500,0.0000
coverage,5,18,random,random,69.2000,66.9620,0.0000,18.5500
coverage,5,18,round-robin,random,66.3500,67.0250,0.0000,20.0000
coverage,5,18,snr-greedy,random,70.3000,70.7740,16.8500,14.6000
coverage,5,18,snr-last,random,68.3500,68.5330,0.1500,5.7000
coverage,5,18,belief,random,71.8000,72.8030,0.1500,13.7000
coverage,5,18,oracle,random,74.5500,75.0000,99.2500,0.0000
coverage,5,19,random,random,66.7500,67.0500,0.0000,21.2500
coverage,5,19,round-robin,random,66.5000,66.7250,0.0000,20.0000
coverage,5,19,snr-greedy,random,73.7500,71.5740,10.8000,9.6000
coverage,5,19,snr-last,random,71.3500,69.2570,0.0500,4.0500
coverage,5,19,belief,random,75.2500,73.4570,0.2000,7.8000
coverage,5,19,oracle,random,75.0500,74.9500,99.1000,0.0000
coverage,5,20,random,random,66.1500,66.4900,0.0000,19.7500
coverage,5,20,round-robin,random,66.3000,67.1250,0.0000,20.0000
coverage,5,20,snr-greedy,random,71.0000,71.5570,13.0000,9.0500
coverage,5,20,snr-last,random,67.4000,68.4520,0.0500,7.0500
coverage,5,20,belief,random,72.7000,73.2300,0.2000,8.2500
coverage,5,20,oracle,random,72.8500,74.9940,98.8000,0.1000
coverage,5,21,random,random,66.0500,66.1660,0.0000,20.1500
coverage,5,21,round-robin,random,67.7500,66.5750,0.0000,20.0000
coverage,5,21,snr-greedy,random,70.4000,71.3900,15.3500,11.0000
coverage,5,21,snr-last,random,68.3500,69.3060,0.0000,6.1500
coverage,5,21,belief,random,72.7500,73.0030,0.0000,8.7000
coverage,5,21,oracle,random,75.6000,74.9500,99.0500,0.0000
coverage,5,22,random,random,66.6000,66.0990,0.0000,20.8500
coverage,5,22,round-robin,random,64.9500,66.0500,0.0000,20.0000
coverage,5,22,snr-greedy,random,69.9000,71.5010,13.7500,9.1500
coverage,5,22,snr-last,random,68.1000,69.1190,0.0000,3.8500
coverage,5,22,belief,random,70.2500,72.6090,0.0000,8.6000
coverage,5,22,oracle,random,72.5000,74.9970,99.2000,0.0500
coverage,5,23,random,random,66.1500,66.7370,0.0000,21.0500
coverage,5,23,round-robin,random,66.7500,66.8500,0.0000,20.0000
coverage,5,23,snr-greedy,random,72.5000,71.1600,14.0500,14.0000
coverage,5,23,snr-last,random,70.8000,69.8400,0.0000,4.7500
coverage,5,23,belief,random,73.7000,72.6920,0.0000,13.0500
coverage,5,23,oracle,random,74.1000,75.0000,99.3000,0.0000
coverage,5,24,random,random,68.8000,66.9190,0.0000,20.1000
coverage,5,24,round-robin,random,66.6000,66.6500,0.0000,20.0000
coverage,5,24,snr-greedy,random,72.4500,70.7220,13.8500,16.3000
coverage,5,24,snr-last,random,71.8000,69.5900,0.0000,4.7500
coverage,5,24,belief,random,72.7500,72.3090,0.0500,17.3500
coverage,5,24,oracle,random,73.4000,75.0000,99.2000,0.0000
coverage,5,25,random,random,66.5000,66.9840,0.0000,19.8500
coverage,5,25,round-robin,random,65.0000,67.4500,0.0000,20.0000
coverage,5,25,snr-greedy,random,71.0000,72.1700,6.5500,13.0000
coverage,5,25,snr-last,random,69.1500,70.0880,0.0500,3.9500
coverage,5,25,belief,random,71.6000,73.2700,0.0500,13.0000
coverage,5,25,oracle,random,73.3000,75.0000,99.5000,0.0000
coverage,5,26,random,random,66.9000,66.1960,0.0000,19.6500
coverage,5,26,round-robin,random,66.5000,66.0250,0.0000,20.0000
coverage,5,26,snr-greedy,random,69.3000,71.0790,12.7500,11.6000
coverage,5,26,snr-last,random,70.5000,70.0640,0.0500,6.8500
coverage,5,26,belief,random,71.5000,72.6640,0.0500,10.6000
coverage,5,26,oracle,random,75.8000,74.9940,98.7000,0.1000
coverage,5,27,random,random,66.2500,66.6370,0.0000,21.0500
coverage,5,27,round-robin,random,67.6000,66.8250,0.0000,20.0000
coverage,5,27,snr-greedy,random,70.4500,71.4930,13.6500,12.2000
coverage,5,27,snr-last,random,67.9500,69.0940,0.1000,3.8500
coverage,5,27,belief,random,75.0500,73.3060,0.1000,11.1500
coverage,5,27,oracle,random,75.3500,75.0000,99.1500,0.0000
coverage,5,28,random,random,67.3500,66.7350,0.0000,19.0000
coverage,5,28,round-robin,random,66.6000,66.6250,0.0000,20.0000
coverage,5,28,snr-greedy,random,71.9500,70.4560,21.5000,16.1500
coverage,5,28,snr-last,random,70.0000,68.9230,0.1000,2.9500
coverage,5,28,belief,random,72.7000,72.4540,0.1000,14.1000
coverage,5,28,oracle,random,75.0000,74.9970,98.7500,0.0500
coverage,5,29,random,random,67.7500,66.7320,0.0000,21.5500
coverage,5,29,round-robin,random,66.5500,66.7250,0.0000,20.0000
coverage,5,29,snr-greedy,random,70.8000,71.7170,10.5000,11.8000
coverage,5,29,snr-last,random,69.8000,70.1590,0.1000,3.6000
coverage,5,29,belief,random,72.5500,72.6570,0.1000,11.5500
coverage,5,29,oracle,random,73.8000,74.9970,99.2500,0.0500
coverage,5,30,random,random,68.0000,67.3450,0.0000,18.0000
coverage,5,30,round-robin,random,66.7500,66.3000,0.0000,20.0000
coverage,5,30,snr-greedy,random,71.0500,70.9690,16.5500,17.6000
coverage,5,30,snr-last,random,70.2000,69.2470,0.2500,3.8000
coverage,5,30,belief,random,72.8000,72.6270,0.2500,17.0500
coverage,5,30,oracle,random,75.5500,75.0000,99.3000,0.0000
coverage,5,31,random,random,65.9000,66.2640,0.0000,21.8500
coverage,5,31,round-robin,random,65.0000,66.4750,0.0000,20.0000
coverage,5,31,snr-greedy,random,67.5500,71.0650,22.5500,13.5000
coverage,5,31,snr-last,random,67.1000,68.6670,0.0000,4.3000
coverage,5,31,belief,random,70.1500,72.5720,0.0000,10.0500
coverage,5,31,oracle,random,74.7000,75.0000,98.9000,0.0000
coverage,5,32,random,random,66.3500,66.2530,0.0000,19.9500
coverage,5,32,round-robin,random,67.7000,67.0500,0.0000,20.0000
coverage,5,32,snr-greedy,random,71.0000,71.6980,11.1000,15.4500
coverage,5,32,snr-last,random,71.1000,70.4170,0.0500,4.3000
coverage,5,32,belief,random,71.6500,72.9620,0.1000,14.8000
coverage,5,32,oracle,random,74.4500,75.0000,98.7000,0.0000
coverage,5,33,random,random,65.7500,66.0970,0.0000,20.0500
coverage,5,33,round-robin,random,65.5500,66.0500,0.0000,20.0000
coverage,5,33,snr-greedy,random,69.2500,70.3740,17.9000,20.8500
coverage,5,33,snr-last,random,67.9500,68.8850,0.2000,4.0000
coverage,5,33,belief,random,72.7500,72.8090,0.2500,18.6000
coverage,5,33,oracle,random,76.2000,74.9970,98.6000,0.0500
coverage,5,34,random,random,65.8500,66.1720,0.0000,18.8000
coverage,5,34,round-robin,random,66.6500,66.4250,0.0000,20.0000
coverage,5,34,snr-greedy,random,70.9500,70.7910,17.4000,13.9000
coverage,5,34,snr-last,random,71.3000,70.1640,0.0500,5.6000
coverage,5,34,belief,random,72.5500,72.6810,0.1500,11.1500
coverage,5,34,oracle,random,75.5500,75.0000,99.5000,0.0000
coverage,5,35,random,random,65.2500,66.0860,0.0000,20.6500
coverage,5,35,round-robin,random,67.3500,66.4500,0.0000,20.0000
coverage,5,35,snr-greedy,random,71.2500,70.2380,19.4000,15.2000
coverage,5,35,snr-last,random,67.3500,67.8530,0.1500,3.7000
coverage,5,35,belief,random,71.9000,72.3410,0.1500,12.6500
coverage,5,35,oracle,random,74.9500,75.0000,99.1500,0.0000
coverage,5,36,random,random,68.4500,67.5610,0.0000,19.4000
coverage,5,36,round-robin,random,66.9000,67.3250,0.0000,20.0000
coverage,5,36,snr-greedy,random,72.3000,71.6490,16.5000,17.1000
coverage,5,36,snr-last,random,70.7000,69.2980,0.1000,6.7000
coverage,5,36,belief,random,74.1500,72.4860,0.1000,15.6500
coverage,5,36,oracle,random,74.4000,75.0000,98.7500,0.0000
coverage,5,37,random,random,65.4000,66.9030,0.0000,19.9500
coverage,5,37,round-robin,random,67.5000,67.2750,0.0000,20.0000
coverage,5,37,snr-greedy,random,71.4500,71.4380,11.0500,18.9500
coverage,5,37,snr-last,random,69.7000,69.2640,0.0000,8.1000
coverage,5,37,belief,random,73.6000,73.0730,0.0000,16.7000
coverage,5,37,oracle,random,75.0000,74.9970,99.2500,0.0500
coverage,5,38,random,random,68.1000,66.5070,0.0000,21.5500
coverage,5,38,round-robin,random,67.0000,67.2500,0.0000,20.0000
coverage,5,38,snr-greedy,random,71.0500,71.8720,9.2500,11.3000
coverage,5,38,snr-last,random,70.2000,70.3850,0.1000,5.2500
coverage,5,38,belief,random,74.2000,73.4350,0.1000,10.2500
coverage,5,38,oracle,random,75.3000,75.0000,99.2500,0.0000
coverage,5,39,random,random,67.3000,66.6120,0.0000,19.8000
coverage,5,39,round-robin,random,66.7500,66.5750,0.0000,20.0000
coverage,5,39,snr-greedy,random,72.6500,70.8710,14.6000,15.9000
coverage,5,39,snr-last,random,70.4000,69.0750,0.0000,3.7500
coverage,5,39,belief,random,74.9000,72.4650,0.0000,14.7500
coverage,5,39,oracle,random,75.0000,74.9970,98.3500,0.0500
coverage,5,40,random,random,68.2500,67.2720,0.0000,20.0500
coverage,5,40,round-robin,random,67.3000,66.8750,0.0000,20.0000
coverage,5,40,snr-greedy,random,71.3000,70.9730,13.2500,20.4500
coverage,5,40,snr-last,random,71.2000,69.8750,0.0000,5.0000
coverage,5,40,belief,random,73.2000,72.6890,0.0000,20.6000
coverage,5,40,oracle,random,75.5500,74.9970,98.7500,0.0500
coverage,5,41,random,random,65.5500,67.1180,0.0000,20.9500
coverage,5,41,round-robin,random,65.7000,67.4250,0.0000,20.0000
coverage,5,41,snr-greedy,random,70.6500,71.4170,10.2000,15.5500
coverage,5,41,snr-last,random,68.9500,69.6110,0.0000,4.4000
coverage,5,41,belief,random,72.2000,72.8890,0.0500,15.6000
coverage,5,41,oracle,random,75.3000,74.9970,99.1000,0.0500
coverage,5,42,random,random,66.9500,66.9250,0.0000,18.7500
coverage,5,42,round-robin,random,67.1000,66.2750,0.0000,20.0000
coverage,5,42,snr-greedy,random,71.5500,71.5530,15.4500,12.4500
coverage,5,42,snr-last,random,68.7500,69.4080,0.0000,4.4500
coverage,5,42,belief,random,73.9000,73.0470,0.0000,10.0500
coverage,5,42,oracle,random,75.2500,75.0000,99.2000,0.0000
coverage,5,43,random,random,67.8500,66.4290,0.0000,20.3500
coverage,5,43,round-robin,random,64.8000,66.0500,0.0000,20.0000
coverage,5,43,snr-greedy,random,73.4500,71.4930,13.5000,10.9500
coverage,5,43,snr-last,random,68.8000,69.3870,0.0000,4.8000
coverage,5,43,belief,random,74.1000,73.1060,0.0000,8.6500
coverage,5,43,oracle,random,76.9000,75.0000,98.4500,0.0000
coverage,5,44,random,random,67.7500,67.8950,0.0000,19.2500
coverage,5,44,round-robin,random,66.7500,67.7000,0.0000,20.0000
coverage,5,44,snr-greedy,random,71.0000,71.2580,15.4500,15.7000
coverage,5,44,snr-last,random,69.2000,69.6670,0.1500,5.5500
coverage,5,44,belief,random,73.6000,72.6600,0.1500,15.2500
coverage,5,44,oracle,random,74.3500,75.0000,99.6000,0.0000
coverage,5,45,random,random,66.9000,66.8060,0.0000,19.9000
coverage,5,45,round-robin,random,66.6500,66.5750,0.0000,20.0000
coverage,5,45,snr-greedy,random,69.2500,70.6480,14.1000,24.2000
coverage,5,45,snr-last,random,68.3500,68.9230,0.0500,5.4500
coverage,5,45,belief,random,71.0500,72.2950,0.0500,25.5000
coverage,5,45,oracle,random,74.9000,74.9750,98.6000,0.0000
coverage,5,46,random,random,67.3000,66.3480,0.0000,20.4500
coverage,5,46,round-robin,random,66.1000,66.9250,0.0000,20.0000
coverage,5,46,snr-greedy,random,69.6500,71.0370,12.0500,17.3000
coverage,5,46,snr-last,random,70.1500,69.7740,0.0500,5.8500
coverage,5,46,belief,random,71.5000,72.5030,0.0500,16.2000
coverage,5,46,oracle,random,74.8500,75.0000,99.0000,0.0000
coverage,5,47,random,random,64.0000,65.3260,0.0000,20.4000
coverage,5,47,round-robin,random,65.1500,65.3500,0.0000,20.0000
coverage,5,47,snr-greedy,random,69.6500,70.2770,14.7000,14.5500
coverage,5,47,snr-last,random,68.8500,69.3590,0.0000,4.8500
coverage,5,47,belief,random,71.7500,72.7930,0.0500,13.4500
coverage,5,47,oracle,random,74.1000,74.9880,98.6000,0.2000
coverage,5,48,random,random,67.1500,66.5550,0.0000,19.5000
coverage,5,48,round-robin,random,65.1000,66.4500,0.0000,20.0000
coverage,5,48,snr-greedy,random,70.6500,71.5040,9.8500,15.3500
coverage,5,48,snr-last,random,70.4000,68.8130,0.1500,6.4500
coverage,5,48,belief,random,71.7000,72.8600,0.1500,14.0000
coverage,5,48,oracle,random,74.9000,75.0000,98.9000,0.0000
coverage,5,49,random,random,65.7000,66.0910,0.0000,20.1500
coverage,5,49,round-robin,random,66.4000,66.2250,0.0000,20.0000
coverage,5,49,snr-greedy,random,70.3000,70.8470,14.5000,16.3000
coverage,5,49,snr-last,random,69.3000,68.4810,0.0000,3.6500
coverage,5,49,belief,random,72.1000,72.6870,0.2500,14.8000
coverage,5,49,oracle,random,74.0000,74.9970,98.6000,0.0500
coverage,6,0,random,random,65.8000,66.6690,0.0000,16.3500
coverage,6,0,round-robin,random,66.1500,66.7550,0.0000,17.0000
coverage,6,0,snr-greedy,random,72.0500,71.7470,10.8000,15.0500
coverage,6,0,snr-last,random,68.9500,69.0150,0.1500,4.7500
coverage,6,0,belief,random,73.1000,73.1090,0.1500,14.8500
coverage,6,0,oracle,random,75.6000,75.0000,99.8500,0.0000
coverage,6,1,random,random,67.2000,66.5620,0.0000,16.0500
coverage,6,1,round-robin,random,67.1000,66.4800,0.0000,17.0000
coverage,6,1,snr-greedy,random,73.2000,72.1480,10.2000,5.4500
coverage,6,1,snr-last,random,69.8000,69.3230,0.1000,4.2000
coverage,6,1,belief,random,74.3500,73.6910,0.1500,3.9000
coverage,6,1,oracle,random,73.7500,75.0000,99.7000,0.0000
coverage,6,2,random,random,65.5000,66.3240,0.0000,15.8500
coverage,6,2,round-robin,random,67.8500,66.9550,0.0000,17.0000
coverage,6,2,snr-greedy,random,71.9500,72.4750,6.5000,10.0000
coverage,6,2,snr-last,random,69.2500,69.8930,0.1000,5.9500
coverage,6,2,belief,random,73.9500,73.6750,0.1500,10.0000
coverage,6,2,oracle,random,75.5000,75.0000,99.9500,0.0000
coverage,6,3,random,random,67.5500,68.0950,0.0000,16.7500
coverage,6,3,round-robin,random,67.2000,67.8300,0.0000,17.0000
coverage,6,3,snr-greedy,random,71.8000,72.6700,7.6000,6.7500
coverage,6,3,snr-last,random,68.9500,70.2480,0.0000,4.2000
coverage,6,3,belief,random,72.0000,73.6280,0.0000,6.2000
coverage,6,3,oracle,random,73.0000,75.0000,99.9000,0.0000
coverage,6,4,random,random,65.4000,67.2800,0.0000,17.0000
coverage,6,4,round-robin,random,66.3000,67.2300,0.0000,17.0000
coverage,6,4,snr-greedy,random,72.5500,71.3950,18.3000,14.2500
coverage,6,4,snr-last,random,69.0500,68.8420,0.1000,3.0500
coverage,6,4,belief,random,73.7500,72.9970,0.1000,15.0500
coverage,6,4,oracle,random,74.8000,75.0000,99.9000,0.0000
coverage,6,5,random,random,66.5500,66.8750,0.0000,17.5000
coverage,6,5,round-robin,random,67.5500,66.8050,0.0000,17.0000
coverage,6,5,snr-greedy,random,72.5500,72.8500,7.3000,10.0000
coverage,6,5,snr-last,random,69.8000,69.1010,0.0000,2.9000
coverage,6,5,belief,random,72.3500,73.8140,0.0000,9.3500
coverage,6,5,oracle,random,74.9000,75.0000,99.8000,0.0000
coverage,6,6,random,random,65.8000,67.2150,0.0000,16.0000
coverage,6,6,round-robin,random,67.9000,67.2800,0.0000,17.0000
coverage,6,6,snr-greedy,random,70.5000,71.8750,8.9000,13.7500
coverage,6,6,snr-last,random,68.7500,69.6060,0.1000,3.6500
coverage,6,6,belief,random,72.7000,73.1540,0.1000,12.8500
coverage,6,6,oracle,random,72.4500,75.0000,100.0000,0.0000
coverage,6,7,random,random,68.0000,67.3580,0.0000,16.9500
coverage,6,7,round-robin,random,67.3500,66.8550,0.0000,17.0000
coverage,6,7,snr-greedy,random,72.4500,72.1280,10.6000,9.9500
coverage,6,7,snr-last,random,71.3500,69.7900,0.1000,2.2500
coverage,6,7,belief,random,74.2000,73.5710,0.1500,8.4000
coverage,6,7,oracle,random,75.1500,74.9940,99.5500,0.1000
coverage,6,8,random,random,66.4500,66.6540,0.0000,17.8500
coverage,6,8,round-robin,random,67.2500,66.4050,0.0000,17.0000
coverage,6,8,snr-greedy,random,71.2500,71.7950,9.7500,14.2500
coverage,6,8,snr-last,random,69.2000,68.6210,0.1000,4.6500
coverage,6,8,belief,random,72.2500,73.1300,0.1000,14.5000
coverage,6,8,oracle,random,74.6000,75.0000,99.6000,0.0000
coverage,6,9,random,random,67.9000,66.7010,0.0000,16.6500
coverage,6,9,round-robin,random,66.0000,67.2300,0.0000,17.0000
coverage,6,9,snr-greedy,random,70.6500,71.4190,10.8000,11.3500
coverage,6,9,snr-last,random,70.9000,70.0240,0.0500,4.6000
coverage,6,9,belief,random,72.6000,73.3260,0.1000,10.4000
coverage,6,9,oracle,random,75.4500,75.0000,100.0000,0.0000
coverage,6,10,random,random,66.6000,66.9440,0.0000,17.6000
coverage,6,10,round-robin,random,67.8000,67.1800,0.0000,17.0000
coverage,6,10,snr-greedy,random,72.0000,71.8740,8.4000,12.1000
coverage,6,10,snr-last,random,68.0000,69.5560,0.0500,2.4000
coverage,6,10,belief,random,73.5000,73.4360,0.0500,11.9000
coverage,6,10,oracle,random,75.8000,75.0000,99.8000,0.0000
coverage,6,11,random,random,67.7000,67.4480,0.0000,16.7000
coverage,6,11,round-robin,random,67.6500,67.1050,0.0000,17.0000
coverage,6,11,snr-greedy,random,70.8000,71.8660,15.7000,7.6500
coverage,6,11,snr-last,random,71.1000,69.2510,0.0000,2.9000
coverage,6,11,belief,random,73.1500,73.4680,0.0000,5.9500
coverage,6,11,oracle,random,74.1000,75.0000,99.8500,0.0000
coverage,6,12,random,random,67.5500,67.7050,0.0000,18.2500
coverage,6,12,round-robin,random,67.3000,67.2800,0.0000,17.0000
coverage,6,12,snr-greedy,random,72.3000,71.9190,18.2500,10.1000
coverage,6,12,snr-last,random,68.5500,68.6940,0.1000,3.8500
coverage,6,12,belief,random,74.2500,73.1020,0.2000,8.3000
coverage,6,12,oracle,random,75.5000,75.0000,99.8500,0.0000
coverage,6,13,random,random,66.8500,66.7930,0.0000,17.2000
coverage,6,13,round-robin,random,66.4000,66.5550,0.0000,17.0000
coverage,6,13,snr-greedy,random,72.2500,71.6990,12.3000,12.1000
coverage,6,13,snr-last,random,68.6000,69.3720,0.1000,3.8000
coverage,6,13,belief,random,74.2000,73.3660,0.2000,11.4000
coverage,6,13,oracle,random,75.1000,75.0000,99.7500,0.0000
coverage,6,14,random,random,65.9000,66.6900,0.0000,16.0000
coverage,6,14,round-robin,random,65.1000,67.1300,0.0000,17.0000
coverage,6,14,snr-greedy,random,70.1000,72.3170,8.9000,13.0500
coverage,6,14,snr-last,random,68.3000,69.4420,0.0500,3.0500
coverage,6,14,belief,random,71.3500,73.5520,0.1000,12.0500
coverage,6,14,oracle,random,74.4500,74.9970,99.8000,0.0500
coverage,6,15,random,random,69.6500,67.6040,0.0000,16.6000
coverage,6,15,round-robin,random,67.6500,67.2550,0.0000,17.0000
coverage,6,15,snr-greedy,random,72.2000,72.0940,12.2000,8.8500
coverage,6,15,snr-last,random,67.8500,69.0010,0.0000,2.9000
coverage,6,15,belief,random,72.4000,73.4840,0.0000,7.3500
coverage,6,15,oracle,random,74.6000,75.0000,99.9500,0.0000
coverage,6,16,random,random,65.5000,67.3110,0.0000,15.6500
coverage,6,16,round-robin,random,67.2500,66.3800,0.0000,17.0000
coverage,6,16,snr-greedy,random,69.8500,72.3990,8.9000,8.3500
coverage,6,16,snr-last,random,69.0500,70.0170,0.0000,5.5500
coverage,6,16,belief,random,73.1000,73.6720,0.1000,7.5500
coverage,6,16,oracle,random,75.8000,75.0000,99.7000,0.0000
coverage,6,17,random,random,66.3500,65.5780,0.0000,17.4500
coverage,6,17,round-robin,random,65.8500,66.9050,0.0000,17.0000
coverage,6,17,snr-greedy,random,72.6000,72.0480,11.9000,10.4500
coverage,6,17,snr-last,random,67.5500,68.7980,0.2000,4.2000
coverage,6,17,belief,random,73.9500,73.5780,0.2000,8.7000
coverage,6,17,oracle,random,74.0000,74.9970,99.6500,0.0500
coverage,6,18,random,random,66.7500,66.8010,0.0000,15.4000
coverage,6,18,round-robin,random,68.6000,66.2050,0.0000,17.0000
coverage,6,18,snr-greedy,random,72.7500,71.6040,11.2000,10.3500
coverage,6,18,snr-last,random,70.5500,69.2540,0.0000,2.8500
coverage,6,18,belief,random,75.0500,73.2320,0.0000,9.0500
coverage,6,18,oracle,random,76.9500,75.0000,99.5500,0.0000
coverage,6,19,random,random,66.7000,66.6780,0.0000,17.4500
coverage,6,19,round-robin,random,67.6500,66.1800,0.0000,17.0000
coverage,6,19,snr-greedy,random,73.6000,72.3010,6.5000,7.9000
coverage,6,19,snr-last,random,70.0500,69.1980,0.0000,2.9500
coverage,6,19,belief,random,75.1500,73.7820,0.0000,6.5500
coverage,6,19,oracle,random,75.1000,75.0000,99.9000,0.0000
coverage,6,20,random,random,67.8500,66.7070,0.0000,16.5500
coverage,6,20,round-robin,random,67.6500,67.3300,0.0000,17.0000
coverage,6,20,snr-greedy,random,72.8500,72.9230,8.9000,6.7000
coverage,6,20,snr-last,random,69.1500,69.5190,0.0000,5.1000
coverage,6,20,belief,random,72.7500,73.7980,0.0000,5.4500
coverage,6,20,oracle,random,73.5500,75.0000,100.0000,0.0000
coverage,6,21,random,random,66.7500,66.5020,0.0000,17.0500
coverage,6,21,round-robin,random,67.6000,66.3050,0.0000,17.0000
coverage,6,21,snr-greedy,random,71.5500,71.8170,12.6500,8.0500
coverage,6,21,snr-last,random,69.2000,68.8960,0.0000,4.6500
coverage,6,21,belief,random,73.3000,73.3810,0.0000,6.1500
coverage,6,21,oracle,random,74.9000,75.0000,99.9000,0.0000
coverage,6,22,random,random,67.0500,66.7390,0.0000,16.8500
coverage,6,22,round-robin,random,65.0500,66.0550,0.0000,17.0000
coverage,6,22,snr-greedy,random,71.3500,72.5560,9.5000,7.4000
coverage,6,22,snr-last,random,68.3000,69.7570,0.0000,5.3000
coverage,6,22,belief,random,73.3000,73.5390,0.0000,5.6000
coverage,6,22,oracle,random,74.7500,74.9940,99.5500,0.1000
coverage,6,23,random,random,66.4000,67.2640,0.0000,18.1000
coverage,6,23,round-robin,random,68.4000,67.4050,0.0000,17.0000
coverage,6,23,snr-greedy,random,71.7000,71.8790,11.4500,10.3500
coverage,6,23,snr-last,random,70.0000,69.3080,0.1000,3.2000
coverage,6,23,belief,random,72.7000,73.1120,0.1000,9.8000
coverage,6,23,oracle,random,74.7000,75.0000,99.9000,0.0000
coverage,6,24,random,random,66.8000,65.8830,0.0000,16.9500
coverage,6,24,round-robin,random,67.0000,66.1550,0.0000,17.0000
coverage,6,24,snr-greedy,random,72.8500,71.4150,10.5000,13.5000
coverage,6,24,snr-last,random,70.3000,67.9360,0.0500,4.4000
coverage,6,24,belief,random,73.8500,73.0310,0.1000,12.4000
coverage,6,24,oracle,random,76.1500,75.0000,99.7500,0.0000
coverage,6,25,random,random,64.5500,66.0470,0.0000,16.3000
coverage,6,25,round-robin,random,65.3000,66.2800,0.0000,17.0000
coverage,6,25,snr-greedy,random,72.9500,72.7160,3.6500,8.9000
coverage,6,25,snr-last,random,68.7000,68.9100,0.0000,5.2500
coverage,6,25,belief,random,74.1000,73.6480,0.0000,9.2000
coverage,6,25,oracle,random,75.5000,75.0000,99.5000,0.0000
coverage,6,26,random,random,67.0500,65.6440,0.0000,16.3500
coverage,6,26,round-robin,random,65.0000,65.9800,0.0000,17.0000
coverage,6,26,snr-greedy,random,72.1000,72.7670,8.0000,8.0500
coverage,6,26,snr-last,random,68.0000,69.3620,0.0500,3.5500
coverage,6,26,belief,random,73.1500,73.3900,0.0500,7.2500
coverage,6,26,oracle,random,74.1500,75.0000,99.6500,0.0000
coverage,6,27,random,random,67.0500,67.4480,0.0000,16.7000
coverage,6,27,round-robin,random,66.2000,66.8800,0.0000,17.0000
coverage,6,27,snr-greedy,random,70.6500,71.9560,10.2500,8.6500
coverage,6,27,snr-last,random,67.0000,69.6920,0.1000,3.0500
coverage,6,27,belief,random,73.5500,73.5970,0.1000,7.5500
coverage,6,27,oracle,random,73.6500,75.0000,99.8500,0.0000
coverage,6,28,random,random,66.0500,66.8960,0.0000,15.9000
coverage,6,28,round-robin,random,66.2500,66.8050,0.0000,17.0000
coverage,6,28,snr-greedy,random,72.5500,71.6990,15.5000,10.8500
coverage,6,28,snr-last,random,69.0500,68.5400,0.1000,3.5000
coverage,6,28,belief,random,73.2500,73.1870,0.1000,9.8000
coverage,6,28,oracle,random,75.9000,75.0000,99.8000,0.0000
coverage,6,29,random,random,67.0500,66.8760,0.0000,17.9000
coverage,6,29,round-robin,random,66.2000,67.0550,0.0000,17.0000
coverage,6,29,snr-greedy,random,74.1500,72.2910,7.4000,8.9000
coverage,6,29,snr-last,random,71.4000,70.5650,0.0500,4.7500
coverage,6,29,belief,random,75.2500,73.2880,0.0500,7.7000
coverage,6,29,oracle,random,75.6000,75.0000,99.7000,0.0000
coverage,6,30,random,random,67.7000,67.5710,0.0000,14.6500
coverage,6,30,round-robin,random,68.7000,67.2550,0.0000,17.0000
coverage,6,30,snr-greedy,random,72.5500,71.7480,13.7000,12.9500
coverage,6,30,snr-last,random,71.1500,70.0310,0.0500,2.4000
coverage,6,30,belief,random,73.8500,73.0410,0.0500,12.6500
coverage,6,30,oracle,random,74.8000,75.0000,99.9500,0.0000
coverage,6,31,random,random,64.9000,66.6750,0.0000,18.7500
coverage,6,31,round-robin,random,64.9500,66.4300,0.0000,17.0000
coverage,6,31,snr-greedy,random,70.0500,71.5840,14.7000,9.8500
coverage,6,31,snr-last,random,66.5500,68.7440,0.0500,3.8500
coverage,6,31,belief,random,72.8500,73.3170,0.0500,8.0500
coverage,6,31,oracle,random,75.0500,75.0000,99.7500,0.0000
coverage,6,32,random,random,67.6500,66.1360,0.0000,16.9000
coverage,6,32,round-robin,random,66.2000,66.4800,0.0000,17.0000
coverage,6,32,snr-greedy,random,72.1500,72.0520,7.0000,10.8000
coverage,6,32,snr-last,random,68.2000,69.0670,0.0500,4.3000
coverage,6,32,belief,random,73.6500,73.2310,0.0500,11.1500
coverage,6,32,oracle,random,75.9000,75.0000,99.9000,0.0000
coverage,6,33,random,random,64.0000,66.7110,0.0000,16.9000
coverage,6,33,round-robin,random,66.3000,66.2800,0.0000,17.0000
coverage,6,33,snr-greedy,random,70.6000,70.9390,13.7000,18.1000
coverage,6,33,snr-last,random,68.9500,69.8140,0.2000,4.3500
coverage,6,33,belief,random,72.5500,72.6510,0.2500,17.9000
coverage,6,33,oracle,random,74.9000,75.0000,99.6000,0.0000
coverage,6,34,random,random,66.5000,66.9750,0.0000,16.2500
coverage,6,34,round-robin,random,67.6000,67.2050,0.0000,17.0000
coverage,6,34,snr-greedy,random,71.7500,71.8260,13.8500,10.4000
coverage,6,34,snr-last,random,70.9500,69.8350,0.0000,5.2500
coverage,6,34,belief,random,72.4500,73.0210,0.0500,8.4000
coverage,6,34,oracle,random,74.8000,75.0000,99.8500,0.0000
coverage,6,35,random,random,66.9000,66.6660,0.0000,17.6500
coverage,6,35,round-robin,random,67.8500,66.9300,0.0000,17.0000
coverage,6,35,snr-greedy,random,72.6000,71.9280,12.7000,11.2000
coverage,6,35,snr-last,random,69.5000,68.5400,0.0500,6.0000
coverage,6,35,belief,random,73.3500,73.1700,0.0500,9.2500
coverage,6,35,oracle,random,75.2000,74.9970,99.7500,0.0500
coverage,6,36,random,random,67.5000,67.7120,0.0000,16.0500
coverage,6,36,round-robin,random,68.0000,67.0800,0.0000,17.0000
coverage,6,36,snr-greedy,random,71.4000,71.8310,12.1000,11.1500
coverage,6,36,snr-last,random,69.2500,70.1710,0.0000,2.1500
coverage,6,36,belief,random,72.6500,73.1040,0.0000,9.1000
coverage,6,36,oracle,random,76.1000,75.0000,99.8000,0.0000
coverage,6,37,random,random,66.2500,65.9820,0.0000,16.5500
coverage,6,37,round-robin,random,67.6000,66.3300,0.0000,17.0000
coverage,6,37,snr-greedy,random,72.2000,71.5540,7.8500,14.1000
coverage,6,37,snr-last,random,69.2000,69.5370,0.0500,3.5500
coverage,6,37,belief,random,72.4000,73.2510,0.0500,12.9000
coverage,6,37,oracle,random,75.9000,75.0000,99.7500,0.0000
coverage,6,38,random,random,66.4000,67.0620,0.0000,18.5500
coverage,6,38,round-robin,random,65.5000,66.5800,0.0000,17.0000
coverage,6,38,snr-greedy,random,73.3500,72.7670,5.1500,8.0500
coverage,6,38,snr-last,random,67.8500,69.5320,0.0500,2.8000
coverage,6,38,belief,random,73.5000,73.5390,0.1000,8.1000
coverage,6,38,oracle,random,74.5000,75.0000,99.5500,0.0000
coverage,6,39,random,random,68.0500,67.3350,0.0000,16.5000
coverage,6,39,round-robin,random,67.5500,66.9050,0.0000,17.0000
coverage,6,39,snr-greedy,random,71.7000,71.7940,9.7000,12.6000
coverage,6,39,snr-last,random,69.8000,69.8430,0.0000,3.4500
coverage,6,39,belief,random,72.9000,73.3290,0.0000,10.3500
coverage,6,39,oracle,random,74.1000,75.0000,99.8000,0.0000
coverage,6,40,random,random,67.4500,67.0650,0.0000,17.2500
coverage,6,40,round-robin,random,65.6500,66.9300,0.0000,17.0000
coverage,6,40,snr-greedy,random,70.9000,71.8410,8.7000,16.4000
coverage,6,40,snr-last,random,68.2500,68.8410,0.0000,5.1500
coverage,6,40,belief,random,72.7500,73.2720,0.0500,16.3000
coverage,6,40,oracle,random,76.8500,75.0000,99.7500,0.0000
coverage,6,41,random,random,68.7000,66.9980,0.0000,17.9500
coverage,6,41,round-robin,random,65.4500,66.2550,0.0000,17.0000
coverage,6,41,snr-greedy,random,73.1000,72.3920,7.8500,11.8000
coverage,6,41,snr-last,random,69.4000,68.8110,0.0000,6.9000
coverage,6,41,belief,random,74.9000,73.3940,0.0000,11.3500
coverage,6,41,oracle,random,75.6000,75.0000,99.7000,0.0000
coverage,6,42,random,random,70.8000,67.6520,0.0000,15.8000
coverage,6,42,round-robin,random,67.1000,67.3550,0.0000,17.0000
coverage,6,42,snr-greedy,random,73.7000,72.1290,12.3500,9.1000
coverage,6,42,snr-last,random,69.2000,69.8050,0.0000,4.5000
coverage,6,42,belief,random,76.6000,73.7070,0.0000,7.8000
coverage,6,42,oracle,random,78.7000,75.0000,99.9000,0.0000
coverage,6,43,random,random,67.4500,67.4940,0.0000,16.3500
coverage,6,43,round-robin,random,65.7000,66.6800,0.0000,17.0000
coverage,6,43,snr-greedy,random,69.9500,71.6160,11.5500,8.9000
coverage,6,43,snr-last,random,66.4000,69.3730,0.0500,2.9500
coverage,6,43,belief,random,73.0000,73.1210,0.0500,8.4000
coverage,6,43,oracle,random,74.9500,75.0000,99.6000,0.0000
coverage,6,44,random,random,68.1500,67.1900,0.0000,16.0000
coverage,6,44,round-robin,random,68.3000,67.1800,0.0000,17.0000
coverage,6,44,snr-greedy,random,72.7000,72.2260,10.0500,12.9000
coverage,6,44,snr-last,random,68.6500,68.6970,0.0000,3.8000
coverage,6,44,belief,random,72.9000,73.4650,0.0000,11.0000
coverage,6,44,oracle,random,73.5000,75.0000,99.7500,0.0000
coverage,6,45,random,random,65.8500,66.3140,0.0000,16.8500
coverage,6,45,round-robin,random,68.2000,67.0550,0.0000,17.0000
coverage,6,45,snr-greedy,random,71.7000,71.5950,9.4000,18.0000
coverage,6,45,snr-last,random,70.6000,69.4070,0.0000,4.0500
coverage,6,45,belief,random,73.1500,72.6510,0.0000,19.1500
coverage,6,45,oracle,random,73.3000,75.0000,99.8500,0.0000
coverage,6,46,random,random,67.5500,67.0770,0.0000,17.0500
coverage,6,46,round-robin,random,67.4500,66.8550,0.0000,17.0000
coverage,6,46,snr-greedy,random,72.7000,72.4260,7.2500,11.6500
coverage,6,46,snr-last,random,69.6500,68.7520,0.0000,4.5500
coverage,6,46,belief,random,73.0000,73.4440,0.0000,11.3500
coverage,6,46,oracle,random,75.1500,75.0000,99.7000,0.0000
coverage,6,47,random,random,66.3000,66.2550,0.0000,17.0000
coverage,6,47,round-robin,random,67.1000,66.8300,0.0000,17.0000
coverage,6,47,snr-greedy,random,72.3000,71.9280,11.5000,11.2000
coverage,6,47,snr-last,random,70.6500,69.9640,0.0000,3.1000
coverage,6,47,belief,random,73.4000,73.1410,0.0000,10.1500
coverage,6,47,oracle,random,75.2500,75.0000,99.9500,0.0000
coverage,6,48,random,random,67.4000,67.9150,0.0000,16.0000
coverage,6,48,round-robin,random,65.9000,67.1550,0.0000,17.0000
coverage,6,48,snr-greedy,random,71.1000,72.7190,7.8000,11.3500
coverage,6,48,snr-last,random,69.0500,70.2130,0.1500,3.9500
coverage,6,48,belief,random,72.0000,73.8280,0.1500,9.9500
coverage,6,48,oracle,random,74.2500,75.0000,99.9500,0.0000
coverage,6,49,random,random,65.6000,66.1100,0.0000,16.5000
coverage,6,49,round-robin,random,66.2500,66.1800,0.0000,17.0000
coverage,6,49,snr-greedy,random,71.2000,72.1100,10.7500,12.7500
coverage,6,49,snr-last,random,68.1500,68.4920,0.0500,4.3000
coverage,6,49,belief,random,73.2500,73.4460,0.1500,10.9000
coverage,6,49,oracle,random,75.4500,75.0000,99.4500,0.0000
flat,1,0,random,random,60.6000,61.9250,0.0000,100.0000
flat,1,0,round-robin,random,60.6000,61.9250,0.0000,100.0000
flat,1,0,snr-greedy,random,60.6000,61.9250,0.0000,100.0000
flat,1,0,snr-last,random,60.6000,61.9250,0.0000,100.0000
flat,1,0,belief,random,60.6000,61.9250,0.0000,100.0000
flat,1,0,oracle,random,60.6000,61.9250,0.0000,100.0000
flat,1,1,random,random,61.5500,61.7250,0.0000,100.0000
flat,1,1,round-robin,random,61.5500,61.7250,0.0000,100.0000
flat,1,1,snr-greedy,random,61.5500,61.7250,0.0000,100.0000
flat,1,1,snr-last,random,61.5500,61.7250,0.0000,100.0000
flat,1,1,belief,random,61.5500,61.7250,0.0000,100.0000
flat,1,1,oracle,random,61.5500,61.7250,0.0000,100.0000
flat,1,2,random,random,63.8500,62.7750,0.0000,100.0000
flat,1,2,round-robin,random,63.8500,62.7750,0.0000,100.0000
flat,1,2,snr-greedy,random,63.8500,62.7750,0.0000,100.0000
flat,1,2,snr-last,random,63.8500,62.7750,0.0000,100.0000
flat,1,2,belief,random,63.8500,62.7750,0.0000,100.0000
flat,1,2,oracle,random,63.8500,62.7750,0.0000,100.0000
flat,1,3,random,random,61.8500,62.0250,0.0000,100.0000
flat,1,3,round-robin,random,61.8500,62.0250,0.0000,100.0000
flat,1,3,snr-greedy,random,61.8500,62.0250,0.0000,100.0000
flat,1,3,snr-last,random,61.8500,62.0250,0.0000,100.0000
flat,1,3,belief,random,61.8500,62.0250,0.0000,100.0000
flat,1,3,oracle,random,61.8500,62.0250,0.0000,100.0000
flat,1,4,random,random,58.3500,59.4250,0.0000,100.0000
flat,1,4,round-robin,random,58.3500,59.4250,0.0000,100.0000
flat,1,4,snr-greedy,random,58.3500,59.4250,0.0000,100.0000
flat,1,4,snr-last,random,58.3500,59.4250,0.0000,100.0000
flat,1,4,belief,random,58.3500,59.4250,0.0000,100.0000
flat,1,4,oracle,random,58.3500,59.4250,0.0000,100.0000
flat,1,5,random,random,63.4500,62.0250,0.0000,100.0000
flat,1,5,round-robin,random,63.4500,62.0250,0.0000,100.0000
flat,1,5,snr-greedy,random,63.4500,62.0250,0.0000,100.0000
flat,1,5,snr-last,random,63.4500,62.0250,0.0000,100.0000
flat,1,5,belief,random,63.4500,62.0250,0.0000,100.0000
flat,1,5,oracle,random,63.4500,62.0250,0.0000,100.0000
flat,1,6,random,random,62.1500,60.9000,0.0000,100.0000
flat,1,6,round-robin,random,62.1500,60.9000,0.0000,100.0000
flat,1,6,snr-greedy,random,62.1500,60.9000,0.0000,100.0000
flat,1,6,snr-last,random,62.1500,60.9000,0.0000,100.0000
flat,1,6,belief,random,62.1500,60.9000,0.0000,100.0000
flat,1,6,oracle,random,62.1500,60.9000,0.0000,100.0000
flat,1,7,random,random,61.5500,61.5000,0.0000,100.0000
flat,1,7,round-robin,random,61.5500,61.5000,0.0000,100.0000
flat,1,7,snr-greedy,random,61.5500,61.5000,0.0000,100.0000
flat,1,7,snr-last,random,61.5500,61.5000,0.0000,100.0000
flat,1,7,belief,random,61.5500,61.5000,0.0000,100.0000
flat,1,7,oracle,random,61.5500,61.5000,0.0000,100.0000
flat,1,8,random,random,62.1500,60.5750,0.0000,100.0000
flat,1,8,round-robin,random,62.1500,60.5750,0.0000,100.0000
flat,1,8,snr-greedy,random,62.1500,60.5750,0.0000,100.0000
flat,1,8,snr-last,random,62.1500,60.5750,0.0000,100.0000
flat,1,8,belief,random,62.1500,60.5750,0.0000,100.0000
flat,1,8,oracle,random,62.1500,60.5750,0.0000,100.0000
flat,1,9,random,random,62.2000,62.4500,0.0000,100.0000
flat,1,9,round-robin,random,62.2000,62.4500,0.0000,100.0000
flat,1,9,snr-greedy,random,62.2000,62.4500,0.0000,100.0000
flat,1,9,snr-last,random,62.2000,62.4500,0.0000,100.0000
flat,1,9,belief,random,62.2000,62.4500,0.0000,100.0000
flat,1,9,oracle,random,62.2000,62.4500,0.0000,100.0000
flat,1,10,random,random,61.1500,60.9250,0.0000,100.0000
flat,1,10,round-robin,random,61.1500,60.9250,0.0000,100.0000
flat,1,10,snr-greedy,random,61.1500,60.9250,0.0000,100.0000
flat,1,10,snr-last,random,61.1500,60.9250,0.0000,100.0000
flat,1,10,belief,random,61.1500,60.9250,0.0000,100.0000
flat,1,10,oracle,random,61.1500,60.9250,0.0000,100.0000
flat,1,11,random,random,63.3500,62.6500,0.0000,100.0000
flat,1,11,round-robin,random,63.3500,62.6500,0.0000,100.0000
flat,1,11,snr-greedy,random,63.3500,62.6500,0.0000,100.0000
flat,1,11,snr-last,random,63.3500,62.6500,0.0000,100.0000
flat,1,11,belief,random,63.3500,62.6500,0.0000,100.0000
flat,1,11,oracle,random,63.3500,62.6500,0.0000,100.0000
flat,1,12,random,random,61.8500,61.6500,0.0000,100.0000
flat,1,12,round-robin,random,61.8500,61.6500,0.0000,100.0000
flat,1,12,snr-greedy,random,61.8500,61.6500,0.0000,100.0000
flat,1,12,snr-last,random,61.8500,61.6500,0.0000,100.0000
flat,1,12,belief,random,61.8500,61.6500,0.0000,100.0000
flat,1,12,oracle,random,61.8500,61.6500,0.0000,100.0000
flat,1,13,random,random,61.5500,61.8000,0.0000,100.0000
flat,1,13,round-robin,random,61.5500,61.8000,0.0000,100.0000
flat,1,13,snr-greedy,random,61.5500,61.8000,0.0000,100.0000
flat,1,13,snr-last,random,61.5500,61.8000,0.0000,100.0000
flat,1,13,belief,random,61.5500,61.8000,0.0000,100.0000
flat,1,13,oracle,random,61.5500,61.8000,0.0000,100.0000
flat,1,14,random,random,62.9500,61.6250,0.0000,100.0000
flat,1,14,round-robin,random,62.9500,61.6250,0.0000,100.0000
flat,1,14,snr-greedy,random,62.9500,61.6250,0.0000,100.0000
flat,1,14,snr-last,random,62.9500,61.6250,0.0000,100.0000
flat,1,14,belief,random,62.9500,61.6250,0.0000,100.0000
flat,1,14,oracle,random,62.9500,61.6250,0.0000,100.0000
flat,1,15,random,random,60.5000,62.0000,0.0000,100.0000
flat,1,15,round-robin,random,60.5000,62.0000,0.0000,100.0000
flat,1,15,snr-greedy,random,60.5000,62.0000,0.0000,100.0000
flat,1,15,snr-last,random,60.5000,62.0000,0.0000,100.0000
flat,1,15,belief,random,60.5000,62.0000,0.0000,100.0000
flat,1,15,oracle,random,60.5000,62.0000,0.0000,100.0000
flat,1,16,random,random,61.6500,61.4500,0.0000,100.0000
flat,1,16,round-robin,random,61.6500,61.4500,0.0000,100.0000
flat,1,16,snr-greedy,random,61.6500,61.4500,0.0000,100.0000
flat,1,16,snr-last,random,61.6500,61.4500,0.0000,100.0000
flat,1,16,belief,random,61.6500,61.4500,0.0000,100.0000
flat,1,16,oracle,random,61.6500,61.4500,0.0000,100.0000
flat,1,17,random,random,61.9500,63.0750,0.0000,100.0000
flat,1,17,round-robin,random,61.9500,63.0750,0.0000,100.0000
flat,1,17,snr-greedy,random,61.9500,63.0750,0.0000,100.0000
flat,1,17,snr-last,random,61.9500,63.0750,0.0000,100.0000
flat,1,17,belief,random,61.9500,63.0750,0.0000,100.0000
flat,1,17,oracle,random,61.9500,63.0750,0.0000,100.0000
flat,1,18,random,random,61.7500,61.2000,0.0000,100.0000
flat,1,18,round-robin,random,61.7500,61.2000,0.0000,100.0000
flat,1,18,snr-greedy,random,61.7500,61.2000,0.0000,100.0000
flat,1,18,snr-last,random,61.7500,61.2000,0.0000,100.0000
flat,1,18,belief,random,61.7500,61.2000,0.0000,100.0000
flat,1,18,oracle,random,61.7500,61.2000,0.0000,100.0000
flat,1,19,random,random,64.3000,62.4750,0.0000,100.0000
flat,1,19,round-robin,random,64.3000,62.4750,0.0000,100.0000
flat,1,19,snr-greedy,random,64.3000,62.4750,0.0000,100.0000
flat,1,19,snr-last,random,64.3000,62.4750,0.0000,100.0000
flat,1,19,belief,random,64.3000,62.4750,0.0000,100.0000
flat,1,19,oracle,random,64.3000,62.4750,0.0000,100.0000
flat,1,20,random,random,62.3000,61.4250,0.0000,100.0000
flat,1,20,round-robin,random,62.3000,61.4250,0.0000,100.0000
flat,1,20,snr-greedy,random,62.3000,61.4250,0.0000,100.0000
flat,1,20,snr-last,random,62.3000,61.4250,0.0000,100.0000
flat,1,20,belief,random,62.3000,61.4250,0.0000,100.0000
flat,1,20,oracle,random,62.3000,61.4250,0.0000,100.0000
flat,1,21,random,random,62.9500,62.9500,0.0000,100.0000
flat,1,21,round-robin,random,62.9500,62.9500,0.0000,100.0000
flat,1,21,snr-greedy,random,62.9500,62.9500,0.0000,100.0000
flat,1,21,snr-last,random,62.9500,62.9500,0.0000,100.0000
flat,1,21,belief,random,62.9500,62.9500,0.0000,100.0000
flat,1,21,oracle,random,62.9500,62.9500,0.0000,100.0000
flat,1,22,random,random,61.1500,61.5250,0.0000,100.0000
flat,1,22,round-robin,random,61.1500,61.5250,0.0000,100.0000
flat,1,22,snr-greedy,random,61.1500,61.5250,0.0000,100.0000
flat,1,22,snr-last,random,61.1500,61.5250,0.0000,100.0000
flat,1,22,belief,random,61.1500,61.5250,0.0000,100.0000
flat,1,22,oracle,random,61.1500,61.5250,0.0000,100.0000
flat,1,23,random,random,63.8000,62.7000,0.0000,100.0000
flat,1,23,round-robin,random,63.8000,62.7000,0.0000,100.0000
flat,1,23,snr-greedy,random,63.8000,62.7000,0.0000,100.0000
flat,1,23,snr-last,random,63.8000,62.7000,0.0000,100.0000
flat,1,23,belief,random,63.8000,62.7000,0.0000,100.0000
flat,1,23,oracle,random,63.8000,62.7000,0.0000,100.0000
flat,1,24,random,random,61.8000,61.5500,0.0000,100.0000
flat,1,24,round-robin,random,61.8000,61.5500,0.0000,100.0000
flat,1,24,snr-greedy,random,61.8000,61.5500,0.0000,100.0000
flat,1,24,snr-last,random,61.8000,61.5500,0.0000,100.0000
flat,1,24,belief,random,61.8000,61.5500,0.0000,100.0000
flat,1,24,oracle,random,61.8000,61.5500,0.0000,100.0000
flat,1,25,random,random,59.5500,61.1750,0.0000,100.0000
flat,1,25,round-robin,random,59.5500,61.1750,0.0000,100.0000
flat,1,25,snr-greedy,random,59.5500,61.1750,0.0000,100.0000
flat,1,25,snr-last,random,59.5500,61.1750,0.0000,100.0000
flat,1,25,belief,random,59.5500,61.1750,0.0000,100.0000
flat,1,25,oracle,random,59.5500,61.1750,0.0000,100.0000
flat,1,26,random,random,64.4000,62.9000,0.0000,100.0000
flat,1,26,round-robin,random,64.4000,62.9000,0.0000,100.0000
flat,1,26,snr-greedy,random,64.4000,62.9000,0.0000,100.0000
flat,1,26,snr-last,random,64.4000,62.9000,0.0000,100.0000
flat,1,26,belief,random,64.4000,62.9000,0.0000,100.0000
flat,1,26,oracle,random,64.4000,62.9000,0.0000,100.0000
flat,1,27,random,random,60.3000,62.0500,0.0000,100.0000
flat,1,27,round-robin,random,60.3000,62.0500,0.0000,100.0000
flat,1,27,snr-greedy,random,60.3000,62.0500,0.0000,100.0000
flat,1,27,snr-last,random,60.3000,62.0500,0.0000,100.0000
flat,1,27,belief,random,60.3000,62.0500,0.0000,100.0000
flat,1,27,oracle,random,60.3000,62.0500,0.0000,100.0000
flat,1,28,random,random,60.4500,61.4500,0.0000,100.0000
flat,1,28,round-robin,random,60.4500,61.4500,0.0000,100.0000
flat,1,28,snr-greedy,random,60.4500,61.4500,0.0000,100.0000
flat,1,28,snr-last,random,60.4500,61.4500,0.0000,100.0000
flat,1,28,belief,random,60.4500,61.4500,0.0000,100.0000
flat,1,28,oracle,random,60.4500,61.4500,0.0000,100.0000
flat,1,29,random,random,60.8000,61.6250,0.0000,100.0000
flat,1,29,round-robin,random,60.8000,61.6250,0.0000,100.0000
flat,1,29,snr-greedy,random,60.8000,61.6250,0.0000,100.0000
flat,1,29,snr-last,random,60.8000,61.6250,0.0000,100.0000
flat,1,29,belief,random,60.8000,61.6250,0.0000,100.0000
flat,1,29,oracle,random,60.8000,61.6250,0.0000,100.0000
flat,1,30,random,random,62.7000,61.9500,0.0000,100.0000
flat,1,30,round-robin,random,62.7000,61.9500,0.0000,100.0000
flat,1,30,snr-greedy,random,62.7000,61.9500,0.0000,100.0000
flat,1,30,snr-last,random,62.7000,61.9500,0.0000,100.0000
flat,1,30,belief,random,62.7000,61.9500,0.0000,100.0000
flat,1,30,oracle,random,62.7000,61.9500,0.0000,100.0000
flat,1,31,random,random,60.8500,61.6250,0.0000,100.0000
flat,1,31,round-robin,random,60.8500,61.6250,0.0000,100.0000
flat,1,31,snr-greedy,random,60.8500,61.6250,0.0000,100.0000
flat,1,31,snr-last,random,60.8500,61.6250,0.0000,100.0000
flat,1,31,belief,random,60.8500,61.6250,0.0000,100.0000
flat,1,31,oracle,random,60.8500,61.6250,0.0000,100.0000
flat,1,32,random,random,62.6000,62.8000,0.0000,100.0000
flat,1,32,round-robin,random,62.6000,62.8000,0.0000,100.0000
flat,1,32,snr-greedy,random,62.6000,62.8000,0.0000,100.0000
flat,1,32,snr-last,random,62.6000,62.8000,0.0000,100.0000
flat,1,32,belief,random,62.6000,62.8000,0.0000,100.0000
flat,1,32,oracle,random,62.6000,62.8000,0.0000,100.0000
flat,1,33,random,random,60.4000,60.8500,0.0000,100.0000
flat,1,33,round-robin,random,60.4000,60.8500,0.0000,100.0000
flat,1,33,snr-greedy,random,60.4000,60.8500,0.0000,100.0000
flat,1,33,snr-last,random,60.4000,60.8500,0.0000,100.0000
flat,1,33,belief,random,60.4000,60.8500,0.0000,100.0000
flat,1,33,oracle,random,60.4000,60.8500,0.0000,100.0000
flat,1,34,random,random,62.2000,62.2500,0.0000,100.0000
flat,1,34,round-robin,random,62.2000,62.2500,0.0000,100.0000
flat,1,34,snr-greedy,random,62.2000,62.2500,0.0000,100.0000
flat,1,34,snr-last,random,62.2000,62.2500,0.0000,100.0000
flat,1,34,belief,random,62.2000,62.2500,0.0000,100.0000
flat,1,34,oracle,random,62.2000,62.2500,0.0000,100.0000
flat,1,35,random,random,64.1000,63.1500,0.0000,100.0000
flat,1,35,round-robin,random,64.1000,63.1500,0.0000,100.0000
flat,1,35,snr-greedy,random,64.1000,63.1500,0.0000,100.0000
flat,1,35,snr-last,random,64.1000,63.1500,0.0000,100.0000
flat,1,35,belief,random,64.1000,63.1500,0.0000,100.0000
flat,1,35,oracle,random,64.1000,63.1500,0.0000,100.0000
flat,1,36,random,random,60.8500,61.9250,0.0000,100.0000
flat,1,36,round-robin,random,60.8500,61.9250,0.0000,100.0000
flat,1,36,snr-greedy,random,60.8500,61.9250,0.0000,100.0000
flat,1,36,snr-last,random,60.8500,61.9250,0.0000,100.0000
flat,1,36,belief,random,60.8500,61.9250,0.0000,100.0000
flat,1,36,oracle,random,60.8500,61.9250,0.0000,100.0000
flat,1,37,random,random,62.5000,61.3500,0.0000,100.0000
flat,1,37,round-robin,random,62.5000,61.3500,0.0000,100.0000
flat,1,37,snr-greedy,random,62.5000,61.3500,0.0000,100.0000
flat,1,37,snr-last,random,62.5000,61.3500,0.0000,100.0000
flat,1,37,belief,random,62.5000,61.3500,0.0000,100.0000
flat,1,37,oracle,random,62.5000,61.3500,0.0000,100.0000
flat,1,38,random,random,62.3000,63.6500,0.0000,100.0000
flat,1,38,round-robin,random,62.3000,63.6500,0.0000,100.0000
flat,1,38,snr-greedy,random,62.3000,63.6500,0.0000,100.0000
flat,1,38,snr-last,random,62.3000,63.6500,0.0000,100.0000
flat,1,38,belief,random,62.3000,63.6500,0.0000,100.0000
flat,1,38,oracle,random,62.3000,63.6500,0.0000,100.0000
flat,1,39,random,random,63.2500,62.1000,0.0000,100.0000
flat,1,39,round-robin,random,63.2500,62.1000,0.0000,100.0000
flat,1,39,snr-greedy,random,63.2500,62.1000,0.0000,100.0000
flat,1,39,snr-last,random,63.2500,62.1000,0.0000,100.0000
flat,1,39,belief,random,63.2500,62.1000,0.0000,100.0000
flat,1,39,oracle,random,63.2500,62.1000,0.0000,100.0000
flat,1,40,random,random,63.7000,62.8250,0.0000,100.0000
flat,1,40,round-robin,random,63.7000,62.8250,0.0000,100.0000
flat,1,40,snr-greedy,random,63.7000,62.8250,0.0000,100.0000
flat,1,40,snr-last,random,63.7000,62.8250,0.0000,100.0000
flat,1,40,belief,random,63.7000,62.8250,0.0000,100.0000
flat,1,40,oracle,random,63.7000,62.8250,0.0000,100.0000
flat,1,41,random,random,61.3500,61.4500,0.0000,100.0000
flat,1,41,round-robin,random,61.3500,61.4500,0.0000,100.0000
flat,1,41,snr-greedy,random,61.3500,61.4500,0.0000,100.0000
flat,1,41,snr-last,random,61.3500,61.4500,0.0000,100.0000
flat,1,41,belief,random,61.3500,61.4500,0.0000,100.0000
flat,1,41,oracle,random,61.3500,61.4500,0.0000,100.0000
flat,1,42,random,random,61.2500,61.3750,0.0000,100.0000
flat,1,42,round-robin,random,61.2500,61.3750,0.0000,100.0000
flat,1,42,snr-greedy,random,61.2500,61.3750,0.0000,100.0000
flat,1,42,snr-last,random,61.2500,61.3750,0.0000,100.0000
flat,1,42,belief,random,61.2500,61.3750,0.0000,100.0000
flat,1,42,oracle,random,61.2500,61.3750,0.0000,100.0000
flat,1,43,random,random,62.8500,61.7750,0.0000,100.0000
flat,1,43,round-robin,random,62.8500,61.7750,0.0000,100.0000
flat,1,43,snr-greedy,random,62.8500,61.7750,0.0000,100.0000
flat,1,43,snr-last,random,62.8500,61.7750,0.0000,100.0000
flat,1,43,belief,random,62.8500,61.7750,0.0000,100.0000
flat,1,43,oracle,random,62.8500,61.7750,0.0000,100.0000
flat,1,44,random,random,61.9500,61.3500,0.0000,100.0000
flat,1,44,round-robin,random,61.9500,61.3500,0.0000,100.0000
flat,1,44,snr-greedy,random,61.9500,61.3500,0.0000,100.0000
flat,1,44,snr-last,random,61.9500,61.3500,0.0000,100.0000
flat,1,44,belief,random,61.9500,61.3500,0.0000,100.0000
flat,1,44,oracle,random,61.9500,61.3500,0.0000,100.0000
flat,1,45,random,random,62.1500,62.8000,0.0000,100.0000
flat,1,45,round-robin,random,62.1500,62.8000,0.0000,100.0000
flat,1,45,snr-greedy,random,62.1500,62.8000,0.0000,100.0000
flat,1,45,snr-last,random,62.1500,62.8000,0.0000,100.0000
flat,1,45,belief,random,62.1500,62.8000,0.0000,100.0000
flat,1,45,oracle,random,62.1500,62.8000,0.0000,100.0000
flat,1,46,random,random,61.9500,61.6250,0.0000,100.0000
flat,1,46,round-robin,random,61.9500,61.6250,0.0000,100.0000
flat,1,46,snr-greedy,random,61.9500,61.6250,0.0000,100.0000
flat,1,46,snr-last,random,61.9500,61.6250,0.0000,100.0000
flat,1,46,belief,random,61.9500,61.6250,0.0000,100.0000
flat,1,46,oracle,random,61.9500,61.6250,0.0000,100.0000
flat,1,47,random,random,63.1500,62.5000,0.0000,100.0000
flat,1,47,round-robin,random,63.1500,62.5000,0.0000,100.0000
flat,1,47,snr-greedy,random,63.1500,62.5000,0.0000,100.0000
flat,1,47,snr-last,random,63.1500,62.5000,0.0000,100.0000
flat,1,47,belief,random,63.1500,62.5000,0.0000,100.0000
flat,1,47,oracle,random,63.1500,62.5000,0.0000,100.0000
flat,1,48,random,random,60.6500,61.9750,0.0000,100.0000
flat,1,48,round-robin,random,60.6500,61.9750,0.0000,100.0000
flat,1,48,snr-greedy,random,60.6500,61.9750,0.0000,100.0000
flat,1,48,snr-last,random,60.6500,61.9750,0.0000,100.0000
flat,1,48,belief,random,60.6500,61.9750,0.0000,100.0000
flat,1,48,oracle,random,60.6500,61.9750,0.0000,100.0000
flat,1,49,random,random,64.4500,62.9250,0.0000,100.0000
flat,1,49,round-robin,random,64.4500,62.9250,0.0000,100.0000
flat,1,49,snr-greedy,random,64.4500,62.9250,0.0000,100.0000
flat,1,49,snr-last,random,64.4500,62.9250,0.0000,100.0000
flat,1,49,belief,random,64.4500,62.9250,0.0000,100.0000
flat,1,49,oracle,random,64.4500,62.9250,0.0000,100.0000
flat,2,0,random,random,64.2000,64.6410,0.0000,50.1500
flat,2,0,round-robin,random,64.5500,64.7750,0.0000,50.0000
flat,2,0,snr-greedy,random,71.7000,71.4490,1.1000,34.6000
flat,2,0,snr-last,random,70.4500,70.0850,0.0000,31.5000
flat,2,0,belief,random,71.7000,71.5550,0.0000,34.5000
flat,2,0,oracle,random,73.0000,73.2660,0.0000,16.4000
flat,2,1,random,random,63.7500,64.0150,0.0000,49.7500
flat,2,1,round-robin,random,65.4500,64.5500,0.0000,50.0000
flat,2,1,snr-greedy,random,72.2000,71.6690,1.1500,31.3500
flat,2,1,snr-last,random,71.1000,70.7320,0.0000,29.0500
flat,2,1,belief,random,71.6000,71.9210,0.0000,29.6500
flat,2,1,oracle,random,74.3500,73.4550,0.0000,13.2500
flat,2,2,random,random,66.3500,65.8010,0.0000,49.1500
flat,2,2,round-robin,random,65.8500,65.4500,0.0000,50.0000
flat,2,2,snr-greedy,random,72.3000,71.3930,1.2000,30.9500
flat,2,2,snr-last,random,71.6000,70.4880,0.0000,27.7000
flat,2,2,belief,random,72.5000,71.5930,0.0000,29.7000
flat,2,2,oracle,random,73.3500,73.2840,0.0000,9.8500
flat,2,3,random,random,64.5000,65.7680,0.0000,49.7000
flat,2,3,round-robin,random,63.2000,65.1500,0.0000,50.0000
flat,2,3,snr-greedy,random,71.0000,71.9420,0.7500,30.5500
flat,2,3,snr-last,random,70.0500,70.8900,0.0000,27.2500
flat,2,3,belief,random,70.9500,71.9920,0.0000,29.3000
flat,2,3,oracle,random,72.8500,73.6680,0.0000,10.9500
flat,2,4,random,random,63.8500,64.6690,0.0000,48.8500
flat,2,4,round-robin,random,64.0000,64.5500,0.0000,50.0000
flat,2,4,snr-greedy,random,71.4500,71.1940,1.0000,32.6000
flat,2,4,snr-last,random,70.0000,70.0190,0.0000,30.1000
flat,2,4,belief,random,71.9000,71.5500,0.0000,32.5000
flat,2,4,oracle,random,73.4500,73.1020,0.0000,14.5500
flat,2,5,random,random,62.5000,64.7510,0.0000,49.1500
flat,2,5,round-robin,random,63.3000,64.8000,0.0000,50.0000
flat,2,5,snr-greedy,random,73.0000,71.5430,1.0500,29.7000
flat,2,5,snr-last,random,72.6000,70.5650,0.0000,27.2500
flat,2,5,belief,random,73.0000,71.6840,0.0000,28.6000
flat,2,5,oracle,random,74.6000,73.3350,0.0000,10.2500
flat,2,6,random,random,64.1500,63.9700,0.0000,49.2500
flat,2,6,round-robin,random,63.4000,63.9250,0.0000,50.0000
flat,2,6,snr-greedy,random,70.1500,71.2200,1.0500,33.0000
flat,2,6,snr-last,random,69.9500,70.3180,0.0000,29.7000
flat,2,6,belief,random,71.5000,71.5240,0.0000,30.8500
flat,2,6,oracle,random,73.0000,73.0760,0.0000,12.9000
flat,2,7,random,random,66.4000,64.9240,0.0000,49.6000
flat,2,7,round-robin,random,66.2500,64.8750,0.0000,50.0000
flat,2,7,snr-greedy,random,70.7000,71.2340,1.2500,31.1000
flat,2,7,snr-last,random,69.6500,70.1140,0.0000,26.8500
flat,2,7,belief,random,71.1000,71.6160,0.0000,28.9000
flat,2,7,oracle,random,73.4500,73.1690,0.0000,11.3500
flat,2,8,random,random,65.7000,64.9780,0.0000,49.9500
flat,2,8,round-robin,random,65.7000,65.3000,0.0000,50.0000
flat,2,8,snr-greedy,random,72.9000,71.9270,0.8500,30.8000
flat,2,8,snr-last,random,71.9000,70.7160,0.0000,27.6500
flat,2,8,belief,random,73.4000,72.1540,0.0000,29.1000
flat,2,8,oracle,random,74.7000,73.5410,0.0000,11.4000
flat,2,9,random,random,66.8500,65.3850,0.0000,50.2500
flat,2,9,round-robin,random,64.8500,65.3750,0.0000,50.0000
flat,2,9,snr-greedy,random,71.9000,71.5660,0.9500,31.4000
flat,2,9,snr-last,random,71.2500,70.7540,0.0000,29.1000
flat,2,9,belief,random,72.7000,71.8800,0.0000,30.7500
flat,2,9,oracle,random,74.3500,73.4020,0.0000,10.8000
flat,2,10,random,random,63.6500,64.0540,0.0000,50.3500
flat,2,10,round-robin,random,63.2500,63.6250,0.0000,50.0000
flat,2,10,snr-greedy,random,71.9500,71.5810,1.0000,31.1500
flat,2,10,snr-last,random,69.9500,69.8920,0.0000,26.8000
flat,2,10,belief,random,71.8000,71.7330,0.0000,29.4500
flat,2,10,oracle,random,73.7500,73.3560,0.0000,13.6500
flat,2,11,random,random,65.9000,64.5390,0.0000,50.6000
flat,2,11,round-robin,random,64.2500,64.8250,0.0000,50.0000
flat,2,11,snr-greedy,random,72.2000,71.2220,1.1000,31.3000
flat,2,11,snr-last,random,70.4000,69.8570,0.0000,27.8000
flat,2,11,belief,random,72.2000,71.3260,0.0000,29.1500
flat,2,11,oracle,random,72.9000,72.8520,0.0000,12.0500
flat,2,12,random,random,63.0500,64.8230,0.0000,50.4500
flat,2,12,round-robin,random,64.3500,64.3250,0.0000,50.0000
flat,2,12,snr-greedy,random,70.7500,71.5390,1.1500,30.6000
flat,2,12,snr-last,random,69.7000,70.5710,0.0000,27.1500
flat,2,12,belief,random,70.7000,71.8390,0.0000,28.1000
flat,2,12,oracle,random,72.9500,73.3840,0.0000,9.8500
flat,2,13,random,random,64.4000,64.6490,0.0000,50.8500
flat,2,13,round-robin,random,65.3500,64.6000,0.0000,50.0000
flat,2,13,snr-greedy,random,71.9500,71.5350,0.9500,31.5000
flat,2,13,snr-last,random,70.2500,70.2620,0.0000,28.5500
flat,2,13,belief,random,72.1000,71.7410,0.0500,30.1500
flat,2,13,oracle,random,72.3500,73.2960,0.0000,12.1500
flat,2,14,random,random,65.5000,65.2860,0.0000,49.4000
flat,2,14,round-robin,random,66.4000,65.6250,0.0000,50.0000
flat,2,14,snr-greedy,random,71.9500,71.2080,0.9500,31.9500
flat,2,14,snr-last,random,71.0000,70.3240,0.0000,28.3500
flat,2,14,belief,random,72.3000,71.4010,0.0000,30.4000
flat,2,14,oracle,random,73.3000,73.1090,0.0000,11.1000
flat,2,15,random,random,64.2500,64.4080,0.0000,49.4500
flat,2,15,round-robin,random,64.0500,64.5000,0.0000,50.0000
flat,2,15,snr-greedy,random,70.5500,70.9500,1.1500,30.0000
flat,2,15,snr-last,random,69.9000,70.2270,0.0000,28.3000
flat,2,15,belief,random,70.5000,71.1320,0.0000,30.3000
flat,2,15,oracle,random,72.0000,72.5820,0.0000,10.3000
flat,2,16,random,random,63.5000,63.4750,0.0000,50.0000
flat,2,16,round-robin,random,62.8000,63.7000,0.0000,50.0000
flat,2,16,snr-greedy,random,69.7500,71.2000,1.0500,33.7500
flat,2,16,snr-last,random,68.9000,70.2400,0.0000,32.2500
flat,2,16,belief,random,69.6000,71.4080,0.0000,33.2000
flat,2,16,oracle,random,71.6000,72.9860,0.0000,15.6500
flat,2,17,random,random,64.8500,64.9050,0.0000,50.7500
flat,2,17,round-robin,random,65.7000,64.9000,0.0000,50.0000
flat,2,17,snr-greedy,random,71.9000,71.4440,0.8500,32.6000
flat,2,17,snr-last,random,70.0000,70.0380,0.0000,30.2000
flat,2,17,belief,random,72.1500,71.7710,0.0000,30.9000
flat,2,17,oracle,random,73.4000,73.1640,0.0000,11.8500
flat,2,18,random,random,67.3500,64.9130,0.0000,48.9500
flat,2,18,round-robin,random,66.2000,64.9500,0.0000,50.0000
flat,2,18,snr-greedy,random,73.0500,71.4820,0.8000,32.8000
flat,2,18,snr-last,random,72.0500,70.3710,0.0000,28.4000
flat,2,18,belief,random,72.8000,71.5140,0.0000,31.8500
flat,2,18,oracle,random,74.2500,73.2760,0.0000,11.6500
flat,2,19,random,random,66.0000,64.9950,0.0000,49.2500
flat,2,19,round-robin,random,68.0500,65.7250,0.0000,50.0000
flat,2,19,snr-greedy,random,72.2500,71.7360,0.7500,31.9000
flat,2,19,snr-last,random,70.8000,70.3600,0.0000,29.0000
flat,2,19,belief,random,72.8000,71.7540,0.0000,31.6000
flat,2,19,oracle,random,73.6000,73.5150,0.0000,12.2500
flat,2,20,random,random,64.3000,64.8760,0.0000,49.1500
flat,2,20,round-robin,random,65.9500,64.6000,0.0000,50.0000
flat,2,20,snr-greedy,random,71.1500,71.5720,1.0500,32.5500
flat,2,20,snr-last,random,69.6000,70.4240,0.0000,29.6000
flat,2,20,belief,random,71.1500,71.9360,0.0000,31.9000
flat,2,20,oracle,random,72.7500,73.4710,0.0000,13.4000
flat,2,21,random,random,64.5500,64.4250,0.0000,50.0000
flat,2,21,round-robin,random,65.3000,64.4750,0.0000,50.0000
flat,2,21,snr-greedy,random,71.1500,71.1480,1.1000,32.9500
flat,2,21,snr-last,random,70.2000,69.8280,0.0500,31.2000
flat,2,21,belief,random,71.3000,71.7030,0.0500,33.7000
flat,2,21,oracle,random,73.4500,73.2340,0.0000,14.8500
flat,2,22,random,random,66.5000,64.9720,0.0000,51.3000
flat,2,22,round-robin,random,64.1000,65.1250,0.0000,50.0000
flat,2,22,snr-greedy,random,71.1000,71.2500,1.2500,33.7500
flat,2,22,snr-last,random,70.8000,70.3310,0.0000,31.1500
flat,2,22,belief,random,71.8500,71.5690,0.0000,32.6000
flat,2,22,oracle,random,73.2000,73.1890,0.0000,13.1000
flat,2,23,random,random,66.5500,65.0700,0.0000,50.5000
flat,2,23,round-robin,random,67.2500,65.1750,0.0000,50.0000
flat,2,23,snr-greedy,random,73.4000,71.9980,0.4500,31.7000
flat,2,23,snr-last,random,72.7000,70.9460,0.0000,28.4000
flat,2,23,belief,random,73.5500,72.2230,0.0000,30.4500
flat,2,23,oracle,random,74.7000,73.7500,0.0000,12.5000
flat,2,24,random,random,63.3000,64.3870,0.0000,49.8000
flat,2,24,round-robin,random,65.3500,64.6750,0.0000,50.0000
flat,2,24,snr-greedy,random,72.1000,71.6850,1.2500,31.5000
flat,2,24,snr-last,random,71.0500,70.7590,0.0000,28.6000
flat,2,24,belief,random,71.8500,71.8340,0.0000,29.8500
flat,2,24,oracle,random,71.9500,73.3780,0.0000,11.2000
flat,2,25,random,random,63.2500,63.8220,0.0000,48.8000
flat,2,25,round-robin,random,63.9000,64.0250,0.0000,50.0000
flat,2,25,snr-greedy,random,70.6000,71.1590,1.0500,31.1000
flat,2,25,snr-last,random,68.5500,70.0370,0.0000,28.5500
flat,2,25,belief,random,70.2000,71.2350,0.0000,30.2500
flat,2,25,oracle,random,71.3500,72.7120,0.0000,12.3000
flat,2,26,random,random,66.8500,66.5600,0.0000,49.0000
flat,2,26,round-robin,random,65.3500,66.3750,0.0000,50.0000
flat,2,26,snr-greedy,random,72.2500,71.8950,0.8000,30.5000
flat,2,26,snr-last,random,72.3500,70.9110,0.0000,28.1500
flat,2,26,belief,random,72.0500,72.0060,0.0500,29.9000
flat,2,26,oracle,random,73.0000,73.5880,0.0000,10.2000
flat,2,27,random,random,63.5500,64.7160,0.0000,51.4000
flat,2,27,round-robin,random,64.4000,64.9750,0.0000,50.0000
flat,2,27,snr-greedy,random,71.2500,71.4910,1.1000,31.4000
flat,2,27,snr-last,random,70.1000,70.6240,0.0000,28.3500
flat,2,27,belief,random,70.7000,71.5600,0.0000,30.2500
flat,2,27,oracle,random,72.5000,73.1420,0.0000,11.8000
flat,2,28,random,random,64.9500,65.0050,0.0000,49.5000
flat,2,28,round-robin,random,63.9500,64.7250,0.0000,50.0000
flat,2,28,snr-greedy,random,71.0500,71.1110,1.1500,31.9000
flat,2,28,snr-last,random,69.8000,69.8340,0.0000,29.8500
flat,2,28,belief,random,71.3500,71.2400,0.0000,32.2500
flat,2,28,oracle,random,71.5500,72.7660,0.0000,13.9000
flat,2,29,random,random,63.7500,64.0460,0.0000,49.6500
flat,2,29,round-robin,random,63.4500,64.2000,0.0000,50.0000
flat,2,29,snr-greedy,random,70.1000,70.9200,1.1000,34.2500
flat,2,29,snr-last,random,69.1500,69.7200,0.0000,30.5000
flat,2,29,belief,random,70.6000,71.1570,0.0000,34.0500
flat,2,29,oracle,random,73.3000,72.8790,0.0000,14.1000
flat,2,30,random,random,66.0000,66.0640,0.0000,48.1000
flat,2,30,round-robin,random,67.5500,65.9500,0.0000,50.0000
flat,2,30,snr-greedy,random,72.8500,71.9110,0.7000,31.9000
flat,2,30,snr-last,random,71.1500,70.7850,0.0000,29.0000
flat,2,30,belief,random,72.7000,72.0410,0.0000,31.4000
flat,2,30,oracle,random,74.1000,73.6820,0.0000,12.8000
flat,2,31,random,random,63.5000,64.3380,0.0000,51.4500
flat,2,31,round-robin,random,64.1500,64.5500,0.0000,50.0000
flat,2,31,snr-greedy,random,70.2000,71.6550,1.3000,30.7500
flat,2,31,snr-last,random,69.7000,70.4830,0.0000,26.9500
flat,2,31,belief,random,70.2500,71.7290,0.0000,29.1000
flat,2,31,oracle,random,71.2000,73.3630,0.0000,11.4500
flat,2,32,random,random,64.9500,65.3160,0.0000,50.1500
flat,2,32,round-robin,random,65.4000,65.6250,0.0000,50.0000
flat,2,32,snr-greedy,random,70.4000,71.7440,0.7500,31.3500
flat,2,32,snr-last,random,70.0000,70.9130,0.0000,28.9500
flat,2,32,belief,random,70.5500,71.8550,0.0000,30.7500
flat,2,32,oracle,random,72.5500,73.3560,0.0000,11.1500
flat,2,33,random,random,65.3500,64.5220,0.0000,50.0500
flat,2,33,round-robin,random,64.3000,64.7500,0.0000,50.0000
flat,2,33,snr-greedy,random,69.8500,71.6260,0.8000,32.9000
flat,2,33,snr-last,random,69.3000,70.6350,0.0000,30.2500
flat,2,33,belief,random,70.3500,71.5830,0.0000,31.9500
flat,2,33,oracle,random,71.5000,73.2530,0.0000,13.7000
flat,2,34,random,random,65.0500,65.1370,0.0000,49.8000
flat,2,34,round-robin,random,66.0000,64.8500,0.0000,50.0000
flat,2,34,snr-greedy,random,72.1000,71.5860,0.9500,30.6500
flat,2,34,snr-last,random,70.5000,70.3810,0.0000,27.4000
flat,2,34,belief,random,72.3000,71.7540,0.0000,30.3500
flat,2,34,oracle,random,73.4000,73.2720,0.0000,12.5500
flat,2,35,random,random,65.2500,65.5520,0.0000,49.5500
flat,2,35,round-robin,random,66.7500,65.3500,0.0000,50.0000
flat,2,35,snr-greedy,random,72.0500,71.6670,0.6000,28.0500
flat,2,35,snr-last,random,71.2500,70.7350,0.0000,25.2500
flat,2,35,belief,random,72.7000,71.8750,0.0000,27.5000
flat,2,35,oracle,random,74.1500,73.4650,0.0000,9.7500
flat,2,36,random,random,64.3000,64.1770,0.0000,48.3000
flat,2,36,round-robin,random,63.0500,63.8500,0.0000,50.0000
flat,2,36,snr-greedy,random,71.5500,71.0750,1.2000,32.5000
flat,2,36,snr-last,random,69.6500,69.5500,0.0000,30.0000
flat,2,36,belief,random,72.0000,71.2640,0.0000,31.8500
flat,2,36,oracle,random,73.5500,72.8530,0.0000,12.4500
flat,2,37,random,random,63.9000,64.3080,0.0000,49.4500
flat,2,37,round-robin,random,62.3500,64.1250,0.0000,50.0000
flat,2,37,snr-greedy,random,71.6000,71.0690,0.8500,33.8500
flat,2,37,snr-last,random,70.6000,70.0360,0.0000,30.6500
flat,2,37,belief,random,72.2500,71.5190,0.0000,32.6000
flat,2,37,oracle,random,73.7500,72.8840,0.0000,13.6000
flat,2,38,random,random,64.9000,66.0100,0.0000,52.7500
flat,2,38,round-robin,random,65.2000,66.1250,0.0000,50.0000
flat,2,38,snr-greedy,random,72.5000,71.9110,0.6000,29.4000
flat,2,38,snr-last,random,70.9000,70.9330,0.0000,25.7000
flat,2,38,belief,random,72.6000,72.0440,0.0000,28.8500
flat,2,38,oracle,random,73.7000,73.5710,0.0000,9.6500
flat,2,39,random,random,64.4500,65.5820,0.0000,50.3000
flat,2,39,round-robin,random,64.9500,65.1000,0.0000,50.0000
flat,2,39,snr-greedy,random,72.1000,71.7350,1.1500,32.7500
flat,2,39,snr-last,random,71.2000,70.6130,0.0000,30.2000
flat,2,39,belief,random,71.6500,71.7950,0.0000,31.7500
flat,2,39,oracle,random,73.7500,73.5410,0.0000,11.4000
flat,2,40,random,random,65.4500,64.3180,0.0000,49.7000
flat,2,40,round-robin,random,65.0500,64.0500,0.0000,50.0000
flat,2,40,snr-greedy,random,72.3500,71.1200,1.0500,30.5000
flat,2,40,snr-last,random,71.2000,69.9520,0.0000,27.0500
flat,2,40,belief,random,72.8000,71.3490,0.0000,29.6000
flat,2,40,oracle,random,74.1500,72.7830,0.0000,11.9500
flat,2,41,random,random,64.7500,64.6410,0.0000,50.1500
flat,2,41,round-robin,random,63.6000,64.5750,0.0000,50.0000
flat,2,41,snr-greedy,random,71.5500,71.5660,1.1500,32.6500
flat,2,41,snr-last,random,70.0000,70.3400,0.0000,31.0000
flat,2,41,belief,random,71.3000,71.7100,0.0000,31.5000
flat,2,41,oracle,random,73.3000,73.3860,0.0000,11.9000
flat,2,42,random,random,65.6500,65.0870,0.0000,49.8000
flat,2,42,round-robin,random,65.0500,64.6750,0.0000,50.0000
flat,2,42,snr-greedy,random,72.4500,71.7110,0.7500,34.4000
flat,2,42,snr-last,random,71.5000,70.3190,0.0000,31.3500
flat,2,42,belief,random,72.2000,71.7550,0.0000,33.2500
flat,2,42,oracle,random,73.2000,73.2910,0.0000,15.1500
flat,2,43,random,random,64.0000,65.2470,0.0000,51.3000
flat,2,43,round-robin,random,64.8000,65.4250,0.0000,50.0000
flat,2,43,snr-greedy,random,72.5000,71.5880,1.2000,30.2000
flat,2,43,snr-last,random,70.9500,70.5740,0.0000,28.3500
flat,2,43,belief,random,72.9000,71.8570,0.0000,29.0500
flat,2,43,oracle,random,72.9500,73.2980,0.0000,9.2000
flat,2,44,random,random,66.1000,65.0430,0.0000,50.9500
flat,2,44,round-robin,random,66.0000,65.0750,0.0000,50.0000
flat,2,44,snr-greedy,random,72.4500,71.4000,0.7000,32.5000
flat,2,44,snr-last,random,70.7500,70.2770,0.0000,29.5500
flat,2,44,belief,random,72.3000,71.5230,0.0000,31.7000
flat,2,44,oracle,random,73.9000,73.0980,0.0000,11.7000
flat,2,45,random,random,65.6500,65.3500,0.0000,48.7500
flat,2,45,round-robin,random,66.6000,65.6250,0.0000,50.0000
flat,2,45,snr-greedy,random,71.6500,71.7220,0.8000,30.0500
flat,2,45,snr-last,random,70.6000,70.5700,0.0000,26.7500
flat,2,45,belief,random,72.0000,71.8560,0.0000,28.6500
flat,2,45,oracle,random,73.5500,73.3550,0.0000,12.0000
flat,2,46,random,random,62.7000,64.2070,0.0000,49.0500
flat,2,46,round-robin,random,62.6500,63.7000,0.0000,50.0000
flat,2,46,snr-greedy,random,69.8000,71.0010,1.5000,32.9000
flat,2,46,snr-last,random,68.9000,69.9660,0.0000,30.1500
flat,2,46,belief,random,70.2000,71.1800,0.0000,32.0000
flat,2,46,oracle,random,71.6000,72.6880,0.0000,13.9500
flat,2,47,random,random,65.4500,65.1680,0.0000,48.4500
flat,2,47,round-robin,random,65.6500,64.7250,0.0000,50.0000
flat,2,47,snr-greedy,random,72.9000,71.7590,0.7500,29.8500
flat,2,47,snr-last,random,71.8500,70.6580,0.0000,28.2000
flat,2,47,belief,random,72.5500,71.7560,0.0000,28.6500
flat,2,47,oracle,random,73.8500,73.3410,0.0000,11.4000
flat,2,48,random,random,63.9000,64.9510,0.0000,50.4000
flat,2,48,round-robin,random,64.6500,65.0250,0.0000,50.0000
flat,2,48,snr-greedy,random,70.2000,71.4150,0.7500,29.7500
flat,2,48,snr-last,random,69.6500,70.2930,0.0000,27.2000
flat,2,48,belief,random,70.5000,71.2870,0.0000,29.8000
flat,2,48,oracle,random,72.7500,73.0970,0.0000,11.3000
flat,2,49,random,random,65.7000,65.5030,0.0000,51.2000
flat,2,49,round-robin,random,66.5500,65.9250,0.0000,50.0000
flat,2,49,snr-greedy,random,72.4500,71.8210,1.0000,28.4000
flat,2,49,snr-last,random,71.7500,71.0050,0.0000,25.7500
flat,2,49,belief,random,73.2500,72.2170,0.0000,28.0500
flat,2,49,oracle,random,74.3000,73.7260,0.0000,9.1500
flat,3,0,random,random,65.6500,65.5210,0.0000,33.4000
flat,3,0,round-robin,random,64.2000,65.6150,0.0000,33.5000
flat,3,0,snr-greedy,random,73.6000,73.6230,0.1000,14.2000
flat,3,0,snr-last,random,72.1500,72.3180,0.0000,12.2000
flat,3,0,belief,random,73.5000,73.9170,0.0000,13.0500
flat,3,0,oracle,random,74.5500,74.7890,72.5000,1.8500
flat,3,1,random,random,66.6000,65.8140,0.0000,33.1000
flat,3,1,round-robin,random,66.0500,65.3900,0.0000,33.5000
flat,3,1,snr-greedy,random,73.6500,73.5750,0.1500,16.2500
flat,3,1,snr-last,random,71.7500,72.0030,0.0000,14.9500
flat,3,1,belief,random,73.3000,73.8080,0.0000,15.7000
flat,3,1,oracle,random,73.7500,74.8140,70.7500,1.8500
flat,3,2,random,random,67.7500,66.4410,0.0000,32.6500
flat,3,2,round-robin,random,66.1500,66.2650,0.0000,33.5000
flat,3,2,snr-greedy,random,74.1500,73.6550,0.0500,14.5000
flat,3,2,snr-last,random,72.7000,72.2520,0.0000,13.3000
flat,3,2,belief,random,73.6000,73.7710,0.0000,13.4000
flat,3,2,oracle,random,74.8500,74.7880,75.8000,1.4500
flat,3,3,random,random,65.2000,65.6640,0.0000,33.1000
flat,3,3,round-robin,random,66.2000,65.5650,0.0000,33.5000
flat,3,3,snr-greedy,random,72.6500,73.5500,0.2000,13.7500
flat,3,3,snr-last,random,71.7000,72.2150,0.0000,12.2500
flat,3,3,belief,random,73.2500,73.5950,0.0000,13.0000
flat,3,3,oracle,random,75.9000,74.6450,74.3000,1.7500
flat,3,4,random,random,64.5000,65.9910,0.0000,33.9000
flat,3,4,round-robin,random,65.7000,66.4150,0.0000,33.5000
flat,3,4,snr-greedy,random,72.8500,73.4510,0.0000,15.4000
flat,3,4,snr-last,random,71.1500,72.0330,0.0000,13.2000
flat,3,4,belief,random,73.4000,73.7170,0.0000,14.3000
flat,3,4,oracle,random,74.0000,74.7720,73.5000,1.3000
flat,3,5,random,random,65.2000,65.8050,0.0000,33.2500
flat,3,5,round-robin,random,66.6500,65.7150,0.0000,33.5000
flat,3,5,snr-greedy,random,74.6500,73.5630,0.2000,15.2000
flat,3,5,snr-last,random,72.3000,71.2230,0.0000,14.2000
flat,3,5,belief,random,75.0000,73.6380,0.0000,15.2000
flat,3,5,oracle,random,74.9000,74.6380,70.6000,2.7000
flat,3,6,random,random,66.4000,65.5500,0.0000,32.5000
flat,3,6,round-robin,random,66.9000,65.5900,0.0000,33.5000
flat,3,6,snr-greedy,random,74.3000,73.8560,0.2000,13.6500
flat,3,6,snr-last,random,72.6500,72.5000,0.0000,12.5000
flat,3,6,belief,random,74.0500,73.9220,0.0000,13.8000
flat,3,6,oracle,random,74.2500,74.8360,75.1500,1.9000
flat,3,7,random,random,66.6000,66.8340,0.0000,33.6000
flat,3,7,round-robin,random,67.3000,66.9150,0.0000,33.5000
flat,3,7,snr-greedy,random,74.1500,73.7280,0.0000,13.7000
flat,3,7,snr-last,random,72.9000,72.3720,0.0000,12.5500
flat,3,7,belief,random,73.6500,73.8600,0.0000,14.0000
flat,3,7,oracle,random,75.5000,74.8490,77.1000,0.8500
flat,3,8,random,random,66.3500,66.2990,0.0000,34.6000
flat,3,8,round-robin,random,67.3500,66.0150,0.0000,33.5000
flat,3,8,snr-greedy,random,72.4500,73.7130,0.0500,12.7000
flat,3,8,snr-last,random,70.6500,72.2100,0.0000,11.5000
flat,3,8,belief,random,72.6500,73.8950,0.0000,13.0000
flat,3,8,oracle,random,74.2000,74.8720,75.7500,1.3000
flat,3,9,random,random,67.2500,67.3880,0.0000,32.7000
flat,3,9,round-robin,random,66.7000,66.4650,0.0000,33.5000
flat,3,9,snr-greedy,random,74.2500,73.7120,0.1500,14.8000
flat,3,9,snr-last,random,73.1000,72.3130,0.0000,13.9500
flat,3,9,belief,random,73.6500,73.7390,0.0000,14.3500
flat,3,9,oracle,random,75.7000,74.8460,76.4000,0.9000
flat,3,10,random,random,64.5000,64.9670,0.0000,34.3000
flat,3,10,round-robin,random,64.9500,65.3650,0.0000,33.5000
flat,3,10,snr-greedy,random,74.0500,73.6670,0.2000,14.3000
flat,3,10,snr-last,random,72.1000,72.1490,0.0000,13.3500
flat,3,10,belief,random,74.0000,73.7870,0.0000,13.5500
flat,3,10,oracle,random,74.1500,74.8400,71.7000,1.0000
flat,3,11,random,random,65.0500,66.0650,0.0000,33.5000
flat,3,11,round-robin,random,66.5000,66.1900,0.0000,33.5000
flat,3,11,snr-greedy,random,74.1000,73.6840,0.1000,14.8500
flat,3,11,snr-last,random,72.2000,71.9530,0.0000,13.7000
flat,3,11,belief,random,74.7500,73.7510,0.0000,15.4000
flat,3,11,oracle,random,75.4500,74.8680,73.4500,2.2000
flat,3,12,random,random,66.8000,66.6110,0.0000,34.4000
flat,3,12,round-robin,random,66.2500,66.4650,0.0000,33.5000
flat,3,12,snr-greedy,random,73.0000,73.7360,0.0500,14.4000
flat,3,12,snr-last,random,70.9000,71.9020,0.0000,13.3000
flat,3,12,belief,random,72.6000,73.9240,0.0000,13.3500
flat,3,12,oracle,random,74.2500,74.8690,75.5500,1.3500
flat,3,13,random,random,65.3500,65.6680,0.0000,33.4500
flat,3,13,round-robin,random,65.7500,65.4150,0.0000,33.5000
flat,3,13,snr-greedy,random,74.7000,73.8070,0.1000,14.0500
flat,3,13,snr-last,random,72.7000,71.9850,0.0000,12.7500
flat,3,13,belief,random,75.3500,73.9100,0.0000,12.7500
flat,3,13,oracle,random,73.7500,74.8410,72.4000,1.4000
flat,3,14,random,random,63.9500,64.0370,0.0000,33.5500
flat,3,14,round-robin,random,65.5500,65.5150,0.0000,33.5000
flat,3,14,snr-greedy,random,72.1000,73.3490,0.0500,13.3500
flat,3,14,snr-last,random,70.6000,71.7670,0.0000,11.8000
flat,3,14,belief,random,72.8000,73.4880,0.0000,13.9500
flat,3,14,oracle,random,71.6000,74.5760,70.5000,1.6500
flat,3,15,random,random,64.2500,65.3020,0.0000,33.3000
flat,3,15,round-robin,random,66.9000,65.8900,0.0000,33.5000
flat,3,15,snr-greedy,random,73.7500,73.4140,0.0500,15.6000
flat,3,15,snr-last,random,71.9000,71.7050,0.0000,14.5000
flat,3,15,belief,random,73.9000,73.5830,0.0000,15.7000
flat,3,15,oracle,random,74.1500,74.6360,75.1500,1.9000
flat,3,16,random,random,65.7000,65.5750,0.0000,33.7500
flat,3,16,round-robin,random,64.0000,65.7900,0.0000,33.5000
flat,3,16,snr-greedy,random,73.9000,73.6970,0.0500,13.8000
flat,3,16,snr-last,random,71.4000,71.5380,0.0000,12.7000
flat,3,16,belief,random,73.9000,73.8440,0.0000,13.8500
flat,3,16,oracle,random,75.3000,74.8010,72.5000,1.6500
flat,3,17,random,random,68.0000,67.4930,0.0000,33.4500
flat,3,17,round-robin,random,66.9500,67.2900,0.0000,33.5000
flat,3,17,snr-greedy,random,73.5500,73.9400,0.0500,13.5000
flat,3,17,snr-last,random,71.6500,72.0050,0.0000,12.0000
flat,3,17,belief,random,74.1000,73.9980,0.0000,12.9500
flat,3,17,oracle,random,75.8500,74.9280,76.2000,1.2000
flat,3,18,random,random,65.2000,65.6370,0.0000,32.3000
flat,3,18,round-robin,random,67.6000,66.2900,0.0000,33.5000
flat,3,18,snr-greedy,random,74.5000,73.6050,0.0500,14.5000
flat,3,18,snr-last,random,72.2500,72.0540,0.0000,12.8500
flat,3,18,belief,random,74.8000,73.8010,0.0000,14.1500
flat,3,18,oracle,random,75.8500,74.9000,71.3000,1.2500
flat,3,19,random,random,65.8000,66.6260,0.0000,32.9000
flat,3,19,round-robin,random,66.8500,66.7900,0.0000,33.5000
flat,3,19,snr-greedy,random,76.8500,73.8340,0.0000,14.8500
flat,3,19,snr-last,random,75.3000,72.3220,0.0000,13.8000
flat,3,19,belief,random,76.5500,73.9250,0.0000,15.0000
flat,3,19,oracle,random,76.3000,74.8120,74.4500,1.0500
flat,3,20,random,random,65.2500,65.5730,0.0000,34.2000
flat,3,20,round-robin,random,66.0000,66.0150,0.0000,33.5000
flat,3,20,snr-greedy,random,73.9000,73.4560,0.1500,14.9000
flat,3,20,snr-last,random,71.7500,71.2350,0.0000,14.0000
flat,3,20,belief,random,73.6500,73.6540,0.0000,15.3500
flat,3,20,oracle,random,74.2500,74.6160,73.5000,1.4000
flat,3,21,random,random,65.2000,64.9540,0.0000,34.1000
flat,3,21,round-robin,random,66.3500,66.3150,0.0000,33.5000
flat,3,21,snr-greedy,random,73.4500,73.4430,0.0500,13.4500
flat,3,21,snr-last,random,71.3000,71.6450,0.0000,13.0000
flat,3,21,belief,random,73.2500,73.6450,0.0000,13.0000
flat,3,21,oracle,random,74.6500,74.7770,75.0500,0.8000
flat,3,22,random,random,64.8000,65.3280,0.0000,33.7000
flat,3,22,round-robin,random,66.3000,65.5150,0.0000,33.5000
flat,3,22,snr-greedy,random,74.0000,73.4740,0.0500,15.8500
flat,3,22,snr-last,random,71.0500,71.1520,0.0000,13.3000
flat,3,22,belief,random,73.5500,73.6070,0.0000,15.3000
flat,3,22,oracle,random,74.5000,74.6850,71.8000,2.7500
flat,3,23,random,random,65.5000,66.0690,0.0000,35.1000
flat,3,23,round-robin,random,67.4000,66.1400,0.0000,33.5000
flat,3,23,snr-greedy,random,73.3000,73.7750,0.0500,13.7500
flat,3,23,snr-last,random,72.0500,72.1590,0.0000,12.3500
flat,3,23,belief,random,72.6000,73.9420,0.0000,13.0500
flat,3,23,oracle,random,74.7500,74.8220,74.8500,1.3000
flat,3,24,random,random,66.2000,65.5860,0.0000,33.1500
flat,3,24,round-robin,random,66.9000,65.4900,0.0000,33.5000
flat,3,24,snr-greedy,random,72.2000,73.4310,0.0500,14.9000
flat,3,24,snr-last,random,71.2000,71.8500,0.0000,13.7500
flat,3,24,belief,random,72.0500,73.6740,0.0000,14.6000
flat,3,24,oracle,random,75.3500,74.7270,73.0500,2.0500
flat,3,25,random,random,64.5500,66.1320,0.0000,31.5500
flat,3,25,round-robin,random,64.8500,65.5900,0.0000,33.5000
flat,3,25,snr-greedy,random,72.3000,73.5480,0.1500,12.9500
flat,3,25,snr-last,random,71.1500,71.9370,0.0000,12.3000
flat,3,25,belief,random,72.4000,73.7540,0.0000,12.8500
flat,3,25,oracle,random,74.3000,74.6320,74.1000,1.5500
flat,3,26,random,random,65.3000,65.9080,0.0000,31.9500
flat,3,26,round-robin,random,66.8000,66.2900,0.0000,33.5000
flat,3,26,snr-greedy,random,73.5500,73.4120,0.1000,14.8000
flat,3,26,snr-last,random,72.0000,71.8150,0.0000,13.5000
flat,3,26,belief,random,73.6500,73.5770,0.0000,14.5500
flat,3,26,oracle,random,73.7500,74.5700,77.1500,1.7500
flat,3,27,random,random,64.1500,65.4560,0.0000,33.6500
flat,3,27,round-robin,random,64.8000,65.6150,0.0000,33.5000
flat,3,27,snr-greedy,random,72.6000,73.5360,0.2000,13.1500
flat,3,27,snr-last,random,70.2000,71.6520,0.0000,12.0500
flat,3,27,belief,random,73.4500,73.9250,0.0000,12.5000
flat,3,27,oracle,random,73.9500,74.8040,74.2500,1.6000
flat,3,28,random,random,65.2000,65.5390,0.0000,33.1000
flat,3,28,round-robin,random,65.6000,65.4650,0.0000,33.5000
flat,3,28,snr-greedy,random,72.7500,73.6370,0.0500,14.8000
flat,3,28,snr-last,random,70.6000,71.4930,0.0000,13.4500
flat,3,28,belief,random,73.1000,73.8340,0.0000,14.8500
flat,3,28,oracle,random,75.3000,74.7730,71.7500,1.7000
flat,3,29,random,random,64.5500,65.9970,0.0000,33.8000
flat,3,29,round-robin,random,65.7000,66.1150,0.0000,33.5000
flat,3,29,snr-greedy,random,73.7500,73.5930,0.0000,14.7000
flat,3,29,snr-last,random,72.7500,72.1610,0.0000,13.1500
flat,3,29,belief,random,72.9500,73.7040,0.0000,15.3500
flat,3,29,oracle,random,76.1000,74.7420,74.7500,1.8000
flat,3,30,random,random,66.8000,66.9510,0.0000,31.6500
flat,3,30,round-robin,random,66.0500,66.5150,0.0000,33.5000
flat,3,30,snr-greedy,random,74.4500,73.7520,0.0000,13.3000
flat,3,30,snr-last,random,72.7500,71.6140,0.0000,11.8500
flat,3,30,belief,random,74.9000,73.8250,0.0000,12.5000
flat,3,30,oracle,random,74.4500,74.8550,74.0000,0.7500
flat,3,31,random,random,64.7000,65.8690,0.0000,35.1000
flat,3,31,round-robin,random,66.7500,66.4150,0.0000,33.5000
flat,3,31,snr-greedy,random,72.4500,73.4240,0.1000,15.8500
flat,3,31,snr-last,random,70.6000,71.3250,0.0000,13.7500
flat,3,31,belief,random,72.2000,73.5920,0.0000,16.8000
flat,3,31,oracle,random,74.3500,74.7120,75.1500,2.3000
flat,3,32,random,random,64.7500,66.7450,0.0000,33.0000
flat,3,32,round-robin,random,67.0000,66.7400,0.0000,33.5000
flat,3,32,snr-greedy,random,71.7500,73.7880,0.0500,12.7000
flat,3,32,snr-last,random,69.8500,72.0530,0.0000,11.2000
flat,3,32,belief,random,72.7500,74.0070,0.0000,12.8000
flat,3,32,oracle,random,73.6500,74.8780,78.2500,1.2000
flat,3,33,random,random,64.4500,66.4770,0.0000,33.3000
flat,3,33,round-robin,random,64.3500,65.7900,0.0000,33.5000
flat,3,33,snr-greedy,random,71.5500,73.5430,0.1000,14.7000
flat,3,33,snr-last,random,69.6000,71.8810,0.0000,13.6500
flat,3,33,belief,random,72.0500,73.7300,0.0000,14.5000
flat,3,33,oracle,random,73.7500,74.6960,71.8000,2.1500
flat,3,34,random,random,66.5500,65.9150,0.0000,33.5000
flat,3,34,round-robin,random,67.0000,66.1900,0.0000,33.5000
flat,3,34,snr-greedy,random,73.7000,73.5770,0.1000,14.5500
flat,3,34,snr-last,random,71.4000,71.7630,0.0000,12.7000
flat,3,34,belief,random,74.8500,73.6180,0.0000,14.7000
flat,3,34,oracle,random,75.5000,74.7390,74.6000,1.8500
flat,3,35,random,random,66.2500,66.2530,0.0000,33.7000
flat,3,35,round-robin,random,65.5000,65.9900,0.0000,33.5000
flat,3,35,snr-greedy,random,74.0500,73.7970,0.1000,12.5500
flat,3,35,snr-last,random,72.1500,71.9160,0.0000,11.4000
flat,3,35,belief,random,74.7500,73.9000,0.0000,12.5000
flat,3,35,oracle,random,73.7500,74.7490,76.2500,0.8500
flat,3,36,random,random,64.9000,65.6500,0.0000,31.2500
flat,3,36,round-robin,random,66.5500,65.4150,0.0000,33.5000
flat,3,36,snr-greedy,random,74.4000,73.3310,0.1000,14.9000
flat,3,36,snr-last,random,72.1000,71.5250,0.0000,13.7500
flat,3,36,belief,random,74.2500,73.5740,0.0000,14.6000
flat,3,36,oracle,random,74.7000,74.6390,72.2500,1.8500
flat,3,37,random,random,65.7000,66.0910,0.0000,32.6500
flat,3,37,round-robin,random,63.9000,65.4650,0.0000,33.5000
flat,3,37,snr-greedy,random,74.6500,73.5670,0.1000,13.0500
flat,3,37,snr-last,random,73.2000,72.1700,0.0000,11.7500
flat,3,37,belief,random,75.0000,73.9350,0.0000,12.7500
flat,3,37,oracle,random,75.9500,74.8430,73.8500,0.9500
flat,3,38,random,random,66.8000,65.9050,0.0000,37.0000
flat,3,38,round-robin,random,66.2000,66.5400,0.0000,33.5000
flat,3,38,snr-greedy,random,73.3000,73.4860,0.0500,14.4000
flat,3,38,snr-last,random,71.8500,72.0020,0.0000,13.3000
flat,3,38,belief,random,73.8500,73.6820,0.0000,14.0500
flat,3,38,oracle,random,75.2500,74.6750,75.7000,2.5000
flat,3,39,random,random,65.9500,64.9030,0.0000,33.7000
flat,3,39,round-robin,random,66.2500,65.3900,0.0000,33.5000
flat,3,39,snr-greedy,random,73.5500,73.2980,0.3000,15.4500
flat,3,39,snr-last,random,72.3500,71.3500,0.0000,13.7500
flat,3,39,belief,random,73.0500,73.5420,0.0000,15.5500
flat,3,39,oracle,random,74.3000,74.6540,69.5500,1.6000
flat,3,40,random,random,65.8000,65.0920,0.0000,34.3000
flat,3,40,round-robin,random,65.6000,65.3400,0.0000,33.5000
flat,3,40,snr-greedy,random,73.7000,73.3290,0.1500,16.6000
flat,3,40,snr-last,random,71.2500,71.4720,0.0000,15.0500
flat,3,40,belief,random,74.1000,73.5270,0.0000,15.8000
flat,3,40,oracle,random,74.4000,74.6880,71.8500,2.7000
flat,3,41,random,random,65.1000,65.6930,0.0000,33.4500
flat,3,41,round-robin,random,64.7500,65.6150,0.0000,33.5000
flat,3,41,snr-greedy,random,74.3500,73.5360,0.2500,14.4000
flat,3,41,snr-last,random,72.4000,71.5600,0.0000,12.7500
flat,3,41,belief,random,74.2000,73.6670,0.0000,14.3000
flat,3,41,oracle,random,75.4500,74.6320,70.9500,1.5500
flat,3,42,random,random,67.3500,67.2540,0.0000,32.8500
flat,3,42,round-robin,random,66.6000,66.4650,0.0000,33.5000
flat,3,42,snr-greedy,random,74.0500,73.7460,0.0000,13.4000
flat,3,42,snr-last,random,72.2000,72.2340,0.0000,12.3500
flat,3,42,belief,random,74.8500,73.8900,0.0000,13.5000
flat,3,42,oracle,random,75.4000,74.8620,74.4500,1.0500
flat,3,43,random,random,66.5000,64.9880,0.0000,32.7000
flat,3,43,round-robin,random,65.4000,65.3150,0.0000,33.5000
flat,3,43,snr-greedy,random,72.4500,73.0080,0.1500,16.9500
flat,3,43,snr-last,random,71.0500,71.1760,0.0000,15.4000
flat,3,43,belief,random,73.8000,73.2500,0.0000,16.2500
flat,3,43,oracle,random,75.3000,74.5180,70.0000,2.2000
flat,3,44,random,random,65.7000,66.0210,0.0000,33.4000
flat,3,44,round-robin,random,67.8500,66.0400,0.0000,33.5000
flat,3,44,snr-greedy,random,73.9500,73.7980,0.0000,14.2000
flat,3,44,snr-last,random,72.7000,72.3850,0.0000,14.0000
flat,3,44,belief,random,74.8000,73.9680,0.0000,13.4500
flat,3,44,oracle,random,74.0000,74.8840,74.6500,1.1000
flat,3,45,random,random,66.2500,66.5870,0.0000,32.3000
flat,3,45,round-robin,random,65.7000,66.0900,0.0000,33.5000
flat,3,45,snr-greedy,random,73.5500,73.6950,0.0500,14.2500
flat,3,45,snr-last,random,72.0500,72.3870,0.0000,13.5500
flat,3,45,belief,random,73.7000,73.7760,0.0000,14.1500
flat,3,45,oracle,random,74.3500,74.7540,75.3000,1.6000
flat,3,46,random,random,66.7000,65.0740,0.0000,33.3500
flat,3,46,round-robin,random,65.6500,65.1150,0.0000,33.5000
flat,3,46,snr-greedy,random,73.7500,73.6450,0.1500,15.5000
flat,3,46,snr-last,random,71.7000,71.7880,0.0000,13.9500
flat,3,46,belief,random,72.3000,73.8160,0.0000,15.1500
flat,3,46,oracle,random,74.9500,74.7340,68.9000,2.3500
flat,3,47,random,random,66.3000,66.2100,0.0000,32.7500
flat,3,47,round-robin,random,66.3000,65.9400,0.0000,33.5000
flat,3,47,snr-greedy,random,72.7500,73.8390,0.0500,13.1000
flat,3,47,snr-last,random,70.7500,72.2460,0.0000,12.1500
flat,3,47,belief,random,73.7500,73.9850,0.0000,12.7500
flat,3,47,oracle,random,75.3000,74.9190,74.0500,1.3500
flat,3,48,random,random,64.9000,66.2870,0.0000,32.3000
flat,3,48,round-robin,random,65.0000,66.1900,0.0000,33.5000
flat,3,48,snr-greedy,random,72.1000,73.4810,0.1000,16.1500
flat,3,48,snr-last,random,70.0500,71.9700,0.0000,14.2500
flat,3,48,belief,random,72.6500,73.7200,0.0000,16.7500
flat,3,48,oracle,random,73.4000,74.7900,73.1000,2.2500
flat,3,49,random,random,66.1500,65.9070,0.0000,34.0500
flat,3,49,round-robin,random,65.4500,66.1150,0.0000,33.5000
flat,3,49,snr-greedy,random,72.7500,73.6640,0.0000,14.3500
flat,3,49,snr-last,random,71.8000,72.2450,0.0000,13.0000
flat,3,49,belief,random,73.5500,73.8410,0.0000,13.9000
flat,3,49,oracle,random,73.2000,74.7410,74.0000,1.4000
flat,4,0,random,random,66.1500,66.8210,0.0000,24.6500
flat,4,0,round-robin,random,65.3000,66.0000,0.0000,25.0000
flat,4,0,snr-greedy,random,72.7500,74.0410,0.0000,8.9000
flat,4,0,snr-last,random,70.7500,72.1450,0.0000,8.0000
flat,4,0,belief,random,73.8000,74.4350,0.0000,9.0000
flat,4,0,oracle,random,74.6000,74.9820,94.8500,0.3000
flat,4,1,random,random,67.5500,66.3050,0.0000,24.5000
flat,4,1,round-robin,random,65.7500,66.1000,0.0000,25.0000
flat,4,1,snr-greedy,random,72.0000,74.2060,0.0000,7.4000
flat,4,1,snr-last,random,70.7500,71.9950,0.0000,6.7500
flat,4,1,belief,random,73.5000,74.4740,0.0000,7.1000
flat,4,1,oracle,random,74.0500,74.9510,94.0500,0.4000
flat,4,2,random,random,65.9000,66.4010,0.0000,24.1500
flat,4,2,round-robin,random,66.9500,66.6750,0.0000,25.0000
flat,4,2,snr-greedy,random,76.3000,74.1950,0.0000,8.0000
flat,4,2,snr-last,random,74.4500,72.3660,0.0000,7.6500
flat,4,2,belief,random,75.9500,74.3540,0.0000,7.8500
flat,4,2,oracle,random,75.4000,74.9880,95.2000,0.2000
flat,4,3,random,random,66.3500,67.4950,0.0000,24.2500
flat,4,3,round-robin,random,66.1000,67.3500,0.0000,25.0000
flat,4,3,snr-greedy,random,73.3500,74.1900,0.0000,8.5000
flat,4,3,snr-last,random,71.8000,72.5410,0.0000,7.6500
flat,4,3,belief,random,73.2000,74.3610,0.0000,8.1500
flat,4,3,oracle,random,73.9000,74.9690,95.0000,0.1000
flat,4,4,random,random,66.9500,66.9000,0.0000,25.0000
flat,4,4,round-robin,random,64.9500,66.6000,0.0000,25.0000
flat,4,4,snr-greedy,random,74.8000,74.1790,0.0000,7.8500
flat,4,4,snr-last,random,72.8000,72.4420,0.0000,6.8000
flat,4,4,belief,random,75.5500,74.3470,0.0000,7.5500
flat,4,4,oracle,random,75.8500,74.9380,94.2000,0.2000
flat,4,5,random,random,66.3000,66.4510,0.0000,25.4000
flat,4,5,round-robin,random,66.7000,66.4750,0.0000,25.0000
flat,4,5,snr-greedy,random,74.2500,74.1790,0.1000,7.8500
flat,4,5,snr-last,random,72.1000,72.4370,0.0000,7.3000
flat,4,5,belief,random,73.6500,74.3700,0.0000,8.0000
flat,4,5,oracle,random,74.9000,74.9410,93.9500,0.1500
flat,4,6,random,random,68.4000,66.2610,0.0000,24.4000
flat,4,6,round-robin,random,66.3500,65.8500,0.0000,25.0000
flat,4,6,snr-greedy,random,72.5500,74.1630,0.0000,8.9500
flat,4,6,snr-last,random,70.7000,72.4530,0.0000,8.7000
flat,4,6,belief,random,72.1000,74.4140,0.0000,8.1000
flat,4,6,oracle,random,75.6500,74.9380,93.3000,0.2000
flat,4,7,random,random,66.2000,66.1330,0.0000,24.4500
flat,4,7,round-robin,random,65.6500,66.0500,0.0000,25.0000
flat,4,7,snr-greedy,random,72.3500,74.1490,0.0000,7.1000
flat,4,7,snr-last,random,70.0500,72.0570,0.0000,6.5500
flat,4,7,belief,random,72.3000,74.3210,0.0000,7.1500
flat,4,7,oracle,random,73.2000,74.9160,94.4500,0.1500
flat,4,8,random,random,66.3500,66.5510,0.0000,25.4000
flat,4,8,round-robin,random,67.8500,66.3500,0.0000,25.0000
flat,4,8,snr-greedy,random,74.6500,74.2740,0.0500,8.3500
flat,4,8,snr-last,random,72.8500,72.3720,0.0000,7.5500
flat,4,8,belief,random,74.0000,74.2670,0.0000,9.3000
flat,4,8,oracle,random,74.7000,74.9570,93.8000,0.3000
flat,4,9,random,random,67.7500,65.9950,0.0000,25.5000
flat,4,9,round-robin,random,66.4000,66.1250,0.0000,25.0000
flat,4,9,snr-greedy,random,74.9000,74.0840,0.0000,8.6000
flat,4,9,snr-last,random,73.0000,72.1570,0.0000,7.8000
flat,4,9,belief,random,75.5000,74.3200,0.0000,8.0000
flat,4,9,oracle,random,75.2000,74.9510,95.0000,0.4000
flat,4,10,random,random,67.1500,65.9780,0.0000,26.2000
flat,4,10,round-robin,random,66.7000,66.5250,0.0000,25.0000
flat,4,10,snr-greedy,random,74.6000,74.1670,0.0000,8.0500
flat,4,10,snr-last,random,72.6000,71.8960,0.0000,7.1500
flat,4,10,belief,random,75.0000,74.3140,0.0000,8.1000
flat,4,10,oracle,random,77.2500,74.9720,94.6500,0.0500
flat,4,11,random,random,67.4500,66.7930,0.0000,24.7000
flat,4,11,round-robin,random,69.7500,67.1750,0.0000,25.0000
flat,4,11,snr-greedy,random,75.4500,74.3420,0.0000,6.8000
flat,4,11,snr-last,random,73.0500,72.5150,0.0000,6.0000
flat,4,11,belief,random,76.1500,74.4320,0.0000,7.8000
flat,4,11,oracle,random,74.0000,74.9790,95.4000,0.3500
flat,4,12,random,random,67.4000,67.1810,0.0000,26.1500
flat,4,12,round-robin,random,66.4000,66.9000,0.0000,25.0000
flat,4,12,snr-greedy,random,73.4000,74.2190,0.0000,8.8500
flat,4,12,snr-last,random,71.8000,72.7230,0.0000,7.9500
flat,4,12,belief,random,73.7500,74.3600,0.0000,9.0000
flat,4,12,oracle,random,75.6000,74.9970,94.5500,0.0500
flat,4,13,random,random,66.4500,65.8000,0.0000,26.2500
flat,4,13,round-robin,random,65.6500,65.5500,0.0000,25.0000
flat,4,13,snr-greedy,random,74.3000,74.1330,0.0000,9.4500
flat,4,13,snr-last,random,72.6000,72.3960,0.0000,8.4000
flat,4,13,belief,random,73.9000,74.3560,0.0000,8.6500
flat,4,13,oracle,random,74.3000,74.9040,94.3000,0.3500
flat,4,14,random,random,65.4500,66.4440,0.0000,23.8500
flat,4,14,round-robin,random,63.1000,66.3750,0.0000,25.0000
flat,4,14,snr-greedy,random,72.8500,74.2860,0.0000,8.1500
flat,4,14,snr-last,random,70.9500,72.3570,0.0000,7.8000
flat,4,14,belief,random,72.7000,74.3680,0.0000,8.4500
flat,4,14,oracle,random,73.7000,74.9660,94.4000,0.1500
flat,4,15,random,random,66.2500,66.8750,0.0000,25.0000
flat,4,15,round-robin,random,67.3500,66.7750,0.0000,25.0000
flat,4,15,snr-greedy,random,73.8000,74.1300,0.0000,8.2500
flat,4,15,snr-last,random,71.8500,72.5140,0.0000,8.1000
flat,4,15,belief,random,73.5000,74.4010,0.0000,9.1500
flat,4,15,oracle,random,74.0000,74.9600,93.7500,0.2500
flat,4,16,random,random,66.2000,66.7630,0.0000,23.9500
flat,4,16,round-robin,random,66.3500,66.5500,0.0000,25.0000
flat,4,16,snr-greedy,random,72.7000,74.1540,0.0000,7.8500
flat,4,16,snr-last,random,70.0000,72.1410,0.0000,7.6500
flat,4,16,belief,random,71.4000,74.3340,0.0000,7.3500
flat,4,16,oracle,random,74.3500,74.9970,95.0000,0.0500
flat,4,17,random,random,68.1500,66.4700,0.0000,25.5000
flat,4,17,round-robin,random,65.8000,66.2750,0.0000,25.0000
flat,4,17,snr-greedy,random,74.6000,74.1290,0.0000,7.8500
flat,4,17,snr-last,random,72.8500,72.0330,0.0000,6.9500
flat,4,17,belief,random,74.8500,74.4100,0.0000,7.7500
flat,4,17,oracle,random,75.1000,74.9510,95.0500,0.4000
flat,4,18,random,random,66.7500,66.6090,0.0000,23.6000
flat,4,18,round-robin,random,67.0500,66.4500,0.0000,25.0000
flat,4,18,snr-greedy,random,75.4500,73.9250,0.0000,8.7500
flat,4,18,snr-last,random,73.9000,72.2530,0.0000,8.7000
flat,4,18,belief,random,75.8500,74.2450,0.0000,9.2500
flat,4,18,oracle,random,74.9500,74.9970,94.1000,0.0500
flat,4,19,random,random,67.1000,66.3840,0.0000,26.1000
flat,4,19,round-robin,random,68.1000,66.6250,0.0000,25.0000
flat,4,19,snr-greedy,random,75.8000,74.2540,0.0000,7.8500
flat,4,19,snr-last,random,73.9500,72.3840,0.0000,7.3500
flat,4,19,belief,random,75.9000,74.3910,0.0000,7.6500
flat,4,19,oracle,random,75.2500,74.9880,94.5500,0.2000
flat,4,20,random,random,65.1000,66.0800,0.0000,24.5000
flat,4,20,round-robin,random,67.1000,66.4500,0.0000,25.0000
flat,4,20,snr-greedy,random,74.3000,74.0470,0.0500,8.8000
flat,4,20,snr-last,random,72.3000,72.1240,0.0000,8.3500
flat,4,20,belief,random,74.2500,74.2880,0.0000,8.9500
flat,4,20,oracle,random,75.2000,74.9630,95.7500,0.2000
flat,4,21,random,random,67.2000,66.6880,0.0000,25.2000
flat,4,21,round-robin,random,66.0000,66.4750,0.0000,25.0000
flat,4,21,snr-greedy,random,74.9000,74.1650,0.0000,8.5000
flat,4,21,snr-last,random,73.0500,72.4130,0.0000,7.7000
flat,4,21,belief,random,76.2500,74.4230,0.0000,7.9500
flat,4,21,oracle,random,75.0500,74.9940,94.8500,0.1000
flat,4,22,random,random,66.0500,66.8880,0.0000,26.4500
flat,4,22,round-robin,random,64.5000,66.5500,0.0000,25.0000
flat,4,22,snr-greedy,random,72.8000,74.0570,0.0000,9.0500
flat,4,22,snr-last,random,71.0500,72.2270,0.0000,8.3000
flat,4,22,belief,random,73.2000,74.2800,0.0000,8.2500
flat,4,22,oracle,random,74.8500,74.9440,94.6500,0.1000
flat,4,23,random,random,66.5500,66.4300,0.0000,25.7500
flat,4,23,round-robin,random,66.3000,66.5750,0.0000,25.0000
flat,4,23,snr-greedy,random,73.6000,74.2220,0.0000,7.5500
flat,4,23,snr-last,random,72.4000,72.4230,0.0000,6.7000
flat,4,23,belief,random,73.4500,74.3870,0.0000,7.3000
flat,4,23,oracle,random,74.6000,74.9850,96.3000,0.2500
flat,4,24,random,random,66.6000,66.1890,0.0000,25.6000
flat,4,24,round-robin,random,66.5000,66.6250,0.0000,25.0000
flat,4,24,snr-greedy,random,74.4000,74.1540,0.0000,7.8500
flat,4,24,snr-last,random,72.5000,72.2250,0.0000,7.5000
flat,4,24,belief,random,74.4000,74.3570,0.0000,7.8000
flat,4,24,oracle,random,74.6000,74.9660,95.4500,0.1500
flat,4,25,random,random,67.1000,66.1070,0.0000,25.3000
flat,4,25,round-robin,random,65.3500,66.6250,0.0000,25.0000
flat,4,25,snr-greedy,random,73.2000,74.1620,0.0000,8.5500
flat,4,25,snr-last,random,71.2500,71.8410,0.0000,7.6500
flat,4,25,belief,random,72.8500,74.2800,0.0000,8.2500
flat,4,25,oracle,random,73.8000,74.9790,94.1500,0.3500
flat,4,26,random,random,66.4000,65.6560,0.0000,24.9000
flat,4,26,round-robin,random,66.0000,66.6000,0.0000,25.0000
flat,4,26,snr-greedy,random,74.2500,74.1290,0.0000,7.8500
flat,4,26,snr-last,random,71.8500,72.2750,0.0000,7.5000
flat,4,26,belief,random,75.0500,74.3480,0.0000,7.9500
flat,4,26,oracle,random,74.8000,74.9850,94.6000,0.2500
flat,4,27,random,random,64.2500,66.3700,0.0000,26.7500
flat,4,27,round-robin,random,65.6000,66.2000,0.0000,25.0000
flat,4,27,snr-greedy,random,73.7500,74.2390,0.0500,8.1000
flat,4,27,snr-last,random,72.1500,72.5350,0.0000,7.7500
flat,4,27,belief,random,74.3000,74.3580,0.0000,8.2000
flat,4,27,oracle,random,74.1500,74.9260,93.9000,0.4000
flat,4,28,random,random,66.6500,66.9620,0.0000,23.5500
flat,4,28,round-robin,random,66.8000,66.7750,0.0000,25.0000
flat,4,28,snr-greedy,random,73.2000,74.2330,0.0000,8.2000
flat,4,28,snr-last,random,71.4500,72.6000,0.0000,7.5000
flat,4,28,belief,random,72.7000,74.3500,0.0000,8.7500
flat,4,28,oracle,random,74.2000,74.9820,95.6000,0.3000
flat,4,29,random,random,65.6000,64.8630,0.0000,26.4500
flat,4,29,round-robin,random,63.5000,65.5250,0.0000,25.0000
flat,4,29,snr-greedy,random,73.3000,74.0840,0.0000,8.6000
flat,4,29,snr-last,random,72.0500,72.0050,0.0000,8.2500
flat,4,29,belief,random,73.4500,74.3720,0.0000,8.8000
flat,4,29,oracle,random,73.1000,74.9820,92.3500,0.3000
flat,4,30,random,random,67.8000,67.2880,0.0000,22.7000
flat,4,30,round-robin,random,68.5000,66.9750,0.0000,25.0000
flat,4,30,snr-greedy,random,75.4000,74.2300,0.0000,8.2500
flat,4,30,snr-last,random,73.8500,72.2220,0.0000,7.5500
flat,4,30,belief,random,74.6500,74.3790,0.0000,7.8500
flat,4,30,oracle,random,74.1500,74.9820,95.5000,0.3000
flat,4,31,random,random,66.0000,66.6550,0.0000,27.0000
flat,4,31,round-robin,random,66.0500,66.5250,0.0000,25.0000
flat,4,31,snr-greedy,random,73.8500,74.1010,0.0500,7.9000
flat,4,31,snr-last,random,71.9000,72.2840,0.0000,7.3500
flat,4,31,belief,random,74.3500,74.3200,0.0000,8.0000
flat,4,31,oracle,random,75.1000,74.9910,95.3000,0.1500
flat,4,32,random,random,67.2000,66.7990,0.0000,25.8500
flat,4,32,round-robin,random,67.3500,67.2750,0.0000,25.0000
flat,4,32,snr-greedy,random,74.6000,74.1180,0.0000,9.7000
flat,4,32,snr-last,random,73.0000,72.5820,0.0000,9.0500
flat,4,32,belief,random,73.1500,74.3480,0.0000,9.2000
flat,4,32,oracle,random,74.2000,74.9940,95.1000,0.1000
flat,4,33,random,random,64.3000,66.8840,0.0000,24.8500
flat,4,33,round-robin,random,65.9500,66.3250,0.0000,25.0000
flat,4,33,snr-greedy,random,72.4000,74.1240,0.0000,9.6000
flat,4,33,snr-last,random,70.9000,72.3000,0.0000,8.7500
flat,4,33,belief,random,72.6000,74.2830,0.0000,9.4500
flat,4,33,oracle,random,73.6000,74.9820,94.9500,0.3000
flat,4,34,random,random,68.3000,66.2880,0.0000,23.9500
flat,4,34,round-robin,random,67.2000,66.6750,0.0000,25.0000
flat,4,34,snr-greedy,random,74.0000,74.2010,0.0000,7.9000
flat,4,34,snr-last,random,71.4000,72.2100,0.0000,7.7500
flat,4,34,belief,random,75.3000,74.3960,0.0000,8.4000
flat,4,34,oracle,random,75.2500,74.9820,93.8500,0.3000
flat,4,35,random,random,66.2500,66.3850,0.0000,25.2500
flat,4,35,round-robin,random,67.1000,66.6000,0.0000,25.0000
flat,4,35,snr-greedy,random,73.8500,74.2860,0.0000,8.1500
flat,4,35,snr-last,random,72.7000,72.8660,0.0000,7.6500
flat,4,35,belief,random,74.2000,74.4130,0.0000,7.7000
flat,4,35,oracle,random,76.2000,74.9880,96.2000,0.2000
flat,4,36,random,random,65.3500,66.3840,0.0000,24.8500
flat,4,36,round-robin,random,66.6000,66.2750,0.0000,25.0000
flat,4,36,snr-greedy,random,74.8000,73.8070,0.0000,9.0500
flat,4,36,snr-last,random,72.7000,71.7390,0.0000,8.1000
flat,4,36,belief,random,75.6000,74.1280,0.0000,9.9500
flat,4,36,oracle,random,76.0500,74.9010,93.3500,0.4000
flat,4,37,random,random,65.5500,65.7590,0.0000,24.8500
flat,4,37,round-robin,random,65.7500,65.5500,0.0000,25.0000
flat,4,37,snr-greedy,random,72.1000,74.2060,0.0000,8.6500
flat,4,37,snr-last,random,70.4500,72.2470,0.0000,7.5500
flat,4,37,belief,random,73.5500,74.3020,0.0000,9.5500
flat,4,37,oracle,random,74.8500,74.9850,92.9500,0.2500
flat,4,38,random,random,66.6500,66.8690,0.0000,26.3500
flat,4,38,round-robin,random,65.8500,66.7750,0.0000,25.0000
flat,4,38,snr-greedy,random,73.6000,74.3280,0.0000,8.7000
flat,4,38,snr-last,random,72.3000,73.0510,0.0000,7.9000
flat,4,38,belief,random,72.4500,74.4470,0.0000,7.5500
flat,4,38,oracle,random,75.3000,74.9940,95.5000,0.1000
flat,4,39,random,random,67.6500,66.3130,0.0000,25.2000
flat,4,39,round-robin,random,68.6000,66.6500,0.0000,25.0000
flat,4,39,snr-greedy,random,74.1000,74.1330,0.0500,8.2000
flat,4,39,snr-last,random,72.2000,72.8940,0.0000,7.6000
flat,4,39,belief,random,74.1000,74.3410,0.0000,7.6500
flat,4,39,oracle,random,75.0000,74.9760,94.1500,0.4000
flat,4,40,random,random,66.0500,66.0870,0.0000,24.8000
flat,4,40,round-robin,random,66.8500,66.0750,0.0000,25.0000
flat,4,40,snr-greedy,random,73.8000,74.1210,0.0000,9.6500
flat,4,40,snr-last,random,72.1000,72.3170,0.0000,9.3000
flat,4,40,belief,random,74.8000,74.2510,0.0000,9.1500
flat,4,40,oracle,random,76.1500,74.9910,93.7000,0.1500
flat,4,41,random,random,66.7500,66.3810,0.0000,26.1500
flat,4,41,round-robin,random,65.7500,66.1500,0.0000,25.0000
flat,4,41,snr-greedy,random,73.9500,74.3590,0.0000,7.3500
flat,4,41,snr-last,random,72.2500,72.8120,0.0000,7.3000
flat,4,41,belief,random,74.1000,74.3690,0.0000,7.6000
flat,4,41,oracle,random,76.4500,75.0000,95.5500,0.0000
flat,4,42,random,random,67.9000,67.1230,0.0000,24.2000
flat,4,42,round-robin,random,68.3500,67.3500,0.0000,25.0000
flat,4,42,snr-greedy,random,73.9500,74.2620,0.0500,8.5500
flat,4,42,snr-last,random,72.5000,72.2880,0.0000,7.7000
flat,4,42,belief,random,74.3500,74.3080,0.0000,8.2000
flat,4,42,oracle,random,74.9000,74.9910,94.5000,0.1500
flat,4,43,random,random,67.5000,67.1380,0.0000,26.4500
flat,4,43,round-robin,random,65.8000,67.2250,0.0000,25.0000
flat,4,43,snr-greedy,random,74.8500,74.2190,0.0500,8.8500
flat,4,43,snr-last,random,72.8500,72.1010,0.0000,7.9000
flat,4,43,belief,random,74.1000,74.3660,0.0000,8.9000
flat,4,43,oracle,random,74.9500,74.9970,95.5500,0.0500
flat,4,44,random,random,67.7500,66.8280,0.0000,24.9500
flat,4,44,round-robin,random,66.4500,66.6750,0.0000,25.0000
flat,4,44,snr-greedy,random,75.0500,74.2390,0.0000,8.1000
flat,4,44,snr-last,random,73.1000,72.4000,0.0000,7.5000
flat,4,44,belief,random,75.5500,74.3060,0.0000,8.6500
flat,4,44,oracle,random,73.2500,74.9940,94.8500,0.1000
flat,4,45,random,random,65.7000,66.7520,0.0000,24.5500
flat,4,45,round-robin,random,65.4000,66.6750,0.0000,25.0000
flat,4,45,snr-greedy,random,72.5000,74.2760,0.0000,7.9000
flat,4,45,snr-last,random,70.9500,72.5740,0.0000,7.1000
flat,4,45,belief,random,73.2500,74.4210,0.0000,8.4000
flat,4,45,oracle,random,75.4000,74.9510,95.3000,0.4000
flat,4,46,random,random,66.1500,65.9800,0.0000,25.7500
flat,4,46,round-robin,random,66.5500,66.2750,0.0000,25.0000
flat,4,46,snr-greedy,random,75.3500,74.1370,0.0000,8.5500
flat,4,46,snr-last,random,73.5500,71.9110,0.0000,8.1500
flat,4,46,belief,random,75.2000,74.3460,0.0000,8.4000
flat,4,46,oracle,random,75.4500,74.9880,95.6500,0.2000
flat,4,47,random,random,66.4500,66.0030,0.0000,24.9500
flat,4,47,round-robin,random,66.3000,66.3250,0.0000,25.0000
flat,4,47,snr-greedy,random,75.0500,74.1130,0.0500,7.7000
flat,4,47,snr-last,random,73.3500,72.3120,0.0000,7.3000
flat,4,47,belief,random,76.1500,74.3040,0.0000,7.8500
flat,4,47,oracle,random,73.8000,74.9040,95.6500,0.3500
flat,4,48,random,random,64.4000,66.5410,0.0000,25.1500
flat,4,48,round-robin,random,66.1500,67.0750,0.0000,25.0000
flat,4,48,snr-greedy,random,73.4500,74.2340,0.0500,8.6000
flat,4,48,snr-last,random,71.2500,72.5790,0.0000,7.8500
flat,4,48,belief,random,72.8000,74.3640,0.0000,8.1000
flat,4,48,oracle,random,73.8000,74.9660,94.9500,0.1500
flat,4,49,random,random,66.8500,66.1790,0.0000,25.3500
flat,4,49,round-robin,random,68.5000,66.5000,0.0000,25.0000
flat,4,49,snr-greedy,random,73.9000,74.2270,0.0000,8.3000
flat,4,49,snr-last,random,72.6000,72.2860,0.0000,6.9000
flat,4,49,belief,random,73.3000,74.3490,0.0000,8.3500
flat,4,49,oracle,random,74.1000,74.9820,94.2000,0.3000
flat,5,0,random,random,68.6000,67.1200,0.0000,19.2500
flat,5,0,round-robin,random,67.7500,66.3500,0.0000,20.0000
flat,5,0,snr-greedy,random,73.4500,74.3650,0.0000,6.0000
flat,5,0,snr-last,random,71.0500,72.3140,0.0000,5.6000
flat,5,0,belief,random,74.4000,74.5210,0.0000,5.9000
flat,5,0,oracle,random,73.6000,74.9940,98.8000,0.1000
flat,5,1,random,random,67.7000,67.1790,0.0000,19.1000
flat,5,1,round-robin,random,66.1000,66.8500,0.0000,20.0000
flat,5,1,snr-greedy,random,73.4500,74.3440,0.0000,6.3500
flat,5,1,snr-last,random,71.3000,72.3680,0.0000,5.9500
flat,5,1,belief,random,74.7000,74.5470,0.0000,6.3000
flat,5,1,oracle,random,75.2500,75.0000,98.9000,0.0000
flat,5,2,random,random,67.2000,67.3030,0.0000,18.7000
flat,5,2,round-robin,random,66.0500,66.9750,0.0000,20.0000
flat,5,2,snr-greedy,random,76.4000,74.2170,0.0000,5.5500
flat,5,2,snr-last,random,74.5500,72.2690,0.0000,5.1000
flat,5,2,belief,random,75.9000,74.5170,0.0000,5.5500
flat,5,2,oracle,random,75.5000,74.9970,98.9500,0.0500
flat,5,3,random,random,67.6000,67.1150,0.0000,19.7500
flat,5,3,round-robin,random,66.4000,67.2750,0.0000,20.0000
flat,5,3,snr-greedy,random,72.7500,74.3810,0.0000,4.9000
flat,5,3,snr-last,random,70.5500,72.6590,0.0000,4.8500
flat,5,3,belief,random,72.6500,74.6900,0.0000,4.7500
flat,5,3,oracle,random,73.8000,75.0000,98.9000,0.0000
flat,5,4,random,random,64.2500,66.0730,0.0000,20.4500
flat,5,4,round-robin,random,66.3000,67.0000,0.0000,20.0000
flat,5,4,snr-greedy,random,75.4500,74.3380,0.0000,5.2000
flat,5,4,snr-last,random,74.3500,72.6060,0.0000,4.9000
flat,5,4,belief,random,74.6500,74.5850,0.0000,5.2500
flat,5,4,oracle,random,74.7000,74.9970,98.3500,0.0500
flat,5,5,random,random,67.1500,66.7960,0.0000,20.9000
flat,5,5,round-robin,random,66.7000,66.6250,0.0000,20.0000
flat,5,5,snr-greedy,random,74.4500,74.3460,0.0000,5.9000
flat,5,5,snr-last,random,72.0000,72.4080,0.0000,5.7000
flat,5,5,belief,random,75.5500,74.6260,0.0000,5.4000
flat,5,5,oracle,random,75.0000,74.9970,98.9500,0.0500
flat,5,6,random,random,68.3000,67.2330,0.0000,19.4500
flat,5,6,round-robin,random,66.9500,66.6000,0.0000,20.0000
flat,5,6,snr-greedy,random,72.3000,74.3550,0.0000,5.7500
flat,5,6,snr-last,random,70.3500,72.5690,0.0000,5.1000
flat,5,6,belief,random,72.0000,74.5150,0.0000,6.0000
flat,5,6,oracle,random,73.9000,74.9970,98.6500,0.0500
flat,5,7,random,random,67.1500,67.1210,0.0000,19.6500
flat,5,7,round-robin,random,65.8000,66.6750,0.0000,20.0000
flat,5,7,snr-greedy,random,72.4000,74.4170,0.0000,4.3000
flat,5,7,snr-last,random,70.4000,72.1220,0.0000,3.8000
flat,5,7,belief,random,73.2500,74.5110,0.0000,5.6500
flat,5,7,oracle,random,75.1500,75.0000,99.3500,0.0000
flat,5,8,random,random,65.6000,65.8250,0.0000,21.2500
flat,5,8,round-robin,random,65.1500,65.9750,0.0000,20.0000
flat,5,8,snr-greedy,random,74.3000,74.3940,0.0000,5.1000
flat,5,8,snr-last,random,72.3500,72.4120,0.0000,4.8000
flat,5,8,belief,random,74.3500,74.4600,0.0000,5.2500
flat,5,8,oracle,random,74.3500,74.9940,99.1000,0.1000
flat,5,9,random,random,67.0000,66.7670,0.0000,20.5500
flat,5,9,round-robin,random,67.7000,67.1500,0.0000,20.0000
flat,5,9,snr-greedy,random,73.7500,74.2590,0.0000,6.1000
flat,5,9,snr-last,random,71.7500,72.0360,0.0000,5.6500
flat,5,9,belief,random,76.3500,74.5670,0.0000,5.5500
flat,5,9,oracle,random,75.5500,75.0000,98.8000,0.0000
flat,5,10,random,random,69.4500,67.2690,0.0000,21.3500
flat,5,10,round-robin,random,67.7000,67.0500,0.0000,20.0000
flat,5,10,snr-greedy,random,75.4000,74.4930,0.0000,4.7000
flat,5,10,snr-last,random,74.0000,72.7830,0.0000,4.4500
flat,5,10,belief,random,77.2000,74.6630,0.0000,5.2000
flat,5,10,oracle,random,74.3000,75.0000,99.3000,0.0000
flat,5,11,random,random,66.8500,66.6460,0.0000,19.6500
flat,5,11,round-robin,random,67.8000,66.3000,0.0000,20.0000
flat,5,11,snr-greedy,random,74.5000,74.2300,0.0000,5.7500
flat,5,11,snr-last,random,71.9000,72.1570,0.0000,5.3000
flat,5,11,belief,random,75.2500,74.5340,0.0000,6.1000
flat,5,11,oracle,random,76.0000,75.0000,98.5500,0.0000
flat,5,12,random,random,66.1000,67.0750,0.0000,21.2500
flat,5,12,round-robin,random,66.7000,67.1750,0.0000,20.0000
flat,5,12,snr-greedy,random,74.8000,74.5860,0.0000,4.4000
flat,5,12,snr-last,random,73.2500,72.9920,0.0000,4.3000
flat,5,12,belief,random,74.5000,74.6770,0.0000,4.5500
flat,5,12,oracle,random,75.9000,75.0000,99.2000,0.0000
flat,5,13,random,random,65.5000,65.7490,0.0000,20.8500
flat,5,13,round-robin,random,67.2000,66.6000,0.0000,20.0000
flat,5,13,snr-greedy,random,74.9000,74.5940,0.0000,5.1000
flat,5,13,snr-last,random,72.3000,72.3230,0.0000,4.2000
flat,5,13,belief,random,75.6000,74.6690,0.0000,5.1000
flat,5,13,oracle,random,75.9000,75.0000,98.6500,0.0000
flat,5,14,random,random,65.5000,67.3140,0.0000,19.3500
flat,5,14,round-robin,random,67.0500,66.8250,0.0000,20.0000
flat,5,14,snr-greedy,random,73.5000,74.4310,0.0000,4.9000
flat,5,14,snr-last,random,71.7500,72.8370,0.0000,4.8000
flat,5,14,belief,random,73.5000,74.6280,0.0000,4.9500
flat,5,14,oracle,random,75.4500,75.0000,99.1000,0.0000
flat,5,15,random,random,66.5000,66.9660,0.0000,20.1500
flat,5,15,round-robin,random,66.9500,67.3500,0.0000,20.0000
flat,5,15,snr-greedy,random,72.9500,74.4890,0.0000,5.6000
flat,5,15,snr-last,random,71.5500,72.8600,0.0000,5.2500
flat,5,15,belief,random,74.4500,74.5110,0.0000,5.6500
flat,5,15,oracle,random,72.8500,75.0000,99.3500,0.0000
flat,5,16,random,random,67.2500,66.5570,0.0000,19.0500
flat,5,16,round-robin,random,68.4500,66.8000,0.0000,20.0000
flat,5,16,snr-greedy,random,74.1000,74.4060,0.0000,6.1500
flat,5,16,snr-last,random,72.5500,72.5610,0.0000,5.6500
flat,5,16,belief,random,74.5000,74.4910,0.0000,6.4000
flat,5,16,oracle,random,74.1000,74.9970,99.0000,0.0500
flat,5,17,random,random,67.7000,68.2580,0.0000,20.7000
flat,5,17,round-robin,random,69.8000,67.6500,0.0000,20.0000
flat,5,17,snr-greedy,random,75.4000,74.5470,0.0000,5.0500
flat,5,17,snr-last,random,73.3000,72.5830,0.0000,4.4500
flat,5,17,belief,random,75.2000,74.6420,0.0000,5.5500
flat,5,17,oracle,random,74.8500,75.0000,99.5500,0.0000
flat,5,18,random,random,68.2500,66.1870,0.0000,18.5500
flat,5,18,round-robin,random,66.8000,67.0500,0.0000,20.0000
flat,5,18,snr-greedy,random,73.6000,74.3190,0.0000,5.1000
flat,5,18,snr-last,random,71.5000,72.2680,0.0000,4.7000
flat,5,18,belief,random,72.7500,74.6100,0.0000,5.2500
flat,5,18,oracle,random,75.4500,74.9970,98.9500,0.0500
flat,5,19,random,random,66.5500,66.8250,0.0000,21.2500
flat,5,19,round-robin,random,66.2000,66.7000,0.0000,20.0000
flat,5,19,snr-greedy,random,75.2500,74.3050,0.0000,5.7500
flat,5,19,snr-last,random,72.8500,71.9010,0.0000,5.4000
flat,5,19,belief,random,75.7500,74.5850,0.0000,5.2500
flat,5,19,oracle,random,75.5000,74.9750,99.2000,0.0000
flat,5,20,random,random,65.5000,66.5400,0.0000,19.7500
flat,5,20,round-robin,random,66.1000,66.4750,0.0000,20.0000
flat,5,20,snr-greedy,random,73.6500,74.3260,0.0000,5.4000
flat,5,20,snr-last,random,71.3000,72.2970,0.0000,5.0500
flat,5,20,belief,random,73.0500,74.5230,0.0000,5.4500
flat,5,20,oracle,random,74.0000,75.0000,99.0500,0.0000
flat,5,21,random,random,65.9500,66.4660,0.0000,20.1500
flat,5,21,round-robin,random,66.6000,66.4250,0.0000,20.0000
flat,5,21,snr-greedy,random,74.0000,74.1880,0.0000,6.4500
flat,5,21,snr-last,random,72.1000,72.1050,0.0000,5.7500
flat,5,21,belief,random,75.1000,74.4780,0.0000,6.2000
flat,5,21,oracle,random,73.5000,74.9940,98.8500,0.1000
flat,5,22,random,random,67.5500,66.3240,0.0000,20.8500
flat,5,22,round-robin,random,64.9000,65.6250,0.0000,20.0000
flat,5,22,snr-greedy,random,74.5000,74.3910,0.0000,5.1500
flat,5,22,snr-last,random,72.3500,72.4620,0.0000,4.8000
flat,5,22,belief,random,73.4000,74.5700,0.0000,5.5000
flat,5,22,oracle,random,75.2500,74.9750,99.0000,0.0000
flat,5,23,random,random,65.6000,65.8120,0.0000,21.0500
flat,5,23,round-robin,random,66.9000,66.5500,0.0000,20.0000
flat,5,23,snr-greedy,random,73.3500,74.3270,0.0500,5.8000
flat,5,23,snr-last,random,71.4000,72.4540,0.0000,5.3500
flat,5,23,belief,random,74.1500,74.5860,0.0000,5.6500
flat,5,23,oracle,random,75.6500,75.0000,99.1500,0.0000
flat,5,24,random,random,67.2000,66.1940,0.0000,20.1000
flat,5,24,round-robin,random,66.5500,66.3250,0.0000,20.0000
flat,5,24,snr-greedy,random,74.0000,74.3650,0.0000,6.0000
flat,5,24,snr-last,random,72.2500,71.8610,0.0000,5.6500
flat,5,24,belief,random,74.3000,74.5360,0.0000,5.6500
flat,5,24,oracle,random,74.5000,74.9970,98.9000,0.0500
flat,5,25,random,random,66.5500,67.2340,0.0000,19.8500
flat,5,25,round-robin,random,64.3500,66.3750,0.0000,20.0000
flat,5,25,snr-greedy,random,71.8000,74.3910,0.0000,5.1500
flat,5,25,snr-last,random,69.8500,72.3800,0.0000,4.5000
flat,5,25,belief,random,72.5000,74.6340,0.0000,4.8500
flat,5,25,oracle,random,72.1500,75.0000,99.1500,0.0000
flat,5,26,random,random,68.8000,67.2960,0.0000,19.6500
flat,5,26,round-robin,random,68.0500,66.8750,0.0000,20.0000
flat,5,26,snr-greedy,random,73.8000,74.3710,0.0000,5.9000
flat,5,26,snr-last,random,71.3500,72.0360,0.0000,5.6500
flat,5,26,belief,random,74.9500,74.5400,0.0000,6.0000
flat,5,26,oracle,random,73.8500,74.9970,99.1000,0.0500
flat,5,27,random,random,65.7000,66.5870,0.0000,21.0500
flat,5,27,round-robin,random,67.3000,66.7250,0.0000,20.0000
flat,5,27,snr-greedy,random,73.5500,74.2230,0.0000,5.4500
flat,5,27,snr-last,random,70.7500,72.1260,0.0000,5.4000
flat,5,27,belief,random,74.4000,74.4860,0.0000,5.6500
flat,5,27,oracle,random,74.2000,75.0000,98.7500,0.0000
flat,5,28,random,random,67.7500,67.2350,0.0000,19.0000
flat,5,28,round-robin,random,66.8500,67.3250,0.0000,20.0000
flat,5,28,snr-greedy,random,74.4000,74.3520,0.0000,5.8000
flat,5,28,snr-last,random,72.2500,72.8510,0.0000,5.4000
flat,5,28,belief,random,74.5500,74.4520,0.0000,5.8000
flat,5,28,oracle,random,75.1500,74.9940,99.2500,0.1000
flat,5,29,random,random,67.8500,66.6570,0.0000,21.5500
flat,5,29,round-robin,random,66.1000,66.5500,0.0000,20.0000
flat,5,29,snr-greedy,random,73.3500,74.2310,0.0000,6.1500
flat,5,29,snr-last,random,71.5500,72.5090,0.0000,6.1000
flat,5,29,belief,random,75.5500,74.4900,0.0000,6.0000
flat,5,29,oracle,random,75.6000,75.0000,98.7500,0.0000
flat,5,30,random,random,66.7000,66.6450,0.0000,18.0000
flat,5,30,round-robin,random,66.4000,66.3000,0.0000,20.0000
flat,5,30,snr-greedy,random,73.2500,74.2580,0.0000,5.7000
flat,5,30,snr-last,random,70.9500,71.7750,0.0000,5.0000
flat,5,30,belief,random,71.3000,74.4120,0.0000,6.0500
flat,5,30,oracle,random,74.7000,74.9500,98.8500,0.0000
flat,5,31,random,random,66.0500,66.6140,0.0000,21.8500
flat,5,31,round-robin,random,65.2000,66.6000,0.0000,20.0000
flat,5,31,snr-greedy,random,75.0000,74.2640,0.0500,5.6000
flat,5,31,snr-last,random,73.1000,72.2730,0.0000,5.4500
flat,5,31,belief,random,75.1000,74.4910,0.0000,6.4000
flat,5,31,oracle,random,73.8000,75.0000,99.2000,0.0000
flat,5,32,random,random,67.8000,66.7280,0.0000,19.9500
flat,5,32,round-robin,random,67.1500,66.5250,0.0000,20.0000
flat,5,32,snr-greedy,random,74.0500,74.1930,0.0000,5.9500
flat,5,32,snr-last,random,72.1500,72.4010,0.0000,5.4000
flat,5,32,belief,random,74.4000,74.5980,0.0000,5.4500
flat,5,32,oracle,random,75.4000,74.9940,98.9000,0.1000
flat,5,33,random,random,66.8500,66.7720,0.0000,20.0500
flat,5,33,round-robin,random,65.6500,66.8750,0.0000,20.0000
flat,5,33,snr-greedy,random,73.4500,74.2780,0.0000,6.2000
flat,5,33,snr-last,random,71.8000,72.4150,0.0000,6.0000
flat,5,33,belief,random,74.0000,74.5860,0.0000,5.6500
flat,5,33,oracle,random,75.4500,74.9910,99.1000,0.1500
flat,5,34,random,random,65.3500,66.8970,0.0000,18.8000
flat,5,34,round-robin,random,67.2500,66.9000,0.0000,20.0000
flat,5,34,snr-greedy,random,75.3500,74.1700,0.0000,5.5000
flat,5,34,snr-last,random,73.3500,72.4690,0.0000,5.1000
flat,5,34,belief,random,75.1500,74.5440,0.0000,5.1000
flat,5,34,oracle,random,75.8000,74.9720,99.1500,0.0500
flat,5,35,random,random,64.8500,66.2110,0.0000,20.6500
flat,5,35,round-robin,random,68.4000,66.9250,0.0000,20.0000
flat,5,35,snr-greedy,random,76.7500,74.2160,0.0000,5.1500
flat,5,35,snr-last,random,74.4500,71.9400,0.0000,4.7500
flat,5,35,belief,random,75.8500,74.4130,0.0000,6.4500
flat,5,35,oracle,random,74.0000,74.9970,98.6500,0.0500
flat,5,36,random,random,67.7000,66.9110,0.0000,19.4000
flat,5,36,round-robin,random,67.7500,67.5500,0.0000,20.0000
flat,5,36,snr-greedy,random,75.4500,74.4030,0.0000,6.2000
flat,5,36,snr-last,random,74.3500,72.8390,0.0000,5.6000
flat,5,36,belief,random,74.8500,74.6060,0.0000,4.9000
flat,5,36,oracle,random,76.2500,75.0000,98.9000,0.0000
flat,5,37,random,random,65.1000,66.6530,0.0000,19.9500
flat,5,37,round-robin,random,67.2000,66.6000,0.0000,20.0000
flat,5,37,snr-greedy,random,75.6500,74.5550,0.0000,5.7500
flat,5,37,snr-last,random,72.9000,72.4380,0.0000,5.2000
flat,5,37,belief,random,74.5500,74.6490,0.0000,5.8500
flat,5,37,oracle,random,74.6500,75.0000,99.0500,0.0000
flat,5,38,random,random,68.3500,67.3820,0.0000,21.5500
flat,5,38,round-robin,random,67.4000,67.1500,0.0000,20.0000
flat,5,38,snr-greedy,random,73.8500,74.3130,0.0000,5.2000
flat,5,38,snr-last,random,71.7000,72.3000,0.0000,5.0000
flat,5,38,belief,random,73.2500,74.6240,0.0000,4.6000
flat,5,38,oracle,random,75.0000,74.9750,99.3000,0.0000
flat,5,39,random,random,66.6500,66.1120,0.0000,19.8000
flat,5,39,round-robin,random,66.8500,66.8750,0.0000,20.0000
flat,5,39,snr-greedy,random,73.8000,74.3850,0.0500,5.2500
flat,5,39,snr-last,random,72.3000,72.9130,0.0000,5.2000
flat,5,39,belief,random,74.0500,74.5440,0.0000,5.1000
flat,5,39,oracle,random,75.4500,75.0000,99.0500,0.0000
flat,5,40,random,random,67.8000,66.6720,0.0000,20.0500
flat,5,40,round-robin,random,66.9500,66.7500,0.0000,20.0000
flat,5,40,snr-greedy,random,74.6000,74.3610,0.0000,5.6500
flat,5,40,snr-last,random,71.1000,71.8180,0.0000,5.9500
flat,5,40,belief,random,75.1500,74.5480,0.0000,5.4500
flat,5,40,oracle,random,75.5500,74.9970,99.2500,0.0500
flat,5,41,random,random,65.4000,67.0180,0.0000,20.9500
flat,5,41,round-robin,random,64.3500,66.5250,0.0000,20.0000
flat,5,41,snr-greedy,random,72.6000,74.4370,0.0000,6.0500
flat,5,41,snr-last,random,71.0500,73.0480,0.0000,5.4500
flat,5,41,belief,random,73.9000,74.5680,0.0000,5.9500
flat,5,41,oracle,random,74.6500,75.0000,99.3000,0.0000
flat,5,42,random,random,68.3000,68.4250,0.0000,18.7500
flat,5,42,round-robin,random,68.7000,67.8750,0.0000,20.0000
flat,5,42,snr-greedy,random,74.4500,74.3600,0.0000,6.5000
flat,5,42,snr-last,random,72.8000,72.6970,0.0000,6.3000
flat,5,42,belief,random,75.5500,74.5830,0.0000,5.7000
flat,5,42,oracle,random,75.4000,75.0000,99.2500,0.0000
flat,5,43,random,random,68.6500,66.6790,0.0000,20.3500
flat,5,43,round-robin,random,66.6500,67.2500,0.0000,20.0000
flat,5,43,snr-greedy,random,75.1000,74.3170,0.0000,5.5500
flat,5,43,snr-last,random,73.0500,72.1040,0.0000,5.3500
flat,5,43,belief,random,74.4500,74.5830,0.0000,4.4500
flat,5,43,oracle,random,77.7000,75.0000,99.5000,0.0000
flat,5,44,random,random,66.8500,66.3700,0.0000,19.2500
flat,5,44,round-robin,random,65.7000,66.3000,0.0000,20.0000
flat,5,44,snr-greedy,random,74.3500,74.3390,0.0000,5.6000
flat,5,44,snr-last,random,72.0500,72.0700,0.0000,5.5000
flat,5,44,belief,random,73.8500,74.5530,0.0000,6.2000
flat,5,44,oracle,random,73.5500,74.9940,98.6500,0.1000
flat,5,45,random,random,67.0000,66.7310,0.0000,19.9000
flat,5,45,round-robin,random,66.9000,66.7500,0.0000,20.0000
flat,5,45,snr-greedy,random,75.8000,74.1720,0.0000,6.3000
flat,5,45,snr-last,random,73.9500,72.2110,0.0000,5.6500
flat,5,45,belief,random,76.5000,74.5030,0.0000,6.2000
flat,5,45,oracle,random,75.4500,75.0000,99.1500,0.0000
flat,5,46,random,random,66.7000,66.3980,0.0000,20.4500
flat,5,46,round-robin,random,66.0000,66.6000,0.0000,20.0000
flat,5,46,snr-greedy,random,74.6500,74.1960,0.0000,5.9000
flat,5,46,snr-last,random,72.8500,72.1200,0.0000,5.5000
flat,5,46,belief,random,74.1000,74.5080,0.0000,5.7000
flat,5,46,oracle,random,72.9500,75.0000,99.3500,0.0000
flat,5,47,random,random,66.2000,66.5510,0.0000,20.4000
flat,5,47,round-robin,random,67.2000,66.7750,0.0000,20.0000
flat,5,47,snr-greedy,random,73.2000,74.2840,0.0000,6.1000
flat,5,47,snr-last,random,71.5000,72.6240,0.0000,5.8500
flat,5,47,belief,random,73.4000,74.4690,0.0000,6.3500
flat,5,47,oracle,random,75.7500,74.9970,98.9500,0.0500
flat,5,48,random,random,65.5500,65.3550,0.0000,19.5000
flat,5,48,round-robin,random,64.3500,65.6500,0.0000,20.0000
flat,5,48,snr-greedy,random,74.6500,74.2910,0.0000,5.1500
flat,5,48,snr-last,random,71.5000,71.8640,0.0000,4.3500
flat,5,48,belief,random,74.1500,74.6140,0.0000,5.6000
flat,5,48,oracle,random,73.7000,74.9910,98.3500,0.1500
flat,5,49,random,random,66.1000,66.3160,0.0000,20.1500
flat,5,49,round-robin,random,68.3000,66.7000,0.0000,20.0000
flat,5,49,snr-greedy,random,75.5000,74.3800,0.0000,5.7500
flat,5,49,snr-last,random,74.1000,72.7820,0.0000,5.3000
flat,5,49,belief,random,75.0500,74.5990,0.0000,5.8500
flat,5,49,oracle,random,75.2500,75.0000,99.3500,0.0000
flat,6,0,random,random,66.5000,66.4440,0.0000,16.3500
flat,6,0,round-robin,random,66.1500,66.6300,0.0000,17.0000
flat,6,0,snr-greedy,random,73.6000,74.5170,0.0000,3.0500
flat,6,0,snr-last,random,71.5500,72.6490,0.0000,3.3500
flat,6,0,belief,random,74.4500,74.8250,0.0000,2.5000
flat,6,0,oracle,random,75.3500,75.0000,99.8000,0.0000
flat,6,1,random,random,67.8000,66.7620,0.0000,16.0500
flat,6,1,round-robin,random,67.4500,67.0300,0.0000,17.0000
flat,6,1,snr-greedy,random,75.1000,74.5160,0.0000,3.9000
flat,6,1,snr-last,random,72.9000,72.4780,0.0000,3.7000
flat,6,1,belief,random,74.2000,74.6110,0.0000,4.4000
flat,6,1,oracle,random,75.7000,75.0000,99.7500,0.0000
flat,6,2,random,random,67.6500,67.8490,0.0000,15.8500
flat,6,2,round-robin,random,67.3000,67.4050,0.0000,17.0000
flat,6,2,snr-greedy,random,74.7500,74.4220,0.0000,3.8000
flat,6,2,snr-last,random,72.9000,72.1150,0.0000,3.5000
flat,6,2,belief,random,73.7500,74.6510,0.0000,4.1500
flat,6,2,oracle,random,75.9500,75.0000,99.9000,0.0000
flat,6,3,random,random,67.3000,67.8700,0.0000,16.7500
flat,6,3,round-robin,random,66.3000,66.9300,0.0000,17.0000
flat,6,3,snr-greedy,random,71.9000,74.3920,0.0000,4.3000
flat,6,3,snr-last,random,70.1000,72.1820,0.0000,4.0500
flat,6,3,belief,random,74.2000,74.6550,0.0000,4.5000
flat,6,3,oracle,random,72.9000,74.9970,99.9000,0.0500
flat,6,4,random,random,64.5000,66.4300,0.0000,17.0000
flat,6,4,round-robin,random,66.2500,67.1050,0.0000,17.0000
flat,6,4,snr-greedy,random,74.3500,74.5480,0.0000,4.2000
flat,6,4,snr-last,random,72.6000,72.5910,0.0000,3.9000
flat,6,4,belief,random,75.8000,74.6670,0.0000,4.3000
flat,6,4,oracle,random,74.2500,75.0000,99.9500,0.0000
flat,6,5,random,random,66.8500,67.2000,0.0000,17.5000
flat,6,5,round-robin,random,67.9500,67.5800,0.0000,17.0000
flat,6,5,snr-greedy,random,74.0500,74.5650,0.0000,4.7500
flat,6,5,snr-last,random,71.8500,72.2830,0.0000,4.4500
flat,6,5,belief,random,74.9500,74.7000,0.0000,3.7500
flat,6,5,oracle,random,75.6000,75.0000,99.9000,0.0000
flat,6,6,random,random,65.8500,67.1150,0.0000,16.0000
flat,6,6,round-robin,random,68.3500,67.1550,0.0000,17.0000
flat,6,6,snr-greedy,random,72.9000,74.4270,0.0000,3.3000
flat,6,6,snr-last,random,70.7500,72.4110,0.0000,3.1500
flat,6,6,belief,random,72.4000,74.7710,0.0000,3.4000
flat,6,6,oracle,random,74.2000,75.0000,99.9000,0.0000
flat,6,7,random,random,67.7000,67.6080,0.0000,16.9500
flat,6,7,round-robin,random,67.8000,67.4050,0.0000,17.0000
flat,6,7,snr-greedy,random,74.8500,74.5040,0.0000,4.1000
flat,6,7,snr-last,random,73.4500,72.5790,0.0000,4.1000
flat,6,7,belief,random,75.1500,74.6600,0.0000,4.0000
flat,6,7,oracle,random,73.9500,75.0000,99.9500,0.0000
flat,6,8,random,random,65.4000,66.1290,0.0000,17.8500
flat,6,8,round-robin,random,67.7000,66.6300,0.0000,17.0000
flat,6,8,snr-greedy,random,74.6000,74.3730,0.0000,4.2000
flat,6,8,snr-last,random,72.2000,72.0940,0.0000,3.8500
flat,6,8,belief,random,73.7500,74.7080,0.0000,4.4500
flat,6,8,oracle,random,73.1000,75.0000,99.7000,0.0000
flat,6,9,random,random,68.0000,66.5260,0.0000,16.6500
flat,6,9,round-robin,random,65.7500,66.9550,0.0000,17.0000
flat,6,9,snr-greedy,random,75.4500,74.4380,0.0000,3.9500
flat,6,9,snr-last,random,73.5000,72.3710,0.0000,3.4000
flat,6,9,belief,random,75.3000,74.6570,0.0000,4.0500
flat,6,9,oracle,random,75.4000,75.0000,99.8000,0.0000
flat,6,10,random,random,64.8000,66.1690,0.0000,17.6000
flat,6,10,round-robin,random,66.6500,66.6550,0.0000,17.0000
flat,6,10,snr-greedy,random,72.9000,74.3920,0.0000,4.3000
flat,6,10,snr-last,random,70.1000,72.0910,0.0000,3.9000
flat,6,10,belief,random,74.3000,74.7010,0.0000,4.1500
flat,6,10,oracle,random,75.5500,75.0000,99.6500,0.0000
flat,6,11,random,random,66.2000,67.0230,0.0000,16.7000
flat,6,11,round-robin,random,68.8500,67.1800,0.0000,17.0000
flat,6,11,snr-greedy,random,75.0500,74.4670,0.0000,4.3000
flat,6,11,snr-last,random,72.7000,72.2230,0.0000,4.2000
flat,6,11,belief,random,74.0000,74.5430,0.0000,4.7000
flat,6,11,oracle,random,75.1000,75.0000,100.0000,0.0000
flat,6,12,random,random,66.6500,67.0300,0.0000,18.2500
flat,6,12,round-robin,random,66.5500,67.2050,0.0000,17.0000
flat,6,12,snr-greedy,random,74.4500,74.6100,0.0000,4.0000
flat,6,12,snr-last,random,72.8500,72.8540,0.0000,4.1000
flat,6,12,belief,random,74.9500,74.7320,0.0000,4.0500
flat,6,12,oracle,random,74.2000,75.0000,99.8000,0.0000
flat,6,13,random,random,66.1500,66.5180,0.0000,17.2000
flat,6,13,round-robin,random,66.4000,66.3550,0.0000,17.0000
flat,6,13,snr-greedy,random,74.4000,74.3770,0.0000,4.5500
flat,6,13,snr-last,random,72.4000,72.2230,0.0000,4.2000
flat,6,13,belief,random,74.2000,74.6950,0.0000,4.2500
flat,6,13,oracle,random,75.0000,75.0000,99.6500,0.0000
flat,6,14,random,random,66.1000,66.5650,0.0000,16.0000
flat,6,14,round-robin,random,65.5500,66.6800,0.0000,17.0000
flat,6,14,snr-greedy,random,73.4000,74.4790,0.0000,4.1000
flat,6,14,snr-last,random,70.9000,72.4310,0.0000,3.6500
flat,6,14,belief,random,73.4000,74.7410,0.0000,3.9000
flat,6,14,oracle,random,72.5500,74.9750,99.7500,0.0000
flat,6,15,random,random,68.0000,67.3540,0.0000,16.6000
flat,6,15,round-robin,random,67.8500,67.4050,0.0000,17.0000
flat,6,15,snr-greedy,random,74.4500,74.4110,0.0000,4.4000
flat,6,15,snr-last,random,72.9000,72.4100,0.0000,4.0000
flat,6,15,belief,random,76.2000,74.7200,0.0000,4.2500
flat,6,15,oracle,random,73.9000,75.0000,99.9500,0.0000
flat,6,16,random,random,65.3500,66.8360,0.0000,15.6500
flat,6,16,round-robin,random,68.0000,66.5550,0.0000,17.0000
flat,6,16,snr-greedy,random,74.0500,74.3160,0.0000,3.9000
flat,6,16,snr-last,random,71.8500,72.1030,0.0000,3.7000
flat,6,16,belief,random,73.8000,74.5400,0.0000,4.7500
flat,6,16,oracle,random,75.3000,75.0000,100.0000,0.0000
flat,6,17,random,random,68.5500,67.1530,0.0000,17.4500
flat,6,17,round-robin,random,65.7000,67.1550,0.0000,17.0000
flat,6,17,snr-greedy,random,74.5000,74.4160,0.0000,3.9000
flat,6,17,snr-last,random,72.2000,72.1370,0.0000,3.5500
flat,6,17,belief,random,74.0000,74.6570,0.0000,4.0500
flat,6,17,oracle,random,75.7000,75.0000,99.8500,0.0000
flat,6,18,random,random,66.0500,66.9510,0.0000,15.4000
flat,6,18,round-robin,random,68.0500,66.4800,0.0000,17.0000
flat,6,18,snr-greedy,random,75.4500,74.5460,0.0000,3.4000
flat,6,18,snr-last,random,72.5500,72.3480,0.0000,2.9500
flat,6,18,belief,random,76.1500,74.7710,0.0000,3.4000
flat,6,18,oracle,random,74.9000,75.0000,99.7000,0.0000
flat,6,19,random,random,67.1000,66.8780,0.0000,17.4500
flat,6,19,round-robin,random,68.2000,66.9550,0.0000,17.0000
flat,6,19,snr-greedy,random,75.5000,74.5160,0.0000,3.9000
flat,6,19,snr-last,random,72.5500,72.4580,0.0000,3.2000
flat,6,19,belief,random,76.3500,74.7030,0.0000,3.7000
flat,6,19,oracle,random,76.7500,75.0000,99.9000,0.0000
flat,6,20,random,random,68.1000,67.1570,0.0000,16.5500
flat,6,20,round-robin,random,66.8000,66.5800,0.0000,17.0000
flat,6,20,snr-greedy,random,74.6500,74.5000,0.0000,3.7500
flat,6,20,snr-last,random,72.4500,72.3490,0.0000,3.3500
flat,6,20,belief,random,74.4500,74.6720,0.0000,3.8000
flat,6,20,oracle,random,75.0500,75.0000,99.6000,0.0000
flat,6,21,random,random,66.9000,67.0520,0.0000,17.0500
flat,6,21,round-robin,random,68.5000,66.9300,0.0000,17.0000
flat,6,21,snr-greedy,random,73.8000,74.4440,0.0000,3.8500
flat,6,21,snr-last,random,72.6000,72.7960,0.0000,3.4000
flat,6,21,belief,random,74.0000,74.6940,0.0000,3.8500
flat,6,21,oracle,random,74.0000,75.0000,99.8000,0.0000
flat,6,22,random,random,67.7500,66.9390,0.0000,16.8500
flat,6,22,round-robin,random,66.2000,66.9550,0.0000,17.0000
flat,6,22,snr-greedy,random,74.6000,74.4230,0.0000,4.2000
flat,6,22,snr-last,random,72.8000,72.8560,0.0000,3.6500
flat,6,22,belief,random,74.8500,74.6480,0.0000,4.2000
flat,6,22,oracle,random,75.2000,74.9970,99.9500,0.0500
flat,6,23,random,random,65.5500,66.2640,0.0000,18.1000
flat,6,23,round-robin,random,66.5000,66.0050,0.0000,17.0000
flat,6,23,snr-greedy,random,73.6500,74.4530,0.0000,3.7000
flat,6,23,snr-last,random,72.0000,72.7880,0.0000,3.9500
flat,6,23,belief,random,74.1500,74.6880,0.0000,3.9500
flat,6,23,oracle,random,74.8500,75.0000,99.8500,0.0000
flat,6,24,random,random,66.5000,66.4080,0.0000,16.9500
flat,6,24,round-robin,random,67.2500,66.5800,0.0000,17.0000
flat,6,24,snr-greedy,random,74.7000,74.4220,0.0000,3.8000
flat,6,24,snr-last,random,73.1500,72.4900,0.0000,3.5000
flat,6,24,belief,random,76.0500,74.7500,0.0000,3.7500
flat,6,24,oracle,random,76.1500,75.0000,99.7000,0.0000
flat,6,25,random,random,65.2000,66.8220,0.0000,16.3000
flat,6,25,round-robin,random,66.7500,66.8550,0.0000,17.0000
flat,6,25,snr-greedy,random,74.5000,74.4040,0.0000,4.1000
flat,6,25,snr-last,random,72.6500,72.5160,0.0000,3.9000
flat,6,25,belief,random,74.1500,74.6140,0.0000,4.3500
flat,6,25,oracle,random,73.8000,75.0000,99.8000,0.0000
flat,6,26,random,random,68.1000,66.5690,0.0000,16.3500
flat,6,26,round-robin,random,64.9500,65.8800,0.0000,17.0000
flat,6,26,snr-greedy,random,74.1500,74.2830,0.0000,4.4500
flat,6,26,snr-last,random,72.0500,71.8950,0.0000,4.2500
flat,6,26,belief,random,76.0000,74.5190,0.0000,5.1000
flat,6,26,oracle,random,73.6500,75.0000,99.6500,0.0000
flat,6,27,random,random,66.7000,66.8230,0.0000,16.7000
flat,6,27,round-robin,random,66.2500,66.7300,0.0000,17.0000
flat,6,27,snr-greedy,random,73.9500,74.3940,0.0000,3.8500
flat,6,27,snr-last,random,72.2500,72.3560,0.0000,3.6500
flat,6,27,belief,random,72.8500,74.6750,0.0000,3.7500
flat,6,27,oracle,random,73.7500,75.0000,99.7500,0.0000
flat,6,28,random,random,67.0500,67.4210,0.0000,15.9000
flat,6,28,round-robin,random,66.7000,66.8800,0.0000,17.0000
flat,6,28,snr-greedy,random,72.5000,74.4350,0.0000,4.0000
flat,6,28,snr-last,random,71.2500,72.7910,0.0000,3.9000
flat,6,28,belief,random,73.9500,74.6540,0.0000,4.1000
flat,6,28,oracle,random,74.3500,75.0000,99.9500,0.0000
flat,6,29,random,random,67.6500,66.8760,0.0000,17.9000
flat,6,29,round-robin,random,66.7500,67.4300,0.0000,17.0000
flat,6,29,snr-greedy,random,74.5000,74.3560,0.0000,4.9000
flat,6,29,snr-last,random,72.7500,72.4020,0.0000,4.5500
flat,6,29,belief,random,73.1500,74.7070,0.0000,4.0500
flat,6,29,oracle,random,75.6500,74.9970,99.6500,0.0500
flat,6,30,random,random,67.2000,67.5210,0.0000,14.6500
flat,6,30,round-robin,random,68.0500,67.4300,0.0000,17.0000
flat,6,30,snr-greedy,random,74.8500,74.5210,0.0000,4.6500
flat,6,30,snr-last,random,73.3500,72.5420,0.0000,4.3000
flat,6,30,belief,random,75.8500,74.6150,0.0000,4.7500
flat,6,30,oracle,random,73.7500,75.0000,100.0000,0.0000
flat,6,31,random,random,64.0000,66.6250,0.0000,18.7500
flat,6,31,round-robin,random,65.8500,67.0050,0.0000,17.0000
flat,6,31,snr-greedy,random,73.4500,74.5510,0.0000,4.1500
flat,6,31,snr-last,random,71.4000,72.4790,0.0000,4.1000
flat,6,31,belief,random,75.2000,74.6980,0.0000,4.2000
flat,6,31,oracle,random,76.4000,75.0000,99.7000,0.0000
flat,6,32,random,random,68.8500,66.9860,0.0000,16.9000
flat,6,32,round-robin,random,67.0000,67.2050,0.0000,17.0000
flat,6,32,snr-greedy,random,74.1000,74.3450,0.0000,4.2500
flat,6,32,snr-last,random,72.3500,72.3000,0.0000,3.7500
flat,6,32,belief,random,74.8500,74.6140,0.0000,4.3500
flat,6,32,oracle,random,75.5000,74.9970,99.7000,0.0500
flat,6,33,random,random,65.3500,67.4360,0.0000,16.9000
flat,6,33,round-robin,random,66.8000,66.5050,0.0000,17.0000
flat,6,33,snr-greedy,random,74.1000,74.6050,0.0000,3.2500
flat,6,33,snr-last,random,72.7000,72.9580,0.0000,3.2000
flat,6,33,belief,random,76.1000,74.6480,0.0000,4.2000
flat,6,33,oracle,random,74.9500,75.0000,99.9500,0.0000
flat,6,34,random,random,66.7500,66.8500,0.0000,16.2500
flat,6,34,round-robin,random,68.4500,67.1550,0.0000,17.0000
flat,6,34,snr-greedy,random,74.7500,74.5030,0.0000,4.9500
flat,6,34,snr-last,random,72.8500,72.7800,0.0000,4.5000
flat,6,34,belief,random,75.1500,74.6580,0.0000,4.4500
flat,6,34,oracle,random,74.1000,74.9970,99.8000,0.0500
flat,6,35,random,random,66.9500,66.8660,0.0000,17.6500
flat,6,35,round-robin,random,68.5000,66.8300,0.0000,17.0000
flat,6,35,snr-greedy,random,74.8000,74.4100,0.0000,4.0000
flat,6,35,snr-last,random,72.5000,72.3840,0.0000,3.6000
flat,6,35,belief,random,74.4500,74.6050,0.0000,4.5000
flat,6,35,oracle,random,74.9000,74.9970,99.7000,0.0500
flat,6,36,random,random,66.8000,67.2620,0.0000,16.0500
flat,6,36,round-robin,random,67.7000,67.1550,0.0000,17.0000
flat,6,36,snr-greedy,random,74.4000,74.5280,0.0000,3.7000
flat,6,36,snr-last,random,73.3500,72.7430,0.0000,3.4500
flat,6,36,belief,random,74.7000,74.6310,0.0000,3.6500
flat,6,36,oracle,random,74.7500,75.0000,100.0000,0.0000
flat,6,37,random,random,65.9500,65.8570,0.0000,16.5500
flat,6,37,round-robin,random,66.1000,65.9550,0.0000,17.0000
flat,6,37,snr-greedy,random,72.8000,74.4600,0.0000,4.0000
flat,6,37,snr-last,random,71.0000,72.7410,0.0000,3.9000
flat,6,37,belief,random,72.8500,74.6890,0.0000,4.3500
flat,6,37,oracle,random,74.0000,75.0000,99.9500,0.0000
flat,6,38,random,random,67.3000,67.6120,0.0000,18.5500
flat,6,38,round-robin,random,67.5000,68.2050,0.0000,17.0000
flat,6,38,snr-greedy,random,76.4000,74.5380,0.0000,3.9500
flat,6,38,snr-last,random,74.3500,72.3190,0.0000,3.8500
flat,6,38,belief,random,76.0000,74.6820,0.0000,4.0500
flat,6,38,oracle,random,74.7500,75.0000,99.9000,0.0000
flat,6,39,random,random,66.5500,66.2850,0.0000,16.5000
flat,6,39,round-robin,random,66.8500,66.7050,0.0000,17.0000
flat,6,39,snr-greedy,random,74.3000,74.5430,0.0000,3.4500
flat,6,39,snr-last,random,72.7500,72.5710,0.0000,3.4000
flat,6,39,belief,random,75.7500,74.6790,0.0000,4.1000
flat,6,39,oracle,random,74.6000,75.0000,100.0000,0.0000
flat,6,40,random,random,67.4500,66.8900,0.0000,17.2500
flat,6,40,round-robin,random,65.8000,66.4050,0.0000,17.0000
flat,6,40,snr-greedy,random,75.1000,74.2900,0.0000,3.5000
flat,6,40,snr-last,random,72.6500,72.3740,0.0000,3.3500
flat,6,40,belief,random,75.0500,74.6670,0.0000,3.0500
flat,6,40,oracle,random,73.9500,75.0000,99.9000,0.0000
flat,6,41,random,random,66.9000,66.1730,0.0000,17.9500
flat,6,41,round-robin,random,65.6000,66.5550,0.0000,17.0000
flat,6,41,snr-greedy,random,73.9500,74.3830,0.0000,4.4500
flat,6,41,snr-last,random,71.7000,72.2570,0.0000,4.0500
flat,6,41,belief,random,73.1000,74.5740,0.0000,4.6000
flat,6,41,oracle,random,74.4500,75.0000,99.6000,0.0000
flat,6,42,random,random,69.4500,67.2770,0.0000,15.8000
flat,6,42,round-robin,random,67.1000,67.3550,0.0000,17.0000
flat,6,42,snr-greedy,random,75.2000,74.5190,0.0000,3.8500
flat,6,42,snr-last,random,73.3500,72.8750,0.0000,3.7500
flat,6,42,belief,random,75.8500,74.6880,0.0000,3.9500
flat,6,42,oracle,random,75.5000,75.0000,99.8000,0.0000
flat,6,43,random,random,67.9000,67.4940,0.0000,16.3500
flat,6,43,round-robin,random,66.6000,66.6300,0.0000,17.0000
flat,6,43,snr-greedy,random,74.9000,74.4760,0.0000,4.1500
flat,6,43,snr-last,random,72.5000,72.3160,0.0000,3.9000
flat,6,43,belief,random,74.7000,74.6700,0.0000,4.2500
flat,6,43,oracle,random,74.3000,75.0000,99.8500,0.0000
flat,6,44,random,random,68.5000,67.2150,0.0000,16.0000
flat,6,44,round-robin,random,67.1500,67.0050,0.0000,17.0000
flat,6,44,snr-greedy,random,74.1000,74.5350,0.0000,4.0000
flat,6,44,snr-last,random,71.9500,72.6100,0.0000,4.0000
flat,6,44,belief,random,73.1500,74.6880,0.0000,3.9500
flat,6,44,oracle,random,74.5000,75.0000,99.7500,0.0000
flat,6,45,random,random,67.2500,66.7640,0.0000,16.8500
flat,6,45,round-robin,random,67.8500,67.4300,0.0000,17.0000
flat,6,45,snr-greedy,random,75.4000,74.3370,0.0000,3.5500
flat,6,45,snr-last,random,73.8500,72.4330,0.0000,3.2000
flat,6,45,belief,random,74.8500,74.6970,0.0000,3.8000
flat,6,45,oracle,random,74.4500,75.0000,99.8000,0.0000
flat,6,46,random,random,67.1000,66.7770,0.0000,17.0500
flat,6,46,round-robin,random,67.7000,67.3050,0.0000,17.0000
flat,6,46,snr-greedy,random,74.9500,74.4390,0.0000,4.3500
flat,6,46,snr-last,random,72.7500,72.3130,0.0000,3.9500
flat,6,46,belief,random,75.7500,74.6320,0.0000,4.0500
flat,6,46,oracle,random,74.6500,75.0000,99.8500,0.0000
flat,6,47,random,random,66.1000,66.5550,0.0000,17.0000
flat,6,47,round-robin,random,67.5000,66.8300,0.0000,17.0000
flat,6,47,snr-greedy,random,74.0000,74.4990,0.0000,3.3500
flat,6,47,snr-last,random,72.4000,72.5920,0.0000,3.0500
flat,6,47,belief,random,74.8500,74.6240,0.0000,4.6000
flat,6,47,oracle,random,75.1500,74.9970,99.8000,0.0500
flat,6,48,random,random,66.9500,67.1650,0.0000,16.0000
flat,6,48,round-robin,random,66.0000,67.3800,0.0000,17.0000
flat,6,48,snr-greedy,random,74.3000,74.4860,0.0000,4.4000
flat,6,48,snr-last,random,72.4500,72.7450,0.0000,4.2500
flat,6,48,belief,random,74.4500,74.6980,0.0000,4.2000
flat,6,48,oracle,random,74.3500,75.0000,100.0000,0.0000
flat,6,49,random,random,66.8000,67.0850,0.0000,16.5000
flat,6,49,round-robin,random,67.0000,66.8050,0.0000,17.0000
flat,6,49,snr-greedy,random,74.7500,74.6360,0.0000,3.1500
flat,6,49,snr-last,random,72.6000,72.8360,0.0000,3.1500
flat,6,49,belief,random,74.2500,74.7890,0.0000,3.1000
flat,6,49,oracle,random,76.1500,75.0000,99.9000,0.0000
