L,rho,tau,seed,policy,delivery
0.0,1.0,0,0,snr-greedy-loss,67.3500
0.0,1.0,0,0,belief,67.9500
0.0,1.0,0,0,ewma,60.0750
0.0,1.0,0,0,saf-adaptive,67.9500
0.0,1.0,0,0,oracle,68.5500
0.0,1.0,0,1,snr-greedy-loss,68.2000
0.0,1.0,0,1,belief,68.4750
0.0,1.0,0,1,ewma,59.7750
0.0,1.0,0,1,saf-adaptive,68.4750
0.0,1.0,0,1,oracle,69.0750
0.0,1.0,0,2,snr-greedy-loss,66.9000
0.0,1.0,0,2,belief,67.3000
0.0,1.0,0,2,ewma,59.7250
0.0,1.0,0,2,saf-adaptive,67.3000
0.0,1.0,0,2,oracle,67.9500
0.0,1.0,0,3,snr-greedy-loss,67.3500
0.0,1.0,0,3,belief,68.0750
0.0,1.0,0,3,ewma,57.4250
0.0,1.0,0,3,saf-adaptive,68.0750
0.0,1.0,0,3,oracle,68.6500
0.0,1.0,0,4,snr-greedy-loss,66.7000
0.0,1.0,0,4,belief,67.3000
0.0,1.0,0,4,ewma,56.6750
0.0,1.0,0,4,saf-adaptive,67.3000
0.0,1.0,0,4,oracle,67.9500
0.0,1.0,0,5,snr-greedy-loss,67.4250
0.0,1.0,0,5,belief,67.7250
0.0,1.0,0,5,ewma,58.6000
0.0,1.0,0,5,saf-adaptive,67.7250
0.0,1.0,0,5,oracle,68.4000
0.0,1.0,0,6,snr-greedy-loss,67.1000
0.0,1.0,0,6,belief,67.3250
0.0,1.0,0,6,ewma,55.9500
0.0,1.0,0,6,saf-adaptive,67.3250
0.0,1.0,0,6,oracle,67.9500
0.0,1.0,0,7,snr-greedy-loss,67.6500
0.0,1.0,0,7,belief,67.9750
0.0,1.0,0,7,ewma,57.1500
0.0,1.0,0,7,saf-adaptive,67.9750
0.0,1.0,0,7,oracle,68.3750
0.0,1.0,0,8,snr-greedy-loss,67.5250
0.0,1.0,0,8,belief,67.9000
0.0,1.0,0,8,ewma,59.9250
0.0,1.0,0,8,saf-adaptive,67.9000
0.0,1.0,0,8,oracle,68.5250
0.0,1.0,0,9,snr-greedy-loss,67.8250
0.0,1.0,0,9,belief,68.1250
0.0,1.0,0,9,ewma,58.5000
0.0,1.0,0,9,saf-adaptive,68.1250
0.0,1.0,0,9,oracle,68.5750
0.0,1.0,0,10,snr-greedy-loss,67.0750
0.0,1.0,0,10,belief,67.6000
0.0,1.0,0,10,ewma,57.2500
0.0,1.0,0,10,saf-adaptive,67.5750
0.0,1.0,0,10,oracle,68.1750
0.0,1.0,0,11,snr-greedy-loss,67.4750
0.0,1.0,0,11,belief,67.7000
0.0,1.0,0,11,ewma,57.4000
0.0,1.0,0,11,saf-adaptive,67.7000
0.0,1.0,0,11,oracle,68.3000
0.0,1.0,0,12,snr-greedy-loss,67.8250
0.0,1.0,0,12,belief,68.3250
0.0,1.0,0,12,ewma,58.4750
0.0,1.0,0,12,saf-adaptive,68.3250
0.0,1.0,0,12,oracle,68.9250
0.0,1.0,0,13,snr-greedy-loss,66.7500
0.0,1.0,0,13,belief,67.1000
0.0,1.0,0,13,ewma,58.1000
0.0,1.0,0,13,saf-adaptive,67.1000
0.0,1.0,0,13,oracle,67.6500
0.0,1.0,0,14,snr-greedy-loss,68.4750
0.0,1.0,0,14,belief,68.9000
0.0,1.0,0,14,ewma,60.0750
0.0,1.0,0,14,saf-adaptive,68.9000
0.0,1.0,0,14,oracle,69.4000
0.0,1.0,0,15,snr-greedy-loss,67.4000
0.0,1.0,0,15,belief,68.0750
0.0,1.0,0,15,ewma,58.2250
0.0,1.0,0,15,saf-adaptive,68.0750
0.0,1.0,0,15,oracle,68.6750
0.0,1.0,0,16,snr-greedy-loss,67.3000
0.0,1.0,0,16,belief,67.5250
0.0,1.0,0,16,ewma,57.6000
0.0,1.0,0,16,saf-adaptive,67.5250
0.0,1.0,0,16,oracle,68.0500
0.0,1.0,0,17,snr-greedy-loss,67.2250
0.0,1.0,0,17,belief,67.7500
0.0,1.0,0,17,ewma,58.4500
0.0,1.0,0,17,saf-adaptive,67.7500
0.0,1.0,0,17,oracle,68.4250
0.0,1.0,0,18,snr-greedy-loss,67.5250
0.0,1.0,0,18,belief,68.1000
0.0,1.0,0,18,ewma,58.6500
0.0,1.0,0,18,saf-adaptive,68.1000
0.0,1.0,0,18,oracle,68.7000
0.0,1.0,0,19,snr-greedy-loss,67.1750
0.0,1.0,0,19,belief,67.6500
0.0,1.0,0,19,ewma,56.5500
0.0,1.0,0,19,saf-adaptive,67.6500
0.0,1.0,0,19,oracle,68.3250
0.0,1.0,1,0,snr-greedy-loss,59.9000
0.0,1.0,1,0,belief,60.8750
0.0,1.0,1,0,ewma,59.1250
0.0,1.0,1,0,saf-adaptive,62.8000
0.0,1.0,1,0,oracle,68.5500
0.0,1.0,1,1,snr-greedy-loss,61.1750
0.0,1.0,1,1,belief,61.5250
0.0,1.0,1,1,ewma,59.3000
0.0,1.0,1,1,saf-adaptive,62.3250
0.0,1.0,1,1,oracle,69.0750
0.0,1.0,1,2,snr-greedy-loss,60.3000
0.0,1.0,1,2,belief,60.4750
0.0,1.0,1,2,ewma,59.3750
0.0,1.0,1,2,saf-adaptive,62.6000
0.0,1.0,1,2,oracle,67.9500
0.0,1.0,1,3,snr-greedy-loss,60.0500
0.0,1.0,1,3,belief,60.4500
0.0,1.0,1,3,ewma,57.1500
0.0,1.0,1,3,saf-adaptive,61.9000
0.0,1.0,1,3,oracle,68.6500
0.0,1.0,1,4,snr-greedy-loss,59.3500
0.0,1.0,1,4,belief,60.2500
0.0,1.0,1,4,ewma,57.1250
0.0,1.0,1,4,saf-adaptive,61.6000
0.0,1.0,1,4,oracle,67.9500
0.0,1.0,1,5,snr-greedy-loss,60.7250
0.0,1.0,1,5,belief,61.4250
0.0,1.0,1,5,ewma,59.4000
0.0,1.0,1,5,saf-adaptive,62.2750
0.0,1.0,1,5,oracle,68.4000
0.0,1.0,1,6,snr-greedy-loss,59.5250
0.0,1.0,1,6,belief,60.1000
0.0,1.0,1,6,ewma,56.8750
0.0,1.0,1,6,saf-adaptive,61.2000
0.0,1.0,1,6,oracle,67.9500
0.0,1.0,1,7,snr-greedy-loss,60.8500
0.0,1.0,1,7,belief,60.9500
0.0,1.0,1,7,ewma,57.6250
0.0,1.0,1,7,saf-adaptive,61.7000
0.0,1.0,1,7,oracle,68.3750
0.0,1.0,1,8,snr-greedy-loss,61.5750
0.0,1.0,1,8,belief,61.5500
0.0,1.0,1,8,ewma,57.3000
0.0,1.0,1,8,saf-adaptive,62.4500
0.0,1.0,1,8,oracle,68.5250
0.0,1.0,1,9,snr-greedy-loss,61.1250
0.0,1.0,1,9,belief,62.0750
0.0,1.0,1,9,ewma,57.3500
0.0,1.0,1,9,saf-adaptive,62.9250
0.0,1.0,1,9,oracle,68.5750
0.0,1.0,1,10,snr-greedy-loss,59.7250
0.0,1.0,1,10,belief,60.5500
0.0,1.0,1,10,ewma,57.0500
0.0,1.0,1,10,saf-adaptive,61.9500
0.0,1.0,1,10,oracle,68.1750
0.0,1.0,1,11,snr-greedy-loss,60.7500
0.0,1.0,1,11,belief,61.3500
0.0,1.0,1,11,ewma,58.2000
0.0,1.0,1,11,saf-adaptive,62.4500
0.0,1.0,1,11,oracle,68.3000
0.0,1.0,1,12,snr-greedy-loss,60.4750
0.0,1.0,1,12,belief,61.2250
0.0,1.0,1,12,ewma,56.2500
0.0,1.0,1,12,saf-adaptive,62.9750
0.0,1.0,1,12,oracle,68.9250
0.0,1.0,1,13,snr-greedy-loss,60.2500
0.0,1.0,1,13,belief,60.7500
0.0,1.0,1,13,ewma,58.3750
0.0,1.0,1,13,saf-adaptive,61.9250
0.0,1.0,1,13,oracle,67.6500
0.0,1.0,1,14,snr-greedy-loss,61.5000
0.0,1.0,1,14,belief,62.0500
0.0,1.0,1,14,ewma,58.8000
0.0,1.0,1,14,saf-adaptive,63.4250
0.0,1.0,1,14,oracle,69.4000
0.0,1.0,1,15,snr-greedy-loss,60.1000
0.0,1.0,1,15,belief,61.0500
0.0,1.0,1,15,ewma,58.4750
0.0,1.0,1,15,saf-adaptive,61.8750
0.0,1.0,1,15,oracle,68.6750
0.0,1.0,1,16,snr-greedy-loss,60.1000
0.0,1.0,1,16,belief,60.4750
0.0,1.0,1,16,ewma,56.6000
0.0,1.0,1,16,saf-adaptive,61.5250
0.0,1.0,1,16,oracle,68.0500
0.0,1.0,1,17,snr-greedy-loss,60.4750
0.0,1.0,1,17,belief,60.4750
0.0,1.0,1,17,ewma,58.9250
0.0,1.0,1,17,saf-adaptive,62.3500
0.0,1.0,1,17,oracle,68.4250
0.0,1.0,1,18,snr-greedy-loss,60.2250
0.0,1.0,1,18,belief,61.2500
0.0,1.0,1,18,ewma,58.1250
0.0,1.0,1,18,saf-adaptive,62.6250
0.0,1.0,1,18,oracle,68.7000
0.0,1.0,1,19,snr-greedy-loss,60.5000
0.0,1.0,1,19,belief,60.6750
0.0,1.0,1,19,ewma,55.5000
0.0,1.0,1,19,saf-adaptive,61.6500
0.0,1.0,1,19,oracle,68.3250
0.0,1.0,2,0,snr-greedy-loss,58.0000
0.0,1.0,2,0,belief,58.7750
0.0,1.0,2,0,ewma,58.9250
0.0,1.0,2,0,saf-adaptive,61.3000
0.0,1.0,2,0,oracle,68.5500
0.0,1.0,2,1,snr-greedy-loss,58.7250
0.0,1.0,2,1,belief,58.9750
0.0,1.0,2,1,ewma,58.2750
0.0,1.0,2,1,saf-adaptive,60.3000
0.0,1.0,2,1,oracle,69.0750
0.0,1.0,2,2,snr-greedy-loss,57.9500
0.0,1.0,2,2,belief,58.2500
0.0,1.0,2,2,ewma,57.0500
0.0,1.0,2,2,saf-adaptive,60.9750
0.0,1.0,2,2,oracle,67.9500
0.0,1.0,2,3,snr-greedy-loss,57.9750
0.0,1.0,2,3,belief,58.0000
0.0,1.0,2,3,ewma,57.3000
0.0,1.0,2,3,saf-adaptive,59.7000
0.0,1.0,2,3,oracle,68.6500
0.0,1.0,2,4,snr-greedy-loss,57.4250
0.0,1.0,2,4,belief,58.3500
0.0,1.0,2,4,ewma,56.8250
0.0,1.0,2,4,saf-adaptive,60.2250
0.0,1.0,2,4,oracle,67.9500
0.0,1.0,2,5,snr-greedy-loss,58.7250
0.0,1.0,2,5,belief,59.3000
0.0,1.0,2,5,ewma,58.2750
0.0,1.0,2,5,saf-adaptive,60.0500
0.0,1.0,2,5,oracle,68.4000
0.0,1.0,2,6,snr-greedy-loss,57.5000
0.0,1.0,2,6,belief,58.1750
0.0,1.0,2,6,ewma,57.2000
0.0,1.0,2,6,saf-adaptive,59.4750
0.0,1.0,2,6,oracle,67.9500
0.0,1.0,2,7,snr-greedy-loss,59.0000
0.0,1.0,2,7,belief,59.1250
0.0,1.0,2,7,ewma,57.4500
0.0,1.0,2,7,saf-adaptive,60.6250
0.0,1.0,2,7,oracle,68.3750
0.0,1.0,2,8,snr-greedy-loss,58.8750
0.0,1.0,2,8,belief,59.0000
0.0,1.0,2,8,ewma,57.3000
0.0,1.0,2,8,saf-adaptive,60.7500
0.0,1.0,2,8,oracle,68.5250
0.0,1.0,2,9,snr-greedy-loss,59.7500
0.0,1.0,2,9,belief,59.8750
0.0,1.0,2,9,ewma,57.3000
0.0,1.0,2,9,saf-adaptive,61.3000
0.0,1.0,2,9,oracle,68.5750
0.0,1.0,2,10,snr-greedy-loss,57.4750
0.0,1.0,2,10,belief,57.9750
0.0,1.0,2,10,ewma,57.6250
0.0,1.0,2,10,saf-adaptive,60.2500
0.0,1.0,2,10,oracle,68.1750
0.0,1.0,2,11,snr-greedy-loss,58.4250
0.0,1.0,2,11,belief,59.0500
0.0,1.0,2,11,ewma,56.4750
0.0,1.0,2,11,saf-adaptive,60.6000
0.0,1.0,2,11,oracle,68.3000
0.0,1.0,2,12,snr-greedy-loss,58.2250
0.0,1.0,2,12,belief,59.0250
0.0,1.0,2,12,ewma,55.8500
0.0,1.0,2,12,saf-adaptive,60.9000
0.0,1.0,2,12,oracle,68.9250
0.0,1.0,2,13,snr-greedy-loss,57.9000
0.0,1.0,2,13,belief,58.2750
0.0,1.0,2,13,ewma,56.4750
0.0,1.0,2,13,saf-adaptive,60.0750
0.0,1.0,2,13,oracle,67.6500
0.0,1.0,2,14,snr-greedy-loss,59.3250
0.0,1.0,2,14,belief,60.1250
0.0,1.0,2,14,ewma,59.3000
0.0,1.0,2,14,saf-adaptive,62.0250
0.0,1.0,2,14,oracle,69.4000
0.0,1.0,2,15,snr-greedy-loss,57.9750
0.0,1.0,2,15,belief,59.3500
0.0,1.0,2,15,ewma,57.2250
0.0,1.0,2,15,saf-adaptive,60.4000
0.0,1.0,2,15,oracle,68.6750
0.0,1.0,2,16,snr-greedy-loss,57.8500
0.0,1.0,2,16,belief,58.3500
0.0,1.0,2,16,ewma,56.5500
0.0,1.0,2,16,saf-adaptive,59.6000
0.0,1.0,2,16,oracle,68.0500
0.0,1.0,2,17,snr-greedy-loss,58.4250
0.0,1.0,2,17,belief,58.6250
0.0,1.0,2,17,ewma,58.1750
0.0,1.0,2,17,saf-adaptive,60.4000
0.0,1.0,2,17,oracle,68.4250
0.0,1.0,2,18,snr-greedy-loss,58.0250
0.0,1.0,2,18,belief,58.5000
0.0,1.0,2,18,ewma,58.9000
0.0,1.0,2,18,saf-adaptive,60.8750
0.0,1.0,2,18,oracle,68.7000
0.0,1.0,2,19,snr-greedy-loss,58.7250
0.0,1.0,2,19,belief,58.5000
0.0,1.0,2,19,ewma,55.7750
0.0,1.0,2,19,saf-adaptive,60.1250
0.0,1.0,2,19,oracle,68.3250
0.0,1.0,4,0,snr-greedy-loss,57.9000
0.0,1.0,4,0,belief,58.5000
0.0,1.0,4,0,ewma,57.4000
0.0,1.0,4,0,saf-adaptive,61.5500
0.0,1.0,4,0,oracle,68.5500
0.0,1.0,4,1,snr-greedy-loss,57.4750
0.0,1.0,4,1,belief,58.1000
0.0,1.0,4,1,ewma,59.2500
0.0,1.0,4,1,saf-adaptive,60.6250
0.0,1.0,4,1,oracle,69.0750
0.0,1.0,4,2,snr-greedy-loss,57.7000
0.0,1.0,4,2,belief,57.7500
0.0,1.0,4,2,ewma,59.1750
0.0,1.0,4,2,saf-adaptive,61.3000
0.0,1.0,4,2,oracle,67.9500
0.0,1.0,4,3,snr-greedy-loss,56.2000
0.0,1.0,4,3,belief,56.8750
0.0,1.0,4,3,ewma,58.2000
0.0,1.0,4,3,saf-adaptive,59.5250
0.0,1.0,4,3,oracle,68.6500
0.0,1.0,4,4,snr-greedy-loss,57.3250
0.0,1.0,4,4,belief,57.4000
0.0,1.0,4,4,ewma,57.1000
0.0,1.0,4,4,saf-adaptive,59.6250
0.0,1.0,4,4,oracle,67.9500
0.0,1.0,4,5,snr-greedy-loss,57.2250
0.0,1.0,4,5,belief,57.7500
0.0,1.0,4,5,ewma,58.7500
0.0,1.0,4,5,saf-adaptive,60.0750
0.0,1.0,4,5,oracle,68.4000
0.0,1.0,4,6,snr-greedy-loss,56.8000
0.0,1.0,4,6,belief,57.3750
0.0,1.0,4,6,ewma,58.3500
0.0,1.0,4,6,saf-adaptive,59.3250
0.0,1.0,4,6,oracle,67.9500
0.0,1.0,4,7,snr-greedy-loss,58.2250
0.0,1.0,4,7,belief,58.5500
0.0,1.0,4,7,ewma,56.5500
0.0,1.0,4,7,saf-adaptive,60.6250
0.0,1.0,4,7,oracle,68.3750
0.0,1.0,4,8,snr-greedy-loss,58.5250
0.0,1.0,4,8,belief,58.1250
0.0,1.0,4,8,ewma,57.3500
0.0,1.0,4,8,saf-adaptive,60.4750
0.0,1.0,4,8,oracle,68.5250
0.0,1.0,4,9,snr-greedy-loss,57.8750
0.0,1.0,4,9,belief,58.5500
0.0,1.0,4,9,ewma,56.1750
0.0,1.0,4,9,saf-adaptive,60.3250
0.0,1.0,4,9,oracle,68.5750
0.0,1.0,4,10,snr-greedy-loss,56.6500
0.0,1.0,4,10,belief,56.9250
0.0,1.0,4,10,ewma,57.2000
0.0,1.0,4,10,saf-adaptive,60.3750
0.0,1.0,4,10,oracle,68.1750
0.0,1.0,4,11,snr-greedy-loss,57.0000
0.0,1.0,4,11,belief,57.4500
0.0,1.0,4,11,ewma,56.6500
0.0,1.0,4,11,saf-adaptive,60.3250
0.0,1.0,4,11,oracle,68.3000
0.0,1.0,4,12,snr-greedy-loss,57.9750
0.0,1.0,4,12,belief,58.9250
0.0,1.0,4,12,ewma,59.1250
0.0,1.0,4,12,saf-adaptive,61.1250
0.0,1.0,4,12,oracle,68.9250
0.0,1.0,4,13,snr-greedy-loss,56.4500
0.0,1.0,4,13,belief,56.8000
0.0,1.0,4,13,ewma,57.0500
0.0,1.0,4,13,saf-adaptive,59.7000
0.0,1.0,4,13,oracle,67.6500
0.0,1.0,4,14,snr-greedy-loss,59.6250
0.0,1.0,4,14,belief,59.5000
0.0,1.0,4,14,ewma,58.2250
0.0,1.0,4,14,saf-adaptive,62.2750
0.0,1.0,4,14,oracle,69.4000
0.0,1.0,4,15,snr-greedy-loss,57.3750
0.0,1.0,4,15,belief,57.9250
0.0,1.0,4,15,ewma,57.7250
0.0,1.0,4,15,saf-adaptive,60.8750
0.0,1.0,4,15,oracle,68.6750
0.0,1.0,4,16,snr-greedy-loss,57.3000
0.0,1.0,4,16,belief,57.5250
0.0,1.0,4,16,ewma,56.9000
0.0,1.0,4,16,saf-adaptive,59.0250
0.0,1.0,4,16,oracle,68.0500
0.0,1.0,4,17,snr-greedy-loss,57.7500
0.0,1.0,4,17,belief,57.7250
0.0,1.0,4,17,ewma,57.4250
0.0,1.0,4,17,saf-adaptive,61.1250
0.0,1.0,4,17,oracle,68.4250
0.0,1.0,4,18,snr-greedy-loss,57.2000
0.0,1.0,4,18,belief,57.7250
0.0,1.0,4,18,ewma,58.9000
0.0,1.0,4,18,saf-adaptive,61.1750
0.0,1.0,4,18,oracle,68.7000
0.0,1.0,4,19,snr-greedy-loss,57.3500
0.0,1.0,4,19,belief,56.7750
0.0,1.0,4,19,ewma,57.0250
0.0,1.0,4,19,saf-adaptive,59.8750
0.0,1.0,4,19,oracle,68.3250
0.0,1.0,8,0,snr-greedy-loss,57.2250
0.0,1.0,8,0,belief,57.8500
0.0,1.0,8,0,ewma,59.1750
0.0,1.0,8,0,saf-adaptive,61.5250
0.0,1.0,8,0,oracle,68.5500
0.0,1.0,8,1,snr-greedy-loss,57.3500
0.0,1.0,8,1,belief,57.6250
0.0,1.0,8,1,ewma,59.0250
0.0,1.0,8,1,saf-adaptive,60.2500
0.0,1.0,8,1,oracle,69.0750
0.0,1.0,8,2,snr-greedy-loss,57.9750
0.0,1.0,8,2,belief,58.5750
0.0,1.0,8,2,ewma,59.3500
0.0,1.0,8,2,saf-adaptive,61.6250
0.0,1.0,8,2,oracle,67.9500
0.0,1.0,8,3,snr-greedy-loss,56.9250
0.0,1.0,8,3,belief,56.8750
0.0,1.0,8,3,ewma,57.8000
0.0,1.0,8,3,saf-adaptive,59.0000
0.0,1.0,8,3,oracle,68.6500
0.0,1.0,8,4,snr-greedy-loss,56.1250
0.0,1.0,8,4,belief,56.6250
0.0,1.0,8,4,ewma,57.5750
0.0,1.0,8,4,saf-adaptive,59.8250
0.0,1.0,8,4,oracle,67.9500
0.0,1.0,8,5,snr-greedy-loss,57.4500
0.0,1.0,8,5,belief,57.6000
0.0,1.0,8,5,ewma,58.3750
0.0,1.0,8,5,saf-adaptive,60.0250
0.0,1.0,8,5,oracle,68.4000
0.0,1.0,8,6,snr-greedy-loss,56.8500
0.0,1.0,8,6,belief,57.2500
0.0,1.0,8,6,ewma,57.9000
0.0,1.0,8,6,saf-adaptive,59.3750
0.0,1.0,8,6,oracle,67.9500
0.0,1.0,8,7,snr-greedy-loss,57.2750
0.0,1.0,8,7,belief,58.0000
0.0,1.0,8,7,ewma,57.5000
0.0,1.0,8,7,saf-adaptive,60.5500
0.0,1.0,8,7,oracle,68.3750
0.0,1.0,8,8,snr-greedy-loss,57.5750
0.0,1.0,8,8,belief,58.0750
0.0,1.0,8,8,ewma,59.1250
0.0,1.0,8,8,saf-adaptive,60.5000
0.0,1.0,8,8,oracle,68.5250
0.0,1.0,8,9,snr-greedy-loss,56.8750
0.0,1.0,8,9,belief,56.8000
0.0,1.0,8,9,ewma,59.0750
0.0,1.0,8,9,saf-adaptive,60.2000
0.0,1.0,8,9,oracle,68.5750
0.0,1.0,8,10,snr-greedy-loss,55.9500
0.0,1.0,8,10,belief,56.6750
0.0,1.0,8,10,ewma,57.4250
0.0,1.0,8,10,saf-adaptive,60.4250
0.0,1.0,8,10,oracle,68.1750
0.0,1.0,8,11,snr-greedy-loss,57.1500
0.0,1.0,8,11,belief,57.2250
0.0,1.0,8,11,ewma,55.0000
0.0,1.0,8,11,saf-adaptive,60.3250
0.0,1.0,8,11,oracle,68.3000
0.0,1.0,8,12,snr-greedy-loss,57.5500
0.0,1.0,8,12,belief,58.4250
0.0,1.0,8,12,ewma,59.0750
0.0,1.0,8,12,saf-adaptive,60.8250
0.0,1.0,8,12,oracle,68.9250
0.0,1.0,8,13,snr-greedy-loss,56.5500
0.0,1.0,8,13,belief,56.9500
0.0,1.0,8,13,ewma,56.8500
0.0,1.0,8,13,saf-adaptive,59.6500
0.0,1.0,8,13,oracle,67.6500
0.0,1.0,8,14,snr-greedy-loss,58.3000
0.0,1.0,8,14,belief,58.4000
0.0,1.0,8,14,ewma,59.3500
0.0,1.0,8,14,saf-adaptive,61.7750
0.0,1.0,8,14,oracle,69.4000
0.0,1.0,8,15,snr-greedy-loss,57.1750
0.0,1.0,8,15,belief,57.5750
0.0,1.0,8,15,ewma,57.5750
0.0,1.0,8,15,saf-adaptive,60.9750
0.0,1.0,8,15,oracle,68.6750
0.0,1.0,8,16,snr-greedy-loss,56.9750
0.0,1.0,8,16,belief,56.9750
0.0,1.0,8,16,ewma,57.8500
0.0,1.0,8,16,saf-adaptive,58.9750
0.0,1.0,8,16,oracle,68.0500
0.0,1.0,8,17,snr-greedy-loss,57.2000
0.0,1.0,8,17,belief,57.3500
0.0,1.0,8,17,ewma,58.9500
0.0,1.0,8,17,saf-adaptive,61.1500
0.0,1.0,8,17,oracle,68.4250
0.0,1.0,8,18,snr-greedy-loss,56.3000
0.0,1.0,8,18,belief,56.9000
0.0,1.0,8,18,ewma,59.0000
0.0,1.0,8,18,saf-adaptive,60.7000
0.0,1.0,8,18,oracle,68.7000
0.0,1.0,8,19,snr-greedy-loss,56.5250
0.0,1.0,8,19,belief,56.5500
0.0,1.0,8,19,ewma,57.9750
0.0,1.0,8,19,saf-adaptive,59.9000
0.0,1.0,8,19,oracle,68.3250
0.0,0.75,0,0,snr-greedy-loss,64.5750
0.0,0.75,0,0,belief,65.6500
0.0,0.75,0,0,ewma,58.0750
0.0,0.75,0,0,saf-adaptive,65.6250
0.0,0.75,0,0,oracle,68.3500
0.0,0.75,0,1,snr-greedy-loss,65.4000
0.0,0.75,0,1,belief,65.6000
0.0,0.75,0,1,ewma,59.7000
0.0,0.75,0,1,saf-adaptive,65.6000
0.0,0.75,0,1,oracle,68.6000
0.0,0.75,0,2,snr-greedy-loss,64.9000
0.0,0.75,0,2,belief,65.2000
0.0,0.75,0,2,ewma,59.3500
0.0,0.75,0,2,saf-adaptive,65.2250
0.0,0.75,0,2,oracle,68.1250
0.0,0.75,0,3,snr-greedy-loss,65.4250
0.0,0.75,0,3,belief,65.7000
0.0,0.75,0,3,ewma,57.8000
0.0,0.75,0,3,saf-adaptive,65.6500
0.0,0.75,0,3,oracle,68.9500
0.0,0.75,0,4,snr-greedy-loss,63.8000
0.0,0.75,0,4,belief,64.0250
0.0,0.75,0,4,ewma,56.2000
0.0,0.75,0,4,saf-adaptive,64.0000
0.0,0.75,0,4,oracle,67.7500
0.0,0.75,0,5,snr-greedy-loss,65.0000
0.0,0.75,0,5,belief,64.9750
0.0,0.75,0,5,ewma,58.5500
0.0,0.75,0,5,saf-adaptive,65.0000
0.0,0.75,0,5,oracle,68.6250
0.0,0.75,0,6,snr-greedy-loss,64.3000
0.0,0.75,0,6,belief,64.5750
0.0,0.75,0,6,ewma,56.1000
0.0,0.75,0,6,saf-adaptive,64.5500
0.0,0.75,0,6,oracle,67.7250
0.0,0.75,0,7,snr-greedy-loss,65.3250
0.0,0.75,0,7,belief,65.4000
0.0,0.75,0,7,ewma,58.3000
0.0,0.75,0,7,saf-adaptive,65.4000
0.0,0.75,0,7,oracle,68.3500
0.0,0.75,0,8,snr-greedy-loss,65.1750
0.0,0.75,0,8,belief,65.6500
0.0,0.75,0,8,ewma,59.9500
0.0,0.75,0,8,saf-adaptive,65.6750
0.0,0.75,0,8,oracle,68.8250
0.0,0.75,0,9,snr-greedy-loss,64.7750
0.0,0.75,0,9,belief,65.0250
0.0,0.75,0,9,ewma,56.3750
0.0,0.75,0,9,saf-adaptive,65.0250
0.0,0.75,0,9,oracle,68.2250
0.0,0.75,0,10,snr-greedy-loss,64.5000
0.0,0.75,0,10,belief,65.1250
0.0,0.75,0,10,ewma,56.8750
0.0,0.75,0,10,saf-adaptive,65.1500
0.0,0.75,0,10,oracle,68.3750
0.0,0.75,0,11,snr-greedy-loss,64.5750
0.0,0.75,0,11,belief,65.2500
0.0,0.75,0,11,ewma,57.2000
0.0,0.75,0,11,saf-adaptive,65.2250
0.0,0.75,0,11,oracle,68.4000
0.0,0.75,0,12,snr-greedy-loss,65.1500
0.0,0.75,0,12,belief,65.4250
0.0,0.75,0,12,ewma,59.1250
0.0,0.75,0,12,saf-adaptive,65.4000
0.0,0.75,0,12,oracle,68.5250
0.0,0.75,0,13,snr-greedy-loss,63.7500
0.0,0.75,0,13,belief,64.1750
0.0,0.75,0,13,ewma,58.8500
0.0,0.75,0,13,saf-adaptive,64.2500
0.0,0.75,0,13,oracle,67.5750
0.0,0.75,0,14,snr-greedy-loss,65.6500
0.0,0.75,0,14,belief,65.7500
0.0,0.75,0,14,ewma,60.5000
0.0,0.75,0,14,saf-adaptive,65.6750
0.0,0.75,0,14,oracle,68.7000
0.0,0.75,0,15,snr-greedy-loss,64.7000
0.0,0.75,0,15,belief,64.7500
0.0,0.75,0,15,ewma,59.2250
0.0,0.75,0,15,saf-adaptive,64.7500
0.0,0.75,0,15,oracle,68.5000
0.0,0.75,0,16,snr-greedy-loss,64.4250
0.0,0.75,0,16,belief,64.8750
0.0,0.75,0,16,ewma,57.2750
0.0,0.75,0,16,saf-adaptive,64.8250
0.0,0.75,0,16,oracle,67.9750
0.0,0.75,0,17,snr-greedy-loss,65.1250
0.0,0.75,0,17,belief,65.6000
0.0,0.75,0,17,ewma,59.3750
0.0,0.75,0,17,saf-adaptive,65.5750
0.0,0.75,0,17,oracle,68.6000
0.0,0.75,0,18,snr-greedy-loss,64.6250
0.0,0.75,0,18,belief,65.4250
0.0,0.75,0,18,ewma,57.2500
0.0,0.75,0,18,saf-adaptive,65.4250
0.0,0.75,0,18,oracle,68.4750
0.0,0.75,0,19,snr-greedy-loss,64.8250
0.0,0.75,0,19,belief,64.8500
0.0,0.75,0,19,ewma,58.1500
0.0,0.75,0,19,saf-adaptive,64.8250
0.0,0.75,0,19,oracle,67.9750
0.0,0.75,1,0,snr-greedy-loss,59.3250
0.0,0.75,1,0,belief,60.4250
0.0,0.75,1,0,ewma,59.5500
0.0,0.75,1,0,saf-adaptive,62.1000
0.0,0.75,1,0,oracle,68.3500
0.0,0.75,1,1,snr-greedy-loss,60.1750
0.0,0.75,1,1,belief,60.4750
0.0,0.75,1,1,ewma,59.4750
0.0,0.75,1,1,saf-adaptive,61.5000
0.0,0.75,1,1,oracle,68.6000
0.0,0.75,1,2,snr-greedy-loss,59.9250
0.0,0.75,1,2,belief,60.3000
0.0,0.75,1,2,ewma,57.8750
0.0,0.75,1,2,saf-adaptive,62.1000
0.0,0.75,1,2,oracle,68.1250
0.0,0.75,1,3,snr-greedy-loss,59.4250
0.0,0.75,1,3,belief,59.9500
0.0,0.75,1,3,ewma,59.1750
0.0,0.75,1,3,saf-adaptive,61.3250
0.0,0.75,1,3,oracle,68.9500
0.0,0.75,1,4,snr-greedy-loss,58.1750
0.0,0.75,1,4,belief,59.0750
0.0,0.75,1,4,ewma,56.4000
0.0,0.75,1,4,saf-adaptive,60.7000
0.0,0.75,1,4,oracle,67.7500
0.0,0.75,1,5,snr-greedy-loss,60.0250
0.0,0.75,1,5,belief,60.4750
0.0,0.75,1,5,ewma,59.2750
0.0,0.75,1,5,saf-adaptive,61.5000
0.0,0.75,1,5,oracle,68.6250
0.0,0.75,1,6,snr-greedy-loss,58.5500
0.0,0.75,1,6,belief,59.4000
0.0,0.75,1,6,ewma,57.6750
0.0,0.75,1,6,saf-adaptive,60.8250
0.0,0.75,1,6,oracle,67.7250
0.0,0.75,1,7,snr-greedy-loss,60.0000
0.0,0.75,1,7,belief,60.3250
0.0,0.75,1,7,ewma,56.2500
0.0,0.75,1,7,saf-adaptive,61.1500
0.0,0.75,1,7,oracle,68.3500
0.0,0.75,1,8,snr-greedy-loss,60.8250
0.0,0.75,1,8,belief,61.2750
0.0,0.75,1,8,ewma,57.6750
0.0,0.75,1,8,saf-adaptive,62.1500
0.0,0.75,1,8,oracle,68.8250
0.0,0.75,1,9,snr-greedy-loss,59.7750
0.0,0.75,1,9,belief,60.5500
0.0,0.75,1,9,ewma,56.6500
0.0,0.75,1,9,saf-adaptive,61.2000
0.0,0.75,1,9,oracle,68.2250
0.0,0.75,1,10,snr-greedy-loss,59.2750
0.0,0.75,1,10,belief,60.0250
0.0,0.75,1,10,ewma,57.1250
0.0,0.75,1,10,saf-adaptive,61.2000
0.0,0.75,1,10,oracle,68.3750
0.0,0.75,1,11,snr-greedy-loss,60.1750
0.0,0.75,1,11,belief,60.5750
0.0,0.75,1,11,ewma,58.7750
0.0,0.75,1,11,saf-adaptive,62.0250
0.0,0.75,1,11,oracle,68.4000
0.0,0.75,1,12,snr-greedy-loss,59.5500
0.0,0.75,1,12,belief,60.0000
0.0,0.75,1,12,ewma,57.8750
0.0,0.75,1,12,saf-adaptive,62.0500
0.0,0.75,1,12,oracle,68.5250
0.0,0.75,1,13,snr-greedy-loss,58.9500
0.0,0.75,1,13,belief,59.6750
0.0,0.75,1,13,ewma,58.7500
0.0,0.75,1,13,saf-adaptive,61.0000
0.0,0.75,1,13,oracle,67.5750
0.0,0.75,1,14,snr-greedy-loss,60.3250
0.0,0.75,1,14,belief,60.6250
0.0,0.75,1,14,ewma,59.0500
0.0,0.75,1,14,saf-adaptive,62.3000
0.0,0.75,1,14,oracle,68.7000
0.0,0.75,1,15,snr-greedy-loss,59.3000
0.0,0.75,1,15,belief,59.7750
0.0,0.75,1,15,ewma,59.0000
0.0,0.75,1,15,saf-adaptive,61.3500
0.0,0.75,1,15,oracle,68.5000
0.0,0.75,1,16,snr-greedy-loss,58.9000
0.0,0.75,1,16,belief,59.4250
0.0,0.75,1,16,ewma,57.4250
0.0,0.75,1,16,saf-adaptive,60.3500
0.0,0.75,1,16,oracle,67.9750
0.0,0.75,1,17,snr-greedy-loss,60.0500
0.0,0.75,1,17,belief,59.9500
0.0,0.75,1,17,ewma,59.6500
0.0,0.75,1,17,saf-adaptive,62.0500
0.0,0.75,1,17,oracle,68.6000
0.0,0.75,1,18,snr-greedy-loss,59.7500
0.0,0.75,1,18,belief,60.5250
0.0,0.75,1,18,ewma,57.7250
0.0,0.75,1,18,saf-adaptive,61.6500
0.0,0.75,1,18,oracle,68.4750
0.0,0.75,1,19,snr-greedy-loss,59.7250
0.0,0.75,1,19,belief,59.6500
0.0,0.75,1,19,ewma,55.1500
0.0,0.75,1,19,saf-adaptive,60.8000
0.0,0.75,1,19,oracle,67.9750
0.0,0.75,2,0,snr-greedy-loss,58.4000
0.0,0.75,2,0,belief,58.9000
0.0,0.75,2,0,ewma,58.4750
0.0,0.75,2,0,saf-adaptive,61.0500
0.0,0.75,2,0,oracle,68.3500
0.0,0.75,2,1,snr-greedy-loss,58.4500
0.0,0.75,2,1,belief,58.7250
0.0,0.75,2,1,ewma,59.1500
0.0,0.75,2,1,saf-adaptive,60.0500
0.0,0.75,2,1,oracle,68.6000
0.0,0.75,2,2,snr-greedy-loss,58.1750
0.0,0.75,2,2,belief,58.4500
0.0,0.75,2,2,ewma,58.7500
0.0,0.75,2,2,saf-adaptive,60.8500
0.0,0.75,2,2,oracle,68.1250
0.0,0.75,2,3,snr-greedy-loss,58.3250
0.0,0.75,2,3,belief,58.1750
0.0,0.75,2,3,ewma,58.0500
0.0,0.75,2,3,saf-adaptive,60.4000
0.0,0.75,2,3,oracle,68.9500
0.0,0.75,2,4,snr-greedy-loss,56.9750
0.0,0.75,2,4,belief,57.7750
0.0,0.75,2,4,ewma,57.7750
0.0,0.75,2,4,saf-adaptive,59.5750
0.0,0.75,2,4,oracle,67.7500
0.0,0.75,2,5,snr-greedy-loss,58.3500
0.0,0.75,2,5,belief,58.7250
0.0,0.75,2,5,ewma,58.0250
0.0,0.75,2,5,saf-adaptive,59.8500
0.0,0.75,2,5,oracle,68.6250
0.0,0.75,2,6,snr-greedy-loss,57.6250
0.0,0.75,2,6,belief,58.4250
0.0,0.75,2,6,ewma,57.3250
0.0,0.75,2,6,saf-adaptive,59.6000
0.0,0.75,2,6,oracle,67.7250
0.0,0.75,2,7,snr-greedy-loss,58.8750
0.0,0.75,2,7,belief,59.0500
0.0,0.75,2,7,ewma,57.9250
0.0,0.75,2,7,saf-adaptive,60.4000
0.0,0.75,2,7,oracle,68.3500
0.0,0.75,2,8,snr-greedy-loss,58.6000
0.0,0.75,2,8,belief,59.1750
0.0,0.75,2,8,ewma,58.1500
0.0,0.75,2,8,saf-adaptive,60.8750
0.0,0.75,2,8,oracle,68.8250
0.0,0.75,2,9,snr-greedy-loss,58.6500
0.0,0.75,2,9,belief,58.8000
0.0,0.75,2,9,ewma,55.5750
0.0,0.75,2,9,saf-adaptive,60.0500
0.0,0.75,2,9,oracle,68.2250
0.0,0.75,2,10,snr-greedy-loss,57.6750
0.0,0.75,2,10,belief,58.1250
0.0,0.75,2,10,ewma,57.3750
0.0,0.75,2,10,saf-adaptive,60.1500
0.0,0.75,2,10,oracle,68.3750
0.0,0.75,2,11,snr-greedy-loss,58.0500
0.0,0.75,2,11,belief,58.7000
0.0,0.75,2,11,ewma,58.1750
0.0,0.75,2,11,saf-adaptive,60.9250
0.0,0.75,2,11,oracle,68.4000
0.0,0.75,2,12,snr-greedy-loss,57.8750
0.0,0.75,2,12,belief,58.3750
0.0,0.75,2,12,ewma,57.5250
0.0,0.75,2,12,saf-adaptive,60.3250
0.0,0.75,2,12,oracle,68.5250
0.0,0.75,2,13,snr-greedy-loss,57.3000
0.0,0.75,2,13,belief,57.5750
0.0,0.75,2,13,ewma,56.2500
0.0,0.75,2,13,saf-adaptive,59.4250
0.0,0.75,2,13,oracle,67.5750
0.0,0.75,2,14,snr-greedy-loss,58.7250
0.0,0.75,2,14,belief,59.1500
0.0,0.75,2,14,ewma,59.0250
0.0,0.75,2,14,saf-adaptive,61.3250
0.0,0.75,2,14,oracle,68.7000
0.0,0.75,2,15,snr-greedy-loss,57.6250
0.0,0.75,2,15,belief,58.8750
0.0,0.75,2,15,ewma,57.7250
0.0,0.75,2,15,saf-adaptive,60.4000
0.0,0.75,2,15,oracle,68.5000
0.0,0.75,2,16,snr-greedy-loss,57.5750
0.0,0.75,2,16,belief,58.1000
0.0,0.75,2,16,ewma,57.7500
0.0,0.75,2,16,saf-adaptive,59.2000
0.0,0.75,2,16,oracle,67.9750
0.0,0.75,2,17,snr-greedy-loss,59.1250
0.0,0.75,2,17,belief,59.1250
0.0,0.75,2,17,ewma,57.7500
0.0,0.75,2,17,saf-adaptive,61.0250
0.0,0.75,2,17,oracle,68.6000
0.0,0.75,2,18,snr-greedy-loss,57.6500
0.0,0.75,2,18,belief,58.4000
0.0,0.75,2,18,ewma,58.6250
0.0,0.75,2,18,saf-adaptive,60.7000
0.0,0.75,2,18,oracle,68.4750
0.0,0.75,2,19,snr-greedy-loss,57.9750
0.0,0.75,2,19,belief,57.9000
0.0,0.75,2,19,ewma,55.9750
0.0,0.75,2,19,saf-adaptive,59.5750
0.0,0.75,2,19,oracle,67.9750
0.0,0.75,4,0,snr-greedy-loss,57.8750
0.0,0.75,4,0,belief,58.3250
0.0,0.75,4,0,ewma,58.0750
0.0,0.75,4,0,saf-adaptive,61.1750
0.0,0.75,4,0,oracle,68.3500
0.0,0.75,4,1,snr-greedy-loss,57.2250
0.0,0.75,4,1,belief,57.7750
0.0,0.75,4,1,ewma,58.3750
0.0,0.75,4,1,saf-adaptive,60.1750
0.0,0.75,4,1,oracle,68.6000
0.0,0.75,4,2,snr-greedy-loss,57.8250
0.0,0.75,4,2,belief,57.9000
0.0,0.75,4,2,ewma,58.2250
0.0,0.75,4,2,saf-adaptive,61.3500
0.0,0.75,4,2,oracle,68.1250
0.0,0.75,4,3,snr-greedy-loss,56.6750
0.0,0.75,4,3,belief,57.3500
0.0,0.75,4,3,ewma,58.5250
0.0,0.75,4,3,saf-adaptive,60.0500
0.0,0.75,4,3,oracle,68.9500
0.0,0.75,4,4,snr-greedy-loss,56.7750
0.0,0.75,4,4,belief,56.6000
0.0,0.75,4,4,ewma,57.4000
0.0,0.75,4,4,saf-adaptive,59.3750
0.0,0.75,4,4,oracle,67.7500
0.0,0.75,4,5,snr-greedy-loss,56.9000
0.0,0.75,4,5,belief,57.8500
0.0,0.75,4,5,ewma,58.3750
0.0,0.75,4,5,saf-adaptive,60.0000
0.0,0.75,4,5,oracle,68.6250
0.0,0.75,4,6,snr-greedy-loss,57.0000
0.0,0.75,4,6,belief,57.7750
0.0,0.75,4,6,ewma,57.8250
0.0,0.75,4,6,saf-adaptive,59.9250
0.0,0.75,4,6,oracle,67.7250
0.0,0.75,4,7,snr-greedy-loss,58.1750
0.0,0.75,4,7,belief,58.5500
0.0,0.75,4,7,ewma,57.3500
0.0,0.75,4,7,saf-adaptive,60.8250
0.0,0.75,4,7,oracle,68.3500
0.0,0.75,4,8,snr-greedy-loss,58.3250
0.0,0.75,4,8,belief,58.1000
0.0,0.75,4,8,ewma,58.2750
0.0,0.75,4,8,saf-adaptive,60.6750
0.0,0.75,4,8,oracle,68.8250
0.0,0.75,4,9,snr-greedy-loss,57.1750
0.0,0.75,4,9,belief,57.6000
0.0,0.75,4,9,ewma,56.0250
0.0,0.75,4,9,saf-adaptive,59.5000
0.0,0.75,4,9,oracle,68.2250
0.0,0.75,4,10,snr-greedy-loss,56.9750
0.0,0.75,4,10,belief,57.4250
0.0,0.75,4,10,ewma,57.6250
0.0,0.75,4,10,saf-adaptive,60.6500
0.0,0.75,4,10,oracle,68.3750
0.0,0.75,4,11,snr-greedy-loss,57.1500
0.0,0.75,4,11,belief,57.4000
0.0,0.75,4,11,ewma,58.0000
0.0,0.75,4,11,saf-adaptive,60.9500
0.0,0.75,4,11,oracle,68.4000
0.0,0.75,4,12,snr-greedy-loss,57.5750
0.0,0.75,4,12,belief,58.5750
0.0,0.75,4,12,ewma,58.5500
0.0,0.75,4,12,saf-adaptive,60.9250
0.0,0.75,4,12,oracle,68.5250
0.0,0.75,4,13,snr-greedy-loss,56.2750
0.0,0.75,4,13,belief,56.4000
0.0,0.75,4,13,ewma,57.3750
0.0,0.75,4,13,saf-adaptive,59.5000
0.0,0.75,4,13,oracle,67.5750
0.0,0.75,4,14,snr-greedy-loss,58.4750
0.0,0.75,4,14,belief,58.3000
0.0,0.75,4,14,ewma,59.5500
0.0,0.75,4,14,saf-adaptive,61.3750
0.0,0.75,4,14,oracle,68.7000
0.0,0.75,4,15,snr-greedy-loss,57.5500
0.0,0.75,4,15,belief,57.9000
0.0,0.75,4,15,ewma,57.1250
0.0,0.75,4,15,saf-adaptive,60.9250
0.0,0.75,4,15,oracle,68.5000
0.0,0.75,4,16,snr-greedy-loss,57.3000
0.0,0.75,4,16,belief,57.5000
0.0,0.75,4,16,ewma,57.5750
0.0,0.75,4,16,saf-adaptive,58.8750
0.0,0.75,4,16,oracle,67.9750
0.0,0.75,4,17,snr-greedy-loss,57.8250
0.0,0.75,4,17,belief,58.2500
0.0,0.75,4,17,ewma,56.7000
0.0,0.75,4,17,saf-adaptive,61.4000
0.0,0.75,4,17,oracle,68.6000
0.0,0.75,4,18,snr-greedy-loss,57.0750
0.0,0.75,4,18,belief,57.7500
0.0,0.75,4,18,ewma,58.8250
0.0,0.75,4,18,saf-adaptive,60.9000
0.0,0.75,4,18,oracle,68.4750
0.0,0.75,4,19,snr-greedy-loss,57.2250
0.0,0.75,4,19,belief,56.9250
0.0,0.75,4,19,ewma,57.4250
0.0,0.75,4,19,saf-adaptive,59.9750
0.0,0.75,4,19,oracle,67.9750
0.0,0.75,8,0,snr-greedy-loss,56.9000
0.0,0.75,8,0,belief,57.2750
0.0,0.75,8,0,ewma,59.6000
0.0,0.75,8,0,saf-adaptive,61.2000
0.0,0.75,8,0,oracle,68.3500
0.0,0.75,8,1,snr-greedy-loss,56.6000
0.0,0.75,8,1,belief,57.2750
0.0,0.75,8,1,ewma,59.0750
0.0,0.75,8,1,saf-adaptive,60.0000
0.0,0.75,8,1,oracle,68.6000
0.0,0.75,8,2,snr-greedy-loss,58.1000
0.0,0.75,8,2,belief,58.9000
0.0,0.75,8,2,ewma,58.0750
0.0,0.75,8,2,saf-adaptive,61.6500
0.0,0.75,8,2,oracle,68.1250
0.0,0.75,8,3,snr-greedy-loss,57.3000
0.0,0.75,8,3,belief,57.4750
0.0,0.75,8,3,ewma,58.8500
0.0,0.75,8,3,saf-adaptive,59.6250
0.0,0.75,8,3,oracle,68.9500
0.0,0.75,8,4,snr-greedy-loss,56.0000
0.0,0.75,8,4,belief,56.1500
0.0,0.75,8,4,ewma,58.0250
0.0,0.75,8,4,saf-adaptive,59.5000
0.0,0.75,8,4,oracle,67.7500
0.0,0.75,8,5,snr-greedy-loss,57.3250
0.0,0.75,8,5,belief,57.3750
0.0,0.75,8,5,ewma,57.9000
0.0,0.75,8,5,saf-adaptive,59.8750
0.0,0.75,8,5,oracle,68.6250
0.0,0.75,8,6,snr-greedy-loss,57.2250
0.0,0.75,8,6,belief,57.2500
0.0,0.75,8,6,ewma,57.1000
0.0,0.75,8,6,saf-adaptive,60.1750
0.0,0.75,8,6,oracle,67.7250
0.0,0.75,8,7,snr-greedy-loss,57.7750
0.0,0.75,8,7,belief,57.8750
0.0,0.75,8,7,ewma,57.1500
0.0,0.75,8,7,saf-adaptive,60.7500
0.0,0.75,8,7,oracle,68.3500
0.0,0.75,8,8,snr-greedy-loss,57.5750
0.0,0.75,8,8,belief,58.0000
0.0,0.75,8,8,ewma,59.7750
0.0,0.75,8,8,saf-adaptive,60.6250
0.0,0.75,8,8,oracle,68.8250
0.0,0.75,8,9,snr-greedy-loss,56.9000
0.0,0.75,8,9,belief,56.7500
0.0,0.75,8,9,ewma,58.0000
0.0,0.75,8,9,saf-adaptive,59.3250
0.0,0.75,8,9,oracle,68.2250
0.0,0.75,8,10,snr-greedy-loss,56.3500
0.0,0.75,8,10,belief,57.0250
0.0,0.75,8,10,ewma,58.9000
0.0,0.75,8,10,saf-adaptive,60.7750
0.0,0.75,8,10,oracle,68.3750
0.0,0.75,8,11,snr-greedy-loss,57.0250
0.0,0.75,8,11,belief,57.2500
0.0,0.75,8,11,ewma,55.6750
0.0,0.75,8,11,saf-adaptive,60.6750
0.0,0.75,8,11,oracle,68.4000
0.0,0.75,8,12,snr-greedy-loss,57.3250
0.0,0.75,8,12,belief,58.2000
0.0,0.75,8,12,ewma,59.2250
0.0,0.75,8,12,saf-adaptive,60.6000
0.0,0.75,8,12,oracle,68.5250
0.0,0.75,8,13,snr-greedy-loss,56.4000
0.0,0.75,8,13,belief,56.7500
0.0,0.75,8,13,ewma,57.4000
0.0,0.75,8,13,saf-adaptive,59.4000
0.0,0.75,8,13,oracle,67.5750
0.0,0.75,8,14,snr-greedy-loss,57.7750
0.0,0.75,8,14,belief,57.8000
0.0,0.75,8,14,ewma,59.5250
0.0,0.75,8,14,saf-adaptive,61.2250
0.0,0.75,8,14,oracle,68.7000
0.0,0.75,8,15,snr-greedy-loss,57.3250
0.0,0.75,8,15,belief,57.8500
0.0,0.75,8,15,ewma,57.7500
0.0,0.75,8,15,saf-adaptive,60.9750
0.0,0.75,8,15,oracle,68.5000
0.0,0.75,8,16,snr-greedy-loss,56.7750
0.0,0.75,8,16,belief,56.8750
0.0,0.75,8,16,ewma,57.6750
0.0,0.75,8,16,saf-adaptive,59.0000
0.0,0.75,8,16,oracle,67.9750
0.0,0.75,8,17,snr-greedy-loss,57.3000
0.0,0.75,8,17,belief,57.8000
0.0,0.75,8,17,ewma,59.2500
0.0,0.75,8,17,saf-adaptive,61.5500
0.0,0.75,8,17,oracle,68.6000
0.0,0.75,8,18,snr-greedy-loss,56.4000
0.0,0.75,8,18,belief,57.3250
0.0,0.75,8,18,ewma,58.7000
0.0,0.75,8,18,saf-adaptive,60.3000
0.0,0.75,8,18,oracle,68.4750
0.0,0.75,8,19,snr-greedy-loss,56.2750
0.0,0.75,8,19,belief,56.3500
0.0,0.75,8,19,ewma,57.7750
0.0,0.75,8,19,saf-adaptive,59.8000
0.0,0.75,8,19,oracle,67.9750
0.0,0.5,0,0,snr-greedy-loss,62.2750
0.0,0.5,0,0,belief,63.3250
0.0,0.5,0,0,ewma,59.0500
0.0,0.5,0,0,saf-adaptive,63.2000
0.0,0.5,0,0,oracle,68.6250
0.0,0.5,0,1,snr-greedy-loss,61.8250
0.0,0.5,0,1,belief,62.1250
0.0,0.5,0,1,ewma,58.7750
0.0,0.5,0,1,saf-adaptive,62.1750
0.0,0.5,0,1,oracle,68.3750
0.0,0.5,0,2,snr-greedy-loss,62.7500
0.0,0.5,0,2,belief,63.1500
0.0,0.5,0,2,ewma,58.8750
0.0,0.5,0,2,saf-adaptive,63.1250
0.0,0.5,0,2,oracle,68.3000
0.0,0.5,0,3,snr-greedy-loss,62.3500
0.0,0.5,0,3,belief,62.8250
0.0,0.5,0,3,ewma,58.1750
0.0,0.5,0,3,saf-adaptive,62.7500
0.0,0.5,0,3,oracle,68.3500
0.0,0.5,0,4,snr-greedy-loss,61.6000
0.0,0.5,0,4,belief,61.4250
0.0,0.5,0,4,ewma,57.2000
0.0,0.5,0,4,saf-adaptive,61.3750
0.0,0.5,0,4,oracle,68.1750
0.0,0.5,0,5,snr-greedy-loss,62.6250
0.0,0.5,0,5,belief,62.9500
0.0,0.5,0,5,ewma,59.2750
0.0,0.5,0,5,saf-adaptive,63.0750
0.0,0.5,0,5,oracle,68.7500
0.0,0.5,0,6,snr-greedy-loss,62.0000
0.0,0.5,0,6,belief,62.4000
0.0,0.5,0,6,ewma,57.1250
0.0,0.5,0,6,saf-adaptive,62.4250
0.0,0.5,0,6,oracle,68.4250
0.0,0.5,0,7,snr-greedy-loss,62.6000
0.0,0.5,0,7,belief,63.3500
0.0,0.5,0,7,ewma,57.7500
0.0,0.5,0,7,saf-adaptive,63.4000
0.0,0.5,0,7,oracle,68.5250
0.0,0.5,0,8,snr-greedy-loss,62.0250
0.0,0.5,0,8,belief,62.8250
0.0,0.5,0,8,ewma,58.0750
0.0,0.5,0,8,saf-adaptive,62.7500
0.0,0.5,0,8,oracle,68.7750
0.0,0.5,0,9,snr-greedy-loss,62.4000
0.0,0.5,0,9,belief,62.7000
0.0,0.5,0,9,ewma,57.0750
0.0,0.5,0,9,saf-adaptive,62.6000
0.0,0.5,0,9,oracle,67.9250
0.0,0.5,0,10,snr-greedy-loss,61.6250
0.0,0.5,0,10,belief,62.2500
0.0,0.5,0,10,ewma,58.3000
0.0,0.5,0,10,saf-adaptive,62.0500
0.0,0.5,0,10,oracle,68.5750
0.0,0.5,0,11,snr-greedy-loss,62.1250
0.0,0.5,0,11,belief,62.4000
0.0,0.5,0,11,ewma,57.5000
0.0,0.5,0,11,saf-adaptive,62.5250
0.0,0.5,0,11,oracle,68.7750
0.0,0.5,0,12,snr-greedy-loss,62.6000
0.0,0.5,0,12,belief,62.8500
0.0,0.5,0,12,ewma,59.7750
0.0,0.5,0,12,saf-adaptive,62.8500
0.0,0.5,0,12,oracle,68.6000
0.0,0.5,0,13,snr-greedy-loss,61.8250
0.0,0.5,0,13,belief,62.0750
0.0,0.5,0,13,ewma,59.0500
0.0,0.5,0,13,saf-adaptive,62.1250
0.0,0.5,0,13,oracle,68.1250
0.0,0.5,0,14,snr-greedy-loss,62.4000
0.0,0.5,0,14,belief,62.9500
0.0,0.5,0,14,ewma,59.4000
0.0,0.5,0,14,saf-adaptive,62.8750
0.0,0.5,0,14,oracle,68.7250
0.0,0.5,0,15,snr-greedy-loss,62.2250
0.0,0.5,0,15,belief,62.5250
0.0,0.5,0,15,ewma,57.7250
0.0,0.5,0,15,saf-adaptive,62.4750
0.0,0.5,0,15,oracle,68.8250
0.0,0.5,0,16,snr-greedy-loss,61.4250
0.0,0.5,0,16,belief,62.1000
0.0,0.5,0,16,ewma,57.5250
0.0,0.5,0,16,saf-adaptive,61.8750
0.0,0.5,0,16,oracle,68.1000
0.0,0.5,0,17,snr-greedy-loss,62.6500
0.0,0.5,0,17,belief,63.0250
0.0,0.5,0,17,ewma,58.8750
0.0,0.5,0,17,saf-adaptive,63.0500
0.0,0.5,0,17,oracle,68.4500
0.0,0.5,0,18,snr-greedy-loss,61.7500
0.0,0.5,0,18,belief,62.2000
0.0,0.5,0,18,ewma,56.1500
0.0,0.5,0,18,saf-adaptive,62.2250
0.0,0.5,0,18,oracle,67.8250
0.0,0.5,0,19,snr-greedy-loss,62.3500
0.0,0.5,0,19,belief,62.5750
0.0,0.5,0,19,ewma,57.7500
0.0,0.5,0,19,saf-adaptive,62.5250
0.0,0.5,0,19,oracle,68.4500
0.0,0.5,1,0,snr-greedy-loss,58.8750
0.0,0.5,1,0,belief,59.6250
0.0,0.5,1,0,ewma,57.7000
0.0,0.5,1,0,saf-adaptive,61.6000
0.0,0.5,1,0,oracle,68.6250
0.0,0.5,1,1,snr-greedy-loss,58.8500
0.0,0.5,1,1,belief,59.1250
0.0,0.5,1,1,ewma,59.1000
0.0,0.5,1,1,saf-adaptive,60.0750
0.0,0.5,1,1,oracle,68.3750
0.0,0.5,1,2,snr-greedy-loss,59.8250
0.0,0.5,1,2,belief,59.8000
0.0,0.5,1,2,ewma,58.7750
0.0,0.5,1,2,saf-adaptive,61.4000
0.0,0.5,1,2,oracle,68.3000
0.0,0.5,1,3,snr-greedy-loss,58.9000
0.0,0.5,1,3,belief,59.3000
0.0,0.5,1,3,ewma,59.7500
0.0,0.5,1,3,saf-adaptive,60.7250
0.0,0.5,1,3,oracle,68.3500
0.0,0.5,1,4,snr-greedy-loss,58.0500
0.0,0.5,1,4,belief,58.5500
0.0,0.5,1,4,ewma,57.8250
0.0,0.5,1,4,saf-adaptive,60.2000
0.0,0.5,1,4,oracle,68.1750
0.0,0.5,1,5,snr-greedy-loss,59.3750
0.0,0.5,1,5,belief,60.1250
0.0,0.5,1,5,ewma,58.2000
0.0,0.5,1,5,saf-adaptive,60.7000
0.0,0.5,1,5,oracle,68.7500
0.0,0.5,1,6,snr-greedy-loss,58.0000
0.0,0.5,1,6,belief,58.8250
0.0,0.5,1,6,ewma,58.4000
0.0,0.5,1,6,saf-adaptive,60.3250
0.0,0.5,1,6,oracle,68.4250
0.0,0.5,1,7,snr-greedy-loss,59.3500
0.0,0.5,1,7,belief,59.5500
0.0,0.5,1,7,ewma,57.3500
0.0,0.5,1,7,saf-adaptive,61.0500
0.0,0.5,1,7,oracle,68.5250
0.0,0.5,1,8,snr-greedy-loss,59.5000
0.0,0.5,1,8,belief,60.1500
0.0,0.5,1,8,ewma,58.5750
0.0,0.5,1,8,saf-adaptive,61.1750
0.0,0.5,1,8,oracle,68.7750
0.0,0.5,1,9,snr-greedy-loss,58.7750
0.0,0.5,1,9,belief,59.6750
0.0,0.5,1,9,ewma,55.4750
0.0,0.5,1,9,saf-adaptive,60.4250
0.0,0.5,1,9,oracle,67.9250
0.0,0.5,1,10,snr-greedy-loss,58.6250
0.0,0.5,1,10,belief,59.5250
0.0,0.5,1,10,ewma,58.1500
0.0,0.5,1,10,saf-adaptive,60.9000
0.0,0.5,1,10,oracle,68.5750
0.0,0.5,1,11,snr-greedy-loss,59.1250
0.0,0.5,1,11,belief,59.8250
0.0,0.5,1,11,ewma,57.1250
0.0,0.5,1,11,saf-adaptive,60.9750
0.0,0.5,1,11,oracle,68.7750
0.0,0.5,1,12,snr-greedy-loss,58.6000
0.0,0.5,1,12,belief,59.4250
0.0,0.5,1,12,ewma,58.4000
0.0,0.5,1,12,saf-adaptive,61.3250
0.0,0.5,1,12,oracle,68.6000
0.0,0.5,1,13,snr-greedy-loss,58.8500
0.0,0.5,1,13,belief,59.3500
0.0,0.5,1,13,ewma,59.6000
0.0,0.5,1,13,saf-adaptive,61.0000
0.0,0.5,1,13,oracle,68.1250
0.0,0.5,1,14,snr-greedy-loss,59.2500
0.0,0.5,1,14,belief,59.2750
0.0,0.5,1,14,ewma,58.2250
0.0,0.5,1,14,saf-adaptive,61.5250
0.0,0.5,1,14,oracle,68.7250
0.0,0.5,1,15,snr-greedy-loss,58.6750
0.0,0.5,1,15,belief,58.9750
0.0,0.5,1,15,ewma,57.7500
0.0,0.5,1,15,saf-adaptive,60.8250
0.0,0.5,1,15,oracle,68.8250
0.0,0.5,1,16,snr-greedy-loss,57.8000
0.0,0.5,1,16,belief,58.3500
0.0,0.5,1,16,ewma,58.8250
0.0,0.5,1,16,saf-adaptive,59.3500
0.0,0.5,1,16,oracle,68.1000
0.0,0.5,1,17,snr-greedy-loss,59.5250
0.0,0.5,1,17,belief,59.5000
0.0,0.5,1,17,ewma,59.3750
0.0,0.5,1,17,saf-adaptive,61.3250
0.0,0.5,1,17,oracle,68.4500
0.0,0.5,1,18,snr-greedy-loss,58.3250
0.0,0.5,1,18,belief,59.1000
0.0,0.5,1,18,ewma,55.3500
0.0,0.5,1,18,saf-adaptive,60.3750
0.0,0.5,1,18,oracle,67.8250
0.0,0.5,1,19,snr-greedy-loss,58.9500
0.0,0.5,1,19,belief,59.2250
0.0,0.5,1,19,ewma,56.5250
0.0,0.5,1,19,saf-adaptive,60.6500
0.0,0.5,1,19,oracle,68.4500
0.0,0.5,2,0,snr-greedy-loss,57.9250
0.0,0.5,2,0,belief,58.4250
0.0,0.5,2,0,ewma,57.8750
0.0,0.5,2,0,saf-adaptive,60.9000
0.0,0.5,2,0,oracle,68.6250
0.0,0.5,2,1,snr-greedy-loss,57.5250
0.0,0.5,2,1,belief,57.7250
0.0,0.5,2,1,ewma,59.0000
0.0,0.5,2,1,saf-adaptive,59.4250
0.0,0.5,2,1,oracle,68.3750
0.0,0.5,2,2,snr-greedy-loss,58.4500
0.0,0.5,2,2,belief,58.5750
0.0,0.5,2,2,ewma,58.9250
0.0,0.5,2,2,saf-adaptive,60.8750
0.0,0.5,2,2,oracle,68.3000
0.0,0.5,2,3,snr-greedy-loss,58.4500
0.0,0.5,2,3,belief,58.0000
0.0,0.5,2,3,ewma,57.6000
0.0,0.5,2,3,saf-adaptive,60.3250
0.0,0.5,2,3,oracle,68.3500
0.0,0.5,2,4,snr-greedy-loss,57.1250
0.0,0.5,2,4,belief,57.6750
0.0,0.5,2,4,ewma,57.7250
0.0,0.5,2,4,saf-adaptive,59.6250
0.0,0.5,2,4,oracle,68.1750
0.0,0.5,2,5,snr-greedy-loss,58.4000
0.0,0.5,2,5,belief,59.0000
0.0,0.5,2,5,ewma,56.1250
0.0,0.5,2,5,saf-adaptive,59.6500
0.0,0.5,2,5,oracle,68.7500
0.0,0.5,2,6,snr-greedy-loss,57.2500
0.0,0.5,2,6,belief,58.2000
0.0,0.5,2,6,ewma,56.7500
0.0,0.5,2,6,saf-adaptive,59.6500
0.0,0.5,2,6,oracle,68.4250
0.0,0.5,2,7,snr-greedy-loss,58.2500
0.0,0.5,2,7,belief,58.8000
0.0,0.5,2,7,ewma,57.5000
0.0,0.5,2,7,saf-adaptive,60.0750
0.0,0.5,2,7,oracle,68.5250
0.0,0.5,2,8,snr-greedy-loss,57.8250
0.0,0.5,2,8,belief,58.5500
0.0,0.5,2,8,ewma,57.9250
0.0,0.5,2,8,saf-adaptive,60.3000
0.0,0.5,2,8,oracle,68.7750
0.0,0.5,2,9,snr-greedy-loss,58.2500
0.0,0.5,2,9,belief,58.3250
0.0,0.5,2,9,ewma,56.2250
0.0,0.5,2,9,saf-adaptive,59.9500
0.0,0.5,2,9,oracle,67.9250
0.0,0.5,2,10,snr-greedy-loss,57.3500
0.0,0.5,2,10,belief,58.2000
0.0,0.5,2,10,ewma,58.5750
0.0,0.5,2,10,saf-adaptive,60.5250
0.0,0.5,2,10,oracle,68.5750
0.0,0.5,2,11,snr-greedy-loss,57.6000
0.0,0.5,2,11,belief,58.2000
0.0,0.5,2,11,ewma,58.7250
0.0,0.5,2,11,saf-adaptive,60.3750
0.0,0.5,2,11,oracle,68.7750
0.0,0.5,2,12,snr-greedy-loss,57.6500
0.0,0.5,2,12,belief,58.3250
0.0,0.5,2,12,ewma,59.3500
0.0,0.5,2,12,saf-adaptive,60.2250
0.0,0.5,2,12,oracle,68.6000
0.0,0.5,2,13,snr-greedy-loss,57.2750
0.0,0.5,2,13,belief,57.7750
0.0,0.5,2,13,ewma,57.9750
0.0,0.5,2,13,saf-adaptive,59.8500
0.0,0.5,2,13,oracle,68.1250
0.0,0.5,2,14,snr-greedy-loss,57.9750
0.0,0.5,2,14,belief,58.1750
0.0,0.5,2,14,ewma,58.5000
0.0,0.5,2,14,saf-adaptive,60.5750
0.0,0.5,2,14,oracle,68.7250
0.0,0.5,2,15,snr-greedy-loss,57.7250
0.0,0.5,2,15,belief,58.5750
0.0,0.5,2,15,ewma,57.1000
0.0,0.5,2,15,saf-adaptive,60.2250
0.0,0.5,2,15,oracle,68.8250
0.0,0.5,2,16,snr-greedy-loss,56.8250
0.0,0.5,2,16,belief,57.3500
0.0,0.5,2,16,ewma,58.7250
0.0,0.5,2,16,saf-adaptive,59.0750
0.0,0.5,2,16,oracle,68.1000
0.0,0.5,2,17,snr-greedy-loss,58.6750
0.0,0.5,2,17,belief,58.5500
0.0,0.5,2,17,ewma,59.0250
0.0,0.5,2,17,saf-adaptive,60.4000
0.0,0.5,2,17,oracle,68.4500
0.0,0.5,2,18,snr-greedy-loss,56.9250
0.0,0.5,2,18,belief,57.6750
0.0,0.5,2,18,ewma,57.2250
0.0,0.5,2,18,saf-adaptive,59.8250
0.0,0.5,2,18,oracle,67.8250
0.0,0.5,2,19,snr-greedy-loss,57.7500
0.0,0.5,2,19,belief,57.6750
0.0,0.5,2,19,ewma,57.3250
0.0,0.5,2,19,saf-adaptive,59.5000
0.0,0.5,2,19,oracle,68.4500
0.0,0.5,4,0,snr-greedy-loss,57.9750
0.0,0.5,4,0,belief,58.3500
0.0,0.5,4,0,ewma,57.8000
0.0,0.5,4,0,saf-adaptive,61.1750
0.0,0.5,4,0,oracle,68.6250
0.0,0.5,4,1,snr-greedy-loss,56.9500
0.0,0.5,4,1,belief,57.2000
0.0,0.5,4,1,ewma,57.5000
0.0,0.5,4,1,saf-adaptive,59.7250
0.0,0.5,4,1,oracle,68.3750
0.0,0.5,4,2,snr-greedy-loss,58.3250
0.0,0.5,4,2,belief,58.6250
0.0,0.5,4,2,ewma,58.2250
0.0,0.5,4,2,saf-adaptive,61.4000
0.0,0.5,4,2,oracle,68.3000
0.0,0.5,4,3,snr-greedy-loss,57.3000
0.0,0.5,4,3,belief,57.4750
0.0,0.5,4,3,ewma,58.7250
0.0,0.5,4,3,saf-adaptive,60.4000
0.0,0.5,4,3,oracle,68.3500
0.0,0.5,4,4,snr-greedy-loss,56.7750
0.0,0.5,4,4,belief,56.9000
0.0,0.5,4,4,ewma,58.1250
0.0,0.5,4,4,saf-adaptive,59.8000
0.0,0.5,4,4,oracle,68.1750
0.0,0.5,4,5,snr-greedy-loss,56.9750
0.0,0.5,4,5,belief,58.0250
0.0,0.5,4,5,ewma,57.2500
0.0,0.5,4,5,saf-adaptive,60.2500
0.0,0.5,4,5,oracle,68.7500
0.0,0.5,4,6,snr-greedy-loss,57.0750
0.0,0.5,4,6,belief,58.1500
0.0,0.5,4,6,ewma,57.4500
0.0,0.5,4,6,saf-adaptive,60.5000
0.0,0.5,4,6,oracle,68.4250
0.0,0.5,4,7,snr-greedy-loss,58.2500
0.0,0.5,4,7,belief,58.7500
0.0,0.5,4,7,ewma,58.4750
0.0,0.5,4,7,saf-adaptive,60.9750
0.0,0.5,4,7,oracle,68.5250
0.0,0.5,4,8,snr-greedy-loss,57.4500
0.0,0.5,4,8,belief,57.3500
0.0,0.5,4,8,ewma,57.8750
0.0,0.5,4,8,saf-adaptive,60.2500
0.0,0.5,4,8,oracle,68.7750
0.0,0.5,4,9,snr-greedy-loss,57.3250
0.0,0.5,4,9,belief,57.7000
0.0,0.5,4,9,ewma,58.1500
0.0,0.5,4,9,saf-adaptive,59.7250
0.0,0.5,4,9,oracle,67.9250
0.0,0.5,4,10,snr-greedy-loss,56.8000
0.0,0.5,4,10,belief,57.7750
0.0,0.5,4,10,ewma,57.9000
0.0,0.5,4,10,saf-adaptive,60.8750
0.0,0.5,4,10,oracle,68.5750
0.0,0.5,4,11,snr-greedy-loss,57.0000
0.0,0.5,4,11,belief,57.3500
0.0,0.5,4,11,ewma,58.8500
0.0,0.5,4,11,saf-adaptive,60.2750
0.0,0.5,4,11,oracle,68.7750
0.0,0.5,4,12,snr-greedy-loss,57.5250
0.0,0.5,4,12,belief,58.2750
0.0,0.5,4,12,ewma,59.4000
0.0,0.5,4,12,saf-adaptive,61.0250
0.0,0.5,4,12,oracle,68.6000
0.0,0.5,4,13,snr-greedy-loss,56.6750
0.0,0.5,4,13,belief,57.0500
0.0,0.5,4,13,ewma,58.4750
0.0,0.5,4,13,saf-adaptive,60.3000
0.0,0.5,4,13,oracle,68.1250
0.0,0.5,4,14,snr-greedy-loss,57.7750
0.0,0.5,4,14,belief,58.0250
0.0,0.5,4,14,ewma,58.2750
0.0,0.5,4,14,saf-adaptive,61.0250
0.0,0.5,4,14,oracle,68.7250
0.0,0.5,4,15,snr-greedy-loss,57.6000
0.0,0.5,4,15,belief,58.0000
0.0,0.5,4,15,ewma,58.6250
0.0,0.5,4,15,saf-adaptive,61.0750
0.0,0.5,4,15,oracle,68.8250
0.0,0.5,4,16,snr-greedy-loss,57.3500
0.0,0.5,4,16,belief,57.5000
0.0,0.5,4,16,ewma,59.1000
0.0,0.5,4,16,saf-adaptive,59.3250
0.0,0.5,4,16,oracle,68.1000
0.0,0.5,4,17,snr-greedy-loss,57.8000
0.0,0.5,4,17,belief,58.1750
0.0,0.5,4,17,ewma,57.4750
0.0,0.5,4,17,saf-adaptive,61.0750
0.0,0.5,4,17,oracle,68.4500
0.0,0.5,4,18,snr-greedy-loss,56.8000
0.0,0.5,4,18,belief,57.3750
0.0,0.5,4,18,ewma,56.8000
0.0,0.5,4,18,saf-adaptive,59.9750
0.0,0.5,4,18,oracle,67.8250
0.0,0.5,4,19,snr-greedy-loss,57.3750
0.0,0.5,4,19,belief,57.1750
0.0,0.5,4,19,ewma,57.5750
0.0,0.5,4,19,saf-adaptive,60.2750
0.0,0.5,4,19,oracle,68.4500
0.0,0.5,8,0,snr-greedy-loss,57.0500
0.0,0.5,8,0,belief,57.4500
0.0,0.5,8,0,ewma,59.3750
0.0,0.5,8,0,saf-adaptive,61.2250
0.0,0.5,8,0,oracle,68.6250
0.0,0.5,8,1,snr-greedy-loss,56.5250
0.0,0.5,8,1,belief,57.1000
0.0,0.5,8,1,ewma,58.4500
0.0,0.5,8,1,saf-adaptive,59.5500
0.0,0.5,8,1,oracle,68.3750
0.0,0.5,8,2,snr-greedy-loss,58.0250
0.0,0.5,8,2,belief,58.7750
0.0,0.5,8,2,ewma,57.6750
0.0,0.5,8,2,saf-adaptive,61.3000
0.0,0.5,8,2,oracle,68.3000
0.0,0.5,8,3,snr-greedy-loss,57.3500
0.0,0.5,8,3,belief,57.7500
0.0,0.5,8,3,ewma,58.8750
0.0,0.5,8,3,saf-adaptive,59.9000
0.0,0.5,8,3,oracle,68.3500
0.0,0.5,8,4,snr-greedy-loss,56.6000
0.0,0.5,8,4,belief,56.9500
0.0,0.5,8,4,ewma,59.4750
0.0,0.5,8,4,saf-adaptive,59.9000
0.0,0.5,8,4,oracle,68.1750
0.0,0.5,8,5,snr-greedy-loss,57.7250
0.0,0.5,8,5,belief,57.5750
0.0,0.5,8,5,ewma,57.0750
0.0,0.5,8,5,saf-adaptive,60.2000
0.0,0.5,8,5,oracle,68.7500
0.0,0.5,8,6,snr-greedy-loss,57.1750
0.0,0.5,8,6,belief,57.4250
0.0,0.5,8,6,ewma,58.1750
0.0,0.5,8,6,saf-adaptive,60.7250
0.0,0.5,8,6,oracle,68.4250
0.0,0.5,8,7,snr-greedy-loss,58.0500
0.0,0.5,8,7,belief,58.1000
0.0,0.5,8,7,ewma,57.8750
0.0,0.5,8,7,saf-adaptive,60.9750
0.0,0.5,8,7,oracle,68.5250
0.0,0.5,8,8,snr-greedy-loss,56.9500
0.0,0.5,8,8,belief,57.6750
0.0,0.5,8,8,ewma,58.7500
0.0,0.5,8,8,saf-adaptive,60.2250
0.0,0.5,8,8,oracle,68.7750
0.0,0.5,8,9,snr-greedy-loss,57.0250
0.0,0.5,8,9,belief,56.9750
0.0,0.5,8,9,ewma,58.3250
0.0,0.5,8,9,saf-adaptive,59.4750
0.0,0.5,8,9,oracle,67.9250
0.0,0.5,8,10,snr-greedy-loss,56.7750
0.0,0.5,8,10,belief,57.3250
0.0,0.5,8,10,ewma,58.3000
0.0,0.5,8,10,saf-adaptive,60.8500
0.0,0.5,8,10,oracle,68.5750
0.0,0.5,8,11,snr-greedy-loss,56.8500
0.0,0.5,8,11,belief,56.9250
0.0,0.5,8,11,ewma,58.1000
0.0,0.5,8,11,saf-adaptive,59.6250
0.0,0.5,8,11,oracle,68.7750
0.0,0.5,8,12,snr-greedy-loss,57.1250
0.0,0.5,8,12,belief,57.9000
0.0,0.5,8,12,ewma,58.6750
0.0,0.5,8,12,saf-adaptive,60.6250
0.0,0.5,8,12,oracle,68.6000
0.0,0.5,8,13,snr-greedy-loss,56.9750
0.0,0.5,8,13,belief,57.4500
0.0,0.5,8,13,ewma,57.7750
0.0,0.5,8,13,saf-adaptive,60.3000
0.0,0.5,8,13,oracle,68.1250
0.0,0.5,8,14,snr-greedy-loss,57.7500
0.0,0.5,8,14,belief,58.1000
0.0,0.5,8,14,ewma,57.8750
0.0,0.5,8,14,saf-adaptive,61.3250
0.0,0.5,8,14,oracle,68.7250
0.0,0.5,8,15,snr-greedy-loss,57.7000
0.0,0.5,8,15,belief,57.9500
0.0,0.5,8,15,ewma,57.1250
0.0,0.5,8,15,saf-adaptive,61.0250
0.0,0.5,8,15,oracle,68.8250
0.0,0.5,8,16,snr-greedy-loss,56.8250
0.0,0.5,8,16,belief,56.7000
0.0,0.5,8,16,ewma,57.5000
0.0,0.5,8,16,saf-adaptive,59.5250
0.0,0.5,8,16,oracle,68.1000
0.0,0.5,8,17,snr-greedy-loss,57.4250
0.0,0.5,8,17,belief,57.8000
0.0,0.5,8,17,ewma,59.4500
0.0,0.5,8,17,saf-adaptive,61.3500
0.0,0.5,8,17,oracle,68.4500
0.0,0.5,8,18,snr-greedy-loss,55.9000
0.0,0.5,8,18,belief,56.6750
0.0,0.5,8,18,ewma,57.3000
0.0,0.5,8,18,saf-adaptive,59.4750
0.0,0.5,8,18,oracle,67.8250
0.0,0.5,8,19,snr-greedy-loss,56.2000
0.0,0.5,8,19,belief,56.3500
0.0,0.5,8,19,ewma,59.4750
0.0,0.5,8,19,saf-adaptive,60.2750
0.0,0.5,8,19,oracle,68.4500
0.0,0.25,0,0,snr-greedy-loss,60.0250
0.0,0.25,0,0,belief,60.3750
0.0,0.25,0,0,ewma,59.5000
0.0,0.25,0,0,saf-adaptive,59.9500
0.0,0.25,0,0,oracle,68.7500
0.0,0.25,0,1,snr-greedy-loss,59.1250
0.0,0.25,0,1,belief,59.4750
0.0,0.25,0,1,ewma,58.5000
0.0,0.25,0,1,saf-adaptive,59.6500
0.0,0.25,0,1,oracle,68.3000
0.0,0.25,0,2,snr-greedy-loss,60.1750
0.0,0.25,0,2,belief,60.5750
0.0,0.25,0,2,ewma,59.4500
0.0,0.25,0,2,saf-adaptive,59.4750
0.0,0.25,0,2,oracle,68.8750
0.0,0.25,0,3,snr-greedy-loss,59.7250
0.0,0.25,0,3,belief,60.2750
0.0,0.25,0,3,ewma,59.1500
0.0,0.25,0,3,saf-adaptive,60.0500
0.0,0.25,0,3,oracle,68.5250
0.0,0.25,0,4,snr-greedy-loss,59.0250
0.0,0.25,0,4,belief,58.8000
0.0,0.25,0,4,ewma,58.0750
0.0,0.25,0,4,saf-adaptive,59.0750
0.0,0.25,0,4,oracle,68.4500
0.0,0.25,0,5,snr-greedy-loss,59.5000
0.0,0.25,0,5,belief,60.0250
0.0,0.25,0,5,ewma,59.8250
0.0,0.25,0,5,saf-adaptive,60.4500
0.0,0.25,0,5,oracle,68.4000
0.0,0.25,0,6,snr-greedy-loss,59.7750
0.0,0.25,0,6,belief,60.8250
0.0,0.25,0,6,ewma,57.3750
0.0,0.25,0,6,saf-adaptive,60.0500
0.0,0.25,0,6,oracle,69.1000
0.0,0.25,0,7,snr-greedy-loss,60.0500
0.0,0.25,0,7,belief,60.5000
0.0,0.25,0,7,ewma,58.2500
0.0,0.25,0,7,saf-adaptive,60.5750
0.0,0.25,0,7,oracle,68.4000
0.0,0.25,0,8,snr-greedy-loss,59.2750
0.0,0.25,0,8,belief,59.9250
0.0,0.25,0,8,ewma,57.9500
0.0,0.25,0,8,saf-adaptive,59.8500
0.0,0.25,0,8,oracle,68.5500
0.0,0.25,0,9,snr-greedy-loss,59.4500
0.0,0.25,0,9,belief,59.9000
0.0,0.25,0,9,ewma,57.5250
0.0,0.25,0,9,saf-adaptive,59.8250
0.0,0.25,0,9,oracle,67.9000
0.0,0.25,0,10,snr-greedy-loss,58.8750
0.0,0.25,0,10,belief,59.6500
0.0,0.25,0,10,ewma,56.9750
0.0,0.25,0,10,saf-adaptive,59.1250
0.0,0.25,0,10,oracle,68.5250
0.0,0.25,0,11,snr-greedy-loss,60.3000
0.0,0.25,0,11,belief,60.3000
0.0,0.25,0,11,ewma,59.0000
0.0,0.25,0,11,saf-adaptive,60.3000
0.0,0.25,0,11,oracle,68.6000
0.0,0.25,0,12,snr-greedy-loss,59.8750
0.0,0.25,0,12,belief,60.2250
0.0,0.25,0,12,ewma,58.4250
0.0,0.25,0,12,saf-adaptive,60.1500
0.0,0.25,0,12,oracle,68.5750
0.0,0.25,0,13,snr-greedy-loss,59.8750
0.0,0.25,0,13,belief,59.9500
0.0,0.25,0,13,ewma,59.2000
0.0,0.25,0,13,saf-adaptive,60.3250
0.0,0.25,0,13,oracle,68.5750
0.0,0.25,0,14,snr-greedy-loss,60.3000
0.0,0.25,0,14,belief,60.2500
0.0,0.25,0,14,ewma,58.7000
0.0,0.25,0,14,saf-adaptive,59.8000
0.0,0.25,0,14,oracle,69.3250
0.0,0.25,0,15,snr-greedy-loss,59.6000
0.0,0.25,0,15,belief,60.0250
0.0,0.25,0,15,ewma,56.0500
0.0,0.25,0,15,saf-adaptive,60.0000
0.0,0.25,0,15,oracle,68.2750
0.0,0.25,0,16,snr-greedy-loss,59.1000
0.0,0.25,0,16,belief,59.7500
0.0,0.25,0,16,ewma,59.4500
0.0,0.25,0,16,saf-adaptive,59.6500
0.0,0.25,0,16,oracle,68.2000
0.0,0.25,0,17,snr-greedy-loss,59.2250
0.0,0.25,0,17,belief,59.5500
0.0,0.25,0,17,ewma,58.1750
0.0,0.25,0,17,saf-adaptive,59.5250
0.0,0.25,0,17,oracle,68.4250
0.0,0.25,0,18,snr-greedy-loss,59.1000
0.0,0.25,0,18,belief,59.1250
0.0,0.25,0,18,ewma,56.0250
0.0,0.25,0,18,saf-adaptive,59.4500
0.0,0.25,0,18,oracle,67.8500
0.0,0.25,0,19,snr-greedy-loss,60.0750
0.0,0.25,0,19,belief,60.5250
0.0,0.25,0,19,ewma,57.6000
0.0,0.25,0,19,saf-adaptive,60.4750
0.0,0.25,0,19,oracle,68.4250
0.0,0.25,1,0,snr-greedy-loss,58.4500
0.0,0.25,1,0,belief,58.9750
0.0,0.25,1,0,ewma,58.9750
0.0,0.25,1,0,saf-adaptive,60.6750
0.0,0.25,1,0,oracle,68.7500
0.0,0.25,1,1,snr-greedy-loss,57.7500
0.0,0.25,1,1,belief,58.1500
0.0,0.25,1,1,ewma,56.9000
0.0,0.25,1,1,saf-adaptive,59.5000
0.0,0.25,1,1,oracle,68.3000
0.0,0.25,1,2,snr-greedy-loss,59.4750
0.0,0.25,1,2,belief,59.0250
0.0,0.25,1,2,ewma,57.9500
0.0,0.25,1,2,saf-adaptive,60.4000
0.0,0.25,1,2,oracle,68.8750
0.0,0.25,1,3,snr-greedy-loss,57.7750
0.0,0.25,1,3,belief,58.1750
0.0,0.25,1,3,ewma,59.4250
0.0,0.25,1,3,saf-adaptive,60.0000
0.0,0.25,1,3,oracle,68.5250
0.0,0.25,1,4,snr-greedy-loss,57.3000
0.0,0.25,1,4,belief,57.6750
0.0,0.25,1,4,ewma,58.1250
0.0,0.25,1,4,saf-adaptive,59.6750
0.0,0.25,1,4,oracle,68.4500
0.0,0.25,1,5,snr-greedy-loss,58.1500
0.0,0.25,1,5,belief,58.6250
0.0,0.25,1,5,ewma,57.8750
0.0,0.25,1,5,saf-adaptive,59.7000
0.0,0.25,1,5,oracle,68.4000
0.0,0.25,1,6,snr-greedy-loss,57.9500
0.0,0.25,1,6,belief,58.6250
0.0,0.25,1,6,ewma,58.0500
0.0,0.25,1,6,saf-adaptive,60.1000
0.0,0.25,1,6,oracle,69.1000
0.0,0.25,1,7,snr-greedy-loss,58.2000
0.0,0.25,1,7,belief,58.5250
0.0,0.25,1,7,ewma,57.3750
0.0,0.25,1,7,saf-adaptive,60.0000
0.0,0.25,1,7,oracle,68.4000
0.0,0.25,1,8,snr-greedy-loss,58.2250
0.0,0.25,1,8,belief,59.0250
0.0,0.25,1,8,ewma,58.4000
0.0,0.25,1,8,saf-adaptive,60.2500
0.0,0.25,1,8,oracle,68.5500
0.0,0.25,1,9,snr-greedy-loss,57.5500
0.0,0.25,1,9,belief,58.5250
0.0,0.25,1,9,ewma,57.0250
0.0,0.25,1,9,saf-adaptive,59.2750
0.0,0.25,1,9,oracle,67.9000
0.0,0.25,1,10,snr-greedy-loss,57.5250
0.0,0.25,1,10,belief,58.5000
0.0,0.25,1,10,ewma,58.1250
0.0,0.25,1,10,saf-adaptive,60.2000
0.0,0.25,1,10,oracle,68.5250
0.0,0.25,1,11,snr-greedy-loss,58.5500
0.0,0.25,1,11,belief,58.9000
0.0,0.25,1,11,ewma,58.8500
0.0,0.25,1,11,saf-adaptive,60.0750
0.0,0.25,1,11,oracle,68.6000
0.0,0.25,1,12,snr-greedy-loss,58.1000
0.0,0.25,1,12,belief,58.5500
0.0,0.25,1,12,ewma,58.7000
0.0,0.25,1,12,saf-adaptive,60.4250
0.0,0.25,1,12,oracle,68.5750
0.0,0.25,1,13,snr-greedy-loss,58.2000
0.0,0.25,1,13,belief,58.5500
0.0,0.25,1,13,ewma,58.5500
0.0,0.25,1,13,saf-adaptive,60.6750
0.0,0.25,1,13,oracle,68.5750
0.0,0.25,1,14,snr-greedy-loss,58.5500
0.0,0.25,1,14,belief,58.5750
0.0,0.25,1,14,ewma,57.7250
0.0,0.25,1,14,saf-adaptive,60.9000
0.0,0.25,1,14,oracle,69.3250
0.0,0.25,1,15,snr-greedy-loss,58.3250
0.0,0.25,1,15,belief,58.0750
0.0,0.25,1,15,ewma,57.0500
0.0,0.25,1,15,saf-adaptive,59.8500
0.0,0.25,1,15,oracle,68.2750
0.0,0.25,1,16,snr-greedy-loss,56.8500
0.0,0.25,1,16,belief,57.4000
0.0,0.25,1,16,ewma,59.5750
0.0,0.25,1,16,saf-adaptive,58.9500
0.0,0.25,1,16,oracle,68.2000
0.0,0.25,1,17,snr-greedy-loss,58.3250
0.0,0.25,1,17,belief,58.1250
0.0,0.25,1,17,ewma,58.3500
0.0,0.25,1,17,saf-adaptive,59.5500
0.0,0.25,1,17,oracle,68.4250
0.0,0.25,1,18,snr-greedy-loss,56.9000
0.0,0.25,1,18,belief,57.7500
0.0,0.25,1,18,ewma,56.0000
0.0,0.25,1,18,saf-adaptive,59.1000
0.0,0.25,1,18,oracle,67.8500
0.0,0.25,1,19,snr-greedy-loss,58.3000
0.0,0.25,1,19,belief,58.3500
0.0,0.25,1,19,ewma,57.2750
0.0,0.25,1,19,saf-adaptive,59.6500
0.0,0.25,1,19,oracle,68.4250
0.0,0.25,2,0,snr-greedy-loss,58.2000
0.0,0.25,2,0,belief,58.4750
0.0,0.25,2,0,ewma,59.3250
0.0,0.25,2,0,saf-adaptive,60.9250
0.0,0.25,2,0,oracle,68.7500
0.0,0.25,2,1,snr-greedy-loss,57.4750
0.0,0.25,2,1,belief,57.1750
0.0,0.25,2,1,ewma,58.4000
0.0,0.25,2,1,saf-adaptive,59.3500
0.0,0.25,2,1,oracle,68.3000
0.0,0.25,2,2,snr-greedy-loss,58.0500
0.0,0.25,2,2,belief,57.8000
0.0,0.25,2,2,ewma,58.9500
0.0,0.25,2,2,saf-adaptive,60.1500
0.0,0.25,2,2,oracle,68.8750
0.0,0.25,2,3,snr-greedy-loss,57.9750
0.0,0.25,2,3,belief,57.9000
0.0,0.25,2,3,ewma,58.3500
0.0,0.25,2,3,saf-adaptive,60.1250
0.0,0.25,2,3,oracle,68.5250
0.0,0.25,2,4,snr-greedy-loss,57.4500
0.0,0.25,2,4,belief,57.5500
0.0,0.25,2,4,ewma,58.7750
0.0,0.25,2,4,saf-adaptive,59.5500
0.0,0.25,2,4,oracle,68.4500
0.0,0.25,2,5,snr-greedy-loss,57.4000
0.0,0.25,2,5,belief,58.1000
0.0,0.25,2,5,ewma,56.3000
0.0,0.25,2,5,saf-adaptive,59.3500
0.0,0.25,2,5,oracle,68.4000
0.0,0.25,2,6,snr-greedy-loss,57.7000
0.0,0.25,2,6,belief,58.7000
0.0,0.25,2,6,ewma,57.6500
0.0,0.25,2,6,saf-adaptive,59.8000
0.0,0.25,2,6,oracle,69.1000
0.0,0.25,2,7,snr-greedy-loss,58.1500
0.0,0.25,2,7,belief,58.3500
0.0,0.25,2,7,ewma,57.8250
0.0,0.25,2,7,saf-adaptive,59.7250
0.0,0.25,2,7,oracle,68.4000
0.0,0.25,2,8,snr-greedy-loss,57.4250
0.0,0.25,2,8,belief,58.2000
0.0,0.25,2,8,ewma,58.6250
0.0,0.25,2,8,saf-adaptive,60.1000
0.0,0.25,2,8,oracle,68.5500
0.0,0.25,2,9,snr-greedy-loss,57.6000
0.0,0.25,2,9,belief,57.7000
0.0,0.25,2,9,ewma,58.1250
0.0,0.25,2,9,saf-adaptive,59.3000
0.0,0.25,2,9,oracle,67.9000
0.0,0.25,2,10,snr-greedy-loss,56.6750
0.0,0.25,2,10,belief,57.5750
0.0,0.25,2,10,ewma,59.0500
0.0,0.25,2,10,saf-adaptive,60.2500
0.0,0.25,2,10,oracle,68.5250
0.0,0.25,2,11,snr-greedy-loss,57.5750
0.0,0.25,2,11,belief,57.8000
0.0,0.25,2,11,ewma,59.1500
0.0,0.25,2,11,saf-adaptive,59.9750
0.0,0.25,2,11,oracle,68.6000
0.0,0.25,2,12,snr-greedy-loss,57.1500
0.0,0.25,2,12,belief,58.2000
0.0,0.25,2,12,ewma,59.9500
0.0,0.25,2,12,saf-adaptive,59.9750
0.0,0.25,2,12,oracle,68.5750
0.0,0.25,2,13,snr-greedy-loss,57.2000
0.0,0.25,2,13,belief,57.4500
0.0,0.25,2,13,ewma,59.8000
0.0,0.25,2,13,saf-adaptive,59.7250
0.0,0.25,2,13,oracle,68.5750
0.0,0.25,2,14,snr-greedy-loss,57.8500
0.0,0.25,2,14,belief,58.0750
0.0,0.25,2,14,ewma,59.0000
0.0,0.25,2,14,saf-adaptive,60.5250
0.0,0.25,2,14,oracle,69.3250
0.0,0.25,2,15,snr-greedy-loss,57.8000
0.0,0.25,2,15,belief,57.8750
0.0,0.25,2,15,ewma,57.8250
0.0,0.25,2,15,saf-adaptive,59.7250
0.0,0.25,2,15,oracle,68.2750
0.0,0.25,2,16,snr-greedy-loss,56.5500
0.0,0.25,2,16,belief,56.9750
0.0,0.25,2,16,ewma,57.5000
0.0,0.25,2,16,saf-adaptive,58.8000
0.0,0.25,2,16,oracle,68.2000
0.0,0.25,2,17,snr-greedy-loss,57.7500
0.0,0.25,2,17,belief,57.9750
0.0,0.25,2,17,ewma,57.8250
0.0,0.25,2,17,saf-adaptive,59.9250
0.0,0.25,2,17,oracle,68.4250
0.0,0.25,2,18,snr-greedy-loss,56.1750
0.0,0.25,2,18,belief,56.8500
0.0,0.25,2,18,ewma,55.8000
0.0,0.25,2,18,saf-adaptive,59.1500
0.0,0.25,2,18,oracle,67.8500
0.0,0.25,2,19,snr-greedy-loss,57.1750
0.0,0.25,2,19,belief,57.3750
0.0,0.25,2,19,ewma,58.5500
0.0,0.25,2,19,saf-adaptive,59.2000
0.0,0.25,2,19,oracle,68.4250
0.0,0.25,4,0,snr-greedy-loss,58.0250
0.0,0.25,4,0,belief,58.4500
0.0,0.25,4,0,ewma,59.4000
0.0,0.25,4,0,saf-adaptive,61.2500
0.0,0.25,4,0,oracle,68.7500
0.0,0.25,4,1,snr-greedy-loss,56.7250
0.0,0.25,4,1,belief,56.9000
0.0,0.25,4,1,ewma,58.7250
0.0,0.25,4,1,saf-adaptive,59.7750
0.0,0.25,4,1,oracle,68.3000
0.0,0.25,4,2,snr-greedy-loss,57.9250
0.0,0.25,4,2,belief,58.2000
0.0,0.25,4,2,ewma,58.5750
0.0,0.25,4,2,saf-adaptive,60.7000
0.0,0.25,4,2,oracle,68.8750
0.0,0.25,4,3,snr-greedy-loss,57.3250
0.0,0.25,4,3,belief,57.1250
0.0,0.25,4,3,ewma,58.1750
0.0,0.25,4,3,saf-adaptive,59.9750
0.0,0.25,4,3,oracle,68.5250
0.0,0.25,4,4,snr-greedy-loss,57.3250
0.0,0.25,4,4,belief,57.0000
0.0,0.25,4,4,ewma,58.0750
0.0,0.25,4,4,saf-adaptive,60.0750
0.0,0.25,4,4,oracle,68.4500
0.0,0.25,4,5,snr-greedy-loss,57.1750
0.0,0.25,4,5,belief,57.8750
0.0,0.25,4,5,ewma,57.2500
0.0,0.25,4,5,saf-adaptive,60.1500
0.0,0.25,4,5,oracle,68.4000
0.0,0.25,4,6,snr-greedy-loss,57.4000
0.0,0.25,4,6,belief,58.3500
0.0,0.25,4,6,ewma,58.1250
0.0,0.25,4,6,saf-adaptive,60.9250
0.0,0.25,4,6,oracle,69.1000
0.0,0.25,4,7,snr-greedy-loss,57.9000
0.0,0.25,4,7,belief,58.2750
0.0,0.25,4,7,ewma,57.7000
0.0,0.25,4,7,saf-adaptive,60.7250
0.0,0.25,4,7,oracle,68.4000
0.0,0.25,4,8,snr-greedy-loss,57.3000
0.0,0.25,4,8,belief,57.4000
0.0,0.25,4,8,ewma,58.1500
0.0,0.25,4,8,saf-adaptive,60.2000
0.0,0.25,4,8,oracle,68.5500
0.0,0.25,4,9,snr-greedy-loss,57.2750
0.0,0.25,4,9,belief,57.5500
0.0,0.25,4,9,ewma,58.8250
0.0,0.25,4,9,saf-adaptive,59.1750
0.0,0.25,4,9,oracle,67.9000
0.0,0.25,4,10,snr-greedy-loss,57.2000
0.0,0.25,4,10,belief,57.9500
0.0,0.25,4,10,ewma,58.3250
0.0,0.25,4,10,saf-adaptive,60.9750
0.0,0.25,4,10,oracle,68.5250
0.0,0.25,4,11,snr-greedy-loss,57.3000
0.0,0.25,4,11,belief,57.0750
0.0,0.25,4,11,ewma,58.6500
0.0,0.25,4,11,saf-adaptive,59.9750
0.0,0.25,4,11,oracle,68.6000
0.0,0.25,4,12,snr-greedy-loss,57.1750
0.0,0.25,4,12,belief,57.8500
0.0,0.25,4,12,ewma,58.9000
0.0,0.25,4,12,saf-adaptive,60.6000
0.0,0.25,4,12,oracle,68.5750
0.0,0.25,4,13,snr-greedy-loss,56.6250
0.0,0.25,4,13,belief,57.1500
0.0,0.25,4,13,ewma,59.0000
0.0,0.25,4,13,saf-adaptive,60.5250
0.0,0.25,4,13,oracle,68.5750
0.0,0.25,4,14,snr-greedy-loss,57.5750
0.0,0.25,4,14,belief,58.1250
0.0,0.25,4,14,ewma,58.7750
0.0,0.25,4,14,saf-adaptive,61.4000
0.0,0.25,4,14,oracle,69.3250
0.0,0.25,4,15,snr-greedy-loss,57.1500
0.0,0.25,4,15,belief,57.4250
0.0,0.25,4,15,ewma,58.4500
0.0,0.25,4,15,saf-adaptive,60.3750
0.0,0.25,4,15,oracle,68.2750
0.0,0.25,4,16,snr-greedy-loss,57.4250
0.0,0.25,4,16,belief,57.8250
0.0,0.25,4,16,ewma,59.2000
0.0,0.25,4,16,saf-adaptive,59.6250
0.0,0.25,4,16,oracle,68.2000
0.0,0.25,4,17,snr-greedy-loss,57.0250
0.0,0.25,4,17,belief,57.3250
0.0,0.25,4,17,ewma,57.8500
0.0,0.25,4,17,saf-adaptive,60.5750
0.0,0.25,4,17,oracle,68.4250
0.0,0.25,4,18,snr-greedy-loss,56.2750
0.0,0.25,4,18,belief,56.5000
0.0,0.25,4,18,ewma,55.6250
0.0,0.25,4,18,saf-adaptive,59.3750
0.0,0.25,4,18,oracle,67.8500
0.0,0.25,4,19,snr-greedy-loss,57.2000
0.0,0.25,4,19,belief,57.1000
0.0,0.25,4,19,ewma,58.6000
0.0,0.25,4,19,saf-adaptive,60.2250
0.0,0.25,4,19,oracle,68.4250
0.0,0.25,8,0,snr-greedy-loss,57.1000
0.0,0.25,8,0,belief,57.5250
0.0,0.25,8,0,ewma,59.4500
0.0,0.25,8,0,saf-adaptive,61.3250
0.0,0.25,8,0,oracle,68.7500
0.0,0.25,8,1,snr-greedy-loss,56.1500
0.0,0.25,8,1,belief,56.5500
0.0,0.25,8,1,ewma,58.5000
0.0,0.25,8,1,saf-adaptive,59.4500
0.0,0.25,8,1,oracle,68.3000
0.0,0.25,8,2,snr-greedy-loss,58.1750
0.0,0.25,8,2,belief,58.7500
0.0,0.25,8,2,ewma,58.2250
0.0,0.25,8,2,saf-adaptive,60.9000
0.0,0.25,8,2,oracle,68.8750
0.0,0.25,8,3,snr-greedy-loss,57.1000
0.0,0.25,8,3,belief,57.4750
0.0,0.25,8,3,ewma,58.2500
0.0,0.25,8,3,saf-adaptive,59.9000
0.0,0.25,8,3,oracle,68.5250
0.0,0.25,8,4,snr-greedy-loss,57.0500
0.0,0.25,8,4,belief,57.1250
0.0,0.25,8,4,ewma,57.9250
0.0,0.25,8,4,saf-adaptive,60.2250
0.0,0.25,8,4,oracle,68.4500
0.0,0.25,8,5,snr-greedy-loss,57.1750
0.0,0.25,8,5,belief,57.0750
0.0,0.25,8,5,ewma,56.5250
0.0,0.25,8,5,saf-adaptive,59.9250
0.0,0.25,8,5,oracle,68.4000
0.0,0.25,8,6,snr-greedy-loss,57.5000
0.0,0.25,8,6,belief,57.9250
0.0,0.25,8,6,ewma,59.2000
0.0,0.25,8,6,saf-adaptive,61.0000
0.0,0.25,8,6,oracle,69.1000
0.0,0.25,8,7,snr-greedy-loss,57.8750
0.0,0.25,8,7,belief,57.8250
0.0,0.25,8,7,ewma,58.7500
0.0,0.25,8,7,saf-adaptive,60.5500
0.0,0.25,8,7,oracle,68.4000
0.0,0.25,8,8,snr-greedy-loss,56.6000
0.0,0.25,8,8,belief,57.6750
0.0,0.25,8,8,ewma,58.3750
0.0,0.25,8,8,saf-adaptive,60.2500
0.0,0.25,8,8,oracle,68.5500
0.0,0.25,8,9,snr-greedy-loss,56.5000
0.0,0.25,8,9,belief,56.6500
0.0,0.25,8,9,ewma,58.2250
0.0,0.25,8,9,saf-adaptive,58.8250
0.0,0.25,8,9,oracle,67.9000
0.0,0.25,8,10,snr-greedy-loss,57.0750
0.0,0.25,8,10,belief,57.6750
0.0,0.25,8,10,ewma,56.3750
0.0,0.25,8,10,saf-adaptive,60.9750
0.0,0.25,8,10,oracle,68.5250
0.0,0.25,8,11,snr-greedy-loss,56.9250
0.0,0.25,8,11,belief,56.6500
0.0,0.25,8,11,ewma,58.5500
0.0,0.25,8,11,saf-adaptive,60.1000
0.0,0.25,8,11,oracle,68.6000
0.0,0.25,8,12,snr-greedy-loss,57.1000
0.0,0.25,8,12,belief,57.6000
0.0,0.25,8,12,ewma,58.2750
0.0,0.25,8,12,saf-adaptive,60.4500
0.0,0.25,8,12,oracle,68.5750
0.0,0.25,8,13,snr-greedy-loss,57.4500
0.0,0.25,8,13,belief,57.6500
0.0,0.25,8,13,ewma,58.4000
0.0,0.25,8,13,saf-adaptive,60.5750
0.0,0.25,8,13,oracle,68.5750
0.0,0.25,8,14,snr-greedy-loss,58.1250
0.0,0.25,8,14,belief,58.6000
0.0,0.25,8,14,ewma,60.2250
0.0,0.25,8,14,saf-adaptive,61.7000
0.0,0.25,8,14,oracle,69.3250
0.0,0.25,8,15,snr-greedy-loss,56.6250
0.0,0.25,8,15,belief,57.2500
0.0,0.25,8,15,ewma,57.9750
0.0,0.25,8,15,saf-adaptive,60.1500
0.0,0.25,8,15,oracle,68.2750
0.0,0.25,8,16,snr-greedy-loss,57.2000
0.0,0.25,8,16,belief,56.8000
0.0,0.25,8,16,ewma,58.5000
0.0,0.25,8,16,saf-adaptive,59.3250
0.0,0.25,8,16,oracle,68.2000
0.0,0.25,8,17,snr-greedy-loss,56.4750
0.0,0.25,8,17,belief,57.1000
0.0,0.25,8,17,ewma,58.6750
0.0,0.25,8,17,saf-adaptive,60.8750
0.0,0.25,8,17,oracle,68.4250
0.0,0.25,8,18,snr-greedy-loss,55.8000
0.0,0.25,8,18,belief,56.6000
0.0,0.25,8,18,ewma,56.1500
0.0,0.25,8,18,saf-adaptive,58.7250
0.0,0.25,8,18,oracle,67.8500
0.0,0.25,8,19,snr-greedy-loss,56.7250
0.0,0.25,8,19,belief,56.9500
0.0,0.25,8,19,ewma,57.9500
0.0,0.25,8,19,saf-adaptive,60.2500
0.0,0.25,8,19,oracle,68.4250
0.0,0.0,0,0,snr-greedy-loss,57.3000
0.0,0.0,0,0,belief,57.7000
0.0,0.0,0,0,ewma,58.5750
0.0,0.0,0,0,saf-adaptive,58.3000
0.0,0.0,0,0,oracle,68.4750
0.0,0.0,0,1,snr-greedy-loss,57.2750
0.0,0.0,0,1,belief,58.0500
0.0,0.0,0,1,ewma,59.5500
0.0,0.0,0,1,saf-adaptive,60.0000
0.0,0.0,0,1,oracle,69.0000
0.0,0.0,0,2,snr-greedy-loss,57.7250
0.0,0.0,0,2,belief,58.3750
0.0,0.0,0,2,ewma,59.8250
0.0,0.0,0,2,saf-adaptive,57.9750
0.0,0.0,0,2,oracle,68.9250
0.0,0.0,0,3,snr-greedy-loss,57.2750
0.0,0.0,0,3,belief,57.4500
0.0,0.0,0,3,ewma,59.3000
0.0,0.0,0,3,saf-adaptive,58.5750
0.0,0.0,0,3,oracle,68.4500
0.0,0.0,0,4,snr-greedy-loss,56.5000
0.0,0.0,0,4,belief,56.2250
0.0,0.0,0,4,ewma,58.6000
0.0,0.0,0,4,saf-adaptive,58.3250
0.0,0.0,0,4,oracle,68.1000
0.0,0.0,0,5,snr-greedy-loss,56.7000
0.0,0.0,0,5,belief,57.4750
0.0,0.0,0,5,ewma,57.4250
0.0,0.0,0,5,saf-adaptive,58.1750
0.0,0.0,0,5,oracle,68.2500
0.0,0.0,0,6,snr-greedy-loss,56.9750
0.0,0.0,0,6,belief,57.9000
0.0,0.0,0,6,ewma,57.8000
0.0,0.0,0,6,saf-adaptive,59.3500
0.0,0.0,0,6,oracle,68.8250
0.0,0.0,0,7,snr-greedy-loss,57.2500
0.0,0.0,0,7,belief,57.9750
0.0,0.0,0,7,ewma,57.7250
0.0,0.0,0,7,saf-adaptive,58.0500
0.0,0.0,0,7,oracle,68.5500
0.0,0.0,0,8,snr-greedy-loss,56.7500
0.0,0.0,0,8,belief,57.5500
0.0,0.0,0,8,ewma,58.2000
0.0,0.0,0,8,saf-adaptive,58.6250
0.0,0.0,0,8,oracle,68.4000
0.0,0.0,0,9,snr-greedy-loss,56.4750
0.0,0.0,0,9,belief,56.9500
0.0,0.0,0,9,ewma,56.3500
0.0,0.0,0,9,saf-adaptive,56.4750
0.0,0.0,0,9,oracle,68.1250
0.0,0.0,0,10,snr-greedy-loss,56.5500
0.0,0.0,0,10,belief,57.4500
0.0,0.0,0,10,ewma,56.5000
0.0,0.0,0,10,saf-adaptive,57.2000
0.0,0.0,0,10,oracle,68.4250
0.0,0.0,0,11,snr-greedy-loss,57.2250
0.0,0.0,0,11,belief,57.1250
0.0,0.0,0,11,ewma,59.1750
0.0,0.0,0,11,saf-adaptive,58.3750
0.0,0.0,0,11,oracle,68.3000
0.0,0.0,0,12,snr-greedy-loss,57.1000
0.0,0.0,0,12,belief,57.5750
0.0,0.0,0,12,ewma,57.9500
0.0,0.0,0,12,saf-adaptive,57.8500
0.0,0.0,0,12,oracle,68.7750
0.0,0.0,0,13,snr-greedy-loss,57.4250
0.0,0.0,0,13,belief,57.5000
0.0,0.0,0,13,ewma,59.9500
0.0,0.0,0,13,saf-adaptive,59.8250
0.0,0.0,0,13,oracle,68.2750
0.0,0.0,0,14,snr-greedy-loss,57.0500
0.0,0.0,0,14,belief,57.1500
0.0,0.0,0,14,ewma,58.3500
0.0,0.0,0,14,saf-adaptive,58.2500
0.0,0.0,0,14,oracle,69.2000
0.0,0.0,0,15,snr-greedy-loss,57.3000
0.0,0.0,0,15,belief,57.4500
0.0,0.0,0,15,ewma,55.3000
0.0,0.0,0,15,saf-adaptive,56.5750
0.0,0.0,0,15,oracle,68.0250
0.0,0.0,0,16,snr-greedy-loss,57.1500
0.0,0.0,0,16,belief,57.9500
0.0,0.0,0,16,ewma,59.9250
0.0,0.0,0,16,saf-adaptive,60.3500
0.0,0.0,0,16,oracle,69.0250
0.0,0.0,0,17,snr-greedy-loss,56.5750
0.0,0.0,0,17,belief,57.0750
0.0,0.0,0,17,ewma,58.7000
0.0,0.0,0,17,saf-adaptive,58.0750
0.0,0.0,0,17,oracle,67.9750
0.0,0.0,0,18,snr-greedy-loss,55.8500
0.0,0.0,0,18,belief,56.0000
0.0,0.0,0,18,ewma,56.0750
0.0,0.0,0,18,saf-adaptive,56.6250
0.0,0.0,0,18,oracle,67.6000
0.0,0.0,0,19,snr-greedy-loss,57.6500
0.0,0.0,0,19,belief,57.8000
0.0,0.0,0,19,ewma,58.2500
0.0,0.0,0,19,saf-adaptive,58.5000
0.0,0.0,0,19,oracle,68.7750
0.0,0.0,1,0,snr-greedy-loss,57.5000
0.0,0.0,1,0,belief,58.0750
0.0,0.0,1,0,ewma,57.7000
0.0,0.0,1,0,saf-adaptive,59.9000
0.0,0.0,1,0,oracle,68.4750
0.0,0.0,1,1,snr-greedy-loss,57.7500
0.0,0.0,1,1,belief,57.9750
0.0,0.0,1,1,ewma,59.4000
0.0,0.0,1,1,saf-adaptive,59.3500
0.0,0.0,1,1,oracle,69.0000
0.0,0.0,1,2,snr-greedy-loss,59.0500
0.0,0.0,1,2,belief,59.0250
0.0,0.0,1,2,ewma,59.2750
0.0,0.0,1,2,saf-adaptive,60.1000
0.0,0.0,1,2,oracle,68.9250
0.0,0.0,1,3,snr-greedy-loss,56.8000
0.0,0.0,1,3,belief,57.2000
0.0,0.0,1,3,ewma,58.1500
0.0,0.0,1,3,saf-adaptive,58.7750
0.0,0.0,1,3,oracle,68.4500
0.0,0.0,1,4,snr-greedy-loss,56.6500
0.0,0.0,1,4,belief,56.7000
0.0,0.0,1,4,ewma,59.0000
0.0,0.0,1,4,saf-adaptive,58.2750
0.0,0.0,1,4,oracle,68.1000
0.0,0.0,1,5,snr-greedy-loss,57.0250
0.0,0.0,1,5,belief,57.4500
0.0,0.0,1,5,ewma,58.8000
0.0,0.0,1,5,saf-adaptive,58.6500
0.0,0.0,1,5,oracle,68.2500
0.0,0.0,1,6,snr-greedy-loss,57.1500
0.0,0.0,1,6,belief,57.4000
0.0,0.0,1,6,ewma,57.4250
0.0,0.0,1,6,saf-adaptive,58.9750
0.0,0.0,1,6,oracle,68.8250
0.0,0.0,1,7,snr-greedy-loss,57.3250
0.0,0.0,1,7,belief,57.6500
0.0,0.0,1,7,ewma,56.9250
0.0,0.0,1,7,saf-adaptive,59.1250
0.0,0.0,1,7,oracle,68.5500
0.0,0.0,1,8,snr-greedy-loss,57.3000
0.0,0.0,1,8,belief,57.7000
0.0,0.0,1,8,ewma,58.0750
0.0,0.0,1,8,saf-adaptive,59.2500
0.0,0.0,1,8,oracle,68.4000
0.0,0.0,1,9,snr-greedy-loss,56.8250
0.0,0.0,1,9,belief,57.1750
0.0,0.0,1,9,ewma,56.8500
0.0,0.0,1,9,saf-adaptive,58.1750
0.0,0.0,1,9,oracle,68.1250
0.0,0.0,1,10,snr-greedy-loss,56.7250
0.0,0.0,1,10,belief,57.9500
0.0,0.0,1,10,ewma,55.4500
0.0,0.0,1,10,saf-adaptive,59.5250
0.0,0.0,1,10,oracle,68.4250
0.0,0.0,1,11,snr-greedy-loss,57.2000
0.0,0.0,1,11,belief,57.6000
0.0,0.0,1,11,ewma,58.3500
0.0,0.0,1,11,saf-adaptive,59.1250
0.0,0.0,1,11,oracle,68.3000
0.0,0.0,1,12,snr-greedy-loss,57.3750
0.0,0.0,1,12,belief,57.8750
0.0,0.0,1,12,ewma,59.3250
0.0,0.0,1,12,saf-adaptive,59.6750
0.0,0.0,1,12,oracle,68.7750
0.0,0.0,1,13,snr-greedy-loss,57.4000
0.0,0.0,1,13,belief,57.6250
0.0,0.0,1,13,ewma,58.6000
0.0,0.0,1,13,saf-adaptive,59.6500
0.0,0.0,1,13,oracle,68.2750
0.0,0.0,1,14,snr-greedy-loss,57.3500
0.0,0.0,1,14,belief,56.9750
0.0,0.0,1,14,ewma,57.2500
0.0,0.0,1,14,saf-adaptive,59.5750
0.0,0.0,1,14,oracle,69.2000
0.0,0.0,1,15,snr-greedy-loss,57.5000
0.0,0.0,1,15,belief,56.9000
0.0,0.0,1,15,ewma,56.7500
0.0,0.0,1,15,saf-adaptive,58.5250
0.0,0.0,1,15,oracle,68.0250
0.0,0.0,1,16,snr-greedy-loss,56.5250
0.0,0.0,1,16,belief,57.0000
0.0,0.0,1,16,ewma,58.2750
0.0,0.0,1,16,saf-adaptive,58.9000
0.0,0.0,1,16,oracle,69.0250
0.0,0.0,1,17,snr-greedy-loss,57.2000
0.0,0.0,1,17,belief,57.1000
0.0,0.0,1,17,ewma,57.5000
0.0,0.0,1,17,saf-adaptive,58.7000
0.0,0.0,1,17,oracle,67.9750
0.0,0.0,1,18,snr-greedy-loss,56.0750
0.0,0.0,1,18,belief,56.6500
0.0,0.0,1,18,ewma,56.8250
0.0,0.0,1,18,saf-adaptive,57.8750
0.0,0.0,1,18,oracle,67.6000
0.0,0.0,1,19,snr-greedy-loss,57.3750
0.0,0.0,1,19,belief,57.2750
0.0,0.0,1,19,ewma,58.8250
0.0,0.0,1,19,saf-adaptive,58.7500
0.0,0.0,1,19,oracle,68.7750
0.0,0.0,2,0,snr-greedy-loss,57.9250
0.0,0.0,2,0,belief,58.2250
0.0,0.0,2,0,ewma,57.7750
0.0,0.0,2,0,saf-adaptive,60.6750
0.0,0.0,2,0,oracle,68.4750
0.0,0.0,2,1,snr-greedy-loss,57.8250
0.0,0.0,2,1,belief,57.7000
0.0,0.0,2,1,ewma,58.0500
0.0,0.0,2,1,saf-adaptive,59.8500
0.0,0.0,2,1,oracle,69.0000
0.0,0.0,2,2,snr-greedy-loss,58.0500
0.0,0.0,2,2,belief,58.0250
0.0,0.0,2,2,ewma,57.4000
0.0,0.0,2,2,saf-adaptive,60.3250
0.0,0.0,2,2,oracle,68.9250
0.0,0.0,2,3,snr-greedy-loss,57.2750
0.0,0.0,2,3,belief,57.5000
0.0,0.0,2,3,ewma,58.8250
0.0,0.0,2,3,saf-adaptive,59.9500
0.0,0.0,2,3,oracle,68.4500
0.0,0.0,2,4,snr-greedy-loss,57.4500
0.0,0.0,2,4,belief,57.0750
0.0,0.0,2,4,ewma,58.2250
0.0,0.0,2,4,saf-adaptive,58.9750
0.0,0.0,2,4,oracle,68.1000
0.0,0.0,2,5,snr-greedy-loss,57.0000
0.0,0.0,2,5,belief,57.3750
0.0,0.0,2,5,ewma,57.1500
0.0,0.0,2,5,saf-adaptive,59.0000
0.0,0.0,2,5,oracle,68.2500
0.0,0.0,2,6,snr-greedy-loss,56.9000
0.0,0.0,2,6,belief,58.0500
0.0,0.0,2,6,ewma,57.4000
0.0,0.0,2,6,saf-adaptive,59.1500
0.0,0.0,2,6,oracle,68.8250
0.0,0.0,2,7,snr-greedy-loss,57.3000
0.0,0.0,2,7,belief,57.5750
0.0,0.0,2,7,ewma,57.0250
0.0,0.0,2,7,saf-adaptive,59.3250
0.0,0.0,2,7,oracle,68.5500
0.0,0.0,2,8,snr-greedy-loss,56.9500
0.0,0.0,2,8,belief,57.6500
0.0,0.0,2,8,ewma,58.4750
0.0,0.0,2,8,saf-adaptive,59.5250
0.0,0.0,2,8,oracle,68.4000
0.0,0.0,2,9,snr-greedy-loss,56.7250
0.0,0.0,2,9,belief,56.9000
0.0,0.0,2,9,ewma,55.2250
0.0,0.0,2,9,saf-adaptive,58.9250
0.0,0.0,2,9,oracle,68.1250
0.0,0.0,2,10,snr-greedy-loss,56.4250
0.0,0.0,2,10,belief,57.8250
0.0,0.0,2,10,ewma,56.6250
0.0,0.0,2,10,saf-adaptive,60.3750
0.0,0.0,2,10,oracle,68.4250
0.0,0.0,2,11,snr-greedy-loss,57.1000
0.0,0.0,2,11,belief,57.1500
0.0,0.0,2,11,ewma,58.6000
0.0,0.0,2,11,saf-adaptive,59.3250
0.0,0.0,2,11,oracle,68.3000
0.0,0.0,2,12,snr-greedy-loss,57.1500
0.0,0.0,2,12,belief,58.4000
0.0,0.0,2,12,ewma,58.5250
0.0,0.0,2,12,saf-adaptive,60.1000
0.0,0.0,2,12,oracle,68.7750
0.0,0.0,2,13,snr-greedy-loss,57.1750
0.0,0.0,2,13,belief,57.4000
0.0,0.0,2,13,ewma,58.0750
0.0,0.0,2,13,saf-adaptive,59.9750
0.0,0.0,2,13,oracle,68.2750
0.0,0.0,2,14,snr-greedy-loss,57.0750
0.0,0.0,2,14,belief,57.0500
0.0,0.0,2,14,ewma,57.3250
0.0,0.0,2,14,saf-adaptive,60.1500
0.0,0.0,2,14,oracle,69.2000
0.0,0.0,2,15,snr-greedy-loss,57.2250
0.0,0.0,2,15,belief,57.0500
0.0,0.0,2,15,ewma,54.9750
0.0,0.0,2,15,saf-adaptive,59.0750
0.0,0.0,2,15,oracle,68.0250
0.0,0.0,2,16,snr-greedy-loss,56.7000
0.0,0.0,2,16,belief,57.1000
0.0,0.0,2,16,ewma,58.5250
0.0,0.0,2,16,saf-adaptive,59.2500
0.0,0.0,2,16,oracle,69.0250
0.0,0.0,2,17,snr-greedy-loss,57.2000
0.0,0.0,2,17,belief,57.5500
0.0,0.0,2,17,ewma,56.2500
0.0,0.0,2,17,saf-adaptive,59.5500
0.0,0.0,2,17,oracle,67.9750
0.0,0.0,2,18,snr-greedy-loss,55.7750
0.0,0.0,2,18,belief,56.5750
0.0,0.0,2,18,ewma,55.5250
0.0,0.0,2,18,saf-adaptive,58.4750
0.0,0.0,2,18,oracle,67.6000
0.0,0.0,2,19,snr-greedy-loss,56.9500
0.0,0.0,2,19,belief,57.2500
0.0,0.0,2,19,ewma,58.8250
0.0,0.0,2,19,saf-adaptive,58.8250
0.0,0.0,2,19,oracle,68.7750
0.0,0.0,4,0,snr-greedy-loss,57.6750
0.0,0.0,4,0,belief,57.7000
0.0,0.0,4,0,ewma,58.9250
0.0,0.0,4,0,saf-adaptive,60.9250
0.0,0.0,4,0,oracle,68.4750
0.0,0.0,4,1,snr-greedy-loss,57.7500
0.0,0.0,4,1,belief,57.5750
0.0,0.0,4,1,ewma,59.7000
0.0,0.0,4,1,saf-adaptive,60.6750
0.0,0.0,4,1,oracle,69.0000
0.0,0.0,4,2,snr-greedy-loss,57.9000
0.0,0.0,4,2,belief,58.1250
0.0,0.0,4,2,ewma,59.3250
0.0,0.0,4,2,saf-adaptive,61.0250
0.0,0.0,4,2,oracle,68.9250
0.0,0.0,4,3,snr-greedy-loss,57.2250
0.0,0.0,4,3,belief,57.2000
0.0,0.0,4,3,ewma,57.5500
0.0,0.0,4,3,saf-adaptive,59.9750
0.0,0.0,4,3,oracle,68.4500
0.0,0.0,4,4,snr-greedy-loss,57.0500
0.0,0.0,4,4,belief,56.9750
0.0,0.0,4,4,ewma,58.5500
0.0,0.0,4,4,saf-adaptive,59.6000
0.0,0.0,4,4,oracle,68.1000
0.0,0.0,4,5,snr-greedy-loss,56.8750
0.0,0.0,4,5,belief,57.7000
0.0,0.0,4,5,ewma,58.3000
0.0,0.0,4,5,saf-adaptive,60.1000
0.0,0.0,4,5,oracle,68.2500
0.0,0.0,4,6,snr-greedy-loss,57.3250
0.0,0.0,4,6,belief,58.1500
0.0,0.0,4,6,ewma,56.8000
0.0,0.0,4,6,saf-adaptive,60.9250
0.0,0.0,4,6,oracle,68.8250
0.0,0.0,4,7,snr-greedy-loss,57.6750
0.0,0.0,4,7,belief,58.0000
0.0,0.0,4,7,ewma,58.3000
0.0,0.0,4,7,saf-adaptive,60.8750
0.0,0.0,4,7,oracle,68.5500
0.0,0.0,4,8,snr-greedy-loss,57.0250
0.0,0.0,4,8,belief,57.2000
0.0,0.0,4,8,ewma,58.1000
0.0,0.0,4,8,saf-adaptive,59.6250
0.0,0.0,4,8,oracle,68.4000
0.0,0.0,4,9,snr-greedy-loss,56.9250
0.0,0.0,4,9,belief,56.9000
0.0,0.0,4,9,ewma,56.5000
0.0,0.0,4,9,saf-adaptive,59.1000
0.0,0.0,4,9,oracle,68.1250
0.0,0.0,4,10,snr-greedy-loss,57.1750
0.0,0.0,4,10,belief,57.9250
0.0,0.0,4,10,ewma,56.8000
0.0,0.0,4,10,saf-adaptive,61.2750
0.0,0.0,4,10,oracle,68.4250
0.0,0.0,4,11,snr-greedy-loss,56.8750
0.0,0.0,4,11,belief,56.9000
0.0,0.0,4,11,ewma,57.5750
0.0,0.0,4,11,saf-adaptive,59.2000
0.0,0.0,4,11,oracle,68.3000
0.0,0.0,4,12,snr-greedy-loss,56.9250
0.0,0.0,4,12,belief,57.7000
0.0,0.0,4,12,ewma,57.0500
0.0,0.0,4,12,saf-adaptive,61.1250
0.0,0.0,4,12,oracle,68.7750
0.0,0.0,4,13,snr-greedy-loss,56.6000
0.0,0.0,4,13,belief,57.3750
0.0,0.0,4,13,ewma,59.0250
0.0,0.0,4,13,saf-adaptive,60.4750
0.0,0.0,4,13,oracle,68.2750
0.0,0.0,4,14,snr-greedy-loss,57.1500
0.0,0.0,4,14,belief,57.4250
0.0,0.0,4,14,ewma,57.3250
0.0,0.0,4,14,saf-adaptive,61.3500
0.0,0.0,4,14,oracle,69.2000
0.0,0.0,4,15,snr-greedy-loss,56.9750
0.0,0.0,4,15,belief,57.1250
0.0,0.0,4,15,ewma,56.6500
0.0,0.0,4,15,saf-adaptive,59.7250
0.0,0.0,4,15,oracle,68.0250
0.0,0.0,4,16,snr-greedy-loss,57.6500
0.0,0.0,4,16,belief,58.1750
0.0,0.0,4,16,ewma,58.1250
0.0,0.0,4,16,saf-adaptive,60.2250
0.0,0.0,4,16,oracle,69.0250
0.0,0.0,4,17,snr-greedy-loss,56.8250
0.0,0.0,4,17,belief,57.2500
0.0,0.0,4,17,ewma,57.7250
0.0,0.0,4,17,saf-adaptive,60.3000
0.0,0.0,4,17,oracle,67.9750
0.0,0.0,4,18,snr-greedy-loss,55.8250
0.0,0.0,4,18,belief,56.4000
0.0,0.0,4,18,ewma,54.6750
0.0,0.0,4,18,saf-adaptive,58.8750
0.0,0.0,4,18,oracle,67.6000
0.0,0.0,4,19,snr-greedy-loss,56.9250
0.0,0.0,4,19,belief,57.0500
0.0,0.0,4,19,ewma,59.5000
0.0,0.0,4,19,saf-adaptive,60.0250
0.0,0.0,4,19,oracle,68.7750
0.0,0.0,8,0,snr-greedy-loss,57.2750
0.0,0.0,8,0,belief,57.2000
0.0,0.0,8,0,ewma,59.2250
0.0,0.0,8,0,saf-adaptive,61.1750
0.0,0.0,8,0,oracle,68.4750
0.0,0.0,8,1,snr-greedy-loss,57.3500
0.0,0.0,8,1,belief,57.6000
0.0,0.0,8,1,ewma,57.7750
0.0,0.0,8,1,saf-adaptive,60.3250
0.0,0.0,8,1,oracle,69.0000
0.0,0.0,8,2,snr-greedy-loss,58.2750
0.0,0.0,8,2,belief,58.5000
0.0,0.0,8,2,ewma,58.2000
0.0,0.0,8,2,saf-adaptive,61.1250
0.0,0.0,8,2,oracle,68.9250
0.0,0.0,8,3,snr-greedy-loss,56.8500
0.0,0.0,8,3,belief,57.1750
0.0,0.0,8,3,ewma,57.5000
0.0,0.0,8,3,saf-adaptive,60.5250
0.0,0.0,8,3,oracle,68.4500
0.0,0.0,8,4,snr-greedy-loss,57.0000
0.0,0.0,8,4,belief,56.9000
0.0,0.0,8,4,ewma,58.4000
0.0,0.0,8,4,saf-adaptive,59.5500
0.0,0.0,8,4,oracle,68.1000
0.0,0.0,8,5,snr-greedy-loss,56.7750
0.0,0.0,8,5,belief,56.8250
0.0,0.0,8,5,ewma,57.2250
0.0,0.0,8,5,saf-adaptive,59.9000
0.0,0.0,8,5,oracle,68.2500
0.0,0.0,8,6,snr-greedy-loss,57.2000
0.0,0.0,8,6,belief,57.9750
0.0,0.0,8,6,ewma,58.4000
0.0,0.0,8,6,saf-adaptive,60.9750
0.0,0.0,8,6,oracle,68.8250
0.0,0.0,8,7,snr-greedy-loss,57.5250
0.0,0.0,8,7,belief,57.6750
0.0,0.0,8,7,ewma,58.2750
0.0,0.0,8,7,saf-adaptive,60.3750
0.0,0.0,8,7,oracle,68.5500
0.0,0.0,8,8,snr-greedy-loss,56.5250
0.0,0.0,8,8,belief,57.5250
0.0,0.0,8,8,ewma,58.6000
0.0,0.0,8,8,saf-adaptive,59.7750
0.0,0.0,8,8,oracle,68.4000
0.0,0.0,8,9,snr-greedy-loss,56.6500
0.0,0.0,8,9,belief,56.7000
0.0,0.0,8,9,ewma,57.4750
0.0,0.0,8,9,saf-adaptive,59.0000
0.0,0.0,8,9,oracle,68.1250
0.0,0.0,8,10,snr-greedy-loss,57.4750
0.0,0.0,8,10,belief,57.8750
0.0,0.0,8,10,ewma,57.7500
0.0,0.0,8,10,saf-adaptive,61.1250
0.0,0.0,8,10,oracle,68.4250
0.0,0.0,8,11,snr-greedy-loss,56.7000
0.0,0.0,8,11,belief,56.4250
0.0,0.0,8,11,ewma,58.8750
0.0,0.0,8,11,saf-adaptive,59.5250
0.0,0.0,8,11,oracle,68.3000
0.0,0.0,8,12,snr-greedy-loss,57.8500
0.0,0.0,8,12,belief,58.2000
0.0,0.0,8,12,ewma,57.4750
0.0,0.0,8,12,saf-adaptive,60.8500
0.0,0.0,8,12,oracle,68.7750
0.0,0.0,8,13,snr-greedy-loss,57.1500
0.0,0.0,8,13,belief,57.3750
0.0,0.0,8,13,ewma,58.0250
0.0,0.0,8,13,saf-adaptive,60.4000
0.0,0.0,8,13,oracle,68.2750
0.0,0.0,8,14,snr-greedy-loss,57.6000
0.0,0.0,8,14,belief,58.1000
0.0,0.0,8,14,ewma,58.2500
0.0,0.0,8,14,saf-adaptive,61.5000
0.0,0.0,8,14,oracle,69.2000
0.0,0.0,8,15,snr-greedy-loss,56.4250
0.0,0.0,8,15,belief,56.6000
0.0,0.0,8,15,ewma,57.8000
0.0,0.0,8,15,saf-adaptive,59.6000
0.0,0.0,8,15,oracle,68.0250
0.0,0.0,8,16,snr-greedy-loss,56.9250
0.0,0.0,8,16,belief,56.8000
0.0,0.0,8,16,ewma,58.9500
0.0,0.0,8,16,saf-adaptive,59.7750
0.0,0.0,8,16,oracle,69.0250
0.0,0.0,8,17,snr-greedy-loss,56.5250
0.0,0.0,8,17,belief,57.1000
0.0,0.0,8,17,ewma,57.3000
0.0,0.0,8,17,saf-adaptive,60.6000
0.0,0.0,8,17,oracle,67.9750
0.0,0.0,8,18,snr-greedy-loss,56.0500
0.0,0.0,8,18,belief,56.5750
0.0,0.0,8,18,ewma,55.3250
0.0,0.0,8,18,saf-adaptive,58.1000
0.0,0.0,8,18,oracle,67.6000
0.0,0.0,8,19,snr-greedy-loss,56.7750
0.0,0.0,8,19,belief,57.1250
0.0,0.0,8,19,ewma,59.0000
0.0,0.0,8,19,saf-adaptive,60.1750
0.0,0.0,8,19,oracle,68.7750
0.2,1.0,0,0,snr-greedy-loss,67.3500
0.2,1.0,0,0,belief,67.9500
0.2,1.0,0,0,ewma,58.9500
0.2,1.0,0,0,saf-adaptive,67.9500
0.2,1.0,0,0,oracle,68.5500
0.2,1.0,0,1,snr-greedy-loss,68.2000
0.2,1.0,0,1,belief,68.4750
0.2,1.0,0,1,ewma,58.6750
0.2,1.0,0,1,saf-adaptive,68.4750
0.2,1.0,0,1,oracle,69.0750
0.2,1.0,0,2,snr-greedy-loss,66.9000
0.2,1.0,0,2,belief,67.3000
0.2,1.0,0,2,ewma,59.2000
0.2,1.0,0,2,saf-adaptive,67.3000
0.2,1.0,0,2,oracle,67.9500
0.2,1.0,0,3,snr-greedy-loss,67.3500
0.2,1.0,0,3,belief,68.0750
0.2,1.0,0,3,ewma,57.4250
0.2,1.0,0,3,saf-adaptive,68.1000
0.2,1.0,0,3,oracle,68.6500
0.2,1.0,0,4,snr-greedy-loss,66.7000
0.2,1.0,0,4,belief,67.3000
0.2,1.0,0,4,ewma,56.1000
0.2,1.0,0,4,saf-adaptive,67.3000
0.2,1.0,0,4,oracle,67.9500
0.2,1.0,0,5,snr-greedy-loss,67.4250
0.2,1.0,0,5,belief,67.7250
0.2,1.0,0,5,ewma,58.5750
0.2,1.0,0,5,saf-adaptive,67.7250
0.2,1.0,0,5,oracle,68.4000
0.2,1.0,0,6,snr-greedy-loss,67.1000
0.2,1.0,0,6,belief,67.3250
0.2,1.0,0,6,ewma,58.7000
0.2,1.0,0,6,saf-adaptive,67.3250
0.2,1.0,0,6,oracle,67.9500
0.2,1.0,0,7,snr-greedy-loss,67.6500
0.2,1.0,0,7,belief,67.9750
0.2,1.0,0,7,ewma,56.8750
0.2,1.0,0,7,saf-adaptive,67.9750
0.2,1.0,0,7,oracle,68.3750
0.2,1.0,0,8,snr-greedy-loss,67.5250
0.2,1.0,0,8,belief,67.9000
0.2,1.0,0,8,ewma,58.0750
0.2,1.0,0,8,saf-adaptive,67.9000
0.2,1.0,0,8,oracle,68.5250
0.2,1.0,0,9,snr-greedy-loss,67.8250
0.2,1.0,0,9,belief,68.1250
0.2,1.0,0,9,ewma,57.7750
0.2,1.0,0,9,saf-adaptive,68.1250
0.2,1.0,0,9,oracle,68.5750
0.2,1.0,0,10,snr-greedy-loss,67.0750
0.2,1.0,0,10,belief,67.6000
0.2,1.0,0,10,ewma,58.3750
0.2,1.0,0,10,saf-adaptive,67.5250
0.2,1.0,0,10,oracle,68.1750
0.2,1.0,0,11,snr-greedy-loss,67.4750
0.2,1.0,0,11,belief,67.7000
0.2,1.0,0,11,ewma,58.4500
0.2,1.0,0,11,saf-adaptive,67.7000
0.2,1.0,0,11,oracle,68.3000
0.2,1.0,0,12,snr-greedy-loss,67.8250
0.2,1.0,0,12,belief,68.3250
0.2,1.0,0,12,ewma,57.6750
0.2,1.0,0,12,saf-adaptive,68.3250
0.2,1.0,0,12,oracle,68.9250
0.2,1.0,0,13,snr-greedy-loss,66.7500
0.2,1.0,0,13,belief,67.1000
0.2,1.0,0,13,ewma,58.1750
0.2,1.0,0,13,saf-adaptive,67.1000
0.2,1.0,0,13,oracle,67.6500
0.2,1.0,0,14,snr-greedy-loss,68.4750
0.2,1.0,0,14,belief,68.9000
0.2,1.0,0,14,ewma,60.1250
0.2,1.0,0,14,saf-adaptive,68.9000
0.2,1.0,0,14,oracle,69.4000
0.2,1.0,0,15,snr-greedy-loss,67.4000
0.2,1.0,0,15,belief,68.0750
0.2,1.0,0,15,ewma,59.5750
0.2,1.0,0,15,saf-adaptive,68.0750
0.2,1.0,0,15,oracle,68.6750
0.2,1.0,0,16,snr-greedy-loss,67.3000
0.2,1.0,0,16,belief,67.5250
0.2,1.0,0,16,ewma,58.2500
0.2,1.0,0,16,saf-adaptive,67.5500
0.2,1.0,0,16,oracle,68.0500
0.2,1.0,0,17,snr-greedy-loss,67.2250
0.2,1.0,0,17,belief,67.7500
0.2,1.0,0,17,ewma,58.7250
0.2,1.0,0,17,saf-adaptive,67.7250
0.2,1.0,0,17,oracle,68.4250
0.2,1.0,0,18,snr-greedy-loss,67.5250
0.2,1.0,0,18,belief,68.1000
0.2,1.0,0,18,ewma,60.0750
0.2,1.0,0,18,saf-adaptive,68.1000
0.2,1.0,0,18,oracle,68.7000
0.2,1.0,0,19,snr-greedy-loss,67.1750
0.2,1.0,0,19,belief,67.6500
0.2,1.0,0,19,ewma,57.1000
0.2,1.0,0,19,saf-adaptive,67.6500
0.2,1.0,0,19,oracle,68.3250
0.2,1.0,1,0,snr-greedy-loss,59.9000
0.2,1.0,1,0,belief,60.8750
0.2,1.0,1,0,ewma,57.9500
0.2,1.0,1,0,saf-adaptive,62.8250
0.2,1.0,1,0,oracle,68.5500
0.2,1.0,1,1,snr-greedy-loss,61.1750
0.2,1.0,1,1,belief,61.5250
0.2,1.0,1,1,ewma,58.1750
0.2,1.0,1,1,saf-adaptive,62.3250
0.2,1.0,1,1,oracle,69.0750
0.2,1.0,1,2,snr-greedy-loss,60.3000
0.2,1.0,1,2,belief,60.4750
0.2,1.0,1,2,ewma,58.7250
0.2,1.0,1,2,saf-adaptive,62.6500
0.2,1.0,1,2,oracle,67.9500
0.2,1.0,1,3,snr-greedy-loss,60.0500
0.2,1.0,1,3,belief,60.4500
0.2,1.0,1,3,ewma,56.5000
0.2,1.0,1,3,saf-adaptive,61.9250
0.2,1.0,1,3,oracle,68.6500
0.2,1.0,1,4,snr-greedy-loss,59.3500
0.2,1.0,1,4,belief,60.2500
0.2,1.0,1,4,ewma,58.2000
0.2,1.0,1,4,saf-adaptive,61.4750
0.2,1.0,1,4,oracle,67.9500
0.2,1.0,1,5,snr-greedy-loss,60.7250
0.2,1.0,1,5,belief,61.4250
0.2,1.0,1,5,ewma,58.1250
0.2,1.0,1,5,saf-adaptive,62.2750
0.2,1.0,1,5,oracle,68.4000
0.2,1.0,1,6,snr-greedy-loss,59.5250
0.2,1.0,1,6,belief,60.1000
0.2,1.0,1,6,ewma,57.4500
0.2,1.0,1,6,saf-adaptive,61.2000
0.2,1.0,1,6,oracle,67.9500
0.2,1.0,1,7,snr-greedy-loss,60.8500
0.2,1.0,1,7,belief,60.9500
0.2,1.0,1,7,ewma,58.1500
0.2,1.0,1,7,saf-adaptive,61.8750
0.2,1.0,1,7,oracle,68.3750
0.2,1.0,1,8,snr-greedy-loss,61.5750
0.2,1.0,1,8,belief,61.5500
0.2,1.0,1,8,ewma,56.4750
0.2,1.0,1,8,saf-adaptive,62.4750
0.2,1.0,1,8,oracle,68.5250
0.2,1.0,1,9,snr-greedy-loss,61.1250
0.2,1.0,1,9,belief,62.0750
0.2,1.0,1,9,ewma,56.0000
0.2,1.0,1,9,saf-adaptive,62.9750
0.2,1.0,1,9,oracle,68.5750
0.2,1.0,1,10,snr-greedy-loss,59.7250
0.2,1.0,1,10,belief,60.5500
0.2,1.0,1,10,ewma,56.7250
0.2,1.0,1,10,saf-adaptive,61.8250
0.2,1.0,1,10,oracle,68.1750
0.2,1.0,1,11,snr-greedy-loss,60.7500
0.2,1.0,1,11,belief,61.3500
0.2,1.0,1,11,ewma,57.5000
0.2,1.0,1,11,saf-adaptive,62.4750
0.2,1.0,1,11,oracle,68.3000
0.2,1.0,1,12,snr-greedy-loss,60.4750
0.2,1.0,1,12,belief,61.2250
0.2,1.0,1,12,ewma,58.7000
0.2,1.0,1,12,saf-adaptive,63.0500
0.2,1.0,1,12,oracle,68.9250
0.2,1.0,1,13,snr-greedy-loss,60.2500
0.2,1.0,1,13,belief,60.7500
0.2,1.0,1,13,ewma,56.8500
0.2,1.0,1,13,saf-adaptive,62.0000
0.2,1.0,1,13,oracle,67.6500
0.2,1.0,1,14,snr-greedy-loss,61.5000
0.2,1.0,1,14,belief,62.0500
0.2,1.0,1,14,ewma,58.9250
0.2,1.0,1,14,saf-adaptive,63.4500
0.2,1.0,1,14,oracle,69.4000
0.2,1.0,1,15,snr-greedy-loss,60.1000
0.2,1.0,1,15,belief,61.0500
0.2,1.0,1,15,ewma,57.9500
0.2,1.0,1,15,saf-adaptive,61.9000
0.2,1.0,1,15,oracle,68.6750
0.2,1.0,1,16,snr-greedy-loss,60.1000
0.2,1.0,1,16,belief,60.4750
0.2,1.0,1,16,ewma,57.4000
0.2,1.0,1,16,saf-adaptive,61.3750
0.2,1.0,1,16,oracle,68.0500
0.2,1.0,1,17,snr-greedy-loss,60.4750
0.2,1.0,1,17,belief,60.4750
0.2,1.0,1,17,ewma,58.3750
0.2,1.0,1,17,saf-adaptive,62.3500
0.2,1.0,1,17,oracle,68.4250
0.2,1.0,1,18,snr-greedy-loss,60.2250
0.2,1.0,1,18,belief,61.2500
0.2,1.0,1,18,ewma,60.0750
0.2,1.0,1,18,saf-adaptive,62.6250
0.2,1.0,1,18,oracle,68.7000
0.2,1.0,1,19,snr-greedy-loss,60.5000
0.2,1.0,1,19,belief,60.6750
0.2,1.0,1,19,ewma,56.0000
0.2,1.0,1,19,saf-adaptive,61.6500
0.2,1.0,1,19,oracle,68.3250
0.2,1.0,2,0,snr-greedy-loss,58.0000
0.2,1.0,2,0,belief,58.7750
0.2,1.0,2,0,ewma,58.6250
0.2,1.0,2,0,saf-adaptive,61.3000
0.2,1.0,2,0,oracle,68.5500
0.2,1.0,2,1,snr-greedy-loss,58.7250
0.2,1.0,2,1,belief,58.9750
0.2,1.0,2,1,ewma,57.3750
0.2,1.0,2,1,saf-adaptive,60.4250
0.2,1.0,2,1,oracle,69.0750
0.2,1.0,2,2,snr-greedy-loss,57.9500
0.2,1.0,2,2,belief,58.2500
0.2,1.0,2,2,ewma,56.8750
0.2,1.0,2,2,saf-adaptive,60.9750
0.2,1.0,2,2,oracle,67.9500
0.2,1.0,2,3,snr-greedy-loss,57.9750
0.2,1.0,2,3,belief,58.0000
0.2,1.0,2,3,ewma,56.2000
0.2,1.0,2,3,saf-adaptive,59.6750
0.2,1.0,2,3,oracle,68.6500
0.2,1.0,2,4,snr-greedy-loss,57.4250
0.2,1.0,2,4,belief,58.3500
0.2,1.0,2,4,ewma,58.1250
0.2,1.0,2,4,saf-adaptive,60.2000
0.2,1.0,2,4,oracle,67.9500
0.2,1.0,2,5,snr-greedy-loss,58.7250
0.2,1.0,2,5,belief,59.3000
0.2,1.0,2,5,ewma,58.4750
0.2,1.0,2,5,saf-adaptive,60.0000
0.2,1.0,2,5,oracle,68.4000
0.2,1.0,2,6,snr-greedy-loss,57.5000
0.2,1.0,2,6,belief,58.1750
0.2,1.0,2,6,ewma,58.4250
0.2,1.0,2,6,saf-adaptive,59.5250
0.2,1.0,2,6,oracle,67.9500
0.2,1.0,2,7,snr-greedy-loss,59.0000
0.2,1.0,2,7,belief,59.1250
0.2,1.0,2,7,ewma,56.7750
0.2,1.0,2,7,saf-adaptive,60.5500
0.2,1.0,2,7,oracle,68.3750
0.2,1.0,2,8,snr-greedy-loss,58.8750
0.2,1.0,2,8,belief,59.0000
0.2,1.0,2,8,ewma,57.2750
0.2,1.0,2,8,saf-adaptive,60.7500
0.2,1.0,2,8,oracle,68.5250
0.2,1.0,2,9,snr-greedy-loss,59.7500
0.2,1.0,2,9,belief,59.8750
0.2,1.0,2,9,ewma,56.9500
0.2,1.0,2,9,saf-adaptive,61.3000
0.2,1.0,2,9,oracle,68.5750
0.2,1.0,2,10,snr-greedy-loss,57.4750
0.2,1.0,2,10,belief,57.9750
0.2,1.0,2,10,ewma,57.4000
0.2,1.0,2,10,saf-adaptive,60.2500
0.2,1.0,2,10,oracle,68.1750
0.2,1.0,2,11,snr-greedy-loss,58.4250
0.2,1.0,2,11,belief,59.0500
0.2,1.0,2,11,ewma,57.7000
0.2,1.0,2,11,saf-adaptive,60.5750
0.2,1.0,2,11,oracle,68.3000
0.2,1.0,2,12,snr-greedy-loss,58.2250
0.2,1.0,2,12,belief,59.0250
0.2,1.0,2,12,ewma,59.8750
0.2,1.0,2,12,saf-adaptive,60.9250
0.2,1.0,2,12,oracle,68.9250
0.2,1.0,2,13,snr-greedy-loss,57.9000
0.2,1.0,2,13,belief,58.2750
0.2,1.0,2,13,ewma,56.6500
0.2,1.0,2,13,saf-adaptive,60.1000
0.2,1.0,2,13,oracle,67.6500
0.2,1.0,2,14,snr-greedy-loss,59.3250
0.2,1.0,2,14,belief,60.1250
0.2,1.0,2,14,ewma,59.7750
0.2,1.0,2,14,saf-adaptive,62.0000
0.2,1.0,2,14,oracle,69.4000
0.2,1.0,2,15,snr-greedy-loss,57.9750
0.2,1.0,2,15,belief,59.3500
0.2,1.0,2,15,ewma,57.5500
0.2,1.0,2,15,saf-adaptive,60.7000
0.2,1.0,2,15,oracle,68.6750
0.2,1.0,2,16,snr-greedy-loss,57.8500
0.2,1.0,2,16,belief,58.3500
0.2,1.0,2,16,ewma,56.5500
0.2,1.0,2,16,saf-adaptive,59.6250
0.2,1.0,2,16,oracle,68.0500
0.2,1.0,2,17,snr-greedy-loss,58.4250
0.2,1.0,2,17,belief,58.6250
0.2,1.0,2,17,ewma,59.5750
0.2,1.0,2,17,saf-adaptive,60.4000
0.2,1.0,2,17,oracle,68.4250
0.2,1.0,2,18,snr-greedy-loss,58.0250
0.2,1.0,2,18,belief,58.5000
0.2,1.0,2,18,ewma,59.0250
0.2,1.0,2,18,saf-adaptive,60.9250
0.2,1.0,2,18,oracle,68.7000
0.2,1.0,2,19,snr-greedy-loss,58.7250
0.2,1.0,2,19,belief,58.5000
0.2,1.0,2,19,ewma,55.6000
0.2,1.0,2,19,saf-adaptive,60.1250
0.2,1.0,2,19,oracle,68.3250
0.2,1.0,4,0,snr-greedy-loss,57.9000
0.2,1.0,4,0,belief,58.5000
0.2,1.0,4,0,ewma,57.3500
0.2,1.0,4,0,saf-adaptive,61.5250
0.2,1.0,4,0,oracle,68.5500
0.2,1.0,4,1,snr-greedy-loss,57.4750
0.2,1.0,4,1,belief,58.1000
0.2,1.0,4,1,ewma,57.7250
0.2,1.0,4,1,saf-adaptive,60.4000
0.2,1.0,4,1,oracle,69.0750
0.2,1.0,4,2,snr-greedy-loss,57.7000
0.2,1.0,4,2,belief,57.7500
0.2,1.0,4,2,ewma,59.4500
0.2,1.0,4,2,saf-adaptive,61.6000
0.2,1.0,4,2,oracle,67.9500
0.2,1.0,4,3,snr-greedy-loss,56.2000
0.2,1.0,4,3,belief,56.8750
0.2,1.0,4,3,ewma,57.8250
0.2,1.0,4,3,saf-adaptive,59.6750
0.2,1.0,4,3,oracle,68.6500
0.2,1.0,4,4,snr-greedy-loss,57.3250
0.2,1.0,4,4,belief,57.4000
0.2,1.0,4,4,ewma,57.9250
0.2,1.0,4,4,saf-adaptive,59.6000
0.2,1.0,4,4,oracle,67.9500
0.2,1.0,4,5,snr-greedy-loss,57.2250
0.2,1.0,4,5,belief,57.7500
0.2,1.0,4,5,ewma,58.2250
0.2,1.0,4,5,saf-adaptive,60.1000
0.2,1.0,4,5,oracle,68.4000
0.2,1.0,4,6,snr-greedy-loss,56.8000
0.2,1.0,4,6,belief,57.3750
0.2,1.0,4,6,ewma,58.4750
0.2,1.0,4,6,saf-adaptive,59.2000
0.2,1.0,4,6,oracle,67.9500
0.2,1.0,4,7,snr-greedy-loss,58.2250
0.2,1.0,4,7,belief,58.5500
0.2,1.0,4,7,ewma,57.3000
0.2,1.0,4,7,saf-adaptive,60.6250
0.2,1.0,4,7,oracle,68.3750
0.2,1.0,4,8,snr-greedy-loss,58.5250
0.2,1.0,4,8,belief,58.1250
0.2,1.0,4,8,ewma,58.0500
0.2,1.0,4,8,saf-adaptive,60.5250
0.2,1.0,4,8,oracle,68.5250
0.2,1.0,4,9,snr-greedy-loss,57.8750
0.2,1.0,4,9,belief,58.5500
0.2,1.0,4,9,ewma,57.2750
0.2,1.0,4,9,saf-adaptive,60.5750
0.2,1.0,4,9,oracle,68.5750
0.2,1.0,4,10,snr-greedy-loss,56.6500
0.2,1.0,4,10,belief,56.9250
0.2,1.0,4,10,ewma,58.1500
0.2,1.0,4,10,saf-adaptive,60.0750
0.2,1.0,4,10,oracle,68.1750
0.2,1.0,4,11,snr-greedy-loss,57.0000
0.2,1.0,4,11,belief,57.4500
0.2,1.0,4,11,ewma,57.7000
0.2,1.0,4,11,saf-adaptive,60.2250
0.2,1.0,4,11,oracle,68.3000
0.2,1.0,4,12,snr-greedy-loss,57.9750
0.2,1.0,4,12,belief,58.9250
0.2,1.0,4,12,ewma,57.9250
0.2,1.0,4,12,saf-adaptive,61.3500
0.2,1.0,4,12,oracle,68.9250
0.2,1.0,4,13,snr-greedy-loss,56.4500
0.2,1.0,4,13,belief,56.8000
0.2,1.0,4,13,ewma,55.9500
0.2,1.0,4,13,saf-adaptive,59.7500
0.2,1.0,4,13,oracle,67.6500
0.2,1.0,4,14,snr-greedy-loss,59.6250
0.2,1.0,4,14,belief,59.5000
0.2,1.0,4,14,ewma,59.2250
0.2,1.0,4,14,saf-adaptive,62.2250
0.2,1.0,4,14,oracle,69.4000
0.2,1.0,4,15,snr-greedy-loss,57.3750
0.2,1.0,4,15,belief,57.9250
0.2,1.0,4,15,ewma,57.7500
0.2,1.0,4,15,saf-adaptive,61.0250
0.2,1.0,4,15,oracle,68.6750
0.2,1.0,4,16,snr-greedy-loss,57.3000
0.2,1.0,4,16,belief,57.5250
0.2,1.0,4,16,ewma,56.9000
0.2,1.0,4,16,saf-adaptive,59.0750
0.2,1.0,4,16,oracle,68.0500
0.2,1.0,4,17,snr-greedy-loss,57.7500
0.2,1.0,4,17,belief,57.7250
0.2,1.0,4,17,ewma,58.5000
0.2,1.0,4,17,saf-adaptive,61.1750
0.2,1.0,4,17,oracle,68.4250
0.2,1.0,4,18,snr-greedy-loss,57.2000
0.2,1.0,4,18,belief,57.7250
0.2,1.0,4,18,ewma,59.1500
0.2,1.0,4,18,saf-adaptive,61.1750
0.2,1.0,4,18,oracle,68.7000
0.2,1.0,4,19,snr-greedy-loss,57.3500
0.2,1.0,4,19,belief,56.7750
0.2,1.0,4,19,ewma,56.4250
0.2,1.0,4,19,saf-adaptive,59.9500
0.2,1.0,4,19,oracle,68.3250
0.2,1.0,8,0,snr-greedy-loss,57.2250
0.2,1.0,8,0,belief,57.8500
0.2,1.0,8,0,ewma,59.1500
0.2,1.0,8,0,saf-adaptive,61.5250
0.2,1.0,8,0,oracle,68.5500
0.2,1.0,8,1,snr-greedy-loss,57.3500
0.2,1.0,8,1,belief,57.6250
0.2,1.0,8,1,ewma,58.9500
0.2,1.0,8,1,saf-adaptive,60.2000
0.2,1.0,8,1,oracle,69.0750
0.2,1.0,8,2,snr-greedy-loss,57.9750
0.2,1.0,8,2,belief,58.5750
0.2,1.0,8,2,ewma,58.5750
0.2,1.0,8,2,saf-adaptive,61.5500
0.2,1.0,8,2,oracle,67.9500
0.2,1.0,8,3,snr-greedy-loss,56.9250
0.2,1.0,8,3,belief,56.8750
0.2,1.0,8,3,ewma,57.9750
0.2,1.0,8,3,saf-adaptive,59.4250
0.2,1.0,8,3,oracle,68.6500
0.2,1.0,8,4,snr-greedy-loss,56.1250
0.2,1.0,8,4,belief,56.6250
0.2,1.0,8,4,ewma,56.6500
0.2,1.0,8,4,saf-adaptive,59.9250
0.2,1.0,8,4,oracle,67.9500
0.2,1.0,8,5,snr-greedy-loss,57.4500
0.2,1.0,8,5,belief,57.6000
0.2,1.0,8,5,ewma,58.8750
0.2,1.0,8,5,saf-adaptive,60.0250
0.2,1.0,8,5,oracle,68.4000
0.2,1.0,8,6,snr-greedy-loss,56.8500
0.2,1.0,8,6,belief,57.2500
0.2,1.0,8,6,ewma,57.2000
0.2,1.0,8,6,saf-adaptive,59.4500
0.2,1.0,8,6,oracle,67.9500
0.2,1.0,8,7,snr-greedy-loss,57.2750
0.2,1.0,8,7,belief,58.0000
0.2,1.0,8,7,ewma,57.7000
0.2,1.0,8,7,saf-adaptive,60.3500
0.2,1.0,8,7,oracle,68.3750
0.2,1.0,8,8,snr-greedy-loss,57.5750
0.2,1.0,8,8,belief,58.0750
0.2,1.0,8,8,ewma,58.8750
0.2,1.0,8,8,saf-adaptive,60.4250
0.2,1.0,8,8,oracle,68.5250
0.2,1.0,8,9,snr-greedy-loss,56.8750
0.2,1.0,8,9,belief,56.8000
0.2,1.0,8,9,ewma,58.1000
0.2,1.0,8,9,saf-adaptive,60.2500
0.2,1.0,8,9,oracle,68.5750
0.2,1.0,8,10,snr-greedy-loss,55.9500
0.2,1.0,8,10,belief,56.6750
0.2,1.0,8,10,ewma,58.1000
0.2,1.0,8,10,saf-adaptive,60.1500
0.2,1.0,8,10,oracle,68.1750
0.2,1.0,8,11,snr-greedy-loss,57.1500
0.2,1.0,8,11,belief,57.2250
0.2,1.0,8,11,ewma,56.1750
0.2,1.0,8,11,saf-adaptive,60.2500
0.2,1.0,8,11,oracle,68.3000
0.2,1.0,8,12,snr-greedy-loss,57.5500
0.2,1.0,8,12,belief,58.4250
0.2,1.0,8,12,ewma,58.6500
0.2,1.0,8,12,saf-adaptive,61.2500
0.2,1.0,8,12,oracle,68.9250
0.2,1.0,8,13,snr-greedy-loss,56.5500
0.2,1.0,8,13,belief,56.9500
0.2,1.0,8,13,ewma,57.8500
0.2,1.0,8,13,saf-adaptive,59.7250
0.2,1.0,8,13,oracle,67.6500
0.2,1.0,8,14,snr-greedy-loss,58.3000
0.2,1.0,8,14,belief,58.4000
0.2,1.0,8,14,ewma,57.1500
0.2,1.0,8,14,saf-adaptive,61.7500
0.2,1.0,8,14,oracle,69.4000
0.2,1.0,8,15,snr-greedy-loss,57.1750
0.2,1.0,8,15,belief,57.5750
0.2,1.0,8,15,ewma,58.8000
0.2,1.0,8,15,saf-adaptive,60.8000
0.2,1.0,8,15,oracle,68.6750
0.2,1.0,8,16,snr-greedy-loss,56.9750
0.2,1.0,8,16,belief,56.9750
0.2,1.0,8,16,ewma,56.6250
0.2,1.0,8,16,saf-adaptive,59.0750
0.2,1.0,8,16,oracle,68.0500
0.2,1.0,8,17,snr-greedy-loss,57.2000
0.2,1.0,8,17,belief,57.3500
0.2,1.0,8,17,ewma,57.0500
0.2,1.0,8,17,saf-adaptive,61.1000
0.2,1.0,8,17,oracle,68.4250
0.2,1.0,8,18,snr-greedy-loss,56.3000
0.2,1.0,8,18,belief,56.9000
0.2,1.0,8,18,ewma,59.0250
0.2,1.0,8,18,saf-adaptive,60.7250
0.2,1.0,8,18,oracle,68.7000
0.2,1.0,8,19,snr-greedy-loss,56.5250
0.2,1.0,8,19,belief,56.5500
0.2,1.0,8,19,ewma,58.4500
0.2,1.0,8,19,saf-adaptive,59.9500
0.2,1.0,8,19,oracle,68.3250
0.2,0.75,0,0,snr-greedy-loss,64.5750
0.2,0.75,0,0,belief,65.6500
0.2,0.75,0,0,ewma,59.4000
0.2,0.75,0,0,saf-adaptive,65.6500
0.2,0.75,0,0,oracle,68.3500
0.2,0.75,0,1,snr-greedy-loss,65.4000
0.2,0.75,0,1,belief,65.6000
0.2,0.75,0,1,ewma,58.0250
0.2,0.75,0,1,saf-adaptive,65.6000
0.2,0.75,0,1,oracle,68.6000
0.2,0.75,0,2,snr-greedy-loss,64.9000
0.2,0.75,0,2,belief,65.2000
0.2,0.75,0,2,ewma,57.6750
0.2,0.75,0,2,saf-adaptive,65.2750
0.2,0.75,0,2,oracle,68.1250
0.2,0.75,0,3,snr-greedy-loss,65.4250
0.2,0.75,0,3,belief,65.7000
0.2,0.75,0,3,ewma,58.9500
0.2,0.75,0,3,saf-adaptive,65.6500
0.2,0.75,0,3,oracle,68.9500
0.2,0.75,0,4,snr-greedy-loss,63.8000
0.2,0.75,0,4,belief,64.0250
0.2,0.75,0,4,ewma,56.9500
0.2,0.75,0,4,saf-adaptive,64.0000
0.2,0.75,0,4,oracle,67.7500
0.2,0.75,0,5,snr-greedy-loss,65.0000
0.2,0.75,0,5,belief,64.9750
0.2,0.75,0,5,ewma,58.1750
0.2,0.75,0,5,saf-adaptive,65.0000
0.2,0.75,0,5,oracle,68.6250
0.2,0.75,0,6,snr-greedy-loss,64.3000
0.2,0.75,0,6,belief,64.5750
0.2,0.75,0,6,ewma,58.8000
0.2,0.75,0,6,saf-adaptive,64.5500
0.2,0.75,0,6,oracle,67.7250
0.2,0.75,0,7,snr-greedy-loss,65.3250
0.2,0.75,0,7,belief,65.4000
0.2,0.75,0,7,ewma,57.6000
0.2,0.75,0,7,saf-adaptive,65.4000
0.2,0.75,0,7,oracle,68.3500
0.2,0.75,0,8,snr-greedy-loss,65.1750
0.2,0.75,0,8,belief,65.6500
0.2,0.75,0,8,ewma,58.0250
0.2,0.75,0,8,saf-adaptive,65.5750
0.2,0.75,0,8,oracle,68.8250
0.2,0.75,0,9,snr-greedy-loss,64.7750
0.2,0.75,0,9,belief,65.0250
0.2,0.75,0,9,ewma,57.2500
0.2,0.75,0,9,saf-adaptive,65.0500
0.2,0.75,0,9,oracle,68.2250
0.2,0.75,0,10,snr-greedy-loss,64.5000
0.2,0.75,0,10,belief,65.1250
0.2,0.75,0,10,ewma,58.7500
0.2,0.75,0,10,saf-adaptive,65.1250
0.2,0.75,0,10,oracle,68.3750
0.2,0.75,0,11,snr-greedy-loss,64.5750
0.2,0.75,0,11,belief,65.2500
0.2,0.75,0,11,ewma,56.5500
0.2,0.75,0,11,saf-adaptive,65.2250
0.2,0.75,0,11,oracle,68.4000
0.2,0.75,0,12,snr-greedy-loss,65.1500
0.2,0.75,0,12,belief,65.4250
0.2,0.75,0,12,ewma,58.7500
0.2,0.75,0,12,saf-adaptive,65.4000
0.2,0.75,0,12,oracle,68.5250
0.2,0.75,0,13,snr-greedy-loss,63.7500
0.2,0.75,0,13,belief,64.1750
0.2,0.75,0,13,ewma,58.4250
0.2,0.75,0,13,saf-adaptive,64.2250
0.2,0.75,0,13,oracle,67.5750
0.2,0.75,0,14,snr-greedy-loss,65.6500
0.2,0.75,0,14,belief,65.7500
0.2,0.75,0,14,ewma,60.1000
0.2,0.75,0,14,saf-adaptive,65.6000
0.2,0.75,0,14,oracle,68.7000
0.2,0.75,0,15,snr-greedy-loss,64.7000
0.2,0.75,0,15,belief,64.7500
0.2,0.75,0,15,ewma,57.7500
0.2,0.75,0,15,saf-adaptive,64.7500
0.2,0.75,0,15,oracle,68.5000
0.2,0.75,0,16,snr-greedy-loss,64.4250
0.2,0.75,0,16,belief,64.8750
0.2,0.75,0,16,ewma,58.1000
0.2,0.75,0,16,saf-adaptive,64.8250
0.2,0.75,0,16,oracle,67.9750
0.2,0.75,0,17,snr-greedy-loss,65.1250
0.2,0.75,0,17,belief,65.6000
0.2,0.75,0,17,ewma,59.3250
0.2,0.75,0,17,saf-adaptive,65.5750
0.2,0.75,0,17,oracle,68.6000
0.2,0.75,0,18,snr-greedy-loss,64.6250
0.2,0.75,0,18,belief,65.4250
0.2,0.75,0,18,ewma,59.6000
0.2,0.75,0,18,saf-adaptive,65.4250
0.2,0.75,0,18,oracle,68.4750
0.2,0.75,0,19,snr-greedy-loss,64.8250
0.2,0.75,0,19,belief,64.8500
0.2,0.75,0,19,ewma,56.0750
0.2,0.75,0,19,saf-adaptive,64.8000
0.2,0.75,0,19,oracle,67.9750
0.2,0.75,1,0,snr-greedy-loss,59.3250
0.2,0.75,1,0,belief,60.4250
0.2,0.75,1,0,ewma,58.8250
0.2,0.75,1,0,saf-adaptive,62.1250
0.2,0.75,1,0,oracle,68.3500
0.2,0.75,1,1,snr-greedy-loss,60.1750
0.2,0.75,1,1,belief,60.4750
0.2,0.75,1,1,ewma,59.6250
0.2,0.75,1,1,saf-adaptive,61.4750
0.2,0.75,1,1,oracle,68.6000
0.2,0.75,1,2,snr-greedy-loss,59.9250
0.2,0.75,1,2,belief,60.3000
0.2,0.75,1,2,ewma,58.2500
0.2,0.75,1,2,saf-adaptive,62.1500
0.2,0.75,1,2,oracle,68.1250
0.2,0.75,1,3,snr-greedy-loss,59.4250
0.2,0.75,1,3,belief,59.9500
0.2,0.75,1,3,ewma,58.2500
0.2,0.75,1,3,saf-adaptive,61.3500
0.2,0.75,1,3,oracle,68.9500
0.2,0.75,1,4,snr-greedy-loss,58.1750
0.2,0.75,1,4,belief,59.0750
0.2,0.75,1,4,ewma,58.0750
0.2,0.75,1,4,saf-adaptive,60.5750
0.2,0.75,1,4,oracle,67.7500
0.2,0.75,1,5,snr-greedy-loss,60.0250
0.2,0.75,1,5,belief,60.4750
0.2,0.75,1,5,ewma,58.8750
0.2,0.75,1,5,saf-adaptive,61.3750
0.2,0.75,1,5,oracle,68.6250
0.2,0.75,1,6,snr-greedy-loss,58.5500
0.2,0.75,1,6,belief,59.4000
0.2,0.75,1,6,ewma,58.3250
0.2,0.75,1,6,saf-adaptive,60.7750
0.2,0.75,1,6,oracle,67.7250
0.2,0.75,1,7,snr-greedy-loss,60.0000
0.2,0.75,1,7,belief,60.3250
0.2,0.75,1,7,ewma,58.3750
0.2,0.75,1,7,saf-adaptive,61.3750
0.2,0.75,1,7,oracle,68.3500
0.2,0.75,1,8,snr-greedy-loss,60.8250
0.2,0.75,1,8,belief,61.2750
0.2,0.75,1,8,ewma,57.8000
0.2,0.75,1,8,saf-adaptive,62.1750
0.2,0.75,1,8,oracle,68.8250
0.2,0.75,1,9,snr-greedy-loss,59.7750
0.2,0.75,1,9,belief,60.5500
0.2,0.75,1,9,ewma,56.1500
0.2,0.75,1,9,saf-adaptive,61.1750
0.2,0.75,1,9,oracle,68.2250
0.2,0.75,1,10,snr-greedy-loss,59.2750
0.2,0.75,1,10,belief,60.0250
0.2,0.75,1,10,ewma,56.7500
0.2,0.75,1,10,saf-adaptive,61.3000
0.2,0.75,1,10,oracle,68.3750
0.2,0.75,1,11,snr-greedy-loss,60.1750
0.2,0.75,1,11,belief,60.5750
0.2,0.75,1,11,ewma,57.1750
0.2,0.75,1,11,saf-adaptive,62.0750
0.2,0.75,1,11,oracle,68.4000
0.2,0.75,1,12,snr-greedy-loss,59.5500
0.2,0.75,1,12,belief,60.0000
0.2,0.75,1,12,ewma,58.8250
0.2,0.75,1,12,saf-adaptive,62.0500
0.2,0.75,1,12,oracle,68.5250
0.2,0.75,1,13,snr-greedy-loss,58.9500
0.2,0.75,1,13,belief,59.6750
0.2,0.75,1,13,ewma,58.5500
0.2,0.75,1,13,saf-adaptive,60.9500
0.2,0.75,1,13,oracle,67.5750
0.2,0.75,1,14,snr-greedy-loss,60.3250
0.2,0.75,1,14,belief,60.6250
0.2,0.75,1,14,ewma,59.2750
0.2,0.75,1,14,saf-adaptive,62.3000
0.2,0.75,1,14,oracle,68.7000
0.2,0.75,1,15,snr-greedy-loss,59.3000
0.2,0.75,1,15,belief,59.7750
0.2,0.75,1,15,ewma,58.5750
0.2,0.75,1,15,saf-adaptive,61.3750
0.2,0.75,1,15,oracle,68.5000
0.2,0.75,1,16,snr-greedy-loss,58.9000
0.2,0.75,1,16,belief,59.4250
0.2,0.75,1,16,ewma,57.4500
0.2,0.75,1,16,saf-adaptive,60.4500
0.2,0.75,1,16,oracle,67.9750
0.2,0.75,1,17,snr-greedy-loss,60.0500
0.2,0.75,1,17,belief,59.9500
0.2,0.75,1,17,ewma,58.5250
0.2,0.75,1,17,saf-adaptive,62.0500
0.2,0.75,1,17,oracle,68.6000
0.2,0.75,1,18,snr-greedy-loss,59.7500
0.2,0.75,1,18,belief,60.5250
0.2,0.75,1,18,ewma,58.1500
0.2,0.75,1,18,saf-adaptive,61.6500
0.2,0.75,1,18,oracle,68.4750
0.2,0.75,1,19,snr-greedy-loss,59.7250
0.2,0.75,1,19,belief,59.6500
0.2,0.75,1,19,ewma,56.5500
0.2,0.75,1,19,saf-adaptive,60.8000
0.2,0.75,1,19,oracle,67.9750
0.2,0.75,2,0,snr-greedy-loss,58.4000
0.2,0.75,2,0,belief,58.9000
0.2,0.75,2,0,ewma,57.3500
0.2,0.75,2,0,saf-adaptive,61.0750
0.2,0.75,2,0,oracle,68.3500
0.2,0.75,2,1,snr-greedy-loss,58.4500
0.2,0.75,2,1,belief,58.7250
0.2,0.75,2,1,ewma,59.3750
0.2,0.75,2,1,saf-adaptive,60.1750
0.2,0.75,2,1,oracle,68.6000
0.2,0.75,2,2,snr-greedy-loss,58.1750
0.2,0.75,2,2,belief,58.4500
0.2,0.75,2,2,ewma,57.5750
0.2,0.75,2,2,saf-adaptive,61.0750
0.2,0.75,2,2,oracle,68.1250
0.2,0.75,2,3,snr-greedy-loss,58.3250
0.2,0.75,2,3,belief,58.1750
0.2,0.75,2,3,ewma,58.2500
0.2,0.75,2,3,saf-adaptive,60.3500
0.2,0.75,2,3,oracle,68.9500
0.2,0.75,2,4,snr-greedy-loss,56.9750
0.2,0.75,2,4,belief,57.7750
0.2,0.75,2,4,ewma,57.9750
0.2,0.75,2,4,saf-adaptive,59.5750
0.2,0.75,2,4,oracle,67.7500
0.2,0.75,2,5,snr-greedy-loss,58.3500
0.2,0.75,2,5,belief,58.7250
0.2,0.75,2,5,ewma,58.3500
0.2,0.75,2,5,saf-adaptive,59.7250
0.2,0.75,2,5,oracle,68.6250
0.2,0.75,2,6,snr-greedy-loss,57.6250
0.2,0.75,2,6,belief,58.4250
0.2,0.75,2,6,ewma,57.2250
0.2,0.75,2,6,saf-adaptive,59.5750
0.2,0.75,2,6,oracle,67.7250
0.2,0.75,2,7,snr-greedy-loss,58.8750
0.2,0.75,2,7,belief,59.0500
0.2,0.75,2,7,ewma,56.6500
0.2,0.75,2,7,saf-adaptive,60.2000
0.2,0.75,2,7,oracle,68.3500
0.2,0.75,2,8,snr-greedy-loss,58.6000
0.2,0.75,2,8,belief,59.1750
0.2,0.75,2,8,ewma,58.0500
0.2,0.75,2,8,saf-adaptive,60.9000
0.2,0.75,2,8,oracle,68.8250
0.2,0.75,2,9,snr-greedy-loss,58.6500
0.2,0.75,2,9,belief,58.8000
0.2,0.75,2,9,ewma,56.2500
0.2,0.75,2,9,saf-adaptive,60.0500
0.2,0.75,2,9,oracle,68.2250
0.2,0.75,2,10,snr-greedy-loss,57.6750
0.2,0.75,2,10,belief,58.1250
0.2,0.75,2,10,ewma,56.3500
0.2,0.75,2,10,saf-adaptive,60.3250
0.2,0.75,2,10,oracle,68.3750
0.2,0.75,2,11,snr-greedy-loss,58.0500
0.2,0.75,2,11,belief,58.7000
0.2,0.75,2,11,ewma,57.3000
0.2,0.75,2,11,saf-adaptive,61.1000
0.2,0.75,2,11,oracle,68.4000
0.2,0.75,2,12,snr-greedy-loss,57.8750
0.2,0.75,2,12,belief,58.3750
0.2,0.75,2,12,ewma,59.8000
0.2,0.75,2,12,saf-adaptive,60.3750
0.2,0.75,2,12,oracle,68.5250
0.2,0.75,2,13,snr-greedy-loss,57.3000
0.2,0.75,2,13,belief,57.5750
0.2,0.75,2,13,ewma,57.3250
0.2,0.75,2,13,saf-adaptive,59.4000
0.2,0.75,2,13,oracle,67.5750
0.2,0.75,2,14,snr-greedy-loss,58.7250
0.2,0.75,2,14,belief,59.1500
0.2,0.75,2,14,ewma,59.0000
0.2,0.75,2,14,saf-adaptive,61.2250
0.2,0.75,2,14,oracle,68.7000
0.2,0.75,2,15,snr-greedy-loss,57.6250
0.2,0.75,2,15,belief,58.8750
0.2,0.75,2,15,ewma,56.0750
0.2,0.75,2,15,saf-adaptive,60.4250
0.2,0.75,2,15,oracle,68.5000
0.2,0.75,2,16,snr-greedy-loss,57.5750
0.2,0.75,2,16,belief,58.1000
0.2,0.75,2,16,ewma,57.9750
0.2,0.75,2,16,saf-adaptive,59.1250
0.2,0.75,2,16,oracle,67.9750
0.2,0.75,2,17,snr-greedy-loss,59.1250
0.2,0.75,2,17,belief,59.1250
0.2,0.75,2,17,ewma,59.9750
0.2,0.75,2,17,saf-adaptive,61.0000
0.2,0.75,2,17,oracle,68.6000
0.2,0.75,2,18,snr-greedy-loss,57.6500
0.2,0.75,2,18,belief,58.4000
0.2,0.75,2,18,ewma,58.0500
0.2,0.75,2,18,saf-adaptive,60.7000
0.2,0.75,2,18,oracle,68.4750
0.2,0.75,2,19,snr-greedy-loss,57.9750
0.2,0.75,2,19,belief,57.9000
0.2,0.75,2,19,ewma,55.9000
0.2,0.75,2,19,saf-adaptive,59.5750
0.2,0.75,2,19,oracle,67.9750
0.2,0.75,4,0,snr-greedy-loss,57.8750
0.2,0.75,4,0,belief,58.3250
0.2,0.75,4,0,ewma,57.8000
0.2,0.75,4,0,saf-adaptive,61.1500
0.2,0.75,4,0,oracle,68.3500
0.2,0.75,4,1,snr-greedy-loss,57.2250
0.2,0.75,4,1,belief,57.7750
0.2,0.75,4,1,ewma,58.8250
0.2,0.75,4,1,saf-adaptive,60.0250
0.2,0.75,4,1,oracle,68.6000
0.2,0.75,4,2,snr-greedy-loss,57.8250
0.2,0.75,4,2,belief,57.9000
0.2,0.75,4,2,ewma,58.5500
0.2,0.75,4,2,saf-adaptive,61.6500
0.2,0.75,4,2,oracle,68.1250
0.2,0.75,4,3,snr-greedy-loss,56.6750
0.2,0.75,4,3,belief,57.3500
0.2,0.75,4,3,ewma,58.3500
0.2,0.75,4,3,saf-adaptive,60.1750
0.2,0.75,4,3,oracle,68.9500
0.2,0.75,4,4,snr-greedy-loss,56.7750
0.2,0.75,4,4,belief,56.6000
0.2,0.75,4,4,ewma,58.0000
0.2,0.75,4,4,saf-adaptive,59.3000
0.2,0.75,4,4,oracle,67.7500
0.2,0.75,4,5,snr-greedy-loss,56.9000
0.2,0.75,4,5,belief,57.8500
0.2,0.75,4,5,ewma,58.5750
0.2,0.75,4,5,saf-adaptive,59.9750
0.2,0.75,4,5,oracle,68.6250
0.2,0.75,4,6,snr-greedy-loss,57.0000
0.2,0.75,4,6,belief,57.7750
0.2,0.75,4,6,ewma,58.4000
0.2,0.75,4,6,saf-adaptive,59.8500
0.2,0.75,4,6,oracle,67.7250
0.2,0.75,4,7,snr-greedy-loss,58.1750
0.2,0.75,4,7,belief,58.5500
0.2,0.75,4,7,ewma,57.8750
0.2,0.75,4,7,saf-adaptive,60.8750
0.2,0.75,4,7,oracle,68.3500
0.2,0.75,4,8,snr-greedy-loss,58.3250
0.2,0.75,4,8,belief,58.1000
0.2,0.75,4,8,ewma,57.7500
0.2,0.75,4,8,saf-adaptive,60.7000
0.2,0.75,4,8,oracle,68.8250
0.2,0.75,4,9,snr-greedy-loss,57.1750
0.2,0.75,4,9,belief,57.6000
0.2,0.75,4,9,ewma,56.6000
0.2,0.75,4,9,saf-adaptive,59.5500
0.2,0.75,4,9,oracle,68.2250
0.2,0.75,4,10,snr-greedy-loss,56.9750
0.2,0.75,4,10,belief,57.4250
0.2,0.75,4,10,ewma,56.8750
0.2,0.75,4,10,saf-adaptive,60.5750
0.2,0.75,4,10,oracle,68.3750
0.2,0.75,4,11,snr-greedy-loss,57.1500
0.2,0.75,4,11,belief,57.4000
0.2,0.75,4,11,ewma,57.0500
0.2,0.75,4,11,saf-adaptive,60.8000
0.2,0.75,4,11,oracle,68.4000
0.2,0.75,4,12,snr-greedy-loss,57.5750
0.2,0.75,4,12,belief,58.5750
0.2,0.75,4,12,ewma,59.2500
0.2,0.75,4,12,saf-adaptive,61.0500
0.2,0.75,4,12,oracle,68.5250
0.2,0.75,4,13,snr-greedy-loss,56.2750
0.2,0.75,4,13,belief,56.4000
0.2,0.75,4,13,ewma,57.3750
0.2,0.75,4,13,saf-adaptive,59.5500
0.2,0.75,4,13,oracle,67.5750
0.2,0.75,4,14,snr-greedy-loss,58.4750
0.2,0.75,4,14,belief,58.3000
0.2,0.75,4,14,ewma,58.7500
0.2,0.75,4,14,saf-adaptive,61.4250
0.2,0.75,4,14,oracle,68.7000
0.2,0.75,4,15,snr-greedy-loss,57.5500
0.2,0.75,4,15,belief,57.9000
0.2,0.75,4,15,ewma,56.9500
0.2,0.75,4,15,saf-adaptive,61.0250
0.2,0.75,4,15,oracle,68.5000
0.2,0.75,4,16,snr-greedy-loss,57.3000
0.2,0.75,4,16,belief,57.5000
0.2,0.75,4,16,ewma,58.1000
0.2,0.75,4,16,saf-adaptive,59.0250
0.2,0.75,4,16,oracle,67.9750
0.2,0.75,4,17,snr-greedy-loss,57.8250
0.2,0.75,4,17,belief,58.2500
0.2,0.75,4,17,ewma,57.8250
0.2,0.75,4,17,saf-adaptive,61.5000
0.2,0.75,4,17,oracle,68.6000
0.2,0.75,4,18,snr-greedy-loss,57.0750
0.2,0.75,4,18,belief,57.7500
0.2,0.75,4,18,ewma,58.2000
0.2,0.75,4,18,saf-adaptive,60.9250
0.2,0.75,4,18,oracle,68.4750
0.2,0.75,4,19,snr-greedy-loss,57.2250
0.2,0.75,4,19,belief,56.9250
0.2,0.75,4,19,ewma,56.8000
0.2,0.75,4,19,saf-adaptive,59.9000
0.2,0.75,4,19,oracle,67.9750
0.2,0.75,8,0,snr-greedy-loss,56.9000
0.2,0.75,8,0,belief,57.2750
0.2,0.75,8,0,ewma,59.4500
0.2,0.75,8,0,saf-adaptive,61.1500
0.2,0.75,8,0,oracle,68.3500
0.2,0.75,8,1,snr-greedy-loss,56.6000
0.2,0.75,8,1,belief,57.2750
0.2,0.75,8,1,ewma,58.8000
0.2,0.75,8,1,saf-adaptive,60.1500
0.2,0.75,8,1,oracle,68.6000
0.2,0.75,8,2,snr-greedy-loss,58.1000
0.2,0.75,8,2,belief,58.9000
0.2,0.75,8,2,ewma,58.8750
0.2,0.75,8,2,saf-adaptive,61.6250
0.2,0.75,8,2,oracle,68.1250
0.2,0.75,8,3,snr-greedy-loss,57.3000
0.2,0.75,8,3,belief,57.4750
0.2,0.75,8,3,ewma,58.0750
0.2,0.75,8,3,saf-adaptive,59.6000
0.2,0.75,8,3,oracle,68.9500
0.2,0.75,8,4,snr-greedy-loss,56.0000
0.2,0.75,8,4,belief,56.1500
0.2,0.75,8,4,ewma,57.2750
0.2,0.75,8,4,saf-adaptive,59.5750
0.2,0.75,8,4,oracle,67.7500
0.2,0.75,8,5,snr-greedy-loss,57.3250
0.2,0.75,8,5,belief,57.3750
0.2,0.75,8,5,ewma,58.5000
0.2,0.75,8,5,saf-adaptive,59.8000
0.2,0.75,8,5,oracle,68.6250
0.2,0.75,8,6,snr-greedy-loss,57.2250
0.2,0.75,8,6,belief,57.2500
0.2,0.75,8,6,ewma,57.0500
0.2,0.75,8,6,saf-adaptive,60.2250
0.2,0.75,8,6,oracle,67.7250
0.2,0.75,8,7,snr-greedy-loss,57.7750
0.2,0.75,8,7,belief,57.8750
0.2,0.75,8,7,ewma,58.4000
0.2,0.75,8,7,saf-adaptive,60.7250
0.2,0.75,8,7,oracle,68.3500
0.2,0.75,8,8,snr-greedy-loss,57.5750
0.2,0.75,8,8,belief,58.0000
0.2,0.75,8,8,ewma,58.9250
0.2,0.75,8,8,saf-adaptive,60.6250
0.2,0.75,8,8,oracle,68.8250
0.2,0.75,8,9,snr-greedy-loss,56.9000
0.2,0.75,8,9,belief,56.7500
0.2,0.75,8,9,ewma,57.0750
0.2,0.75,8,9,saf-adaptive,59.3250
0.2,0.75,8,9,oracle,68.2250
0.2,0.75,8,10,snr-greedy-loss,56.3500
0.2,0.75,8,10,belief,57.0250
0.2,0.75,8,10,ewma,57.5500
0.2,0.75,8,10,saf-adaptive,60.7000
0.2,0.75,8,10,oracle,68.3750
0.2,0.75,8,11,snr-greedy-loss,57.0250
0.2,0.75,8,11,belief,57.2500
0.2,0.75,8,11,ewma,57.8750
0.2,0.75,8,11,saf-adaptive,60.7750
0.2,0.75,8,11,oracle,68.4000
0.2,0.75,8,12,snr-greedy-loss,57.3250
0.2,0.75,8,12,belief,58.2000
0.2,0.75,8,12,ewma,59.2250
0.2,0.75,8,12,saf-adaptive,60.9000
0.2,0.75,8,12,oracle,68.5250
0.2,0.75,8,13,snr-greedy-loss,56.4000
0.2,0.75,8,13,belief,56.7500
0.2,0.75,8,13,ewma,57.1500
0.2,0.75,8,13,saf-adaptive,59.4500
0.2,0.75,8,13,oracle,67.5750
0.2,0.75,8,14,snr-greedy-loss,57.7750
0.2,0.75,8,14,belief,57.8000
0.2,0.75,8,14,ewma,57.1000
0.2,0.75,8,14,saf-adaptive,60.8750
0.2,0.75,8,14,oracle,68.7000
0.2,0.75,8,15,snr-greedy-loss,57.3250
0.2,0.75,8,15,belief,57.8500
0.2,0.75,8,15,ewma,58.3250
0.2,0.75,8,15,saf-adaptive,60.9500
0.2,0.75,8,15,oracle,68.5000
0.2,0.75,8,16,snr-greedy-loss,56.7750
0.2,0.75,8,16,belief,56.8750
0.2,0.75,8,16,ewma,56.4750
0.2,0.75,8,16,saf-adaptive,58.9500
0.2,0.75,8,16,oracle,67.9750
0.2,0.75,8,17,snr-greedy-loss,57.3000
0.2,0.75,8,17,belief,57.8000
0.2,0.75,8,17,ewma,58.9500
0.2,0.75,8,17,saf-adaptive,61.6000
0.2,0.75,8,17,oracle,68.6000
0.2,0.75,8,18,snr-greedy-loss,56.4000
0.2,0.75,8,18,belief,57.3250
0.2,0.75,8,18,ewma,57.6500
0.2,0.75,8,18,saf-adaptive,60.3500
0.2,0.75,8,18,oracle,68.4750
0.2,0.75,8,19,snr-greedy-loss,56.2750
0.2,0.75,8,19,belief,56.3500
0.2,0.75,8,19,ewma,56.7750
0.2,0.75,8,19,saf-adaptive,59.8250
0.2,0.75,8,19,oracle,67.9750
0.2,0.5,0,0,snr-greedy-loss,62.2750
0.2,0.5,0,0,belief,63.3250
0.2,0.5,0,0,ewma,59.6750
0.2,0.5,0,0,saf-adaptive,63.2750
0.2,0.5,0,0,oracle,68.6250
0.2,0.5,0,1,snr-greedy-loss,61.8250
0.2,0.5,0,1,belief,62.1250
0.2,0.5,0,1,ewma,57.5250
0.2,0.5,0,1,saf-adaptive,62.1750
0.2,0.5,0,1,oracle,68.3750
0.2,0.5,0,2,snr-greedy-loss,62.7500
0.2,0.5,0,2,belief,63.1500
0.2,0.5,0,2,ewma,58.9000
0.2,0.5,0,2,saf-adaptive,63.1750
0.2,0.5,0,2,oracle,68.3000
0.2,0.5,0,3,snr-greedy-loss,62.3500
0.2,0.5,0,3,belief,62.8250
0.2,0.5,0,3,ewma,59.0750
0.2,0.5,0,3,saf-adaptive,62.8500
0.2,0.5,0,3,oracle,68.3500
0.2,0.5,0,4,snr-greedy-loss,61.6000
0.2,0.5,0,4,belief,61.4250
0.2,0.5,0,4,ewma,57.3750
0.2,0.5,0,4,saf-adaptive,61.4000
0.2,0.5,0,4,oracle,68.1750
0.2,0.5,0,5,snr-greedy-loss,62.6250
0.2,0.5,0,5,belief,62.9500
0.2,0.5,0,5,ewma,58.2250
0.2,0.5,0,5,saf-adaptive,63.1500
0.2,0.5,0,5,oracle,68.7500
0.2,0.5,0,6,snr-greedy-loss,62.0000
0.2,0.5,0,6,belief,62.4000
0.2,0.5,0,6,ewma,58.9250
0.2,0.5,0,6,saf-adaptive,62.2000
0.2,0.5,0,6,oracle,68.4250
0.2,0.5,0,7,snr-greedy-loss,62.6000
0.2,0.5,0,7,belief,63.3500
0.2,0.5,0,7,ewma,57.7000
0.2,0.5,0,7,saf-adaptive,63.2750
0.2,0.5,0,7,oracle,68.5250
0.2,0.5,0,8,snr-greedy-loss,62.0250
0.2,0.5,0,8,belief,62.8250
0.2,0.5,0,8,ewma,58.2500
0.2,0.5,0,8,saf-adaptive,62.7000
0.2,0.5,0,8,oracle,68.7750
0.2,0.5,0,9,snr-greedy-loss,62.4000
0.2,0.5,0,9,belief,62.7000
0.2,0.5,0,9,ewma,57.9000
0.2,0.5,0,9,saf-adaptive,62.5500
0.2,0.5,0,9,oracle,67.9250
0.2,0.5,0,10,snr-greedy-loss,61.6250
0.2,0.5,0,10,belief,62.2500
0.2,0.5,0,10,ewma,58.9000
0.2,0.5,0,10,saf-adaptive,62.2000
0.2,0.5,0,10,oracle,68.5750
0.2,0.5,0,11,snr-greedy-loss,62.1250
0.2,0.5,0,11,belief,62.4000
0.2,0.5,0,11,ewma,56.9750
0.2,0.5,0,11,saf-adaptive,62.4500
0.2,0.5,0,11,oracle,68.7750
0.2,0.5,0,12,snr-greedy-loss,62.6000
0.2,0.5,0,12,belief,62.8500
0.2,0.5,0,12,ewma,59.1000
0.2,0.5,0,12,saf-adaptive,62.8250
0.2,0.5,0,12,oracle,68.6000
0.2,0.5,0,13,snr-greedy-loss,61.8250
0.2,0.5,0,13,belief,62.0750
0.2,0.5,0,13,ewma,59.1000
0.2,0.5,0,13,saf-adaptive,62.0750
0.2,0.5,0,13,oracle,68.1250
0.2,0.5,0,14,snr-greedy-loss,62.4000
0.2,0.5,0,14,belief,62.9500
0.2,0.5,0,14,ewma,59.1750
0.2,0.5,0,14,saf-adaptive,62.8000
0.2,0.5,0,14,oracle,68.7250
0.2,0.5,0,15,snr-greedy-loss,62.2250
0.2,0.5,0,15,belief,62.5250
0.2,0.5,0,15,ewma,57.6250
0.2,0.5,0,15,saf-adaptive,62.4750
0.2,0.5,0,15,oracle,68.8250
0.2,0.5,0,16,snr-greedy-loss,61.4250
0.2,0.5,0,16,belief,62.1000
0.2,0.5,0,16,ewma,58.8500
0.2,0.5,0,16,saf-adaptive,62.0750
0.2,0.5,0,16,oracle,68.1000
0.2,0.5,0,17,snr-greedy-loss,62.6500
0.2,0.5,0,17,belief,63.0250
0.2,0.5,0,17,ewma,58.2000
0.2,0.5,0,17,saf-adaptive,63.0000
0.2,0.5,0,17,oracle,68.4500
0.2,0.5,0,18,snr-greedy-loss,61.7500
0.2,0.5,0,18,belief,62.2000
0.2,0.5,0,18,ewma,57.0750
0.2,0.5,0,18,saf-adaptive,62.2750
0.2,0.5,0,18,oracle,67.8250
0.2,0.5,0,19,snr-greedy-loss,62.3500
0.2,0.5,0,19,belief,62.5750
0.2,0.5,0,19,ewma,58.0000
0.2,0.5,0,19,saf-adaptive,62.4750
0.2,0.5,0,19,oracle,68.4500
0.2,0.5,1,0,snr-greedy-loss,58.8750
0.2,0.5,1,0,belief,59.6250
0.2,0.5,1,0,ewma,58.1750
0.2,0.5,1,0,saf-adaptive,61.5500
0.2,0.5,1,0,oracle,68.6250
0.2,0.5,1,1,snr-greedy-loss,58.8500
0.2,0.5,1,1,belief,59.1250
0.2,0.5,1,1,ewma,59.2000
0.2,0.5,1,1,saf-adaptive,60.0000
0.2,0.5,1,1,oracle,68.3750
0.2,0.5,1,2,snr-greedy-loss,59.8250
0.2,0.5,1,2,belief,59.8000
0.2,0.5,1,2,ewma,57.1000
0.2,0.5,1,2,saf-adaptive,61.3750
0.2,0.5,1,2,oracle,68.3000
0.2,0.5,1,3,snr-greedy-loss,58.9000
0.2,0.5,1,3,belief,59.3000
0.2,0.5,1,3,ewma,58.6250
0.2,0.5,1,3,saf-adaptive,60.5250
0.2,0.5,1,3,oracle,68.3500
0.2,0.5,1,4,snr-greedy-loss,58.0500
0.2,0.5,1,4,belief,58.5500
0.2,0.5,1,4,ewma,57.8500
0.2,0.5,1,4,saf-adaptive,60.1250
0.2,0.5,1,4,oracle,68.1750
0.2,0.5,1,5,snr-greedy-loss,59.3750
0.2,0.5,1,5,belief,60.1250
0.2,0.5,1,5,ewma,56.4500
0.2,0.5,1,5,saf-adaptive,60.7000
0.2,0.5,1,5,oracle,68.7500
0.2,0.5,1,6,snr-greedy-loss,58.0000
0.2,0.5,1,6,belief,58.8250
0.2,0.5,1,6,ewma,57.2000
0.2,0.5,1,6,saf-adaptive,60.3000
0.2,0.5,1,6,oracle,68.4250
0.2,0.5,1,7,snr-greedy-loss,59.3500
0.2,0.5,1,7,belief,59.5500
0.2,0.5,1,7,ewma,57.9500
0.2,0.5,1,7,saf-adaptive,61.0000
0.2,0.5,1,7,oracle,68.5250
0.2,0.5,1,8,snr-greedy-loss,59.5000
0.2,0.5,1,8,belief,60.1500
0.2,0.5,1,8,ewma,57.8750
0.2,0.5,1,8,saf-adaptive,61.1250
0.2,0.5,1,8,oracle,68.7750
0.2,0.5,1,9,snr-greedy-loss,58.7750
0.2,0.5,1,9,belief,59.6750
0.2,0.5,1,9,ewma,57.4000
0.2,0.5,1,9,saf-adaptive,60.5000
0.2,0.5,1,9,oracle,67.9250
0.2,0.5,1,10,snr-greedy-loss,58.6250
0.2,0.5,1,10,belief,59.5250
0.2,0.5,1,10,ewma,56.4250
0.2,0.5,1,10,saf-adaptive,61.0750
0.2,0.5,1,10,oracle,68.5750
0.2,0.5,1,11,snr-greedy-loss,59.1250
0.2,0.5,1,11,belief,59.8250
0.2,0.5,1,11,ewma,56.1500
0.2,0.5,1,11,saf-adaptive,61.0250
0.2,0.5,1,11,oracle,68.7750
0.2,0.5,1,12,snr-greedy-loss,58.6000
0.2,0.5,1,12,belief,59.4250
0.2,0.5,1,12,ewma,58.7000
0.2,0.5,1,12,saf-adaptive,61.3500
0.2,0.5,1,12,oracle,68.6000
0.2,0.5,1,13,snr-greedy-loss,58.8500
0.2,0.5,1,13,belief,59.3500
0.2,0.5,1,13,ewma,58.8000
0.2,0.5,1,13,saf-adaptive,60.9250
0.2,0.5,1,13,oracle,68.1250
0.2,0.5,1,14,snr-greedy-loss,59.2500
0.2,0.5,1,14,belief,59.2750
0.2,0.5,1,14,ewma,58.1500
0.2,0.5,1,14,saf-adaptive,61.5000
0.2,0.5,1,14,oracle,68.7250
0.2,0.5,1,15,snr-greedy-loss,58.6750
0.2,0.5,1,15,belief,58.9750
0.2,0.5,1,15,ewma,57.0000
0.2,0.5,1,15,saf-adaptive,60.7250
0.2,0.5,1,15,oracle,68.8250
0.2,0.5,1,16,snr-greedy-loss,57.8000
0.2,0.5,1,16,belief,58.3500
0.2,0.5,1,16,ewma,58.9000
0.2,0.5,1,16,saf-adaptive,59.3750
0.2,0.5,1,16,oracle,68.1000
0.2,0.5,1,17,snr-greedy-loss,59.5250
0.2,0.5,1,17,belief,59.5000
0.2,0.5,1,17,ewma,57.0500
0.2,0.5,1,17,saf-adaptive,61.3000
0.2,0.5,1,17,oracle,68.4500
0.2,0.5,1,18,snr-greedy-loss,58.3250
0.2,0.5,1,18,belief,59.1000
0.2,0.5,1,18,ewma,56.2750
0.2,0.5,1,18,saf-adaptive,60.3500
0.2,0.5,1,18,oracle,67.8250
0.2,0.5,1,19,snr-greedy-loss,58.9500
0.2,0.5,1,19,belief,59.2250
0.2,0.5,1,19,ewma,56.9500
0.2,0.5,1,19,saf-adaptive,60.6500
0.2,0.5,1,19,oracle,68.4500
0.2,0.5,2,0,snr-greedy-loss,57.9250
0.2,0.5,2,0,belief,58.4250
0.2,0.5,2,0,ewma,59.2750
0.2,0.5,2,0,saf-adaptive,60.8500
0.2,0.5,2,0,oracle,68.6250
0.2,0.5,2,1,snr-greedy-loss,57.5250
0.2,0.5,2,1,belief,57.7250
0.2,0.5,2,1,ewma,58.5250
0.2,0.5,2,1,saf-adaptive,59.0750
0.2,0.5,2,1,oracle,68.3750
0.2,0.5,2,2,snr-greedy-loss,58.4500
0.2,0.5,2,2,belief,58.5750
0.2,0.5,2,2,ewma,58.4750
0.2,0.5,2,2,saf-adaptive,60.8750
0.2,0.5,2,2,oracle,68.3000
0.2,0.5,2,3,snr-greedy-loss,58.4500
0.2,0.5,2,3,belief,58.0000
0.2,0.5,2,3,ewma,58.1250
0.2,0.5,2,3,saf-adaptive,60.3250
0.2,0.5,2,3,oracle,68.3500
0.2,0.5,2,4,snr-greedy-loss,57.1250
0.2,0.5,2,4,belief,57.6750
0.2,0.5,2,4,ewma,58.1000
0.2,0.5,2,4,saf-adaptive,59.6000
0.2,0.5,2,4,oracle,68.1750
0.2,0.5,2,5,snr-greedy-loss,58.4000
0.2,0.5,2,5,belief,59.0000
0.2,0.5,2,5,ewma,57.6500
0.2,0.5,2,5,saf-adaptive,59.6500
0.2,0.5,2,5,oracle,68.7500
0.2,0.5,2,6,snr-greedy-loss,57.2500
0.2,0.5,2,6,belief,58.2000
0.2,0.5,2,6,ewma,57.9500
0.2,0.5,2,6,saf-adaptive,59.6000
0.2,0.5,2,6,oracle,68.4250
0.2,0.5,2,7,snr-greedy-loss,58.2500
0.2,0.5,2,7,belief,58.8000
0.2,0.5,2,7,ewma,57.7750
0.2,0.5,2,7,saf-adaptive,59.9500
0.2,0.5,2,7,oracle,68.5250
0.2,0.5,2,8,snr-greedy-loss,57.8250
0.2,0.5,2,8,belief,58.5500
0.2,0.5,2,8,ewma,57.7750
0.2,0.5,2,8,saf-adaptive,60.3750
0.2,0.5,2,8,oracle,68.7750
0.2,0.5,2,9,snr-greedy-loss,58.2500
0.2,0.5,2,9,belief,58.3250
0.2,0.5,2,9,ewma,56.8000
0.2,0.5,2,9,saf-adaptive,59.9250
0.2,0.5,2,9,oracle,67.9250
0.2,0.5,2,10,snr-greedy-loss,57.3500
0.2,0.5,2,10,belief,58.2000
0.2,0.5,2,10,ewma,56.3500
0.2,0.5,2,10,saf-adaptive,60.5000
0.2,0.5,2,10,oracle,68.5750
0.2,0.5,2,11,snr-greedy-loss,57.6000
0.2,0.5,2,11,belief,58.2000
0.2,0.5,2,11,ewma,58.2500
0.2,0.5,2,11,saf-adaptive,60.3500
0.2,0.5,2,11,oracle,68.7750
0.2,0.5,2,12,snr-greedy-loss,57.6500
0.2,0.5,2,12,belief,58.3250
0.2,0.5,2,12,ewma,58.6250
0.2,0.5,2,12,saf-adaptive,60.2750
0.2,0.5,2,12,oracle,68.6000
0.2,0.5,2,13,snr-greedy-loss,57.2750
0.2,0.5,2,13,belief,57.7750
0.2,0.5,2,13,ewma,59.0250
0.2,0.5,2,13,saf-adaptive,59.8500
0.2,0.5,2,13,oracle,68.1250
0.2,0.5,2,14,snr-greedy-loss,57.9750
0.2,0.5,2,14,belief,58.1750
0.2,0.5,2,14,ewma,58.5250
0.2,0.5,2,14,saf-adaptive,60.5750
0.2,0.5,2,14,oracle,68.7250
0.2,0.5,2,15,snr-greedy-loss,57.7250
0.2,0.5,2,15,belief,58.5750
0.2,0.5,2,15,ewma,56.8000
0.2,0.5,2,15,saf-adaptive,60.1750
0.2,0.5,2,15,oracle,68.8250
0.2,0.5,2,16,snr-greedy-loss,56.8250
0.2,0.5,2,16,belief,57.3500
0.2,0.5,2,16,ewma,57.6750
0.2,0.5,2,16,saf-adaptive,58.9750
0.2,0.5,2,16,oracle,68.1000
0.2,0.5,2,17,snr-greedy-loss,58.6750
0.2,0.5,2,17,belief,58.5500
0.2,0.5,2,17,ewma,59.1000
0.2,0.5,2,17,saf-adaptive,60.1750
0.2,0.5,2,17,oracle,68.4500
0.2,0.5,2,18,snr-greedy-loss,56.9250
0.2,0.5,2,18,belief,57.6750
0.2,0.5,2,18,ewma,56.1000
0.2,0.5,2,18,saf-adaptive,59.8250
0.2,0.5,2,18,oracle,67.8250
0.2,0.5,2,19,snr-greedy-loss,57.7500
0.2,0.5,2,19,belief,57.6750
0.2,0.5,2,19,ewma,57.4500
0.2,0.5,2,19,saf-adaptive,59.5000
0.2,0.5,2,19,oracle,68.4500
0.2,0.5,4,0,snr-greedy-loss,57.9750
0.2,0.5,4,0,belief,58.3500
0.2,0.5,4,0,ewma,58.5000
0.2,0.5,4,0,saf-adaptive,61.1500
0.2,0.5,4,0,oracle,68.6250
0.2,0.5,4,1,snr-greedy-loss,56.9500
0.2,0.5,4,1,belief,57.2000
0.2,0.5,4,1,ewma,58.7000
0.2,0.5,4,1,saf-adaptive,59.6250
0.2,0.5,4,1,oracle,68.3750
0.2,0.5,4,2,snr-greedy-loss,58.3250
0.2,0.5,4,2,belief,58.6250
0.2,0.5,4,2,ewma,57.2500
0.2,0.5,4,2,saf-adaptive,61.3750
0.2,0.5,4,2,oracle,68.3000
0.2,0.5,4,3,snr-greedy-loss,57.3000
0.2,0.5,4,3,belief,57.4750
0.2,0.5,4,3,ewma,58.1250
0.2,0.5,4,3,saf-adaptive,60.3750
0.2,0.5,4,3,oracle,68.3500
0.2,0.5,4,4,snr-greedy-loss,56.7750
0.2,0.5,4,4,belief,56.9000
0.2,0.5,4,4,ewma,57.6000
0.2,0.5,4,4,saf-adaptive,59.7250
0.2,0.5,4,4,oracle,68.1750
0.2,0.5,4,5,snr-greedy-loss,56.9750
0.2,0.5,4,5,belief,58.0250
0.2,0.5,4,5,ewma,58.4750
0.2,0.5,4,5,saf-adaptive,60.2500
0.2,0.5,4,5,oracle,68.7500
0.2,0.5,4,6,snr-greedy-loss,57.0750
0.2,0.5,4,6,belief,58.1500
0.2,0.5,4,6,ewma,57.0750
0.2,0.5,4,6,saf-adaptive,60.6000
0.2,0.5,4,6,oracle,68.4250
0.2,0.5,4,7,snr-greedy-loss,58.2500
0.2,0.5,4,7,belief,58.7500
0.2,0.5,4,7,ewma,57.9750
0.2,0.5,4,7,saf-adaptive,61.0750
0.2,0.5,4,7,oracle,68.5250
0.2,0.5,4,8,snr-greedy-loss,57.4500
0.2,0.5,4,8,belief,57.3500
0.2,0.5,4,8,ewma,57.8250
0.2,0.5,4,8,saf-adaptive,60.2000
0.2,0.5,4,8,oracle,68.7750
0.2,0.5,4,9,snr-greedy-loss,57.3250
0.2,0.5,4,9,belief,57.7000
0.2,0.5,4,9,ewma,57.7250
0.2,0.5,4,9,saf-adaptive,59.6500
0.2,0.5,4,9,oracle,67.9250
0.2,0.5,4,10,snr-greedy-loss,56.8000
0.2,0.5,4,10,belief,57.7750
0.2,0.5,4,10,ewma,55.6500
0.2,0.5,4,10,saf-adaptive,60.9250
0.2,0.5,4,10,oracle,68.5750
0.2,0.5,4,11,snr-greedy-loss,57.0000
0.2,0.5,4,11,belief,57.3500
0.2,0.5,4,11,ewma,58.1250
0.2,0.5,4,11,saf-adaptive,60.4750
0.2,0.5,4,11,oracle,68.7750
0.2,0.5,4,12,snr-greedy-loss,57.5250
0.2,0.5,4,12,belief,58.2750
0.2,0.5,4,12,ewma,58.8750
0.2,0.5,4,12,saf-adaptive,61.1000
0.2,0.5,4,12,oracle,68.6000
0.2,0.5,4,13,snr-greedy-loss,56.6750
0.2,0.5,4,13,belief,57.0500
0.2,0.5,4,13,ewma,57.6250
0.2,0.5,4,13,saf-adaptive,60.3000
0.2,0.5,4,13,oracle,68.1250
0.2,0.5,4,14,snr-greedy-loss,57.7750
0.2,0.5,4,14,belief,58.0250
0.2,0.5,4,14,ewma,57.2750
0.2,0.5,4,14,saf-adaptive,60.9750
0.2,0.5,4,14,oracle,68.7250
0.2,0.5,4,15,snr-greedy-loss,57.6000
0.2,0.5,4,15,belief,58.0000
0.2,0.5,4,15,ewma,57.0750
0.2,0.5,4,15,saf-adaptive,61.1250
0.2,0.5,4,15,oracle,68.8250
0.2,0.5,4,16,snr-greedy-loss,57.3500
0.2,0.5,4,16,belief,57.5000
0.2,0.5,4,16,ewma,57.3500
0.2,0.5,4,16,saf-adaptive,59.3000
0.2,0.5,4,16,oracle,68.1000
0.2,0.5,4,17,snr-greedy-loss,57.8000
0.2,0.5,4,17,belief,58.1750
0.2,0.5,4,17,ewma,58.2000
0.2,0.5,4,17,saf-adaptive,61.1750
0.2,0.5,4,17,oracle,68.4500
0.2,0.5,4,18,snr-greedy-loss,56.8000
0.2,0.5,4,18,belief,57.3750
0.2,0.5,4,18,ewma,57.4750
0.2,0.5,4,18,saf-adaptive,59.9750
0.2,0.5,4,18,oracle,67.8250
0.2,0.5,4,19,snr-greedy-loss,57.3750
0.2,0.5,4,19,belief,57.1750
0.2,0.5,4,19,ewma,57.7000
0.2,0.5,4,19,saf-adaptive,60.3500
0.2,0.5,4,19,oracle,68.4500
0.2,0.5,8,0,snr-greedy-loss,57.0500
0.2,0.5,8,0,belief,57.4500
0.2,0.5,8,0,ewma,58.9500
0.2,0.5,8,0,saf-adaptive,61.2000
0.2,0.5,8,0,oracle,68.6250
0.2,0.5,8,1,snr-greedy-loss,56.5250
0.2,0.5,8,1,belief,57.1000
0.2,0.5,8,1,ewma,57.7000
0.2,0.5,8,1,saf-adaptive,59.5750
0.2,0.5,8,1,oracle,68.3750
0.2,0.5,8,2,snr-greedy-loss,58.0250
0.2,0.5,8,2,belief,58.7750
0.2,0.5,8,2,ewma,58.8750
0.2,0.5,8,2,saf-adaptive,61.2750
0.2,0.5,8,2,oracle,68.3000
0.2,0.5,8,3,snr-greedy-loss,57.3500
0.2,0.5,8,3,belief,57.7500
0.2,0.5,8,3,ewma,58.0500
0.2,0.5,8,3,saf-adaptive,59.7250
0.2,0.5,8,3,oracle,68.3500
0.2,0.5,8,4,snr-greedy-loss,56.6000
0.2,0.5,8,4,belief,56.9500
0.2,0.5,8,4,ewma,59.2750
0.2,0.5,8,4,saf-adaptive,59.9500
0.2,0.5,8,4,oracle,68.1750
0.2,0.5,8,5,snr-greedy-loss,57.7250
0.2,0.5,8,5,belief,57.5750
0.2,0.5,8,5,ewma,58.3500
0.2,0.5,8,5,saf-adaptive,60.2250
0.2,0.5,8,5,oracle,68.7500
0.2,0.5,8,6,snr-greedy-loss,57.1750
0.2,0.5,8,6,belief,57.4250
0.2,0.5,8,6,ewma,58.4500
0.2,0.5,8,6,saf-adaptive,60.8000
0.2,0.5,8,6,oracle,68.4250
0.2,0.5,8,7,snr-greedy-loss,58.0500
0.2,0.5,8,7,belief,58.1000
0.2,0.5,8,7,ewma,58.1750
0.2,0.5,8,7,saf-adaptive,60.9000
0.2,0.5,8,7,oracle,68.5250
0.2,0.5,8,8,snr-greedy-loss,56.9500
0.2,0.5,8,8,belief,57.6750
0.2,0.5,8,8,ewma,58.4000
0.2,0.5,8,8,saf-adaptive,60.1000
0.2,0.5,8,8,oracle,68.7750
0.2,0.5,8,9,snr-greedy-loss,57.0250
0.2,0.5,8,9,belief,56.9750
0.2,0.5,8,9,ewma,58.7500
0.2,0.5,8,9,saf-adaptive,59.4250
0.2,0.5,8,9,oracle,67.9250
0.2,0.5,8,10,snr-greedy-loss,56.7750
0.2,0.5,8,10,belief,57.3250
0.2,0.5,8,10,ewma,56.9500
0.2,0.5,8,10,saf-adaptive,60.8000
0.2,0.5,8,10,oracle,68.5750
0.2,0.5,8,11,snr-greedy-loss,56.8500
0.2,0.5,8,11,belief,56.9250
0.2,0.5,8,11,ewma,58.8000
0.2,0.5,8,11,saf-adaptive,60.1500
0.2,0.5,8,11,oracle,68.7750
0.2,0.5,8,12,snr-greedy-loss,57.1250
0.2,0.5,8,12,belief,57.9000
0.2,0.5,8,12,ewma,58.1000
0.2,0.5,8,12,saf-adaptive,60.8500
0.2,0.5,8,12,oracle,68.6000
0.2,0.5,8,13,snr-greedy-loss,56.9750
0.2,0.5,8,13,belief,57.4500
0.2,0.5,8,13,ewma,58.5750
0.2,0.5,8,13,saf-adaptive,60.3000
0.2,0.5,8,13,oracle,68.1250
0.2,0.5,8,14,snr-greedy-loss,57.7500
0.2,0.5,8,14,belief,58.1000
0.2,0.5,8,14,ewma,56.0500
0.2,0.5,8,14,saf-adaptive,60.8750
0.2,0.5,8,14,oracle,68.7250
0.2,0.5,8,15,snr-greedy-loss,57.7000
0.2,0.5,8,15,belief,57.9500
0.2,0.5,8,15,ewma,57.6250
0.2,0.5,8,15,saf-adaptive,60.9250
0.2,0.5,8,15,oracle,68.8250
0.2,0.5,8,16,snr-greedy-loss,56.8250
0.2,0.5,8,16,belief,56.7000
0.2,0.5,8,16,ewma,57.2750
0.2,0.5,8,16,saf-adaptive,59.3500
0.2,0.5,8,16,oracle,68.1000
0.2,0.5,8,17,snr-greedy-loss,57.4250
0.2,0.5,8,17,belief,57.8000
0.2,0.5,8,17,ewma,56.9000
0.2,0.5,8,17,saf-adaptive,61.4500
0.2,0.5,8,17,oracle,68.4500
0.2,0.5,8,18,snr-greedy-loss,55.9000
0.2,0.5,8,18,belief,56.6750
0.2,0.5,8,18,ewma,56.7500
0.2,0.5,8,18,saf-adaptive,59.4500
0.2,0.5,8,18,oracle,67.8250
0.2,0.5,8,19,snr-greedy-loss,56.2000
0.2,0.5,8,19,belief,56.3500
0.2,0.5,8,19,ewma,57.8250
0.2,0.5,8,19,saf-adaptive,60.2250
0.2,0.5,8,19,oracle,68.4500
0.2,0.25,0,0,snr-greedy-loss,60.0250
0.2,0.25,0,0,belief,60.3750
0.2,0.25,0,0,ewma,59.0500
0.2,0.25,0,0,saf-adaptive,60.4750
0.2,0.25,0,0,oracle,68.7500
0.2,0.25,0,1,snr-greedy-loss,59.1250
0.2,0.25,0,1,belief,59.4750
0.2,0.25,0,1,ewma,57.7500
0.2,0.25,0,1,saf-adaptive,59.3000
0.2,0.25,0,1,oracle,68.3000
0.2,0.25,0,2,snr-greedy-loss,60.1750
0.2,0.25,0,2,belief,60.5750
0.2,0.25,0,2,ewma,58.7250
0.2,0.25,0,2,saf-adaptive,60.4000
0.2,0.25,0,2,oracle,68.8750
0.2,0.25,0,3,snr-greedy-loss,59.7250
0.2,0.25,0,3,belief,60.2750
0.2,0.25,0,3,ewma,58.6750
0.2,0.25,0,3,saf-adaptive,59.5000
0.2,0.25,0,3,oracle,68.5250
0.2,0.25,0,4,snr-greedy-loss,59.0250
0.2,0.25,0,4,belief,58.8000
0.2,0.25,0,4,ewma,58.5500
0.2,0.25,0,4,saf-adaptive,59.2250
0.2,0.25,0,4,oracle,68.4500
0.2,0.25,0,5,snr-greedy-loss,59.5000
0.2,0.25,0,5,belief,60.0250
0.2,0.25,0,5,ewma,58.2750
0.2,0.25,0,5,saf-adaptive,60.3250
0.2,0.25,0,5,oracle,68.4000
0.2,0.25,0,6,snr-greedy-loss,59.7750
0.2,0.25,0,6,belief,60.8250
0.2,0.25,0,6,ewma,59.1500
0.2,0.25,0,6,saf-adaptive,59.4250
0.2,0.25,0,6,oracle,69.1000
0.2,0.25,0,7,snr-greedy-loss,60.0500
0.2,0.25,0,7,belief,60.5000
0.2,0.25,0,7,ewma,56.7500
0.2,0.25,0,7,saf-adaptive,59.0250
0.2,0.25,0,7,oracle,68.4000
0.2,0.25,0,8,snr-greedy-loss,59.2750
0.2,0.25,0,8,belief,59.9250
0.2,0.25,0,8,ewma,58.0250
0.2,0.25,0,8,saf-adaptive,59.4250
0.2,0.25,0,8,oracle,68.5500
0.2,0.25,0,9,snr-greedy-loss,59.4500
0.2,0.25,0,9,belief,59.9000
0.2,0.25,0,9,ewma,57.7000
0.2,0.25,0,9,saf-adaptive,59.2500
0.2,0.25,0,9,oracle,67.9000
0.2,0.25,0,10,snr-greedy-loss,58.8750
0.2,0.25,0,10,belief,59.6500
0.2,0.25,0,10,ewma,58.6500
0.2,0.25,0,10,saf-adaptive,59.7250
0.2,0.25,0,10,oracle,68.5250
0.2,0.25,0,11,snr-greedy-loss,60.3000
0.2,0.25,0,11,belief,60.3000
0.2,0.25,0,11,ewma,58.7500
0.2,0.25,0,11,saf-adaptive,60.2500
0.2,0.25,0,11,oracle,68.6000
0.2,0.25,0,12,snr-greedy-loss,59.8750
0.2,0.25,0,12,belief,60.2250
0.2,0.25,0,12,ewma,58.4500
0.2,0.25,0,12,saf-adaptive,59.9250
0.2,0.25,0,12,oracle,68.5750
0.2,0.25,0,13,snr-greedy-loss,59.8750
0.2,0.25,0,13,belief,59.9500
0.2,0.25,0,13,ewma,60.0500
0.2,0.25,0,13,saf-adaptive,59.9250
0.2,0.25,0,13,oracle,68.5750
0.2,0.25,0,14,snr-greedy-loss,60.3000
0.2,0.25,0,14,belief,60.2500
0.2,0.25,0,14,ewma,58.6000
0.2,0.25,0,14,saf-adaptive,59.9250
0.2,0.25,0,14,oracle,69.3250
0.2,0.25,0,15,snr-greedy-loss,59.6000
0.2,0.25,0,15,belief,60.0250
0.2,0.25,0,15,ewma,57.0500
0.2,0.25,0,15,saf-adaptive,59.5750
0.2,0.25,0,15,oracle,68.2750
0.2,0.25,0,16,snr-greedy-loss,59.1000
0.2,0.25,0,16,belief,59.7500
0.2,0.25,0,16,ewma,58.0250
0.2,0.25,0,16,saf-adaptive,59.5000
0.2,0.25,0,16,oracle,68.2000
0.2,0.25,0,17,snr-greedy-loss,59.2250
0.2,0.25,0,17,belief,59.5500
0.2,0.25,0,17,ewma,58.5250
0.2,0.25,0,17,saf-adaptive,59.4500
0.2,0.25,0,17,oracle,68.4250
0.2,0.25,0,18,snr-greedy-loss,59.1000
0.2,0.25,0,18,belief,59.1250
0.2,0.25,0,18,ewma,57.5500
0.2,0.25,0,18,saf-adaptive,59.5000
0.2,0.25,0,18,oracle,67.8500
0.2,0.25,0,19,snr-greedy-loss,60.0750
0.2,0.25,0,19,belief,60.5250
0.2,0.25,0,19,ewma,57.6750
0.2,0.25,0,19,saf-adaptive,60.0750
0.2,0.25,0,19,oracle,68.4250
0.2,0.25,1,0,snr-greedy-loss,58.4500
0.2,0.25,1,0,belief,58.9750
0.2,0.25,1,0,ewma,58.5500
0.2,0.25,1,0,saf-adaptive,60.7250
0.2,0.25,1,0,oracle,68.7500
0.2,0.25,1,1,snr-greedy-loss,57.7500
0.2,0.25,1,1,belief,58.1500
0.2,0.25,1,1,ewma,58.1750
0.2,0.25,1,1,saf-adaptive,59.4250
0.2,0.25,1,1,oracle,68.3000
0.2,0.25,1,2,snr-greedy-loss,59.4750
0.2,0.25,1,2,belief,59.0250
0.2,0.25,1,2,ewma,57.3000
0.2,0.25,1,2,saf-adaptive,60.6000
0.2,0.25,1,2,oracle,68.8750
0.2,0.25,1,3,snr-greedy-loss,57.7750
0.2,0.25,1,3,belief,58.1750
0.2,0.25,1,3,ewma,58.9250
0.2,0.25,1,3,saf-adaptive,59.5250
0.2,0.25,1,3,oracle,68.5250
0.2,0.25,1,4,snr-greedy-loss,57.3000
0.2,0.25,1,4,belief,57.6750
0.2,0.25,1,4,ewma,58.4250
0.2,0.25,1,4,saf-adaptive,59.6500
0.2,0.25,1,4,oracle,68.4500
0.2,0.25,1,5,snr-greedy-loss,58.1500
0.2,0.25,1,5,belief,58.6250
0.2,0.25,1,5,ewma,57.1000
0.2,0.25,1,5,saf-adaptive,59.8500
0.2,0.25,1,5,oracle,68.4000
0.2,0.25,1,6,snr-greedy-loss,57.9500
0.2,0.25,1,6,belief,58.6250
0.2,0.25,1,6,ewma,56.7250
0.2,0.25,1,6,saf-adaptive,60.0750
0.2,0.25,1,6,oracle,69.1000
0.2,0.25,1,7,snr-greedy-loss,58.2000
0.2,0.25,1,7,belief,58.5250
0.2,0.25,1,7,ewma,57.2250
0.2,0.25,1,7,saf-adaptive,60.0750
0.2,0.25,1,7,oracle,68.4000
0.2,0.25,1,8,snr-greedy-loss,58.2250
0.2,0.25,1,8,belief,59.0250
0.2,0.25,1,8,ewma,57.5000
0.2,0.25,1,8,saf-adaptive,60.2250
0.2,0.25,1,8,oracle,68.5500
0.2,0.25,1,9,snr-greedy-loss,57.5500
0.2,0.25,1,9,belief,58.5250
0.2,0.25,1,9,ewma,56.0000
0.2,0.25,1,9,saf-adaptive,59.1750
0.2,0.25,1,9,oracle,67.9000
0.2,0.25,1,10,snr-greedy-loss,57.5250
0.2,0.25,1,10,belief,58.5000
0.2,0.25,1,10,ewma,57.1000
0.2,0.25,1,10,saf-adaptive,60.3750
0.2,0.25,1,10,oracle,68.5250
0.2,0.25,1,11,snr-greedy-loss,58.5500
0.2,0.25,1,11,belief,58.9000
0.2,0.25,1,11,ewma,57.2250
0.2,0.25,1,11,saf-adaptive,60.1000
0.2,0.25,1,11,oracle,68.6000
0.2,0.25,1,12,snr-greedy-loss,58.1000
0.2,0.25,1,12,belief,58.5500
0.2,0.25,1,12,ewma,57.6500
0.2,0.25,1,12,saf-adaptive,60.3750
0.2,0.25,1,12,oracle,68.5750
0.2,0.25,1,13,snr-greedy-loss,58.2000
0.2,0.25,1,13,belief,58.5500
0.2,0.25,1,13,ewma,59.2250
0.2,0.25,1,13,saf-adaptive,60.6750
0.2,0.25,1,13,oracle,68.5750
0.2,0.25,1,14,snr-greedy-loss,58.5500
0.2,0.25,1,14,belief,58.5750
0.2,0.25,1,14,ewma,57.2750
0.2,0.25,1,14,saf-adaptive,60.9500
0.2,0.25,1,14,oracle,69.3250
0.2,0.25,1,15,snr-greedy-loss,58.3250
0.2,0.25,1,15,belief,58.0750
0.2,0.25,1,15,ewma,55.8750
0.2,0.25,1,15,saf-adaptive,59.7000
0.2,0.25,1,15,oracle,68.2750
0.2,0.25,1,16,snr-greedy-loss,56.8500
0.2,0.25,1,16,belief,57.4000
0.2,0.25,1,16,ewma,58.8750
0.2,0.25,1,16,saf-adaptive,58.9000
0.2,0.25,1,16,oracle,68.2000
0.2,0.25,1,17,snr-greedy-loss,58.3250
0.2,0.25,1,17,belief,58.1250
0.2,0.25,1,17,ewma,56.2000
0.2,0.25,1,17,saf-adaptive,59.5000
0.2,0.25,1,17,oracle,68.4250
0.2,0.25,1,18,snr-greedy-loss,56.9000
0.2,0.25,1,18,belief,57.7500
0.2,0.25,1,18,ewma,55.7750
0.2,0.25,1,18,saf-adaptive,59.1000
0.2,0.25,1,18,oracle,67.8500
0.2,0.25,1,19,snr-greedy-loss,58.3000
0.2,0.25,1,19,belief,58.3500
0.2,0.25,1,19,ewma,57.2750
0.2,0.25,1,19,saf-adaptive,59.6250
0.2,0.25,1,19,oracle,68.4250
0.2,0.25,2,0,snr-greedy-loss,58.2000
0.2,0.25,2,0,belief,58.4750
0.2,0.25,2,0,ewma,58.9250
0.2,0.25,2,0,saf-adaptive,60.9750
0.2,0.25,2,0,oracle,68.7500
0.2,0.25,2,1,snr-greedy-loss,57.4750
0.2,0.25,2,1,belief,57.1750
0.2,0.25,2,1,ewma,58.5250
0.2,0.25,2,1,saf-adaptive,59.1500
0.2,0.25,2,1,oracle,68.3000
0.2,0.25,2,2,snr-greedy-loss,58.0500
0.2,0.25,2,2,belief,57.8000
0.2,0.25,2,2,ewma,57.1750
0.2,0.25,2,2,saf-adaptive,60.2000
0.2,0.25,2,2,oracle,68.8750
0.2,0.25,2,3,snr-greedy-loss,57.9750
0.2,0.25,2,3,belief,57.9000
0.2,0.25,2,3,ewma,58.7750
0.2,0.25,2,3,saf-adaptive,59.9750
0.2,0.25,2,3,oracle,68.5250
0.2,0.25,2,4,snr-greedy-loss,57.4500
0.2,0.25,2,4,belief,57.5500
0.2,0.25,2,4,ewma,57.7750
0.2,0.25,2,4,saf-adaptive,59.5500
0.2,0.25,2,4,oracle,68.4500
0.2,0.25,2,5,snr-greedy-loss,57.4000
0.2,0.25,2,5,belief,58.1000
0.2,0.25,2,5,ewma,57.6250
0.2,0.25,2,5,saf-adaptive,59.2750
0.2,0.25,2,5,oracle,68.4000
0.2,0.25,2,6,snr-greedy-loss,57.7000
0.2,0.25,2,6,belief,58.7000
0.2,0.25,2,6,ewma,58.0250
0.2,0.25,2,6,saf-adaptive,59.7000
0.2,0.25,2,6,oracle,69.1000
0.2,0.25,2,7,snr-greedy-loss,58.1500
0.2,0.25,2,7,belief,58.3500
0.2,0.25,2,7,ewma,56.9250
0.2,0.25,2,7,saf-adaptive,59.7250
0.2,0.25,2,7,oracle,68.4000
0.2,0.25,2,8,snr-greedy-loss,57.4250
0.2,0.25,2,8,belief,58.2000
0.2,0.25,2,8,ewma,58.4000
0.2,0.25,2,8,saf-adaptive,60.1250
0.2,0.25,2,8,oracle,68.5500
0.2,0.25,2,9,snr-greedy-loss,57.6000
0.2,0.25,2,9,belief,57.7000
0.2,0.25,2,9,ewma,56.2250
0.2,0.25,2,9,saf-adaptive,59.2750
0.2,0.25,2,9,oracle,67.9000
0.2,0.25,2,10,snr-greedy-loss,56.6750
0.2,0.25,2,10,belief,57.5750
0.2,0.25,2,10,ewma,57.1000
0.2,0.25,2,10,saf-adaptive,60.0750
0.2,0.25,2,10,oracle,68.5250
0.2,0.25,2,11,snr-greedy-loss,57.5750
0.2,0.25,2,11,belief,57.8000
0.2,0.25,2,11,ewma,58.9250
0.2,0.25,2,11,saf-adaptive,60.0500
0.2,0.25,2,11,oracle,68.6000
0.2,0.25,2,12,snr-greedy-loss,57.1500
0.2,0.25,2,12,belief,58.2000
0.2,0.25,2,12,ewma,58.9250
0.2,0.25,2,12,saf-adaptive,59.9000
0.2,0.25,2,12,oracle,68.5750
0.2,0.25,2,13,snr-greedy-loss,57.2000
0.2,0.25,2,13,belief,57.4500
0.2,0.25,2,13,ewma,59.1000
0.2,0.25,2,13,saf-adaptive,59.7750
0.2,0.25,2,13,oracle,68.5750
0.2,0.25,2,14,snr-greedy-loss,57.8500
0.2,0.25,2,14,belief,58.0750
0.2,0.25,2,14,ewma,58.6750
0.2,0.25,2,14,saf-adaptive,60.4500
0.2,0.25,2,14,oracle,69.3250
0.2,0.25,2,15,snr-greedy-loss,57.8000
0.2,0.25,2,15,belief,57.8750
0.2,0.25,2,15,ewma,56.1250
0.2,0.25,2,15,saf-adaptive,59.7250
0.2,0.25,2,15,oracle,68.2750
0.2,0.25,2,16,snr-greedy-loss,56.5500
0.2,0.25,2,16,belief,56.9750
0.2,0.25,2,16,ewma,57.7000
0.2,0.25,2,16,saf-adaptive,58.8250
0.2,0.25,2,16,oracle,68.2000
0.2,0.25,2,17,snr-greedy-loss,57.7500
0.2,0.25,2,17,belief,57.9750
0.2,0.25,2,17,ewma,58.5250
0.2,0.25,2,17,saf-adaptive,59.4250
0.2,0.25,2,17,oracle,68.4250
0.2,0.25,2,18,snr-greedy-loss,56.1750
0.2,0.25,2,18,belief,56.8500
0.2,0.25,2,18,ewma,55.6500
0.2,0.25,2,18,saf-adaptive,59.1750
0.2,0.25,2,18,oracle,67.8500
0.2,0.25,2,19,snr-greedy-loss,57.1750
0.2,0.25,2,19,belief,57.3750
0.2,0.25,2,19,ewma,58.1500
0.2,0.25,2,19,saf-adaptive,59.2000
0.2,0.25,2,19,oracle,68.4250
0.2,0.25,4,0,snr-greedy-loss,58.0250
0.2,0.25,4,0,belief,58.4500
0.2,0.25,4,0,ewma,59.4000
0.2,0.25,4,0,saf-adaptive,61.2500
0.2,0.25,4,0,oracle,68.7500
0.2,0.25,4,1,snr-greedy-loss,56.7250
0.2,0.25,4,1,belief,56.9000
0.2,0.25,4,1,ewma,58.4250
0.2,0.25,4,1,saf-adaptive,59.7500
0.2,0.25,4,1,oracle,68.3000
0.2,0.25,4,2,snr-greedy-loss,57.9250
0.2,0.25,4,2,belief,58.2000
0.2,0.25,4,2,ewma,56.6500
0.2,0.25,4,2,saf-adaptive,60.8500
0.2,0.25,4,2,oracle,68.8750
0.2,0.25,4,3,snr-greedy-loss,57.3250
0.2,0.25,4,3,belief,57.1250
0.2,0.25,4,3,ewma,57.5250
0.2,0.25,4,3,saf-adaptive,59.9000
0.2,0.25,4,3,oracle,68.5250
0.2,0.25,4,4,snr-greedy-loss,57.3250
0.2,0.25,4,4,belief,57.0000
0.2,0.25,4,4,ewma,57.4500
0.2,0.25,4,4,saf-adaptive,60.0750
0.2,0.25,4,4,oracle,68.4500
0.2,0.25,4,5,snr-greedy-loss,57.1750
0.2,0.25,4,5,belief,57.8750
0.2,0.25,4,5,ewma,58.8500
0.2,0.25,4,5,saf-adaptive,60.1000
0.2,0.25,4,5,oracle,68.4000
0.2,0.25,4,6,snr-greedy-loss,57.4000
0.2,0.25,4,6,belief,58.3500
0.2,0.25,4,6,ewma,56.8250
0.2,0.25,4,6,saf-adaptive,60.9750
0.2,0.25,4,6,oracle,69.1000
0.2,0.25,4,7,snr-greedy-loss,57.9000
0.2,0.25,4,7,belief,58.2750
0.2,0.25,4,7,ewma,56.9250
0.2,0.25,4,7,saf-adaptive,60.8250
0.2,0.25,4,7,oracle,68.4000
0.2,0.25,4,8,snr-greedy-loss,57.3000
0.2,0.25,4,8,belief,57.4000
0.2,0.25,4,8,ewma,58.5750
0.2,0.25,4,8,saf-adaptive,60.2000
0.2,0.25,4,8,oracle,68.5500
0.2,0.25,4,9,snr-greedy-loss,57.2750
0.2,0.25,4,9,belief,57.5500
0.2,0.25,4,9,ewma,57.6750
0.2,0.25,4,9,saf-adaptive,59.1500
0.2,0.25,4,9,oracle,67.9000
0.2,0.25,4,10,snr-greedy-loss,57.2000
0.2,0.25,4,10,belief,57.9500
0.2,0.25,4,10,ewma,57.6250
0.2,0.25,4,10,saf-adaptive,61.1000
0.2,0.25,4,10,oracle,68.5250
0.2,0.25,4,11,snr-greedy-loss,57.3000
0.2,0.25,4,11,belief,57.0750
0.2,0.25,4,11,ewma,58.9250
0.2,0.25,4,11,saf-adaptive,60.1500
0.2,0.25,4,11,oracle,68.6000
0.2,0.25,4,12,snr-greedy-loss,57.1750
0.2,0.25,4,12,belief,57.8500
0.2,0.25,4,12,ewma,58.0750
0.2,0.25,4,12,saf-adaptive,60.8250
0.2,0.25,4,12,oracle,68.5750
0.2,0.25,4,13,snr-greedy-loss,56.6250
0.2,0.25,4,13,belief,57.1500
0.2,0.25,4,13,ewma,58.5500
0.2,0.25,4,13,saf-adaptive,60.5500
0.2,0.25,4,13,oracle,68.5750
0.2,0.25,4,14,snr-greedy-loss,57.5750
0.2,0.25,4,14,belief,58.1250
0.2,0.25,4,14,ewma,57.6500
0.2,0.25,4,14,saf-adaptive,61.4000
0.2,0.25,4,14,oracle,69.3250
0.2,0.25,4,15,snr-greedy-loss,57.1500
0.2,0.25,4,15,belief,57.4250
0.2,0.25,4,15,ewma,57.6750
0.2,0.25,4,15,saf-adaptive,60.4250
0.2,0.25,4,15,oracle,68.2750
0.2,0.25,4,16,snr-greedy-loss,57.4250
0.2,0.25,4,16,belief,57.8250
0.2,0.25,4,16,ewma,58.8750
0.2,0.25,4,16,saf-adaptive,59.6000
0.2,0.25,4,16,oracle,68.2000
0.2,0.25,4,17,snr-greedy-loss,57.0250
0.2,0.25,4,17,belief,57.3250
0.2,0.25,4,17,ewma,56.5750
0.2,0.25,4,17,saf-adaptive,60.6250
0.2,0.25,4,17,oracle,68.4250
0.2,0.25,4,18,snr-greedy-loss,56.2750
0.2,0.25,4,18,belief,56.5000
0.2,0.25,4,18,ewma,56.4250
0.2,0.25,4,18,saf-adaptive,59.3250
0.2,0.25,4,18,oracle,67.8500
0.2,0.25,4,19,snr-greedy-loss,57.2000
0.2,0.25,4,19,belief,57.1000
0.2,0.25,4,19,ewma,58.2250
0.2,0.25,4,19,saf-adaptive,60.2250
0.2,0.25,4,19,oracle,68.4250
0.2,0.25,8,0,snr-greedy-loss,57.1000
0.2,0.25,8,0,belief,57.5250
0.2,0.25,8,0,ewma,59.7500
0.2,0.25,8,0,saf-adaptive,61.3250
0.2,0.25,8,0,oracle,68.7500
0.2,0.25,8,1,snr-greedy-loss,56.1500
0.2,0.25,8,1,belief,56.5500
0.2,0.25,8,1,ewma,57.8750
0.2,0.25,8,1,saf-adaptive,59.4250
0.2,0.25,8,1,oracle,68.3000
0.2,0.25,8,2,snr-greedy-loss,58.1750
0.2,0.25,8,2,belief,58.7500
0.2,0.25,8,2,ewma,59.0250
0.2,0.25,8,2,saf-adaptive,60.9500
0.2,0.25,8,2,oracle,68.8750
0.2,0.25,8,3,snr-greedy-loss,57.1000
0.2,0.25,8,3,belief,57.4750
0.2,0.25,8,3,ewma,57.7250
0.2,0.25,8,3,saf-adaptive,60.0000
0.2,0.25,8,3,oracle,68.5250
0.2,0.25,8,4,snr-greedy-loss,57.0500
0.2,0.25,8,4,belief,57.1250
0.2,0.25,8,4,ewma,58.4500
0.2,0.25,8,4,saf-adaptive,60.2000
0.2,0.25,8,4,oracle,68.4500
0.2,0.25,8,5,snr-greedy-loss,57.1750
0.2,0.25,8,5,belief,57.0750
0.2,0.25,8,5,ewma,58.4500
0.2,0.25,8,5,saf-adaptive,59.9500
0.2,0.25,8,5,oracle,68.4000
0.2,0.25,8,6,snr-greedy-loss,57.5000
0.2,0.25,8,6,belief,57.9250
0.2,0.25,8,6,ewma,57.5500
0.2,0.25,8,6,saf-adaptive,61.2000
0.2,0.25,8,6,oracle,69.1000
0.2,0.25,8,7,snr-greedy-loss,57.8750
0.2,0.25,8,7,belief,57.8250
0.2,0.25,8,7,ewma,57.5000
0.2,0.25,8,7,saf-adaptive,60.6250
0.2,0.25,8,7,oracle,68.4000
0.2,0.25,8,8,snr-greedy-loss,56.6000
0.2,0.25,8,8,belief,57.6750
0.2,0.25,8,8,ewma,58.5250
0.2,0.25,8,8,saf-adaptive,60.2500
0.2,0.25,8,8,oracle,68.5500
0.2,0.25,8,9,snr-greedy-loss,56.5000
0.2,0.25,8,9,belief,56.6500
0.2,0.25,8,9,ewma,58.8000
0.2,0.25,8,9,saf-adaptive,58.8000
0.2,0.25,8,9,oracle,67.9000
0.2,0.25,8,10,snr-greedy-loss,57.0750
0.2,0.25,8,10,belief,57.6750
0.2,0.25,8,10,ewma,57.6000
0.2,0.25,8,10,saf-adaptive,60.8500
0.2,0.25,8,10,oracle,68.5250
0.2,0.25,8,11,snr-greedy-loss,56.9250
0.2,0.25,8,11,belief,56.6500
0.2,0.25,8,11,ewma,58.5500
0.2,0.25,8,11,saf-adaptive,60.0500
0.2,0.25,8,11,oracle,68.6000
0.2,0.25,8,12,snr-greedy-loss,57.1000
0.2,0.25,8,12,belief,57.6000
0.2,0.25,8,12,ewma,58.6250
0.2,0.25,8,12,saf-adaptive,60.7250
0.2,0.25,8,12,oracle,68.5750
0.2,0.25,8,13,snr-greedy-loss,57.4500
0.2,0.25,8,13,belief,57.6500
0.2,0.25,8,13,ewma,58.6750
0.2,0.25,8,13,saf-adaptive,60.6000
0.2,0.25,8,13,oracle,68.5750
0.2,0.25,8,14,snr-greedy-loss,58.1250
0.2,0.25,8,14,belief,58.6000
0.2,0.25,8,14,ewma,59.0000
0.2,0.25,8,14,saf-adaptive,61.4250
0.2,0.25,8,14,oracle,69.3250
0.2,0.25,8,15,snr-greedy-loss,56.6250
0.2,0.25,8,15,belief,57.2500
0.2,0.25,8,15,ewma,56.5250
0.2,0.25,8,15,saf-adaptive,60.1250
0.2,0.25,8,15,oracle,68.2750
0.2,0.25,8,16,snr-greedy-loss,57.2000
0.2,0.25,8,16,belief,56.8000
0.2,0.25,8,16,ewma,58.3750
0.2,0.25,8,16,saf-adaptive,59.2750
0.2,0.25,8,16,oracle,68.2000
0.2,0.25,8,17,snr-greedy-loss,56.4750
0.2,0.25,8,17,belief,57.1000
0.2,0.25,8,17,ewma,56.0250
0.2,0.25,8,17,saf-adaptive,60.8750
0.2,0.25,8,17,oracle,68.4250
0.2,0.25,8,18,snr-greedy-loss,55.8000
0.2,0.25,8,18,belief,56.6000
0.2,0.25,8,18,ewma,56.9000
0.2,0.25,8,18,saf-adaptive,58.9500
0.2,0.25,8,18,oracle,67.8500
0.2,0.25,8,19,snr-greedy-loss,56.7250
0.2,0.25,8,19,belief,56.9500
0.2,0.25,8,19,ewma,58.6750
0.2,0.25,8,19,saf-adaptive,60.2500
0.2,0.25,8,19,oracle,68.4250
0.2,0.0,0,0,snr-greedy-loss,57.3000
0.2,0.0,0,0,belief,57.7000
0.2,0.0,0,0,ewma,58.4500
0.2,0.0,0,0,saf-adaptive,59.0000
0.2,0.0,0,0,oracle,68.4750
0.2,0.0,0,1,snr-greedy-loss,57.2750
0.2,0.0,0,1,belief,58.0500
0.2,0.0,0,1,ewma,59.8250
0.2,0.0,0,1,saf-adaptive,59.4000
0.2,0.0,0,1,oracle,69.0000
0.2,0.0,0,2,snr-greedy-loss,57.7250
0.2,0.0,0,2,belief,58.3750
0.2,0.0,0,2,ewma,59.1750
0.2,0.0,0,2,saf-adaptive,59.4750
0.2,0.0,0,2,oracle,68.9250
0.2,0.0,0,3,snr-greedy-loss,57.2750
0.2,0.0,0,3,belief,57.4500
0.2,0.0,0,3,ewma,59.5000
0.2,0.0,0,3,saf-adaptive,58.6750
0.2,0.0,0,3,oracle,68.4500
0.2,0.0,0,4,snr-greedy-loss,56.5000
0.2,0.0,0,4,belief,56.2250
0.2,0.0,0,4,ewma,58.4000
0.2,0.0,0,4,saf-adaptive,58.5000
0.2,0.0,0,4,oracle,68.1000
0.2,0.0,0,5,snr-greedy-loss,56.7000
0.2,0.0,0,5,belief,57.4750
0.2,0.0,0,5,ewma,57.0750
0.2,0.0,0,5,saf-adaptive,58.1250
0.2,0.0,0,5,oracle,68.2500
0.2,0.0,0,6,snr-greedy-loss,56.9750
0.2,0.0,0,6,belief,57.9000
0.2,0.0,0,6,ewma,57.6750
0.2,0.0,0,6,saf-adaptive,57.0750
0.2,0.0,0,6,oracle,68.8250
0.2,0.0,0,7,snr-greedy-loss,57.2500
0.2,0.0,0,7,belief,57.9750
0.2,0.0,0,7,ewma,57.5750
0.2,0.0,0,7,saf-adaptive,57.6750
0.2,0.0,0,7,oracle,68.5500
0.2,0.0,0,8,snr-greedy-loss,56.7500
0.2,0.0,0,8,belief,57.5500
0.2,0.0,0,8,ewma,57.6750
0.2,0.0,0,8,saf-adaptive,57.6500
0.2,0.0,0,8,oracle,68.4000
0.2,0.0,0,9,snr-greedy-loss,56.4750
0.2,0.0,0,9,belief,56.9500
0.2,0.0,0,9,ewma,57.8500
0.2,0.0,0,9,saf-adaptive,57.0750
0.2,0.0,0,9,oracle,68.1250
0.2,0.0,0,10,snr-greedy-loss,56.5500
0.2,0.0,0,10,belief,57.4500
0.2,0.0,0,10,ewma,56.1250
0.2,0.0,0,10,saf-adaptive,57.9500
0.2,0.0,0,10,oracle,68.4250
0.2,0.0,0,11,snr-greedy-loss,57.2250
0.2,0.0,0,11,belief,57.1250
0.2,0.0,0,11,ewma,58.0500
0.2,0.0,0,11,saf-adaptive,57.0000
0.2,0.0,0,11,oracle,68.3000
0.2,0.0,0,12,snr-greedy-loss,57.1000
0.2,0.0,0,12,belief,57.5750
0.2,0.0,0,12,ewma,58.4000
0.2,0.0,0,12,saf-adaptive,59.3250
0.2,0.0,0,12,oracle,68.7750
0.2,0.0,0,13,snr-greedy-loss,57.4250
0.2,0.0,0,13,belief,57.5000
0.2,0.0,0,13,ewma,59.4500
0.2,0.0,0,13,saf-adaptive,57.8000
0.2,0.0,0,13,oracle,68.2750
0.2,0.0,0,14,snr-greedy-loss,57.0500
0.2,0.0,0,14,belief,57.1500
0.2,0.0,0,14,ewma,57.8250
0.2,0.0,0,14,saf-adaptive,59.3250
0.2,0.0,0,14,oracle,69.2000
0.2,0.0,0,15,snr-greedy-loss,57.3000
0.2,0.0,0,15,belief,57.4500
0.2,0.0,0,15,ewma,56.5250
0.2,0.0,0,15,saf-adaptive,56.3250
0.2,0.0,0,15,oracle,68.0250
0.2,0.0,0,16,snr-greedy-loss,57.1500
0.2,0.0,0,16,belief,57.9500
0.2,0.0,0,16,ewma,58.3750
0.2,0.0,0,16,saf-adaptive,57.5250
0.2,0.0,0,16,oracle,69.0250
0.2,0.0,0,17,snr-greedy-loss,56.5750
0.2,0.0,0,17,belief,57.0750
0.2,0.0,0,17,ewma,58.1250
0.2,0.0,0,17,saf-adaptive,57.8250
0.2,0.0,0,17,oracle,67.9750
0.2,0.0,0,18,snr-greedy-loss,55.8500
0.2,0.0,0,18,belief,56.0000
0.2,0.0,0,18,ewma,57.1500
0.2,0.0,0,18,saf-adaptive,56.8250
0.2,0.0,0,18,oracle,67.6000
0.2,0.0,0,19,snr-greedy-loss,57.6500
0.2,0.0,0,19,belief,57.8000
0.2,0.0,0,19,ewma,57.7750
0.2,0.0,0,19,saf-adaptive,58.2750
0.2,0.0,0,19,oracle,68.7750
0.2,0.0,1,0,snr-greedy-loss,57.5000
0.2,0.0,1,0,belief,58.0750
0.2,0.0,1,0,ewma,58.1250
0.2,0.0,1,0,saf-adaptive,60.0250
0.2,0.0,1,0,oracle,68.4750
0.2,0.0,1,1,snr-greedy-loss,57.7500
0.2,0.0,1,1,belief,57.9750
0.2,0.0,1,1,ewma,59.4000
0.2,0.0,1,1,saf-adaptive,59.6000
0.2,0.0,1,1,oracle,69.0000
0.2,0.0,1,2,snr-greedy-loss,59.0500
0.2,0.0,1,2,belief,59.0250
0.2,0.0,1,2,ewma,58.5750
0.2,0.0,1,2,saf-adaptive,60.2500
0.2,0.0,1,2,oracle,68.9250
0.2,0.0,1,3,snr-greedy-loss,56.8000
0.2,0.0,1,3,belief,57.2000
0.2,0.0,1,3,ewma,57.8500
0.2,0.0,1,3,saf-adaptive,58.7250
0.2,0.0,1,3,oracle,68.4500
0.2,0.0,1,4,snr-greedy-loss,56.6500
0.2,0.0,1,4,belief,56.7000
0.2,0.0,1,4,ewma,58.7000
0.2,0.0,1,4,saf-adaptive,58.2250
0.2,0.0,1,4,oracle,68.1000
0.2,0.0,1,5,snr-greedy-loss,57.0250
0.2,0.0,1,5,belief,57.4500
0.2,0.0,1,5,ewma,57.6250
0.2,0.0,1,5,saf-adaptive,58.8750
0.2,0.0,1,5,oracle,68.2500
0.2,0.0,1,6,snr-greedy-loss,57.1500
0.2,0.0,1,6,belief,57.4000
0.2,0.0,1,6,ewma,57.9000
0.2,0.0,1,6,saf-adaptive,59.1750
0.2,0.0,1,6,oracle,68.8250
0.2,0.0,1,7,snr-greedy-loss,57.3250
0.2,0.0,1,7,belief,57.6500
0.2,0.0,1,7,ewma,57.9750
0.2,0.0,1,7,saf-adaptive,59.3250
0.2,0.0,1,7,oracle,68.5500
0.2,0.0,1,8,snr-greedy-loss,57.3000
0.2,0.0,1,8,belief,57.7000
0.2,0.0,1,8,ewma,57.4750
0.2,0.0,1,8,saf-adaptive,59.3000
0.2,0.0,1,8,oracle,68.4000
0.2,0.0,1,9,snr-greedy-loss,56.8250
0.2,0.0,1,9,belief,57.1750
0.2,0.0,1,9,ewma,56.6000
0.2,0.0,1,9,saf-adaptive,57.8750
0.2,0.0,1,9,oracle,68.1250
0.2,0.0,1,10,snr-greedy-loss,56.7250
0.2,0.0,1,10,belief,57.9500
0.2,0.0,1,10,ewma,56.0250
0.2,0.0,1,10,saf-adaptive,59.7000
0.2,0.0,1,10,oracle,68.4250
0.2,0.0,1,11,snr-greedy-loss,57.2000
0.2,0.0,1,11,belief,57.6000
0.2,0.0,1,11,ewma,57.7750
0.2,0.0,1,11,saf-adaptive,58.9500
0.2,0.0,1,11,oracle,68.3000
0.2,0.0,1,12,snr-greedy-loss,57.3750
0.2,0.0,1,12,belief,57.8750
0.2,0.0,1,12,ewma,58.7750
0.2,0.0,1,12,saf-adaptive,59.6750
0.2,0.0,1,12,oracle,68.7750
0.2,0.0,1,13,snr-greedy-loss,57.4000
0.2,0.0,1,13,belief,57.6250
0.2,0.0,1,13,ewma,58.4750
0.2,0.0,1,13,saf-adaptive,59.6750
0.2,0.0,1,13,oracle,68.2750
0.2,0.0,1,14,snr-greedy-loss,57.3500
0.2,0.0,1,14,belief,56.9750
0.2,0.0,1,14,ewma,57.2500
0.2,0.0,1,14,saf-adaptive,59.8500
0.2,0.0,1,14,oracle,69.2000
0.2,0.0,1,15,snr-greedy-loss,57.5000
0.2,0.0,1,15,belief,56.9000
0.2,0.0,1,15,ewma,56.5750
0.2,0.0,1,15,saf-adaptive,58.3500
0.2,0.0,1,15,oracle,68.0250
0.2,0.0,1,16,snr-greedy-loss,56.5250
0.2,0.0,1,16,belief,57.0000
0.2,0.0,1,16,ewma,58.1750
0.2,0.0,1,16,saf-adaptive,58.9500
0.2,0.0,1,16,oracle,69.0250
0.2,0.0,1,17,snr-greedy-loss,57.2000
0.2,0.0,1,17,belief,57.1000
0.2,0.0,1,17,ewma,56.5250
0.2,0.0,1,17,saf-adaptive,58.6250
0.2,0.0,1,17,oracle,67.9750
0.2,0.0,1,18,snr-greedy-loss,56.0750
0.2,0.0,1,18,belief,56.6500
0.2,0.0,1,18,ewma,56.7000
0.2,0.0,1,18,saf-adaptive,57.9000
0.2,0.0,1,18,oracle,67.6000
0.2,0.0,1,19,snr-greedy-loss,57.3750
0.2,0.0,1,19,belief,57.2750
0.2,0.0,1,19,ewma,58.4750
0.2,0.0,1,19,saf-adaptive,58.8000
0.2,0.0,1,19,oracle,68.7750
0.2,0.0,2,0,snr-greedy-loss,57.9250
0.2,0.0,2,0,belief,58.2250
0.2,0.0,2,0,ewma,58.4250
0.2,0.0,2,0,saf-adaptive,60.6750
0.2,0.0,2,0,oracle,68.4750
0.2,0.0,2,1,snr-greedy-loss,57.8250
0.2,0.0,2,1,belief,57.7000
0.2,0.0,2,1,ewma,58.7000
0.2,0.0,2,1,saf-adaptive,59.4000
0.2,0.0,2,1,oracle,69.0000
0.2,0.0,2,2,snr-greedy-loss,58.0500
0.2,0.0,2,2,belief,58.0250
0.2,0.0,2,2,ewma,57.8750
0.2,0.0,2,2,saf-adaptive,60.2250
0.2,0.0,2,2,oracle,68.9250
0.2,0.0,2,3,snr-greedy-loss,57.2750
0.2,0.0,2,3,belief,57.5000
0.2,0.0,2,3,ewma,59.6500
0.2,0.0,2,3,saf-adaptive,59.7500
0.2,0.0,2,3,oracle,68.4500
0.2,0.0,2,4,snr-greedy-loss,57.4500
0.2,0.0,2,4,belief,57.0750
0.2,0.0,2,4,ewma,58.4250
0.2,0.0,2,4,saf-adaptive,58.9750
0.2,0.0,2,4,oracle,68.1000
0.2,0.0,2,5,snr-greedy-loss,57.0000
0.2,0.0,2,5,belief,57.3750
0.2,0.0,2,5,ewma,57.8250
0.2,0.0,2,5,saf-adaptive,59.0000
0.2,0.0,2,5,oracle,68.2500
0.2,0.0,2,6,snr-greedy-loss,56.9000
0.2,0.0,2,6,belief,58.0500
0.2,0.0,2,6,ewma,57.1000
0.2,0.0,2,6,saf-adaptive,59.2250
0.2,0.0,2,6,oracle,68.8250
0.2,0.0,2,7,snr-greedy-loss,57.3000
0.2,0.0,2,7,belief,57.5750
0.2,0.0,2,7,ewma,56.6250
0.2,0.0,2,7,saf-adaptive,59.3750
0.2,0.0,2,7,oracle,68.5500
0.2,0.0,2,8,snr-greedy-loss,56.9500
0.2,0.0,2,8,belief,57.6500
0.2,0.0,2,8,ewma,55.7500
0.2,0.0,2,8,saf-adaptive,59.5250
0.2,0.0,2,8,oracle,68.4000
0.2,0.0,2,9,snr-greedy-loss,56.7250
0.2,0.0,2,9,belief,56.9000
0.2,0.0,2,9,ewma,56.6500
0.2,0.0,2,9,saf-adaptive,58.9250
0.2,0.0,2,9,oracle,68.1250
0.2,0.0,2,10,snr-greedy-loss,56.4250
0.2,0.0,2,10,belief,57.8250
0.2,0.0,2,10,ewma,56.3000
0.2,0.0,2,10,saf-adaptive,60.4500
0.2,0.0,2,10,oracle,68.4250
0.2,0.0,2,11,snr-greedy-loss,57.1000
0.2,0.0,2,11,belief,57.1500
0.2,0.0,2,11,ewma,58.6500
0.2,0.0,2,11,saf-adaptive,59.5000
0.2,0.0,2,11,oracle,68.3000
0.2,0.0,2,12,snr-greedy-loss,57.1500
0.2,0.0,2,12,belief,58.4000
0.2,0.0,2,12,ewma,59.2500
0.2,0.0,2,12,saf-adaptive,60.1250
0.2,0.0,2,12,oracle,68.7750
0.2,0.0,2,13,snr-greedy-loss,57.1750
0.2,0.0,2,13,belief,57.4000
0.2,0.0,2,13,ewma,58.1500
0.2,0.0,2,13,saf-adaptive,59.9500
0.2,0.0,2,13,oracle,68.2750
0.2,0.0,2,14,snr-greedy-loss,57.0750
0.2,0.0,2,14,belief,57.0500
0.2,0.0,2,14,ewma,58.2250
0.2,0.0,2,14,saf-adaptive,60.1000
0.2,0.0,2,14,oracle,69.2000
0.2,0.0,2,15,snr-greedy-loss,57.2250
0.2,0.0,2,15,belief,57.0500
0.2,0.0,2,15,ewma,57.1500
0.2,0.0,2,15,saf-adaptive,59.0500
0.2,0.0,2,15,oracle,68.0250
0.2,0.0,2,16,snr-greedy-loss,56.7000
0.2,0.0,2,16,belief,57.1000
0.2,0.0,2,16,ewma,57.4000
0.2,0.0,2,16,saf-adaptive,59.1500
0.2,0.0,2,16,oracle,69.0250
0.2,0.0,2,17,snr-greedy-loss,57.2000
0.2,0.0,2,17,belief,57.5500
0.2,0.0,2,17,ewma,56.3500
0.2,0.0,2,17,saf-adaptive,59.4500
0.2,0.0,2,17,oracle,67.9750
0.2,0.0,2,18,snr-greedy-loss,55.7750
0.2,0.0,2,18,belief,56.5750
0.2,0.0,2,18,ewma,54.2250
0.2,0.0,2,18,saf-adaptive,58.5750
0.2,0.0,2,18,oracle,67.6000
0.2,0.0,2,19,snr-greedy-loss,56.9500
0.2,0.0,2,19,belief,57.2500
0.2,0.0,2,19,ewma,58.4000
0.2,0.0,2,19,saf-adaptive,58.9000
0.2,0.0,2,19,oracle,68.7750
0.2,0.0,4,0,snr-greedy-loss,57.6750
0.2,0.0,4,0,belief,57.7000
0.2,0.0,4,0,ewma,59.0500
0.2,0.0,4,0,saf-adaptive,60.9250
0.2,0.0,4,0,oracle,68.4750
0.2,0.0,4,1,snr-greedy-loss,57.7500
0.2,0.0,4,1,belief,57.5750
0.2,0.0,4,1,ewma,60.1000
0.2,0.0,4,1,saf-adaptive,60.7250
0.2,0.0,4,1,oracle,69.0000
0.2,0.0,4,2,snr-greedy-loss,57.9000
0.2,0.0,4,2,belief,58.1250
0.2,0.0,4,2,ewma,58.5000
0.2,0.0,4,2,saf-adaptive,60.8500
0.2,0.0,4,2,oracle,68.9250
0.2,0.0,4,3,snr-greedy-loss,57.2250
0.2,0.0,4,3,belief,57.2000
0.2,0.0,4,3,ewma,58.9750
0.2,0.0,4,3,saf-adaptive,59.8750
0.2,0.0,4,3,oracle,68.4500
0.2,0.0,4,4,snr-greedy-loss,57.0500
0.2,0.0,4,4,belief,56.9750
0.2,0.0,4,4,ewma,58.4000
0.2,0.0,4,4,saf-adaptive,59.6000
0.2,0.0,4,4,oracle,68.1000
0.2,0.0,4,5,snr-greedy-loss,56.8750
0.2,0.0,4,5,belief,57.7000
0.2,0.0,4,5,ewma,59.0500
0.2,0.0,4,5,saf-adaptive,60.0750
0.2,0.0,4,5,oracle,68.2500
0.2,0.0,4,6,snr-greedy-loss,57.3250
0.2,0.0,4,6,belief,58.1500
0.2,0.0,4,6,ewma,56.0750
0.2,0.0,4,6,saf-adaptive,61.0750
0.2,0.0,4,6,oracle,68.8250
0.2,0.0,4,7,snr-greedy-loss,57.6750
0.2,0.0,4,7,belief,58.0000
0.2,0.0,4,7,ewma,57.4250
0.2,0.0,4,7,saf-adaptive,61.0000
0.2,0.0,4,7,oracle,68.5500
0.2,0.0,4,8,snr-greedy-loss,57.0250
0.2,0.0,4,8,belief,57.2000
0.2,0.0,4,8,ewma,58.7000
0.2,0.0,4,8,saf-adaptive,59.6000
0.2,0.0,4,8,oracle,68.4000
0.2,0.0,4,9,snr-greedy-loss,56.9250
0.2,0.0,4,9,belief,56.9000
0.2,0.0,4,9,ewma,57.5500
0.2,0.0,4,9,saf-adaptive,59.0750
0.2,0.0,4,9,oracle,68.1250
0.2,0.0,4,10,snr-greedy-loss,57.1750
0.2,0.0,4,10,belief,57.9250
0.2,0.0,4,10,ewma,56.2000
0.2,0.0,4,10,saf-adaptive,61.3750
0.2,0.0,4,10,oracle,68.4250
0.2,0.0,4,11,snr-greedy-loss,56.8750
0.2,0.0,4,11,belief,56.9000
0.2,0.0,4,11,ewma,57.9250
0.2,0.0,4,11,saf-adaptive,59.6000
0.2,0.0,4,11,oracle,68.3000
0.2,0.0,4,12,snr-greedy-loss,56.9250
0.2,0.0,4,12,belief,57.7000
0.2,0.0,4,12,ewma,58.3000
0.2,0.0,4,12,saf-adaptive,61.1250
0.2,0.0,4,12,oracle,68.7750
0.2,0.0,4,13,snr-greedy-loss,56.6000
0.2,0.0,4,13,belief,57.3750
0.2,0.0,4,13,ewma,57.8250
0.2,0.0,4,13,saf-adaptive,60.4250
0.2,0.0,4,13,oracle,68.2750
0.2,0.0,4,14,snr-greedy-loss,57.1500
0.2,0.0,4,14,belief,57.4250
0.2,0.0,4,14,ewma,57.6250
0.2,0.0,4,14,saf-adaptive,61.4500
0.2,0.0,4,14,oracle,69.2000
0.2,0.0,4,15,snr-greedy-loss,56.9750
0.2,0.0,4,15,belief,57.1250
0.2,0.0,4,15,ewma,57.6750
0.2,0.0,4,15,saf-adaptive,59.7000
0.2,0.0,4,15,oracle,68.0250
0.2,0.0,4,16,snr-greedy-loss,57.6500
0.2,0.0,4,16,belief,58.1750
0.2,0.0,4,16,ewma,58.6500
0.2,0.0,4,16,saf-adaptive,60.3500
0.2,0.0,4,16,oracle,69.0250
0.2,0.0,4,17,snr-greedy-loss,56.8250
0.2,0.0,4,17,belief,57.2500
0.2,0.0,4,17,ewma,57.6750
0.2,0.0,4,17,saf-adaptive,60.2750
0.2,0.0,4,17,oracle,67.9750
0.2,0.0,4,18,snr-greedy-loss,55.8250
0.2,0.0,4,18,belief,56.4000
0.2,0.0,4,18,ewma,54.6250
0.2,0.0,4,18,saf-adaptive,58.6000
0.2,0.0,4,18,oracle,67.6000
0.2,0.0,4,19,snr-greedy-loss,56.9250
0.2,0.0,4,19,belief,57.0500
0.2,0.0,4,19,ewma,58.7250
0.2,0.0,4,19,saf-adaptive,60.0000
0.2,0.0,4,19,oracle,68.7750
0.2,0.0,8,0,snr-greedy-loss,57.2750
0.2,0.0,8,0,belief,57.2000
0.2,0.0,8,0,ewma,57.9750
0.2,0.0,8,0,saf-adaptive,61.1000
0.2,0.0,8,0,oracle,68.4750
0.2,0.0,8,1,snr-greedy-loss,57.3500
0.2,0.0,8,1,belief,57.6000
0.2,0.0,8,1,ewma,59.2750
0.2,0.0,8,1,saf-adaptive,60.3000
0.2,0.0,8,1,oracle,69.0000
0.2,0.0,8,2,snr-greedy-loss,58.2750
0.2,0.0,8,2,belief,58.5000
0.2,0.0,8,2,ewma,58.2500
0.2,0.0,8,2,saf-adaptive,61.1000
0.2,0.0,8,2,oracle,68.9250
0.2,0.0,8,3,snr-greedy-loss,56.8500
0.2,0.0,8,3,belief,57.1750
0.2,0.0,8,3,ewma,56.3750
0.2,0.0,8,3,saf-adaptive,60.4500
0.2,0.0,8,3,oracle,68.4500
0.2,0.0,8,4,snr-greedy-loss,57.0000
0.2,0.0,8,4,belief,56.9000
0.2,0.0,8,4,ewma,58.2000
0.2,0.0,8,4,saf-adaptive,59.5500
0.2,0.0,8,4,oracle,68.1000
0.2,0.0,8,5,snr-greedy-loss,56.7750
0.2,0.0,8,5,belief,56.8250
0.2,0.0,8,5,ewma,57.4000
0.2,0.0,8,5,saf-adaptive,59.9250
0.2,0.0,8,5,oracle,68.2500
0.2,0.0,8,6,snr-greedy-loss,57.2000
0.2,0.0,8,6,belief,57.9750
0.2,0.0,8,6,ewma,57.9250
0.2,0.0,8,6,saf-adaptive,61.0250
0.2,0.0,8,6,oracle,68.8250
0.2,0.0,8,7,snr-greedy-loss,57.5250
0.2,0.0,8,7,belief,57.6750
0.2,0.0,8,7,ewma,57.7750
0.2,0.0,8,7,saf-adaptive,60.4750
0.2,0.0,8,7,oracle,68.5500
0.2,0.0,8,8,snr-greedy-loss,56.5250
0.2,0.0,8,8,belief,57.5250
0.2,0.0,8,8,ewma,58.3750
0.2,0.0,8,8,saf-adaptive,59.7250
0.2,0.0,8,8,oracle,68.4000
0.2,0.0,8,9,snr-greedy-loss,56.6500
0.2,0.0,8,9,belief,56.7000
0.2,0.0,8,9,ewma,58.5250
0.2,0.0,8,9,saf-adaptive,59.0000
0.2,0.0,8,9,oracle,68.1250
0.2,0.0,8,10,snr-greedy-loss,57.4750
0.2,0.0,8,10,belief,57.8750
0.2,0.0,8,10,ewma,57.2750
0.2,0.0,8,10,saf-adaptive,60.8000
0.2,0.0,8,10,oracle,68.4250
0.2,0.0,8,11,snr-greedy-loss,56.7000
0.2,0.0,8,11,belief,56.4250
0.2,0.0,8,11,ewma,58.2500
0.2,0.0,8,11,saf-adaptive,59.2250
0.2,0.0,8,11,oracle,68.3000
0.2,0.0,8,12,snr-greedy-loss,57.8500
0.2,0.0,8,12,belief,58.2000
0.2,0.0,8,12,ewma,58.7750
0.2,0.0,8,12,saf-adaptive,60.9500
0.2,0.0,8,12,oracle,68.7750
0.2,0.0,8,13,snr-greedy-loss,57.1500
0.2,0.0,8,13,belief,57.3750
0.2,0.0,8,13,ewma,58.4750
0.2,0.0,8,13,saf-adaptive,60.4250
0.2,0.0,8,13,oracle,68.2750
0.2,0.0,8,14,snr-greedy-loss,57.6000
0.2,0.0,8,14,belief,58.1000
0.2,0.0,8,14,ewma,59.2750
0.2,0.0,8,14,saf-adaptive,61.2250
0.2,0.0,8,14,oracle,69.2000
0.2,0.0,8,15,snr-greedy-loss,56.4250
0.2,0.0,8,15,belief,56.6000
0.2,0.0,8,15,ewma,56.7750
0.2,0.0,8,15,saf-adaptive,59.6000
0.2,0.0,8,15,oracle,68.0250
0.2,0.0,8,16,snr-greedy-loss,56.9250
0.2,0.0,8,16,belief,56.8000
0.2,0.0,8,16,ewma,58.1750
0.2,0.0,8,16,saf-adaptive,59.6750
0.2,0.0,8,16,oracle,69.0250
0.2,0.0,8,17,snr-greedy-loss,56.5250
0.2,0.0,8,17,belief,57.1000
0.2,0.0,8,17,ewma,55.8250
0.2,0.0,8,17,saf-adaptive,60.4250
0.2,0.0,8,17,oracle,67.9750
0.2,0.0,8,18,snr-greedy-loss,56.0500
0.2,0.0,8,18,belief,56.5750
0.2,0.0,8,18,ewma,55.8750
0.2,0.0,8,18,saf-adaptive,58.3500
0.2,0.0,8,18,oracle,67.6000
0.2,0.0,8,19,snr-greedy-loss,56.7750
0.2,0.0,8,19,belief,57.1250
0.2,0.0,8,19,ewma,59.5500
0.2,0.0,8,19,saf-adaptive,60.2750
0.2,0.0,8,19,oracle,68.7750
0.5,1.0,0,0,snr-greedy-loss,67.3500
0.5,1.0,0,0,belief,67.9500
0.5,1.0,0,0,ewma,59.5750
0.5,1.0,0,0,saf-adaptive,67.9500
0.5,1.0,0,0,oracle,68.5500
0.5,1.0,0,1,snr-greedy-loss,68.2000
0.5,1.0,0,1,belief,68.4750
0.5,1.0,0,1,ewma,57.6000
0.5,1.0,0,1,saf-adaptive,68.4750
0.5,1.0,0,1,oracle,69.0750
0.5,1.0,0,2,snr-greedy-loss,66.9000
0.5,1.0,0,2,belief,67.3000
0.5,1.0,0,2,ewma,58.6000
0.5,1.0,0,2,saf-adaptive,67.3000
0.5,1.0,0,2,oracle,67.9500
0.5,1.0,0,3,snr-greedy-loss,67.3500
0.5,1.0,0,3,belief,68.0750
0.5,1.0,0,3,ewma,57.3000
0.5,1.0,0,3,saf-adaptive,68.0500
0.5,1.0,0,3,oracle,68.6500
0.5,1.0,0,4,snr-greedy-loss,66.7000
0.5,1.0,0,4,belief,67.3000
0.5,1.0,0,4,ewma,58.0250
0.5,1.0,0,4,saf-adaptive,67.3000
0.5,1.0,0,4,oracle,67.9500
0.5,1.0,0,5,snr-greedy-loss,67.4250
0.5,1.0,0,5,belief,67.7250
0.5,1.0,0,5,ewma,58.4250
0.5,1.0,0,5,saf-adaptive,67.7250
0.5,1.0,0,5,oracle,68.4000
0.5,1.0,0,6,snr-greedy-loss,67.1000
0.5,1.0,0,6,belief,67.3250
0.5,1.0,0,6,ewma,57.8250
0.5,1.0,0,6,saf-adaptive,67.3250
0.5,1.0,0,6,oracle,67.9500
0.5,1.0,0,7,snr-greedy-loss,67.6500
0.5,1.0,0,7,belief,67.9750
0.5,1.0,0,7,ewma,58.8250
0.5,1.0,0,7,saf-adaptive,67.9750
0.5,1.0,0,7,oracle,68.3750
0.5,1.0,0,8,snr-greedy-loss,67.5250
0.5,1.0,0,8,belief,67.9000
0.5,1.0,0,8,ewma,59.0500
0.5,1.0,0,8,saf-adaptive,67.9000
0.5,1.0,0,8,oracle,68.5250
0.5,1.0,0,9,snr-greedy-loss,67.8250
0.5,1.0,0,9,belief,68.1250
0.5,1.0,0,9,ewma,57.8500
0.5,1.0,0,9,saf-adaptive,68.1250
0.5,1.0,0,9,oracle,68.5750
0.5,1.0,0,10,snr-greedy-loss,67.0750
0.5,1.0,0,10,belief,67.6000
0.5,1.0,0,10,ewma,56.2750
0.5,1.0,0,10,saf-adaptive,67.5500
0.5,1.0,0,10,oracle,68.1750
0.5,1.0,0,11,snr-greedy-loss,67.4750
0.5,1.0,0,11,belief,67.7000
0.5,1.0,0,11,ewma,56.5250
0.5,1.0,0,11,saf-adaptive,67.7000
0.5,1.0,0,11,oracle,68.3000
0.5,1.0,0,12,snr-greedy-loss,67.8250
0.5,1.0,0,12,belief,68.3250
0.5,1.0,0,12,ewma,58.3250
0.5,1.0,0,12,saf-adaptive,68.3250
0.5,1.0,0,12,oracle,68.9250
0.5,1.0,0,13,snr-greedy-loss,66.7500
0.5,1.0,0,13,belief,67.1000
0.5,1.0,0,13,ewma,55.8000
0.5,1.0,0,13,saf-adaptive,67.1000
0.5,1.0,0,13,oracle,67.6500
0.5,1.0,0,14,snr-greedy-loss,68.4750
0.5,1.0,0,14,belief,68.9000
0.5,1.0,0,14,ewma,61.5000
0.5,1.0,0,14,saf-adaptive,68.9000
0.5,1.0,0,14,oracle,69.4000
0.5,1.0,0,15,snr-greedy-loss,67.4000
0.5,1.0,0,15,belief,68.0750
0.5,1.0,0,15,ewma,57.5250
0.5,1.0,0,15,saf-adaptive,68.0750
0.5,1.0,0,15,oracle,68.6750
0.5,1.0,0,16,snr-greedy-loss,67.3000
0.5,1.0,0,16,belief,67.5250
0.5,1.0,0,16,ewma,56.8000
0.5,1.0,0,16,saf-adaptive,67.4250
0.5,1.0,0,16,oracle,68.0500
0.5,1.0,0,17,snr-greedy-loss,67.2250
0.5,1.0,0,17,belief,67.7500
0.5,1.0,0,17,ewma,58.4000
0.5,1.0,0,17,saf-adaptive,67.7500
0.5,1.0,0,17,oracle,68.4250
0.5,1.0,0,18,snr-greedy-loss,67.5250
0.5,1.0,0,18,belief,68.1000
0.5,1.0,0,18,ewma,58.7000
0.5,1.0,0,18,saf-adaptive,68.1000
0.5,1.0,0,18,oracle,68.7000
0.5,1.0,0,19,snr-greedy-loss,67.1750
0.5,1.0,0,19,belief,67.6500
0.5,1.0,0,19,ewma,58.4000
0.5,1.0,0,19,saf-adaptive,67.6250
0.5,1.0,0,19,oracle,68.3250
0.5,1.0,1,0,snr-greedy-loss,59.9000
0.5,1.0,1,0,belief,60.8750
0.5,1.0,1,0,ewma,57.9000
0.5,1.0,1,0,saf-adaptive,62.8250
0.5,1.0,1,0,oracle,68.5500
0.5,1.0,1,1,snr-greedy-loss,61.1750
0.5,1.0,1,1,belief,61.5250
0.5,1.0,1,1,ewma,57.2500
0.5,1.0,1,1,saf-adaptive,62.3000
0.5,1.0,1,1,oracle,69.0750
0.5,1.0,1,2,snr-greedy-loss,60.3000
0.5,1.0,1,2,belief,60.4750
0.5,1.0,1,2,ewma,57.3750
0.5,1.0,1,2,saf-adaptive,62.6000
0.5,1.0,1,2,oracle,67.9500
0.5,1.0,1,3,snr-greedy-loss,60.0500
0.5,1.0,1,3,belief,60.4500
0.5,1.0,1,3,ewma,55.2250
0.5,1.0,1,3,saf-adaptive,61.8750
0.5,1.0,1,3,oracle,68.6500
0.5,1.0,1,4,snr-greedy-loss,59.3500
0.5,1.0,1,4,belief,60.2500
0.5,1.0,1,4,ewma,56.9000
0.5,1.0,1,4,saf-adaptive,61.6000
0.5,1.0,1,4,oracle,67.9500
0.5,1.0,1,5,snr-greedy-loss,60.7250
0.5,1.0,1,5,belief,61.4250
0.5,1.0,1,5,ewma,58.0000
0.5,1.0,1,5,saf-adaptive,62.3000
0.5,1.0,1,5,oracle,68.4000
0.5,1.0,1,6,snr-greedy-loss,59.5250
0.5,1.0,1,6,belief,60.1000
0.5,1.0,1,6,ewma,58.6500
0.5,1.0,1,6,saf-adaptive,61.2500
0.5,1.0,1,6,oracle,67.9500
0.5,1.0,1,7,snr-greedy-loss,60.8500
0.5,1.0,1,7,belief,60.9500
0.5,1.0,1,7,ewma,59.1750
0.5,1.0,1,7,saf-adaptive,61.9750
0.5,1.0,1,7,oracle,68.3750
0.5,1.0,1,8,snr-greedy-loss,61.5750
0.5,1.0,1,8,belief,61.5500
0.5,1.0,1,8,ewma,58.5500
0.5,1.0,1,8,saf-adaptive,62.4750
0.5,1.0,1,8,oracle,68.5250
0.5,1.0,1,9,snr-greedy-loss,61.1250
0.5,1.0,1,9,belief,62.0750
0.5,1.0,1,9,ewma,57.5250
0.5,1.0,1,9,saf-adaptive,63.0500
0.5,1.0,1,9,oracle,68.5750
0.5,1.0,1,10,snr-greedy-loss,59.7250
0.5,1.0,1,10,belief,60.5500
0.5,1.0,1,10,ewma,57.4250
0.5,1.0,1,10,saf-adaptive,61.9000
0.5,1.0,1,10,oracle,68.1750
0.5,1.0,1,11,snr-greedy-loss,60.7500
0.5,1.0,1,11,belief,61.3500
0.5,1.0,1,11,ewma,58.1000
0.5,1.0,1,11,saf-adaptive,62.4750
0.5,1.0,1,11,oracle,68.3000
0.5,1.0,1,12,snr-greedy-loss,60.4750
0.5,1.0,1,12,belief,61.2250
0.5,1.0,1,12,ewma,58.4000
0.5,1.0,1,12,saf-adaptive,63.0500
0.5,1.0,1,12,oracle,68.9250
0.5,1.0,1,13,snr-greedy-loss,60.2500
0.5,1.0,1,13,belief,60.7500
0.5,1.0,1,13,ewma,56.5000
0.5,1.0,1,13,saf-adaptive,62.1000
0.5,1.0,1,13,oracle,67.6500
0.5,1.0,1,14,snr-greedy-loss,61.5000
0.5,1.0,1,14,belief,62.0500
0.5,1.0,1,14,ewma,59.8000
0.5,1.0,1,14,saf-adaptive,63.5250
0.5,1.0,1,14,oracle,69.4000
0.5,1.0,1,15,snr-greedy-loss,60.1000
0.5,1.0,1,15,belief,61.0500
0.5,1.0,1,15,ewma,56.6000
0.5,1.0,1,15,saf-adaptive,61.8000
0.5,1.0,1,15,oracle,68.6750
0.5,1.0,1,16,snr-greedy-loss,60.1000
0.5,1.0,1,16,belief,60.4750
0.5,1.0,1,16,ewma,54.9250
0.5,1.0,1,16,saf-adaptive,61.2250
0.5,1.0,1,16,oracle,68.0500
0.5,1.0,1,17,snr-greedy-loss,60.4750
0.5,1.0,1,17,belief,60.4750
0.5,1.0,1,17,ewma,58.6500
0.5,1.0,1,17,saf-adaptive,62.3250
0.5,1.0,1,17,oracle,68.4250
0.5,1.0,1,18,snr-greedy-loss,60.2250
0.5,1.0,1,18,belief,61.2500
0.5,1.0,1,18,ewma,58.3500
0.5,1.0,1,18,saf-adaptive,62.6250
0.5,1.0,1,18,oracle,68.7000
0.5,1.0,1,19,snr-greedy-loss,60.5000
0.5,1.0,1,19,belief,60.6750
0.5,1.0,1,19,ewma,57.2000
0.5,1.0,1,19,saf-adaptive,61.6500
0.5,1.0,1,19,oracle,68.3250
0.5,1.0,2,0,snr-greedy-loss,58.0000
0.5,1.0,2,0,belief,58.7750
0.5,1.0,2,0,ewma,59.5250
0.5,1.0,2,0,saf-adaptive,61.2750
0.5,1.0,2,0,oracle,68.5500
0.5,1.0,2,1,snr-greedy-loss,58.7250
0.5,1.0,2,1,belief,58.9750
0.5,1.0,2,1,ewma,58.8750
0.5,1.0,2,1,saf-adaptive,60.4000
0.5,1.0,2,1,oracle,69.0750
0.5,1.0,2,2,snr-greedy-loss,57.9500
0.5,1.0,2,2,belief,58.2500
0.5,1.0,2,2,ewma,58.6500
0.5,1.0,2,2,saf-adaptive,60.9750
0.5,1.0,2,2,oracle,67.9500
0.5,1.0,2,3,snr-greedy-loss,57.9750
0.5,1.0,2,3,belief,58.0000
0.5,1.0,2,3,ewma,55.6000
0.5,1.0,2,3,saf-adaptive,59.7500
0.5,1.0,2,3,oracle,68.6500
0.5,1.0,2,4,snr-greedy-loss,57.4250
0.5,1.0,2,4,belief,58.3500
0.5,1.0,2,4,ewma,58.7250
0.5,1.0,2,4,saf-adaptive,60.1500
0.5,1.0,2,4,oracle,67.9500
0.5,1.0,2,5,snr-greedy-loss,58.7250
0.5,1.0,2,5,belief,59.3000
0.5,1.0,2,5,ewma,58.3000
0.5,1.0,2,5,saf-adaptive,60.0000
0.5,1.0,2,5,oracle,68.4000
0.5,1.0,2,6,snr-greedy-loss,57.5000
0.5,1.0,2,6,belief,58.1750
0.5,1.0,2,6,ewma,57.5500
0.5,1.0,2,6,saf-adaptive,59.5250
0.5,1.0,2,6,oracle,67.9500
0.5,1.0,2,7,snr-greedy-loss,59.0000
0.5,1.0,2,7,belief,59.1250
0.5,1.0,2,7,ewma,58.7250
0.5,1.0,2,7,saf-adaptive,60.5750
0.5,1.0,2,7,oracle,68.3750
0.5,1.0,2,8,snr-greedy-loss,58.8750
0.5,1.0,2,8,belief,59.0000
0.5,1.0,2,8,ewma,58.7000
0.5,1.0,2,8,saf-adaptive,60.7500
0.5,1.0,2,8,oracle,68.5250
0.5,1.0,2,9,snr-greedy-loss,59.7500
0.5,1.0,2,9,belief,59.8750
0.5,1.0,2,9,ewma,57.7250
0.5,1.0,2,9,saf-adaptive,61.3000
0.5,1.0,2,9,oracle,68.5750
0.5,1.0,2,10,snr-greedy-loss,57.4750
0.5,1.0,2,10,belief,57.9750
0.5,1.0,2,10,ewma,55.7750
0.5,1.0,2,10,saf-adaptive,60.3500
0.5,1.0,2,10,oracle,68.1750
0.5,1.0,2,11,snr-greedy-loss,58.4250
0.5,1.0,2,11,belief,59.0500
0.5,1.0,2,11,ewma,57.3750
0.5,1.0,2,11,saf-adaptive,60.7000
0.5,1.0,2,11,oracle,68.3000
0.5,1.0,2,12,snr-greedy-loss,58.2250
0.5,1.0,2,12,belief,59.0250
0.5,1.0,2,12,ewma,58.3750
0.5,1.0,2,12,saf-adaptive,61.0000
0.5,1.0,2,12,oracle,68.9250
0.5,1.0,2,13,snr-greedy-loss,57.9000
0.5,1.0,2,13,belief,58.2750
0.5,1.0,2,13,ewma,58.2750
0.5,1.0,2,13,saf-adaptive,60.1000
0.5,1.0,2,13,oracle,67.6500
0.5,1.0,2,14,snr-greedy-loss,59.3250
0.5,1.0,2,14,belief,60.1250
0.5,1.0,2,14,ewma,60.0250
0.5,1.0,2,14,saf-adaptive,62.1000
0.5,1.0,2,14,oracle,69.4000
0.5,1.0,2,15,snr-greedy-loss,57.9750
0.5,1.0,2,15,belief,59.3500
0.5,1.0,2,15,ewma,56.9750
0.5,1.0,2,15,saf-adaptive,60.2250
0.5,1.0,2,15,oracle,68.6750
0.5,1.0,2,16,snr-greedy-loss,57.8500
0.5,1.0,2,16,belief,58.3500
0.5,1.0,2,16,ewma,57.0500
0.5,1.0,2,16,saf-adaptive,59.4000
0.5,1.0,2,16,oracle,68.0500
0.5,1.0,2,17,snr-greedy-loss,58.4250
0.5,1.0,2,17,belief,58.6250
0.5,1.0,2,17,ewma,57.9500
0.5,1.0,2,17,saf-adaptive,60.3000
0.5,1.0,2,17,oracle,68.4250
0.5,1.0,2,18,snr-greedy-loss,58.0250
0.5,1.0,2,18,belief,58.5000
0.5,1.0,2,18,ewma,58.3000
0.5,1.0,2,18,saf-adaptive,60.9250
0.5,1.0,2,18,oracle,68.7000
0.5,1.0,2,19,snr-greedy-loss,58.7250
0.5,1.0,2,19,belief,58.5000
0.5,1.0,2,19,ewma,56.8000
0.5,1.0,2,19,saf-adaptive,60.1250
0.5,1.0,2,19,oracle,68.3250
0.5,1.0,4,0,snr-greedy-loss,57.9000
0.5,1.0,4,0,belief,58.5000
0.5,1.0,4,0,ewma,57.3750
0.5,1.0,4,0,saf-adaptive,61.6000
0.5,1.0,4,0,oracle,68.5500
0.5,1.0,4,1,snr-greedy-loss,57.4750
0.5,1.0,4,1,belief,58.1000
0.5,1.0,4,1,ewma,58.5250
0.5,1.0,4,1,saf-adaptive,60.4750
0.5,1.0,4,1,oracle,69.0750
0.5,1.0,4,2,snr-greedy-loss,57.7000
0.5,1.0,4,2,belief,57.7500
0.5,1.0,4,2,ewma,58.4500
0.5,1.0,4,2,saf-adaptive,61.4750
0.5,1.0,4,2,oracle,67.9500
0.5,1.0,4,3,snr-greedy-loss,56.2000
0.5,1.0,4,3,belief,56.8750
0.5,1.0,4,3,ewma,56.6500
0.5,1.0,4,3,saf-adaptive,59.7250
0.5,1.0,4,3,oracle,68.6500
0.5,1.0,4,4,snr-greedy-loss,57.3250
0.5,1.0,4,4,belief,57.4000
0.5,1.0,4,4,ewma,56.6250
0.5,1.0,4,4,saf-adaptive,59.5750
0.5,1.0,4,4,oracle,67.9500
0.5,1.0,4,5,snr-greedy-loss,57.2250
0.5,1.0,4,5,belief,57.7500
0.5,1.0,4,5,ewma,57.6000
0.5,1.0,4,5,saf-adaptive,60.0750
0.5,1.0,4,5,oracle,68.4000
0.5,1.0,4,6,snr-greedy-loss,56.8000
0.5,1.0,4,6,belief,57.3750
0.5,1.0,4,6,ewma,56.1750
0.5,1.0,4,6,saf-adaptive,59.2750
0.5,1.0,4,6,oracle,67.9500
0.5,1.0,4,7,snr-greedy-loss,58.2250
0.5,1.0,4,7,belief,58.5500
0.5,1.0,4,7,ewma,57.2750
0.5,1.0,4,7,saf-adaptive,60.7250
0.5,1.0,4,7,oracle,68.3750
0.5,1.0,4,8,snr-greedy-loss,58.5250
0.5,1.0,4,8,belief,58.1250
0.5,1.0,4,8,ewma,58.4250
0.5,1.0,4,8,saf-adaptive,60.5000
0.5,1.0,4,8,oracle,68.5250
0.5,1.0,4,9,snr-greedy-loss,57.8750
0.5,1.0,4,9,belief,58.5500
0.5,1.0,4,9,ewma,57.5500
0.5,1.0,4,9,saf-adaptive,60.6000
0.5,1.0,4,9,oracle,68.5750
0.5,1.0,4,10,snr-greedy-loss,56.6500
0.5,1.0,4,10,belief,56.9250
0.5,1.0,4,10,ewma,58.0250
0.5,1.0,4,10,saf-adaptive,60.0750
0.5,1.0,4,10,oracle,68.1750
0.5,1.0,4,11,snr-greedy-loss,57.0000
0.5,1.0,4,11,belief,57.4500
0.5,1.0,4,11,ewma,58.4000
0.5,1.0,4,11,saf-adaptive,60.4250
0.5,1.0,4,11,oracle,68.3000
0.5,1.0,4,12,snr-greedy-loss,57.9750
0.5,1.0,4,12,belief,58.9250
0.5,1.0,4,12,ewma,58.8750
0.5,1.0,4,12,saf-adaptive,61.2250
0.5,1.0,4,12,oracle,68.9250
0.5,1.0,4,13,snr-greedy-loss,56.4500
0.5,1.0,4,13,belief,56.8000
0.5,1.0,4,13,ewma,56.5250
0.5,1.0,4,13,saf-adaptive,59.6750
0.5,1.0,4,13,oracle,67.6500
0.5,1.0,4,14,snr-greedy-loss,59.6250
0.5,1.0,4,14,belief,59.5000
0.5,1.0,4,14,ewma,58.9750
0.5,1.0,4,14,saf-adaptive,62.3500
0.5,1.0,4,14,oracle,69.4000
0.5,1.0,4,15,snr-greedy-loss,57.3750
0.5,1.0,4,15,belief,57.9250
0.5,1.0,4,15,ewma,56.4500
0.5,1.0,4,15,saf-adaptive,60.9500
0.5,1.0,4,15,oracle,68.6750
0.5,1.0,4,16,snr-greedy-loss,57.3000
0.5,1.0,4,16,belief,57.5250
0.5,1.0,4,16,ewma,56.0000
0.5,1.0,4,16,saf-adaptive,58.7500
0.5,1.0,4,16,oracle,68.0500
0.5,1.0,4,17,snr-greedy-loss,57.7500
0.5,1.0,4,17,belief,57.7250
0.5,1.0,4,17,ewma,58.0250
0.5,1.0,4,17,saf-adaptive,61.2250
0.5,1.0,4,17,oracle,68.4250
0.5,1.0,4,18,snr-greedy-loss,57.2000
0.5,1.0,4,18,belief,57.7250
0.5,1.0,4,18,ewma,59.1250
0.5,1.0,4,18,saf-adaptive,61.1500
0.5,1.0,4,18,oracle,68.7000
0.5,1.0,4,19,snr-greedy-loss,57.3500
0.5,1.0,4,19,belief,56.7750
0.5,1.0,4,19,ewma,56.6000
0.5,1.0,4,19,saf-adaptive,59.8250
0.5,1.0,4,19,oracle,68.3250
0.5,1.0,8,0,snr-greedy-loss,57.2250
0.5,1.0,8,0,belief,57.8500
0.5,1.0,8,0,ewma,58.0500
0.5,1.0,8,0,saf-adaptive,61.5000
0.5,1.0,8,0,oracle,68.5500
0.5,1.0,8,1,snr-greedy-loss,57.3500
0.5,1.0,8,1,belief,57.6250
0.5,1.0,8,1,ewma,59.4500
0.5,1.0,8,1,saf-adaptive,60.5250
0.5,1.0,8,1,oracle,69.0750
0.5,1.0,8,2,snr-greedy-loss,57.9750
0.5,1.0,8,2,belief,58.5750
0.5,1.0,8,2,ewma,60.0500
0.5,1.0,8,2,saf-adaptive,61.3500
0.5,1.0,8,2,oracle,67.9500
0.5,1.0,8,3,snr-greedy-loss,56.9250
0.5,1.0,8,3,belief,56.8750
0.5,1.0,8,3,ewma,56.4750
0.5,1.0,8,3,saf-adaptive,58.5250
0.5,1.0,8,3,oracle,68.6500
0.5,1.0,8,4,snr-greedy-loss,56.1250
0.5,1.0,8,4,belief,56.6250
0.5,1.0,8,4,ewma,57.5250
0.5,1.0,8,4,saf-adaptive,59.9000
0.5,1.0,8,4,oracle,67.9500
0.5,1.0,8,5,snr-greedy-loss,57.4500
0.5,1.0,8,5,belief,57.6000
0.5,1.0,8,5,ewma,55.6000
0.5,1.0,8,5,saf-adaptive,60.0250
0.5,1.0,8,5,oracle,68.4000
0.5,1.0,8,6,snr-greedy-loss,56.8500
0.5,1.0,8,6,belief,57.2500
0.5,1.0,8,6,ewma,57.4750
0.5,1.0,8,6,saf-adaptive,59.4250
0.5,1.0,8,6,oracle,67.9500
0.5,1.0,8,7,snr-greedy-loss,57.2750
0.5,1.0,8,7,belief,58.0000
0.5,1.0,8,7,ewma,58.4750
0.5,1.0,8,7,saf-adaptive,60.4750
0.5,1.0,8,7,oracle,68.3750
0.5,1.0,8,8,snr-greedy-loss,57.5750
0.5,1.0,8,8,belief,58.0750
0.5,1.0,8,8,ewma,58.7000
0.5,1.0,8,8,saf-adaptive,60.4500
0.5,1.0,8,8,oracle,68.5250
0.5,1.0,8,9,snr-greedy-loss,56.8750
0.5,1.0,8,9,belief,56.8000
0.5,1.0,8,9,ewma,58.1500
0.5,1.0,8,9,saf-adaptive,60.2500
0.5,1.0,8,9,oracle,68.5750
0.5,1.0,8,10,snr-greedy-loss,55.9500
0.5,1.0,8,10,belief,56.6750
0.5,1.0,8,10,ewma,56.8000
0.5,1.0,8,10,saf-adaptive,59.7750
0.5,1.0,8,10,oracle,68.1750
0.5,1.0,8,11,snr-greedy-loss,57.1500
0.5,1.0,8,11,belief,57.2250
0.5,1.0,8,11,ewma,57.2500
0.5,1.0,8,11,saf-adaptive,60.3000
0.5,1.0,8,11,oracle,68.3000
0.5,1.0,8,12,snr-greedy-loss,57.5500
0.5,1.0,8,12,belief,58.4250
0.5,1.0,8,12,ewma,59.3000
0.5,1.0,8,12,saf-adaptive,60.4750
0.5,1.0,8,12,oracle,68.9250
0.5,1.0,8,13,snr-greedy-loss,56.5500
0.5,1.0,8,13,belief,56.9500
0.5,1.0,8,13,ewma,56.5750
0.5,1.0,8,13,saf-adaptive,59.5750
0.5,1.0,8,13,oracle,67.6500
0.5,1.0,8,14,snr-greedy-loss,58.3000
0.5,1.0,8,14,belief,58.4000
0.5,1.0,8,14,ewma,59.3750
0.5,1.0,8,14,saf-adaptive,62.1250
0.5,1.0,8,14,oracle,69.4000
0.5,1.0,8,15,snr-greedy-loss,57.1750
0.5,1.0,8,15,belief,57.5750
0.5,1.0,8,15,ewma,56.5250
0.5,1.0,8,15,saf-adaptive,60.8500
0.5,1.0,8,15,oracle,68.6750
0.5,1.0,8,16,snr-greedy-loss,56.9750
0.5,1.0,8,16,belief,56.9750
0.5,1.0,8,16,ewma,57.2250
0.5,1.0,8,16,saf-adaptive,58.4000
0.5,1.0,8,16,oracle,68.0500
0.5,1.0,8,17,snr-greedy-loss,57.2000
0.5,1.0,8,17,belief,57.3500
0.5,1.0,8,17,ewma,58.6500
0.5,1.0,8,17,saf-adaptive,61.1500
0.5,1.0,8,17,oracle,68.4250
0.5,1.0,8,18,snr-greedy-loss,56.3000
0.5,1.0,8,18,belief,56.9000
0.5,1.0,8,18,ewma,58.7750
0.5,1.0,8,18,saf-adaptive,60.5750
0.5,1.0,8,18,oracle,68.7000
0.5,1.0,8,19,snr-greedy-loss,56.5250
0.5,1.0,8,19,belief,56.5500
0.5,1.0,8,19,ewma,57.3250
0.5,1.0,8,19,saf-adaptive,59.8750
0.5,1.0,8,19,oracle,68.3250
0.5,0.75,0,0,snr-greedy-loss,64.5750
0.5,0.75,0,0,belief,65.6500
0.5,0.75,0,0,ewma,59.9000
0.5,0.75,0,0,saf-adaptive,65.6500
0.5,0.75,0,0,oracle,68.3500
0.5,0.75,0,1,snr-greedy-loss,65.4000
0.5,0.75,0,1,belief,65.6000
0.5,0.75,0,1,ewma,58.5250
0.5,0.75,0,1,saf-adaptive,65.6000
0.5,0.75,0,1,oracle,68.6000
0.5,0.75,0,2,snr-greedy-loss,64.9000
0.5,0.75,0,2,belief,65.2000
0.5,0.75,0,2,ewma,58.4000
0.5,0.75,0,2,saf-adaptive,65.2500
0.5,0.75,0,2,oracle,68.1250
0.5,0.75,0,3,snr-greedy-loss,65.4250
0.5,0.75,0,3,belief,65.7000
0.5,0.75,0,3,ewma,58.3500
0.5,0.75,0,3,saf-adaptive,65.5750
0.5,0.75,0,3,oracle,68.9500
0.5,0.75,0,4,snr-greedy-loss,63.8000
0.5,0.75,0,4,belief,64.0250
0.5,0.75,0,4,ewma,57.9250
0.5,0.75,0,4,saf-adaptive,64.0000
0.5,0.75,0,4,oracle,67.7500
0.5,0.75,0,5,snr-greedy-loss,65.0000
0.5,0.75,0,5,belief,64.9750
0.5,0.75,0,5,ewma,57.6750
0.5,0.75,0,5,saf-adaptive,65.0000
0.5,0.75,0,5,oracle,68.6250
0.5,0.75,0,6,snr-greedy-loss,64.3000
0.5,0.75,0,6,belief,64.5750
0.5,0.75,0,6,ewma,57.8250
0.5,0.75,0,6,saf-adaptive,64.5500
0.5,0.75,0,6,oracle,67.7250
0.5,0.75,0,7,snr-greedy-loss,65.3250
0.5,0.75,0,7,belief,65.4000
0.5,0.75,0,7,ewma,58.7500
0.5,0.75,0,7,saf-adaptive,65.3750
0.5,0.75,0,7,oracle,68.3500
0.5,0.75,0,8,snr-greedy-loss,65.1750
0.5,0.75,0,8,belief,65.6500
0.5,0.75,0,8,ewma,58.9000
0.5,0.75,0,8,saf-adaptive,65.6000
0.5,0.75,0,8,oracle,68.8250
0.5,0.75,0,9,snr-greedy-loss,64.7750
0.5,0.75,0,9,belief,65.0250
0.5,0.75,0,9,ewma,56.8000
0.5,0.75,0,9,saf-adaptive,65.0250
0.5,0.75,0,9,oracle,68.2250
0.5,0.75,0,10,snr-greedy-loss,64.5000
0.5,0.75,0,10,belief,65.1250
0.5,0.75,0,10,ewma,58.7500
0.5,0.75,0,10,saf-adaptive,65.2000
0.5,0.75,0,10,oracle,68.3750
0.5,0.75,0,11,snr-greedy-loss,64.5750
0.5,0.75,0,11,belief,65.2500
0.5,0.75,0,11,ewma,55.2750
0.5,0.75,0,11,saf-adaptive,65.2500
0.5,0.75,0,11,oracle,68.4000
0.5,0.75,0,12,snr-greedy-loss,65.1500
0.5,0.75,0,12,belief,65.4250
0.5,0.75,0,12,ewma,57.6000
0.5,0.75,0,12,saf-adaptive,65.4000
0.5,0.75,0,12,oracle,68.5250
0.5,0.75,0,13,snr-greedy-loss,63.7500
0.5,0.75,0,13,belief,64.1750
0.5,0.75,0,13,ewma,56.4750
0.5,0.75,0,13,saf-adaptive,64.1750
0.5,0.75,0,13,oracle,67.5750
0.5,0.75,0,14,snr-greedy-loss,65.6500
0.5,0.75,0,14,belief,65.7500
0.5,0.75,0,14,ewma,59.5250
0.5,0.75,0,14,saf-adaptive,65.6750
0.5,0.75,0,14,oracle,68.7000
0.5,0.75,0,15,snr-greedy-loss,64.7000
0.5,0.75,0,15,belief,64.7500
0.5,0.75,0,15,ewma,56.5750
0.5,0.75,0,15,saf-adaptive,64.7250
0.5,0.75,0,15,oracle,68.5000
0.5,0.75,0,16,snr-greedy-loss,64.4250
0.5,0.75,0,16,belief,64.8750
0.5,0.75,0,16,ewma,57.9000
0.5,0.75,0,16,saf-adaptive,64.7250
0.5,0.75,0,16,oracle,67.9750
0.5,0.75,0,17,snr-greedy-loss,65.1250
0.5,0.75,0,17,belief,65.6000
0.5,0.75,0,17,ewma,57.6000
0.5,0.75,0,17,saf-adaptive,65.5500
0.5,0.75,0,17,oracle,68.6000
0.5,0.75,0,18,snr-greedy-loss,64.6250
0.5,0.75,0,18,belief,65.4250
0.5,0.75,0,18,ewma,58.0000
0.5,0.75,0,18,saf-adaptive,65.4750
0.5,0.75,0,18,oracle,68.4750
0.5,0.75,0,19,snr-greedy-loss,64.8250
0.5,0.75,0,19,belief,64.8500
0.5,0.75,0,19,ewma,57.9000
0.5,0.75,0,19,saf-adaptive,64.7750
0.5,0.75,0,19,oracle,67.9750
0.5,0.75,1,0,snr-greedy-loss,59.3250
0.5,0.75,1,0,belief,60.4250
0.5,0.75,1,0,ewma,58.2250
0.5,0.75,1,0,saf-adaptive,62.1250
0.5,0.75,1,0,oracle,68.3500
0.5,0.75,1,1,snr-greedy-loss,60.1750
0.5,0.75,1,1,belief,60.4750
0.5,0.75,1,1,ewma,58.7000
0.5,0.75,1,1,saf-adaptive,61.5000
0.5,0.75,1,1,oracle,68.6000
0.5,0.75,1,2,snr-greedy-loss,59.9250
0.5,0.75,1,2,belief,60.3000
0.5,0.75,1,2,ewma,58.2750
0.5,0.75,1,2,saf-adaptive,62.1750
0.5,0.75,1,2,oracle,68.1250
0.5,0.75,1,3,snr-greedy-loss,59.4250
0.5,0.75,1,3,belief,59.9500
0.5,0.75,1,3,ewma,56.1500
0.5,0.75,1,3,saf-adaptive,61.4500
0.5,0.75,1,3,oracle,68.9500
0.5,0.75,1,4,snr-greedy-loss,58.1750
0.5,0.75,1,4,belief,59.0750
0.5,0.75,1,4,ewma,57.5250
0.5,0.75,1,4,saf-adaptive,60.6500
0.5,0.75,1,4,oracle,67.7500
0.5,0.75,1,5,snr-greedy-loss,60.0250
0.5,0.75,1,5,belief,60.4750
0.5,0.75,1,5,ewma,58.5000
0.5,0.75,1,5,saf-adaptive,61.3500
0.5,0.75,1,5,oracle,68.6250
0.5,0.75,1,6,snr-greedy-loss,58.5500
0.5,0.75,1,6,belief,59.4000
0.5,0.75,1,6,ewma,58.3750
0.5,0.75,1,6,saf-adaptive,60.8500
0.5,0.75,1,6,oracle,67.7250
0.5,0.75,1,7,snr-greedy-loss,60.0000
0.5,0.75,1,7,belief,60.3250
0.5,0.75,1,7,ewma,58.2250
0.5,0.75,1,7,saf-adaptive,61.6250
0.5,0.75,1,7,oracle,68.3500
0.5,0.75,1,8,snr-greedy-loss,60.8250
0.5,0.75,1,8,belief,61.2750
0.5,0.75,1,8,ewma,58.6750
0.5,0.75,1,8,saf-adaptive,61.8500
0.5,0.75,1,8,oracle,68.8250
0.5,0.75,1,9,snr-greedy-loss,59.7750
0.5,0.75,1,9,belief,60.5500
0.5,0.75,1,9,ewma,56.6500
0.5,0.75,1,9,saf-adaptive,61.4250
0.5,0.75,1,9,oracle,68.2250
0.5,0.75,1,10,snr-greedy-loss,59.2750
0.5,0.75,1,10,belief,60.0250
0.5,0.75,1,10,ewma,57.9500
0.5,0.75,1,10,saf-adaptive,61.5250
0.5,0.75,1,10,oracle,68.3750
0.5,0.75,1,11,snr-greedy-loss,60.1750
0.5,0.75,1,11,belief,60.5750
0.5,0.75,1,11,ewma,56.4500
0.5,0.75,1,11,saf-adaptive,62.0500
0.5,0.75,1,11,oracle,68.4000
0.5,0.75,1,12,snr-greedy-loss,59.5500
0.5,0.75,1,12,belief,60.0000
0.5,0.75,1,12,ewma,58.0500
0.5,0.75,1,12,saf-adaptive,62.0250
0.5,0.75,1,12,oracle,68.5250
0.5,0.75,1,13,snr-greedy-loss,58.9500
0.5,0.75,1,13,belief,59.6750
0.5,0.75,1,13,ewma,57.4250
0.5,0.75,1,13,saf-adaptive,60.9750
0.5,0.75,1,13,oracle,67.5750
0.5,0.75,1,14,snr-greedy-loss,60.3250
0.5,0.75,1,14,belief,60.6250
0.5,0.75,1,14,ewma,59.2500
0.5,0.75,1,14,saf-adaptive,62.4000
0.5,0.75,1,14,oracle,68.7000
0.5,0.75,1,15,snr-greedy-loss,59.3000
0.5,0.75,1,15,belief,59.7750
0.5,0.75,1,15,ewma,56.1250
0.5,0.75,1,15,saf-adaptive,60.9250
0.5,0.75,1,15,oracle,68.5000
0.5,0.75,1,16,snr-greedy-loss,58.9000
0.5,0.75,1,16,belief,59.4250
0.5,0.75,1,16,ewma,57.3750
0.5,0.75,1,16,saf-adaptive,60.3750
0.5,0.75,1,16,oracle,67.9750
0.5,0.75,1,17,snr-greedy-loss,60.0500
0.5,0.75,1,17,belief,59.9500
0.5,0.75,1,17,ewma,58.8750
0.5,0.75,1,17,saf-adaptive,61.7750
0.5,0.75,1,17,oracle,68.6000
0.5,0.75,1,18,snr-greedy-loss,59.7500
0.5,0.75,1,18,belief,60.5250
0.5,0.75,1,18,ewma,57.2000
0.5,0.75,1,18,saf-adaptive,61.6500
0.5,0.75,1,18,oracle,68.4750
0.5,0.75,1,19,snr-greedy-loss,59.7250
0.5,0.75,1,19,belief,59.6500
0.5,0.75,1,19,ewma,56.5250
0.5,0.75,1,19,saf-adaptive,60.7750
0.5,0.75,1,19,oracle,67.9750
0.5,0.75,2,0,snr-greedy-loss,58.4000
0.5,0.75,2,0,belief,58.9000
0.5,0.75,2,0,ewma,58.0000
0.5,0.75,2,0,saf-adaptive,61.1000
0.5,0.75,2,0,oracle,68.3500
0.5,0.75,2,1,snr-greedy-loss,58.4500
0.5,0.75,2,1,belief,58.7250
0.5,0.75,2,1,ewma,58.9000
0.5,0.75,2,1,saf-adaptive,60.1500
0.5,0.75,2,1,oracle,68.6000
0.5,0.75,2,2,snr-greedy-loss,58.1750
0.5,0.75,2,2,belief,58.4500
0.5,0.75,2,2,ewma,57.9250
0.5,0.75,2,2,saf-adaptive,61.0250
0.5,0.75,2,2,oracle,68.1250
0.5,0.75,2,3,snr-greedy-loss,58.3250
0.5,0.75,2,3,belief,58.1750
0.5,0.75,2,3,ewma,56.4750
0.5,0.75,2,3,saf-adaptive,60.3500
0.5,0.75,2,3,oracle,68.9500
0.5,0.75,2,4,snr-greedy-loss,56.9750
0.5,0.75,2,4,belief,57.7750
0.5,0.75,2,4,ewma,59.3750
0.5,0.75,2,4,saf-adaptive,59.5750
0.5,0.75,2,4,oracle,67.7500
0.5,0.75,2,5,snr-greedy-loss,58.3500
0.5,0.75,2,5,belief,58.7250
0.5,0.75,2,5,ewma,58.0250
0.5,0.75,2,5,saf-adaptive,59.7500
0.5,0.75,2,5,oracle,68.6250
0.5,0.75,2,6,snr-greedy-loss,57.6250
0.5,0.75,2,6,belief,58.4250
0.5,0.75,2,6,ewma,58.0000
0.5,0.75,2,6,saf-adaptive,59.8250
0.5,0.75,2,6,oracle,67.7250
0.5,0.75,2,7,snr-greedy-loss,58.8750
0.5,0.75,2,7,belief,59.0500
0.5,0.75,2,7,ewma,58.7500
0.5,0.75,2,7,saf-adaptive,60.5750
0.5,0.75,2,7,oracle,68.3500
0.5,0.75,2,8,snr-greedy-loss,58.6000
0.5,0.75,2,8,belief,59.1750
0.5,0.75,2,8,ewma,59.0250
0.5,0.75,2,8,saf-adaptive,60.9000
0.5,0.75,2,8,oracle,68.8250
0.5,0.75,2,9,snr-greedy-loss,58.6500
0.5,0.75,2,9,belief,58.8000
0.5,0.75,2,9,ewma,57.3250
0.5,0.75,2,9,saf-adaptive,60.1000
0.5,0.75,2,9,oracle,68.2250
0.5,0.75,2,10,snr-greedy-loss,57.6750
0.5,0.75,2,10,belief,58.1250
0.5,0.75,2,10,ewma,57.8500
0.5,0.75,2,10,saf-adaptive,60.3500
0.5,0.75,2,10,oracle,68.3750
0.5,0.75,2,11,snr-greedy-loss,58.0500
0.5,0.75,2,11,belief,58.7000
0.5,0.75,2,11,ewma,56.6250
0.5,0.75,2,11,saf-adaptive,61.1000
0.5,0.75,2,11,oracle,68.4000
0.5,0.75,2,12,snr-greedy-loss,57.8750
0.5,0.75,2,12,belief,58.3750
0.5,0.75,2,12,ewma,58.3500
0.5,0.75,2,12,saf-adaptive,60.4000
0.5,0.75,2,12,oracle,68.5250
0.5,0.75,2,13,snr-greedy-loss,57.3000
0.5,0.75,2,13,belief,57.5750
0.5,0.75,2,13,ewma,57.5000
0.5,0.75,2,13,saf-adaptive,59.4500
0.5,0.75,2,13,oracle,67.5750
0.5,0.75,2,14,snr-greedy-loss,58.7250
0.5,0.75,2,14,belief,59.1500
0.5,0.75,2,14,ewma,59.5500
0.5,0.75,2,14,saf-adaptive,61.3250
0.5,0.75,2,14,oracle,68.7000
0.5,0.75,2,15,snr-greedy-loss,57.6250
0.5,0.75,2,15,belief,58.8750
0.5,0.75,2,15,ewma,58.6250
0.5,0.75,2,15,saf-adaptive,60.2000
0.5,0.75,2,15,oracle,68.5000
0.5,0.75,2,16,snr-greedy-loss,57.5750
0.5,0.75,2,16,belief,58.1000
0.5,0.75,2,16,ewma,57.9500
0.5,0.75,2,16,saf-adaptive,59.2750
0.5,0.75,2,16,oracle,67.9750
0.5,0.75,2,17,snr-greedy-loss,59.1250
0.5,0.75,2,17,belief,59.1250
0.5,0.75,2,17,ewma,59.5000
0.5,0.75,2,17,saf-adaptive,61.0750
0.5,0.75,2,17,oracle,68.6000
0.5,0.75,2,18,snr-greedy-loss,57.6500
0.5,0.75,2,18,belief,58.4000
0.5,0.75,2,18,ewma,57.6500
0.5,0.75,2,18,saf-adaptive,60.7000
0.5,0.75,2,18,oracle,68.4750
0.5,0.75,2,19,snr-greedy-loss,57.9750
0.5,0.75,2,19,belief,57.9000
0.5,0.75,2,19,ewma,56.9750
0.5,0.75,2,19,saf-adaptive,59.5250
0.5,0.75,2,19,oracle,67.9750
0.5,0.75,4,0,snr-greedy-loss,57.8750
0.5,0.75,4,0,belief,58.3250
0.5,0.75,4,0,ewma,58.3500
0.5,0.75,4,0,saf-adaptive,61.2000
0.5,0.75,4,0,oracle,68.3500
0.5,0.75,4,1,snr-greedy-loss,57.2250
0.5,0.75,4,1,belief,57.7750
0.5,0.75,4,1,ewma,57.9250
0.5,0.75,4,1,saf-adaptive,60.0750
0.5,0.75,4,1,oracle,68.6000
0.5,0.75,4,2,snr-greedy-loss,57.8250
0.5,0.75,4,2,belief,57.9000
0.5,0.75,4,2,ewma,58.3750
0.5,0.75,4,2,saf-adaptive,61.6250
0.5,0.75,4,2,oracle,68.1250
0.5,0.75,4,3,snr-greedy-loss,56.6750
0.5,0.75,4,3,belief,57.3500
0.5,0.75,4,3,ewma,58.0250
0.5,0.75,4,3,saf-adaptive,60.1500
0.5,0.75,4,3,oracle,68.9500
0.5,0.75,4,4,snr-greedy-loss,56.7750
0.5,0.75,4,4,belief,56.6000
0.5,0.75,4,4,ewma,57.6500
0.5,0.75,4,4,saf-adaptive,59.3000
0.5,0.75,4,4,oracle,67.7500
0.5,0.75,4,5,snr-greedy-loss,56.9000
0.5,0.75,4,5,belief,57.8500
0.5,0.75,4,5,ewma,57.1500
0.5,0.75,4,5,saf-adaptive,60.0000
0.5,0.75,4,5,oracle,68.6250
0.5,0.75,4,6,snr-greedy-loss,57.0000
0.5,0.75,4,6,belief,57.7750
0.5,0.75,4,6,ewma,55.0000
0.5,0.75,4,6,saf-adaptive,59.9750
0.5,0.75,4,6,oracle,67.7250
0.5,0.75,4,7,snr-greedy-loss,58.1750
0.5,0.75,4,7,belief,58.5500
0.5,0.75,4,7,ewma,57.9750
0.5,0.75,4,7,saf-adaptive,61.1000
0.5,0.75,4,7,oracle,68.3500
0.5,0.75,4,8,snr-greedy-loss,58.3250
0.5,0.75,4,8,belief,58.1000
0.5,0.75,4,8,ewma,59.4500
0.5,0.75,4,8,saf-adaptive,60.7250
0.5,0.75,4,8,oracle,68.8250
0.5,0.75,4,9,snr-greedy-loss,57.1750
0.5,0.75,4,9,belief,57.6000
0.5,0.75,4,9,ewma,57.1750
0.5,0.75,4,9,saf-adaptive,59.5750
0.5,0.75,4,9,oracle,68.2250
0.5,0.75,4,10,snr-greedy-loss,56.9750
0.5,0.75,4,10,belief,57.4250
0.5,0.75,4,10,ewma,57.9000
0.5,0.75,4,10,saf-adaptive,60.5500
0.5,0.75,4,10,oracle,68.3750
0.5,0.75,4,11,snr-greedy-loss,57.1500
0.5,0.75,4,11,belief,57.4000
0.5,0.75,4,11,ewma,57.8500
0.5,0.75,4,11,saf-adaptive,60.8250
0.5,0.75,4,11,oracle,68.4000
0.5,0.75,4,12,snr-greedy-loss,57.5750
0.5,0.75,4,12,belief,58.5750
0.5,0.75,4,12,ewma,58.9750
0.5,0.75,4,12,saf-adaptive,61.0750
0.5,0.75,4,12,oracle,68.5250
0.5,0.75,4,13,snr-greedy-loss,56.2750
0.5,0.75,4,13,belief,56.4000
0.5,0.75,4,13,ewma,57.6750
0.5,0.75,4,13,saf-adaptive,59.4750
0.5,0.75,4,13,oracle,67.5750
0.5,0.75,4,14,snr-greedy-loss,58.4750
0.5,0.75,4,14,belief,58.3000
0.5,0.75,4,14,ewma,58.6500
0.5,0.75,4,14,saf-adaptive,61.4000
0.5,0.75,4,14,oracle,68.7000
0.5,0.75,4,15,snr-greedy-loss,57.5500
0.5,0.75,4,15,belief,57.9000
0.5,0.75,4,15,ewma,57.1250
0.5,0.75,4,15,saf-adaptive,60.8250
0.5,0.75,4,15,oracle,68.5000
0.5,0.75,4,16,snr-greedy-loss,57.3000
0.5,0.75,4,16,belief,57.5000
0.5,0.75,4,16,ewma,57.3250
0.5,0.75,4,16,saf-adaptive,58.5500
0.5,0.75,4,16,oracle,67.9750
0.5,0.75,4,17,snr-greedy-loss,57.8250
0.5,0.75,4,17,belief,58.2500
0.5,0.75,4,17,ewma,58.6750
0.5,0.75,4,17,saf-adaptive,61.5250
0.5,0.75,4,17,oracle,68.6000
0.5,0.75,4,18,snr-greedy-loss,57.0750
0.5,0.75,4,18,belief,57.7500
0.5,0.75,4,18,ewma,58.1250
0.5,0.75,4,18,saf-adaptive,60.9750
0.5,0.75,4,18,oracle,68.4750
0.5,0.75,4,19,snr-greedy-loss,57.2250
0.5,0.75,4,19,belief,56.9250
0.5,0.75,4,19,ewma,56.5500
0.5,0.75,4,19,saf-adaptive,59.9250
0.5,0.75,4,19,oracle,67.9750
0.5,0.75,8,0,snr-greedy-loss,56.9000
0.5,0.75,8,0,belief,57.2750
0.5,0.75,8,0,ewma,58.6750
0.5,0.75,8,0,saf-adaptive,61.1000
0.5,0.75,8,0,oracle,68.3500
0.5,0.75,8,1,snr-greedy-loss,56.6000
0.5,0.75,8,1,belief,57.2750
0.5,0.75,8,1,ewma,59.0750
0.5,0.75,8,1,saf-adaptive,60.1250
0.5,0.75,8,1,oracle,68.6000
0.5,0.75,8,2,snr-greedy-loss,58.1000
0.5,0.75,8,2,belief,58.9000
0.5,0.75,8,2,ewma,57.9250
0.5,0.75,8,2,saf-adaptive,61.5250
0.5,0.75,8,2,oracle,68.1250
0.5,0.75,8,3,snr-greedy-loss,57.3000
0.5,0.75,8,3,belief,57.4750
0.5,0.75,8,3,ewma,58.4750
0.5,0.75,8,3,saf-adaptive,59.4750
0.5,0.75,8,3,oracle,68.9500
0.5,0.75,8,4,snr-greedy-loss,56.0000
0.5,0.75,8,4,belief,56.1500
0.5,0.75,8,4,ewma,56.6000
0.5,0.75,8,4,saf-adaptive,59.5500
0.5,0.75,8,4,oracle,67.7500
0.5,0.75,8,5,snr-greedy-loss,57.3250
0.5,0.75,8,5,belief,57.3750
0.5,0.75,8,5,ewma,56.7750
0.5,0.75,8,5,saf-adaptive,59.8000
0.5,0.75,8,5,oracle,68.6250
0.5,0.75,8,6,snr-greedy-loss,57.2250
0.5,0.75,8,6,belief,57.2500
0.5,0.75,8,6,ewma,57.0250
0.5,0.75,8,6,saf-adaptive,60.2000
0.5,0.75,8,6,oracle,67.7250
0.5,0.75,8,7,snr-greedy-loss,57.7750
0.5,0.75,8,7,belief,57.8750
0.5,0.75,8,7,ewma,57.8500
0.5,0.75,8,7,saf-adaptive,60.7250
0.5,0.75,8,7,oracle,68.3500
0.5,0.75,8,8,snr-greedy-loss,57.5750
0.5,0.75,8,8,belief,58.0000
0.5,0.75,8,8,ewma,59.3000
0.5,0.75,8,8,saf-adaptive,60.7000
0.5,0.75,8,8,oracle,68.8250
0.5,0.75,8,9,snr-greedy-loss,56.9000
0.5,0.75,8,9,belief,56.7500
0.5,0.75,8,9,ewma,56.5250
0.5,0.75,8,9,saf-adaptive,59.4000
0.5,0.75,8,9,oracle,68.2250
0.5,0.75,8,10,snr-greedy-loss,56.3500
0.5,0.75,8,10,belief,57.0250
0.5,0.75,8,10,ewma,57.5750
0.5,0.75,8,10,saf-adaptive,60.7000
0.5,0.75,8,10,oracle,68.3750
0.5,0.75,8,11,snr-greedy-loss,57.0250
0.5,0.75,8,11,belief,57.2500
0.5,0.75,8,11,ewma,57.4750
0.5,0.75,8,11,saf-adaptive,60.7250
0.5,0.75,8,11,oracle,68.4000
0.5,0.75,8,12,snr-greedy-loss,57.3250
0.5,0.75,8,12,belief,58.2000
0.5,0.75,8,12,ewma,58.2500
0.5,0.75,8,12,saf-adaptive,60.7750
0.5,0.75,8,12,oracle,68.5250
0.5,0.75,8,13,snr-greedy-loss,56.4000
0.5,0.75,8,13,belief,56.7500
0.5,0.75,8,13,ewma,57.7500
0.5,0.75,8,13,saf-adaptive,59.2250
0.5,0.75,8,13,oracle,67.5750
0.5,0.75,8,14,snr-greedy-loss,57.7750
0.5,0.75,8,14,belief,57.8000
0.5,0.75,8,14,ewma,58.6750
0.5,0.75,8,14,saf-adaptive,61.1750
0.5,0.75,8,14,oracle,68.7000
0.5,0.75,8,15,snr-greedy-loss,57.3250
0.5,0.75,8,15,belief,57.8500
0.5,0.75,8,15,ewma,57.7500
0.5,0.75,8,15,saf-adaptive,60.9500
0.5,0.75,8,15,oracle,68.5000
0.5,0.75,8,16,snr-greedy-loss,56.7750
0.5,0.75,8,16,belief,56.8750
0.5,0.75,8,16,ewma,56.6750
0.5,0.75,8,16,saf-adaptive,58.7750
0.5,0.75,8,16,oracle,67.9750
0.5,0.75,8,17,snr-greedy-loss,57.3000
0.5,0.75,8,17,belief,57.8000
0.5,0.75,8,17,ewma,59.1750
0.5,0.75,8,17,saf-adaptive,61.6000
0.5,0.75,8,17,oracle,68.6000
0.5,0.75,8,18,snr-greedy-loss,56.4000
0.5,0.75,8,18,belief,57.3250
0.5,0.75,8,18,ewma,57.0250
0.5,0.75,8,18,saf-adaptive,60.4500
0.5,0.75,8,18,oracle,68.4750
0.5,0.75,8,19,snr-greedy-loss,56.2750
0.5,0.75,8,19,belief,56.3500
0.5,0.75,8,19,ewma,57.0250
0.5,0.75,8,19,saf-adaptive,59.8250
0.5,0.75,8,19,oracle,67.9750
0.5,0.5,0,0,snr-greedy-loss,62.2750
0.5,0.5,0,0,belief,63.3250
0.5,0.5,0,0,ewma,58.7000
0.5,0.5,0,0,saf-adaptive,63.3500
0.5,0.5,0,0,oracle,68.6250
0.5,0.5,0,1,snr-greedy-loss,61.8250
0.5,0.5,0,1,belief,62.1250
0.5,0.5,0,1,ewma,58.2250
0.5,0.5,0,1,saf-adaptive,62.1750
0.5,0.5,0,1,oracle,68.3750
0.5,0.5,0,2,snr-greedy-loss,62.7500
0.5,0.5,0,2,belief,63.1500
0.5,0.5,0,2,ewma,58.3000
0.5,0.5,0,2,saf-adaptive,63.2500
0.5,0.5,0,2,oracle,68.3000
0.5,0.5,0,3,snr-greedy-loss,62.3500
0.5,0.5,0,3,belief,62.8250
0.5,0.5,0,3,ewma,58.6750
0.5,0.5,0,3,saf-adaptive,62.8500
0.5,0.5,0,3,oracle,68.3500
0.5,0.5,0,4,snr-greedy-loss,61.6000
0.5,0.5,0,4,belief,61.4250
0.5,0.5,0,4,ewma,58.4500
0.5,0.5,0,4,saf-adaptive,61.4250
0.5,0.5,0,4,oracle,68.1750
0.5,0.5,0,5,snr-greedy-loss,62.6250
0.5,0.5,0,5,belief,62.9500
0.5,0.5,0,5,ewma,58.8750
0.5,0.5,0,5,saf-adaptive,63.1000
0.5,0.5,0,5,oracle,68.7500
0.5,0.5,0,6,snr-greedy-loss,62.0000
0.5,0.5,0,6,belief,62.4000
0.5,0.5,0,6,ewma,58.6500
0.5,0.5,0,6,saf-adaptive,62.4750
0.5,0.5,0,6,oracle,68.4250
0.5,0.5,0,7,snr-greedy-loss,62.6000
0.5,0.5,0,7,belief,63.3500
0.5,0.5,0,7,ewma,58.7250
0.5,0.5,0,7,saf-adaptive,63.3500
0.5,0.5,0,7,oracle,68.5250
0.5,0.5,0,8,snr-greedy-loss,62.0250
0.5,0.5,0,8,belief,62.8250
0.5,0.5,0,8,ewma,57.9000
0.5,0.5,0,8,saf-adaptive,62.8500
0.5,0.5,0,8,oracle,68.7750
0.5,0.5,0,9,snr-greedy-loss,62.4000
0.5,0.5,0,9,belief,62.7000
0.5,0.5,0,9,ewma,57.3250
0.5,0.5,0,9,saf-adaptive,62.6000
0.5,0.5,0,9,oracle,67.9250
0.5,0.5,0,10,snr-greedy-loss,61.6250
0.5,0.5,0,10,belief,62.2500
0.5,0.5,0,10,ewma,57.9750
0.5,0.5,0,10,saf-adaptive,62.3000
0.5,0.5,0,10,oracle,68.5750
0.5,0.5,0,11,snr-greedy-loss,62.1250
0.5,0.5,0,11,belief,62.4000
0.5,0.5,0,11,ewma,57.9500
0.5,0.5,0,11,saf-adaptive,62.4750
0.5,0.5,0,11,oracle,68.7750
0.5,0.5,0,12,snr-greedy-loss,62.6000
0.5,0.5,0,12,belief,62.8500
0.5,0.5,0,12,ewma,59.2500
0.5,0.5,0,12,saf-adaptive,62.8250
0.5,0.5,0,12,oracle,68.6000
0.5,0.5,0,13,snr-greedy-loss,61.8250
0.5,0.5,0,13,belief,62.0750
0.5,0.5,0,13,ewma,57.5250
0.5,0.5,0,13,saf-adaptive,62.1750
0.5,0.5,0,13,oracle,68.1250
0.5,0.5,0,14,snr-greedy-loss,62.4000
0.5,0.5,0,14,belief,62.9500
0.5,0.5,0,14,ewma,59.5250
0.5,0.5,0,14,saf-adaptive,62.7750
0.5,0.5,0,14,oracle,68.7250
0.5,0.5,0,15,snr-greedy-loss,62.2250
0.5,0.5,0,15,belief,62.5250
0.5,0.5,0,15,ewma,58.3500
0.5,0.5,0,15,saf-adaptive,61.9250
0.5,0.5,0,15,oracle,68.8250
0.5,0.5,0,16,snr-greedy-loss,61.4250
0.5,0.5,0,16,belief,62.1000
0.5,0.5,0,16,ewma,57.3000
0.5,0.5,0,16,saf-adaptive,59.5750
0.5,0.5,0,16,oracle,68.1000
0.5,0.5,0,17,snr-greedy-loss,62.6500
0.5,0.5,0,17,belief,63.0250
0.5,0.5,0,17,ewma,57.6500
0.5,0.5,0,17,saf-adaptive,62.8500
0.5,0.5,0,17,oracle,68.4500
0.5,0.5,0,18,snr-greedy-loss,61.7500
0.5,0.5,0,18,belief,62.2000
0.5,0.5,0,18,ewma,54.9750
0.5,0.5,0,18,saf-adaptive,62.3500
0.5,0.5,0,18,oracle,67.8250
0.5,0.5,0,19,snr-greedy-loss,62.3500
0.5,0.5,0,19,belief,62.5750
0.5,0.5,0,19,ewma,58.3250
0.5,0.5,0,19,saf-adaptive,62.5000
0.5,0.5,0,19,oracle,68.4500
0.5,0.5,1,0,snr-greedy-loss,58.8750
0.5,0.5,1,0,belief,59.6250
0.5,0.5,1,0,ewma,58.4250
0.5,0.5,1,0,saf-adaptive,61.6000
0.5,0.5,1,0,oracle,68.6250
0.5,0.5,1,1,snr-greedy-loss,58.8500
0.5,0.5,1,1,belief,59.1250
0.5,0.5,1,1,ewma,59.0250
0.5,0.5,1,1,saf-adaptive,60.0750
0.5,0.5,1,1,oracle,68.3750
0.5,0.5,1,2,snr-greedy-loss,59.8250
0.5,0.5,1,2,belief,59.8000
0.5,0.5,1,2,ewma,58.7500
0.5,0.5,1,2,saf-adaptive,61.3500
0.5,0.5,1,2,oracle,68.3000
0.5,0.5,1,3,snr-greedy-loss,58.9000
0.5,0.5,1,3,belief,59.3000
0.5,0.5,1,3,ewma,57.6250
0.5,0.5,1,3,saf-adaptive,60.8750
0.5,0.5,1,3,oracle,68.3500
0.5,0.5,1,4,snr-greedy-loss,58.0500
0.5,0.5,1,4,belief,58.5500
0.5,0.5,1,4,ewma,60.1500
0.5,0.5,1,4,saf-adaptive,60.0500
0.5,0.5,1,4,oracle,68.1750
0.5,0.5,1,5,snr-greedy-loss,59.3750
0.5,0.5,1,5,belief,60.1250
0.5,0.5,1,5,ewma,57.2750
0.5,0.5,1,5,saf-adaptive,60.6750
0.5,0.5,1,5,oracle,68.7500
0.5,0.5,1,6,snr-greedy-loss,58.0000
0.5,0.5,1,6,belief,58.8250
0.5,0.5,1,6,ewma,58.7500
0.5,0.5,1,6,saf-adaptive,60.3000
0.5,0.5,1,6,oracle,68.4250
0.5,0.5,1,7,snr-greedy-loss,59.3500
0.5,0.5,1,7,belief,59.5500
0.5,0.5,1,7,ewma,58.6750
0.5,0.5,1,7,saf-adaptive,61.3250
0.5,0.5,1,7,oracle,68.5250
0.5,0.5,1,8,snr-greedy-loss,59.5000
0.5,0.5,1,8,belief,60.1500
0.5,0.5,1,8,ewma,58.7000
0.5,0.5,1,8,saf-adaptive,61.1000
0.5,0.5,1,8,oracle,68.7750
0.5,0.5,1,9,snr-greedy-loss,58.7750
0.5,0.5,1,9,belief,59.6750
0.5,0.5,1,9,ewma,56.4500
0.5,0.5,1,9,saf-adaptive,60.6250
0.5,0.5,1,9,oracle,67.9250
0.5,0.5,1,10,snr-greedy-loss,58.6250
0.5,0.5,1,10,belief,59.5250
0.5,0.5,1,10,ewma,56.2750
0.5,0.5,1,10,saf-adaptive,60.9250
0.5,0.5,1,10,oracle,68.5750
0.5,0.5,1,11,snr-greedy-loss,59.1250
0.5,0.5,1,11,belief,59.8250
0.5,0.5,1,11,ewma,58.5750
0.5,0.5,1,11,saf-adaptive,61.0750
0.5,0.5,1,11,oracle,68.7750
0.5,0.5,1,12,snr-greedy-loss,58.6000
0.5,0.5,1,12,belief,59.4250
0.5,0.5,1,12,ewma,58.4750
0.5,0.5,1,12,saf-adaptive,61.3000
0.5,0.5,1,12,oracle,68.6000
0.5,0.5,1,13,snr-greedy-loss,58.8500
0.5,0.5,1,13,belief,59.3500
0.5,0.5,1,13,ewma,58.6000
0.5,0.5,1,13,saf-adaptive,61.0750
0.5,0.5,1,13,oracle,68.1250
0.5,0.5,1,14,snr-greedy-loss,59.2500
0.5,0.5,1,14,belief,59.2750
0.5,0.5,1,14,ewma,59.1500
0.5,0.5,1,14,saf-adaptive,61.5250
0.5,0.5,1,14,oracle,68.7250
0.5,0.5,1,15,snr-greedy-loss,58.6750
0.5,0.5,1,15,belief,58.9750
0.5,0.5,1,15,ewma,57.3500
0.5,0.5,1,15,saf-adaptive,60.5500
0.5,0.5,1,15,oracle,68.8250
0.5,0.5,1,16,snr-greedy-loss,57.8000
0.5,0.5,1,16,belief,58.3500
0.5,0.5,1,16,ewma,58.2000
0.5,0.5,1,16,saf-adaptive,59.5500
0.5,0.5,1,16,oracle,68.1000
0.5,0.5,1,17,snr-greedy-loss,59.5250
0.5,0.5,1,17,belief,59.5000
0.5,0.5,1,17,ewma,57.6500
0.5,0.5,1,17,saf-adaptive,60.8000
0.5,0.5,1,17,oracle,68.4500
0.5,0.5,1,18,snr-greedy-loss,58.3250
0.5,0.5,1,18,belief,59.1000
0.5,0.5,1,18,ewma,54.9750
0.5,0.5,1,18,saf-adaptive,60.3500
0.5,0.5,1,18,oracle,67.8250
0.5,0.5,1,19,snr-greedy-loss,58.9500
0.5,0.5,1,19,belief,59.2250
0.5,0.5,1,19,ewma,57.6500
0.5,0.5,1,19,saf-adaptive,60.7500
0.5,0.5,1,19,oracle,68.4500
0.5,0.5,2,0,snr-greedy-loss,57.9250
0.5,0.5,2,0,belief,58.4250
0.5,0.5,2,0,ewma,59.3250
0.5,0.5,2,0,saf-adaptive,60.8750
0.5,0.5,2,0,oracle,68.6250
0.5,0.5,2,1,snr-greedy-loss,57.5250
0.5,0.5,2,1,belief,57.7250
0.5,0.5,2,1,ewma,58.3000
0.5,0.5,2,1,saf-adaptive,59.0250
0.5,0.5,2,1,oracle,68.3750
0.5,0.5,2,2,snr-greedy-loss,58.4500
0.5,0.5,2,2,belief,58.5750
0.5,0.5,2,2,ewma,58.4250
0.5,0.5,2,2,saf-adaptive,60.8750
0.5,0.5,2,2,oracle,68.3000
0.5,0.5,2,3,snr-greedy-loss,58.4500
0.5,0.5,2,3,belief,58.0000
0.5,0.5,2,3,ewma,56.1250
0.5,0.5,2,3,saf-adaptive,60.3250
0.5,0.5,2,3,oracle,68.3500
0.5,0.5,2,4,snr-greedy-loss,57.1250
0.5,0.5,2,4,belief,57.6750
0.5,0.5,2,4,ewma,59.5750
0.5,0.5,2,4,saf-adaptive,59.5750
0.5,0.5,2,4,oracle,68.1750
0.5,0.5,2,5,snr-greedy-loss,58.4000
0.5,0.5,2,5,belief,59.0000
0.5,0.5,2,5,ewma,56.9250
0.5,0.5,2,5,saf-adaptive,59.6750
0.5,0.5,2,5,oracle,68.7500
0.5,0.5,2,6,snr-greedy-loss,57.2500
0.5,0.5,2,6,belief,58.2000
0.5,0.5,2,6,ewma,58.3750
0.5,0.5,2,6,saf-adaptive,59.7500
0.5,0.5,2,6,oracle,68.4250
0.5,0.5,2,7,snr-greedy-loss,58.2500
0.5,0.5,2,7,belief,58.8000
0.5,0.5,2,7,ewma,58.3000
0.5,0.5,2,7,saf-adaptive,60.2250
0.5,0.5,2,7,oracle,68.5250
0.5,0.5,2,8,snr-greedy-loss,57.8250
0.5,0.5,2,8,belief,58.5500
0.5,0.5,2,8,ewma,58.1500
0.5,0.5,2,8,saf-adaptive,60.3000
0.5,0.5,2,8,oracle,68.7750
0.5,0.5,2,9,snr-greedy-loss,58.2500
0.5,0.5,2,9,belief,58.3250
0.5,0.5,2,9,ewma,56.8250
0.5,0.5,2,9,saf-adaptive,59.9250
0.5,0.5,2,9,oracle,67.9250
0.5,0.5,2,10,snr-greedy-loss,57.3500
0.5,0.5,2,10,belief,58.2000
0.5,0.5,2,10,ewma,55.7500
0.5,0.5,2,10,saf-adaptive,60.0500
0.5,0.5,2,10,oracle,68.5750
0.5,0.5,2,11,snr-greedy-loss,57.6000
0.5,0.5,2,11,belief,58.2000
0.5,0.5,2,11,ewma,57.9500
0.5,0.5,2,11,saf-adaptive,60.3750
0.5,0.5,2,11,oracle,68.7750
0.5,0.5,2,12,snr-greedy-loss,57.6500
0.5,0.5,2,12,belief,58.3250
0.5,0.5,2,12,ewma,58.4250
0.5,0.5,2,12,saf-adaptive,60.2500
0.5,0.5,2,12,oracle,68.6000
0.5,0.5,2,13,snr-greedy-loss,57.2750
0.5,0.5,2,13,belief,57.7750
0.5,0.5,2,13,ewma,58.5000
0.5,0.5,2,13,saf-adaptive,59.9000
0.5,0.5,2,13,oracle,68.1250
0.5,0.5,2,14,snr-greedy-loss,57.9750
0.5,0.5,2,14,belief,58.1750
0.5,0.5,2,14,ewma,60.0250
0.5,0.5,2,14,saf-adaptive,60.6000
0.5,0.5,2,14,oracle,68.7250
0.5,0.5,2,15,snr-greedy-loss,57.7250
0.5,0.5,2,15,belief,58.5750
0.5,0.5,2,15,ewma,58.0750
0.5,0.5,2,15,saf-adaptive,60.0250
0.5,0.5,2,15,oracle,68.8250
0.5,0.5,2,16,snr-greedy-loss,56.8250
0.5,0.5,2,16,belief,57.3500
0.5,0.5,2,16,ewma,57.6750
0.5,0.5,2,16,saf-adaptive,59.3000
0.5,0.5,2,16,oracle,68.1000
0.5,0.5,2,17,snr-greedy-loss,58.6750
0.5,0.5,2,17,belief,58.5500
0.5,0.5,2,17,ewma,58.1250
0.5,0.5,2,17,saf-adaptive,60.2500
0.5,0.5,2,17,oracle,68.4500
0.5,0.5,2,18,snr-greedy-loss,56.9250
0.5,0.5,2,18,belief,57.6750
0.5,0.5,2,18,ewma,57.5000
0.5,0.5,2,18,saf-adaptive,59.7750
0.5,0.5,2,18,oracle,67.8250
0.5,0.5,2,19,snr-greedy-loss,57.7500
0.5,0.5,2,19,belief,57.6750
0.5,0.5,2,19,ewma,57.7500
0.5,0.5,2,19,saf-adaptive,59.5000
0.5,0.5,2,19,oracle,68.4500
0.5,0.5,4,0,snr-greedy-loss,57.9750
0.5,0.5,4,0,belief,58.3500
0.5,0.5,4,0,ewma,58.9750
0.5,0.5,4,0,saf-adaptive,61.2000
0.5,0.5,4,0,oracle,68.6250
0.5,0.5,4,1,snr-greedy-loss,56.9500
0.5,0.5,4,1,belief,57.2000
0.5,0.5,4,1,ewma,58.4000
0.5,0.5,4,1,saf-adaptive,59.5750
0.5,0.5,4,1,oracle,68.3750
0.5,0.5,4,2,snr-greedy-loss,58.3250
0.5,0.5,4,2,belief,58.6250
0.5,0.5,4,2,ewma,57.4000
0.5,0.5,4,2,saf-adaptive,61.3750
0.5,0.5,4,2,oracle,68.3000
0.5,0.5,4,3,snr-greedy-loss,57.3000
0.5,0.5,4,3,belief,57.4750
0.5,0.5,4,3,ewma,58.1750
0.5,0.5,4,3,saf-adaptive,60.5250
0.5,0.5,4,3,oracle,68.3500
0.5,0.5,4,4,snr-greedy-loss,56.7750
0.5,0.5,4,4,belief,56.9000
0.5,0.5,4,4,ewma,59.2000
0.5,0.5,4,4,saf-adaptive,59.7250
0.5,0.5,4,4,oracle,68.1750
0.5,0.5,4,5,snr-greedy-loss,56.9750
0.5,0.5,4,5,belief,58.0250
0.5,0.5,4,5,ewma,56.8500
0.5,0.5,4,5,saf-adaptive,60.3000
0.5,0.5,4,5,oracle,68.7500
0.5,0.5,4,6,snr-greedy-loss,57.0750
0.5,0.5,4,6,belief,58.1500
0.5,0.5,4,6,ewma,56.2750
0.5,0.5,4,6,saf-adaptive,60.6250
0.5,0.5,4,6,oracle,68.4250
0.5,0.5,4,7,snr-greedy-loss,58.2500
0.5,0.5,4,7,belief,58.7500
0.5,0.5,4,7,ewma,59.1750
0.5,0.5,4,7,saf-adaptive,61.3500
0.5,0.5,4,7,oracle,68.5250
0.5,0.5,4,8,snr-greedy-loss,57.4500
0.5,0.5,4,8,belief,57.3500
0.5,0.5,4,8,ewma,57.8250
0.5,0.5,4,8,saf-adaptive,60.3000
0.5,0.5,4,8,oracle,68.7750
0.5,0.5,4,9,snr-greedy-loss,57.3250
0.5,0.5,4,9,belief,57.7000
0.5,0.5,4,9,ewma,56.8000
0.5,0.5,4,9,saf-adaptive,59.6250
0.5,0.5,4,9,oracle,67.9250
0.5,0.5,4,10,snr-greedy-loss,56.8000
0.5,0.5,4,10,belief,57.7750
0.5,0.5,4,10,ewma,58.9000
0.5,0.5,4,10,saf-adaptive,60.8000
0.5,0.5,4,10,oracle,68.5750
0.5,0.5,4,11,snr-greedy-loss,57.0000
0.5,0.5,4,11,belief,57.3500
0.5,0.5,4,11,ewma,57.5750
0.5,0.5,4,11,saf-adaptive,60.4000
0.5,0.5,4,11,oracle,68.7750
0.5,0.5,4,12,snr-greedy-loss,57.5250
0.5,0.5,4,12,belief,58.2750
0.5,0.5,4,12,ewma,58.6250
0.5,0.5,4,12,saf-adaptive,61.0500
0.5,0.5,4,12,oracle,68.6000
0.5,0.5,4,13,snr-greedy-loss,56.6750
0.5,0.5,4,13,belief,57.0500
0.5,0.5,4,13,ewma,59.1250
0.5,0.5,4,13,saf-adaptive,60.3250
0.5,0.5,4,13,oracle,68.1250
0.5,0.5,4,14,snr-greedy-loss,57.7750
0.5,0.5,4,14,belief,58.0250
0.5,0.5,4,14,ewma,57.5500
0.5,0.5,4,14,saf-adaptive,61.0500
0.5,0.5,4,14,oracle,68.7250
0.5,0.5,4,15,snr-greedy-loss,57.6000
0.5,0.5,4,15,belief,58.0000
0.5,0.5,4,15,ewma,58.0250
0.5,0.5,4,15,saf-adaptive,60.7500
0.5,0.5,4,15,oracle,68.8250
0.5,0.5,4,16,snr-greedy-loss,57.3500
0.5,0.5,4,16,belief,57.5000
0.5,0.5,4,16,ewma,57.6500
0.5,0.5,4,16,saf-adaptive,59.2000
0.5,0.5,4,16,oracle,68.1000
0.5,0.5,4,17,snr-greedy-loss,57.8000
0.5,0.5,4,17,belief,58.1750
0.5,0.5,4,17,ewma,58.6250
0.5,0.5,4,17,saf-adaptive,61.1750
0.5,0.5,4,17,oracle,68.4500
0.5,0.5,4,18,snr-greedy-loss,56.8000
0.5,0.5,4,18,belief,57.3750
0.5,0.5,4,18,ewma,57.3500
0.5,0.5,4,18,saf-adaptive,60.0500
0.5,0.5,4,18,oracle,67.8250
0.5,0.5,4,19,snr-greedy-loss,57.3750
0.5,0.5,4,19,belief,57.1750
0.5,0.5,4,19,ewma,57.2000
0.5,0.5,4,19,saf-adaptive,60.3000
0.5,0.5,4,19,oracle,68.4500
0.5,0.5,8,0,snr-greedy-loss,57.0500
0.5,0.5,8,0,belief,57.4500
0.5,0.5,8,0,ewma,59.3750
0.5,0.5,8,0,saf-adaptive,61.1750
0.5,0.5,8,0,oracle,68.6250
0.5,0.5,8,1,snr-greedy-loss,56.5250
0.5,0.5,8,1,belief,57.1000
0.5,0.5,8,1,ewma,58.4250
0.5,0.5,8,1,saf-adaptive,59.6250
0.5,0.5,8,1,oracle,68.3750
0.5,0.5,8,2,snr-greedy-loss,58.0250
0.5,0.5,8,2,belief,58.7750
0.5,0.5,8,2,ewma,58.7250
0.5,0.5,8,2,saf-adaptive,61.2500
0.5,0.5,8,2,oracle,68.3000
0.5,0.5,8,3,snr-greedy-loss,57.3500
0.5,0.5,8,3,belief,57.7500
0.5,0.5,8,3,ewma,58.5500
0.5,0.5,8,3,saf-adaptive,60.0750
0.5,0.5,8,3,oracle,68.3500
0.5,0.5,8,4,snr-greedy-loss,56.6000
0.5,0.5,8,4,belief,56.9500
0.5,0.5,8,4,ewma,58.8500
0.5,0.5,8,4,saf-adaptive,59.9500
0.5,0.5,8,4,oracle,68.1750
0.5,0.5,8,5,snr-greedy-loss,57.7250
0.5,0.5,8,5,belief,57.5750
0.5,0.5,8,5,ewma,56.6750
0.5,0.5,8,5,saf-adaptive,60.2000
0.5,0.5,8,5,oracle,68.7500
0.5,0.5,8,6,snr-greedy-loss,57.1750
0.5,0.5,8,6,belief,57.4250
0.5,0.5,8,6,ewma,57.3000
0.5,0.5,8,6,saf-adaptive,60.8000
0.5,0.5,8,6,oracle,68.4250
0.5,0.5,8,7,snr-greedy-loss,58.0500
0.5,0.5,8,7,belief,58.1000
0.5,0.5,8,7,ewma,58.4000
0.5,0.5,8,7,saf-adaptive,60.9250
0.5,0.5,8,7,oracle,68.5250
0.5,0.5,8,8,snr-greedy-loss,56.9500
0.5,0.5,8,8,belief,57.6750
0.5,0.5,8,8,ewma,58.3500
0.5,0.5,8,8,saf-adaptive,60.4250
0.5,0.5,8,8,oracle,68.7750
0.5,0.5,8,9,snr-greedy-loss,57.0250
0.5,0.5,8,9,belief,56.9750
0.5,0.5,8,9,ewma,57.7500
0.5,0.5,8,9,saf-adaptive,59.5500
0.5,0.5,8,9,oracle,67.9250
0.5,0.5,8,10,snr-greedy-loss,56.7750
0.5,0.5,8,10,belief,57.3250
0.5,0.5,8,10,ewma,57.2750
0.5,0.5,8,10,saf-adaptive,60.9250
0.5,0.5,8,10,oracle,68.5750
0.5,0.5,8,11,snr-greedy-loss,56.8500
0.5,0.5,8,11,belief,56.9250
0.5,0.5,8,11,ewma,57.9250
0.5,0.5,8,11,saf-adaptive,60.0000
0.5,0.5,8,11,oracle,68.7750
0.5,0.5,8,12,snr-greedy-loss,57.1250
0.5,0.5,8,12,belief,57.9000
0.5,0.5,8,12,ewma,58.5250
0.5,0.5,8,12,saf-adaptive,60.3000
0.5,0.5,8,12,oracle,68.6000
0.5,0.5,8,13,snr-greedy-loss,56.9750
0.5,0.5,8,13,belief,57.4500
0.5,0.5,8,13,ewma,59.0500
0.5,0.5,8,13,saf-adaptive,60.3250
0.5,0.5,8,13,oracle,68.1250
0.5,0.5,8,14,snr-greedy-loss,57.7500
0.5,0.5,8,14,belief,58.1000
0.5,0.5,8,14,ewma,58.3000
0.5,0.5,8,14,saf-adaptive,61.2750
0.5,0.5,8,14,oracle,68.7250
0.5,0.5,8,15,snr-greedy-loss,57.7000
0.5,0.5,8,15,belief,57.9500
0.5,0.5,8,15,ewma,57.7500
0.5,0.5,8,15,saf-adaptive,60.8750
0.5,0.5,8,15,oracle,68.8250
0.5,0.5,8,16,snr-greedy-loss,56.8250
0.5,0.5,8,16,belief,56.7000
0.5,0.5,8,16,ewma,55.8500
0.5,0.5,8,16,saf-adaptive,59.0500
0.5,0.5,8,16,oracle,68.1000
0.5,0.5,8,17,snr-greedy-loss,57.4250
0.5,0.5,8,17,belief,57.8000
0.5,0.5,8,17,ewma,58.4750
0.5,0.5,8,17,saf-adaptive,61.5500
0.5,0.5,8,17,oracle,68.4500
0.5,0.5,8,18,snr-greedy-loss,55.9000
0.5,0.5,8,18,belief,56.6750
0.5,0.5,8,18,ewma,55.4500
0.5,0.5,8,18,saf-adaptive,59.6000
0.5,0.5,8,18,oracle,67.8250
0.5,0.5,8,19,snr-greedy-loss,56.2000
0.5,0.5,8,19,belief,56.3500
0.5,0.5,8,19,ewma,57.9000
0.5,0.5,8,19,saf-adaptive,60.4000
0.5,0.5,8,19,oracle,68.4500
0.5,0.25,0,0,snr-greedy-loss,60.0250
0.5,0.25,0,0,belief,60.3750
0.5,0.25,0,0,ewma,59.5000
0.5,0.25,0,0,saf-adaptive,60.6500
0.5,0.25,0,0,oracle,68.7500
0.5,0.25,0,1,snr-greedy-loss,59.1250
0.5,0.25,0,1,belief,59.4750
0.5,0.25,0,1,ewma,57.9000
0.5,0.25,0,1,saf-adaptive,60.2500
0.5,0.25,0,1,oracle,68.3000
0.5,0.25,0,2,snr-greedy-loss,60.1750
0.5,0.25,0,2,belief,60.5750
0.5,0.25,0,2,ewma,58.8250
0.5,0.25,0,2,saf-adaptive,60.4250
0.5,0.25,0,2,oracle,68.8750
0.5,0.25,0,3,snr-greedy-loss,59.7250
0.5,0.25,0,3,belief,60.2750
0.5,0.25,0,3,ewma,58.4500
0.5,0.25,0,3,saf-adaptive,59.6000
0.5,0.25,0,3,oracle,68.5250
0.5,0.25,0,4,snr-greedy-loss,59.0250
0.5,0.25,0,4,belief,58.8000
0.5,0.25,0,4,ewma,58.4500
0.5,0.25,0,4,saf-adaptive,59.2250
0.5,0.25,0,4,oracle,68.4500
0.5,0.25,0,5,snr-greedy-loss,59.5000
0.5,0.25,0,5,belief,60.0250
0.5,0.25,0,5,ewma,57.1750
0.5,0.25,0,5,saf-adaptive,60.0500
0.5,0.25,0,5,oracle,68.4000
0.5,0.25,0,6,snr-greedy-loss,59.7750
0.5,0.25,0,6,belief,60.8250
0.5,0.25,0,6,ewma,59.3500
0.5,0.25,0,6,saf-adaptive,60.6750
0.5,0.25,0,6,oracle,69.1000
0.5,0.25,0,7,snr-greedy-loss,60.0500
0.5,0.25,0,7,belief,60.5000
0.5,0.25,0,7,ewma,57.6250
0.5,0.25,0,7,saf-adaptive,60.0250
0.5,0.25,0,7,oracle,68.4000
0.5,0.25,0,8,snr-greedy-loss,59.2750
0.5,0.25,0,8,belief,59.9250
0.5,0.25,0,8,ewma,57.3000
0.5,0.25,0,8,saf-adaptive,59.4750
0.5,0.25,0,8,oracle,68.5500
0.5,0.25,0,9,snr-greedy-loss,59.4500
0.5,0.25,0,9,belief,59.9000
0.5,0.25,0,9,ewma,57.6250
0.5,0.25,0,9,saf-adaptive,59.4250
0.5,0.25,0,9,oracle,67.9000
0.5,0.25,0,10,snr-greedy-loss,58.8750
0.5,0.25,0,10,belief,59.6500
0.5,0.25,0,10,ewma,57.2500
0.5,0.25,0,10,saf-adaptive,60.1000
0.5,0.25,0,10,oracle,68.5250
0.5,0.25,0,11,snr-greedy-loss,60.3000
0.5,0.25,0,11,belief,60.3000
0.5,0.25,0,11,ewma,58.5250
0.5,0.25,0,11,saf-adaptive,60.3250
0.5,0.25,0,11,oracle,68.6000
0.5,0.25,0,12,snr-greedy-loss,59.8750
0.5,0.25,0,12,belief,60.2250
0.5,0.25,0,12,ewma,58.3000
0.5,0.25,0,12,saf-adaptive,59.8000
0.5,0.25,0,12,oracle,68.5750
0.5,0.25,0,13,snr-greedy-loss,59.8750
0.5,0.25,0,13,belief,59.9500
0.5,0.25,0,13,ewma,60.0500
0.5,0.25,0,13,saf-adaptive,60.2000
0.5,0.25,0,13,oracle,68.5750
0.5,0.25,0,14,snr-greedy-loss,60.3000
0.5,0.25,0,14,belief,60.2500
0.5,0.25,0,14,ewma,58.5000
0.5,0.25,0,14,saf-adaptive,59.6500
0.5,0.25,0,14,oracle,69.3250
0.5,0.25,0,15,snr-greedy-loss,59.6000
0.5,0.25,0,15,belief,60.0250
0.5,0.25,0,15,ewma,57.8750
0.5,0.25,0,15,saf-adaptive,59.6750
0.5,0.25,0,15,oracle,68.2750
0.5,0.25,0,16,snr-greedy-loss,59.1000
0.5,0.25,0,16,belief,59.7500
0.5,0.25,0,16,ewma,58.3500
0.5,0.25,0,16,saf-adaptive,58.4500
0.5,0.25,0,16,oracle,68.2000
0.5,0.25,0,17,snr-greedy-loss,59.2250
0.5,0.25,0,17,belief,59.5500
0.5,0.25,0,17,ewma,58.2000
0.5,0.25,0,17,saf-adaptive,58.4000
0.5,0.25,0,17,oracle,68.4250
0.5,0.25,0,18,snr-greedy-loss,59.1000
0.5,0.25,0,18,belief,59.1250
0.5,0.25,0,18,ewma,54.6750
0.5,0.25,0,18,saf-adaptive,59.2500
0.5,0.25,0,18,oracle,67.8500
0.5,0.25,0,19,snr-greedy-loss,60.0750
0.5,0.25,0,19,belief,60.5250
0.5,0.25,0,19,ewma,56.6250
0.5,0.25,0,19,saf-adaptive,59.8500
0.5,0.25,0,19,oracle,68.4250
0.5,0.25,1,0,snr-greedy-loss,58.4500
0.5,0.25,1,0,belief,58.9750
0.5,0.25,1,0,ewma,58.4250
0.5,0.25,1,0,saf-adaptive,60.7000
0.5,0.25,1,0,oracle,68.7500
0.5,0.25,1,1,snr-greedy-loss,57.7500
0.5,0.25,1,1,belief,58.1500
0.5,0.25,1,1,ewma,58.1750
0.5,0.25,1,1,saf-adaptive,59.3250
0.5,0.25,1,1,oracle,68.3000
0.5,0.25,1,2,snr-greedy-loss,59.4750
0.5,0.25,1,2,belief,59.0250
0.5,0.25,1,2,ewma,57.6000
0.5,0.25,1,2,saf-adaptive,60.4750
0.5,0.25,1,2,oracle,68.8750
0.5,0.25,1,3,snr-greedy-loss,57.7750
0.5,0.25,1,3,belief,58.1750
0.5,0.25,1,3,ewma,57.1750
0.5,0.25,1,3,saf-adaptive,59.8750
0.5,0.25,1,3,oracle,68.5250
0.5,0.25,1,4,snr-greedy-loss,57.3000
0.5,0.25,1,4,belief,57.6750
0.5,0.25,1,4,ewma,58.2250
0.5,0.25,1,4,saf-adaptive,59.6500
0.5,0.25,1,4,oracle,68.4500
0.5,0.25,1,5,snr-greedy-loss,58.1500
0.5,0.25,1,5,belief,58.6250
0.5,0.25,1,5,ewma,57.1500
0.5,0.25,1,5,saf-adaptive,59.7000
0.5,0.25,1,5,oracle,68.4000
0.5,0.25,1,6,snr-greedy-loss,57.9500
0.5,0.25,1,6,belief,58.6250
0.5,0.25,1,6,ewma,59.1250
0.5,0.25,1,6,saf-adaptive,60.1250
0.5,0.25,1,6,oracle,69.1000
0.5,0.25,1,7,snr-greedy-loss,58.2000
0.5,0.25,1,7,belief,58.5250
0.5,0.25,1,7,ewma,57.2250
0.5,0.25,1,7,saf-adaptive,60.3000
0.5,0.25,1,7,oracle,68.4000
0.5,0.25,1,8,snr-greedy-loss,58.2250
0.5,0.25,1,8,belief,59.0250
0.5,0.25,1,8,ewma,58.3750
0.5,0.25,1,8,saf-adaptive,60.1750
0.5,0.25,1,8,oracle,68.5500
0.5,0.25,1,9,snr-greedy-loss,57.5500
0.5,0.25,1,9,belief,58.5250
0.5,0.25,1,9,ewma,57.0500
0.5,0.25,1,9,saf-adaptive,59.4000
0.5,0.25,1,9,oracle,67.9000
0.5,0.25,1,10,snr-greedy-loss,57.5250
0.5,0.25,1,10,belief,58.5000
0.5,0.25,1,10,ewma,56.5750
0.5,0.25,1,10,saf-adaptive,60.4000
0.5,0.25,1,10,oracle,68.5250
0.5,0.25,1,11,snr-greedy-loss,58.5500
0.5,0.25,1,11,belief,58.9000
0.5,0.25,1,11,ewma,59.3250
0.5,0.25,1,11,saf-adaptive,59.9500
0.5,0.25,1,11,oracle,68.6000
0.5,0.25,1,12,snr-greedy-loss,58.1000
0.5,0.25,1,12,belief,58.5500
0.5,0.25,1,12,ewma,58.5500
0.5,0.25,1,12,saf-adaptive,60.3750
0.5,0.25,1,12,oracle,68.5750
0.5,0.25,1,13,snr-greedy-loss,58.2000
0.5,0.25,1,13,belief,58.5500
0.5,0.25,1,13,ewma,58.8750
0.5,0.25,1,13,saf-adaptive,60.6000
0.5,0.25,1,13,oracle,68.5750
0.5,0.25,1,14,snr-greedy-loss,58.5500
0.5,0.25,1,14,belief,58.5750
0.5,0.25,1,14,ewma,58.5500
0.5,0.25,1,14,saf-adaptive,60.6750
0.5,0.25,1,14,oracle,69.3250
0.5,0.25,1,15,snr-greedy-loss,58.3250
0.5,0.25,1,15,belief,58.0750
0.5,0.25,1,15,ewma,57.2500
0.5,0.25,1,15,saf-adaptive,59.6000
0.5,0.25,1,15,oracle,68.2750
0.5,0.25,1,16,snr-greedy-loss,56.8500
0.5,0.25,1,16,belief,57.4000
0.5,0.25,1,16,ewma,57.4750
0.5,0.25,1,16,saf-adaptive,58.6500
0.5,0.25,1,16,oracle,68.2000
0.5,0.25,1,17,snr-greedy-loss,58.3250
0.5,0.25,1,17,belief,58.1250
0.5,0.25,1,17,ewma,57.9000
0.5,0.25,1,17,saf-adaptive,58.8500
0.5,0.25,1,17,oracle,68.4250
0.5,0.25,1,18,snr-greedy-loss,56.9000
0.5,0.25,1,18,belief,57.7500
0.5,0.25,1,18,ewma,55.5500
0.5,0.25,1,18,saf-adaptive,58.9750
0.5,0.25,1,18,oracle,67.8500
0.5,0.25,1,19,snr-greedy-loss,58.3000
0.5,0.25,1,19,belief,58.3500
0.5,0.25,1,19,ewma,56.8500
0.5,0.25,1,19,saf-adaptive,59.8750
0.5,0.25,1,19,oracle,68.4250
0.5,0.25,2,0,snr-greedy-loss,58.2000
0.5,0.25,2,0,belief,58.4750
0.5,0.25,2,0,ewma,59.3500
0.5,0.25,2,0,saf-adaptive,60.9250
0.5,0.25,2,0,oracle,68.7500
0.5,0.25,2,1,snr-greedy-loss,57.4750
0.5,0.25,2,1,belief,57.1750
0.5,0.25,2,1,ewma,58.5500
0.5,0.25,2,1,saf-adaptive,59.0250
0.5,0.25,2,1,oracle,68.3000
0.5,0.25,2,2,snr-greedy-loss,58.0500
0.5,0.25,2,2,belief,57.8000
0.5,0.25,2,2,ewma,57.6000
0.5,0.25,2,2,saf-adaptive,60.2250
0.5,0.25,2,2,oracle,68.8750
0.5,0.25,2,3,snr-greedy-loss,57.9750
0.5,0.25,2,3,belief,57.9000
0.5,0.25,2,3,ewma,57.3500
0.5,0.25,2,3,saf-adaptive,59.8250
0.5,0.25,2,3,oracle,68.5250
0.5,0.25,2,4,snr-greedy-loss,57.4500
0.5,0.25,2,4,belief,57.5500
0.5,0.25,2,4,ewma,58.7500
0.5,0.25,2,4,saf-adaptive,59.5500
0.5,0.25,2,4,oracle,68.4500
0.5,0.25,2,5,snr-greedy-loss,57.4000
0.5,0.25,2,5,belief,58.1000
0.5,0.25,2,5,ewma,56.1000
0.5,0.25,2,5,saf-adaptive,59.1000
0.5,0.25,2,5,oracle,68.4000
0.5,0.25,2,6,snr-greedy-loss,57.7000
0.5,0.25,2,6,belief,58.7000
0.5,0.25,2,6,ewma,58.2000
0.5,0.25,2,6,saf-adaptive,60.0750
0.5,0.25,2,6,oracle,69.1000
0.5,0.25,2,7,snr-greedy-loss,58.1500
0.5,0.25,2,7,belief,58.3500
0.5,0.25,2,7,ewma,58.5500
0.5,0.25,2,7,saf-adaptive,60.0500
0.5,0.25,2,7,oracle,68.4000
0.5,0.25,2,8,snr-greedy-loss,57.4250
0.5,0.25,2,8,belief,58.2000
0.5,0.25,2,8,ewma,58.2000
0.5,0.25,2,8,saf-adaptive,60.0750
0.5,0.25,2,8,oracle,68.5500
0.5,0.25,2,9,snr-greedy-loss,57.6000
0.5,0.25,2,9,belief,57.7000
0.5,0.25,2,9,ewma,56.6500
0.5,0.25,2,9,saf-adaptive,59.2750
0.5,0.25,2,9,oracle,67.9000
0.5,0.25,2,10,snr-greedy-loss,56.6750
0.5,0.25,2,10,belief,57.5750
0.5,0.25,2,10,ewma,55.6000
0.5,0.25,2,10,saf-adaptive,59.4250
0.5,0.25,2,10,oracle,68.5250
0.5,0.25,2,11,snr-greedy-loss,57.5750
0.5,0.25,2,11,belief,57.8000
0.5,0.25,2,11,ewma,58.0750
0.5,0.25,2,11,saf-adaptive,59.5750
0.5,0.25,2,11,oracle,68.6000
0.5,0.25,2,12,snr-greedy-loss,57.1500
0.5,0.25,2,12,belief,58.2000
0.5,0.25,2,12,ewma,58.6750
0.5,0.25,2,12,saf-adaptive,59.8750
0.5,0.25,2,12,oracle,68.5750
0.5,0.25,2,13,snr-greedy-loss,57.2000
0.5,0.25,2,13,belief,57.4500
0.5,0.25,2,13,ewma,58.4750
0.5,0.25,2,13,saf-adaptive,59.8000
0.5,0.25,2,13,oracle,68.5750
0.5,0.25,2,14,snr-greedy-loss,57.8500
0.5,0.25,2,14,belief,58.0750
0.5,0.25,2,14,ewma,59.2000
0.5,0.25,2,14,saf-adaptive,60.3250
0.5,0.25,2,14,oracle,69.3250
0.5,0.25,2,15,snr-greedy-loss,57.8000
0.5,0.25,2,15,belief,57.8750
0.5,0.25,2,15,ewma,57.2000
0.5,0.25,2,15,saf-adaptive,59.7750
0.5,0.25,2,15,oracle,68.2750
0.5,0.25,2,16,snr-greedy-loss,56.5500
0.5,0.25,2,16,belief,56.9750
0.5,0.25,2,16,ewma,58.8000
0.5,0.25,2,16,saf-adaptive,58.9000
0.5,0.25,2,16,oracle,68.2000
0.5,0.25,2,17,snr-greedy-loss,57.7500
0.5,0.25,2,17,belief,57.9750
0.5,0.25,2,17,ewma,57.7750
0.5,0.25,2,17,saf-adaptive,59.7750
0.5,0.25,2,17,oracle,68.4250
0.5,0.25,2,18,snr-greedy-loss,56.1750
0.5,0.25,2,18,belief,56.8500
0.5,0.25,2,18,ewma,57.0000
0.5,0.25,2,18,saf-adaptive,58.6250
0.5,0.25,2,18,oracle,67.8500
0.5,0.25,2,19,snr-greedy-loss,57.1750
0.5,0.25,2,19,belief,57.3750
0.5,0.25,2,19,ewma,57.8500
0.5,0.25,2,19,saf-adaptive,59.1750
0.5,0.25,2,19,oracle,68.4250
0.5,0.25,4,0,snr-greedy-loss,58.0250
0.5,0.25,4,0,belief,58.4500
0.5,0.25,4,0,ewma,60.1250
0.5,0.25,4,0,saf-adaptive,61.2750
0.5,0.25,4,0,oracle,68.7500
0.5,0.25,4,1,snr-greedy-loss,56.7250
0.5,0.25,4,1,belief,56.9000
0.5,0.25,4,1,ewma,58.5000
0.5,0.25,4,1,saf-adaptive,59.5500
0.5,0.25,4,1,oracle,68.3000
0.5,0.25,4,2,snr-greedy-loss,57.9250
0.5,0.25,4,2,belief,58.2000
0.5,0.25,4,2,ewma,58.1250
0.5,0.25,4,2,saf-adaptive,60.9500
0.5,0.25,4,2,oracle,68.8750
0.5,0.25,4,3,snr-greedy-loss,57.3250
0.5,0.25,4,3,belief,57.1250
0.5,0.25,4,3,ewma,56.1000
0.5,0.25,4,3,saf-adaptive,60.1500
0.5,0.25,4,3,oracle,68.5250
0.5,0.25,4,4,snr-greedy-loss,57.3250
0.5,0.25,4,4,belief,57.0000
0.5,0.25,4,4,ewma,59.1250
0.5,0.25,4,4,saf-adaptive,60.0500
0.5,0.25,4,4,oracle,68.4500
0.5,0.25,4,5,snr-greedy-loss,57.1750
0.5,0.25,4,5,belief,57.8750
0.5,0.25,4,5,ewma,56.0500
0.5,0.25,4,5,saf-adaptive,60.1500
0.5,0.25,4,5,oracle,68.4000
0.5,0.25,4,6,snr-greedy-loss,57.4000
0.5,0.25,4,6,belief,58.3500
0.5,0.25,4,6,ewma,57.7000
0.5,0.25,4,6,saf-adaptive,61.1000
0.5,0.25,4,6,oracle,69.1000
0.5,0.25,4,7,snr-greedy-loss,57.9000
0.5,0.25,4,7,belief,58.2750
0.5,0.25,4,7,ewma,59.6250
0.5,0.25,4,7,saf-adaptive,60.9750
0.5,0.25,4,7,oracle,68.4000
0.5,0.25,4,8,snr-greedy-loss,57.3000
0.5,0.25,4,8,belief,57.4000
0.5,0.25,4,8,ewma,59.2250
0.5,0.25,4,8,saf-adaptive,60.2000
0.5,0.25,4,8,oracle,68.5500
0.5,0.25,4,9,snr-greedy-loss,57.2750
0.5,0.25,4,9,belief,57.5500
0.5,0.25,4,9,ewma,57.0750
0.5,0.25,4,9,saf-adaptive,59.1250
0.5,0.25,4,9,oracle,67.9000
0.5,0.25,4,10,snr-greedy-loss,57.2000
0.5,0.25,4,10,belief,57.9500
0.5,0.25,4,10,ewma,58.7000
0.5,0.25,4,10,saf-adaptive,60.7000
0.5,0.25,4,10,oracle,68.5250
0.5,0.25,4,11,snr-greedy-loss,57.3000
0.5,0.25,4,11,belief,57.0750
0.5,0.25,4,11,ewma,59.0250
0.5,0.25,4,11,saf-adaptive,59.9250
0.5,0.25,4,11,oracle,68.6000
0.5,0.25,4,12,snr-greedy-loss,57.1750
0.5,0.25,4,12,belief,57.8500
0.5,0.25,4,12,ewma,58.8750
0.5,0.25,4,12,saf-adaptive,60.8500
0.5,0.25,4,12,oracle,68.5750
0.5,0.25,4,13,snr-greedy-loss,56.6250
0.5,0.25,4,13,belief,57.1500
0.5,0.25,4,13,ewma,59.7500
0.5,0.25,4,13,saf-adaptive,60.5500
0.5,0.25,4,13,oracle,68.5750
0.5,0.25,4,14,snr-greedy-loss,57.5750
0.5,0.25,4,14,belief,58.1250
0.5,0.25,4,14,ewma,57.3750
0.5,0.25,4,14,saf-adaptive,61.3750
0.5,0.25,4,14,oracle,69.3250
0.5,0.25,4,15,snr-greedy-loss,57.1500
0.5,0.25,4,15,belief,57.4250
0.5,0.25,4,15,ewma,57.6500
0.5,0.25,4,15,saf-adaptive,60.2750
0.5,0.25,4,15,oracle,68.2750
0.5,0.25,4,16,snr-greedy-loss,57.4250
0.5,0.25,4,16,belief,57.8250
0.5,0.25,4,16,ewma,58.0500
0.5,0.25,4,16,saf-adaptive,59.7000
0.5,0.25,4,16,oracle,68.2000
0.5,0.25,4,17,snr-greedy-loss,57.0250
0.5,0.25,4,17,belief,57.3250
0.5,0.25,4,17,ewma,57.8750
0.5,0.25,4,17,saf-adaptive,60.5750
0.5,0.25,4,17,oracle,68.4250
0.5,0.25,4,18,snr-greedy-loss,56.2750
0.5,0.25,4,18,belief,56.5000
0.5,0.25,4,18,ewma,55.6750
0.5,0.25,4,18,saf-adaptive,59.3000
0.5,0.25,4,18,oracle,67.8500
0.5,0.25,4,19,snr-greedy-loss,57.2000
0.5,0.25,4,19,belief,57.1000
0.5,0.25,4,19,ewma,58.0250
0.5,0.25,4,19,saf-adaptive,60.2750
0.5,0.25,4,19,oracle,68.4250
0.5,0.25,8,0,snr-greedy-loss,57.1000
0.5,0.25,8,0,belief,57.5250
0.5,0.25,8,0,ewma,59.7250
0.5,0.25,8,0,saf-adaptive,61.3500
0.5,0.25,8,0,oracle,68.7500
0.5,0.25,8,1,snr-greedy-loss,56.1500
0.5,0.25,8,1,belief,56.5500
0.5,0.25,8,1,ewma,58.9500
0.5,0.25,8,1,saf-adaptive,59.2750
0.5,0.25,8,1,oracle,68.3000
0.5,0.25,8,2,snr-greedy-loss,58.1750
0.5,0.25,8,2,belief,58.7500
0.5,0.25,8,2,ewma,58.3750
0.5,0.25,8,2,saf-adaptive,60.8250
0.5,0.25,8,2,oracle,68.8750
0.5,0.25,8,3,snr-greedy-loss,57.1000
0.5,0.25,8,3,belief,57.4750
0.5,0.25,8,3,ewma,56.9750
0.5,0.25,8,3,saf-adaptive,60.3750
0.5,0.25,8,3,oracle,68.5250
0.5,0.25,8,4,snr-greedy-loss,57.0500
0.5,0.25,8,4,belief,57.1250
0.5,0.25,8,4,ewma,59.5500
0.5,0.25,8,4,saf-adaptive,60.2750
0.5,0.25,8,4,oracle,68.4500
0.5,0.25,8,5,snr-greedy-loss,57.1750
0.5,0.25,8,5,belief,57.0750
0.5,0.25,8,5,ewma,56.2000
0.5,0.25,8,5,saf-adaptive,59.9500
0.5,0.25,8,5,oracle,68.4000
0.5,0.25,8,6,snr-greedy-loss,57.5000
0.5,0.25,8,6,belief,57.9250
0.5,0.25,8,6,ewma,58.4750
0.5,0.25,8,6,saf-adaptive,61.1250
0.5,0.25,8,6,oracle,69.1000
0.5,0.25,8,7,snr-greedy-loss,57.8750
0.5,0.25,8,7,belief,57.8250
0.5,0.25,8,7,ewma,58.7500
0.5,0.25,8,7,saf-adaptive,60.6000
0.5,0.25,8,7,oracle,68.4000
0.5,0.25,8,8,snr-greedy-loss,56.6000
0.5,0.25,8,8,belief,57.6750
0.5,0.25,8,8,ewma,59.2500
0.5,0.25,8,8,saf-adaptive,60.2250
0.5,0.25,8,8,oracle,68.5500
0.5,0.25,8,9,snr-greedy-loss,56.5000
0.5,0.25,8,9,belief,56.6500
0.5,0.25,8,9,ewma,57.4500
0.5,0.25,8,9,saf-adaptive,58.9000
0.5,0.25,8,9,oracle,67.9000
0.5,0.25,8,10,snr-greedy-loss,57.0750
0.5,0.25,8,10,belief,57.6750
0.5,0.25,8,10,ewma,58.1750
0.5,0.25,8,10,saf-adaptive,60.8000
0.5,0.25,8,10,oracle,68.5250
0.5,0.25,8,11,snr-greedy-loss,56.9250
0.5,0.25,8,11,belief,56.6500
0.5,0.25,8,11,ewma,58.4000
0.5,0.25,8,11,saf-adaptive,59.8000
0.5,0.25,8,11,oracle,68.6000
0.5,0.25,8,12,snr-greedy-loss,57.1000
0.5,0.25,8,12,belief,57.6000
0.5,0.25,8,12,ewma,58.0250
0.5,0.25,8,12,saf-adaptive,60.7000
0.5,0.25,8,12,oracle,68.5750
0.5,0.25,8,13,snr-greedy-loss,57.4500
0.5,0.25,8,13,belief,57.6500
0.5,0.25,8,13,ewma,58.5750
0.5,0.25,8,13,saf-adaptive,60.6250
0.5,0.25,8,13,oracle,68.5750
0.5,0.25,8,14,snr-greedy-loss,58.1250
0.5,0.25,8,14,belief,58.6000
0.5,0.25,8,14,ewma,58.1000
0.5,0.25,8,14,saf-adaptive,61.5000
0.5,0.25,8,14,oracle,69.3250
0.5,0.25,8,15,snr-greedy-loss,56.6250
0.5,0.25,8,15,belief,57.2500
0.5,0.25,8,15,ewma,57.8500
0.5,0.25,8,15,saf-adaptive,60.1250
0.5,0.25,8,15,oracle,68.2750
0.5,0.25,8,16,snr-greedy-loss,57.2000
0.5,0.25,8,16,belief,56.8000
0.5,0.25,8,16,ewma,56.9750
0.5,0.25,8,16,saf-adaptive,59.1250
0.5,0.25,8,16,oracle,68.2000
0.5,0.25,8,17,snr-greedy-loss,56.4750
0.5,0.25,8,17,belief,57.1000
0.5,0.25,8,17,ewma,57.1250
0.5,0.25,8,17,saf-adaptive,60.9000
0.5,0.25,8,17,oracle,68.4250
0.5,0.25,8,18,snr-greedy-loss,55.8000
0.5,0.25,8,18,belief,56.6000
0.5,0.25,8,18,ewma,55.2000
0.5,0.25,8,18,saf-adaptive,58.8000
0.5,0.25,8,18,oracle,67.8500
0.5,0.25,8,19,snr-greedy-loss,56.7250
0.5,0.25,8,19,belief,56.9500
0.5,0.25,8,19,ewma,58.2000
0.5,0.25,8,19,saf-adaptive,60.4000
0.5,0.25,8,19,oracle,68.4250
0.5,0.0,0,0,snr-greedy-loss,57.3000
0.5,0.0,0,0,belief,57.7000
0.5,0.0,0,0,ewma,58.7500
0.5,0.0,0,0,saf-adaptive,58.0750
0.5,0.0,0,0,oracle,68.4750
0.5,0.0,0,1,snr-greedy-loss,57.2750
0.5,0.0,0,1,belief,58.0500
0.5,0.0,0,1,ewma,58.9500
0.5,0.0,0,1,saf-adaptive,59.3250
0.5,0.0,0,1,oracle,69.0000
0.5,0.0,0,2,snr-greedy-loss,57.7250
0.5,0.0,0,2,belief,58.3750
0.5,0.0,0,2,ewma,58.9250
0.5,0.0,0,2,saf-adaptive,59.4250
0.5,0.0,0,2,oracle,68.9250
0.5,0.0,0,3,snr-greedy-loss,57.2750
0.5,0.0,0,3,belief,57.4500
0.5,0.0,0,3,ewma,58.7500
0.5,0.0,0,3,saf-adaptive,59.3250
0.5,0.0,0,3,oracle,68.4500
0.5,0.0,0,4,snr-greedy-loss,56.5000
0.5,0.0,0,4,belief,56.2250
0.5,0.0,0,4,ewma,59.7250
0.5,0.0,0,4,saf-adaptive,58.5250
0.5,0.0,0,4,oracle,68.1000
0.5,0.0,0,5,snr-greedy-loss,56.7000
0.5,0.0,0,5,belief,57.4750
0.5,0.0,0,5,ewma,58.2750
0.5,0.0,0,5,saf-adaptive,59.1500
0.5,0.0,0,5,oracle,68.2500
0.5,0.0,0,6,snr-greedy-loss,56.9750
0.5,0.0,0,6,belief,57.9000
0.5,0.0,0,6,ewma,58.3250
0.5,0.0,0,6,saf-adaptive,58.2000
0.5,0.0,0,6,oracle,68.8250
0.5,0.0,0,7,snr-greedy-loss,57.2500
0.5,0.0,0,7,belief,57.9750
0.5,0.0,0,7,ewma,58.3250
0.5,0.0,0,7,saf-adaptive,57.8250
0.5,0.0,0,7,oracle,68.5500
0.5,0.0,0,8,snr-greedy-loss,56.7500
0.5,0.0,0,8,belief,57.5500
0.5,0.0,0,8,ewma,57.4250
0.5,0.0,0,8,saf-adaptive,57.0500
0.5,0.0,0,8,oracle,68.4000
0.5,0.0,0,9,snr-greedy-loss,56.4750
0.5,0.0,0,9,belief,56.9500
0.5,0.0,0,9,ewma,57.7500
0.5,0.0,0,9,saf-adaptive,55.9750
0.5,0.0,0,9,oracle,68.1250
0.5,0.0,0,10,snr-greedy-loss,56.5500
0.5,0.0,0,10,belief,57.4500
0.5,0.0,0,10,ewma,57.4750
0.5,0.0,0,10,saf-adaptive,57.3000
0.5,0.0,0,10,oracle,68.4250
0.5,0.0,0,11,snr-greedy-loss,57.2250
0.5,0.0,0,11,belief,57.1250
0.5,0.0,0,11,ewma,57.5500
0.5,0.0,0,11,saf-adaptive,57.3500
0.5,0.0,0,11,oracle,68.3000
0.5,0.0,0,12,snr-greedy-loss,57.1000
0.5,0.0,0,12,belief,57.5750
0.5,0.0,0,12,ewma,58.2000
0.5,0.0,0,12,saf-adaptive,59.0000
0.5,0.0,0,12,oracle,68.7750
0.5,0.0,0,13,snr-greedy-loss,57.4250
0.5,0.0,0,13,belief,57.5000
0.5,0.0,0,13,ewma,59.6500
0.5,0.0,0,13,saf-adaptive,59.2750
0.5,0.0,0,13,oracle,68.2750
0.5,0.0,0,14,snr-greedy-loss,57.0500
0.5,0.0,0,14,belief,57.1500
0.5,0.0,0,14,ewma,59.6500
0.5,0.0,0,14,saf-adaptive,57.9250
0.5,0.0,0,14,oracle,69.2000
0.5,0.0,0,15,snr-greedy-loss,57.3000
0.5,0.0,0,15,belief,57.4500
0.5,0.0,0,15,ewma,57.4000
0.5,0.0,0,15,saf-adaptive,57.0750
0.5,0.0,0,15,oracle,68.0250
0.5,0.0,0,16,snr-greedy-loss,57.1500
0.5,0.0,0,16,belief,57.9500
0.5,0.0,0,16,ewma,58.7500
0.5,0.0,0,16,saf-adaptive,58.1750
0.5,0.0,0,16,oracle,69.0250
0.5,0.0,0,17,snr-greedy-loss,56.5750
0.5,0.0,0,17,belief,57.0750
0.5,0.0,0,17,ewma,58.6000
0.5,0.0,0,17,saf-adaptive,56.8250
0.5,0.0,0,17,oracle,67.9750
0.5,0.0,0,18,snr-greedy-loss,55.8500
0.5,0.0,0,18,belief,56.0000
0.5,0.0,0,18,ewma,55.5500
0.5,0.0,0,18,saf-adaptive,56.5250
0.5,0.0,0,18,oracle,67.6000
0.5,0.0,0,19,snr-greedy-loss,57.6500
0.5,0.0,0,19,belief,57.8000
0.5,0.0,0,19,ewma,58.2250
0.5,0.0,0,19,saf-adaptive,58.8750
0.5,0.0,0,19,oracle,68.7750
0.5,0.0,1,0,snr-greedy-loss,57.5000
0.5,0.0,1,0,belief,58.0750
0.5,0.0,1,0,ewma,59.6250
0.5,0.0,1,0,saf-adaptive,59.9000
0.5,0.0,1,0,oracle,68.4750
0.5,0.0,1,1,snr-greedy-loss,57.7500
0.5,0.0,1,1,belief,57.9750
0.5,0.0,1,1,ewma,58.7500
0.5,0.0,1,1,saf-adaptive,59.3000
0.5,0.0,1,1,oracle,69.0000
0.5,0.0,1,2,snr-greedy-loss,59.0500
0.5,0.0,1,2,belief,59.0250
0.5,0.0,1,2,ewma,58.3250
0.5,0.0,1,2,saf-adaptive,60.1750
0.5,0.0,1,2,oracle,68.9250
0.5,0.0,1,3,snr-greedy-loss,56.8000
0.5,0.0,1,3,belief,57.2000
0.5,0.0,1,3,ewma,56.4250
0.5,0.0,1,3,saf-adaptive,59.0000
0.5,0.0,1,3,oracle,68.4500
0.5,0.0,1,4,snr-greedy-loss,56.6500
0.5,0.0,1,4,belief,56.7000
0.5,0.0,1,4,ewma,59.4000
0.5,0.0,1,4,saf-adaptive,58.2500
0.5,0.0,1,4,oracle,68.1000
0.5,0.0,1,5,snr-greedy-loss,57.0250
0.5,0.0,1,5,belief,57.4500
0.5,0.0,1,5,ewma,58.2500
0.5,0.0,1,5,saf-adaptive,58.9000
0.5,0.0,1,5,oracle,68.2500
0.5,0.0,1,6,snr-greedy-loss,57.1500
0.5,0.0,1,6,belief,57.4000
0.5,0.0,1,6,ewma,58.3750
0.5,0.0,1,6,saf-adaptive,59.5250
0.5,0.0,1,6,oracle,68.8250
0.5,0.0,1,7,snr-greedy-loss,57.3250
0.5,0.0,1,7,belief,57.6500
0.5,0.0,1,7,ewma,57.9250
0.5,0.0,1,7,saf-adaptive,59.5000
0.5,0.0,1,7,oracle,68.5500
0.5,0.0,1,8,snr-greedy-loss,57.3000
0.5,0.0,1,8,belief,57.7000
0.5,0.0,1,8,ewma,57.0250
0.5,0.0,1,8,saf-adaptive,59.1750
0.5,0.0,1,8,oracle,68.4000
0.5,0.0,1,9,snr-greedy-loss,56.8250
0.5,0.0,1,9,belief,57.1750
0.5,0.0,1,9,ewma,56.2000
0.5,0.0,1,9,saf-adaptive,58.4000
0.5,0.0,1,9,oracle,68.1250
0.5,0.0,1,10,snr-greedy-loss,56.7250
0.5,0.0,1,10,belief,57.9500
0.5,0.0,1,10,ewma,56.2000
0.5,0.0,1,10,saf-adaptive,59.6000
0.5,0.0,1,10,oracle,68.4250
0.5,0.0,1,11,snr-greedy-loss,57.2000
0.5,0.0,1,11,belief,57.6000
0.5,0.0,1,11,ewma,56.6000
0.5,0.0,1,11,saf-adaptive,58.9750
0.5,0.0,1,11,oracle,68.3000
0.5,0.0,1,12,snr-greedy-loss,57.3750
0.5,0.0,1,12,belief,57.8750
0.5,0.0,1,12,ewma,59.1500
0.5,0.0,1,12,saf-adaptive,59.6750
0.5,0.0,1,12,oracle,68.7750
0.5,0.0,1,13,snr-greedy-loss,57.4000
0.5,0.0,1,13,belief,57.6250
0.5,0.0,1,13,ewma,58.3500
0.5,0.0,1,13,saf-adaptive,59.7000
0.5,0.0,1,13,oracle,68.2750
0.5,0.0,1,14,snr-greedy-loss,57.3500
0.5,0.0,1,14,belief,56.9750
0.5,0.0,1,14,ewma,58.7250
0.5,0.0,1,14,saf-adaptive,59.2000
0.5,0.0,1,14,oracle,69.2000
0.5,0.0,1,15,snr-greedy-loss,57.5000
0.5,0.0,1,15,belief,56.9000
0.5,0.0,1,15,ewma,57.3750
0.5,0.0,1,15,saf-adaptive,58.4500
0.5,0.0,1,15,oracle,68.0250
0.5,0.0,1,16,snr-greedy-loss,56.5250
0.5,0.0,1,16,belief,57.0000
0.5,0.0,1,16,ewma,59.0750
0.5,0.0,1,16,saf-adaptive,58.7000
0.5,0.0,1,16,oracle,69.0250
0.5,0.0,1,17,snr-greedy-loss,57.2000
0.5,0.0,1,17,belief,57.1000
0.5,0.0,1,17,ewma,56.9750
0.5,0.0,1,17,saf-adaptive,58.3000
0.5,0.0,1,17,oracle,67.9750
0.5,0.0,1,18,snr-greedy-loss,56.0750
0.5,0.0,1,18,belief,56.6500
0.5,0.0,1,18,ewma,56.3500
0.5,0.0,1,18,saf-adaptive,57.9250
0.5,0.0,1,18,oracle,67.6000
0.5,0.0,1,19,snr-greedy-loss,57.3750
0.5,0.0,1,19,belief,57.2750
0.5,0.0,1,19,ewma,58.0500
0.5,0.0,1,19,saf-adaptive,58.5250
0.5,0.0,1,19,oracle,68.7750
0.5,0.0,2,0,snr-greedy-loss,57.9250
0.5,0.0,2,0,belief,58.2250
0.5,0.0,2,0,ewma,58.7500
0.5,0.0,2,0,saf-adaptive,60.6500
0.5,0.0,2,0,oracle,68.4750
0.5,0.0,2,1,snr-greedy-loss,57.8250
0.5,0.0,2,1,belief,57.7000
0.5,0.0,2,1,ewma,58.4250
0.5,0.0,2,1,saf-adaptive,59.6250
0.5,0.0,2,1,oracle,69.0000
0.5,0.0,2,2,snr-greedy-loss,58.0500
0.5,0.0,2,2,belief,58.0250
0.5,0.0,2,2,ewma,57.8750
0.5,0.0,2,2,saf-adaptive,60.3000
0.5,0.0,2,2,oracle,68.9250
0.5,0.0,2,3,snr-greedy-loss,57.2750
0.5,0.0,2,3,belief,57.5000
0.5,0.0,2,3,ewma,57.6750
0.5,0.0,2,3,saf-adaptive,59.4500
0.5,0.0,2,3,oracle,68.4500
0.5,0.0,2,4,snr-greedy-loss,57.4500
0.5,0.0,2,4,belief,57.0750
0.5,0.0,2,4,ewma,58.8500
0.5,0.0,2,4,saf-adaptive,59.0250
0.5,0.0,2,4,oracle,68.1000
0.5,0.0,2,5,snr-greedy-loss,57.0000
0.5,0.0,2,5,belief,57.3750
0.5,0.0,2,5,ewma,57.8250
0.5,0.0,2,5,saf-adaptive,59.0000
0.5,0.0,2,5,oracle,68.2500
0.5,0.0,2,6,snr-greedy-loss,56.9000
0.5,0.0,2,6,belief,58.0500
0.5,0.0,2,6,ewma,57.7000
0.5,0.0,2,6,saf-adaptive,59.6250
0.5,0.0,2,6,oracle,68.8250
0.5,0.0,2,7,snr-greedy-loss,57.3000
0.5,0.0,2,7,belief,57.5750
0.5,0.0,2,7,ewma,58.6250
0.5,0.0,2,7,saf-adaptive,59.6250
0.5,0.0,2,7,oracle,68.5500
0.5,0.0,2,8,snr-greedy-loss,56.9500
0.5,0.0,2,8,belief,57.6500
0.5,0.0,2,8,ewma,57.0000
0.5,0.0,2,8,saf-adaptive,59.5000
0.5,0.0,2,8,oracle,68.4000
0.5,0.0,2,9,snr-greedy-loss,56.7250
0.5,0.0,2,9,belief,56.9000
0.5,0.0,2,9,ewma,55.4500
0.5,0.0,2,9,saf-adaptive,58.9250
0.5,0.0,2,9,oracle,68.1250
0.5,0.0,2,10,snr-greedy-loss,56.4250
0.5,0.0,2,10,belief,57.8250
0.5,0.0,2,10,ewma,54.1000
0.5,0.0,2,10,saf-adaptive,60.0500
0.5,0.0,2,10,oracle,68.4250
0.5,0.0,2,11,snr-greedy-loss,57.1000
0.5,0.0,2,11,belief,57.1500
0.5,0.0,2,11,ewma,57.5500
0.5,0.0,2,11,saf-adaptive,59.3750
0.5,0.0,2,11,oracle,68.3000
0.5,0.0,2,12,snr-greedy-loss,57.1500
0.5,0.0,2,12,belief,58.4000
0.5,0.0,2,12,ewma,59.0750
0.5,0.0,2,12,saf-adaptive,60.1000
0.5,0.0,2,12,oracle,68.7750
0.5,0.0,2,13,snr-greedy-loss,57.1750
0.5,0.0,2,13,belief,57.4000
0.5,0.0,2,13,ewma,58.3750
0.5,0.0,2,13,saf-adaptive,59.9750
0.5,0.0,2,13,oracle,68.2750
0.5,0.0,2,14,snr-greedy-loss,57.0750
0.5,0.0,2,14,belief,57.0500
0.5,0.0,2,14,ewma,58.4500
0.5,0.0,2,14,saf-adaptive,59.8750
0.5,0.0,2,14,oracle,69.2000
0.5,0.0,2,15,snr-greedy-loss,57.2250
0.5,0.0,2,15,belief,57.0500
0.5,0.0,2,15,ewma,56.8250
0.5,0.0,2,15,saf-adaptive,59.3250
0.5,0.0,2,15,oracle,68.0250
0.5,0.0,2,16,snr-greedy-loss,56.7000
0.5,0.0,2,16,belief,57.1000
0.5,0.0,2,16,ewma,59.2250
0.5,0.0,2,16,saf-adaptive,59.0000
0.5,0.0,2,16,oracle,69.0250
0.5,0.0,2,17,snr-greedy-loss,57.2000
0.5,0.0,2,17,belief,57.5500
0.5,0.0,2,17,ewma,56.2750
0.5,0.0,2,17,saf-adaptive,59.4750
0.5,0.0,2,17,oracle,67.9750
0.5,0.0,2,18,snr-greedy-loss,55.7750
0.5,0.0,2,18,belief,56.5750
0.5,0.0,2,18,ewma,55.3750
0.5,0.0,2,18,saf-adaptive,57.8500
0.5,0.0,2,18,oracle,67.6000
0.5,0.0,2,19,snr-greedy-loss,56.9500
0.5,0.0,2,19,belief,57.2500
0.5,0.0,2,19,ewma,58.9500
0.5,0.0,2,19,saf-adaptive,58.6250
0.5,0.0,2,19,oracle,68.7750
0.5,0.0,4,0,snr-greedy-loss,57.6750
0.5,0.0,4,0,belief,57.7000
0.5,0.0,4,0,ewma,58.7000
0.5,0.0,4,0,saf-adaptive,61.0000
0.5,0.0,4,0,oracle,68.4750
0.5,0.0,4,1,snr-greedy-loss,57.7500
0.5,0.0,4,1,belief,57.5750
0.5,0.0,4,1,ewma,58.9250
0.5,0.0,4,1,saf-adaptive,60.7250
0.5,0.0,4,1,oracle,69.0000
0.5,0.0,4,2,snr-greedy-loss,57.9000
0.5,0.0,4,2,belief,58.1250
0.5,0.0,4,2,ewma,57.9500
0.5,0.0,4,2,saf-adaptive,60.9250
0.5,0.0,4,2,oracle,68.9250
0.5,0.0,4,3,snr-greedy-loss,57.2250
0.5,0.0,4,3,belief,57.2000
0.5,0.0,4,3,ewma,57.4750
0.5,0.0,4,3,saf-adaptive,60.3500
0.5,0.0,4,3,oracle,68.4500
0.5,0.0,4,4,snr-greedy-loss,57.0500
0.5,0.0,4,4,belief,56.9750
0.5,0.0,4,4,ewma,57.1750
0.5,0.0,4,4,saf-adaptive,59.6000
0.5,0.0,4,4,oracle,68.1000
0.5,0.0,4,5,snr-greedy-loss,56.8750
0.5,0.0,4,5,belief,57.7000
0.5,0.0,4,5,ewma,56.4500
0.5,0.0,4,5,saf-adaptive,60.1500
0.5,0.0,4,5,oracle,68.2500
0.5,0.0,4,6,snr-greedy-loss,57.3250
0.5,0.0,4,6,belief,58.1500
0.5,0.0,4,6,ewma,56.0500
0.5,0.0,4,6,saf-adaptive,61.0500
0.5,0.0,4,6,oracle,68.8250
0.5,0.0,4,7,snr-greedy-loss,57.6750
0.5,0.0,4,7,belief,58.0000
0.5,0.0,4,7,ewma,58.2000
0.5,0.0,4,7,saf-adaptive,61.0250
0.5,0.0,4,7,oracle,68.5500
0.5,0.0,4,8,snr-greedy-loss,57.0250
0.5,0.0,4,8,belief,57.2000
0.5,0.0,4,8,ewma,56.6000
0.5,0.0,4,8,saf-adaptive,59.7000
0.5,0.0,4,8,oracle,68.4000
0.5,0.0,4,9,snr-greedy-loss,56.9250
0.5,0.0,4,9,belief,56.9000
0.5,0.0,4,9,ewma,56.9750
0.5,0.0,4,9,saf-adaptive,59.1500
0.5,0.0,4,9,oracle,68.1250
0.5,0.0,4,10,snr-greedy-loss,57.1750
0.5,0.0,4,10,belief,57.9250
0.5,0.0,4,10,ewma,57.8750
0.5,0.0,4,10,saf-adaptive,60.8750
0.5,0.0,4,10,oracle,68.4250
0.5,0.0,4,11,snr-greedy-loss,56.8750
0.5,0.0,4,11,belief,56.9000
0.5,0.0,4,11,ewma,57.5500
0.5,0.0,4,11,saf-adaptive,59.5500
0.5,0.0,4,11,oracle,68.3000
0.5,0.0,4,12,snr-greedy-loss,56.9250
0.5,0.0,4,12,belief,57.7000
0.5,0.0,4,12,ewma,58.6250
0.5,0.0,4,12,saf-adaptive,61.1250
0.5,0.0,4,12,oracle,68.7750
0.5,0.0,4,13,snr-greedy-loss,56.6000
0.5,0.0,4,13,belief,57.3750
0.5,0.0,4,13,ewma,59.5000
0.5,0.0,4,13,saf-adaptive,60.4750
0.5,0.0,4,13,oracle,68.2750
0.5,0.0,4,14,snr-greedy-loss,57.1500
0.5,0.0,4,14,belief,57.4250
0.5,0.0,4,14,ewma,56.6000
0.5,0.0,4,14,saf-adaptive,61.5250
0.5,0.0,4,14,oracle,69.2000
0.5,0.0,4,15,snr-greedy-loss,56.9750
0.5,0.0,4,15,belief,57.1250
0.5,0.0,4,15,ewma,55.8000
0.5,0.0,4,15,saf-adaptive,59.6500
0.5,0.0,4,15,oracle,68.0250
0.5,0.0,4,16,snr-greedy-loss,57.6500
0.5,0.0,4,16,belief,58.1750
0.5,0.0,4,16,ewma,57.8500
0.5,0.0,4,16,saf-adaptive,60.1750
0.5,0.0,4,16,oracle,69.0250
0.5,0.0,4,17,snr-greedy-loss,56.8250
0.5,0.0,4,17,belief,57.2500
0.5,0.0,4,17,ewma,57.2750
0.5,0.0,4,17,saf-adaptive,60.1500
0.5,0.0,4,17,oracle,67.9750
0.5,0.0,4,18,snr-greedy-loss,55.8250
0.5,0.0,4,18,belief,56.4000
0.5,0.0,4,18,ewma,56.0250
0.5,0.0,4,18,saf-adaptive,58.8000
0.5,0.0,4,18,oracle,67.6000
0.5,0.0,4,19,snr-greedy-loss,56.9250
0.5,0.0,4,19,belief,57.0500
0.5,0.0,4,19,ewma,58.8500
0.5,0.0,4,19,saf-adaptive,60.0000
0.5,0.0,4,19,oracle,68.7750
0.5,0.0,8,0,snr-greedy-loss,57.2750
0.5,0.0,8,0,belief,57.2000
0.5,0.0,8,0,ewma,58.2500
0.5,0.0,8,0,saf-adaptive,61.1250
0.5,0.0,8,0,oracle,68.4750
0.5,0.0,8,1,snr-greedy-loss,57.3500
0.5,0.0,8,1,belief,57.6000
0.5,0.0,8,1,ewma,59.7750
0.5,0.0,8,1,saf-adaptive,60.2500
0.5,0.0,8,1,oracle,69.0000
0.5,0.0,8,2,snr-greedy-loss,58.2750
0.5,0.0,8,2,belief,58.5000
0.5,0.0,8,2,ewma,58.0250
0.5,0.0,8,2,saf-adaptive,61.0500
0.5,0.0,8,2,oracle,68.9250
0.5,0.0,8,3,snr-greedy-loss,56.8500
0.5,0.0,8,3,belief,57.1750
0.5,0.0,8,3,ewma,56.1250
0.5,0.0,8,3,saf-adaptive,60.7750
0.5,0.0,8,3,oracle,68.4500
0.5,0.0,8,4,snr-greedy-loss,57.0000
0.5,0.0,8,4,belief,56.9000
0.5,0.0,8,4,ewma,59.4000
0.5,0.0,8,4,saf-adaptive,59.6250
0.5,0.0,8,4,oracle,68.1000
0.5,0.0,8,5,snr-greedy-loss,56.7750
0.5,0.0,8,5,belief,56.8250
0.5,0.0,8,5,ewma,57.0250
0.5,0.0,8,5,saf-adaptive,59.9000
0.5,0.0,8,5,oracle,68.2500
0.5,0.0,8,6,snr-greedy-loss,57.2000
0.5,0.0,8,6,belief,57.9750
0.5,0.0,8,6,ewma,57.6500
0.5,0.0,8,6,saf-adaptive,61.0750
0.5,0.0,8,6,oracle,68.8250
0.5,0.0,8,7,snr-greedy-loss,57.5250
0.5,0.0,8,7,belief,57.6750
0.5,0.0,8,7,ewma,58.2750
0.5,0.0,8,7,saf-adaptive,60.4750
0.5,0.0,8,7,oracle,68.5500
0.5,0.0,8,8,snr-greedy-loss,56.5250
0.5,0.0,8,8,belief,57.5250
0.5,0.0,8,8,ewma,58.3500
0.5,0.0,8,8,saf-adaptive,59.8500
0.5,0.0,8,8,oracle,68.4000
0.5,0.0,8,9,snr-greedy-loss,56.6500
0.5,0.0,8,9,belief,56.7000
0.5,0.0,8,9,ewma,57.8750
0.5,0.0,8,9,saf-adaptive,59.1250
0.5,0.0,8,9,oracle,68.1250
0.5,0.0,8,10,snr-greedy-loss,57.4750
0.5,0.0,8,10,belief,57.8750
0.5,0.0,8,10,ewma,58.3250
0.5,0.0,8,10,saf-adaptive,60.9250
0.5,0.0,8,10,oracle,68.4250
0.5,0.0,8,11,snr-greedy-loss,56.7000
0.5,0.0,8,11,belief,56.4250
0.5,0.0,8,11,ewma,57.9250
0.5,0.0,8,11,saf-adaptive,59.0250
0.5,0.0,8,11,oracle,68.3000
0.5,0.0,8,12,snr-greedy-loss,57.8500
0.5,0.0,8,12,belief,58.2000
0.5,0.0,8,12,ewma,57.4250
0.5,0.0,8,12,saf-adaptive,60.9000
0.5,0.0,8,12,oracle,68.7750
0.5,0.0,8,13,snr-greedy-loss,57.1500
0.5,0.0,8,13,belief,57.3750
0.5,0.0,8,13,ewma,58.5500
0.5,0.0,8,13,saf-adaptive,60.4750
0.5,0.0,8,13,oracle,68.2750
0.5,0.0,8,14,snr-greedy-loss,57.6000
0.5,0.0,8,14,belief,58.1000
0.5,0.0,8,14,ewma,58.3000
0.5,0.0,8,14,saf-adaptive,61.5000
0.5,0.0,8,14,oracle,69.2000
0.5,0.0,8,15,snr-greedy-loss,56.4250
0.5,0.0,8,15,belief,56.6000
0.5,0.0,8,15,ewma,56.5250
0.5,0.0,8,15,saf-adaptive,59.4750
0.5,0.0,8,15,oracle,68.0250
0.5,0.0,8,16,snr-greedy-loss,56.9250
0.5,0.0,8,16,belief,56.8000
0.5,0.0,8,16,ewma,57.4250
0.5,0.0,8,16,saf-adaptive,59.6250
0.5,0.0,8,16,oracle,69.0250
0.5,0.0,8,17,snr-greedy-loss,56.5250
0.5,0.0,8,17,belief,57.1000
0.5,0.0,8,17,ewma,55.2250
0.5,0.0,8,17,saf-adaptive,60.5000
0.5,0.0,8,17,oracle,67.9750
0.5,0.0,8,18,snr-greedy-loss,56.0500
0.5,0.0,8,18,belief,56.5750
0.5,0.0,8,18,ewma,54.7750
0.5,0.0,8,18,saf-adaptive,57.9750
0.5,0.0,8,18,oracle,67.6000
0.5,0.0,8,19,snr-greedy-loss,56.7750
0.5,0.0,8,19,belief,57.1250
0.5,0.0,8,19,ewma,58.5500
0.5,0.0,8,19,saf-adaptive,60.2750
0.5,0.0,8,19,oracle,68.7750
